<?xml version="1.0" encoding="utf-8"?>
<COLLADA xmlns="http://www.collada.org/2005/11/COLLADASchema" version="1.4.1" xmlns:xsi="http://www.w3.org/2001/XMLSchema-instance">
  <asset>
    <contributor>
      <author>Blender User</author>
      <authoring_tool>Blender 4.0.2 commit date:2023-12-05, commit time:07:41, hash:9be62e85b727</authoring_tool>
    </contributor>
    <created>2024-01-15T15:14:58</created>
    <modified>2024-01-15T15:14:58</modified>
    <unit name="meter" meter="1"/>
    <up_axis>Z_UP</up_axis>
  </asset>
  <library_cameras>
    <camera id="Camera-camera" name="Camera">
      <optics>
        <technique_common>
          <perspective>
            <xfov sid="xfov">39.59775</xfov>
            <aspect_ratio>1.777778</aspect_ratio>
            <znear sid="znear">0.1</znear>
            <zfar sid="zfar">100</zfar>
          </perspective>
        </technique_common>
      </optics>
      <extra>
        <technique profile="blender">
          <shiftx sid="shiftx" type="float">0</shiftx>
          <shifty sid="shifty" type="float">0</shifty>
          <dof_distance sid="dof_distance" type="float">10</dof_distance>
        </technique>
      </extra>
    </camera>
  </library_cameras>
  <library_lights>
    <light id="Light-light" name="Light">
      <technique_common>
        <point>
          <color sid="color">1000 1000 1000</color>
          <constant_attenuation>1</constant_attenuation>
          <linear_attenuation>0</linear_attenuation>
          <quadratic_attenuation>0</quadratic_attenuation>
        </point>
      </technique_common>
      <extra>
        <technique profile="blender">
          <type sid="type" type="int">0</type>
          <flag sid="flag" type="int">0</flag>
          <mode sid="mode" type="int">1</mode>
          <red sid="red" type="float">1</red>
          <green sid="green" type="float">1</green>
          <blue sid="blue" type="float">1</blue>
          <shadow_r sid="blender_shadow_r" type="float">0</shadow_r>
          <shadow_g sid="blender_shadow_g" type="float">0</shadow_g>
          <shadow_b sid="blender_shadow_b" type="float">0</shadow_b>
          <energy sid="blender_energy" type="float">1000</energy>
          <spotsize sid="spotsize" type="float">75</spotsize>
          <spotblend sid="spotblend" type="float">0.15</spotblend>
          <clipsta sid="clipsta" type="float">0.04999995</clipsta>
          <clipend sid="clipend" type="float">30.002</clipend>
          <bias sid="bias" type="float">1</bias>
          <radius sid="radius" type="float">0.1</radius>
          <area_shape sid="area_shape" type="int">1</area_shape>
          <area_size sid="area_size" type="float">0.1</area_size>
          <area_sizey sid="area_sizey" type="float">0.1</area_sizey>
          <area_sizez sid="area_sizez" type="float">1</area_sizez>
        </technique>
      </extra>
    </light>
  </library_lights>
  <library_effects>
    <effect id="Part__Feature_009-effect">
      <profile_COMMON>
        <technique sid="common">
          <lambert>
            <emission>
              <color sid="emission">0 0 0 1</color>
            </emission>
            <diffuse>
              <color sid="diffuse">1 0.1098039 0 1</color>
            </diffuse>
            <index_of_refraction>
              <float sid="ior">1.45</float>
            </index_of_refraction>
          </lambert>
        </technique>
      </profile_COMMON>
    </effect>
  </library_effects>
  <library_images/>
  <library_materials>
    <material id="Part__Feature_009-material" name="Part__Feature.009">
      <instance_effect url="#Part__Feature_009-effect"/>
    </material>
  </library_materials>
  <library_geometries>
    <geometry id="Part__Feature_009-mesh" name="Part__Feature.009">
      <mesh>
        <source id="Part__Feature_009-mesh-positions">
          <float_array id="Part__Feature_009-mesh-positions-array" count="6108">-0.0786854 0.03506439 -0.01815319 -0.07666987 0.0350216 -0.01819807 -0.07856571 0.03392565 -0.02077949 -0.07655704 0.03394812 -0.02068859 -0.07666701 0.0349943 -0.0239253 -0.07864087 0.03464078 -0.02328085 -0.07890588 0.03716212 -0.02505809 -0.0786854 0.03506439 -0.03215318 -0.07666987 0.0350216 -0.03219807 -0.07856571 0.03392565 -0.03477948 -0.07655704 0.03394812 -0.03468859 -0.07666701 0.0349943 -0.0379253 -0.07864087 0.03464078 -0.03728085 -0.07890588 0.03716218 -0.03905808 -0.07742416 0.02306437 0.02384674 -0.07533705 0.02234065 0.02279895 -0.07730448 0.02192562 0.02122044 -0.07531583 0.02213859 0.0194469 -0.07737964 0.02264076 0.01871907 -0.07566606 0.02547079 0.01682871 -0.07764464 0.02516216 0.01694184 -0.07742416 0.02306437 0.009846746 -0.0753712 0.02266561 0.009366452 -0.07730448 0.02192562 0.007220447 -0.07530087 0.02199649 0.005701363 -0.07737964 0.02264076 0.004719078 -0.07566606 0.02547079 0.002828717 -0.07764464 0.02516216 0.002941846 -0.07417237 0.01125925 0.0241025 -0.07616287 0.01106441 0.02384674 -0.07604318 0.009925663 0.0212205 -0.0740329 0.009932458 0.0212199 -0.07410371 0.01060611 0.01877158 -0.07611835 0.01064079 0.01871907 -0.07440483 0.01347076 0.01682871 -0.07638341 0.01316213 0.01694184 -0.07742416 0.02306437 -0.03215324 -0.07533705 0.02234065 -0.03320097 -0.07730448 0.02192562 -0.03477948 -0.07531583 0.02213859 -0.03655308 -0.07737964 0.02264076 -0.03728091 -0.07566606 0.02547079 -0.03917121 -0.07764464 0.02516216 -0.03905808 -0.07742416 0.02306437 -0.01815319 -0.07533705 0.02234065 -0.01920098 -0.07730448 0.02192562 -0.02077949 -0.07531583 0.02213859 -0.02255308 -0.07737964 0.02264076 -0.02328091 -0.07566606 0.02547079 -0.02517122 -0.07764464 0.02516216 -0.02505809 -0.07742416 0.02306437 -0.004153192 -0.07533705 0.02234065 -0.005200982 -0.07730448 0.02192562 -0.006779491 -0.07531583 0.02213859 -0.008553087 -0.07737964 0.02264076 -0.00928086 -0.07566606 0.02547079 -0.01117122 -0.07764464 0.02516216 -0.01105809 -0.07795614 0.04725921 0.0241025 -0.07988679 0.04649466 0.0231046 -0.07781666 0.04593247 0.0212199 -0.07984328 0.04608064 0.01952493 -0.07793647 0.04707217 0.01801854 -0.08016711 0.04916214 0.01694184 -0.07808363 0.04847234 0.01083385 -0.07988679 0.04649466 0.009104609 -0.07784652 0.04621636 0.008548378 -0.07984328 0.04608064 0.005524933 -0.07783281 0.04608595 0.005942523 -0.07798695 0.0475527 0.003713905 -0.08015763 0.0490719 0.002975344 -0.07808363 0.04847234 -0.003166079 -0.07988679 0.04649466 -0.004895329 -0.07784652 0.04621636 -0.00545156 -0.07984328 0.04608064 -0.008475005 -0.07783281 0.04608595 -0.008057415 -0.07798695 0.0475527 -0.01028603 -0.08016711 0.04916214 -0.01105809 -0.07816165 0.04921489 -0.0170347 -0.0779311 0.04702156 -0.01819807 -0.07988679 0.04649466 -0.01889532 -0.07781833 0.04594814 -0.02068859 -0.07984328 0.04608064 -0.022475 -0.07788139 0.04654812 -0.02315491 -0.07808822 0.04851597 -0.02478373 -0.08016711 0.04916214 -0.02505809 -0.0788393 0.03652876 -0.003144383 -0.07666987 0.0350216 -0.004198074 -0.07859873 0.03424006 -0.005394637 -0.07655704 0.03394812 -0.006688594 -0.07858365 0.03409618 -0.008149802 -0.07666701 0.0349943 -0.009925305 -0.07878398 0.03600245 -0.01062363 -0.0786854 0.03506439 0.009846746 -0.07666987 0.0350216 0.009801864 -0.07856738 0.0339418 0.007311999 -0.07655704 0.03394812 0.007311344 -0.07666701 0.0349943 0.004074633 -0.07863467 0.03458178 0.004791378 -0.07890588 0.03716218 0.002941846 -0.07879608 0.03611749 0.02463126 -0.07669484 0.03525924 0.0241025 -0.07859605 0.03421425 0.02251464 -0.07655704 0.03394812 0.02131134 -0.07859784 0.03423142 0.01927757 -0.0766201 0.03454816 0.01884502 -0.0769273 0.03747081 0.01682871 -0.07890588 0.03716212 0.01694184 -0.08000659 0.04763466 -0.03166359 -0.0779311 0.04702156 -0.03219807 -0.07982593 0.0459156 -0.03440183 -0.07781666 0.04593247 -0.03478002 -0.07793647 0.04707217 -0.03798139 -0.07990211 0.04664075 -0.03728085 -0.08016711 0.04916214 -0.03905808 -0.07417237 0.01125925 0.01010251 -0.07616287 0.01106441 0.009846746 -0.07604318 0.009925663 0.007220506 -0.0740329 0.009932458 0.00721991 -0.07410371 0.01060611 0.00477159 -0.07611835 0.01064079 0.004719078 -0.07440483 0.01347076 0.002828717 -0.07638341 0.01316213 0.002941846 -0.07417237 0.01125925 -0.003897428 -0.07616287 0.01106441 -0.004153192 -0.07604318 0.009925663 -0.006779491 -0.0740329 0.009932458 -0.006780028 -0.07410371 0.01060611 -0.009228348 -0.07611835 0.01064079 -0.00928086 -0.07440483 0.01347076 -0.01117122 -0.07638341 0.01316213 -0.01105809 -0.07417237 0.01125925 -0.01789742 -0.07616287 0.01106441 -0.01815319 -0.07604318 0.009925663 -0.02077949 -0.0740329 0.009932458 -0.02078002 -0.07410371 0.01060611 -0.02322834 -0.07611835 0.01064079 -0.02328085 -0.07440483 0.01347076 -0.02517122 -0.07638341 0.01316213 -0.02505809 -0.07417237 0.01125925 -0.03189742 -0.07616287 0.01106441 -0.03215318 -0.07604318 0.009925663 -0.03477948 -0.0740329 0.009932458 -0.03478002 -0.07410371 0.01060611 -0.03722834 -0.0761184 0.01064079 -0.03728085 -0.07440483 0.01347076 -0.03917121 -0.07638341 0.01316213 -0.03905808 -0.0788393 0.03652876 0.03885555 -0.07669484 0.03525924 0.0381025 -0.07859873 0.03424012 0.03660529 -0.07655704 0.03394812 0.03531134 -0.07858365 0.03409618 0.03385013 -0.0766201 0.03454816 0.03284502 -0.07878398 0.03600245 0.03137636 -0.0769273 0.03747081 0.03082871 -0.07778829 0.02652919 0.03917121 -0.07550078 0.02389824 0.03850865 -0.07742416 0.02306437 0.03784674 -0.07529383 0.02192908 0.03578746 -0.07730448 0.02192562 0.0352205 -0.07536494 0.02260613 0.03277158 -0.07737964 0.02264076 0.03271907 -0.07566606 0.02547079 0.03082871 -0.07764464 0.02516216 0.03094184 -0.07417237 0.01125925 0.0381025 -0.07616287 0.01106441 0.03784674 -0.07604318 0.009925663 0.0352205 -0.0740329 0.009932458 0.03521996 -0.07410371 0.01060611 0.03277158 -0.07611835 0.01064079 0.03271907 -0.07440483 0.01347076 0.03082871 -0.07638341 0.01316213 0.03094184 -0.07795614 0.04725921 0.0381025 -0.07988679 0.04649466 0.0371046 -0.07781666 0.04593247 0.03521996 -0.07984328 0.04608064 0.03352493 -0.07793647 0.04707217 0.03201854 -0.08016711 0.04916214 0.03094184 0.0769273 0.03747081 -0.01682871 0.07890588 0.03716212 -0.01694184 0.07859247 0.03417998 -0.01935881 0.0766201 0.03454816 -0.01884502 0.07655704 0.03394812 -0.02131134 0.07860374 0.03428727 -0.022686 0.07669484 0.03525924 -0.0241025 0.0788393 0.03652876 -0.02485555 0.07707101 0.03883779 -0.02505809 0.0769273 0.03747081 -0.03082871 0.07907646 0.03878509 -0.0310347 0.07878398 0.03600245 -0.03137636 0.0766201 0.03454816 -0.03284502 0.07857996 0.03406131 -0.0339365 0.07655704 0.03394812 -0.03531134 0.07860374 0.03428727 -0.036686 0.07669484 0.03525924 -0.0381025 0.0788393 0.03652876 -0.03885555 0.07566606 0.02547079 0.02517122 0.07764464 0.02516216 0.02505809 0.07737964 0.02264076 0.02328091 0.07536494 0.02260613 0.02322834 0.07730448 0.02192562 0.02077949 0.07529419 0.02193248 0.02078002 0.07543361 0.02325922 0.01789742 0.07742416 0.02306437 0.01815319 0.07778829 0.02652919 0.01682871 0.07580971 0.02683782 0.01694184 0.07566606 0.02547079 0.01117122 0.07764464 0.02516216 0.01105809 0.07737964 0.02264076 0.00928086 0.07536494 0.02260613 0.009228348 0.07730448 0.02192562 0.006779491 0.07529419 0.02193248 0.006780028 0.07543361 0.02325922 0.003897428 0.07742416 0.02306437 0.004153192 0.07778829 0.02652919 0.002828717 0.07580971 0.02683782 0.002941846 0.07440483 0.01347076 0.02517122 0.07638341 0.01316213 0.02505809 0.07611835 0.01064079 0.02328085 0.07410371 0.01060611 0.02322834 0.07604318 0.009925663 0.02077949 0.0740329 0.009932458 0.02078002 0.07417237 0.01125925 0.01789742 0.07616287 0.01106441 0.01815319 0.07652705 0.01452916 0.01682871 0.07454848 0.0148378 0.01694184 0.07566606 0.02547079 -0.03082871 0.07764464 0.02516216 -0.03094184 0.07737964 0.02264076 -0.03271907 0.07536494 0.02260613 -0.03277158 0.07730448 0.02192562 -0.0352205 0.07529419 0.02193248 -0.03521996 0.07543361 0.02325922 -0.0381025 0.07742416 0.02306437 -0.03784674 0.07778829 0.02652919 -0.03917121 0.07566606 0.02547079 -0.01682871 0.07764464 0.02516216 -0.01694184 0.07737964 0.02264076 -0.01871907 0.07536494 0.02260613 -0.01877158 0.07730448 0.02192562 -0.02122044 0.07529419 0.02193248 -0.0212199 0.07543361 0.02325922 -0.0241025 0.07742416 0.02306437 -0.02384674 0.07778829 0.02652919 -0.02517122 0.07580971 0.02683782 -0.02505809 0.07566606 0.02547079 -0.002828717 0.07764464 0.02516216 -0.002941846 0.07737964 0.02264076 -0.004719078 0.07532638 0.0222392 -0.005283296 0.07730448 0.02192562 -0.007220447 0.07532399 0.02221632 -0.008548319 0.07742416 0.02306437 -0.009846746 0.07550281 0.02391743 -0.01047408 0.07778829 0.02652919 -0.01117122 0.07580971 0.02683782 -0.01105809 0.07818853 0.04947078 0.02517122 0.08016711 0.04916214 0.02505809 0.0798484 0.04612976 0.02255868 0.07788139 0.04654812 0.02315491 0.07781833 0.04594814 0.02068859 0.0798735 0.04636812 0.01914602 0.07795614 0.04725921 0.01789742 0.08014583 0.04895931 0.01696467 0.07833224 0.05083781 0.01694184 0.07835358 0.05104064 0.01103526 0.08016711 0.04916214 0.01105809 0.07798695 0.0475527 0.01028603 0.0798484 0.04612976 0.00855869 0.07783281 0.04608595 0.008057415 0.07784652 0.04621636 0.00545156 0.0798735 0.04636812 0.005146026 0.07802528 0.04791742 0.003525853 0.08014583 0.04895925 0.002964675 0.07833224 0.05083781 0.002941846 0.07835358 0.0510407 -0.002964675 0.08015763 0.0490719 -0.002975344 0.07798695 0.0475527 -0.003713905 0.0798484 0.04612976 -0.005441248 0.07783281 0.04608595 -0.005942523 0.07784652 0.04621636 -0.008548378 0.0798735 0.04636812 -0.008853912 0.07802528 0.04791742 -0.01047408 0.08014583 0.04895925 -0.01103526 0.07833224 0.05083781 -0.01105809 0.07834345 0.05094438 -0.0169565 0.08016711 0.04916214 -0.01694184 0.07793647 0.04707217 -0.01801854 0.0798484 0.04612976 -0.01944124 0.07781666 0.04593247 -0.0212199 0.0798735 0.04636812 -0.02285391 0.07795614 0.04725921 -0.0241025 0.08014583 0.04895931 -0.02503526 0.07833224 0.05083781 -0.02505809 0.0769273 0.03747081 -0.002828717 0.07890588 0.03716218 -0.002941846 0.07858198 0.03408062 -0.005524933 0.0766201 0.03454816 -0.004845023 0.07655704 0.03394812 -0.007311344 0.0786255 0.03449469 -0.009104609 0.07669484 0.03525924 -0.01010251 0.07888585 0.0369715 -0.01098132 0.07707101 0.03883779 -0.01105809 0.0769273 0.03747081 0.01117122 0.07898741 0.03793781 0.01113939 0.07867598 0.03497505 0.009743094 0.0766201 0.03454816 0.009154915 0.07857042 0.03397071 0.007425189 0.07655704 0.03394812 0.006688594 0.0786255 0.03449469 0.004895329 0.07669484 0.03525924 0.003897428 0.07888585 0.0369715 0.003018617 0.07707101 0.03883779 0.002941846 0.0769273 0.03747081 0.02517122 0.07890588 0.03716212 0.02505809 0.07859247 0.03417998 0.02264118 0.0766201 0.03454816 0.02315491 0.07655704 0.03394812 0.02068859 0.07860684 0.03431725 0.01922452 0.07669484 0.03525924 0.01789742 0.07888454 0.03695929 0.01696467 0.07707101 0.03883779 0.01694184 0.07831323 0.05065685 -0.03094148 0.08016711 0.04916214 -0.03094184 0.07793647 0.04707217 -0.03201854 0.0798484 0.04612976 -0.03344124 0.07781666 0.04593247 -0.03521996 0.0798735 0.04636812 -0.0368539 0.07795608 0.04725921 -0.0381025 0.08014583 0.04895931 -0.03903526 0.07440483 0.01347076 0.01117122 0.07638341 0.01316213 0.01105809 0.07611835 0.01064079 0.00928086 0.07410371 0.01060611 0.009228348 0.07604318 0.009925663 0.006779491 0.0740329 0.009932458 0.006780028 0.07417237 0.01125925 0.003897428 0.07616287 0.01106441 0.004153192 0.07652705 0.01452916 0.002828717 0.07454848 0.0148378 0.002941846 0.07440483 0.01347076 -0.002828717 0.07638341 0.01316213 -0.002941846 0.07611835 0.01064079 -0.004719078 0.07410371 0.01060611 -0.00477159 0.07604318 0.009925663 -0.007220506 0.0740329 0.009932458 -0.00721991 0.07417237 0.01125925 -0.01010251 0.07616287 0.01106441 -0.009846746 0.07652705 0.01452916 -0.01117122 0.07454848 0.0148378 -0.01105809 0.07440483 0.01347076 -0.01682871 0.07638341 0.01316213 -0.01694184 0.07611835 0.01064079 -0.01871907 0.07410371 0.01060611 -0.01877158 0.07604318 0.009925663 -0.0212205 0.0740329 0.009932458 -0.0212199 0.07417237 0.01125925 -0.0241025 0.07616287 0.01106441 -0.02384674 0.07652705 0.01452916 -0.02517122 0.07454848 0.0148378 -0.02505809 0.07440483 0.01347076 -0.03082871 0.07638341 0.01316213 -0.03094184 0.07611835 0.01064079 -0.03271907 0.07410371 0.01060611 -0.03277158 0.07604318 0.009925663 -0.0352205 0.0740329 0.009932458 -0.03521996 0.07417237 0.01125925 -0.0381025 0.07616287 0.01106441 -0.03784674 0.07648485 0.01412767 -0.03913819 0.07454848 0.0148378 -0.03905808 0.07890588 0.03716218 0.03905808 0.07859247 0.03417998 0.03664118 0.0766201 0.03454816 0.03715491 0.07655704 0.03394812 0.03468859 0.07860374 0.03428727 0.03331393 0.07669484 0.03525924 0.03189742 0.0788393 0.03652876 0.03114438 0.07707101 0.03883779 0.03094184 0.07764464 0.02516216 0.03905808 0.07737964 0.02264076 0.03728091 0.07536494 0.02260613 0.03722834 0.07730448 0.02192562 0.03477948 0.07529419 0.02193248 0.03478002 0.07543361 0.02325922 0.03189742 0.07742416 0.02306437 0.03215324 0.07778829 0.02652919 0.03082871 0.07580971 0.02683782 0.03094184 0.07440483 0.01347076 0.03917121 0.07638341 0.01316213 0.03905808 0.07611835 0.01064079 0.03728085 0.07410371 0.01060611 0.03722834 0.07604318 0.009925663 0.03477948 0.0740329 0.009932458 0.03478002 0.07417237 0.01125925 0.03189742 0.07616287 0.01106441 0.03215318 0.07652705 0.01452916 0.03082871 0.07454848 0.0148378 0.03094184 0.07832324 0.05075252 0.03905504 0.08016711 0.04916214 0.03905808 0.07793647 0.04707217 0.03798139 0.07983332 0.04598605 0.03630393 0.07781666 0.04593247 0.03478002 0.07990854 0.04670178 0.03258329 0.07795614 0.04725921 0.03189742 0.08018612 0.0493431 0.03094148 0.07833224 0.05083781 0.03094184 -0.05885559 0.01252877 -0.05131679 -0.05915397 0.01396507 -0.04945677 -0.05772519 0.01096588 -0.04914152 -0.05660527 0.01024007 -0.05107623 -0.05521994 0.009932458 -0.04903292 -0.05375921 0.01011359 -0.05106294 -0.05277162 0.01060611 -0.04910373 -0.05146014 0.01193612 -0.05125451 -0.05088907 0.01328277 -0.04938501 -0.05103415 0.01508772 -0.05158573 -0.05917119 0.02652919 -0.05278831 -0.05810248 0.02325922 -0.05043363 -0.05784672 0.02306437 -0.05242413 -0.05522048 0.02192562 -0.05230444 -0.05521994 0.02193248 -0.05029416 -0.05277162 0.02260613 -0.05036497 -0.05271905 0.02264076 -0.0523796 -0.05082875 0.02547079 -0.05066603 -0.05094188 0.02516216 -0.05264461 -0.05784672 0.03506439 -0.05368536 -0.05772519 0.03496587 -0.05166405 -0.05522048 0.03392565 -0.05356568 -0.05521994 0.03393244 -0.05155539 -0.05277162 0.03460609 -0.0516262 -0.05271905 0.03464078 -0.0536409 -0.05082875 0.03747081 -0.05192732 -0.05094188 0.03716212 -0.0539059 0.05282872 0.01452916 -0.05152708 0.05294185 0.0148378 -0.0495485 0.05389744 0.01125925 -0.04917234 0.0541532 0.01106441 -0.05116289 0.05677944 0.009925663 -0.05104321 0.05678004 0.009932458 -0.04903292 0.05922836 0.01060611 -0.04910373 0.05928087 0.01064079 -0.05111837 0.06117123 0.01347076 -0.04940479 0.0610581 0.01316213 -0.05138337 0.03914439 0.01252877 -0.05131679 0.03894186 0.0148378 -0.0495485 0.03989744 0.01125925 -0.04917234 0.04139471 0.01024007 -0.05107623 0.04278004 0.009932458 -0.04903292 0.04510819 0.0103569 -0.05108851 0.04522836 0.01060611 -0.04910373 0.04717123 0.01347076 -0.04940479 0.04715394 0.01403486 -0.0514751 0.02482873 0.01452916 -0.05152708 0.02494186 0.0148378 -0.0495485 0.02589744 0.01125925 -0.04917234 0.0261532 0.01106441 -0.05116289 0.0287795 0.009925663 -0.05104321 0.02878004 0.009932458 -0.04903292 0.03122836 0.01060611 -0.04910373 0.03128087 0.01064079 -0.05111837 0.03317123 0.01347076 -0.04940479 0.0330581 0.01316213 -0.05138337 0.01082873 0.01452916 -0.05152708 0.01094186 0.0148378 -0.0495485 0.01189744 0.01125925 -0.04917234 0.0121532 0.01106441 -0.05116289 0.01477944 0.009925663 -0.05104321 0.01478004 0.009932458 -0.04903292 0.01722836 0.01060611 -0.04910373 0.01728087 0.01064079 -0.05111837 0.01917123 0.01347076 -0.04940479 0.0190581 0.01316213 -0.05138337 -0.003171205 0.01452916 -0.05152702 -0.003058075 0.0148378 -0.0495485 -0.002102494 0.01125925 -0.04917234 -0.00184673 0.01106441 -0.05116289 7.79495e-4 0.009925663 -0.05104321 7.80041e-4 0.009932458 -0.04903292 0.003228306 0.01060611 -0.04910373 0.003280878 0.01064079 -0.05111837 0.005171239 0.01347076 -0.04940479 0.005058109 0.01316213 -0.05138337 -0.0171712 0.01452916 -0.05152708 -0.01705807 0.0148378 -0.0495485 -0.01610249 0.01125925 -0.04917234 -0.01584672 0.01106441 -0.05116289 -0.01322048 0.009925663 -0.05104321 -0.01321995 0.009932458 -0.04903292 -0.01077163 0.01060611 -0.04910373 -0.01071906 0.01064079 -0.05111837 -0.008828699 0.01347076 -0.04940479 -0.008941829 0.01316213 -0.05138337 -0.0311712 0.01452916 -0.05152708 -0.03105807 0.0148378 -0.0495485 -0.03010249 0.01125925 -0.04917234 -0.02984672 0.01106441 -0.05116289 -0.02722048 0.009925663 -0.05104321 -0.02721995 0.009932458 -0.04903292 -0.02477163 0.01060611 -0.04910373 -0.02471905 0.01064079 -0.05111837 -0.02282875 0.01347076 -0.04940479 -0.02294182 0.01316213 -0.05138337 -0.0451712 0.01452916 -0.05152708 -0.04515397 0.01396507 -0.04945677 -0.04384672 0.01106441 -0.05116289 -0.04372519 0.01096588 -0.04914152 -0.04122048 0.009925663 -0.05104321 -0.04121994 0.009932458 -0.04903292 -0.03801858 0.01107215 -0.04915267 -0.03871905 0.01064079 -0.05111837 -0.03694182 0.01316213 -0.05138337 -0.03695648 0.01494443 -0.04955971 0.05282872 0.02652919 -0.05278831 0.05295699 0.02518481 -0.05063599 0.0541532 0.02306437 -0.05242413 0.05471688 0.02262103 -0.05036652 0.0567795 0.02192562 -0.05230444 0.05829858 0.02199649 -0.05030089 0.05928087 0.02264076 -0.0523796 0.06117123 0.02547079 -0.05066603 0.0610581 0.02516216 -0.05264461 0.03882873 0.02652919 -0.05278831 0.03894186 0.02683782 -0.05080974 0.03965431 0.02366673 -0.05047643 0.0401532 0.02306437 -0.05242413 0.04230815 0.0219258 -0.05029344 0.0427795 0.02192562 -0.05230444 0.04522836 0.02260613 -0.05036497 0.04528087 0.02264076 -0.0523796 0.04717123 0.02547079 -0.05066603 0.0470581 0.02516216 -0.05264461 0.02482873 0.02652919 -0.05278831 0.02498114 0.02489727 -0.05060577 0.0261532 0.02306437 -0.05242413 0.02720099 0.02234065 -0.05033707 0.0287795 0.02192562 -0.05230444 0.03055304 0.02213859 -0.05031579 0.03128087 0.02264076 -0.0523796 0.03317123 0.02547079 -0.05066603 0.0330581 0.02516216 -0.05264461 0.01082873 0.02652919 -0.05278831 0.01098114 0.02489727 -0.05060577 0.0121532 0.02306437 -0.05242413 0.01320099 0.02234065 -0.05033707 0.0147795 0.02192562 -0.05230444 0.01655304 0.02213859 -0.05031579 0.01728087 0.02264076 -0.0523796 0.01917123 0.02547079 -0.05066603 0.0190581 0.02516216 -0.05264461 -0.003171205 0.02652919 -0.05278831 -0.003018796 0.02489727 -0.05060577 -0.00184673 0.02306437 -0.05242413 -7.99011e-4 0.02234065 -0.05033707 7.79513e-4 0.02192562 -0.05230444 0.002553045 0.02213859 -0.05031579 0.003280878 0.02264076 -0.0523796 0.005171239 0.02547079 -0.05066603 0.005058109 0.02516216 -0.05264461 -0.0171712 0.02652919 -0.05278831 -0.01701879 0.02489727 -0.05060577 -0.01584672 0.02306437 -0.05242413 -0.01479899 0.02234065 -0.05033707 -0.01322042 0.02192562 -0.05230444 -0.01144689 0.02213859 -0.05031579 -0.01071906 0.02264076 -0.0523796 -0.008828759 0.02547079 -0.05066603 -0.008941829 0.02516216 -0.05264461 -0.0311712 0.02652919 -0.05278831 -0.03105807 0.02683782 -0.05080974 -0.03010249 0.02325922 -0.05043363 -0.02984672 0.02306437 -0.05242413 -0.02722048 0.02192562 -0.05230444 -0.02721995 0.02193248 -0.05029416 -0.02477163 0.02260613 -0.05036497 -0.02471905 0.02264076 -0.0523796 -0.02282875 0.02547079 -0.05066603 -0.02294182 0.02516216 -0.05264461 -0.0451712 0.02652919 -0.05278831 -0.04505807 0.02683782 -0.05080974 -0.04410248 0.02325922 -0.05043363 -0.04384672 0.02306437 -0.05242413 -0.04122048 0.02192562 -0.05230444 -0.04121994 0.02193248 -0.05029416 -0.03877162 0.02260613 -0.05036497 -0.03871905 0.02264076 -0.0523796 -0.03682875 0.02547079 -0.05066603 -0.03694182 0.02516216 -0.05264461 0.05301529 0.03878235 -0.05407619 0.05286055 0.03806215 -0.05198943 0.05336868 0.03611749 -0.05379605 0.05419808 0.0350216 -0.05166989 0.0554853 0.03421425 -0.05359601 0.0566886 0.03394812 -0.05155706 0.05872243 0.03423142 -0.05359786 0.05992531 0.03499436 -0.05166703 0.0610581 0.03716212 -0.0539059 0.03882873 0.03852915 -0.05404955 0.03886055 0.03806215 -0.05198943 0.0401532 0.03506439 -0.05368536 0.04019808 0.0350216 -0.05166989 0.04268789 0.0339418 -0.0535674 0.0426886 0.03394812 -0.05155706 0.04592531 0.0349943 -0.05166703 0.04520857 0.03458178 -0.0536347 0.0470581 0.03716218 -0.0539059 0.04705506 0.03875249 -0.05206203 0.02482873 0.03852915 -0.05404955 0.02494186 0.03883779 -0.05207097 0.02589744 0.03525924 -0.05169486 0.0261532 0.03506439 -0.05368536 0.0287795 0.03392565 -0.05356568 0.0286886 0.03394812 -0.05155706 0.03115493 0.03454816 -0.05162012 0.03128087 0.03464078 -0.0536409 0.03317123 0.03747081 -0.05192732 0.0330581 0.03716218 -0.0539059 0.01082873 0.03852915 -0.05404955 0.01094186 0.03883779 -0.05207097 0.01189744 0.03525924 -0.05169486 0.0121532 0.03506439 -0.05368536 0.0147795 0.03392565 -0.05356568 0.01468861 0.03394812 -0.05155706 0.01792532 0.0349943 -0.05166703 0.01728087 0.03464078 -0.0536409 0.0190581 0.03716218 -0.0539059 0.01904344 0.03894442 -0.05208218 -0.003171205 0.03852915 -0.05404955 -0.003139376 0.03806215 -0.05198943 -0.00184673 0.03506439 -0.05368536 -0.001801848 0.0350216 -0.05166989 6.87948e-4 0.0339418 -0.0535674 6.88614e-4 0.03394812 -0.05155706 0.003925263 0.0349943 -0.05166703 0.003208577 0.03458178 -0.0536347 0.005058109 0.03716218 -0.0539059 0.005055069 0.03875249 -0.05206203 -0.0171712 0.03852915 -0.05404955 -0.01705807 0.03883779 -0.05207097 -0.01610249 0.03525924 -0.05169486 -0.01584672 0.03506439 -0.05368536 -0.01322042 0.03392565 -0.05356568 -0.01331132 0.03394812 -0.05155706 -0.01084506 0.03454816 -0.05162012 -0.01071906 0.03464078 -0.0536409 -0.008828699 0.03747081 -0.05192732 -0.008941829 0.03716218 -0.0539059 -0.03098469 0.03878235 -0.05407619 -0.03105807 0.03883779 -0.05207097 -0.03063124 0.03611749 -0.05379605 -0.03010249 0.03525924 -0.05169486 -0.02851468 0.03421425 -0.05359601 -0.02731138 0.03394812 -0.05155706 -0.02527755 0.03423142 -0.05359786 -0.02484506 0.03454816 -0.05162012 -0.02282875 0.03747081 -0.05192732 -0.02294182 0.03716218 -0.0539059 -0.0451712 0.03852915 -0.05404955 -0.04515397 0.03796505 -0.05197924 -0.04384672 0.03506439 -0.05368536 -0.04372519 0.03496587 -0.05166405 -0.04122048 0.03392565 -0.05356568 -0.04131138 0.03394812 -0.05155706 -0.03807467 0.0349943 -0.05166703 -0.03871905 0.03464078 -0.0536409 -0.03694188 0.03716212 -0.0539059 -0.03695648 0.03894442 -0.05208218 0.05296468 0.04895925 -0.0551458 0.05316609 0.04847234 -0.05308359 0.05522453 0.04631721 -0.0548681 0.05545157 0.04621636 -0.05284649 0.05864113 0.04618 -0.05485367 0.05805742 0.04608595 -0.05283278 0.06028604 0.0475527 -0.05298697 0.0610581 0.04916214 -0.05516713 0.06105506 0.05075252 -0.05332326 0.03916108 0.05165386 -0.05542904 0.03886055 0.05006211 -0.05325073 0.03936868 0.04811751 -0.05505734 0.04019808 0.04702156 -0.05293112 0.0414853 0.04621428 -0.05485731 0.04278004 0.04593247 -0.05281662 0.04472243 0.04623144 -0.0548591 0.0452283 0.04660612 -0.05288743 0.04711091 0.04928278 -0.05316877 0.0470246 0.0490719 -0.05515766 0.02496469 0.04895925 -0.0551458 0.02486056 0.05006211 -0.05325073 0.02619808 0.04702156 -0.05293112 0.02722454 0.04631721 -0.0548681 0.02878004 0.04593247 -0.05281662 0.03064113 0.04618 -0.05485367 0.0319814 0.04707217 -0.05293643 0.0330581 0.04916214 -0.05516713 0.03304344 0.05094438 -0.05334341 0.01096469 0.04895931 -0.0551458 0.01094186 0.05083781 -0.0533322 0.01189744 0.04725921 -0.0529561 0.01322454 0.04631721 -0.0548681 0.01478004 0.04593247 -0.05281662 0.01664113 0.04618 -0.05485367 0.01798141 0.04707217 -0.05293643 0.0190581 0.04916214 -0.05516713 0.01904344 0.05094438 -0.05334341 -0.002981305 0.04897147 -0.05514711 -0.002833843 0.04847234 -0.05308359 -0.001104593 0.04649466 -0.05488675 -5.484e-4 0.04621636 -0.05284649 0.002475023 0.04608064 -0.05484324 0.002057433 0.04608595 -0.05283278 0.004285991 0.0475527 -0.05298697 0.005024611 0.0490719 -0.05515766 0.005035221 0.05104064 -0.05335354 -0.01703524 0.04895931 -0.0551458 -0.01705807 0.05083781 -0.0533322 -0.01610249 0.04725921 -0.0529561 -0.01477539 0.04631721 -0.0548681 -0.01321995 0.04593247 -0.05281662 -0.01135879 0.04618 -0.05485367 -0.01077163 0.04660612 -0.05288743 -0.008828699 0.04947078 -0.05318856 -0.008941829 0.04916214 -0.05516713 -0.0309813 0.04897147 -0.05514711 -0.03113943 0.05006211 -0.05325073 -0.02980184 0.04702156 -0.05293112 -0.02910465 0.04649466 -0.05488675 -0.02721995 0.04593247 -0.05281662 -0.02552491 0.04608064 -0.05484324 -0.02401858 0.04707217 -0.05293643 -0.02294182 0.04916214 -0.05516713 -0.02294147 0.05065685 -0.05331319 -0.0449813 0.04897147 -0.05514711 -0.04515397 0.04996508 -0.05324047 -0.04372519 0.04696589 -0.05292528 -0.04310464 0.04649466 -0.05488675 -0.04121994 0.04593247 -0.05281662 -0.03952491 0.04608064 -0.05484324 -0.03801858 0.04707217 -0.05293643 -0.03697532 0.04907184 -0.05515766 -0.03695648 0.05094438 -0.05334341 -0.05903524 0.04895931 -0.0551458 -0.05915397 0.04996508 -0.05324047 -0.05772519 0.04696589 -0.05292528 -0.05677539 0.04631721 -0.0548681 -0.05521994 0.04593247 -0.05281662 -0.05335879 0.04618 -0.05485367 -0.05277162 0.04660612 -0.05288743 -0.05082875 0.04947078 -0.05318856 -0.05097532 0.0490719 -0.05515766 -0.05710822 0.01035696 0.05108851 -0.05655306 0.01013857 0.04905456 -0.05339467 0.01024007 0.05107623 -0.05320096 0.01034063 0.04907578 -0.05114436 0.01252877 0.05131679 -0.05098116 0.01289725 0.04934453 -0.05905807 0.02516216 0.05264461 -0.05728089 0.02264076 0.0523796 -0.05722832 0.02260613 0.05036497 -0.05477946 0.02192562 0.05230444 -0.05478 0.02193248 0.05029416 -0.05189746 0.02325922 0.05043357 -0.05215322 0.02306437 0.05242413 -0.05808925 0.0354107 0.05372178 -0.05750364 0.03473103 0.05163931 -0.05598133 0.03400462 0.05357402 -0.05468857 0.03394812 0.05155706 -0.05298179 0.03445661 0.05362153 -0.05189746 0.03525924 0.05169486 -0.05095648 0.03705555 0.05389469 0.05316108 0.01234614 0.0492866 0.05471909 0.01064079 0.05111837 0.05576109 0.01012009 0.04905265 0.05722051 0.009925663 0.05104321 0.05854833 0.01021635 0.04906272 0.05984675 0.01106441 0.05116289 0.06047409 0.01191741 0.04924154 0.03997343 0.01111823 0.05116856 0.0407716 0.01060611 0.04910373 0.04322052 0.009925663 0.05104321 0.04321992 0.009932458 0.04903292 0.04610252 0.01125925 0.04917234 0.04584676 0.01106441 0.05116289 0.02546018 0.01193612 0.05125451 0.0267716 0.01060611 0.04910373 0.02775919 0.01011359 0.05106294 0.02921992 0.009932458 0.04903292 0.03060525 0.01024007 0.05107623 0.03210252 0.01125925 0.04917234 0.03285557 0.01252877 0.05131679 0.01271909 0.01064079 0.05111837 0.0127716 0.01060611 0.04910373 0.01522046 0.009925663 0.05104321 0.01521992 0.009932458 0.04903292 0.01810252 0.01125925 0.04917234 0.01784676 0.01106441 0.05116289 -0.001280903 0.01064079 0.05111837 -0.001228332 0.01060611 0.04910373 0.001220464 0.009925663 0.05104321 0.001219928 0.009932458 0.04903292 0.004102528 0.01125925 0.04917234 0.003846764 0.01106441 0.05116289 -0.0152809 0.01064079 0.05111837 -0.01522833 0.01060611 0.04910373 -0.01277947 0.009925663 0.05104321 -0.01278001 0.009932458 0.04903292 -0.00989741 0.01125925 0.04917234 -0.01015317 0.01106441 0.05116289 -0.0292809 0.01064079 0.05111837 -0.02922832 0.01060611 0.04910373 -0.02677947 0.009925663 0.05104321 -0.02678 0.009932458 0.04903292 -0.02389746 0.01125925 0.04917234 -0.02415317 0.01106441 0.05116289 -0.04310816 0.01035696 0.05108851 -0.04322832 0.01060611 0.04910373 -0.04030811 0.009925782 0.04903221 -0.03939467 0.01024007 0.05107623 -0.03765428 0.01166677 0.04921519 -0.03714436 0.01252877 0.05131679 0.05316108 0.02434611 0.05054783 0.05471909 0.02264076 0.0523796 0.05576109 0.02212005 0.05031388 0.05722045 0.02192562 0.05230444 0.05854833 0.02221632 0.05032402 0.05984675 0.02306437 0.05242413 0.06047409 0.02391737 0.05050277 0.04071909 0.02264076 0.0523796 0.0407716 0.02260613 0.05036497 0.04322046 0.02192562 0.05230444 0.04321992 0.02193248 0.05029416 0.04610252 0.02325922 0.05043357 0.04584676 0.02306437 0.05242413 0.02671903 0.02264076 0.0523796 0.0267716 0.02260613 0.05036497 0.02922046 0.02192562 0.05230444 0.02921992 0.02193248 0.05029416 0.03210252 0.02325922 0.05043363 0.03184676 0.02306437 0.05242413 0.01271903 0.02264076 0.0523796 0.0127716 0.02260613 0.05036497 0.01522046 0.02192562 0.05230444 0.01521992 0.02193248 0.05029416 0.01810252 0.02325922 0.05043363 0.01784676 0.02306437 0.05242413 -0.001280903 0.02264082 0.0523796 -0.001228332 0.02260613 0.05036497 0.001220464 0.02192562 0.05230444 0.001219928 0.02193248 0.05029416 0.004102528 0.02325922 0.05043363 0.003846704 0.02306437 0.05242413 -0.0152809 0.02264076 0.0523796 -0.01522833 0.02260613 0.05036497 -0.01277947 0.02192562 0.05230444 -0.01278001 0.02193248 0.05029416 -0.00989741 0.02325928 0.05043363 -0.01015323 0.02306437 0.05242413 -0.0292809 0.02264076 0.0523796 -0.02922832 0.02260613 0.05036497 -0.02677947 0.02192562 0.05230444 -0.02678 0.02193248 0.05029416 -0.02389746 0.02325922 0.05043357 -0.02415323 0.02306437 0.05242413 -0.04328089 0.02264076 0.0523796 -0.04322832 0.02260613 0.05036497 -0.04077947 0.02192562 0.05230444 -0.04078 0.02193248 0.05029416 -0.03789746 0.02325922 0.05043363 -0.03815323 0.02306437 0.05242413 0.05337631 0.03600245 0.05378401 0.05449628 0.03473103 0.05163931 0.05593645 0.03406131 0.05357998 0.05731135 0.03394812 0.05155706 0.05868601 0.03428727 0.0536037 0.06010252 0.03525924 0.05169486 0.06085556 0.03652876 0.05383932 0.04025685 0.03497505 0.053676 0.04084503 0.03454816 0.05162012 0.04257476 0.03397071 0.05357044 0.04331135 0.03394812 0.05155706 0.04501819 0.03445661 0.05362153 0.04610252 0.03525924 0.05169486 0.04704344 0.03705555 0.05389469 0.02735882 0.03417998 0.05359244 0.02684503 0.03454816 0.05162012 0.02931135 0.03394812 0.05155706 0.03068602 0.03428727 0.0536037 0.03210252 0.03525924 0.05169486 0.03285557 0.03652876 0.05383932 0.01335877 0.03418004 0.05359244 0.01284503 0.03454816 0.05162012 0.01531136 0.03394812 0.05155706 0.01677542 0.03431725 0.05360686 0.01810252 0.03525924 0.05169486 0.01903527 0.03695929 0.05388456 -4.75032e-4 0.03408062 0.05358201 -0.001154899 0.03454816 0.05162012 0.001311361 0.03394812 0.05155706 0.003104627 0.03449469 0.05362552 0.004102528 0.03525924 0.05169486 0.004981338 0.0369715 0.05388581 -0.01464116 0.03418004 0.05359244 -0.01515489 0.03454816 0.05162012 -0.01268857 0.03394812 0.05155706 -0.01131397 0.03428727 0.0536037 -0.00989741 0.03525924 0.05169486 -0.009144365 0.03652876 0.05383932 -0.02864116 0.03417998 0.05359244 -0.02915489 0.03454816 0.05162012 -0.02668857 0.03394812 0.05155706 -0.02531397 0.03428727 0.0536037 -0.02389746 0.03525924 0.05169486 -0.02314436 0.03652876 0.05383932 -0.04408925 0.0354107 0.05372178 -0.04350364 0.03473103 0.05163931 -0.04198133 0.03400468 0.05357402 -0.04068857 0.03394812 0.05155706 -0.0388953 0.03449469 0.05362552 -0.03789746 0.03525924 0.05169486 -0.03701859 0.0369715 0.05388581 0.05401855 0.04707217 0.05293643 0.05544126 0.04612976 0.05484843 0.05721992 0.04593247 0.05281662 0.05885392 0.04636812 0.05487346 0.06010252 0.04725921 0.0529561 0.06103527 0.04895931 0.0551458 0.04144126 0.04612976 0.05484843 0.0407716 0.04660612 0.05288743 0.04321992 0.04593247 0.05281662 0.04485392 0.04636812 0.05487346 0.04610252 0.04725921 0.0529561 0.04703527 0.04895931 0.0551458 0.02601855 0.04707217 0.05293643 0.02769601 0.04598605 0.05483329 0.02921992 0.04593247 0.05281662 0.03141665 0.04670178 0.05490851 0.03210252 0.04725921 0.0529561 0.03305846 0.04934304 0.05518615 0.01344126 0.04612976 0.05484843 0.0127716 0.04660612 0.05288743 0.01521992 0.04593247 0.05281662 0.01685392 0.04636812 0.05487346 0.01810252 0.04725921 0.0529561 0.01903527 0.04895931 0.0551458 -0.002620041 0.04822862 0.05506902 -0.002286016 0.0475527 0.05298697 -5.58715e-4 0.04612976 0.05484843 -5.74571e-5 0.04608595 0.05283278 0.002548396 0.04621636 0.05284649 0.002853929 0.04636812 0.05487346 0.004474103 0.04791742 0.0530253 0.005035221 0.04895925 0.0551458 -0.01598137 0.04707217 0.05293643 -0.01455867 0.04612976 0.05484843 -0.01278001 0.04593247 0.05281662 -0.011146 0.04636812 0.05487346 -0.00989741 0.04725927 0.0529561 -0.008964717 0.04895925 0.0551458 -0.03062003 0.04822862 0.05506902 -0.02855867 0.04612976 0.05484843 -0.02922832 0.04660612 0.05288743 -0.02678 0.04593247 0.05281662 -0.025146 0.04636812 0.05487346 -0.02389746 0.04725921 0.0529561 -0.02296471 0.04895925 0.0551458 -0.04408925 0.04741072 0.05498301 -0.04315489 0.04654818 0.05288136 -0.04206877 0.0460397 0.05483895 -0.04068857 0.04594814 0.05281829 -0.039146 0.04636812 0.05487346 -0.03789746 0.04725921 0.0529561 -0.03696471 0.04895925 0.0551458 -0.05710822 0.04635691 0.05487227 -0.0573005 0.04666501 0.05289363 -0.05487197 0.04591816 0.05281513 -0.05366677 0.04616719 0.05485236 -0.05189746 0.04725921 0.0529561 -0.05155795 0.04779088 0.05502301 -0.08713442 0.05999958 0.05815154 -0.07553595 0.05999851 0.05254077 -0.07777333 0.05999928 0.05015492 -0.08020097 0.05999994 0.06375098 -0.0787574 0.0599997 0.04814958 -0.07379233 0.05999988 0.06609576 -0.07272022 0.05999934 0.05392032 -0.09111291 0.05999988 0.0486288 -0.0792495 0.05999958 0.04614728 -0.07069623 0.05999988 0.05427724 -0.07920932 0.05999904 -0.04658687 -0.09075164 0.05999958 -0.05097955 -0.07821404 0.05999934 -0.0494154 -0.08505773 0.05999982 -0.06029826 -0.07628244 0.05999845 -0.05192178 -0.07399284 0.0599997 -0.05340647 -0.07580953 0.05999964 -0.06578254 -0.07155734 0.05999892 -0.0542078 0.07529097 0.05999976 0.06587153 0.07154589 0.05999886 0.05421054 0.07399493 0.0599997 0.05340552 0.08428895 0.05999982 0.0610187 0.07624989 0.05999851 0.05194884 0.07797145 0.05999976 0.04980289 0.08935201 0.05999988 0.0541529 0.07892084 0.05999928 0.04772704 0.09122562 0.05999994 0.04748618 0.07928109 0.05999994 0.04566305 0.09116184 0.05999994 -0.04812097 0.07925361 0.05999964 -0.04611814 0.07277321 0.05999994 -0.06619101 0.07068747 0.05999988 -0.05427831 0.07272058 0.05999934 -0.05392026 0.0787661 0.05999976 -0.04812538 0.08122706 0.0599997 -0.06339544 0.08849853 0.05999982 -0.05588924 0.07777082 0.05999922 -0.050152 0.07560461 0.05999851 -0.05248916 -0.07337164 0.004011392 0.04554539 -0.07257652 0.004407525 0.04732745 -0.07134765 0.00430721 0.04820197 -0.07041007 0.004054367 0.04838544 -0.05784672 0.05293554 0.05355268 -0.05917119 0.04947078 0.05318856 -0.05522042 0.05407428 0.05367237 -0.05777084 0.04099249 0.05229747 -0.05915427 0.03796911 0.05197966 -0.05522048 0.04207432 0.05241113 -0.05271905 0.05335915 0.05359721 -0.04384672 0.05293554 0.05355268 -0.05094188 0.05083781 0.0533322 -0.0451712 0.04947078 0.05318856 -0.04122048 0.05407428 0.05367237 -0.05271911 0.04135918 0.05233597 -0.05784672 0.02893555 0.05103021 -0.05917119 0.02547079 0.05066603 -0.05522048 0.03007429 0.0511499 -0.04377084 0.04099249 0.05229747 -0.05094188 0.03883779 0.05207097 -0.04515427 0.03796911 0.05197966 -0.04131203 0.04205816 0.05240947 -0.05271905 0.02935916 0.05107474 -0.03871905 0.05335915 0.05359721 -0.02984672 0.05293554 0.05355268 -0.03694188 0.05083781 0.0533322 -0.0311712 0.04947078 0.05318856 -0.02722042 0.05407428 0.05367243 -0.03879141 0.04141813 0.05234217 -0.05784672 0.01693558 0.04976898 -0.05917119 0.01347076 0.04940479 -0.05522048 0.01807433 0.04988867 -0.04384672 0.02893555 0.05103021 -0.05094188 0.02683782 0.05080974 -0.0451712 0.02547079 0.05066603 -0.04122048 0.03007429 0.0511499 -0.0519734 0.0168817 0.04976332 -0.02984678 0.04093557 0.05229145 -0.03694182 0.03883779 0.05207097 -0.0311712 0.03747081 0.05192732 -0.02731204 0.04205816 0.05240947 -0.03871905 0.02935916 0.05107474 -0.02471905 0.05335915 0.05359721 -0.0141775 0.05405205 0.05367004 -0.01704347 0.05094438 0.05334341 -0.02294182 0.05083781 0.0533322 -0.02479141 0.04141813 0.05234217 -0.04384672 0.01693558 0.04976898 -0.0451712 0.01347076 0.04940479 -0.04122048 0.01807433 0.04988867 -0.02984672 0.02893555 0.05103021 -0.03694182 0.02683782 0.05080974 -0.0311712 0.02547079 0.05066603 -0.02722042 0.03007429 0.0511499 -0.03871905 0.01735913 0.0498135 -0.01584672 0.04093557 0.05229145 -0.02294182 0.03883779 0.05207097 -0.0171712 0.03747081 0.05192732 -0.01331204 0.04205816 0.05240947 -0.02471905 0.02935916 0.05107474 -0.01071906 0.05335915 0.05359721 -8.53962e-4 0.05363184 0.05362588 -0.003035247 0.0510407 0.05335354 -0.008941829 0.05083781 0.0533322 -0.01079142 0.04141813 0.05234217 -0.02984672 0.01693552 0.04976898 -0.03694182 0.0148378 0.0495485 -0.0311712 0.01347076 0.04940479 -0.02722042 0.01807433 0.04988867 -0.01584672 0.02893555 0.05103021 -0.02294182 0.02683782 0.05080974 -0.0171712 0.02547079 0.05066603 -0.01322042 0.03007429 0.0511499 -0.02471905 0.01735913 0.0498135 -0.00184673 0.04093557 0.05229145 -0.008941829 0.03883779 0.05207097 -0.003171205 0.03747081 0.05192732 6.87937e-4 0.04205816 0.05240947 -0.01071906 0.02935916 0.05107474 0.002558708 0.0538702 0.05365097 0.0121532 0.05293554 0.05355268 0.005058109 0.05083781 0.0533322 0.01082873 0.04947078 0.05318856 0.0147795 0.05407428 0.05367237 0.003208518 0.04141813 0.05234217 -0.01584672 0.01693558 0.04976898 -0.02294182 0.0148378 0.0495485 -0.0171712 0.01347076 0.04940479 -0.01322042 0.01807433 0.04988867 -0.00184673 0.02893555 0.05103021 -0.008941829 0.02683782 0.05080974 -0.003171205 0.02547079 0.05066603 7.79516e-4 0.03007429 0.0511499 -0.01071906 0.01735913 0.0498135 0.0121532 0.04093557 0.05229145 0.005058109 0.03883779 0.05207097 0.01082873 0.03747081 0.05192732 0.01468789 0.04205816 0.05240947 0.003280878 0.02935916 0.05107474 0.01728087 0.05335915 0.05359721 0.02782243 0.05405205 0.05367004 0.02495646 0.05094438 0.05334341 0.0190581 0.05083781 0.0533322 0.01720857 0.04141813 0.05234217 -0.00184673 0.01693558 0.04976898 -0.008941829 0.0148378 0.0495485 -0.003171205 0.01347076 0.04940479 7.79514e-4 0.01807433 0.04988867 0.0121532 0.02893555 0.05103021 0.005058109 0.02683782 0.05080974 0.01082873 0.02547079 0.05066603 0.0147795 0.03007429 0.0511499 0.003280878 0.01735913 0.0498135 0.0261532 0.04093557 0.05229145 0.0190581 0.03883779 0.05207097 0.02482873 0.03747081 0.05192732 0.02868789 0.04205816 0.05240947 0.01728087 0.02935916 0.05107474 0.03128087 0.05335915 0.05359721 0.0401532 0.05293554 0.05355268 0.0330581 0.05083781 0.0533322 0.03882873 0.04947078 0.05318856 0.0427795 0.05407428 0.05367237 0.03120857 0.04141813 0.05234217 0.0121532 0.01693558 0.04976898 0.005058109 0.0148378 0.0495485 0.01082873 0.01347076 0.04940479 0.0147795 0.01807433 0.04988867 0.0261532 0.02893555 0.05103021 0.0190581 0.02683782 0.05080974 0.02482873 0.02547079 0.05066603 0.0287795 0.03007429 0.0511499 0.01728087 0.01735913 0.0498135 0.0401532 0.04093557 0.05229145 0.0330581 0.03883779 0.05207097 0.03882873 0.03747081 0.05192732 0.04268789 0.04205816 0.05240947 0.03128087 0.02935916 0.05107474 0.04528087 0.05335915 0.05359721 0.05458331 0.05329817 0.05359083 0.0470581 0.05083781 0.0533322 0.05294144 0.05065685 0.05331319 0.05830389 0.0540139 0.05366605 0.04520851 0.04141813 0.05234217 0.0261532 0.01693558 0.04976898 0.0190581 0.0148378 0.0495485 0.02482873 0.01347076 0.04940479 0.0610581 0.05083781 0.0533322 0.0287795 0.01807433 0.04988867 0.0401532 0.02893555 0.05103021 0.0330581 0.02683782 0.05080974 0.03882873 0.02547079 0.05066603 0.0427795 0.03007429 0.0511499 0.03128087 0.01735913 0.0498135 0.05422908 0.04099249 0.05229747 0.0470581 0.03883779 0.05207097 0.05284565 0.03796911 0.05197966 0.05668789 0.04205816 0.05240947 0.04528087 0.02935916 0.05107474 0.05920857 0.04141813 0.05234217 0.0610581 0.03883779 0.05207097 0.0401532 0.01693558 0.04976898 0.0330581 0.0148378 0.0495485 0.03882873 0.01347076 0.04940479 0.0427795 0.01807433 0.04988867 0.05336868 0.02788245 0.05091953 0.0554853 0.02978569 0.05111956 0.0470581 0.02683782 0.05080974 0.04528087 0.01735913 0.0498135 0.05872243 0.02976852 0.05111777 0.0610581 0.02683782 0.05080974 0.05336868 0.01588243 0.04965829 0.0554853 0.01778572 0.04985833 0.0470581 0.0148378 0.0495485 0.05872243 0.0177685 0.04985648 0.0610581 0.0148378 0.0495485 0.07178479 0.004381 0.04797416 0.07338207 0.004289567 0.04574739 0.07338315 0.004303276 -0.04576277 0.07481348 0.01735913 -0.03728091 0.07488864 0.01807433 -0.03477948 0.07476896 0.01693558 -0.03215318 0.07607471 0.02935916 -0.03728091 0.07580971 0.02683782 -0.03905808 0.07614988 0.03007429 -0.03477948 0.07481348 0.01735913 -0.02328091 0.07488864 0.01807433 -0.02077949 0.07603019 0.02893555 -0.03215324 0.07476896 0.01693558 -0.01815319 0.07734221 0.04141813 -0.03720855 0.07707101 0.03883779 -0.03905808 0.07740944 0.04205816 -0.03468793 0.07607471 0.02935916 -0.02328091 0.07614988 0.03007429 -0.02077949 0.07729148 0.04093557 -0.03215318 0.07481348 0.01735913 -0.00928086 0.07488864 0.01807433 -0.006779491 0.07603019 0.02893555 -0.01815319 0.07866603 0.0540139 -0.03630393 0.07833224 0.05083781 -0.03905808 0.07476896 0.01693558 -0.004153192 0.07734221 0.04141813 -0.02320855 0.07740944 0.04205816 -0.02068793 0.07607471 0.02935916 -0.00928086 0.07614988 0.03007429 -0.006779491 0.07729148 0.04093557 -0.01815319 0.07481348 0.01735913 0.004719078 0.07859081 0.05329817 -0.03258329 0.07488864 0.01807433 0.007220447 0.07859724 0.05335915 -0.02328085 0.07603019 0.02893555 -0.004153192 0.07476896 0.01693558 0.009846746 0.07734221 0.04141813 -0.009208559 0.07740944 0.04205816 -0.006687879 0.07607471 0.02935916 0.004719078 0.07614988 0.03007429 0.007220447 0.07729148 0.04093557 -0.004153192 0.07481348 0.01735913 0.01871907 0.07488864 0.01807433 0.02122044 0.07865095 0.0538702 -0.00855869 0.07867008 0.05405205 -0.01982247 0.07603019 0.02893555 0.009846746 0.07476896 0.01693552 0.02384674 0.07734221 0.04141813 0.004791378 0.07740944 0.04205816 0.007312059 0.07607471 0.02935916 0.01871907 0.07614988 0.03007429 0.02122044 0.07729148 0.04093557 0.009846746 0.07481348 0.01735913 0.03271907 0.07488864 0.01807433 0.03522044 0.07865095 0.0538702 0.005441248 0.07603019 0.02893555 0.02384674 0.07862591 0.05363184 -0.005146026 0.07476896 0.01693558 0.03784674 0.07734221 0.04141813 0.01879137 0.07740944 0.04205816 0.02131205 0.07607471 0.02935916 0.03271907 0.07614988 0.03007429 0.03522044 0.07729148 0.04093557 0.02384674 0.07859724 0.05335915 0.01871907 0.07603019 0.02893555 0.03784674 0.07862591 0.05363184 0.008853912 0.07566606 0.02547079 0.03917121 0.07734221 0.04141813 0.03279143 0.07740944 0.04205816 0.03531205 0.07729148 0.04093557 0.03784674 0.07855272 0.05293554 0.02384674 0.07866603 0.0540139 0.03369605 0.0769273 0.03747081 0.03917121 0.0786724 0.05407428 0.02122044 0.07859563 0.05334407 0.0373339 0.07277494 0.004075527 -0.04701662 0.07177549 0.0042786 -0.04796528 -0.05710816 0.01764303 -0.04984331 -0.05384838 0.01787382 -0.04986757 -0.0518437 0.01658332 -0.04973191 -0.04310816 0.01764303 -0.04984331 -0.05728089 0.02935916 -0.05107474 -0.05905807 0.02683782 -0.05080974 -0.05477946 0.03007429 -0.0511499 -0.05215322 0.02893555 -0.05103021 -0.03921359 0.01770353 -0.04984968 -0.05755329 0.04123067 -0.0523225 -0.05915397 0.03796505 -0.05197924 -0.05468791 0.04205816 -0.05240947 -0.04328089 0.02935916 -0.05107474 -0.04077947 0.03007429 -0.0511499 -0.05215317 0.04093557 -0.05229145 -0.0292809 0.01735913 -0.0498135 -0.05755335 0.0532307 -0.05358374 -0.02677947 0.01807433 -0.04988867 -0.03815323 0.02893555 -0.05103021 -0.02415317 0.01693552 -0.04976898 -0.05468791 0.05405813 -0.0536707 -0.04374307 0.04102492 -0.05230087 -0.04133415 0.04204666 -0.05240821 -0.0292809 0.02935916 -0.05107474 -0.03890669 0.04148781 -0.0523495 -0.02677947 0.03007429 -0.0511499 -0.05215322 0.05293554 -0.05355268 -0.0152809 0.01735913 -0.0498135 -0.04374313 0.05302488 -0.0535621 -0.01277947 0.01807433 -0.04988867 -0.02415323 0.02893555 -0.05103021 -0.01602649 0.02888166 -0.05102455 -0.01015317 0.01693552 -0.04976898 -0.04151564 0.05401051 -0.05366569 -0.02920854 0.04141813 -0.05234217 -0.02668792 0.04205816 -0.05240947 -0.01277947 0.03007429 -0.0511499 -0.02415317 0.04093557 -0.05229145 -0.001280903 0.01735913 -0.0498135 -0.02961808 0.05316275 -0.05357658 0.001220464 0.01807433 -0.04988867 -0.03905797 0.0535978 -0.0536223 -0.01015323 0.02893555 -0.05103021 -0.002026498 0.02888166 -0.05102455 0.003846764 0.01693558 -0.04976898 -0.01520854 0.04141813 -0.05234217 -0.01268792 0.04205816 -0.05240947 0.001220464 0.03007429 -0.0511499 -0.01015317 0.04093557 -0.05229145 0.01271903 0.01735913 -0.0498135 -0.02458328 0.05329817 -0.05359083 0.01522046 0.01807433 -0.04988867 -0.01528084 0.05335915 -0.05359721 0.003846704 0.02893555 -0.05103021 0.01197344 0.02888166 -0.05102455 0.01784676 0.01693558 -0.04976898 -0.02705794 0.05405133 -0.05366998 -0.001743078 0.04102492 -0.05230087 6.65808e-4 0.04204666 -0.05240821 -0.002432763 0.05244797 -0.05350148 0.003262937 0.04140532 -0.05234086 0.01522046 0.03007429 -0.0511499 -0.01015317 0.05293554 -0.05355268 0.02671903 0.01735913 -0.0498135 0.02922046 0.01807433 -0.04988867 0.01784676 0.02893555 -0.05103021 0.02597343 0.02888172 -0.05102455 0.03184676 0.01693558 -0.04976898 -0.01277953 0.05407428 -0.05367243 4.84328e-4 0.05401051 -0.05366569 0.01279139 0.04141813 -0.05234217 0.01626414 0.04200834 -0.05240422 0.02922046 0.03007429 -0.0511499 0.04071909 0.01735913 -0.0498135 0.04322046 0.01807433 -0.04988867 0.01271909 0.05335915 -0.05359721 0.03184676 0.02893555 -0.05103021 0.002853929 0.05363184 -0.05362588 0.04584676 0.01693558 -0.04976898 0.02679139 0.04141813 -0.05234217 0.02931201 0.04205816 -0.05240947 0.04071909 0.02935916 -0.05107474 0.04322046 0.03007429 -0.0511499 0.03184676 0.04093557 -0.05229145 0.05471903 0.01735913 -0.0498135 0.02638185 0.05316275 -0.05357658 0.05722045 0.01807433 -0.04988867 0.01617747 0.05405205 -0.05367004 0.04584676 0.02893555 -0.05103021 0.05397343 0.02888172 -0.05102455 0.05984675 0.01693558 -0.04976898 0.04025685 0.04102492 -0.05230087 0.04266577 0.04204666 -0.05240821 0.04526293 0.04140532 -0.05234086 0.05722045 0.03007429 -0.0511499 0.04044663 0.0532307 -0.05358374 0.03017747 0.05405205 -0.05367004 0.05984675 0.02893555 -0.05103021 0.05425685 0.04102492 -0.05230087 0.05675745 0.04206269 -0.05240994 0.05310899 0.05105328 -0.05335485 0.05933392 0.04134404 -0.05233442 0.04605126 0.05273997 -0.05353218 0.05438184 0.05316275 -0.05357658 0.06105506 0.03875249 -0.05206203 0.04340559 0.05406016 -0.05367094 0.05933392 0.05334407 -0.05359566 0.05694198 0.05405133 -0.05366998 -0.07089412 0.004160583 -0.04834127 -0.07304489 0.004085123 -0.04660648 -0.07339787 0.00411266 -0.04540646 -0.07859563 0.05334407 -0.0373339 -0.07832324 0.05075252 -0.03905504 -0.07866996 0.05405133 -0.03494203 -0.07734084 0.04140532 -0.03726297 -0.07706201 0.03875249 -0.03905504 -0.07740825 0.04204666 -0.03466576 -0.07857662 0.05316275 -0.03238189 -0.07839882 0.05147117 -0.02485555 -0.07863932 0.05375987 -0.02260529 -0.0782507 0.05006211 -0.03086054 -0.07730084 0.04102492 -0.03225684 -0.07603019 0.02893555 -0.03784674 -0.07614988 0.03007429 -0.03522044 -0.07734084 0.04140532 -0.02326297 -0.07706201 0.03875249 -0.02505505 -0.07698947 0.03806215 -0.03086054 -0.07740825 0.04204666 -0.02066576 -0.07602453 0.02888166 -0.03197342 -0.07845413 0.05199748 -0.01737636 -0.07862591 0.05363184 -0.008853912 -0.07835358 0.05104064 -0.01103526 -0.07865446 0.05390375 -0.01985013 -0.07730084 0.04102492 -0.01825684 -0.07476896 0.01693558 -0.03784674 -0.07488864 0.01807433 -0.03522044 -0.07603019 0.02893555 -0.02384674 -0.07614988 0.03007429 -0.02122044 -0.07560575 0.02489727 -0.03098112 -0.07481348 0.01735913 -0.03271907 -0.07734084 0.04140532 -0.009262979 -0.07706201 0.03875249 -0.01105505 -0.07698947 0.03806215 -0.01686054 -0.07740825 0.04204666 -0.006665766 -0.07602453 0.02888166 -0.01797342 -0.07850146 0.05244797 -0.003567159 -0.07862591 0.05363184 0.005146026 -0.07835358 0.0510407 0.002964675 -0.07866567 0.05401051 -0.00648427 -0.07730084 0.04102492 -0.004256844 -0.07476896 0.01693552 -0.02384674 -0.07454848 0.0148378 -0.03094184 -0.07488864 0.01807433 -0.02122044 -0.07603019 0.02893555 -0.009846746 -0.07614988 0.03007429 -0.007220447 -0.07560575 0.02489727 -0.01698112 -0.07481348 0.01735913 -0.01871907 -0.07734084 0.04140532 0.004736959 -0.07706201 0.03875249 0.002944886 -0.07698947 0.03806215 -0.002860546 -0.07740825 0.04204666 0.007334172 -0.07602453 0.02888166 -0.003973424 -0.07850146 0.05244797 0.01043277 -0.07867008 0.05405205 0.01982247 -0.07834345 0.05094438 0.0169565 -0.07866567 0.05401051 0.007515668 -0.07730084 0.04102492 0.009743094 -0.07476896 0.01693558 -0.009846746 -0.07454848 0.0148378 -0.01694184 -0.07488864 0.01807433 -0.007220447 -0.07603019 0.02893555 0.004153192 -0.07614988 0.03007429 0.006779491 -0.07560575 0.02489727 -0.002981126 -0.07481348 0.01735913 -0.004719078 -0.07729148 0.04093557 0.01815319 -0.07698947 0.03806215 0.01113939 -0.07740944 0.04205816 0.02068793 -0.07602453 0.02888166 0.01002651 -0.07859724 0.05335915 0.02328085 -0.07859081 0.05329817 0.03258329 -0.07833224 0.05083781 0.02505809 -0.07831323 0.05065685 0.03094148 -0.07866603 0.0540139 0.03630393 -0.07734221 0.04141813 0.02320855 -0.07833224 0.05083781 0.03905808 -0.07476896 0.01693558 0.004153192 -0.07454848 0.0148378 -0.002941846 -0.07488864 0.01807433 0.006779491 -0.07603019 0.02893555 0.01815319 -0.07614988 0.03007429 0.02077949 -0.07564604 0.02528029 0.01104784 -0.07481348 0.01735913 0.00928086 -0.07729148 0.04093557 0.03215318 -0.07707101 0.03883779 0.02505809 -0.07740944 0.04205816 0.03468793 -0.07602453 0.02888166 0.02402651 -0.07734221 0.04141819 0.03720855 -0.07707101 0.03883779 0.03905808 -0.07476896 0.01693558 0.01815319 -0.07454848 0.0148378 0.01105809 -0.07488864 0.01807433 0.02077949 -0.07603019 0.02893555 0.03215324 -0.07614988 0.03007429 0.03477948 -0.07560575 0.02489727 0.02501881 -0.07481348 0.01735913 0.02328091 -0.07607471 0.02935916 0.03728091 -0.07582855 0.02701669 0.03899002 -0.07476896 0.01693558 0.03215318 -0.07454848 0.0148378 0.02505809 -0.07488864 0.01807433 0.03477948 -0.07481348 0.01735913 0.03728091 -0.07454848 0.0148378 0.03905808 0.07057332 0.004159212 -0.04838901 0.07082062 0.002854406 -0.04756933 0.07230597 0.003101289 -0.04673415 0.07108497 0.002286136 -0.04658317 0.07303369 0.003400325 -0.045551 0.070831 0.00202465 -0.04566872 0.07204598 0.002406179 -0.04540008 0.07289671 0.003189504 0.04567807 0.07188349 0.002351045 0.04554855 -0.0722807 0.002572298 -0.04572594 -0.07219666 0.00408554 -0.0476247 -0.07158297 0.002881884 -0.04718029 -0.07074671 0.002023041 -0.04577618 -0.07043975 0.003040194 -0.04777389 -0.07075816 0.0022915 -0.04672849 0.07264339 0.003937661 0.0471574 0.07161897 0.002731025 0.04694205 0.07069087 0.004023551 0.04834836 0.07072877 0.002054929 0.04614502 0.07049798 0.002867877 0.04761016 -0.07061535 0.002055883 0.04620951 -0.07092171 0.002887785 0.04755312 -0.07212316 0.003299236 0.04715037 -0.07307052 0.004099309 0.0464977 -0.07206761 0.002458512 0.04589408 0.08098548 0.05799502 0.04689294 0.08109563 0.05799639 0 -0.09085804 0.05799633 0.04886835 -0.08098989 0.05799514 0.04686504 0.09047996 0.05799591 -0.05126619 0.0835464 0.05799603 -0.06150633 0.07421511 0.05799627 -0.06581479 0.07178521 0.05799525 -0.05600458 0.07471174 0.05799615 -0.05506038 0.0770812 0.05799579 -0.05359065 0.07957226 0.05799508 -0.05072903 0.08099377 0.05799537 -0.04687035 -0.07324892 0.05799633 -0.06593847 -0.08013153 0.05799633 -0.06360614 -0.08723992 0.05799609 -0.05757313 -0.09090417 0.05799633 -0.04859298 -0.07746326 0.0579949 -0.0532943 -0.07952827 0.05799615 -0.05071312 -0.07472598 0.05799615 -0.055054 -0.08046257 0.05799615 -0.04873549 -0.07177877 0.05799561 -0.05601894 -0.08104372 0.05799591 -0.04632765 -0.08840262 0.05799633 0.05542486 -0.08386611 0.05799627 0.06107461 -0.07523864 0.05799615 0.06566512 -0.08003956 0.05799615 0.0497567 -0.07891398 0.05799609 0.05162942 -0.0770812 0.05799579 0.05359065 -0.07427519 0.05799567 0.05527859 -0.07134193 0.05799603 0.05604916 0.07426309 0.05799627 0.06582731 0.07182168 0.05799525 0.05600696 0.08366823 0.05799609 0.06138533 0.08962416 0.05799627 0.0531286 0.0910595 0.05799639 0.0466178 0.08003377 0.05799621 0.04977011 0.07569247 0.05799484 0.0546047 0.07858461 0.05799579 0.05209004 -0.07110291 0.003664851 0.05030828 -0.07329231 0.004028916 0.04934448 -0.07103192 0.00154221 0.04910337 -0.072622 0.002599358 0.04919475 -0.07458311 0.003576636 0.04785043 -0.07205206 0.00131762 0.0484085 -0.07529586 0.003493964 0.04594546 -0.07075423 3.7696e-4 0.0473923 -0.07375741 0.001703321 0.04718017 -0.07227653 3.99276e-4 0.04631924 -0.07385569 0.001226007 0.04532766 -0.07091659 3.25871e-5 0.04593336 0.07073354 0.003451883 0.05030792 0.07529234 0.003612637 0.04616045 0.07460898 0.003622412 0.04777115 0.07377022 0.003439664 0.04881489 0.07407504 0.001594007 0.0463469 0.07215332 0.004076242 0.05003595 0.07226979 0.001564681 0.04862201 0.07114636 6.34256e-5 0.04613435 0.0726282 5.49241e-4 0.04628968 0.07038837 0.001475036 0.04908865 0.0708248 4.61135e-4 0.04754793 0.07113313 0.00383079 -0.0503261 0.07325327 0.003939211 -0.04936408 0.07119959 0.002450346 -0.04974704 0.07436293 0.003962099 -0.04821753 0.07316386 0.002563297 -0.04880315 0.07129305 0.001004099 -0.04842984 0.07488453 0.003454267 -0.04719763 0.07530027 0.003441095 -0.04587149 0.07322871 0.001405775 -0.04745411 0.07361835 0.001104295 -0.04602974 0.07127594 2.48379e-4 -0.04681831 0.07150411 5.25413e-5 -0.0455051 -0.07532376 0.003824353 -0.0461421 -0.07422947 0.004089176 -0.04848212 -0.07437807 0.001819729 -0.04576271 -0.07440465 0.002648651 -0.04728811 -0.07256734 0.003872394 -0.04977416 -0.07304275 0.002617299 -0.04893642 -0.073049 0.001205682 -0.04735743 -0.0709325 0.003475189 -0.05029642 -0.07251596 4.19966e-4 -0.04580408 -0.0709362 1.76181e-5 -0.0456531 -0.07116436 0.001430511 -0.04893016 -0.07086449 3.2231e-4 -0.04729104 -0.08054327 0.05274069 -0.0381025 -0.08068108 0.05405181 -0.03531134 -0.07928198 0.04074072 -0.0381025 -0.07941979 0.04205179 -0.0353114 -0.08054327 0.05274069 -0.0241025 -0.08061802 0.05345177 -0.03284502 -0.0803498 0.05090039 -0.03095495 -0.07935672 0.04145181 -0.03284502 -0.07802075 0.0287407 -0.0381025 -0.07816022 0.0300675 -0.03521996 -0.07928198 0.04074072 -0.0241025 -0.07904958 0.03852915 -0.03082871 -0.07941979 0.04205179 -0.02131134 -0.07808941 0.02939379 -0.03277158 -0.08054327 0.05274075 -0.01010251 -0.08047813 0.05212098 -0.01749408 -0.08069044 0.05414086 -0.02047079 -0.07935672 0.04145181 -0.01884502 -0.08014708 0.04897147 -0.01701861 -0.07675951 0.01674073 -0.0381025 -0.07689893 0.01806747 -0.03521996 -0.07802075 0.0287407 -0.0241025 -0.07778829 0.02652919 -0.03082871 -0.07816022 0.0300675 -0.0212199 -0.07682818 0.01739382 -0.03277158 -0.07930696 0.04097837 -0.009801864 -0.07904958 0.03852915 -0.01682871 -0.07907646 0.03878504 -0.01096522 -0.07941979 0.04205179 -0.007311344 -0.07808941 0.02939379 -0.01877158 -0.08049285 0.05226117 0.003592014 -0.08047813 0.05212098 -0.003494083 -0.08069038 0.05414086 -0.006470799 -0.0806601 0.05385226 0.00572431 -0.07935672 0.04145181 -0.004845023 -0.08014708 0.04897147 -0.003018617 -0.07675951 0.01674073 -0.0241025 -0.07652705 0.01452916 -0.03082871 -0.07689893 0.01806747 -0.0212199 -0.07802075 0.0287407 -0.01010251 -0.07778829 0.02652919 -0.01682871 -0.07816022 0.0300675 -0.00721991 -0.07682818 0.01739382 -0.01877158 -0.07928198 0.04074072 0.003897428 -0.0791499 0.03948396 -0.003216207 -0.07941979 0.04205179 0.006688594 -0.07808941 0.02939379 -0.00477159 -0.08054327 0.05274069 0.01789742 -0.08047813 0.05212098 0.01050585 -0.08066296 0.05387985 0.008238852 -0.07935672 0.04145181 0.009154915 -0.08014708 0.04897147 0.01098132 -0.07675951 0.01674073 -0.01010251 -0.07652705 0.01452916 -0.01682871 -0.07689893 0.01806747 -0.00721991 -0.07802075 0.0287407 0.003897428 -0.07778829 0.02652919 -0.002828717 -0.07816022 0.0300675 0.006780028 -0.07682818 0.01739382 -0.00477159 -0.07928198 0.04074072 0.01789742 -0.07904958 0.03852915 0.01117122 -0.07941979 0.04205179 0.02068859 -0.07808941 0.02939379 0.009228348 -0.08054327 0.05274069 0.03189742 -0.08047813 0.05212098 0.02450585 -0.08069044 0.05414086 0.02152913 -0.08069044 0.05414086 0.03552913 -0.07933753 0.04126894 0.02350366 -0.08014708 0.04897147 0.02498131 -0.08047813 0.05212098 0.03850585 -0.07675951 0.01674073 0.003897428 -0.07652705 0.01452916 -0.002828717 -0.07689893 0.01806747 0.006780028 -0.08014708 0.04897147 0.03898131 -0.07802075 0.0287407 0.01789742 -0.07778829 0.02652919 0.01117122 -0.07816022 0.0300675 0.02078002 -0.07682818 0.01739382 0.009228348 -0.07930696 0.04097837 0.03219807 -0.07907617 0.03878235 0.02498471 -0.07907646 0.03878509 0.0310347 -0.07941979 0.04205179 0.03468859 -0.07808941 0.02939379 0.02322834 -0.07935672 0.04145181 0.03715491 -0.0791499 0.03948402 0.03878372 -0.07675951 0.01674073 0.01789742 -0.07652705 0.01452916 0.01117122 -0.07689893 0.01806747 0.02078002 -0.07802075 0.0287407 0.03189742 -0.07778829 0.02652919 0.02517122 -0.07816022 0.0300675 0.03478002 -0.07682818 0.01739382 0.02322834 -0.07808941 0.02939379 0.03722834 -0.07675951 0.01674073 0.03189742 -0.07652705 0.01452916 0.02517122 -0.07689893 0.01806747 0.03478002 -0.07682818 0.01739382 0.03722834 -0.07652705 0.01452916 0.03917121 -0.05878371 0.01548403 -0.05162739 -0.05638462 0.01795732 -0.05188739 -0.05287402 0.01747977 -0.0518372 -0.05722832 0.02939379 -0.05308938 -0.05478 0.0300675 -0.05316019 -0.04322838 0.01739382 -0.05182814 -0.04078 0.01806747 -0.05189895 -0.05189746 0.0287407 -0.05302077 -0.03789746 0.01674073 -0.05175948 -0.05715489 0.04145181 -0.05435675 -0.05917119 0.03852915 -0.05404955 -0.05468857 0.04205179 -0.05441981 -0.04322838 0.02939379 -0.05308938 -0.04078 0.0300675 -0.05316019 -0.05792528 0.05300563 -0.05557107 -0.05189746 0.04074072 -0.054282 -0.02922832 0.01739382 -0.05182814 -0.02678 0.01806747 -0.05189895 -0.03789746 0.0287407 -0.05302077 -0.02389746 0.01674073 -0.05175948 -0.05421835 0.0540446 -0.05568027 -0.04315489 0.04145181 -0.05435675 -0.04068857 0.04205179 -0.05441981 -0.02922832 0.02939379 -0.05308938 -0.04450583 0.05212098 -0.05547809 -0.02678 0.0300675 -0.05316019 -0.05159205 0.05226123 -0.05549287 -0.03789746 0.04074072 -0.054282 -0.01522839 0.01739382 -0.05182814 -0.01278001 0.01806747 -0.05189895 -0.02389746 0.0287407 -0.05302077 -0.02950364 0.04126894 -0.0543375 -0.04223883 0.05387985 -0.05566298 -0.00989741 0.01674067 -0.05175948 -0.02668857 0.04205179 -0.05441981 -0.01522833 0.02939379 -0.05308938 -0.03050589 0.05212098 -0.05547809 -0.01278001 0.0300675 -0.05316019 -0.03759205 0.05226123 -0.05549287 -0.02389746 0.04074072 -0.054282 -0.001228332 0.01739382 -0.05182814 0.001219928 0.01806747 -0.05189895 -0.00989741 0.0287407 -0.05302077 -0.02752918 0.05414086 -0.0556904 -0.03972429 0.05385226 -0.05566006 0.004102528 0.01674073 -0.05175948 -0.01515489 0.04145181 -0.05435675 -0.01268857 0.04205179 -0.05441981 -0.001228332 0.02939379 -0.05308938 0.001219928 0.0300675 -0.05316019 -0.01592528 0.05300563 -0.05557107 -0.02389746 0.05274069 -0.05554324 -0.00989741 0.04074072 -0.054282 0.0127716 0.01739382 -0.05182814 0.01521992 0.01806747 -0.05189895 0.004102528 0.0287407 -0.05302077 0.01810252 0.01674073 -0.05175948 -0.001154899 0.04145181 -0.05435675 0.001311361 0.04205179 -0.05441981 0.0127716 0.02939379 -0.05308938 -0.002505838 0.05212098 -0.05547809 0.01521992 0.0300675 -0.05316019 -0.00989741 0.05274069 -0.05554324 0.004102528 0.04074072 -0.054282 0.0267716 0.01739382 -0.05182814 0.02921992 0.01806747 -0.05189895 0.01810252 0.0287407 -0.05302077 -2.38872e-4 0.05387985 -0.05566298 0.03210252 0.01674067 -0.05175948 0.03921622 0.01548397 -0.05162739 -0.01268857 0.05405181 -0.05568104 0.01284503 0.04145181 -0.05435675 0.01531136 0.04205179 -0.05441981 0.0267716 0.02939379 -0.05308938 0.02921992 0.0300675 -0.05316019 0.004407882 0.05226117 -0.05549287 0.01207464 0.05300563 -0.05557107 0.01810252 0.04074072 -0.054282 0.0407716 0.01739382 -0.05182814 0.04321992 0.01806747 -0.05189895 0.03210252 0.0287407 -0.05302077 0.002275645 0.05385226 -0.05566006 0.04572522 0.01703405 -0.05179035 0.02684503 0.04145181 -0.05435675 0.02931135 0.04205179 -0.05441981 0.0407716 0.02939379 -0.05308938 0.04321992 0.0300675 -0.05316019 0.02607464 0.05300563 -0.05557107 0.01810252 0.05274069 -0.05554324 0.03210252 0.04074072 -0.054282 0.0547716 0.01739382 -0.05182814 0.05721992 0.01806747 -0.05189895 0.04610252 0.0287407 -0.05302077 0.06010252 0.01674073 -0.05175948 0.01531136 0.05405181 -0.05568104 0.04084503 0.04145181 -0.05435675 0.04331135 0.04205179 -0.05441981 0.0547716 0.02939379 -0.05308938 0.05721992 0.0300675 -0.05316019 0.03210252 0.05274069 -0.05554324 0.04610252 0.04074072 -0.054282 0.06010252 0.0287407 -0.05302077 0.05449628 0.04126894 -0.0543375 0.0417611 0.05387985 -0.05566298 0.02931135 0.05405181 -0.05568104 0.05731135 0.04205179 -0.05441981 0.04640787 0.05226123 -0.05549287 0.05371391 0.05244725 -0.05551242 0.06010252 0.04074072 -0.054282 0.04427564 0.05385226 -0.05566006 0.05594253 0.05391401 -0.05566656 0.06047409 0.05208253 -0.0554741 0.05854839 0.05378359 -0.05565285 0.07680088 0.01713413 -0.03763407 0.07690048 0.01808178 -0.03487199 0.07675951 0.01674073 -0.03189742 0.07808941 0.02939379 -0.03722834 0.07816022 0.0300675 -0.03478002 0.07682818 0.01739382 -0.02322834 0.07689893 0.01806747 -0.02078002 0.07802075 0.0287407 -0.03189742 0.07675951 0.01674073 -0.01789742 0.07935672 0.04145181 -0.03715491 0.0791499 0.03948402 -0.03878372 0.07941979 0.04205179 -0.03468859 0.07808941 0.02939379 -0.02322834 0.07816022 0.0300675 -0.02078002 0.07930696 0.04097837 -0.03219807 0.08057111 0.05300563 -0.0379253 0.07682818 0.01739382 -0.009228348 0.0791499 0.03948396 -0.02478373 0.07689893 0.01806747 -0.006780028 0.07802075 0.0287407 -0.01789742 0.07675951 0.01674073 -0.003897428 0.08068108 0.05405181 -0.03468859 0.07935672 0.04145181 -0.02315491 0.07941979 0.04205179 -0.02068859 0.07808941 0.02939379 -0.009228348 0.07816022 0.0300675 -0.006780028 0.08057111 0.05300563 -0.0239253 0.08054327 0.05274069 -0.03189742 0.07928198 0.04074072 -0.01789742 0.07682818 0.01739382 0.00477159 0.07921683 0.04012095 -0.01050585 0.07689893 0.01806747 0.00721991 0.07802075 0.0287407 -0.003897428 0.07675951 0.01674073 0.01010251 0.07942914 0.04214084 -0.007529139 0.07808941 0.02939379 0.00477159 0.07816022 0.0300675 0.00721991 0.08057111 0.05300563 -0.009925305 0.08054327 0.05274069 -0.01789742 0.07928198 0.04074072 -0.003897428 0.07682818 0.01739382 0.01877158 0.07921683 0.04012095 0.003494083 0.07689893 0.01806747 0.0212199 0.07802075 0.0287407 0.01010251 0.07675951 0.01674073 0.0241025 0.08068108 0.05405181 -0.02068859 0.07942914 0.04214084 0.006470799 0.07808941 0.02939379 0.01877158 0.07816022 0.0300675 0.0212199 0.08049285 0.05226117 -0.003592014 0.07930696 0.04097837 0.009801864 0.07682818 0.01739382 0.03277158 0.07689893 0.01806747 0.03521996 0.07930982 0.04100561 0.01807463 0.07802075 0.0287407 0.0241025 0.08057111 0.05300563 0.004074633 0.08068031 0.0540446 -0.006218314 0.07675951 0.01674073 0.0381025 0.08068108 0.05405181 0.007311344 0.07941979 0.04205179 0.02131134 0.07808941 0.02939379 0.03277158 0.07816022 0.0300675 0.03521996 0.08057111 0.05300563 0.01807463 0.08054327 0.05274075 0.01010251 0.07928198 0.04074072 0.0241025 0.0791499 0.03948396 0.0312162 0.07802075 0.0287407 0.0381025 0.08068108 0.05405181 0.02131134 0.07935672 0.04145181 0.03284502 0.07941979 0.04205179 0.0353114 0.08057111 0.05300563 0.03207463 0.08054327 0.05274069 0.0241025 0.07928198 0.04074072 0.0381025 0.08068108 0.05405181 0.03531134 0.08054327 0.05274069 0.0381025 -0.05772519 0.05303406 0.05557405 -0.05915397 0.05003488 0.05525887 -0.05521994 0.05406749 0.05568271 -0.05772519 0.04103404 0.05431282 -0.05915397 0.03803485 0.05399757 -0.05531138 0.04205179 0.05441981 -0.04372519 0.05303406 0.05557405 -0.05277162 0.05339384 0.0556119 -0.05098968 0.0509898 0.05535924 -0.04515397 0.05003488 0.05525887 -0.04131138 0.05405181 0.05568104 -0.05207467 0.04100561 0.05430984 -0.05810248 0.0287407 0.05302077 -0.05521994 0.0300675 0.05316019 -0.04372519 0.04103404 0.05431282 -0.04515397 0.03803485 0.05399763 -0.04047077 0.04214084 0.05442917 -0.05277162 0.02939379 0.05308938 -0.0284543 0.05396771 0.05567222 -0.03807467 0.05300563 0.05557107 -0.03104299 0.0508151 0.05534088 -0.03749406 0.04012095 0.05421686 -0.05772519 0.01703405 0.05179035 -0.05915397 0.01403486 0.0514751 -0.05512797 0.01808178 0.05190044 -0.04410248 0.0287407 0.05302077 -0.05082875 0.02652919 0.05278831 -0.04121994 0.0300675 0.05316019 -0.04505807 0.02516216 0.05264461 -0.05164939 0.01658713 0.05174332 -0.03010249 0.04074072 0.054282 -0.02731138 0.04205179 0.05441981 -0.03105807 0.03716212 0.0539059 -0.03877156 0.02939379 0.05308938 -0.01610249 0.05274069 0.05554324 -0.02407467 0.05300563 0.05557107 -0.01331132 0.05405181 0.05568104 -0.01705807 0.04916214 0.05516713 -0.02484506 0.04145181 0.05435675 -0.04372519 0.01703405 0.05179035 -0.04515397 0.01403486 0.0514751 -0.04121994 0.01806747 0.05189895 -0.03010249 0.0287407 0.05302077 -0.03682875 0.02652919 0.05278831 -0.02721995 0.0300675 0.05316019 -0.03105807 0.02516216 0.05264461 -0.03877156 0.01739382 0.05182814 -0.01610249 0.04074072 0.054282 -0.02321618 0.03948396 0.05414992 -0.01331138 0.04205179 0.05441981 -0.01705807 0.03716218 0.0539059 -0.02477157 0.02939379 0.05308938 -0.001570224 0.05314105 0.05558532 -0.01007467 0.05300563 0.05557107 -0.003047883 0.05071967 0.05533081 6.88616e-4 0.05405181 0.05568104 -0.01084506 0.04145181 0.05435675 -0.03010249 0.01674073 0.05175948 -0.03721618 0.01548397 0.05162739 -0.02721995 0.01806747 0.05189895 -0.03105807 0.01316213 0.05138337 -0.01610249 0.0287407 0.05302077 -0.02282875 0.02652919 0.05278831 -0.01321995 0.0300675 0.05316019 -0.01705807 0.02516216 0.05264461 -0.02477157 0.01739382 0.05182814 -0.002102494 0.04074072 0.054282 -0.009216189 0.03948396 0.05414992 0.001529157 0.04214084 0.05442917 -0.003058075 0.03716218 0.0539059 -0.01077157 0.02939379 0.05308938 0.01189744 0.05274069 0.05554324 0.003925263 0.05300563 0.05557107 0.01468861 0.05405181 0.05568104 0.01094186 0.04916214 0.05516713 0.004505872 0.04012095 0.05421686 -0.01610249 0.01674073 0.05175948 -0.02282875 0.01452916 0.05152708 -0.01321995 0.01806747 0.05189895 -0.01705807 0.01316213 0.05138337 -0.002102494 0.0287407 0.05302077 -0.008828759 0.02652919 0.05278831 7.8004e-4 0.0300675 0.05316019 -0.003058075 0.02516216 0.05264461 -0.01077157 0.01739382 0.05182814 0.01189744 0.04074072 0.054282 0.01468861 0.04205179 0.05441981 0.01094186 0.03716212 0.0539059 0.003228366 0.02939379 0.05308938 0.02589744 0.05274069 0.05554324 0.01792532 0.05300563 0.05557107 0.0286886 0.05405181 0.05568104 0.02494186 0.04916214 0.05516713 0.01792532 0.04100561 0.05430984 -0.002102494 0.01674073 0.05175948 -0.008828699 0.01452916 0.05152708 7.80038e-4 0.01806747 0.05189895 -0.003058075 0.01316213 0.05138337 0.01189744 0.0287407 0.05302077 0.005171239 0.02652919 0.05278831 0.01478004 0.0300675 0.05316019 0.01094186 0.02516216 0.05264461 0.003228366 0.01739382 0.05182814 0.02589744 0.04074072 0.054282 0.0286886 0.04205179 0.05441981 0.02494186 0.03716212 0.0539059 0.01722836 0.02939379 0.05308938 0.03989744 0.05274069 0.05554324 0.03192532 0.05300563 0.05557107 0.0426886 0.05405181 0.05568104 0.03894186 0.04916214 0.05516713 0.03115493 0.04145181 0.05435675 0.01189744 0.01674073 0.05175948 0.005171239 0.01452916 0.05152708 0.01478004 0.01806747 0.05189895 0.01094186 0.01316213 0.05138337 0.02589744 0.0287407 0.05302077 0.01917123 0.02652919 0.05278831 0.02878004 0.0300675 0.05316019 0.02494186 0.02516216 0.05264461 0.01722836 0.01739382 0.05182814 0.04019808 0.04097837 0.05430698 0.03278374 0.03948396 0.05414992 0.03886055 0.03793781 0.05398738 0.04268854 0.04205179 0.05441981 0.03122836 0.02939379 0.05308938 0.05389744 0.05274069 0.05554324 0.04592531 0.05300563 0.05557107 0.0566886 0.05405181 0.05568104 0.05294185 0.04916214 0.05516713 0.04592531 0.04100561 0.05430984 0.026874 0.01747977 0.0518372 0.01917123 0.01452916 0.05152708 0.02503412 0.01508772 0.05158573 0.0303846 0.01795732 0.05188739 0.03989744 0.0287407 0.05302077 0.03317123 0.02652919 0.05278831 0.04278004 0.0300675 0.05316019 0.05992531 0.05300563 0.05557107 0.03894186 0.02516216 0.05264461 0.05419808 0.04097837 0.05430698 0.05303472 0.03878509 0.05407643 0.05668854 0.04205179 0.05441981 0.04522836 0.02939379 0.05308938 0.05915492 0.04145181 0.05435675 0.06078374 0.03948402 0.05414992 0.04078876 0.01743912 0.05183291 0.03278374 0.01548403 0.05162739 0.03895699 0.01481515 0.05155712 0.04438459 0.01795732 0.05188739 0.05389744 0.0287407 0.05302077 0.04717123 0.02652919 0.05278831 0.05678004 0.0300675 0.05316019 0.05294185 0.02516216 0.05264461 0.05922836 0.02939379 0.05308938 0.06117123 0.02652919 0.05278831 0.05389744 0.01674073 0.05175948 0.04717123 0.01452916 0.05152708 0.05678004 0.01806747 0.05189895 0.05294185 0.01316213 0.05138337 0.05922836 0.01739382 0.05182814 0.06117123 0.01452916 0.05152708</float_array>
          <technique_common>
            <accessor source="#Part__Feature_009-mesh-positions-array" count="2036" stride="3">
              <param name="X" type="float"/>
              <param name="Y" type="float"/>
              <param name="Z" type="float"/>
            </accessor>
          </technique_common>
        </source>
        <source id="Part__Feature_009-mesh-normals">
          <float_array id="Part__Feature_009-mesh-normals-array" count="13611">0.06781059 0.3624584 -0.9295299 -0.01186388 0.4015884 -0.9157434 0.01064145 0.9175924 -0.3973802 0.00761485 0.9184299 -0.3955107 -0.02460044 0.9509956 0.3082246 -0.08134722 0.9576423 0.2762318 0.1570971 0.5799486 0.7993624 -0.2247517 0.2587817 0.9394247 0.06781136 0.362461 -0.9295288 -0.01186406 0.4015887 -0.9157432 0.01063966 0.9175918 -0.3973819 0.007612824 0.91843 -0.3955107 -0.02460062 0.9509954 0.3082251 -0.08134806 0.9576442 0.2762248 0.157099 0.5799473 0.7993629 -0.2247543 0.2587816 0.9394241 0.2121853 0.3683145 -0.9051641 -0.1571919 0.6379953 -0.7538255 0.1206016 0.9127658 -0.3902741 -0.1593797 0.9853677 -0.06040459 0.1373425 0.9534485 0.2684644 -0.04251068 0.5726175 0.8187198 -0.1302775 0.6040497 0.7862264 0.1612812 0.3671388 -0.9160773 -0.09370547 0.531512 -0.8418518 0.08588254 0.9155012 -0.3930418 -0.1708246 0.9686969 -0.1801255 0.1683365 0.9490818 0.2662831 -0.04251194 0.5726187 0.818719 -0.1716986 0.6169727 0.7680262 -0.09376215 0.2476432 -0.9643037 0.0836358 0.3634719 -0.9278433 -0.03841263 0.9161487 -0.398994 -0.003191888 0.9083317 -0.4182385 0.009381651 0.9615105 0.274608 -0.003194391 0.9641381 0.265382 -0.04251277 0.5726165 0.8187204 -0.01195806 0.5604042 0.8281331 0.2121891 0.3683168 -0.9051622 -0.1571919 0.6379933 -0.7538272 0.1205989 0.9127656 -0.3902754 -0.1593811 0.9853674 -0.06040591 0.1373417 0.9534494 0.2684616 -0.04251116 0.5726188 0.8187189 -0.1302771 0.6040514 0.786225 0.2121872 0.3683147 -0.9051635 -0.1571921 0.6379963 -0.7538244 0.1206014 0.9127663 -0.3902731 -0.1593815 0.9853673 -0.06040591 0.1373417 0.953449 0.268463 -0.04251056 0.5726175 0.8187198 0.2121852 0.3683149 -0.9051639 -0.1571915 0.6379957 -0.7538253 0.1205999 0.912766 -0.3902741 -0.1593811 0.9853674 -0.06040567 0.1373419 0.9534488 0.2684633 -0.04251152 0.5726173 0.8187199 -0.1302767 0.6040502 0.7862262 -0.1995285 0.2331754 -0.9517446 0.1619831 0.606711 -0.7782437 -0.138379 0.8970965 -0.4196059 0.1647868 0.9800238 -0.1113502 -0.2128694 0.9179439 0.3347623 0.2451528 0.6378054 0.73014 -0.2361239 0.2338705 0.9431597 0.09053295 0.6074773 -0.7891612 -0.09605318 0.7033831 -0.7042912 0.1039887 0.9881355 -0.1130258 0.007719218 0.9987231 -0.04992628 -0.1167655 0.8258782 0.551626 0.2031843 0.6474404 0.7345319 -0.1973269 0.186014 0.9625285 0.09053534 0.6074738 -0.7891635 -0.09605073 0.7033883 -0.7042863 0.1039888 0.9881355 -0.1130258 0.007719397 0.9987232 -0.04992663 -0.1167662 0.8258773 0.5516272 0.2117383 0.6408144 0.7379186 -0.2038161 0.1850792 0.9613558 -0.06385189 0.4623805 -0.8843796 0.116426 0.6075664 -0.7856896 -0.1038527 0.9116461 -0.397638 0.1624476 0.980406 -0.1114228 -0.1465776 0.9602974 0.2373691 0.1006587 0.6453335 0.7572401 0.1106769 0.6405987 0.759858 -0.1275569 0.01070326 0.9917736 -0.1763478 0.3807592 -0.9077026 0.1484783 0.7012186 -0.697314 -0.1218741 0.9094678 -0.3975111 0.1094658 0.9926685 -0.0512498 -0.1539601 0.9386411 0.3086246 0.1793516 0.7862316 0.5913314 -0.1859712 0.2648854 0.9461768 0.04622197 0.1265093 0.9908879 0.06781148 0.36246 -0.9295292 -0.01186299 0.4015907 -0.9157424 0.01041668 0.9144675 -0.4045253 -0.003030955 0.9182777 -0.3959254 -0.1116859 0.9624658 0.2473579 -0.002902507 0.9514969 0.3076449 0.1660587 0.5859602 0.7931426 -0.2247529 0.2587803 0.9394248 0.03252798 0.1347657 -0.9903435 -0.1429852 0.2412859 -0.9598627 0.1386426 0.7428847 -0.654905 -0.1351158 0.8942345 -0.4267184 0.1324257 0.9911795 0.005185961 -0.1027179 0.9659118 0.2376207 -0.05177158 0.6190789 0.7836204 0.08680784 0.5718913 0.8157235 0.1326578 0.2234836 -0.9656382 -0.1202648 0.3891227 -0.9133017 0.1149027 0.8447201 -0.5227288 -0.08118838 0.9170455 -0.3904308 -0.1235431 0.961502 0.2454611 0.05477619 0.9413126 0.3330619 0.1575669 0.5799434 0.7992736 -0.2188984 0.2519904 0.9426475 -0.09376394 0.2476448 -0.9643031 0.08363771 0.3634727 -0.9278429 -0.03841394 0.9161497 -0.3989913 -0.003192007 0.9083312 -0.4182397 0.009382724 0.96151 0.2746099 -0.003195822 0.9641389 0.2653792 -0.04251295 0.5726166 0.8187204 -0.01195883 0.5603998 0.8281359 -0.09376227 0.2476448 -0.9643032 0.08363854 0.3634728 -0.9278427 -0.03841406 0.9161509 -0.3989887 -0.003192186 0.9083306 -0.418241 0.009381532 0.9615105 0.2746081 -0.003195822 0.9641388 0.2653799 -0.04251229 0.572616 0.8187208 -0.01195752 0.5604037 0.8281334 -0.09376609 0.2476432 -0.9643033 0.08363837 0.3634718 -0.9278431 -0.03841245 0.9161497 -0.3989917 -0.003193199 0.9083322 -0.4182373 0.009381949 0.96151 0.2746101 -0.003195822 0.9641381 0.265382 -0.04251366 0.5726162 0.8187205 -0.01195704 0.5604042 0.8281331 -0.09376227 0.2476416 -0.964304 0.08364039 0.363475 -0.9278417 -0.03841733 0.9161493 -0.398992 -0.003192245 0.908331 -0.4182398 0.009382903 0.9615102 0.274609 -0.003194034 0.9641386 0.26538 -0.04251623 0.5726171 0.8187198 -0.01195693 0.5604048 0.8281325 -0.1960849 0.2336955 -0.9523326 0.1707748 0.6998677 -0.6935569 -0.1426288 0.8931338 -0.4265784 0.1094676 0.9926682 -0.05125218 -0.1007554 0.96612 0.2376148 0.1247255 0.7907794 0.5992593 -0.1891756 0.5440642 0.8174391 0.1779631 0.1383132 0.9742683 -0.1252729 0.1384751 -0.9824111 0.156483 0.3669757 -0.9169743 -0.1432205 0.7965849 -0.5873165 0.1087604 0.9138237 -0.3912768 0.009379982 0.9615096 0.2746115 -0.06372421 0.973411 0.2200235 -0.04251194 0.5726175 0.8187198 -0.01195502 0.5604006 0.8281354 -0.09375828 0.2476432 -0.964304 0.08363354 0.3634719 -0.9278435 -0.03841346 0.9161487 -0.3989937 -0.003194689 0.9083314 -0.418239 0.009382605 0.9615107 0.2746074 -0.003194689 0.9641389 0.2653791 -0.04251343 0.572614 0.8187221 -0.01195704 0.560404 0.8281332 -0.1995234 0.233177 -0.9517452 0.1619839 0.6067074 -0.7782465 -0.1383776 0.8970985 -0.4196022 0.164787 0.9800238 -0.1113502 -0.2128698 0.9179447 0.3347595 0.2451512 0.6378057 0.7301403 -0.2102304 0.2609977 0.9421696 0.05304706 0.6253854 -0.7785109 -0.1050704 0.5721836 -0.8133673 0.1180786 0.9641627 -0.237588 -0.1428282 0.9892489 0.03141343 0.1384663 0.8937492 0.426661 -0.1655683 0.6948215 0.6998644 0.1960834 0.2336941 0.9523331 -0.1779635 0.1383136 -0.9742681 0.1891756 0.5440642 -0.8174391 -0.1323067 0.7948865 -0.5921574 0.1074975 0.9653927 -0.2376158 -0.1101075 0.990656 0.08048081 0.1384634 0.8937487 0.4266629 -0.1655678 0.6948193 0.6998667 0.1960812 0.2336938 0.9523337 0.04251033 0.5726159 -0.8187209 0.01195722 0.5604016 -0.8281348 0.003198623 0.9641371 -0.2653854 -0.00937879 0.9615096 -0.2746112 0.003191113 0.9083333 0.4182351 0.03841602 0.9161495 0.3989917 -0.08364272 0.3634727 0.9278424 0.09376072 0.2476438 0.9643037 0.04251134 0.5726185 -0.8187192 0.01195472 0.5604047 -0.8281327 0.003198921 0.9641379 -0.2653827 0.003189265 0.9083325 0.4182368 0.03841739 0.9161499 0.3989906 -0.08364224 0.3634727 0.9278424 0.09376043 0.2476446 0.9643036 0.0425148 0.5726176 -0.8187195 0.01195657 0.5604032 -0.8281337 0.003195643 0.9641383 -0.2653812 -0.009381949 0.9615098 -0.2746106 0.003193378 0.9083316 0.4182386 0.03841334 0.9161487 0.3989937 -0.08363902 0.3634735 0.9278424 0.09376311 0.2476427 0.9643037 0.04251247 0.5726184 -0.818719 0.01195514 0.5604011 -0.8281352 0.003198087 0.964138 -0.2653819 -0.009379863 0.9615096 -0.2746112 0.003191113 0.9083325 0.4182368 0.03841561 0.9161495 0.3989919 -0.08364546 0.363474 0.9278417 0.09376519 0.2476437 0.9643032 0.01195365 0.5604016 -0.8281348 0.003198802 0.9641374 -0.2653843 -0.009379208 0.9615092 -0.2746127 0.003190517 0.9083325 0.4182368 0.03841561 0.9161504 0.3989896 -0.0836398 0.3634728 0.9278426 0.0937606 0.2476438 0.9643037 0.04251188 0.5726179 -0.8187194 0.1027528 0.594779 -0.7972954 -0.1128448 0.9562271 -0.2699925 0.1498304 0.9886868 -0.007032036 -0.1274005 0.9120969 0.3896775 0.111661 0.7396183 0.6636993 -0.1378623 0.3662676 0.9202402 0.08508914 0.1867737 0.9787112 0.05432456 0.631685 -0.7733194 -0.1239746 0.5722799 -0.8106332 0.1327038 0.9622811 -0.237497 -0.1506633 0.9862587 0.06778341 0.1375921 0.8938762 0.4266778 -0.1839827 0.6442647 0.7423431 0.2254419 0.2291639 0.9469212 0.203816 0.1850794 -0.9613556 -0.2052819 0.6352399 -0.7445333 0.1192463 0.8255512 -0.5515848 -0.0340498 0.9981808 0.04975795 -0.06413435 0.9955483 0.06906896 0.04413545 0.7467033 0.6636914 -0.118364 0.6467374 0.7534725 0.1701007 0.1760131 0.9695799 0.1973268 0.1860145 -0.9625284 -0.1970391 0.6418421 -0.74109 0.1192458 0.8255533 -0.5515816 -0.03404742 0.9981808 0.04975765 -0.06413608 0.995548 0.06907099 0.04413443 0.7466998 0.6636955 -0.1183664 0.6467386 0.753471 0.1701026 0.1760137 0.9695795 0.2361243 0.2338701 -0.9431597 -0.2368289 0.6326352 -0.7373498 0.2040465 0.9198219 -0.3351011 -0.1549718 0.9855962 0.06770551 0.1434103 0.8963518 0.4195081 0.2254402 0.229164 0.9469217 0.05560678 0.6379707 -0.7680503 -0.143492 0.5721641 -0.807489 0.1465773 0.9602971 -0.2373704 -0.1624484 0.9804059 0.1114227 0.1336348 0.8944427 0.426748 -0.1619859 0.6067108 0.7782434 0.199527 0.2331784 0.9517441 -0.1120227 0.4332386 -0.8942903 0.1201961 0.5551578 -0.8230144 -0.0776624 0.9160814 -0.3934 0.07605421 0.9683961 -0.2375391 -0.08423209 0.9761006 0.2003311 0.1336367 0.894443 0.426747 -0.1619864 0.6067122 0.7782422 0.1995255 0.233178 0.9517446 0.05304419 0.6253855 -0.7785111 -0.1050711 0.5721836 -0.8133671 -0.1500018 0.9879143 0.03904783 0.1438688 0.8929478 0.4265515 -0.1908065 0.6495638 0.7359754 0.2254427 0.2291657 0.9469206 0.2102304 0.260997 -0.9421697 -0.2368278 0.6326364 -0.7373492 0.204047 0.9198234 -0.335097 -0.1549726 0.985596 0.06770724 0.143408 0.8963525 0.4195073 -0.1839793 0.6442675 0.7423416 0.2254384 0.2291637 0.9469221 0.04251241 0.5726174 -0.8187198 0.01195746 0.5604049 -0.8281325 0.00319606 0.9641384 -0.2653809 -0.009381532 0.9615107 -0.2746072 0.003192126 0.9083316 0.4182386 0.03841435 0.9161497 0.3989914 -0.0836386 0.3634719 0.927843 0.09376257 0.247644 0.9643034 0.04251289 0.5726162 -0.8187205 0.01195895 0.5604013 -0.828135 0.003195643 0.964139 -0.2653785 -0.009382784 0.9615098 -0.2746106 0.003192305 0.9083315 0.4182389 0.03841322 0.9161503 0.39899 -0.08363783 0.3634725 0.927843 0.09376382 0.247646 0.9643028 0.04251247 0.5726179 -0.8187194 0.01195764 0.5604032 -0.8281337 0.00319451 0.9641382 -0.2653817 -0.009381532 0.9615104 -0.2746084 0.003192245 0.9083316 0.4182386 0.03841269 0.9161493 0.3989925 -0.08363813 0.363472 0.9278432 0.09376257 0.2476431 0.9643036 0.04251253 0.5726142 -0.818722 0.01195758 0.5604046 -0.8281326 0.00319451 0.9641389 -0.2653794 -0.009382545 0.9615108 -0.274607 0.00319457 0.9083313 0.4182395 0.0384137 0.9161489 0.3989933 -0.07904213 0.3943066 0.9155734 0.1289458 0.2431619 0.9613768 0.05304789 0.6253844 -0.7785117 -0.1050696 0.5721821 -0.8133684 0.1180784 0.964163 -0.2375866 -0.1428291 0.9892488 0.03141331 -0.1655666 0.6948195 0.6998669 0.1960834 0.2336959 0.9523327 0.04251021 0.5726191 -0.8187187 0.01195394 0.5604006 -0.8281355 0.003197968 0.964138 -0.2653819 -0.009379088 0.9615101 -0.2746098 0.003192245 0.9083325 0.4182368 0.03841799 0.9161503 0.3989894 -0.08364522 0.363473 0.9278421 0.09376209 0.2476434 0.9643037 0.04251706 0.572617 -0.8187199 0.01195722 0.5604017 -0.8281347 0.003194928 0.9641385 -0.2653807 -0.00938189 0.9615104 -0.2746084 0.003193378 0.9083308 0.4182404 0.03841698 0.9161499 0.3989908 -0.08363991 0.3634769 0.927841 0.09376263 0.2476433 0.9643036 0.2188984 0.2519907 -0.9426475 -0.2616909 0.6478695 -0.7153901 0.2281665 0.9145017 -0.334106 -0.1641473 0.9692874 0.1831328 0.1097068 0.9008861 0.419963 -0.1407412 0.5332891 0.8341431 0.1894164 0.2346879 0.9534376 0.8962427 0.4088757 -0.1719586 0.6984713 0.7015861 0.1411204 0.3830058 0.9156793 -0.121811 0.04352474 0.9918423 0.1198109 -0.2666474 0.9579027 -0.1064026 -0.6116395 0.7832541 0.1114016 -0.8158525 0.5577763 -0.1525469 -0.9705481 0.1509262 0.18777 0.964303 0.2476458 -0.09376215 0.9278424 0.3634735 0.08363902 0.3989908 0.91615 -0.03841584 0.4182363 0.9083327 -0.003191053 -0.2746112 0.9615096 0.009379684 -0.2653824 0.964138 -0.003198266 -0.8187203 0.5726166 -0.04251295 -0.8281335 0.5604035 -0.01195603 0.9269229 0.3639441 0.09142541 0.9036523 0.4269523 -0.03352987 0.3969226 0.9176155 0.02084356 0.381451 0.9243835 -0.003229677 -0.2746081 0.9615105 0.009378731 -0.2653772 0.9641395 -0.003201127 -0.8187218 0.5726141 -0.04251813 -0.8281326 0.5604048 -0.01195693 0.9643032 0.247644 -0.0937649 0.9278414 0.3634757 0.08364081 0.3989924 0.9161493 -0.03841435 0.4182401 0.9083309 -0.003192543 -0.274608 0.9615105 0.009382426 -0.2653784 0.9641391 -0.003194689 -0.81872 0.5726171 -0.04251378 -0.8281329 0.5604044 -0.01195913 0.9523332 0.2336952 -0.1960819 0.6935538 0.6998701 0.1707776 0.419375 0.8954155 -0.1495183 -0.0304414 0.985154 0.1689522 -0.2666512 0.9581491 -0.104151 -0.828424 0.5597399 -0.02012634 -0.8587476 0.4925146 0.1413583 0.9643039 0.2476422 -0.09376311 0.9278417 0.3634756 0.08363723 0.3989913 0.9161499 -0.03841209 0.4182404 0.9083309 -0.003192722 -0.27461 0.96151 0.009382426 -0.2653799 0.9641388 -0.003195464 -0.8187182 0.5726198 -0.04251134 -0.8281323 0.5604051 -0.01195913 0.9643036 0.2476426 -0.09376406 0.9278421 0.3634747 0.08363741 0.3989948 0.9161482 -0.03841388 0.4182368 0.9083324 -0.003192186 -0.2746108 0.9615098 0.009382188 -0.2653795 0.9641388 -0.003196179 -0.8187184 0.5726193 -0.04251289 -0.8281342 0.5604025 -0.01195645 0.9643036 0.2476434 -0.09376299 0.9278422 0.3634742 0.08363854 0.3989919 0.9161495 -0.03841406 0.4182391 0.9083315 -0.003192424 -0.2746082 0.9615104 0.009383976 -0.2653796 0.9641388 -0.003196895 -0.8187207 0.5726162 -0.04251217 -0.8281337 0.5604031 -0.01195961 0.9643036 0.2476431 -0.09376311 0.9278425 0.3634739 0.08363741 0.3989903 0.9161502 -0.03841263 0.41824 0.9083311 -0.003192722 -0.2746092 0.9615103 0.009383738 -0.2653794 0.9641389 -0.003195464 -0.8187206 0.5726161 -0.04251343 -0.8281332 0.5604039 -0.01195961 0.964303 0.2476449 -0.09376424 0.9278433 0.3634722 0.08363527 0.3989921 0.9161496 -0.03841131 0.4182389 0.9083315 -0.003192722 -0.2746098 0.96151 0.009381592 -0.2653802 0.9641386 -0.003195464 -0.8187205 0.5726163 -0.04251295 -0.8281324 0.5604051 -0.01195704 0.9269233 0.363943 0.09142714 0.9036519 0.426953 -0.03353142 0.3969269 0.9176135 0.02084457 0.3814552 0.9243817 -0.003238558 -0.2762635 0.9546443 -0.1110531 -0.3354879 0.9420395 -0.003100275 -0.7992762 0.5799416 0.1575606 -0.9431577 0.23387 -0.2361323 0.9133557 0.3675607 0.1751589 0.8249533 0.5551002 -0.1063756 0.3927692 0.915261 0.08960902 0.1723604 0.9711123 -0.1650235 -0.2662831 0.9490818 0.1683363 -0.8187199 0.5726172 -0.04251301 -0.7680225 0.6169781 -0.1716954 0.9738088 0.2094996 -0.08835297 0.9225664 0.3656251 0.1232457 0.5504137 0.8269658 -0.1147705 0.3925966 0.9151037 0.09194177 -0.2746131 0.9615091 0.009381592 -0.2278089 0.9722362 -0.05347937 -0.8187202 0.5726169 -0.04251062 -0.8281335 0.5604035 -0.01195502 0.9051634 0.3683159 0.2121851 0.7538262 0.6379945 -0.1571914 0.3902744 0.9127657 0.1206018 0.06040531 0.9853674 -0.1593809 -0.2684645 0.9534483 0.1373432 -0.8187201 0.5726171 -0.04251164 -0.7862238 0.604053 -0.1302778 0.9051628 0.368317 0.2121863 0.7538269 0.6379933 -0.1571933 0.390275 0.9127654 0.1206016 0.06040477 0.9853674 -0.1593809 -0.2684646 0.9534483 0.1373429 -0.8187212 0.5726156 -0.0425117 -0.7862241 0.6040529 -0.1302756 0.9051626 0.3683174 0.2121863 0.7538264 0.6379945 -0.1571912 0.3902748 0.9127657 0.1206008 0.06040614 0.9853673 -0.159382 -0.2684642 0.9534484 0.1373437 -0.8187201 0.5726171 -0.0425105 -0.7862241 0.6040524 -0.130279 0.9051632 0.3683165 0.2121855 0.7538247 0.6379954 -0.1571949 0.3902755 0.9127653 0.1206017 0.06040549 0.9853674 -0.1593815 -0.2684648 0.9534485 0.1373413 -0.818722 0.5726143 -0.04251194 -0.7862236 0.6040529 -0.1302789 0.9643033 0.247645 -0.09376209 0.9278423 0.3634741 0.08363831 0.398992 0.9161494 -0.03841572 0.4182383 0.9083319 -0.003189802 -0.2746131 0.9615091 0.009379982 -0.265382 0.9641381 -0.003198266 -0.8187196 0.5726178 -0.04251068 0.9643043 0.2476413 -0.09376168 0.9278413 0.3634765 0.08363956 0.3989925 0.916149 -0.03841859 0.4182391 0.9083314 -0.003189325 -0.2746121 0.9615094 0.009379684 -0.2653809 0.9641383 -0.003199696 -0.8187201 0.5726169 -0.04251188 -0.8281313 0.5604069 -0.01195609 0.9821342 0.1430997 0.1222094 0.9099561 0.3837757 -0.1571499 0.65654 0.743502 0.1271224 0.3975688 0.910233 -0.115823 -0.005185782 0.9911797 0.1324236 -0.308135 0.934669 -0.1773321 -0.7509682 0.62185 0.2221474 -0.9394247 0.2587813 -0.2247524 0.9295297 0.3624583 0.0678125 0.915745 0.4015852 -0.01186209 0.4045215 0.9144692 0.01041692 0.3959273 0.918277 -0.003030896 -0.2473539 0.9624668 -0.1116865 -0.307648 0.9514958 -0.002900242 -0.7931451 0.5859565 0.1660598 -0.9394244 0.2587834 -0.2247511 0.964303 0.2476449 -0.09376537 0.9278406 0.3634791 0.08363527 0.398991 0.9161503 -0.03840523 0.4247753 0.9052533 0.009083092 -0.2368575 0.9713044 -0.0215947 -0.274032 0.9613421 0.02697998 -0.8187185 0.5726193 -0.04251331 -0.8241033 0.5658684 -0.02543324 0.9278417 0.363476 0.08363693 0.3989905 0.9161503 -0.0384103 0.424775 0.9052534 0.009084582 -0.3082251 0.9509954 -0.02459955 -0.2762292 0.9576426 -0.08135294 -0.7993612 0.5799502 0.1570971 -0.9398276 0.2405411 -0.2426193 0.9295296 0.3624594 0.06780821 0.9157441 0.4015868 -0.0118646 0.4045218 0.9144691 0.0104143 0.395927 0.9182771 -0.00303018 -0.2473551 0.9624668 -0.1116832 -0.3076469 0.9514962 -0.002902388 -0.7931442 0.5859575 0.1660608 -0.9394243 0.2587806 -0.2247547 0.9643028 0.2476459 -0.09376436 0.9278416 0.3634766 0.08363533 0.39899 0.9161506 -0.03841024 0.4247751 0.9052535 0.009083867 -0.2368566 0.9713045 -0.02160042 -0.2740328 0.9613418 0.02698403 -0.8187203 0.5726164 -0.04251623 -0.8241034 0.5658682 -0.02543514 0.9903437 0.1347641 0.03252828 0.9598626 0.2412857 -0.1429865 0.6549016 0.7428882 0.1386403 0.4267191 0.8942338 -0.1351184 -0.005184412 0.9911791 0.1324278 -0.2376185 0.9659126 -0.1027147 -0.783621 0.6190785 -0.05176764 -0.8157268 0.5718871 0.08680391 0.9269223 0.3639457 0.09142535 0.9036515 0.4269542 -0.03353023 0.3969236 0.9176151 0.02084362 0.3882244 0.9215363 0.007250428 -0.3082239 0.9509958 -0.02459949 -0.2762285 0.9576428 -0.08135271 -0.7993621 0.5799503 0.1570922 -0.9398289 0.2405384 -0.242617 0.7532653 0.652765 0.08055657 0.7041292 0.7087261 -0.04369783 0.03989928 0.9981745 0.04534029 0.04955804 0.9969248 0.06070572 -0.5515541 0.8253298 -0.1209086 -0.7510499 0.6296012 0.1988126 -0.9599482 0.2113767 -0.1839009 0.9783854 0.07758516 0.1916837 0.9099585 0.3837721 -0.1571457 0.6565382 0.743503 0.1271256 0.3903487 0.9125958 -0.1216425 -0.005176782 0.9901353 0.1400191 -0.2666258 0.957098 -0.1134642 -0.7781339 0.6272438 -0.03275889 -0.809198 0.579384 0.09753417 0.9082353 0.3814456 -0.1720697 0.7423793 0.651439 0.1565259 0.3903136 0.9121764 -0.1248586 0.03898757 0.9870541 0.1555771 -0.3354362 0.9217764 -0.1944507 -0.7444525 0.6273706 0.2284656 -0.943159 0.2338726 -0.2361243 0.9469215 0.2291633 -0.2254415 0.7359747 0.6495643 0.190807 0.4193594 0.8953363 -0.150036 0.03898763 0.9870541 0.1555774 -0.3354356 0.9217762 -0.1944525 -0.7444514 0.6273714 0.228467 -0.9431598 0.2338702 -0.2361237 0.7891628 0.6074747 0.09053492 0.7042878 0.7033867 -0.09605145 0.1130277 0.988135 0.103991 0.04992389 0.9987233 0.007718086 -0.5516268 0.8258776 -0.1167653 -0.7345314 0.6474407 0.2031849 -0.9625281 0.1860151 -0.1973276 0.9469217 0.2291628 -0.2254415 0.7359746 0.6495647 0.190807 0.4193592 0.8953364 -0.150036 0.03898763 0.987054 0.1555776 -0.2665519 0.955359 -0.1274339 -0.7785103 0.6253862 -0.05304586 -0.8155871 0.5658577 0.1209252 0.9111301 0.3854847 -0.1457518 0.7856885 0.6075677 0.1164268 0.3904533 0.9143666 -0.1071462 0.1113506 0.980024 0.164785 -0.3347601 0.9179456 -0.2128651 -0.7301381 0.6378079 0.2451519 -0.9421697 0.2609969 -0.2102309 0.900001 0.4145932 -0.1345764 0.787532 0.6075705 0.1032061 0.383126 0.9183323 -0.09939986 0.1113512 0.9800238 0.1647864 -0.3347599 0.9179444 -0.2128707 -0.7264839 0.644331 0.2388702 -0.9439681 0.2344987 -0.2322387 0.8974983 0.4106351 -0.16086 0.7441312 0.6518503 0.1461507 0.3830346 0.9160888 -0.1186001 0.03898811 0.9870537 0.1555793 -0.2665507 0.9553597 -0.1274312 -0.7733802 0.6300586 -0.07006603 -0.8155852 0.5658603 0.1209256 0.8587473 0.4925152 -0.1413577 0.7850393 0.6010782 0.1497276 0.0309751 0.9946717 -0.09833014 -0.06038731 0.9971927 0.0442745 -0.7108964 0.702497 -0.03353214 -0.7568394 0.6509345 0.05897927 0.8187198 0.5726174 0.04251259 0.8281339 0.5604031 0.01195454 0.2653807 0.9641385 0.00319904 0.2746127 0.9615092 -0.009380578 -0.4182397 0.9083312 0.003191113 -0.398991 0.9161498 0.03841555 -0.9278405 0.3634781 -0.08364021 -0.9643043 0.2476409 0.09376221 0.8903741 0.4427447 0.105883 0.9261096 0.3770494 -0.01244062 0.5453574 0.8299247 -0.1175184 0.2690275 0.9520389 0.1457607 -0.1460245 0.9818407 -0.1211023 -0.426766 0.8946052 0.1324856 -0.7675723 0.6165673 -0.1751503 -0.9484637 0.2304034 0.2175569 0.8019971 0.5802164 -0.1419503 0.651179 0.7458075 0.1404889 0.2704539 0.9570118 -0.1048007 -0.03469413 0.9918835 0.1223254 -0.3896778 0.912097 -0.1273984 -0.6636997 0.739618 0.1116603 -0.9202415 0.3662669 -0.1378563 -0.978711 0.1867733 0.085092 0.9317441 0.2804298 -0.2306775 0.8223176 0.5383386 0.1843518 0.2653803 0.9641386 0.00319463 0.3395895 0.9351707 -0.1006715 -0.4182395 0.9083313 0.003193378 -0.3989924 0.9161494 0.03841328 -0.9278429 0.3634728 -0.08363687 -0.9643036 0.2476427 0.09376388 0.9670966 0.1521536 -0.2038959 0.8239834 0.541214 0.1677464 0.6116411 0.783253 -0.1114006 0.2666481 0.9579026 0.1064025 -0.04352337 0.9918422 -0.1198116 -0.4193739 0.8954157 0.1495203 -0.693551 0.6998728 -0.170778 -0.952334 0.2336915 0.1960822 0.8187205 0.5726164 0.04251235 0.8281341 0.5604025 0.0119577 0.2653793 0.9641389 0.003195583 0.2746104 0.96151 -0.009380578 -0.4182367 0.9083325 0.003192245 -0.3989943 0.9161486 0.03841286 -0.9278429 0.3634728 -0.08363711 -0.9643033 0.2476441 0.09376305 0.818719 0.5726186 0.04251372 0.8281336 0.5604033 0.01195847 0.2653797 0.9641386 0.003196299 0.2746096 0.9615101 -0.009382605 -0.4182381 0.9083319 0.003192245 -0.3989934 0.9161488 0.03841459 -0.9278421 0.3634745 -0.08363825 -0.9643037 0.247643 0.09376257 0.8187183 0.5726194 0.04251313 0.8281351 0.5604011 0.01195746 0.2653801 0.9641387 0.003194987 0.2746099 0.96151 -0.009382665 -0.4182398 0.9083311 0.003192245 -0.3989938 0.9161487 0.03841412 -0.9278419 0.363475 -0.08363896 -0.964304 0.2476421 0.09376215 0.8187192 0.5726183 0.04251372 0.828134 0.5604028 0.01195776 0.2653805 0.9641386 0.003195583 0.2746094 0.9615101 -0.009381294 -0.4182372 0.9083323 0.003191113 -0.398994 0.9161486 0.03841352 -0.9278429 0.3634728 -0.0836364 -0.9643039 0.247642 0.09376323 0.8587459 0.4925175 -0.1413577 0.8284257 0.5597375 0.02012479 0.2280721 0.9676714 0.1076815 0.03047347 0.9857923 -0.165182 -0.550344 0.8264321 0.1188768 -0.7018731 0.7024866 -0.1178425 -0.9676169 0.2014021 0.1521675 0.8019977 0.5802159 -0.1419484 0.6511796 0.7458073 0.1404874 0.2704588 0.9570104 -0.1048012 -0.03469604 0.9918837 0.1223235 -0.389676 0.9120978 -0.1273984 -0.6637009 0.7396172 0.1116581 -0.9202406 0.3662674 -0.1378605 -0.9787116 0.1867708 0.08509081 0.8187204 0.5726169 0.04251003 0.8281331 0.5604041 0.01195371 0.2653815 0.9641382 0.0031991 0.274612 0.9615094 -0.009380578 -0.4182405 0.9083307 0.003188848 -0.3989921 0.9161491 0.03841942 -0.9278424 0.3634735 -0.08364051 -0.9643037 0.2476435 0.0937615 0.8187209 0.5726161 0.04251003 0.8281327 0.5604046 0.0119552 0.2653849 0.9641373 0.003197789 0.2746123 0.9615093 -0.009379208 -0.4182403 0.9083309 0.003188788 -0.3989903 0.9161501 0.03841674 -0.9278411 0.363476 -0.08364158 -0.9643035 0.2476442 0.09376174 0.8187211 0.5726157 0.0425089 0.828132 0.5604057 0.01195544 0.2653818 0.9641381 0.003199517 -0.4182392 0.9083313 0.003191113 -0.3989917 0.9161496 0.03841513 -0.927841 0.3634769 -0.08364009 -0.9643036 0.2476438 0.09376168 0.8187199 0.5726172 0.04251259 0.828134 0.5604026 0.01195585 0.2653817 0.9641382 0.003201365 0.2746134 0.9615091 -0.009380578 -0.4182394 0.9083312 0.003188848 -0.3989921 0.9161492 0.03842043 -0.927841 0.3634767 -0.08364206 -0.9643037 0.2476436 0.09375977 0.8187199 0.5726175 0.04251027 0.8281335 0.5604034 0.01195555 0.2653843 0.9641374 0.00319755 0.2746129 0.9615092 -0.009379208 -0.4182394 0.9083313 0.003191113 -0.398991 0.9161497 0.03841751 -0.9278414 0.3634756 -0.08364206 -0.9643043 0.2476416 0.09375983 0.8187193 0.5726183 0.0425114 0.8281326 0.5604048 0.01195561 0.265383 0.9641379 0.003199517 -0.4182388 0.9083316 0.003188848 -0.3989906 0.91615 0.0384159 -0.9278422 0.363474 -0.0836389 -0.9643037 0.2476432 0.09376186 0.8187224 0.5726137 0.04251134 0.8281333 0.5604038 0.01195472 0.2653841 0.9641374 0.003197669 0.2746126 0.9615093 -0.009377777 -0.4182388 0.9083316 0.003191113 -0.3989921 0.9161491 0.03841847 -0.9278417 0.3634747 -0.08364129 -0.9643039 0.2476429 0.09376019 0.9807243 0.1352268 -0.1410448 0.8803253 0.427041 0.2065514 0.5878556 0.7924174 -0.1627899 0.2691915 0.9543296 0.1295797 -0.08047801 0.9906561 -0.1101084 -0.4266593 0.8937505 0.1384634 -0.6998701 0.6948159 -0.1655681 -0.9523324 0.2336954 0.1960856 0.8942912 0.4332368 -0.1120234 0.823014 0.5551586 0.1201953 0.3933961 0.9160829 -0.07766366 0.2375396 0.9683961 0.07605314 -0.1927634 0.9778559 -0.08148771 -0.426766 0.8946051 0.1324867 -0.7675738 0.6165659 -0.175149 -0.9484632 0.2304066 0.2175561 0.7785095 0.6253871 0.05304598 0.8133704 0.572179 -0.1050713 0.237585 0.9641636 0.1180764 -0.03141236 0.9892496 -0.1428234 -0.4266579 0.8937513 0.1384618 -0.69987 0.6948159 -0.1655687 -0.9523327 0.233695 0.1960841 0.7785099 0.6253868 0.05304604 0.8133693 0.5721805 -0.105071 0.2375854 0.9641638 0.1180734 -0.03904646 0.9879143 -0.1500031 -0.4265486 0.892949 0.1438692 -0.7359769 0.6495626 -0.1908048 -0.9469206 0.2291659 0.2254427 0.7680497 0.6379719 0.0556032 0.80749 0.5721632 -0.1434899 0.2373722 0.9602968 0.1465763 -0.1114225 0.9804062 -0.1624458 -0.4267479 0.8944427 0.133636 -0.7782421 0.6067128 -0.1619846 -0.9517448 0.2331764 0.1995258 0.7785114 0.6253851 0.05304211 0.8133699 0.5721799 -0.1050696 0.2375858 0.9641638 0.1180735 -0.03141117 0.9892493 -0.1428261 -0.4266583 0.8937506 0.1384659 -0.6998703 0.6948161 -0.1655664 -0.9523334 0.2336952 0.1960809 0.8133696 0.5721805 -0.1050692 -0.0314123 0.9892493 -0.1428254 -0.4266581 0.8937504 0.1384666 -0.6998707 0.6948154 -0.1655676 -0.9523327 0.2336959 0.1960829 0.8903741 0.4427456 0.1058797 0.9261093 0.3770502 -0.01244044 0.5453517 0.829929 -0.1175132 0.2690274 0.9520394 0.1457583 -0.1535261 0.9800958 -0.1258647 -0.4267452 0.894444 0.1336356 -0.778244 0.6067108 -0.1619825 -0.9517442 0.2331777 0.1995272 0.942169 0.2609985 0.2102314 0.7373495 0.6326369 -0.2368258 0.3350991 0.9198227 0.2040461 -0.06770867 0.9855956 -0.1549743 -0.4195063 0.8963531 0.1434073 -0.7423433 0.6442649 -0.1839818 -0.9469215 0.2291623 0.2254425 0.7733228 0.6316814 0.05431884 0.8125556 0.565815 -0.1400242 0.2664316 0.953535 0.1406601 -0.0677073 0.9855965 -0.1549686 -0.4195072 0.8963524 0.1434091 -0.7423423 0.6442661 -0.1839815 -0.9469219 0.2291605 0.2254427 0.9431598 0.2338702 0.2361235 0.7153937 0.6478646 -0.2616933 0.3341078 0.9145012 0.2281658 -0.1831347 0.9692874 -0.164145 -0.4199626 0.900886 0.1097079 -0.8341448 0.5332856 -0.1407449 -0.9534367 0.2346917 0.1894158 0.7733202 0.6316844 0.05432289 0.8125578 0.5658127 -0.1400208 0.2664321 0.9535349 0.1406604 -0.06770724 0.9855962 -0.1549705 -0.4195077 0.8963522 0.1434088 -0.7423427 0.6442661 -0.1839801 -0.9469212 0.2291637 0.2254425 0.9755206 0.1999171 0.09161269 0.9856055 0.1657703 0.03319776 0.7026235 0.7021698 -0.1152299 0.5515813 0.8255531 0.1192482 -0.04975801 0.9981808 -0.03404819 -0.06906998 0.9955486 -0.06413006 -0.6636938 0.7467014 0.04413294 -0.7534722 0.6467376 -0.1183646 -0.9695797 0.1760129 0.1701022 0.9431595 0.2338718 0.2361234 0.7373494 0.632637 -0.2368255 0.3350997 0.9198226 0.2040459 -0.419508 0.8963514 0.1434128 -0.7423421 0.6442664 -0.1839814 -0.9469219 0.2291629 0.2254403 0.9699287 0.1762348 -0.1678684 0.7057414 0.6684589 0.2347167 0.2664325 0.9535342 0.1406635 -0.4195066 0.8963524 0.1434112 -0.7423433 0.6442646 -0.1839823 -0.9469215 0.2291638 0.225441 0.9166235 0.3836867 -0.1121872 0.8219228 0.5524621 0.138667 0.554506 0.8269807 -0.09287774 0.2375812 0.9641028 0.1185788 -0.1094612 0.9867833 -0.1194872 -0.426679 0.8938763 0.137588 -0.9469215 0.2291643 0.2254406 0.8587495 0.4925126 -0.1413531 0.8322737 0.5543386 0.005417525 0.2953629 0.9479585 0.1188929 0.05352962 0.9868841 -0.152297 -0.4125711 0.9010233 0.1339485 -0.6013613 0.7920527 -0.1049625 -0.9642416 0.2475277 0.09470027 -0.9832561 0.1785176 -0.03659331 1.69571e-4 1 1.64963e-4 3.61143e-5 1 -1.14345e-4 1.54655e-4 1 1.44201e-4 2.60794e-5 1 -4.40851e-5 -1.9067e-4 1 -2.05258e-4 1.52737e-5 1 2.82361e-5 1.1321e-5 1 -7.45785e-5 -2.53174e-4 1 -6.80319e-5 4.9189e-5 1 -2.93238e-6 2.54668e-5 1 -5.71471e-6 5.27972e-6 1 1.10065e-4 1.49797e-5 1 3.51818e-5 2.93869e-4 1 -1.40279e-4 -5.19618e-4 0.9999999 6.91647e-5 7.40845e-5 1 8.99116e-5 3.04241e-4 1 -5.15804e-5 9.73493e-7 1 -2.11514e-6 6.93099e-6 1 -7.52273e-5 -3.32792e-4 1 3.31844e-5 -1.11953e-5 1 2.45689e-7 2.82242e-4 1 -3.98158e-4 -4.23009e-4 0.9999999 2.28467e-4 -1.47523e-5 1 -1.16228e-6 5.75527e-5 1 -1.92946e-4 -5.43715e-5 1 -8.562e-6 -4.83527e-5 1 2.98969e-4 -2.53694e-5 1 0 -1.86351e-6 1 6.16719e-5 -6.57145e-6 1 4.39725e-6 2.55052e-4 1 5.01254e-5 -1.35487e-5 1 7.01881e-5 1.3342e-5 1 4.81881e-5 -1.35214e-5 1 -7.25465e-6 1.92841e-4 1 2.12198e-4 -1.60657e-4 1 -1.95079e-4 -1.50142e-4 1 -1.73843e-4 -8.76027e-5 1 6.56292e-5 -2.33001e-6 1 -3.07968e-6 0.9453213 0.1052919 -0.3086764 0.8367184 0.1055498 -0.5373654 0.892893 0.1037831 -0.4381451 0.2177385 0.1033227 -0.9705227 0.9658353 0.1039493 -0.2373955 0.4376279 0.1025068 -0.893294 0.7256258 0.1024398 -0.6804215 0.5822929 0.1065834 -0.8059622 0.1726651 0.104816 -0.9793878 0.001151859 0.1040934 -0.9945669 6.13686e-4 0.1031276 -0.994668 0 0.1045281 -0.994522 0 0.1045274 -0.9945221 -3.11045e-6 0.1045281 -0.994522 0 0.1045274 -0.9945221 0.001553237 0.1045305 -0.9945205 6.69461e-7 0.1045291 -0.9945219 0 0.1045285 -0.994522 0 0.1045286 -0.9945219 0 0.1045259 -0.9945223 0 0.1015419 -0.9948313 -2.20071e-6 0.1045281 -0.994522 1.75975e-6 0.1045284 -0.9945219 -6.5912e-7 0.104528 -0.994522 -1.10971e-6 0.1045287 -0.994522 -6.0007e-7 0.1045288 -0.9945219 0 0.1045293 -0.9945219 0 0.1045286 -0.994522 -1.46383e-6 0.1045288 -0.9945219 -2.55659e-6 0.1045287 -0.994522 -2.17347e-7 0.1045278 -0.994522 6.60521e-7 0.1045274 -0.9945221 -3.86958e-7 0.1045295 -0.9945219 4.45164e-6 0.1045276 -0.9945221 0 0.1045269 -0.9945221 3.59275e-6 0.1045284 -0.9945219 1.88064e-6 0.1045283 -0.9945219 6.69463e-7 0.1045293 -0.9945219 -6.63728e-7 0.1045299 -0.9945218 0 0.1045308 -0.9945217 0 0.104527 -0.9945221 -4.96386e-6 0.1045269 -0.9945222 -1.34367e-6 0.1045291 -0.9945219 0 0.1015428 -0.9948313 1.9129e-6 0.1045286 -0.9945219 1.65033e-6 0.1045275 -0.994522 0 0.104528 -0.994522 -1.15875e-6 0.1045286 -0.9945219 0 0.1045277 -0.994522 -1.13018e-6 0.1045289 -0.9945219 0.001965582 0.1047435 -0.9944974 0.002631127 0.1045247 -0.9945188 7.28453e-6 0.1045284 -0.9945219 -5.10003e-7 0.1045287 -0.994522 0.002623021 0.1045284 -0.9945185 2.97087e-6 0.1045289 -0.9945219 4.91159e-7 0.1045288 -0.9945219 0 0.1045278 -0.994522 6.63718e-7 0.1045275 -0.9945221 0 0.104529 -0.9945219 -2.55659e-6 0.1045282 -0.994522 -1.66311e-6 0.1045289 -0.9945219 0 0.1045278 -0.994522 8.5098e-7 0.1045277 -0.9945221 1.30451e-6 0.1045274 -0.994522 -6.6373e-7 0.1045302 -0.9945217 5.28991e-7 0.1045276 -0.994522 -2.94036e-6 0.104527 -0.9945221 6.59117e-7 0.1045297 -0.9945218 2.15565e-6 0.1045283 -0.994522 0.001582503 0.1057573 -0.9943907 1.88064e-6 0.1045286 -0.994522 -7.80706e-7 0.1045287 -0.994522 0 0.104529 -0.9945219 0 0.1045297 -0.9945217 7.16011e-7 0.1045274 -0.994522 -6.59121e-7 0.1045295 -0.9945218 9.21214e-7 0.104529 -0.9945219 0 0.1045278 -0.994522 0 0.1045289 -0.9945219 -3.17297e-7 0.104528 -0.994522 -1.26102e-6 0.1045272 -0.994522 0 0.1045272 -0.994522 0 0.1045286 -0.994522 -3.3867e-4 0.1100837 -0.9939222 1.24746e-6 0.1045289 -0.9945219 -2.35705e-7 0.1045284 -0.9945219 0 0.1045293 -0.9945219 2.04002e-6 0.1045289 -0.9945219 0 0.1045286 -0.9945219 -1.22034e-6 0.1045277 -0.994522 -1.44463e-7 0.1045283 -0.994522 -6.6947e-7 0.1045276 -0.9945221 0 0.1045278 -0.994522 1.55587e-6 0.1045286 -0.994522 -2.93161e-6 0.1045285 -0.9945219 2.17828e-6 0.104529 -0.9945219 -1.81842e-6 0.1045273 -0.994522 0 0.1045272 -0.994522 -2.63971e-7 0.1045282 -0.994522 -6.6373e-7 0.1045302 -0.9945217 -1.38218e-6 0.104528 -0.994522 0 0.1045273 -0.994522 0 0.1045287 -0.9945219 2.15567e-6 0.1045284 -0.9945219 -1.62996e-6 0.1045286 -0.9945219 3.76126e-6 0.1045283 -0.994522 -3.63155e-7 0.1045297 -0.9945217 0 0.1045302 -0.9945217 -1.66038e-6 0.1045286 -0.994522 -6.97711e-7 0.1045229 -0.9945225 7.1601e-7 0.1045273 -0.9945221 -6.5912e-7 0.1045292 -0.9945219 -3.92395e-7 0.1045206 -0.9945228 0 0.1045275 -0.994522 6.14141e-7 0.1045283 -0.9945219 -1.84932e-6 0.1045286 -0.9945219 -9.57185e-7 0.1045225 -0.9945225 -1.39464e-6 0.1045277 -0.994522 1.34214e-7 0.1045285 -0.994522 0 0.1045278 -0.994522 -1.10971e-6 0.1045286 -0.994522 1.391e-4 0.1087905 -0.9940647 0 0.1045287 -0.9945219 6.69473e-7 0.1045305 -0.9945217 3.57705e-7 0.1045286 -0.994522 6.63724e-7 0.1045293 -0.9945218 -1.02e-6 0.1045283 -0.9945219 0 0.104529 -0.9945219 0 0.1045276 -0.9945221 1.44463e-7 0.1045284 -0.994522 -6.63722e-7 0.104528 -0.994522 5.18624e-7 0.1045283 -0.9945219 -2.93161e-6 0.1045287 -0.9945219 -1.50182e-6 0.1045282 -0.994522 2.1783e-6 0.1045286 -0.994522 0 0.1045273 -0.994522 1.22695e-7 0.1045278 -0.994522 6.52253e-7 0.1045287 -0.994522 4.10483e-6 0.1045278 -0.994522 0 0.1045299 -0.9945217 -3.93048e-6 0.1045272 -0.9945221 6.59118e-7 0.1045297 -0.9945217 3.59278e-6 0.1045284 -0.9945219 -3.27769e-7 0.1045287 -0.9945219 1.88063e-6 0.1045283 -0.994522 2.73239e-6 0.1045272 -0.994522 0 0.1045275 -0.994522 1.08159e-6 0.1045267 -0.9945221 -4.13872e-7 0.1045276 -0.9945221 -4.3397e-6 0.1045287 -0.994522 -6.59123e-7 0.1045285 -0.994522 1.12003e-6 0.1045269 -0.9945221 9.21213e-7 0.1045289 -0.9945219 0 0.1045206 -0.9945228 8.19919e-7 0.1045289 -0.9945219 -1.1097e-6 0.1045283 -0.9945219 9.00103e-7 0.1045275 -0.9945221 0 0.1045289 -0.9945219 -2.19075e-6 0.1095056 -0.9939863 -1.0414e-6 0.1045287 -0.994522 6.81938e-7 0.1045275 -0.9945221 -5.72328e-7 0.1045284 -0.9945219 0 0.1045304 -0.9945217 1.32745e-6 0.1045293 -0.9945218 -5.1e-7 0.1045285 -0.994522 0 0.104529 -0.9945219 -1.33893e-6 0.1045271 -0.9945221 1.3724e-6 0.1045286 -0.9945219 0 0.1045279 -0.994522 -3.11177e-6 0.1045286 -0.994522 -2.9316e-6 0.1045284 -0.994522 -6.59118e-7 0.1045279 -0.994522 2.17829e-6 0.1045285 -0.994522 -1.8184e-6 0.1045275 -0.994522 6.52252e-7 0.1045284 -0.9945219 8.5098e-7 0.1045277 -0.994522 0 0.1045298 -0.9945217 5.28991e-7 0.1045273 -0.994522 -2.94036e-6 0.1045272 -0.9945221 -6.59121e-7 0.1045293 -0.9945219 3.59277e-6 0.1045283 -0.9945219 -3.07068e-7 0.1045285 -0.9945219 0 0.1045284 -0.9945219 0 0.1045292 -0.9945219 -1.4413e-6 0.1045287 -0.994522 0 0.1045255 -0.9945223 7.16009e-7 0.1045274 -0.9945221 0 0.1045283 -0.994522 9.21211e-7 0.1045282 -0.994522 0 0.1045275 -0.994522 1.84934e-6 0.1045289 -0.9945219 -5.40623e-7 0.1045278 -0.994522 0 0.10452 -0.9945229 1.90378e-7 0.104528 -0.994522 -1.26101e-6 0.1045271 -0.9945221 0 0.1045284 -0.9945219 6.00071e-7 0.104528 -0.994522 0 0.1045289 -0.9945219 0 0.1045285 -0.9945219 0 0.1045301 -0.9945217 6.63725e-7 0.1045283 -0.9945219 -1.02001e-6 0.1045286 -0.9945219 2.97087e-6 0.1045289 -0.9945219 7.22314e-7 0.1045285 -0.9945219 0 0.1045275 -0.9945221 0 0.104529 -0.9945219 -5.18625e-7 0.1045284 -0.994522 0 0.1045281 -0.994522 7.26095e-7 0.1045286 -0.994522 0 0.1045277 -0.994522 -5.93936e-7 0.1045281 -0.994522 -1.32746e-6 0.1045299 -0.9945218 0 0.1045281 -0.994522 0 0.1045274 -0.994522 -6.59119e-7 0.1045291 -0.9945219 3.59278e-6 0.1045284 -0.9945219 0 0.1045297 -0.9945219 0 0.1045283 -0.9945219 -1.32745e-6 0.1045296 -0.9945218 0 0.1045281 -0.9945219 0 0.1045241 -0.9945224 7.1601e-7 0.1045277 -0.9945221 -6.59121e-7 0.1045294 -0.9945218 1.22828e-6 0.1045271 -0.9945221 1.12003e-6 0.1045277 -0.994522 1.84933e-6 0.1045287 -0.9945219 0 0.1045273 -0.9945221 0 0.10452 -0.9945229 6.59118e-7 0.1045278 -0.994522 0 0.1045276 -0.9945221 0 0.1045285 -0.994522 0 0.1045276 -0.994522 -6.6947e-7 0.1045302 -0.9945217 -3.57705e-7 0.1045284 -0.9945219 1.32745e-6 0.1045292 -0.9945219 -1.53e-6 0.1045286 -0.994522 0 0.1045289 -0.9945219 -6.69469e-7 0.1045275 -0.9945221 6.63721e-7 0.1045292 -0.9945219 -5.18625e-7 0.1045283 -0.9945219 -2.9316e-6 0.1045286 -0.994522 0 0.104528 -0.994522 2.17829e-6 0.1045286 -0.994522 0 0.1045278 -0.994522 1.4183e-7 0.1045277 -0.994522 6.52257e-7 0.1045277 -0.994522 -1.99118e-6 0.1045295 -0.9945218 3.17398e-6 0.1045276 -0.994522 -2.94035e-6 0.1045271 -0.9945222 -1.31824e-6 0.104529 -0.9945219 3.59278e-6 0.1045283 -0.9945219 -9.21206e-7 0.1045286 -0.9945219 0 0.1045283 -0.994522 -1.23977e-6 0.1045293 -0.9945219 2.28458e-7 0.1045299 -0.9945218 3.47887e-7 0.104523 -0.9945225 6.38349e-7 0.1045297 -0.9945217 7.16005e-7 0.1045271 -0.994522 9.21214e-7 0.1045273 -0.994522 1.12003e-6 0.1045276 -0.994522 0 0.1045289 -0.9945219 -1.08125e-6 0.104528 -0.994522 0 0.1045244 -0.9945223 -1.38521e-6 0.1045277 -0.994522 0 0.1045278 -0.994522 0 0.1045289 -0.9945219 0 0.1045303 -0.9945217 -3.57705e-7 0.1045285 -0.9945219 1.32745e-6 0.1045293 -0.9945219 2.10859e-5 0.09035545 -0.9959096 -5.3815e-5 0.09071981 -0.9958765 -0.004566311 0.1006121 -0.9949153 -2.55001e-6 0.1045284 -0.9945219 2.97088e-6 0.1045288 -0.994522 -1.33894e-6 0.1045274 -0.9945221 8.66777e-7 0.1045287 -0.9945219 -6.63719e-7 0.1045277 -0.994522 -1.03726e-6 0.1045283 -0.994522 -0.01045382 0.1072825 -0.9941737 -2.93159e-6 0.1045288 -0.994522 -6.59118e-7 0.1045278 -0.994522 2.17829e-6 0.1045287 -0.994522 -3.63682e-6 0.1045279 -0.994522 6.43522e-7 0.1045276 -0.994522 4.6256e-7 0.1045281 -0.994522 -3.86961e-7 0.1045288 -0.9945219 -3.33831e-6 0.1045281 -0.994522 0 0.1045275 -0.9945221 0 0.1045289 -0.9945219 1.4371e-6 0.1045279 -0.994522 -9.21206e-7 0.1045286 -0.9945219 3.76129e-6 0.1045275 -0.994522 7.16005e-7 0.1045272 -0.994522 0 0.1045293 -0.9945219 6.14143e-7 0.1045286 -0.994522 0 0.1045275 -0.9945221 0 0.104529 -0.9945219 -5.40623e-7 0.1045302 -0.9945218 5.50108e-7 0.1045281 -0.994522 0 0.1045209 -0.9945228 0 0.1045281 -0.994522 4.41557e-6 0.1045287 -0.994522 -0.006525516 0.1037942 -0.9945774 0 0.1045305 -0.9945217 2.86165e-7 0.1045286 -0.994522 1.32745e-6 0.104529 -0.9945219 -5.10005e-7 0.1045289 -0.9945219 0 0.1045288 -0.994522 4.68741e-6 0.1045289 -0.9945219 -1.22178e-6 0.1045286 -0.994522 -1.52192e-6 0.1045289 -0.9945219 0 0.1045284 -0.9945219 -6.59119e-7 0.104528 -0.994522 2.90438e-6 0.1045283 -0.994522 0 0.1045296 -0.9945218 0 0.1045275 -0.9945221 -1.79153e-6 0.1045277 -0.994522 -2.98754e-7 0.1045299 -0.9945218 -3.07068e-7 0.1045285 -0.9945219 0 0.1045274 -0.9945221 -1.42047e-6 0.1045272 -0.994522 0 0.1045278 -0.994522 0 0.1045281 -0.994522 0 0.1045197 -0.9945228 0 0.1045286 -0.9945219 -7.90409e-7 0.104528 -0.994522 -4.2474e-7 0.1045278 -0.994522 -4.0726e-7 0.10453 -0.9945217 0 0.1045287 -0.9945219 0 0.1045271 -0.994522 1.07139e-6 0.1045283 -0.9945219 2.33161e-6 0.1045283 -0.9945219 5.97506e-7 0.1045276 -0.994522 -6.53269e-6 0.1045283 -0.9945219 -1.48467e-6 0.1045275 -0.994522 0 0.1045302 -0.9945218 2.24744e-7 0.1045277 -0.994522 -3.26335e-4 0.1139594 -0.9934854 -0.00749278 0.1042682 -0.9945211 -0.006556272 0.1045264 -0.9945005 -0.004440128 0.1054086 -0.9944191 -0.007065534 0.1040757 -0.9945444 -0.005353391 0.105584 -0.994396 0 0.1150785 -0.9933564 -1.50293e-4 0.1143925 -0.9934356 -0.003294527 0.1082174 -0.9941218 -2.36335e-4 0.1128884 -0.9936076 6.98959e-7 0.1150802 -0.9933562 -7.03066e-7 0.1094918 -0.9939878 0 0.1094885 -0.9939882 0 0.1094886 -0.9939882 -4.65847e-4 0.09815794 -0.9951708 -2.33412e-5 0.0908547 -0.9958642 -1.33422e-4 0.0924142 -0.9957207 2.8411e-4 0.08776938 -0.9961408 -2.36192e-5 0.09068679 -0.9958795 -0.6560574 0.1060687 -0.7472203 -0.3523648 0.1048178 -0.9299743 -0.8914352 0.1042993 -0.440982 -0.3106156 0.1036975 -0.9448623 -0.5396935 0.1030381 -0.8355323 -0.9043248 0.1054638 -0.4136109 -0.7758842 0.1031097 -0.6223924 -0.9798242 0.1034927 -0.1709794 -0.9939315 0.1099725 0.00253731 -0.9943336 0.1061309 0.006069481 -0.9945223 0.1045258 3.16937e-6 -0.994522 0.1045285 1.64795e-6 -0.994522 0.1045284 -1.81523e-6 -0.9944849 0.104526 0.008619725 -0.994522 0.104528 2.20861e-6 -0.9945216 0.1045309 -5.94945e-7 -0.9945233 0.1045155 0 -0.9945206 0.1045413 0 -0.9934042 0.1146659 0 -0.9945223 0.1045255 -1.64779e-6 -0.9945214 0.1045329 -4.75803e-6 -0.9945221 0.1045268 -2.55003e-6 -0.994522 0.1045282 -1.18225e-6 -0.994522 0.1045278 1.25197e-6 -0.9945214 0.1045337 1.04605e-6 -0.9945219 0.1045292 -1.72875e-6 -0.9945217 0.1045297 1.05786e-6 -0.9945222 0.1045263 1.07783e-6 -0.9945218 0.1045297 1.26207e-6 -0.9944852 0.1045231 0.008619189 -0.994522 0.104528 6.38768e-7 -0.9945216 0.1045318 4.22222e-7 -0.9945222 0.1045261 1.73318e-6 -0.9945213 0.1045345 -1.99676e-6 -0.994522 0.1045281 -5.35533e-7 -0.994522 0.1045284 -1.19095e-6 -0.9945219 0.1045294 0 -0.9945217 0.1045309 -4.98986e-7 -0.9945234 0.1045141 0 -0.9945706 0.1040644 -2.51127e-6 -0.9945183 0.1045621 -4.78922e-4 -0.9945706 0.1040647 -1.65668e-5 -0.9945223 0.1045253 -1.6066e-6 -0.9945214 0.1045331 -4.94372e-6 -0.9934042 0.1146661 0 -0.9945224 0.1045238 -2.29501e-6 -0.9945221 0.1045275 -5.39271e-7 -0.9945219 0.1045287 -3.61157e-7 -0.994522 0.1045281 -3.13813e-7 -0.9945225 0.1045233 -1.22374e-6 -0.9945208 0.1045392 8.57759e-7 -0.9945222 0.1045255 1.14466e-6 -0.9945222 0.1045264 2.20778e-6 -0.9945222 0.1045266 3.92985e-6 -0.9945216 0.1045309 -1.43201e-6 -0.9945219 0.1045292 -2.52413e-6 -0.9945226 0.1045224 0 -0.9945217 0.1045299 -1.21374e-7 -0.9945219 0.104529 1.29293e-6 -0.9945221 0.1045266 1.07783e-6 -0.9945212 0.1045365 7.41511e-7 -0.9945219 0.1045292 -2.22488e-6 -0.994522 0.1045272 6.91098e-7 -0.9945221 0.104527 -2.56e-7 -0.9945219 0.1045295 8.96728e-7 -0.9945218 0.1045297 5.11465e-7 -0.9945219 0.1045289 -1.86724e-6 -0.9945219 0.1045291 -4.09957e-7 -0.9945222 0.1045264 -1.19096e-6 -0.9945217 0.10453 5.18626e-7 -0.994522 0.1045286 -8.0436e-7 -0.9945225 0.1045237 1.24449e-6 -0.9944631 0.1048613 0.006874382 -0.994764 0.1021621 0.002758622 -0.9945049 0.1045256 0.00585705 -0.9945217 0.1045306 -5.75751e-7 -0.9945219 0.1045284 0 -0.9945569 0.1041958 -1.51172e-6 -0.9945203 0.1045442 -3.35245e-4 -0.9945568 0.104196 -1.13377e-5 -0.9944871 0.1048595 -4.03983e-7 -0.9944875 0.1048561 -4.96852e-5 -0.9944872 0.1048583 -3.03379e-5 -0.994522 0.1045277 3.26127e-7 -0.994522 0.1045283 1.97978e-7 -0.9945222 0.1045259 -2.14645e-6 -0.994522 0.1045278 -5.39272e-7 -0.994522 0.1045283 -4.18419e-7 -0.9945216 0.1045308 -5.05619e-7 -0.9945225 0.1045235 -9.95588e-7 -0.994522 0.1045271 1.14172e-6 -0.9945208 0.1045389 9.67592e-7 -0.9945219 0.1045293 0 -0.994522 0.1045277 1.61816e-6 -0.9945216 0.1045317 -1.43202e-6 -0.9945225 0.1045242 0 -0.9945217 0.104531 -3.89591e-7 -0.994522 0.1045271 0 -0.994522 0.1045278 0 -0.9945217 0.1045299 1.11663e-6 -0.9945219 0.1045295 1.07783e-6 -0.994522 0.1045284 9.0629e-7 -0.9945214 0.1045339 -2.22488e-6 -0.9945219 0.1045284 1.15182e-6 -0.9945217 0.1045305 1.89107e-7 -0.9945225 0.1045227 0 -0.9945222 0.1045262 1.73318e-6 -0.9945213 0.1045345 -2.28457e-7 -0.9945219 0.1045286 -1.99676e-6 -0.994522 0.1045284 -3.70755e-7 -0.9945219 0.1045292 -8.24513e-7 -0.994522 0.1045278 -3.75322e-7 -0.994522 0.1045284 2.59314e-7 -0.9945219 0.1045293 1.24449e-6 -0.9945217 0.104531 -6.14137e-7 -0.9945225 0.1045241 0 -0.9945219 0.1045292 0 -0.9945222 0.1045256 -1.6478e-6 -0.9945217 0.1045299 -4.94371e-6 -0.9945219 0.1045283 0 -0.9945225 0.1045227 1.42681e-7 -0.9945222 0.1045264 -2.29502e-6 -0.9945214 0.1045333 -4.14825e-7 -0.9944888 0.1048429 -2.07869e-5 -0.9945254 0.1044947 -3.35389e-4 -0.9944888 0.1048434 -6.56166e-6 -0.9945237 0.1045119 -2.90156e-7 -0.9952145 0.09771424 1.57212e-5 -0.9945216 0.1045309 -4.33388e-7 -0.994522 0.104528 -3.76576e-7 -0.9945225 0.104523 -1.18226e-6 -0.9945213 0.1045338 9.93746e-7 -0.9945222 0.1045256 1.2162e-6 -0.994522 0.1045285 7.15729e-6 -0.9945219 0.1045286 -5.41591e-7 -0.9945217 0.1045309 -1.85987e-6 -0.9945217 0.1045309 -1.37924e-7 -0.9945224 0.1045247 -6.42454e-7 -0.9945217 0.1045299 -2.33747e-6 -0.9945226 0.1045222 0 -0.994522 0.1045275 -1.21374e-7 -0.9945219 0.1045295 1.29294e-6 -0.9945219 0.1045292 1.07783e-6 -0.9945214 0.1045342 1.07107e-6 -0.9945217 0.1045298 9.8262e-7 -0.994522 0.104528 6.38768e-7 -0.9945216 0.1045319 4.22223e-7 -0.9945223 0.1045259 1.73317e-6 -0.9945218 0.1045294 -2.56552e-7 -0.9945216 0.1045319 -1.99677e-6 -0.9945219 0.1045291 -8.24512e-7 -0.9945221 0.1045269 2.16404e-7 -0.9945214 0.104534 -1.9931e-7 -0.9945217 0.1045306 2.59314e-7 -0.9945225 0.1045241 1.41042e-6 -0.9945217 0.104531 -5.75753e-7 -0.9945226 0.1045222 0 -0.9945719 0.1040523 -2.15937e-6 -0.9945196 0.1045499 -4.78922e-4 -0.9945719 0.1040525 -1.61966e-5 -0.9945228 0.1045204 -1.586e-6 -0.9945218 0.1045302 -4.94372e-6 -0.994522 0.1045286 1.22695e-7 -0.9945221 0.1045275 1.4268e-7 -0.994522 0.1045277 -2.1675e-6 -0.994522 0.1045277 -4.97789e-7 -0.9945219 0.1045287 -5.0562e-7 -0.994522 0.1045283 -3.66116e-7 -0.9952744 0.09710222 -1.20828e-4 -0.9945225 0.1045233 -1.203e-6 -0.9945222 0.1045254 1.10889e-6 -0.9945208 0.1045392 8.7868e-7 -0.9934139 0.1145809 0 -0.9938093 0.1110846 -0.001824438 -0.9934144 0.1145765 0 -0.9941912 0.1075354 -0.00448507 -0.9945217 0.1045306 7.15724e-6 -0.9945223 0.1045251 -6.94827e-7 -0.9945217 0.1045302 -1.85987e-6 -0.9944869 0.1048613 1.82205e-5 -0.994488 0.1048511 -8.53809e-5 -0.9944888 0.1048431 -1.1182e-4 -0.994522 0.1045281 2.94181e-7 -0.9945221 0.1045275 -2.3268e-6 -0.9945218 0.1045297 -1.21374e-7 -0.9945221 0.1045272 0 -0.9945219 0.1045292 1.29293e-6 -0.9945221 0.1045268 1.07783e-6 -0.9945217 0.1045312 6.5912e-7 -0.9945218 0.1045296 9.82624e-7 -0.994522 0.1045281 6.73769e-7 -0.9945216 0.104532 4.60607e-7 -0.9945222 0.1045265 1.61953e-6 -0.9945219 0.104529 -7.05514e-7 -0.9945223 0.1045255 -5.35533e-7 -0.9945222 0.1045265 -1.19097e-6 -0.9945225 0.104523 0 -0.994522 0.1045277 5.18625e-7 -0.9945217 0.1045311 0 -0.9945219 0.1045289 1.07855e-6 -0.9945222 0.1045268 -4.75802e-6 -0.9945226 0.1045226 3.26128e-7 -0.9945217 0.1045304 1.84043e-7 -0.9945223 0.1045245 0 -0.994522 0.104528 -5.39273e-7 -0.9945219 0.1045286 -4.33388e-7 -0.994522 0.1045284 -4.60261e-7 -0.9944911 0.1048218 -1.25278e-5 -0.9945268 0.1044826 -3.3552e-4 -0.9944911 0.1048219 -4.56787e-6 -0.994522 0.1045271 4.52655e-6 -0.994522 0.1045277 2.27642e-7 -0.9944839 0.1045249 -0.00873661 -0.9945221 0.1045277 0 -0.9945217 0.1045303 1.01623e-6 -0.9945219 0.1045287 -1.0637e-6 -0.9945222 0.1045261 0 -0.994522 0.1045275 0 -0.9945221 0.1045274 0 -0.994522 0.1045278 1.29294e-6 -0.9945219 0.1045289 1.07782e-6 -0.9945216 0.1045312 6.59121e-7 -0.9945217 0.1045307 -1.13426e-6 -0.9945222 0.1045267 1.07602e-6 -0.9945216 0.1045318 -8.24511e-7 -0.9945222 0.1045263 -2.37197e-7 -0.9945221 0.1045266 2.59315e-7 -0.9945217 0.1045305 2.80765e-7 -0.9945224 0.1045241 1.16153e-6 -0.9945221 0.1045275 0 -0.9945226 0.1045228 1.42681e-7 -0.9945219 0.1045293 -1.7631e-6 -0.9945222 0.1045259 1.75363e-7 -0.9944893 0.1048383 -1.48245e-5 -0.9945254 0.1044948 -3.35567e-4 -0.9944893 0.1048385 -7.97043e-6 -0.9945222 0.1045262 1.36583e-6 -0.9945226 0.1045227 0 -0.9945217 0.1045304 0 -0.9945222 0.1045265 1.61817e-6 -0.9945213 0.1045337 -1.43201e-6 -0.994522 0.1045285 0 -0.9945219 0.1045288 -2.22487e-6 -0.994522 0.1045274 9.21466e-7 -0.9945219 0.1045291 -2.48898e-7 -0.9945217 0.1045305 0 -0.9945219 0.1045294 -1.68393e-6 -0.9945211 0.1045365 1.89138e-7 -0.9944871 0.1048601 -3.10774e-5 -0.9945205 0.1045417 3.36021e-4 -0.9945193 0.1045533 3.3533e-4 -0.9945971 0.1038043 -0.001101195 -0.9946981 0.1028385 -3.15079e-4 -0.9945217 0.1045094 -0.002098143 -0.994779 0.1020529 3.23822e-5 -0.9947611 0.1022284 -1.12308e-5 -0.9934095 0.1146194 5.2492e-6 -0.9934039 0.1146689 0 -0.9949544 0.100328 2.97957e-4 -0.9952011 0.09785163 0 -0.9944298 0.1052905 -0.004840373 -0.994484 0.1045244 -0.008737564 -0.9021359 0.1040672 0.4187133 -0.9665449 0.1033717 0.2347454 -0.6732155 0.1056832 0.7318552 -0.8926639 0.1048687 0.4383534 -0.3398655 0.1056404 0.9345222 -0.7295302 0.1030793 0.6761364 -0.4421293 0.102727 0.8910494 -0.1724579 0.1036614 0.9795472 0.005146563 0.106952 0.994251 0.002847313 0.1113502 0.9937772 0 0.104528 0.994522 0 0.1045288 0.994522 0.007949709 0.1036356 0.9945837 0.004718899 0.1057748 0.9943789 0 0.1045286 0.9945219 1.22976e-6 0.1045283 0.994522 3.98122e-7 0.1045285 0.994522 7.05942e-7 0.1045323 0.9945215 0 0.1045257 0.9945223 0 0.1189718 0.9928976 0 0.1045286 0.994522 0 0.1045284 0.9945219 0 0.1045286 0.9945219 0 0.104528 0.994522 0 0.1045292 0.9945219 0 0.1045284 0.9945219 0 0.1045287 0.994522 -1.59769e-6 0.1045284 0.994522 0 0.1045288 0.994522 0.007020294 0.1045854 0.9944912 2.93334e-7 0.1045282 0.994522 0 0.1045285 0.9945219 0 0.1045285 0.994522 -6.59118e-7 0.1045288 0.9945219 -4.45635e-6 0.1045285 0.994522 0 0.1045283 0.994522 0 0.1045284 0.9945219 -1.31063e-6 0.1045273 0.9945221 4.53505e-7 0.1045297 0.9945217 -1.30042e-6 0.104528 0.994522 0 0.1045275 0.9945221 -2.47272e-6 0.1045279 0.994522 0 0.1189705 0.9928979 0 0.1045279 0.994522 1.17158e-6 0.1045279 0.994522 0 0.1045283 0.994522 0 0.1045289 0.9945219 0 0.1045307 0.9945217 5.9426e-6 0.1045288 0.994522 -6.75292e-6 0.1045284 0.9945219 -3.56944e-6 0.1045287 0.994522 0.00707513 0.1045678 0.9944927 0.006997466 0.1045261 0.9944975 5.01564e-6 0.1045276 0.9945221 0 0.1045276 0.994522 1.35106e-6 0.1045287 0.994522 1.22467e-6 0.1045302 0.9945218 -2.21261e-6 0.1045284 0.994522 -2.8742e-6 0.1045287 0.994522 2.94036e-6 0.1045268 0.9945221 -2.11598e-6 0.1045275 0.9945221 2.80008e-7 0.1045277 0.994522 -1.22828e-6 0.1045272 0.9945221 0.005013763 0.1020966 0.9947619 0 0.1045277 0.994522 -2.90439e-6 0.1045286 0.994522 6.59117e-7 0.1045289 0.9945219 3.31553e-6 0.1045285 0.994522 0 0.1045282 0.994522 0 0.1045306 0.9945217 0 0.1045297 0.9945218 -5.65154e-7 0.1045277 0.994522 0 0.104528 0.994522 0 0.1045201 0.9945228 -6.59119e-7 0.1045278 0.994522 -2.97088e-6 0.1045289 0.9945219 0 0.1045279 0.994522 2.04e-6 0.1045286 0.9945219 0 0.1045287 0.994522 0.002320647 0.09657818 0.9953228 0 0.1045284 0.994522 5.02103e-7 0.1045277 0.994522 -6.63725e-7 0.1045282 0.994522 -1.14466e-6 0.1045286 0.994522 0 0.1045303 0.9945217 7.40601e-7 0.1045284 0.9945219 1.14785e-6 0.1045283 0.9945219 0 0.1045288 0.994522 0 0.104528 0.994522 -2.42785e-6 0.1045284 0.9945219 1.68446e-6 0.1045285 0.994522 -3.76126e-6 0.1045285 0.994522 -3.04791e-6 0.1045286 0.994522 -2.87422e-6 0.104528 0.994522 0 0.1045289 0.9945219 0 0.1045292 0.9945219 4.2905e-7 0.1045278 0.994522 0 0.1045289 0.9945219 0 0.1045278 0.994522 4.6368e-7 0.104528 0.994522 6.11239e-7 0.1045283 0.994522 -5.65158e-7 0.1045284 0.9945219 0 0.104528 0.994522 4.39743e-6 0.1045286 0.994522 -6.51055e-7 0.1045292 0.9945219 0 0.1045287 0.994522 6.14134e-7 0.1045295 0.9945219 0 0.1045288 0.9945219 0 0.1045281 0.994522 0 0.1045205 0.9945228 -6.5912e-7 0.1045279 0.994522 1.22034e-6 0.1045281 0.994522 0 0.1045274 0.9945221 0 0.1045295 0.9945218 -8.21233e-7 0.1045278 0.994522 0 0.10453 0.9945217 1.38215e-7 0.1045295 0.9945218 -5.38928e-5 0.08989286 0.9959515 0 0.1045283 0.9945219 0 0.1045275 0.994522 6.19651e-7 0.1045297 0.9945219 3.34735e-7 0.1045298 0.9945217 -1.37608e-7 0.1045287 0.994522 -1.16169e-6 0.1045292 0.9945219 -2.09415e-6 0.1045287 0.9945219 0 0.1045274 0.994522 3.08416e-6 0.1045273 0.9945221 0 0.1045272 0.994522 -7.77939e-7 0.1045286 0.994522 8.17588e-7 0.1045283 0.9945219 0 0.1045284 0.9945219 1.31824e-6 0.1045296 0.9945218 -5.56223e-7 0.1045275 0.994522 0 0.1045281 0.994522 -4.71023e-6 0.1045279 0.994522 5.20296e-7 0.1045273 0.9945221 4.23621e-7 0.104528 0.994522 7.46806e-7 0.1045269 0.9945221 0 0.104528 0.994522 2.19872e-6 0.1045285 0.9945219 2.60422e-7 0.1045292 0.9945219 8.99514e-7 0.1045303 0.9945217 2.0745e-6 0.1045286 0.9945219 6.6373e-7 0.1045301 0.9945217 -6.14135e-7 0.1045296 0.9945219 0 0.1045302 0.9945217 0 0.1045213 0.9945228 0 0.1045276 0.9945221 1.22034e-6 0.1045278 0.994522 -6.52253e-7 0.1045272 0.994522 0 0.1045283 0.994522 4.74832e-6 0.1045292 0.9945219 -3.38155e-7 0.104528 0.994522 3.80784e-7 0.1045308 0.9945217 0 0.1045285 0.994522 -1.49085e-7 0.1045292 0.9945219 4.09322e-5 0.0903598 0.9959093 0 0.1045283 0.994522 3.34735e-7 0.10453 0.9945218 0 0.1045292 0.9945219 -2.33898e-7 0.1045289 0.9945219 -9.24665e-7 0.1045287 0.9945219 0 0.1045275 0.9945221 1.12549e-6 0.1045276 0.994522 -1.01535e-6 0.1045278 0.994522 -7.83442e-7 0.1045279 0.994522 0 0.1045279 0.994522 -4.00009e-7 0.1045296 0.9945219 1.3976e-6 0.1045279 0.994522 0 0.1045283 0.994522 2.94037e-6 0.104527 0.9945221 0 0.1045276 0.994522 0 0.1045281 0.994522 -1.73433e-7 0.1045278 0.994522 0 0.1045291 0.9945219 1.10518e-6 0.1045284 0.994522 5.20843e-7 0.1045293 0.9945219 0 0.1045297 0.9945219 0 0.1045286 0.994522 0 0.1045302 0.9945217 6.14136e-7 0.1045284 0.994522 1.05803e-6 0.1045297 0.9945217 0 0.1045282 0.994522 0 0.1045244 0.9945223 1.31824e-6 0.1045278 0.994522 1.22034e-6 0.104528 0.994522 0 0.1045276 0.9945221 0 0.1045292 0.9945219 -1.93231e-7 0.1045277 0.994522 0 0.10453 0.9945217 -6.27533e-7 0.1045315 0.9945216 0 0.1045284 0.9945219 -6.63724e-7 0.1045293 0.9945218 6.19652e-7 0.104529 0.9945219 0 0.1045305 0.9945217 -9.93958e-7 0.1045283 0.9945219 7.09979e-7 0.1045285 0.9945219 1.89293e-6 0.1045283 0.994522 -5.12965e-6 0.1045287 0.9945219 2.1119e-6 0.1045286 0.9945219 1.77834e-7 0.1045286 0.994522 -1.19439e-6 0.104529 0.9945219 8.17589e-7 0.1045284 0.994522 -5.08542e-6 0.104528 0.994522 0 0.1045284 0.9945219 -6.57011e-7 0.1045293 0.9945219 1.00564e-6 0.104529 0.9945219 6.9302e-7 0.1045292 0.9945219 -4.71022e-6 0.104528 0.994522 5.20299e-7 0.1045279 0.994522 4.23621e-7 0.1045279 0.994522 5.93152e-6 0.1045281 0.994522 0 0.1045283 0.9945219 3.31554e-6 0.1045283 0.994522 -6.51053e-7 0.104529 0.9945219 0 0.1045284 0.994522 0 0.1045299 0.9945217 0 0.104528 0.994522 0 0.1045204 0.9945228 -1.83545e-6 0.1045276 0.9945221 -6.59119e-7 0.1045278 0.994522 1.22034e-6 0.1045278 0.994522 -9.88509e-7 0.1045286 0.994522 1.79516e-7 0.1045274 0.994522 2.37415e-6 0.1045293 0.9945219 2.09334e-7 0.1045277 0.994522 0 0.104531 0.9945216 5.40683e-7 0.104527 0.9945222 0 0.1045283 0.994522 0 0.1045281 0.994522 0 0.104529 0.9945219 1.67367e-7 0.10453 0.9945218 1.63726e-7 0.1045289 0.9945219 -9.24667e-7 0.1045289 0.9945219 1.99572e-6 0.1045278 0.994522 6.97323e-7 0.1045273 0.9945221 -2.48967e-7 0.1045285 0.994522 -2.45277e-6 0.1045282 0.994522 1.00565e-6 0.1045294 0.9945219 -7.33858e-7 0.104529 0.9945219 -1.52297e-6 0.1045274 0.994522 0 0.104528 0.994522 -7.35449e-7 0.1045278 0.994522 3.29593e-4 0.1044561 0.9945294 3.30942e-4 0.1044625 0.9945288 3.37271e-4 0.1045409 0.9945206 -2.81379e-6 0.1045291 0.9945219 -7.50912e-7 0.1045288 0.9945219 4.39742e-6 0.1045286 0.9945219 1.89757e-6 0.1045287 0.994522 0 0.1045284 0.994522 -7.24556e-7 0.10453 0.9945218 1.22827e-6 0.1045285 0.9945219 0 0.1045282 0.994522 1.08125e-6 0.1045306 0.9945217 0 0.1045207 0.9945228 0 0.104529 0.9945219 1.87741e-6 0.1045274 0.9945221 0 0.1045288 0.9945219 6.63722e-7 0.104528 0.994522 4.65141e-7 0.104523 0.9945225 3.34733e-7 0.1045271 0.9945221 0 0.1045284 0.994522 -1.49731e-7 0.1045326 0.9945215 -6.63723e-7 0.1045292 0.9945219 0 0.1045286 0.994522 -3.34735e-7 0.1045303 0.9945217 -4.12826e-7 0.1045289 0.9945219 0 0.104529 0.9945219 -1.57062e-6 0.1045288 0.9945219 0 0.1108469 0.9938376 -0.001062095 0.1083407 0.9941133 -0.002348542 0.1061042 0.9943523 0 0.1108457 0.9938377 2.10953e-7 0.1045285 0.994522 -4.00014e-7 0.1045284 0.994522 -1.60291e-6 0.1045289 0.9945219 -2.8742e-6 0.1045278 0.994522 5.56222e-7 0.1045273 0.994522 0 0.1045278 0.994522 4.43855e-7 0.1045281 0.994522 0 0.1045284 0.994522 -1.26239e-7 0.1045274 0.9945221 7.46809e-7 0.1045271 0.9945221 0 0.1045284 0.994522 -9.83062e-7 0.1045292 0.9945219 3.31553e-6 0.1045283 0.994522 9.92505e-7 0.1045293 0.9945219 0 0.1045286 0.9945219 0 0.1045298 0.9945217 5.83731e-7 0.1045295 0.9945219 0 0.1045277 0.994522 0 0.104528 0.994522 2.5107e-6 0.1045294 0.9945219 -7.40718e-7 0.1045277 0.9945221 0 0.1045261 0.9945222 0 0.1045283 0.994522 -1.45326e-6 0.1045286 0.9945219 3.64226e-6 0.1045279 0.994522 -0.003926038 0.1045275 0.9945142 1.05561e-6 0.104529 0.9945219 1.1617e-6 0.1045272 0.994522 0 0.1045286 0.9945219 -3.28508e-6 0.104529 0.9945219 1.54208e-6 0.1045275 0.9945221 -6.90123e-7 0.1045278 0.994522 0 0.104529 0.9945219 -2.32934e-6 0.1045284 0.994522 -2.84736e-6 0.1045287 0.9945219 0 0.1045281 0.994522 -9.60632e-7 0.1045299 0.9945218 5.67253e-7 0.1045282 0.994522 1.45955e-6 0.1045287 0.994522 4.42069e-6 0.1045283 0.9945219 4.89604e-7 0.1045292 0.9945219 3.61774e-6 0.1045291 0.9945219 7.96737e-7 0.10453 0.9945217 -1.09271e-6 0.1045282 0.994522 0 0.1045286 0.994522 -1.39417e-7 0.1045278 0.994522 -6.97714e-6 0.104528 0.994522 1.87444e-6 0.1045285 0.9945219 -0.004007697 0.1044929 0.9945176 2.98189e-6 0.1045277 0.9945221 -4.7332e-7 0.104528 0.994522 -4.08047e-7 0.1045277 0.9945221 0 0.1045288 0.994522 -4.24511e-7 0.1045283 0.9945219 0 0.1045302 0.9945218 -2.56145e-6 0.1045281 0.994522 6.40012e-7 0.1045292 0.9945219 -6.3717e-7 0.1045265 0.9945222 2.32668e-6 0.1045278 0.994522 -4.401e-6 0.1045282 0.994522 5.9721e-7 0.1045303 0.9945217 -7.69367e-7 0.1045271 0.994522 -0.002265572 0.1050671 0.9944626 -0.001066386 0.1038286 0.9945947 -0.002550005 0.1048894 0.9944807 -4.9801e-4 0.1028686 0.9946949 -0.00146228 0.1044019 0.9945341 -1.43608e-6 0.101738 0.9948113 2.21716e-6 0.1017192 0.9948132 3.35999e-4 0.1140533 0.9934747 0 0.1189757 0.9928973 0 0.1189725 0.9928976 0 0.1189724 0.9928976 0 0.1108489 0.9938373 4.92675e-4 0.09603589 0.9953778 7.16282e-6 0.1016656 0.9948186 0 0.1017333 0.9948117 -7.51494e-5 0.08927315 0.9960072 2.36074e-5 0.0902338 0.9959207 0.4746566 0.1056045 0.8738129 0.3109094 0.1029607 0.9448463 0.541094 0.1036775 0.8345468 0.9546827 0.1051548 0.2784305 0.764099 0.1047559 0.6365367 0.7878538 0.1033358 0.6071311 0.9382522 0.1033262 0.3301613 0.9949251 0.1004252 0.006242811 0.9954237 0.09552174 0.002688884 0.9945219 0.1045286 0 0.9945219 0.104529 1.46202e-6 0.9944581 0.1045212 0.01132696 0.9945221 0.1045276 -1.12328e-6 0.9945219 0.104529 0 0.9945221 0.1045275 -8.60134e-7 0.9945219 0.1045294 -3.48515e-7 0.9945222 0.104527 -3.98436e-7 0.9959762 0.08961743 -3.56178e-4 0.9945214 0.1045336 -9.78486e-7 0.9945225 0.1045242 -3.2851e-6 0.9956415 0.09326165 5.95356e-4 0.9945216 0.1045309 0 0.9945213 0.1045351 1.32078e-7 0.9945222 0.1045262 4.66787e-7 0.9945226 0.1045222 3.1879e-7 0.9945217 0.1045312 3.48862e-6 0.9945221 0.1045271 0 0.994522 0.1045274 1.10517e-6 0.994522 0.1045281 0 0.9945219 0.1045292 3.71883e-7 0.9945222 0.1045255 3.90253e-7 0.9945216 0.1045318 4.23266e-7 0.9945221 0.1045272 8.51393e-7 0.9945214 0.1045339 4.01116e-7 0.994522 0.104528 5.47657e-7 0.9945219 0.1045294 2.32934e-7 0.9945224 0.1045244 -2.93072e-7 0.9945212 0.1045357 0 0.9945222 0.1045268 2.40158e-7 0.9958401 0.09111779 1.08409e-4 0.9945207 0.10454 2.82179e-7 0.9945229 0.10452 -6.26759e-7 0.9945221 0.1045271 -2.43286e-6 0.9945223 0.1045255 1.4472e-6 0.9945219 0.104529 -4.76329e-7 0.9945217 0.1045303 -1.46061e-6 0.994522 0.1045279 -5.69908e-7 0.9945209 0.1045387 1.35118e-7 0.9945222 0.1045265 4.57839e-7 0.9945221 0.1045274 2.01752e-6 0.994522 0.1045277 1.13821e-6 0.994522 0.1045278 -5.93544e-7 0.9945219 0.1045296 0 0.9945217 0.1045299 -9.11474e-7 0.994522 0.1045283 0 0.9945222 0.1045264 -3.95687e-7 0.9945223 0.1045259 -1.38148e-6 0.9945222 0.1045269 7.3411e-7 0.994522 0.1045271 -1.19446e-6 0.994522 0.1045277 -4.26441e-7 0.9945223 0.1045254 -3.12203e-7 0.9945219 0.1045283 5.93149e-7 0.9945216 0.1045315 0 0.9945217 0.1045306 0 0.9945223 0.1045245 -4.10746e-7 0.9945802 0.1036073 0.008712947 0.9945151 0.1045264 0.003724455 0.994518 0.1044953 0.003835737 0.9943895 0.1057651 0.001843929 0.9945219 0.1045289 3.02812e-6 0.9945215 0.1045327 3.37904e-7 0.9945214 0.1045333 3.61897e-7 0.9945218 0.1045299 -2.94389e-7 0.9945232 0.1045165 0 0.9945221 0.1045267 0 0.9945211 0.1045365 0 0.9945217 0.1045311 3.70669e-7 0.9945216 0.1045315 6.93732e-7 0.9945222 0.1045255 2.84842e-7 0.9945219 0.1045294 -1.76332e-6 0.9945223 0.1045246 -4.75208e-7 0.9942419 0.1071569 7.30802e-4 0.9945224 0.1045244 1.55224e-7 0.9945218 0.1045302 -4.27431e-7 0.9945219 0.1045287 -1.24245e-6 0.994522 0.104528 4.15532e-7 0.994522 0.1045277 -2.03323e-7 0.9945219 0.1045286 -3.13815e-7 0.9945222 0.1045259 0 0.9945221 0.1045265 1.66932e-6 0.994522 0.1045273 0 0.9945217 0.1045299 -7.81264e-7 0.994522 0.1045279 0 0.9945219 0.1045288 0 0.9945223 0.1045256 -1.38147e-6 0.9945221 0.1045268 6.57838e-7 0.9945223 0.1045256 8.44495e-7 0.994522 0.1045281 -1.36244e-6 0.9945217 0.1045302 3.08663e-7 0.9945223 0.1045258 3.90255e-7 0.9945219 0.1045289 0 0.9945212 0.1045356 3.73472e-7 0.9945216 0.1045307 0 0.9945219 0.1045284 -4.10745e-7 0.9945211 0.1045358 5.70955e-7 0.9945218 0.1045294 3.494e-6 0.9945217 0.1045311 3.37904e-7 0.9945215 0.1045324 2.20768e-7 0.9945221 0.1045275 0 0.9945219 0.1045289 -4.67422e-7 0.9945216 0.1045316 3.20209e-7 0.9945219 0.1045293 3.70669e-7 0.9945216 0.1045314 6.93731e-7 0.9945223 0.1045253 0 0.9945218 0.1045296 -1.76332e-6 0.9945224 0.1045239 -4.76888e-7 0.9945231 0.1045179 0 0.9945706 0.1040647 1.61966e-5 0.9945706 0.1040644 2.15942e-6 0.9945183 0.1045621 4.78922e-4 0.9945216 0.1045321 -6.52612e-7 0.9940996 0.1084715 0 0.9945215 0.1045324 -5.69907e-7 0.9945217 0.1045298 4.9698e-7 0.9945222 0.1045268 -3.28704e-7 0.9945219 0.1045285 -4.3934e-7 0.9945217 0.1045304 -2.73518e-7 0.9945222 0.1045256 0 0.9945221 0.1045275 2.0032e-6 0.9945223 0.104525 0 0.9945217 0.1045308 -1.04168e-6 0.9945225 0.1045242 0 0.994522 0.1045287 -4.52215e-7 0.9945223 0.1045258 -1.38148e-6 0.9945214 0.104534 4.86228e-7 0.9945217 0.1045307 8.85689e-7 0.9945221 0.1045276 -1.21313e-6 0.994522 0.104528 5.25905e-7 0.9945217 0.1045302 5.83733e-7 0.9945223 0.1045257 0 0.994522 0.1045283 -1.267e-6 0.9945216 0.1045318 2.22489e-6 0.9945215 0.1045327 -4.10744e-7 0.9945216 0.104531 6.04541e-7 0.994522 0.1045278 3.49401e-6 0.9945226 0.104523 2.32458e-7 0.994522 0.1045281 0 0.9945217 0.1045308 5.14027e-7 0.9945217 0.104531 3.35495e-7 0.9945234 0.1045145 1.51537e-7 0.9945216 0.1045319 1.56627e-6 0.9945222 0.1045254 6.62862e-7 0.9945219 0.1045296 6.6724e-7 0.994522 0.1045278 -1.61816e-6 0.994522 0.1045279 0 0.9945231 0.1045177 0 0.9945206 0.1045413 0 0.9945213 0.1045337 5.19455e-7 0.9945224 0.104524 -1.78479e-7 0.9945217 0.10453 -4.57008e-7 0.9945221 0.1045275 -6.21342e-7 0.9941002 0.1084657 0 0.9945219 0.1045293 0 0.9952804 0.09704172 -1.72578e-5 0.9952975 0.09686553 2.59134e-5 0.9947861 0.1019392 -0.003021597 0.9945214 0.1045336 -2.51051e-7 0.994522 0.1045274 -2.85403e-7 0.9945225 0.1045235 9.95588e-7 0.9945221 0.1045274 1.84379e-6 0.9945218 0.1045299 0 0.9945225 0.1045241 0 0.9945218 0.1045299 -4.53797e-7 0.9945219 0.1045294 -2.01548e-6 0.9945217 0.1045307 1.10299e-6 0.9945217 0.1045299 -2.39662e-7 0.994488 0.1048509 4.96376e-5 0.9944878 0.1048532 3.02794e-5 0.9944877 0.1048544 4.03998e-7 0.9945223 0.1045256 -1.0853e-6 0.994522 0.1045277 -1.63064e-7 0.9945219 0.1045284 -1.97978e-7 0.9945219 0.1045289 0 0.9945221 0.1045273 -6.33507e-7 0.9945219 0.1045289 2.22487e-6 0.9945219 0.1045287 -4.10745e-7 0.9945217 0.1045306 5.85347e-7 0.9945221 0.1045269 1.63518e-6 0.9945223 0.104525 1.22273e-6 0.9945216 0.1045313 1.25301e-6 0.9945217 0.1045313 0 0.9945222 0.1045263 -2.31673e-7 0.9945216 0.1045314 -1.68953e-7 0.9945221 0.1045268 -1.38701e-6 0.9945222 0.1045263 0 0.9945555 0.1042081 1.13378e-5 0.9945556 0.1042079 1.51168e-6 0.994519 0.1045563 3.35245e-4 0.9945217 0.1045298 1.29656e-7 0.9945226 0.1045224 0 0.9945218 0.1045297 -5.51946e-7 0.9945219 0.1045292 -6.31032e-7 0.9945017 0.1045252 -0.006404936 0.9945218 0.1045302 -2.00903e-7 0.9945225 0.1045232 -3.13815e-7 0.9945222 0.1045259 0 0.9945224 0.1045244 1.78061e-6 0.9945221 0.1045275 -1.19702e-7 0.9945219 0.1045293 -7.81266e-7 0.994522 0.1045277 0 0.9945219 0.1045293 0 0.9945219 0.1045285 1.09934e-6 0.9945219 0.1045295 7.91315e-7 0.9945223 0.1045254 8.65091e-7 0.994522 0.1045278 -1.21313e-6 0.9945222 0.1045262 -1.07783e-6 0.9945216 0.1045309 4.98986e-7 0.9945216 0.104532 -9.40323e-7 0.9945219 0.1045293 -5.88775e-7 0.994522 0.1045283 -2.898e-7 0.9945214 0.1045334 5.60303e-7 0.994523 0.1045184 0 0.9945216 0.1045317 -6.77893e-7 0.9945206 0.1045412 0 0.9945219 0.1045284 -3.27347e-6 0.9945218 0.10453 -3.89005e-7 0.994522 0.1045283 -4.3934e-7 0.994522 0.1045281 0 0.9945221 0.1045268 2.58191e-6 0.994522 0.1045276 1.61678e-6 0.9945223 0.1045255 8.85689e-7 0.9945218 0.10453 1.37467e-6 0.994522 0.1045274 0 0.9945216 0.1045309 5.85349e-7 0.9945223 0.1045258 -3.01156e-6 0.9944729 0.1049943 1.28855e-5 0.9945242 0.1045059 -4.79142e-4 0.9944729 0.1049942 -1.8003e-5 0.9945206 0.1045413 0 0.9945416 0.1041296 -0.0066365 0.9944535 0.1051085 -0.003831386 0.9938221 0.1109853 0 0.9943986 0.1056154 -0.004123806 0.9938222 0.1109853 0 0.9941372 0.1081136 -0.001668989 0.9939815 0.1095486 -1.64454e-4 0.9938218 0.1109881 0 0.994508 0.1044744 -0.006247699 0.9945018 0.1045601 -0.005783319 0.9956412 0.09326618 4.30924e-4 0.9952815 0.09702914 0 6.66657e-6 1 -3.57063e-4 -1.07826e-5 1 -3.30211e-4 -0.3358837 0.4545601 0.8249589 -0.4827411 0.5196505 0.7049288 -0.5569244 0.4671717 0.6867211 -0.42239 0.7317551 0.5349031 -0.8484836 0.4076012 0.3375455 -0.7932819 0.4875783 0.3646523 -0.497676 0.8051686 0.3225247 -0.6713907 0.7027553 0.2353075 -0.3298481 0.9279081 0.1737439 3.05011e-4 0.4518907 0.8920733 -5.26907e-4 0.5318583 0.8468332 2.25867e-4 0.8129709 0.5823044 -4.78873e-4 0.8663753 0.4993933 -2.41568e-4 0.962497 0.271292 -2.19233e-4 0.961477 0.2748857 -0.9149058 0.4036674 4.9407e-5 -0.9326223 0.3608536 -5.66277e-4 -0.7093696 0.7048366 5.63895e-4 -0.6374772 0.770469 -6.71975e-4 -0.2483539 0.9686694 1.43508e-4 -0.2995088 0.9540934 -6.48458e-4 0.810244 0.5407906 0.225943 0.6665259 0.5967422 0.4468132 0.6505441 0.531861 0.5421406 0.3985096 0.4895378 0.7755919 0.3318876 0.5298523 0.7804533 0.3983064 0.8394076 0.3697929 0.3335009 0.9084338 0.2520423 0.2115417 0.7629627 0.6108505 -0.8500468 0.3968759 -0.3462803 -0.6494952 0.6279302 -0.4287886 -0.4243565 0.5303233 -0.7339475 -0.5808784 0.7506017 -0.3149249 -0.4341451 0.5020743 -0.7479569 -0.3832617 0.8700686 -0.3099856 -0.3804041 0.5421018 -0.7492786 -0.1944193 0.8444201 -0.4991551 0.8095459 0.5870566 4.20462e-4 0.765901 0.6429578 -9.82546e-4 0.3370913 0.9414719 3.85368e-4 0.2672815 0.9636183 -7.25764e-4 -1.03852e-4 0.538329 -0.8427349 4.09924e-4 0.5806676 -0.8141407 -2.34485e-4 0.850211 -0.5264421 3.18653e-4 0.8744408 -0.4851323 0.2896412 0.4684475 -0.8346645 0.5620161 0.3496371 -0.7495945 0.4220248 0.4785962 -0.7699614 0.721973 0.386957 -0.5736021 0.3275195 0.8349487 -0.4422575 0.7337926 0.5791538 -0.3551468 0.4249652 0.7608676 -0.490393 0.763371 0.5749255 -0.2944921 1.32353e-4 -1 -2.83494e-5 -3.85399e-5 -1 0 -1.21015e-4 -1 -8.60699e-6 0.9493422 -0.314194 -0.005619168 0.9966031 -0.08235162 -6.64788e-4 6.16387e-5 -1 4.25105e-6 -1.02186e-4 -1 2.16581e-5 0.9298104 0.1839378 -0.3187783 0.7480329 -0.4288519 -0.5064907 0.7074412 0.1727648 -0.6853316 0.3930411 -0.3476264 -0.8512783 0.3136117 0.04761528 -0.9483568 3.05164e-4 -1 -2.62838e-5 -1.85922e-5 -1 -1.11126e-5 -8.02799e-5 -1 -9.88726e-5 -1.4004e-4 -1 -1.43923e-4 7.70623e-5 -1 -6.55599e-5 8.27047e-5 -1 4.88989e-5 -0.002741456 0.07410717 -0.9972466 8.24263e-4 -0.1839635 -0.9829328 -2.45228e-7 -1 -6.7497e-5 -2.50672e-6 -1 -1.03155e-4 -0.3041822 -0.3189395 -0.8976364 -0.5031816 0.1637396 -0.8485268 -0.6140733 -0.3152747 -0.723544 -0.8333507 0.2150648 -0.5091895 -0.8656265 -0.3548837 -0.3531976 -2.47692e-4 -1 2.88721e-4 -6.9498e-5 -1 -1.19803e-4 3.08429e-4 -1 -2.15705e-4 2.14604e-5 -1 -1.61239e-5 -1.72724e-5 -1 1.62303e-5 -1.4729e-4 -1 6.98389e-5 -2.2812e-5 -1 -6.57569e-5 -1.86626e-5 -1 -8.36217e-5 -0.9920119 -0.1261439 4.695e-4 -0.9974257 0.07161557 -0.003617823 -0.9203717 -0.07113009 0.3845213 -0.9302964 0.1147569 0.3483957 -0.7339866 -0.3375205 0.5893587 -0.6245159 0.1094722 0.7733018 -0.4473937 -0.3047223 0.8408231 -0.3432353 0.04614835 0.9381151 -1.62577e-5 -1 1.18531e-5 -4.51431e-5 -1 3.67154e-4 -2.76213e-5 -1 0 -2.39024e-5 -1 5.75286e-6 -1.14268e-4 -1 -4.30797e-5 -5.85839e-5 -1 1.07616e-5 -3.82739e-5 -1 4.20932e-5 1.05917e-4 -1 5.6187e-5 -0.001060545 -0.2093718 0.9778355 0.001503348 -0.02283275 0.9997383 -5.20057e-6 -1 1.00682e-4 6.58209e-7 -1 1.29509e-5 0.4153544 -0.2325056 0.8794442 0.474643 0.01398748 0.8800674 0.7969749 -0.1393554 0.5877169 0.7969206 -0.1856404 0.5748523 0.9626773 -0.007548868 0.2705467 0.9620509 -0.1716931 0.2120836 1.33491e-4 -1 1.42852e-5 -1.17554e-4 -1 3.59194e-4 -6.93848e-5 -1 1.16595e-4 4.61966e-5 -1 1.31436e-4 5.39322e-5 -1 -1.28799e-4 4.10129e-5 -1 8.37206e-6 2.45392e-4 -1 -1.02719e-4 2.16845e-4 -1 1.63395e-4 2.45053e-4 -1 1.1973e-4 -0.4255535 -0.2893704 0.85742 -0.2724968 -0.481849 0.8328068 -0.6437677 -0.3719152 0.6687619 -0.3567477 -0.598587 0.7172341 -0.6455179 -0.4931576 0.5831829 -0.5523413 -0.6003569 0.5783517 -0.8164142 -0.4765248 0.326178 -0.1813374 -0.826267 0.5332913 -0.4652444 -0.7908536 0.3976156 -0.8052515 -0.5624639 0.1876281 -0.3020673 -0.860316 0.4106236 -0.1868849 -0.9512546 0.2453343 -0.5622547 -0.7931182 0.2341647 -7.86241e-4 -0.5248664 0.8511844 -1.44012e-4 -0.4936606 0.8696548 -3.33962e-4 -0.8265522 0.56286 -1.07574e-4 -0.835353 0.5497139 2.7457e-4 -0.9626106 0.270889 -1.13705e-4 -0.9732518 0.2297409 0.8163532 -0.4600524 0.3491696 0.707455 -0.521313 0.4772214 0.4317308 -0.4272131 0.7944165 0.6472157 -0.5699808 0.5061954 0.3537641 -0.4463359 0.8219705 0.5242951 -0.7483208 0.4063628 0.2268 -0.5396686 0.8107526 0.2653867 -0.9106799 0.3165944 0.3335608 -0.844525 0.4189448 0.1808197 -0.7972739 0.5758982 0.8563791 -0.5163467 0.001036226 0.811652 -0.5841408 -9.16092e-4 0.5853878 -0.8107523 0.001403629 0.4452906 -0.8953859 -6.0782e-4 0.3114152 -0.950273 0.001328527 0.4032277 -0.3373929 -0.8506312 0.4200993 -0.3658466 -0.8304654 0.3708088 -0.6121216 -0.6984326 0.6856812 -0.3125556 -0.6573814 0.7281638 -0.3874954 -0.5653538 0.4400886 -0.6709076 -0.5968292 0.7118629 -0.5157282 -0.4767344 0.7545817 -0.5690159 -0.3268448 0.7930566 -0.5536075 -0.2541259 0.3717854 -0.8420033 -0.3909043 0.4140816 -0.8609448 -0.2954837 0.3954974 -0.8959073 -0.202317 7.75673e-4 -0.3867768 -0.9221732 -7.91455e-4 -0.5555194 -0.8315032 5.81154e-4 -0.673316 -0.7393547 -5.13105e-4 -0.8284676 -0.5600368 9.41067e-4 -0.9053942 -0.4245711 3.95813e-4 -0.9890527 -0.1475625 9.68409e-5 -0.9831355 -0.1828784 -0.8648256 -0.2538653 -0.4331618 -0.8627141 -0.4504766 -0.2297726 -0.7119617 -0.3947792 -0.5807409 -0.6131342 -0.2646067 -0.7443453 -0.6949255 -0.6368253 -0.3339643 -0.6368331 -0.5735362 -0.5152668 -0.5923699 -0.7823376 -0.1924728 -0.3668932 -0.4163166 -0.8319075 -0.3147525 -0.5024092 -0.8053048 -0.4240443 -0.6743313 -0.6045361 -0.3458368 -0.8797209 -0.3263251 -0.3135322 -0.8122838 -0.4918259 -0.225537 -0.955981 -0.1877059 -0.9043195 -0.4268546 -0.001257717 -0.8440072 -0.5363303 0.001344561 -0.6009001 -0.7993223 -0.001763701 -0.4643192 -0.8856675 0.001008033 -0.2468428 -0.9690555 4.24011e-4 -0.2602872 -0.9655313 2.13474e-4 -0.9950922 -0.09891748 -0.002660155 -0.9946551 -0.1031137 -0.005362451 -0.9945219 -0.1045289 1.15247e-6 -0.9945221 -0.1045266 9.40334e-7 -0.9945219 -0.1045289 0 -0.9943906 -0.1054504 -0.008237004 -0.9946249 -0.1034651 -0.00402534 -0.9945212 -0.1045352 -2.58901e-7 -0.9945226 -0.104522 0 -0.9945237 -0.104512 0 -0.9945222 -0.104526 -7.94715e-7 -0.9945215 -0.1045323 1.79554e-6 -0.9957804 -0.09176927 -7.74273e-5 -0.9945218 -0.1045299 3.1568e-6 -0.9945219 -0.104529 -1.0595e-6 -0.9945216 -0.1045311 -5.95551e-7 -0.994522 -0.1045272 -4.31839e-7 -0.9945223 -0.1045256 -2.16091e-6 -0.9945222 -0.1045264 4.77339e-6 -0.9945217 -0.1045303 1.86065e-6 -0.9945219 -0.1045292 -5.99481e-6 -0.9944968 -0.1045262 -0.007100462 -0.9945221 -0.1045275 -9.07504e-7 -0.9945224 -0.1045246 -7.50085e-7 -0.9945221 -0.1045271 5.66617e-7 -0.9944869 -0.1048618 -4.32022e-5 -0.9944866 -0.1048646 6.18854e-6 -0.9944866 -0.1048638 -2.43312e-5 -0.994522 -0.104528 -1.85677e-6 -0.9945222 -0.1045261 -2.16751e-6 -0.9945214 -0.1045335 -7.54889e-7 -0.9945216 -0.1045309 -1.51726e-7 -0.9945233 -0.1045162 5.53738e-7 -0.9945217 -0.1045303 -1.22425e-6 -0.9945219 -0.1045289 2.04126e-6 -0.9945223 -0.1045259 -3.83608e-7 -0.9945213 -0.1045337 9.95591e-7 -0.9945219 -0.1045296 1.43082e-7 -0.9945226 -0.1045219 3.34731e-7 -0.994522 -0.1045281 -2.51163e-7 -0.9945223 -0.1045252 0 -0.994522 -0.1045285 0 -0.994522 -0.1045288 2.95326e-6 -0.9945222 -0.1045262 -1.25017e-6 -0.994522 -0.1045281 -1.08914e-6 -0.9945221 -0.1045269 -3.33358e-4 -0.9945204 -0.1045424 -3.33042e-4 -0.9944869 -0.1048605 3.0453e-5 -0.9945217 -0.1045308 -1.22829e-6 -0.9945219 -0.1045284 -1.05003e-6 -0.9945221 -0.1045276 4.54606e-6 -0.9945221 -0.1045274 1.86065e-6 -0.9945217 -0.1045308 -1.02987e-6 -0.9945218 -0.1045297 -1.6711e-6 -0.9945223 -0.1045255 -4.46259e-7 -0.9945216 -0.1045315 -4.64161e-7 -0.9945226 -0.1045229 -2.13031e-7 -0.9945221 -0.1045274 0 -0.9945222 -0.1045262 -9.62004e-7 -0.994522 -0.1045278 -2.22815e-6 -0.9944241 -0.1050328 -0.00942409 -0.9940811 -0.1084917 -0.005687355 -0.9944622 -0.10452 -0.01097422 -0.9945222 -0.1045269 -1.78499e-6 -0.994522 -0.1045275 -4.97788e-7 -0.9945232 -0.1045174 -8.59647e-7 -0.9945215 -0.1045324 2.34355e-7 -0.9945225 -0.104524 -3.61465e-7 -0.9945217 -0.1045314 -3.94488e-7 -0.9945216 -0.1045314 2.33287e-6 -0.9945214 -0.1045336 -8.38685e-7 -0.9945226 -0.1045216 -5.73515e-7 -0.994522 -0.1045278 5.00788e-7 -0.994522 -0.104528 4.18417e-7 -0.9945223 -0.1045243 2.18431e-7 -0.9936216 -0.1127406 -0.002373874 -0.9945214 -0.1045328 3.43619e-7 -0.9945208 -0.1045392 -4.93677e-7 -0.994522 -0.1045277 0 -0.9945225 -0.1045235 0 -0.9945216 -0.1045317 4.9899e-7 -0.994522 -0.1045281 7.0002e-7 -0.9945222 -0.1045263 -9.09209e-7 -0.9945219 -0.1045288 -1.27067e-6 -0.9945223 -0.1045255 -4.11949e-7 -0.994522 -0.1045287 -9.24559e-7 -0.9945217 -0.1045308 -9.97982e-7 -0.994522 -0.1045275 1.49235e-6 -0.994522 -0.1045284 4.78775e-6 -0.9945223 -0.1045253 -9.4748e-7 -0.9945217 -0.1045298 -1.67111e-6 -0.9945222 -0.1045261 -1.91251e-7 -0.9945216 -0.1045315 -4.14826e-7 -0.9945216 -0.1045314 4.32794e-7 -0.994522 -0.1045274 -9.07503e-7 -0.9945209 -0.1045387 -1.01469e-6 -0.9945222 -0.1045255 5.6662e-7 -0.994522 -0.104528 -1.45433e-6 -0.9945222 -0.1045259 -1.58055e-6 -0.9945225 -0.1045227 2.09209e-7 -0.9945221 -0.1045265 -1.40456e-6 -0.9945216 -0.1045312 -4.9779e-7 -0.9945215 -0.1045329 -5.02292e-7 -0.9945216 -0.1045311 -3.94487e-7 -0.9945229 -0.1045193 2.04869e-7 -0.9945222 -0.1045262 -1.18927e-6 -0.9945219 -0.104529 2.33287e-6 -0.9945219 -0.104529 -3.8361e-7 -0.994522 -0.1045281 2.51051e-7 -0.9945223 -0.104525 4.29246e-7 -0.9945221 -0.104527 5.86795e-7 -0.9945214 -0.1045334 3.02425e-7 -0.9945235 -0.1045143 0 -0.9931194 -0.1171072 0 -0.9945217 -0.1045309 -6.65638e-7 -0.9945226 -0.1045214 -1.15233e-6 -0.994522 -0.1045277 -2.51162e-7 -0.9945223 -0.1045252 0 -0.9945218 -0.1045296 0 -0.9945217 -0.1045305 8.05024e-7 -0.9945221 -0.1045268 5.75757e-7 -0.9945223 -0.1045243 -1.25017e-6 -0.9945219 -0.1045289 -1.08915e-6 -0.9945217 -0.1045306 -3.9135e-7 -0.9945216 -0.1045317 -1.07475e-6 -0.9945222 -0.1045261 -1.05955e-6 -0.994522 -0.1045278 4.85449e-6 -0.9945219 -0.1045285 1.11876e-6 -0.9945217 -0.104531 -8.23899e-7 -0.9945216 -0.1045318 -1.29975e-6 -0.9945223 -0.1045245 -3.82504e-7 -0.994522 -0.1045278 -5.39275e-7 -0.9945221 -0.104527 -7.50085e-7 -0.9945217 -0.1045299 -9.07504e-7 -0.994522 -0.1045272 5.66617e-7 -0.9945216 -0.1045311 7.4151e-7 -0.9945219 -0.1045286 -2.02146e-6 -0.9945226 -0.1045228 0 -0.9945222 -0.1045263 -1.52085e-6 -0.9945221 -0.1045268 -3.3186e-7 -0.9945207 -0.1045404 -8.62729e-7 -0.9945217 -0.1045308 -1.51725e-7 -0.9945227 -0.1045214 0 -0.9945222 -0.1045262 -1.36417e-6 -0.9945217 -0.1045306 2.26152e-6 -0.994522 -0.1045288 -3.83609e-7 -0.9945209 -0.1045385 3.76575e-7 -0.9945225 -0.1045233 5.00788e-7 -0.9945217 -0.104531 1.16152e-6 -0.9945205 -0.1045413 -3.35163e-4 -0.9945568 -0.104196 7.20919e-6 -0.9945569 -0.104196 -6.84939e-6 -0.9944708 -0.1050142 1.87279e-6 -0.9944708 -0.105014 1.53405e-5 -0.9945232 -0.1045151 4.79388e-4 -0.9945217 -0.1045308 4.69066e-7 -0.9945219 -0.1045284 6.33673e-7 -0.9931188 -0.1171112 5.28715e-7 -0.9945217 -0.1045297 -3.76743e-7 -0.9945223 -0.1045251 0 -0.9945218 -0.1045296 0 -0.997298 -0.07346075 -6.15729e-4 -0.9954091 -0.09551244 0.006177246 -0.9969949 -0.07746869 0 -0.994522 -0.1045281 7.0002e-7 -0.9945218 -0.1045301 4.98988e-7 -0.9945222 -0.1045266 -1.13651e-6 -0.9945222 -0.1045259 -1.27067e-6 -0.9945216 -0.1045311 -2.05975e-7 -0.9946344 -0.1028278 0.01135909 -0.9945217 -0.1045308 -1.15152e-6 -0.9945221 -0.1045271 -9.69767e-7 -0.9945222 -0.1045266 4.39448e-6 -0.9945217 -0.1045307 -1.07107e-6 -0.9945216 -0.1045316 -1.48543e-6 -0.9945221 -0.1045268 -4.78131e-7 -0.9945216 -0.104532 -2.48897e-7 -0.9945217 -0.1045305 -5.88288e-7 -0.9945217 -0.1045304 -7.27703e-7 -0.9945225 -0.1045235 -5.97628e-7 -0.9945223 -0.1045256 5.4545e-7 -0.9945222 -0.1045262 -6.41336e-7 -0.9945222 -0.1045256 -2.39685e-6 -0.9945226 -0.1045225 1.88288e-7 -0.9945216 -0.1045315 -4.14823e-7 -0.9945216 -0.1045312 5.13223e-7 -0.9945224 -0.1045244 0 -0.9945216 -0.1045312 -1.51726e-7 -0.994522 -0.1045285 2.04125e-6 -0.9945223 -0.1045253 5.00788e-7 -0.994522 -0.104528 3.76576e-7 -0.9945222 -0.1045262 -3.91181e-7 -0.9945197 -0.1045494 -4.79112e-4 -0.9945715 -0.1040561 9.72727e-6 -0.9945715 -0.1040561 -1.03535e-5 -0.9945223 -0.1045256 -5.1947e-7 -0.9945218 -0.10453 0 -0.9945218 -0.1045302 4.17887e-7 -0.9945217 -0.1045305 -3.56675e-6 -0.9943999 -0.1047986 0.01364481 -0.9944772 -0.1042289 0.0123111 -0.9945217 -0.1045303 6.65019e-7 -0.9945216 -0.1045317 4.9899e-7 -0.994522 -0.1045272 -9.09209e-7 -0.9945222 -0.1045263 -1.27067e-6 -0.994522 -0.1045287 -9.82344e-7 -0.9945216 -0.1045309 -1.15152e-6 -0.994522 -0.1045278 1.91874e-6 -0.9945219 -0.1045286 4.78776e-6 -0.9945223 -0.1045256 -9.88677e-7 -0.9945214 -0.1045333 -1.67111e-6 -0.9945223 -0.1045259 -1.91251e-7 -0.9945222 -0.1045269 -4.56309e-7 -0.9945216 -0.1045309 5.83766e-7 -0.9945222 -0.1045256 -1.7386e-6 -0.994522 -0.1045281 2.09209e-7 -0.994522 -0.1045286 -5.80755e-7 -0.994522 -0.1045281 2.51051e-7 -0.9945221 -0.1045272 4.29246e-7 -0.994522 -0.1045271 4.40097e-7 -0.9945185 -0.1045599 -4.7879e-4 -0.9945703 -0.1040666 1.0313e-5 -0.9945704 -0.1040666 -9.77037e-6 -0.9945217 -0.1045308 0 -0.9944883 -0.1048481 9.39377e-7 -0.9944883 -0.1048479 1.03668e-5 -0.994525 -0.1044987 3.352e-4 -0.9945217 -0.1045304 7.70023e-7 -0.9945221 -0.1045269 4.9899e-7 -0.9945223 -0.1045258 -1.13652e-6 -0.994522 -0.1045282 -1.27066e-6 -0.9945217 -0.1045308 -3.50156e-7 -0.9945214 -0.1045333 -1.29975e-6 -0.9945223 -0.1045252 -3.82506e-7 -0.994522 -0.1045278 -5.39276e-7 -0.994522 -0.1045281 0 -0.9945217 -0.1045303 3.96077e-6 -0.9945222 -0.1045264 1.47965e-6 -0.9945215 -0.1045322 2.21776e-7 -0.994472 -0.1050024 1.31964e-6 -0.994472 -0.1050021 1.47876e-5 -0.9945245 -0.1045033 4.78835e-4 -0.9933172 -0.1154167 0 -0.9942421 -0.106963 0.00645101 -0.9933172 -0.1154165 0 -0.9938331 -0.1108523 0.002773642 -0.9944674 -0.1045228 0.01047044 -0.9964195 -0.08454507 5.742e-4 -0.9956081 -0.09361916 -1.22511e-4 -0.9962106 -0.08697348 4.19649e-4 -0.9958276 -0.09125494 5.36996e-7 -0.993237 -0.1161043 -1.1588e-4 -0.9931198 -0.1171031 -5.2472e-7 -0.9944954 -0.1041015 0.01191318 -0.9944889 -0.1041426 0.01208817 -0.3256011 -0.1046549 -0.9396975 -0.5378579 -0.1030732 -0.8367108 -0.6188641 -0.1065983 -0.7782314 -0.8961331 -0.105643 -0.4310278 -0.8990911 -0.1059544 -0.4247456 -0.309486 -0.1040127 -0.9451983 -0.9669263 -0.1028954 -0.2333799 -0.7768019 -0.1020743 -0.6214176 -0.003257751 -0.1077001 -0.9941781 -4.11789e-4 -0.1136547 -0.9935203 -0.00577408 -0.1043868 -0.99452 0 -0.1045289 -0.9945219 4.35695e-6 -0.1045293 -0.9945219 0 -0.1045293 -0.9945219 -0.005443513 -0.104716 -0.9944873 0 -0.10453 -0.9945217 2.86872e-7 -0.1045281 -0.994522 5.24932e-7 -0.1045305 -0.9945217 -4.99485e-7 -0.104529 -0.9945219 -1.4847e-4 -0.1143274 -0.9934432 -2.26147e-6 -0.1045288 -0.9945219 1.54654e-6 -0.104527 -0.9945221 -2.22702e-6 -0.1045299 -0.9945217 1.04123e-6 -0.1045284 -0.9945219 0 -0.1045287 -0.994522 0 -0.1045284 -0.9945219 3.64227e-6 -0.1045277 -0.994522 4.08001e-6 -0.1045297 -0.9945217 7.42715e-7 -0.1045294 -0.9945219 1.14466e-6 -0.1045286 -0.9945219 0 -0.1045278 -0.994522 0 -0.1045288 -0.9945219 -4.08005e-6 -0.1045286 -0.9945219 2.22814e-6 -0.1045299 -0.9945218 0 -0.1045296 -0.9945218 -1.81843e-6 -0.1045293 -0.9945219 0 -0.1045287 -0.994522 6.63725e-7 -0.1045284 -0.9945219 -3.22582e-7 -0.1045302 -0.9945218 0 -0.1045294 -0.9945218 1.31823e-6 -0.1045285 -0.9945219 0 -0.1045302 -0.9945217 0 -0.1150019 -0.9933653 -9.09211e-7 -0.1045288 -0.9945219 0 -0.1045286 -0.9945219 0 -0.1045286 -0.994522 1.22829e-6 -0.1045276 -0.9945221 -6.14141e-7 -0.1045281 -0.994522 1.12003e-6 -0.104529 -0.9945219 -0.005917191 -0.1044768 -0.9945098 -0.006040155 -0.1045264 -0.9945039 0 -0.1045281 -0.994522 0 -0.1045292 -0.9945219 -0.005924046 -0.1044505 -0.9945125 -3.07342e-6 -0.1045281 -0.994522 0 -0.1045275 -0.994522 0 -0.1045289 -0.9945219 1.33893e-6 -0.1045285 -0.9945219 0 -0.1045287 -0.994522 0 -0.1045287 -0.9945219 2.97085e-6 -0.10453 -0.9945218 -0.005006194 -0.1031692 -0.9946513 -1.09094e-6 -0.1045279 -0.994522 0 -0.1045285 -0.9945219 0 -0.104528 -0.994522 6.63722e-7 -0.1045289 -0.9945219 -4.08002e-6 -0.1045287 -0.9945219 3.71358e-6 -0.1045297 -0.9945218 -1.31824e-6 -0.1045287 -0.9945219 0 -0.10453 -0.9945218 -3.63686e-6 -0.1045289 -0.9945219 0 -0.1045286 -0.994522 0 -0.1045284 -0.9945219 -3.22582e-7 -0.1045302 -0.9945218 -3.352e-4 -0.1045138 -0.9945234 -1.00075e-6 -0.1048632 -0.9944867 -1.04527e-5 -0.104863 -0.9944867 0 -0.1045286 -0.994522 -2.90439e-6 -0.1045296 -0.9945218 1.19131e-6 -0.1045276 -0.994522 6.0007e-7 -0.1045281 -0.994522 -9.0921e-7 -0.1045288 -0.9945219 0 -0.1045298 -0.9945217 -0.002407968 -0.09602451 -0.9953761 1.22829e-6 -0.1045275 -0.994522 1.12004e-6 -0.1045286 -0.9945219 1.12003e-6 -0.1045283 -0.9945219 6.1414e-7 -0.1045284 -0.994522 0 -0.1045289 -0.9945219 -1.00141e-6 -0.1045296 -0.9945219 1.97472e-6 -0.1045288 -0.9945219 0 -0.1045287 -0.994522 -1.94209e-6 -0.1045275 -0.9945221 0 -0.104529 -0.9945219 0 -0.1045289 -0.9945219 1.62902e-6 -0.104528 -0.994522 -9.08061e-7 -0.1045277 -0.9945221 3.83496e-6 -0.1045292 -0.9945219 0 -0.1045274 -0.9945221 4.3995e-7 -0.1045283 -0.994522 1.13324e-6 -0.1045274 -0.9945221 -2.15146e-6 -0.1045298 -0.9945217 0 -0.1045275 -0.994522 0 -0.1045286 -0.9945219 1.32744e-6 -0.1045287 -0.994522 -4.08002e-6 -0.1045287 -0.994522 1.48543e-6 -0.1045299 -0.9945217 0 -0.1045287 -0.9945219 -2.06799e-6 -0.1045292 -0.9945219 0 -0.1045297 -0.9945219 7.20388e-7 -0.1045296 -0.9945218 0 -0.104527 -0.9945221 0 -0.1045311 -0.9945216 0 -0.1045289 -0.9945219 0 -0.1045287 -0.994522 6.91413e-7 -0.104529 -0.9945219 1.31824e-6 -0.104529 -0.9945219 0 -0.1045297 -0.9945218 0 -0.1045277 -0.994522 9.09206e-7 -0.104529 -0.9945219 1.31824e-6 -0.1045281 -0.994522 0 -0.1045283 -0.994522 0 -0.1045278 -0.994522 2.83224e-4 -0.08415353 -0.9964528 -6.1414e-7 -0.1045294 -0.9945218 0 -0.1045288 -0.9945219 0 -0.1045296 -0.9945218 0 -0.1045283 -0.994522 1.97472e-6 -0.1045289 -0.9945219 2.01024e-6 -0.1045285 -0.9945219 -1.94209e-6 -0.1045276 -0.994522 0 -0.1045292 -0.9945219 1.12653e-6 -0.104528 -0.994522 6.6373e-7 -0.104529 -0.9945219 0 -0.1045291 -0.9945219 -1.09923e-6 -0.1045277 -0.994522 2.22815e-6 -0.1045295 -0.9945218 1.28563e-6 -0.1045272 -0.994522 1.13323e-6 -0.1045272 -0.994522 0 -0.1045286 -0.9945219 1.33894e-6 -0.1045277 -0.994522 6.63719e-7 -0.1045286 -0.9945219 -4.08004e-6 -0.1045288 -0.9945219 3.71357e-6 -0.1045299 -0.9945217 0 -0.104529 -0.9945219 -2.90443e-6 -0.1045296 -0.9945218 0 -0.1045292 -0.9945219 1.33893e-6 -0.1045298 -0.9945217 6.63724e-7 -0.104528 -0.994522 -6.45167e-7 -0.1045337 -0.9945213 0 -0.1045298 -0.9945217 0 -0.1045281 -0.994522 8.5965e-7 -0.104529 -0.9945219 0 -0.1045283 -0.9945219 0 -0.1045296 -0.9945218 0 -0.1045279 -0.994522 1.21e-6 -0.1045275 -0.994522 -9.09212e-7 -0.1045287 -0.9945219 1.31824e-6 -0.1045289 -0.9945219 0 -0.1045291 -0.9945219 6.14144e-7 -0.1045273 -0.9945221 6.14141e-7 -0.1045286 -0.994522 0 -0.1045283 -0.994522 0 -0.104529 -0.9945219 -8.3716e-7 -0.104529 -0.9945219 0 -0.1045299 -0.9945218 -2.45874e-6 -0.1045288 -0.9945219 2.02593e-6 -0.1045276 -0.994522 0 -0.104529 -0.9945219 1.33892e-6 -0.1045277 -0.994522 0 -0.1045293 -0.9945219 -4.23191e-6 -0.1045292 -0.9945219 4.41046e-6 -0.1045299 -0.9945218 0 -0.1045282 -0.994522 4.49908e-7 -0.1045284 -0.9945219 -1.09093e-6 -0.104528 -0.994522 1.14465e-6 -0.1045284 -0.994522 1.33894e-6 -0.1045277 -0.994522 6.6372e-7 -0.1045287 -0.994522 -4.08002e-6 -0.1045287 -0.9945219 1.48543e-6 -0.1045298 -0.9945217 -2.86403e-6 -0.1045298 -0.9945217 0 -0.1045286 -0.994522 -1.84933e-6 -0.1045289 -0.9945219 6.63724e-7 -0.1045284 -0.9945219 0 -0.1045306 -0.9945217 0 -0.1045334 -0.9945214 0 -0.104529 -0.9945219 0 -0.1045297 -0.9945217 1.19131e-6 -0.1045284 -0.9945219 0 -0.1045286 -0.9945219 -9.0921e-7 -0.1045286 -0.9945219 0 -0.1045258 -0.9945222 0 -0.1045297 -0.9945218 -9.15146e-7 -0.1045289 -0.9945219 1.13018e-6 -0.1045286 -0.9945219 6.14144e-7 -0.1045278 -0.994522 6.1414e-7 -0.1045286 -0.994522 0 -0.104529 -0.9945219 0 -0.1045282 -0.994522 -2.00931e-6 -0.1045293 -0.9945219 -5.83218e-7 -0.1045282 -0.994522 -1.9421e-6 -0.1045274 -0.994522 1.30451e-6 -0.1045276 -0.9945221 0 -0.1045289 -0.9945219 0 -0.1045291 -0.9945219 -2.87706e-7 -0.1045266 -0.9945222 1.48543e-6 -0.1045296 -0.9945219 0 -0.1045274 -0.9945221 1.13324e-6 -0.1045275 -0.994522 1.33894e-6 -0.1045276 -0.994522 0 -0.1045286 -0.9945219 0 -0.1045289 -0.9945219 0 -0.1045287 -0.9945219 1.48543e-6 -0.1045297 -0.9945217 0 -0.1045289 -0.9945219 -3.63685e-6 -0.104529 -0.9945219 0 -0.1045286 -0.9945219 0 -0.1045301 -0.9945217 -3.36354e-4 -0.1045206 -0.9945228 4.32426e-6 -0.1048622 -0.9944868 -7.91388e-6 -0.1048622 -0.9944869 -5.02294e-7 -0.1045318 -0.9945216 1.31824e-6 -0.1045288 -0.9945219 0 -0.1045297 -0.9945218 6.00068e-7 -0.1045279 -0.994522 1.21001e-6 -0.1045277 -0.994522 9.09209e-7 -0.1045292 -0.9945219 -8.02598e-7 -0.1045281 -0.994522 0 -0.104531 -0.9945216 1.19329e-6 -0.1045278 -0.994522 1.12004e-6 -0.1045286 -0.994522 6.14144e-7 -0.1045277 -0.994522 0 -0.1045289 -0.9945219 0 -0.1045289 -0.9945219 -8.37159e-7 -0.1045289 -0.9945219 -1.60309e-6 -0.104529 -0.9945219 2.02593e-6 -0.1045277 -0.994522 0 -0.104529 -0.9945219 0 -0.104528 -0.994522 6.6373e-7 -0.104529 -0.9945219 0 -0.1045289 -0.9945219 2.22815e-6 -0.1045295 -0.9945218 1.53346e-6 -0.1045286 -0.9945219 0 -0.1045283 -0.994522 -1.09093e-6 -0.1045276 -0.994522 0 -0.1045277 -0.994522 1.32743e-6 -0.1045283 -0.994522 0 -0.1045288 -0.9945219 1.48543e-6 -0.1045299 -0.9945217 0 -0.1045291 -0.9945219 -2.90443e-6 -0.1045297 -0.9945218 -2.72763e-6 -0.1045288 -0.9945219 9.09638e-7 -0.1045287 -0.994522 -1.42467e-6 -0.1045289 -0.9945219 -5.95177e-7 -0.1045275 -0.9945221 0 -0.1045276 -0.994522 0 -0.104529 -0.9945219 -2.90438e-6 -0.1045296 -0.9945218 1.19131e-6 -0.1045277 -0.9945221 -3.1954e-6 -0.1045287 -0.9945219 0 -0.1045271 -0.9945222 1.12004e-6 -0.1045286 -0.9945219 6.14144e-7 -0.1045276 -0.9945221 -1.63288e-6 -0.1045294 -0.9945219 1.13774e-6 -0.1045286 -0.994522 1.14787e-6 -0.1045284 -0.994522 0 -0.1045289 -0.9945219 0 -0.1045295 -0.9945218 0 -0.104529 -0.9945219 -2.45874e-6 -0.1045289 -0.9945219 0.002132415 -0.1119013 -0.9937171 -5.04524e-4 -0.1180258 -0.9930104 0.004568934 -0.1077122 -0.9941716 3.26933e-4 -0.1147607 -0.9933931 2.64932e-4 -0.1150389 -0.9933611 2.02593e-6 -0.1045274 -0.994522 0 -0.1045291 -0.9945219 1.33892e-6 -0.1045279 -0.994522 0 -0.1045289 -0.9945219 0.01003676 -0.1018719 -0.9947469 2.20523e-6 -0.10453 -0.9945218 5.99877e-7 -0.1045284 -0.9945219 0 -0.1045281 -0.994522 -1.09093e-6 -0.1045276 -0.994522 0 -0.1045275 -0.9945221 6.63718e-7 -0.1045286 -0.9945219 -4.08007e-6 -0.1045287 -0.9945219 3.71356e-6 -0.1045299 -0.9945217 -2.86402e-6 -0.10453 -0.9945218 0 -0.1045291 -0.9945219 -3.69866e-6 -0.1045289 -0.9945219 -2.90438e-6 -0.1045299 -0.9945218 6.0007e-7 -0.1045283 -0.994522 1.19131e-6 -0.1045275 -0.9945221 0 -0.1045292 -0.9945219 0 -0.1045262 -0.9945222 0 -0.1045252 -0.9945223 1.22829e-6 -0.1045275 -0.994522 1.13018e-6 -0.1045286 -0.994522 0 -0.1045285 -0.9945219 0.006091415 -0.10521 -0.9944314 -5.12345e-6 -0.1045283 -0.994522 0 -0.1045298 -0.9945217 0 -0.1045284 -0.994522 0 -0.1045287 -0.9945219 2.29203e-6 -0.1045283 -0.9945219 2.14312e-6 -0.1045268 -0.9945222 -5.00711e-6 -0.1045289 -0.9945219 1.58898e-6 -0.1045283 -0.994522 3.83494e-6 -0.1045289 -0.9945219 1.19502e-6 -0.1045281 -0.994522 4.39953e-7 -0.1045287 -0.994522 -1.07076e-6 -0.104527 -0.9945221 -2.15146e-6 -0.10453 -0.9945217 -2.068e-6 -0.104529 -0.9945219 1.44078e-6 -0.1045297 -0.9945217 -7.80649e-7 -0.1045289 -0.9945219 0 -0.1045272 -0.994522 0 -0.1045262 -0.9945222 3.4316e-6 -0.1045288 -0.994522 -4.801e-5 -0.1050033 -0.9944719 4.71798e-4 -0.1045318 -0.9945215 4.71124e-4 -0.1045538 -0.9945192 4.34194e-6 -0.1045285 -0.994522 -8.56799e-7 -0.104529 -0.9945219 0 -0.1045299 -0.9945217 -4.24364e-6 -0.1045284 -0.994522 2.02593e-6 -0.1045277 -0.994522 1.53345e-6 -0.1045281 -0.994522 -1.14207e-6 -0.104528 -0.994522 -1.09094e-6 -0.104528 -0.994522 0 -0.1045283 -0.994522 -1.20389e-6 -0.1045273 -0.994522 0 -0.104529 -0.9945219 2.19251e-4 -0.08433979 -0.9964371 0.009297847 -0.1055678 -0.9943687 0.007240474 -0.1030928 -0.9946454 0.005025863 -0.09889727 -0.995085 0.005555212 -0.10306 -0.9946597 9.31511e-4 -0.08612686 -0.9962838 0.008429884 -0.1045249 -0.9944866 -1.19701e-4 -0.08207809 -0.9966259 0.007913291 -0.1043578 -0.9945083 2.76665e-4 -0.08472502 -0.9964044 9.95374e-5 -0.0844528 -0.9964275 2.02143e-4 -0.08625447 -0.9962732 -4.50448e-4 -0.07535803 -0.9971565 0 -0.08177042 -0.9966513 3.37529e-4 -0.08035284 -0.9967665 1.27131e-4 -0.08347332 -0.99651 -3.68543e-4 -0.08912068 -0.9960208 2.23559e-4 -0.08460265 -0.9964147 8.28079e-5 -0.1159109 -0.9932596 0 -0.1150018 -0.9933653 0 -0.1150019 -0.9933653 6.77491e-7 -0.1168513 -0.9931495 -6.77491e-7 -0.1168561 -0.9931489 0.9486877 -0.1044732 -0.2984578 0.8628628 -0.106158 -0.4941644 0.4153598 -0.1064044 -0.9034126 0.715669 -0.104671 -0.6905519 0.9334096 -0.1024894 -0.3438644 0.5242933 -0.1032161 -0.8452591 0.7502516 -0.1026902 -0.653129 0.3054462 -0.1029205 -0.9466309 0.9942664 -0.1067935 -0.005427598 0.9939332 -0.1099599 -0.00238192 0.994522 -0.1045282 1.89245e-6 0.994522 -0.1045271 -4.4363e-7 0.994522 -0.1045278 0 0.9945217 -0.1045309 9.29512e-7 0.994479 -0.1045475 -0.009025633 0.9945222 -0.1045268 0 0.994522 -0.1045286 5.18534e-7 0.9945572 -0.1041933 6.77855e-6 0.9945208 -0.1045386 3.35153e-4 0.9945572 -0.1041933 -7.29302e-6 0.9945225 -0.1045228 0 0.9935011 -0.1138221 0 0.9945223 -0.1045249 1.65051e-6 0.9945218 -0.1045302 -2.47463e-7 0.9945222 -0.1045263 3.70754e-7 0.9945218 -0.1045296 -7.70023e-7 0.9945216 -0.1045318 -5.18182e-7 0.994522 -0.104528 2.75196e-6 0.9945217 -0.1045308 0 0.9945222 -0.1045263 1.59635e-6 0.9945219 -0.1045287 -3.07666e-6 0.9945223 -0.1045254 -4.29246e-7 0.9945222 -0.1045269 -2.09209e-7 0.9945214 -0.1045331 5.80754e-7 0.9945223 -0.1045259 2.55001e-7 0.9945214 -0.1045325 1.69432e-6 0.994522 -0.1045281 -5.08411e-6 0.9945222 -0.1045268 -2.09209e-7 0.994522 -0.1045283 4.56309e-7 0.9945709 -0.1040616 9.89912e-6 0.9945191 -0.1045548 4.79092e-4 0.9945709 -0.1040616 -1.01159e-5 0.9945229 -0.1045201 5.19471e-7 0.994522 -0.1045286 -1.23486e-6 0.994522 -0.1045275 9.88677e-7 0.9945222 -0.1045256 1.27067e-6 0.9935011 -0.1138222 5.37471e-7 0.9945222 -0.1045263 9.09209e-7 0.9945222 -0.1045262 4.11949e-7 0.9945215 -0.1045321 1.15152e-6 0.9945219 -0.1045295 9.82344e-7 0.9945219 -0.1045296 -6.65019e-7 0.9945216 -0.1045317 -5.18182e-7 0.9945218 -0.1045294 -3.14505e-6 0.9945217 -0.1045305 2.61213e-6 0.9945216 -0.1045319 -1.77954e-6 0.9945216 -0.1045314 5.09085e-7 0.9945215 -0.1045321 2.75194e-6 0.994522 -0.104528 9.92671e-7 0.9945224 -0.1045244 1.55743e-6 0.9945218 -0.1045298 -3.13803e-6 0.9945219 -0.1045284 1.00697e-6 0.9945221 -0.1045274 3.14751e-7 0.9945178 -0.1039921 -0.01095306 0.9943971 -0.1048671 -0.01332181 0.9947502 -0.1018629 -0.009813427 0.9944815 -0.1042407 -0.01185464 0.9944927 -0.1041576 -0.01164025 0.9945222 -0.1045255 -5.00788e-7 0.9945221 -0.1045267 -3.34734e-7 0.9945214 -0.1045334 5.89173e-7 0.9945214 -0.1045328 4.97788e-7 0.9945223 -0.1045257 5.10006e-7 0.9945219 -0.1045295 1.50864e-6 0.994522 -0.1045281 -4.87135e-6 0.9945225 -0.104523 2.4912e-7 0.9945227 -0.1045212 -2.09208e-7 0.9945213 -0.1045339 2.69638e-7 0.994556 -0.1042042 6.97106e-6 0.9945197 -0.1045495 3.35102e-4 0.994556 -0.1042042 -7.08527e-6 0.9945229 -0.1045199 -5.1947e-7 0.9945217 -0.10453 1.07107e-6 0.9945223 -0.1045251 1.27067e-6 0.9945218 -0.10453 5.36879e-7 0.9945227 -0.1045215 3.18788e-7 0.9945222 -0.1045265 1.13651e-6 0.9945216 -0.1045311 2.05975e-7 0.9957694 -0.09179371 -0.004154622 0.994522 -0.1045286 9.77684e-7 0.9945221 -0.1045272 1.15152e-6 0.9945222 -0.1045265 -4.98988e-7 0.9945216 -0.1045315 -7.0002e-7 0.9945217 -0.1045304 -3.14501e-6 0.994522 -0.1045286 3.1724e-7 0.9945217 -0.1045312 2.94656e-7 0.9945215 -0.1045324 -1.77954e-6 0.9945219 -0.1045296 5.09086e-7 0.9945222 -0.1045262 7.61458e-7 0.994522 -0.1045278 6.67338e-7 0.9945216 -0.1045313 -1.00464e-6 0.994522 -0.1045288 1.45827e-6 0.9945216 -0.1045323 2.99939e-7 0.9945223 -0.1045251 -1.25705e-7 0.994522 -0.1045278 -1.94449e-6 0.9945221 -0.1045272 -9.03301e-7 0.9945223 -0.1045252 -3.76575e-7 0.9945222 -0.1045255 -4.65017e-7 0.9945214 -0.1045333 3.3186e-7 0.9945223 -0.1045245 3.82504e-7 0.9945219 -0.1045293 -7.85203e-7 0.9945214 -0.1045325 1.32296e-6 0.9945216 -0.1045314 1.11932e-6 0.994522 -0.1045274 -4.8529e-6 0.9945222 -0.1045255 0 0.994522 -0.1045285 5.18534e-7 0.9945571 -0.1041934 6.72796e-6 0.9945209 -0.1045387 3.35163e-4 0.9945571 -0.1041934 -7.28293e-6 0.9945229 -0.104519 -3.352e-4 0.9944862 -0.1048683 -9.39501e-7 0.9944862 -0.1048681 -1.03382e-5 0.9945219 -0.1045284 8.23899e-7 0.9945221 -0.1045268 1.08915e-6 0.9945219 -0.1045284 1.02372e-6 0.9945221 -0.1045269 1.27858e-6 0.9945222 -0.104526 0 0.9945217 -0.1045306 4.11948e-7 0.9945707 -0.1040632 -9.2016e-6 0.9945707 -0.1040632 1.61329e-6 0.9945169 -0.1045747 4.77548e-4 0.9968702 -0.07905638 -5.25501e-7 0.9945218 -0.1045294 1.06963e-6 0.9945221 -0.1045268 1.07475e-6 0.9945217 -0.1045302 -8.05024e-7 0.9945571 -0.1041939 -2.52534e-5 0.9945572 -0.1041933 1.15586e-5 0.9945572 -0.1041931 7.08676e-6 0.9945219 -0.1045295 -1.81837e-6 0.9945217 -0.1045313 1.96437e-7 0.9945219 -0.1045287 3.81888e-7 0.9945222 -0.1045271 -1.18552e-6 0.9945216 -0.1045323 2.56408e-7 0.994522 -0.1045284 4.76943e-7 0.9945219 -0.1045293 6.41064e-7 0.9945208 -0.1045392 1.25581e-7 0.9945221 -0.1045267 1.49473e-6 0.9945221 -0.104527 0 0.9945218 -0.1045296 0 0.9945214 -0.1045338 -1.63103e-6 0.9945222 -0.1045265 -6.23449e-7 0.9945222 -0.1045254 -4.29246e-7 0.9945219 -0.1045295 -2.51051e-7 0.9945214 -0.1045331 5.80754e-7 0.9945222 -0.1045256 2.55002e-7 0.9945222 -0.1045263 4.01593e-7 0.9945218 -0.1045297 1.69432e-6 0.9945217 -0.1045299 1.11932e-6 0.9945221 -0.1045266 -4.29144e-6 0.9945216 -0.1045321 8.18464e-7 0.9945223 -0.1045253 6.69468e-7 0.9945214 -0.1045334 8.91876e-7 0.9945209 -0.1045385 1.41131e-7 0.9945237 -0.1045114 0 0.9945221 -0.1045265 9.88674e-7 0.994522 -0.1045287 1.27067e-6 0.9945222 -0.1045262 1.02372e-6 0.9945222 -0.1045264 9.0921e-7 0.9945222 -0.1045261 0 0.9945219 -0.1045289 9.99818e-7 0.9945215 -0.104532 1.07475e-6 0.994522 -0.1045281 -6.65019e-7 0.9945216 -0.1045316 -5.18181e-7 0.9935358 -0.1134898 0.002593696 0.993001 -0.1181066 0 0.9930013 -0.1181038 0 0.9940327 -0.1089023 0.006274282 0.9945217 -0.1045297 -1.21225e-6 0.9945218 -0.1045296 3.05675e-7 0.9945219 -0.1045289 1.90944e-7 0.9945219 -0.104529 -1.42263e-6 0.9945216 -0.1045314 5.12816e-7 0.9945217 -0.1045297 3.52324e-6 0.9945217 -0.1045298 -2.48578e-7 0.9945219 -0.104529 0 0.9945223 -0.1045258 1.53972e-6 0.9945224 -0.1045239 3.83366e-7 0.9945221 -0.1045276 -4.79273e-7 0.994522 -0.1045284 -2.03177e-6 0.9945223 -0.1045243 4.02917e-7 0.9945221 -0.1045268 -4.18418e-7 0.994522 -0.1045278 -5.00788e-7 0.994522 -0.1045275 4.97788e-7 0.9945223 -0.1045259 5.10009e-7 0.9945219 -0.1045292 1.50863e-6 0.9944872 -0.1048577 4.27704e-6 0.9944874 -0.104856 -3.33899e-5 0.9944872 -0.1048577 -3.94192e-6 0.994522 -0.1045281 -4.87135e-6 0.994522 -0.1045286 2.15442e-7 0.9945222 -0.1045263 -6.13286e-7 0.9956356 -0.09330147 -0.002161324 0.9945217 -0.10453 5.05588e-7 0.9945216 -0.104531 1.21509e-6 0.9945216 -0.1045309 4.65656e-7 0.9945217 -0.1045301 9.88677e-7 0.9945221 -0.1045274 1.08914e-6 0.9945219 -0.1045292 2.54493e-7 0.9945221 -0.1045271 1.25017e-6 0.9945224 -0.1045243 1.77213e-7 0.9945215 -0.104532 1.1899e-6 0.9945219 -0.1045286 9.77684e-7 0.994522 -0.1045287 -2.88123e-6 0.994472 -0.1050032 -4.24561e-5 0.9945221 -0.1045255 4.77246e-4 0.9945198 -0.1045477 4.7685e-4 0.9944478 -0.1045187 0.01222807 0.9945217 -0.1045303 -2.49977e-6 0.9945218 -0.10453 2.58435e-7 0.9945223 -0.1045252 2.94656e-7 0.994522 -0.1045287 -6.12814e-7 0.9945219 -0.1045295 5.09085e-7 0.9945218 -0.10453 3.6767e-7 0.9945222 -0.1045265 6.17106e-7 0.9945219 -0.104529 1.55742e-6 0.9945218 -0.1045298 1.49969e-7 0.9945223 -0.1045253 -1.25705e-7 0.9945221 -0.1045276 -3.13803e-6 0.994522 -0.1045274 0 0.9945217 -0.1045306 3.72904e-7 0.994522 -0.1045285 -4.67388e-6 0.9945223 -0.1045252 7.89206e-7 0.994522 -0.1045273 9.00544e-7 0.9945219 -0.1045293 0 0.9945222 -0.1045264 1.03347e-6 0.9945225 -0.1045235 0 0.9945221 -0.1045275 2.06374e-7 0.9945219 -0.1045289 5.99479e-6 0.9945221 -0.1045276 4.79862e-7 0.9945214 -0.1045341 4.37128e-7 0.994522 -0.1045273 4.56914e-7 0.994522 -0.1045287 -2.33387e-6 0.9945218 -0.1045297 -9.35095e-7 0.9945219 -0.1045293 4.23797e-7 0.9945222 -0.104527 0 0.9945219 -0.1045292 -1.03101e-6 0.9945219 -0.1045289 -1.07685e-6 0.9945222 -0.104526 0 0.9945225 -0.1045241 0 0.9970335 -0.07696902 0 0.9957535 -0.09203034 0.002336978 0.9942039 -0.1063116 0.01601374 0.9947131 -0.1023675 0.008172631 0.9947584 -0.1016882 0.01073926 0.9956543 -0.09296554 0.00548458 0.9944635 -0.1042819 0.01295882 0.994425 -0.1045178 0.01396709 0.9932206 -0.1162443 3.0237e-4 0.9935014 -0.1138197 -5.37471e-7 0.2317336 -0.1056641 0.9670237 0.3388372 -0.1014977 0.9353544 0.5721845 -0.1064628 0.8131855 0.652703 -0.10266 0.7506263 0.7840929 -0.105904 0.6115413 0.8435711 -0.1035351 0.5269424 0.9151889 -0.1056059 0.3889431 0.9443424 -0.1030677 0.3124015 -0.00288707 -0.1031666 0.9946599 -0.001800537 -0.1002091 0.9949648 0 -0.1045281 0.994522 0 -0.1045283 0.994522 0 -0.1045274 0.994522 -0.003787398 -0.1045278 0.9945148 3.74929e-7 -0.1045275 0.994522 0 -0.104528 0.994522 7.6707e-7 -0.1045268 0.9945222 3.59093e-7 -0.1045264 0.9945222 0 -0.1045268 0.9945221 -1.92438e-6 -0.1045278 0.994522 1.27874e-5 -0.09283012 0.995682 -1.50669e-6 -0.10453 0.9945217 6.44659e-6 -0.1045285 0.9945219 0 -0.1045288 0.994522 -1.13789e-6 -0.1045283 0.994522 -1.02797e-6 -0.1045287 0.994522 4.05609e-6 -0.1045289 0.9945219 4.68378e-6 -0.1045297 0.9945217 -4.87866e-4 -0.1045539 0.9945191 -4.86507e-4 -0.1045725 0.9945172 3.23613e-5 -0.1050036 0.9944719 -0.00383228 -0.1045557 0.9945117 -1.08708e-6 -0.1045286 0.994522 2.33707e-6 -0.1045289 0.9945219 -1.03111e-6 -0.104528 0.994522 -8.93058e-7 -0.1045305 0.9945217 0 -0.1045277 0.994522 1.20524e-6 -0.1045271 0.994522 0 -0.1045287 0.994522 0 -0.1045281 0.994522 -3.03525e-6 -0.104528 0.994522 -5.49077e-7 -0.1045264 0.9945222 -1.11234e-6 -0.1045284 0.9945219 4.44763e-7 -0.1045287 0.9945219 -2.68003e-6 -0.1045286 0.9945219 -8.98816e-7 -0.1045287 0.994522 3.79369e-6 -0.104529 0.9945219 0 -0.1045292 0.9945219 -3.23263e-6 -0.1045287 0.994522 -1.22537e-6 -0.1045281 0.994522 7.63774e-7 -0.1045289 0.9945219 0 -0.1045298 0.9945217 -0.005311787 -0.1051018 0.9944474 0 -0.1045283 0.994522 0 -0.1045286 0.994522 -0.006448268 -0.1044715 0.9945071 -7.33565e-7 -0.1045299 0.9945217 0 -0.1045283 0.994522 -1.22828e-6 -0.1045284 0.994522 0 -0.1045286 0.9945219 4.68378e-6 -0.1045299 0.9945217 0 -0.1045287 0.9945219 -2.08351e-6 -0.1045296 0.9945219 1.2345e-6 -0.1045283 0.994522 0 -0.1045283 0.994522 -0.004312813 -0.1069016 0.9942603 1.15562e-6 -0.1045303 0.9945217 0 -0.1045278 0.994522 0 -0.1045288 0.9945219 -4.66646e-6 -0.1045287 0.994522 0 -0.1045266 0.9945221 0 -0.104529 0.9945219 -2.92724e-6 -0.1045283 0.9945219 -3.23281e-7 -0.1045315 0.9945216 0 -0.1045299 0.9945218 -1.25706e-7 -0.1045281 0.994522 -1.19975e-6 -0.1045283 0.9945219 0 -0.1045286 0.9945219 0 -0.1045286 0.9945219 -6.69467e-7 -0.1045276 0.994522 2.00931e-6 -0.1045295 0.9945219 -9.70672e-7 -0.1045281 0.994522 1.10757e-6 -0.104529 0.9945219 5.03204e-6 -0.1045284 0.994522 -3.38371e-4 -0.1151142 0.9933522 7.85749e-7 -0.1045289 0.9945219 0 -0.1045286 0.994522 -1.30881e-6 -0.1045286 0.994522 3.12878e-7 -0.1045291 0.9945219 4.26054e-6 -0.1045288 0.9945219 0 -0.1045299 0.9945218 1.15445e-6 -0.1045278 0.994522 0 -0.1045286 0.9945219 0 -0.1045287 0.9945219 4.21306e-6 -0.1045289 0.9945219 -6.59117e-7 -0.1045288 0.9945219 -2.97085e-6 -0.1045298 0.9945218 3.06004e-6 -0.1045289 0.9945219 0 -0.1045281 0.994522 -1.8039e-6 -0.1045318 0.9945216 4.05329e-6 -0.1045297 0.9945218 0 -0.1045284 0.994522 0 -0.104528 0.994522 0 -0.1045287 0.994522 -2.49188e-6 -0.1045287 0.994522 -1.6052e-6 -0.1045273 0.994522 -1.32744e-6 -0.1045285 0.994522 0 -0.1045301 0.9945218 3.99199e-7 -0.1045267 0.9945221 -2.92724e-6 -0.1045283 0.9945219 8.5106e-7 -0.1045371 0.9945211 0 -0.1045325 0.9945214 0 -0.104529 0.9945219 0 -0.1045289 0.9945219 -6.69468e-7 -0.1045278 0.994522 0 -0.1045286 0.9945219 1.22309e-6 -0.1045287 0.994522 0 -0.1045309 0.9945216 8.97609e-7 -0.1045283 0.9945219 -2.20602e-6 -0.1045282 0.994522 1.35787e-4 -0.1163697 0.993206 2.51603e-6 -0.1045287 0.994522 -3.16654e-4 -0.1145001 0.9934232 -1.22534e-6 -0.1045259 0.9945222 0 -0.1045281 0.994522 0 -0.1045292 0.9945219 -1.12003e-6 -0.1045283 0.994522 3.63684e-6 -0.1045287 0.9945219 2.1783e-6 -0.1045296 0.9945218 -5.96644e-7 -0.1045296 0.9945218 1.60519e-6 -0.1045277 0.9945221 0 -0.1045284 0.994522 0 -0.1045291 0.9945219 0 -0.1045293 0.9945219 6.59119e-7 -0.104528 0.994522 -2.97087e-6 -0.1045297 0.9945217 4.59002e-6 -0.1045288 0.9945219 0 -0.1045282 0.994522 -1.80388e-6 -0.1045309 0.9945217 4.64166e-6 -0.1045296 0.9945219 0 -0.1045281 0.994522 -5.96648e-7 -0.1045289 0.9945219 -7.47566e-6 -0.1045286 0.9945219 8.78631e-7 -0.1045286 0.994522 0 -0.1045272 0.9945221 0 -0.1045289 0.9945219 0 -0.1045291 0.9945219 -2.82049e-6 -0.1045283 0.994522 1.61641e-6 -0.1045289 0.9945219 0 -0.1045323 0.9945215 -3.77115e-7 -0.1045278 0.994522 0 -0.1045292 0.9945219 0 -0.1045284 0.994522 0 -0.1045276 0.994522 3.66929e-6 -0.1045286 0.9945219 4.39344e-7 -0.1045336 0.9945214 3.79368e-6 -0.1045289 0.9945219 0 -0.1045286 0.994522 -1.77433e-6 -0.1045281 0.994522 -2.58878e-4 -0.1147819 0.9933907 1.61633e-6 -0.1045287 0.994522 -7.63776e-7 -0.1045286 0.9945219 -4.91093e-7 -0.1045293 0.9945218 0 -0.1045285 0.994522 -2.24007e-6 -0.1045283 0.9945219 3.63684e-6 -0.1045287 0.9945219 0 -0.1045297 0.9945218 -6.59118e-7 -0.1045287 0.9945219 0 -0.1045281 0.994522 0 -0.1045284 0.994522 0 -0.104529 0.9945219 0 -0.1045291 0.9945219 -2.97087e-6 -0.1045296 0.9945219 0 -0.1045293 0.9945219 0 -0.1045283 0.994522 0 -0.104528 0.994522 3.40286e-6 -0.1045296 0.9945219 0 -0.1045281 0.994522 0 -0.104529 0.9945219 -2.33324e-6 -0.1045284 0.994522 0 -0.1045271 0.994522 0 -0.10453 0.9945218 1.32744e-6 -0.104528 0.994522 9.69844e-7 -0.1045289 0.9945219 0 -0.1045287 0.994522 0 -0.1045283 0.9945219 -1.25706e-7 -0.1045281 0.994522 5.34818e-6 -0.104529 0.9945219 1.14466e-6 -0.1045292 0.9945219 -6.69469e-7 -0.1045274 0.9945221 0 -0.1045333 0.9945214 0 -0.1045339 0.9945214 0 -0.1045299 0.9945217 0 -0.1045283 0.9945219 0 -0.1045287 0.9945219 -3.99964e-6 -0.1045292 0.9945219 1.6039e-6 -0.1045287 0.9945219 -9.3641e-7 -0.104529 0.9945219 0 -0.1045284 0.9945219 -2.24006e-6 -0.1045282 0.994522 3.63684e-6 -0.1045286 0.994522 7.26096e-7 -0.1045298 0.9945218 -6.5912e-7 -0.1045289 0.9945219 -1.2033e-6 -0.1045284 0.994522 0 -0.1045289 0.9945219 -2.97086e-6 -0.1045297 0.9945217 4.59005e-6 -0.104529 0.9945219 -1.32745e-6 -0.1045285 0.9945219 -1.36875e-6 -0.1045279 0.994522 3.11114e-6 -0.1045294 0.9945219 0 -0.1045279 0.994522 -1.25706e-7 -0.104529 0.9945219 1.19976e-6 -0.1045272 0.9945221 -4.9271e-6 -0.1045286 0.994522 0 -0.1045299 0.9945218 -1.32744e-6 -0.1045287 0.994522 4.84919e-7 -0.1045283 0.994522 0 -0.1045293 0.9945219 -1.35615e-6 -0.1045284 0.9945219 0 -0.1045284 0.9945219 7.48077e-7 -0.1045286 0.9945219 0 -0.1045275 0.9945221 0 -0.1045286 0.9945219 -6.69469e-7 -0.1045278 0.994522 0 -0.1045284 0.9945219 6.45163e-7 -0.104533 0.9945214 0 -0.104534 0.9945214 -9.99205e-7 -0.1045277 0.994522 8.51388e-7 -0.1045289 0.9945219 1.82766e-6 -0.1045278 0.994522 0 -0.1045284 0.9945219 -9.99148e-7 -0.1045286 0.994522 -1.12003e-6 -0.1045284 0.9945219 -1.22828e-6 -0.1045283 0.994522 0 -0.1045287 0.9945219 2.17829e-6 -0.1045296 0.9945218 0 -0.1045297 0.9945217 1.22829e-6 -0.1045289 0.9945219 -1.2033e-6 -0.1045284 0.994522 4.21306e-6 -0.1045292 0.9945219 -6.59118e-7 -0.1045289 0.9945219 -2.97086e-6 -0.1045297 0.9945217 3.06002e-6 -0.1045287 0.994522 0 -0.1045284 0.9945219 0 -0.1045314 0.9945216 -1.22715e-6 -0.1045283 0.994522 4.0533e-6 -0.1045297 0.9945218 -1.40884e-6 -0.1045292 0.9945219 5.03601e-6 -0.104528 0.994522 -4.98377e-6 -0.1045289 0.9945219 0 -0.1045286 0.994522 -1.62181e-6 -0.1045275 0.994522 -1.32744e-6 -0.1045288 0.9945219 -2.92725e-6 -0.1045283 0.9945219 -1.6164e-7 -0.1045258 0.9945222 4.94048e-7 -0.1045287 0.994522 0 -0.1045286 0.994522 0 -0.1045281 0.994522 5.34817e-6 -0.1045292 0.9945219 0 -0.1045278 0.994522 -1.14465e-6 -0.1045284 0.994522 1.22308e-6 -0.1045281 0.994522 0 -0.1045338 0.9945214 7.32441e-7 -0.1045283 0.994522 0 -0.1045343 0.9945213 0 -0.1045284 0.9945219 -3.99963e-6 -0.104529 0.9945219 8.26991e-7 -0.1045286 0.9945219 3.92875e-7 -0.1045291 0.9945219 0 -0.1045285 0.9945219 2.22702e-6 -0.1045299 0.9945218 2.26148e-6 -0.1045289 0.9945219 0 -0.1045292 0.9945219 0 -0.1045281 0.994522 3.30906e-6 -0.1045284 0.994522 8.18464e-7 -0.1045292 0.9945219 -7.7327e-7 -0.1045269 0.9945222 0 -0.08236455 0.9966024 0.003223955 -0.09465271 0.9955052 0.006640911 -0.1027233 0.9946879 0 -0.08236593 0.9966022 0 -0.104529 0.9945219 6.15963e-6 -0.1045289 0.9945219 0 -0.1045281 0.994522 -1.3573e-6 -0.1045284 0.994522 -2.36376e-7 -0.1045305 0.9945217 -2.62803e-6 -0.1045293 0.9945219 5.03601e-6 -0.1045277 0.994522 2.2613e-6 -0.1045271 0.994522 -1.32744e-6 -0.1045287 0.9945219 8.38372e-7 -0.1045282 0.994522 -2.79996e-6 -0.104528 0.994522 -4.55672e-7 -0.1045323 0.9945216 0 -0.104529 0.9945219 -1.26035e-6 -0.1045283 0.9945219 0 -0.1045333 0.9945214 -2.68005e-6 -0.1045286 0.994522 1.14785e-6 -0.104529 0.9945219 5.03206e-6 -0.1045284 0.994522 0 -0.1045288 0.9945219 0.008352756 -0.1047443 0.9944641 0.007659435 -0.1043405 0.9945122 -1.07038e-6 -0.104528 0.994522 -8.30591e-7 -0.104529 0.9945219 1.67482e-6 -0.104528 0.994522 0 -0.1045292 0.9945219 -1.22829e-6 -0.1045285 0.9945219 -8.2324e-7 -0.1045283 0.994522 4.58286e-6 -0.1045287 0.994522 0 -0.1045286 0.994522 3.07985e-6 -0.1045286 0.994522 -3.35457e-4 -0.1045379 0.9945209 -3.35551e-4 -0.1045258 0.9945222 -3.33544e-4 -0.1045659 0.9945179 -4.98375e-6 -0.1045292 0.9945219 -1.32744e-6 -0.1045285 0.9945219 -7.43502e-7 -0.1045295 0.9945219 -6.69467e-7 -0.1045275 0.994522 -1.26035e-6 -0.1045286 0.9945219 1.22309e-6 -0.1045281 0.994522 3.12512e-6 -0.1045289 0.9945219 0 -0.1045331 0.9945214 0.00756514 -0.104289 0.9945183 0 -0.1045283 0.994522 0 -0.1045288 0.994522 3.63686e-6 -0.1045287 0.9945219 0 -0.1045295 0.9945218 -6.59118e-7 -0.1045287 0.9945219 -2.97085e-6 -0.10453 0.9945217 1.02002e-6 -0.1045293 0.9945219 0 -0.104528 0.994522 1.33894e-6 -0.10453 0.9945218 0 -0.1045291 0.9945219 0 -0.1045308 0.9945216 -2.34728e-4 -0.1138336 0.9934999 2.6672e-4 -0.1112914 0.9937879 2.77572e-4 -0.1112916 0.9937878 2.76852e-4 -0.1112916 0.9937878 0.006857752 -0.1040529 0.9945482 0.00395137 -0.1060223 0.994356 0.005703628 -0.1045269 0.9945058 0.001916587 -0.1088981 0.994051 0 -0.1128489 0.9936121 2.93306e-4 -0.09071844 0.9958766 1.22687e-4 -0.08587014 0.9963064 -1.41215e-4 -0.07932639 0.9968488 0 -0.08236432 0.9966024 5.25361e-7 -0.0823664 0.9966021 0 -0.08236378 0.9966024 -1.68414e-4 -0.1136868 0.9935167 2.30093e-4 -0.1197136 0.9928085 0 -0.1165844 0.9931808 0 -0.1165842 0.9931808 0 -0.1165843 0.9931808 -0.9301081 -0.1031215 0.3525121 -0.4154196 -0.106895 0.9033272 -0.736582 -0.1050179 0.6681454 -0.9446839 -0.1055973 0.3105183 -0.8525103 -0.1034266 0.5123761 -0.726633 -0.1044418 0.6790407 -0.2527288 -0.1027681 0.9620639 -0.5127335 -0.1030604 0.8523398 -0.8159319 -0.5776475 0.02405321 -0.8038683 -0.5947105 -0.01073378 -0.2746092 -0.9615103 0.009380698 -0.2653785 -0.964139 -0.003194987 0.3814504 -0.9243836 -0.003242433 0.3969213 -0.9176158 0.02084815 0.9036517 -0.4269538 -0.03353184 0.9269229 -0.3639441 0.09142631 -0.9397993 -0.2313666 -0.2514891 -0.799362 -0.5799496 0.157096 -0.27623 -0.9576428 -0.08134734 -0.3082227 -0.9509961 -0.02460241 0.3882259 -0.9215358 0.007242858 0.3969233 -0.917615 0.02084821 0.9036508 -0.4269555 -0.03353202 0.9269233 -0.3639431 0.09142559 -0.9397996 -0.2313667 -0.2514884 -0.799361 -0.5799511 0.1570947 -0.2762329 -0.9576424 -0.08134222 -0.2149479 -0.959183 -0.1837535 0.3834466 -0.9041456 0.1883864 0.7665807 -0.6076248 -0.2077166 0.9133591 -0.367556 0.1751508 -0.9398002 -0.2313652 -0.2514871 -0.7993606 -0.5799508 0.1570974 -0.1974799 -0.9741147 -0.1100102 -0.3009834 -0.9447942 0.1295109 0.4253584 -0.8862648 -0.1833167 0.6988511 -0.6706386 0.2486988 0.9484641 -0.2304035 -0.2175551 -0.9398 -0.2313654 -0.2514879 -0.7366859 -0.6323768 0.2395693 -0.3074898 -0.9302877 -0.2000372 0.06778842 -0.9862581 0.1506645 0.3757078 -0.922001 -0.09358364 0.7541355 -0.6468038 0.1136867 0.8546418 -0.5133417 -0.07789617 -0.9397996 -0.2313684 -0.2514867 -0.7993623 -0.5799498 0.1570927 -0.2762309 -0.957643 -0.08134204 -0.3082237 -0.9509958 -0.02460372 0.4247758 -0.905253 0.009082198 0.3989889 -0.9161509 -0.0384131 0.927842 -0.3634755 0.08363568 0.9643028 -0.2476452 -0.09376513 -0.938993 -0.2678459 -0.2157564 -0.1974791 -0.974115 -0.1100103 -0.3009834 -0.9447937 0.129515 0.4253571 -0.886265 -0.1833194 0.698852 -0.6706387 0.2486959 0.9484639 -0.2304044 -0.217555 -0.9398003 -0.231366 -0.2514861 -0.2762301 -0.9576433 -0.0813418 -0.3082237 -0.9509958 -0.02460241 0.4247761 -0.9052529 0.009086906 0.3989889 -0.9161509 -0.03841179 0.9278425 -0.3634746 0.08363443 0.9643028 -0.2476469 -0.09376198 -0.9398002 -0.2313656 -0.2514873 -0.7144312 -0.6474199 0.265397 -0.3064511 -0.9241093 -0.2282755 0.183089 -0.9691492 0.1650099 0.4270474 -0.8979504 -0.1063756 0.8341438 -0.5332872 0.1407447 0.9534361 -0.2346921 -0.1894179 -0.976241 -0.129087 -0.1740405 -0.7968012 -0.5864336 0.145614 -0.5615235 -0.809484 -0.1715436 -0.2401957 -0.9606669 0.1393748 0.323563 -0.9412994 -0.09624201 0.3972663 -0.9176498 0.009930491 0.9032076 -0.4290472 -0.01160514 0.90871 -0.4172115 0.01345312 -0.9917737 -0.01070225 -0.1275557 -0.8066543 -0.5861504 0.07573926 -0.7708078 -0.6369912 -0.009885251 -0.2458421 -0.969262 0.00963962 -0.2364587 -0.971637 -0.002994358 0.4252837 -0.9050552 -0.003002047 0.4061184 -0.9130634 -0.03719222 0.9278423 -0.363476 0.0836299 0.9643031 -0.2476443 -0.09376537 -0.9917738 -0.0107004 -0.1275549 -0.8066559 -0.5861487 0.0757367 -0.7708079 -0.6369909 -0.009890139 -0.2458432 -0.9692618 0.009636878 -0.2364565 -0.9716375 -0.002987563 0.4252834 -0.9050553 -0.002999663 0.4061179 -0.9130636 -0.03719049 0.9278421 -0.363476 0.08363282 0.9643031 -0.2476447 -0.0937637 -0.9762415 -0.1290863 -0.1740387 -0.7968016 -0.5864326 0.1456159 -0.5615231 -0.8094838 -0.1715455 -0.240196 -0.9606671 0.1393722 0.3614017 -0.9255814 -0.1126406 0.4061172 -0.9130638 -0.03719365 0.9278417 -0.3634759 0.08363664 0.9643031 -0.2476447 -0.09376382 -0.9398003 -0.2313669 -0.2514852 -0.7931423 -0.5859593 0.1660636 -0.247354 -0.9624658 -0.1116945 -0.3076472 -0.9514961 -0.002903819 0.4252839 -0.9050551 -0.002999663 0.4061182 -0.9130635 -0.03719055 0.9278422 -0.363475 0.08363473 0.9643032 -0.2476437 -0.09376513 -0.9917734 -0.01070469 -0.1275579 -0.8066539 -0.5861505 0.07574397 -0.7708098 -0.6369886 -0.009889781 -0.2458415 -0.9692622 0.00963962 -0.236458 -0.9716371 -0.002994358 0.4252841 -0.9050549 -0.002999663 0.4061173 -0.9130638 -0.03719455 0.9278428 -0.3634738 0.08363348 0.9643029 -0.2476452 -0.09376448 -0.9398285 -0.2405425 -0.2426146 -0.7931424 -0.5859589 0.1660648 -0.2473537 -0.9624658 -0.1116944 -0.3076456 -0.9514967 -0.002901852 0.3959291 -0.9182761 -0.003029227 0.4045251 -0.9144676 0.01041007 0.9157444 -0.4015862 -0.01186108 0.9295306 -0.3624561 0.06781238 -0.9917733 -0.01070463 -0.1275593 -0.8066524 -0.5861529 0.07574152 -0.7708074 -0.6369917 -0.009888112 -0.2458415 -0.9692622 0.009642422 -0.2364571 -0.9716374 -0.002993464 0.3959309 -0.9182753 -0.003034591 0.3976798 -0.9175242 -3.03488e-4 0.9088291 -0.417021 0.01109665 0.873795 -0.4746187 0.1059219 -0.8187198 -0.5726174 -0.04251259 -0.828134 -0.5604028 -0.01195502 -0.2746145 -0.9615087 0.009377777 -0.2653819 -0.9641381 -0.003196358 0.4182386 -0.9083316 -0.003191113 0.3989894 -0.9161505 -0.03841602 0.9278417 -0.3634752 0.0836395 0.964304 -0.2476421 -0.0937609 -0.8281341 -0.5604028 -0.011954 -0.2746157 -0.9615084 0.009377837 -0.2653826 -0.964138 -0.003195762 0.4182382 -0.9083319 -0.003188848 0.39899 -0.9161503 -0.03841501 0.9278425 -0.3634735 0.08363807 0.9643033 -0.2476451 -0.09376156 -0.8187202 -0.5726169 -0.04251146 -0.8281348 -0.5604016 -0.01195782 -0.2746155 -0.9615085 0.009377837 -0.2653831 -0.9641377 -0.003201484 0.4182375 -0.9083321 -0.003188848 0.3989904 -0.9161501 -0.03841537 0.9278421 -0.3634739 0.08364129 0.9643033 -0.2476449 -0.09376174 -0.8187216 -0.572615 -0.04251128 -0.8281331 -0.5604041 -0.01195675 -0.2746163 -0.9615083 0.009375035 -0.2653819 -0.9641381 -0.003196477 0.4182404 -0.9083309 -0.003191113 0.3989884 -0.916151 -0.03841626 0.9278411 -0.3634759 0.08364313 0.9643037 -0.2476436 -0.0937612 -0.8187199 -0.5726175 -0.0425114 -0.8281345 -0.5604021 -0.01195394 -0.2746153 -0.9615085 0.009377837 -0.2653849 -0.9641373 -0.003201007 0.4182398 -0.9083311 -0.003188848 0.3989874 -0.9161515 -0.03841453 0.9278424 -0.3634735 0.08364003 0.9643037 -0.2476438 -0.09376126 -0.8187177 -0.5726205 -0.04251271 -0.8281349 -0.5604015 -0.01195293 -0.2746169 -0.961508 0.009380578 -0.2653826 -0.964138 -0.003198623 0.4182401 -0.908331 -0.003188848 0.3989883 -0.916151 -0.03841561 0.9278411 -0.3634765 0.08364075 0.9643036 -0.2476439 -0.0937615 -0.8187182 -0.5726197 -0.04251158 -0.828135 -0.5604013 -0.01195394 -0.274616 -0.9615083 0.009377837 -0.2653811 -0.9641383 -0.003197431 0.4182386 -0.9083316 -0.003188848 0.3989889 -0.9161507 -0.0384162 0.9278435 -0.3634705 0.08363932 0.9643027 -0.2476482 -0.0937584 -0.7836194 -0.6190808 -0.05176597 -0.8182188 -0.5657038 0.1024563 -0.2666326 -0.9570959 -0.1134655 -0.005182862 -0.9901355 0.1400177 0.4195283 -0.8965077 -0.1423726 0.6548963 -0.7428922 0.1386438 0.959863 -0.2412846 -0.1429851 0.9887306 -0.07184672 0.1313395 -0.9917734 -0.01070207 -0.1275575 -0.8115422 -0.5797046 0.0730884 -0.7758339 -0.6308676 -0.009379267 -0.2653807 -0.9641385 -0.003199458 0.3814554 -0.9243817 -0.003235816 0.3969265 -0.9176137 0.02084589 0.9036516 -0.4269537 -0.0335313 0.9269233 -0.363943 0.09142708 -0.8187218 -0.5726144 -0.04251247 -0.8281347 -0.5604019 -0.011954 -0.2746167 -0.9615081 0.009379267 -0.2653822 -0.964138 -0.003200888 0.4182367 -0.9083325 -0.00318998 0.3989921 -0.9161495 -0.03841274 0.927843 -0.3634729 0.08363497 0.9643032 -0.2476441 -0.093764 -0.8187201 -0.5726168 -0.04251319 -0.8281356 -0.5604003 -0.01195764 -0.2746158 -0.9615083 0.009380638 -0.265383 -0.9641379 -0.003199994 0.4182379 -0.9083319 -0.003188848 0.3989912 -0.9161499 -0.03841376 0.9278418 -0.3634759 0.08363664 0.9643034 -0.2476435 -0.09376323 -0.8187204 -0.5726166 -0.04251319 -0.8281351 -0.5604011 -0.01195657 -0.2746155 -0.9615085 0.009379208 -0.2653819 -0.9641382 -0.003199994 0.4182387 -0.9083316 -0.00318998 0.3989913 -0.9161499 -0.03841215 0.9278424 -0.3634737 0.08363795 0.9643033 -0.2476441 -0.09376317 -0.8187198 -0.5726174 -0.04251199 -0.8281357 -0.5604002 -0.01195561 -0.2746164 -0.9615082 0.009379267 -0.265383 -0.9641379 -0.003199458 0.4182384 -0.9083318 -0.00318998 0.3989912 -0.9161499 -0.03841394 0.9278426 -0.3634737 0.08363687 0.9643033 -0.247644 -0.0937637 -0.9917733 -0.01070207 -0.1275585 -0.8115401 -0.5797071 0.07309252 -0.7191042 -0.6856507 -0.1130152 -0.2669871 -0.9505304 0.1587765 0.1352427 -0.9768443 -0.1657848 0.3916549 -0.9142075 0.1040737 0.793021 -0.5974249 -0.1191688 0.9109014 -0.3678547 0.1869274 -0.8187204 -0.5726169 -0.04251003 -0.7743036 -0.612803 -0.1578816 -0.2669849 -0.9505314 0.158774 0.1430584 -0.9746656 -0.1719338 0.3917848 -0.9143363 0.1024398 0.8201205 -0.5603444 -0.115831 0.9133581 -0.3675575 0.1751533 -0.7836177 -0.6190826 -0.05176997 -0.8182218 -0.5656996 0.1024553 -0.2666314 -0.957096 -0.1134681 -0.005183398 -0.9901356 0.1400166 0.4195284 -0.8965076 -0.1423733 0.6548985 -0.7428906 0.138642 0.9598633 -0.2412827 -0.1429871 0.9887305 -0.07184487 0.1313411 -0.9398282 -0.2405412 -0.2426167 -0.7993615 -0.5799496 0.1570978 -0.2762264 -0.9576435 -0.08135229 -0.3082204 -0.9509969 -0.02459877 0.3882281 -0.921535 0.007248401 0.3900985 -0.9207172 0.01015877 0.9032076 -0.4290472 -0.01160401 0.9087088 -0.4172139 0.01345103 -0.8187212 -0.5726152 -0.04251241 -0.8281335 -0.5604034 -0.01195728 -0.2746158 -0.9615084 0.009377777 -0.2653819 -0.9641381 -0.00319916 0.4182367 -0.9083325 -0.003191113 0.3989896 -0.9161505 -0.03841388 0.9278432 -0.3634715 0.0836395 0.9643033 -0.2476443 -0.09376221 -0.98836 -0.1121851 -0.102757 -0.9603584 -0.2517508 0.1197217 -0.3440517 -0.9387523 0.01930117 -0.3964775 -0.9152741 -0.07126766 0.3745742 -0.9270946 -0.01377958 0.3969267 -0.9176137 0.02084523 0.9036526 -0.4269521 -0.03352916 0.9269237 -0.3639419 0.09142684 -0.9780516 -0.1776928 0.1088145 -0.9200837 -0.366309 -0.1387948 -0.5635406 -0.817173 0.1210397 -0.4000043 -0.9123446 -0.08731508 0.2711222 -0.9600085 0.06983286 0.278581 -0.9587532 0.05643486 0.8870882 -0.4469368 -0.1154218 0.9522258 -0.2415694 0.1868433 -0.9685621 -0.1680099 0.1834672 -0.7664104 -0.6233104 -0.1552392 -0.6000993 -0.794014 0.09707003 -0.164017 -0.9840229 -0.06926393 -0.01102334 -0.9975402 0.06922417 0.3998479 -0.9126226 -0.08509933 0.6145868 -0.7792078 0.1229565 0.8911572 -0.4270076 -0.153308 0.9788318 -0.1312644 0.1570288 -0.9534367 -0.2346923 0.1894153 -0.8341457 -0.5332852 -0.1407407 -0.3611626 -0.9224543 0.1365272 -0.2918019 -0.9561339 0.02568477 0.3218421 -0.9395745 -0.1166944 0.5610467 -0.8078325 0.1806471 0.8785747 -0.4483675 -0.1645391 0.9788241 -0.1312569 0.157083 -0.964303 -0.2476449 0.09376376 -0.9278416 -0.363476 -0.08363676 -0.3989903 -0.9161505 0.03840517 -0.4247762 -0.9052528 -0.009085118 0.3082239 -0.9509957 0.02460175 0.2762333 -0.9576418 0.08134752 0.7993627 -0.579949 -0.157094 0.9397997 -0.231368 0.2514864 -0.9677465 -0.1673424 0.188317 -0.7487079 -0.6459443 -0.1489713 -0.6001555 -0.7954164 0.08441764 -0.1564661 -0.9857143 -0.06233644 -0.01102501 -0.9975401 0.06922703 0.4644178 -0.8786705 -0.1107002 0.6149209 -0.7813612 0.1065227 0.988547 -0.1504622 -0.0116623 0.9891549 -0.1100144 -0.09731054 -0.9484637 -0.2304053 0.2175548 -0.6988524 -0.6706383 -0.248696 -0.4253572 -0.886265 0.1833187 0.3009825 -0.9447931 -0.1295204 0.1974789 -0.9741147 0.1100123 0.7993615 -0.5799504 -0.1570948 0.9397999 -0.2313668 0.2514872 -0.9484635 -0.2304072 0.2175537 -0.6988517 -0.6706385 -0.2486974 -0.4253574 -0.8862654 0.1833164 0.3009831 -0.9447934 -0.1295165 0.2288902 -0.9725728 0.04137068 0.8888343 -0.4467995 -0.1017044 0.9513318 -0.2407406 0.1923846 -0.9811186 -0.1832073 0.06197881 -0.9484427 -0.3010966 -0.09898185 -0.6001539 -0.7953505 0.08504688 -0.4401168 -0.8924393 -0.09924417 -0.01103013 -0.9950112 0.09915214 0.2639812 -0.9555298 -0.1314413 0.649072 -0.7392391 0.1795302 0.8644829 -0.4551585 -0.2133074 -0.9721069 -0.1783946 0.1522619 -0.8206294 -0.5579808 -0.1233894 -0.6639816 -0.7416815 0.09506368 -0.2794185 -0.9552168 -0.09739732 -0.05024325 -0.9943466 0.0935443 0.3231768 -0.9413511 -0.09703063 0.551652 -0.8261083 0.1150006 0.8472861 -0.5217326 -0.09950637 0.9700883 -0.1928874 0.1473881 0.9954642 0.01212668 -0.09436231 -0.9484644 -0.2304021 0.2175554 -0.7736987 -0.6109011 -0.1678999 -0.4268983 -0.8958439 0.1233758 -0.2220436 -0.9722434 -0.0737518 0.2375221 -0.9685788 0.07374626 0.3861725 -0.9189236 -0.08031404 0.8230156 -0.5551562 0.1201957 0.8961496 -0.4261921 -0.123597 -0.9643028 -0.2476459 0.09376341 -0.9278429 -0.3634743 -0.08363211 -0.4061166 -0.9130641 0.03719311 -0.4252834 -0.9050554 0.003001391 0.268015 -0.9634103 0.002952814 0.2468382 -0.9683907 0.03592354 0.8066846 -0.5861436 -0.07547044 0.8603562 -0.5076555 0.04553234 -0.9643031 -0.2476445 0.09376382 -0.9278422 -0.3634751 -0.08363544 -0.406119 -0.9130629 0.03719568 -0.4252837 -0.9050551 0.002999007 0.2364574 -0.9716373 0.002991378 0.2458428 -0.9692618 -0.009638428 0.8236705 -0.5669317 0.0124641 0.8141679 -0.5789778 0.04376435 -0.9517428 -0.233173 0.1995396 -0.8105559 -0.5641077 -0.1574226 -0.4269149 -0.8960052 0.1221406 -0.2370629 -0.9683123 -0.07856476 0.2375221 -0.9685786 0.0737496 0.3861743 -0.9189224 -0.08031851 0.8230143 -0.5551573 0.120199 0.894291 -0.4332387 -0.1120176 -0.948464 -0.2304049 0.2175543 -0.705941 -0.6657613 -0.2416802 -0.4254087 -0.886515 0.1819859 0.2312353 -0.9641616 -0.1300871 0.1673302 -0.9858279 -0.01200461 0.8236708 -0.5669313 0.01246619 0.8141667 -0.5789796 0.04376465 -0.9643022 -0.2476476 0.09376525 -0.9278421 -0.3634754 -0.08363461 -0.406117 -0.9130637 0.03719836 -0.4252839 -0.9050551 0.003001391 0.2364571 -0.9716374 0.002994239 0.2458429 -0.9692618 -0.009638428 0.8141682 -0.5789774 0.04376459 -0.9517418 -0.2331752 0.1995418 -0.8105568 -0.5641064 -0.1574224 -0.4269139 -0.8960061 0.1221386 -0.2370637 -0.9683122 -0.07856434 0.2375215 -0.9685791 0.07374364 0.3861718 -0.9189237 -0.08031541 0.8230146 -0.5551576 0.1201966 0.8942905 -0.4332379 -0.1120241 -0.9517413 -0.2331784 0.1995403 -0.8163739 -0.5578781 -0.1493515 -0.4270309 -0.8975788 0.10953 -0.2661886 -0.9615085 -0.06815582 0.2692438 -0.9597934 0.07940042 0.3800252 -0.9226287 -0.06585764 0.8603112 -0.5081768 0.04026359 0.898123 -0.4319388 -0.08248698 -0.9643042 -0.2476422 0.09375888 -0.9278416 -0.3634752 -0.08364152 -0.3989877 -0.9161512 0.03841835 -0.4182394 -0.9083313 0.003189444 0.2653834 -0.9641377 0.003201067 0.274615 -0.9615086 -0.0093804 0.8281341 -0.5604026 0.011954 0.8187196 -0.5726178 0.04251182 -0.9643036 -0.2476441 0.09376114 -0.9278424 -0.3634736 -0.08363831 -0.3989884 -0.9161509 0.03841817 -0.4182398 -0.9083312 0.003187894 0.2653839 -0.9641376 0.003195405 0.2746153 -0.9615085 -0.009376466 0.8281337 -0.5604033 0.011954 0.8187189 -0.5726184 0.04251414 -0.9643042 -0.2476423 0.09375965 -0.9278418 -0.3634744 -0.08364224 -0.3989908 -0.9161499 0.03841817 -0.4182401 -0.9083309 0.003190457 0.2653837 -0.9641376 0.003198266 0.3395959 -0.9351691 -0.1006656 0.822319 -0.5383371 0.1843498 0.9306297 -0.2589442 -0.2586047 -0.9643037 -0.2476439 0.09376055 -0.9278421 -0.3634741 -0.08364111 -0.3989876 -0.9161511 0.03842085 -0.4182401 -0.9083309 0.003189086 0.2653835 -0.9641376 0.003198266 0.3395955 -0.9351693 -0.1006644 0.822318 -0.5383379 0.1843518 0.9306294 -0.2589449 -0.2586054 -0.9643039 -0.2476431 0.09376114 -0.927842 -0.3634743 -0.08364033 -0.3989868 -0.9161517 0.03841572 -0.4182398 -0.9083312 0.003188908 0.2653834 -0.9641377 0.003198266 0.339596 -0.9351692 -0.1006646 0.8223174 -0.5383393 0.1843504 0.9306295 -0.2589442 -0.2586055 -0.9643037 -0.2476431 0.09376162 -0.9278414 -0.3634756 -0.08364224 -0.3989894 -0.9161506 0.03841572 -0.418237 -0.9083324 0.003189265 0.2653836 -0.9641377 0.003201127 0.3395963 -0.9351686 -0.1006681 0.8223183 -0.5383383 0.1843486 0.930629 -0.2589454 -0.2586058 -0.9643039 -0.2476431 0.09376066 -0.9278421 -0.363474 -0.08364063 -0.3989917 -0.9161495 0.03841596 -0.4182392 -0.9083313 0.003190398 0.2653828 -0.9641378 0.003198266 0.274615 -0.9615086 -0.009380459 0.8281341 -0.5604026 0.01195299 0.8187191 -0.5726185 0.0425111 -0.9643037 -0.2476431 0.09376215 -0.927842 -0.3634743 -0.08364051 -0.3989908 -0.91615 0.03841584 -0.4182364 -0.9083327 0.003190398 0.2653843 -0.9641374 0.003198266 0.3395942 -0.9351693 -0.1006692 0.8223167 -0.5383403 0.1843503 0.931746 -0.2804256 -0.2306749 -0.9484644 -0.2304036 0.2175537 -0.7486374 -0.6331102 -0.1967579 -0.4190583 -0.8934586 0.1616228 0.01495307 -0.9824489 -0.1859317 0.2666558 -0.9581469 0.1041601 0.8284227 -0.559742 0.02011936 0.8587468 -0.4925159 -0.141358 -0.9643036 -0.2476431 0.09376347 -0.9278432 -0.3634723 -0.0836358 -0.3989918 -0.9161497 0.03841167 -0.4182391 -0.9083314 0.003190159 0.2653822 -0.964138 0.003201127 0.2746169 -0.961508 -0.009379923 0.828135 -0.5604013 0.011954 0.8187198 -0.5726174 0.04251408 -0.9643041 -0.2476418 0.09376156 -0.9278423 -0.363474 -0.0836386 -0.3989937 -0.9161489 0.03841161 -0.4182394 -0.9083312 0.003189682 0.2653834 -0.9641377 0.003199696 0.2746162 -0.9615083 -0.009381413 0.8281354 -0.5604006 0.01195448 0.8187205 -0.5726164 0.04251337 -0.9643036 -0.2476436 0.09376251 -0.9278425 -0.3634737 -0.08363759 -0.3989911 -0.91615 0.0384131 -0.4182397 -0.9083312 0.003189563 0.2653819 -0.9641381 0.003198266 0.2746156 -0.9615084 -0.00937879 0.8281349 -0.5604014 0.01195657 0.8187212 -0.5726153 0.04251247 -0.9643034 -0.247644 0.09376305 -0.9278426 -0.3634738 -0.08363664 -0.3989918 -0.9161496 0.03841418 -0.4182395 -0.9083313 0.003190159 0.274616 -0.9615083 -0.009378612 0.8281339 -0.5604029 0.011954 0.8187201 -0.5726169 0.04251265 -0.9643035 -0.2476431 0.09376406 -0.927843 -0.3634729 -0.08363604 -0.3989918 -0.9161495 0.03841549 -0.4182382 -0.9083318 0.003188729 0.2653839 -0.9641376 0.003201127 0.2746165 -0.9615082 -0.009380042 0.8281341 -0.5604026 0.01195454 0.8187209 -0.5726158 0.04251223 -0.9269244 -0.3639401 -0.09142637 -0.9036531 -0.4269508 0.03352952 -0.3969253 -0.9176142 -0.02084749 -0.3814544 -0.9243821 0.00323534 0.2746149 -0.9615086 -0.009377539 0.7758332 -0.6308686 0.009377896 0.8115398 -0.5797076 -0.07309156 0.9917736 -0.01069968 0.1275572 -0.9643033 -0.247644 0.09376347 -0.9278424 -0.363474 -0.08363682 -0.398992 -0.9161494 0.03841322 -0.4182385 -0.9083317 0.003190755 0.2653815 -0.9641382 0.003198266 0.2746147 -0.9615086 -0.009378612 0.8281345 -0.5604021 0.01195293 0.8187223 -0.572614 0.04251211 -0.9643025 -0.2476457 0.09376728 -0.9278426 -0.3634741 -0.08363425 -0.4061176 -0.9130636 0.0371958 -0.4252824 -0.9050558 0.002997934 0.2364594 -0.9716368 0.002994239 0.2756763 -0.9599314 -0.05034309 0.8238511 -0.557784 0.100729 0.8849681 -0.4473491 -0.1292686 -0.9643043 -0.2476403 0.09376281 -0.927842 -0.3634749 -0.0836389 -0.398989 -0.9161509 0.03841316 0.2653836 -0.9641377 0.003198266 0.2746127 -0.9615093 -0.009380698 0.8281354 -0.5604006 0.01195609 0.8187186 -0.5726191 0.04251295 -0.9404804 -0.2905465 -0.1762935 -0.7922505 -0.5952435 0.1342558 -0.5341672 -0.8398842 -0.09622955 -0.1354641 -0.982283 0.1294973 0.06910276 -0.9894059 -0.1276753 0.7175374 -0.6803109 0.1493898 0.8471826 -0.4922382 -0.1999583 0.9865207 -0.006799817 0.1634955 -0.215754 -0.267849 0.9389926 0.2653954 -0.6474208 0.7144309 -0.2282788 -0.9241085 0.3064514 0.1592059 -0.9714679 -0.1757949 -0.1095345 -0.8975797 -0.427028 0.1493474 -0.5578779 -0.8163747 -0.1995401 -0.2331759 -0.951742 -0.04251241 -0.5726171 0.81872 -0.01195591 -0.5604009 0.8281353 0.009379088 -0.9615093 0.2746123 -0.003200232 -0.9641376 0.2653837 -0.003188788 -0.9083324 -0.418237 -0.03841513 -0.9161489 -0.3989931 0.08363443 -0.3634726 -0.9278432 -0.0937615 -0.2476431 -0.9643037 -0.04251271 -0.5726164 0.8187205 -0.01195383 -0.5603991 0.8281365 0.009378492 -0.9615093 0.2746126 -0.003198027 -0.9641378 0.2653828 -0.003188848 -0.9083325 -0.4182368 -0.03841853 -0.9161503 -0.3989894 0.08364146 -0.3634734 -0.9278423 -0.09376114 -0.247645 -0.9643034 -0.1275567 -0.010701 0.9917736 0.07573962 -0.5861511 0.8066539 -0.009887158 -0.6369892 0.7708094 0.009636819 -0.9692615 0.2458441 -0.002991318 -0.9716374 0.2364571 -0.003002047 -0.9050552 -0.4252837 -0.03719311 -0.9130624 -0.4061205 0.08363455 -0.3634753 -0.9278422 -0.09376156 -0.2476438 -0.9643036 -0.1221438 -0.4337837 0.8926996 0.07846391 -0.5798426 0.8109414 0.01618307 -0.9614794 0.2744007 -0.04902571 -0.9441977 0.3257106 -0.01553857 -0.9112449 -0.4115716 -0.03841561 -0.9161486 -0.3989938 0.08363968 -0.3634762 -0.9278413 -0.09376287 -0.2476449 -0.9643031 -0.04251241 -0.5726177 0.8187197 -0.01195311 -0.5603985 0.8281369 0.009379148 -0.9615086 0.2746151 -0.003199458 -0.9641373 0.2653847 -0.003189384 -0.9083324 -0.418237 -0.03841406 -0.9161483 -0.3989947 0.08363819 -0.3634722 -0.9278431 -0.09376436 -0.2476434 -0.9643034 -0.04251348 -0.5726205 0.8187175 -0.0119543 -0.5604009 0.8281353 0.009378969 -0.9615089 0.2746138 -0.003200411 -0.9641376 0.2653839 -0.003189265 -0.9083324 -0.418237 -0.03841364 -0.916148 -0.3989953 0.08363819 -0.3634741 -0.9278423 -0.09376245 -0.2476443 -0.9643034 -0.04251253 -0.5726194 0.8187184 -0.01195621 -0.5603987 0.8281367 0.009380042 -0.9615089 0.2746138 -0.003200411 -0.9641372 0.265385 -0.003189384 -0.9083333 -0.4182351 -0.03841334 -0.9161479 -0.3989956 0.08363878 -0.3634765 -0.9278413 -0.09376436 -0.2476432 -0.9643034 -0.2514863 -0.2313672 0.9397999 0.2653946 -0.647421 0.7144311 -0.2282779 -0.9241086 0.3064514 0.1650118 -0.9691483 -0.1830923 -0.1063809 -0.8979514 -0.4270439 0.1407388 -0.5332866 -0.8341451 -0.1894172 -0.234691 -0.9534366 -0.2514871 -0.231368 0.9397995 0.1660623 -0.5859573 0.793144 -0.1116889 -0.9624672 0.2473512 -0.00290513 -0.951496 0.3076478 -0.002999067 -0.9050561 -0.4252819 -0.037193 -0.9130622 -0.406121 0.08363288 -0.3634743 -0.9278427 -0.09376561 -0.247644 -0.9643031 -0.1740398 -0.129086 0.9762412 0.1456176 -0.5864319 0.7968019 -0.1715471 -0.8094859 0.5615194 0.1393742 -0.960666 0.2401997 -0.09949749 -0.9383339 -0.331104 0.01041436 -0.9144687 -0.4045226 -0.01186209 -0.4015883 -0.9157435 0.06781232 -0.3624561 -0.9295306 -0.1740401 -0.129086 0.9762412 0.145617 -0.5864344 0.7968001 -0.1715453 -0.8094876 0.5615177 0.1393743 -0.960666 0.2401997 -0.1126384 -0.9255827 -0.3613992 -0.03719562 -0.913063 -0.4061188 0.08363646 -0.3634741 -0.9278424 -0.09376406 -0.2476458 -0.9643028 -0.2514845 -0.2313654 0.9398009 0.1570947 -0.5799508 0.7993613 -0.1100078 -0.974115 0.1974802 0.1295123 -0.9447925 0.3009878 -0.1833139 -0.8862651 -0.4253589 0.2486981 -0.6706392 -0.6988507 -0.2175574 -0.230406 -0.948463 -0.2514876 -0.2313647 0.9398002 0.2395707 -0.6323776 0.7366848 -0.2297677 -0.9353531 0.2689267 0.1625117 -0.9843904 -0.06757014 -0.1301119 -0.8159161 -0.56334 0.148967 -0.6459453 -0.748708 -0.1883172 -0.1673426 -0.9677465 -0.2514889 -0.2313655 0.9397996 0.2395701 -0.6323778 0.7366848 -0.2000383 -0.9302883 0.3074872 0.1506658 -0.986258 -0.06778705 -0.1375885 -0.8938784 -0.4266743 0.1839798 -0.6442646 -0.742344 -0.2254434 -0.229162 -0.9469214 -0.2514857 -0.2313649 0.9398007 0.1570963 -0.5799498 0.7993616 -0.0813452 -0.9576423 0.2762326 -0.02460086 -0.9509961 0.3082228 0.009085714 -0.9052525 -0.4247771 -0.03841203 -0.9161519 -0.3989867 0.08363479 -0.3634742 -0.9278425 -0.09376335 -0.2476456 -0.964303 -0.04251074 -0.5726191 0.8187187 -0.0119546 -0.5604024 0.8281342 0.009378194 -0.9615088 0.274614 -0.003199636 -0.9641374 0.2653841 -0.003188133 -0.9083316 -0.4182385 -0.03841584 -0.9161507 -0.3989889 0.08364188 -0.3634741 -0.927842 -0.09376013 -0.2476429 -0.9643039 -0.04251021 -0.5726196 0.8187183 -0.01195532 -0.5603989 0.8281366 -0.003198564 -0.9641376 0.2653837 -0.03841602 -0.9161499 -0.3989908 0.08364069 -0.3634724 -0.9278427 -0.09376055 -0.2476431 -0.9643039 -0.0425055 -0.5726192 0.8187189 -0.01195913 -0.5604015 0.8281348 0.009379208 -0.9615088 0.274614 -0.003198683 -0.9641382 0.2653815 -0.003191113 -0.9083325 -0.4182368 -0.03841888 -0.9161507 -0.3989886 0.08364117 -0.3634761 -0.9278412 -0.09375792 -0.2476444 -0.9643038 -0.0425136 -0.5726177 0.8187196 -0.01195371 -0.5604013 0.828135 0.009379148 -0.9615089 0.2746138 -0.00319916 -0.9641371 0.2653857 -0.003188788 -0.9083327 -0.4182361 -0.03841382 -0.916148 -0.3989954 0.08363825 -0.3634725 -0.9278429 -0.09376412 -0.2476435 -0.9643034 -0.04251158 -0.572618 0.8187195 -0.01195669 -0.5604014 0.8281348 0.009378671 -0.9615085 0.2746153 -0.003199398 -0.964138 0.2653822 -0.003188252 -0.9083321 -0.4182376 -0.03841537 -0.9161515 -0.3989874 0.08364045 -0.3634752 -0.9278417 -0.09376168 -0.2476434 -0.9643037 -0.01195436 -0.5603989 0.8281367 0.009378194 -0.9615084 0.2746155 -0.00319916 -0.9641377 0.2653836 -0.003188788 -0.9083333 -0.4182351 -0.03841519 -0.9161498 -0.398991 0.08363974 -0.3634725 -0.9278429 -0.09376043 -0.2476431 -0.9643039 -0.1275585 -0.01070338 0.9917733 0.07574152 -0.5861529 0.8066524 -0.00988537 -0.6369875 0.7708109 0.009637594 -0.9692612 0.2458454 -0.002990722 -0.9716374 0.2364571 -0.003031909 -0.9182761 -0.3959291 0.010414 -0.9144678 -0.4045246 -0.009744703 -0.4677612 -0.8838013 0.1356986 -0.3661799 -0.9205967 -0.1275585 -0.01070219 0.9917734 0.07574063 -0.5861499 0.8066546 -0.009885787 -0.6369875 0.7708107 0.009637951 -0.9692612 0.2458454 -0.002991259 -0.9716371 0.2364584 -0.003000259 -0.9050561 -0.4252819 -0.03719449 -0.9130622 -0.406121 0.08363574 -0.3634742 -0.9278425 -0.09376358 -0.247644 -0.9643033 0.1894173 -0.2346904 0.9534368 -0.14074 -0.5332857 0.8341456 0.1365216 -0.9224549 0.3611633 -0.1317552 -0.9739265 0.1846829 0.1641913 -0.8107694 -0.5618668 -0.2031967 -0.6535786 -0.729072 0.1740387 -0.1290879 -0.9762413 0.09376215 -0.2476451 0.9643032 -0.08364045 -0.3634763 0.9278412 0.03841602 -0.9161482 0.3989948 0.003189623 -0.9083317 0.4182385 0.003198981 -0.9641372 -0.265385 -0.009378969 -0.9615098 -0.2746108 0.0119571 -0.5603994 -0.8281363 0.0425117 -0.5726157 -0.8187211 0.09375846 -0.2476437 0.9643039 -0.08364146 -0.3634758 0.9278414 0.03841841 -0.9161507 0.3989886 0.003190755 -0.908332 0.4182376 0.003198981 -0.964138 -0.2653822 -0.009379088 -0.9615088 -0.2746145 0.01195919 -0.5604006 -0.8281354 0.07023543 -0.5831376 -0.8093315 0.009745717 -0.4677617 0.8838009 -0.1356983 -0.3661792 0.920597 -0.01041311 -0.9144675 0.4045253 0.003031849 -0.9182768 0.3959277 0.002990663 -0.9716373 -0.2364574 -0.009634912 -0.9692621 -0.2458422 0.009889423 -0.6369889 -0.7708096 -0.07574081 -0.5861522 -0.806653 0.1275591 -0.01070338 -0.9917733 0.09376221 -0.2476434 0.9643036 -0.08363372 -0.3634736 0.9278429 0.03841477 -0.9161492 0.3989927 0.003188908 -0.9083325 0.4182367 0.003199696 -0.9641377 -0.2653836 -0.009377956 -0.9615085 -0.2746154 0.01195496 -0.5604025 -0.8281342 0.04251348 -0.5726161 -0.8187206 0.09376412 -0.2476433 0.9643034 -0.08363777 -0.3634729 0.9278428 0.03841388 -0.9161477 0.3989961 0.003188669 -0.9083324 0.418237 0.003199338 -0.9641369 -0.2653864 -0.009378194 -0.9615085 -0.2746155 0.01195394 -0.5604025 -0.8281342 0.04251384 -0.5726155 -0.8187211 0.09376406 -0.2476431 0.9643035 -0.08363902 -0.3634761 0.9278414 0.03841358 -0.9161491 0.398993 0.003188312 -0.9083327 0.4182363 0.003199338 -0.9641372 -0.265385 -0.009379863 -0.9615086 -0.2746149 0.01195597 -0.5604037 -0.8281334 0.04251307 -0.5726165 -0.8187204 0.09376239 -0.2476438 0.9643035 -0.08363831 -0.3634747 0.9278421 0.03841406 -0.9161481 0.3989951 0.003188133 -0.908333 0.4182358 0.003199696 -0.9641372 -0.265385 -0.009378194 -0.9615088 -0.2746142 0.01195442 -0.5604018 -0.8281347 0.04251289 -0.5726172 -0.8187199 0.1995401 -0.2331762 0.9517419 -0.1493486 -0.5578778 0.8163745 0.1095348 -0.8975793 0.427029 -0.05197173 -0.958099 0.281683 0.04332524 -0.9704911 -0.2372131 -0.05980086 -0.9437 -0.3253526 0.0996344 -0.5855174 -0.8045138 -0.1391665 -0.4479486 -0.8831618 0.09376347 -0.247644 0.9643033 -0.08363538 -0.3634742 0.9278425 0.03719496 -0.913062 0.406121 0.002999782 -0.9050558 0.4252823 0.002955317 -0.9634094 -0.2680178 0.03592133 -0.968391 -0.2468373 -0.07546865 -0.5861428 -0.8066853 0.04553413 -0.507655 -0.8603564 0.19954 -0.2331734 0.9517425 -0.1574219 -0.5641024 0.8105596 0.1221378 -0.8960065 0.426913 -0.07856464 -0.9683128 0.2370612 0.07374781 -0.9685795 -0.2375186 -0.08031761 -0.9189226 -0.3861743 0.1201963 -0.5551604 -0.8230127 -0.1120221 -0.4332372 -0.8942911 0.03189915 -0.4657264 0.8843537 -0.1020451 -0.5641979 0.8193092 0.08931565 -0.9131842 0.3976397 -0.07856482 -0.9683129 0.2370606 0.07374805 -0.9685795 -0.2375186 -0.08031696 -0.9189214 -0.3861771 0.09014064 -0.629404 -0.7718325 -0.1391574 -0.4340941 -0.8900548 0.1576697 -0.007430851 -0.987464 0.1960836 -0.233695 0.9523329 -0.1707746 -0.6998667 0.693558 0.2048071 -0.91047 0.3593027 -0.1308355 -0.9900916 0.05099761 -0.01789653 -0.8279432 -0.5605264 0.09532022 -0.7847494 -0.6124398 0.04871028 -0.1440906 -0.9883649 0.0068084 -0.1211473 -0.9926112 0.2254434 -0.2291623 0.9469212 -0.1839796 -0.6442646 0.742344 0.1901865 -0.9134182 0.3598559 -0.06241792 -0.9857099 0.1564611 -0.05986952 -0.8813261 -0.4687004 0.1145277 -0.8182218 -0.5633796 -0.01166224 -0.1504607 -0.9885472 -0.09731096 -0.1100152 -0.9891549 0.1883172 -0.1673431 0.9677463 -0.1489668 -0.6459459 0.7487075 0.08441627 -0.7954168 0.6001552 -0.06234347 -0.9857142 0.1564637 0.06922769 -0.9975401 0.01102548 -0.1107001 -0.8786717 -0.4644153 0.1065241 -0.7813583 -0.6149243 -0.01166051 -0.1504607 -0.9885472 -0.09730899 -0.1100152 -0.9891551 0.2175579 -0.2304056 0.948463 -0.2486978 -0.6706393 0.6988508 0.2616574 -0.8969482 0.356398 -0.2013424 -0.961243 -0.1883438 0.1675239 -0.8101941 -0.5617128 -0.140511 -0.5802326 -0.8022387 0.1740409 -0.1290889 -0.9762406 0.09376204 -0.2476429 0.9643038 -0.08364087 -0.363474 0.9278421 0.03841555 -0.9161504 0.3989897 0.003188371 -0.9083325 0.4182369 0.003199279 -0.9641385 -0.2653808 -0.1006682 -0.9351686 -0.3395963 0.1843524 -0.5383362 -0.8223189 -0.2586041 -0.2589449 -0.9306296 0.09376019 -0.2476431 0.9643039 -0.08364033 -0.3634725 0.9278427 0.03841501 -0.9161499 0.3989911 0.003188669 -0.9083333 0.4182351 0.003198981 -0.9641377 -0.2653836 -0.1006669 -0.9351691 -0.3395955 0.1843518 -0.5383353 -0.8223196 -0.2586049 -0.2589432 -0.9306299 0.09376192 -0.2476445 0.9643034 -0.0836414 -0.363476 0.9278412 0.03841841 -0.9161503 0.3989896 0.003189027 -0.908332 0.4182376 0.003199636 -0.9641381 -0.2653821 -0.1006687 -0.9351699 -0.3395928 0.1843507 -0.5383355 -0.8223198 -0.2586041 -0.2589442 -0.9306299 -0.08363837 -0.3634729 0.9278427 0.03841495 -0.916149 0.3989932 0.003188252 -0.9083318 0.4182382 0.003198623 -0.9641369 -0.2653864 -0.009378135 -0.9615085 -0.2746155 0.01195502 -0.5604028 -0.8281341 0.04251003 -0.5726154 -0.8187214 0.09376001 -0.247642 0.9643042 -0.08364176 -0.3634737 0.9278421 0.03841614 -0.9161507 0.3989889 0.003188133 -0.9083328 0.4182362 -0.1006677 -0.9351698 -0.3395935 0.1843506 -0.5383369 -0.8223189 -0.2212796 -0.2875266 -0.9318605 -0.08364051 -0.363472 0.9278429 0.03841626 -0.9161498 0.398991 0.003189384 -0.9083333 0.4182351 0.003198623 -0.9641377 -0.2653836 -0.1006665 -0.9351701 -0.3395929 0.184351 -0.538334 -0.8223207 -0.2586039 -0.2589449 -0.9306297 0.199537 -0.2331714 0.9517438 -0.1574214 -0.5641049 0.810558 0.1221349 -0.8960078 0.4269113 -0.07856547 -0.9683123 0.2370631 0.07374769 -0.9685791 -0.23752 -0.08031743 -0.9189226 -0.3861743 0.1201941 -0.5551596 -0.8230136 -0.1120219 -0.433239 -0.8942903 0.1995416 -0.2331711 0.9517429 0.12214 -0.8960062 0.4269129 -0.07856273 -0.968313 0.2370609 0.07374668 -0.9685789 -0.2375214 -0.08031785 -0.9189226 -0.386174 0.1201955 -0.5551614 -0.8230122 -0.1120231 -0.4332373 -0.894291</float_array>
          <technique_common>
            <accessor source="#Part__Feature_009-mesh-normals-array" count="4537" stride="3">
              <param name="X" type="float"/>
              <param name="Y" type="float"/>
              <param name="Z" type="float"/>
            </accessor>
          </technique_common>
        </source>
        <vertices id="Part__Feature_009-mesh-vertices">
          <input semantic="POSITION" source="#Part__Feature_009-mesh-positions"/>
        </vertices>
        <triangles material="Part__Feature_009-material" count="4548">
          <input semantic="VERTEX" source="#Part__Feature_009-mesh-vertices" offset="0"/>
          <input semantic="NORMAL" source="#Part__Feature_009-mesh-normals" offset="1"/>
          <p>1614 0 1408 0 0 0 1408 1 1 1 0 1 0 2 1 2 2 2 1 3 3 3 2 3 3 4 4 4 2 4 2 5 4 5 5 5 5 6 4 6 6 6 4 7 1391 7 6 7 1599 8 1392 8 7 8 1392 9 8 9 7 9 7 10 8 10 9 10 8 11 10 11 9 11 10 12 11 12 9 12 9 13 11 13 12 13 12 14 11 14 13 14 11 15 1381 15 13 15 1677 16 1469 16 14 16 1469 17 15 17 14 17 14 18 15 18 16 18 15 19 17 19 16 19 16 20 17 20 18 20 18 21 19 21 20 21 17 22 19 22 18 22 1663 23 1456 23 21 23 1456 24 22 24 21 24 21 25 22 25 23 25 22 26 24 26 23 26 23 27 24 27 25 27 25 28 26 28 27 28 24 29 26 29 25 29 1474 30 28 30 1682 30 1682 31 28 31 29 31 29 32 28 32 30 32 28 33 31 33 30 33 30 34 32 34 33 34 31 35 32 35 30 35 33 36 34 36 35 36 32 37 34 37 33 37 1610 38 1404 38 36 38 1404 39 37 39 36 39 36 40 37 40 38 40 37 41 39 41 38 41 38 42 39 42 40 42 40 43 41 43 42 43 39 44 41 44 40 44 1628 45 1421 45 43 45 1421 46 44 46 43 46 43 47 44 47 45 47 44 48 46 48 45 48 45 49 46 49 47 49 47 50 48 50 49 50 46 22 48 22 47 22 1644 51 1438 51 50 51 1438 52 51 52 50 52 50 53 51 53 52 53 51 54 53 54 52 54 52 55 53 55 54 55 54 56 55 56 56 56 53 57 55 57 54 57 1446 58 57 58 1656 58 1656 59 57 59 58 59 57 60 59 60 58 60 58 61 59 61 60 61 59 62 61 62 60 62 60 63 61 63 62 63 61 64 1430 64 62 64 1639 65 63 65 64 65 63 66 65 66 64 66 64 67 65 67 66 67 65 68 67 68 66 68 67 69 68 69 66 69 66 70 68 70 69 70 68 71 1413 71 69 71 1623 72 70 72 71 72 70 73 72 73 71 73 71 74 72 74 73 74 72 75 74 75 73 75 74 76 75 76 73 76 73 77 75 77 76 77 75 78 1397 78 76 78 77 79 78 79 1606 79 1606 80 78 80 79 80 78 81 80 81 79 81 79 82 80 82 81 82 80 83 82 83 81 83 81 84 83 84 84 84 82 85 83 85 81 85 83 86 1384 86 84 86 1425 87 86 87 85 87 85 88 86 88 87 88 86 89 88 89 87 89 87 90 88 90 89 90 88 91 90 91 89 91 89 92 90 92 91 92 90 93 1407 93 91 93 91 94 1407 94 1615 94 1648 95 1441 95 92 95 1441 96 93 96 92 96 92 97 93 97 94 97 93 98 95 98 94 98 94 99 96 99 97 99 95 100 96 100 94 100 97 101 96 101 98 101 96 102 1424 102 98 102 1667 103 1459 103 99 103 1459 104 100 104 99 104 99 105 100 105 101 105 100 106 102 106 101 106 101 107 102 107 103 107 102 108 104 108 103 108 103 109 105 109 106 109 104 110 105 110 103 110 1594 111 1386 111 107 111 1386 112 108 112 107 112 107 113 108 113 109 113 108 114 110 114 109 114 109 115 111 115 112 115 110 116 111 116 109 116 112 117 111 117 113 117 111 118 1378 118 113 118 1465 119 114 119 1674 119 1674 120 114 120 115 120 115 121 114 121 116 121 114 122 117 122 116 122 116 123 118 123 119 123 117 124 118 124 116 124 119 125 120 125 121 125 118 126 120 126 119 126 1452 127 122 127 1659 127 1659 128 122 128 123 128 123 129 122 129 124 129 122 130 125 130 124 130 124 131 126 131 127 131 125 132 126 132 124 132 127 133 128 133 129 133 126 134 128 134 127 134 1434 135 130 135 1641 135 1641 136 130 136 131 136 131 137 130 137 132 137 130 138 133 138 132 138 132 139 134 139 135 139 133 140 134 140 132 140 135 141 136 141 137 141 134 142 136 142 135 142 1417 143 138 143 1625 143 1625 144 138 144 139 144 139 145 138 145 140 145 138 146 141 146 140 146 140 147 142 147 143 147 141 148 142 148 140 148 143 149 144 149 145 149 142 150 144 150 143 150 1463 151 147 151 146 151 146 152 147 152 148 152 147 153 149 153 148 153 148 154 149 154 150 154 149 155 151 155 150 155 150 156 151 156 152 156 151 157 153 157 152 157 152 158 153 158 1668 158 1472 159 155 159 154 159 154 160 155 160 156 160 155 161 157 161 156 161 156 162 157 162 158 162 158 163 159 163 160 163 157 164 159 164 158 164 160 165 161 165 162 165 159 166 161 166 160 166 1477 167 163 167 1685 167 1685 168 163 168 164 168 164 169 163 169 165 169 163 170 166 170 165 170 165 171 167 171 168 171 166 172 167 172 165 172 168 173 169 173 170 173 167 174 169 174 168 174 1450 175 171 175 1661 175 1661 176 171 176 172 176 171 177 173 177 172 177 172 178 173 178 174 178 173 179 175 179 174 179 174 180 175 180 176 180 175 181 1447 181 176 181 178 182 179 182 177 182 177 183 179 183 180 183 180 184 179 184 181 184 179 185 182 185 181 185 181 186 182 186 183 186 182 187 184 187 183 187 183 188 184 188 185 188 187 189 188 189 186 189 186 190 188 190 189 190 188 191 190 191 189 191 189 192 190 192 191 192 190 193 192 193 191 193 191 194 192 194 193 194 192 195 194 195 193 195 193 196 194 196 1203 196 196 197 197 197 195 197 195 198 197 198 198 198 198 199 199 199 200 199 197 200 199 200 198 200 200 201 199 201 201 201 199 202 202 202 201 202 202 203 203 203 201 203 201 204 203 204 204 204 206 205 207 205 205 205 205 206 207 206 208 206 208 207 209 207 210 207 207 200 209 200 208 200 210 208 209 208 211 208 209 209 212 209 211 209 212 210 213 210 211 210 211 211 213 211 214 211 216 212 217 212 215 212 215 213 217 213 218 213 218 214 219 214 220 214 217 215 219 215 218 215 220 216 219 216 221 216 219 217 222 217 221 217 222 218 223 218 221 218 221 219 223 219 224 219 226 220 227 220 225 220 225 221 227 221 228 221 228 222 229 222 230 222 227 223 229 223 228 223 230 224 229 224 231 224 229 225 232 225 231 225 232 226 233 226 231 226 231 227 233 227 1196 227 235 197 236 197 234 197 234 228 236 228 237 228 237 229 238 229 239 229 236 230 238 230 237 230 239 231 238 231 240 231 238 232 241 232 240 232 241 233 242 233 240 233 240 234 242 234 243 234 245 235 246 235 244 235 244 236 246 236 247 236 246 237 248 237 247 237 247 238 248 238 249 238 248 239 250 239 249 239 249 240 250 240 251 240 250 241 252 241 251 241 251 242 252 242 253 242 255 243 256 243 254 243 254 244 256 244 257 244 257 245 256 245 258 245 256 246 259 246 258 246 258 247 259 247 260 247 259 248 261 248 260 248 260 249 261 249 262 249 263 250 264 250 265 250 264 251 266 251 265 251 265 252 266 252 267 252 267 253 266 253 268 253 266 254 269 254 268 254 268 255 269 255 270 255 269 256 271 256 270 256 270 257 271 257 272 257 273 258 274 258 275 258 274 259 276 259 275 259 275 260 276 260 277 260 277 261 276 261 278 261 276 262 279 262 278 262 278 263 279 263 280 263 279 264 281 264 280 264 280 265 281 265 282 265 283 266 284 266 285 266 284 267 286 267 285 267 285 268 286 268 287 268 286 269 288 269 287 269 287 270 288 270 289 270 288 248 290 248 289 248 289 271 290 271 291 271 293 272 294 272 292 272 292 273 294 273 295 273 295 274 294 274 296 274 294 275 297 275 296 275 296 276 297 276 298 276 297 277 299 277 298 277 298 278 299 278 300 278 302 279 303 279 301 279 301 280 303 280 304 280 303 281 305 281 304 281 304 282 305 282 306 282 305 283 307 283 306 283 306 284 307 284 308 284 307 285 309 285 308 285 308 286 309 286 310 286 312 287 313 287 311 287 311 288 313 288 314 288 314 184 313 184 315 184 313 289 316 289 315 289 315 290 316 290 317 290 316 291 318 291 317 291 317 292 318 292 319 292 320 293 321 293 322 293 321 294 323 294 322 294 322 295 323 295 324 295 323 296 325 296 324 296 324 297 325 297 326 297 325 298 327 298 326 298 326 299 327 299 1212 299 329 300 330 300 328 300 328 301 330 301 331 301 331 302 332 302 333 302 330 303 332 303 331 303 333 304 332 304 334 304 332 305 335 305 334 305 335 306 336 306 334 306 334 307 336 307 337 307 339 308 340 308 338 308 338 309 340 309 341 309 341 310 342 310 343 310 340 311 342 311 341 311 343 312 342 312 344 312 342 313 345 313 344 313 345 314 346 314 344 314 344 315 346 315 347 315 349 316 350 316 348 316 348 317 350 317 351 317 351 318 352 318 353 318 350 319 352 319 351 319 353 320 352 320 354 320 352 321 355 321 354 321 355 322 356 322 354 322 354 323 356 323 357 323 359 324 360 324 358 324 358 325 360 325 361 325 361 326 362 326 363 326 360 327 362 327 361 327 363 328 362 328 364 328 362 329 365 329 364 329 365 330 366 330 364 330 364 331 366 331 367 331 368 332 369 332 1261 332 1261 333 369 333 370 333 370 334 369 334 371 334 369 335 372 335 371 335 371 194 372 194 373 194 372 336 374 336 373 336 373 337 374 337 375 337 376 338 377 338 1255 338 1255 339 377 339 378 339 378 340 379 340 380 340 377 341 379 341 378 341 380 342 379 342 381 342 379 343 382 343 381 343 382 344 383 344 381 344 381 345 383 345 384 345 386 346 387 346 385 346 385 347 387 347 388 347 388 348 389 348 390 348 387 349 389 349 388 349 390 350 389 350 391 350 389 351 392 351 391 351 392 352 393 352 391 352 391 353 393 353 394 353 395 354 396 354 397 354 396 355 398 355 397 355 397 356 398 356 399 356 398 357 400 357 399 357 399 358 400 358 401 358 400 359 402 359 401 359 401 360 402 360 403 360 405 361 406 361 404 361 404 362 406 362 407 362 406 363 408 363 407 363 407 364 408 364 409 364 408 365 410 365 409 365 409 366 410 366 411 366 410 367 412 367 411 367 411 368 412 368 413 368 1271 369 415 369 414 369 414 370 415 370 416 370 416 371 415 371 417 371 415 372 418 372 417 372 417 373 419 373 420 373 418 374 419 374 417 374 420 375 421 375 422 375 419 376 421 376 420 376 1696 377 1276 377 423 377 1276 378 424 378 423 378 423 379 424 379 425 379 424 380 426 380 425 380 425 381 427 381 428 381 426 382 427 382 425 382 428 383 429 383 430 383 427 384 429 384 428 384 432 385 433 385 431 385 431 386 433 386 434 386 434 387 433 387 435 387 433 388 436 388 435 388 435 389 437 389 438 389 436 390 437 390 435 390 438 391 439 391 440 391 437 392 439 392 438 392 442 393 443 393 441 393 441 394 443 394 444 394 443 395 445 395 444 395 444 396 445 396 446 396 445 397 447 397 446 397 447 398 448 398 446 398 446 399 448 399 449 399 451 400 452 400 450 400 450 401 452 401 453 401 453 402 452 402 454 402 452 403 455 403 454 403 454 404 456 404 457 404 455 405 456 405 454 405 457 406 458 406 459 406 456 407 458 407 457 407 461 408 462 408 460 408 460 409 462 409 463 409 463 410 462 410 464 410 462 411 465 411 464 411 464 412 466 412 467 412 465 413 466 413 464 413 467 414 468 414 469 414 466 415 468 415 467 415 471 416 472 416 470 416 470 417 472 417 473 417 473 418 472 418 474 418 472 419 475 419 474 419 474 420 476 420 477 420 475 421 476 421 474 421 477 422 478 422 479 422 476 423 478 423 477 423 481 424 482 424 480 424 480 425 482 425 483 425 483 426 482 426 484 426 482 427 485 427 484 427 484 428 486 428 487 428 485 429 486 429 484 429 487 430 488 430 489 430 486 431 488 431 487 431 491 432 492 432 490 432 490 433 492 433 493 433 493 434 492 434 494 434 492 435 495 435 494 435 494 436 496 436 497 436 495 437 496 437 494 437 497 438 498 438 499 438 496 439 498 439 497 439 500 440 501 440 502 440 501 441 503 441 502 441 502 442 503 442 504 442 503 443 505 443 504 443 504 444 506 444 507 444 505 445 506 445 504 445 507 446 506 446 508 446 506 447 509 447 508 447 510 448 511 448 512 448 511 449 513 449 512 449 512 450 513 450 514 450 513 451 515 451 514 451 514 452 515 452 516 452 516 453 517 453 518 453 515 454 517 454 516 454 520 455 521 455 519 455 519 456 521 456 522 456 521 457 523 457 522 457 522 458 523 458 524 458 524 459 525 459 526 459 523 460 525 460 524 460 526 461 527 461 528 461 525 462 527 462 526 462 529 463 530 463 531 463 530 464 532 464 531 464 531 465 532 465 533 465 532 466 534 466 533 466 533 467 534 467 535 467 535 468 536 468 537 468 534 469 536 469 535 469 538 470 539 470 540 470 539 471 541 471 540 471 540 472 541 472 542 472 541 473 543 473 542 473 542 474 543 474 544 474 544 475 545 475 546 475 543 476 545 476 544 476 547 477 548 477 549 477 548 478 550 478 549 478 549 479 550 479 551 479 550 480 552 480 551 480 551 481 552 481 553 481 553 482 554 482 555 482 552 483 554 483 553 483 556 484 557 484 558 484 557 485 559 485 558 485 558 486 559 486 560 486 559 487 561 487 560 487 560 488 561 488 562 488 562 489 563 489 564 489 561 490 563 490 562 490 566 491 567 491 565 491 565 492 567 492 568 492 568 493 567 493 569 493 567 494 570 494 569 494 569 495 571 495 572 495 570 496 571 496 569 496 572 497 573 497 574 497 571 376 573 376 572 376 576 498 577 498 575 498 575 499 577 499 578 499 578 500 577 500 579 500 577 501 580 501 579 501 579 502 581 502 582 502 580 503 581 503 579 503 582 504 583 504 584 504 581 505 583 505 582 505 585 506 586 506 587 506 586 507 588 507 587 507 587 508 588 508 589 508 588 509 590 509 589 509 589 510 590 510 591 510 590 511 592 511 591 511 591 512 592 512 593 512 592 513 1370 513 593 513 594 514 595 514 596 514 595 515 597 515 596 515 596 516 597 516 598 516 597 517 599 517 598 517 598 518 600 518 601 518 599 519 600 519 598 519 601 520 600 520 602 520 600 521 603 521 602 521 605 522 606 522 604 522 604 523 606 523 607 523 607 524 606 524 608 524 606 525 609 525 608 525 609 526 610 526 608 526 608 527 610 527 611 527 611 528 612 528 613 528 610 529 612 529 611 529 615 522 616 522 614 522 614 530 616 530 617 530 617 531 616 531 618 531 616 532 619 532 618 532 619 533 620 533 618 533 618 534 620 534 621 534 621 535 620 535 622 535 620 536 623 536 622 536 624 537 625 537 626 537 625 538 627 538 626 538 626 539 627 539 628 539 627 540 629 540 628 540 628 541 630 541 631 541 629 542 630 542 628 542 631 543 630 543 632 543 630 544 633 544 632 544 635 545 636 545 634 545 634 546 636 546 637 546 637 547 636 547 638 547 636 548 639 548 638 548 639 549 640 549 638 549 638 550 640 550 641 550 641 551 642 551 643 551 640 552 642 552 641 552 644 553 645 553 646 553 645 554 647 554 646 554 646 555 647 555 648 555 647 556 649 556 648 556 648 557 649 557 650 557 649 558 651 558 650 558 650 559 652 559 653 559 651 560 652 560 650 560 654 561 655 561 656 561 655 562 657 562 656 562 656 563 657 563 658 563 657 564 659 564 658 564 659 565 660 565 658 565 658 566 660 566 661 566 661 567 660 567 662 567 660 568 663 568 662 568 664 569 665 569 666 569 665 570 667 570 666 570 666 571 667 571 668 571 667 572 669 572 668 572 669 573 670 573 668 573 668 574 670 574 671 574 670 575 672 575 671 575 673 576 674 576 675 576 674 577 676 577 675 577 675 578 676 578 677 578 676 579 678 579 677 579 677 580 678 580 679 580 678 581 680 581 679 581 679 582 681 582 682 582 680 583 681 583 679 583 684 584 685 584 683 584 683 585 685 585 686 585 685 586 687 586 686 586 686 587 687 587 688 587 687 588 689 588 688 588 688 589 689 589 690 589 689 590 691 590 690 590 693 591 694 591 692 591 692 592 694 592 695 592 694 593 696 593 695 593 695 594 696 594 697 594 696 595 698 595 697 595 697 596 698 596 699 596 698 597 700 597 699 597 701 598 702 598 703 598 702 599 704 599 703 599 703 600 704 600 705 600 704 601 706 601 705 601 706 602 707 602 705 602 705 603 707 603 708 603 707 604 709 604 708 604 711 605 712 605 710 605 710 606 712 606 713 606 712 607 714 607 713 607 713 608 714 608 715 608 714 609 716 609 715 609 715 610 717 610 718 610 716 611 717 611 715 611 720 612 721 612 719 612 719 613 721 613 722 613 721 614 723 614 722 614 722 615 723 615 724 615 723 616 725 616 724 616 724 617 725 617 726 617 725 618 727 618 726 618 729 619 730 619 728 619 728 620 730 620 731 620 730 621 732 621 731 621 731 622 732 622 733 622 732 623 734 623 733 623 733 624 734 624 735 624 734 625 736 625 735 625 738 626 739 626 737 626 737 627 739 627 740 627 739 628 741 628 740 628 740 629 741 629 742 629 741 630 743 630 742 630 742 631 744 631 745 631 743 632 744 632 742 632 1897 633 746 633 1043 633 1043 634 746 634 747 634 746 635 748 635 747 635 747 636 748 636 749 636 748 637 750 637 749 637 749 638 750 638 751 638 752 639 753 639 1029 639 1029 640 753 640 754 640 754 641 755 641 756 641 753 642 755 642 754 642 756 643 755 643 757 643 755 644 758 644 757 644 758 645 1900 645 757 645 757 646 1900 646 1046 646 1020 647 759 647 760 647 1878 648 759 648 1020 648 759 649 761 649 760 649 760 650 761 650 762 650 761 651 763 651 762 651 762 652 763 652 764 652 763 653 765 653 764 653 764 654 765 654 1032 654 2033 655 767 655 766 655 766 656 767 656 768 656 767 657 769 657 768 657 768 658 769 658 770 658 769 659 771 659 770 659 770 660 771 660 772 660 771 661 2035 661 772 661 772 662 2035 662 1188 662 2022 663 773 663 1176 663 1176 664 773 664 774 664 774 665 775 665 776 665 773 666 775 666 774 666 776 667 775 667 777 667 775 668 778 668 777 668 778 669 2031 669 777 669 777 670 2031 670 1186 670 2007 671 779 671 1159 671 1159 672 779 672 780 672 779 673 781 673 780 673 780 674 781 674 782 674 781 675 783 675 782 675 782 676 783 676 784 676 783 677 785 677 784 677 784 678 785 678 1175 678 1989 679 786 679 1139 679 1139 680 786 680 787 680 787 681 788 681 789 681 786 682 788 682 787 682 789 683 788 683 790 683 788 684 791 684 790 684 791 685 2006 685 790 685 790 686 2006 686 1158 686 1971 687 792 687 1119 687 1119 688 792 688 793 688 793 689 794 689 795 689 792 690 794 690 793 690 795 691 794 691 796 691 794 692 797 692 796 692 797 693 1987 693 796 693 796 694 1987 694 1138 694 1953 695 798 695 1100 695 1100 696 798 696 799 696 799 697 800 697 801 697 798 698 800 698 799 698 801 699 800 699 802 699 800 700 803 700 802 700 803 701 1969 701 802 701 802 702 1969 702 1118 702 1934 703 804 703 1080 703 1080 704 804 704 805 704 805 705 806 705 807 705 804 706 806 706 805 706 807 707 806 707 808 707 806 708 809 708 808 708 809 709 1951 709 808 709 808 710 1951 710 1099 710 1914 711 810 711 1061 711 1061 712 810 712 811 712 811 713 810 713 812 713 810 714 813 714 812 714 812 715 813 715 814 715 813 716 815 716 814 716 814 717 815 717 1079 717 2027 718 817 718 816 718 816 719 817 719 818 719 817 720 819 720 818 720 818 721 819 721 820 721 819 722 821 722 820 722 820 723 821 723 822 723 821 724 2029 724 822 724 822 725 2029 725 1183 725 2013 726 823 726 1164 726 1164 727 823 727 824 727 824 728 825 728 826 728 823 729 825 729 824 729 826 730 825 730 827 730 825 731 828 731 827 731 828 732 2025 732 827 732 827 733 2025 733 1180 733 1993 734 829 734 1143 734 1143 735 829 735 830 735 830 736 831 736 832 736 829 737 831 737 830 737 832 738 831 738 833 738 831 739 834 739 833 739 834 740 2010 740 833 740 833 741 2010 741 1163 741 1975 742 835 742 1123 742 1123 743 835 743 836 743 836 744 837 744 838 744 835 642 837 642 836 642 838 745 837 745 839 745 837 746 840 746 839 746 840 747 1991 747 839 747 839 748 1991 748 1142 748 1957 749 841 749 1104 749 1104 750 841 750 842 750 842 751 843 751 844 751 841 752 843 752 842 752 844 753 843 753 845 753 843 754 846 754 845 754 846 755 1973 755 845 755 845 756 1973 756 1122 756 1938 757 847 757 1084 757 1084 758 847 758 848 758 848 759 849 759 850 759 847 760 849 760 848 760 850 761 849 761 851 761 849 762 852 762 851 762 852 763 1955 763 851 763 851 764 1955 764 1103 764 1919 765 853 765 1065 765 1065 766 853 766 854 766 854 767 855 767 856 767 853 642 855 642 854 642 856 768 855 768 857 768 855 769 858 769 857 769 858 770 1936 770 857 770 857 771 1936 771 1083 771 1902 772 859 772 1047 772 1047 773 859 773 860 773 860 774 861 774 862 774 859 775 861 775 860 775 862 776 861 776 863 776 861 777 864 777 863 777 864 778 1917 778 863 778 863 779 1917 779 1064 779 2015 780 865 780 1169 780 1169 781 865 781 866 781 865 782 867 782 866 782 866 783 867 783 868 783 867 784 869 784 868 784 868 785 869 785 870 785 869 786 871 786 870 786 870 787 871 787 1173 787 1997 788 872 788 1148 788 1148 789 872 789 873 789 872 790 874 790 873 790 873 791 874 791 875 791 874 792 876 792 875 792 875 793 876 793 877 793 876 794 878 794 877 794 877 795 878 795 1168 795 1979 796 879 796 1128 796 1128 797 879 797 880 797 880 798 879 798 881 798 879 799 882 799 881 799 881 800 882 800 883 800 882 801 884 801 883 801 883 802 884 802 1147 802 1961 803 885 803 1109 803 1109 804 885 804 886 804 886 805 885 805 887 805 885 806 888 806 887 806 887 807 888 807 889 807 888 808 890 808 889 808 889 809 890 809 1127 809 1943 810 891 810 1089 810 1089 811 891 811 892 811 892 812 891 812 893 812 891 813 894 813 893 813 893 814 894 814 895 814 894 815 896 815 895 815 895 816 896 816 1108 816 1924 817 897 817 1070 817 1070 818 897 818 898 818 898 819 897 819 899 819 897 820 900 820 899 820 899 821 900 821 901 821 900 822 902 822 901 822 901 823 902 823 1088 823 1906 796 903 796 1052 796 1052 824 903 824 904 824 904 798 903 798 905 798 903 825 906 825 905 825 905 826 906 826 907 826 906 827 908 827 907 827 907 828 908 828 1069 828 1033 829 909 829 910 829 1889 830 909 830 1033 830 909 831 911 831 910 831 910 832 911 832 912 832 911 833 913 833 912 833 912 834 913 834 914 834 913 835 915 835 914 835 914 836 915 836 1051 836 1154 837 2003 837 916 837 2003 838 917 838 916 838 916 839 917 839 918 839 917 840 919 840 918 840 918 841 919 841 920 841 919 842 921 842 920 842 920 843 921 843 1160 843 1984 844 922 844 1134 844 1134 845 922 845 923 845 923 846 922 846 924 846 922 847 925 847 924 847 924 848 925 848 926 848 925 849 927 849 926 849 926 850 927 850 1153 850 1114 851 1966 851 928 851 1966 852 929 852 928 852 928 853 929 853 930 853 929 854 931 854 930 854 930 855 931 855 932 855 931 856 933 856 932 856 932 857 933 857 1133 857 1948 858 934 858 1095 858 1095 859 934 859 935 859 935 860 934 860 936 860 934 861 937 861 936 861 936 862 937 862 938 862 937 863 939 863 938 863 938 864 939 864 1115 864 1075 865 940 865 941 865 1928 866 940 866 1075 866 940 867 942 867 941 867 941 868 942 868 943 868 943 869 942 869 944 869 942 870 945 870 944 870 944 871 945 871 946 871 945 872 947 872 946 872 946 873 947 873 1094 873 1057 874 1911 874 948 874 1911 875 949 875 948 875 948 876 949 876 950 876 949 847 951 847 950 847 950 877 951 877 952 877 951 878 953 878 952 878 952 879 953 879 1076 879 1894 880 954 880 1039 880 954 881 955 881 1039 881 1039 845 955 845 956 845 956 882 955 882 957 882 955 847 958 847 957 847 957 883 958 883 959 883 958 884 960 884 959 884 959 885 960 885 1058 885 1883 886 961 886 1025 886 1025 887 961 887 962 887 961 888 963 888 962 888 962 889 963 889 964 889 963 890 965 890 964 890 964 891 965 891 966 891 965 884 967 884 966 884 966 892 967 892 1038 892 1875 893 968 893 1017 893 1017 894 968 894 969 894 969 895 968 895 970 895 968 896 971 896 970 896 970 897 971 897 972 897 971 898 973 898 972 898 972 899 973 899 1024 899 973 900 1882 900 1024 900 975 901 976 901 974 901 977 902 975 902 974 902 976 903 978 903 974 903 979 904 980 904 977 904 977 905 980 905 975 905 974 906 978 906 981 906 978 907 982 907 981 907 979 908 983 908 980 908 981 909 984 909 985 909 982 910 984 910 981 910 984 911 986 911 985 911 985 912 986 912 987 912 986 913 988 913 987 913 989 914 990 914 988 914 988 915 990 915 987 915 991 916 990 916 989 916 979 917 992 917 983 917 992 918 993 918 983 918 992 919 994 919 993 919 995 920 994 920 992 920 995 921 996 921 994 921 996 922 995 922 997 922 995 923 998 923 997 923 997 924 998 924 999 924 998 925 1000 925 999 925 999 926 1000 926 1001 926 1000 927 1002 927 1003 927 991 928 1004 928 990 928 1005 929 1004 929 991 929 1006 930 1004 930 1005 930 1003 931 1002 931 1007 931 1006 932 1008 932 1004 932 1002 933 1009 933 1007 933 1011 934 1008 934 1006 934 1007 935 1009 935 1010 935 1010 936 1009 936 1011 936 1009 937 1008 937 1011 937 1003 938 1001 938 1000 938 1012 939 978 939 1501 939 1501 940 976 940 1013 940 978 941 976 941 1501 941 1014 942 983 942 1015 942 982 943 978 943 1012 943 975 944 980 944 1014 944 976 945 975 945 1013 945 1013 946 975 946 1014 946 980 947 983 947 1014 947 1016 948 1017 948 983 948 983 949 1018 949 1016 949 969 950 1019 950 1017 950 1019 951 1020 951 1017 951 969 952 1021 952 1019 952 970 953 1021 953 969 953 1017 954 1020 954 983 954 1022 955 1023 955 1024 955 1023 956 1025 956 1024 956 1022 957 1026 957 1023 957 1018 958 1026 958 1022 958 983 959 1026 959 1018 959 970 960 1027 960 1021 960 972 961 1027 961 970 961 1024 962 1025 962 972 962 972 963 962 963 1027 963 1025 964 962 964 972 964 760 965 1028 965 1020 965 1028 966 1029 966 1020 966 760 967 1030 967 1028 967 762 968 1030 968 760 968 962 969 1031 969 1027 969 1027 970 1031 970 1032 970 1031 971 1033 971 1032 971 962 972 1034 972 1031 972 964 973 1034 973 962 973 762 974 1035 974 1030 974 764 975 1035 975 762 975 1036 976 1037 976 1038 976 1037 977 1039 977 1038 977 1036 978 1040 978 1037 978 1026 979 1040 979 1036 979 964 980 1041 980 1034 980 1032 981 1033 981 764 981 983 982 1040 982 1026 982 966 983 1041 983 964 983 1033 984 910 984 764 984 1038 985 1039 985 966 985 764 986 910 986 1035 986 1039 987 956 987 966 987 966 988 956 988 1041 988 754 957 1042 957 1029 957 1020 989 1015 989 983 989 1029 990 1015 990 1020 990 1042 991 1043 991 1029 991 754 992 1044 992 1042 992 1029 993 1043 993 1015 993 756 994 1044 994 754 994 910 995 1045 995 1035 995 1035 996 1045 996 1046 996 1045 997 1047 997 1046 997 910 998 1048 998 1045 998 912 999 1048 999 910 999 756 1000 1049 1000 1044 1000 757 1001 1049 1001 756 1001 956 1002 1050 1002 1041 1002 1041 1003 1050 1003 1051 1003 1050 1004 1052 1004 1051 1004 956 1005 1053 1005 1050 1005 957 1006 1053 1006 956 1006 1046 1007 1047 1007 757 1007 912 1008 1054 1008 1048 1008 1043 1009 747 1009 1015 1009 914 1010 1054 1010 912 1010 1055 1011 1057 1011 1058 1011 1056 1012 1057 1012 1055 1012 1040 1013 1056 1013 1055 1013 957 1014 1059 1014 1053 1014 1051 1015 1052 1015 914 1015 1047 1016 860 1016 757 1016 757 1017 860 1017 1049 1017 959 1018 1059 1018 957 1018 1058 1019 948 1019 959 1019 1057 1020 948 1020 1058 1020 1052 1021 904 1021 914 1021 914 1022 904 1022 1054 1022 747 1023 749 1023 1015 1023 959 1024 948 1024 1059 1024 860 1025 1060 1025 1049 1025 1060 1026 1061 1026 1049 1026 860 1027 1062 1027 1060 1027 862 1028 1062 1028 860 1028 1049 1029 1061 1029 751 1029 904 1030 1063 1030 1054 1030 1054 1031 1063 1031 1064 1031 1063 1032 1065 1032 1064 1032 904 1033 1066 1033 1063 1033 905 1034 1066 1034 904 1034 862 1035 1067 1035 1062 1035 863 1036 1067 1036 862 1036 1059 1037 1068 1037 1069 1037 948 1038 1068 1038 1059 1038 1068 1039 1070 1039 1069 1039 948 1040 1071 1040 1068 1040 950 1041 1071 1041 948 1041 1064 1042 1065 1042 863 1042 905 1043 1072 1043 1066 1043 1061 1044 811 1044 751 1044 907 1045 1072 1045 905 1045 751 1046 811 1046 749 1046 1074 1047 1075 1047 1073 1047 1073 1048 1075 1048 1076 1048 1056 1049 1074 1049 1073 1049 950 1050 1077 1050 1071 1050 1069 1051 1070 1051 907 1051 1056 1052 1092 1052 1074 1052 863 1053 854 1053 1067 1053 1065 1054 854 1054 863 1054 952 1055 1077 1055 950 1055 811 1056 812 1056 749 1056 1075 1057 941 1057 1076 1057 1076 1058 941 1058 952 1058 1070 1059 898 1059 907 1059 907 1060 898 1060 1072 1060 749 1061 812 1061 1015 1061 952 1062 941 1062 1077 1062 1067 1063 1078 1063 1079 1063 854 1064 1078 1064 1067 1064 1078 1065 1080 1065 1079 1065 854 1066 1081 1066 1078 1066 856 1067 1081 1067 854 1067 1072 1068 1082 1068 1083 1068 898 1069 1082 1069 1072 1069 1082 1070 1084 1070 1083 1070 898 1071 1085 1071 1082 1071 899 1072 1085 1072 898 1072 1079 1073 1080 1073 814 1073 856 1074 1086 1074 1081 1074 857 1075 1086 1075 856 1075 941 1076 1087 1076 1077 1076 1077 1077 1087 1077 1088 1077 943 1078 1087 1078 941 1078 1087 1079 1089 1079 1088 1079 943 1080 1090 1080 1087 1080 1083 1081 1084 1081 857 1081 899 1082 1091 1082 1085 1082 1080 1083 805 1083 814 1083 901 1084 1091 1084 899 1084 944 1085 1090 1085 943 1085 1092 1086 1093 1086 1094 1086 1093 977 1095 977 1094 977 1092 1087 1096 1087 1093 1087 814 1088 805 1088 812 1088 944 1089 1097 1089 1090 1089 1088 1090 1089 1090 901 1090 857 1091 848 1091 1086 1091 1084 1092 848 1092 857 1092 805 1093 807 1093 812 1093 1094 1094 1095 1094 946 1094 901 1095 892 1095 1091 1095 1089 1096 892 1096 901 1096 946 1097 1097 1097 944 1097 812 1098 807 1098 1015 1098 946 1099 935 1099 1097 1099 1095 1100 935 1100 946 1100 848 1101 1098 1101 1086 1101 1086 1102 1098 1102 1099 1102 1098 1103 1100 1103 1099 1103 848 1104 1101 1104 1098 1104 850 1105 1101 1105 848 1105 1091 1106 1102 1106 1103 1106 892 1107 1102 1107 1091 1107 1102 1108 1104 1108 1103 1108 892 1109 1105 1109 1102 1109 893 1110 1105 1110 892 1110 1099 1111 1100 1111 808 1111 850 1112 1106 1112 1101 1112 851 1113 1106 1113 850 1113 1097 1114 1107 1114 1108 1114 935 1115 1107 1115 1097 1115 1107 1116 1109 1116 1108 1116 935 1117 1110 1117 1107 1117 936 1118 1110 1118 935 1118 1103 1119 1104 1119 851 1119 893 1120 1111 1120 1105 1120 1100 1121 799 1121 808 1121 895 1122 1111 1122 893 1122 1113 1123 1114 1123 1112 1123 1112 1124 1114 1124 1115 1124 1096 1125 1113 1125 1112 1125 936 1126 1116 1126 1110 1126 1108 1127 1109 1127 895 1127 1104 1128 842 1128 851 1128 851 1129 842 1129 1106 1129 938 1130 1116 1130 936 1130 808 1131 799 1131 807 1131 799 1132 801 1132 807 1132 1115 1133 928 1133 938 1133 1114 1134 928 1134 1115 1134 895 1135 886 1135 1111 1135 1109 1136 886 1136 895 1136 938 1137 928 1137 1116 1137 842 1138 1117 1138 1106 1138 1106 1139 1117 1139 1118 1139 1117 1140 1119 1140 1118 1140 842 1141 1120 1141 1117 1141 844 1142 1120 1142 842 1142 886 1143 1121 1143 1111 1143 1111 1144 1121 1144 1122 1144 1121 1145 1123 1145 1122 1145 886 1146 1124 1146 1121 1146 887 1110 1124 1110 886 1110 1118 1147 1119 1147 802 1147 844 1148 1125 1148 1120 1148 845 1149 1125 1149 844 1149 928 1150 1126 1150 1116 1150 1116 1037 1126 1037 1127 1037 1126 1151 1128 1151 1127 1151 928 1152 1129 1152 1126 1152 930 1153 1129 1153 928 1153 1122 1154 1123 1154 845 1154 887 1155 1130 1155 1124 1155 1119 1156 793 1156 802 1156 889 1157 1130 1157 887 1157 1131 1123 1132 1123 1133 1123 1132 1158 1134 1158 1133 1158 1131 1159 1135 1159 1132 1159 1113 1160 1135 1160 1131 1160 930 1161 1136 1161 1129 1161 1127 1162 1128 1162 889 1162 1123 1163 836 1163 845 1163 845 1164 836 1164 1125 1164 932 1165 1136 1165 930 1165 802 1166 793 1166 801 1166 793 1167 795 1167 801 1167 1133 1168 1134 1168 932 1168 1128 1169 880 1169 889 1169 889 1170 880 1170 1130 1170 932 988 923 988 1136 988 1134 1171 923 1171 932 1171 1125 1172 1137 1172 1138 1172 836 1173 1137 1173 1125 1173 1137 1174 1139 1174 1138 1174 836 1175 1140 1175 1137 1175 838 1176 1140 1176 836 1176 880 1143 1141 1143 1130 1143 1130 1177 1141 1177 1142 1177 1141 1178 1143 1178 1142 1178 880 1179 1144 1179 1141 1179 881 1180 1144 1180 880 1180 1138 1181 1139 1181 796 1181 838 1182 1145 1182 1140 1182 839 1183 1145 1183 838 1183 923 1184 1146 1184 1136 1184 1136 1185 1146 1185 1147 1185 1146 1186 1148 1186 1147 1186 923 1187 1149 1187 1146 1187 924 1188 1149 1188 923 1188 1142 1189 1143 1189 839 1189 881 1190 1150 1190 1144 1190 1139 1191 787 1191 796 1191 883 1192 1150 1192 881 1192 1151 1193 1152 1193 1153 1193 1152 1194 1154 1194 1153 1194 1135 1195 1152 1195 1151 1195 1135 1196 1155 1196 1152 1196 924 1197 1156 1197 1149 1197 1147 1162 1148 1162 883 1162 1143 1198 830 1198 839 1198 839 1199 830 1199 1145 1199 926 1200 1156 1200 924 1200 796 1201 787 1201 795 1201 787 1202 789 1202 795 1202 1153 1133 916 1133 926 1133 1154 1203 916 1203 1153 1203 1148 1204 873 1204 883 1204 883 1170 873 1170 1150 1170 926 1205 916 1205 1156 1205 1145 1206 1157 1206 1158 1206 830 1207 1157 1207 1145 1207 1157 1208 1159 1208 1158 1208 1113 1209 993 1209 1135 1209 1135 1210 993 1210 1155 1210 1155 1211 993 1211 1160 1211 830 1212 1161 1212 1157 1212 832 1213 1161 1213 830 1213 1150 1214 1162 1214 1163 1214 873 1215 1162 1215 1150 1215 1162 1216 1164 1216 1163 1216 873 1217 1165 1217 1162 1217 993 1218 920 1218 1160 1218 875 1219 1165 1219 873 1219 1158 1220 1159 1220 790 1220 832 1221 1166 1221 1161 1221 833 1222 1166 1222 832 1222 1156 1223 1167 1223 1168 1223 916 1224 1167 1224 1156 1224 1167 1225 1169 1225 1168 1225 916 1226 1170 1226 1167 1226 918 1227 1170 1227 916 1227 1163 1228 1164 1228 833 1228 875 1229 1171 1229 1165 1229 1159 1230 780 1230 790 1230 877 1231 1171 1231 875 1231 918 1232 1172 1232 1170 1232 1168 1233 1169 1233 877 1233 1164 1234 824 1234 833 1234 833 1235 824 1235 1166 1235 920 1236 1172 1236 918 1236 790 1237 780 1237 789 1237 1169 1238 866 1238 877 1238 780 1239 782 1239 789 1239 877 1240 866 1240 1171 1240 920 1241 1173 1241 1172 1241 993 1242 1173 1242 920 1242 1166 1243 1174 1243 1175 1243 824 1244 1174 1244 1166 1244 1174 1245 1176 1245 1175 1245 824 1246 1177 1246 1174 1246 826 1247 1177 1247 824 1247 866 1248 1179 1248 1178 1248 1171 1249 1178 1249 1180 1249 866 1250 1178 1250 1171 1250 868 1251 1179 1251 866 1251 1175 1252 1176 1252 784 1252 826 1253 1181 1253 1177 1253 1178 1254 816 1254 1180 1254 827 1255 1181 1255 826 1255 868 1256 1182 1256 1179 1256 1180 1257 816 1257 827 1257 1176 1258 774 1258 784 1258 870 1259 1182 1259 868 1259 827 1260 816 1260 1181 1260 784 1261 774 1261 782 1261 870 1262 1183 1262 1182 1262 774 1263 776 1263 782 1263 1173 1264 1183 1264 870 1264 816 1265 1185 1265 1184 1265 816 1266 1184 1266 1181 1266 1181 1267 1184 1267 1186 1267 818 1268 1185 1268 816 1268 1184 1269 766 1269 1186 1269 818 1270 1187 1270 1185 1270 820 1271 1187 1271 818 1271 1186 1272 766 1272 777 1272 822 1273 1187 1273 820 1273 822 1274 1188 1274 1187 1274 766 1275 768 1275 777 1275 777 1276 768 1276 776 1276 770 1277 1495 1277 768 1277 993 1278 1495 1278 1173 1278 1173 1279 1495 1279 1183 1279 1183 1280 1495 1280 822 1280 822 1281 1495 1281 1188 1281 1188 1282 1495 1282 772 1282 776 1283 1495 1283 782 1283 768 1284 1495 1284 776 1284 772 1285 1495 1285 770 1285 1495 1286 1015 1286 789 1286 1495 1287 789 1287 782 1287 789 1288 1015 1288 795 1288 795 1289 1015 1289 801 1289 801 1290 1015 1290 807 1290 983 1291 993 1291 1040 1291 1040 1292 993 1292 1056 1292 1056 1293 993 1293 1092 1293 1092 1294 993 1294 1096 1294 1096 1295 993 1295 1113 1295 1189 1296 996 1296 1493 1296 1495 1297 994 1297 1189 1297 1493 1298 999 1298 1190 1298 993 1299 994 1299 1495 1299 994 1300 996 1300 1189 1300 997 1301 999 1301 1493 1301 996 1302 997 1302 1493 1302 999 1303 1001 1303 1190 1303 1191 1304 363 1304 364 1304 364 1305 367 1305 1191 1305 1192 1306 231 1306 367 1306 1192 1307 230 1307 231 1307 1193 1308 230 1308 1192 1308 367 1309 1196 1309 1191 1309 231 1310 1196 1310 367 1310 361 1311 354 1311 358 1311 361 1312 353 1312 354 1312 363 1313 353 1313 361 1313 1191 1314 353 1314 363 1314 354 1315 357 1315 358 1315 1193 1316 228 1316 230 1316 1194 1317 228 1317 1193 1317 358 1318 357 1318 1194 1318 1194 1319 1198 1319 228 1319 357 1320 1198 1320 1194 1320 1195 1321 193 1321 1196 1321 1195 1322 191 1322 193 1322 1197 1323 191 1323 1195 1323 193 1324 1203 1324 1196 1324 1196 1325 1203 1325 1191 1325 1198 1326 240 1326 228 1326 228 1327 240 1327 225 1327 1198 1328 239 1328 240 1328 1199 1329 239 1329 1198 1329 240 1330 243 1330 225 1330 1197 1331 189 1331 191 1331 1200 1332 189 1332 1197 1332 351 1333 344 1333 348 1333 351 1334 343 1334 344 1334 353 1335 343 1336 351 1337 344 1338 347 1338 348 1338 1199 1339 237 1339 239 1339 1191 1340 343 1340 353 1340 1201 1341 237 1341 1199 1341 225 1342 243 1342 1200 1342 1200 1343 1205 1343 189 1343 243 1344 1205 1344 1200 1344 348 1345 347 1345 1201 1345 347 1346 1208 1346 1201 1346 1201 1347 1208 1347 237 1347 1202 1348 326 1348 1203 1348 1202 1349 324 1349 326 1349 1204 1350 324 1350 1202 1350 326 1351 1212 1351 1203 1351 189 1352 183 1352 186 1352 1205 1353 183 1353 189 1353 1205 1354 181 1354 183 1354 1206 1355 181 1355 1205 1355 183 1356 185 1356 186 1356 1204 1357 322 1357 324 1357 1207 1358 322 1358 1204 1358 1208 1359 249 1359 251 1359 1208 1360 251 1360 237 1360 237 1361 251 1361 234 1361 1209 1362 249 1362 1208 1362 251 1363 253 1363 234 1363 1206 1364 180 1364 181 1364 1210 1365 180 1365 1206 1365 1209 1366 247 1366 249 1366 186 1367 185 1367 1207 1367 1203 1368 1003 1368 1191 1368 1211 1369 1003 1369 1212 1369 1212 1370 1003 1370 1203 1370 341 1371 334 1371 338 1371 341 1372 333 1372 334 1372 343 1373 333 1374 341 1375 334 1376 337 1377 338 1378 185 1379 1214 1379 1207 1379 1207 1380 1214 1380 322 1380 1213 1381 247 1381 1209 1381 234 1382 253 1382 1210 1382 253 1383 1216 1383 1210 1383 1210 1384 1216 1384 180 1384 338 1385 337 1385 1213 1385 1213 1386 1219 1386 247 1386 337 1387 1219 1387 1213 1387 1214 1388 289 1388 322 1388 1214 1389 287 1389 289 1389 1215 1390 287 1390 1214 1390 289 1391 291 1391 322 1391 322 1392 291 1392 320 1392 180 1393 298 1393 177 1393 1216 1394 298 1394 180 1394 1216 1395 296 1395 298 1395 1217 1396 296 1396 1216 1396 298 1397 300 1397 177 1397 1215 1398 285 1398 287 1398 1218 1399 285 1399 1215 1399 1219 1400 211 1400 247 1400 247 1401 211 1401 244 1401 1219 1402 210 1402 211 1402 320 1403 291 1403 1220 1403 1221 1404 210 1404 1219 1404 211 1405 214 1405 244 1405 1217 1406 295 1406 296 1406 291 1407 1222 1407 1220 1407 1223 1408 295 1408 1217 1408 177 1409 300 1409 1218 1409 331 1410 221 1410 328 1410 331 1411 220 1411 221 1411 333 1412 220 1412 331 1412 221 1413 224 1413 328 1413 1221 1414 208 1414 210 1414 1218 1415 1225 1415 285 1415 300 1416 1225 1416 1218 1416 1224 1417 208 1417 1221 1417 244 1418 214 1418 1223 1418 1220 1419 1233 1420 1211 1421 1222 1422 1233 1422 1220 1422 1211 1423 1233 1423 1003 1423 1223 1424 1227 1424 295 1424 214 1425 1227 1425 1223 1425 328 1426 224 1426 1224 1426 224 1427 1230 1427 1224 1427 1224 1428 1230 1428 208 1428 1225 1429 278 1429 280 1429 1225 1430 280 1430 285 1430 1226 1431 278 1431 1225 1431 285 1432 282 1432 283 1432 280 1433 282 1433 285 1433 1226 1434 277 1434 278 1434 295 1435 308 1435 292 1435 1227 1436 308 1436 295 1436 1227 1437 306 1437 308 1437 1228 1438 306 1438 1227 1438 308 1439 310 1439 292 1439 1229 1440 277 1440 1226 1440 1230 1441 201 1441 208 1441 208 1442 201 1442 205 1442 1230 1443 200 1443 201 1443 1229 1444 275 1444 277 1444 1231 1445 200 1445 1230 1445 201 1330 204 1330 205 1330 1228 1446 304 1446 306 1446 283 1447 1232 1447 1233 1447 282 1448 1232 1448 283 1448 1234 1449 304 1449 1228 1449 292 1450 310 1450 1229 1450 218 1451 391 1451 215 1451 218 1452 390 1452 391 1452 220 1453 390 1454 218 1455 391 1456 394 1456 215 1456 1231 1457 198 1457 200 1457 1229 1458 1236 1458 275 1458 310 1459 1236 1459 1229 1459 1235 1460 198 1460 1231 1460 205 1461 204 1461 1234 1461 1234 1462 1238 1462 304 1462 204 1463 1238 1463 1234 1463 1233 1464 1232 1464 1003 1464 215 1465 394 1465 1235 1465 1235 1466 1241 1466 198 1466 394 1467 1241 1467 1235 1467 220 1468 1190 1468 390 1468 390 1469 1190 1469 388 1469 333 1470 1190 1470 220 1470 1190 1471 385 1471 388 1471 1236 1472 268 1472 270 1472 1236 1473 270 1473 275 1473 1237 1474 268 1474 1236 1474 270 1475 272 1476 275 1477 275 1478 272 1478 273 1478 1237 1479 267 1479 268 1479 1238 1480 317 1480 304 1480 304 1481 317 1481 301 1481 1238 1482 315 1482 317 1482 1239 1483 315 1483 1238 1483 317 1484 319 1484 301 1484 1240 1485 267 1485 1237 1485 1241 1486 381 1486 198 1486 198 1487 381 1487 195 1487 1241 1488 380 1488 381 1488 1240 1489 265 1489 267 1489 1242 1308 380 1308 1241 1308 381 1490 384 1490 195 1490 1239 1491 314 1491 315 1491 272 1492 1243 1492 273 1492 1244 1493 314 1493 1239 1493 273 1494 1243 1494 1245 1494 301 1495 319 1495 1240 1495 1242 1496 378 1496 380 1496 319 1497 1247 1497 1240 1497 1240 1498 1247 1498 265 1498 1246 1499 378 1499 1242 1499 195 1500 384 1500 1244 1500 1244 1501 1249 1501 314 1501 384 1502 1249 1502 1244 1502 1245 1503 1243 1504 1232 1505 1246 1506 1255 1506 378 1506 385 1507 1255 1507 1246 1507 1190 1508 1255 1508 385 1508 1247 1509 260 1509 265 1509 1247 1510 258 1510 260 1510 1248 1511 258 1511 1247 1511 265 1512 262 1512 263 1512 260 1513 262 1513 265 1513 314 1514 373 1514 311 1514 1249 1436 373 1436 314 1436 1249 1515 371 1515 373 1515 1250 1516 371 1516 1249 1516 373 1517 375 1517 311 1517 1248 1518 257 1518 258 1518 1251 1519 257 1519 1248 1519 1250 1520 370 1520 371 1520 262 1521 1252 1521 263 1521 1253 1522 370 1522 1250 1522 263 1523 1252 1523 1254 1523 311 1524 375 1524 1251 1524 1251 1525 1256 1525 257 1525 375 1526 1256 1526 1251 1526 1253 1527 1261 1527 370 1527 1252 1528 1262 1528 1254 1528 1254 1529 1262 1530 1243 1531 1255 1532 1261 1532 1253 1532 257 1533 401 1533 254 1533 1256 1534 401 1534 257 1534 1256 1535 399 1535 401 1535 1257 1536 399 1536 1256 1536 401 1537 403 1537 254 1537 1257 1538 397 1538 399 1538 1258 1539 397 1539 1257 1539 254 1540 403 1540 1259 1540 403 1541 1260 1541 1259 1541 1261 1542 397 1542 1258 1542 1259 1543 1260 1543 1262 1543 1261 1544 395 1545 397 1546 395 1547 1001 1547 1263 1547 1263 1548 1001 1548 1260 1548 1261 1549 1001 1549 395 1549 1262 1550 1001 1550 1243 1550 1260 1551 1001 1551 1262 1551 1191 1552 1190 1552 333 1552 1191 1553 333 1553 343 1553 1001 1554 1003 1554 1243 1554 1243 1555 1003 1555 1232 1555 1190 1556 1001 1556 1261 1556 1190 1557 1261 1557 1255 1557 1191 1558 1010 1558 1264 1558 1003 1559 1007 1559 1191 1559 1011 1560 1265 1560 1264 1560 1007 1561 1010 1561 1191 1561 1006 1562 1478 1562 1265 1562 1264 1563 1010 1563 1011 1563 1011 1564 1006 1564 1265 1564 1006 1565 1005 1565 1478 1565 406 1566 405 1566 1374 1566 1374 1567 408 1567 406 1567 1266 1568 415 1568 405 1568 1266 1569 418 1569 415 1569 405 1570 415 1570 1374 1570 415 1571 1271 1571 1374 1571 1267 1572 418 1572 1266 1572 410 1573 503 1573 412 1573 503 1574 501 1574 412 1574 410 1575 505 1575 503 1575 408 1576 505 1576 410 1576 1374 1577 505 1577 408 1577 1267 1578 419 1578 418 1578 1268 1579 419 1579 1267 1579 412 1580 501 1580 1268 1580 501 1581 1269 1581 1268 1581 1268 1582 1269 1582 419 1582 1270 1583 424 1583 1271 1583 424 1584 1276 1584 1271 1584 1270 1585 426 1585 424 1585 1272 1586 426 1586 1270 1586 1271 1587 1276 1587 1374 1587 1269 1588 577 1588 419 1588 419 1589 577 1589 421 1589 1269 1590 580 1590 577 1590 577 1591 576 1591 421 1591 1272 1592 427 1592 426 1592 1273 1593 427 1593 1272 1593 1274 1594 580 1594 1269 1594 506 1595 495 1595 492 1595 505 1596 495 1596 506 1596 506 1597 491 1597 509 1597 492 1598 491 1598 506 1598 1274 1599 581 1599 580 1599 1374 1600 495 1600 505 1600 421 1601 576 1601 1273 1601 576 1602 1278 1602 1273 1602 1273 1603 1278 1603 427 1603 509 1604 581 1604 1274 1604 491 1605 1281 1605 509 1605 509 1584 1281 1584 581 1584 1275 1606 739 1606 1276 1606 739 1607 738 1607 1276 1607 1275 1608 741 1608 739 1608 1276 1609 991 1609 1374 1609 738 1610 991 1610 1276 1610 1277 1611 741 1611 1275 1611 427 1612 657 1612 429 1612 1278 1613 657 1613 427 1613 657 1614 655 1614 429 1614 1278 1615 659 1615 657 1615 1279 1616 659 1616 1278 1616 1277 1617 743 1617 741 1617 1280 1618 743 1618 1277 1618 1281 1619 567 1619 581 1619 581 1620 567 1620 583 1620 738 1621 1282 1621 991 1621 1281 1622 570 1622 567 1622 1283 1623 570 1623 1281 1623 567 1624 566 1624 583 1624 1279 1625 660 1625 659 1625 1284 1626 660 1626 1279 1626 429 1627 655 1627 1280 1627 496 1628 482 1628 498 1628 655 1629 1287 1629 1280 1629 496 1630 485 1630 482 1630 495 1631 485 1631 496 1631 482 1632 481 1632 498 1632 1283 1633 571 1633 570 1633 1280 1634 1287 1634 743 1634 1285 1635 571 1635 1283 1635 583 1636 566 1636 1284 1636 1282 1637 1286 1637 991 1637 1284 1638 1289 1638 660 1638 566 1639 1289 1639 1284 1639 498 1640 481 1640 1285 1640 1285 1641 1293 1641 571 1641 481 1642 1293 1642 1285 1642 1287 1643 730 1643 743 1643 743 1644 730 1644 744 1644 730 1645 729 1645 744 1645 1288 1646 732 1646 1287 1646 1287 1647 732 1647 730 1647 1289 1648 647 1648 660 1648 1289 1649 649 1649 647 1649 1290 1650 732 1650 1288 1650 1291 1651 649 1651 1289 1651 647 1652 645 1652 660 1652 660 1653 645 1653 663 1653 1290 1654 734 1654 732 1654 744 1655 729 1655 1292 1655 559 1656 557 1656 1293 1656 1293 1657 557 1657 571 1657 571 1658 557 1658 573 1658 729 1659 1294 1659 1292 1659 1295 1660 559 1660 1293 1660 1291 1661 651 1661 649 1661 1295 1662 561 1662 559 1662 1296 1663 651 1663 1291 1663 486 1664 472 1664 488 1664 663 1665 734 1665 1290 1665 486 1666 475 1666 472 1666 485 1667 475 1667 486 1667 472 1668 471 1668 488 1668 557 1669 1297 1669 573 1669 645 1670 1300 1670 663 1670 663 1626 1300 1626 734 1626 1298 1671 561 1671 1295 1671 573 1672 1297 1672 1296 1672 1292 1673 1294 1673 1286 1673 1294 1674 1299 1674 1286 1674 1286 1675 1299 1675 991 1675 1296 1676 1297 1676 651 1676 488 1677 471 1677 1298 1677 1298 1678 1304 1678 561 1678 471 1679 1304 1679 1298 1679 1300 1680 721 1680 734 1680 721 1681 720 1681 734 1681 1300 1682 723 1682 721 1682 1301 1683 723 1683 1300 1683 734 1684 720 1684 736 1684 651 1685 636 1685 652 1685 1297 1686 636 1686 651 1686 1297 1687 639 1687 636 1687 1302 1688 639 1688 1297 1688 636 1689 635 1689 652 1689 1301 1690 725 1690 723 1690 1303 1691 725 1691 1301 1691 550 1692 548 1692 1304 1692 561 1693 548 1693 563 1693 1304 1694 548 1694 561 1694 720 1695 1305 1695 736 1695 1306 1696 550 1696 1304 1696 1302 1697 640 1697 639 1697 1306 1698 552 1698 550 1698 736 1699 1305 1699 1307 1699 1308 1700 640 1700 1302 1700 652 1701 635 1701 1303 1701 476 1702 462 1702 478 1702 476 1703 465 1703 462 1703 475 1704 465 1704 476 1704 462 1705 461 1705 478 1705 548 1706 1309 1706 563 1706 635 1707 1311 1707 1303 1707 1303 1708 1311 1708 725 1708 1310 1709 552 1709 1306 1709 563 1710 1309 1710 1308 1710 1305 1711 1322 1711 1307 1711 1308 1712 1309 1712 640 1712 1307 1713 1322 1713 1299 1713 1299 1714 1322 1714 991 1714 478 1715 461 1715 1310 1715 461 1716 1315 1716 1310 1716 1310 1717 1315 1717 552 1717 1311 1718 712 1718 725 1718 1311 1719 714 1719 712 1719 1312 1720 714 1720 1311 1720 725 1721 711 1721 727 1721 712 1722 711 1722 725 1722 1309 1723 627 1723 640 1723 640 1724 627 1724 642 1724 627 1725 625 1725 642 1725 1309 1726 629 1726 627 1726 1313 1727 629 1727 1309 1727 1312 1728 716 1728 714 1728 1314 1729 716 1729 1312 1729 541 1730 539 1730 1315 1730 1315 1634 539 1634 552 1634 552 1731 539 1731 554 1731 727 1732 711 1732 1316 1732 1317 1568 541 1568 1315 1568 1313 1733 630 1733 629 1733 1317 1734 543 1734 541 1734 711 1735 1318 1735 1316 1735 1319 1736 630 1736 1313 1736 642 1737 625 1737 1314 1737 466 1738 452 1738 468 1738 625 1739 1323 1739 1314 1739 466 1740 455 1740 452 1740 465 1741 455 1741 466 1741 452 1742 451 1742 468 1742 539 1743 1320 1743 554 1743 1314 1744 1323 1744 716 1744 1321 1745 543 1745 1317 1745 554 1746 1320 1746 1319 1746 1318 1747 1334 1747 1316 1747 1316 1748 1334 1748 1322 1748 1319 1749 1320 1749 630 1749 468 1750 451 1750 1321 1750 1321 1751 1329 1751 543 1751 451 1752 1329 1752 1321 1752 1323 1753 704 1753 702 1753 1323 1754 702 1754 716 1754 716 1755 702 1755 717 1755 1324 1756 704 1756 1323 1756 1324 1757 706 1757 704 1757 1320 1758 616 1758 630 1758 702 1759 1325 1759 717 1759 1320 1760 619 1760 616 1760 1326 1761 706 1761 1324 1761 1327 1762 619 1762 1320 1762 630 1763 615 1763 633 1763 616 1764 615 1764 630 1764 717 1765 1325 1765 1328 1765 532 1766 530 1766 1329 1766 543 1767 530 1767 545 1767 1329 1768 530 1768 543 1768 1326 1769 707 1769 706 1769 1330 1770 532 1770 1329 1770 1327 1771 620 1771 619 1771 1330 1772 534 1772 532 1772 1331 1773 620 1773 1327 1773 456 1774 443 1774 458 1774 456 1775 445 1775 443 1775 455 1776 445 1776 456 1776 633 1777 615 1777 1326 1777 443 1778 442 1778 458 1778 530 1779 1332 1779 545 1779 1326 1780 1336 1780 707 1780 615 1781 1336 1781 1326 1781 1333 1782 534 1782 1330 1782 545 1783 1332 1783 1331 1783 1328 1784 1325 1784 1334 1784 1325 1785 1335 1785 1334 1785 1331 1786 1332 1786 620 1786 458 1787 442 1787 1333 1787 1333 1788 1339 1788 534 1788 442 1789 1339 1789 1333 1789 1336 1790 694 1790 707 1790 1336 1791 696 1791 694 1791 1337 1792 696 1792 1336 1792 694 1677 693 1677 707 1677 707 1793 693 1793 709 1793 1332 1794 606 1794 620 1794 1332 1795 609 1795 606 1795 1338 1688 609 1688 1332 1688 606 1796 605 1796 620 1796 620 1797 605 1797 623 1797 1337 1798 698 1798 696 1798 534 1799 521 1799 536 1799 1339 1800 521 1800 534 1800 1339 1801 523 1802 521 1803 1340 1804 523 1804 1339 1804 521 1805 520 1805 536 1805 1338 1806 610 1806 609 1806 693 1807 1341 1807 709 1807 1342 1808 610 1808 1338 1808 709 1809 1341 1809 1343 1809 447 1810 433 1810 448 1810 623 1811 698 1811 1337 1811 447 1812 436 1812 433 1812 445 1813 436 1813 447 1813 433 1742 432 1742 448 1742 1340 1814 525 1814 523 1814 623 1626 1345 1626 698 1626 605 1815 1345 1815 623 1815 1344 1816 525 1816 1340 1816 536 1817 520 1817 1342 1817 1341 1818 1353 1818 1343 1818 520 1819 1347 1819 1342 1819 1342 1820 1347 1820 610 1820 1343 1821 1353 1821 1335 1821 448 1822 432 1822 1344 1822 1344 1823 1350 1823 525 1823 432 1824 1350 1824 1344 1824 1345 1825 685 1825 698 1825 685 1826 684 1826 698 1826 1345 1827 687 1827 685 1827 1346 1683 687 1683 1345 1683 698 1684 684 1684 700 1684 455 1828 1478 1828 445 1828 436 1829 1478 1829 437 1829 437 1830 1478 1830 439 1830 445 1831 1478 1831 436 1831 1347 1832 597 1832 610 1832 610 1670 597 1670 612 1670 597 1833 595 1833 612 1833 1347 1834 599 1834 597 1834 1348 1835 599 1835 1347 1835 1346 1836 689 1836 687 1836 1349 1837 689 1837 1346 1837 1350 1838 513 1838 525 1838 525 1839 513 1839 527 1839 513 1840 511 1840 527 1840 684 1841 1351 1841 700 1841 1352 1842 513 1842 1350 1842 1352 1843 515 1843 513 1843 1348 1844 600 1844 599 1844 700 1845 1351 1845 1353 1845 1354 1846 600 1846 1348 1846 612 1847 595 1847 1349 1847 595 1848 1357 1848 1349 1848 511 1849 1355 1849 527 1849 1349 1850 1357 1850 689 1850 1356 1851 515 1851 1352 1851 527 1852 1355 1852 1354 1852 1351 1853 1362 1853 1353 1853 1354 1854 1355 1854 600 1854 1356 1855 517 1855 515 1855 439 1856 517 1856 1356 1856 1478 1857 517 1857 439 1857 1357 1858 676 1858 689 1858 676 1859 674 1859 689 1859 1358 1860 678 1860 1357 1860 1357 1861 678 1861 676 1861 689 1862 674 1862 691 1862 1355 1863 588 1863 600 1863 588 1864 586 1864 600 1864 1355 1865 590 1865 588 1865 1359 1866 678 1866 1358 1866 1360 1867 590 1867 1355 1867 600 1868 586 1868 603 1868 1359 1869 680 1869 678 1869 674 1870 1361 1870 691 1870 1360 1871 592 1871 590 1871 691 1872 1361 1872 1362 1872 1363 1873 592 1873 1360 1873 586 1874 1364 1874 603 1874 603 1875 1364 1875 1359 1875 1359 1876 1364 1876 680 1876 1361 1877 1371 1877 1362 1877 517 1878 592 1878 1363 1878 517 1879 1370 1879 592 1879 1478 1880 1370 1880 517 1880 1364 1881 667 1881 665 1881 1364 1882 665 1882 680 1882 680 1883 665 1883 681 1883 1365 1884 667 1884 1364 1884 1365 1885 669 1885 667 1885 665 1886 1366 1886 681 1886 1367 1887 669 1887 1365 1887 681 1888 1366 1888 1368 1888 1366 1889 1369 1889 1368 1889 1367 1890 670 1890 669 1890 1370 1891 670 1891 1367 1891 1368 1892 1369 1892 1371 1892 1369 1893 1373 1893 1371 1893 670 1894 1005 1894 672 1894 672 1895 1005 1895 1372 1895 1478 1896 1005 1896 1370 1896 1372 1897 1005 1897 1373 1897 1370 1898 1005 1898 670 1898 1373 1899 1005 1899 1371 1899 1371 1900 1005 1900 1362 1900 1374 1901 1478 1901 465 1901 1374 1902 465 1902 475 1902 1374 1903 475 1903 485 1903 1374 1904 485 1904 495 1904 465 1905 1478 1905 455 1905 1005 1906 991 1906 1335 1906 1005 1907 1335 1907 1353 1907 1005 1908 1353 1908 1362 1908 1335 1909 991 1909 1334 1909 1334 1910 991 1910 1322 1910 989 1911 1488 1911 1374 1911 991 1912 989 1912 1374 1912 989 1913 988 1913 1488 1913 1375 1914 984 1914 1376 1914 1488 1915 988 1915 1375 1915 1375 1916 988 1916 986 1916 986 1917 984 1917 1375 1917 1377 1918 1378 1918 984 1918 984 1919 1379 1919 1377 1919 1380 1920 1381 1920 111 1920 110 1921 1380 1921 111 1921 1378 1922 1381 1922 984 1922 111 1923 1381 1923 1378 1923 110 1924 1382 1924 1380 1924 1383 1925 1385 1925 1384 1925 1383 1926 1384 1926 1386 1926 1379 1927 1385 1927 1383 1927 984 1928 1385 1928 1379 1928 110 1929 1387 1929 1382 1929 108 1930 1387 1930 110 1930 984 1931 1398 1931 1385 1931 1384 1932 83 1932 1386 1932 1386 1933 83 1933 108 1933 108 1934 82 1934 1387 1934 83 1935 82 1935 108 1935 1388 1936 41 1936 11 1936 11 1937 1389 1937 1388 1937 10 1938 1389 1938 11 1938 11 1939 41 1939 1381 1939 82 1940 1390 1940 1387 1940 1390 1941 1391 1941 1387 1941 1387 1942 1391 1942 1392 1942 80 1943 1390 1943 82 1943 80 1944 1393 1944 1390 1944 10 1945 1394 1945 1389 1945 8 1946 1394 1946 10 1946 1396 1947 1397 1947 1395 1947 1398 1948 1396 1948 1395 1948 1391 1949 4 1949 1392 1949 984 1950 1414 1950 1398 1950 1398 1951 1414 1951 1396 1951 1395 1952 1397 1952 77 1952 78 1953 1399 1953 80 1953 80 1954 1399 1954 1393 1954 1392 1955 4 1955 8 1955 1397 1956 75 1956 77 1956 8 1957 4 1957 1394 1957 77 1958 75 1958 78 1958 78 1959 75 1959 1399 1959 39 1960 1400 1960 41 1960 1400 1961 144 1961 41 1961 39 1962 1401 1962 1400 1962 4 1963 1402 1963 1394 1963 37 1964 1401 1964 39 1964 1402 1965 48 1965 1394 1965 4 1966 1403 1966 1402 1966 3 1967 1403 1967 4 1967 1394 1968 48 1968 1404 1968 37 1969 1405 1969 1401 1969 75 1970 1406 1970 1399 1970 1406 1971 1407 1971 1399 1971 74 1972 1406 1972 75 1972 1399 1973 1407 1973 1408 1973 74 1974 1409 1974 1406 1974 3 1975 1410 1975 1403 1975 1381 1976 1376 1976 984 1976 144 1977 1376 1977 41 1977 41 1978 1376 1978 1381 1978 144 1979 142 1979 1376 1979 1 1980 1410 1980 3 1980 72 1981 1409 1981 74 1981 1412 1982 1413 1982 1411 1982 1404 1983 1405 1983 37 1983 1414 1984 1412 1984 1411 1984 1407 1985 90 1985 1408 1985 1414 1986 1431 1986 1412 1986 1404 1987 46 1987 1405 1987 48 1988 46 1988 1404 1988 1411 1989 1413 1989 70 1989 72 1990 1415 1990 1409 1990 1408 1991 90 1991 1 1991 142 1992 141 1992 1376 1992 1413 1993 68 1993 70 1993 1 1994 90 1994 1410 1994 70 1995 1415 1995 72 1995 70 1996 68 1996 1415 1996 46 1997 1416 1997 1405 1997 1405 1998 1416 1998 1417 1998 1416 1999 136 1999 1417 1999 46 2000 1418 2000 1416 2000 90 2001 1419 2001 1410 2001 44 2002 1418 2002 46 2002 1419 2003 55 2003 1410 2003 90 2004 1420 2004 1419 2004 88 2005 1420 2005 90 2005 1410 2006 55 2006 1421 2006 1417 2007 136 2007 138 2007 44 2008 1422 2008 1418 2008 68 2009 1423 2009 1415 2009 1423 2010 1424 2010 1415 2010 67 2011 1423 2011 68 2011 1415 2012 1424 2012 1425 2012 67 2013 1426 2013 1423 2013 88 2014 1427 2014 1420 2014 136 2015 134 2015 138 2015 86 2016 1427 2016 88 2016 65 2017 1426 2017 67 2017 1429 2018 1430 2018 1428 2018 1421 2019 1422 2019 44 2019 1431 2020 1429 2020 1428 2020 1424 2021 96 2021 1425 2021 1421 2022 53 2022 1422 2022 55 2023 53 2023 1421 2023 1428 2024 1430 2024 63 2024 65 2025 1432 2025 1426 2025 1425 2026 96 2026 86 2026 138 2027 134 2027 141 2027 134 2028 133 2029 141 2030 1430 2031 61 2031 63 2031 141 2032 133 2032 1376 2032 86 2033 96 2033 1427 2033 63 2034 1432 2034 65 2034 63 2035 61 2035 1432 2035 1422 2036 1433 2036 1434 2036 53 2037 1433 2037 1422 2037 1433 2038 128 2038 1434 2038 53 2039 1435 2039 1433 2039 96 2040 1436 2040 1427 2040 51 2041 1435 2041 53 2041 1436 2042 26 2042 1427 2042 96 2043 1437 2043 1436 2043 95 2044 1437 2044 96 2044 1427 2045 26 2045 1438 2045 1434 2046 128 2046 130 2046 51 2047 1439 2047 1435 2047 61 2048 1440 2048 1432 2048 1432 2049 1440 2049 1441 2049 1440 2050 105 2050 1441 2050 61 2051 1442 2051 1440 2051 59 2052 1442 2052 61 2052 95 2053 1443 2053 1437 2053 128 2054 126 2054 130 2054 93 2055 1443 2055 95 2055 1444 2056 1445 2056 1446 2056 1438 2057 1439 2057 51 2057 1445 2058 1447 2058 1446 2058 1429 2059 1445 2059 1444 2059 1429 2060 1448 2060 1445 2060 59 2061 1449 2061 1442 2061 26 2062 24 2062 1438 2062 1438 2063 24 2063 1439 2063 57 2064 1449 2064 59 2064 1441 2065 105 2065 93 2065 130 2066 126 2066 133 2066 126 2067 125 2067 133 2067 1447 2068 175 2068 1446 2068 1446 2069 175 2069 57 2069 93 2070 104 2070 1443 2070 105 2071 104 2071 93 2071 133 2072 125 2072 1376 2072 57 2073 175 2073 1449 2073 1429 2074 982 2074 1448 2074 1431 2075 982 2075 1429 2075 982 2076 1450 2076 1448 2076 1439 2077 1451 2077 1452 2077 24 2078 1451 2078 1439 2078 1451 2079 120 2079 1452 2079 24 2080 1453 2080 1451 2080 104 2081 1454 2081 1443 2081 1454 2082 19 2082 1443 2082 104 2083 1455 2083 1454 2083 102 2084 1455 2084 104 2084 1443 2085 19 2085 1456 2085 22 2086 1453 2086 24 2086 1452 2087 120 2088 122 2089 22 2090 1457 2090 1453 2090 1449 2091 1458 2091 1459 2091 175 2092 1458 2092 1449 2092 1458 2093 153 2093 1459 2093 175 2094 1460 2094 1458 2094 173 2095 1460 2095 175 2095 102 2096 1461 2096 1455 2096 120 2097 118 2097 122 2097 100 2098 1461 2098 102 2098 1456 2099 19 2099 22 2099 173 2100 1462 2100 1460 2100 1459 2101 153 2101 100 2101 19 2102 17 2102 22 2102 22 2103 17 2103 1457 2103 171 2104 1462 2104 173 2104 122 2105 118 2105 125 2105 118 2106 117 2107 125 2108 100 2109 151 2109 1461 2109 153 2110 151 2110 100 2110 171 2111 1463 2111 1462 2111 1450 2112 1463 2112 171 2112 982 2113 1463 2113 1450 2113 17 2114 1464 2114 1457 2114 1457 2115 1464 2115 1465 2115 1464 2116 34 2116 1465 2116 17 2117 1466 2117 1464 2117 151 2118 1467 2118 1461 2118 15 2119 1466 2119 17 2119 1467 2120 161 2120 1461 2120 151 2121 1468 2121 1467 2121 149 2122 1468 2122 151 2122 1461 2123 161 2123 1469 2123 1465 2124 34 2124 114 2124 15 2125 1470 2125 1466 2125 149 2126 1471 2126 1468 2126 34 2127 32 2127 114 2127 147 2128 1471 2128 149 2128 1469 2129 1470 2129 15 2129 1469 2130 159 2130 1470 2130 161 2131 159 2131 1469 2131 114 2132 32 2132 117 2132 147 2133 1472 2133 1471 2133 32 2134 31 2134 117 2134 1463 2135 1472 2135 147 2135 159 2136 1473 2136 1470 2136 1470 2137 1473 2137 1474 2137 1473 2138 169 2138 1474 2138 159 2139 1475 2139 1473 2139 157 2140 1475 2140 159 2140 1474 2141 169 2141 28 2141 157 2142 1476 2142 1475 2142 155 2143 1476 2143 157 2143 169 2144 167 2144 28 2144 155 2145 1477 2145 1476 2145 28 2146 167 2147 31 2148 167 2149 166 2149 31 2149 155 2150 1012 2150 1477 2150 1472 2151 1012 2151 155 2151 31 2152 1012 2152 117 2152 1477 2153 1012 2153 163 2153 166 2154 1012 2154 31 2154 163 2155 1012 2155 166 2155 1012 2156 1376 2156 125 2156 1012 2157 125 2157 117 2157 982 2158 1012 2158 1463 2158 1463 2159 1012 2159 1472 2159 984 2160 982 2160 1414 2160 1414 2161 982 2161 1431 2161 1498 2162 1496 2162 1490 2162 1496 2163 1483 2163 1490 2163 1478 2164 1479 2164 1265 2164 1479 2165 1480 2165 1265 2165 1265 2166 1480 2166 1264 2166 1479 2167 1481 2167 1480 2167 1264 2168 1482 2168 1191 2168 1480 2169 1482 2169 1264 2169 1481 2170 1484 2170 1480 2170 1480 2171 1484 2171 1482 2171 1481 2172 1483 2172 1484 2172 1374 2173 1491 2173 1478 2173 1478 2174 1491 2174 1479 2174 1491 2175 1492 2175 1479 2175 1479 2176 1492 2176 1481 2176 1492 2177 1490 2177 1481 2177 1481 2178 1490 2178 1483 2178 1190 2179 1191 2179 1485 2179 1191 2180 1482 2180 1485 2180 1482 2181 1484 2181 1485 2181 1485 2182 1484 2182 1486 2182 1486 2183 1484 2183 1496 2183 1484 2184 1483 2184 1496 2184 1487 2185 1375 2185 1376 2185 1487 2186 1489 2186 1375 2186 1375 2187 1489 2187 1488 2187 1488 2188 1489 2188 1374 2188 1489 2189 1491 2189 1374 2189 1487 2190 1492 2190 1489 2190 1487 2191 1490 2191 1492 2191 1489 2192 1492 2192 1491 2192 1485 2193 1493 2193 1190 2193 1485 2194 1494 2194 1493 2194 1493 2195 1495 2195 1189 2195 1485 2196 1486 2196 1494 2196 1493 2197 1494 2197 1495 2197 1486 2198 1496 2198 1494 2198 1494 2199 1497 2199 1495 2199 1494 2200 1496 2200 1497 2200 1376 2201 1012 2201 1487 2201 1012 2202 1502 2202 1487 2202 1487 2203 1502 2203 1490 2203 1502 2204 1498 2204 1490 2204 1495 2205 1497 2205 1015 2205 1015 2206 1497 2206 1499 2206 1499 2207 1496 2207 1498 2207 1497 2208 1496 2208 1499 2208 1015 2209 1499 2209 1014 2209 1014 2210 1500 2210 1013 2210 1499 2211 1500 2211 1014 2211 1500 2212 1501 2212 1013 2212 1498 2213 1502 2213 1499 2213 1500 2214 1502 2214 1501 2214 1499 2215 1502 2215 1500 2215 1501 2216 1502 2216 1012 2216 1537 2217 1503 2217 1504 2217 1524 2218 1505 2218 1518 2218 1524 2219 1506 2219 1505 2219 1002 2220 1537 2220 1507 2220 1000 2221 1537 2221 1002 2221 1507 2222 1537 2222 1514 2222 1514 2223 1537 2223 1504 2223 1009 2224 1002 2224 1507 2224 1009 2225 1507 2225 1508 2225 1008 2226 1009 2226 1508 2226 1008 2227 1508 2227 1509 2227 1004 2228 1008 2228 1509 2228 1509 2229 1511 2229 1510 2229 1508 2230 1511 2230 1509 2230 1508 2231 1512 2231 1511 2231 1512 2232 1508 2232 1513 2232 1508 2233 1507 2233 1513 2233 1513 2234 1507 2234 1514 2234 990 2235 1004 2235 1515 2235 1004 2236 1509 2236 1515 2236 1515 2237 1509 2237 1523 2237 1509 2238 1510 2238 1523 2238 990 2239 1515 2239 1516 2239 987 2240 990 2240 1516 2240 987 2241 1516 2241 1517 2241 985 2242 987 2242 1517 2242 985 2243 1517 2243 1518 2243 1519 2244 1520 2244 1517 2244 1516 2245 1519 2245 1517 2245 1516 2246 1521 2246 1519 2246 1520 2247 1522 2247 1517 2247 1517 2248 1522 2248 1518 2248 1516 2249 1523 2249 1521 2249 1515 2250 1523 2250 1516 2250 1522 2251 1524 2251 1518 2251 1505 2252 981 2252 1518 2252 1518 2253 981 2253 985 2253 974 2254 981 2254 1505 2254 974 2255 1505 2255 1525 2255 974 2256 1525 2256 1526 2256 977 2257 974 2257 1526 2257 977 2258 1526 2258 1527 2258 979 2259 977 2259 1527 2259 1505 2260 1528 2260 1525 2260 1506 2261 1528 2261 1505 2261 1528 2262 1529 2262 1525 2262 1525 2263 1529 2263 1526 2263 1529 2264 1530 2264 1526 2264 1531 2265 1526 2265 1530 2265 1531 2266 1527 2266 1526 2266 1532 2267 1527 2267 1531 2267 1527 2268 1533 2268 979 2268 1533 2269 992 2269 979 2269 1534 2270 1533 2270 1532 2270 1532 2271 1533 2271 1527 2271 992 2272 1533 2272 1535 2272 995 2273 992 2273 1535 2273 998 2274 995 2274 1535 2274 998 2275 1535 2275 1536 2275 1000 2276 998 2276 1536 2276 1000 2277 1536 2277 1537 2277 1537 2278 1536 2278 1503 2278 1503 2279 1536 2279 1538 2279 1539 2280 1533 2280 1534 2280 1539 2281 1535 2281 1533 2281 1538 2282 1536 2282 1540 2282 1536 2283 1535 2283 1540 2283 1540 2284 1535 2284 1539 2284 1560 2285 1552 2285 1585 2285 1575 2286 1560 2286 1585 2286 1544 2287 1541 2287 1542 2287 1544 2288 1543 2288 1541 2288 1545 2289 1544 2289 1542 2289 1546 2290 1543 2290 1544 2290 1549 2291 1544 2291 1545 2291 1546 2292 1544 2292 1549 2292 1549 2293 1545 2293 1547 2293 1546 2294 1548 2294 1543 2294 1550 2295 1546 2295 1549 2295 1551 2296 1549 2296 1547 2296 1550 2297 1548 2297 1546 2297 1552 2298 1548 2298 1550 2298 1551 2299 1550 2299 1549 2299 1562 2300 1553 2300 1541 2300 1562 2301 1541 2301 1543 2301 1562 2302 1543 2302 1548 2302 1563 2303 1562 2303 1548 2303 1560 2304 1563 2304 1548 2304 1560 2305 1548 2305 1552 2305 1557 2306 1554 2306 1555 2306 1556 2307 1557 2307 1555 2307 1559 2308 1556 2308 1558 2308 1559 2309 1557 2309 1556 2309 1559 2310 1558 2310 1553 2310 1559 2311 1561 2311 1557 2311 1562 2312 1559 2312 1553 2312 1563 2313 1560 2313 1561 2313 1563 2314 1561 2314 1559 2314 1563 2315 1559 2315 1562 2315 1571 2316 1554 2316 1557 2316 1573 2317 1571 2317 1557 2317 1573 2318 1557 2318 1561 2318 1575 2319 1573 2319 1561 2319 1575 2320 1561 2320 1560 2320 1566 2321 1564 2321 1565 2321 1568 2322 1566 2322 1565 2322 1568 2323 1569 2323 1566 2323 1568 2324 1565 2324 1567 2324 1570 2325 1568 2325 1567 2325 1572 2326 1569 2326 1568 2326 1570 2327 1572 2327 1568 2327 1573 2328 1572 2328 1570 2328 1571 2329 1573 2329 1570 2329 1574 2330 1569 2330 1572 2330 1573 2331 1574 2331 1572 2331 1575 2332 1574 2332 1573 2332 1583 2333 1564 2333 1566 2333 1586 2334 1583 2334 1566 2334 1586 2335 1566 2335 1569 2335 1587 2336 1586 2336 1569 2336 1587 2337 1569 2337 1574 2337 1585 2338 1574 2338 1575 2338 1585 2339 1587 2339 1574 2339 1579 2340 1576 2340 1577 2340 1579 2341 1578 2341 1576 2341 1581 2342 1579 2342 1577 2342 1580 2343 1581 2343 1577 2343 1582 2344 1578 2344 1579 2344 1581 2345 1582 2345 1579 2345 1584 2346 1578 2346 1582 2346 1583 2347 1581 2347 1580 2347 1586 2348 1581 2348 1583 2348 1586 2349 1582 2349 1581 2349 1587 2350 1584 2350 1582 2350 1587 2351 1582 2351 1586 2351 1587 2352 1585 2352 1584 2352 1547 2353 1576 2353 1578 2353 1551 2354 1547 2354 1578 2354 1551 2355 1578 2355 1584 2355 1550 2356 1551 2356 1584 2356 1550 2357 1584 2357 1585 2357 1552 2358 1550 2358 1585 2358 1589 2359 1524 2359 1588 2359 113 2360 1588 2360 1524 2360 1590 2361 112 2361 113 2361 1591 2362 112 2362 1590 2362 1591 2363 109 2363 112 2363 1590 2364 113 2364 1524 2364 13 2365 1590 2365 1524 2365 1592 2366 1593 2366 1594 2366 1604 2367 1593 2367 1592 2367 1604 2368 1589 2368 1593 2368 84 2369 1592 2369 1594 2369 1595 2370 109 2370 1591 2370 1604 2371 1524 2371 1589 2371 1595 2372 107 2372 109 2372 84 2373 1594 2373 107 2373 81 2374 84 2374 107 2374 81 2375 107 2375 1595 2375 1596 2376 12 2376 13 2376 1597 2377 12 2377 1596 2377 1597 2378 9 2378 12 2378 42 2379 1596 2379 13 2379 42 2380 13 2380 1524 2380 1598 2381 81 2381 1595 2381 1598 2382 1595 2382 1599 2382 1600 2383 81 2383 1598 2383 6 2384 1598 2385 1599 2386 1601 2387 9 2387 1597 2387 1601 2388 7 2388 9 2388 1602 2389 1604 2389 1603 2389 1600 2390 79 2390 81 2390 1620 2391 1604 2391 1602 2391 76 2392 1602 2392 1603 2392 1605 2393 79 2393 1600 2393 76 2394 1603 2394 1606 2394 6 2395 1599 2395 7 2395 5 2396 7 2396 1601 2396 5 2397 6 2397 7 2397 76 2398 1606 2398 79 2398 73 2399 76 2399 79 2399 73 2400 79 2400 1605 2400 1607 2401 40 2401 42 2401 1608 2402 40 2402 1607 2402 1608 2403 38 2403 40 2403 145 2404 1607 2405 42 2406 1609 2407 1601 2407 1610 2407 1609 2408 5 2408 1601 2408 1611 2409 5 2409 1609 2409 1611 2410 2 2410 5 2410 49 2411 1609 2411 1610 2411 1612 2412 38 2412 1608 2412 1612 2413 36 2413 38 2413 1613 2414 73 2414 1605 2414 1613 2415 1605 2415 1614 2415 1615 2416 1613 2416 1614 2416 1616 2417 73 2417 1613 2417 1617 2418 2 2418 1611 2418 1576 2419 42 2419 1524 2419 1576 2420 143 2420 145 2420 1576 2421 145 2421 42 2421 1617 2422 0 2422 2 2422 49 2423 1610 2423 36 2423 1618 2424 1620 2424 1619 2424 91 2425 1615 2425 1614 2425 1621 2426 1620 2426 1618 2426 1616 2427 71 2427 73 2427 1622 2428 71 2428 1616 2428 69 2429 1618 2429 1619 2429 69 2430 1619 2430 1623 2430 47 2431 36 2431 1612 2431 47 2432 49 2432 36 2432 91 2433 1614 2433 0 2433 140 2434 143 2434 1576 2434 91 2435 0 2435 1617 2435 69 2436 1623 2436 71 2436 66 2437 71 2437 1622 2437 66 2438 69 2438 71 2438 1624 2439 1612 2439 1625 2439 1624 2440 47 2440 1612 2440 1626 2441 47 2441 1624 2441 1626 2442 45 2442 47 2442 137 2443 1624 2443 1625 2443 1627 2444 91 2444 1617 2444 1627 2445 1617 2445 1628 2445 1627 2446 89 2446 91 2446 1629 2447 89 2447 1627 2447 56 2448 1627 2448 1628 2448 1630 2449 45 2449 1626 2449 1630 2450 43 2450 45 2450 137 2451 1625 2451 139 2451 1629 2452 87 2452 89 2452 1631 2453 66 2453 1622 2453 1631 2454 1622 2454 1632 2454 1633 2455 66 2455 1631 2455 98 2456 1631 2456 1632 2456 1634 2457 87 2457 1629 2457 135 2458 137 2458 139 2458 98 2459 1632 2459 85 2459 56 2460 1628 2460 43 2460 1635 2461 1637 2461 1636 2461 1633 2462 64 2462 66 2462 1653 2463 1637 2463 1635 2463 62 2464 1635 2464 1636 2464 1638 2465 64 2465 1633 2465 62 2466 1636 2466 1639 2466 54 2467 56 2467 43 2467 54 2468 43 2468 1630 2468 1634 2469 85 2469 87 2469 135 2470 139 2470 140 2470 132 2471 135 2471 140 2471 132 2472 140 2472 1576 2472 97 2473 85 2473 1634 2473 97 2474 98 2474 85 2474 62 2475 1639 2475 64 2475 60 2476 62 2476 64 2476 60 2477 64 2477 1638 2477 1640 2478 54 2478 1630 2478 1640 2479 1630 2479 1641 2479 1642 2480 54 2480 1640 2480 1642 2481 52 2481 54 2481 129 2482 1640 2482 1641 2482 1643 2483 1634 2483 1644 2483 1643 2484 97 2484 1634 2484 1645 2485 97 2485 1643 2485 1645 2486 94 2486 97 2486 27 2487 1643 2487 1644 2487 1646 2488 52 2488 1642 2488 1646 2489 50 2489 52 2489 129 2490 1641 2490 131 2490 1647 2491 1638 2491 1648 2491 1647 2492 60 2492 1638 2492 1649 2493 60 2493 1647 2493 106 2494 1647 2494 1648 2494 1650 2495 94 2495 1645 2495 127 2496 129 2496 131 2496 1650 2497 92 2497 94 2497 27 2498 1644 2498 50 2498 1651 2499 1653 2499 1652 2499 1649 2500 58 2500 60 2500 1654 2501 1653 2501 1651 2501 176 2502 1651 2502 1652 2502 1655 2503 58 2503 1649 2503 176 2504 1652 2504 1656 2504 25 2505 27 2505 50 2505 25 2506 50 2506 1646 2506 106 2507 1648 2507 92 2507 127 2508 131 2509 132 2510 124 2511 127 2512 132 2513 103 2514 92 2514 1650 2514 103 2515 106 2515 92 2515 124 2516 132 2516 1576 2516 176 2517 1656 2517 58 2517 174 2518 176 2518 58 2518 174 2519 58 2519 1655 2519 1506 2520 1637 2520 1653 2520 1506 2521 1654 2521 1657 2521 1506 2522 1653 2522 1654 2522 1658 2523 25 2523 1646 2523 1658 2524 1646 2524 1659 2524 1660 2525 25 2525 1658 2525 1660 2526 23 2526 25 2526 121 2527 1658 2527 1659 2527 1661 2528 1506 2528 1657 2528 1662 2529 1650 2529 1663 2529 1662 2530 103 2530 1650 2530 1664 2531 103 2531 1662 2531 20 2532 1662 2532 1663 2532 1665 2533 23 2533 1660 2533 1665 2534 21 2534 23 2534 121 2535 1659 2535 123 2535 1664 2536 101 2536 103 2536 1666 2537 174 2537 1655 2537 1666 2538 1655 2538 1667 2538 1668 2539 1666 2539 1667 2539 1669 2540 174 2540 1666 2540 1670 2541 101 2541 1664 2541 119 2542 121 2542 123 2542 20 2543 1663 2543 21 2543 152 2544 1668 2544 1667 2544 152 2545 1667 2545 99 2545 1669 2546 172 2546 174 2546 1671 2547 172 2547 1669 2547 18 2548 21 2548 1665 2548 18 2549 20 2549 21 2549 1670 2550 99 2550 101 2550 119 2551 123 2552 124 2553 116 2554 119 2554 124 2554 152 2555 99 2555 1670 2555 1672 2556 1661 2556 172 2556 1672 2557 172 2557 1671 2557 1672 2558 1506 2558 1661 2558 146 2559 1506 2559 1672 2559 1673 2560 18 2560 1665 2560 1673 2561 1665 2561 1674 2561 1675 2562 18 2562 1673 2562 1675 2563 16 2563 18 2563 35 2443 1673 2443 1674 2443 1676 2564 152 2564 1670 2564 1676 2565 1670 2565 1677 2565 1676 2566 150 2566 152 2566 1678 2567 150 2567 1676 2567 162 2568 1676 2568 1677 2568 1679 2569 16 2569 1675 2569 1679 2570 14 2570 16 2570 35 2571 1674 2571 115 2571 1678 2572 148 2572 150 2572 1680 2573 148 2573 1678 2573 33 2574 35 2574 115 2574 162 2575 1677 2575 14 2575 160 2576 162 2576 14 2576 160 2577 14 2577 1679 2577 1680 2578 146 2578 148 2578 33 2579 115 2580 116 2581 154 2582 146 2582 1680 2582 30 2583 33 2584 116 2585 1681 2586 160 2586 1679 2586 1681 2587 1679 2587 1682 2587 1683 2588 160 2588 1681 2588 1683 2589 158 2589 160 2589 170 2590 1681 2590 1682 2590 1684 2591 158 2591 1683 2591 1684 2592 156 2592 158 2592 170 2593 1682 2593 29 2593 168 2594 170 2594 29 2594 1685 2595 156 2595 1684 2595 1685 2596 154 2596 156 2596 168 2597 29 2597 30 2597 165 2598 168 2599 30 2600 1547 2601 30 2601 116 2601 1547 2602 1685 2602 164 2602 1547 2603 165 2603 30 2603 1547 2604 164 2604 165 2604 1547 2605 154 2605 1685 2605 1506 2606 1524 2606 1637 2606 1637 2607 1524 2607 1621 2607 1621 2608 1524 2608 1620 2608 1620 2609 1524 2609 1604 2609 1576 2610 1547 2610 116 2610 1576 2611 116 2611 124 2611 1547 2612 1506 2612 154 2612 154 2613 1506 2613 146 2613 1521 2614 1583 2614 1580 2614 1519 2615 1521 2615 1580 2615 1519 2616 1580 2616 1577 2616 1522 2617 1577 2617 1576 2617 1522 2618 1520 2618 1577 2618 1521 2619 1523 2619 1583 2619 1524 2620 1522 2620 1576 2620 1520 2621 1519 2621 1577 2621 407 2622 1583 2622 404 2622 409 2623 1583 2623 407 2623 1686 2624 404 2624 1583 2624 416 2625 1687 2625 1686 2625 414 2626 416 2626 1686 2626 417 2627 1687 2627 416 2627 414 2628 1686 2628 1583 2628 502 2629 409 2629 411 2629 500 2630 502 2630 411 2630 504 2631 409 2631 502 2631 417 2632 1688 2632 1687 2632 504 2633 1583 2633 409 2633 420 2634 1688 2634 417 2634 500 2635 411 2635 413 2635 500 2636 413 2636 1688 2636 1691 2637 500 2637 1688 2637 1691 2638 1688 2638 420 2638 423 2639 1689 2639 414 2639 1696 2640 423 2640 414 2640 425 2641 1689 2641 423 2641 425 2642 1690 2642 1689 2642 578 2643 1691 2643 420 2643 578 2644 420 2644 422 2644 575 2645 578 2645 422 2645 579 2646 1691 2646 578 2646 579 2647 1692 2647 1691 2647 428 2648 1690 2648 425 2648 428 2649 1693 2649 1690 2649 493 2650 507 2650 508 2650 490 2651 493 2651 508 2651 494 2652 507 2652 493 2652 494 2653 504 2653 507 2653 575 2654 422 2654 1693 2654 582 2655 1692 2655 579 2655 494 2656 1583 2656 504 2656 582 2657 1694 2657 1692 2657 490 2658 508 2658 1694 2658 1698 2659 1693 2659 428 2659 1698 2660 575 2660 1693 2660 1702 2661 490 2661 1694 2661 1702 2662 1694 2662 582 2662 1523 2663 414 2663 1583 2663 1523 2664 1696 2664 414 2664 737 2665 740 2665 1695 2665 737 2666 1695 2666 1696 2666 737 2667 1696 2667 1523 2667 740 2668 1697 2668 1695 2668 742 2669 1697 2669 740 2669 656 2670 1698 2670 428 2670 656 2671 428 2671 430 2671 654 2672 656 2672 430 2672 658 2673 1698 2673 656 2673 658 2674 1699 2674 1698 2674 1700 2675 737 2675 1523 2675 742 2676 1701 2676 1697 2676 568 2677 1702 2677 582 2677 568 2678 582 2678 584 2678 565 2679 568 2679 584 2679 569 2680 1702 2680 568 2680 569 2681 1703 2681 1702 2681 654 2682 430 2682 1701 2682 661 2683 1699 2683 658 2683 661 2684 1704 2684 1699 2684 483 2685 497 2685 499 2685 480 2686 483 2686 499 2686 484 2687 497 2687 483 2687 484 2688 494 2689 497 2690 565 2691 584 2691 1704 2691 572 2692 1703 2692 569 2692 1707 2693 1701 2693 742 2693 1707 2694 654 2694 1701 2694 572 2695 1705 2695 1703 2695 480 2696 499 2696 1705 2696 1706 2697 1700 2697 1523 2697 1709 2698 565 2698 1704 2698 1709 2699 1704 2699 661 2699 1714 2700 1705 2700 572 2700 1714 2701 480 2701 1705 2701 731 2702 1707 2702 742 2702 731 2703 742 2703 745 2703 728 2704 731 2704 745 2704 731 2705 1708 2705 1707 2705 733 2706 1708 2706 731 2706 648 2707 1709 2707 646 2707 646 2708 1709 2708 661 2708 646 2709 661 2709 662 2709 1710 2710 728 2710 745 2710 648 2711 1711 2711 1709 2711 1710 2712 745 2712 1712 2712 644 2713 646 2713 662 2713 733 2714 1713 2714 1708 2714 650 2715 1711 2715 648 2715 558 2716 572 2716 574 2716 558 2717 1714 2717 572 2717 556 2718 558 2718 574 2718 560 2719 1714 2719 558 2719 560 2720 1715 2720 1714 2720 644 2721 662 2721 1713 2721 650 2722 1716 2722 1711 2722 473 2723 487 2723 489 2723 1717 2724 644 2724 1713 2724 470 2725 473 2725 489 2725 474 2726 487 2726 473 2726 474 2727 484 2727 487 2727 1718 2728 1710 2728 1712 2728 1718 2729 1712 2729 1706 2729 556 2730 574 2730 1716 2730 562 2731 1715 2731 560 2731 1717 2732 1713 2732 733 2732 562 2733 1719 2733 1715 2733 470 2734 489 2734 1719 2734 1721 2735 1716 2735 650 2735 1721 2736 556 2736 1716 2736 1718 2737 1706 2737 1523 2737 1726 2738 470 2738 1719 2738 1726 2739 1719 2739 562 2739 722 2740 733 2740 735 2740 722 2741 1717 2741 733 2741 719 2742 722 2742 735 2742 722 2743 1720 2743 1717 2743 724 2744 1720 2744 722 2744 637 2745 1721 2745 650 2745 637 2746 650 2746 653 2746 634 2747 637 2747 653 2747 638 2748 1721 2748 637 2748 1722 2749 719 2749 735 2749 638 2750 1723 2750 1721 2750 1722 2751 735 2751 1724 2751 724 2752 1725 2752 1720 2752 549 2753 1726 2753 562 2753 549 2754 562 2754 564 2754 547 2755 549 2755 564 2755 551 2756 1726 2756 549 2756 551 2757 1727 2757 1726 2757 634 2758 653 2758 1725 2758 641 2759 1723 2759 638 2759 641 2760 1728 2760 1723 2760 463 2761 477 2761 479 2761 460 2762 463 2762 479 2762 464 2763 477 2763 463 2763 464 2764 474 2764 477 2764 1729 2765 1724 2765 1730 2765 1729 2766 1722 2766 1724 2766 547 2767 564 2767 1728 2767 553 2768 1727 2768 551 2768 1732 2769 634 2769 1725 2769 1732 2770 1725 2770 724 2770 553 2771 1731 2771 1727 2771 460 2772 479 2772 1731 2772 1734 2773 1728 2773 641 2773 1734 2774 547 2774 1728 2774 1739 2775 460 2775 1731 2775 1739 2776 1731 2776 553 2776 710 2777 713 2777 1732 2777 710 2778 1732 2778 724 2778 710 2779 724 2779 726 2779 713 2780 1733 2780 1732 2780 715 2781 1733 2781 713 2781 626 2782 1734 2782 641 2782 626 2783 641 2783 643 2783 624 2784 626 2784 643 2784 628 2785 1734 2785 626 2785 628 2786 1735 2786 1734 2786 1736 2787 726 2787 1737 2787 1736 2788 710 2788 726 2788 715 2789 1738 2789 1733 2789 540 2790 1739 2790 553 2790 540 2791 553 2791 555 2791 538 2792 540 2792 555 2792 542 2793 1739 2793 540 2793 542 2794 1740 2794 1739 2794 631 2795 1735 2795 628 2795 624 2796 643 2796 1738 2796 631 2797 1741 2797 1735 2797 453 2685 467 2685 469 2685 450 2798 453 2798 469 2798 454 2799 467 2799 453 2799 454 2800 464 2800 467 2800 538 2801 555 2801 1741 2801 544 2802 1740 2802 542 2802 1743 2803 1738 2803 715 2803 1743 2804 624 2804 1738 2804 544 2805 1742 2805 1740 2805 1736 2806 1737 2806 1729 2806 450 2807 469 2807 1742 2807 1756 2808 1736 2808 1729 2808 1745 2809 1741 2809 631 2809 1745 2810 538 2810 1741 2810 1750 2767 1742 2767 544 2767 1750 2811 450 2811 1742 2811 703 2812 715 2812 718 2812 703 2813 1743 2813 715 2813 701 2814 703 2814 718 2814 703 2815 1744 2815 1743 2815 705 2816 1744 2816 703 2816 617 2817 631 2817 632 2817 617 2758 1745 2758 631 2758 614 2818 617 2818 632 2818 618 2819 1745 2819 617 2819 1746 2820 701 2820 718 2820 618 2821 1747 2821 1745 2821 1746 2822 718 2822 1748 2822 705 2823 1749 2823 1744 2823 531 2824 544 2824 546 2824 531 2825 1750 2825 544 2825 529 2826 531 2826 546 2826 533 2827 1750 2827 531 2827 533 2828 1751 2828 1750 2828 614 2829 632 2829 1749 2829 621 2723 1747 2723 618 2723 621 2830 1752 2830 1747 2830 444 2831 457 2831 441 2831 441 2832 457 2832 459 2832 444 2833 454 2834 457 2835 1753 2836 1746 2836 1748 2836 529 2837 546 2837 1752 2837 535 2838 1751 2838 533 2838 1757 2839 614 2839 1749 2839 1757 2840 1749 2840 705 2840 535 2841 1754 2841 1751 2841 1755 2842 441 2842 459 2842 1753 2843 1748 2843 1756 2843 1755 2844 459 2844 1754 2844 1759 2845 1752 2845 621 2845 1759 2846 529 2846 1752 2846 1764 2672 1755 2672 1754 2672 1764 2847 1754 2847 535 2847 692 2848 695 2848 1757 2848 692 2849 1757 2849 705 2849 692 2850 705 2850 708 2850 695 2780 1758 2780 1757 2780 697 2851 1758 2851 695 2851 607 2852 1759 2852 621 2852 607 2853 621 2853 622 2853 604 2854 607 2854 622 2854 608 2855 1759 2855 607 2855 608 2856 1760 2856 1759 2856 692 2857 708 2857 1761 2857 1762 2858 692 2858 1761 2858 697 2859 1763 2859 1758 2859 522 2860 535 2860 537 2860 522 2825 1764 2825 535 2825 519 2861 522 2861 537 2861 524 2862 1764 2862 522 2862 524 2863 1765 2863 1764 2863 604 2864 622 2864 1763 2864 611 2865 1760 2865 608 2865 611 2866 1766 2866 1760 2866 434 2867 446 2867 449 2867 431 2868 434 2868 449 2868 435 2869 446 2869 434 2869 1762 2870 1761 2870 1767 2870 519 2871 537 2871 1766 2871 526 2872 1765 2872 524 2872 1769 2644 604 2644 1763 2644 1769 2873 1763 2873 697 2873 526 2874 1768 2874 1765 2874 1780 2875 1762 2875 1767 2875 1771 2876 1766 2876 611 2876 1771 2877 519 2877 1766 2877 431 2878 449 2878 1768 2878 1776 2879 1768 2879 526 2879 1776 2880 431 2880 1768 2880 683 2881 686 2881 1769 2881 683 2882 697 2882 699 2882 683 2883 1769 2883 697 2883 686 2884 1770 2884 1769 2884 1564 2885 435 2885 438 2885 1564 2886 446 2886 435 2886 1564 2887 438 2887 440 2887 1564 2888 444 2888 446 2888 1564 2889 454 2889 444 2889 688 2890 1770 2890 686 2890 596 2891 1771 2891 611 2891 596 2892 611 2892 613 2892 594 2893 596 2893 613 2893 598 2782 1771 2782 596 2782 1779 2894 1564 2894 440 2894 598 2895 1772 2895 1771 2895 1773 2896 683 2896 699 2896 1773 2897 699 2897 1774 2897 688 2898 1775 2898 1770 2898 512 2721 1776 2721 526 2721 512 2899 526 2899 528 2899 510 2900 512 2900 528 2900 514 2901 1776 2901 512 2901 514 2902 1777 2902 1776 2902 601 2903 1772 2903 598 2903 594 2904 613 2904 1775 2904 601 2905 1778 2905 1772 2905 510 2727 528 2727 1778 2727 516 2906 1777 2906 514 2906 1781 2907 594 2907 1775 2907 1781 2908 1775 2908 688 2908 516 2909 1779 2909 1777 2909 1773 2910 1774 2910 1780 2910 1790 2911 1773 2911 1780 2911 1783 2912 510 2912 1778 2912 1783 2913 1778 2913 601 2913 518 2914 1779 2914 516 2914 518 2915 1564 2915 1779 2915 677 2916 1781 2916 675 2916 675 2917 688 2917 690 2917 675 2918 1781 2918 688 2918 677 2919 1782 2919 1781 2919 673 2920 675 2920 690 2920 679 2921 1782 2921 677 2921 589 2922 1783 2922 587 2922 587 2923 601 2923 602 2923 587 2685 1783 2685 601 2685 589 2924 1784 2924 1783 2924 673 2925 690 2925 1785 2925 585 2926 587 2926 602 2926 679 2927 1786 2927 1782 2927 591 2928 1784 2928 589 2928 585 2739 602 2739 1786 2739 591 2929 1787 2929 1784 2929 1788 2930 585 2930 1786 2930 1789 2931 673 2931 1785 2931 1788 2932 1786 2932 679 2932 1789 2933 1785 2933 1790 2933 593 2934 1787 2934 591 2934 593 2935 518 2936 1787 2937 664 2938 666 2938 1788 2938 664 2939 1788 2939 679 2939 664 2940 679 2940 682 2940 666 2941 1791 2941 1788 2941 668 2942 1791 2942 666 2942 664 2943 682 2943 1792 2943 1793 2944 664 2944 1792 2944 668 2945 1794 2945 1791 2945 671 2946 1794 2946 668 2946 1793 2947 1792 2947 1795 2947 1796 2948 1793 2948 1795 2948 1510 2949 1795 2949 1789 2949 1510 2950 1794 2950 671 2950 1510 2951 671 2951 1797 2951 1510 2952 1797 2952 1798 2952 1510 2953 593 2953 1794 2953 1510 2954 1798 2954 1796 2954 1510 2955 518 2955 593 2955 1510 2956 1796 2956 1795 2956 1510 2957 1564 2957 518 2957 1510 2958 1789 2958 1790 2958 1523 2959 1510 2959 1753 2959 1753 2960 1510 2960 1767 2960 1767 2961 1510 2961 1780 2961 1780 2962 1510 2962 1790 2962 1523 2963 1753 2963 1756 2963 1523 2964 1756 2964 1729 2964 1523 2965 1729 2965 1730 2965 1523 2966 1730 2966 1718 2966 1564 2967 1583 2967 474 2967 474 2968 1583 2968 484 2968 484 2969 1583 2969 494 2969 1564 2970 474 2970 464 2970 1564 2971 464 2971 454 2971 1570 2972 1514 2972 1571 2972 1513 2973 1570 2973 1567 2973 1511 2974 1565 2974 1564 2974 1512 2975 1567 2975 1565 2975 1513 2976 1514 2976 1570 2976 1511 2977 1512 2977 1565 2977 1512 2978 1513 2978 1567 2978 1510 2979 1511 2979 1564 2979 366 2980 365 2980 1571 2980 362 2981 1571 2981 365 2981 232 2982 1799 2982 366 2982 233 2983 232 2983 366 2983 229 2984 1799 2984 232 2984 229 2985 1800 2985 1799 2985 233 2986 366 2986 1571 2986 355 2987 360 2987 359 2987 356 2988 355 2988 359 2988 352 2989 360 2990 355 2991 352 2992 362 2992 360 2992 352 2993 1571 2993 362 2993 227 2994 1800 2994 229 2994 227 2995 1801 2995 1800 2995 356 2996 359 2996 1801 2996 1804 2997 1801 2997 227 2997 1804 2998 356 2998 1801 2998 192 2999 1802 2999 194 2999 194 3000 1802 3000 233 3000 192 3001 1803 3001 1802 3001 190 3002 1803 3002 192 3002 241 3003 1804 3003 227 3003 241 3004 227 3004 226 3004 242 3005 241 3005 226 3005 238 3006 1804 3006 241 3006 238 3007 1805 3007 1804 3007 190 3008 1806 3008 1803 3008 345 3009 350 3009 349 3009 346 3010 345 3010 349 3010 342 3011 350 3012 345 3013 342 3014 352 3014 350 3014 188 3015 1806 3015 190 3015 242 3016 226 3016 1806 3016 236 3017 1805 3017 238 3017 342 3018 1571 3018 352 3018 236 3019 1807 3019 1805 3019 346 3020 349 3020 1807 3020 1811 3021 242 3021 1806 3021 1811 3022 1806 3022 188 3022 1815 3023 1807 3023 236 3023 1815 3024 346 3024 1807 3024 327 3025 325 3025 1808 3025 327 3026 1808 3026 1809 3026 325 3027 1810 3027 1808 3027 323 3028 1810 3028 325 3028 182 3029 1811 3029 184 3029 184 3030 1811 3030 188 3030 182 3031 1812 3031 1811 3031 179 3032 1812 3032 182 3032 184 3033 188 3033 187 3033 323 3034 1813 3034 1810 3034 1514 3035 233 3035 1571 3035 1514 3036 327 3036 1809 3036 1514 3037 1814 3037 327 3037 1514 3038 1809 3038 194 3038 1514 3039 194 3039 233 3039 250 3040 1815 3040 236 3040 250 3041 236 3041 235 3041 1816 3042 184 3042 187 3042 252 3043 250 3043 235 3043 248 3044 1815 3044 250 3044 248 3045 1817 3045 1815 3045 179 3046 1818 3046 1812 3046 1816 3047 187 3047 1813 3047 335 3048 340 3048 339 3048 336 3049 335 3049 339 3049 332 3050 340 3051 335 3052 332 3053 342 3053 340 3053 252 3054 235 3054 1818 3054 246 3055 1817 3055 248 3055 1821 3056 1813 3056 323 3056 1821 3057 1816 3057 1813 3057 246 3058 1819 3058 1817 3058 336 3059 339 3059 1819 3059 1820 3060 1814 3060 1514 3060 1823 3061 1818 3061 179 3061 1823 3062 252 3062 1818 3062 1828 3063 336 3063 1819 3063 1828 3064 1819 3064 246 3064 290 3065 288 3065 1821 3065 290 3066 1821 3066 323 3066 290 3067 323 3067 321 3067 288 3068 1822 3068 1821 3068 286 3069 1822 3069 288 3069 297 3070 1823 3070 179 3070 297 3071 179 3071 178 3071 299 3072 297 3072 178 3072 297 3073 1824 3073 1823 3073 1825 3074 290 3074 321 3074 1825 3075 321 3075 1826 3075 294 3076 1824 3076 297 3076 286 3077 1827 3077 1822 3077 212 3078 246 3078 245 3078 212 3079 1828 3079 246 3079 213 3080 212 3080 245 3080 209 3081 1828 3081 212 3081 1829 3082 299 3082 178 3082 209 3083 1830 3083 1828 3083 1829 3084 178 3084 1827 3084 294 3085 1831 3085 1824 3085 222 3086 330 3086 329 3086 223 3087 222 3087 329 3087 219 3088 330 3089 222 3090 219 3091 332 3092 330 3093 213 3094 245 3094 1831 3094 207 3095 1830 3095 209 3095 1829 3096 1827 3096 286 3096 207 3097 1832 3097 1830 3097 1825 3098 1826 3098 1820 3098 223 3099 329 3099 1832 3099 1844 3100 1825 3101 1820 3102 1844 3103 1820 3103 1514 3103 1834 3104 1831 3104 294 3104 1834 3105 213 3105 1831 3105 1839 3106 1832 3106 207 3106 1839 3107 223 3108 1832 3109 281 3110 279 3110 1829 3110 281 3111 286 3111 284 3111 281 3112 1829 3112 286 3112 279 3113 1833 3113 1829 3113 276 3114 1833 3114 279 3114 307 3115 1834 3115 294 3115 307 3116 294 3116 293 3116 309 3117 307 3117 293 3117 307 3118 1835 3118 1834 3118 1836 3119 284 3119 1837 3119 1836 3120 281 3120 284 3120 305 3121 1835 3121 307 3121 276 3122 1838 3122 1833 3122 202 3123 1839 3123 207 3123 202 3124 207 3124 206 3124 203 3125 202 3125 206 3125 199 3126 1839 3126 202 3126 1840 3127 309 3127 293 3127 199 3128 1841 3128 1839 3128 1840 3129 293 3129 1838 3129 303 3130 1842 3130 1835 3130 303 3131 1835 3131 305 3131 392 3132 217 3132 216 3132 393 3133 392 3133 216 3133 389 3134 217 3134 392 3134 389 3135 219 3135 217 3135 203 3136 206 3136 1842 3136 197 3137 1841 3137 199 3137 1840 3138 1838 3138 276 3138 197 3139 1843 3139 1841 3139 1836 3140 1837 3140 1844 3140 393 3020 216 3020 1843 3020 1846 3141 1842 3141 303 3141 1846 3142 203 3142 1842 3142 1850 3143 1843 3143 197 3143 1850 3144 393 3144 1843 3144 1554 3145 389 3145 387 3145 1554 3146 219 3146 389 3146 1554 3147 332 3147 219 3147 386 3148 1554 3148 387 3148 271 3149 269 3149 1840 3149 271 3150 276 3150 274 3150 271 3151 1840 3151 276 3151 269 3152 1845 3152 1840 3152 266 3153 1845 3153 269 3153 318 3154 316 3154 1846 3154 318 3155 1846 3155 303 3155 318 3156 303 3156 302 3156 316 3157 1847 3157 1846 3157 271 3158 274 3158 1848 3158 1854 3159 271 3159 1848 3159 313 3160 1847 3160 316 3160 266 3161 1849 3161 1845 3161 382 3162 197 3162 196 3162 382 3163 1850 3163 197 3163 383 3164 382 3164 196 3164 379 3165 1850 3165 382 3165 379 3166 1851 3166 1850 3166 1852 3167 318 3168 302 3169 313 3170 1853 3170 1847 3170 1852 3171 302 3171 1849 3171 1504 3172 1854 3172 1848 3172 1504 3173 1844 3173 1514 3173 1504 3174 1848 3174 1855 3174 1504 3175 1855 3175 1836 3175 1504 3176 1836 3176 1844 3176 383 3177 196 3177 1853 3177 377 3178 1851 3178 379 3178 1852 3179 1849 3179 266 3179 377 3180 1856 3180 1851 3180 1857 3181 1854 3181 1504 3181 1859 3182 383 3182 1853 3182 1859 3183 1853 3183 313 3183 376 3184 1856 3184 377 3184 376 3185 386 3186 1856 3187 376 3188 1554 3188 386 3188 261 3189 259 3189 1852 3189 261 3190 1852 3190 266 3190 261 3191 266 3191 264 3191 259 3192 1858 3192 1852 3192 256 3193 1858 3193 259 3193 372 2999 1859 2999 374 2999 374 3194 313 3194 312 3194 374 3195 1859 3195 313 3195 372 3196 1860 3196 1859 3196 1861 3197 261 3197 264 3197 1861 3198 264 3198 1862 3198 369 3199 1860 3199 372 3199 256 3077 1863 3077 1858 3077 1864 3200 374 3200 312 3200 1864 3201 312 3201 1863 3201 369 3202 1865 3202 1860 3202 1867 3203 1864 3203 1863 3203 1867 3204 1863 3204 256 3204 1861 3205 1862 3205 1857 3205 368 3206 1865 3206 369 3206 1861 3207 1857 3207 1504 3207 1866 3208 1861 3208 1504 3208 368 3209 376 3209 1865 3209 400 3210 1867 3210 256 3210 400 3211 256 3211 255 3211 402 3212 400 3212 255 3212 398 3213 1868 3213 1867 3213 398 3214 1867 3214 400 3214 1869 3215 402 3215 255 3215 1869 3216 255 3216 1870 3216 398 3217 1871 3217 1868 3217 396 3218 1871 3218 398 3218 1869 3219 1870 3219 1866 3219 1872 3220 1869 3220 1866 3220 1503 3221 1872 3221 1866 3221 1503 3222 1866 3222 1504 3222 1503 3223 1871 3223 396 3223 1503 3224 368 3224 1871 3224 1503 3225 396 3225 1873 3225 1503 3226 1873 3226 1872 3226 1503 3227 1554 3227 376 3227 1503 3228 376 3228 368 3228 1554 3229 1571 3229 332 3229 332 3230 1571 3230 342 3230 1534 3231 1553 3231 1558 3231 1539 3232 1534 3232 1558 3232 1539 3233 1558 3233 1556 3233 1540 3234 1539 3234 1556 3234 1540 3235 1556 3235 1555 3235 1538 3236 1540 3236 1555 3236 1554 3237 1538 3237 1555 3237 1503 3238 1538 3238 1554 3238 1875 3239 1874 3239 1532 3239 1876 3240 1532 3240 1874 3240 1877 3241 968 3241 1875 3241 1878 3242 1877 3242 1875 3242 1879 3243 968 3243 1877 3243 1878 3244 1875 3244 1532 3244 1879 3245 971 3245 968 3245 1880 3246 1881 3246 1882 3246 1883 3247 1880 3247 1882 3247 1884 3248 1881 3248 1880 3248 1884 3249 1876 3249 1881 3249 1885 3250 971 3250 1879 3250 1884 3251 1532 3251 1876 3251 1883 3252 1882 3252 973 3252 1885 3253 973 3253 971 3253 961 3254 1883 3254 973 3254 961 3255 973 3255 1885 3255 1886 3256 761 3256 759 3256 1886 3257 759 3257 1878 3257 1887 3258 761 3258 1886 3258 752 3259 1886 3260 1878 3261 752 3262 1878 3262 1532 3262 1888 3263 961 3263 1885 3263 1888 3264 963 3264 961 3264 1889 3265 1888 3265 1885 3265 1887 3266 763 3266 761 3266 1890 3267 963 3267 1888 3267 1889 3268 1885 3268 765 3268 1891 3269 763 3269 1887 3269 1894 3270 1892 3270 1893 3270 1890 3271 965 3271 963 3271 1892 3272 1884 3272 1893 3272 1894 3273 1893 3273 967 3273 909 3274 1889 3274 765 3274 1891 3275 765 3275 763 3275 954 3276 1894 3276 967 3276 1895 3277 965 3277 1890 3277 909 3278 765 3278 1891 3278 1895 3279 967 3279 965 3279 955 3280 954 3280 967 3280 955 3281 967 3281 1895 3281 1896 3282 753 3282 752 3282 1541 3283 752 3283 1532 3283 1897 3284 1896 3284 752 3284 1898 3285 753 3285 1896 3285 1897 3286 752 3286 1541 3286 1898 3287 755 3287 753 3287 1899 3288 909 3288 1891 3288 1899 3289 1891 3289 1900 3289 1899 3290 911 3290 909 3290 1901 3291 911 3291 1899 3291 1902 3292 1899 3292 1900 3292 1903 3293 755 3293 1898 3293 1903 3294 758 3294 755 3294 1904 3295 955 3295 1895 3295 746 3296 1897 3296 1541 3296 1901 3297 913 3297 911 3297 1905 3298 955 3298 1904 3298 1906 3299 1904 3299 1895 3299 1907 3300 913 3300 1901 3300 1906 3301 1895 3301 915 3301 1902 3302 1900 3302 758 3302 1905 3303 958 3303 955 3303 1910 3304 1909 3304 1908 3304 1910 3305 1892 3305 1909 3305 1911 3306 1908 3306 1909 3306 1911 3307 1909 3307 960 3307 1912 3308 958 3308 1905 3308 859 3309 758 3309 1903 3309 859 3310 1902 3310 758 3310 1906 3311 915 3311 913 3311 903 3312 1906 3312 913 3312 903 3313 913 3313 1907 3313 1912 3314 960 3314 958 3314 748 3315 746 3315 1541 3315 949 3316 1911 3316 960 3316 949 3317 960 3317 1912 3317 1913 3318 859 3318 1903 3318 1914 3319 1913 3319 1903 3319 1915 3320 859 3320 1913 3320 1915 3321 861 3321 859 3321 1914 3322 1903 3322 750 3322 1916 3323 903 3323 1907 3323 1916 3324 1907 3324 1917 3324 1918 3325 903 3325 1916 3325 1919 3326 1916 3326 1917 3326 1920 3327 861 3327 1915 3327 1920 3328 864 3328 861 3328 1921 3329 949 3329 1912 3329 1921 3330 1912 3330 1922 3330 1918 3331 906 3331 903 3331 810 3332 1914 3332 750 3332 1923 3333 949 3333 1921 3333 1924 3334 1921 3334 1922 3334 1925 3335 906 3335 1918 3335 1924 3336 1922 3336 908 3336 1919 3337 1917 3337 864 3337 810 3338 750 3338 748 3338 1928 3339 1926 3339 1927 3339 1923 3340 951 3340 949 3340 1929 3341 1927 3341 1926 3341 1929 3342 1910 3342 1927 3342 1928 3343 1927 3343 953 3343 1930 3344 951 3344 1923 3344 853 3345 1919 3345 864 3345 853 3346 864 3346 1920 3346 1925 3347 908 3347 906 3347 940 3348 1928 3348 953 3348 897 3349 908 3349 1925 3349 897 3350 1924 3350 908 3350 810 3351 748 3351 1541 3351 1930 3352 953 3352 951 3352 813 3353 810 3353 1541 3353 942 3354 940 3354 953 3354 942 3355 953 3355 1930 3355 1931 3356 1920 3356 1932 3356 1931 3357 853 3357 1920 3357 1933 3358 853 3358 1931 3358 1933 3359 855 3359 853 3359 1934 3360 1931 3360 1932 3360 1934 3361 1932 3361 815 3361 1935 3362 1925 3362 1936 3362 1935 3363 897 3363 1925 3363 1937 3364 897 3364 1935 3364 1938 3365 1935 3365 1936 3365 1939 3366 855 3366 1933 3366 1939 3367 858 3367 855 3367 1940 3368 942 3368 1930 3368 1940 3369 1930 3369 1941 3369 1937 3370 900 3370 897 3370 1942 3371 942 3371 1940 3371 1943 3372 1940 3372 1941 3372 1944 3373 900 3373 1937 3373 804 3374 1934 3374 815 3374 1943 3375 1941 3375 902 3375 1938 3376 1936 3376 858 3376 804 3377 815 3377 813 3377 1942 3378 945 3378 942 3378 1947 3379 1946 3379 1945 3379 1947 3380 1929 3380 1946 3380 1948 3381 1945 3381 1946 3381 1948 3382 1946 3382 947 3382 847 3383 858 3383 1939 3383 847 3384 1938 3384 858 3384 1944 3385 902 3385 900 3385 806 3386 804 3386 813 3386 1949 3387 945 3387 1942 3387 891 3388 902 3388 1944 3388 891 3389 1943 3389 902 3389 806 3390 813 3390 1541 3390 1949 3391 947 3391 945 3391 934 3392 947 3392 1949 3392 934 3393 1948 3393 947 3393 1950 3394 1939 3394 1951 3394 1950 3395 847 3395 1939 3395 1952 3396 847 3396 1950 3396 1952 3397 849 3397 847 3397 1953 3398 1950 3398 1951 3398 1954 3399 1944 3399 1955 3399 1954 3400 891 3400 1944 3400 1956 3401 891 3401 1954 3401 1957 3402 1954 3402 1955 3402 1958 3403 849 3403 1952 3403 1958 3404 852 3404 849 3404 1953 3405 1951 3405 809 3405 1959 3406 934 3406 1949 3406 1956 3407 894 3407 891 3407 1960 3408 934 3408 1959 3408 1961 3409 1959 3409 1949 3409 1962 3410 894 3410 1956 3410 1961 3411 1949 3411 896 3411 798 3412 1953 3412 809 3412 1957 3413 1955 3413 852 3413 1960 3340 937 3340 934 3340 1965 3414 1964 3414 1963 3414 1965 3415 1947 3415 1964 3415 1966 3416 1964 3416 939 3416 1966 3417 1963 3417 1964 3417 1967 3418 937 3418 1960 3418 841 3419 852 3419 1958 3419 841 3420 1957 3420 852 3420 798 3421 809 3421 806 3421 800 3422 798 3422 806 3422 1961 3423 896 3423 894 3423 885 3424 894 3424 1962 3424 885 3425 1961 3425 894 3425 1967 3426 939 3426 937 3426 929 3427 939 3427 1967 3427 929 3428 1966 3428 939 3428 1968 3429 1958 3429 1969 3429 1968 3430 841 3430 1958 3430 1970 3431 841 3431 1968 3431 1970 3432 843 3432 841 3432 1971 3433 1968 3433 1969 3433 1972 3434 885 3434 1962 3434 1972 3242 1962 3242 1973 3242 1974 3363 885 3363 1972 3363 1975 3435 1972 3435 1973 3435 1976 3436 843 3436 1970 3436 1976 3437 846 3437 843 3437 1971 3438 1969 3438 803 3438 1977 3439 929 3439 1967 3439 1974 3440 888 3440 885 3440 1978 3441 929 3441 1977 3441 1979 3442 1977 3442 1967 3442 1979 3443 1967 3443 890 3443 1980 3444 888 3444 1974 3444 792 3445 1971 3445 803 3445 1975 3446 1973 3446 846 3446 1983 3447 1982 3447 1981 3447 1983 3448 1965 3448 1982 3448 1984 3449 1982 3449 933 3449 1984 3450 1981 3450 1982 3450 1985 3451 931 3451 929 3451 1985 3452 929 3452 1978 3452 835 3453 846 3453 1976 3453 835 3454 1975 3454 846 3454 1980 3455 890 3455 888 3455 792 3456 803 3456 800 3456 794 3457 792 3457 800 3457 879 3458 1979 3458 890 3458 879 3459 890 3459 1980 3459 1984 3460 933 3460 931 3460 922 3461 931 3461 1985 3461 922 3462 1984 3462 931 3462 1986 3463 835 3463 1976 3463 1986 3464 1976 3464 1987 3464 1988 3465 835 3465 1986 3465 1988 3466 837 3466 835 3466 1989 3467 1986 3467 1987 3467 1990 3468 1980 3468 1991 3468 1990 3469 879 3469 1980 3469 1992 3470 879 3470 1990 3470 1993 3471 1990 3471 1991 3471 1994 3472 837 3472 1988 3472 1994 3473 840 3473 837 3473 1989 3474 1987 3474 797 3474 1995 3475 1985 3475 1996 3475 1995 3476 922 3476 1985 3476 1992 3477 882 3477 879 3477 1997 3478 1995 3478 1996 3478 1998 3479 922 3479 1995 3479 1999 3480 882 3480 1992 3480 786 3481 1989 3481 797 3481 1997 3482 1996 3482 884 3482 1993 3483 1991 3483 840 3483 1998 3484 925 3484 922 3484 2002 3485 2001 3485 2000 3485 2002 3486 1983 3486 2001 3486 2003 3487 2001 3487 927 3487 2003 3488 2000 3488 2001 3488 2004 3489 925 3489 1998 3489 829 3490 1993 3490 840 3490 829 3491 840 3491 1994 3491 1999 3492 884 3492 882 3492 786 3493 797 3493 794 3493 872 3494 1997 3494 884 3494 788 3495 786 3495 794 3495 872 3496 884 3496 1999 3496 2004 3497 927 3497 925 3497 917 3498 927 3498 2004 3498 917 3499 2003 3499 927 3499 2005 3500 1994 3500 2006 3500 2005 3324 829 3324 1994 3324 2007 3501 2005 3501 2006 3501 2005 3502 831 3502 829 3502 2008 3503 831 3503 2005 3503 2009 3504 872 3504 1999 3504 2009 3415 1999 3415 2010 3415 2011 3505 872 3505 2009 3505 2011 3506 874 3506 872 3506 779 3507 2007 3507 2006 3507 1534 3508 1965 3508 1983 3508 1534 3509 2002 3509 2012 3509 1534 3510 2012 3510 921 3510 1534 3511 1983 3511 2002 3511 2013 3512 2009 3512 2010 3512 2008 3513 834 3513 831 3513 779 3514 2006 3514 791 3514 2014 3515 917 3515 2004 3515 2015 3516 2014 3516 2004 3516 2011 3517 876 3517 874 3517 2016 3518 917 3518 2014 3518 2015 3519 2004 3519 878 3519 2017 3288 876 3288 2011 3288 2013 3520 2010 3520 834 3520 865 3521 2015 3521 878 3521 2016 3522 919 3522 917 3522 781 3523 779 3523 791 3523 2018 3524 919 3524 2016 3524 823 3243 2013 3243 834 3243 823 3525 834 3525 2008 3525 781 3526 791 3526 788 3526 2017 3527 878 3527 876 3527 865 3528 878 3528 2017 3528 2018 3529 921 3529 919 3529 2019 3530 921 3530 2018 3530 2019 3531 1534 3531 921 3531 871 3532 1534 3532 2019 3532 2020 3533 823 3533 2008 3533 2020 3500 2008 3500 2021 3500 2022 3534 2020 3534 2021 3534 2020 3535 825 3535 823 3535 2023 3536 825 3536 2020 3536 2022 3285 2021 3285 785 3285 2024 3537 2017 3537 2025 3537 2024 3368 865 3368 2017 3368 2024 3538 867 3538 865 3538 2026 3539 867 3539 2024 3539 2027 3435 2024 3435 2025 3435 773 3540 2022 3540 785 3540 2023 3541 828 3541 825 3541 2026 3542 869 3543 867 3544 2028 3545 869 3545 2026 3545 2027 3546 2025 3546 828 3546 773 3547 785 3547 783 3547 817 3548 2027 3548 828 3548 817 3549 828 3549 2023 3549 2028 3550 871 3550 869 3550 2029 3551 871 3551 2028 3551 775 3552 773 3552 783 3552 2029 3553 1534 3553 871 3553 2030 3554 817 3554 2023 3554 2030 3555 2023 3555 2031 3555 2032 3556 817 3556 2030 3556 2032 3557 819 3557 817 3557 2033 3558 2030 3558 2031 3558 2034 3559 819 3559 2032 3559 2034 3560 821 3560 819 3560 2033 3561 2031 3561 778 3561 767 3562 2033 3562 778 3562 2035 3465 821 3465 2034 3465 2035 3563 2029 3563 821 3563 767 3564 778 3564 775 3564 769 3343 767 3343 775 3343 1553 3565 775 3565 783 3565 1553 3566 783 3567 781 3568 1553 3569 1534 3569 2029 3569 1553 3570 2035 3570 771 3570 1553 3571 2029 3571 2035 3571 1553 3572 771 3572 769 3572 1553 3573 769 3573 775 3573 1534 3574 1532 3574 1884 3574 1534 3575 1884 3575 1892 3575 1534 3576 1892 3576 1910 3576 1534 3577 1910 3577 1929 3577 1534 3578 1929 3578 1947 3578 1534 3579 1947 3579 1965 3579 1541 3580 1553 3580 781 3580 1541 3581 781 3581 788 3581 1541 3582 788 3582 794 3582 1541 3583 794 3583 800 3583 1541 3584 800 3584 806 3584 1545 3585 1506 3585 1547 3585 1541 3586 1531 3586 1542 3586 1542 3587 1529 3587 1545 3587 1528 3588 1506 3588 1545 3588 1529 3589 1528 3589 1545 3589 1530 3590 1529 3590 1542 3590 1532 3591 1531 3591 1541 3591 1531 3592 1530 3592 1542 3592 1024 3593 1882 3593 1022 3593 1882 3594 1881 3594 1022 3594 1022 3595 1881 3595 1018 3595 1881 3596 1876 3596 1018 3596 1876 3597 1874 3597 1018 3597 1018 3598 1874 3598 1016 3598 1874 3599 1875 3599 1016 3599 1016 3600 1875 3600 1017 3600 967 3601 1893 3601 1038 3601 1038 3602 1893 3602 1036 3602 1036 3603 1893 3603 1026 3603 1893 3604 1884 3604 1026 3604 1884 3605 1880 3605 1026 3605 1026 3606 1880 3606 1023 3606 1880 3607 1883 3607 1023 3607 1023 3608 1883 3608 1025 3608 960 3609 1909 3609 1058 3609 1058 3610 1909 3610 1055 3610 1055 3611 1909 3611 1040 3611 1909 3612 1892 3612 1040 3612 1040 3613 1892 3613 1037 3613 1892 3614 1894 3614 1037 3614 1037 3615 1894 3615 1039 3615 953 3616 1927 3616 1076 3616 1076 3617 1927 3617 1073 3617 1073 3618 1927 3618 1056 3618 1927 3619 1910 3619 1056 3619 1910 3620 1908 3620 1056 3620 1056 3621 1908 3621 1057 3621 1908 3622 1911 3622 1057 3622 947 3623 1946 3623 1094 3623 1094 3624 1946 3624 1092 3624 1946 3625 1929 3625 1092 3625 1092 3626 1929 3626 1074 3626 1929 3627 1926 3627 1074 3627 1074 3628 1926 3628 1075 3628 1926 3629 1928 3629 1075 3629 939 3630 1964 3630 1115 3630 1115 3631 1964 3631 1112 3631 1112 3632 1964 3632 1096 3632 1964 3633 1947 3633 1096 3633 1947 3634 1945 3634 1096 3634 1096 3635 1945 3635 1093 3635 1093 3636 1945 3636 1095 3636 1945 3637 1948 3637 1095 3637 933 3638 1982 3638 1133 3638 1133 3610 1982 3610 1131 3610 1131 3639 1982 3639 1113 3639 1982 3640 1965 3640 1113 3640 1965 3641 1963 3641 1113 3641 1113 3642 1963 3642 1114 3642 1963 3643 1966 3643 1114 3643 927 3644 2001 3644 1153 3644 1153 3610 2001 3610 1151 3610 1151 3645 2001 3645 1135 3645 2001 3646 1983 3646 1135 3646 1983 3647 1981 3647 1135 3647 1135 3648 1981 3648 1132 3648 1132 3649 1981 3649 1134 3649 1981 3650 1984 3650 1134 3650 921 3651 2012 3651 1160 3651 1160 3652 2012 3652 1155 3652 2012 3653 2002 3653 1155 3653 1155 3654 2002 3654 1152 3654 2002 3655 2000 3655 1152 3655 1152 3656 2000 3656 1154 3656 2000 3657 2003 3657 1154 3657 915 3658 1895 3658 1051 3658 1051 3659 1895 3659 1041 3659 1895 3660 1890 3660 1041 3660 1041 3661 1890 3661 1034 3661 1890 3662 1888 3662 1034 3662 1034 3663 1888 3663 1031 3663 1888 3664 1889 3664 1031 3664 1031 3665 1889 3665 1033 3665 908 3666 1922 3666 1069 3666 1069 3667 1922 3667 1059 3667 1922 3668 1912 3668 1059 3668 1059 3669 1912 3669 1053 3669 1912 3670 1905 3670 1053 3670 1905 3671 1904 3671 1053 3671 1053 3672 1904 3672 1050 3672 1050 3673 1904 3673 1052 3673 1904 3674 1906 3674 1052 3674 902 3675 1941 3675 1088 3675 1088 3676 1941 3676 1077 3676 1941 3677 1930 3677 1077 3677 1077 3678 1930 3678 1071 3678 1930 3679 1923 3679 1071 3679 1923 3680 1921 3680 1071 3680 1071 3681 1921 3681 1068 3681 1068 3682 1921 3682 1070 3682 1921 3683 1924 3683 1070 3683 896 3684 1949 3684 1108 3684 1108 3685 1949 3685 1097 3685 1949 3686 1942 3686 1097 3686 1097 3687 1942 3687 1090 3687 1942 3688 1940 3688 1090 3688 1090 3689 1940 3689 1087 3689 1087 3690 1940 3690 1089 3690 1940 3691 1943 3691 1089 3691 890 3692 1967 3692 1127 3692 1127 3693 1967 3693 1116 3693 1116 3694 1967 3694 1110 3694 1967 3695 1960 3695 1110 3695 1960 3696 1959 3696 1110 3696 1110 3697 1959 3697 1107 3697 1107 3698 1959 3698 1109 3698 1959 3699 1961 3699 1109 3699 884 3700 1996 3700 1147 3700 1147 3701 1996 3701 1136 3701 1996 3702 1985 3702 1136 3702 1136 3703 1985 3703 1129 3703 1985 3704 1978 3704 1129 3704 1978 3705 1977 3705 1129 3705 1129 3706 1977 3706 1126 3706 1126 3707 1977 3707 1128 3707 1977 3708 1979 3708 1128 3708 878 3709 2004 3709 1168 3709 1168 3710 2004 3710 1156 3710 1156 3711 2004 3711 1149 3711 2004 3712 1998 3712 1149 3712 1998 3713 1995 3713 1149 3713 1149 3714 1995 3714 1146 3714 1995 3715 1997 3715 1146 3715 1146 3716 1997 3716 1148 3716 871 3717 2019 3717 1173 3717 1173 3718 2019 3718 1172 3718 2019 3719 2018 3719 1172 3719 1172 3720 2018 3720 1170 3720 2018 3721 2016 3721 1170 3721 2016 3722 2014 3722 1170 3722 1170 3723 2014 3723 1167 3723 1167 3724 2014 3724 1169 3724 2014 3725 2015 3725 1169 3725 1064 3726 1917 3726 1054 3726 1917 3727 1907 3727 1054 3727 1054 3728 1907 3728 1048 3728 1907 3729 1901 3729 1048 3729 1901 3730 1899 3730 1048 3730 1048 3731 1899 3731 1045 3731 1045 3732 1899 3732 1047 3732 1899 3733 1902 3733 1047 3733 1083 3726 1936 3726 1072 3726 1936 3734 1925 3734 1072 3734 1072 3735 1925 3735 1066 3735 1925 3736 1918 3736 1066 3736 1918 3737 1916 3737 1066 3737 1066 3738 1916 3738 1063 3738 1063 3739 1916 3739 1065 3739 1916 3740 1919 3740 1065 3740 1103 3741 1955 3741 1091 3741 1955 3742 1944 3742 1091 3742 1091 3743 1944 3743 1085 3743 1944 3744 1937 3744 1085 3744 1937 3745 1935 3745 1085 3745 1085 3746 1935 3746 1082 3746 1082 3747 1935 3747 1084 3747 1935 3748 1938 3748 1084 3748 1122 3749 1973 3749 1111 3749 1973 3750 1962 3750 1111 3750 1111 3751 1962 3751 1105 3751 1962 3752 1956 3752 1105 3752 1956 3753 1954 3753 1105 3753 1105 3754 1954 3754 1102 3754 1102 3755 1954 3755 1104 3755 1954 3756 1957 3756 1104 3756 1142 3757 1991 3757 1130 3757 1991 3758 1980 3758 1130 3758 1130 3759 1980 3759 1124 3759 1980 3760 1974 3760 1124 3760 1974 3761 1972 3761 1124 3761 1124 3762 1972 3762 1121 3762 1121 3763 1972 3763 1123 3763 1972 3764 1975 3764 1123 3764 1163 3765 2010 3765 1150 3765 2010 3766 1999 3766 1150 3766 1150 3767 1999 3767 1144 3767 1999 3768 1992 3768 1144 3768 1992 3769 1990 3769 1144 3769 1144 3770 1990 3770 1141 3770 1141 3771 1990 3771 1143 3771 1990 3772 1993 3772 1143 3772 1180 3773 2025 3773 1171 3773 2025 3774 2017 3774 1171 3774 1171 3775 2017 3775 1165 3775 2017 3776 2011 3776 1165 3776 2011 3777 2009 3777 1165 3777 1165 3778 2009 3778 1162 3778 1162 3779 2009 3779 1164 3779 2009 3780 2013 3780 1164 3780 1183 3781 2029 3781 1182 3781 2029 3782 2028 3782 1182 3782 2028 3783 2026 3783 1182 3783 1182 3784 2026 3784 1179 3784 2026 3785 2024 3785 1179 3785 1179 3786 2024 3786 1178 3786 2024 3787 2027 3787 1178 3787 1178 3788 2027 3788 816 3788 815 3789 1932 3789 1079 3789 1079 3790 1932 3790 1067 3790 1932 3791 1920 3791 1067 3791 1067 3728 1920 3728 1062 3728 1920 3792 1915 3792 1062 3792 1915 3793 1913 3793 1062 3793 1062 3794 1913 3794 1060 3794 1913 3795 1914 3795 1060 3795 1060 3796 1914 3796 1061 3796 1099 3797 1951 3797 1086 3797 1951 3798 1939 3798 1086 3798 1086 3799 1939 3799 1081 3799 1939 3800 1933 3800 1081 3800 1933 3801 1931 3801 1081 3801 1081 3802 1931 3802 1078 3802 1078 3803 1931 3803 1080 3803 1931 3804 1934 3804 1080 3804 1118 3805 1969 3805 1106 3805 1969 3806 1958 3806 1106 3806 1106 3807 1958 3807 1101 3807 1958 3808 1952 3808 1101 3808 1952 3809 1950 3809 1101 3809 1101 3810 1950 3810 1098 3810 1098 3811 1950 3811 1100 3811 1950 3812 1953 3812 1100 3812 1138 3813 1987 3813 1125 3813 1987 3814 1976 3814 1125 3814 1125 3815 1976 3815 1120 3815 1976 3816 1970 3816 1120 3816 1970 3817 1968 3817 1120 3817 1120 3818 1968 3818 1117 3818 1117 3819 1968 3819 1119 3819 1968 3820 1971 3820 1119 3820 1158 3821 2006 3821 1145 3821 2006 3822 1994 3822 1145 3822 1145 3823 1994 3823 1140 3823 1994 3824 1988 3824 1140 3824 1988 3825 1986 3825 1140 3825 1140 3826 1986 3826 1137 3826 1137 3827 1986 3827 1139 3827 1986 3828 1989 3828 1139 3828 785 3829 2021 3829 1175 3829 1175 3830 2021 3830 1166 3830 2021 3831 2008 3831 1166 3831 1166 3832 2008 3832 1161 3832 2008 3833 2005 3833 1161 3833 1161 3834 2005 3834 1157 3834 2005 3835 2007 3835 1157 3835 1157 3836 2007 3836 1159 3836 1186 3837 2031 3837 1181 3837 2031 3838 2023 3838 1181 3838 1181 3839 2023 3839 1177 3839 2023 3840 2020 3840 1177 3840 1177 3841 2020 3841 1174 3841 2020 3842 2022 3842 1174 3842 1174 3843 2022 3843 1176 3843 1188 3844 2035 3844 1187 3844 2035 3845 2034 3845 1187 3845 2034 3846 2032 3846 1187 3846 1187 3847 2032 3847 1185 3847 2032 3848 2030 3848 1185 3848 1185 3849 2030 3849 1184 3849 2030 3850 2033 3850 1184 3850 1184 3851 2033 3851 766 3851 765 3852 1885 3852 1032 3852 1032 3853 1885 3853 1027 3853 1027 3854 1885 3854 1021 3854 1885 3855 1879 3855 1021 3855 1879 3856 1877 3856 1021 3856 1021 3857 1877 3857 1019 3857 1877 3858 1878 3858 1019 3858 1019 3859 1878 3859 1020 3859 1046 3860 1900 3860 1035 3860 1900 3861 1891 3861 1035 3861 1035 3862 1891 3862 1030 3862 1891 3863 1887 3863 1030 3863 1887 3864 1886 3864 1030 3864 1030 3865 1886 3865 1028 3865 1028 3866 1886 3866 1029 3866 1886 3867 752 3867 1029 3867 750 3868 1903 3868 751 3868 751 3869 1903 3869 1049 3869 1049 3870 1898 3870 1044 3870 1903 3871 1898 3871 1049 3871 1898 3872 1896 3872 1044 3872 1044 3873 1896 3873 1042 3873 1896 3874 1897 3874 1042 3874 1042 3875 1897 3875 1043 3875 745 3876 744 3876 1712 3876 744 3877 1292 3877 1712 3877 1712 3878 1292 3878 1706 3878 1292 3879 1286 3879 1706 3879 1706 3880 1286 3880 1700 3880 1286 3881 1282 3881 1700 3881 1282 3882 738 3882 1700 3882 1700 3883 738 3883 737 3883 735 3884 736 3884 1724 3884 736 3885 1307 3885 1724 3885 1724 3886 1307 3886 1730 3886 1307 3887 1299 3887 1730 3887 1730 3888 1299 3888 1718 3888 1299 3889 1294 3889 1718 3889 1718 3890 1294 3890 1710 3890 1294 3891 729 3891 1710 3891 1710 3892 729 3892 728 3892 726 3893 727 3893 1737 3893 727 3894 1316 3894 1737 3894 1737 3895 1316 3895 1729 3895 1316 3896 1322 3896 1729 3896 1322 3897 1305 3897 1729 3897 1729 3898 1305 3898 1722 3898 1305 3899 720 3899 1722 3899 1722 3900 720 3900 719 3900 718 3901 717 3901 1748 3901 717 3902 1328 3902 1748 3902 1328 3903 1334 3903 1748 3903 1748 3904 1334 3904 1756 3904 1756 3905 1334 3905 1736 3905 1334 3906 1318 3906 1736 3906 1318 3907 711 3907 1736 3907 1736 3908 711 3908 710 3908 708 3909 709 3909 1761 3909 709 3910 1343 3910 1761 3910 1761 3911 1343 3911 1767 3911 1343 3912 1335 3912 1767 3912 1767 3913 1335 3913 1753 3913 1335 3914 1325 3914 1753 3914 1753 3915 1325 3915 1746 3915 1746 3916 1325 3916 701 3916 1325 3917 702 3917 701 3917 699 3918 700 3918 1774 3918 700 3919 1353 3919 1774 3919 1774 3920 1353 3920 1780 3920 1780 3921 1353 3921 1762 3921 1353 3922 1341 3922 1762 3922 1341 3923 693 3923 1762 3923 1762 3924 693 3924 692 3924 690 3925 691 3925 1785 3925 691 3926 1362 3926 1785 3926 1785 3927 1362 3927 1790 3927 1790 3928 1362 3928 1773 3928 1362 3929 1351 3929 1773 3929 1351 3930 684 3930 1773 3930 1773 3931 684 3931 683 3931 682 3932 681 3932 1792 3932 681 3933 1368 3933 1792 3933 1792 3934 1368 3934 1795 3934 1368 3935 1371 3935 1795 3935 1795 3936 1371 3936 1789 3936 1371 3937 1361 3937 1789 3937 1789 3938 1361 3938 673 3938 1361 3939 674 3939 673 3939 671 3940 672 3940 1797 3940 672 3941 1372 3941 1797 3941 1797 3942 1372 3942 1798 3942 1372 3943 1373 3943 1798 3943 1798 3944 1373 3944 1796 3944 1373 3945 1369 3945 1796 3945 1796 3946 1369 3946 1793 3946 1369 3947 1366 3947 1793 3947 1793 3948 1366 3948 664 3948 1366 3949 665 3949 664 3949 662 3950 663 3950 1713 3950 663 3951 1290 3951 1713 3951 1713 3952 1290 3952 1708 3952 1290 3953 1288 3953 1708 3953 1708 3954 1288 3954 1707 3954 1288 3955 1287 3955 1707 3955 1707 3956 1287 3956 654 3956 1287 3957 655 3957 654 3957 653 3958 652 3958 1725 3958 652 3959 1303 3959 1725 3959 1303 3960 1301 3960 1725 3960 1725 3961 1301 3961 1720 3961 1720 3962 1301 3962 1717 3962 1301 3963 1300 3963 1717 3963 1300 3964 645 3964 1717 3964 1717 3965 645 3965 644 3965 643 3966 642 3966 1738 3966 642 3967 1314 3967 1738 3967 1314 3968 1312 3968 1738 3968 1738 3969 1312 3969 1733 3969 1733 3970 1312 3970 1732 3970 1312 3971 1311 3971 1732 3971 1732 3972 1311 3972 634 3972 1311 3973 635 3973 634 3973 632 3974 633 3974 1749 3974 633 3975 1326 3975 1749 3975 1749 3976 1326 3976 1744 3976 1326 3977 1324 3977 1744 3977 1744 3978 1324 3978 1743 3978 1324 3979 1323 3979 1743 3979 1743 3980 1323 3980 624 3980 1323 3981 625 3981 624 3981 622 3982 623 3982 1763 3982 623 3983 1337 3983 1763 3983 1763 3984 1337 3984 1758 3984 1758 3985 1337 3985 1757 3985 1337 3986 1336 3986 1757 3986 1757 3987 1336 3987 614 3987 1336 3988 615 3988 614 3988 613 3989 612 3989 1775 3989 612 3990 1349 3990 1775 3990 1349 3991 1346 3991 1775 3991 1775 3992 1346 3992 1770 3992 1770 3993 1346 3993 1769 3993 1346 3994 1345 3994 1769 3994 1769 3972 1345 3972 604 3972 1345 3995 605 3995 604 3995 602 3996 603 3996 1786 3996 603 3997 1359 3997 1786 3997 1786 3998 1359 3998 1782 3998 1359 3999 1358 3999 1782 3999 1782 4000 1358 4000 1781 4000 1358 4001 1357 4001 1781 4001 1781 4002 1357 4002 594 4002 1357 4003 595 4003 594 4003 593 4004 1370 4004 1794 4004 1370 4005 1367 4005 1794 4005 1794 4006 1367 4006 1791 4006 1367 4007 1365 4007 1791 4007 1791 4008 1365 4008 1788 4008 1365 4009 1364 4009 1788 4009 1788 4010 1364 4010 585 4010 1364 4011 586 4011 585 4011 584 4012 583 4012 1704 4012 583 4013 1284 4013 1704 4013 1284 4014 1279 4014 1704 4014 1704 4015 1279 4015 1699 4015 1699 4016 1279 4016 1698 4016 1279 4017 1278 4017 1698 4017 1698 4018 1278 4018 575 4018 1278 4019 576 4019 575 4019 574 4020 573 4020 1716 4020 573 4021 1296 4021 1716 4021 1296 4022 1291 4022 1716 4022 1716 4023 1291 4023 1711 4023 1711 4024 1291 4024 1709 4024 1291 4025 1289 4025 1709 4025 1709 4026 1289 4026 565 4026 1289 4027 566 4027 565 4027 564 4028 563 4028 1728 4028 563 4029 1308 4029 1728 4029 1308 4030 1302 4030 1728 4030 1728 4031 1302 4031 1723 4031 1723 4032 1302 4032 1721 4032 1302 4033 1297 4033 1721 4033 1721 4034 1297 4034 556 4034 1297 4035 557 4035 556 4035 555 4036 554 4036 1741 4036 554 4037 1319 4037 1741 4037 1319 4038 1313 4038 1741 4038 1741 4039 1313 4039 1735 4039 1735 4040 1313 4040 1734 4040 1313 4041 1309 4041 1734 4041 1734 4042 1309 4042 547 4042 1309 4043 548 4043 547 4043 546 4044 545 4044 1752 4044 545 4045 1331 4045 1752 4045 1331 4046 1327 4046 1752 4046 1752 4047 1327 4047 1747 4047 1747 4048 1327 4048 1745 4048 1327 4049 1320 4049 1745 4049 1745 4050 1320 4050 538 4050 1320 4051 539 4051 538 4051 537 4052 536 4052 1766 4052 536 4053 1342 4053 1766 4053 1342 4054 1338 4054 1766 4054 1766 4055 1338 4055 1760 4055 1760 4056 1338 4056 1759 4056 1338 4057 1332 4057 1759 4057 1759 4058 1332 4058 529 4058 1332 4059 530 4059 529 4059 528 4060 527 4060 1778 4060 527 4061 1354 4061 1778 4061 1354 4062 1348 4062 1778 4062 1778 4063 1348 4063 1772 4063 1772 4064 1348 4064 1771 4064 1348 4065 1347 4065 1771 4065 1771 4066 1347 4066 519 4066 1347 4067 520 4067 519 4067 518 4068 517 4068 1787 4068 517 4069 1363 4069 1787 4069 1363 4070 1360 4070 1787 4070 1787 4071 1360 4071 1784 4071 1784 4072 1360 4072 1783 4072 1360 4073 1355 4073 1783 4073 1783 4074 1355 4074 510 4074 1355 4075 511 4075 510 4075 508 4076 509 4076 1694 4076 509 4077 1274 4077 1694 4077 1694 4078 1274 4078 1692 4078 1274 4079 1269 4079 1692 4079 1692 4080 1269 4080 1691 4080 1691 4081 1269 4081 500 4081 1269 4082 501 4082 500 4082 499 4083 498 4083 1705 4083 498 4084 1285 4084 1705 4084 1285 4085 1283 4085 1705 4085 1705 4086 1283 4086 1703 4086 1703 4087 1283 4087 1702 4087 1283 4088 1281 4088 1702 4088 1702 4089 1281 4089 490 4089 1281 4090 491 4090 490 4090 489 4091 488 4091 1719 4091 488 4092 1298 4092 1719 4092 1298 4093 1295 4093 1719 4093 1719 4094 1295 4094 1715 4094 1715 4095 1295 4095 1714 4095 1295 4096 1293 4096 1714 4096 1714 4097 1293 4097 480 4097 1293 4098 481 4098 480 4098 479 4099 478 4099 1731 4099 478 4100 1310 4100 1731 4100 1310 4101 1306 4101 1731 4101 1731 4102 1306 4102 1727 4102 1727 4103 1306 4103 1726 4103 1306 4104 1304 4104 1726 4104 1726 4105 1304 4105 470 4105 1304 4106 471 4106 470 4106 469 4107 468 4107 1742 4107 468 4108 1321 4108 1742 4108 1321 4109 1317 4109 1742 4109 1742 4110 1317 4110 1740 4110 1740 4095 1317 4095 1739 4095 1317 4111 1315 4111 1739 4111 1739 4112 1315 4112 460 4112 1315 4113 461 4113 460 4113 459 4114 458 4114 1754 4114 458 4115 1333 4115 1754 4115 1333 4116 1330 4116 1754 4116 1754 4117 1330 4117 1751 4117 1751 4118 1330 4118 1750 4118 1330 4119 1329 4119 1750 4119 1750 4120 1329 4120 450 4120 1329 4121 451 4121 450 4121 448 4122 1344 4122 449 4122 449 4123 1344 4123 1768 4123 1344 4124 1340 4124 1768 4124 1768 4125 1340 4125 1765 4125 1765 4064 1340 4064 1764 4064 1340 4126 1339 4126 1764 4126 1764 4127 1339 4127 1755 4127 1339 4128 442 4128 1755 4128 1755 4129 442 4129 441 4129 440 4130 439 4130 1779 4130 439 4131 1356 4131 1779 4131 1356 4132 1352 4132 1779 4132 1779 4133 1352 4133 1777 4133 1777 4134 1352 4134 1776 4134 1352 4135 1350 4135 1776 4135 1776 4136 1350 4136 431 4136 1350 4137 432 4137 431 4137 430 4138 429 4138 1701 4138 429 4139 1280 4139 1701 4139 1280 4140 1277 4140 1701 4140 1701 4141 1277 4141 1697 4141 1697 4142 1277 4142 1695 4142 1277 4143 1275 4143 1695 4143 1695 4144 1275 4144 1696 4144 1275 4145 1276 4145 1696 4145 422 4146 421 4146 1693 4146 421 4147 1273 4147 1693 4147 1273 4148 1272 4148 1693 4148 1693 4063 1272 4063 1690 4063 1690 4149 1272 4149 1689 4149 1272 4150 1270 4150 1689 4150 1689 4151 1270 4151 414 4151 1270 4152 1271 4152 414 4152 412 4153 1268 4153 413 4153 413 4154 1268 4154 1688 4154 1268 4155 1267 4155 1688 4155 1688 4156 1267 4156 1687 4156 1267 4157 1266 4157 1687 4157 1687 4158 1266 4158 1686 4158 1266 4159 405 4159 1686 4159 1686 4160 405 4160 404 4160 402 4161 1869 4161 403 4161 403 4162 1869 4162 1260 4162 1869 4163 1872 4163 1260 4163 1260 4164 1872 4164 1263 4164 1872 4165 1873 4165 1263 4165 1263 4166 1873 4166 395 4166 1873 4167 396 4167 395 4167 394 4168 393 4168 1241 4168 393 4169 1850 4169 1241 4169 1241 4170 1850 4170 1242 4170 1850 4171 1851 4171 1242 4171 1851 4172 1856 4172 1242 4172 1242 4173 1856 4173 1246 4173 1246 4174 1856 4174 385 4174 1856 4175 386 4175 385 4175 384 4176 383 4176 1249 4176 383 4177 1859 4177 1249 4177 1249 4178 1859 4178 1250 4178 1859 4179 1860 4179 1250 4179 1860 4180 1865 4180 1250 4180 1250 4181 1865 4181 1253 4181 1253 4182 1865 4182 1255 4182 1865 4183 376 4183 1255 4183 374 4184 1864 4184 375 4184 375 4185 1864 4185 1256 4185 1864 4186 1867 4186 1256 4186 1256 4187 1867 4187 1257 4187 1867 4188 1868 4188 1257 4188 1868 4189 1871 4189 1257 4189 1257 4190 1871 4190 1258 4190 1258 4191 1871 4191 1261 4191 1871 4192 368 4192 1261 4192 366 4193 1799 4193 367 4193 367 4194 1799 4194 1192 4194 1192 4195 1800 4195 1193 4195 1799 4196 1800 4196 1192 4196 1800 4197 1801 4197 1193 4197 1193 4198 1801 4198 1194 4198 1194 4199 1801 4199 358 4199 1801 4200 359 4200 358 4200 357 4201 356 4201 1198 4201 356 4202 1804 4202 1198 4202 1198 4203 1804 4203 1199 4203 1804 4204 1805 4204 1199 4204 1805 4205 1807 4205 1199 4205 1199 4206 1807 4206 1201 4206 1201 4207 1807 4207 348 4207 1807 4208 349 4208 348 4208 347 4209 346 4209 1208 4209 346 4210 1815 4210 1208 4210 1208 4211 1815 4211 1209 4211 1815 4212 1817 4212 1209 4212 1817 4213 1819 4213 1209 4213 1209 4214 1819 4214 1213 4214 1213 4215 1819 4215 338 4215 1819 4216 339 4216 338 4216 337 4217 336 4217 1219 4217 336 4218 1828 4218 1219 4218 1219 4219 1828 4219 1221 4219 1828 4220 1830 4220 1221 4220 1830 4221 1832 4221 1221 4221 1221 4222 1832 4222 1224 4222 1224 4223 1832 4223 328 4223 1832 4224 329 4224 328 4224 327 4225 1814 4225 1212 4225 1212 4226 1814 4226 1211 4226 1814 4227 1820 4227 1211 4227 1211 4228 1820 4228 1220 4228 1820 4229 1826 4229 1220 4229 1220 4230 1826 4230 320 4230 1826 4231 321 4231 320 4231 318 4232 1852 4232 319 4232 319 4233 1852 4233 1247 4233 1247 4234 1852 4234 1248 4234 1852 4235 1858 4235 1248 4235 1858 4236 1863 4236 1248 4236 1248 4237 1863 4237 1251 4237 1251 4238 1863 4238 311 4238 1863 4239 312 4239 311 4239 309 4240 1840 4240 310 4240 310 4241 1840 4241 1236 4241 1840 4242 1845 4242 1236 4242 1236 4243 1845 4243 1237 4243 1845 4244 1849 4244 1237 4244 1237 4245 1849 4245 1240 4245 1849 4246 302 4246 1240 4246 1240 4247 302 4247 301 4247 299 4248 1829 4248 300 4248 300 4249 1829 4249 1225 4249 1829 4250 1833 4250 1225 4250 1225 4251 1833 4251 1226 4251 1833 4252 1838 4252 1226 4252 1226 4253 1838 4253 1229 4253 1229 4254 1838 4254 292 4254 1838 4255 293 4255 292 4255 290 4256 1825 4256 291 4256 291 4257 1825 4257 1222 4257 1222 4258 1825 4258 1233 4258 1825 4259 1844 4259 1233 4259 1844 4260 1837 4260 1233 4260 1233 4261 1837 4261 283 4261 1837 4262 284 4262 283 4262 281 4263 1836 4263 282 4263 282 4264 1836 4264 1232 4264 1836 4265 1855 4265 1232 4265 1232 4266 1855 4266 1245 4266 1855 4267 1848 4267 1245 4267 1245 4268 1848 4268 273 4268 1848 4269 274 4269 273 4269 271 4270 1854 4270 272 4270 272 4271 1854 4271 1243 4271 1854 4272 1857 4272 1243 4272 1243 4273 1857 4273 1254 4273 1857 4274 1862 4274 1254 4274 1254 4275 1862 4275 263 4275 1862 4276 264 4276 263 4276 261 4277 1861 4277 262 4277 262 4278 1861 4278 1252 4278 1252 4279 1861 4279 1262 4279 1861 4280 1866 4280 1262 4280 1866 4281 1870 4281 1262 4281 1262 4282 1870 4282 1259 4282 1259 4283 1870 4283 254 4283 1870 4284 255 4284 254 4284 253 4285 252 4285 1216 4285 252 4286 1823 4286 1216 4286 1216 4287 1823 4287 1217 4287 1823 4288 1824 4288 1217 4288 1824 4289 1831 4289 1217 4289 1217 4290 1831 4290 1223 4290 1223 4291 1831 4291 244 4291 1831 4292 245 4292 244 4292 243 4293 242 4293 1205 4293 242 4294 1811 4294 1205 4294 1205 4287 1811 4287 1206 4287 1811 4295 1812 4295 1206 4295 1812 4221 1818 4221 1206 4221 1206 4296 1818 4296 1210 4296 1210 4297 1818 4297 234 4297 1818 4298 235 4298 234 4298 1196 4299 233 4299 1195 4299 233 4300 1802 4300 1195 4300 1195 4301 1802 4301 1197 4301 1802 4302 1803 4302 1197 4302 1803 4303 1806 4303 1197 4303 1197 4304 1806 4304 1200 4304 1200 4305 1806 4305 225 4305 1806 4306 226 4306 225 4306 224 4307 223 4307 1230 4307 223 4308 1839 4308 1230 4308 1230 4309 1839 4309 1231 4309 1839 4310 1841 4310 1231 4310 1841 4311 1843 4311 1231 4311 1231 4312 1843 4312 1235 4312 1235 4313 1843 4313 215 4313 1843 4314 216 4314 215 4314 214 4315 213 4315 1227 4315 213 4316 1834 4316 1227 4316 1227 4317 1834 4317 1228 4317 1834 4318 1835 4318 1228 4318 1835 4319 1842 4319 1228 4319 1228 4320 1842 4320 1234 4320 1234 4321 1842 4321 205 4321 1842 4322 206 4322 205 4322 204 4293 203 4293 1238 4293 203 4323 1846 4323 1238 4323 1238 4324 1846 4324 1239 4324 1846 4325 1847 4325 1239 4325 1847 4326 1853 4326 1239 4326 1239 4327 1853 4327 1244 4327 1244 4328 1853 4328 195 4328 1853 4329 196 4329 195 4329 194 4330 1809 4330 1203 4330 1203 4331 1809 4331 1202 4331 1809 4332 1808 4332 1202 4332 1202 4333 1808 4333 1204 4333 1808 4334 1810 4334 1204 4334 1810 4335 1813 4335 1204 4335 1204 4336 1813 4336 1207 4336 1813 4337 187 4337 1207 4337 1207 4338 187 4338 186 4338 184 4339 1816 4339 185 4339 185 4340 1816 4340 1214 4340 1816 4341 1821 4341 1214 4341 1214 4342 1821 4342 1215 4342 1821 4343 1822 4343 1215 4343 1822 4344 1827 4344 1215 4344 1215 4345 1827 4345 1218 4345 1218 4346 1827 4346 177 4346 1827 4347 178 4347 177 4347 176 4348 1447 4348 1651 4348 1447 4349 1445 4349 1651 4349 1651 4350 1445 4350 1654 4350 1445 4351 1448 4351 1654 4351 1654 4352 1448 4352 1657 4352 1448 4353 1450 4353 1657 4353 1657 4354 1450 4354 1661 4354 170 4355 169 4355 1681 4355 169 4356 1473 4356 1681 4356 1473 4357 1475 4357 1681 4357 1681 4358 1475 4358 1683 4358 1683 4359 1475 4359 1684 4359 1475 4360 1476 4360 1684 4360 1684 4361 1476 4361 1685 4361 1476 4362 1477 4362 1685 4362 162 4363 161 4363 1676 4363 161 4364 1467 4364 1676 4364 1467 4365 1468 4365 1676 4365 1676 4366 1468 4366 1678 4366 1678 4367 1468 4367 1680 4367 1468 4368 1471 4368 1680 4368 1680 4369 1471 4369 154 4369 1471 4370 1472 4370 154 4370 1668 4371 1458 4371 1666 4371 153 4372 1458 4372 1668 4372 1458 4373 1460 4373 1666 4373 1666 4374 1460 4374 1669 4374 1669 4375 1460 4375 1671 4375 1460 4376 1462 4376 1671 4376 1671 4377 1462 4377 1672 4377 1462 4378 1463 4378 1672 4378 1672 4379 1463 4379 146 4379 145 4380 144 4380 1607 4380 144 4381 1400 4381 1607 4381 1400 4382 1401 4382 1607 4382 1607 4383 1401 4383 1608 4383 1608 4384 1401 4384 1612 4384 1401 4385 1405 4385 1612 4385 1612 4386 1405 4386 1625 4386 1405 4387 1417 4387 1625 4387 137 4388 136 4388 1624 4388 136 4389 1416 4389 1624 4389 1416 4390 1418 4390 1624 4390 1624 4391 1418 4391 1626 4391 1626 4392 1418 4392 1630 4392 1418 4393 1422 4393 1630 4393 1630 4394 1422 4394 1641 4394 1422 4395 1434 4395 1641 4395 129 4396 128 4396 1640 4396 128 4397 1433 4397 1640 4397 1433 4398 1435 4398 1640 4398 1640 4399 1435 4399 1642 4399 1642 4400 1435 4400 1646 4400 1435 4401 1439 4401 1646 4401 1646 4402 1439 4402 1659 4402 1439 4403 1452 4403 1659 4403 121 4404 120 4404 1658 4404 120 4405 1451 4405 1658 4405 1451 4406 1453 4406 1658 4406 1658 4407 1453 4407 1660 4407 1660 4408 1453 4408 1665 4408 1453 4409 1457 4409 1665 4409 1665 4410 1457 4410 1674 4410 1457 4411 1465 4411 1674 4411 113 4412 1378 4412 1588 4412 1378 4413 1377 4413 1588 4413 1588 4414 1377 4414 1589 4414 1377 4415 1379 4415 1589 4415 1589 4416 1379 4416 1593 4416 1379 4417 1383 4417 1593 4417 1593 4418 1383 4418 1594 4418 1383 4419 1386 4419 1594 4419 106 4420 105 4420 1647 4420 105 4421 1440 4421 1647 4421 1440 4422 1442 4422 1647 4422 1647 4423 1442 4423 1649 4423 1649 4424 1442 4424 1655 4424 1442 4425 1449 4425 1655 4425 1449 4426 1459 4426 1655 4426 1655 4427 1459 4427 1667 4427 98 4428 1424 4428 1631 4428 1424 4429 1423 4429 1631 4429 1631 4430 1423 4430 1633 4430 1423 4431 1426 4431 1633 4431 1633 4432 1426 4432 1638 4432 1426 4433 1432 4433 1638 4433 1638 4434 1432 4434 1648 4434 1432 4435 1441 4435 1648 4435 1615 4436 1407 4436 1613 4436 1407 4437 1406 4437 1613 4437 1613 4438 1406 4438 1616 4438 1406 4439 1409 4439 1616 4439 1616 4440 1409 4440 1622 4440 1409 4441 1415 4441 1622 4441 1622 4442 1415 4442 1632 4442 1415 4443 1425 4443 1632 4443 1632 4444 1425 4444 85 4444 84 4445 1384 4445 1592 4445 1384 4446 1385 4446 1592 4446 1592 4447 1385 4447 1604 4447 1385 4448 1398 4448 1604 4448 1604 4449 1395 4449 1603 4449 1398 4450 1395 4450 1604 4450 1603 4451 1395 4451 1606 4451 1395 4452 77 4452 1606 4452 76 4453 1397 4453 1602 4453 1397 4454 1396 4454 1602 4454 1602 4455 1396 4455 1620 4455 1396 4456 1414 4456 1620 4456 1414 4457 1411 4457 1620 4457 1620 4458 1411 4458 1619 4458 1619 4459 1411 4459 1623 4459 1411 4460 70 4460 1623 4460 69 4461 1413 4461 1618 4461 1413 4462 1412 4462 1618 4462 1618 4463 1412 4463 1621 4463 1412 4464 1431 4464 1621 4464 1621 4465 1431 4465 1637 4465 1431 4466 1428 4466 1637 4466 1637 4467 1428 4467 1636 4467 1636 4468 1428 4468 1639 4468 1428 4469 63 4469 1639 4469 62 4470 1430 4470 1635 4470 1430 4471 1429 4471 1635 4471 1635 4472 1429 4472 1653 4472 1429 4473 1444 4473 1653 4473 1653 4474 1444 4474 1652 4474 1444 4475 1446 4475 1652 4475 1652 4476 1446 4476 1656 4476 56 4477 55 4477 1627 4477 55 4478 1419 4478 1627 4478 1419 4479 1420 4479 1627 4479 1627 4480 1420 4480 1629 4480 1629 4481 1420 4481 1634 4481 1420 4482 1427 4482 1634 4482 1634 4483 1427 4483 1644 4483 1427 4484 1438 4484 1644 4484 49 4485 48 4485 1609 4485 48 4486 1402 4486 1609 4486 1402 4487 1403 4487 1609 4487 1609 4488 1403 4488 1611 4488 1611 4489 1403 4489 1617 4489 1403 4490 1410 4490 1617 4490 1617 4491 1410 4491 1628 4491 1410 4492 1421 4492 1628 4492 42 4493 41 4493 1596 4493 41 4494 1388 4494 1596 4494 1388 4495 1389 4495 1596 4495 1596 4496 1389 4496 1597 4496 1597 4497 1389 4497 1601 4497 1389 4498 1394 4498 1601 4498 1601 4499 1394 4499 1610 4499 1394 4500 1404 4500 1610 4500 35 4388 34 4388 1673 4388 34 4501 1464 4501 1673 4501 1464 4502 1466 4502 1673 4502 1673 4503 1466 4503 1675 4503 1675 4504 1466 4504 1679 4504 1466 4505 1470 4505 1679 4505 1679 4506 1470 4506 1682 4506 1470 4507 1474 4507 1682 4507 27 4508 26 4508 1643 4508 26 4509 1436 4509 1643 4509 1436 4510 1437 4510 1643 4510 1643 4511 1437 4511 1645 4511 1645 4497 1437 4497 1650 4497 1437 4512 1443 4512 1650 4512 1650 4513 1443 4513 1663 4513 1443 4514 1456 4514 1663 4514 20 4485 19 4485 1662 4485 19 4515 1454 4515 1662 4515 1454 4516 1455 4516 1662 4516 1662 4517 1455 4517 1664 4517 1664 4518 1455 4518 1670 4518 1455 4519 1461 4519 1670 4519 1670 4520 1461 4520 1677 4520 1461 4521 1469 4521 1677 4521 13 4522 1381 4522 1590 4522 1381 4523 1380 4523 1590 4523 1590 4524 1380 4524 1591 4524 1380 4525 1382 4525 1591 4525 1591 4526 1382 4526 1595 4526 1382 4527 1387 4527 1595 4527 1595 4528 1387 4528 1599 4528 1387 4529 1392 4529 1599 4529 6 4530 1391 4530 1598 4530 1391 4523 1390 4523 1598 4523 1598 4531 1390 4531 1600 4531 1390 4532 1393 4532 1600 4532 1600 4533 1393 4533 1605 4533 1393 4534 1399 4534 1605 4534 1605 4535 1399 4535 1614 4535 1399 4536 1408 4536 1614 4536</p>
        </triangles>
      </mesh>
    </geometry>
  </library_geometries>
  <library_visual_scenes>
    <visual_scene id="Scene" name="Scene">
      <node id="node0" name="node0" type="NODE">
        <matrix sid="transform">1 0 0 0 0 1 0 0 0 0 1 0 0 0 0 1</matrix>
        <instance_geometry url="#Part__Feature_009-mesh" name="node0">
          <bind_material>
            <technique_common>
              <instance_material symbol="Part__Feature_009-material" target="#Part__Feature_009-material"/>
            </technique_common>
          </bind_material>
        </instance_geometry>
      </node>
      <node id="Camera" name="Camera" type="NODE">
        <matrix sid="transform">0.6859207 -0.3240135 0.6515582 7.358891 0.7276763 0.3054208 -0.6141704 -6.925791 0 0.8953956 0.4452714 4.958309 0 0 0 1</matrix>
        <instance_camera url="#Camera-camera"/>
      </node>
      <node id="Light" name="Light" type="NODE">
        <matrix sid="transform">-0.2908646 -0.7711008 0.5663932 4.076245 0.9551712 -0.1998834 0.2183912 1.005454 -0.05518906 0.6045247 0.7946723 5.903862 0 0 0 1</matrix>
        <instance_light url="#Light-light"/>
      </node>
    </visual_scene>
  </library_visual_scenes>
  <scene>
    <instance_visual_scene url="#Scene"/>
  </scene>
</COLLADA>