# Blender 4.0.2
# www.blender.org
mtllib BroccoliFilled.mtl
o Broccoli
v -0.053320 1.436052 0.785877
v -0.044554 1.430389 0.860162
v -0.095556 1.442942 0.828388
v 1.380485 2.782446 0.292981
v 1.361827 2.768538 0.276631
v 1.356491 2.804698 0.283247
v -0.855093 3.088842 0.154970
v -0.862703 3.095095 0.272300
v -0.913050 3.179469 0.237184
v -0.803537 3.112843 0.049101
v -0.772598 3.114883 0.018207
v -0.791660 3.230816 -0.047301
v 1.304466 0.026794 2.267635
v 1.531898 0.235904 2.406302
v 0.169977 0.242857 3.083297
v 1.570885 0.020294 2.054246
v 0.448834 0.167924 2.869564
v 1.209704 0.410033 2.480861
v 0.494901 0.555092 3.359832
v 0.894722 0.689028 3.218742
v 1.898581 0.153743 2.025681
v 1.495360 0.530906 2.447066
v 0.589914 0.428457 3.042351
v 0.382968 0.910885 3.622806
v -0.026944 0.488711 3.239143
v 0.098197 0.606270 3.474742
v 2.017752 0.267271 1.706997
v 0.389883 0.096010 2.512324
v 1.741233 0.595126 2.316976
v 1.624966 0.314588 2.164285
v 2.079022 0.502628 2.344159
v 0.733745 0.903307 3.525258
v 0.237327 0.586062 3.351237
v 0.992867 0.038809 2.003074
v 1.165946 0.086005 1.908427
v 0.928838 0.368492 2.313007
v 0.721937 0.299146 2.621778
v 1.771743 0.022528 1.730013
v 1.973006 0.435052 2.149604
v -0.021943 0.194227 2.751839
v 0.890512 0.685748 2.983413
v 2.234493 0.713192 2.409309
v -0.129747 0.381685 3.028640
v 1.176702 0.837997 3.063632
v 1.541311 0.145897 1.776789
v 1.675706 0.624651 2.510327
v 1.070116 0.960399 3.303046
v 1.921459 0.812922 2.679355
v 1.017288 0.463487 2.651726
v 0.038409 0.270775 2.277230
v 2.395936 0.603739 1.929939
v 2.007189 1.034501 2.738723
v 1.450859 0.083254 1.555516
v 0.647323 1.153477 3.632622
v 2.504286 0.836890 2.300312
v 1.252930 1.175562 3.363919
v 2.508349 1.160980 2.566822
v 0.337119 1.224027 3.660902
v 1.214006 0.733394 2.764587
v 1.362578 1.076886 3.072443
v 1.538952 0.786878 2.518315
v -0.137853 0.241503 2.502611
v 1.864501 0.137365 1.519988
v 2.399750 0.417012 1.705277
v 0.503788 0.288299 2.359364
v 1.112903 1.363471 3.410106
v 2.242698 1.276368 2.781763
v -0.110165 0.951115 3.522736
v -0.416700 0.594785 3.231559
v 2.529899 0.780873 2.017000
v -0.452386 0.469026 2.944342
v 2.273106 0.335693 1.436427
v 1.077078 0.115675 1.665159
v -0.323349 0.342135 2.547532
v 0.734256 0.400053 1.860543
v 1.418118 1.122787 2.771155
v -0.244534 0.779705 3.335505
v 1.449661 0.106339 1.380530
v 1.791362 0.281209 1.504670
v 2.639480 0.751245 1.560813
v 1.367124 1.360058 3.028271
v 0.131129 1.266038 3.646347
v 1.657063 1.263600 2.809788
v 2.792060 1.030344 1.832874
v 0.778478 0.466288 2.093931
v 2.434367 1.607471 2.590028
v 2.634693 1.557648 2.378422
v 1.773389 1.561342 2.825827
v -0.695828 0.881043 3.103044
v 1.572159 0.436153 1.747373
v 1.220610 0.196311 1.444429
v 2.784603 1.410556 2.139843
v 1.819787 0.458093 1.313331
v 0.466334 1.609828 3.567054
v -0.503413 0.998077 3.307853
v -0.097624 0.077068 2.111584
v -0.575207 0.121607 2.212153
v 0.988217 1.588985 3.413911
v 1.386236 0.456093 1.623132
v 1.547994 0.500260 1.405877
v 1.738934 0.500707 1.586367
v 2.183727 0.657806 1.234668
v -0.058021 0.107527 1.834522
v 1.283205 1.562881 3.255363
v 0.227211 0.366399 1.980099
v 1.192147 0.527364 1.392132
v 1.504863 1.528494 3.056230
v 1.182047 0.482309 1.779120
v -0.655053 0.765214 2.893649
v -0.849109 0.370063 2.767182
v -0.722053 0.480368 2.728215
v 1.227134 0.719590 1.867863
v 2.210464 1.781523 2.657011
v 1.608572 1.531023 2.749297
v -0.197506 1.123083 3.483814
v -0.487711 0.038549 1.935997
v 1.911427 0.629519 1.527271
v -1.070144 0.108790 2.137816
v -0.988330 0.247766 2.504393
v -1.083320 0.450296 2.810298
v -0.115310 1.460010 3.653999
v -0.553179 1.375777 3.689543
v 2.628107 1.002660 1.386147
v 2.819219 1.312914 1.686062
v 2.854114 1.558429 1.776271
v 1.745659 1.976589 3.206712
v 1.411497 0.704554 1.444426
v -0.884848 0.702947 2.966245
v 1.051112 0.442324 1.562388
v 0.079901 1.734019 3.614456
v 0.702689 1.776426 3.455421
v -0.725700 1.142631 3.479746
v 0.872440 0.572688 1.807033
v 0.621662 0.601682 1.844121
v 2.458898 0.987567 1.204726
v -0.216146 0.061630 1.596229
v -1.432168 0.322816 2.545671
v 1.196645 1.791546 3.368025
v 1.855027 1.846205 2.975108
v 2.806063 1.702366 2.099519
v -1.600426 0.628979 2.804521
v -0.951903 0.065555 1.817956
v 1.249658 2.005974 3.516069
v 0.889221 1.949523 3.457805
v -0.768490 0.217385 1.590398
v -1.343975 0.253584 2.271012
v 2.592105 1.905689 2.412496
v -1.253438 0.805939 3.004324
v -0.960154 1.175809 3.321862
v 0.212939 0.322422 1.600816
v 0.240215 1.904775 3.755335
v -0.142971 1.733919 3.741433
v -0.972454 0.925591 2.996958
v 0.761570 2.009541 3.684062
v 1.566015 2.210902 3.454300
v 1.906722 0.830474 1.342371
v 0.515148 1.975878 3.801130
v -0.537964 0.163989 1.641409
v 1.207992 1.006807 1.603972
v -0.452382 1.723633 3.845744
v 2.782528 1.077305 1.308474
v -0.930542 1.636318 3.695918
v 2.030291 2.031814 2.763596
v 2.006428 2.321551 2.963000
v 2.940693 1.405428 1.408399
v 1.722294 1.001405 1.129282
v 2.147572 0.971824 1.307365
v 2.275624 2.049357 2.555151
v 0.288517 2.188121 3.852945
v -1.337484 0.402050 1.686691
v -0.220415 0.284121 1.605918
v -1.188777 1.563799 3.481203
v 2.722246 1.182510 1.096772
v -0.189539 0.250908 1.330423
v 1.881747 2.230171 3.167593
v 1.775879 2.460181 3.281920
v 0.362877 0.589203 1.661119
v -0.823872 0.317252 1.791748
v -0.516847 0.434619 1.841224
v 2.743023 1.993413 1.839568
v -1.134331 1.228049 3.069015
v 0.908849 2.300931 3.516204
v 0.130159 0.578992 1.749709
v 1.305745 2.506228 3.564533
v -0.119114 0.469382 1.535503
v 2.962435 1.798158 1.581730
v -1.052203 0.370759 1.628138
v 2.772931 1.564306 1.054540
v 2.583265 1.229897 1.111797
v 1.230348 0.885485 1.018165
v -1.389984 0.987510 3.050863
v -0.038522 2.046338 3.725416
v 1.055737 1.071816 1.431702
v -1.557988 0.459087 1.938227
v 0.418681 2.552469 3.751934
v -0.327977 2.177328 3.864488
v -0.191506 0.658160 1.769495
v -0.040942 0.513842 1.273744
v 2.566055 2.131100 2.264387
v -0.519710 2.016888 3.743358
v 2.959122 1.586284 1.264148
v -1.366515 1.407048 3.148195
v -1.847138 0.674483 2.448504
v 1.587650 2.680338 3.366462
v 2.467827 2.235415 2.607404
v 0.381695 1.043650 1.283033
v -0.680241 0.642191 1.800711
v -1.556430 1.184740 2.942966
v -0.046260 2.300473 3.801522
v 2.547740 2.672178 2.597933
v -0.701584 2.128932 3.721173
v 2.254761 2.474193 2.791398
v 1.815684 2.759996 3.096844
v 1.327124 1.238640 1.599150
v 2.238370 1.368555 0.883160
v -1.742175 1.162061 2.781577
v 2.675189 2.491971 2.349840
v 2.701765 2.389856 1.994489
v -1.001974 0.575661 1.690319
v -1.980951 0.992378 2.532032
v 0.671491 2.689161 3.642872
v 0.644594 0.941505 1.477304
v 0.937383 2.726362 3.511950
v 1.613117 1.139815 1.198924
v -0.068329 2.558943 3.864805
v -1.674353 1.731873 3.211115
v 2.085320 2.699939 2.841603
v 2.443263 1.325227 0.840599
v 0.996763 1.472819 1.256393
v 0.658535 1.023938 1.419066
v 1.188636 2.835065 3.400822
v 0.137237 2.527901 3.727256
v -1.215384 1.930939 3.487294
v 0.943956 1.238343 1.183257
v 2.837010 2.009933 1.286161
v 1.422968 1.329936 0.854585
v -0.465318 2.609895 3.918889
v -1.609741 1.523481 2.962718
v -1.038913 2.199956 3.598348
v -1.478558 1.852848 3.302166
v -0.366030 1.060353 1.048900
v 0.650966 0.970766 1.457982
v 0.640696 0.988485 1.439950
v 2.335734 2.791102 2.750593
v -2.149957 1.012957 2.289926
v -2.101518 0.864400 1.913867
v 1.255718 1.169304 0.842503
v 2.644088 2.251314 1.585537
v 0.821602 2.953728 3.618546
v -1.276039 0.819720 1.551325
v -1.732387 0.787130 1.653207
v -0.743263 2.506755 3.765852
v 0.657722 1.475088 1.087901
v 1.850813 3.022721 2.888401
v 2.771913 2.907970 2.349302
v 2.436046 1.515459 0.726813
v 1.539333 3.038542 3.169928
v -0.335577 2.767612 3.844895
v 1.903682 1.528537 0.967388
v 2.518371 1.716348 0.849034
v 2.723668 1.881283 0.969246
v -1.627993 0.726098 1.606482
v -0.036392 2.993070 3.846796
v -1.107358 0.990337 1.556110
v 2.837535 2.630481 1.969923
v 0.847306 1.267690 0.882528
v 0.443615 3.005357 3.692077
v 2.773313 2.404953 1.652062
v -1.322494 2.205006 3.352885
v 2.371100 3.016799 2.818641
v -1.834532 1.455604 2.733205
v 2.254905 1.782778 0.806184
v 0.599719 3.199002 3.639961
v 1.921477 1.670106 1.079061
v 2.650711 2.137980 1.033034
v -1.855498 1.938509 3.339265
v -1.891182 1.591530 3.016950
v 2.127866 3.103675 2.864437
v -2.150351 1.455541 2.613111
v -1.200764 2.502200 3.651212
v 1.551451 1.846341 1.156572
v 2.642203 3.126079 2.500637
v 1.040962 3.104145 3.287495
v -2.114134 1.682481 2.983726
v 0.967533 1.280080 0.604340
v 0.781140 3.322085 3.514292
v 1.439754 3.170642 3.070281
v 2.476291 2.363547 1.260747
v -2.300797 1.364529 2.332450
v 2.819449 3.150053 2.080391
v 2.839930 2.699829 1.522521
v 1.498352 1.672055 0.918648
v 2.426332 3.356115 2.679369
v -2.306912 1.136299 1.921181
v 2.885590 2.997970 1.760640
v -1.655841 2.226594 3.378493
v 2.336456 2.123325 0.942920
v -0.937779 2.761200 3.706311
v -2.198157 1.695947 2.410574
v -1.502970 2.440206 3.409868
v 1.305493 3.310380 3.247228
v 1.636318 3.225294 2.856451
v -0.502896 3.185685 3.767693
v -2.081997 2.219416 3.245652
v 2.791275 3.331216 2.102578
v 1.690355 2.078260 0.846069
v -0.914130 1.265201 1.113033
v 0.170600 1.475160 0.973018
v 0.625519 1.356835 0.629772
v -0.886060 2.965414 3.623235
v 0.235122 3.370049 3.677175
v -1.717170 0.908773 1.285650
v 0.930965 3.388162 3.347430
v 2.482902 2.571208 1.153366
v 2.004766 3.361738 2.883802
v 2.735595 2.715877 1.234202
v -1.829192 2.485081 3.410015
v -2.391686 1.825288 2.770349
v -1.460930 2.778004 3.286222
v 2.701793 3.480584 2.256465
v 0.898888 1.768805 0.422611
v -2.325999 2.078788 2.917464
v -2.437758 1.817989 2.482330
v -1.175593 1.348470 1.293247
v -0.289130 3.615763 3.590668
v 0.463423 1.513457 0.849102
v 1.217812 1.842376 0.941751
v -1.454961 1.327986 1.093805
v 2.140340 2.361387 0.765943
v 0.519510 3.493643 3.472372
v -1.327205 2.851936 3.496381
v -0.695927 3.279012 3.657616
v 2.133518 3.586559 2.700960
v -2.409919 1.394195 2.004658
v -0.590044 1.350012 0.802656
v -0.034097 1.516152 0.276313
v -1.609992 1.021789 1.150954
v 1.362945 3.549059 3.148341
v -2.188462 1.166843 1.464546
v -2.293500 1.636615 2.081578
v 2.764048 2.931305 1.372003
v -2.156516 0.989270 1.223773
v 2.475379 3.698258 2.370846
v 0.897388 3.615073 3.300082
v 1.642015 3.563649 2.693683
v -2.035486 1.167816 0.889940
v -2.334907 2.379296 3.009265
v 2.771843 3.177485 1.516841
v 1.387200 3.725534 2.844705
v 2.738364 2.607969 1.032848
v 3.014629 2.882909 1.231569
v -2.201238 2.694574 3.202593
v -2.453656 1.275098 1.839846
v 2.875745 3.451387 1.697481
v 0.206615 3.709975 3.507986
v -1.010739 3.249539 3.589715
v 0.275596 1.612382 0.615455
v -1.903204 1.318884 1.213149
v -1.201323 3.172109 3.355211
v 0.221488 1.408684 0.035725
v 1.729788 2.356570 0.909131
v 0.055254 1.595781 0.579368
v 0.964973 1.963648 0.602793
v -2.501963 2.217759 2.702210
v 2.727342 2.522493 0.736996
v 3.098011 2.826499 0.866215
v 0.667522 3.725926 3.295237
v 0.714162 1.287231 0.012647
v 1.809952 2.383078 0.690640
v -1.963859 2.669912 3.328073
v 1.053656 3.847694 3.161844
v -0.129142 3.801073 3.477773
v -1.421546 2.987378 3.236328
v 0.489998 0.224316 -1.445688
v -2.568110 1.527652 1.478129
v 1.927137 3.803607 2.578705
v 3.072513 2.777009 0.591957
v 2.801127 2.573496 0.455622
v -2.256469 1.837984 2.241753
v 0.444585 3.897909 3.320940
v -2.622772 1.778867 2.029657
v 2.877609 3.398480 1.427197
v -2.251353 1.270204 1.268865
v 0.743089 1.488931 -0.031353
v -0.840450 3.568501 3.374687
v -1.751505 3.001270 3.185818
v 2.270662 3.930347 2.341201
v -0.882358 1.666731 0.862148
v -0.474867 1.404139 0.458123
v 1.651123 3.960209 2.441174
v -2.747648 1.557840 1.719277
v 0.563622 1.353463 -0.235679
v 3.236079 3.287103 0.892202
v 2.625669 3.783355 1.928193
v 0.581254 0.453371 -1.497507
v -0.018779 0.946781 -0.497145
v -2.172761 1.391163 1.273735
v -2.077889 1.334542 1.075547
v 0.570486 0.078680 -1.925224
v 0.117008 3.964326 3.286560
v 3.257490 3.118753 0.387200
v -2.507045 2.055638 2.237871
v 3.127186 3.400784 1.232596
v 0.167349 0.997139 -0.639195
v 1.508337 3.831267 2.622281
v -1.786387 1.508027 1.066026
v -0.079905 1.220382 -0.358948
v -2.377385 2.751287 2.865590
v -0.072059 -0.025995 -1.932542
v 0.255032 0.544395 -1.192349
v 2.834793 2.736079 0.086092
v 0.418439 0.160616 -2.197228
v -1.423348 3.319671 3.269432
v 0.638682 1.989209 0.444404
v 2.412032 3.946880 2.061153
v -2.510419 2.599282 2.641827
v 3.278686 3.306925 0.559191
v 0.923475 2.132668 0.461529
v -0.653717 1.871136 0.316090
v -2.303611 1.766040 1.134710
v -1.656153 3.425470 3.108306
v 0.491287 0.896997 -0.988159
v -2.610096 2.333028 2.414103
v 2.772439 3.773101 1.422884
v -2.618184 1.966717 2.042026
v 1.976551 4.072833 2.213563
v 2.452071 2.872933 0.306945
v 0.825199 4.074253 2.990529
v -0.566738 0.709629 -1.265743
v -0.620910 1.054723 -0.897788
v 0.630548 1.843921 -0.317637
v 3.037186 3.003945 0.151806
v 1.285311 4.154291 2.868217
v -2.993009 1.748659 1.831740
v -0.572380 1.468407 0.296592
v -0.655013 1.966717 0.741192
v 0.926810 2.529793 0.371098
v 0.685964 1.035335 -1.327653
v 0.946741 0.770511 -2.371617
v 0.551781 4.079853 2.998546
v -2.064759 3.085855 2.860883
v -2.537808 1.627563 1.270714
v 3.109623 3.704525 1.043855
v -0.017834 0.284421 -2.403116
v 0.893122 1.201499 -1.155987
v 2.829758 3.160735 0.342652
v 2.858227 2.941542 0.357318
v -1.781970 1.889065 0.566895
v -1.797610 3.239742 2.904234
v -1.325869 3.580747 3.227887
v -3.085435 1.731550 1.416277
v -1.971087 1.673648 0.913967
v -0.581195 1.668584 -0.003731
v -1.091079 3.668887 3.147869
v -1.005134 3.826488 3.265760
v -2.942483 2.078795 1.995812
v 0.870298 2.323498 0.268537
v -2.725848 2.361219 2.140846
v 0.780751 1.304917 -1.048526
v 0.956031 4.299474 2.967796
v -0.047655 4.185339 3.221097
v 1.478358 4.302380 2.711089
v 0.342987 4.207925 3.174873
v -2.501132 2.438137 2.260098
v -2.380706 2.910613 2.468653
v -0.719662 4.084076 3.101720
v -0.606235 0.378763 -2.262998
v 1.682945 4.175551 2.519646
v -0.755550 2.007439 0.485029
v -3.189663 1.993265 1.682166
v -2.293912 3.016514 2.724344
v 2.412580 3.935558 1.825387
v 2.102447 4.127133 1.985182
v -2.914699 1.692015 1.173077
v 0.757481 2.346666 -0.115678
v 3.174347 3.699458 0.699060
v 1.730503 4.393139 2.380222
v 1.523768 2.779938 0.306588
v 0.360668 4.382550 2.901666
v -0.346289 4.075161 3.158680
v -2.744322 1.684484 0.880558
v 3.264921 3.506013 0.232947
v 2.741081 4.200922 1.306177
v 1.981422 4.131407 1.782393
v 2.461765 4.215424 1.488721
v 1.511822 4.581196 2.518733
v 1.088567 2.710423 0.098383
v 1.286629 4.615104 2.726947
v -1.419487 3.758671 3.060703
v 0.660244 4.439169 2.890835
v 0.835406 1.522173 -2.191197
v 0.748609 2.490400 0.035298
v 0.666544 1.695240 -1.740841
v -3.115278 2.334454 1.980336
v 3.025594 4.098861 1.068707
v 1.057661 4.739625 2.740871
v 2.325646 4.023749 1.603572
v -2.539617 2.737632 2.273567
v -2.112940 3.256562 2.691290
v -0.410378 0.373580 -2.346391
v -0.010186 0.892688 -2.318983
v -1.769937 3.465503 2.733627
v -2.757208 2.665544 2.115045
v 2.937326 3.358310 -0.263043
v 1.839279 4.403595 2.071515
v 2.949299 3.432433 0.059589
v 3.156011 4.018581 0.739424
v -1.114479 1.912582 0.389162
v 1.717845 2.802932 0.009950
v -0.974210 3.987161 2.991071
v 0.058758 4.436801 2.981837
v -2.522421 1.912399 0.924019
v 2.619601 3.555189 -0.105257
v 0.433012 0.629184 -2.447709
v 2.040260 2.945364 0.048339
v -3.338398 2.271962 1.553982
v 3.241857 3.532006 -0.192455
v -0.409290 4.279512 3.010133
v 0.798206 4.817014 2.703109
v -3.305108 2.021391 1.113373
v -2.315099 3.283472 2.514088
v 1.916657 4.327592 1.705435
v 0.843052 2.200695 -0.531077
v -1.803329 3.671594 2.712631
v -2.936987 2.745695 2.079636
v -0.179167 0.631434 -2.294741
v -2.516597 3.004591 2.178808
v 0.764608 2.793690 0.100597
v 0.487933 4.629553 2.880752
v -1.319731 3.920481 2.751429
v 3.307800 3.839800 0.095973
v -0.730373 1.381343 -0.846313
v 0.580087 0.891560 -2.404999
v 1.489954 2.766616 -0.096454
v -0.933717 1.771225 -0.563708
v -2.359079 2.113269 0.834135
v 0.865617 2.232594 -0.977380
v -1.456889 2.040511 0.029470
v 3.086297 4.071525 0.471819
v 2.142775 4.387619 1.543046
v 1.756843 3.080322 -0.012783
v -2.794637 2.001362 0.748870
v -3.054154 2.777757 1.931121
v -3.122483 2.074642 0.679444
v 2.817143 4.490609 1.037295
v 1.326010 4.787543 2.246703
v -3.247685 2.577790 1.719287
v -2.193179 3.649725 2.609388
v 1.868008 3.343148 -0.245463
v 2.469275 4.531335 1.413775
v -1.578607 3.837869 2.683005
v 1.664774 4.690195 2.061395
v -2.551725 3.326629 2.349160
v -1.958247 3.621908 2.640867
v -0.655820 1.052134 -2.283264
v -0.180551 4.512655 2.739482
v -0.027223 1.115906 -2.720358
v 2.995663 4.257752 0.753075
v 3.005698 3.516406 -0.496917
v 0.115619 4.664014 2.619951
v -0.750855 4.550714 2.834117
v 3.119786 4.150659 0.224147
v -2.672580 3.225993 1.959009
v -0.645567 1.919774 -1.202813
v 1.721632 4.619298 1.568063
v 1.721661 4.705405 1.761824
v 1.109630 2.900014 -0.652797
v 1.255137 4.972589 2.370551
v -1.097957 4.367381 2.830380
v -3.117863 2.843377 1.748425
v -1.341055 4.138102 2.815717
v 0.311173 4.906928 2.627566
v -3.382037 2.648689 1.187049
v -0.999543 2.473816 0.338708
v -2.843591 3.184172 1.843851
v 0.925659 4.974530 2.581577
v -2.523812 3.611008 2.429182
v 1.410206 4.848985 2.016187
v -2.006756 3.877240 2.638407
v -1.691908 3.971360 2.557012
v 0.649140 2.263830 -1.243451
v -0.796226 2.495717 0.202489
v -2.806569 2.289720 0.762744
v -1.257880 2.289260 -0.027157
v -0.383276 4.710440 2.667581
v -2.444360 2.363636 0.694401
v -0.883922 2.681854 0.426978
v 2.336480 3.754378 -0.200257
v -0.681922 2.231236 -0.459428
v 2.945969 4.468406 0.499607
v -0.900003 2.678936 0.148498
v -1.149094 2.487400 0.164401
v -0.502849 2.584069 -0.122557
v -0.960958 2.774939 0.433024
v -3.313944 2.822651 1.428659
v 0.364586 1.328920 -2.854089
v 2.505439 4.911094 1.101160
v -1.507439 4.247445 2.526341
v -3.374897 2.465015 0.797670
v 3.195057 4.060168 -0.136657
v -3.107783 3.081181 1.519038
v -2.750671 3.412521 2.215362
v -0.489369 2.775060 0.315208
v -0.571965 2.851704 0.417921
v 0.237522 2.963363 0.068775
v 0.289140 2.840464 -0.275608
v -0.728814 2.789897 0.400448
v 2.725463 3.536899 -0.550757
v -1.843268 4.170264 2.606524
v -0.777927 0.967476 -2.571857
v 2.851326 4.280389 -0.171255
v -0.692011 2.829598 0.383821
v -0.671025 2.817341 0.393538
v 3.084251 3.990100 -0.369005
v -1.642629 2.627816 0.312355
v 2.186559 4.872444 1.377448
v -2.447627 3.885554 2.347361
v -0.673674 2.833029 0.376777
v -2.589719 2.638881 0.841279
v -1.979879 2.619002 0.400261
v 0.444817 5.153460 2.447811
v -0.531061 2.608344 -0.443841
v 2.783927 4.664038 0.859212
v 0.278176 1.789412 -2.174260
v -0.615365 2.915067 0.132511
v 2.885763 4.597831 0.255488
v -3.014995 2.439891 0.577491
v 1.693806 3.591816 -0.229042
v -1.246057 4.550681 2.590861
v -0.728499 2.457929 -0.525176
v 1.944689 3.708396 -0.243831
v 0.183927 3.150396 -0.003461
v 0.454497 1.812194 -2.446139
v 0.908558 5.145965 2.292024
v 2.634255 3.851730 -0.458736
v -0.803925 4.813980 2.566245
v -0.197613 4.832943 2.346357
v -0.520843 1.082765 -2.820522
v 0.212420 2.457247 -0.907935
v -2.288807 4.180238 2.412809
v 2.991554 3.798583 -0.511125
v 0.578043 2.603492 -0.863330
v 1.077628 5.202007 2.021634
v 2.027117 3.891285 -0.038656
v -2.763492 3.671518 2.018766
v 1.466010 4.947832 1.580402
v 0.599003 3.159814 -0.212960
v 2.049449 4.990764 1.225856
v -0.482300 2.797252 -0.236898
v 1.366366 3.704009 -0.344452
v -0.002499 3.047351 -0.514345
v -2.993331 2.592937 0.686553
v 1.585425 4.742168 1.403929
v -0.776306 2.239702 -1.506296
v 1.275666 5.106881 1.835558
v 2.689389 3.875028 -0.765083
v -2.231804 2.914136 0.519588
v -0.691118 4.902524 2.230818
v 0.790164 3.564666 -0.235121
v -2.867721 3.311722 1.546268
v -2.621105 3.961931 2.066143
v -2.960570 3.514320 1.679188
v -0.568767 2.054840 -1.738369
v -3.202731 3.058768 1.135857
v -1.399388 4.503910 2.353865
v -1.523607 2.961100 -0.109567
v 0.047338 5.102784 2.248653
v 2.239776 4.174638 -0.141900
v -0.833525 2.191391 -1.661846
v -0.974964 2.508040 -0.589576
v -3.282166 2.854849 0.739751
v 2.617103 4.935262 0.706145
v 2.437385 4.125248 -0.322116
v -0.404975 2.258769 -1.506930
v -3.132431 2.630117 0.777457
v 1.714746 3.975590 -0.278877
v 0.701126 3.485434 -0.159976
v -2.492394 3.009666 0.525395
v -0.432515 2.915980 -0.349461
v 2.740595 4.083120 -0.434842
v -0.309337 1.602205 -2.315394
v -2.260650 2.928522 0.433160
v 2.648052 4.294915 -0.108017
v -1.987212 4.440469 2.366534
v -0.582387 2.833950 -0.594753
v -0.301795 2.700525 -0.847806
v 0.620600 5.301445 2.147711
v -1.018873 4.801920 2.267940
v -3.140876 3.257641 1.201527
v 1.531036 4.978849 1.202663
v 0.106335 3.595332 -0.196201
v -0.434449 4.941630 2.057438
v 2.667347 4.552649 -0.075889
v 1.168829 5.129302 1.379898
v 2.517318 4.212424 -0.487160
v 2.355040 4.010603 -0.528888
v -1.324546 2.807815 -0.570076
v -0.055717 3.554316 -0.113293
v -0.097488 5.070544 1.992027
v 0.016017 3.316742 -0.416121
v 1.176320 4.926396 1.151815
v -0.475788 2.936943 -0.448079
v -0.670149 2.975584 -0.299175
v -2.730813 4.017848 1.816935
v -0.960398 3.130115 -0.430384
v -2.260292 2.996761 0.091374
v -1.369762 4.642891 2.140146
v 2.070974 5.203544 0.855319
v 1.737640 5.176349 0.995901
v 1.535594 5.116838 1.022730
v 0.579837 5.304686 1.941328
v 2.548320 4.998558 0.285230
v 0.690454 4.089884 -0.100310
v -2.968399 3.725209 1.492728
v -0.692459 3.106051 -1.119031
v -0.395392 3.306518 -0.451577
v 1.591565 4.346680 0.005086
v 0.901012 5.325163 1.635300
v -2.496947 4.360080 2.069724
v -2.902839 3.024069 0.350215
v -1.893762 3.197595 0.055917
v -2.992898 3.542829 1.276236
v 0.268944 5.131340 1.882939
v 2.134681 4.537883 -0.179435
v -3.088758 2.831925 0.505155
v -1.787607 4.730374 2.066654
v -1.079606 4.711512 2.043988
v 2.313271 5.179458 0.596753
v 2.574448 4.806634 0.147652
v -0.835279 3.359214 -0.306576
v -1.550763 2.985384 -0.302439
v 1.398254 4.189564 0.034920
v 0.541635 3.830273 -0.228363
v -2.523911 2.937006 0.214132
v -0.785149 3.381393 -0.868006
v -2.174512 4.556083 2.071425
v -1.295211 4.724272 1.788563
v -2.843586 4.045082 1.484764
v 1.993777 4.799905 -0.212182
v -0.930760 4.798969 1.850198
v -2.651311 3.147883 0.162695
v -0.700228 4.954952 1.944278
v -3.241367 3.340545 0.905601
v 0.160318 3.931150 -0.211366
v -0.197271 3.740405 -0.516276
v 1.095573 5.188272 1.039906
v -2.828889 3.717643 1.095106
v 0.846410 5.259645 1.400350
v 0.189118 5.598457 1.637168
v -3.267123 3.126217 0.602905
v -0.858110 3.378675 -0.111013
v 0.001806 3.762697 -0.353832
v -1.556232 4.835878 1.864191
v -0.619047 3.461411 -0.271737
v 0.875509 4.377452 -0.125388
v -0.891686 5.065319 1.854351
v -0.117745 5.518612 1.737308
v -0.361297 5.424514 1.877936
v 1.277835 4.755139 -0.183990
v -2.520573 4.401491 1.672408
v 0.367144 4.176831 -0.309726
v 2.361697 5.015275 -0.003226
v -2.062822 3.275153 -0.154970
v -0.418339 3.587550 -0.363958
v 0.466686 5.350008 1.553411
v 1.305403 4.509524 -0.000415
v -0.879526 3.652351 -0.319582
v -0.477240 5.278221 1.826823
v -1.304142 3.091089 -1.062527
v 1.614566 5.321906 0.682495
v -2.788588 3.252673 0.149936
v 1.265298 5.232350 0.577781
v 1.694859 4.792959 -0.050356
v -2.225792 4.642248 1.646211
v -2.509130 3.835229 1.147485
v -2.472547 3.820964 0.890041
v 1.047049 5.055009 0.837518
v -0.559944 3.909440 -0.171825
v -3.044044 3.267073 0.448634
v -1.982853 4.748480 1.865937
v -1.874733 3.362898 -0.328514
v -1.293520 4.958948 1.638376
v -2.239853 4.119532 0.863529
v -2.861000 3.371313 0.535992
v -2.975725 3.609633 0.745394
v 2.090631 5.199784 0.136021
v -2.708991 3.031060 -0.153075
v -0.964521 3.401926 -0.534526
v -2.098286 3.424845 -0.491944
v 0.612241 4.393299 -0.055170
v 0.868272 5.457270 0.965673
v 0.656379 5.491382 1.282155
v -0.714322 4.022427 -0.259886
v -2.665706 4.069584 1.137390
v 0.400574 4.332207 -0.019107
v -1.580886 4.822822 1.597506
v -0.878112 3.648038 -0.539570
v -2.603322 3.192454 -0.397369
v -2.787647 3.544080 0.233360
v 0.142053 4.248875 0.011961
v -2.715965 3.961768 0.581568
v -0.843364 5.410850 1.744305
v 1.040205 5.315419 0.579387
v 1.859313 5.355708 0.389021
v -1.150570 3.770013 -0.163286
v 0.025569 4.212352 -0.215028
v -1.252715 5.199244 1.611955
v 1.942278 5.203785 -0.147043
v 0.883513 5.429626 0.677990
v -2.508141 4.330120 1.245751
v -1.839666 4.826545 1.556176
v 0.901694 4.689038 -0.317693
v -2.430673 4.016709 0.711489
v 1.462338 5.058301 -0.183650
v -1.143704 3.748020 -0.393460
v -0.321159 4.171300 -0.374028
v -0.950833 3.950465 -0.299369
v 1.137694 4.919150 -0.385072
v -2.305047 4.451138 1.162125
v -0.011947 4.771318 -0.015553
v -2.434554 4.272229 0.697331
v -3.006362 3.502694 -0.112803
v -1.015578 3.587431 -1.033996
v -1.893350 4.765415 1.295578
v 0.342629 4.579412 -0.325161
v -0.997506 3.847225 -0.558756
v 1.420261 5.277817 0.144049
v -2.809816 3.216403 -0.483090
v 1.574438 5.232925 -0.054717
v -2.075366 4.662436 1.079869
v -2.057207 4.472536 0.874055
v 0.646079 4.751781 -0.556140
v -0.724810 5.755914 1.427062
v -2.071608 3.758153 -0.442395
v -1.851969 3.952781 -0.588368
v -1.457008 5.151954 1.421943
v 0.096761 5.736814 1.376004
v -0.999092 5.576366 1.419959
v -1.524019 4.186535 -0.699273
v 0.379651 5.797804 1.115926
v -0.971780 4.112089 -0.435826
v -2.829236 3.831721 0.111687
v -0.810198 4.018120 -0.848009
v 0.547612 5.662297 0.896845
v -0.292661 4.514726 -0.123468
v -1.755744 5.024393 1.302859
v -2.640409 3.220180 -0.700484
v -1.294783 5.417743 1.502540
v -0.329339 4.447413 -0.528411
v -0.511549 5.714676 1.507985
v -2.885465 3.459462 -0.630661
v 0.973129 5.107035 -0.380077
v 0.582457 5.680033 0.507760
v -2.540348 3.547870 -0.585143
v -0.178902 5.878848 1.369852
v 0.114813 4.864580 -0.132890
v -1.906833 4.777220 0.854258
v 0.342760 4.893497 -0.279671
v 1.084009 4.819684 -0.649658
v -1.572734 5.178116 1.162456
v -2.451207 4.433742 0.540247
v 0.770712 5.436531 0.239125
v -2.435528 3.792100 -0.519909
v -2.197788 4.610421 0.710567
v -2.682681 4.313222 0.348070
v -2.956400 3.791800 -0.402449
v -1.833345 5.068771 0.789884
v -0.902815 4.328183 -0.524577
v -0.314135 4.820764 -0.343399
v -2.466311 3.494881 -0.851952
v 0.108122 5.897571 0.892631
v 0.633825 5.022628 -0.478425
v -0.662679 4.420197 -0.680936
v -2.308981 4.730672 0.436201
v -2.718988 4.328442 0.012829
v 0.347400 5.773310 0.691445
v 0.929389 5.269917 -0.174505
v -1.357858 5.553460 1.129434
v -1.760934 4.146824 -0.764481
v -1.705490 4.937683 0.392477
v 0.692368 5.398540 0.114336
v -0.396814 5.959668 1.128329
v -2.032146 4.870123 0.508981
v 0.320998 5.122463 -0.143999
v -1.058097 4.237164 -0.914047
v -0.975463 4.266521 -0.920061
v 0.491525 5.296061 0.019643
v -1.459311 5.393143 0.864999
v -2.451728 3.874217 -0.690610
v 0.094527 5.118823 -0.422332
v -0.068349 4.986403 -0.368380
v -0.916368 5.720042 1.086889
v -1.026681 4.222252 -0.985683
v -2.567196 4.586220 0.111584
v -0.507262 4.844823 -0.627347
v -2.655816 3.857927 -0.804535
v -2.674252 4.112916 -0.555516
v -2.824229 4.094241 -0.233820
v 0.140255 5.416409 -0.185203
v -0.485358 4.666588 -0.799854
v -0.604909 4.454542 -0.992638
v 0.451710 5.646577 -0.001393
v 0.218825 5.861042 0.376471
v -1.125176 5.648961 0.834911
v -1.284364 4.532785 -0.817822
v -0.901770 4.397773 -1.147873
v -0.914913 5.840284 0.792693
v -1.041217 4.273105 -0.984830
v -0.526648 5.098838 -0.331983
v -1.611782 5.131694 0.460211
v -0.249231 5.928411 0.910991
v -0.597055 5.909864 0.745253
v -2.293499 4.858508 0.109879
v -1.025753 4.271105 -0.992774
v -1.028659 4.411017 -0.980818
v -1.506204 5.447135 0.490769
v -1.085242 4.257513 -1.070711
v -2.493721 4.062648 -0.754094
v -2.172570 4.260815 -1.051719
v -1.568697 5.104117 0.185339
v -0.644337 4.693942 -1.137931
v 0.197876 5.702521 0.002773
v -0.068644 5.652628 -0.055998
v -1.226483 5.675357 0.407775
v -0.073077 5.864518 0.378796
v -0.426460 5.396388 -0.355149
v -2.615291 4.503311 -0.392275
v -1.709739 4.481655 -1.050092
v -2.404423 4.724849 -0.160918
v -0.272693 5.912753 0.498069
v -1.846982 5.041511 0.052955
v -0.852992 4.941661 -0.912388
v -0.712704 5.821441 0.437077
v -0.884205 5.259103 -0.521555
v -1.432997 5.184069 -0.143386
v -2.354135 4.325994 -0.934002
v -0.966594 4.799111 -1.004242
v -2.543466 4.428519 -0.789122
v -1.703528 5.058602 -0.285260
v -1.030367 5.775804 0.208949
v -1.477061 5.413908 -0.096243
v -1.333637 5.589957 -0.029509
v -0.198293 5.827305 0.136615
v -1.527532 4.820691 -1.162893
v -0.591535 5.773365 0.098558
v -1.992884 4.529462 -1.127009
v -1.143672 5.296795 -0.420808
v -0.818365 5.706704 -0.142031
v -2.007488 5.037235 -0.413841
v -0.956723 5.245349 -0.865115
v -0.739564 5.540609 -0.317694
v -1.879741 4.966996 -0.878127
v -2.330308 4.876245 -0.700522
v -1.081226 5.090266 -1.124842
v -1.199319 5.294611 -0.682965
v -1.595776 5.174585 -0.776548
v -2.177088 4.780627 -0.969885
v -1.365590 5.112488 -1.133334
vn -0.8731 0.2920 0.3903
vn -0.8124 -0.2768 -0.5132
vn -0.4235 -0.2473 -0.8715
vn 0.2824 0.3613 -0.8886
vn -0.6939 0.4790 0.5376
vn -0.1638 0.9865 -0.0045
vn 0.7779 -0.6053 -0.1690
vn -0.4625 -0.8800 -0.1080
vn 0.4684 -0.8826 -0.0400
vn -0.5858 0.8101 -0.0219
vn -0.0688 0.9957 -0.0616
vn 0.0270 0.9383 0.3447
vn 0.2834 -0.6600 0.6958
vn -0.1714 -0.8489 0.4999
vn 0.4727 -0.7762 0.4172
vn 0.2467 -0.9532 0.1747
vn 0.5676 -0.4492 0.6899
vn -0.1327 -0.8746 0.4664
vn 0.1116 -0.5878 0.8013
vn 0.5707 -0.5579 0.6025
vn 0.4069 -0.7132 0.5708
vn 0.5442 -0.7064 0.4526
vn 0.0963 -0.6616 0.7436
vn 0.2089 -0.8893 0.4069
vn 0.2353 -0.8023 0.5486
vn 0.5194 -0.2153 0.8269
vn 0.6352 -0.6971 0.3326
vn 0.4358 -0.9000 0.0106
vn -0.6068 -0.7945 -0.0230
vn 0.0205 -0.9805 -0.1953
vn 0.4355 -0.8108 0.3910
vn 0.3902 -0.2641 0.8820
vn -0.4670 -0.8549 0.2258
vn 0.0517 -0.9580 -0.2821
vn -0.3743 -0.6762 0.6346
vn 0.4332 -0.8960 -0.0979
vn 0.7012 -0.7026 0.1214
vn 0.1808 -0.9641 -0.1945
vn 0.5911 -0.7511 0.2940
vn -0.2895 -0.9116 0.2918
vn -0.0531 -0.6310 0.7740
vn 0.0879 -0.2139 0.9729
vn -0.1124 -0.9934 -0.0235
vn 0.6664 -0.6760 0.3145
vn 0.5820 -0.4942 0.6458
vn 0.4679 -0.8465 0.2539
vn 0.2310 -0.4431 0.8662
vn -0.6623 -0.5451 0.5141
vn 0.5082 -0.5523 0.6609
vn 0.2203 -0.9700 -0.1027
vn 0.2622 -0.2668 0.9274
vn -0.4301 -0.7789 0.4563
vn 0.7184 -0.6078 0.3382
vn 0.0489 -0.5549 0.8305
vn 0.1805 -0.0357 0.9829
vn 0.0858 0.0682 0.9940
vn -0.2226 -0.9701 -0.0970
vn 0.7561 -0.1315 0.6412
vn 0.9242 -0.2246 0.3089
vn 0.6922 -0.7030 0.1635
vn 0.7057 -0.6146 0.3526
vn 0.5346 -0.4597 -0.7091
vn 0.5915 -0.5218 0.6147
vn -0.1357 -0.9686 0.2085
vn -0.4891 -0.3797 0.7853
vn -0.3990 -0.1745 0.9002
vn 0.7163 -0.1957 0.6698
vn 0.1857 -0.9078 -0.3761
vn 0.5543 0.2115 0.8050
vn 0.3326 0.0126 0.9430
vn 0.1222 -0.2424 -0.9624
vn 0.3536 -0.7882 -0.5036
vn -0.4792 -0.5269 0.7020
vn -0.8082 -0.4014 -0.4309
vn 0.4650 -0.3942 0.7927
vn -0.2999 -0.8877 0.3495
vn -0.4879 -0.7641 0.4220
vn -0.6010 -0.6956 -0.3936
vn 0.3742 0.1824 0.9092
vn -0.1367 -0.6921 -0.7087
vn -0.4234 -0.9012 -0.0922
vn 0.9278 -0.3730 -0.0066
vn 0.7943 -0.3348 0.5069
vn 0.8852 -0.3722 -0.2790
vn 0.0441 -0.0506 0.9977
vn -0.6109 -0.4409 -0.6576
vn 0.6779 0.1860 0.7113
vn -0.0890 -0.0166 0.9959
vn 0.3040 -0.2639 0.9154
vn 0.4979 -0.8418 -0.2086
vn 0.9512 -0.0464 0.3052
vn 0.3422 -0.9362 0.0808
vn 0.3300 -0.0447 0.9429
vn -0.3499 -0.5315 0.7714
vn -0.2356 -0.3006 0.9242
vn -0.1705 -0.8970 0.4078
vn 0.2301 0.6498 -0.7244
vn -0.1763 0.2568 -0.9503
vn -0.2182 0.3345 -0.9168
vn 0.6470 -0.3302 0.6873
vn 0.8428 -0.0776 0.5325
vn -0.5114 0.7345 -0.4462
vn 0.0938 -0.7688 0.6326
vn -0.4192 0.7506 -0.5108
vn -0.6453 -0.0701 -0.7607
vn -0.2331 -0.6475 0.7255
vn -0.0502 -0.9951 -0.0856
vn -0.4865 -0.6425 0.5920
vn 0.4603 -0.8799 -0.1183
vn 0.0264 -0.1089 -0.9937
vn 0.0449 -0.8652 0.4994
vn 0.2726 -0.7123 0.6467
vn 0.4195 0.1929 0.8870
vn -0.2789 -0.9569 0.0809
vn 0.2289 -0.5319 0.8153
vn 0.6149 -0.6294 0.4752
vn -0.2387 -0.6557 0.7163
vn 0.1079 -0.1438 0.9837
vn -0.6755 0.3661 -0.6401
vn -0.1298 0.7954 -0.5920
vn 0.6849 -0.6939 -0.2224
vn 0.9316 -0.3633 -0.0109
vn 0.9544 -0.0105 0.2982
vn -0.1153 -0.4005 0.9090
vn 0.1851 -0.1679 0.9683
vn 0.6520 -0.2305 0.7223
vn -0.0450 -0.3825 0.9229
vn 0.5569 -0.3061 0.7721
vn -0.3666 -0.2026 -0.9081
vn -0.5270 -0.7103 -0.4667
vn -0.7045 -0.1410 -0.6956
vn -0.0757 -0.9447 -0.3189
vn -0.2962 -0.6842 0.6664
vn -0.0526 -0.1454 -0.9880
vn -0.1645 -0.7243 -0.6695
vn 0.0727 -0.4743 0.8774
vn 0.8223 -0.3559 0.4441
vn -0.4480 -0.8320 0.3272
vn 0.0595 -0.3386 -0.9391
vn -0.3100 -0.3799 0.8715
vn -0.3224 -0.8918 -0.3174
vn 0.0409 -0.1022 -0.9939
vn -0.5498 -0.8353 0.0017
vn 0.7742 0.2579 0.5780
vn -0.0611 -0.3165 0.9466
vn 0.1386 -0.2338 0.9624
vn -0.5594 -0.6127 0.5583
vn 0.5800 -0.5491 -0.6018
vn 0.2851 -0.2498 0.9254
vn -0.0506 -0.3488 -0.9358
vn 0.6656 -0.1188 0.7368
vn 0.3312 -0.1645 0.9291
vn -0.5261 -0.4176 0.7409
vn 0.2472 -0.1231 0.9611
vn -0.3712 -0.2889 -0.8825
vn -0.0503 -0.4250 0.9038
vn 0.5419 -0.1335 0.8298
vn 0.9601 0.1294 0.2481
vn 0.0455 0.0800 0.9958
vn -0.5292 -0.1378 0.8372
vn 0.8733 -0.4846 -0.0508
vn 0.6759 -0.1809 0.7145
vn -0.3990 -0.6799 -0.6153
vn 0.6816 -0.1002 0.7249
vn 0.7730 0.0031 0.6343
vn 0.1085 0.0344 0.9935
vn -0.5153 -0.7487 -0.4171
vn 0.1956 -0.3916 -0.8991
vn -0.0811 -0.2916 -0.9531
vn 0.0985 -0.1528 0.9833
vn -0.7377 0.3673 -0.5665
vn -0.5188 -0.3503 0.7798
vn 0.8552 -0.1713 0.4892
vn 0.2791 0.0663 0.9580
vn 0.5883 -0.8083 0.0210
vn -0.3930 -0.5452 -0.7405
vn -0.4169 -0.0616 -0.9069
vn 0.2472 -0.1619 -0.9553
vn 0.2105 0.3693 -0.9052
vn -0.1896 0.2931 -0.9371
vn -0.4645 -0.4821 0.7428
vn 0.7474 0.1822 0.6389
vn 0.3136 0.1707 0.9341
vn 0.9372 0.3001 0.1781
vn -0.1425 -0.8386 -0.5258
vn 0.3885 -0.7370 -0.5530
vn 0.6760 -0.1167 -0.7276
vn 0.0747 0.0167 -0.9971
vn 0.8309 0.5061 0.2310
vn 0.0171 -0.4384 -0.8986
vn -0.5016 0.7299 -0.4644
vn -0.2905 0.2448 -0.9250
vn 0.2364 0.1187 0.9644
vn -0.2645 -0.0264 0.9640
vn -0.2100 -0.2114 -0.9546
vn -0.8251 -0.1652 0.5403
vn -0.5766 -0.7728 -0.2651
vn -0.6628 -0.4682 0.5844
vn -0.1235 -0.1620 0.9790
vn -0.0451 0.5386 -0.8414
vn 0.5331 0.3913 0.7501
vn 0.9688 -0.1508 0.1968
vn -0.7828 -0.5813 0.2220
vn -0.2541 -0.0856 0.9634
vn 0.1900 -0.5753 -0.7955
vn 0.7148 -0.3319 0.6155
vn 0.8765 -0.0665 -0.4769
vn 0.2947 -0.1093 0.9493
vn 0.7533 -0.0126 0.6575
vn 0.4903 0.0107 0.8715
vn -0.5279 -0.1572 0.8346
vn -0.6621 -0.0846 0.7446
vn -0.2766 -0.0729 0.9582
vn 0.9441 -0.2314 0.2347
vn 0.2132 -0.0848 -0.9733
vn 0.5816 0.4598 0.6711
vn -0.7213 -0.4219 0.5494
vn 0.4655 -0.0834 0.8811
vn -0.2388 -0.4563 -0.8572
vn -0.1283 -0.7216 -0.6803
vn 0.2487 -0.5905 -0.7678
vn 0.2814 0.2192 0.9342
vn 0.1608 -0.4278 0.8895
vn 0.4147 0.1388 0.8993
vn 0.8450 -0.5094 0.1629
vn -0.7888 -0.3961 -0.4701
vn -0.5166 -0.8549 -0.0486
vn -0.0503 -0.8229 -0.5659
vn 0.3304 -0.5338 -0.7784
vn 0.1589 0.5363 0.8289
vn -0.5401 0.0998 0.8357
vn -0.8302 -0.4817 0.2805
vn -0.5086 -0.5083 0.6950
vn 0.4478 -0.2423 -0.8607
vn -0.1736 0.0833 0.9813
vn 0.2606 -0.0312 0.9649
vn 0.9656 0.1911 -0.1761
vn -0.4667 -0.5297 0.7083
vn 0.8017 0.5021 -0.3242
vn 0.3834 0.2008 -0.9015
vn 0.2687 -0.5856 -0.7647
vn 0.3774 -0.5260 -0.7622
vn 0.2944 -0.5920 -0.7503
vn 0.5826 -0.5325 -0.6141
vn -0.3562 -0.2142 0.9095
vn -0.2933 -0.0393 0.9552
vn -0.8358 -0.4156 0.3588
vn -0.6768 -0.7086 -0.1997
vn 0.1179 -0.6465 -0.7537
vn -0.4466 -0.1128 0.8876
vn 0.6303 -0.0343 0.7756
vn 0.3034 -0.4283 -0.8512
vn -0.2370 0.1067 -0.9656
vn -0.1491 -0.9376 -0.3142
vn 0.3170 0.3418 0.8847
vn -0.5888 -0.7482 -0.3056
vn 0.1605 0.2374 0.9581
vn 0.3683 0.6498 0.6649
vn 0.2330 -0.0032 -0.9725
vn 0.5222 0.1989 0.8293
vn 0.1667 0.1929 0.9669
vn 0.3863 0.0872 -0.9183
vn 0.6367 0.1997 -0.7448
vn -0.4192 -0.7408 -0.5249
vn 0.1115 -0.4957 -0.8613
vn 0.9593 -0.2738 0.0692
vn 0.2634 0.1042 0.9591
vn -0.4313 -0.9022 0.0092
vn 0.8286 -0.4690 -0.3058
vn 0.8901 0.0541 0.4526
vn 0.6115 0.0032 0.7912
vn -0.3122 -0.1023 0.9445
vn -0.3940 -0.3272 0.8589
vn 0.3033 0.3880 0.8703
vn 0.5598 0.2959 0.7740
vn 0.2144 0.1605 0.9635
vn -0.7738 -0.4504 0.4454
vn -0.6120 -0.1321 0.7798
vn -0.3416 -0.7669 0.5432
vn -0.6163 -0.4835 0.6215
vn 0.7159 0.2587 0.6486
vn -0.0498 0.0922 -0.9945
vn -0.5962 -0.5499 0.5849
vn 0.7515 0.2348 -0.6165
vn 0.1246 -0.8140 -0.5673
vn 0.5491 0.4176 0.7239
vn -0.3114 0.1693 -0.9351
vn 0.3661 0.5120 -0.7771
vn -0.3265 0.2409 0.9140
vn 0.4766 0.6182 -0.6250
vn 0.1547 -0.1012 -0.9828
vn -0.5073 -0.5480 -0.6651
vn 0.0071 -0.1116 0.9937
vn -0.9317 -0.0035 0.3633
vn 0.5012 0.4274 0.7524
vn -0.8357 -0.5358 0.1208
vn 0.5023 0.4010 -0.7661
vn 0.3966 0.3995 0.8265
vn 0.9905 0.0973 0.0969
vn 0.2330 0.3934 0.8893
vn 0.9477 -0.1341 -0.2896
vn 0.5809 -0.0782 0.8102
vn -0.3187 0.3415 0.8842
vn 0.2053 0.2589 0.9438
vn 0.4938 0.4364 0.7522
vn -0.6626 -0.1546 0.7329
vn 0.9409 0.2029 0.2712
vn -0.0635 -0.8574 -0.5107
vn 0.3065 -0.8109 -0.4985
vn -0.3370 -0.9409 -0.0330
vn 0.9766 0.0777 -0.2004
vn -0.9564 -0.2843 -0.0664
vn 0.0884 0.3729 0.9237
vn 0.5806 0.2073 0.7873
vn 0.6119 -0.7748 -0.1589
vn 0.6277 -0.7735 0.0871
vn -0.4731 0.2883 0.8325
vn 0.8480 0.3763 0.3732
vn -0.0049 -0.3379 -0.9412
vn -0.7445 -0.6541 -0.1338
vn 0.9356 -0.2232 0.2735
vn -0.2113 0.1418 0.9671
vn 0.6672 0.4096 0.6221
vn -0.8341 -0.4036 0.3761
vn -0.8390 -0.1673 0.5178
vn -0.7399 0.3209 0.5912
vn 0.1331 -0.5861 -0.7993
vn -0.2849 -0.9582 -0.0261
vn -0.8254 -0.3669 -0.4290
vn 0.0857 -0.6186 -0.7810
vn -0.4777 0.4085 0.7778
vn -0.1324 0.5725 0.8092
vn 0.6103 -0.0023 -0.7922
vn -0.1954 0.3732 0.9069
vn 0.3450 0.5795 0.7384
vn 0.2258 -0.5471 -0.8060
vn 0.3337 0.5704 0.7505
vn 0.2484 -0.4509 -0.8573
vn 0.7535 0.3521 -0.5552
vn -0.7322 -0.3209 0.6007
vn -0.8949 -0.3017 -0.3288
vn 0.3130 0.4285 0.8476
vn 0.2389 0.5727 0.7842
vn -0.6276 -0.5754 -0.5244
vn 0.8820 -0.3481 -0.3176
vn -0.6945 -0.0455 0.7181
vn -0.0647 -0.9423 0.3286
vn 0.7069 0.5904 0.3894
vn 0.1274 -0.9886 0.0805
vn 0.3221 -0.9173 0.2341
vn 0.9886 -0.1092 0.1038
vn -0.1930 0.1204 -0.9738
vn -0.6693 0.3878 0.6338
vn 0.2677 0.5212 0.8104
vn -0.8232 -0.5509 0.1370
vn -0.5031 -0.7927 -0.3443
vn 0.9654 0.2463 0.0851
vn 0.7464 -0.5101 0.4274
vn -0.6094 0.3536 0.7097
vn -0.2134 0.2925 0.9322
vn -0.5410 0.3583 0.7609
vn 0.7777 -0.5997 0.1884
vn -0.0096 -0.5156 -0.8568
vn 0.0406 0.0576 -0.9975
vn 0.8387 -0.3181 -0.4421
vn -0.3001 -0.9524 -0.0530
vn -0.8512 -0.0340 0.5237
vn 0.6681 -0.0685 -0.7409
vn -0.9231 -0.0266 0.3835
vn 0.3934 0.5290 0.7519
vn 0.0120 -0.8919 -0.4521
vn 0.3863 -0.5491 -0.7411
vn -0.8679 -0.4456 0.2195
vn 0.4280 -0.8951 0.1248
vn 0.5680 -0.6878 0.4521
vn 0.4316 0.5671 0.7015
vn -0.5651 0.3207 0.7601
vn 0.7308 0.4735 0.4917
vn -0.0558 0.6592 0.7499
vn -0.3239 -0.6188 -0.7157
vn -0.5724 -0.7658 -0.2931
vn 0.7978 -0.5907 -0.1209
vn 0.4092 0.5973 0.6898
vn -0.5296 -0.1317 0.8380
vn -0.8399 -0.3863 0.3812
vn -0.9542 -0.0970 -0.2829
vn 0.1775 0.6170 0.7667
vn 0.8474 0.1812 0.4991
vn 0.8826 0.1464 0.4467
vn 0.7137 0.6937 0.0970
vn 0.0325 -0.8102 -0.5852
vn -0.6360 -0.7498 0.1826
vn 0.3174 0.8300 0.4587
vn -0.2038 0.6342 0.7459
vn 0.6483 -0.7606 0.0348
vn 0.9826 -0.0523 0.1782
vn -0.4168 0.6051 0.6783
vn 0.9492 -0.2050 -0.2388
vn -0.0049 0.9180 -0.3966
vn -0.6522 0.0970 -0.7518
vn 0.4569 0.3504 0.8176
vn 0.7876 0.1714 0.5918
vn -0.6922 -0.7089 0.1354
vn -0.2241 -0.6469 -0.7289
vn 0.5100 -0.5780 0.6370
vn -0.3023 -0.9530 0.0218
vn 0.6109 -0.7908 -0.0375
vn 0.1763 -0.8732 0.4543
vn -0.2766 -0.7801 0.5612
vn 0.0961 -0.8160 0.5700
vn -0.3874 -0.4320 -0.8145
vn -0.8558 0.3890 0.3410
vn 0.2584 -0.6737 -0.6924
vn 0.0498 0.6382 0.7683
vn -0.4782 0.1182 0.8703
vn -0.9275 0.3058 0.2149
vn 0.8574 -0.2668 0.4402
vn 0.0955 0.5530 0.8277
vn 0.9998 -0.0082 0.0171
vn -0.7996 -0.5913 0.1051
vn 0.5348 0.8316 0.1498
vn 0.0872 -0.6809 0.7271
vn -0.2630 -0.6249 -0.7351
vn 0.8243 0.0745 -0.5612
vn -0.6727 0.4629 0.5773
vn 0.6445 -0.6050 0.4674
vn -0.9475 0.0551 0.3150
vn -0.2389 -0.3559 0.9035
vn 0.4559 -0.4101 -0.7899
vn 0.1819 -0.5585 -0.8093
vn 0.4467 -0.4316 -0.7837
vn 0.7495 0.4825 0.4533
vn 0.4662 0.3142 0.8270
vn 0.5494 0.7255 0.4146
vn -0.6549 -0.5302 0.5385
vn -0.6805 -0.5111 0.5251
vn -0.6655 -0.6013 0.4422
vn 0.9880 -0.1525 0.0236
vn -0.0156 -0.9779 -0.2085
vn -0.3813 0.6742 0.6325
vn -0.3429 0.5418 0.7674
vn 0.8425 -0.1805 -0.5075
vn 0.8981 0.2477 0.3634
vn 0.2711 0.6413 0.7178
vn 0.0210 -0.3472 -0.9376
vn 0.9711 -0.2288 0.0682
vn -0.9049 -0.1343 -0.4038
vn -0.4174 -0.3897 -0.8209
vn 0.1383 -0.9198 -0.3672
vn -0.3919 -0.6871 -0.6119
vn -0.6387 0.5519 0.5362
vn 0.7425 -0.3664 -0.5607
vn 0.5314 0.8460 -0.0434
vn -0.6725 -0.7336 -0.0977
vn 0.9851 -0.1491 0.0853
vn -0.3778 0.6330 0.6757
vn -0.4915 0.3781 0.7846
vn 0.9532 0.2500 -0.1701
vn -0.5152 -0.2355 0.8241
vn -0.5208 0.0621 0.8514
vn -0.5938 -0.7874 0.1656
vn 0.1694 0.2783 0.9455
vn -0.5670 -0.4626 -0.6816
vn 0.2197 -0.8350 -0.5045
vn 0.4282 0.7124 0.5560
vn -0.4076 -0.8704 -0.2760
vn -0.8689 0.3261 0.3724
vn -0.2183 0.6687 0.7108
vn 0.6158 -0.7485 -0.2460
vn 0.7269 0.1077 0.6783
vn -0.9210 0.2765 0.2745
vn -0.7036 0.6434 0.3015
vn -0.8365 -0.3628 0.4107
vn 0.8530 -0.0090 0.5219
vn -0.9242 -0.3575 0.1341
vn 0.1244 0.9922 -0.0042
vn -0.7836 -0.5554 -0.2786
vn 0.8682 -0.4643 0.1748
vn -0.0473 0.4947 0.8678
vn 0.7691 0.4503 0.4536
vn 0.9694 0.2221 0.1042
vn 0.1598 0.6435 0.7486
vn -0.0641 0.5939 0.8020
vn 0.5169 0.7062 0.4838
vn 0.9905 -0.1373 -0.0004
vn 0.0182 -0.8134 -0.5814
vn 0.5418 0.6139 0.5741
vn 0.1903 -0.9813 -0.0290
vn 0.8621 0.4773 -0.1704
vn 0.4358 0.4770 0.7633
vn -0.1093 -0.9790 0.1722
vn -0.7261 -0.0792 0.6831
vn 0.6657 0.3665 0.6500
vn 0.3646 0.2645 0.8928
vn 0.6181 0.7458 0.2486
vn 0.8663 0.3052 0.3955
vn 0.1929 0.5505 0.8122
vn -0.4085 0.7210 0.5597
vn 0.9680 -0.2104 0.1371
vn -0.7151 0.3206 0.6212
vn -0.4706 0.5612 0.6809
vn 0.0694 0.3763 0.9239
vn -0.5766 0.4642 0.6724
vn -0.2178 -0.8482 -0.4828
vn 0.8833 -0.1848 -0.4308
vn 0.0545 -0.7239 -0.6877
vn -0.4313 0.1973 0.8804
vn 0.3291 -0.8220 -0.4648
vn 0.9407 0.3381 -0.0283
vn 0.8891 0.4052 -0.2129
vn -0.6259 0.4979 0.6003
vn -0.7778 -0.5303 -0.3373
vn 0.9042 -0.4106 0.1174
vn 0.2549 -0.5091 -0.8221
vn 0.3964 -0.4095 -0.8217
vn -0.0498 -0.2457 -0.9681
vn -0.1928 -0.7154 -0.6716
vn 0.9322 0.2783 0.2313
vn -0.0663 0.6883 0.7224
vn 0.1079 0.5818 0.8061
vn 0.3840 0.3876 0.8380
vn 0.2023 0.8423 0.4996
vn -0.1903 -0.5788 -0.7929
vn -0.9608 -0.2125 0.1780
vn 0.5119 -0.8032 -0.3047
vn -0.5148 0.5585 0.6504
vn 0.3080 -0.1795 -0.9343
vn -0.2217 0.1795 0.9585
vn 0.5620 -0.8158 0.1366
vn -0.8907 -0.4329 -0.1385
vn -0.1168 0.4895 0.8641
vn -0.7863 0.0807 0.6125
vn -0.5350 0.0777 0.8412
vn 0.9249 0.1313 -0.3568
vn 0.0307 -0.3700 -0.9285
vn 0.9941 0.1075 0.0165
vn 0.6819 0.6066 0.4086
vn -0.9217 -0.0222 -0.3872
vn -0.4557 0.3856 0.8022
vn 0.3232 -0.5242 -0.7879
vn 0.8994 0.4272 0.0925
vn 0.2238 -0.1923 -0.9555
vn -0.6076 0.6519 0.4537
vn 0.8029 0.4591 0.3801
vn -0.5951 -0.4297 -0.6791
vn 0.7560 0.5611 0.3371
vn -0.3053 -0.5269 -0.7932
vn -0.4385 -0.4752 -0.7628
vn 0.2976 -0.1996 -0.9336
vn -0.2724 0.6937 0.6668
vn -0.8025 -0.2473 0.5429
vn 0.4894 0.4021 0.7738
vn 0.7178 0.6499 0.2497
vn -0.3551 0.0826 0.9312
vn -0.3902 0.2310 0.8913
vn -0.8763 0.2130 0.4320
vn 0.0038 0.7764 0.6303
vn -0.3849 -0.1642 -0.9082
vn 0.8746 0.4846 0.0180
vn 0.5052 -0.5564 -0.6597
vn 0.7600 0.6349 -0.1389
vn -0.3454 0.5224 0.7796
vn -0.1944 0.6379 0.7452
vn 0.1734 -0.7003 -0.6925
vn 0.8153 0.5790 -0.0116
vn -0.8247 0.1418 0.5475
vn -0.9731 -0.1668 -0.1588
vn 0.5236 0.8010 0.2901
vn 0.8080 0.5506 0.2099
vn -0.7941 0.4411 0.4181
vn -0.5096 -0.0016 0.8604
vn -0.9600 0.2794 -0.0167
vn -0.4201 0.5563 0.7170
vn -0.6702 0.2400 0.7023
vn -0.9821 0.1742 0.0723
vn -0.5782 0.5570 0.5962
vn -0.1656 0.6330 0.7563
vn -0.0000 0.2950 0.9555
vn 0.4027 0.0489 -0.9140
vn 0.1224 0.7366 0.6652
vn 0.6441 0.7176 0.2648
vn 0.3881 0.7319 -0.5601
vn 0.1301 -0.1476 -0.9804
vn -0.2265 0.3283 0.9170
vn -0.4245 0.1511 -0.8927
vn 0.1105 0.8086 0.5779
vn -0.4766 0.4939 -0.7273
vn -0.8724 0.4673 -0.1437
vn -0.2175 -0.0677 -0.9737
vn 0.1586 0.2383 -0.9582
vn -0.3706 0.8007 -0.4706
vn 0.9138 0.4047 -0.0358
vn 0.0465 0.2809 -0.9586
vn -0.8767 0.4328 -0.2100
vn 0.7658 -0.2771 -0.5804
vn 0.5344 0.5905 -0.6048
vn 0.7047 -0.7094 -0.0124
vn -0.8753 0.4389 0.2028
vn 0.8522 0.4546 -0.2588
vn -0.3569 0.5518 0.7538
vn -0.7727 -0.0290 0.6341
vn 0.1748 0.0801 -0.9813
vn -0.9054 0.0899 -0.4150
vn 0.3260 0.6153 0.7177
vn -0.8535 0.1524 -0.4983
vn 0.8106 0.5327 0.2434
vn -0.3562 -0.6299 -0.6902
vn 0.0384 0.3374 0.9406
vn 0.6382 0.2692 -0.7213
vn -0.5876 0.8055 0.0768
vn 0.4879 -0.6837 -0.5427
vn 0.0838 0.9181 0.3874
vn -0.2960 0.1268 -0.9467
vn 0.5997 0.3741 -0.7074
vn 0.4472 0.8200 0.3573
vn -0.8974 0.2674 -0.3509
vn 0.2205 -0.2720 0.9367
vn 0.0002 0.5823 -0.8130
vn -0.5963 -0.2170 -0.7728
vn -0.3411 -0.1502 -0.9279
vn -0.2305 -0.9465 0.2259
vn -0.7419 0.5627 0.3646
vn 0.7632 0.5595 -0.3233
vn -0.0248 -0.0932 -0.9953
vn -0.4401 -0.2937 0.8486
vn -0.4645 0.7281 0.5040
vn -0.8254 -0.4729 -0.3082
vn -0.2657 0.5054 -0.8210
vn 0.2171 0.4580 -0.8620
vn 0.0491 0.8477 -0.5283
vn 0.3994 0.0027 -0.9168
vn -0.6810 0.3331 0.6521
vn 0.2330 0.9108 -0.3409
vn 0.3194 0.8682 0.3798
vn -0.1105 -0.0536 -0.9924
vn 0.3051 0.9028 -0.3030
vn -0.0515 0.8419 0.5371
vn -0.9059 0.2126 0.3663
vn -0.5199 -0.5313 0.6689
vn 0.1446 0.9404 -0.3078
vn -0.5946 0.4400 0.6729
vn 0.3276 0.5517 -0.7670
vn 0.0733 0.7658 -0.6389
vn 0.2008 0.2813 -0.9384
vn 0.3946 0.9032 0.1688
vn 0.0882 0.1078 -0.9902
vn -0.1059 0.9040 0.4143
vn 0.5843 0.7703 -0.2554
vn -0.2148 0.8871 0.4086
vn -0.7543 0.3868 -0.5305
vn -0.2596 -0.0416 -0.9648
vn 0.2603 0.8784 0.4009
vn -0.5957 -0.7033 0.3880
vn 0.0787 0.2891 -0.9540
vn 0.3264 0.2634 -0.9078
vn -0.6367 -0.6471 -0.4194
vn 0.1883 0.8301 0.5249
vn 0.5541 0.8247 0.1132
vn -0.7893 0.3797 0.4826
vn -0.9300 -0.3265 -0.1689
vn -0.8419 0.3100 0.4417
vn -0.4301 0.8637 0.2628
vn -0.3106 0.8000 0.5134
vn -0.5481 -0.7855 -0.2873
vn -0.9798 0.0495 0.1940
vn -0.9499 0.2949 0.1031
vn -0.0293 0.9825 0.1837
vn -0.3487 -0.1600 -0.9235
vn -0.9028 0.0585 -0.4260
vn 0.2103 0.6715 -0.7106
vn 0.6678 0.7345 0.1209
vn -0.7631 0.5130 -0.3931
vn -0.6917 0.1649 -0.7031
vn -0.8380 0.3595 -0.4105
vn -0.5385 0.4464 -0.7147
vn -0.6773 -0.7289 -0.1001
vn -0.4969 -0.7671 0.4057
vn -0.0484 0.0887 -0.9949
vn -0.4212 0.1102 -0.9003
vn -0.0201 0.1376 -0.9903
vn -0.1691 -0.9203 -0.3527
vn -0.5354 -0.8311 0.1507
vn 0.4571 0.7288 -0.5098
vn -0.4441 0.6953 -0.5650
vn 0.1480 0.7429 -0.6529
vn 0.4039 0.3842 -0.8302
vn -0.3260 0.9454 0.0063
vn 0.4132 0.5397 -0.7334
vn -0.1985 0.6864 0.6996
vn 0.6490 -0.5902 -0.4801
vn -0.0161 0.9887 0.1494
vn -0.1742 0.7850 0.5945
vn 0.5652 0.7831 -0.2596
vn -0.2770 0.7473 -0.6040
vn 0.2643 0.4172 -0.8695
vn -0.9885 -0.1512 0.0073
vn 0.4490 0.8840 -0.1303
vn 0.4592 0.7177 -0.5235
vn 0.3619 -0.3074 -0.8801
vn 0.5996 0.7998 0.0266
vn -0.8559 0.3942 0.3346
vn -0.8760 0.4585 0.1496
vn -0.8248 0.5066 0.2511
vn 0.9692 -0.0650 -0.2377
vn -0.0676 0.8500 0.5224
vn -0.0439 0.8504 0.5243
vn 0.8618 0.4982 -0.0955
vn -0.0829 -0.8340 -0.5455
vn -0.0704 0.0707 -0.9950
vn 0.3033 0.8934 0.3314
vn -0.1197 0.8578 0.4999
vn 0.6396 0.7101 -0.2945
vn 0.4543 0.5415 -0.7074
vn -0.3338 0.0652 -0.9404
vn -0.0347 0.9402 0.3388
vn 0.2099 0.9541 -0.2137
vn -0.1440 -0.7304 -0.6677
vn -0.3424 -0.4855 -0.8044
vn 0.0547 0.2276 -0.9722
vn -0.6261 0.6677 0.4027
vn -0.0892 0.7669 0.6356
vn 0.1589 0.0324 -0.9868
vn -0.4896 -0.4861 -0.7239
vn 0.0849 0.8038 -0.5888
vn -0.1374 0.8768 0.4608
vn -0.9521 0.2738 0.1363
vn -0.2926 0.9502 -0.1076
vn 0.5348 0.8391 0.0999
vn 0.6094 0.3739 -0.6992
vn -0.6583 -0.7527 -0.0029
vn 0.5377 0.4499 -0.7131
vn -0.2591 0.9651 0.0376
vn 0.3440 0.3604 -0.8670
vn -0.3017 0.1875 -0.9348
vn -0.0863 0.9263 0.3669
vn -0.8316 0.2127 -0.5130
vn -0.3658 0.2316 -0.9014
vn -0.3723 0.8043 0.4631
vn 0.8988 0.4338 -0.0626
vn -0.5553 -0.6968 -0.4540
vn 0.0081 0.0577 -0.9983
vn 0.1458 0.8626 0.4845
vn -0.1995 -0.0938 -0.9754
vn -0.4759 -0.8556 -0.2035
vn -0.4879 0.7218 0.4909
vn -0.2551 0.8101 0.5279
vn 0.0880 -0.0151 -0.9960
vn -0.8946 0.4389 0.0838
vn 0.0044 0.3018 -0.9534
vn -0.5627 0.8167 0.1274
vn 0.8537 0.4979 -0.1526
vn 0.4050 0.9115 0.0721
vn 0.6313 0.1098 -0.7677
vn 0.0817 0.9800 0.1816
vn -0.5073 0.8614 -0.0255
vn -0.6829 0.7302 0.0206
vn 0.3944 -0.2165 -0.8931
vn -0.3436 0.9267 0.1522
vn 0.1565 0.6879 0.7087
vn 0.7927 0.0035 -0.6097
vn -0.4135 0.2927 0.8622
vn 0.9836 0.0653 0.1679
vn -0.2179 0.6552 0.7233
vn 0.5522 0.5905 -0.5885
vn 0.3780 0.7893 0.4839
vn -0.6326 0.4692 -0.6162
vn -0.5999 0.7643 -0.2368
vn 0.3322 0.8034 0.4942
vn -0.5918 -0.0956 -0.8004
vn -0.4703 0.5153 0.7164
vn 0.5488 0.3214 -0.7717
vn -0.5247 0.2518 -0.8132
vn -0.0449 0.9641 0.2619
vn -0.4646 0.7420 -0.4833
vn -0.1162 0.3438 -0.9318
vn -0.2745 -0.3267 -0.9044
vn 0.2972 0.9171 -0.2656
vn 0.2203 -0.8227 -0.5240
vn 0.6403 0.7599 0.1124
vn -0.5193 -0.8535 0.0429
vn -0.9412 -0.3351 -0.0434
vn -0.5318 0.4665 0.7068
vn -0.5185 0.8540 0.0427
vn 0.0357 0.9647 0.2609
vn -0.8538 0.5206 0.0048
vn -0.6700 0.7419 -0.0255
vn -0.4886 0.3611 -0.7943
vn -0.1550 0.8931 0.4223
vn -0.3954 -0.8878 -0.2354
vn -0.1879 -0.0423 -0.9813
vn 0.0549 0.9980 -0.0323
vn -0.6088 0.7237 -0.3250
vn 0.7051 0.7017 0.1020
vn -0.5991 0.6932 -0.4006
vn 0.0030 -0.1666 -0.9860
vn -0.5746 0.4088 0.7090
vn -0.7142 0.3263 -0.6193
vn -0.2348 -0.4709 -0.8504
vn 0.1598 -0.5168 -0.8411
vn 0.6216 0.7320 0.2790
vn 0.2693 -0.7999 -0.5363
vn -0.2487 0.6338 0.7324
vn 0.4626 0.8821 0.0888
vn 0.8920 0.2733 0.3599
vn -0.9653 0.0842 0.2472
vn 0.2198 0.4451 -0.8681
vn -0.5222 0.3960 0.7553
vn 0.0354 0.7135 -0.6998
vn 0.6832 0.7233 -0.1008
vn -0.4159 0.1456 -0.8977
vn -0.2284 0.9686 -0.0984
vn -0.8849 0.2155 0.4130
vn 0.2817 0.6038 -0.7457
vn 0.2418 0.0046 -0.9703
vn 0.9789 0.1988 -0.0481
vn 0.6107 0.1163 -0.7833
vn 0.2885 -0.0346 -0.9568
vn 0.2865 -0.3929 -0.8738
vn 0.2544 -0.7150 -0.6512
vn -0.5924 0.7022 -0.3948
vn -0.5782 0.3890 0.7172
vn 0.1092 -0.3972 -0.9112
vn 0.8210 0.2677 -0.5042
vn 0.1120 0.2774 -0.9542
vn -0.4185 -0.4348 -0.7973
vn -0.9826 -0.0630 0.1745
vn -0.6978 0.7163 -0.0029
vn 0.0151 0.9867 -0.1617
vn -0.5511 -0.7006 -0.4532
vn 0.8091 0.1949 0.5544
vn -0.6972 0.6556 0.2900
vn 0.1228 0.8874 -0.4443
vn -0.1466 0.7649 0.6272
vn -0.2888 -0.2856 -0.9138
vn -0.7093 0.6743 -0.2054
vn -0.8461 0.4610 0.2677
vn -0.2252 0.9276 0.2979
vn -0.6733 0.5537 0.4900
vn -0.3676 0.7974 0.4786
vn -0.2148 -0.3052 -0.9277
vn 0.7426 -0.5063 -0.4385
vn 0.3901 0.8443 0.3673
vn 0.9170 0.0891 -0.3887
vn -0.1241 -0.2336 -0.9644
vn 0.6523 0.1482 -0.7434
vn 0.5813 0.8135 0.0158
vn -0.1814 -0.2387 -0.9540
vn -0.9219 0.2372 0.3064
vn 0.1483 -0.7222 -0.6756
vn 0.4891 -0.1168 -0.8644
vn 0.4735 0.8516 0.2247
vn 0.7513 -0.2003 -0.6288
vn 0.1254 0.7298 -0.6720
vn -0.4929 0.4702 0.7321
vn 0.5232 0.8468 -0.0962
vn 0.1234 0.9147 0.3849
vn 0.3272 0.8972 -0.2966
vn -0.7665 0.6199 0.1678
vn -0.8201 -0.1982 -0.5368
vn -0.1551 -0.3771 -0.9131
vn 0.5278 -0.1929 -0.8272
vn -0.6141 0.7576 0.2214
vn 0.5531 -0.4087 -0.7260
vn -0.6991 0.5386 0.4704
vn 0.7594 0.2462 -0.6022
vn -0.5851 0.5370 0.6076
vn -0.9000 0.3605 -0.2452
vn -0.8906 0.4389 -0.1191
vn -0.5257 0.2977 -0.7969
vn 0.5945 -0.7684 -0.2368
vn -0.8457 0.4696 0.2534
vn 0.0989 0.8247 -0.5568
vn 0.2381 0.9648 -0.1113
vn -0.3047 0.5764 -0.7582
vn -0.5371 0.8303 0.1491
vn -0.8572 0.5078 0.0851
vn 0.3432 0.9377 -0.0551
vn 0.6060 -0.1458 -0.7820
vn 0.5381 -0.7652 -0.3535
vn 0.1539 -0.7048 -0.6925
vn 0.2299 0.7534 -0.6160
vn -0.5280 0.7009 0.4796
vn -0.5877 0.8086 -0.0286
vn -0.0926 0.9920 0.0858
vn -0.3872 0.9004 0.1984
vn -0.9000 0.4356 -0.0156
vn 0.2294 0.5473 -0.8049
vn -0.3608 -0.0298 -0.9322
vn 0.2683 0.3033 -0.9143
vn 0.3497 -0.5133 -0.7838
vn -0.7073 0.7052 -0.0500
vn 0.3138 -0.6092 -0.7283
vn 0.0521 0.9971 -0.0552
vn 0.7160 0.3925 -0.5773
vn 0.4270 0.0403 -0.9034
vn 0.0324 -0.4002 -0.9158
vn -0.3069 -0.7694 -0.5602
vn -0.7465 0.6554 0.1151
vn 0.3144 0.5241 -0.7915
vn -0.3121 0.9333 0.1775
vn -0.0727 -0.0266 -0.9970
vn -0.8068 0.5162 -0.2875
vn -0.1029 0.9784 -0.1791
vn 0.5475 0.4902 -0.6782
vn -0.8218 0.3676 -0.4353
vn 0.9549 -0.2834 0.0882
vn -0.3459 -0.1269 -0.9296
vn -0.4745 0.8734 0.1094
vn 0.6910 -0.5924 -0.4143
vn -0.0952 -0.2725 -0.9574
vn 0.2422 0.9505 -0.1946
vn -0.1527 0.9835 -0.0973
vn -0.5181 0.8545 0.0378
vn -0.9458 0.3061 0.1079
vn 0.3678 -0.8740 0.3176
vn -0.2423 -0.2788 -0.9293
vn -0.7908 0.6111 0.0343
vn -0.5992 -0.1150 -0.7923
vn -0.7780 0.0575 -0.6257
vn 0.3246 0.3107 -0.8934
vn -0.6879 0.7257 -0.0129
vn 0.3141 0.2745 -0.9088
vn -0.2808 0.9396 0.1956
vn -0.0862 0.6404 -0.7632
vn -0.5475 0.8363 0.0279
vn 0.0487 0.6945 -0.7178
vn 0.1443 0.9360 -0.3212
vn -0.8307 0.5362 -0.1500
vn -0.7314 0.6777 -0.0759
vn 0.1335 0.3880 -0.9119
vn 0.1752 -0.3591 -0.9167
vn -0.2799 -0.4917 -0.8245
vn -0.2748 0.9538 0.1214
vn -0.0587 0.9838 -0.1696
vn 0.5702 0.5867 -0.5750
vn -0.6875 0.6801 -0.2545
vn -0.0344 0.1139 -0.9929
vn -0.7621 0.2117 -0.6118
vn -0.5353 0.0586 -0.8426
vn 0.0776 0.8649 -0.4958
vn -0.2385 0.9711 -0.0009
vn 0.2450 0.7700 -0.5891
vn -0.8026 0.5049 -0.3175
vn -0.2534 0.9444 -0.2096
vn -0.2384 -0.1356 -0.9617
vn -0.5083 0.7780 -0.3693
vn -0.0574 0.9100 -0.4106
vn -0.0211 0.6326 -0.7742
vn -0.1369 0.1206 -0.9832
vn -0.3051 0.9506 -0.0563
vn 0.4570 0.7422 -0.4902
vn -0.1777 0.9078 -0.3800
vn -0.5675 0.7919 -0.2255
vn -0.1368 0.8453 -0.5165
vn -0.3505 0.8755 -0.3326
vn -0.3356 0.7655 -0.5490
vn 0.2419 0.3942 -0.8866
vn -0.0526 0.9875 -0.1487
vn -0.3694 0.6230 -0.6895
vn -0.2322 0.5468 -0.8044
vt 0.187576 0.591455
vt 0.187827 0.586867
vt 0.190406 0.588971
vt 0.261959 0.995886
vt 0.266081 0.994725
vt 0.265193 0.998552
vt 0.257556 0.997607
vt 0.260062 0.996706
vt 0.260685 0.999143
vt 0.328667 0.996533
vt 0.330494 0.994900
vt 0.330494 0.997612
vt 0.345937 0.814874
vt 0.341384 0.816720
vt 0.336718 0.817582
vt 0.338885 0.823347
vt 0.335367 0.836392
vt 0.339568 0.829827
vt 0.339915 0.837650
vt 0.544458 0.988703
vt 0.545592 0.990283
vt 0.538851 0.994739
vt 0.797085 0.189748
vt 0.763413 0.187083
vt 0.785406 0.169587
vt 0.782327 0.079258
vt 0.799149 0.083746
vt 0.780522 0.099385
vt 0.797812 0.115494
vt 0.797779 0.095659
vt 0.817392 0.069239
vt 0.796829 0.064956
vt 0.787758 0.204373
vt 0.761630 0.166577
vt 0.815866 0.089993
vt 0.811105 0.104955
vt 0.812159 0.170345
vt 0.774215 0.146662
vt 0.292566 0.553298
vt 0.314295 0.549287
vt 0.315358 0.561338
vt 0.795435 0.135603
vt 0.823655 0.190147
vt 0.748467 0.172185
vt 0.748176 0.162270
vt 0.932880 0.554055
vt 0.935040 0.546176
vt 0.952929 0.555940
vt 0.771392 0.204833
vt 0.234688 0.720262
vt 0.250368 0.727999
vt 0.237360 0.729388
vt 0.237269 0.707831
vt 0.247656 0.709193
vt 0.804511 0.157022
vt 0.812030 0.051578
vt 0.300884 0.542035
vt 0.042565 0.604262
vt 0.033430 0.601716
vt 0.035054 0.591983
vt 0.787376 0.214733
vt 0.813909 0.210250
vt 0.305138 0.583828
vt 0.291720 0.576842
vt 0.300174 0.598315
vt 0.780399 0.128390
vt 0.826387 0.154083
vt 0.830922 0.168900
vt 0.830777 0.073224
vt 0.845758 0.094883
vt 0.827250 0.097124
vt 0.846129 0.070192
vt 0.962303 0.544399
vt 0.949679 0.520646
vt 0.858684 0.096855
vt 0.928766 0.551887
vt 0.051951 0.495986
vt 0.063946 0.502097
vt 0.052625 0.507000
vt 0.823239 0.053746
vt 0.829023 0.109998
vt 0.231199 0.755768
vt 0.217301 0.751406
vt 0.222298 0.740586
vt 0.836591 0.201180
vt 0.831225 0.221271
vt 0.316070 0.590811
vt 0.846479 0.166447
vt 0.842445 0.150029
vt 0.221934 0.765964
vt 0.858742 0.054960
vt 0.846435 0.048483
vt 0.257478 0.714763
vt 0.349764 0.672664
vt 0.338643 0.682879
vt 0.342429 0.672006
vt 0.815422 0.134542
vt 0.936351 0.532222
vt 0.054992 0.470056
vt 0.035990 0.485921
vt 0.041486 0.458677
vt 0.876585 0.071913
vt 0.439719 0.411980
vt 0.453694 0.421111
vt 0.444522 0.426271
vt 0.855173 0.178404
vt 0.343926 0.683726
vt 0.304196 0.608741
vt 0.878236 0.090261
vt 0.259937 0.721450
vt 0.802719 0.237553
vt 0.247010 0.751419
vt 0.261936 0.746074
vt 0.070161 0.476759
vt 0.038067 0.885483
vt 0.045347 0.890453
vt 0.035328 0.897527
vt 0.849401 0.129288
vt 0.756210 0.851278
vt 0.777114 0.838037
vt 0.773813 0.860364
vt 0.084296 0.489499
vt 0.329655 0.568508
vt 0.424964 0.419035
vt 0.869602 0.191002
vt 0.761218 0.833782
vt 0.324747 0.599370
vt 0.477994 0.732247
vt 0.478940 0.745409
vt 0.463970 0.752416
vt 0.046024 0.898178
vt 0.861246 0.033457
vt 0.878959 0.027964
vt 0.234059 0.787293
vt 0.861395 0.149101
vt 0.753290 0.836668
vt 0.247770 0.775932
vt 0.336225 0.545881
vt 0.862062 0.120423
vt 0.332641 0.589520
vt 0.421144 0.431365
vt 0.897788 0.083327
vt 0.827424 0.235583
vt 0.884416 0.124890
vt 0.444785 0.453398
vt 0.899369 0.049332
vt 0.478081 0.334138
vt 0.472557 0.314038
vt 0.480702 0.328151
vt 0.937749 0.517108
vt 0.946780 0.504473
vt 0.856547 0.223320
vt 0.066289 0.449649
vt 0.051192 0.448981
vt 0.727835 0.164509
vt 0.711688 0.168334
vt 0.724740 0.153695
vt 0.718331 0.172975
vt 0.439137 0.834723
vt 0.421069 0.828192
vt 0.433618 0.820465
vt 0.452487 0.449051
vt 0.810034 0.252354
vt 0.873554 0.168792
vt 0.900257 0.067548
vt 0.430843 0.843142
vt 0.760918 0.871863
vt 0.682039 0.989290
vt 0.688309 0.980652
vt 0.693991 0.987093
vt 0.487224 0.315085
vt 0.488857 0.324253
vt 0.706437 0.973981
vt 0.709175 0.960772
vt 0.725892 0.963287
vt 0.964897 0.736564
vt 0.968197 0.723284
vt 0.975243 0.725745
vt 0.458668 0.739563
vt 0.096423 0.472435
vt 0.706158 0.153926
vt 0.089102 0.458087
vt 0.715652 0.145878
vt 0.441288 0.701483
vt 0.438574 0.717401
vt 0.421041 0.708048
vt 0.695094 0.977700
vt 0.125421 0.500560
vt 0.121442 0.511115
vt 0.107969 0.489668
vt 0.096884 0.512200
vt 0.705214 0.195023
vt 0.717327 0.187239
vt 0.715017 0.193455
vt 0.904903 0.098859
vt 0.690416 0.178638
vt 0.871547 0.129584
vt 0.877937 0.145128
vt 0.117127 0.487614
vt 0.127101 0.478145
vt 0.132272 0.492350
vt 0.832182 0.255771
vt 0.493032 0.195093
vt 0.490163 0.210405
vt 0.482010 0.201837
vt 0.807613 0.734556
vt 0.817698 0.732601
vt 0.806664 0.746793
vt 0.255005 0.792711
vt 0.895351 0.024147
vt 0.911772 0.030175
vt 0.109666 0.467058
vt 0.724001 0.947056
vt 0.703171 0.948084
vt 0.854347 0.250721
vt 0.905905 0.150150
vt 0.819568 0.275085
vt 0.792054 0.271895
vt 0.873740 0.209415
vt 0.720439 0.982266
vt 0.028946 0.816380
vt 0.036397 0.805495
vt 0.036848 0.821563
vt 0.825301 0.745116
vt 0.804527 0.764482
vt 0.982046 0.741629
vt 0.424782 0.439686
vt 0.418978 0.447750
vt 0.720560 0.925299
vt 0.796839 0.279271
vt 0.424601 0.857444
vt 0.436017 0.854326
vt 0.345134 0.634380
vt 0.348426 0.643104
vt 0.341126 0.644474
vt 0.956088 0.491080
vt 0.934605 0.481907
vt 0.951801 0.475006
vt 0.887054 0.178179
vt 0.904550 0.132883
vt 0.689119 0.210241
vt 0.703219 0.208024
vt 0.418319 0.735290
vt 0.438238 0.744710
vt 0.726959 0.935576
vt 0.109591 0.452638
vt 0.684096 0.165292
vt 0.680826 0.154816
vt 0.683586 0.196489
vt 0.918769 0.074683
vt 0.128260 0.452769
vt 0.897332 0.184292
vt 0.426001 0.746462
vt 0.096904 0.429560
vt 0.078820 0.430279
vt 0.477695 0.221118
vt 0.337017 0.872972
vt 0.334395 0.869785
vt 0.337874 0.865072
vt 0.886915 0.201004
vt 0.232963 0.808855
vt 0.507057 0.919500
vt 0.513600 0.911279
vt 0.515566 0.919332
vt 0.974899 0.753470
vt 0.887506 0.216474
vt 0.959454 0.759299
vt 0.883683 0.232129
vt 0.153198 0.460465
vt 0.849104 0.265848
vt 0.929837 0.464762
vt 0.871551 0.246867
vt 0.475561 0.492675
vt 0.473105 0.502806
vt 0.466096 0.492203
vt 0.151472 0.482792
vt 0.044762 0.822903
vt 0.640519 0.283855
vt 0.619310 0.288591
vt 0.642980 0.259689
vt 0.040600 0.618282
vt 0.037435 0.641228
vt 0.033040 0.626578
vt 0.582932 0.984489
vt 0.576175 0.972709
vt 0.585039 0.967666
vt 0.914780 0.048595
vt 0.838214 0.283194
vt 0.064847 0.410000
vt 0.054680 0.389524
vt 0.080019 0.395391
vt 0.909662 0.009101
vt 0.918145 0.117563
vt 0.850914 0.753781
vt 0.922189 0.096914
vt 0.653754 0.244560
vt 0.676773 0.260612
vt 0.890771 0.254848
vt 0.608566 0.921247
vt 0.604959 0.940457
vt 0.590544 0.923463
vt 0.843503 0.776903
vt 0.811905 0.778588
vt 0.974687 0.770237
vt 0.872054 0.266000
vt 0.634979 0.966035
vt 0.637544 0.957884
vt 0.655208 0.962669
vt 0.100567 0.399214
vt 0.661324 0.267202
vt 0.606430 0.304656
vt 0.615356 0.315281
vt 0.242142 0.819309
vt 0.259162 0.805651
vt 0.661664 0.178064
vt 0.965241 0.784288
vt 0.626694 0.956979
vt 0.807473 0.823203
vt 0.804938 0.813778
vt 0.815713 0.811190
vt 0.360352 0.974108
vt 0.365709 0.951815
vt 0.364464 0.970210
vt 0.678335 0.970766
vt 0.655750 0.982315
vt 0.114463 0.428924
vt 0.579363 0.337694
vt 0.580380 0.321521
vt 0.598490 0.315917
vt 0.029306 0.977304
vt 0.029276 0.964477
vt 0.036721 0.973421
vt 0.662761 0.284613
vt 0.924627 0.130927
vt 0.639977 0.306842
vt 0.368069 0.927495
vt 0.381413 0.933323
vt 0.928253 0.021372
vt 0.822344 0.825653
vt 0.813392 0.829048
vt 0.819480 0.794218
vt 0.943735 0.920606
vt 0.946730 0.902814
vt 0.966459 0.921941
vt 0.667829 0.163540
vt 0.935729 0.041344
vt 0.674939 0.959850
vt 0.403252 0.332991
vt 0.413372 0.321567
vt 0.419865 0.332729
vt 0.601741 0.983731
vt 0.622495 0.975312
vt 0.612691 0.991377
vt 0.600676 0.349015
vt 0.959058 0.899508
vt 0.133048 0.439528
vt 0.630408 0.992406
vt 0.624078 0.918170
vt 0.602207 0.974121
vt 0.661874 0.195127
vt 0.121157 0.413661
vt 0.867789 0.277193
vt 0.386710 0.948054
vt 0.660978 0.303333
vt 0.935708 0.070606
vt 0.174723 0.458225
vt 0.044323 0.378604
vt 0.043258 0.361469
vt 0.055711 0.372912
vt 0.612325 0.964425
vt 0.522864 0.911529
vt 0.535369 0.908422
vt 0.535404 0.921368
vt 0.939565 0.093449
vt 0.953644 0.928769
vt 0.690282 0.233445
vt 0.707943 0.235226
vt 0.684172 0.244728
vt 0.885838 0.276519
vt 0.508418 0.941782
vt 0.505698 0.939213
vt 0.510992 0.932200
vt 0.943785 0.935982
vt 0.726986 0.253066
vt 0.700565 0.255970
vt 0.140796 0.427883
vt 0.158442 0.427467
vt 0.067743 0.366892
vt 0.960937 0.079859
vt 0.530886 0.948410
vt 0.537419 0.956502
vt 0.523932 0.962013
vt 0.393982 0.311344
vt 0.387818 0.329777
vt 0.666186 0.223414
vt 0.682815 0.293340
vt 0.178755 0.437121
vt 0.617871 0.342484
vt 0.631072 0.940158
vt 0.982814 0.624111
vt 0.962494 0.648174
vt 0.946703 0.643174
vt 0.686099 0.963069
vt 0.836946 0.809127
vt 0.841832 0.821951
vt 0.545870 0.670540
vt 0.547558 0.684948
vt 0.544169 0.685684
vt 0.722197 0.234511
vt 0.635002 0.334676
vt 0.902626 0.275358
vt 0.698862 0.276527
vt 0.826336 0.831008
vt 0.374045 0.316939
vt 0.983577 0.900405
vt 0.957699 0.059322
vt 0.625323 0.895356
vt 0.649225 0.909051
vt 0.956783 0.601331
vt 0.539271 0.689061
vt 0.519914 0.679261
vt 0.534177 0.659773
vt 0.655112 0.325245
vt 0.586336 0.359613
vt 0.101707 0.376827
vt 0.645301 0.923314
vt 0.140469 0.406540
vt 0.189663 0.511386
vt 0.189824 0.522835
vt 0.188983 0.515148
vt 0.870359 0.775282
vt 0.031138 0.359185
vt 0.051366 0.336091
vt 0.894967 0.286847
vt 0.953595 0.033838
vt 0.134415 0.386743
vt 0.926922 0.007686
vt 0.948246 0.011462
vt 0.852456 0.783412
vt 0.037201 0.995597
vt 0.037318 0.992919
vt 0.037318 0.998261
vt 0.248191 0.995340
vt 0.244403 0.995340
vt 0.245752 0.994559
vt 0.036854 0.342179
vt 0.087183 0.361258
vt 0.968533 0.948171
vt 0.121461 0.381250
vt 0.200832 0.438053
vt 0.637329 0.215559
vt 0.871749 0.760073
vt 0.508970 0.691547
vt 0.509162 0.674442
vt 0.066945 0.343381
vt 0.640950 0.943376
vt 0.578729 0.373560
vt 0.717894 0.268642
vt 0.386476 0.293047
vt 0.918786 0.631230
vt 0.836761 0.615534
vt 0.867586 0.609491
vt 0.852867 0.628804
vt 0.541105 0.717178
vt 0.518818 0.710037
vt 0.703379 0.303429
vt 0.192331 0.461087
vt 0.209349 0.448430
vt 0.637406 0.192219
vt 0.042905 0.328791
vt 0.677894 0.317089
vt 0.828828 0.608388
vt 0.824258 0.616912
vt 0.442198 0.646421
vt 0.428633 0.650806
vt 0.440874 0.643259
vt 0.636714 0.349411
vt 0.599934 0.388985
vt 0.575917 0.384733
vt 0.988451 0.924224
vt 0.980976 0.937878
vt 0.364698 0.291134
vt 0.400833 0.288459
vt 0.974845 0.059285
vt 0.621767 0.368641
vt 0.660488 0.934314
vt 0.963133 0.043797
vt 0.737853 0.241146
vt 0.749588 0.255876
vt 0.725651 0.282227
vt 0.357200 0.292446
vt 0.990651 0.905691
vt 0.110955 0.358282
vt 0.754261 0.243260
vt 0.908346 0.602359
vt 0.162749 0.405969
vt 0.637145 0.369918
vt 0.660464 0.346834
vt 0.863705 0.790462
vt 0.718061 0.295086
vt 0.180956 0.402373
vt 0.093401 0.342556
vt 0.152720 0.392034
vt 0.139019 0.370367
vt 0.748091 0.272262
vt 0.324700 0.901864
vt 0.312454 0.903039
vt 0.303696 0.889806
vt 0.829775 0.639151
vt 0.162782 0.382677
vt 0.321561 0.885146
vt 0.970082 0.021536
vt 0.887540 0.755191
vt 0.879769 0.748747
vt 0.685176 0.330001
vt 0.413329 0.651661
vt 0.428607 0.676328
vt 0.513309 0.535138
vt 0.521091 0.529397
vt 0.513672 0.549641
vt 0.079820 0.327624
vt 0.985218 0.951230
vt 0.433629 0.664783
vt 0.408602 0.673007
vt 0.933629 0.582100
vt 0.128545 0.356262
vt 0.205638 0.411479
vt 0.743445 0.291613
vt 0.670613 0.916286
vt 0.624701 0.228661
vt 0.643432 0.234573
vt 0.304564 0.865847
vt 0.959895 0.008002
vt 0.651525 0.365522
vt 0.771558 0.255532
vt 0.628721 0.393299
vt 0.532444 0.557449
vt 0.321479 0.856267
vt 0.324875 0.873938
vt 0.680372 0.345327
vt 0.053451 0.305255
vt 0.117784 0.345511
vt 0.703735 0.321059
vt 0.031705 0.307830
vt 0.522861 0.566574
vt 0.150614 0.355043
vt 0.766058 0.268654
vt 0.367795 0.269071
vt 0.855727 0.641548
vt 0.478177 0.377022
vt 0.474004 0.362214
vt 0.480793 0.358568
vt 0.893374 0.746362
vt 0.305340 0.843335
vt 0.764165 0.240335
vt 0.770797 0.235027
vt 0.198463 0.393433
vt 0.722431 0.309741
vt 0.617870 0.179090
vt 0.635211 0.183263
vt 0.984759 0.986302
vt 0.994477 0.996520
vt 0.981530 0.996520
vt 0.105287 0.906754
vt 0.118383 0.904666
vt 0.109454 0.917741
vt 0.666820 0.362664
vt 0.538658 0.529245
vt 0.629597 0.240916
vt 0.636095 0.239593
vt 0.534394 0.542098
vt 0.117753 0.327135
vt 0.769884 0.286560
vt 0.865376 0.662913
vt 0.843608 0.672931
vt 0.608637 0.209836
vt 0.546031 0.558604
vt 0.134605 0.341835
vt 0.695555 0.352078
vt 0.180862 0.374762
vt 0.171752 0.362369
vt 0.101597 0.322733
vt 0.395966 0.250492
vt 0.525265 0.853108
vt 0.512751 0.861227
vt 0.507813 0.852356
vt 0.686867 0.928500
vt 0.603149 0.193925
vt 0.913080 0.582200
vt 0.078426 0.314763
vt 0.046916 0.279349
vt 0.424064 0.689132
vt 0.066936 0.297252
vt 0.742521 0.315093
vt 0.285498 0.866401
vt 0.651719 0.386436
vt 0.821727 0.662738
vt 0.373830 0.260297
vt 0.282438 0.723863
vt 0.281066 0.719338
vt 0.306014 0.724435
vt 0.231480 0.420792
vt 0.227161 0.410255
vt 0.678083 0.940345
vt 0.620751 0.413645
vt 0.195086 0.377676
vt 0.675174 0.373213
vt 0.722258 0.335489
vt 0.955230 0.574273
vt 0.278846 0.709779
vt 0.281488 0.696361
vt 0.312840 0.695940
vt 0.217951 0.395895
vt 0.292379 0.693553
vt 0.766504 0.304467
vt 0.531492 0.522341
vt 0.544693 0.508828
vt 0.409438 0.264812
vt 0.537881 0.893115
vt 0.545899 0.853265
vt 0.283519 0.749847
vt 0.280856 0.738538
vt 0.102660 0.901709
vt 0.098312 0.891846
vt 0.146825 0.901673
vt 0.134447 0.905772
vt 0.270714 0.937144
vt 0.278029 0.950725
vt 0.260078 0.949356
vt 0.114157 0.884992
vt 0.592537 0.184449
vt 0.356588 0.252140
vt 0.155879 0.331742
vt 0.645412 0.407761
vt 0.248267 0.938310
vt 0.238604 0.413390
vt 0.866410 0.684630
vt 0.987078 0.569688
vt 0.973009 0.571039
vt 0.134922 0.879346
vt 0.082049 0.899993
vt 0.087574 0.879146
vt 0.084400 0.299961
vt 0.142488 0.331460
vt 0.099492 0.301196
vt 0.294743 0.924546
vt 0.290924 0.946805
vt 0.825775 0.681951
vt 0.377340 0.235868
vt 0.531989 0.879447
vt 0.520428 0.879170
vt 0.167318 0.346416
vt 0.303058 0.740860
vt 0.187413 0.353872
vt 0.611819 0.236441
vt 0.670379 0.392058
vt 0.824093 0.671984
vt 0.856797 0.707100
vt 0.212279 0.385954
vt 0.267324 0.923137
vt 0.071273 0.584153
vt 0.058594 0.569422
vt 0.084780 0.580728
vt 0.695155 0.375402
vt 0.129501 0.532145
vt 0.128536 0.552909
vt 0.115495 0.534479
vt 0.062389 0.553872
vt 0.068932 0.542353
vt 0.115060 0.311755
vt 0.714060 0.353720
vt 0.637373 0.423843
vt 0.962921 0.695115
vt 0.970029 0.680424
vt 0.978204 0.697895
vt 0.161947 0.902308
vt 0.588183 0.235648
vt 0.288715 0.910043
vt 0.082840 0.547822
vt 0.666934 0.407273
vt 0.236494 0.383754
vt 0.216795 0.366977
vt 0.594891 0.207451
vt 0.746004 0.330211
vt 0.107267 0.856769
vt 0.981788 0.664523
vt 0.121124 0.870712
vt 0.162623 0.875778
vt 0.267640 0.904703
vt 0.865515 0.705457
vt 0.251701 0.397823
vt 0.770075 0.321056
vt 0.134266 0.312198
vt 0.739952 0.505257
vt 0.760943 0.504439
vt 0.750086 0.518899
vt 0.091249 0.845596
vt 0.079371 0.278224
vt 0.067914 0.841838
vt 0.075941 0.858985
vt 0.386426 0.986015
vt 0.380650 0.969312
vt 0.390417 0.971284
vt 0.746937 0.352300
vt 0.731649 0.352559
vt 0.059570 0.854442
vt 0.068744 0.859129
vt 0.102012 0.566406
vt 0.135547 0.563493
vt 0.475784 0.276530
vt 0.490524 0.286890
vt 0.471192 0.289686
vt 0.431461 0.245428
vt 0.387598 0.232451
vt 0.984423 0.209807
vt 0.995154 0.240896
vt 0.979821 0.236899
vt 0.585707 0.205404
vt 0.979390 0.138351
vt 0.979424 0.124250
vt 0.990767 0.129691
vt 0.270691 0.887193
vt 0.174237 0.326215
vt 0.596843 0.251235
vt 0.529965 0.434440
vt 0.542465 0.429766
vt 0.538458 0.448209
vt 0.660221 0.896519
vt 0.648290 0.878990
vt 0.638713 0.858496
vt 0.659219 0.424364
vt 0.789742 0.299859
vt 0.113242 0.294829
vt 0.188205 0.331687
vt 0.973764 0.205558
vt 0.697878 0.398927
vt 0.077326 0.832163
vt 0.144439 0.974437
vt 0.163843 0.964891
vt 0.153464 0.991100
vt 0.374270 0.992537
vt 0.475937 0.295848
vt 0.150708 0.535698
vt 0.162161 0.560340
vt 0.784540 0.313829
vt 0.983713 0.178670
vt 0.562045 0.212248
vt 0.325129 0.731297
vt 0.395676 0.976605
vt 0.127433 0.287159
vt 0.957970 0.165453
vt 0.204442 0.344030
vt 0.232931 0.371704
vt 0.105876 0.607266
vt 0.675368 0.792325
vt 0.645051 0.837911
vt 0.645578 0.825602
vt 0.316491 0.751196
vt 0.681177 0.880529
vt 0.372111 0.628471
vt 0.380073 0.654332
vt 0.365689 0.638736
vt 0.141024 0.852878
vt 0.723786 0.380026
vt 0.772210 0.341509
vt 0.259353 0.376708
vt 0.390504 0.633685
vt 0.133702 0.988706
vt 0.138437 0.995421
vt 0.136114 0.645378
vt 0.088400 0.676750
vt 0.098612 0.648175
vt 0.131909 0.674003
vt 0.078726 0.699065
vt 0.723107 0.506130
vt 0.947910 0.121948
vt 0.096696 0.628558
vt 0.437889 0.213739
vt 0.156827 0.303740
vt 0.109454 0.279376
vt 0.725471 0.639838
vt 0.723582 0.655245
vt 0.691196 0.643978
vt 0.108994 0.727399
vt 0.112939 0.836273
vt 0.687532 0.411992
vt 0.962567 0.434535
vt 0.980737 0.445219
vt 0.969846 0.462795
vt 0.939597 0.182030
vt 0.576190 0.173693
vt 0.584617 0.185958
vt 0.728012 0.597335
vt 0.526410 0.739484
vt 0.512976 0.725598
vt 0.527183 0.730923
vt 0.693531 0.901192
vt 0.571795 0.234304
vt 0.404096 0.212635
vt 0.143852 0.292028
vt 0.467901 0.395221
vt 0.482173 0.387534
vt 0.485165 0.396356
vt 0.422854 0.065467
vt 0.437957 0.061274
vt 0.434778 0.073226
vt 0.331297 0.707996
vt 0.572655 0.268615
vt 0.511827 0.736345
vt 0.938185 0.140458
vt 0.593974 0.276881
vt 0.097894 0.268791
vt 0.087296 0.262442
vt 0.921610 0.172223
vt 0.481069 0.409737
vt 0.506443 0.480644
vt 0.715058 0.468604
vt 0.722435 0.458656
vt 0.735865 0.465482
vt 0.158621 0.860565
vt 0.249167 0.358138
vt 0.937441 0.163618
vt 0.229297 0.341567
vt 0.148903 0.581529
vt 0.716637 0.400770
vt 0.405905 0.073421
vt 0.411860 0.063589
vt 0.455876 0.242556
vt 0.679648 0.826113
vt 0.678172 0.426916
vt 0.560320 0.253762
vt 0.194062 0.309562
vt 0.078084 0.242384
vt 0.560459 0.183066
vt 0.742054 0.379571
vt 0.531808 0.749425
vt 0.514518 0.755846
vt 0.726674 0.563237
vt 0.214131 0.337188
vt 0.170178 0.536091
vt 0.175630 0.308575
vt 0.576454 0.287834
vt 0.272602 0.358141
vt 0.753692 0.366781
vt 0.148107 0.634579
vt 0.411602 0.084276
vt 0.928404 0.438305
vt 0.700479 0.485092
vt 0.663198 0.441186
vt 0.768500 0.372296
vt 0.543422 0.165589
vt 0.097755 0.820554
vt 0.695517 0.429175
vt 0.037471 0.263980
vt 0.035308 0.247504
vt 0.056681 0.239258
vt 0.145963 0.727096
vt 0.442798 0.085500
vt 0.455756 0.072583
vt 0.403715 0.628124
vt 0.400598 0.610177
vt 0.548369 0.241675
vt 0.760223 0.389085
vt 0.682950 0.797849
vt 0.687778 0.618737
vt 0.746374 0.401165
vt 0.742959 0.580457
vt 0.175443 0.554511
vt 0.256040 0.339306
vt 0.038483 0.229348
vt 0.456626 0.225832
vt 0.073434 0.808762
vt 0.150996 0.829539
vt 0.157988 0.846194
vt 0.787072 0.338400
vt 0.785936 0.349263
vt 0.131478 0.822887
vt 0.740931 0.414592
vt 0.118931 0.265796
vt 0.488604 0.408440
vt 0.212727 0.320793
vt 0.167064 0.288538
vt 0.713062 0.419582
vt 0.456469 0.092082
vt 0.147984 0.275978
vt 0.423544 0.098213
vt 0.695110 0.473632
vt 0.516214 0.787665
vt 0.385981 0.589381
vt 0.697423 0.853037
vt 0.232182 0.321650
vt 0.388883 0.829544
vt 0.364400 0.807349
vt 0.386782 0.809952
vt 0.114762 0.812780
vt 0.695296 0.580542
vt 0.096504 0.247255
vt 0.527780 0.778448
vt 0.698332 0.514638
vt 0.178411 0.573538
vt 0.367711 0.784152
vt 0.550895 0.465311
vt 0.549558 0.476912
vt 0.537666 0.224412
vt 0.532743 0.480024
vt 0.717366 0.891004
vt 0.364775 0.591485
vt 0.785254 0.367057
vt 0.061555 0.225070
vt 0.734885 0.429886
vt 0.444459 0.109890
vt 0.012678 0.223383
vt 0.029812 0.210917
vt 0.020846 0.228766
vt 0.685723 0.438884
vt 0.061857 0.815698
vt 0.059570 0.806791
vt 0.942976 0.434183
vt 0.286333 0.341851
vt 0.385347 0.796974
vt 0.121695 0.247537
vt 0.953067 0.419242
vt 0.146280 0.264410
vt 0.690705 0.459109
vt 0.680655 0.466406
vt 0.546818 0.281389
vt 0.712045 0.435551
vt 0.213067 0.301130
vt 0.186840 0.285639
vt 0.685351 0.535165
vt 0.691914 0.791557
vt 0.520602 0.488859
vt 0.869442 0.866484
vt 0.893827 0.886137
vt 0.871331 0.884183
vt 0.081128 0.787506
vt 0.876163 0.841706
vt 0.578109 0.572343
vt 0.574405 0.579688
vt 0.571893 0.567705
vt 0.489569 0.057333
vt 0.537164 0.120184
vt 0.487926 0.087913
vt 0.241898 0.317246
vt 0.706820 0.839353
vt 0.697648 0.833255
vt 0.107261 0.795666
vt 0.528630 0.243304
vt 0.250927 0.314229
vt 0.907573 0.873973
vt 0.151554 0.805181
vt 0.508165 0.138073
vt 0.774839 0.406303
vt 0.525850 0.211687
vt 0.525444 0.261803
vt 0.425006 0.109507
vt 0.720419 0.843248
vt 0.135062 0.256904
vt 0.202064 0.281424
vt 0.468049 0.087461
vt 0.467856 0.108964
vt 0.788321 0.386410
vt 0.984303 0.388878
vt 0.980816 0.399485
vt 0.961964 0.400394
vt 0.716787 0.904245
vt 0.160527 0.265925
vt 0.173738 0.264535
vt 0.706568 0.822741
vt 0.565706 0.303320
vt 0.271605 0.321981
vt 0.016745 0.199713
vt 0.049720 0.197273
vt 0.874860 0.892112
vt 0.508900 0.211873
vt 0.128281 0.802774
vt 0.369739 0.577138
vt 0.799358 0.359555
vt 0.805018 0.383761
vt 0.102964 0.223932
vt 0.010752 0.182611
vt 0.034578 0.179856
vt 0.951445 0.383998
vt 0.100716 0.782619
vt 0.227836 0.283352
vt 0.470359 0.056829
vt 0.430824 0.133220
vt 0.767702 0.418581
vt 0.261341 0.308127
vt 0.118460 0.235189
vt 0.166740 0.716967
vt 0.722742 0.440530
vt 0.195351 0.264472
vt 0.730816 0.698854
vt 0.734576 0.674444
vt 0.747276 0.680611
vt 0.241505 0.284066
vt 0.085178 0.211190
vt 0.144426 0.245643
vt 0.325739 0.486253
vt 0.334842 0.457682
vt 0.342117 0.492913
vt 0.406905 0.578763
vt 0.750786 0.432386
vt 0.331458 0.520327
vt 0.791717 0.406532
vt 0.683409 0.547975
vt 0.513585 0.238743
vt 0.171199 0.819706
vt 0.162474 0.250580
vt 0.924933 0.401723
vt 0.540937 0.632208
vt 0.524079 0.638459
vt 0.518767 0.624946
vt 0.066193 0.191502
vt 0.503906 0.430659
vt 0.509124 0.400522
vt 0.519271 0.405164
vt 0.576585 0.539497
vt 0.587015 0.544921
vt 0.568055 0.557804
vt 0.875172 0.409832
vt 0.893006 0.438317
vt 0.871646 0.450781
vt 0.734786 0.876471
vt 0.904879 0.792347
vt 0.914468 0.791059
vt 0.925835 0.828714
vt 0.129621 0.781656
vt 0.465778 0.609113
vt 0.473972 0.599981
vt 0.473548 0.623972
vt 0.934897 0.802274
vt 0.421088 0.398779
vt 0.410330 0.405077
vt 0.402610 0.392484
vt 0.286241 0.304812
vt 0.710208 0.825766
vt 0.348900 0.784038
vt 0.339575 0.786750
vt 0.343937 0.777709
vt 0.081942 0.767479
vt 0.319884 0.457040
vt 0.134188 0.225629
vt 0.213798 0.271909
vt 0.023997 0.162861
vt 0.334925 0.887447
vt 0.334308 0.877881
vt 0.341377 0.879426
vt 0.226443 0.571007
vt 0.243921 0.581504
vt 0.212964 0.581757
vt 0.911702 0.775341
vt 0.934150 0.775358
vt 0.461770 0.135239
vt 0.714601 0.692493
vt 0.305331 0.309336
vt 0.153789 0.792101
vt 0.544773 0.615681
vt 0.358256 0.570501
vt 0.154971 0.232848
vt 0.909467 0.845244
vt 0.892059 0.814784
vt 0.217797 0.610892
vt 0.881394 0.325930
vt 0.890605 0.389981
vt 0.378966 0.562689
vt 0.892482 0.801517
vt 0.921183 0.769607
vt 0.923694 0.767881
vt 0.925024 0.768445
vt 0.930688 0.767109
vt 0.394720 0.563815
vt 0.515838 0.289414
vt 0.176365 0.794301
vt 0.469493 0.994736
vt 0.466917 0.991249
vt 0.467916 0.987178
vt 0.468257 0.994670
vt 0.176968 0.726404
vt 0.465099 0.980968
vt 0.009031 0.285713
vt 0.008314 0.286010
vt 0.008314 0.279406
vt 0.404394 0.404896
vt 0.387386 0.407690
vt 0.011112 0.282068
vt 0.010343 0.285661
vt 0.918750 0.766940
vt 0.009364 0.286794
vt 0.206775 0.468899
vt 0.214583 0.487982
vt 0.199177 0.475698
vt 0.515070 0.332419
vt 0.535967 0.362523
vt 0.540772 0.382337
vt 0.874507 0.801772
vt 0.786537 0.498435
vt 0.778034 0.490941
vt 0.781369 0.482045
vt 0.269836 0.286340
vt 0.909305 0.411437
vt 0.127215 0.765278
vt 0.527338 0.319167
vt 0.035967 0.859839
vt 0.033263 0.843236
vt 0.040556 0.854624
vt 0.043572 0.848538
vt 0.935722 0.820560
vt 0.114786 0.209165
vt 0.531103 0.601218
vt 0.475878 0.124435
vt 0.444017 0.491998
vt 0.441754 0.507132
vt 0.425761 0.481176
vt 0.207795 0.550493
vt 0.214313 0.528586
vt 0.223905 0.553666
vt 0.778540 0.500537
vt 0.407221 0.567407
vt 0.191252 0.246994
vt 0.098863 0.753604
vt 0.767548 0.442028
vt 0.509110 0.316282
vt 0.520140 0.304786
vt 0.243033 0.610991
vt 0.021670 0.146521
vt 0.006470 0.158699
vt 0.221233 0.256423
vt 0.864552 0.442943
vt 0.250206 0.626990
vt 0.214963 0.644658
vt 0.862587 0.460509
vt 0.865590 0.454600
vt 0.181609 0.233797
vt 0.003906 0.150637
vt 0.222366 0.692395
vt 0.241070 0.531791
vt 0.237800 0.491491
vt 0.695544 0.675041
vt 0.684546 0.694651
vt 0.678039 0.673459
vt 0.778258 0.430351
vt 0.448635 0.497014
vt 0.062162 0.165353
vt 0.594544 0.521206
vt 0.095135 0.192174
vt 0.296621 0.795598
vt 0.327785 0.773944
vt 0.325081 0.794566
vt 0.366951 0.553850
vt 0.195137 0.499363
vt 0.430599 0.151871
vt 0.040789 0.546757
vt 0.032815 0.528479
vt 0.045681 0.529967
vt 0.230603 0.468137
vt 0.323256 0.816577
vt 0.951134 0.367409
vt 0.417278 0.374708
vt 0.745900 0.448816
vt 0.590376 0.873213
vt 0.600425 0.890729
vt 0.585938 0.905000
vt 0.606857 0.862122
vt 0.438875 0.476165
vt 0.544798 0.590270
vt 0.509157 0.609782
vt 0.537175 0.797272
vt 0.543724 0.789689
vt 0.544365 0.805937
vt 0.549714 0.341072
vt 0.456596 0.150719
vt 0.374191 0.349365
vt 0.405859 0.355811
vt 0.612139 0.537285
vt 0.616881 0.522071
vt 0.207413 0.237824
vt 0.633577 0.521477
vt 0.316613 0.765397
vt 0.273495 0.790790
vt 0.298328 0.763474
vt 0.579084 0.952177
vt 0.580101 0.939499
vt 0.591669 0.949822
vt 0.039871 0.516699
vt 0.258706 0.268974
vt 0.048542 0.143964
vt 0.132663 0.204235
vt 0.944402 0.336015
vt 0.962889 0.339477
vt 0.942428 0.354716
vt 0.389559 0.347275
vt 0.357955 0.412678
vt 0.581325 0.519483
vt 0.246091 0.258669
vt 0.297717 0.282435
vt 0.095377 0.170711
vt 0.308295 0.822935
vt 0.886889 0.308068
vt 0.871400 0.301817
vt 0.253710 0.453131
vt 0.703916 0.706322
vt 0.712729 0.719223
vt 0.289553 0.971808
vt 0.292801 0.963617
vt 0.312505 0.956985
vt 0.164056 0.771905
vt 0.304450 0.986292
vt 0.048045 0.668289
vt 0.043200 0.686298
vt 0.034891 0.666119
vt 0.324604 0.318122
vt 0.353239 0.325022
vt 0.323333 0.323074
vt 0.840661 0.394481
vt 0.841282 0.380614
vt 0.351879 0.380924
vt 0.359950 0.360022
vt 0.022116 0.673906
vt 0.277446 0.796816
vt 0.620496 0.838012
vt 0.599187 0.842165
vt 0.615837 0.785210
vt 0.635354 0.770278
vt 0.630521 0.780597
vt 0.552915 0.328922
vt 0.548204 0.354809
vt 0.026377 0.695573
vt 0.266499 0.499878
vt 0.846016 0.337324
vt 0.276699 0.464348
vt 0.319285 0.971720
vt 0.111965 0.181682
vt 0.535749 0.819050
vt 0.548045 0.820557
vt 0.433206 0.165932
vt 0.283999 0.440247
vt 0.261049 0.414096
vt 0.283723 0.417191
vt 0.528727 0.805665
vt 0.290465 0.831834
vt 0.272298 0.581344
vt 0.758781 0.459840
vt 0.769002 0.456910
vt 0.167507 0.215811
vt 0.546094 0.836385
vt 0.263502 0.613139
vt 0.685943 0.708326
vt 0.599577 0.499776
vt 0.522555 0.829379
vt 0.512228 0.809461
vt 0.258405 0.535795
vt 0.650546 0.512542
vt 0.648696 0.522478
vt 0.525359 0.583643
vt 0.277179 0.521029
vt 0.267220 0.537797
vt 0.421017 0.798568
vt 0.438853 0.776399
vt 0.419465 0.805615
vt 0.022356 0.130467
vt 0.246565 0.561001
vt 0.595523 0.763970
vt 0.584537 0.497454
vt 0.289345 0.268587
vt 0.275661 0.249720
vt 0.508307 0.823609
vt 0.224411 0.229068
vt 0.245361 0.545519
vt 0.083744 0.152564
vt 0.065105 0.138691
vt 0.289752 0.527294
vt 0.279478 0.534178
vt 0.518023 0.592436
vt 0.945738 0.317022
vt 0.970814 0.303447
vt 0.427712 0.768052
vt 0.846802 0.957390
vt 0.866968 0.952428
vt 0.864447 0.979959
vt 0.320358 0.286638
vt 0.621895 0.753029
vt 0.654611 0.743380
vt 0.662800 0.757112
vt 0.952342 0.298162
vt 0.414882 0.173950
vt 0.486661 0.182619
vt 0.490332 0.168246
vt 0.494042 0.178061
vt 0.153307 0.752340
vt 0.289064 0.457070
vt 0.281215 0.485080
vt 0.247239 0.839982
vt 0.238448 0.862327
vt 0.238781 0.836552
vt 0.136848 0.187877
vt 0.626415 0.497920
vt 0.971283 0.322194
vt 0.973849 0.259408
vt 0.953487 0.279208
vt 0.946278 0.241612
vt 0.940476 0.255127
vt 0.118619 0.976331
vt 0.108063 0.938617
vt 0.155255 0.932011
vt 0.110367 0.982351
vt 0.198083 0.217807
vt 0.641744 0.747274
vt 0.750695 0.758218
vt 0.766154 0.745274
vt 0.767487 0.757837
vt 0.472258 0.173852
vt 0.699142 0.727821
vt 0.352906 0.458053
vt 0.358096 0.455563
vt 0.365350 0.473072
vt 0.943779 0.294981
vt 0.162805 0.192828
vt 0.254818 0.244511
vt 0.124434 0.173293
vt 0.603861 0.750905
vt 0.861029 0.942686
vt 0.856924 0.930660
vt 0.358185 0.472975
vt 0.969086 0.248082
vt 0.349345 0.407140
vt 0.221669 0.844805
vt 0.142821 0.745022
vt 0.651948 0.499120
vt 0.089561 0.953128
vt 0.088878 0.946750
vt 0.290570 0.461855
vt 0.621540 0.814224
vt 0.752773 0.773627
vt 0.296674 0.632419
vt 0.304425 0.618951
vt 0.321820 0.642511
vt 0.046709 0.118439
vt 0.322153 0.279911
vt 0.319813 0.274257
vt 0.251639 0.239476
vt 0.257760 0.843612
vt 0.253482 0.867456
vt 0.182400 0.205018
vt 0.372442 0.445973
vt 0.385836 0.431893
vt 0.396169 0.478471
vt 0.968849 0.289588
vt 0.029490 0.111732
vt 0.436987 0.532407
vt 0.441254 0.543460
vt 0.435948 0.549794
vt 0.581099 0.748332
vt 0.484802 0.155557
vt 0.592400 0.799396
vt 0.141282 0.166031
vt 0.087965 0.973438
vt 0.324774 0.988895
vt 0.978537 0.283647
vt 0.123648 0.159219
vt 0.103334 0.151802
vt 0.840740 0.978549
vt 0.316466 0.269611
vt 0.307714 0.259570
vt 0.383940 0.754708
vt 0.387517 0.775203
vt 0.366870 0.736338
vt 0.241414 0.219601
vt 0.228479 0.886598
vt 0.590527 0.475983
vt 0.432065 0.181307
vt 0.351658 0.433862
vt 0.467484 0.551428
vt 0.463311 0.528837
vt 0.473584 0.534282
vt 0.619852 0.483133
vt 0.424547 0.525602
vt 0.261634 0.864296
vt 0.155981 0.173830
vt 0.715190 0.736362
vt 0.612412 0.803876
vt 0.316999 0.677459
vt 0.417178 0.922288
vt 0.411626 0.936638
vt 0.409459 0.923595
vt 0.214097 0.200709
vt 0.468351 0.860568
vt 0.468270 0.873775
vt 0.460938 0.868279
vt 0.177898 0.186675
vt 0.077239 0.107300
vt 0.692275 0.744831
vt 0.470918 0.866340
vt 0.117916 0.143482
vt 0.374856 0.486478
vt 0.089187 0.123145
vt 0.436101 0.632952
vt 0.417258 0.607487
vt 0.445942 0.616288
vt 0.641284 0.476335
vt 0.707351 0.752279
vt 0.409710 0.041994
vt 0.409001 0.036494
vt 0.420909 0.037722
vt 0.042680 0.093013
vt 0.376141 0.727544
vt 0.064206 0.094224
vt 0.445946 0.324834
vt 0.454958 0.261365
vt 0.458058 0.300601
vt 0.440359 0.271026
vt 0.463275 0.859230
vt 0.096466 0.130959
vt 0.464649 0.797630
vt 0.472874 0.814582
vt 0.460848 0.807858
vt 0.933222 0.972195
vt 0.935819 0.961190
vt 0.950950 0.971067
vt 0.242071 0.880498
vt 0.637614 0.725797
vt 0.286240 0.228536
vt 0.308773 0.233228
vt 0.944453 0.987427
vt 0.420893 0.027252
vt 0.117431 0.991548
vt 0.730115 0.740295
vt 0.571069 0.741237
vt 0.572409 0.729009
vt 0.327672 0.670547
vt 0.593928 0.722724
vt 0.362207 0.850366
vt 0.377071 0.857996
vt 0.361910 0.865868
vt 0.976670 0.883224
vt 0.955868 0.882109
vt 0.953940 0.869906
vt 0.827110 0.967190
vt 0.936694 0.870577
vt 0.572276 0.473516
vt 0.407110 0.190316
vt 0.318711 0.373978
vt 0.332288 0.425972
vt 0.986108 0.273394
vt 0.144025 0.148857
vt 0.404787 0.454845
vt 0.197333 0.186174
vt 0.420702 0.196080
vt 0.731212 0.762529
vt 0.453769 0.040989
vt 0.439535 0.049885
vt 0.432302 0.043496
vt 0.162858 0.158822
vt 0.989313 0.292374
vt 0.956341 0.993537
vt 0.279356 0.217184
vt 0.288273 0.203077
vt 0.941281 0.950990
vt 0.948910 0.963311
vt 0.615069 0.723436
vt 0.443488 0.022678
vt 0.427784 0.010696
vt 0.439429 0.007625
vt 0.428651 0.593368
vt 0.604031 0.457286
vt 0.691225 0.762424
vt 0.710337 0.764526
vt 0.337319 0.438593
vt 0.417008 0.956393
vt 0.409155 0.943680
vt 0.461781 0.463263
vt 0.474827 0.462756
vt 0.468305 0.478493
vt 0.279974 0.187131
vt 0.298471 0.188021
vt 0.431350 0.032669
vt 0.319330 0.431178
vt 0.244139 0.206246
vt 0.827408 0.956545
vt 0.814275 0.956967
vt 0.651572 0.708677
vt 0.968622 0.987335
vt 0.234534 0.203912
vt 0.627763 0.463367
vt 0.393037 0.867244
vt 0.387833 0.885546
vt 0.116290 0.124454
vt 0.579540 0.449488
vt 0.380778 0.500604
vt 0.364311 0.503149
vt 0.706787 0.777106
vt 0.567376 0.461113
vt 0.823976 0.980663
vt 0.141472 0.135314
vt 0.207628 0.897525
vt 0.198888 0.900670
vt 0.205051 0.888587
vt 0.589500 0.446779
vt 0.029578 0.938494
vt 0.039203 0.944252
vt 0.031424 0.952205
vt 0.970580 0.859031
vt 0.247330 0.895538
vt 0.180470 0.165553
vt 0.318585 0.196461
vt 0.044511 0.928535
vt 0.036541 0.924550
vt 0.445193 0.585008
vt 0.318988 0.219347
vt 0.329683 0.682826
vt 0.442573 0.575051
vt 0.368890 0.516203
vt 0.360430 0.519349
vt 0.320177 0.208423
vt 0.234590 0.913859
vt 0.475644 0.683467
vt 0.470097 0.689573
vt 0.463586 0.681067
vt 0.776435 0.727820
vt 0.758428 0.729942
vt 0.778936 0.709766
vt 0.454910 0.028413
vt 0.358956 0.709677
vt 0.222983 0.180976
vt 0.225125 0.167824
vt 0.055911 0.076282
vt 0.284708 0.171980
vt 0.303707 0.171714
vt 0.037034 0.783672
vt 0.029458 0.776885
vt 0.029557 0.762246
vt 0.951645 0.850006
vt 0.979170 0.844268
vt 0.723591 0.785282
vt 0.824677 0.475147
vt 0.823391 0.511364
vt 0.808439 0.486596
vt 0.383344 0.714789
vt 0.965333 0.836558
vt 0.747323 0.728550
vt 0.750456 0.710485
vt 0.471734 0.667482
vt 0.904892 0.905915
vt 0.923757 0.916122
vt 0.919376 0.932664
vt 0.378216 0.701164
vt 0.191835 0.154779
vt 0.626982 0.694079
vt 0.364885 0.671272
vt 0.385762 0.691064
vt 0.892465 0.924832
vt 0.889826 0.904382
vt 0.356791 0.236924
vt 0.347505 0.220428
vt 0.366898 0.220658
vt 0.382724 0.515908
vt 0.179841 0.138621
vt 0.610549 0.694406
vt 0.105128 0.099593
vt 0.047985 0.766584
vt 0.758007 0.991375
vt 0.736319 0.993305
vt 0.737622 0.982093
vt 0.361890 0.888449
vt 0.761170 0.694219
vt 0.212901 0.145278
vt 0.469795 0.032041
vt 0.117762 0.098846
vt 0.160051 0.134194
vt 0.593609 0.706457
vt 0.133460 0.108497
vt 0.991111 0.867658
vt 0.870111 0.471554
vt 0.884967 0.497916
vt 0.063980 0.963070
vt 0.054673 0.966895
vt 0.064385 0.951521
vt 0.972625 0.974708
vt 0.968680 0.964285
vt 0.975166 0.964059
vt 0.076617 0.077833
vt 0.449765 0.342707
vt 0.444036 0.343468
vt 0.285155 0.148916
vt 0.403699 0.519506
vt 0.870560 0.526216
vt 0.225056 0.927986
vt 0.230771 0.930723
vt 0.613772 0.438071
vt 0.892686 0.484163
vt 0.344572 0.204325
vt 0.339980 0.216774
vt 0.469069 0.021393
vt 0.774825 0.051760
vt 0.743204 0.063887
vt 0.750475 0.049606
vt 0.390209 0.905285
vt 0.394872 0.893553
vt 0.375707 0.899671
vt 0.982229 0.970810
vt 0.065784 0.057640
vt 0.357954 0.687709
vt 0.634037 0.444706
vt 0.935333 0.731328
vt 0.949499 0.742210
vt 0.939289 0.743180
vt 0.771751 0.980635
vt 0.765579 0.994430
vt 0.352294 0.202230
vt 0.724347 0.085512
vt 0.712724 0.075054
vt 0.733124 0.074973
vt 0.383830 0.534891
vt 0.144080 0.122526
vt 0.596206 0.427934
vt 0.092375 0.081502
vt 0.659849 0.677543
vt 0.658578 0.696061
vt 0.210081 0.132782
vt 0.875711 0.929829
vt 0.890392 0.943221
vt 0.441709 0.356091
vt 0.031682 0.756012
vt 0.980354 0.830704
vt 0.175478 0.123144
vt 0.667618 0.686561
vt 0.885889 0.463636
vt 0.897414 0.459767
vt 0.900770 0.467929
vt 0.474090 0.017669
vt 0.478329 0.019187
vt 0.313306 0.160987
vt 0.377973 0.914474
vt 0.785374 0.693991
vt 0.740507 0.973662
vt 0.299636 0.143443
vt 0.585451 0.427085
vt 0.910200 0.957147
vt 0.281510 0.137018
vt 0.287468 0.129242
vt 0.202064 0.121576
vt 0.416314 0.912741
vt 0.412855 0.913584
vt 0.419640 0.901897
vt 0.748151 0.962842
vt 0.403675 0.535489
vt 0.330263 0.172821
vt 0.377514 0.201885
vt 0.625223 0.672818
vt 0.088165 0.052717
vt 0.618955 0.677358
vt 0.663520 0.101835
vt 0.689954 0.083457
vt 0.690137 0.101466
vt 0.715418 0.094640
vt 0.665150 0.084358
vt 0.156906 0.105510
vt 0.352865 0.170019
vt 0.059531 0.038045
vt 0.065138 0.017619
vt 0.075151 0.030426
vt 0.931650 0.665882
vt 0.950394 0.660306
vt 0.943684 0.682373
vt 0.403582 0.870862
vt 0.424598 0.871690
vt 0.404796 0.896363
vt 0.762276 0.970134
vt 0.875909 0.939013
vt 0.708818 0.056676
vt 0.882129 0.509176
vt 0.689057 0.038719
vt 0.705905 0.039799
vt 0.315993 0.141563
vt 0.506753 0.031939
vt 0.485547 0.024931
vt 0.500041 0.016845
vt 0.411109 0.527877
vt 0.107629 0.073853
vt 0.308078 0.123549
vt 0.304243 0.105410
vt 0.375108 0.192252
vt 0.363641 0.184308
vt 0.433647 0.988374
vt 0.426123 0.993598
vt 0.417212 0.983884
vt 0.650358 0.078119
vt 0.666524 0.066231
vt 0.843752 0.545387
vt 0.827654 0.533470
vt 0.678146 0.047680
vt 0.803273 0.854196
vt 0.813148 0.841309
vt 0.828411 0.849129
vt 0.026438 0.734542
vt 0.031440 0.718452
vt 0.035944 0.741380
vt 0.175171 0.098046
vt 0.934303 0.710169
vt 0.922124 0.721682
vt 0.833905 0.545891
vt 0.106504 0.059743
vt 0.926230 0.683306
vt 0.439803 0.892816
vt 0.432060 0.883423
vt 0.433631 0.907150
vt 0.841405 0.543998
vt 0.802796 0.869362
vt 0.340567 0.152410
vt 0.935388 0.693582
vt 0.646747 0.050826
vt 0.136693 0.087703
vt 0.890891 0.967331
vt 0.049635 0.715045
vt 0.050168 0.735588
vt 0.694360 0.027588
vt 0.681969 0.022956
vt 0.204060 0.094301
vt 0.201223 0.114991
vt 0.118504 0.040265
vt 0.590886 0.407572
vt 0.582110 0.414423
vt 0.644844 0.070488
vt 0.912570 0.970675
vt 0.901841 0.977968
vt 0.516194 0.023346
vt 0.771169 0.914617
vt 0.759327 0.896740
vt 0.775972 0.905339
vt 0.843056 0.852682
vt 0.667666 0.027942
vt 0.155636 0.083493
vt 0.770410 0.884931
vt 0.864010 0.554454
vt 0.814635 0.889838
vt 0.751656 0.883085
vt 0.092411 0.018553
vt 0.130017 0.060413
vt 0.334779 0.127164
vt 0.102528 0.992706
vt 0.101319 0.995022
vt 0.101833 0.992088
vt 0.017202 0.755408
vt 0.019421 0.753610
vt 0.022802 0.755684
vt 0.019558 0.751030
vt 0.017061 0.751638
vt 0.860517 0.994527
vt 0.858650 0.995272
vt 0.851377 0.990917
vt 0.190269 0.081699
vt 0.096734 0.995929
vt 0.099889 0.991277
vt 0.279349 0.967379
vt 0.276554 0.967962
vt 0.279332 0.964385
vt 0.845712 0.558144
vt 0.930864 0.990737
vt 0.921315 0.989169
vt 0.922931 0.983419
vt 0.050601 0.746358
vt 0.276554 0.962160
vt 0.278880 0.967936
vt 0.854363 0.996165
vt 0.612221 0.095814
vt 0.592289 0.102998
vt 0.605850 0.077331
vt 0.600342 0.410732
vt 0.437652 0.869102
vt 0.837450 0.552495
vt 0.840121 0.548371
vt 0.524937 0.035429
vt 0.821012 0.590107
vt 0.828353 0.582951
vt 0.838478 0.589502
vt 0.144213 0.072954
vt 0.651990 0.025503
vt 0.613531 0.574157
vt 0.598001 0.575811
vt 0.596542 0.560903
vt 0.531384 0.014661
vt 0.308811 0.101836
vt 0.664197 0.011141
vt 0.172605 0.063848
vt 0.634880 0.032020
vt 0.110340 0.023387
vt 0.628415 0.590756
vt 0.630759 0.563032
vt 0.637432 0.578229
vt 0.356070 0.132751
vt 0.610203 0.057152
vt 0.835226 0.908304
vt 0.807453 0.902710
vt 0.842448 0.880815
vt 0.316916 0.085048
vt 0.331528 0.098429
vt 0.837286 0.568173
vt 0.102758 0.011212
vt 0.144157 0.048376
vt 0.815775 0.925864
vt 0.585998 0.117929
vt 0.565410 0.098233
vt 0.354054 0.133930
vt 0.525552 0.044722
vt 0.540927 0.048533
vt 0.368473 0.153424
vt 0.634782 0.010474
vt 0.855432 0.580718
vt 0.605268 0.592941
vt 0.844513 0.870920
vt 0.120367 0.005059
vt 0.124509 0.016458
vt 0.560325 0.119215
vt 0.330879 0.069396
vt 0.344066 0.081010
vt 0.576937 0.070379
vt 0.589755 0.596280
vt 0.549207 0.040838
vt 0.168060 0.047021
vt 0.624425 0.020319
vt 0.838553 0.926937
vt 0.544604 0.023186
vt 0.138954 0.027820
vt 0.129119 0.023794
vt 0.604741 0.019333
vt 0.192683 0.068747
vt 0.558037 0.031551
vt 0.157970 0.034877
vt 0.590504 0.047624
vt 0.823910 0.943445
vt 0.845006 0.898329
vt 0.361017 0.097059
vt 0.860078 0.589297
vt 0.566480 0.078643
vt 0.563301 0.056797
vt 0.612468 0.615972
vt 0.632274 0.608164
vt 0.587867 0.033003
vt 0.184860 0.036806
vt 0.173282 0.026469
vt 0.378060 0.119514
vt 0.367726 0.057573
vt 0.579268 0.603216
vt 0.580354 0.624680
vt 0.574382 0.638712
vt 0.599588 0.645786
vt 0.338671 0.051755
vt 0.223726 0.961016
vt 0.248994 0.971017
vt 0.242463 0.985496
vt 0.339775 0.037254
vt 0.342396 0.022026
vt 0.353977 0.035911
vt 0.259302 0.988226
vt 0.598485 0.625041
vt 0.580295 0.657093
vt 0.360374 0.015364
vt 0.266127 0.976022
vt 0.379476 0.075817
vt 0.236299 0.962296
vt 0.382093 0.092689
vt 0.368325 0.024311
vt 0.602303 0.664789
vt 0.580564 0.674389
vt 0.595639 0.685725
vt 0.575026 0.681626
vt 0.598871 0.676708
vt 0.242374 0.995183
vt 0.126799 0.994390
vt 0.129044 0.995623
vt 0.130914 0.998504
s 1
usemtl Broccoli.001
f 2/1/1 1/2/2 3/3/3
f 1/4/2 2/5/1 3/6/3
f 6/7/4 4/8/5 5/9/6
f 5/10/6 4/11/5 6/12/4
f 7/13/7 8/14/8 9/15/9
f 8/14/8 7/16/7 9/15/9
f 10/17/10 12/18/11 11/19/12
f 10/20/10 11/21/12 12/22/11
f 19/23/13 15/24/14 23/25/15
f 16/26/16 30/27/17 13/28/18
f 18/29/19 13/28/18 14/30/20
f 14/30/20 13/28/18 30/27/17
f 39/31/21 16/26/16 21/32/22
f 15/24/14 19/23/13 33/33/23
f 17/34/24 23/25/15 15/24/14
f 29/35/25 14/30/20 30/27/17
f 22/36/26 14/30/20 29/35/25
f 20/37/27 19/23/13 23/25/15
f 23/25/15 17/34/24 37/38/28
f 13/39/18 34/40/29 35/41/30
f 30/27/17 16/26/16 39/31/21
f 23/25/15 37/38/28 49/42/31
f 32/43/32 19/23/13 20/37/27
f 22/36/26 18/29/19 14/30/20
f 40/44/33 28/45/34 17/34/24
f 15/46/14 40/47/33 17/48/24
f 25/49/35 15/24/14 33/33/23
f 21/50/22 27/51/36 64/52/37
f 16/53/16 38/54/38 21/50/22
f 23/25/15 49/42/31 41/55/39
f 20/37/27 23/25/15 41/55/39
f 21/32/22 64/56/37 39/31/21
f 34/40/29 13/39/18 36/57/40
f 17/58/24 28/59/34 37/60/28
f 21/50/22 38/54/38 27/51/36
f 33/33/23 26/61/41 25/49/35
f 19/23/13 32/43/32 24/62/42
f 45/63/43 16/64/16 13/39/18
f 38/65/38 16/64/16 45/63/43
f 36/66/40 13/28/18 18/29/19
f 24/62/42 33/33/23 19/23/13
f 20/37/27 44/67/44 47/68/45
f 31/69/46 48/70/47 46/71/48
f 42/72/49 31/69/46 39/31/21
f 44/67/44 20/37/27 41/55/39
f 48/70/47 31/69/46 42/72/49
f 28/73/34 40/47/33 50/74/50
f 32/43/32 20/37/27 47/68/45
f 31/69/46 29/35/25 39/31/21
f 46/71/48 29/35/25 31/69/46
f 52/75/51 48/70/47 42/72/49
f 40/47/33 15/46/14 43/76/52
f 25/77/35 43/78/52 15/79/14
f 30/27/17 39/31/21 29/35/25
f 45/63/43 13/39/18 35/41/30
f 64/56/37 51/80/53 39/31/21
f 46/71/48 48/70/47 61/81/54
f 26/61/41 33/33/23 24/62/42
f 51/82/53 42/83/49 39/84/21
f 32/43/32 47/68/45 54/85/55
f 24/62/42 32/43/32 58/86/56
f 38/65/38 45/63/43 53/87/57
f 56/88/58 47/68/45 60/89/59
f 58/86/56 32/43/32 54/85/55
f 70/90/60 42/83/49 51/82/53
f 55/91/61 42/72/49 70/92/60
f 27/51/36 38/54/38 63/93/62
f 49/94/31 36/95/40 18/96/19
f 59/97/63 49/42/31 18/29/19
f 50/74/50 40/47/33 62/98/64
f 77/99/65 25/77/35 26/100/41
f 56/88/58 54/85/55 47/68/45
f 44/67/44 41/55/39 59/97/63
f 68/101/66 77/99/65 26/100/41
f 57/102/67 52/75/51 42/72/49
f 44/67/44 60/89/59 47/68/45
f 37/103/28 28/104/34 65/105/68
f 66/106/69 54/85/55 56/88/58
f 36/95/40 49/94/31 37/107/28
f 53/87/57 63/108/62 38/65/38
f 41/55/39 49/42/31 59/97/63
f 57/102/67 67/109/70 52/75/51
f 29/35/25 61/81/54 22/36/26
f 29/35/25 46/71/48 61/81/54
f 27/51/36 63/93/62 79/110/71
f 55/91/61 57/102/67 42/72/49
f 59/97/63 18/29/19 22/36/26
f 68/111/66 24/62/42 58/86/56
f 26/61/41 24/62/42 68/111/66
f 44/67/44 59/97/63 60/89/59
f 61/81/54 59/97/63 22/36/26
f 64/112/37 27/51/36 72/113/72
f 69/114/73 25/77/35 77/99/65
f 45/63/43 35/41/30 53/87/57
f 34/115/29 36/116/40 75/117/74
f 25/77/35 69/114/73 43/78/52
f 52/75/51 76/118/75 48/70/47
f 74/119/76 43/120/52 71/121/77
f 69/114/73 71/122/77 43/78/52
f 53/87/57 35/41/30 73/123/78
f 37/103/28 65/105/68 36/124/40
f 66/106/69 98/125/79 54/85/55
f 43/120/52 74/119/76 40/126/33
f 78/127/80 63/108/62 53/87/57
f 72/128/72 27/129/36 79/130/71
f 75/117/74 36/116/40 85/131/81
f 70/132/60 84/133/82 55/91/61
f 61/81/54 48/70/47 76/118/75
f 84/134/82 70/90/60 51/82/53
f 56/88/58 60/89/59 81/135/83
f 40/126/33 74/119/76 62/136/64
f 51/82/53 64/112/37 80/137/84
f 34/40/29 75/138/74 35/41/30
f 76/118/75 60/89/59 59/97/63
f 76/118/75 52/75/51 83/139/85
f 91/140/86 78/127/80 53/87/57
f 36/124/40 65/105/68 85/141/81
f 56/88/58 81/135/83 66/106/69
f 57/102/67 86/142/87 67/109/70
f 84/134/82 51/82/53 80/137/84
f 61/81/54 76/118/75 59/97/63
f 82/143/88 68/111/66 58/86/56
f 53/87/57 73/123/78 91/140/86
f 64/112/37 72/113/72 80/137/84
f 67/109/70 88/144/89 52/75/51
f 75/138/74 73/123/78 35/41/30
f 65/105/68 28/104/34 105/145/90
f 92/146/91 55/91/61 84/133/82
f 63/147/62 78/148/80 79/149/71
f 62/150/64 96/151/92 50/74/50
f 58/86/56 54/85/55 94/152/93
f 95/153/94 69/114/73 77/99/65
f 88/144/89 83/139/85 52/75/51
f 60/89/59 76/118/75 81/135/83
f 77/99/65 68/101/66 115/154/95
f 57/102/67 55/91/61 92/146/91
f 54/85/55 98/125/79 94/152/93
f 62/155/64 97/156/96 96/157/92
f 62/155/64 74/158/76 97/156/96
f 100/159/97 90/160/98 101/161/99
f 50/162/50 105/145/90 28/104/34
f 68/111/66 82/143/88 115/163/95
f 104/164/100 66/106/69 81/135/83
f 57/102/67 87/165/101 86/142/87
f 90/160/98 100/159/97 99/166/102
f 111/167/103 74/119/76 71/121/77
f 50/168/50 96/169/92 105/170/90
f 79/149/71 78/148/80 100/171/97
f 101/172/99 79/149/71 100/171/97
f 87/165/101 57/102/67 92/146/91
f 78/173/80 91/174/86 106/175/104
f 105/145/90 85/141/81 65/105/68
f 93/176/105 79/177/71 101/178/99
f 79/130/71 93/179/105 72/128/72
f 71/122/77 69/114/73 109/180/106
f 77/99/65 115/154/95 95/153/94
f 97/156/96 116/181/107 96/157/92
f 89/182/108 69/114/73 95/153/94
f 116/181/107 103/183/109 96/157/92
f 58/86/56 94/152/93 82/143/88
f 93/184/105 102/185/110 72/186/72
f 96/169/92 103/187/109 105/170/90
f 119/188/111 97/189/96 111/190/103
f 111/190/103 97/189/96 74/191/76
f 119/192/111 111/193/103 110/194/112
f 69/114/73 89/182/108 109/180/106
f 67/109/70 86/142/87 113/195/113
f 119/192/111 118/196/114 97/156/96
f 76/118/75 83/139/85 114/197/115
f 104/164/100 81/135/83 107/198/116
f 88/144/89 114/197/115 83/139/85
f 98/125/79 66/106/69 104/164/100
f 110/199/112 120/200/117 119/201/111
f 121/202/118 115/163/95 82/143/88
f 99/203/102 129/204/119 108/205/120
f 90/206/98 99/207/102 101/208/99
f 80/137/84 123/209/121 84/134/82
f 124/210/122 125/211/123 84/133/82
f 128/212/124 110/199/112 111/190/103
f 129/213/119 91/174/86 73/214/78
f 109/180/106 111/190/103 71/122/77
f 125/211/123 92/146/91 84/133/82
f 82/143/88 130/215/125 121/202/118
f 126/216/126 104/164/100 107/198/116
f 122/217/127 95/218/94 115/163/95
f 107/198/116 114/197/115 88/144/89
f 88/144/89 67/109/70 113/195/113
f 131/219/128 94/152/93 98/125/79
f 100/220/97 78/173/80 106/175/104
f 108/221/120 112/222/129 99/223/102
f 107/198/116 81/135/83 76/118/75
f 101/208/99 127/224/130 117/225/131
f 93/176/105 101/178/99 117/226/131
f 75/227/74 85/141/81 134/228/132
f 99/207/102 127/224/130 101/208/99
f 129/213/119 73/214/78 75/229/74
f 132/230/133 95/218/94 122/217/127
f 115/163/95 121/202/118 122/217/127
f 129/231/119 99/166/102 106/232/104
f 133/233/134 75/234/74 134/235/132
f 97/156/96 118/196/114 116/181/107
f 103/236/109 116/237/107 136/238/135
f 104/164/100 138/239/136 98/125/79
f 107/198/116 139/240/137 126/216/126
f 88/144/89 139/240/137 107/198/116
f 137/241/138 119/192/111 120/242/117
f 128/212/124 120/200/117 110/199/112
f 109/180/106 128/212/124 111/190/103
f 105/145/90 134/228/132 85/141/81
f 76/118/75 114/197/115 107/198/116
f 82/143/88 94/152/93 130/215/125
f 80/243/84 72/186/72 135/244/139
f 91/174/86 129/213/119 106/175/104
f 106/232/104 99/166/102 100/159/97
f 133/245/134 129/213/119 75/229/74
f 120/200/117 128/212/124 153/246/140
f 142/247/141 145/248/142 116/181/107
f 116/181/107 118/196/114 142/247/141
f 119/192/111 137/241/138 146/249/143
f 86/142/87 87/165/101 147/250/144
f 148/251/145 120/200/117 153/246/140
f 143/252/146 138/239/136 104/164/100
f 135/244/139 72/186/72 102/185/110
f 123/253/121 80/243/84 135/244/139
f 149/254/147 89/182/108 95/153/94
f 143/252/146 104/164/100 126/216/126
f 149/254/147 95/153/94 132/255/133
f 129/204/119 133/256/134 108/205/120
f 105/257/90 103/258/109 150/259/148
f 98/125/79 138/239/136 144/260/149
f 118/196/114 119/192/111 146/249/143
f 123/209/121 124/261/122 84/134/82
f 89/182/108 128/212/124 109/180/106
f 103/262/109 136/263/135 150/264/148
f 93/176/105 117/226/131 156/265/150
f 154/266/151 94/152/93 131/219/128
f 156/265/150 102/267/110 93/176/105
f 157/268/152 94/152/93 154/266/151
f 144/260/149 138/239/136 143/252/146
f 131/219/128 98/125/79 144/260/149
f 141/269/153 120/200/117 148/251/145
f 152/270/154 121/202/118 130/215/125
f 136/238/135 116/237/107 158/271/155
f 147/250/144 113/195/113 86/142/87
f 94/152/93 151/272/156 130/215/125
f 87/165/101 92/146/91 147/250/144
f 157/268/152 151/272/156 94/152/93
f 108/273/120 133/274/134 112/275/129
f 120/200/117 141/269/153 137/276/138
f 127/277/130 99/223/102 112/222/129
f 121/202/118 152/270/154 122/217/127
f 155/278/157 143/279/146 126/280/126
f 128/212/124 89/182/108 153/246/140
f 116/281/107 145/282/142 158/283/155
f 105/284/90 150/285/148 134/286/132
f 147/250/144 92/146/91 140/287/158
f 160/288/159 122/217/127 152/270/154
f 122/289/127 160/290/159 162/291/160
f 165/292/161 125/211/123 124/210/122
f 139/240/137 88/144/89 163/293/162
f 117/225/131 127/224/130 190/294/163
f 144/260/149 154/266/151 131/219/128
f 168/295/164 113/195/113 147/250/144
f 126/280/126 139/296/137 164/297/165
f 153/246/140 89/182/108 149/254/147
f 169/298/166 151/272/156 157/268/152
f 140/287/158 92/146/91 125/211/123
f 159/299/167 127/300/130 112/301/129
f 166/302/168 156/303/150 117/225/131
f 156/265/150 167/304/169 102/267/110
f 152/270/154 130/215/125 192/305/170
f 171/306/171 136/307/135 158/308/155
f 132/255/133 172/309/172 149/254/147
f 132/255/133 122/289/127 172/309/172
f 175/310/173 155/278/157 126/280/126
f 144/311/149 143/279/146 182/312/174
f 165/313/161 123/209/121 161/314/175
f 142/247/141 118/196/114 170/315/176
f 102/267/110 167/304/169 135/316/139
f 174/317/177 136/307/135 171/306/171
f 161/318/175 123/319/121 135/320/139
f 134/321/132 150/322/148 177/323/178
f 123/209/121 165/313/161 124/261/122
f 88/144/89 113/195/113 163/293/162
f 178/324/179 179/325/180 158/308/155
f 163/293/162 113/195/113 168/295/164
f 172/309/172 122/289/127 162/291/160
f 158/308/155 179/325/180 171/306/171
f 153/246/140 149/254/147 181/326/181
f 169/327/166 157/328/152 154/329/151
f 177/330/178 133/331/134 134/332/132
f 130/215/125 151/272/156 192/305/170
f 126/280/126 164/297/165 175/310/173
f 176/333/182 155/278/157 175/310/173
f 164/334/165 139/240/137 163/293/162
f 154/329/151 144/311/149 182/312/174
f 143/279/146 155/278/157 184/335/183
f 136/336/135 174/337/177 150/322/148
f 153/246/140 181/326/181 148/251/145
f 151/272/156 169/298/166 192/305/170
f 125/211/123 165/292/161 186/338/184
f 161/318/175 189/339/185 173/340/186
f 161/318/175 135/320/139 189/339/185
f 166/302/168 117/225/131 190/294/163
f 166/302/168 167/341/169 156/303/150
f 182/312/174 143/279/146 184/335/183
f 165/342/161 161/343/175 188/344/187
f 187/345/188 142/247/141 170/315/176
f 180/346/189 140/287/158 125/211/123
f 178/324/179 158/308/155 145/347/142
f 178/348/179 207/349/190 179/350/180
f 177/351/178 185/352/191 183/353/192
f 154/329/151 195/354/193 169/327/166
f 161/343/175 173/355/186 188/344/187
f 141/269/153 148/251/145 191/356/194
f 185/352/191 197/357/195 183/353/192
f 127/300/130 159/299/167 193/358/196
f 185/352/191 177/351/178 150/359/148
f 171/306/171 179/325/180 185/352/191
f 170/315/176 118/196/114 146/249/143
f 146/249/143 137/241/138 194/360/197
f 195/354/193 154/329/151 182/312/174
f 202/361/198 181/326/181 149/254/147
f 155/278/157 176/333/182 184/335/183
f 192/305/170 196/362/199 152/270/154
f 174/337/177 198/363/200 150/322/148
f 174/317/177 171/306/171 185/352/191
f 204/364/201 184/335/183 176/333/182
f 147/250/144 199/365/202 168/295/164
f 141/269/153 203/366/203 137/276/138
f 152/367/154 196/368/199 200/369/204
f 185/352/191 150/359/148 198/370/200
f 206/371/205 177/372/178 183/373/192
f 160/290/159 152/367/154 200/369/204
f 205/374/206 168/295/164 199/365/202
f 201/375/207 165/342/161 188/344/187
f 164/297/165 176/333/182 175/310/173
f 168/376/164 205/377/206 163/378/162
f 160/290/159 200/369/204 162/291/160
f 187/345/188 145/248/142 142/247/141
f 181/326/181 191/356/194 148/251/145
f 169/298/166 209/379/208 192/305/170
f 192/305/170 209/379/208 196/362/199
f 179/325/180 197/357/195 185/352/191
f 149/254/147 172/309/172 202/361/198
f 174/380/177 185/381/191 198/382/200
f 186/383/184 165/342/161 201/375/207
f 135/320/139 167/341/169 189/339/185
f 147/250/144 140/287/158 199/365/202
f 180/346/189 199/365/202 140/287/158
f 205/377/206 210/384/209 212/385/210
f 164/297/165 163/378/162 205/377/206
f 208/386/211 216/387/212 191/356/194
f 200/369/204 211/388/213 162/291/160
f 205/377/206 212/385/210 164/297/165
f 205/374/206 199/365/202 217/389/214
f 197/390/195 179/391/180 207/392/190
f 125/211/123 186/338/184 180/346/189
f 219/393/215 178/348/179 187/394/188
f 194/360/197 137/241/138 203/395/203
f 213/396/216 176/333/182 164/297/165
f 220/397/217 141/269/153 216/387/212
f 141/269/153 191/356/194 216/387/212
f 221/398/218 195/354/193 182/312/174
f 127/300/130 193/358/196 190/399/163
f 206/400/205 183/401/192 197/402/195
f 178/324/179 145/347/142 187/403/188
f 215/404/219 228/405/220 189/339/185
f 167/341/169 215/404/219 189/339/185
f 133/406/134 177/407/178 222/408/221
f 166/302/168 215/404/219 167/341/169
f 191/356/194 181/326/181 208/386/211
f 141/269/153 220/397/217 203/366/203
f 219/393/215 207/349/190 178/348/179
f 146/249/143 194/360/197 170/315/176
f 210/384/209 205/377/206 217/409/214
f 184/335/183 223/410/222 182/312/174
f 209/379/208 169/298/166 232/411/223
f 202/361/198 208/386/211 181/326/181
f 227/412/224 164/297/165 212/385/210
f 173/413/186 189/339/185 228/405/220
f 219/393/215 187/394/188 170/414/176
f 173/355/186 228/415/220 188/344/187
f 217/389/214 199/365/202 218/416/225
f 193/358/196 214/417/226 229/418/227
f 241/419/228 206/400/205 197/402/195
f 133/406/134 222/408/221 230/420/229
f 159/421/167 133/406/134 230/420/229
f 133/406/134 159/421/167 112/422/129
f 204/364/201 231/423/230 184/335/183
f 221/398/218 182/312/174 223/410/222
f 169/327/166 195/354/193 232/424/223
f 162/291/160 233/425/231 172/309/172
f 200/369/204 196/368/199 211/388/213
f 190/399/163 193/358/196 234/426/232
f 211/388/213 233/425/231 162/291/160
f 213/396/216 204/364/201 176/333/182
f 238/427/233 208/386/211 202/361/198
f 159/428/167 214/429/226 193/430/196
f 166/302/168 190/294/163 236/431/234
f 196/368/199 209/432/208 237/433/235
f 225/434/236 209/379/208 232/411/223
f 218/416/225 199/365/202 248/435/237
f 202/361/198 172/309/172 226/436/238
f 201/437/207 235/438/239 186/338/184
f 248/435/237 199/365/202 180/346/189
f 213/396/216 164/297/165 227/412/224
f 236/431/234 224/439/240 166/302/168
f 242/440/241 230/441/242 222/442/243
f 230/443/242 242/444/241 243/445/244
f 209/432/208 225/446/236 237/433/235
f 233/425/231 211/388/213 239/447/245
f 235/448/239 201/375/207 188/344/187
f 172/309/172 233/425/231 240/449/246
f 220/397/217 245/450/247 203/366/203
f 194/360/197 203/395/203 246/451/248
f 236/431/234 190/294/163 247/452/249
f 159/421/167 229/453/227 214/454/226
f 180/346/189 186/338/184 248/435/237
f 211/388/213 196/368/199 252/455/250
f 238/427/233 216/387/212 208/386/211
f 234/426/232 247/456/249 190/399/163
f 195/354/193 225/457/236 232/424/223
f 244/458/251 212/385/210 210/384/209
f 244/458/251 227/412/224 212/385/210
f 234/426/232 193/358/196 229/418/227
f 219/393/215 170/414/176 250/459/252
f 197/402/195 207/460/190 241/419/228
f 215/461/219 166/462/168 259/463/253
f 230/420/229 206/464/205 253/465/254
f 159/421/167 230/420/229 229/453/227
f 213/396/216 227/412/224 254/466/255
f 196/368/199 237/433/235 252/455/250
f 203/467/203 245/450/247 246/468/248
f 240/449/246 226/436/238 172/309/172
f 170/315/176 194/360/197 251/469/256
f 226/436/238 238/427/233 202/361/198
f 237/433/235 225/446/236 258/470/257
f 257/471/258 204/364/201 213/396/216
f 228/472/220 215/461/219 256/473/259
f 248/435/237 186/338/184 235/438/239
f 224/474/240 259/475/253 166/476/168
f 249/477/260 221/398/218 223/410/222
f 195/354/193 221/398/218 249/477/260
f 263/478/261 258/479/257 225/457/236
f 231/423/230 204/364/201 257/471/258
f 260/480/262 261/481/263 188/344/187
f 252/455/250 239/447/245 211/388/213
f 262/482/264 250/459/252 170/414/176
f 223/410/222 184/335/183 231/423/230
f 219/393/215 264/483/265 207/349/190
f 230/420/229 253/465/254 229/453/227
f 265/484/266 217/389/214 218/416/225
f 188/344/187 228/415/220 260/480/262
f 267/485/267 225/457/236 195/354/193
f 247/456/249 234/426/232 266/486/268
f 267/485/267 195/354/193 249/477/260
f 235/448/239 188/344/187 261/481/263
f 263/478/261 225/457/236 267/485/267
f 248/435/237 268/487/269 218/416/225
f 210/384/209 217/488/214 255/489/270
f 270/490/271 227/412/224 244/458/251
f 251/491/256 262/482/264 170/414/176
f 256/492/259 260/480/262 228/415/220
f 240/449/246 233/425/231 269/493/272
f 265/494/266 255/489/270 217/488/214
f 207/460/190 264/495/265 241/419/228
f 216/387/212 238/427/233 271/496/273
f 267/485/267 249/477/260 273/497/274
f 223/410/222 231/423/230 283/498/275
f 259/499/253 224/439/240 236/431/234
f 254/466/255 227/412/224 278/500/276
f 279/501/277 220/397/217 216/387/212
f 246/451/248 251/469/256 194/360/197
f 227/412/224 270/490/271 278/500/276
f 249/477/260 223/410/222 283/498/275
f 280/502/278 239/447/245 252/455/250
f 226/436/238 277/503/279 238/427/233
f 257/471/258 213/396/216 254/466/255
f 269/493/272 276/504/280 240/449/246
f 210/384/209 255/489/270 282/505/281
f 244/458/251 210/384/209 282/505/281
f 240/449/246 276/504/280 226/436/238
f 277/503/279 271/496/273 238/427/233
f 256/506/259 215/507/219 272/508/282
f 233/425/231 239/447/245 269/493/272
f 215/461/219 259/463/253 272/509/282
f 264/483/265 219/393/215 250/459/252
f 277/503/279 284/510/283 271/496/273
f 282/505/281 270/490/271 244/458/251
f 218/416/225 268/487/269 265/484/266
f 272/508/282 260/511/262 256/506/259
f 279/501/277 216/387/212 271/496/273
f 248/435/237 235/438/239 288/512/284
f 277/503/279 226/436/238 284/510/283
f 285/513/285 247/452/249 266/514/268
f 231/423/230 257/471/258 287/515/286
f 274/516/287 259/475/253 292/517/288
f 280/502/278 269/493/272 239/447/245
f 248/518/237 288/519/284 268/520/269
f 280/502/278 252/455/250 298/521/289
f 252/455/250 237/433/235 298/521/289
f 261/481/263 275/522/290 235/448/239
f 259/475/253 236/523/234 292/517/288
f 292/517/288 281/524/291 274/516/287
f 264/495/265 307/525/292 241/419/228
f 276/504/280 269/493/272 296/526/293
f 245/450/247 220/397/217 289/527/294
f 293/528/295 270/490/271 282/505/281
f 289/527/294 220/397/217 279/501/277
f 253/529/254 234/426/232 229/418/227
f 294/530/296 246/451/248 245/531/247
f 283/498/275 231/423/230 287/515/286
f 297/532/297 260/511/262 272/508/282
f 236/431/234 247/452/249 285/513/285
f 288/512/284 235/438/239 275/533/290
f 249/477/260 283/498/275 286/534/298
f 255/489/270 265/494/266 290/535/299
f 279/501/277 271/496/273 284/510/283
f 263/478/261 267/485/267 311/536/300
f 266/486/268 234/426/232 253/529/254
f 291/537/301 268/520/269 288/519/284
f 275/538/290 261/539/263 260/511/262
f 273/497/274 249/477/260 286/534/298
f 283/498/275 287/515/286 301/540/302
f 237/433/235 258/470/257 303/541/303
f 296/526/293 269/493/272 300/542/304
f 275/538/290 260/511/262 297/532/297
f 298/521/289 237/433/235 303/541/303
f 257/471/258 254/466/255 302/543/305
f 258/470/257 263/544/261 303/541/303
f 265/545/266 268/520/269 291/537/301
f 287/515/286 257/471/258 302/543/305
f 276/504/280 304/546/306 226/436/238
f 282/505/281 255/489/270 305/547/307
f 250/459/252 262/482/264 312/548/308
f 274/549/287 272/509/282 259/463/253
f 253/550/254 206/551/205 308/552/309
f 285/513/285 266/514/268 309/553/310
f 297/532/297 288/554/284 275/538/290
f 265/555/266 295/556/311 290/535/299
f 289/527/294 279/501/277 299/557/312
f 254/466/255 278/500/276 315/558/313
f 226/436/238 304/546/306 284/510/283
f 278/500/276 270/490/271 293/528/295
f 251/469/256 312/559/308 262/560/264
f 308/561/309 206/562/205 241/563/228
f 315/558/313 278/500/276 293/528/295
f 276/504/280 296/526/293 304/546/306
f 291/564/301 295/565/311 265/566/266
f 267/485/267 273/497/274 311/536/300
f 313/567/314 286/534/298 283/498/275
f 291/537/301 288/519/284 314/568/315
f 289/569/294 294/530/296 245/570/247
f 305/547/307 255/489/270 290/535/299
f 291/537/301 314/568/315 316/571/316
f 269/493/272 280/502/278 319/572/317
f 320/573/318 293/528/295 282/505/281
f 302/543/305 254/466/255 315/558/313
f 300/542/304 269/493/272 319/572/317
f 320/573/318 282/505/281 305/547/307
f 274/549/287 281/574/291 306/575/319
f 306/575/319 272/509/282 274/549/287
f 246/451/248 294/530/296 339/576/320
f 341/577/321 291/537/301 316/571/316
f 300/542/304 317/578/322 296/526/293
f 301/540/302 287/515/286 338/579/323
f 279/501/277 284/510/283 318/580/324
f 284/510/283 304/546/306 322/581/325
f 318/580/324 284/510/283 322/581/325
f 304/546/306 296/526/293 317/578/322
f 301/540/302 313/567/314 283/498/275
f 298/521/289 331/582/326 280/502/278
f 264/483/265 250/459/252 328/583/327
f 308/584/309 326/585/328 253/586/254
f 266/486/268 253/529/254 326/587/328
f 251/469/256 342/588/329 312/559/308
f 307/525/292 264/495/265 324/589/330
f 310/590/331 298/521/289 303/541/303
f 303/541/303 263/544/261 325/591/332
f 281/524/291 292/517/288 327/592/333
f 310/590/331 303/541/303 332/593/334
f 333/594/335 315/558/313 293/528/295
f 302/543/305 338/579/323 287/515/286
f 288/554/284 297/532/297 329/595/336
f 280/502/278 331/582/326 319/572/317
f 273/497/274 330/596/337 311/536/300
f 273/497/274 286/534/298 330/596/337
f 306/575/319 329/597/336 272/509/282
f 297/532/297 272/508/282 329/595/336
f 250/459/252 312/548/308 337/598/338
f 337/598/338 328/583/327 250/459/252
f 292/599/288 236/600/234 321/601/339
f 294/602/296 289/527/294 334/603/340
f 309/604/310 266/486/268 326/587/328
f 311/536/300 325/605/332 263/478/261
f 323/606/341 279/501/277 318/580/324
f 251/469/256 246/451/248 339/576/320
f 286/534/298 313/567/314 344/607/342
f 301/540/302 338/579/323 313/567/314
f 315/558/313 333/594/335 345/608/343
f 241/419/228 307/525/292 335/609/344
f 285/610/285 309/611/310 384/612/345
f 334/603/340 289/527/294 340/613/346
f 236/600/234 285/610/285 321/601/339
f 344/607/342 330/596/337 286/534/298
f 360/614/347 384/612/345 309/611/310
f 333/594/335 293/528/295 343/615/348
f 331/582/326 298/521/289 310/590/331
f 288/616/284 329/617/336 314/568/315
f 264/483/265 328/583/327 324/618/330
f 336/619/349 308/584/309 241/620/228
f 327/621/333 292/622/288 321/601/339
f 295/565/311 291/623/301 341/624/321
f 305/625/307 290/626/299 295/565/311
f 317/578/322 300/542/304 319/572/317
f 350/627/350 316/628/316 314/629/315
f 299/557/312 279/501/277 323/606/341
f 348/630/351 295/565/311 341/624/321
f 342/588/329 251/469/256 339/576/320
f 313/567/314 338/579/323 344/607/342
f 346/631/352 312/559/308 342/588/329
f 312/548/308 346/632/352 337/598/338
f 317/578/322 352/633/353 304/546/306
f 289/527/294 299/557/312 340/613/346
f 302/543/305 345/608/343 338/579/323
f 302/543/305 315/558/313 345/608/343
f 311/536/300 330/596/337 355/634/354
f 329/635/336 350/627/350 314/629/315
f 294/602/296 334/603/340 353/636/355
f 325/605/332 311/536/300 355/634/354
f 293/528/295 320/573/318 343/615/348
f 306/575/319 281/574/291 327/637/333
f 336/638/349 241/419/228 389/639/356
f 336/619/349 326/585/328 308/584/309
f 295/565/311 354/640/357 305/625/307
f 341/624/321 316/641/316 351/642/358
f 356/643/359 310/590/331 332/593/334
f 317/578/322 370/644/360 352/633/353
f 319/572/317 370/644/360 317/578/322
f 354/640/357 295/565/311 348/630/351
f 331/582/326 310/590/331 359/645/361
f 316/628/316 366/646/362 351/647/358
f 329/597/336 306/575/319 361/648/363
f 328/583/327 337/598/338 358/649/364
f 362/650/365 357/651/366 326/585/328
f 304/546/306 347/652/367 322/581/325
f 352/633/353 347/652/367 304/546/306
f 327/621/333 321/601/339 363/653/368
f 316/628/316 350/627/350 366/646/362
f 323/606/341 318/580/324 364/654/369
f 294/530/296 353/655/355 339/576/320
f 310/590/331 356/643/359 359/645/361
f 341/624/321 351/642/358 348/630/351
f 318/580/324 322/581/325 364/654/369
f 330/596/337 344/607/342 367/656/370
f 369/657/371 329/597/336 361/648/363
f 327/637/333 418/658/372 306/575/319
f 336/619/349 362/650/365 326/585/328
f 379/659/373 340/613/346 299/557/312
f 285/610/285 384/612/345 321/601/339
f 350/627/350 365/660/374 366/646/362
f 368/661/375 384/662/345 360/663/347
f 344/607/342 338/579/323 371/664/376
f 335/665/344 389/666/356 241/667/228
f 360/663/347 309/668/310 326/669/328
f 331/582/326 359/645/361 373/670/377
f 345/608/343 349/671/378 338/579/323
f 355/634/354 372/672/379 325/605/332
f 350/627/350 329/635/336 365/660/374
f 335/673/344 307/674/292 388/675/380
f 320/676/318 305/625/307 354/640/357
f 339/576/320 353/655/355 375/677/381
f 319/572/317 331/582/326 373/670/377
f 366/646/362 365/660/374 377/678/382
f 360/663/347 326/669/328 357/679/366
f 349/671/378 371/664/376 338/579/323
f 355/634/354 330/596/337 380/680/383
f 340/613/346 381/681/384 334/603/340
f 380/680/383 330/596/337 367/656/370
f 325/591/332 332/593/334 303/541/303
f 379/659/373 299/557/312 402/682/385
f 342/588/329 339/576/320 383/683/386
f 345/608/343 333/594/335 376/684/387
f 403/685/388 348/630/351 351/642/358
f 307/674/292 324/686/330 388/675/380
f 354/640/357 348/630/351 382/687/389
f 320/676/318 354/640/357 394/688/390
f 365/660/374 378/689/391 377/678/382
f 363/690/368 418/658/372 327/637/333
f 353/636/355 334/603/340 391/691/392
f 333/594/335 343/615/348 387/692/393
f 299/557/312 323/606/341 402/682/385
f 370/644/360 319/572/317 386/693/394
f 384/694/345 368/695/375 392/696/395
f 348/630/351 403/685/388 382/687/389
f 367/656/370 344/607/342 371/664/376
f 346/631/352 342/588/329 383/683/386
f 347/652/367 364/654/369 322/581/325
f 393/697/396 403/685/388 351/642/358
f 339/576/320 375/677/381 383/683/386
f 332/593/334 325/591/332 385/698/397
f 401/699/398 351/642/358 366/700/362
f 398/701/399 383/702/386 397/703/400
f 334/603/340 381/681/384 391/691/392
f 376/684/387 390/704/401 345/608/343
f 387/692/393 376/684/387 333/594/335
f 349/671/378 345/608/343 405/705/402
f 377/706/382 401/699/398 366/707/362
f 336/708/349 389/666/356 435/709/403
f 358/710/364 337/711/338 398/712/399
f 388/713/380 324/618/330 328/583/327
f 328/583/327 358/649/364 406/714/404
f 345/608/343 390/704/401 405/705/402
f 401/699/398 393/697/396 351/642/358
f 374/715/405 409/716/406 399/717/407
f 362/650/365 336/619/349 357/651/366
f 383/683/386 375/677/381 397/718/400
f 404/719/408 407/720/409 396/721/410
f 379/659/373 381/681/384 340/613/346
f 386/693/394 319/572/317 373/670/377
f 306/575/319 418/658/372 361/648/363
f 377/678/382 378/689/391 411/722/411
f 408/723/412 347/652/367 352/633/353
f 375/677/381 353/655/355 391/724/392
f 323/606/341 364/654/369 402/682/385
f 399/725/407 409/726/406 412/727/413
f 378/728/391 365/729/374 329/730/336
f 372/672/379 355/634/354 400/731/414
f 343/615/348 320/573/318 394/732/390
f 373/670/377 359/645/361 413/733/415
f 364/654/369 347/652/367 416/734/416
f 399/717/407 395/735/417 374/715/405
f 371/664/376 428/736/418 367/656/370
f 417/737/419 393/697/396 401/699/398
f 392/738/395 368/739/375 360/740/347
f 346/741/352 383/702/386 398/701/399
f 337/711/338 346/742/352 398/712/399
f 335/665/344 388/743/380 419/744/420
f 357/679/366 336/708/349 360/663/347
f 343/615/348 394/732/390 415/745/421
f 410/746/422 374/715/405 395/735/417
f 397/718/400 375/677/381 420/747/423
f 386/693/394 352/633/353 370/644/360
f 389/666/356 335/665/344 419/744/420
f 321/601/339 414/748/424 363/653/368
f 397/703/400 358/749/364 398/701/399
f 421/750/425 386/693/394 373/670/377
f 422/751/426 410/746/422 395/735/417
f 402/682/385 364/654/369 423/752/427
f 381/681/384 379/659/373 425/753/428
f 360/663/347 336/708/349 407/754/409
f 380/680/383 400/731/414 355/634/354
f 437/755/429 369/756/371 361/757/363
f 356/643/359 332/593/334 385/698/397
f 363/653/368 414/748/424 418/758/372
f 427/759/430 378/728/391 329/730/336
f 404/719/408 410/746/422 422/751/426
f 432/760/431 377/761/382 411/762/411
f 379/659/373 402/682/385 425/753/428
f 394/688/390 354/640/357 424/763/432
f 405/705/402 433/764/433 349/671/378
f 387/692/393 426/765/434 376/684/387
f 391/691/392 381/681/384 434/766/435
f 432/760/431 401/767/398 377/761/382
f 404/768/408 360/740/347 407/769/409
f 404/768/408 392/738/395 360/740/347
f 430/770/436 410/771/422 404/772/408
f 415/745/421 387/692/393 343/615/348
f 385/698/397 359/645/361 356/643/359
f 429/773/437 374/774/405 410/771/422
f 423/752/427 364/654/369 416/734/416
f 416/734/416 347/652/367 408/723/412
f 431/775/438 384/694/345 392/696/395
f 422/751/426 392/776/395 404/719/408
f 390/704/401 376/684/387 426/765/434
f 382/687/389 424/763/432 354/640/357
f 349/671/378 433/764/433 371/664/376
f 336/708/349 435/709/403 407/754/409
f 404/772/408 396/777/410 430/770/436
f 421/750/425 373/670/377 413/733/415
f 369/756/371 427/759/430 329/730/336
f 328/583/327 508/778/439 388/713/380
f 352/633/353 386/693/394 441/779/440
f 359/645/361 385/698/397 450/780/441
f 395/781/417 399/782/407 439/783/442
f 435/709/403 389/666/356 419/744/420
f 429/773/437 409/784/406 374/774/405
f 382/687/389 403/685/388 443/785/443
f 440/786/444 367/656/370 428/736/418
f 444/787/445 412/788/413 409/789/406
f 393/697/396 443/785/443 403/685/388
f 438/790/446 422/751/426 395/735/417
f 406/791/404 358/792/364 397/718/400
f 395/781/417 439/783/442 438/793/446
f 381/681/384 425/753/428 434/766/435
f 447/794/447 378/795/391 446/796/448
f 433/764/433 428/736/418 371/664/376
f 427/759/430 446/797/448 378/728/391
f 420/747/423 375/677/381 442/798/449
f 448/799/450 328/583/327 406/714/404
f 421/750/425 449/800/451 386/693/394
f 413/733/415 359/645/361 450/780/441
f 380/680/383 367/656/370 440/786/444
f 361/801/363 418/802/372 457/803/452
f 415/804/421 394/805/390 472/806/453
f 321/601/339 431/807/438 414/748/424
f 391/724/392 451/808/454 375/677/381
f 410/771/422 430/770/436 429/773/437
f 378/795/391 447/794/447 411/809/411
f 392/776/395 422/751/426 459/810/455
f 391/724/392 434/811/435 451/808/454
f 450/780/441 385/698/397 454/812/456
f 454/812/456 385/698/397 455/813/457
f 422/751/426 438/790/446 445/814/458
f 437/815/429 361/801/363 457/803/452
f 441/779/440 386/693/394 449/800/451
f 399/725/407 412/727/413 439/816/442
f 321/601/339 384/612/345 431/807/438
f 457/817/452 418/818/372 414/819/424
f 472/820/453 394/688/390 424/763/432
f 425/753/428 456/821/459 434/766/435
f 459/822/455 422/751/426 445/814/458
f 402/682/385 423/752/427 458/823/460
f 407/754/409 435/709/403 453/824/461
f 428/736/418 433/764/433 460/825/462
f 421/750/425 413/733/415 450/780/441
f 425/753/428 402/682/385 456/821/459
f 433/764/433 405/705/402 390/704/401
f 426/826/434 387/827/393 415/804/421
f 388/713/380 508/778/439 436/828/463
f 369/756/371 478/829/464 427/759/430
f 508/778/439 328/583/327 448/799/450
f 453/824/461 435/709/403 419/744/420
f 400/731/414 380/680/383 463/830/465
f 380/680/383 440/786/444 463/830/465
f 474/831/466 442/798/449 375/677/381
f 382/687/389 443/785/443 424/763/432
f 416/734/416 465/832/467 423/752/427
f 466/833/468 385/698/397 325/591/332
f 397/718/400 452/834/469 406/791/404
f 402/682/385 458/823/460 456/821/459
f 390/704/401 462/835/470 433/764/433
f 455/813/457 385/698/397 466/833/468
f 446/836/448 432/837/431 411/809/411
f 431/775/438 392/696/395 459/838/455
f 423/752/427 464/839/471 458/823/460
f 419/744/420 388/743/380 436/840/463
f 447/794/447 446/836/448 411/809/411
f 352/633/353 441/779/440 471/841/472
f 451/808/454 434/811/435 470/842/473
f 456/821/459 470/843/473 434/766/435
f 462/835/470 390/704/401 468/844/474
f 532/845/475 430/770/436 396/777/410
f 473/846/476 426/826/434 415/804/421
f 444/787/445 409/789/406 467/847/477
f 375/677/381 451/808/454 474/831/466
f 408/723/412 352/633/353 471/841/472
f 414/819/424 431/775/438 475/848/478
f 461/849/479 400/731/414 463/830/465
f 457/817/452 414/819/424 475/848/478
f 468/844/474 390/704/401 477/850/480
f 406/791/404 452/834/469 448/851/450
f 476/852/481 393/697/396 417/737/419
f 443/785/443 393/697/396 476/852/481
f 426/765/434 477/850/480 390/704/401
f 416/734/416 408/723/412 471/841/472
f 396/777/410 407/754/409 532/845/475
f 407/754/409 453/824/461 532/845/475
f 463/830/465 440/786/444 479/853/482
f 372/854/379 400/855/414 480/856/483
f 466/833/468 325/591/332 480/856/483
f 409/784/406 429/773/437 467/857/477
f 497/858/484 472/806/453 424/859/432
f 372/854/379 480/856/483 325/591/332
f 417/860/419 401/767/398 482/861/485
f 481/862/486 442/798/449 474/831/466
f 486/863/487 462/835/470 468/844/474
f 487/864/488 369/756/371 437/755/429
f 473/846/476 415/804/421 472/806/453
f 491/865/489 438/793/446 439/783/442
f 433/764/433 462/835/470 488/866/490
f 445/867/458 438/793/446 459/838/455
f 436/840/463 469/868/491 419/744/420
f 458/823/460 494/869/492 456/821/459
f 480/856/483 400/855/414 461/870/479
f 436/828/463 508/778/439 469/871/491
f 476/852/481 417/737/419 482/872/485
f 483/873/493 485/874/494 424/763/432
f 473/875/476 484/876/495 426/765/434
f 443/785/443 495/877/496 424/763/432
f 426/765/434 484/876/495 477/850/480
f 433/764/433 488/866/490 496/878/497
f 421/750/425 450/780/441 489/879/498
f 437/815/429 457/803/452 492/880/499
f 464/839/471 498/881/500 458/823/460
f 498/881/500 464/839/471 423/752/427
f 423/752/427 465/832/467 498/881/500
f 441/779/440 499/882/501 471/841/472
f 460/825/462 490/883/502 428/736/418
f 462/835/470 486/863/487 488/866/490
f 478/829/464 369/756/371 487/864/488
f 497/858/484 424/859/432 485/884/494
f 470/843/473 456/821/459 494/869/492
f 449/800/451 421/750/425 502/885/503
f 465/832/467 416/734/416 471/841/472
f 472/806/453 484/886/495 473/846/476
f 450/780/441 454/812/456 489/879/498
f 460/825/462 433/764/433 496/878/497
f 492/887/499 457/817/452 475/848/478
f 440/786/444 428/736/418 479/853/482
f 469/868/491 453/824/461 419/744/420
f 432/837/431 446/836/448 504/888/504
f 401/767/398 432/760/431 517/889/505
f 478/829/464 515/890/506 427/759/430
f 499/882/501 441/779/440 449/800/451
f 495/877/496 483/873/493 424/763/432
f 472/806/453 497/858/484 484/886/495
f 458/823/460 503/891/507 494/869/492
f 515/892/506 478/893/464 509/894/508
f 503/891/507 458/823/460 498/881/500
f 495/877/496 443/785/443 507/895/509
f 438/793/446 491/865/489 493/896/510
f 510/897/511 454/812/456 455/813/457
f 446/836/448 506/898/512 504/888/504
f 459/838/455 523/899/513 431/775/438
f 469/868/491 508/900/439 453/824/461
f 478/893/464 487/901/488 509/894/508
f 444/902/445 501/903/514 412/727/413
f 442/798/449 481/862/486 512/904/515
f 512/904/515 420/747/423 442/798/449
f 514/905/516 439/816/442 412/727/413
f 446/797/448 427/759/430 513/906/517
f 479/853/482 428/736/418 490/883/502
f 517/889/505 432/760/431 504/907/504
f 477/850/480 484/876/495 505/908/518
f 397/718/400 448/851/450 452/834/469
f 489/879/498 454/812/456 510/897/511
f 466/833/468 480/856/483 518/909/519
f 448/851/450 397/718/400 420/747/423
f 490/883/502 460/825/462 519/910/520
f 471/841/472 499/882/501 465/832/467
f 484/886/495 497/858/484 540/911/521
f 443/785/443 476/852/481 507/895/509
f 463/912/465 511/913/522 461/914/479
f 479/853/482 511/915/522 463/830/465
f 401/916/398 517/917/505 482/872/485
f 502/885/503 421/750/425 489/879/498
f 532/845/475 453/824/461 508/900/439
f 468/844/474 477/850/480 486/863/487
f 523/899/513 475/848/478 431/775/438
f 500/918/523 444/787/445 467/847/477
f 496/878/497 519/910/520 460/825/462
f 502/885/503 499/882/501 449/800/451
f 516/919/524 470/843/473 494/869/492
f 534/920/525 509/894/508 487/901/488
f 530/921/526 489/879/498 510/897/511
f 444/787/445 500/918/523 526/922/527
f 412/727/413 501/903/514 514/905/516
f 515/890/506 513/906/517 427/759/430
f 489/879/498 524/923/528 502/885/503
f 437/924/429 492/887/499 528/925/529
f 451/808/454 520/926/530 474/831/466
f 529/927/531 479/853/482 490/883/502
f 498/881/500 465/832/467 527/928/532
f 499/882/501 521/929/533 465/832/467
f 455/813/457 466/833/468 510/897/511
f 520/926/530 451/808/454 470/842/473
f 480/856/483 461/870/479 518/909/519
f 523/899/513 459/838/455 537/930/534
f 487/864/488 437/755/429 528/931/529
f 439/816/442 514/905/516 533/932/535
f 475/933/478 487/934/488 492/935/499
f 430/770/436 532/845/475 429/773/437
f 461/870/479 511/913/522 518/909/519
f 476/852/481 482/872/485 531/936/536
f 475/933/478 523/937/513 487/934/488
f 505/938/518 484/939/495 522/940/537
f 459/838/455 438/793/446 493/896/510
f 532/941/475 508/942/439 535/943/538
f 503/891/507 498/881/500 527/928/532
f 493/896/510 537/930/534 459/838/455
f 494/869/492 503/891/507 525/944/539
f 541/945/540 515/890/506 509/946/508
f 539/947/541 476/852/481 531/936/536
f 532/845/475 467/857/477 429/773/437
f 512/904/515 481/862/486 542/948/542
f 507/895/509 476/852/481 539/947/541
f 485/884/494 540/911/521 497/858/484
f 525/944/539 543/949/543 494/869/492
f 523/937/513 534/950/525 487/934/488
f 545/951/544 483/873/493 495/877/496
f 448/851/450 538/952/545 508/942/439
f 546/953/546 488/866/490 486/863/487
f 420/747/423 512/904/515 536/954/547
f 508/942/439 538/952/545 535/943/538
f 481/862/486 474/831/466 544/955/548
f 484/886/495 540/911/521 522/956/537
f 515/890/506 541/945/540 549/957/549
f 448/851/450 420/747/423 536/954/547
f 551/958/550 524/923/528 489/879/498
f 465/832/467 521/929/533 553/959/551
f 485/884/494 483/960/493 550/961/552
f 551/958/550 489/879/498 530/921/526
f 486/863/487 477/850/480 552/962/553
f 527/928/532 465/832/467 553/959/551
f 533/963/535 514/964/516 501/965/514
f 506/966/512 446/797/448 513/906/517
f 513/906/517 515/890/506 549/957/549
f 554/967/554 499/882/501 502/885/503
f 477/850/480 505/908/518 552/962/553
f 521/929/533 499/882/501 548/968/555
f 534/969/525 541/945/540 509/946/508
f 470/842/473 516/970/524 520/926/530
f 547/971/556 494/869/492 543/949/543
f 479/972/482 556/973/557 511/913/522
f 487/934/488 528/974/529 492/935/499
f 538/952/545 448/851/450 586/975/558
f 520/926/530 544/955/548 474/831/466
f 495/877/496 507/895/509 558/976/559
f 559/977/560 517/889/505 504/907/504
f 558/976/559 507/895/509 539/947/541
f 516/919/524 494/869/492 547/971/556
f 522/978/537 566/979/561 505/908/518
f 511/913/522 556/973/557 518/909/519
f 448/851/450 536/954/547 586/975/558
f 548/968/555 499/882/501 554/967/554
f 510/897/511 466/833/468 569/980/562
f 479/972/482 529/981/531 560/982/563
f 529/927/531 490/883/502 519/910/520
f 530/921/526 510/897/511 569/980/562
f 501/965/514 444/787/445 526/922/527
f 526/922/527 500/918/523 557/983/564
f 539/947/541 531/936/536 562/984/565
f 503/891/507 527/928/532 563/985/566
f 532/941/475 535/943/538 564/986/567
f 554/967/554 502/885/503 524/923/528
f 565/987/568 522/956/537 540/911/521
f 544/955/548 542/948/542 481/862/486
f 496/878/497 488/866/490 568/988/569
f 543/949/543 525/944/539 570/989/570
f 530/921/526 569/980/562 571/990/571
f 527/928/532 553/959/551 563/985/566
f 488/866/490 546/953/546 568/988/569
f 486/863/487 552/962/553 546/953/546
f 532/845/475 555/991/572 467/857/477
f 572/992/573 529/927/531 519/910/520
f 548/968/555 577/993/574 521/929/533
f 573/994/575 520/995/530 516/996/524
f 525/944/539 503/891/507 575/997/576
f 518/909/519 556/973/557 561/998/577
f 524/923/528 551/958/550 580/999/578
f 570/989/570 547/971/556 543/949/543
f 567/1000/579 534/1001/525 523/1002/513
f 482/861/485 517/889/505 531/1003/536
f 568/988/569 576/1004/580 496/878/497
f 523/1002/513 537/1005/534 567/1000/579
f 540/911/521 485/884/494 550/961/552
f 553/959/551 521/929/533 577/993/574
f 578/1006/581 546/953/546 552/962/553
f 518/909/519 569/980/562 466/833/468
f 537/930/534 493/896/510 581/1007/582
f 551/958/550 530/921/526 580/999/578
f 512/904/515 542/948/542 583/1008/583
f 483/873/493 545/951/544 550/1009/552
f 579/1010/584 554/967/554 524/923/528
f 570/989/570 525/944/539 575/997/576
f 467/847/477 638/1011/585 500/918/523
f 536/954/547 512/904/515 583/1008/583
f 504/1012/504 506/1013/512 513/1014/517
f 503/891/507 563/985/566 575/997/576
f 556/973/557 585/1015/586 561/998/577
f 535/1016/538 538/1017/545 584/1018/587
f 565/1019/568 566/1020/561 522/1021/537
f 548/968/555 554/967/554 579/1010/584
f 558/976/559 545/951/544 495/877/496
f 564/1022/567 535/1023/538 589/1024/588
f 496/878/497 576/1004/580 519/910/520
f 557/983/564 501/965/514 526/922/527
f 549/957/549 588/1025/589 513/906/517
f 574/1026/590 582/1027/591 589/1028/588
f 558/976/559 539/947/541 590/1029/592
f 566/979/561 552/962/553 505/908/518
f 592/1030/593 574/1031/590 589/1032/588
f 518/909/519 561/998/577 569/980/562
f 593/1033/594 589/1028/588 582/1027/591
f 556/973/557 479/972/482 560/982/563
f 594/1034/595 587/1035/596 591/1036/597
f 516/919/524 547/971/556 595/1037/598
f 541/945/540 534/1038/525 549/957/549
f 591/1039/597 582/1040/591 574/1041/590
f 579/1010/584 524/923/528 580/999/578
f 562/984/565 531/936/536 600/1042/599
f 567/1000/579 549/1043/549 534/1001/525
f 536/954/547 583/1008/583 586/975/558
f 530/921/526 571/990/571 598/1044/600
f 602/1045/601 563/985/566 553/959/551
f 560/982/563 529/981/531 572/1046/573
f 587/1047/596 582/1048/591 591/1049/597
f 542/948/542 544/955/548 583/1008/583
f 533/1050/535 596/1051/602 439/1052/442
f 582/1027/591 587/1053/596 603/1054/603
f 616/1055/604 565/987/568 540/911/521
f 573/994/575 599/1056/605 520/995/530
f 573/1057/575 516/919/524 595/1037/598
f 590/1029/592 623/1058/606 558/976/559
f 608/1059/607 504/1012/504 513/1014/517
f 559/977/560 504/907/504 608/1060/607
f 580/999/578 609/1061/608 579/1010/584
f 582/1027/591 603/1054/603 593/1033/594
f 580/999/578 530/921/526 598/1044/600
f 535/1062/538 584/1063/587 589/1028/588
f 596/1051/602 491/1064/489 439/1052/442
f 555/1065/572 532/1066/475 564/1022/567
f 517/889/505 559/977/560 641/1067/609
f 584/1063/587 592/1068/593 589/1028/588
f 587/1053/596 607/1069/610 603/1054/603
f 612/1070/611 603/1054/603 607/1069/610
f 603/1054/603 612/1070/611 613/1071/612
f 604/1072/613 603/1054/603 613/1071/612
f 531/1003/536 517/889/505 614/1073/614
f 566/979/561 578/1006/581 552/962/553
f 520/926/530 599/1074/605 544/955/548
f 550/1009/552 545/951/544 597/1075/615
f 604/1076/613 607/1077/610 587/1078/596
f 613/1079/612 607/1077/610 604/1076/613
f 467/857/477 555/991/572 610/1080/616
f 540/911/521 550/961/552 616/1055/604
f 587/1078/596 594/1081/595 604/1076/613
f 618/1082/617 604/1083/613 594/1084/595
f 591/1036/597 574/1085/590 592/1086/593
f 594/1084/595 607/1087/610 618/1082/617
f 618/1082/617 607/1087/610 613/1088/612
f 612/1070/611 607/1069/610 594/1089/595
f 612/1090/611 618/1082/617 613/1088/612
f 604/1083/613 618/1082/617 612/1090/611
f 581/1091/582 642/1092/618 537/1093/534
f 538/1017/545 586/1094/558 620/1095/619
f 517/889/505 641/1067/609 614/1073/614
f 538/1017/545 615/1096/620 584/1018/587
f 592/1068/593 584/1063/587 615/1097/620
f 558/976/559 623/1058/606 545/951/544
f 625/1098/621 603/1099/603 604/1100/613
f 580/999/578 598/1044/600 609/1061/608
f 547/971/556 570/989/570 595/1037/598
f 601/1101/622 570/989/570 575/997/576
f 610/1102/616 638/1011/585 467/847/477
f 562/984/565 626/1103/623 539/947/541
f 620/1095/619 586/1094/558 619/1104/624
f 568/988/569 546/953/546 578/1006/581
f 594/1105/595 625/1106/621 612/1107/611
f 625/1106/621 604/1108/613 612/1107/611
f 615/1096/620 538/1017/545 620/1095/619
f 589/1028/588 593/1033/594 622/1109/625
f 629/1110/626 598/1044/600 571/990/571
f 539/947/541 626/1103/623 590/1029/592
f 608/1059/607 513/1014/517 635/1111/627
f 550/961/552 597/1112/615 616/1055/604
f 631/1113/628 588/1114/589 549/1115/549
f 560/982/563 585/1015/586 556/973/557
f 605/1116/629 606/1117/630 632/1118/631
f 593/1119/594 603/1099/603 625/1098/621
f 614/1073/614 600/1120/599 531/1003/536
f 545/951/544 623/1058/606 597/1075/615
f 577/993/574 548/968/555 617/1121/632
f 611/1122/633 562/984/565 600/1042/599
f 568/988/569 634/1123/634 576/1004/580
f 586/1094/558 583/1124/583 652/1125/635
f 633/1126/636 491/1064/489 596/1051/602
f 638/1011/585 557/983/564 500/918/523
f 621/1127/637 572/1046/573 519/1128/520
f 563/985/566 602/1045/601 645/1129/638
f 564/1022/567 589/1024/588 630/1130/639
f 624/1131/640 493/1132/510 491/1064/489
f 622/1133/625 630/1134/639 589/1024/588
f 579/1010/584 640/1135/641 548/968/555
f 621/1127/637 519/1128/520 576/1136/580
f 624/1131/640 581/1137/582 493/1132/510
f 651/1138/642 606/1117/630 639/1139/643
f 544/1140/548 627/1141/644 583/1142/583
f 617/1121/632 548/968/555 640/1135/641
f 643/1143/645 568/988/569 578/1006/581
f 586/1094/558 652/1125/635 619/1104/624
f 571/990/571 569/980/562 629/1110/626
f 501/965/514 557/983/564 533/963/535
f 588/1114/589 631/1113/628 644/1144/646
f 560/982/563 637/1145/647 585/1015/586
f 565/1019/568 646/1146/648 566/1020/561
f 640/1135/641 579/1010/584 609/1061/608
f 561/998/577 585/1015/586 636/1147/649
f 645/1129/638 553/959/551 577/993/574
f 634/1123/634 568/988/569 643/1143/645
f 647/1148/650 639/1149/643 606/1150/630
f 641/1067/609 559/977/560 656/1151/651
f 602/1045/601 553/959/551 645/1129/638
f 567/1152/579 537/1093/534 642/1092/618
f 629/1110/626 569/980/562 561/998/577
f 565/987/568 616/1055/604 653/1153/652
f 622/1154/625 593/1155/594 649/1156/653
f 642/1092/618 581/1157/582 639/1139/643
f 647/1148/650 606/1150/630 605/1158/629
f 533/963/535 557/983/564 596/1159/602
f 594/1034/595 591/1036/597 625/1160/621
f 621/1161/637 576/1004/580 634/1123/634
f 595/1037/598 570/989/570 601/1101/622
f 650/1162/654 549/1163/549 567/1164/579
f 549/1163/549 650/1162/654 628/1165/655
f 549/1115/549 628/1166/655 631/1113/628
f 608/1059/607 635/1111/627 656/1167/651
f 656/1151/651 559/977/560 608/1060/607
f 588/1168/589 635/1111/627 513/1014/517
f 611/1169/633 600/1170/599 614/1171/614
f 620/1095/619 619/1104/624 657/1172/656
f 632/1118/631 606/1117/630 651/1138/642
f 616/1055/604 648/1173/657 653/1153/652
f 591/1036/597 630/1174/639 649/1175/653
f 578/1176/581 566/1020/561 655/1177/658
f 628/1166/655 644/1144/646 631/1113/628
f 645/1129/638 577/993/574 661/1178/659
f 643/1179/645 578/1176/581 655/1177/658
f 642/1180/618 639/1149/643 659/1181/660
f 642/1180/618 659/1181/660 567/1182/579
f 583/1183/583 627/1184/644 652/1185/635
f 625/1186/621 649/1156/653 593/1155/594
f 575/997/576 660/1187/661 601/1101/622
f 647/1148/650 659/1181/660 639/1149/643
f 646/1146/648 655/1177/658 566/1020/561
f 667/1188/662 560/982/563 572/1046/573
f 598/1044/600 629/1110/626 665/1189/663
f 615/1190/620 666/1191/664 592/1192/593
f 649/1175/653 630/1174/639 622/1193/625
f 649/1175/653 625/1160/621 591/1036/597
f 591/1036/597 592/1086/593 666/1194/664
f 653/1195/652 646/1146/648 565/1019/568
f 575/997/576 563/985/566 662/1196/665
f 601/1101/622 664/1197/666 595/1037/598
f 577/993/574 617/1121/632 661/1178/659
f 544/1140/548 599/1056/605 627/1141/644
f 636/1147/649 585/1015/586 658/1198/667
f 662/1196/665 563/985/566 645/1129/638
f 658/1198/667 585/1015/586 637/1145/647
f 632/1199/631 647/1148/650 605/1158/629
f 610/1200/616 555/1065/572 638/1201/585
f 624/1202/640 639/1139/643 581/1157/582
f 675/1203/668 599/1056/605 671/1204/669
f 633/1126/636 624/1131/640 491/1064/489
f 562/1205/565 611/1206/633 683/1207/670
f 597/1075/615 623/1058/606 672/1208/671
f 626/1209/623 562/1205/565 683/1207/670
f 629/1110/626 561/998/577 636/1147/649
f 635/1210/627 588/1211/589 673/1212/672
f 660/1187/661 575/997/576 662/1196/665
f 669/1213/673 564/1214/567 654/1215/674
f 667/1188/662 637/1145/647 560/982/563
f 669/1216/673 663/1217/675 564/1022/567
f 599/1056/605 573/994/575 671/1204/669
f 573/1057/575 595/1037/598 664/1197/666
f 590/1029/592 672/1208/671 623/1058/606
f 557/983/564 638/1011/585 596/1159/602
f 591/1036/597 666/1194/664 697/1218/676
f 591/1036/597 670/1219/677 630/1174/639
f 588/1211/589 668/1220/678 673/1212/672
f 647/1148/650 677/1221/679 659/1181/660
f 663/1217/675 555/1065/572 564/1022/567
f 644/1222/646 628/1165/655 676/1223/680
f 597/1224/615 648/1225/657 616/1226/604
f 657/1172/656 619/1104/624 678/1227/681
f 657/1172/656 682/1228/682 620/1095/619
f 644/1229/646 668/1220/678 588/1211/589
f 639/1139/643 686/1230/683 651/1138/642
f 681/1231/684 638/1201/585 555/1065/572
f 609/1061/608 598/1044/600 665/1189/663
f 674/1232/685 639/1139/643 624/1202/640
f 627/1141/644 599/1056/605 675/1203/668
f 670/1219/677 564/1214/567 630/1174/639
f 626/1209/623 683/1207/670 693/1233/686
f 629/1110/626 688/1234/687 665/1189/663
f 680/1235/688 614/1171/614 641/1236/609
f 648/1173/657 690/1237/689 653/1153/652
f 663/1238/675 624/1239/640 681/1240/684
f 572/1046/573 621/1127/637 667/1188/662
f 674/1232/685 624/1239/640 663/1238/675
f 611/1241/633 614/1171/614 680/1235/688
f 647/1148/650 632/1199/631 698/1242/690
f 591/1036/597 697/1218/676 670/1219/677
f 596/1051/602 638/1243/585 633/1126/636
f 555/1065/572 663/1217/675 681/1231/684
f 621/1244/637 634/1123/634 687/1245/691
f 684/1246/692 609/1061/608 665/1189/663
f 629/1110/626 636/1147/649 688/1234/687
f 697/1218/676 564/1214/567 670/1219/677
f 640/1135/641 661/1178/659 617/1121/632
f 680/1235/688 641/1236/609 656/1247/651
f 633/1126/636 638/1243/585 681/1248/684
f 672/1208/671 590/1029/592 626/1103/623
f 627/1141/644 675/1203/668 652/1249/635
f 633/1126/636 681/1248/684 624/1131/640
f 646/1146/648 653/1195/652 694/1250/693
f 695/1251/694 683/1252/670 611/1241/633
f 686/1230/683 679/1253/695 651/1138/642
f 636/1147/649 658/1198/667 688/1234/687
f 643/1179/645 687/1254/691 634/1255/634
f 656/1167/651 635/1111/627 696/1256/696
f 685/1257/697 702/1258/698 686/1230/683
f 702/1258/698 679/1253/695 686/1230/683
f 691/1259/699 647/1260/650 698/1261/690
f 687/1262/691 667/1188/662 621/1127/637
f 632/1118/631 651/1138/642 698/1263/690
f 648/1225/657 597/1224/615 672/1264/671
f 694/1250/693 653/1195/652 701/1265/700
f 689/1266/701 601/1101/622 722/1267/702
f 640/1135/641 609/1061/608 684/1246/692
f 675/1203/668 671/1204/669 652/1249/635
f 695/1251/694 673/1268/672 683/1252/670
f 645/1129/638 661/1178/659 704/1269/703
f 698/1263/690 651/1138/642 700/1270/704
f 658/1198/667 637/1145/647 692/1271/705
f 699/1272/706 637/1145/647 667/1188/662
f 705/1273/707 702/1274/698 685/1257/697
f 673/1275/672 696/1256/696 635/1111/627
f 615/1190/620 620/1276/619 706/1277/708
f 691/1259/699 677/1278/679 647/1260/650
f 733/1279/709 677/1280/679 691/1281/699
f 650/1162/654 676/1223/680 628/1165/655
f 601/1101/622 660/1187/661 722/1267/702
f 654/1215/674 564/1214/567 697/1218/676
f 686/1230/683 639/1139/643 674/1232/685
f 671/1282/669 573/1057/575 664/1197/666
f 648/1225/657 672/1264/671 708/1283/710
f 656/1247/651 695/1251/694 680/1235/688
f 664/1197/666 601/1101/622 689/1266/701
f 655/1177/658 646/1146/648 694/1250/693
f 710/1284/711 690/1285/689 648/1225/657
f 620/1276/619 682/1286/682 706/1277/708
f 701/1287/700 653/1153/652 690/1237/689
f 668/1288/678 683/1289/670 673/1290/672
f 672/1208/671 626/1103/623 712/1291/712
f 669/1292/673 674/1232/685 663/1238/675
f 674/1232/685 715/1293/713 686/1230/683
f 702/1294/698 716/1295/714 679/1296/695
f 688/1234/687 707/1297/715 665/1189/663
f 637/1145/647 699/1272/706 692/1271/705
f 680/1235/688 695/1251/694 611/1241/633
f 643/1179/645 718/1298/716 687/1254/691
f 615/1190/620 706/1277/708 721/1299/717
f 615/1190/620 721/1299/717 666/1191/664
f 720/1300/718 678/1301/681 652/1302/635
f 652/1302/635 678/1301/681 619/1303/624
f 733/1304/709 650/1305/654 567/1306/579
f 650/1305/654 733/1304/709 713/1307/719
f 704/1269/703 662/1196/665 645/1129/638
f 661/1178/659 640/1135/641 719/1308/720
f 709/1309/721 710/1284/711 648/1225/657
f 696/1310/696 673/1311/672 695/1312/694
f 683/1289/670 668/1288/678 724/1313/722
f 671/1204/669 725/1314/723 652/1249/635
f 703/1315/724 702/1316/698 705/1317/707
f 678/1301/681 682/1286/682 657/1318/656
f 684/1246/692 665/1189/663 726/1319/725
f 660/1187/661 662/1196/665 714/1320/726
f 707/1297/715 688/1234/687 727/1321/727
f 728/1322/728 708/1283/710 672/1264/671
f 659/1323/660 733/1279/709 567/1324/579
f 719/1308/720 640/1135/641 684/1246/692
f 703/1315/724 705/1317/707 730/1325/729
f 652/1302/635 725/1326/723 720/1300/718
f 731/1327/730 697/1218/676 666/1194/664
f 716/1295/714 651/1328/642 679/1296/695
f 712/1291/712 626/1103/623 729/1329/731
f 722/1267/702 660/1187/661 714/1320/726
f 687/1254/691 718/1298/716 711/1330/732
f 718/1298/716 643/1179/645 655/1177/658
f 694/1250/693 718/1298/716 655/1177/658
f 732/1331/733 717/1332/734 650/1305/654
f 674/1232/685 669/1292/673 654/1333/674
f 644/1222/646 676/1223/680 668/1334/678
f 696/1310/696 695/1312/694 656/1335/651
f 665/1189/663 707/1297/715 726/1319/725
f 676/1336/680 650/1337/654 717/1338/734
f 687/1262/691 723/1339/735 667/1188/662
f 671/1340/669 664/1197/666 750/1341/736
f 714/1342/726 662/1196/665 704/1269/703
f 702/1294/698 703/1343/724 754/1344/737
f 677/1280/679 733/1279/709 659/1323/660
f 719/1308/720 684/1246/692 736/1345/738
f 685/1346/697 686/1347/683 735/1348/739
f 678/1301/681 734/1349/740 682/1286/682
f 687/1262/691 711/1350/732 723/1339/735
f 716/1295/714 702/1294/698 754/1344/737
f 691/1351/699 698/1352/690 700/1353/704
f 728/1322/728 672/1264/671 712/1354/712
f 723/1339/735 699/1272/706 667/1188/662
f 693/1355/686 683/1289/670 724/1313/722
f 668/1334/678 676/1223/680 739/1356/741
f 707/1297/715 727/1321/727 737/1357/742
f 755/1358/743 650/1305/654 713/1307/719
f 693/1233/686 729/1359/731 626/1209/623
f 734/1349/740 678/1301/681 741/1360/744
f 727/1321/727 688/1234/687 740/1361/745
f 742/1362/746 658/1198/667 692/1271/705
f 706/1277/708 682/1286/682 734/1349/740
f 744/1363/747 733/1279/709 691/1281/699
f 740/1361/745 688/1234/687 742/1362/746
f 750/1341/736 664/1197/666 743/1364/748
f 689/1266/701 743/1365/748 664/1197/666
f 688/1234/687 658/1198/667 742/1362/746
f 700/1366/704 651/1367/642 745/1368/749
f 714/1342/726 704/1269/703 738/1369/750
f 648/1225/657 708/1283/710 709/1309/721
f 736/1345/738 684/1246/692 726/1319/725
f 651/1328/642 716/1295/714 745/1370/749
f 694/1250/693 701/1265/700 746/1371/751
f 701/1287/700 690/1237/689 710/1372/711
f 731/1327/730 666/1194/664 721/1373/717
f 743/1365/748 689/1266/701 722/1267/702
f 724/1374/722 729/1375/731 693/1376/686
f 718/1298/716 694/1250/693 748/1377/752
f 752/1378/753 691/1351/699 700/1353/704
f 703/1343/724 730/1379/729 754/1344/737
f 707/1297/715 737/1357/742 753/1380/754
f 671/1204/669 750/1381/736 725/1314/723
f 720/1300/718 741/1360/744 678/1301/681
f 739/1356/741 724/1382/722 668/1334/678
f 676/1336/680 717/1338/734 739/1383/741
f 737/1357/742 727/1321/727 740/1361/745
f 751/1384/755 754/1385/737 730/1386/729
f 748/1377/752 711/1330/732 718/1298/716
f 704/1269/703 661/1178/659 760/1387/756
f 759/1388/757 732/1389/733 650/1390/654
f 734/1349/740 741/1360/744 706/1277/708
f 661/1178/659 719/1308/720 760/1387/756
f 726/1319/725 780/1391/758 736/1345/738
f 699/1272/706 723/1339/735 757/1392/759
f 725/1314/723 750/1381/736 720/1393/718
f 766/1394/760 732/1389/733 759/1388/757
f 740/1361/745 742/1362/746 756/1395/761
f 746/1371/751 748/1377/752 694/1250/693
f 685/1346/697 788/1396/762 705/1317/707
f 757/1392/759 758/1397/763 699/1272/706
f 729/1398/731 724/1399/722 762/1400/764
f 711/1330/732 748/1377/752 765/1401/765
f 760/1387/756 719/1308/720 736/1345/738
f 720/1393/718 750/1381/736 779/1402/766
f 722/1403/702 714/1404/726 747/1405/767
f 692/1271/705 699/1272/706 758/1397/763
f 765/1406/765 723/1339/735 711/1350/732
f 745/1368/749 752/1407/753 700/1366/704
f 749/1408/768 757/1392/759 723/1339/735
f 715/1409/713 654/1410/674 769/1411/769
f 654/1410/674 715/1409/713 674/1412/685
f 759/1388/757 650/1390/654 755/1413/743
f 742/1362/746 692/1271/705 768/1414/770
f 744/1415/747 691/1416/699 752/1417/753
f 751/1418/755 730/1419/729 767/1420/771
f 716/1295/714 754/1344/737 764/1421/772
f 710/1284/711 709/1309/721 770/1422/773
f 747/1423/767 785/1424/774 722/1267/702
f 754/1425/737 751/1418/755 767/1420/771
f 747/1405/767 714/1404/726 738/1426/750
f 726/1319/725 707/1297/715 753/1380/754
f 733/1304/709 761/1427/775 713/1307/719
f 750/1381/736 743/1428/748 779/1402/766
f 729/1429/731 762/1430/764 712/1354/712
f 739/1383/741 717/1338/734 773/1431/776
f 728/1322/728 712/1354/712 786/1432/777
f 692/1271/705 758/1397/763 768/1414/770
f 721/1433/717 706/1434/708 763/1435/778
f 764/1421/772 745/1370/749 716/1295/714
f 773/1436/776 717/1437/734 766/1438/760
f 733/1279/709 744/1363/747 761/1439/775
f 732/1440/733 766/1438/760 717/1437/734
f 777/1441/779 746/1371/751 701/1265/700
f 710/1372/711 777/1442/779 701/1287/700
f 722/1267/702 785/1424/774 743/1365/748
f 685/1346/697 735/1348/739 788/1396/762
f 697/1218/676 769/1443/769 654/1215/674
f 731/1327/730 721/1373/717 781/1444/780
f 771/1445/781 741/1360/744 720/1300/718
f 737/1357/742 740/1361/745 782/1446/782
f 735/1348/739 686/1347/683 715/1447/713
f 760/1387/756 736/1345/738 774/1448/783
f 765/1406/765 749/1408/768 723/1339/735
f 777/1442/779 710/1372/711 772/1449/784
f 785/1450/774 779/1402/766 743/1428/748
f 783/1451/785 776/1452/786 775/1453/787
f 780/1391/758 726/1319/725 753/1380/754
f 753/1380/754 737/1357/742 796/1454/788
f 741/1360/744 787/1455/789 706/1277/708
f 708/1283/710 770/1422/773 709/1309/721
f 778/1456/790 754/1425/737 767/1420/771
f 775/1457/787 776/1458/786 747/1423/767
f 730/1419/729 705/1459/707 788/1460/762
f 788/1460/762 767/1420/771 730/1419/729
f 804/1461/791 708/1283/710 728/1322/728
f 810/1462/792 704/1463/703 760/1464/756
f 739/1465/741 762/1400/764 724/1399/722
f 748/1377/752 746/1371/751 791/1466/793
f 771/1467/781 720/1393/718 779/1402/766
f 780/1391/758 774/1448/783 736/1345/738
f 784/1468/794 771/1467/781 779/1402/766
f 782/1446/782 796/1454/788 737/1357/742
f 721/1373/717 763/1469/778 781/1444/780
f 754/1385/737 778/1470/790 764/1471/772
f 790/1472/795 755/1473/743 713/1474/719
f 768/1414/770 756/1395/761 742/1362/746
f 776/1458/786 783/1475/785 813/1476/796
f 794/1477/797 775/1453/787 747/1405/767
f 789/1478/798 731/1327/730 781/1444/780
f 771/1445/781 787/1455/789 741/1360/744
f 794/1479/797 738/1369/750 704/1269/703
f 713/1480/719 761/1439/775 790/1481/795
f 710/1284/711 770/1422/773 772/1482/784
f 697/1218/676 731/1327/730 789/1478/798
f 778/1456/790 767/1420/771 793/1483/799
f 794/1479/797 704/1269/703 810/1484/792
f 765/1401/765 748/1377/752 792/1485/800
f 796/1454/788 780/1391/758 753/1380/754
f 794/1477/797 747/1405/767 738/1426/750
f 785/1424/774 747/1423/767 776/1458/786
f 787/1486/789 798/1487/801 706/1434/708
f 783/1451/785 775/1453/787 794/1477/797
f 782/1446/782 740/1361/745 756/1395/761
f 770/1422/773 708/1283/710 804/1461/791
f 786/1432/777 804/1461/791 728/1322/728
f 756/1395/761 768/1414/770 802/1488/802
f 786/1432/777 712/1354/712 762/1430/764
f 697/1218/676 789/1478/798 769/1443/769
f 785/1450/774 784/1468/794 779/1402/766
f 803/1489/803 746/1371/751 777/1441/779
f 763/1435/778 706/1434/708 798/1487/801
f 797/1490/804 788/1396/762 735/1348/739
f 767/1491/771 788/1396/762 797/1490/804
f 771/1467/781 784/1468/794 799/1492/805
f 772/1493/784 803/1489/803 777/1441/779
f 761/1439/775 744/1363/747 806/1494/806
f 782/1446/782 756/1395/761 807/1495/807
f 786/1496/777 762/1497/764 808/1498/808
f 809/1499/809 791/1466/793 746/1371/751
f 792/1485/800 748/1377/752 791/1466/793
f 794/1477/797 810/1462/792 783/1451/785
f 761/1500/775 795/1501/810 790/1502/795
f 773/1436/776 766/1438/760 759/1503/757
f 764/1421/772 778/1504/790 745/1370/749
f 780/1391/758 796/1454/788 811/1505/811
f 776/1458/786 813/1476/796 801/1506/812
f 800/1507/813 761/1500/775 806/1508/806
f 808/1509/808 762/1400/764 739/1465/741
f 785/1424/774 776/1458/786 784/1510/794
f 814/1511/814 739/1383/741 773/1431/776
f 800/1507/813 795/1501/810 761/1500/775
f 808/1509/808 739/1465/741 814/1512/814
f 767/1491/771 815/1513/815 805/1514/816
f 801/1515/812 784/1510/794 776/1458/786
f 746/1371/751 803/1489/803 809/1499/809
f 767/1491/771 797/1490/804 815/1513/815
f 816/1516/817 745/1370/749 778/1504/790
f 817/1517/818 793/1518/799 767/1519/771
f 755/1520/743 790/1521/795 812/1522/819
f 783/1451/785 810/1462/792 819/1523/820
f 745/1368/749 816/1524/817 752/1407/753
f 810/1525/792 760/1387/756 819/1526/820
f 749/1408/768 765/1406/765 792/1527/800
f 783/1528/785 821/1529/821 813/1476/796
f 795/1530/810 800/1531/813 820/1532/822
f 759/1503/757 755/1533/743 818/1534/823
f 799/1492/805 784/1468/794 801/1535/812
f 780/1391/758 811/1505/811 774/1448/783
f 769/1536/769 823/1537/824 715/1538/713
f 752/1407/753 816/1524/817 744/1539/747
f 755/1533/743 812/1540/819 818/1534/823
f 790/1521/795 795/1541/810 825/1542/825
f 805/1543/816 817/1517/818 767/1519/771
f 787/1544/789 771/1545/781 822/1546/826
f 781/1444/780 763/1469/778 789/1478/798
f 819/1526/820 760/1387/756 774/1448/783
f 806/1547/806 744/1539/747 816/1524/817
f 811/1505/811 796/1454/788 824/1548/827
f 770/1422/773 804/1461/791 827/1549/828
f 811/1505/811 824/1548/827 774/1448/783
f 820/1550/822 800/1551/813 806/1547/806
f 787/1544/789 828/1552/829 798/1553/801
f 770/1422/773 827/1549/828 772/1482/784
f 771/1554/781 799/1555/805 822/1556/826
f 756/1395/761 802/1488/802 807/1495/807
f 826/1557/830 815/1513/815 797/1490/804
f 824/1548/827 796/1454/788 846/1558/831
f 827/1549/828 804/1461/791 829/1559/832
f 829/1559/832 804/1461/791 786/1432/777
f 758/1397/763 757/1392/759 850/1560/833
f 768/1414/770 758/1397/763 850/1560/833
f 795/1530/810 820/1532/822 825/1561/825
f 816/1562/817 778/1563/790 793/1564/799
f 798/1487/801 789/1565/798 763/1435/778
f 825/1542/825 832/1566/834 790/1521/795
f 830/1567/835 819/1526/820 824/1548/827
f 831/1568/836 783/1451/785 819/1523/820
f 813/1476/796 821/1529/821 801/1506/812
f 774/1448/783 824/1548/827 819/1526/820
f 833/1569/837 802/1488/802 768/1414/770
f 768/1414/770 850/1560/833 833/1569/837
f 807/1495/807 836/1570/838 782/1446/782
f 808/1571/808 829/1559/832 786/1432/777
f 828/1552/829 787/1544/789 822/1546/826
f 807/1495/807 802/1488/802 838/1572/839
f 814/1573/814 773/1436/776 759/1503/757
f 769/1536/769 789/1574/798 835/1575/840
f 817/1576/818 841/1577/841 793/1578/799
f 796/1454/788 782/1446/782 836/1570/838
f 817/1579/818 805/1580/816 815/1581/815
f 757/1392/759 749/1408/768 837/1582/842
f 715/1409/713 823/1583/824 735/1584/739
f 831/1585/836 821/1529/821 783/1528/785
f 797/1490/804 843/1586/843 826/1557/830
f 836/1570/838 846/1558/831 796/1454/788
f 769/1536/769 839/1587/844 823/1537/824
f 806/1588/806 816/1516/817 845/1589/845
f 792/1485/800 791/1466/793 844/1590/846
f 834/1591/847 835/1575/840 789/1574/798
f 792/1527/800 837/1582/842 749/1408/768
f 801/1506/812 842/1592/848 799/1593/805
f 831/1568/836 819/1523/820 830/1594/835
f 808/1595/808 814/1596/814 829/1597/832
f 847/1598/849 798/1487/801 828/1599/829
f 854/1600/850 789/1565/798 798/1487/801
f 841/1601/841 817/1579/818 815/1581/815
f 832/1566/834 812/1522/819 790/1521/795
f 840/1602/851 837/1582/842 792/1527/800
f 845/1603/845 820/1550/822 806/1547/806
f 792/1485/800 844/1590/846 840/1604/851
f 843/1605/843 797/1606/804 735/1607/739
f 849/1608/852 845/1609/845 816/1562/817
f 822/1556/826 799/1555/805 842/1610/848
f 818/1611/823 852/1612/853 759/1613/757
f 826/1557/830 841/1614/841 815/1513/815
f 836/1570/838 807/1495/807 848/1615/854
f 809/1499/809 853/1616/855 791/1466/793
f 838/1572/839 848/1615/854 807/1495/807
f 757/1392/759 837/1582/842 855/1617/856
f 772/1482/784 862/1618/857 803/1619/803
f 830/1567/835 824/1548/827 857/1620/858
f 847/1621/849 828/1552/829 851/1622/859
f 823/1583/824 843/1623/843 735/1584/739
f 825/1561/825 820/1532/822 856/1624/860
f 798/1487/801 847/1598/849 854/1600/850
f 818/1534/823 812/1540/819 859/1625/861
f 860/1626/862 846/1558/831 836/1570/838
f 828/1552/829 822/1546/826 851/1622/859
f 862/1618/857 809/1627/809 803/1619/803
f 789/1628/798 854/1629/850 863/1630/863
f 835/1575/840 839/1587/844 769/1536/769
f 831/1568/836 830/1631/835 857/1632/858
f 834/1591/847 789/1628/798 863/1630/863
f 861/1633/864 821/1529/821 831/1585/836
f 802/1488/802 833/1569/837 838/1572/839
f 846/1558/831 857/1620/858 824/1548/827
f 844/1590/846 791/1466/793 853/1616/855
f 854/1600/850 847/1598/849 870/1634/865
f 812/1522/819 832/1566/834 859/1635/861
f 841/1636/841 816/1562/817 793/1564/799
f 864/1637/866 861/1633/864 831/1585/836
f 809/1499/809 862/1638/857 853/1616/855
f 851/1622/859 822/1546/826 866/1639/867
f 852/1612/853 814/1596/814 759/1613/757
f 864/1637/866 831/1640/836 857/1641/858
f 867/1642/868 846/1558/831 860/1626/862
f 858/1643/869 825/1644/825 856/1645/860
f 816/1562/817 841/1636/841 868/1646/870
f 868/1647/870 841/1614/841 826/1557/830
f 801/1506/812 821/1529/821 865/1648/871
f 822/1556/826 842/1610/848 866/1649/867
f 827/1549/828 877/1650/872 862/1618/857
f 772/1482/784 827/1549/828 862/1618/857
f 850/1560/833 757/1392/759 855/1617/856
f 840/1602/851 871/1651/873 837/1582/842
f 829/1597/832 814/1596/814 852/1612/853
f 829/1652/832 877/1650/872 827/1549/828
f 825/1653/825 872/1654/874 832/1655/834
f 852/1612/853 818/1611/823 859/1656/861
f 872/1654/874 825/1653/825 858/1657/869
f 865/1648/871 821/1529/821 861/1633/864
f 826/1557/830 843/1586/843 868/1647/870
f 878/1658/875 860/1626/862 836/1570/838
f 842/1610/848 801/1506/812 875/1659/876
f 865/1648/871 875/1659/876 801/1506/812
f 867/1642/868 857/1620/858 846/1558/831
f 844/1660/846 853/1661/855 876/1662/877
f 869/1663/878 845/1664/845 849/1665/852
f 845/1666/845 869/1667/878 820/1668/822
f 816/1562/817 873/1669/879 849/1608/852
f 870/1670/865 847/1621/849 851/1622/859
f 836/1570/838 848/1615/854 878/1658/875
f 872/1654/874 859/1656/861 832/1655/834
f 877/1671/872 829/1597/832 852/1612/853
f 839/1587/844 835/1575/840 879/1672/880
f 840/1602/851 844/1660/846 876/1662/877
f 877/1671/872 881/1673/881 862/1674/857
f 840/1602/851 876/1662/877 871/1651/873
f 869/1667/878 856/1645/860 820/1668/822
f 816/1562/817 868/1646/870 873/1669/879
f 861/1633/864 864/1637/866 874/1675/882
f 880/1676/883 857/1677/858 867/1678/868
f 859/1656/861 872/1654/874 852/1612/853
f 843/1586/843 873/1679/879 868/1647/870
f 855/1617/856 882/1680/884 850/1560/833
f 883/1681/885 864/1637/866 857/1641/858
f 883/1681/885 857/1641/858 880/1682/883
f 866/1683/867 842/1610/848 898/1684/886
f 898/1684/886 842/1610/848 875/1659/876
f 851/1685/859 854/1686/850 870/1687/865
f 838/1572/839 878/1658/875 848/1615/854
f 852/1612/853 872/1654/874 877/1671/872
f 858/1657/869 856/1688/860 884/1689/887
f 871/1651/873 855/1617/856 837/1582/842
f 823/1537/824 885/1690/888 843/1691/843
f 881/1673/881 884/1689/887 887/1692/889
f 877/1671/872 884/1689/887 881/1673/881
f 858/1657/869 884/1689/887 872/1654/874
f 834/1693/847 863/1694/863 889/1695/890
f 863/1696/863 854/1697/850 889/1698/890
f 867/1642/868 860/1626/862 888/1699/891
f 873/1700/879 843/1605/843 886/1701/892
f 882/1680/884 833/1569/837 850/1560/833
f 877/1671/872 872/1654/874 884/1689/887
f 888/1699/891 860/1626/862 878/1658/875
f 864/1637/866 883/1681/885 874/1675/882
f 885/1690/888 886/1702/892 843/1691/843
f 871/1651/873 911/1703/893 855/1617/856
f 849/1665/852 895/1704/894 869/1663/878
f 890/1705/895 856/1645/860 891/1706/896
f 884/1707/887 856/1645/860 890/1705/895
f 885/1690/888 893/1708/897 886/1702/892
f 835/1709/840 834/1693/847 889/1695/890
f 894/1710/898 865/1648/871 861/1633/864
f 849/1665/852 873/1711/879 895/1704/894
f 887/1692/889 884/1689/887 899/1712/899
f 911/1703/893 882/1680/884 855/1617/856
f 878/1658/875 838/1572/839 892/1713/900
f 896/1714/901 851/1622/859 866/1639/867
f 854/1697/850 851/1715/859 896/1716/901
f 869/1667/878 891/1706/896 856/1645/860
f 862/1717/857 881/1673/881 853/1718/855
f 894/1710/898 861/1633/864 874/1675/882
f 833/1569/837 892/1713/900 838/1572/839
f 910/1719/902 867/1720/868 888/1699/891
f 871/1651/873 876/1662/877 930/1721/903
f 902/1722/904 853/1616/855 881/1723/881
f 884/1689/887 890/1724/895 899/1712/899
f 898/1725/886 897/1726/905 866/1639/867
f 910/1727/902 880/1676/883 867/1678/868
f 895/1728/894 873/1729/879 900/1730/906
f 835/1709/840 889/1695/890 918/1731/907
f 881/1673/881 887/1692/889 902/1732/904
f 882/1680/884 892/1713/900 833/1569/837
f 878/1658/875 904/1733/908 888/1699/891
f 889/1698/890 854/1697/850 896/1716/901
f 901/1734/909 900/1730/906 873/1729/879
f 839/1587/844 905/1735/910 823/1537/824
f 905/1735/910 885/1690/888 823/1537/824
f 879/1736/880 835/1709/840 918/1731/907
f 901/1734/909 873/1729/879 886/1737/892
f 930/1721/903 876/1662/877 903/1738/911
f 875/1659/876 865/1648/871 894/1710/898
f 882/1680/884 912/1739/912 892/1713/900
f 874/1675/882 883/1681/885 913/1740/913
f 853/1661/855 903/1738/911 876/1662/877
f 914/1741/914 908/1742/915 893/1743/897
f 886/1744/892 914/1745/914 906/1746/916
f 906/1746/916 914/1745/914 885/1747/888
f 885/1747/888 914/1745/914 893/1748/897
f 885/1749/888 908/1750/915 906/1751/916
f 916/1752/917 910/1719/902 888/1699/891
f 893/1743/897 917/1753/918 886/1754/892
f 914/1755/914 886/1756/892 915/1757/919
f 905/1735/910 915/1758/919 885/1690/888
f 866/1639/867 897/1726/905 896/1714/901
f 908/1742/915 917/1753/918 893/1743/897
f 886/1759/892 906/1760/916 901/1761/909
f 894/1710/898 874/1675/882 913/1740/913
f 918/1762/907 889/1698/890 896/1716/901
f 899/1712/899 902/1732/904 887/1692/889
f 915/1757/919 886/1756/892 917/1763/918
f 908/1764/915 914/1755/914 915/1757/919
f 906/1751/916 908/1750/915 915/1765/919
f 871/1651/873 930/1721/903 911/1703/893
f 869/1766/878 895/1767/894 909/1768/920
f 853/1616/855 902/1722/904 903/1769/911
f 912/1739/912 882/1680/884 911/1703/893
f 891/1706/896 869/1667/878 909/1770/920
f 917/1771/918 908/1772/915 885/1690/888
f 915/1758/919 917/1771/918 885/1690/888
f 880/1676/883 910/1727/902 920/1773/921
f 878/1658/875 892/1713/900 904/1733/908
f 900/1774/906 901/1775/909 921/1776/922
f 907/1777/923 892/1713/900 912/1739/912
f 890/1705/895 891/1706/896 909/1770/920
f 902/1732/904 899/1712/899 922/1778/924
f 892/1713/900 907/1777/923 904/1733/908
f 897/1779/905 918/1780/907 896/1781/901
f 920/1773/921 910/1727/902 916/1782/917
f 913/1740/913 883/1681/885 880/1783/883
f 922/1778/924 903/1784/911 902/1732/904
f 888/1699/891 904/1733/908 924/1785/925
f 899/1712/899 923/1786/926 922/1778/924
f 925/1787/927 930/1721/903 903/1738/911
f 927/1788/928 898/1789/886 875/1790/876
f 913/1740/913 929/1791/929 894/1710/898
f 926/1792/930 890/1724/895 909/1768/920
f 926/1792/930 899/1712/899 890/1724/895
f 912/1739/912 911/1703/893 930/1721/903
f 928/1793/931 839/1794/844 879/1736/880
f 918/1731/907 919/1795/932 879/1736/880
f 897/1779/905 898/1789/886 927/1788/928
f 920/1796/921 931/1797/933 880/1783/883
f 916/1752/917 888/1699/891 924/1785/925
f 901/1775/909 906/1798/916 921/1776/922
f 913/1740/913 880/1783/883 931/1797/933
f 925/1787/927 903/1738/911 922/1799/924
f 907/1777/923 912/1739/912 933/1800/934
f 907/1777/923 924/1785/925 904/1733/908
f 905/1801/910 839/1794/844 928/1793/931
f 900/1802/906 932/1803/935 895/1767/894
f 894/1710/898 929/1804/929 875/1659/876
f 931/1805/933 920/1773/921 935/1806/936
f 927/1807/928 875/1659/876 929/1804/929
f 923/1786/926 925/1808/927 922/1778/924
f 906/1798/916 937/1809/937 921/1776/922
f 918/1780/907 897/1779/905 938/1810/938
f 936/1811/939 919/1795/932 918/1731/907
f 925/1787/927 923/1812/926 943/1813/940
f 932/1803/935 900/1802/906 921/1814/922
f 909/1768/920 895/1767/894 932/1803/935
f 930/1721/903 933/1800/934 912/1739/912
f 925/1787/927 943/1813/940 930/1721/903
f 935/1815/936 939/1816/941 931/1797/933
f 906/1798/916 915/1758/919 937/1809/937
f 937/1809/937 915/1758/919 905/1735/910
f 909/1768/920 932/1803/935 934/1817/942
f 936/1818/939 918/1780/907 938/1810/938
f 920/1773/921 941/1819/943 935/1806/936
f 928/1793/931 879/1736/880 919/1795/932
f 924/1785/925 907/1777/923 940/1820/944
f 926/1792/930 943/1821/940 923/1786/926
f 923/1786/926 899/1712/899 926/1792/930
f 928/1793/931 944/1822/945 905/1801/910
f 920/1773/921 916/1782/917 942/1823/946
f 933/1800/934 940/1820/944 907/1777/923
f 945/1824/947 930/1721/903 943/1825/940
f 943/1821/940 926/1792/930 945/1826/947
f 916/1752/917 924/1785/925 942/1827/946
f 941/1819/943 920/1773/921 942/1828/946
f 940/1820/944 933/1800/934 945/1829/947
f 934/1817/942 926/1792/930 909/1768/920
f 933/1800/934 930/1721/903 945/1824/947
f 951/1830/948 945/1826/947 926/1792/930
f 897/1779/905 927/1788/928 938/1810/938
f 937/1831/937 905/1801/910 944/1822/945
f 946/1832/949 928/1793/931 919/1795/932
f 913/1740/913 931/1797/933 949/1833/950
f 949/1833/950 931/1797/933 939/1816/941
f 932/1834/935 921/1776/922 937/1809/937
f 934/1817/942 932/1803/935 950/1835/951
f 947/1836/952 935/1806/936 941/1819/943
f 951/1830/948 926/1792/930 934/1817/942
f 938/1810/938 927/1788/928 953/1837/953
f 929/1838/929 953/1837/953 927/1788/928
f 949/1833/950 929/1791/929 913/1740/913
f 951/1830/948 948/1839/954 945/1826/947
f 942/1840/946 924/1785/925 940/1820/944
f 945/1829/947 948/1841/954 940/1820/944
f 953/1842/953 929/1791/929 949/1833/950
f 939/1816/941 935/1815/936 956/1843/955
f 947/1836/952 951/1830/948 934/1817/942
f 919/1844/932 936/1818/939 946/1845/949
f 928/1846/931 946/1845/949 952/1847/956
f 935/1815/936 947/1848/952 956/1843/955
f 944/1849/945 954/1850/957 937/1851/937
f 956/1843/955 949/1833/950 939/1816/941
f 951/1830/948 941/1819/943 948/1839/954
f 947/1852/952 934/1853/942 955/1854/958
f 932/1855/935 937/1851/937 954/1850/957
f 947/1836/952 941/1819/943 951/1830/948
f 940/1820/944 948/1841/954 942/1840/946
f 957/1856/959 938/1810/938 953/1837/953
f 941/1819/943 942/1828/946 948/1839/954
f 938/1810/938 957/1856/959 936/1818/939
f 936/1818/939 957/1856/959 946/1845/949
f 952/1847/956 946/1845/949 957/1856/959
f 928/1846/931 952/1847/956 944/1857/945
f 950/1858/951 955/1854/958 934/1853/942
f 932/1855/935 954/1850/957 950/1859/951
f 949/1833/950 956/1843/955 952/1860/956
f 954/1850/957 944/1849/945 958/1861/960
f 953/1842/953 949/1833/950 952/1862/956
f 956/1843/955 947/1848/952 955/1854/958
f 957/1856/959 953/1837/953 952/1847/956
f 954/1863/957 955/1854/958 950/1858/951
f 944/1857/945 956/1864/955 958/1865/960
f 944/1857/945 952/1847/956 956/1864/955
f 958/1865/960 955/1866/958 954/1867/957
f 958/1865/960 956/1868/955 955/1866/958
f 243/445/244 242/444/241 222/1869/243
f 230/1870/242 243/1871/244 222/1872/243
f 206/464/205 230/420/229 222/408/221
f 206/464/205 222/408/221 177/407/178
