<?xml version="1.0" encoding="utf-8"?>
<COLLADA xmlns="http://www.collada.org/2005/11/COLLADASchema" version="1.4.1" xmlns:xsi="http://www.w3.org/2001/XMLSchema-instance">
  <asset>
    <contributor>
      <author>Blender User</author>
      <authoring_tool>Blender 4.0.2 commit date:2023-12-05, commit time:07:41, hash:9be62e85b727</authoring_tool>
    </contributor>
    <created>2024-01-15T15:00:04</created>
    <modified>2024-01-15T15:00:04</modified>
    <unit name="meter" meter="1"/>
    <up_axis>Z_UP</up_axis>
  </asset>
  <library_cameras>
    <camera id="Camera-camera" name="Camera">
      <optics>
        <technique_common>
          <perspective>
            <xfov sid="xfov">39.59775</xfov>
            <aspect_ratio>1.777778</aspect_ratio>
            <znear sid="znear">0.1</znear>
            <zfar sid="zfar">100</zfar>
          </perspective>
        </technique_common>
      </optics>
      <extra>
        <technique profile="blender">
          <shiftx sid="shiftx" type="float">0</shiftx>
          <shifty sid="shifty" type="float">0</shifty>
          <dof_distance sid="dof_distance" type="float">10</dof_distance>
        </technique>
      </extra>
    </camera>
  </library_cameras>
  <library_lights>
    <light id="Light-light" name="Light">
      <technique_common>
        <point>
          <color sid="color">1000 1000 1000</color>
          <constant_attenuation>1</constant_attenuation>
          <linear_attenuation>0</linear_attenuation>
          <quadratic_attenuation>0</quadratic_attenuation>
        </point>
      </technique_common>
      <extra>
        <technique profile="blender">
          <type sid="type" type="int">0</type>
          <flag sid="flag" type="int">0</flag>
          <mode sid="mode" type="int">1</mode>
          <red sid="red" type="float">1</red>
          <green sid="green" type="float">1</green>
          <blue sid="blue" type="float">1</blue>
          <shadow_r sid="blender_shadow_r" type="float">0</shadow_r>
          <shadow_g sid="blender_shadow_g" type="float">0</shadow_g>
          <shadow_b sid="blender_shadow_b" type="float">0</shadow_b>
          <energy sid="blender_energy" type="float">1000</energy>
          <spotsize sid="spotsize" type="float">75</spotsize>
          <spotblend sid="spotblend" type="float">0.15</spotblend>
          <clipsta sid="clipsta" type="float">0.04999995</clipsta>
          <clipend sid="clipend" type="float">30.002</clipend>
          <bias sid="bias" type="float">1</bias>
          <radius sid="radius" type="float">0.1</radius>
          <area_shape sid="area_shape" type="int">1</area_shape>
          <area_size sid="area_size" type="float">0.1</area_size>
          <area_sizey sid="area_sizey" type="float">0.1</area_sizey>
          <area_sizez sid="area_sizez" type="float">1</area_sizez>
        </technique>
      </extra>
    </light>
  </library_lights>
  <library_effects>
    <effect id="Part__Feature_003-effect">
      <profile_COMMON>
        <technique sid="common">
          <lambert>
            <emission>
              <color sid="emission">0 0 0 1</color>
            </emission>
            <diffuse>
              <color sid="diffuse">0.8313726 0.8392157 0.8313726 1</color>
            </diffuse>
            <index_of_refraction>
              <float sid="ior">1.45</float>
            </index_of_refraction>
          </lambert>
        </technique>
      </profile_COMMON>
    </effect>
  </library_effects>
  <library_images/>
  <library_materials>
    <material id="Part__Feature_003-material" name="Part__Feature.003">
      <instance_effect url="#Part__Feature_003-effect"/>
    </material>
  </library_materials>
  <library_geometries>
    <geometry id="Part__Feature_003-mesh" name="Part__Feature.003">
      <mesh>
        <source id="Part__Feature_003-mesh-positions">
          <float_array id="Part__Feature_003-mesh-positions-array" count="2070">-0.03565818 0.02506858 -0.01089197 -0.03376001 0.02538752 -0.01238054 -0.03781175 0.02714169 -0.01285064 -0.03520566 0.0254631 -0.0137701 -0.0336607 0.02779501 -0.01098001 -0.03391152 0.02769792 -0.01366102 -0.03576308 0.0278173 -0.01431584 -0.02864158 0.02505117 -0.02371972 -0.03080338 0.02762758 -0.02498191 -0.02815693 0.02805745 -0.02171182 -0.0295844 0.02737462 -0.02541488 -0.02748626 0.0266 -0.0225653 -0.02782273 0.02780044 -0.02418071 -0.02137714 0.02501016 -0.03073966 -0.01904398 0.02755892 -0.02970343 -0.02171725 0.02523159 -0.03241842 -0.02052932 0.03039383 -0.03142619 -0.01939767 0.02501928 -0.0315656 -0.01902759 0.02747708 -0.03308039 -0.02108472 0.02789217 -0.03359198 -0.01838058 0.02773916 -0.03153288 -0.00829941 0.02508682 -0.03538233 -0.01005637 0.02504956 -0.0354427 -0.008668184 0.02771216 -0.03854066 -0.008974313 0.02496361 -0.03754866 -0.008959054 0.02791708 -0.03432476 -0.007042109 0.02745032 -0.03706669 -0.007278263 0.02775144 -0.03548294 -0.009215056 0.03039193 -0.03638952 0.002774655 0.02501851 -0.03637987 0.00310707 0.02499824 -0.03845936 0.003100037 0.0303958 -0.03741002 0.004564762 0.02535575 -0.03710365 0.00530672 0.0277422 -0.03731232 0.004347741 0.0273711 -0.03931182 0.004208624 0.0277338 -0.03553599 0.01550328 0.02502286 -0.03343492 0.01413005 0.02623713 -0.03258651 0.01573973 0.02762889 -0.0322265 0.01627981 0.02515202 -0.03531193 0.01453989 0.02638596 -0.03643316 0.01640945 0.02812743 -0.03595763 0.01724696 0.02754765 -0.03354579 0.02382087 0.02745664 -0.0259009 0.02622514 0.02504903 -0.0284053 0.02768135 0.02772223 -0.027704 0.02542096 0.03039211 -0.02762049 0.02545446 0.02800208 -0.02968716 0.02632957 0.02500903 -0.02682405 0.02627867 0.0277512 -0.02563035 0.03216332 0.02500462 -0.01736485 0.03402829 0.02490139 -0.01723825 0.03173631 0.02750951 -0.01600176 0.03483474 0.02717238 -0.01937013 0.03301537 0.0303902 -0.01786494 0.03494024 0.02770662 -0.01684099 0.03334057 0.02765941 -0.01571738 0.03603756 0.02506148 -0.005533277 0.03486317 0.02766913 -0.005357146 0.03702682 0.03039211 -0.006174743 0.03782433 0.02509987 -0.005115389 0.03753793 0.02774947 -0.003985345 0.03926134 0.02770781 -0.006041705 0.03610485 0.02495062 0.006214499 0.03812819 0.02505403 0.006018936 0.0374822 0.02494692 0.00672543 0.03565216 0.02727115 0.008017957 0.03822422 0.02633875 0.008000433 0.03486102 0.02775686 0.006100594 0.03786277 0.0287615 0.007580161 0.03239917 0.02500611 0.01691824 0.03135496 0.02770692 0.01638734 0.03502857 0.02775228 0.01881349 0.0327183 0.02492612 0.01858675 0.03095424 0.02649927 0.01855754 0.03218626 0.02862834 0.01937609 0.03301429 0.02644658 0.0199387 0.0256434 0.02505564 0.02646648 0.02450692 0.02500367 0.02712523 0.02318572 0.02758806 0.02731269 0.02428555 0.0276407 0.02567297 0.02686369 0.02522736 0.02818369 0.0273928 0.02770775 0.02873259 0.025424 0.03039193 0.02761769 0.0245369 0.02560949 0.02940708 0.02457731 0.02799451 0.02949124 0.01471787 0.02494561 0.03494906 0.01412904 0.02520018 0.03330802 0.01547241 0.02514332 0.03278088 0.01554262 0.02501833 0.03530097 0.01454871 0.0281654 0.03629875 0.01337313 0.02626478 0.03558087 0.0145269 0.02797645 0.03236204 0.01549434 0.0268957 0.03652858 0.01290416 0.02774763 0.03427362 0.001976013 0.02496421 0.0375151 0.003414034 0.02501165 0.03637737 0.003747642 0.02756595 0.0353021 0.003180921 0.02501505 0.0384311 0.004061698 0.02787095 0.03941702 0.001679718 0.02746963 0.03559631 9.11803e-4 0.02766537 0.03754204 0.001856744 0.02762275 0.03928112 -0.008552491 0.02512913 0.03508079 -0.009269416 0.02756369 0.0341708 -0.009214997 0.03039193 0.03638958 -0.01011437 0.02505379 0.03722459 -0.01102334 0.02780538 0.03775119 -0.01113373 0.02750265 0.0351482 -0.02087098 0.02497094 0.03023433 -0.01877713 0.02750444 0.02998697 -0.02132391 0.02499288 0.03217768 -0.0215851 0.02761304 0.0333693 -0.02103072 0.02750253 0.02913719 -0.02274137 0.0277096 0.03129941 -0.0287857 0.02524149 0.02170991 -0.03115463 0.02625834 0.02446925 -0.03191244 0.02745276 0.02261811 -0.02962297 0.03039199 0.02305638 -0.03037345 0.02776509 0.02507805 -0.03021782 0.02493721 0.02291065 -0.02825874 0.02787691 0.02134245 -0.03062969 0.02760428 0.02110403 -0.03573703 0.02496969 0.01320946 -0.03424876 0.02498221 0.01233601 -0.03326642 0.02741086 0.01168406 -0.03670072 0.02516061 0.01102989 -0.03516972 0.02774876 0.01001256 -0.03721898 0.02826052 0.01138722 -0.03767675 0.02652204 0.01241409 -0.03661882 0.02491438 -6.32882e-4 -0.0357443 0.02767115 -0.001384615 -0.03567248 0.02752929 0.001397132 -0.03879314 0.0250808 -5.03002e-5 -0.03970289 0.02768576 -1.03234e-4 -0.03831946 0.02758747 -0.002135038 -0.03346413 0.023 -0.01113599 -0.03359371 0.002499997 -0.0111978 -0.02752548 0.002499997 -0.02373397 -0.02743792 0.02300006 -0.02288967 -0.02926957 0.002499997 -0.02070981 -0.03107357 0.02300006 -0.02146863 -0.01908165 0.002499997 -0.033086 -0.01862984 0.02300006 -0.03062862 -0.01960182 0.002499997 -0.02933812 -0.02084177 0.02300012 -0.02971035 -0.007345497 0.023 -0.03738629 -0.008522689 0.02300012 -0.03436613 0.005181252 0.023 -0.03838771 0.004518747 0.002499997 -0.03895413 0.004732608 0.002499997 -0.03590965 0.00336188 0.02300006 -0.03542876 0.0157088 0.002499997 -0.0363841 0.01703149 0.02300012 -0.03431934 0.01709437 0.002499997 -0.03321284 0.01586133 0.02300012 -0.0327236 0.0265237 0.002499997 -0.02941572 0.02749681 0.023 -0.02828741 0.02711409 0.002499997 -0.02603805 0.02605122 0.02300012 -0.02587819 0.03436124 0.02300012 -0.01914453 0.03444921 0.02300006 -0.01649504 0.03415483 0.002499997 -0.01596486 0.0378192 0.002499997 -0.008163809 0.03904467 0.02300006 -0.00640279 0.03852152 0.002499997 -0.004246771 0.03549134 0.002499997 0.004396259 0.03925794 0.002499997 0.00577861 0.03900527 0.02300006 0.006522953 0.03731566 0.02300012 0.008101224 0.03485357 0.023 0.01702326 0.03456461 0.002499997 0.01973557 0.0269885 0.02300012 0.02676117 0.02680915 0.02300012 0.02909243 0.02553403 0.002499997 0.02978914 0.01668012 0.002499997 0.03295421 0.01728683 0.023 0.0339033 0.01614147 0.002499997 0.03641062 0.01484638 0.02300006 0.03643095 0.005042195 0.023 0.03692489 0.0042544 0.002499997 0.03922796 0.003255128 0.023 0.03970432 -0.00878632 0.002499997 0.03427457 -0.00733906 0.02300012 0.03604638 -0.007217049 0.002499997 0.03741186 -0.008077263 0.02300012 0.03794872 -0.01901978 0.02300006 0.03000438 -0.01832944 0.002499997 0.03222018 -0.01959252 0.023 0.03346925 -0.02781957 0.02300006 0.02260529 -0.02815926 0.002499997 0.02498066 -0.02834129 0.02300012 0.02433383 -0.03307145 0.002499997 0.0121864 -0.03340536 0.023 0.0115301 -0.03536921 0.02300006 0.01423126 -0.03556627 0.023 -8.65139e-4 -0.03535574 0.002499997 -2.4352e-4 -0.03772014 0.02300006 0.002096652 -0.03725284 0.002499997 0.002099335 0.002325713 0.04781717 -0.002703845 0.00532031 0.05484455 0.001026809 0.003487646 0.05536913 -0.003593623 -0.004684031 0.05317991 -0.003353834 -0.002675175 0.05659484 -0.003060519 4.6311e-4 0.05758029 -0.002474844 -0.004571557 0.05482089 0.003052294 -0.004533052 0.05590164 4.0167e-4 -0.001974582 0.05781698 6.46405e-4 0.002445638 0.05340814 0.005317926 1.799e-4 0.05650717 0.00414288 5.45142e-4 0.05804353 4.18446e-4 0.003178536 0.05730289 5.77059e-4 3.79273e-4 0.04767495 0.003691673 -0.003058969 0.0476098 0.002175152 -0.003508269 0.04783368 -0.001098096 -8.75409e-4 0.04772144 -0.003543078 -0.01599103 0.05171883 -0.006147027 -0.01665335 0.05072087 -0.008394956 -0.02003157 0.05038923 -0.009201169 -0.01788848 0.05264687 -0.007600426 -0.02186191 0.05096602 -0.006306409 -0.02009445 0.05258065 -0.007399916 -0.0215761 0.05007463 -0.004277229 -0.02043175 0.0526371 -0.005609631 -0.01924467 0.0502597 -0.002850711 -0.01881426 0.05299389 -0.005031645 -0.009331524 0.05226695 0.01638609 -0.01047658 0.04992043 0.01294082 -0.01189666 0.05240207 0.01366084 -0.01495337 0.05048722 0.01615393 -0.01129269 0.05306208 0.01540338 -0.01327979 0.05269747 0.01622861 -0.0113697 0.05242776 0.01795095 0.0131393 0.04985773 0.01297664 0.01343899 0.05222541 0.01464432 0.01119041 0.05234634 0.01364129 0.008996129 0.0519945 0.01616394 0.01197648 0.05309867 0.01666051 0.02091234 0.05217039 -0.007243871 0.01842176 0.05048799 -0.00936681 0.01647502 0.05187952 -0.007544457 0.01930046 0.05257844 -0.007798612 0.01811313 0.0530585 -0.00574845 0.01670074 0.05166578 -0.004191398 0.0194385 0.05133664 -0.003193736 0.02174383 0.05023121 -0.004714727 0.02067327 0.0525527 -0.005267977 0.002591252 0.04950219 -0.02166247 0.001076817 0.05212587 -0.02203232 -0.002198755 0.05161833 -0.02153927 -4.24323e-4 0.05303037 -0.02016669 -0.001487076 0.05262577 -0.01870429 0.002983748 0.05123341 -0.02005428 0.001553714 0.0525279 -0.01842474 0.001872181 0.02756816 -0.0346322 0.01240468 0.02754837 -0.03274792 0.0126183 0.002499997 -0.03376936 0.02227127 0.02753484 -0.02718102 0.02288335 0.002499997 -0.02761745 0.03096264 0.002499997 -0.01711118 0.02744108 0.02771294 -0.01799237 0.03477579 0.002499997 -0.00657916 0.03359735 0.02755999 -0.008960485 0.03482717 0.02755171 0.001793384 0.03261214 0.02755355 0.01245456 0.03562766 0.002499997 0.008156001 0.02718776 0.02753329 0.02235674 0.03077536 0.002499997 0.01796513 0.01277577 0.002499997 0.03353345 0.01875615 0.02755767 0.02942848 0.008815526 0.02756518 0.03351604 -0.001900792 0.02755355 0.03470212 -0.01790434 0.04788804 -0.008719444 -0.01033318 0.04773533 0.01373594 0.006790995 0.02771151 -0.02445811 0.006138622 0.04752379 -0.02461063 0.01402449 0.02771151 -0.02116686 0.01274383 0.04752498 -0.02185624 0.0194782 0.04752564 -0.0161581 0.01986926 0.02771151 -0.01579493 0.02378308 0.02771151 -0.008881151 0.02311283 0.04751038 -0.0105251 0.02536809 0.02771997 -0.001095116 0.02507185 0.04751849 -0.003649413 0.02476567 0.04752629 0.005197882 0.02448976 0.0277037 0.006797134 0.02116942 0.02769643 0.01403856 0.0217607 0.0475769 0.01060575 0.0186606 0.04751509 0.01734519 0.01827782 0.03736382 0.01808685 0.01579135 0.02772915 0.01986175 0.01707011 0.04044145 0.01924514 0.0163846 0.03708672 0.01967138 0.01404875 0.04057574 0.02169036 0.01147186 0.04752266 0.0225684 0.01432937 0.038257 0.02168089 0.01199984 0.0399149 0.02292335 0.01161974 0.03738057 0.02297973 0.008888423 0.02771997 0.02378576 0.009092807 0.04046779 0.02411758 0.005139589 0.04751998 0.02485591 0.007970511 0.03818571 0.02452284 0.005458652 0.04043555 0.02525883 0.005111575 0.03700113 0.02504616 0.001139819 0.0277419 0.02538067 0.003299295 0.04026007 0.02570819 9.66622e-4 0.04054355 0.02572703 0 0.04749995 0.02526521 8.47756e-4 0.03709149 0.0256108 -0.03777754 0.0250141 0.001038432 -0.03580498 0.02300012 0.01042044 -0.02874207 0.02500617 0.02394855 -0.02161657 0.02300012 0.0298835 -0.01975166 0.024953 0.03154492 -0.009535074 0.023 0.03439795 -0.008404791 0.02500516 0.03709381 0.001223564 0.02300012 0.03676712 0.01324713 0.02300012 0.03415769 0.0143398 0.02300012 0.03262412 0.02531105 0.02300006 0.02562177 0.03298008 0.023 0.02021455 0.0318166 0.02300006 0.01614695 0.03517323 0.02300006 0.006896674 0.03741931 0.023 -0.004161655 0.03753221 0.02300012 -0.007953882 0.03238856 0.02300006 -0.01970726 0.03226965 0.02504438 -0.01880401 0.0235362 0.02300012 -0.02680575 0.02478587 0.02300012 -0.02940016 0.01410138 0.02498883 -0.03482103 0.01348394 0.02300006 -0.03320801 0.001226127 0.02300012 -0.03671669 0.001970827 0.02505385 -0.03784477 -0.01095688 0.02300006 -0.03576165 -0.02991324 0.02500921 -0.02191132 -0.03645056 0.02300006 -0.01067167 -0.03476935 0.023 -0.01403379 -0.03037464 0.02300006 -0.02503025 -0.01970809 0.02300012 -0.03318834 0.001949489 0.02300006 -0.03898972 -0.02244287 0.02300006 0.03197956 -0.03143626 0.02300012 0.02426862 -0.03756362 0.02300006 0.01213276 -0.03935235 0.02300006 -0.001273751 -0.02721798 0.02755355 -0.02192533 -0.01909667 0.02753484 -0.0294671 -0.01975095 0.02766662 -0.02258932 -0.03266453 0.02755355 -0.01243859 -0.02576476 0.02766662 -0.01538032 -0.01660364 0.02780878 -0.02654278 -0.02366143 0.02781248 -0.02029359 -0.008815526 0.02756518 -0.03351604 -0.02877438 0.02781248 -0.01198852 -0.01192939 0.02769619 -0.02765703 -0.02925646 0.02766418 -0.006665766 -0.007588803 0.027803 -0.03037446 -0.01579666 0.02771151 -0.01986986 -0.03173279 0.02777963 -0.002057075 -0.03492891 0.02749997 0.00289452 -0.02116394 0.02771151 -0.0140177 -0.02282226 0.02777612 -0.01724129 -0.01637738 0.02777612 -0.02344989 -0.002798974 0.02769374 -0.02998983 -0.008880794 0.02771997 -0.02378898 -0.02446526 0.02771151 -0.006797075 -0.02703315 0.02777612 -0.009344935 -0.02988445 0.02766662 0.002701163 -0.008329391 0.0277794 -0.02736306 0.002168774 0.02779412 -0.03123295 -0.001121699 0.0277419 -0.02537012 -0.03081536 0.02777963 0.007849514 -0.0254122 0.0277037 0.001109659 -0.02859777 0.02777612 -5.33899e-4 -0.02964192 0.02753329 0.01893168 5.33899e-4 0.02778255 -0.02859777 -0.02736306 0.02777612 0.008329391 0.006605327 0.02769619 -0.02938693 -0.02765703 0.02769619 0.01192939 -0.02378839 0.02771997 0.00887984 0.009344935 0.02777612 -0.02703315 0.01538032 0.02766662 -0.02576476 0.01198852 0.02781915 -0.02877438 -0.02654278 0.02779412 0.01660364 -0.02344989 0.0277794 0.01637738 0.01724129 0.02777612 -0.02282226 -0.02258932 0.02766418 0.01975095 -0.0198602 0.0277391 0.01578545 -0.02029359 0.02781915 0.02366143 0.02258932 0.02766418 -0.01975095 0.02029359 0.02781915 -0.02366143 -0.0219165 0.02754837 0.0273059 0.02344989 0.0277794 -0.01637738 -0.01408034 0.02768963 0.02117538 -0.01724129 0.02777612 0.02282226 -0.01536315 0.02769619 0.02590745 0.02765703 0.02769619 -0.01192939 -0.01171416 0.027803 0.02903407 0.02736306 0.02777612 -0.008329391 -0.0124818 0.02756518 0.03244107 -0.009266614 0.02777212 0.02703458 -0.007044613 0.02770727 0.02437013 -0.006605327 0.02769619 0.02938693 0.03032565 0.02781915 -0.007214188 0.02859777 0.02777612 5.33899e-4 0.02988445 0.02766662 -0.002701163 -5.33899e-4 0.0277794 0.02859777 -0.002168774 0.02779996 0.03123295 0.002798974 0.02769374 0.02998983 0.02703315 0.02777612 0.009344935 0.008329391 0.02777612 0.02736306 0.02938693 0.02769374 0.006605327 0.02282226 0.02777612 0.01724129 0.01637738 0.02777612 0.02344989 0.02576476 0.02766662 0.01538032 0.03123295 0.02780878 0.002168774 0.01192939 0.02769619 0.02765703 0.007588803 0.02780878 0.03037446 0.02877438 0.02781248 0.01198852 0.01989197 0.02769619 0.0226171 0.01660364 0.02780878 0.02654278 0.02399313 0.02779996 0.02011287 -7.48433e-4 0.04000157 0.02526628 -0.002022922 0.04757148 0.02511125 -0.00145924 0.03737431 0.025774 -0.001285135 0.0402491 0.02605533 -0.006338 0.0403738 0.02495187 -0.006115376 0.03716975 0.02516168 -0.01051473 0.04753702 0.02293634 -0.009621739 0.03787177 0.02403497 -0.01625233 0.04763638 0.01959222 -0.01142251 0.03877151 0.02305501 -0.01300597 0.03736066 0.02219206 -0.01442301 0.03936749 0.0213527 -0.01701819 0.04033023 0.01911985 -0.02102822 0.0475167 0.01437556 -0.01601016 0.03705853 0.02005457 -0.01768773 0.03820735 0.01893979 -0.02462619 0.04752439 0.006103992 -0.02420449 0.0475769 -1.06498e-4 -0.02437597 0.04751038 -0.007793366 -0.02003353 0.04762786 -0.01544952 -0.01513981 0.04755264 -0.01964771 -9.45876e-4 0.04761862 -0.0256493 -0.00940746 0.04769998 0.01305472 -0.01077884 0.04780262 0.01838117 -0.009236454 0.04774773 0.01664257 -0.001324534 0.04778295 0.008847892 -0.006105422 0.04763633 0.01632755 -1.46804e-5 0.04776364 0.01218217 0.001225948 0.04776787 0.008860051 -0.001963794 0.04768747 0.01429426 0.007498085 0.0477851 0.004880249 0.003520369 0.04773402 0.01207286 -0.004757821 0.04778122 0.01926678 0.01153576 0.04774665 0.005268096 0.009197056 0.04776084 0.00798875 0.009951233 0.0477333 0.01044774 -5.10152e-4 0.04777437 0.02037394 0.005142211 0.0477361 0.01548457 0.00923711 0.04785454 0.01526665 0.006881833 0.04766958 0.02011793 0.002425491 0.04778426 0.01909291 0.0100103 0.04780024 0.01794832 0.008569478 0.04774969 0.002569794 0.01996475 0.04776996 7.04712e-4 0.01889663 0.04785281 -0.003418803 0.01769071 0.04764997 0.003302335 0.001383066 0.04777348 -0.0216518 0.00270909 0.04816609 -0.02022051 0.006098747 0.04780328 -0.01825451 0.009225189 0.04776662 -0.01815503 0.006475687 0.04781872 -0.01501321 0.01171541 0.04777419 -0.0174365 0.006695508 0.04771876 -0.01025313 0.01055532 0.04770684 -0.01199954 0.0138781 0.04768288 -0.01242065 0.00589776 0.04777646 -0.006727218 0.01741617 0.04775732 -0.01260215 0.008598506 0.0477823 -0.002470731 0.01206028 0.04776084 -0.001719176 0.01423108 0.04772365 -0.008250772 0.01718127 0.04784297 -0.008160889 0.008946299 0.04777944 5.18274e-5 0.01212882 0.04775255 0.001712918 0.01531261 0.0477432 0.005634009 0.0207588 0.04786366 -0.004511237 0.0205937 0.04770064 -0.007728755 0.02034229 0.0476818 0.006254553 0.01595193 0.04779517 0.01281762 0.01287657 0.0477814 0.01819503 0.01400983 0.04796302 0.01501244 0.009188652 0.04774999 -0.007916986 0.01212513 0.04775995 -0.00543195 5.3113e-5 0.0477727 -0.01222819 0.003465473 0.04776829 -0.01274347 0.001324653 0.0477823 -0.008847832 -0.003397226 0.04771876 -0.01175177 -0.009044468 0.04771411 -8.7726e-5 -0.006404578 0.04773211 0.00996977 -0.01616168 0.04769998 -0.01417529 -0.006643831 0.04770421 -0.02011662 -0.01046943 0.04778999 -0.01614969 -0.008810818 0.04777938 -0.01846957 -0.02130854 0.04789632 -0.0067752 -0.01418066 0.04760712 -0.011581 -0.01683568 0.04777461 -0.00771743 -0.011159 0.04773235 -0.01207131 -0.01917034 0.04780846 -0.001831591 -0.01427596 0.04781967 -0.007026135 -0.001914501 0.04794979 -0.02162861 -0.02115935 0.04769998 0.003797531 -0.006827414 0.04773914 -0.01035386 -0.003027021 0.04767441 -0.01615828 -0.01568901 0.04774755 -0.002170801 5.67972e-5 0.04791063 -0.01718521 -0.01640707 0.0477426 0.001188516 -0.01789289 0.04768288 0.005169093 0.001829802 0.04768121 -0.01818293 -0.00581938 0.0477851 -0.006795167 -0.003669321 0.04777944 -0.008159339 -0.008560717 0.04775881 -0.002581894 -0.01205611 0.04776084 -0.001748204 -0.001207649 0.04775881 -0.008859872 -0.01471644 0.04770684 0.006231427 -0.01198893 0.04781645 0.001781821 -0.008597791 0.04775571 0.002456843 -0.01571118 0.04774999 0.01395702 -0.01679742 0.04778784 0.0107426 -0.007554054 0.0477823 0.004793167 -0.009216308 0.04776656 0.007966518 -0.0058977 0.04777574 0.006727218 -0.01380842 0.04780805 0.0173701 0.002454698 0.04774636 -0.0162307 0.01319581 0.04781818 0.009654045 0.01643973 0.04778999 0.01000785 0.01124185 0.04797488 0.01336807 6.79577e-4 0.0478 0.01633614 -0.01235795 0.04780352 0.01072084 -0.02032536 0.04772138 -0.00420463 -0.01754623 0.04772424 -0.003894865 -0.007640957 0.04782605 -0.01447284 0.01629942 0.04816627 -0.004813015 0.01501339 0.04771184 -0.001996278 -0.03999996 0.002472221 0.03999996 -0.03999996 0.002445042 -0.03999996 0.03999996 0.002443134 0.03999996 0.03999996 0.002472519 -0.03999996 -0.0314843 0.002499997 -0.02457422 -0.02279263 0.002499997 -0.03203159 -0.03733688 0.002499997 -0.01316559 -0.03452384 0.002499997 -0.01418739 -0.01130527 0.002499997 -0.0368191 -0.007557749 0.002499997 -0.0381931 -0.009184539 0.002499997 -0.03415203 -0.03773581 0.002499997 -0.002120792 -0.0366314 0.002499997 -0.01027387 0.001467108 0.002499997 -0.03891032 0.00168097 0.002499997 -0.03586584 -0.03705894 0.002499997 0.01060754 -0.03971606 0.002499997 2.77377e-4 -0.02850431 0.002499997 0.02116072 -0.03191012 0.002499997 0.02262651 -0.0202099 0.002499997 0.02923983 -0.036825 0.002499997 0.01389485 -0.022758 0.002499997 0.032337 0.03373003 0.002499997 -0.02021807 -0.01142865 0.002499997 0.03736168 0.003832042 0.002499997 0.03503638 0.001166343 0.002499997 0.03844082 0.03333693 0.002499997 0.01563137 0.02321439 0.002499997 0.02727925 0.02733528 0.002499997 0.02608597 -1.79065e-4 0.04936605 -0.0229699 -0.002771615 0.048204 -0.01937717 -0.003148078 0.05022662 -0.01890224 -0.001689016 0.05012756 -0.01685225 3.42343e-4 0.05140674 -0.01669734 0.002438724 0.04970943 -0.01760041 0.02147227 0.04908901 -0.008042871 0.01552981 0.04970425 -0.00658667 0.01737236 0.04958945 -0.003201782 0.009076178 0.0498026 0.01383626 0.008614897 0.04988628 0.0174216 0.01100111 0.0509361 0.01906394 0.01395684 0.05109727 0.01813262 0.01493072 0.05031239 0.01619791 -0.01363635 0.04792279 0.01447755 -0.01301616 0.04987877 0.01299571 -0.01280111 0.05049461 0.01903468 -0.009332895 0.05017328 0.0184614 -0.008434414 0.0501762 0.01488769 -0.01659065 0.05128312 -0.003899395 -0.01558011 0.04921752 -0.006373345 -0.009188711 0.04776334 -0.007948994 -0.01109373 0.0477336 -0.005105435 -0.007498025 0.04777944 -0.004880428 -0.01109218 0.04772621 0.005087077 0.003763616 0.0477851 -0.008116304 -0.003774762 0.04774963 0.008105397 0.007554173 0.0477851 -0.004793107 0.003572404 0.0477972 -2.01175e-4 -0.003501951 0.04774057 0.01175755 0.002700448 0.04775303 0.002388894 0.003657221 0.04773253 0.008183121 0.005819439 0.0477823 0.006795048 0.006617248 0.04777771 0.01022666 -4.74802e-4 0.05342447 -0.005922675 -0.005741775 0.0511499 -3.94007e-4 -0.001792907 0.04816412 0.003605306 -0.004350483 0.04985874 0.002743959 0.001844823 0.04950922 0.004568874 -0.001716017 0.05235135 0.005575478 0.004633545 0.0513879 0.003377199 0.005445897 0.05089616 -0.001767396 -0.002098083 0.04916274 -0.004404783 0.002033948 0.0513643 -0.005403637 -0.03753894 0.03039383 2.14328e-6 -0.03824549 0.0275973 0.002212762 -0.02984374 0.023 0.02088499 -0.0112859 0.023 0.03727823 0.003065228 0.02300006 0.03541517 0.02324175 0.023 0.02834314 0.03687095 0.023 0.003884196 0.03474968 0.023 -0.006468474 0.03107023 0.023 -0.01674401 0.0143336 0.023 -0.03655683 -0.009964942 0.02299994 -0.03827506 -0.02280801 0.023 -0.03171569 -0.03746861 0.023 -0.01309114 -0.036686 0.0278452 0.01399672 -0.03550386 0.03039586 0.01219367 -0.03441518 0.02769684 0.01416385 -0.02784228 0.02766996 0.02453118 -0.01835358 0.02734571 0.03234851 -0.0198121 0.02750658 0.03354948 -0.02053147 0.03039193 0.03142571 -0.00815463 0.02757394 0.03845191 -0.007038056 0.0277189 0.03580743 0.003101944 0.03039383 0.03741055 0.004908978 0.02620768 0.03842371 0.00521624 0.02754735 0.03648853 0.01724439 0.02742254 0.03522223 0.01508152 0.03038948 0.0343768 0.01690953 0.0277996 0.03317385 0.0268768 0.02777701 0.02590912 0.03461682 0.02520954 0.01761651 0.03301411 0.0303902 0.01786416 0.03414291 0.02766096 0.01584297 0.03702658 0.03038531 0.006180405 0.03625535 0.02548837 0.004515826 0.03632169 0.02772599 0.004087567 0.03900319 0.02764838 0.004993438 0.03809183 0.02519875 -0.007212162 0.03555262 0.02516901 -0.006746768 0.03774535 0.02755278 -0.00828427 0.03593689 0.02779531 -0.008008062 0.03081226 0.02761274 -0.01772463 0.03151404 0.02761548 -0.01948958 0.03282266 0.02766591 -0.02006173 0.02593111 0.02661204 -0.02979916 0.02418804 0.02500367 -0.02752548 0.02346044 0.02769178 -0.02863013 0.01334142 0.02822488 -0.03351837 0.01292568 0.02656793 -0.03441786 0.01378726 0.02823489 -0.0356884 0.01507693 0.03039669 -0.034379 0.001621782 0.02771371 -0.03915053 0.00256145 0.02738833 -0.03518885 9.91174e-4 0.02771484 -0.03682327 -0.01119041 0.02754986 -0.03764992 -0.0108444 0.02766919 -0.0348972 -0.02008545 0.02641278 -0.02925378 -0.02268302 0.0276978 -0.03128588 -0.02183109 0.02781504 -0.0297321 -0.03102731 0.02513372 -0.02342361 -0.02928638 0.02661579 -0.02092581 -0.02962476 0.03039389 -0.02305519 -0.03039515 0.02774155 -0.02102833 -0.03172844 0.02770906 -0.02249574 -0.03550899 0.03040415 -0.01217597 -0.03623592 0.02490139 -0.01246076 -0.03642326 0.02772343 -0.01008617 -0.01085489 0.04030823 0.02336436 -0.01065033 0.03919023 0.02369141 -0.008174717 0.04030209 0.02467226 -0.007778286 0.03935629 0.02448093 -0.001020669 0.03849965 0.02587509 -0.001250207 0.03941309 0.0256648 0.003231763 0.0389353 0.02578818 0.003375113 0.03964471 0.02505666</float_array>
          <technique_common>
            <accessor source="#Part__Feature_003-mesh-positions-array" count="690" stride="3">
              <param name="X" type="float"/>
              <param name="Y" type="float"/>
              <param name="Z" type="float"/>
            </accessor>
          </technique_common>
        </source>
        <source id="Part__Feature_003-mesh-normals">
          <float_array id="Part__Feature_003-mesh-normals-array" count="4080">0.1942705 -0.9475839 -0.2536612 0.6427625 -0.3386765 -0.6871351 0.3220239 -0.1407891 -0.9362047 -0.4854662 -0.3049001 -0.8193647 -0.5992985 0.5443797 -0.5869346 0.9955189 0.01339757 -0.09360945 -0.5582519 -0.5069601 -0.6567697 0.8326699 0.545096 -0.09762805 0.3028225 0.5896328 -0.7487535 0.5760828 -0.7192043 0.3884251 -0.1179847 -0.6160783 -0.7787985 0.8496229 -0.3229509 -0.4169458 0.5948749 -0.3020702 -0.744901 -0.3804563 -0.4652438 -0.7992504 0.9232398 0.3744804 0.08598089 0.8309831 0.5535878 0.0548433 -0.1509341 0.607475 -0.7798673 0.371816 0.5747149 -0.7290101 0.2479438 -0.5350624 -0.8076089 0.8949058 -0.3381492 0.2912026 0.1362538 -0.4267503 -0.8940464 0.8898079 -0.3289254 -0.316307 0.7410562 0.5866963 0.3265321 0.7298234 -0.4674259 0.4988697 0.3049229 0.5837565 -0.7524962 0.7063265 0.587563 -0.3948071 0.7910326 -0.5731832 -0.2138417 0.9170371 -0.3438007 0.2020998 0.6045632 -0.3291467 -0.7253729 0.546306 -0.1784707 0.8183508 0.49841 0.5852061 0.6396259 0.5996141 0.5718219 -0.5598954 0.8051226 0.5930637 0.007288873 0.04686129 0.5879893 0.8075102 0.01766061 0.5374122 -0.8431348 0.2012246 -0.9786565 0.04171717 0.2776892 -0.4994183 0.8206523 0.6424477 -0.5335289 -0.5500983 0.8314079 -0.2136467 0.5129484 0.8794484 -0.3053583 -0.3651397 0.4073659 -0.380586 0.8301852 0.6984274 0.5646175 -0.4397798 0.6872345 0.5872368 0.4276232 -0.2893844 0.5434901 0.7879563 0.793081 -0.534945 0.2913017 0.1707809 -0.4272009 0.8878814 0.5971015 -0.3813996 0.7056941 0.9292029 -0.1165869 -0.3506987 0.5490844 0.5910394 0.5909135 0.8070496 0.5730298 -0.1425061 0.8042128 -0.304104 -0.5106491 0.6576108 0.2818158 -0.6986616 -0.05286687 -0.3994097 0.915247 0.8058543 -0.2237008 0.5482306 0.8836116 -0.4629496 -0.0700584 -0.2565891 -0.5601041 0.7876836 -0.1567316 0.5614299 0.8125466 0.6861366 0.5666433 0.4562149 -0.7035933 0.5789191 0.4120792 -0.08598411 -0.4874929 0.8688829 -0.1055979 -0.5002431 0.859422 0.5556538 -0.2909301 0.7788509 0.9495734 -0.3124327 0.02638649 0.8295304 0.5384031 -0.1483291 -0.1940034 0.5920465 0.7822043 0.4553136 0.5832438 0.6726933 -0.8597003 -0.4079435 0.3074043 0.03154397 -0.9985746 -0.04305619 -0.4352782 -0.2543631 0.8636159 -0.2002323 -0.4025999 0.893208 0.750757 -0.1888321 0.6330139 0.8855478 -0.4554515 0.09148377 -0.3972263 0.5387085 0.7429701 0.6408006 0.559474 0.525703 0.9257055 0.1943978 0.3244674 -0.2899695 -0.5578037 0.7776715 -0.2214635 -0.6249689 0.7485772 0.5788414 -0.6967323 0.4236825 0.0722773 0.1809366 0.9808354 -0.884656 -0.3812002 0.268459 -0.7021279 0.5653313 0.432917 -0.2253151 0.5669757 0.7923206 -0.8371194 -0.397519 -0.3757789 -0.663631 -0.7424644 0.09132695 0.4213443 -0.647054 0.6354448 -0.4822653 -0.5278068 0.699171 0.6329839 -0.4112617 0.6558928 -0.8773299 0.4695057 0.09928131 0.2820152 0.3385379 0.8976969 -0.8687151 0.486776 0.09156084 0.3183431 0.5267535 0.7881552 -0.5568247 0.002882003 0.8306251 -0.7708328 -0.3557361 -0.5284586 -0.02364981 -0.9661732 0.2568078 -0.8784872 -0.4587841 0.1333313 0.2704153 0.5317148 0.8025927 0.4104369 -0.2796422 0.8679527 -0.6793079 0.5897769 -0.4366967 0.2563315 -0.03843128 0.9658247 -0.7446628 0.5539453 0.3723196 -0.8423317 -0.004742264 0.5389387 -0.08942759 -0.9885827 -0.1212729 0.4358522 0.4641774 0.7710852 -0.6645367 -0.7368711 0.1241455 -0.3626093 -0.2535809 -0.8967783 -0.9116945 -0.3932568 -0.1190063 -0.2609255 -0.6202406 0.7397429 -0.7748816 0.2620294 0.5752383 -0.7505757 -0.1141844 -0.6508442 -0.2045258 -0.5393878 0.8168415 -0.3767579 -0.1141734 0.9192485 -0.661417 0.5644189 -0.4939219 -0.6971961 0.5570023 0.451294 -0.1136369 -0.3728214 -0.9209185 -0.02235639 -0.3200881 0.9471241 -0.8843098 -0.3452775 -0.3142925 -0.8321271 -0.332283 0.4440187 -0.5014367 -0.5626622 -0.6572462 -0.5141926 -0.4904553 0.7036048 -0.1157186 0.5909306 0.7983798 -0.7387944 0.5761883 -0.349557 -0.7059701 0.5858681 0.397951 -0.2488691 -0.2607268 0.932784 -0.1574274 0.5439488 0.8242185 -0.6060485 -0.6458991 -0.4642409 -0.4098758 -0.4227923 -0.8082379 -0.9421167 -0.3261157 0.07787644 -0.3956092 0.5715789 -0.7188818 -0.826613 0.5619543 -0.03030908 0.3297448 -0.3578194 -0.8736324 0.2913041 0.5625284 -0.7737595 -0.762454 -0.2971923 -0.5747526 -0.8436008 -0.5018746 -0.1909446 -0.840892 -0.2912575 0.4561466 -0.7091984 0.5643957 0.422487 -0.6309243 0.5457777 -0.5514175 -0.3124103 -0.8089849 0.4979391 -0.837236 0.2344705 0.494024 -0.7502356 0.5243154 0.4027904 -0.5217021 -0.436666 -0.732905 -0.8279353 -0.5603663 -0.02263981 -0.5821943 -0.5961357 -0.5528762 0.01718914 0.5693919 -0.8218866 -0.6495732 0.5793727 -0.492323 0.1169783 -0.1600517 -0.9801529 0.556475 -0.4178675 -0.7181382 0.3712669 -0.5215643 -0.7682003 0.6037712 0.5509291 -0.5761403 -0.8931989 0.378542 0.2426971 -0.5565879 0.002705872 -0.8307844 -0.8508617 -0.08244979 -0.5188802 -0.3565604 0.5668857 -0.7426341 0.9491771 -0.3121345 -0.04043465 -0.2507286 -0.5905722 -0.767046 0.2737775 -0.3329086 -0.9023402 -0.7976912 -0.2893378 -0.5291243 -0.6736207 0.5571637 -0.4855964 0.2165589 0.552654 -0.8047831 0.9116927 0.0139954 -0.4106345 0.9548403 -0.005137562 -0.297075 0.2909737 -0.004723429 0.9567195 0.2075009 -0.03298234 -0.9776787 0.5887558 0.03075218 -0.8077258 0.8660119 -0.02426964 0.4994342 0.363231 0.06636673 0.9293324 0.9212536 0.02621388 -0.3880782 0.9897788 -0.03828328 0.1373767 0.3830981 0.03992795 0.9228443 0.3211183 0.03392523 -0.9464313 0.9314556 -0.02393341 0.3630673 0.9273378 -0.02604079 0.3733185 0.1831287 -0.008115887 -0.9830554 -0.01434803 0.02808058 -0.9995028 0.9970841 -0.03028899 -0.07004249 0.8510014 0.04462659 0.5232641 0.6379546 0.0363124 -0.7692174 0.9161922 -0.01879662 -0.4002979 0.8059259 0.03437155 0.5910179 0.3795229 0.03287589 -0.9245981 0.9843822 -0.03725725 -0.1720578 0.8567763 0.04041296 0.5141024 0.2740802 0.04187595 -0.9607947 0.999028 -0.02902352 -0.0331797 0.994908 -0.01685869 -0.09936749 0.7158473 0.01717102 -0.6980458 0.9833653 -0.04363733 -0.1763194 0.8088364 0.04105353 0.5865989 0.3441594 -0.04658347 -0.9377551 0.7770972 0.03239911 -0.6285461 0.6824988 -0.01812076 0.7306621 0.5473657 -0.04283535 0.8357965 0.2769553 0.0446794 -0.9598436 0.9567921 -0.05135363 -0.2862021 0.8610832 0.0547468 0.5055082 0.5615054 0.03672581 -0.8266577 0.9969515 0.01433873 0.0766946 0.8985098 -0.04103428 0.4370313 -0.1466794 -0.03266191 -0.9886447 0.3979791 0.03067046 -0.9168816 0.9874213 -0.0363484 0.1538766 0.7186963 0.04471445 0.6938849 0.6065034 0.03735893 -0.7942027 0.9937445 -0.04943811 -0.1001384 0.8407985 0.02842426 0.5406014 0.6001174 0.02673006 -0.7994652 0.8940888 -0.02446752 -0.4472212 0.9318559 0.02963179 0.3616165 -0.01190769 -0.02667576 0.9995733 0.04648143 0.03453528 -0.9983221 0.8453645 -0.02918511 -0.5333923 0.9853387 0.05078631 0.1628754 0.02632158 -0.05918043 0.9979003 0.6472521 0.03204733 -0.7616021 0.995584 -0.02691811 -0.08993315 0.9571943 0.01761573 0.2889096 -0.0210613 0.03134357 0.9992868 0.3679791 -0.03098857 -0.9293176 0.4196116 -0.02221858 -0.9074318 0.808415 0.03198474 0.5877434 0.4138523 -0.04431062 0.9092651 0.1071836 0.04948103 -0.9930073 0.6192027 -0.0174461 -0.7850373 0.808482 0.02612996 0.5879406 0.7770467 0.01779603 0.6291915 0.1876985 0.9021428 0.3884684 0.9068374 0.262319 -0.3299012 0.7312945 0.04221957 -0.680754 0.7542858 0.6151906 -0.2293326 0.3931982 0.2563483 -0.8829954 0.468464 0.8142601 -0.3428151 0.2761724 0.9477657 -0.1595906 0.1578553 0.6091631 -0.7771758 -0.5008231 0.3621357 -0.7861514 -0.06055307 0.6454009 -0.7614402 -0.9507203 0.2679561 -0.1559824 -0.8010367 0.4995459 -0.3298398 -0.9691123 0.2329642 0.08092606 -0.5828179 0.7980749 -0.1529704 -0.1023334 0.9826866 -0.1544505 -0.2443547 0.9337164 -0.2616574 -0.3470108 0.4432318 0.8265163 -0.5902391 0.7504383 0.2974227 -0.02731204 0.3368951 0.941146 -0.389153 0.7578348 0.5236854 0.7623038 0.2534748 0.5955196 0.9829753 -0.08427852 0.163269 0.5446791 0.6145954 0.5706114 -0.04908788 0.9250054 0.3767696 0.5498714 0.5876539 0.5935523 0.2274079 0.8921481 0.3903298 0.9181509 0.1826511 -0.3516216 0.2312654 0.009322822 -0.9728461 0.6488741 0.6059511 -0.4602019 0.1623945 0.4634862 -0.8710963 0.4209941 0.9065916 0.02925437 -0.08898049 0.6309379 -0.7707138 -0.7242943 0.4252972 -0.5426971 -0.04318034 0.9878908 -0.1490209 -0.7171973 0.6790626 -0.1565318 -0.7797585 0.5253347 0.340588 -0.1920011 0.9791019 -0.06704473 -0.4521018 0.5986276 0.661248 -0.3857526 0.5553621 0.7367279 0.07318878 0.6148482 0.7852422 0.9512619 0.1310182 0.2791687 0.4866364 0.8242086 0.2895949 0.5846914 0.6231517 -0.5194399 0.5593435 0.5097293 -0.6536903 -0.02517938 0.2652285 -0.9638568 0.5206906 0.7228673 -0.4542514 -0.7163491 0.4568307 -0.5273991 -0.7070145 0.550346 -0.4441283 -0.2760405 0.9266263 -0.2552753 -0.6915203 0.5061921 0.5153341 0.1848505 0.372879 0.9092809 -0.4457516 0.6656086 0.5985574 -0.0785042 0.9679358 0.2386158 0.9427279 0.2345114 0.2372098 0.5151059 0.6032412 0.6089056 0.2586544 0.9354929 0.2407303 0.8322133 0.2449936 -0.4973925 0.3747525 0.5017092 -0.7796464 -0.2072716 0.09765118 -0.9733976 -0.9864266 0.10125 -0.1292716 0.1760513 0.9434462 -0.2809188 -0.6776268 0.5236157 -0.5163804 -0.6308834 0.4784457 0.6107995 -0.3215504 0.935053 -0.1492695 -0.3705513 0.7602087 0.5336427 0.1819723 0.6930989 0.6974955 0.6895899 0.7221731 0.05414646 0.6887965 0.6975266 0.1975254 0.9646853 0.2148135 -0.1524381 0.4925191 0.3012078 -0.8165162 0.2902087 0.9454782 -0.1478173 0.389906 0.442094 -0.8077909 -0.224982 0.6434558 -0.7316747 0.2116612 0.9716923 -0.1049458 -0.9073447 0.02956372 0.4193467 -0.8988883 0.4292739 0.08788597 -0.2544258 0.8984951 -0.3577348 -0.8308673 -0.003562033 0.5564592 -0.6460189 0.7577809 0.09180253 -0.2867843 0.3349885 0.8975175 -0.1225022 0.7923762 0.5976063 0.6319707 0.4429799 0.6359103 0.06637024 0.8430267 0.5337613 0.9052365 0.4240168 0.02750909 0.4193326 0.1151089 -0.9005056 0.7481127 0.3525791 -0.5621526 0.5526521 0.8170931 -0.1641182 -0.5975303 -0.02678656 -0.8013988 -0.1962268 0.3943088 -0.8977838 0.3660148 0.9183217 -0.1507263 -0.9227755 -0.08339649 -0.3762055 -0.2084242 0.8036799 -0.5573672 -0.8223409 0.5689795 0.004238545 -0.7162684 0.4520266 0.5316311 -0.5358787 0.8289818 -0.1600729 -0.4100056 0.5643382 0.7165318 0.6133031 0.3929733 0.6851506 0.8236014 0.3813923 0.4197865 -0.02181631 0.8455348 0.5334746 0.006097733 0.9626247 0.2707704 0.1751216 -0.09600985 -0.9798544 0.01753503 0.0408886 -0.9990099 0.491048 0.03967547 -0.8702286 0.5138621 0.02751111 -0.8574317 0.7923583 0.02999436 -0.6093183 0.8659543 0.103852 -0.4892217 0.9336349 0.1185895 -0.3380273 0.8260998 -0.01468318 -0.5633325 0.9928866 0.03590357 -0.1135219 0.9976881 0.01969212 -0.06504505 0.9780089 0.04703956 0.2031896 0.9914418 0.1255019 -0.03595185 0.8767762 0.02311748 0.4803429 0.8951806 0.05060786 0.4428212 0.6536827 -0.03890234 0.7557683 0.6423208 -0.0278238 0.7659308 0.1645014 0.1211059 0.978914 0.380218 -0.01950764 0.9246912 0.1098817 0.03839635 0.9932028 -0.06026279 -4.70785e-4 0.9981825 0.1144326 -0.01496177 -0.9933184 0.1450194 -0.002840995 -0.9894248 0.4141408 0.00663042 -0.9101887 0.384869 -0.007237315 -0.9229429 0.645856 0.01518666 -0.7633082 0.6766968 -1.39235e-4 -0.7362618 0.8401332 -0.0165739 -0.542127 0.8702114 0.008145868 -0.4926112 0.9615209 -0.02095454 -0.273932 0.9797633 0.01660484 -0.19947 0.9992141 0.01940995 0.03456282 0.9938535 -0.004910469 0.1105952 0.8728879 0.05769968 0.4844973 0.9087933 0.02097076 0.4167194 0.9074082 0.0451588 0.4178172 0.7222526 0.02327287 0.6912378 0.8250275 0.01017373 0.565001 0.7329189 -0.06438624 0.6772624 0.5839846 0.1150576 0.8035695 0.6903222 -0.02905648 0.7229184 0.4540358 -0.09011918 0.8864143 0.4931494 -0.06705659 0.8673564 0.3904176 0.06992363 0.9179787 0.3382977 0.09158325 0.9365721 0.3833945 -0.0313788 0.9230515 0.258812 0.04405885 0.9649225 0.3365929 0.06856822 0.9391506 0.2011973 -0.05124324 0.9782096 0.2000131 -0.05044585 0.9784937 0.3979704 0.03508216 0.9167272 0.02153724 0.1111773 0.9935672 0.07884943 0.07693904 0.9939131 -0.499741 -0.0119453 0.8660925 -0.7544974 -0.03969955 0.6551014 0.1219092 -0.2500275 0.9605334 0.1308403 -0.02031421 0.9911954 0.1982817 0.06454986 0.9780172 0.5289179 -0.06049227 0.8465145 0.4963461 0.07479888 0.8648964 0.6280293 -0.02954131 0.7776288 0.6294906 0.06640291 0.7741655 0.6443944 -0.03462898 0.7639089 0.6437703 -0.02525311 0.764802 0.7576797 0.349752 0.5509946 0.7918962 0.3015568 0.531003 0.3237511 -0.776556 0.5405055 0.98566 0.1255801 -0.1127123 -0.4927901 -0.4975676 -0.7138519 0.9805658 0.1961848 0.001498758 0.8465573 0.4669688 0.2555012 0.599624 0.6219688 -0.503593 0.04592573 0.1582072 -0.9863373 -0.7126993 0.4899234 -0.5020307 0.6002071 -0.02055376 -0.7995806 0.8749192 0.4830424 -0.03444463 0.8913301 0.2930775 0.3458851 -0.5559805 0.4730784 -0.6834344 -0.55589 0.473238 -0.6833975 -0.5559625 0.4731006 -0.6834337 -0.5317727 0.4386956 -0.724406 0.9690533 -0.220806 0.1103655 -0.8477528 0.4664544 -0.2524591 -0.6200019 0.6484189 -0.4417586 0.884572 -0.463961 -0.0476737 0.9152894 -0.3839384 -0.1218059 -0.4733778 0.3992101 -0.7852036 -0.7642106 -0.554225 0.329874 0.54522 0.241694 -0.802695 -0.9816265 0.02629184 0.1889928 -0.9472926 0.1709262 0.2709633 -0.2845831 0.5693656 0.7712558 -0.4314207 0.474419 0.7673349 -0.07688242 -0.2962405 -0.952014 -0.09333938 -0.2746906 -0.9569917 0.5918267 0.6822828 0.4292218 -0.8719193 -0.3746779 0.3152353 -0.7445443 -0.6672047 -0.02217727 -0.9969142 -0.02513962 -0.07436543 -0.681275 -0.587252 0.4370349 -0.2804525 0.4404239 0.8528618 -0.3155921 0.4100854 0.8557053 -0.3848692 -0.1985914 -0.901353 -0.6886373 0.644784 -0.3317112 0.7609738 0.3309203 0.5580418 -0.6992029 0.1238429 0.7041153 -0.1516492 0.6506113 0.7441152 -0.5006037 0.2455229 0.8301292 -0.7512273 0.5055086 0.4244039 0.8974614 -0.356828 -0.2593008 -0.04013407 0.4409635 0.8966273 0.9059857 -0.2597263 -0.334264 -0.4956452 0.08323287 0.8645277 0.3319883 0.4980103 0.8011052 0.3323714 0.4985091 0.8006361 -0.1257268 -0.4346676 -0.8917717 0.3134551 0.5084981 0.8019825 0.7758805 -0.3295614 0.537958 0.5040832 0.4475214 0.7386643 0.153459 0.04633164 0.9870683 -0.8841707 0.3691812 0.2862648 -0.8518922 -0.3046671 -0.4259788 -0.09039348 0.5925198 -0.8004682 0.9071585 -0.1005762 -0.4085926 -0.6891679 -0.5584635 0.4616991 -0.8690882 0.4643287 -0.1705426 0.4625062 0.6192589 -0.6345128 -0.9700676 -0.1691651 0.174219 -0.7609408 -0.5995407 -0.2480328 0.3306127 0.5598086 -0.759809 0.9084884 0.1678987 -0.3826997 -0.8007631 0.418519 -0.4285092 -0.7958391 0.5176669 -0.314104 -0.4662661 -0.2899836 -0.8357664 -0.8053308 0.5345575 -0.2563019 0.8403382 -0.5238205 0.1394416 0.9252389 0.09624952 -0.3669729 -0.1333408 -0.5989629 -0.7895972 -0.1333618 -0.5990304 -0.7895426 -0.1333577 -0.5991088 -0.7894836 -0.2625274 -0.4782657 -0.8380581 0.8122954 0.4531291 0.3672197 0.8317679 -0.5508368 -0.0688557 0.9039657 -0.278169 -0.3247588 0.2510029 0.403386 -0.8799304 0.5383862 0.6418195 -0.5460844 0.9784455 0.2039339 -0.03248798 -0.04371726 0.3553006 0.9337293 -0.1726121 0.3540112 -0.9191741 0.7149386 0.05320167 -0.6971603 0.5333561 0.4860031 0.6923384 0.6175948 0.4259598 0.6611618 0.6436938 0.4041683 0.6498509 0.265209 0.2779586 -0.9232569 0.2664313 0.2764703 -0.9233519 0.4688737 -0.1818416 0.8643444 0.757199 0.4785949 0.4445183 0.7289388 0.3970428 -0.5576786 0.9970304 0.006884992 0.07670068 -0.4109981 0.353011 0.8405141 -0.3687462 0.5476929 0.7510385 -0.7634605 0.3586753 0.5371034 0.397341 0.755927 -0.5202832 -0.3782108 -0.7524377 0.5392536 -0.03877866 -0.3426076 0.9386779 0.08119457 0.4021007 0.9119882 -0.7281088 -0.6168334 0.2989553 0.4477393 -0.4443011 0.7759678 0.3515215 -0.2860119 0.8914201 -0.8121169 0.4878296 -0.3201384 -0.900401 0.3787273 -0.2141116 -0.576086 0.04168915 0.8163254 -0.01714944 0.5811575 0.8136105 -0.391351 -0.3503717 -0.8509314 -0.6711477 0.2387737 0.7018177 -0.772054 0.5052029 0.3856198 -0.6949822 -0.0867967 -0.713769 0.4517619 0.4106965 -0.7919846 -0.8819651 0.1992685 0.427118 -0.7231075 -0.1952548 0.662564 0.09380531 0.4857833 -0.8690312 -0.2605904 -0.02619397 -0.965094 0.02757066 0.9994833 -0.01652818 -0.04784226 0.9973948 -0.05399006 -0.07204574 0.9974007 -0.001237809 -0.07836222 0.9965714 -0.02654933 0.001458704 0.9955238 -0.09450036 -0.06225419 0.9974202 -0.03574162 0.02316915 0.9994803 -0.02241504 -0.01485794 0.9994323 -0.03024035 -0.06888067 0.9973921 0.02155387 -0.05768132 0.9969303 -0.05294209 -0.1058368 0.9943093 -0.01215606 -0.003464579 0.9995282 -0.03052133 0.02970343 0.9957674 -0.08697736 0.001955151 0.9998111 -0.01933807 0.01399195 0.9998198 0.0128321 0.005228698 0.999739 -0.02224165 0.00824052 0.9998266 0.01670068 -0.004124164 0.9998111 -0.0189988 0.006959497 0.9999081 -0.01163721 0.01729869 0.9998191 0.007910311 -0.03162169 0.9988512 0.03600358 -0.03595328 0.997356 -0.06315463 5.78154e-4 0.9998602 0.0167101 -0.01035171 0.9997995 -0.01714038 0.008984446 0.999866 -0.01369184 0.01395559 0.99762 -0.06752455 0.02092522 0.999775 0.003496706 0.02349215 0.9997181 -0.003432393 -0.03408402 0.9990242 -0.02809035 -0.1079186 0.9935948 0.03351241 0.002255856 0.9999029 0.01375842 -0.01310789 0.999822 -0.01357233 0.01375842 0.9998988 -0.003628909 -0.002649545 0.9997433 0.02250248 -0.0148701 0.9974693 -0.06952738 0.01655334 0.9998477 -0.005557119 0.03749042 0.9972437 -0.06402862 -0.007861733 0.9998199 0.01727914 0.02396875 0.9994335 0.02362459 -0.08441042 0.9964309 -7.50877e-4 -0.01196992 0.9999011 -0.007383286 0.01900446 0.9998108 -0.004152953 0.009841561 0.9999166 -0.008368372 -0.02724993 0.9967824 0.07538264 0.002845108 0.9968773 -0.07891523 -0.01286882 0.9998192 0.01400095 -0.02277553 0.9997354 0.003220856 0.02061295 0.999704 -0.0129283 0.1041901 0.9943193 -0.02176165 0.01993095 0.9997999 0.001735329 -0.01496106 0.9994129 -0.03082382 -0.05547529 0.997238 0.04938524 -0.007386684 0.9974621 0.07081544 -0.01735419 0.9998012 0.009824931 -0.003805994 0.9998443 -0.01723581 -0.01161849 0.9999222 -0.004535496 0.01070725 0.999906 0.008577704 0.006192922 0.9997972 -0.0191667 -0.02388834 0.999695 -0.00627762 0.02193236 0.9997575 0.001981794 -0.03534102 0.9974713 0.06166082 -0.01844811 0.9998263 0.002669036 0.01579844 0.9971948 0.07316482 0.05000776 0.9972714 -0.05430632 -0.01326507 0.9999064 0.003375828 0.01614737 0.9997951 0.01220965 -0.002621233 0.9999119 -0.01301681 0.07482814 0.9971661 -0.007789969 -0.006855547 0.9994286 0.03309708 -0.01743686 0.9998481 1.23766e-4 -0.005711257 0.9994755 0.03187537 -0.0544759 0.9956992 0.07493662 0.03830331 0.9969596 0.0678566 -0.008478999 0.9998729 0.01350259 0.00255078 0.9999093 0.01323378 -4.12699e-4 0.9998759 -0.01575213 0.06633549 0.9966681 -0.0474599 -0.02019584 0.999762 -0.008254706 -0.008021771 0.9998985 -0.01177644 -0.006972432 0.9999082 0.01162278 0.001112461 0.9998308 0.01836597 0.07289612 0.9972272 0.01497232 -0.00203824 0.9996834 0.02508157 0.002477824 0.9994783 0.03220206 -0.001428723 0.9998999 0.01408612 -0.01337635 0.9997491 -0.01797425 -0.03109109 0.9955161 0.08933776 0.05966484 0.9967572 0.05399364 0.06901991 0.997515 -0.01415109 0.01272577 0.9994953 0.02910828 0.06286156 0.9973556 0.0364741 0.07283848 0.9968169 0.03241622 -0.02187442 0.999483 0.0235638 -0.002831757 0.9960461 0.0887928 0.08149212 0.9966711 0.00242573 0.02317434 0.9994388 0.02418756 0.02518594 0.9962693 0.0825417 -0.07560163 0.007688164 0.9971085 -0.03616452 0.003752291 0.9993389 0.3965044 0.06961125 0.91539 0.838764 0.1519234 0.5228712 -0.1218997 -0.07331138 0.9898313 -0.09078991 -0.09155023 0.991653 -0.1527973 0.06976968 0.9857917 -0.1361081 -0.2508978 0.958397 -0.2458692 0.1502379 0.9575892 -0.2930209 -0.02754557 0.9557092 -0.4372333 0.0736469 0.8963276 0.05112814 0.2889916 0.9559653 -0.2175522 -0.02298295 0.9757782 -0.501189 0.07463043 0.8621137 -0.404931 -0.07852691 0.910969 -0.4121435 -0.07455313 0.9080637 -0.7007475 0.4458583 0.5569232 -0.5187657 -0.03218144 0.8543106 -0.5277338 0.04784554 0.8480613 -0.5391074 -0.02860093 0.8417513 -0.6064457 -0.02986061 0.7945641 -0.7375432 0.03370714 0.6744582 -0.5612633 -0.01661694 0.8274706 -0.6426909 0.1387822 0.7534507 -0.6802647 -0.07841378 0.7287601 -0.8132609 -0.006549656 0.5818626 -0.8690801 -0.01608026 0.49441 -0.9168633 0.01711434 0.3988343 -0.9787689 -0.01273328 0.2045713 -0.9961457 0.05642497 -0.0671584 -0.997842 0.06196683 0.0217179 -0.9929033 -0.001505553 -0.1189154 -0.909323 -0.01681959 -0.4157512 -0.8698393 0.01391506 -0.493139 -0.7369628 -0.006765604 -0.6758995 -0.6505474 0.03003293 -0.7588717 -0.4928845 0.02605462 -0.8697046 -0.388785 0.06914436 -0.9187303 -0.1996317 -0.01199346 -0.9797977 -0.2097374 0.1042084 0.9721887 -0.1387781 -0.06901091 0.9879161 -0.664552 0.002753198 0.747237 -0.6483276 0.01770937 0.7611556 -0.6480993 0.0187152 0.761326 -0.3876416 0.1091213 0.9153287 -0.004659831 0.9999852 0.00284028 0.03013259 0.9994859 -0.0109657 0.03383475 0.9992827 -0.01701635 -0.00769782 0.9999317 0.00880295 -0.009902119 0.9995886 0.0269221 0.007253408 0.9996575 -0.02514618 -0.001596629 0.9997591 0.02189248 -0.01721984 0.998098 0.05919373 0.008526384 0.9999538 0.004439949 0.009262323 0.9999534 0.002753078 0.006415665 0.9999795 -1.53197e-4 -0.01464164 0.9998924 -8.97183e-4 0.01283603 0.9998914 0.007246673 0.0125578 0.9998558 0.01143902 -0.03047478 0.9990957 -0.02964854 -0.004642367 0.9998472 -0.01685225 0.03128021 0.9981189 0.05272877 -0.02740353 0.9992284 0.02814072 5.68703e-4 0.9984335 0.05594921 0.01378464 0.9991311 0.03933209 0.01701307 0.99914 0.03781282 0.01265472 0.999264 0.0362122 0.01639795 0.9982551 -0.05672657 0.008076548 0.9999166 -0.01008862 -0.0410819 0.9991541 -0.001867055 -0.005054056 0.9982746 0.05849927 -0.008960366 0.9998765 -0.01291346 -0.02177166 0.9996035 0.01786035 -4.22549e-4 0.9999987 0.001591026 7.33468e-4 0.9999982 0.001786649 0.04990142 0.9987539 8.4628e-4 -0.02299386 0.9993966 0.02603816 0.01658815 0.9998625 6.24303e-5 0.1308113 0.9904862 -0.04272836 0.01934367 0.998716 -0.04682123 0.01309287 0.9989528 -0.04383939 0.01906865 0.9998064 -0.00486648 0.03970259 0.9981039 -0.04703599 -0.009444713 0.9997076 0.02226185 0.002325534 0.999872 -0.01582992 0.00623244 0.9999806 -1.173e-4 -0.04022163 0.9991706 -0.006364166 0.05527895 0.9979265 -0.03296953 0.007261991 0.9999712 0.002261638 -0.1121777 0.9877859 0.1081441 0.01677662 0.9998572 0.002071857 0.008402228 0.9999549 -0.004442095 0.03385514 0.999412 -0.005438387 0.0181865 0.9985054 -0.05154037 0.0847817 0.9960775 -0.02532893 0.02292394 0.9995995 -0.01659286 -0.0321021 0.9993214 0.01806324 0.001423001 0.9982266 0.05951172 0.03705799 0.9989694 0.02620625 0.08224159 0.9965348 0.0124408 0.05718135 0.9953704 0.0772531 0.09286892 0.9956602 0.006028234 0.05716705 0.9953791 0.07715308 0.03792595 0.9992118 0.01172596 0.03895688 0.9983384 -0.04246276 0.02081668 0.9984915 -0.0508089 0.01239454 0.9984957 -0.05341082 -9.00674e-4 0.9997784 0.02103281 7.34953e-4 0.9999862 -0.00519675 0.005910813 0.9999298 -0.0102753 0.00423634 0.9999504 -0.009028613 0.004592776 0.9999448 -0.009451687 3.36488e-4 0.9999797 -0.006381511 8.24534e-4 0.9999948 -0.003150165 -0.01980072 0.9991611 -0.03584772 -0.03084135 0.99917 -0.02661442 -0.02188497 0.9969962 -0.07429617 0.06473094 0.9978086 -0.01371395 -0.1661536 0.9774856 0.1300581 -0.04023051 0.9991637 0.007312595 -0.03441196 0.9992094 -0.0199154 -0.08404064 0.9912403 -0.1018826 -0.04853427 0.998793 -0.007560729 -0.1544308 0.9767853 0.1484644 0.005281627 0.9998421 0.01697063 -0.00225383 0.9999222 -0.01227897 -0.02897673 0.9992901 -0.02408212 -0.01285332 0.9999158 0.001842498 -9.79039e-4 0.9998559 -0.01695203 -0.001468718 0.9999626 -0.008519768 -0.01587671 0.9998724 -0.001829743 -0.04602402 0.9987207 0.02094852 0.01319223 0.9996317 0.02372014 -0.01614159 0.9998636 -0.00350362 -0.09144669 0.9952278 0.03404545 0.002401888 0.9999015 0.01383745 -0.0432735 0.9990379 0.007124722 -0.04964452 0.9985126 0.02253806 -0.01327252 0.9998494 -0.01118695 -0.01030355 0.980805 0.1947188 0.09315705 0.9936575 -0.06298106 -0.02212053 0.9867712 0.1606027 -0.009187757 0.9995481 -0.02862292 -0.006577312 0.9993104 -0.03654271 -0.04709821 0.9988765 0.005253791 -0.04162061 0.9990423 0.01349884 -0.04178553 0.9987911 0.0258913 0.01203691 0.9999275 3.13038e-4 -3.38772e-4 0.9999047 -0.01380211 -0.01643949 0.9998628 -0.00204879 -0.002802491 0.9999639 0.008029639 -0.01116752 0.9998791 0.01083284 -0.1093854 0.992897 -0.04680228 0.08888471 0.995881 0.01790481 -0.008767187 0.9989932 0.04399877 -0.002622544 0.9999575 -0.008850276 0.02728724 0.9996277 -4.3425e-4 -0.04907453 0.9976613 -0.04757851 0.0134449 0.9997396 0.01844382 0.001750528 0.9999637 -0.008349359 0.008723139 0.999962 -3.31772e-4 -0.097005 0.9945041 -0.03939116 -7.03127e-4 0.999981 0.006133496 -0.02073729 0.9997462 0.008813977 5.66671e-4 0.9998998 -0.01414954 0.01328456 0.9989817 -0.04311841 -0.007059752 0.999929 -0.0096125 0.01190525 0.9999102 -0.006159543 0.02695143 0.9848682 0.1711971 -0.002073764 0.999995 -0.002417027 -0.001214146 0.9999902 -0.004273235 0 1 0 -0.003344357 0.999993 -0.0017156 0 1 0 0 1 0 -0.001555562 0.9999936 -0.003240466 -0.001470267 0.9999909 -0.004010021 0 1 0 0 1 0 0 1 0 -0.007412433 0.9999717 -0.001311838 0 1 0 0 1 0 0 1 0 0 1 -2.64511e-7 0 1 0 0 1 0 0 1 0 0 1 0 0 1 0 0 1 0 0.001061856 0.9999994 -4.63976e-4 0.00179249 0.9999983 -3.13381e-4 6.9096e-4 0.9999983 -0.001715838 6.86213e-4 0.9999954 -0.002987682 -7.76539e-4 0.999999 0.001237213 -0.005519568 0.9999847 3.92748e-4 -0.002645075 0.9999963 6.8038e-4 -0.001554489 0.9999984 8.75016e-4 -0.001214683 0.9999989 8.91873e-4 0 1 0 9.55327e-4 0.9999991 -0.001085937 0 1 0 -8.04688e-4 0.999998 0.001814305 0 1 0 0 1 1.29699e-7 0 1 0 0.002116382 0.9999975 -7.1796e-4 0.003482282 0.9999938 -6.24392e-4 0 1 -1.61727e-7 0 1 1.8421e-7 0 1 -4.64854e-7 0 1 -1.10549e-6 0 1 0 0 1 0 0 1 0 0 1 -2.51635e-7 0 1 0 0.001993238 0.9999955 0.002269148 0.004638314 0.9999881 0.001559674 0.002923846 0.9999948 0.001422107 0.001456737 0.99998 0.006146371 0.001962602 0.9999942 0.002783954 -0.1438543 0.9895989 -3.36065e-4 3.62417e-4 0.9983913 0.05669987 -5.4743e-4 0.9999893 0.004600167 0.05954545 0.9982256 3.66165e-4 0.006693184 0.9999775 -4.91605e-4 -3.43165e-4 0.9993031 -0.03732967 -9.95686e-4 0.9999211 -0.01252901 -7.33864e-4 0.998691 -0.05114471 3.43405e-4 -0.9999999 -3.66826e-4 -3.63003e-4 -0.9999999 3.39596e-4 -0.2087533 0.04069817 0.9771212 -0.4780436 -0.0062325 0.8783141 -0.402926 0.04313153 0.9142158 -0.7350072 0.002273023 0.6780555 -0.6973907 0.03206014 0.7159737 -0.8912264 -1.1488e-4 0.4535589 -0.9487568 0.04572606 0.3126819 -0.9835129 -0.005895555 0.1807418 -0.9886758 0.03519201 -0.1458831 -0.9869007 0.02873885 -0.1587487 -0.8662862 0.04680645 -0.4973503 -0.9102686 0.01326495 -0.4138057 -0.6657525 0.01832395 -0.7459476 -0.6804311 0.009955406 -0.7327445 -0.3664368 0.002601087 -0.9304393 -0.4193044 0.02919602 -0.9073761 -0.1038387 0.02675575 -0.9942342 0.9847722 -0.07981628 -0.1544447 0.7013744 -0.4933567 -0.5144641 0.4193152 -0.2983331 -0.8574218 -0.04058456 -0.6603873 -0.7498277 -0.9350287 -0.06395858 -0.3487561 -0.5525935 -0.5315816 0.6419202 -0.7893812 -0.2757057 0.5485104 0.01211589 -0.1391711 0.9901943 0.2822025 -0.1551644 0.9467238 0.4203119 -0.3648076 0.830815 0.8869273 -0.3521332 0.2989354 0.9826603 -0.09657418 0.1582789 0.108763 -0.2843183 -0.9525407 0.1605821 -0.4708246 -0.8674892 -0.6924304 -0.004187941 -0.7214726 -0.690298 -0.01850879 -0.7232884 -0.8003662 -0.5791555 -0.1548965 -0.4568632 -0.4934504 0.7401235 0.05814588 -0.07336127 0.9956091 0.5005518 -0.1331182 0.8554107 0.5019203 -0.1353898 0.8542515 0.8432768 -0.53724 -0.01604926 0.9235512 -0.3795264 0.05489271 0.8753389 -0.1049562 -0.4719811 0.4182995 -0.5687539 -0.7081981 -0.2070589 0.005287766 -0.9783143 -0.572763 -0.515374 -0.6374421 -0.9778415 -0.1702485 -0.121826 -0.8347035 -0.5001282 0.2305257 -0.5206294 -0.1354069 0.8429769 -0.08353483 -0.310483 0.9469015 0.3035604 -0.08102744 0.9493607 0.8409749 -0.467274 0.2727935 0.8174937 -0.2566193 0.515607 -0.2128848 -0.5462507 -0.8101175 -0.01468139 -0.3427647 -0.9393066 -0.8565506 -0.1103433 -0.5041284 -0.9053078 -0.4188688 -0.0704751 -0.799036 -0.07039743 0.5971481 -0.2873414 -0.4243182 0.8587137 0.1505249 -0.1249896 0.9806733 0.6690919 -0.4286396 0.6071113 0.9599162 -0.1427212 0.2412298 0.816024 -0.4904968 -0.3058072 0.6884747 -0.207677 -0.6948906 -0.4281112 -0.5080518 -0.7473983 -0.8494828 -0.07334351 -0.5224938 -0.9810084 -0.1855004 0.05667597 -0.8476824 -0.4414702 0.2941745 -0.4933859 -0.2364185 0.8370643 -0.0993005 -0.4350614 0.8949084 0.400627 -0.1064147 0.9100406 0.8244822 -0.220719 0.5210683 0.6913903 -0.7125931 0.1191238 0.8075225 -0.179182 -0.5619621 0.6573392 -0.2072715 -0.7245301 -0.002682745 0.9992812 0.03781348 -0.02686679 0.9991295 -0.03191268 0.02384448 0.999614 -0.01426225 -0.00495845 0.9988961 -0.0467137 -0.02013826 0.9997528 0.009435415 -0.04477447 0.9989913 0.003436565 0.03010094 0.9995185 -0.007539749 0.01536691 0.9996954 0.01931577 -0.00249648 0.9998279 0.01839047 -0.02415961 0.9748441 0.2215749 -0.005750358 0.9999814 -0.002074718 -0.004707574 0.9999218 -0.01158607 -0.01292431 0.9999121 0.002977192 0.003633856 0.9998556 -0.01659935 0.005075156 0.9998084 0.01891154 -0.009266018 0.9999569 6.437e-4 0.02193146 0.9995557 -0.02018797 -5.95335e-5 0.9999935 -0.003636717 -0.008961498 0.9999479 -0.004886925 0.02519565 0.9995069 -0.01874226 0.007666826 0.9999393 0.007919132 -0.01535189 0.9998804 0.001854896 0.01017928 0.9999278 0.006393432 -0.01898908 0.9997183 0.01424807 -0.01040828 0.9998168 -0.01606333 -0.01619488 0.9998603 -0.004146277 -0.00929892 0.9999278 0.007613718 0.01232576 0.9997156 0.02041929 -0.02380734 0.9996426 -0.01216566 5.80497e-4 0.9999832 -0.005768418 -0.02966797 0.9995595 -8.3977e-4 -0.0177319 0.9998368 -0.003458559 0.01280856 0.9998275 -0.0134592 0.07210588 0.9956977 0.05819666 0.006739974 0.9999688 -0.004132926 -0.001140296 0.9999899 0.004352807 0.02690148 0.9994447 -0.01966196 0.003548979 0.9997892 0.02022683 -0.009008288 0.9592043 -0.2825704 0.004912734 0.9999504 -0.008675813 0.003238499 0.9999685 -0.007240772 0.007774949 0.9999613 0.004108071 0.0032292 0.9998973 0.01396977 0.02558839 0.9994628 -0.02048349 0.002915203 0.9999958 -1.01556e-4 0.005332291 0.9999852 -0.001192331 -0.01466715 0.999886 0.003586769 -0.006205499 0.9996848 -0.0243262 -0.008480548 0.9996823 -0.02373719 0.003273427 0.9999945 6.89335e-4 0.006142914 0.9999811 2.97599e-4 0.00600624 0.9998025 -0.01894986 -0.002129733 0.9997648 0.02158814 0.005900204 0.9999766 0.003461182 0.002730429 0.9999217 0.01222014 4.20505e-5 0.9998544 0.01707088 0.002113223 0.9999243 0.01212638 0.00910598 0.9997693 -0.01945638 0.001025795 0.9998891 -0.01486122 -0.02672088 0.9995678 0.0122689 -0.0212717 0.9997701 0.002713501 -0.005118846 0.9999824 -0.003019392 0.01456195 0.999894 1.33626e-4 0.01052969 0.99989 -0.0104494 -0.01927715 0.9997973 0.005819678 -0.02407336 0.9994245 -0.02390033 0.004461467 0.9999756 0.005378186 0.005175411 0.9998109 0.01874858 -0.008804798 0.999162 0.03997397 -0.041736 0.9970751 -0.06402671 0.03536802 0.9990969 -0.02354961 0.008902192 0.9973022 0.07286465 0.009308457 0.9997736 -0.01913636 0.03872311 0.9991843 0.01146411 0.01485145 0.9993987 -0.03133219 0.01516962 0.9995678 0.02518087 -0.00133562 0.9998267 -0.01856571 -0.003629684 0.9998009 -0.01962244 0.036695 0.9993245 -0.002036452 -0.00583142 0.9999718 0.004742383 -0.02410948 0.9997091 -7.62769e-4 -0.01503652 0.9989669 0.04288303 0.01374006 0.9999011 -0.003009378 0.01301801 0.9998922 -0.006796538 -0.01127463 0.9999251 0.004753649 0.03253245 0.9983382 -0.04756593 0.01013684 0.9998602 -0.01330101 0.002580583 0.9998474 -0.01727801 -0.02701139 0.9993145 0.02531707 0.07395321 0.9968352 0.02916687 -0.08533805 0.9934068 -0.07655411 0.004048228 0.9998357 -0.01766848 0.008218407 0.9999349 0.007934153 0.02408289 0.9996998 0.004502654 -0.01715558 0.999849 -0.002772331 -0.01764225 0.9998438 -0.001173853 -0.01802343 0.9996862 -0.01739823 -0.01564961 0.9998776 -3.25754e-5 0.02582889 0.9994814 -0.01923161 -0.01920223 0.9997565 0.01087582 -0.01076817 0.9996724 0.02322471 0.01801943 0.9998235 0.005318939 -0.02113854 0.9992311 0.03302401 -0.003470659 0.9999101 0.01295435 0.03829413 0.9991785 0.01327008 -0.01965695 0.9994513 0.02666085 -0.03697383 0.9937117 -0.1056888 -0.02207559 0.9995473 -0.02044582 0.04382312 0.9988956 -0.01694804 0.05122047 0.9984499 -0.0217781 -0.09861648 0.983959 -0.1486589 -0.07323276 0.9770234 -0.2001554 0.0527659 0.9961972 -0.06933271 -0.01661807 0.9993051 -0.03336507 0.01431053 0.9996635 -0.02163738 0.02919304 0.9976142 -0.06255948 -0.01752138 0.998172 0.05784237 -7.02345e-5 0.9981994 0.0599845 -0.4920806 -0.7146671 -0.4970992 -0.06176978 -0.3139168 -0.9474391 -0.7667164 -0.4118112 -0.4925013 -0.5133456 -0.1077074 -0.8513963 -0.7723419 -0.3603108 -0.5231294 -0.8106384 -0.5722777 0.1239499 -0.5933575 -0.758417 0.2696863 -0.9218607 -0.06480735 0.3820641 -0.5032624 -0.3603171 0.785429 -0.6960849 -0.07537114 0.7139924 0.1067243 -0.7534005 0.6488435 -0.0825749 -0.423047 0.9023374 0.1120077 -0.2041106 0.972519 0.6004601 -0.4909581 0.6311955 0.5126004 -0.2375216 0.8251209 0.8188638 -0.5080968 0.2670204 0.8794654 -0.4402268 0.1809448 0.7081199 -0.6088349 -0.357612 0.6263912 -0.4388379 -0.644248 0.2484228 -0.3330931 -0.9095796 0.1246659 -0.5944174 -0.7944347 -0.2083627 -0.8355818 0.5083191 -0.5161766 0.8467465 0.1287717 0.003976047 0.9997669 -0.02122402 -0.002035856 0.9997553 0.02202773 0.01212525 0.9996578 0.02318245 0.003166556 0.9997596 -0.0216977 0.007116138 0.9994522 0.03232288 0.01616525 0.9994187 0.03001487 0.002755284 0.9991467 -0.04121249 0.01817214 0.9997249 0.01483327 0.03099936 0.9994948 0.007020235 -0.007827937 0.9996564 -0.02501791 0.02025884 0.999751 0.009360194 0.02879905 0.9995852 -3.0821e-4 -0.01600724 0.9997145 -0.01774144 0.02299779 0.9997147 0.006459236 0.02510488 0.9996839 0.001411557 -0.02269506 0.9996074 -0.016438 0.0226255 0.99973 -0.005295038 0.02317661 0.9996587 -0.01206135 -0.02614861 0.9996207 -0.008659243 0.01988303 0.99973 -0.01202678 0.01889985 0.9996906 -0.01617085 -0.02432245 0.9997029 0.001604199 0.02537745 0.9995039 -0.01866024 0.01616823 0.9993177 -0.03320974 -0.03668582 0.9992726 0.01041215 0.01073861 0.9997254 -0.0208314 8.84202e-4 0.9995706 -0.0292924 -0.02264612 0.9996073 0.01650434 0.006878435 0.9994933 -0.03107935 -2.59965e-4 0.9994247 -0.033917 -0.02625459 0.9991685 0.03119271 -0.005982577 0.9997249 -0.02268159 -0.01443171 0.9996228 -0.02336883 0.01751261 0.9998444 0.002140939 0.002561509 0.9993913 -0.03479301 -0.02352041 0.9993274 -0.02813613 -0.002755284 0.9991467 0.04121249 -0.02071094 0.9994955 -0.02408087 -0.02957165 0.999392 -0.01847267 0.009803235 0.9991685 0.03957498 -0.02186655 0.9997249 -0.0084908 -0.0273739 0.9996231 -0.002078533 0.01609355 0.9997676 0.01435369 -0.02261632 0.9996975 -0.009665012 -0.02628266 0.9996542 -8.85377e-4 0.0217486 0.9996765 0.01318925 -0.02328056 0.9997268 0.002115368 -0.02415794 0.9996251 0.01289099 0.02614861 0.9996207 0.008659243 -0.02918744 0.9994933 0.01270455 -0.0267198 0.9993929 0.02236235 0.03810793 0.9992727 0.001433908 -0.02525335 0.9995033 0.01885735 -0.01849466 0.9993927 0.02953547 0.03668582 0.9992726 -0.01041215 -0.01881378 0.999481 0.02614784 -0.008936226 0.9993702 0.03434014 0.01054793 0.9997565 -0.01938444 -0.01282268 0.9995055 0.02871549 0.004377007 0.9993582 0.03555297 -0.5946196 -0.01344776 0.8038948 -0.8989389 0.04888927 0.4353376 -0.7706402 -0.03447717 -0.6363372 0.8364028 0.5480786 0.006359219 -0.8183125 -0.2755326 0.5044268 0.638518 -0.6026716 0.4786249 -0.6818623 -0.4014837 0.6114529 0.2737311 -0.3565005 0.8932965 -0.7014787 0.5425465 0.4621374 0.2644745 0.5560534 0.7879454 -0.6906606 0.03719413 0.722222 -0.997034 -0.02982413 0.07094877 -0.6971611 0.03610926 -0.7160046 4.89757e-5 1 2.31022e-6 -0.5307762 -0.05547112 0.8456947 -0.9034245 0.0549423 -0.4252126 -0.3950486 -0.0381546 -0.9178676 -6.52006e-6 1 -4.09764e-5 -0.4630724 0.02256774 0.8860331 -0.9302909 0.007906138 -0.3667374 -0.7718212 -0.03302168 -0.6349817 1.2254e-5 1 2.44129e-5 -0.2045393 0.005409777 0.9788434 -0.8545074 0.003834486 -0.5194251 -0.7594983 -0.02382975 -0.6500727 -4.29342e-5 1 -1.18755e-5 -0.2468534 -0.03453654 0.9684372 -0.8214643 0.04868119 0.5681784 -0.7864401 -0.04807895 -0.6157925 -0.591751 -0.007240116 -0.8060884 2.58372e-5 1 2.27048e-5 -0.6492245 -0.04176676 0.7594493 -0.8178854 0.001285612 0.5753797 -0.8138694 0.03637105 -0.5799086 4.44006e-5 1 1.94448e-5 -0.2053468 0.04599553 0.9776079 -0.7339584 -0.03422361 0.6783316 -0.795596 0.03245592 -0.6049576 -0.2778149 -0.04915618 -0.9593762 -3.40992e-5 1 2.58498e-6 -0.422693 -0.05380707 0.9046742 -0.9588744 0.07302808 0.2742749 -0.6731456 -0.03133988 -0.7388457 -0.4896351 0.04264456 0.870884 -0.9991449 -0.01992279 0.03623116 -0.8702437 0.04631698 -0.4904393 6.96865e-6 1 -2.80116e-5 -0.6533461 -0.03826862 0.7560915 -0.528572 -0.005255699 0.8488723 -0.4709213 0.004161596 -0.8821654 -0.4618194 0.002615809 -0.8869702 -3.55069e-5 1 2.21588e-5 -0.07344776 0.02683848 0.9969379 -0.3379223 -0.01508069 0.9410533 -0.9135868 0.01207351 -0.4064647 -0.7463442 -0.03227204 -0.6647773 -2.2838e-5 1 2.60329e-5 -0.3459175 -0.02525013 0.9379252 -0.3496214 -0.02594888 0.9365317 -0.8999826 0.04582673 -0.4335104 -0.4425904 -0.03683739 -0.895967 5.72633e-5 1 -1.87713e-5 -0.1233193 -0.03108859 0.99188 -0.1996208 -0.01839715 0.9797005 -0.9681887 0.04761052 -0.2456504 -0.645096 -0.04970073 -0.7624834 -2.48799e-5 1 -2.39517e-5 0.01434999 -0.02249026 0.9996441 -0.5162603 0.02407705 0.8560933 -0.9973576 -0.01922106 0.07006078 -0.9526944 0.02124339 -0.3031866 2.5525e-5 1 -1.36538e-5 -0.4972114 0.02510786 0.8672661 -0.7825748 -0.01879936 0.6222728 -0.9296203 0.03472244 -0.3668794 -0.3439046 -0.04413211 -0.937967 -2.06192e-6 1 -4.34566e-5 -0.7136929 -0.03045976 0.6997962 -0.6449958 -0.01225948 0.7640879 -0.4290719 0.0135973 -0.903168 -0.2732855 -0.01315385 -0.9618431 -5.01776e-5 1 -1.43733e-5 -0.8661595 -0.05784547 0.4964089 -0.9801166 0.04877555 -0.1923339 0.1535998 0.01781511 0.9879726 -0.9216138 0.01565587 0.3877922 -0.9714806 -0.007101595 0.2370133 -0.3414041 0.001219809 -0.9399158 -0.3296945 0.003124475 -0.9440826 -2.43862e-5 1 -2.33127e-5 -0.6639459 -0.7111184 0.2312716 -0.7987906 0.5470951 0.2502413 -0.5985898 -0.3892305 0.7001357 0.4468597 -0.4806406 0.7545204 -0.0890966 -0.2902601 0.9527912 0.7867649 0.5380932 0.3024182 -0.02161145 0.5837532 0.8116435 0.8709143 -0.2369098 0.4305603 0.8709787 -0.236818 0.4304804 0.87097 -0.2368338 0.4304896 0.004482388 -0.3765913 0.9263687 0.19348 -0.2715526 0.9427751 0.9495093 -0.3095568 -0.05105656 0.9669789 -0.2128908 -0.1401051 0.8531181 0.5158635 -0.07793921 0.1947329 0.56268 0.8034118 0.3204732 -0.4645166 0.8255431 0.455851 -0.6217254 0.6369125 0.8742539 -0.4480477 -0.1869048 0.6224487 -0.567102 -0.5394006 -0.1166874 -0.4207597 0.8996363 -0.04722338 0.5844628 0.8100453 0.8240333 0.5556749 -0.1104291 0.5556734 0.578239 0.5973833 0.4739614 0.5378345 -0.6972049 0.8706666 -0.482881 -0.09362518 0.8904372 -0.2774493 0.3607542 0.0539546 -0.4708003 0.8805885 0.5924801 -0.1230969 -0.7961247 0.7619296 0.5439607 0.3515252 -0.1416636 0.5707142 -0.8088367 0.5669912 -0.8210995 0.06570142 0.793105 -0.5524422 -0.2565003 0.5784968 -0.3794978 -0.7220269 0.9064879 0.2658833 0.3280031 0.2714062 -0.3878152 0.8808735 0.5141265 0.5850389 -0.6272189 0.8133219 0.5188126 0.2633273 0.4364579 0.5261439 0.7298474 0.8143528 -0.5780918 -0.05137562 0.8708042 -0.4381428 -0.2230044 0.6208937 -0.4177483 0.663308 0.320127 -0.03312987 -0.9467952 0.3027573 0.5688665 -0.7646759 0.8112127 0.5842139 -0.02506232 0.9692184 -0.1666606 -0.1812183 0.7518025 -0.4411112 -0.4901164 0.1007155 -0.2432254 -0.9647268 -0.4284976 -0.4632024 -0.7757793 0.04547339 0.5640065 -0.8245174 0.8250483 0.5481207 -0.1373291 0.2995192 -0.5205599 -0.799566 -0.1892011 -0.2593085 -0.9470809 0.8104048 0.5260981 -0.257808 -0.1517294 0.5469538 -0.8232982 0.9582768 -0.02098286 -0.2850707 0.9539634 -0.2706452 0.1292481 -0.891344 -0.4034588 -0.206705 0.8299465 0.5418183 0.1327463 0.01972812 -0.9536834 -0.3001648 0.4892416 -0.4583061 -0.7420231 0.3094909 -0.1875806 -0.9322172 -0.8068802 -0.08786982 -0.5841432 -0.6649178 0.5627452 -0.4911234 0.2822757 0.5459605 -0.7888268 -0.1580373 -0.4284295 -0.8896473 -0.1907171 -0.4021404 -0.8954944 0.8256838 -0.1286457 -0.5492692 0.6790975 0.5407118 -0.4964449 -0.7893514 0.5389267 -0.2940788 -0.04438704 0.5885411 -0.807248 -0.9251276 -0.04563111 -0.3769041 -0.8275796 -0.3705405 0.4216776 0.4483698 -0.6912276 -0.5667178 0.186921 -0.456701 -0.8697613 -0.3659359 -0.338674 -0.8668281 -0.8708303 -0.3483982 -0.3468044 -0.880797 -0.467029 -0.07797849 0.3887932 0.5615081 -0.7304441 -0.754853 0.5836505 -0.2992479 -0.3383979 0.6050766 -0.7206729 0.6009816 0.5275813 -0.6003993 -0.2826584 -0.6674983 -0.6888761 -0.5340345 -0.4409764 -0.7213509 -0.9698953 -0.2175964 0.1093394 -0.8261085 0.5415551 0.1557657 -0.4500483 0.5804836 -0.678598 -0.4562938 -0.08509802 -0.8857507 -0.4220591 -0.7891221 0.4462652 -0.4108499 0.2482497 0.877254 -0.09481388 -0.7393792 -0.6665799 0.4200921 -0.2099003 -0.8828729 -0.7051965 -0.6150804 0.3526669 -0.7313347 -0.4042599 -0.5492936 -0.08199918 0.3435059 -0.935564 -0.9236084 0.3339391 -0.1882345 -0.7816669 -0.06845861 -0.6199278 -0.8394242 -0.08110421 0.5373913 -0.06357079 0.5444925 -0.8363533 -0.8011978 0.5760627 -0.1619695 -0.09312999 -0.2931367 -0.951524 -0.4435761 -0.441188 -0.7801239 -0.7868887 -0.4512852 0.4208893 -0.7062215 -0.3676385 0.6050563 -0.5381225 0.5609735 0.629073 -0.7899503 0.5744844 -0.2143512 -0.9352875 -0.247103 -0.2533326 -0.3014311 -0.2938105 -0.9070914 -0.02456945 -0.3549414 0.9345657 -0.3082811 0.5564497 -0.7715741 -0.7079548 -0.6198883 -0.3384354 -0.9413506 -0.310624 0.131802 -0.2474176 -0.268284 0.9310255 -0.3044694 0.5914384 0.7466586 -0.8349662 0.5442536 0.08136057 0.2340255 -0.8003113 0.5520272 -0.9020125 -0.4121825 0.1283706 -0.5059853 -0.3629524 0.7824605 -0.8253599 -0.3043856 0.475532 -0.7103211 0.5441859 -0.4464367 0.0222994 0.3475421 0.9373992 0.04041373 0.5342753 0.8443439 -0.8182428 -0.05775105 -0.5719646 -0.7225379 0.5954627 0.3512309 -0.7551036 -0.3942924 0.5237863 -0.695253 -0.3291133 0.6389897 -0.4279004 -0.3453755 0.8352347 0.667665 -0.1227558 0.7342715 0.2359974 0.3161046 0.9189033 -0.7790216 0.5462645 -0.307767 -0.9306411 -0.1301383 -0.3420106 0.5444774 -0.5825853 0.603439 0.1660459 0.5678585 0.8062044 -0.6057934 0.5866606 0.537442 -0.7947173 -0.4988223 0.3458337 -0.7947699 -0.3740966 0.4779043 0.6027346 -0.41966 0.6786727 -0.8076972 0.5083304 0.2987063 0.2458826 0.5424001 0.8033331 0.3065325 -0.1944785 0.9317811 -0.5088964 0.08785891 0.8563324 -0.4785258 -5.86995e-6 0.8780735 -0.6634644 0.09568351 0.7420645 -0.4383723 0.0254172 0.8984341 -0.05753028 -0.2210304 0.9735687 -0.2119368 0.04919171 0.9760446 0.8348883 0.06994003 0.5459579 0.8767298 -0.3085197 -0.3689994 -0.9434726 -0.17181 0.2834447 0.9602302 -0.08421778 0.2662054 -0.4447394 0.09330075 0.8907873 -0.0496062 -0.0318942 0.9982596 0.4155495 0.6109225 0.6738638 -0.9872667 0.04106342 -0.1536826 -0.08314228 -0.7293124 0.6791103 0.2094029 -0.08150178 0.9744269 0.2121238 -0.0817393 0.9738184 0.384604 -0.0252915 0.922735 0.3739814 -0.03547012 0.9267578 0.7207948 0.08443486 0.6879866 0.4193438 0.04705339 0.9066073</float_array>
          <technique_common>
            <accessor source="#Part__Feature_003-mesh-normals-array" count="1360" stride="3">
              <param name="X" type="float"/>
              <param name="Y" type="float"/>
              <param name="Z" type="float"/>
            </accessor>
          </technique_common>
        </source>
        <vertices id="Part__Feature_003-mesh-vertices">
          <input semantic="POSITION" source="#Part__Feature_003-mesh-positions"/>
        </vertices>
        <triangles material="Part__Feature_003-material" count="1376">
          <input semantic="VERTEX" source="#Part__Feature_003-mesh-vertices" offset="0"/>
          <input semantic="NORMAL" source="#Part__Feature_003-mesh-normals" offset="1"/>
          <p>680 0 3 0 1 0 3 1 5 1 1 1 3 2 6 2 5 2 3 3 2 3 6 3 2 4 679 4 6 4 4 5 1 5 5 5 3 6 680 6 2 6 5 7 679 7 4 7 6 8 679 8 5 8 7 9 11 9 334 9 7 10 674 10 10 10 7 11 12 11 11 11 7 12 10 12 12 12 10 13 674 13 8 13 9 14 11 14 12 14 12 15 676 15 9 15 8 16 676 16 10 16 10 17 676 17 12 17 18 18 17 18 15 18 17 19 20 19 14 19 18 20 15 20 19 20 17 21 18 21 20 21 20 22 16 22 14 22 671 23 17 23 14 23 19 24 16 24 18 24 18 25 16 25 20 25 21 26 24 26 26 26 21 27 26 27 27 27 24 28 23 28 26 28 25 29 21 29 27 29 27 30 28 30 25 30 23 31 28 31 26 31 26 32 28 32 27 32 667 33 35 33 31 33 31 34 34 34 666 34 30 35 32 35 29 35 667 36 32 36 35 36 32 37 30 37 34 37 32 38 33 38 35 38 34 39 33 39 32 39 667 40 29 40 32 40 31 41 33 41 34 41 35 42 33 42 31 42 662 43 38 43 665 43 39 44 42 44 36 44 36 45 38 45 37 45 36 46 42 46 38 46 39 47 41 47 42 47 665 48 38 48 42 48 41 49 665 49 42 49 659 50 45 50 44 50 47 51 45 51 659 51 43 52 48 52 49 52 48 53 45 53 49 53 48 54 44 54 45 54 43 55 660 55 48 55 49 56 46 56 43 56 45 57 46 57 49 57 656 58 52 58 54 58 50 59 51 59 52 59 51 60 56 60 52 60 51 61 55 61 56 61 53 62 55 62 51 62 53 63 54 63 55 63 56 64 54 64 52 64 55 65 54 65 56 65 57 66 58 66 653 66 652 67 60 67 57 67 57 68 61 68 58 68 60 69 61 69 57 69 60 70 62 70 61 70 62 71 60 71 652 71 58 72 61 72 59 72 59 73 61 73 62 73 67 74 651 74 69 74 63 75 65 75 67 75 63 76 67 76 66 76 67 77 65 77 64 77 66 78 67 78 69 78 68 79 63 79 66 79 68 80 66 80 648 80 69 81 648 81 66 81 70 82 74 82 71 82 70 83 73 83 74 83 645 84 76 84 73 84 73 85 76 85 74 85 645 86 72 86 76 86 74 87 75 87 71 87 76 88 72 88 75 88 75 89 646 89 71 89 72 90 646 90 75 90 74 91 76 91 75 91 78 92 79 92 80 92 78 93 81 93 84 93 84 94 79 94 78 94 82 95 83 95 85 95 84 96 81 96 82 96 79 97 83 97 80 97 82 98 85 98 84 98 85 99 83 99 79 99 84 100 85 100 79 100 86 101 87 101 88 101 641 102 90 102 93 102 87 103 86 103 91 103 88 104 87 104 92 104 91 105 94 105 87 105 86 106 89 106 91 106 91 107 90 107 94 107 87 108 94 108 92 108 91 109 89 109 93 109 93 110 90 110 91 110 94 111 642 111 92 111 90 112 642 112 94 112 96 113 100 113 97 113 99 114 102 114 98 114 95 115 101 115 100 115 102 116 101 116 95 116 96 117 95 117 100 117 95 118 98 118 102 118 99 119 638 119 102 119 101 120 638 120 100 120 102 121 638 121 101 121 636 122 107 122 106 122 105 123 107 123 636 123 106 124 108 124 103 124 104 125 103 125 108 125 106 126 107 126 108 126 108 127 105 127 104 127 107 128 105 128 108 128 109 129 113 129 110 129 110 130 113 130 635 130 109 131 114 131 113 131 111 132 114 132 109 132 112 133 114 133 111 133 112 134 635 134 114 134 114 135 635 135 113 135 116 136 120 136 311 136 119 137 117 137 116 137 118 138 117 138 119 138 120 139 117 139 115 139 116 140 117 140 120 140 117 141 122 141 115 141 122 142 118 142 121 142 117 143 118 143 122 143 121 144 115 144 122 144 125 145 124 145 127 145 126 146 127 146 124 146 127 147 630 147 125 147 629 148 128 148 129 148 126 149 128 149 127 149 129 150 128 150 126 150 128 151 630 151 127 151 130 152 131 152 132 152 133 153 135 153 130 153 130 154 135 154 131 154 134 155 135 155 133 155 134 156 616 156 135 156 135 157 616 157 131 157 550 158 336 158 136 158 137 159 550 159 136 159 555 160 137 160 136 160 138 161 547 161 337 161 138 162 337 162 139 162 140 163 138 163 139 163 140 164 139 164 141 164 142 165 338 165 143 165 144 166 142 166 143 166 144 167 143 167 145 167 552 168 626 168 146 168 552 169 146 169 147 169 553 170 552 170 147 170 556 171 339 171 148 171 149 172 556 172 148 172 150 173 149 173 148 173 150 174 148 174 151 174 152 175 625 175 153 175 154 176 152 176 153 176 154 177 153 177 155 177 156 178 328 178 157 178 158 179 156 179 157 179 158 180 157 180 159 180 565 181 325 181 160 181 565 182 160 182 161 182 162 183 565 183 161 183 163 184 324 184 164 184 165 185 163 185 164 185 165 186 164 186 323 186 167 187 166 187 622 187 167 188 622 188 168 188 167 189 168 189 169 189 265 190 167 190 169 190 569 191 321 191 170 191 171 192 569 192 170 192 171 193 170 193 320 193 571 194 319 194 172 194 571 195 172 195 173 195 174 196 571 196 173 196 175 197 268 197 318 197 175 198 318 198 176 198 177 199 175 199 176 199 177 200 176 200 178 200 567 201 620 201 179 201 180 202 567 202 179 202 180 203 179 203 181 203 182 204 314 204 183 204 184 205 182 205 183 205 184 206 183 206 185 206 566 207 184 207 185 207 562 208 312 208 186 208 187 209 562 209 186 209 187 210 186 210 188 210 564 211 187 211 188 211 560 212 618 212 189 212 190 213 560 213 189 213 190 214 189 214 191 214 190 215 191 215 341 215 192 216 558 216 310 216 192 217 310 217 193 217 192 218 193 218 194 218 563 219 192 219 194 219 554 220 343 220 195 220 196 221 554 221 195 221 196 222 195 222 197 222 198 223 196 223 197 223 212 224 602 224 608 224 201 225 200 225 613 225 201 226 613 226 615 226 211 227 200 227 201 227 606 228 201 228 615 228 204 229 211 229 201 229 204 230 210 230 211 230 204 231 201 231 606 231 203 232 606 232 202 232 203 233 204 233 606 233 206 234 202 234 607 234 206 235 203 235 202 235 206 236 607 236 205 236 207 237 203 237 206 237 207 238 210 238 204 238 207 239 204 239 203 239 209 240 205 240 611 240 205 241 207 241 206 241 209 242 611 242 208 242 207 243 205 243 209 243 200 244 208 244 612 244 200 245 612 245 613 245 209 246 208 246 200 246 210 247 207 247 209 247 211 248 209 248 200 248 211 249 210 249 209 249 217 250 216 250 592 250 218 251 217 251 272 251 219 252 216 252 217 252 219 253 217 253 218 253 225 254 216 254 219 254 221 255 219 255 218 255 221 256 218 256 220 256 225 257 219 257 221 257 223 258 221 258 220 258 223 259 220 259 222 259 225 260 221 260 223 260 225 261 222 261 224 261 223 262 222 262 225 262 591 263 225 263 224 263 216 264 591 264 592 264 216 265 225 265 591 265 228 266 226 266 590 266 228 267 590 267 227 267 228 268 227 268 587 268 230 269 226 269 228 269 228 270 587 270 229 270 231 271 228 271 229 271 231 272 230 272 228 272 231 273 229 273 588 273 232 274 588 274 589 274 232 275 231 275 588 275 230 276 231 276 232 276 226 277 589 277 590 277 226 278 232 278 589 278 230 279 232 279 226 279 234 280 585 280 233 280 235 281 234 281 233 281 235 282 233 282 581 282 236 283 581 283 582 283 237 284 234 284 235 284 236 285 235 285 581 285 583 286 236 286 582 286 237 287 235 287 236 287 237 288 236 288 583 288 584 289 237 289 583 289 237 290 584 290 585 290 237 291 585 291 234 291 238 292 245 292 578 292 239 293 238 293 578 293 241 294 246 294 238 294 241 295 238 295 239 295 240 296 241 296 239 296 242 297 246 297 241 297 243 298 579 298 541 298 243 299 240 299 579 299 242 300 241 300 240 300 243 301 541 301 580 301 242 302 240 302 243 302 243 303 580 303 244 303 242 304 243 304 244 304 246 305 244 305 245 305 246 306 242 306 244 306 246 307 245 307 238 307 248 308 247 308 572 308 252 309 247 309 248 309 253 310 252 310 248 310 249 311 572 311 509 311 249 312 248 312 572 312 250 313 253 313 248 313 574 314 249 314 573 314 250 315 248 315 249 315 251 316 249 316 574 316 251 317 574 317 575 317 251 318 250 318 249 318 576 319 251 319 575 319 253 320 576 320 577 320 253 321 577 321 252 321 253 322 251 322 576 322 250 323 251 323 253 323 553 324 254 324 255 324 256 325 553 325 255 325 256 326 255 326 257 326 258 327 256 327 257 327 259 328 258 328 257 328 259 329 257 329 260 329 261 330 259 330 260 330 261 331 260 331 262 331 261 332 262 332 263 332 166 333 261 333 263 333 166 334 263 334 264 334 265 335 166 335 264 335 265 336 264 336 266 336 267 337 265 337 266 337 268 338 267 338 266 338 268 339 266 339 269 339 567 340 268 340 269 340 567 341 269 341 270 341 567 342 270 342 271 342 182 343 567 343 271 343 274 344 369 344 442 344 274 345 442 345 275 345 276 346 274 346 275 346 276 347 275 347 277 347 276 348 277 348 278 348 279 349 276 349 278 349 280 350 278 350 281 350 280 351 279 351 278 351 282 352 281 352 283 352 282 353 280 353 281 353 282 354 283 354 284 354 285 355 282 355 284 355 286 356 284 356 287 356 286 357 285 357 284 357 286 358 287 358 288 358 289 359 288 359 291 359 286 360 288 360 289 360 290 361 286 361 289 361 293 362 288 362 294 362 290 363 292 363 295 363 290 364 295 364 297 364 298 365 290 365 297 365 299 366 296 366 294 366 299 367 294 367 300 367 298 368 297 368 301 368 301 369 299 369 300 369 302 370 301 370 300 370 304 371 298 371 301 371 304 372 301 372 303 372 303 373 305 373 688 373 306 374 305 374 300 374 306 375 300 375 307 375 308 376 306 376 307 376 304 377 308 377 307 377 303 378 688 378 308 378 303 379 308 379 304 379 305 380 302 380 300 380 297 381 293 381 296 381 296 382 293 382 294 382 293 383 292 383 291 383 293 384 291 384 288 384 291 385 292 385 289 385 289 386 292 386 290 386 197 387 195 387 130 387 197 388 130 388 309 388 310 389 124 389 123 389 194 390 310 390 123 390 189 391 120 391 115 391 191 392 115 392 311 392 191 393 189 393 115 393 186 394 109 394 313 394 186 395 312 395 109 395 314 396 106 396 103 396 183 397 314 397 103 397 183 398 103 398 315 398 185 399 183 399 315 399 316 400 95 401 96 402 620 403 316 403 96 403 620 404 96 404 98 404 318 405 86 405 88 405 318 406 317 406 86 406 318 407 88 407 89 407 178 408 318 408 89 408 319 409 78 409 77 409 319 410 173 410 78 410 172 411 319 411 77 411 320 412 73 412 70 412 321 413 320 413 70 413 169 414 65 414 63 414 322 415 169 415 63 415 322 416 63 416 64 416 168 417 322 417 64 417 323 418 164 418 57 418 323 419 57 419 653 419 324 420 323 420 653 420 325 421 50 421 326 421 325 422 161 422 50 422 159 423 48 423 660 423 327 424 159 424 660 424 327 425 660 425 44 425 328 426 327 426 44 426 155 427 153 427 36 427 155 428 36 428 329 428 330 429 155 429 329 429 331 430 151 430 29 430 331 431 29 431 332 431 626 432 24 432 21 432 147 433 21 433 22 433 147 434 626 434 21 434 333 435 147 435 22 435 143 436 17 436 13 436 145 437 143 437 13 437 139 438 674 438 7 438 141 439 139 439 7 439 141 440 7 440 334 440 136 441 1 441 0 441 335 442 136 442 0 442 335 443 0 443 680 443 336 444 335 444 680 444 336 445 680 445 1 445 136 446 336 446 1 446 337 447 334 447 674 447 337 448 141 448 334 448 139 449 337 449 674 449 145 450 13 450 15 450 338 451 145 451 15 451 338 452 15 452 17 452 143 453 338 453 17 453 333 454 22 454 24 454 626 455 333 455 24 455 331 456 332 456 30 456 339 457 331 457 30 457 339 458 30 458 29 458 151 459 339 459 29 459 330 460 329 461 39 462 153 463 330 463 39 463 153 464 39 464 36 464 328 465 44 465 48 465 159 466 328 466 48 466 160 467 325 467 326 467 160 468 326 468 51 468 161 469 160 469 51 469 161 470 51 470 50 470 324 471 653 471 652 471 164 472 324 472 652 472 164 473 652 473 57 473 169 474 168 474 64 474 169 475 64 475 65 475 321 476 70 476 645 476 170 477 321 477 645 477 170 478 645 478 73 478 320 479 170 479 73 479 172 480 77 480 81 480 173 481 172 481 81 481 173 482 81 482 78 482 178 483 89 483 86 483 317 484 178 484 86 484 179 485 620 485 98 485 179 486 98 486 95 486 316 487 179 487 95 487 185 488 315 488 106 488 314 489 185 489 106 489 340 490 186 490 313 490 340 491 313 491 111 491 312 492 340 492 111 492 312 493 111 493 109 493 191 494 311 494 120 494 341 495 191 495 120 495 189 496 341 496 120 496 342 497 194 497 123 497 342 498 123 498 126 498 310 499 342 499 126 499 310 500 126 500 124 500 343 501 197 501 309 501 343 502 309 502 133 502 195 503 343 503 133 503 195 504 133 504 130 504 350 505 346 505 345 505 350 506 345 506 344 506 348 507 350 507 344 507 349 508 345 508 346 508 353 509 345 509 349 509 352 510 344 510 347 510 352 511 348 511 344 511 353 512 351 512 345 512 354 513 352 513 347 513 355 514 351 514 353 514 357 515 347 515 358 515 362 516 254 516 351 516 362 517 351 517 355 517 356 518 346 518 360 518 356 519 360 519 359 519 357 520 354 520 347 520 363 521 361 521 356 521 359 522 348 522 365 522 363 523 353 523 361 523 364 524 359 524 365 524 366 525 357 525 358 525 368 526 254 526 362 526 369 527 367 527 363 527 364 528 354 528 372 528 369 529 362 529 367 529 368 530 255 530 254 530 371 531 364 531 372 531 376 532 255 532 368 532 370 533 366 533 358 533 373 534 370 534 358 534 274 535 374 535 369 535 371 536 366 536 375 536 274 537 376 537 374 537 377 538 370 538 373 538 381 539 255 539 376 539 378 540 371 540 375 540 381 541 257 541 255 541 276 542 379 542 274 542 380 543 257 543 381 543 382 544 377 544 373 544 383 545 378 545 377 545 276 546 380 546 379 546 386 547 378 547 383 547 385 548 382 548 373 548 389 549 257 549 380 549 279 550 384 550 276 550 393 551 386 551 385 551 393 552 392 552 386 552 388 553 257 553 389 553 388 554 384 554 279 554 387 555 385 555 373 555 390 556 387 556 373 556 394 557 387 557 390 557 280 558 391 558 279 558 260 559 257 559 388 559 399 560 392 560 394 560 395 561 391 561 280 561 399 562 400 562 392 562 390 563 396 563 394 563 262 564 260 564 395 564 398 565 396 565 390 565 282 566 397 566 280 566 401 567 396 567 398 567 262 568 395 568 402 568 405 569 400 569 401 569 404 570 397 570 282 570 405 571 304 571 400 571 263 572 262 572 402 572 263 573 402 573 404 573 403 574 282 574 285 574 271 575 401 575 398 575 271 576 406 576 401 576 271 577 407 577 406 577 409 578 304 578 407 578 410 579 403 579 285 579 409 580 298 580 304 580 263 581 404 581 414 581 408 582 285 582 286 582 412 583 290 583 298 583 412 584 298 584 415 584 413 585 408 585 286 585 264 586 263 586 414 586 264 587 414 587 410 587 270 588 407 588 271 588 411 589 290 589 418 589 411 590 286 590 290 590 270 591 416 591 407 591 270 592 415 592 416 592 264 593 410 593 417 593 269 594 415 594 270 594 266 595 264 595 417 595 269 596 418 596 419 596 266 597 417 597 413 597 269 598 419 598 415 598 266 599 413 599 420 599 266 600 418 600 269 600 266 601 420 601 418 601 421 602 307 602 422 602 304 603 307 603 421 603 304 604 421 604 423 604 424 605 421 605 422 605 400 606 304 606 423 606 400 607 423 607 424 607 684 608 425 608 422 608 685 609 425 609 684 609 684 610 422 610 427 610 400 611 425 611 685 611 682 612 684 612 427 612 683 613 428 613 682 613 400 614 685 614 428 614 682 615 427 615 429 615 392 616 428 616 683 616 392 617 400 617 428 617 431 618 683 618 430 618 392 619 683 619 431 619 431 620 682 620 429 620 392 621 431 621 432 621 392 622 432 622 435 622 433 623 429 623 434 623 392 624 435 624 436 624 434 625 436 625 433 625 386 626 392 626 436 626 386 627 436 627 434 627 378 628 386 628 434 628 378 629 434 629 437 629 371 630 378 630 437 630 371 631 437 631 438 631 371 632 438 632 439 632 364 633 371 633 439 633 359 634 364 634 439 634 359 635 439 635 440 635 356 636 359 636 440 636 356 637 440 637 441 637 363 638 356 638 441 638 363 639 441 639 442 639 369 640 363 640 442 640 425 641 424 641 422 641 424 642 426 642 400 642 426 643 425 643 400 643 435 644 432 644 433 644 433 645 432 645 429 645 432 646 431 646 429 646 601 647 598 647 498 647 447 648 443 648 273 648 445 649 447 649 273 649 448 650 446 650 601 650 450 651 448 651 601 651 453 652 445 652 444 652 450 653 601 653 447 653 427 654 444 654 429 654 452 655 449 655 448 655 455 656 454 656 451 656 455 657 604 657 605 657 605 658 603 658 452 658 456 659 455 659 605 659 456 660 605 660 458 660 459 661 456 661 458 661 462 662 458 662 461 662 307 663 457 663 422 663 462 664 459 664 458 664 300 665 457 665 307 665 300 666 461 666 457 666 300 667 460 667 461 667 294 668 460 668 300 668 457 669 447 669 453 669 536 670 452 670 448 670 536 671 448 671 450 671 453 672 444 672 427 672 533 673 454 673 455 673 533 674 455 674 456 674 454 675 483 675 463 675 484 676 483 676 454 676 464 677 284 677 283 677 465 678 466 678 464 678 542 679 492 679 479 679 469 680 275 680 468 680 470 681 277 681 275 681 470 682 275 682 469 682 473 683 494 683 597 683 278 684 277 684 472 684 475 685 472 685 470 685 491 686 473 686 476 686 479 687 492 687 478 687 481 688 475 688 480 688 281 689 278 689 477 689 483 690 479 690 482 690 541 691 492 691 542 691 483 692 542 692 479 692 484 693 542 693 483 693 466 694 542 694 484 694 281 695 486 695 485 695 283 696 281 696 485 696 534 697 466 697 484 697 487 698 464 698 466 698 294 699 489 699 462 699 288 700 287 700 534 700 288 701 534 701 488 701 288 702 489 702 294 702 490 703 288 703 488 703 490 704 489 704 288 704 487 705 287 705 284 705 472 706 477 706 278 706 467 707 275 707 442 707 472 708 277 708 470 708 471 709 494 709 473 709 473 710 480 710 474 710 474 711 480 711 475 711 492 712 491 712 599 712 492 713 480 713 491 713 494 714 532 714 493 714 494 715 493 715 495 715 500 716 442 716 441 716 502 717 441 717 501 717 502 718 500 718 441 718 272 719 504 719 499 719 538 720 503 720 439 720 506 721 501 721 504 721 507 722 538 722 439 722 509 723 442 723 500 723 438 724 507 724 439 724 573 725 500 725 512 725 515 726 507 726 516 726 518 727 511 727 593 727 532 728 469 728 517 728 595 729 593 729 594 729 519 730 496 730 511 730 521 731 520 731 594 731 522 732 493 732 496 732 527 733 437 733 434 733 596 734 525 734 524 734 529 735 528 735 596 735 531 736 586 736 526 736 530 737 529 737 498 737 531 738 526 738 434 738 531 739 434 739 429 739 496 740 532 740 512 740 512 741 532 741 514 741 514 742 532 742 517 742 514 743 573 743 512 743 499 744 441 744 440 744 272 745 499 745 440 745 510 746 438 746 437 746 527 747 510 747 437 747 527 748 434 748 526 748 537 749 498 749 529 749 537 750 529 750 596 750 515 751 524 751 513 751 596 752 515 752 523 752 523 753 515 753 516 753 503 754 440 754 439 754 505 755 504 755 272 755 513 756 497 756 521 756 513 757 521 757 594 757 594 758 506 758 508 758 508 759 506 759 504 759 540 760 511 760 496 760 506 761 593 761 511 761 533 762 488 762 534 762 535 763 456 763 459 763 536 764 457 764 461 764 508 765 539 765 513 765 513 766 539 766 538 766 507 767 513 767 538 767 540 768 502 768 501 768 471 769 470 769 469 769 542 770 465 770 541 770 548 771 544 771 547 771 142 772 544 772 548 772 548 773 547 773 138 773 549 774 547 774 544 774 550 775 547 775 549 775 550 773 140 773 547 773 144 776 548 776 138 776 140 773 144 773 138 773 551 777 544 777 142 777 552 778 544 778 551 778 144 773 551 773 142 773 137 773 140 773 550 773 144 779 553 779 551 779 196 773 137 773 555 773 559 780 554 780 555 780 559 781 555 781 549 781 559 782 549 782 544 782 554 773 196 773 555 773 556 783 552 783 553 783 553 784 557 784 556 784 192 785 196 785 198 785 256 773 557 773 553 773 256 786 150 786 557 786 558 787 198 787 559 787 558 773 192 773 198 773 256 788 149 788 150 788 152 773 149 773 256 773 258 789 154 789 256 789 560 790 192 790 563 790 561 773 560 773 563 773 156 791 154 791 258 791 562 792 560 792 190 792 546 793 152 793 154 793 546 794 156 794 158 794 546 795 154 795 156 795 546 796 149 796 152 796 543 797 190 797 561 797 543 798 563 798 558 798 543 799 558 799 559 799 543 800 561 800 563 800 259 773 158 773 258 773 564 773 562 773 190 773 564 801 190 801 543 801 182 802 562 802 187 802 565 773 158 773 259 773 565 803 546 803 158 803 261 773 162 773 259 773 566 773 182 773 187 773 566 804 187 804 564 804 566 805 564 805 543 805 163 806 162 806 261 806 163 807 565 807 162 807 165 808 261 808 166 808 163 809 546 809 565 809 165 810 546 810 163 810 568 811 567 811 182 811 568 812 182 812 184 812 568 813 184 813 566 813 180 814 568 814 566 814 167 815 165 815 166 815 267 816 569 816 265 816 268 817 567 817 180 817 177 773 268 773 180 773 570 773 267 773 268 773 571 773 267 773 570 773 171 773 265 773 569 773 171 773 167 773 265 773 174 773 570 773 268 773 174 818 268 818 175 818 571 773 171 773 267 773 174 819 175 819 177 819 545 820 171 820 571 820 545 821 167 821 171 821 545 822 571 822 174 822 545 823 177 823 180 823 545 824 174 824 177 824 544 825 543 825 559 825 543 826 545 826 180 826 543 827 180 827 566 827 545 828 546 828 167 828 167 829 546 829 165 829 546 830 544 830 556 830 556 831 544 831 552 831 546 832 556 832 149 832 546 833 545 833 544 833 544 834 545 834 543 834 182 835 271 835 398 835 182 836 398 836 390 836 562 837 182 837 390 837 562 838 390 838 373 838 560 839 562 839 373 839 192 840 560 840 373 840 192 841 373 841 358 841 196 842 192 842 358 842 196 843 358 843 347 843 137 844 196 844 347 844 140 845 347 845 344 845 140 846 137 846 347 846 144 847 140 847 344 847 144 848 344 848 345 848 144 849 345 849 351 849 553 850 144 850 351 850 553 851 351 851 254 851 252 852 468 852 247 852 247 853 468 853 467 853 247 854 467 854 572 854 572 855 467 855 509 855 573 856 249 856 509 856 575 857 573 857 514 857 574 858 573 858 575 858 576 859 575 859 514 859 576 860 514 860 577 860 577 861 514 861 517 861 468 862 577 862 517 862 252 863 577 863 468 863 481 864 578 864 486 864 239 865 578 865 481 865 579 866 239 866 481 866 240 867 239 867 579 867 541 868 579 868 481 868 580 869 541 869 465 869 244 870 580 870 465 870 245 871 244 871 465 871 245 872 465 872 485 872 578 873 485 873 486 873 245 874 485 874 578 874 233 875 585 875 490 875 233 876 490 876 535 876 581 877 233 877 535 877 459 878 581 878 535 878 582 879 581 879 459 879 582 880 459 880 462 880 583 881 582 881 462 881 583 882 462 882 489 882 584 883 583 883 489 883 585 884 489 884 490 884 584 885 489 885 585 885 587 886 273 886 586 886 587 887 227 887 273 887 229 888 587 888 586 888 531 889 229 889 586 889 588 890 229 890 531 890 588 891 531 891 444 891 588 892 444 892 589 892 589 893 444 893 445 893 589 894 445 894 590 894 590 895 445 895 273 895 227 896 590 896 273 896 218 897 272 897 503 897 220 898 218 898 503 898 222 899 220 899 503 899 222 900 503 900 538 900 222 901 538 901 224 901 224 902 538 902 539 902 591 903 224 903 539 903 591 904 539 904 592 904 592 905 539 905 505 905 217 906 592 906 505 906 217 907 505 907 272 907 501 908 499 908 504 908 501 909 441 909 499 909 512 910 500 910 502 910 508 911 504 911 505 911 508 912 505 912 539 912 510 913 507 913 438 913 496 914 512 914 540 914 594 915 508 915 513 915 516 916 507 916 510 916 469 917 468 917 517 917 595 918 518 918 593 918 519 919 511 919 518 919 520 920 595 920 594 920 522 921 496 921 519 921 497 922 520 922 521 922 495 923 493 923 522 923 525 924 497 924 524 924 597 925 494 925 495 925 214 926 518 926 595 926 215 927 518 927 214 927 215 928 519 928 518 928 214 929 595 929 520 929 215 930 522 930 519 930 214 931 520 931 497 931 596 932 523 932 537 932 528 933 525 933 596 933 215 934 495 934 522 934 474 935 471 935 473 935 214 936 497 936 525 936 199 937 597 937 495 937 199 938 495 938 215 938 214 939 525 939 528 939 476 940 473 940 597 940 213 941 214 941 528 941 199 942 476 942 597 942 530 943 528 943 529 943 530 944 213 944 528 944 273 945 537 945 526 945 586 946 273 946 526 946 599 947 491 947 476 947 599 948 476 948 199 948 599 949 199 949 600 949 598 950 530 950 498 950 598 951 213 951 530 951 478 952 599 952 600 952 492 953 599 953 478 953 446 954 598 954 601 954 446 955 213 955 598 955 446 956 212 956 213 956 482 957 478 957 600 957 479 958 478 958 482 958 449 959 212 959 446 959 447 960 601 960 443 960 449 961 446 961 448 961 463 962 482 962 600 962 463 963 600 963 602 963 463 964 483 964 482 964 603 965 212 965 449 965 451 966 463 966 602 966 604 967 602 967 212 967 604 968 212 968 603 968 604 969 451 969 602 969 452 970 603 970 449 970 451 971 454 971 463 971 605 972 604 972 603 972 536 973 450 973 447 973 455 974 451 974 604 974 464 975 485 975 465 975 422 976 457 976 453 976 535 977 533 977 456 977 488 978 533 978 535 978 460 979 462 979 461 979 487 980 466 980 534 980 287 981 487 981 534 981 513 982 524 982 497 982 498 983 537 983 443 983 516 984 527 984 523 984 523 985 527 985 537 985 273 986 443 986 537 986 443 987 601 987 498 987 447 988 457 988 536 988 453 989 427 989 422 989 461 990 458 990 536 990 536 991 458 991 452 991 458 992 605 992 452 992 488 993 535 993 490 993 534 994 484 994 533 994 533 995 484 995 454 995 466 996 465 996 542 996 283 997 485 997 464 997 541 998 480 998 492 998 480 999 473 999 491 999 475 1000 470 1000 474 1000 474 1001 470 1001 471 1001 469 1002 532 1002 471 1002 471 1003 532 1003 494 1003 532 1004 496 1004 493 1004 593 1005 506 1005 594 1005 512 1006 502 1006 540 1006 501 1007 506 1007 540 1007 540 1008 506 1008 511 1008 507 1009 515 1009 513 1009 515 1010 596 1010 524 1010 526 1011 537 1011 527 1011 284 1012 464 1012 487 1012 477 1013 472 1013 475 1013 541 1014 481 1014 480 1014 481 1015 477 1015 475 1015 486 1016 477 1016 481 1016 281 1017 477 1017 486 1017 509 1018 500 1018 573 1018 275 1019 467 1019 468 1019 442 1020 509 1020 467 1020 503 1021 272 1021 440 1021 510 1022 527 1022 516 1022 445 1023 453 1023 447 1023 429 1024 444 1024 531 1024 294 1025 462 1025 460 1025 214 1026 614 1026 215 1026 606 1027 615 1027 614 1027 607 1028 614 1028 214 1028 202 1029 606 1029 614 1029 202 1030 614 1030 607 1030 609 1031 607 1031 214 1031 609 1032 214 1032 608 1032 205 1033 607 1033 609 1033 611 1034 609 1034 608 1034 611 1035 205 1035 609 1035 610 1036 608 1036 602 1036 611 1037 608 1037 610 1037 208 1038 611 1038 610 1038 612 1039 610 1039 602 1039 612 1040 208 1040 610 1040 612 1041 602 1041 600 1041 613 1042 612 1042 600 1042 613 1043 600 1043 199 1043 615 1044 613 1044 199 1044 614 1045 199 1045 215 1045 615 1046 199 1046 614 1046 213 1047 212 1047 608 1047 213 1048 608 1048 214 1048 375 1049 366 1049 370 1049 370 1050 377 1050 375 1050 377 1051 378 1051 375 1051 383 1052 377 1052 382 1052 382 1053 385 1053 383 1053 385 1054 386 1054 383 1054 393 1055 385 1055 387 1055 387 1056 394 1056 393 1056 394 1057 392 1057 393 1057 399 1058 394 1058 396 1058 396 1059 401 1059 399 1059 401 1060 400 1060 399 1060 405 1061 401 1061 406 1061 406 1062 407 1062 405 1062 407 1063 304 1063 405 1063 409 1064 407 1064 416 1064 416 1065 415 1065 409 1065 415 1066 298 1066 409 1066 412 1067 415 1067 419 1067 419 1068 418 1068 412 1068 418 1069 290 1069 412 1069 411 1070 418 1070 420 1070 420 1071 413 1071 411 1071 413 1072 286 1072 411 1072 408 1073 413 1073 417 1073 417 1074 410 1074 408 1074 410 1075 285 1075 408 1075 403 1076 410 1076 414 1076 414 1077 404 1077 403 1077 404 1078 282 1078 403 1078 397 1079 404 1079 402 1079 402 1080 395 1080 397 1080 395 1081 280 1081 397 1081 391 1082 395 1082 260 1082 260 1083 388 1083 391 1083 388 1084 279 1084 391 1084 384 1085 388 1085 389 1085 389 1086 380 1086 384 1086 380 1087 276 1087 384 1087 379 1088 380 1088 381 1088 381 1089 376 1089 379 1089 376 1090 274 1090 379 1090 374 1091 376 1091 368 1091 368 1092 362 1092 374 1092 362 1093 369 1093 374 1093 367 1094 362 1094 355 1094 355 1095 353 1095 367 1095 353 1096 363 1096 367 1096 361 1097 353 1097 349 1097 349 1098 346 1098 361 1098 346 1099 356 1099 361 1099 360 1100 346 1100 350 1100 350 1101 348 1101 360 1101 348 1102 359 1102 360 1102 365 1103 348 1103 352 1103 352 1104 354 1104 365 1104 354 1105 364 1105 365 1105 372 1106 354 1106 357 1106 357 1107 366 1107 372 1107 366 1108 371 1108 372 1108 559 1109 198 1109 197 1109 559 1110 197 1110 343 1110 554 1111 559 1111 343 1111 616 1112 132 1112 131 1112 133 1113 617 1113 134 1113 309 1114 130 1114 132 1114 309 1115 617 1115 133 1115 132 1116 617 1116 309 1116 617 1117 616 1117 134 1117 132 1118 616 1118 617 1118 563 1119 194 1119 342 1119 558 1120 563 1120 342 1120 558 1121 342 1121 310 1121 193 1122 310 1122 194 1122 561 1123 190 1123 341 1123 561 1124 341 1124 618 1124 560 1125 561 1125 618 1125 189 1126 618 1126 341 1126 564 1127 188 1127 340 1127 564 1128 340 1128 312 1128 562 1129 564 1129 312 1129 188 1130 186 1130 340 1130 566 1131 185 1131 619 1131 566 1132 619 1132 314 1132 182 1133 566 1133 314 1133 185 1134 314 1134 619 1134 568 1135 180 1135 181 1135 568 1136 181 1136 316 1136 567 1137 568 1137 316 1137 567 1138 316 1138 620 1138 179 1139 316 1139 181 1139 268 1140 177 1140 178 1140 268 1141 178 1141 317 1141 268 1142 317 1142 318 1142 176 1143 318 1143 178 1143 174 1144 173 1144 621 1144 570 1145 174 1145 621 1145 570 1146 621 1146 319 1146 571 1147 570 1147 319 1147 319 1148 621 1148 173 1148 267 1149 171 1149 320 1149 267 1150 320 1150 321 1150 569 1151 267 1151 321 1151 265 1152 169 1152 322 1152 166 1153 265 1153 322 1153 166 1154 322 1154 622 1154 622 1155 322 1155 168 1155 165 1156 323 1156 623 1156 261 1157 165 1157 623 1157 261 1158 623 1158 324 1158 163 1159 261 1159 324 1159 623 1160 323 1160 324 1160 162 1161 161 1161 624 1161 259 1162 162 1162 624 1162 259 1163 624 1163 325 1163 565 1164 259 1164 325 1164 624 1165 161 1165 325 1165 158 1166 159 1166 327 1166 258 1167 158 1167 327 1167 258 1168 327 1168 328 1168 156 1169 258 1169 328 1169 328 1170 159 1170 157 1170 256 1171 154 1171 155 1171 256 1172 155 1172 330 1172 256 1173 330 1173 625 1173 152 1174 256 1174 625 1174 330 1175 153 1175 625 1175 557 1176 150 1176 151 1176 557 1177 151 1177 331 1177 556 1178 557 1178 331 1178 556 1179 331 1179 339 1179 151 1180 148 1180 339 1180 553 1181 147 1181 333 1181 551 1182 553 1182 333 1182 551 1183 333 1183 626 1183 552 1184 551 1184 626 1184 626 1185 147 1185 146 1185 144 1186 145 1186 627 1186 548 1187 144 1187 627 1187 548 1188 627 1188 338 1188 142 1189 548 1189 338 1189 145 1190 338 1190 627 1190 547 1191 140 1191 141 1191 547 1192 141 1192 337 1192 555 1193 136 1193 335 1193 555 1194 335 1194 628 1194 549 1195 555 1195 628 1195 550 1196 549 1196 628 1196 550 1197 628 1197 336 1197 335 1198 336 1198 628 1198 126 1199 123 1199 129 1199 128 1200 629 1200 630 1200 123 1201 629 1201 129 1201 124 1202 631 1202 123 1202 123 1203 631 1203 629 1203 125 1204 630 1204 631 1204 629 1205 631 1205 630 1205 631 1206 124 1207 125 1208 311 1209 119 1209 116 1209 311 1210 632 1210 119 1210 311 1211 115 1211 632 1211 121 1212 632 1212 115 1212 121 1213 118 1213 632 1213 632 1214 118 1214 119 1214 313 1215 633 1215 111 1215 111 1216 633 1216 634 1216 633 1217 313 1217 110 1217 313 1218 109 1218 110 1218 112 1219 111 1219 634 1219 634 1220 635 1220 112 1220 635 1221 633 1221 110 1221 633 1222 635 1222 634 1222 637 1223 104 1223 105 1223 315 1224 103 1224 637 1224 637 1225 636 1225 315 1225 106 1226 315 1226 636 1226 637 1227 103 1227 104 1227 637 1228 105 1228 636 1228 638 1229 97 1229 100 1229 96 1230 639 1230 98 1230 96 1231 640 1231 639 1231 97 1232 640 1232 96 1232 640 1233 99 1233 639 1233 99 1234 98 1234 639 1234 638 1235 640 1235 97 1235 640 1236 638 1236 99 1236 90 1237 641 1237 642 1237 88 1238 641 1238 89 1238 88 1239 643 1239 641 1239 93 1240 89 1240 641 1240 88 1241 92 1241 643 1241 642 1242 643 1242 92 1242 643 1243 642 1243 641 1243 81 1244 644 1244 82 1244 77 1245 644 1245 81 1245 77 1246 80 1246 644 1246 80 1247 77 1247 78 1247 80 1248 83 1248 644 1248 644 1249 83 1249 82 1249 70 1250 647 1250 645 1250 70 1251 71 1251 647 1251 72 1252 647 1252 646 1252 646 1253 647 1253 71 1253 645 1254 647 1254 72 1254 64 1255 651 1255 67 1255 68 1256 649 1256 63 1256 69 1257 651 1257 648 1257 63 1258 649 1258 64 1258 64 1259 649 1259 651 1259 649 1260 650 1260 651 1260 650 1261 649 1261 68 1261 68 1262 648 1262 650 1262 650 1263 648 1263 651 1263 652 1264 653 1264 654 1264 653 1265 655 1265 654 1265 62 1266 652 1266 654 1266 654 1267 59 1267 62 1267 58 1268 59 1268 655 1268 655 1269 59 1269 654 1269 58 1270 655 1270 653 1270 52 1271 656 1271 50 1271 51 1272 326 1272 53 1272 326 1273 658 1273 53 1273 326 1274 657 1274 658 1274 326 1275 656 1275 657 1275 326 1276 50 1276 656 1276 658 1277 54 1277 53 1277 656 1278 54 1278 657 1278 657 1279 54 1279 658 1279 45 1280 47 1280 46 1280 44 1281 660 1281 659 1281 661 1282 659 1282 660 1282 660 1283 43 1283 661 1283 46 1284 661 1284 43 1284 661 1285 46 1285 47 1285 47 1286 659 1286 661 1286 37 1287 329 1287 36 1287 38 1288 662 1288 37 1288 39 1289 329 1289 40 1289 39 1290 40 1290 41 1290 37 1291 663 1291 329 1291 329 1292 663 1292 40 1292 41 1293 40 1293 664 1293 664 1294 663 1294 662 1294 663 1295 664 1295 40 1295 662 1296 663 1296 37 1296 664 1297 665 1297 41 1297 665 1298 664 1298 662 1298 30 1299 666 1299 34 1299 30 1300 332 1300 666 1300 29 1301 668 1301 332 1301 29 1302 667 1302 668 1302 667 1303 31 1303 668 1303 668 1304 31 1304 666 1304 332 1305 668 1305 666 1305 24 1306 669 1306 23 1306 21 1307 25 1307 22 1307 23 1308 669 1308 28 1308 24 1309 22 1309 669 1309 22 1310 670 1310 669 1310 25 1311 670 1311 22 1311 28 1312 670 1312 25 1312 670 1313 28 1313 669 1313 671 1314 13 1314 17 1314 15 1315 13 1315 672 1315 671 1316 673 1316 13 1316 13 1317 673 1317 672 1317 672 1318 16 1318 19 1318 14 1319 673 1319 671 1319 14 1320 16 1320 673 1320 19 1321 15 1321 672 1321 673 1322 16 1322 672 1322 334 1323 678 1323 674 1323 334 1324 677 1324 678 1324 675 1325 677 1325 334 1325 9 1326 675 1326 11 1326 675 1327 9 1327 677 1327 678 1328 676 1328 8 1328 8 1329 674 1329 678 1329 675 1330 334 1330 11 1330 676 1331 677 1331 9 1331 677 1332 676 1332 678 1332 680 1333 0 1333 2 1333 0 1334 681 1334 2 1334 0 1335 1 1335 4 1335 681 1336 679 1336 2 1336 679 1337 681 1337 4 1337 681 1338 0 1338 4 1338 435 1339 433 1339 436 1339 430 1340 682 1340 431 1340 682 1341 430 1341 683 1341 428 1342 684 1342 682 1342 684 1343 428 1343 685 1343 425 1344 426 1344 424 1344 686 1345 421 1345 424 1345 686 1346 423 1346 421 1346 687 1347 686 1347 424 1347 423 1348 687 1348 424 1348 687 1349 423 1349 686 1349 308 1350 688 1350 306 1350 688 1351 689 1351 306 1351 688 1352 305 1352 689 1352 689 1353 305 1353 306 1353 303 1354 302 1354 305 1354 303 1355 301 1355 302 1355 297 1356 299 1356 301 1356 297 1357 296 1357 299 1357 295 1358 292 1358 293 1358 293 1359 297 1359 295 1359</p>
        </triangles>
      </mesh>
    </geometry>
  </library_geometries>
  <library_visual_scenes>
    <visual_scene id="Scene" name="Scene">
      <node id="node0" name="node0" type="NODE">
        <matrix sid="transform">1 0 0 0 0 1 0 0 0 0 1 0 0 0 0 1</matrix>
        <instance_geometry url="#Part__Feature_003-mesh" name="node0">
          <bind_material>
            <technique_common>
              <instance_material symbol="Part__Feature_003-material" target="#Part__Feature_003-material"/>
            </technique_common>
          </bind_material>
        </instance_geometry>
      </node>
      <node id="Camera" name="Camera" type="NODE">
        <matrix sid="transform">0.6859207 -0.3240135 0.6515582 7.358891 0.7276763 0.3054208 -0.6141704 -6.925791 0 0.8953956 0.4452714 4.958309 0 0 0 1</matrix>
        <instance_camera url="#Camera-camera"/>
      </node>
      <node id="Light" name="Light" type="NODE">
        <matrix sid="transform">-0.2908646 -0.7711008 0.5663932 4.076245 0.9551712 -0.1998834 0.2183912 1.005454 -0.05518906 0.6045247 0.7946723 5.903862 0 0 0 1</matrix>
        <instance_light url="#Light-light"/>
      </node>
    </visual_scene>
  </library_visual_scenes>
  <scene>
    <instance_visual_scene url="#Scene"/>
  </scene>
</COLLADA>