<?xml version="1.0" encoding="utf-8"?>
<COLLADA xmlns="http://www.collada.org/2005/11/COLLADASchema" version="1.4.1" xmlns:xsi="http://www.w3.org/2001/XMLSchema-instance">
  <asset>
    <contributor>
      <author>Blender User</author>
      <authoring_tool>Blender 4.0.2 commit date:2023-12-05, commit time:07:41, hash:9be62e85b727</authoring_tool>
    </contributor>
    <created>2024-01-22T16:50:46</created>
    <modified>2024-01-22T16:50:46</modified>
    <unit name="meter" meter="1"/>
    <up_axis>Z_UP</up_axis>
  </asset>
  <library_cameras>
    <camera id="Camera-camera" name="Camera">
      <optics>
        <technique_common>
          <perspective>
            <xfov sid="xfov">39.59775</xfov>
            <aspect_ratio>1.777778</aspect_ratio>
            <znear sid="znear">0.1</znear>
            <zfar sid="zfar">100</zfar>
          </perspective>
        </technique_common>
      </optics>
      <extra>
        <technique profile="blender">
          <shiftx sid="shiftx" type="float">0</shiftx>
          <shifty sid="shifty" type="float">0</shifty>
          <dof_distance sid="dof_distance" type="float">10</dof_distance>
        </technique>
      </extra>
    </camera>
  </library_cameras>
  <library_lights>
    <light id="Light-light" name="Light">
      <technique_common>
        <point>
          <color sid="color">1000 1000 1000</color>
          <constant_attenuation>1</constant_attenuation>
          <linear_attenuation>0</linear_attenuation>
          <quadratic_attenuation>0</quadratic_attenuation>
        </point>
      </technique_common>
      <extra>
        <technique profile="blender">
          <type sid="type" type="int">0</type>
          <flag sid="flag" type="int">0</flag>
          <mode sid="mode" type="int">1</mode>
          <red sid="red" type="float">1</red>
          <green sid="green" type="float">1</green>
          <blue sid="blue" type="float">1</blue>
          <shadow_r sid="blender_shadow_r" type="float">0</shadow_r>
          <shadow_g sid="blender_shadow_g" type="float">0</shadow_g>
          <shadow_b sid="blender_shadow_b" type="float">0</shadow_b>
          <energy sid="blender_energy" type="float">1000</energy>
          <spotsize sid="spotsize" type="float">75</spotsize>
          <spotblend sid="spotblend" type="float">0.15</spotblend>
          <clipsta sid="clipsta" type="float">0.04999995</clipsta>
          <clipend sid="clipend" type="float">30.002</clipend>
          <bias sid="bias" type="float">1</bias>
          <radius sid="radius" type="float">0.1</radius>
          <area_shape sid="area_shape" type="int">1</area_shape>
          <area_size sid="area_size" type="float">0.1</area_size>
          <area_sizey sid="area_sizey" type="float">0.1</area_sizey>
          <area_sizez sid="area_sizez" type="float">1</area_sizez>
        </technique>
      </extra>
    </light>
  </library_lights>
  <library_effects>
    <effect id="Part__Feature004_003-effect">
      <profile_COMMON>
        <technique sid="common">
          <lambert>
            <emission>
              <color sid="emission">0 0 0 1</color>
            </emission>
            <diffuse>
              <color sid="diffuse">0.7921569 0.8196079 0.9333333 1</color>
            </diffuse>
            <index_of_refraction>
              <float sid="ior">1.45</float>
            </index_of_refraction>
          </lambert>
        </technique>
      </profile_COMMON>
    </effect>
    <effect id="Part__Feature003_003-effect">
      <profile_COMMON>
        <technique sid="common">
          <lambert>
            <emission>
              <color sid="emission">0 0 0 1</color>
            </emission>
            <diffuse>
              <color sid="diffuse">0.5172337 0.5172337 0.5172337 1</color>
            </diffuse>
            <index_of_refraction>
              <float sid="ior">1.45</float>
            </index_of_refraction>
          </lambert>
        </technique>
      </profile_COMMON>
    </effect>
    <effect id="Part__Feature002_003-effect">
      <profile_COMMON>
        <technique sid="common">
          <lambert>
            <emission>
              <color sid="emission">0 0 0 1</color>
            </emission>
            <diffuse>
              <color sid="diffuse">0.5172337 0.5172337 0.5172337 1</color>
            </diffuse>
            <index_of_refraction>
              <float sid="ior">1.45</float>
            </index_of_refraction>
          </lambert>
        </technique>
      </profile_COMMON>
    </effect>
    <effect id="Part__Feature001_004-effect">
      <profile_COMMON>
        <technique sid="common">
          <lambert>
            <emission>
              <color sid="emission">0 0 0 1</color>
            </emission>
            <diffuse>
              <color sid="diffuse">0.5217264 0.5385067 0.5385067 1</color>
            </diffuse>
            <index_of_refraction>
              <float sid="ior">1.45</float>
            </index_of_refraction>
          </lambert>
        </technique>
      </profile_COMMON>
    </effect>
    <effect id="Part__Feature_008-effect">
      <profile_COMMON>
        <technique sid="common">
          <lambert>
            <emission>
              <color sid="emission">0 0 0 1</color>
            </emission>
            <diffuse>
              <color sid="diffuse">0.4862745 0.2352941 0.01568628 1</color>
            </diffuse>
            <index_of_refraction>
              <float sid="ior">1.45</float>
            </index_of_refraction>
          </lambert>
        </technique>
      </profile_COMMON>
    </effect>
  </library_effects>
  <library_images/>
  <library_materials>
    <material id="Part__Feature004_003-material" name="Part__Feature004.003">
      <instance_effect url="#Part__Feature004_003-effect"/>
    </material>
    <material id="Part__Feature003_003-material" name="Part__Feature003.003">
      <instance_effect url="#Part__Feature003_003-effect"/>
    </material>
    <material id="Part__Feature002_003-material" name="Part__Feature002.003">
      <instance_effect url="#Part__Feature002_003-effect"/>
    </material>
    <material id="Part__Feature001_004-material" name="Part__Feature001.004">
      <instance_effect url="#Part__Feature001_004-effect"/>
    </material>
    <material id="Part__Feature_008-material" name="Part__Feature.008">
      <instance_effect url="#Part__Feature_008-effect"/>
    </material>
  </library_materials>
  <library_geometries>
    <geometry id="Part__Feature004_003-mesh" name="Part__Feature004.003">
      <mesh>
        <source id="Part__Feature004_003-mesh-positions">
          <float_array id="Part__Feature004_003-mesh-positions-array" count="300">1.133774 1.980286 1.752071 -0.05622601 1.977953 1.751819 1.133774 1.974437 1.751992 -0.05622601 1.972466 1.752325 1.133774 1.969934 1.753036 -0.05622601 1.967316 1.754158 1.133774 1.964111 1.756249 -0.05622601 1.962541 1.757779 1.133774 1.959119 1.762264 -0.05622601 1.9595 1.761734 -0.05622601 1.957644 1.765979 1.133774 1.956838 1.769378 -0.05622601 1.956707 1.771383 1.133774 1.957072 1.775513 -0.05622601 1.957481 1.777308 1.133774 1.958913 1.78105 -0.05622601 1.959203 1.781461 -0.05622601 1.962075 1.785547 1.133774 1.96346 1.786982 -0.05622601 1.966345 1.78899 1.133774 1.970065 1.790824 -0.05622601 1.971207 1.791163 1.133774 1.976447 1.791953 -0.05622601 1.976294 1.791914 -0.05622601 1.978294 1.80191 1.133774 1.978816 1.801923 -0.05622601 1.984205 1.800984 1.133774 1.985455 1.80063 -0.05622601 1.990036 1.798883 1.133774 1.990297 1.798722 1.133774 1.994919 1.795823 -0.05622601 1.995511 1.795374 1.133774 1.998956 1.792166 -0.05622601 2.000309 1.790642 1.133774 2.002948 1.786721 -0.05622601 2.004838 1.782899 1.133774 2.005799 1.779811 -0.05622601 2.006761 1.774366 1.133774 2.006807 1.77318 -0.05622601 2.006653 1.7689 1.133774 2.006557 1.767964 -0.05622601 2.005729 1.763739 1.133774 2.005435 1.762818 -0.05622601 2.002489 1.756175 1.133774 2.003175 1.757527 1.133774 1.99982 1.752574 -0.05622601 1.997612 1.750223 1.133774 1.995945 1.748764 -0.05622601 1.992465 1.74623 1.133774 1.989866 1.744735 -0.05622601 1.986561 1.743471 1.133774 1.982217 1.742333 -0.05622601 1.978525 1.741786 1.133774 1.974775 1.741844 1.133774 1.958629 1.795868 1.133774 1.953283 1.790626 1.133774 1.94947 1.784457 1.133774 1.965312 1.799681 1.133774 1.947211 1.777321 1.133774 1.971581 1.801467 1.133774 1.946772 1.770586 1.133774 1.947513 1.765202 1.133774 1.981737 1.791306 1.133774 1.949189 1.76001 1.133774 1.986376 1.7895 1.133774 1.951975 1.754956 1.133774 1.990041 1.786898 1.133774 1.95617 1.749991 1.133774 1.993075 1.78359 1.133774 1.960984 1.746357 1.133774 1.995507 1.779069 1.133774 1.966506 1.743611 1.133774 1.996776 1.773735 1.133774 1.996432 1.767754 1.133774 1.994626 1.762742 1.133774 1.986242 1.754203 1.133774 1.991184 1.757843 -0.05622601 1.959659 1.796601 -0.05622601 1.954778 1.792324 -0.05622601 1.951571 1.788188 -0.05622601 1.949023 1.783364 -0.05622601 1.966974 1.800346 -0.05622601 1.946847 1.7754 -0.05622601 1.973063 1.801664 -0.05622601 1.947288 1.765929 -0.05622601 1.980917 1.791503 -0.05622601 1.986396 1.789527 -0.05622601 1.949346 1.759706 -0.05622601 1.952781 1.753695 -0.05622601 1.991032 1.785995 -0.05622601 1.958053 1.748405 -0.05622601 1.994343 1.781618 -0.05622601 1.963732 1.744781 -0.05622601 1.996302 1.776491 -0.05622601 1.970303 1.742547 -0.05622601 1.996839 1.771389 -0.05622601 1.995695 1.765 -0.05622601 1.984269 1.753257 -0.05622601 1.988485 1.755628 -0.05622601 1.99217 1.758975</float_array>
          <technique_common>
            <accessor source="#Part__Feature004_003-mesh-positions-array" count="100" stride="3">
              <param name="X" type="float"/>
              <param name="Y" type="float"/>
              <param name="Z" type="float"/>
            </accessor>
          </technique_common>
        </source>
        <source id="Part__Feature004_003-mesh-normals">
          <float_array id="Part__Feature004_003-mesh-normals-array" count="696">-1.8502e-4 -0.01344925 0.9999096 1.26907e-4 0.09183889 0.9957739 -1.01255e-4 0.2258026 0.9741731 1.50742e-4 0.3349183 0.9422472 1.51099e-4 0.3349183 0.9422472 1.50018e-4 0.3349183 0.9422472 -2.37723e-4 0.4834228 0.8753871 -2.36308e-4 0.4834228 0.8753871 -2.37367e-4 0.4834228 0.875387 2.27147e-4 0.6042788 0.7967728 -1.94126e-4 0.7695023 0.638644 -1.83728e-5 0.7927183 0.6095882 1.14366e-4 0.9162759 0.4005477 -2.27525e-4 0.952227 0.3053913 1.79027e-4 0.9852924 0.1708772 -1.748e-4 0.9992574 -0.03853052 -1.72871e-4 0.9992574 -0.03853052 -1.74517e-4 0.9992574 -0.03853052 1.47945e-4 0.9914386 -0.1305738 1.45674e-4 0.9914386 -0.1305738 1.49058e-4 0.9914386 -0.1305738 -1.49476e-4 0.9488911 -0.3156039 9.25987e-5 0.923774 -0.3829381 3.13407e-7 0.8181365 -0.5750241 -1.90303e-4 0.7936611 -0.6083603 2.08324e-4 0.6282451 -0.7780155 2.1006e-4 0.6282451 -0.7780155 2.07592e-4 0.6282451 -0.7780155 -2.39891e-4 0.5022836 -0.8647029 -2.37093e-4 0.5022836 -0.8647029 -2.39065e-4 0.5022836 -0.8647029 1.31243e-4 0.4081682 -0.9129068 -1.13744e-4 0.1741751 -0.9847148 1.39159e-5 0.1459517 -0.9892918 -7.86546e-5 0.1544957 0.9879935 -7.8542e-5 0.1544957 0.9879935 -7.97948e-5 0.1544957 0.9879935 9.09535e-5 0.1912245 0.9815464 4.73661e-5 0.3670256 0.9302109 4.5414e-5 0.3670256 0.9302109 4.57238e-5 0.3670256 0.9302109 -7.64523e-5 0.3389518 0.9408038 -2.15455e-6 0.5316568 0.8469599 -2.00815e-6 0.5316568 0.8469599 -3.16457e-6 0.5316568 0.8469599 -4.9581e-5 0.5395221 0.8419715 5.41686e-5 0.671392 0.7411025 -1.13702e-4 0.7022129 0.7119671 1.59493e-4 0.8065203 0.5912065 -2.50322e-4 0.8631859 0.5048862 2.43418e-4 0.9243681 0.3815018 -2.16585e-4 0.9756199 0.2194673 -2.1735e-4 0.9756199 0.2194673 -2.16227e-4 0.9756199 0.2194673 1.11399e-4 0.9886489 0.1502448 4.31723e-5 0.9988567 -0.0478053 -5.8471e-5 0.9998057 -0.0197153 -5.81406e-5 0.9842867 -0.1765775 -5.90624e-5 0.9842867 -0.1765776 -5.78327e-5 0.9842867 -0.1765775 7.66071e-5 0.9770095 -0.2131956 -8.58227e-5 0.9198203 -0.3923401 -8.50763e-5 0.9198203 -0.3923401 -8.3516e-5 0.9198203 -0.3923401 -7.75434e-5 0.9192291 -0.3937231 1.60142e-4 0.8279393 -0.560818 -1.82982e-4 0.7734711 -0.6338317 1.08227e-4 0.7009178 -0.7132421 1.07721e-4 0.7009178 -0.7132421 1.07289e-4 0.7009178 -0.7132421 -1.10229e-4 0.6129516 -0.7901204 1.58466e-4 0.5527755 -0.8333303 1.58613e-4 0.5527755 -0.8333302 1.59244e-4 0.5527755 -0.8333303 -2.13335e-4 0.4228726 -0.9061892 -2.14003e-4 0.4228726 -0.9061892 -2.13042e-4 0.4228726 -0.9061892 1.81001e-4 0.2995974 -0.9540657 -1.86896e-4 0.205776 -0.9785991 -1.85422e-4 0.205776 -0.9785991 -1.88007e-4 0.205776 -0.9785991 2.54987e-4 0.06556391 -0.9978484 1 0 0 1 1.21042e-5 0 1 1.20462e-5 0 1 -2.1822e-5 0 1 2.81292e-5 0 1 -6.55411e-6 0 1 -1.36316e-5 0 1 1.52896e-5 0 1 -1.74717e-5 0 1 2.09421e-5 0 1 8.93176e-6 0 1 1.64919e-5 0 1 -2.58728e-5 0 1 -1.41814e-5 0 1 1.72882e-5 0 1 6.88402e-6 0 1 -1.66765e-5 0 1 -2.05389e-5 0 1 7.35087e-6 0 1 -6.65649e-6 0 1 -1.34679e-5 0 1 -3.31752e-6 0 1 -1.54074e-5 0 1 -1.49723e-5 0 1 -2.58118e-5 0 1 3.49296e-5 0 -1 0 0 -1 5.24215e-7 0 -1 -5.60639e-7 0 -1 -7.2106e-7 0 -1 5.40545e-7 0 -1 -5.42083e-7 0 -1 -1.89334e-6 0 -1 4.73026e-7 0 -1 1.11879e-6 0 -1 -1.85622e-6 0 -1 0 0 -1 9.01772e-7 0 -1 -6.20976e-7 0 -1 -9.81377e-7 0 -1 8.7934e-7 0 -1 4.39386e-7 0 -1 5.01444e-7 0 -1 -8.36165e-7 0 -1 -3.41739e-7 0 -1 -5.57319e-7 0 -1 7.09357e-7 0 -1 5.39836e-7 0 -1 1.09935e-6 0 -1 -6.66065e-7 0 -1 -8.91675e-7 0 -1 4.54044e-7 0 -1 4.03997e-7 0 -1 4.52885e-7 0 -2.41977e-4 -0.09213745 -0.9957463 2.09861e-4 -0.2096178 -0.9777835 2.07704e-4 -0.2096178 -0.9777835 2.06905e-4 -0.2096178 -0.9777835 -1.80099e-4 -0.3219423 -0.9467593 1.57617e-4 -0.4451968 -0.8954328 -1.25926e-4 -0.5379384 -0.8429842 1.10279e-4 -0.6025024 -0.7981172 -1.80136e-4 -0.708352 -0.7058594 1.65314e-4 -0.7636432 -0.6456387 1.65625e-4 -0.7636432 -0.6456387 1.66294e-4 -0.7636432 -0.6456387 -8.25054e-5 -0.8760567 -0.4822082 -8.16311e-5 -0.8760567 -0.4822082 -8.38147e-5 -0.8760567 -0.4822082 1.2592e-5 -0.8683827 -0.4958946 1.2661e-5 -0.8683828 -0.4958946 1.25459e-5 -0.8683827 -0.4958946 -4.47019e-5 -0.9493618 -0.3141852 -4.49118e-5 -0.9493618 -0.3141852 -4.64386e-5 -0.9493618 -0.3141852 -8.39246e-6 -0.9516527 -0.3071761 1.0335e-4 -0.9906654 -0.1363157 -2.51378e-4 -0.9988965 -0.04696577 -2.50099e-4 -0.9988965 -0.04696577 -2.52739e-4 -0.9988965 -0.04696577 2.01932e-4 -0.9978429 0.06564682 2.00297e-4 -0.9978429 0.06564688 1.99644e-4 -0.9978429 0.06564682 8.08198e-5 -0.9533852 0.3017563 -1.30216e-4 -0.9646321 0.2636001 -9.70704e-5 -0.8844741 0.4665893 -9.67317e-5 -0.8844741 0.4665893 -9.82199e-5 -0.8844741 0.4665893 1.46558e-4 -0.8506332 0.5257597 -1.18727e-4 -0.7904575 0.612517 -1.18441e-4 -0.7904575 0.612517 -1.19348e-4 -0.7904575 0.612517 1.39013e-4 -0.7000958 0.714049 -1.06732e-4 -0.659133 0.7520265 1.06476e-4 -0.4958396 0.8684142 1.06337e-4 -0.4958396 0.8684142 1.06397e-4 -0.4958396 0.8684142 -1.38846e-4 -0.4557185 0.890124 1.55111e-4 -0.2740081 0.9617274 -1.01767e-4 -0.2115037 0.9773773 8.61782e-5 -0.06337976 0.9979895 8.63782e-5 -0.06337976 0.9979895 8.68016e-5 -0.06337976 0.9979895 9.56358e-6 -0.04743546 0.9988743 1.0719e-5 -0.04743546 0.9988743 9.79664e-6 -0.04743546 0.9988743 4.38395e-5 -0.08816999 -0.9961056 4.47e-5 -0.08816999 -0.9961056 4.40708e-5 -0.08816999 -0.9961056 -8.04847e-5 -0.1213862 -0.9926055 -2.85091e-5 -0.3630992 -0.9317505 -2.78312e-5 -0.3630992 -0.9317505 -2.75555e-5 -0.3630992 -0.9317505 7.7943e-5 -0.3387891 -0.9408624 7.9305e-5 -0.3387891 -0.9408624 7.79962e-5 -0.3387891 -0.9408624 -2.82117e-5 -0.5789036 -0.815396 9.90521e-5 -0.6060612 -0.795418 -1.00506e-4 -0.7366855 -0.6762356 -1.01339e-4 -0.7366855 -0.6762356 -1.011e-4 -0.7366855 -0.6762356 1.49873e-4 -0.7974631 -0.6033679 -1.53397e-4 -0.88071 -0.4736559 1.48868e-4 -0.9341288 -0.3569361 -1.48859e-4 -0.9728358 -0.2314966 1.54028e-4 -0.9945584 -0.1041812 1.53255e-4 -0.9945584 -0.1041812 1.54402e-4 -0.9945584 -0.1041812 -1.67111e-4 -0.9983114 0.05809181 -1.64193e-4 -0.9983114 0.05809181 -1.6651e-4 -0.9983114 0.05809181 2.02735e-4 -0.9842005 0.1770577 2.01717e-4 -0.9842005 0.1770577 2.03164e-4 -0.9842005 0.1770577 -2.0145e-4 -0.9409245 0.3386164 -2.02168e-4 -0.9409245 0.3386164 -2.01934e-4 -0.9409245 0.3386164 1.82973e-4 -0.863369 0.504573 1.83641e-4 -0.863369 0.504573 1.82288e-4 -0.863369 0.504573 -1.31423e-4 -0.8182139 0.574914 1.46682e-4 -0.6722677 0.7403082 -1.53251e-4 -0.5933482 0.8049459 -1.54015e-4 -0.5933482 0.8049459 -1.54152e-4 -0.5933482 0.8049459 1.21344e-4 -0.4896246 0.8719335 1.20314e-4 -0.4896246 0.8719335 1.21842e-4 -0.4896246 0.8719335 -1.89294e-4 -0.3370093 0.9415013 2.2941e-4 -0.2220098 0.9750444</float_array>
          <technique_common>
            <accessor source="#Part__Feature004_003-mesh-normals-array" count="232" stride="3">
              <param name="X" type="float"/>
              <param name="Y" type="float"/>
              <param name="Z" type="float"/>
            </accessor>
          </technique_common>
        </source>
        <vertices id="Part__Feature004_003-mesh-vertices">
          <input semantic="POSITION" source="#Part__Feature004_003-mesh-positions"/>
        </vertices>
        <triangles material="Part__Feature004_003-material" count="200">
          <input semantic="VERTEX" source="#Part__Feature004_003-mesh-vertices" offset="0"/>
          <input semantic="NORMAL" source="#Part__Feature004_003-mesh-normals" offset="1"/>
          <p>0 0 1 0 2 0 1 1 3 1 2 1 2 2 3 2 4 2 3 3 5 4 4 5 4 6 5 7 6 8 5 9 7 9 6 9 6 10 7 10 8 10 7 11 9 11 8 11 9 12 10 12 8 12 8 13 10 13 11 13 10 14 12 14 11 14 11 15 12 16 13 17 12 18 14 19 13 20 13 21 14 21 15 21 14 22 16 22 15 22 16 23 17 23 15 23 15 24 17 24 18 24 17 25 19 26 18 27 18 28 19 29 20 30 19 31 21 31 20 31 20 32 21 32 22 32 21 33 23 33 22 33 26 34 24 35 25 36 26 37 25 37 27 37 28 38 27 39 29 40 28 41 26 41 27 41 28 42 29 43 30 44 31 45 28 45 30 45 31 46 30 46 32 46 33 47 31 47 32 47 33 48 32 48 34 48 35 49 33 49 34 49 35 50 34 50 36 50 37 51 35 52 36 53 37 54 36 54 38 54 39 55 38 55 40 55 39 56 37 56 38 56 41 57 39 58 40 59 41 60 40 60 42 60 43 61 42 62 44 63 43 64 41 64 42 64 43 65 44 65 45 65 46 66 43 66 45 66 46 67 45 68 47 69 48 70 46 70 47 70 48 71 47 72 49 73 50 74 48 75 49 76 50 77 49 77 51 77 52 78 50 79 51 80 52 81 51 81 53 81 18 82 54 82 55 82 15 83 18 83 55 83 15 82 55 82 56 82 20 84 57 84 54 84 20 82 54 82 18 82 15 82 56 82 58 82 20 85 59 85 57 85 13 82 15 82 58 82 22 86 59 86 20 86 22 87 25 87 59 87 11 88 58 88 60 88 11 89 13 89 58 89 11 90 60 90 61 90 62 82 25 82 22 82 62 91 27 91 25 91 8 82 11 82 61 82 8 82 61 82 63 82 64 92 29 92 27 92 64 82 27 82 62 82 8 93 63 93 65 93 64 94 30 94 29 94 66 82 30 82 64 82 6 95 65 95 67 95 6 82 8 82 65 82 66 96 32 96 30 96 68 82 32 82 66 82 34 82 32 82 68 82 69 82 6 82 67 82 69 97 4 97 6 97 34 82 68 82 70 82 71 82 4 82 69 82 36 82 34 82 70 82 36 98 70 98 72 98 53 82 4 82 71 82 53 99 2 99 4 99 38 82 36 82 72 82 53 100 0 100 2 100 40 82 72 82 73 82 40 101 38 101 72 101 51 82 0 82 53 82 42 102 40 102 73 102 49 82 0 82 51 82 42 82 73 82 74 82 49 82 75 82 0 82 44 103 42 103 74 103 45 104 74 104 76 104 45 82 44 82 74 82 47 105 76 105 75 105 47 106 75 106 49 106 45 107 76 107 47 107 77 108 17 108 78 108 77 109 19 109 17 109 78 110 17 110 79 110 17 108 16 108 79 108 79 108 16 108 80 108 81 111 19 111 77 111 81 112 21 112 19 112 16 108 14 108 80 108 80 113 14 113 82 113 83 114 21 114 81 114 14 115 12 115 82 115 83 116 23 116 21 116 24 108 23 108 83 108 82 108 12 108 84 108 24 117 85 117 23 117 26 108 85 108 24 108 12 118 10 118 84 118 26 108 86 108 85 108 28 108 86 108 26 108 84 119 10 119 87 119 10 120 9 120 87 120 87 108 9 108 88 108 31 108 86 108 28 108 9 108 7 108 88 108 31 121 89 121 86 121 31 122 33 122 89 122 7 108 90 108 88 108 89 108 33 108 91 108 5 108 90 108 7 108 5 123 92 123 90 123 33 124 35 124 91 124 91 108 35 108 93 108 3 108 94 108 5 108 5 125 94 125 92 125 35 126 37 126 93 126 1 108 94 108 3 108 93 127 37 127 95 127 1 128 52 128 94 128 37 129 39 129 95 129 39 130 41 130 95 130 95 131 41 131 96 131 97 108 50 108 1 108 1 132 50 132 52 132 41 108 43 108 96 108 97 133 48 133 50 133 98 108 48 108 97 108 96 134 43 134 99 134 98 135 46 135 48 135 99 108 46 108 98 108 43 108 46 108 99 108 94 136 52 136 53 136 94 137 53 138 71 139 92 140 94 140 71 140 92 141 71 141 69 141 90 142 92 142 69 142 90 143 69 143 67 143 88 144 90 144 67 144 88 145 67 146 65 147 88 148 65 149 63 150 87 151 88 152 63 153 84 154 87 155 63 156 84 157 63 157 61 157 84 158 61 158 60 158 82 159 84 160 60 161 82 162 60 163 58 164 80 165 58 165 56 165 80 166 82 166 58 166 79 167 80 168 56 169 79 170 56 170 55 170 78 171 79 172 55 173 78 174 55 174 54 174 77 175 78 175 54 175 77 176 54 177 57 178 81 179 77 179 57 179 81 180 57 180 59 180 83 181 81 181 59 181 83 182 59 183 25 184 24 185 83 186 25 187 23 188 85 189 22 190 22 191 85 191 62 191 62 192 86 193 64 194 85 195 86 196 62 197 64 198 86 198 66 198 86 199 89 199 66 199 66 200 89 201 68 202 89 203 91 203 68 203 68 204 91 204 70 204 91 205 93 205 70 205 70 206 93 206 72 206 93 207 95 208 72 209 72 210 95 211 73 212 95 213 96 214 73 215 73 216 96 217 74 218 96 219 99 220 74 221 74 222 99 222 76 222 99 223 98 223 76 223 76 224 98 225 75 226 98 227 97 228 75 229 75 230 97 230 0 230 97 231 1 231 0 231</p>
        </triangles>
      </mesh>
    </geometry>
    <geometry id="Part__Feature003_003-mesh" name="Part__Feature003.003">
      <mesh>
        <source id="Part__Feature003_003-mesh-positions">
          <float_array id="Part__Feature003_003-mesh-positions-array" count="624">-0.05822604 0.6317896 1.915884 -0.06022244 0.6319367 1.915884 -0.06022602 0.6317896 1.915884 -0.05822122 0.6318876 1.915884 -0.06021159 0.6320836 1.915884 -0.06019353 0.6322297 1.915884 -0.05820679 0.6319846 1.915884 -0.06016838 0.6323748 1.915884 -0.06013613 0.6325185 1.915884 -0.05818295 0.6320798 1.915884 -0.06009685 0.6326604 1.915884 -0.06005066 0.6328002 1.915884 -0.05814993 0.6321722 1.915884 -0.05999767 0.6329376 1.915884 -0.05993801 0.6330722 1.915884 -0.05810797 0.6322609 1.915884 -0.05987179 0.6332037 1.915884 -0.05979919 0.6333318 1.915884 -0.05805748 0.6323451 1.915884 -0.05972045 0.6334562 1.915884 -0.05963563 0.6335767 1.915884 -0.05799907 0.632424 1.915884 -0.05954504 0.6336927 1.915884 -0.05944889 0.6338042 1.915884 -0.05793315 0.6324966 1.915884 -0.05934733 0.6339108 1.915884 -0.05924069 0.6340124 1.915884 -0.05786043 0.6325626 1.915884 -0.05912923 0.6341086 1.915884 -0.05901312 0.6341992 1.915884 -0.05778157 0.632621 1.915884 -0.05889272 0.6342839 1.915884 -0.05876833 0.6343627 1.915884 -0.05769741 0.6326714 1.915884 -0.05864024 0.6344353 1.915884 -0.05850869 0.6345015 1.915884 -0.05760872 0.6327134 1.915884 -0.0583741 0.6345612 1.915884 -0.05823671 0.6346141 1.915884 -0.05751633 0.6327465 1.915884 -0.05809688 0.6346603 1.915884 -0.05795496 0.6346996 1.915884 -0.05742114 0.6327703 1.915884 -0.05781131 0.6347319 1.915884 -0.05766624 0.6347571 1.915884 -0.05732405 0.6327847 1.915884 -0.05752009 0.6347751 1.915884 -0.05737322 0.6347859 1.915884 -0.05722606 0.6327896 1.915884 -0.05722606 0.6347896 1.915884 1.136774 0.6327896 1.915884 1.136774 0.6347896 1.915884 -0.06022244 0.6319367 1.495884 -0.05822604 0.6317896 1.495884 -0.06022602 0.6317896 1.495884 -0.05822122 0.6318876 1.495884 -0.05737322 0.6347859 1.495884 -0.05722606 0.6347896 1.495884 -0.05722606 0.6327896 1.495884 -0.05732405 0.6327847 1.495884 -0.06021159 0.6320836 1.495884 -0.05752009 0.6347751 1.495884 -0.06019353 0.6322297 1.495884 -0.05820679 0.6319846 1.495884 -0.05766624 0.6347571 1.495884 -0.05742114 0.6327703 1.495884 -0.06016838 0.6323748 1.495884 -0.05781131 0.6347319 1.495884 -0.06013613 0.6325185 1.495884 -0.05818295 0.6320798 1.495884 -0.05795496 0.6346996 1.495884 -0.05751633 0.6327465 1.495884 -0.06009685 0.6326604 1.495884 -0.05809688 0.6346603 1.495884 -0.06005066 0.6328002 1.495884 -0.05814993 0.6321722 1.495884 -0.05823671 0.6346141 1.495884 -0.05760872 0.6327134 1.495884 -0.05999767 0.6329376 1.495884 -0.0583741 0.6345612 1.495884 -0.05993801 0.6330722 1.495884 -0.05810797 0.6322609 1.495884 -0.05850869 0.6345015 1.495884 -0.05769741 0.6326714 1.495884 -0.05987179 0.6332037 1.495884 -0.05864024 0.6344353 1.495884 -0.05979919 0.6333318 1.495884 -0.05805748 0.6323451 1.495884 -0.05876833 0.6343627 1.495884 -0.05778157 0.632621 1.495884 -0.05972045 0.6334562 1.495884 -0.05889272 0.6342839 1.495884 -0.05963563 0.6335767 1.495884 -0.05799907 0.632424 1.495884 -0.05901312 0.6341992 1.495884 -0.05786043 0.6325626 1.495884 -0.05954504 0.6336927 1.495884 -0.05912923 0.6341086 1.495884 -0.05944889 0.6338042 1.495884 -0.05793315 0.6324966 1.495884 -0.05924069 0.6340124 1.495884 -0.05934733 0.6339108 1.495884 -0.05822604 0.5847896 1.495884 -0.06022602 0.5847896 1.495884 1.136921 0.6347859 1.915884 1.136872 0.6327847 1.915884 1.13977 0.6319367 1.915884 1.137774 0.6317896 1.915884 1.139774 0.6317896 1.915884 1.137769 0.6318876 1.915884 1.137068 0.6347751 1.915884 1.13976 0.6320836 1.915884 1.137214 0.6347571 1.915884 1.136969 0.6327703 1.915884 1.139741 0.6322297 1.915884 1.137755 0.6319846 1.915884 1.137359 0.6347319 1.915884 1.139716 0.6323748 1.915884 1.137503 0.6346996 1.915884 1.137064 0.6327465 1.915884 1.139684 0.6325185 1.915884 1.137731 0.6320798 1.915884 1.137645 0.6346603 1.915884 1.139645 0.6326604 1.915884 1.137785 0.6346141 1.915884 1.137157 0.6327134 1.915884 1.139599 0.6328002 1.915884 1.137698 0.6321722 1.915884 1.137922 0.6345612 1.915884 1.139546 0.6329376 1.915884 1.138057 0.6345015 1.915884 1.137245 0.6326714 1.915884 1.139486 0.6330722 1.915884 1.137656 0.6322609 1.915884 1.138188 0.6344353 1.915884 1.13942 0.6332037 1.915884 1.138316 0.6343627 1.915884 1.137329 0.632621 1.915884 1.139347 0.6333318 1.915884 1.137605 0.6323451 1.915884 1.138441 0.6342839 1.915884 1.139268 0.6334562 1.915884 1.138561 0.6341992 1.915884 1.137408 0.6325626 1.915884 1.139184 0.6335767 1.915884 1.137547 0.632424 1.915884 1.138677 0.6341086 1.915884 1.139093 0.6336927 1.915884 1.138789 0.6340124 1.915884 1.137481 0.6324966 1.915884 1.138997 0.6338042 1.915884 1.138895 0.6339108 1.915884 1.137774 0.5847896 1.915884 1.139774 0.5847896 1.915884 1.137774 0.6317896 1.495884 1.13977 0.6319367 1.495884 1.139774 0.6317896 1.495884 1.137769 0.6318876 1.495884 1.139741 0.6322297 1.495884 1.13976 0.6320836 1.495884 1.137755 0.6319846 1.495884 1.139684 0.6325185 1.495884 1.139716 0.6323748 1.495884 1.137731 0.6320798 1.495884 1.139599 0.6328002 1.495884 1.139645 0.6326604 1.495884 1.137698 0.6321722 1.495884 1.139486 0.6330722 1.495884 1.139546 0.6329376 1.495884 1.137656 0.6322609 1.495884 1.139347 0.6333318 1.495884 1.13942 0.6332037 1.495884 1.137605 0.6323451 1.495884 1.139184 0.6335767 1.495884 1.139268 0.6334562 1.495884 1.137547 0.632424 1.495884 1.138997 0.6338042 1.495884 1.139093 0.6336927 1.495884 1.137481 0.6324966 1.495884 1.138895 0.6339108 1.495884 1.138789 0.6340124 1.495884 1.137408 0.6325626 1.495884 1.138677 0.6341086 1.495884 1.138561 0.6341992 1.495884 1.137329 0.632621 1.495884 1.138441 0.6342839 1.495884 1.138316 0.6343627 1.495884 1.137245 0.6326714 1.495884 1.138188 0.6344353 1.495884 1.138057 0.6345015 1.495884 1.137157 0.6327134 1.495884 1.137922 0.6345612 1.495884 1.137785 0.6346141 1.495884 1.137064 0.6327465 1.495884 1.137645 0.6346603 1.495884 1.137503 0.6346996 1.495884 1.136969 0.6327703 1.495884 1.137359 0.6347319 1.495884 1.137214 0.6347571 1.495884 1.136872 0.6327847 1.495884 1.137068 0.6347751 1.495884 1.136921 0.6347859 1.495884 1.136774 0.6327896 1.495884 1.136774 0.6347896 1.495884 1.137774 0.5847896 1.495884 1.139774 0.5847896 1.495884 -0.06022602 0.5847896 1.915884 -0.05822604 0.5847896 1.915884</float_array>
          <technique_common>
            <accessor source="#Part__Feature003_003-mesh-positions-array" count="208" stride="3">
              <param name="X" type="float"/>
              <param name="Y" type="float"/>
              <param name="Z" type="float"/>
            </accessor>
          </technique_common>
        </source>
        <source id="Part__Feature003_003-mesh-normals">
          <float_array id="Part__Feature003_003-mesh-normals-array" count="1929">0 0 1 2.81496e-4 0 1 2.81582e-4 0 1 2.8159e-4 0 1 5.9577e-5 0 1 5.96905e-5 0 1 5.97097e-5 0 1 -1.979e-4 0 1 -1.97839e-4 0 1 -1.97609e-4 0 1 -6.21686e-5 0 1 -6.06789e-5 0 1 -6.18444e-5 0 1 1.97888e-4 0 1 1.97536e-4 0 1 -1.53167e-5 0 1 -1.5166e-5 0 1 -1.50824e-5 0 1 -7.59636e-5 0 1 -7.56543e-5 0 1 -7.54527e-5 0 1 -7.46595e-5 0 1 -7.43639e-5 0 1 -7.41482e-5 0 1 2.09172e-5 0 1 2.13217e-5 0 1 2.16711e-5 0 1 -8.4176e-5 0 1 -8.40867e-5 0 1 -8.40004e-5 0 1 1.06099e-5 -1.20548e-7 1 9.13395e-6 1.3801e-7 1 7.34942e-6 0 1 7.41015e-5 0 1 1.22893e-5 0 1 1.19895e-5 0 1 1.11937e-5 0 1 -1.25691e-6 0 1 1.78814e-7 0 1 -1.74076e-6 0 1 0 0 1 1.40141e-6 0 1 -3.83705e-7 0 1 1.72494e-5 0 1 1.72107e-5 0 1 1.70098e-5 0 1 4.44461e-4 0 0.9999999 -5.91266e-7 0 1 1.00082e-6 0 1 -4.04194e-7 0 1 1.91298e-5 -1.6691e-7 1 1.95441e-5 0 1 1.64413e-5 0 1 1.3642e-5 -1.27708e-7 1 1.43765e-5 0 1 1.17786e-5 0 1 -4.88306e-5 0 1 -4.71417e-5 0 1 -4.83174e-5 1.35944e-7 1 -4.60152e-7 0 1 1.18697e-6 0 1 2.17115e-7 -1.48611e-7 1 -8.5632e-5 0 1 -8.55564e-5 0 1 -8.57329e-5 0 1 0 0 -1 -4.7832e-5 0 -1 -4.81573e-5 0 -1 -4.75885e-5 0 -1 4.84307e-5 0 -1 4.68337e-5 0 -1 4.74902e-5 0 -1 9.28361e-7 0 -1 -7.10599e-7 0 -1 -2.12574e-7 0 -1 -1.97628e-4 0 -1 -4.74408e-5 0 -1 -4.91174e-5 0 -1 -4.86699e-5 0 -1 -7.8343e-5 0 -1 -7.87427e-5 0 -1 -7.86797e-5 0 -1 -7.87306e-5 0 -1 -7.92761e-5 0 -1 -7.86465e-5 0 -1 -6.0285e-5 0 -1 -6.03959e-5 0 -1 -6.02617e-5 0 -1 -6.86892e-5 0 -1 -6.919e-5 0 -1 -6.9081e-5 0 -1 -8.37767e-5 0 -1 -8.39281e-5 0 -1 -8.37374e-5 0 -1 4.44461e-4 0 -0.9999999 -8.378e-5 0 -1 -8.39271e-5 0 -1 -8.3735e-5 0 -1 1.4814e-4 0 -1 -2.34057e-5 0 -1 -2.38506e-5 0 -1 -2.32433e-5 0 -1 -3.9333e-5 0 -1 -3.94029e-5 0 -1 -3.93443e-5 0 -1 1.0932e-4 0 -1 1.09173e-4 0 -1 1.09223e-4 0 -1 1.66966e-5 0 -1 1.58529e-5 0 -1 1.64654e-5 0 -1 -2.40681e-5 0 -1 -2.44539e-5 0 -1 -2.38538e-5 0 -1 1.22059e-4 0 -1 1.21404e-4 0 -1 1.21668e-4 0 -1 1.22463e-4 0 -1 1.21896e-4 0 -1 1.22254e-4 0 -1 1.95786e-5 -1.25845e-7 -1 1.77639e-5 0 -1 1.86224e-5 0 -1 -2.3486e-5 0 -1 -2.37888e-5 0 -1 -2.32245e-5 0 -1 1.3952e-5 0 -1 1.25665e-5 0 -1 1.33247e-5 0 -1 1.45443e-6 0 -1 2.58093e-7 0 -1 -7.69098e-7 0 -1 -1.07902e-5 0 1 -1.06693e-5 0 1 -1.08809e-5 0 1 -2.70909e-6 0 1 -1.06345e-6 0 1 -1.73983e-6 0 1 -1.02283e-5 0 1 -8.36259e-6 0 1 -1.09647e-5 0 1 -5.11863e-5 0 1 -4.95943e-5 0 1 -5.00783e-5 0 1 -1.48456e-4 0 1 1.97628e-4 0 1 2.52416e-5 0 1 2.79937e-5 0 1 2.48191e-5 0 1 8.3769e-5 0 1 8.39315e-5 0 1 8.37417e-5 0 1 -3.54202e-5 0 1 -3.5206e-5 0 1 -3.524e-5 0 1 -1.93825e-6 0 1 -3.46801e-7 0 1 -5.33764e-7 0 1 -1.06485e-4 0 1 -1.06391e-4 0 1 -1.06483e-4 0 1 -1.73389e-5 0 1 -1.69953e-5 0 1 -1.70698e-5 0 1 7.45252e-5 0 1 7.48065e-5 0 1 7.45709e-5 0 1 3.90943e-5 0 1 3.9194e-5 0 1 3.91662e-5 0 1 3.6149e-6 0 1 5.09375e-6 0 1 5.40528e-6 0 1 -1.78843e-7 0 1 1.2567e-6 0 1 1.74099e-6 0 1 -1.13653e-5 0 1 -1.02685e-5 0 1 -1.10644e-5 0 1 -1.477e-4 0 1 2.40682e-5 0 1 2.4454e-5 0 1 2.38537e-5 0 1 -7.39782e-5 0 1 1.23406e-4 0 1 1.24062e-4 0 1 1.23798e-4 0 1 -6.47572e-6 0 1 -3.22051e-6 0 1 -5.00388e-6 0 1 -1.48225e-4 0 1 -9.96748e-7 0 1 2.52388e-7 0 1 -2.0747e-6 0 1 9.88289e-5 0 -1 8.34632e-5 0 -1 8.33115e-5 0 -1 8.32723e-5 0 -1 2.96839e-4 0 -1 -1.70242e-5 0 -1 -1.7367e-5 0 -1 -1.70787e-5 0 -1 5.93553e-5 0 -1 5.92582e-5 0 -1 5.92225e-5 0 -1 -1.46927e-5 0 -1 -1.48766e-5 0 -1 -1.49327e-5 0 -1 -6.09601e-5 0 -1 -6.24489e-5 0 -1 -6.12831e-5 0 -1 -9.90344e-5 0 -1 1.8191e-5 0 -1 1.79738e-5 0 -1 1.78533e-5 0 -1 2.38278e-5 0 -1 2.35251e-5 0 -1 2.32637e-5 0 -1 1.14498e-5 0 -1 1.00835e-5 0 -1 1.09004e-5 0 -1 -1.95531e-5 0 -1 -2.47151e-5 0 -1 -2.19975e-5 -1.35624e-7 -1 3.50201e-6 0 -1 2.30572e-6 0 -1 4.53304e-6 0 -1 -1.12498e-5 0 -1 -1.06242e-5 0 -1 -9.86614e-6 0 -1 2.27845e-5 0 -1 2.30324e-5 0 -1 2.34565e-5 0 -1 -1.58875e-5 0 -1 -1.56562e-5 0 -1 -1.50432e-5 0 -1 3.72898e-5 0 -1 3.73013e-5 0 -1 3.73602e-5 0 -1 -1.06485e-4 0 -1 -1.06483e-4 0 -1 -1.06391e-4 0 -1 -1.55059e-5 0 -1 -1.55983e-5 0 -1 -1.49048e-5 0 -1 1.00188e-6 0 -1 -6.25267e-7 0 -1 5.67175e-7 0 -1 5.09783e-5 0 -1 4.93864e-5 0 -1 5.04943e-5 0 -1 2.65053e-6 0 -1 1.0049e-6 0 -1 1.97382e-6 0 -1 -1.03051e-6 0 -1 -1.28659e-6 0 -1 -6.88364e-7 0 -1 -1 0 0 0 -1 0 1 0 0 0.02445626 0.9997009 0 0.02445626 0.9997009 0 0.02445626 0.9997009 0 0.02462369 0.9996968 0 0.02462369 0.9996968 0 0.02462369 0.9996968 0 0.07382559 0.9972712 0 0.07382559 0.9972712 0 0.07382559 0.9972712 0 0.1224567 0.9924739 0 0.07375532 0.9972764 0 0.07375532 0.9972764 0 0.07375532 0.9972764 0 0.1224566 0.9924739 0 0.1711046 0.9852529 0 0.1712671 0.9852246 0 0.2190452 0.9757148 0 0.2188396 0.9757609 0 0.2669658 0.9637061 0 0.2669658 0.963706 0 0.2669657 0.9637061 0 0.2667509 0.9637655 0 0.3138003 0.9494891 0 0.3138003 0.9494891 0 0.3138003 0.9494891 0 0.3136504 0.9495386 0 0.3136505 0.9495386 0 0.3136505 0.9495386 0 0.3601749 0.9328849 0 0.4049473 0.9143401 0 0.4049473 0.9143401 0 0.4049472 0.9143401 0 0.3601747 0.9328849 0 0.4046893 0.9144543 0 0.4499247 0.8930665 0 0.4499245 0.8930666 0 0.4499246 0.8930665 0 0.4498429 0.8931077 0 0.449843 0.8931077 -4.17499e-7 0.4498429 0.8931077 0 0.4926565 0.8702239 0 0.4926565 0.8702239 0 0.4926565 0.8702239 0 0.4926567 0.8702238 0 0.4926567 0.8702238 -2.15849e-7 0.4926567 0.8702238 0 0.5351555 0.8447537 0 0.5351553 0.8447538 0 0.5351554 0.8447537 0 0.5351272 0.8447715 -1.83584e-7 0.5351274 0.8447714 0 0.5351269 0.8447717 0 0.5758512 0.8175546 0 0.5758513 0.8175545 0 0.575851 0.8175547 0 0.5759047 0.8175169 0 0.5759047 0.8175169 0 0.5759047 0.8175169 0 0.6151862 0.788382 0 0.6151862 0.7883819 0 0.6151862 0.7883819 0 0.6152477 0.7883338 0 0.6533848 0.757026 0 0.6533844 0.7570263 0 0.6533846 0.7570262 0 0.6533799 0.7570303 -2.30223e-7 0.6533804 0.7570298 0 0.6533793 0.7570307 -1.38021e-7 0.6894841 0.7243009 0 0.6894847 0.7243003 1.54142e-7 0.6894844 0.7243006 2.62605e-7 0.689521 0.7242658 0 0.6895208 0.7242659 0 0.6895211 0.7242656 0 0.7240918 0.6897037 0 0.7240924 0.6897031 0 0.7240921 0.6897034 0 0.72406 0.689737 0 0.7240599 0.6897372 0 0.7240602 0.6897369 0 0.7573024 0.6530644 0 0.7573024 0.6530644 0 0.7573024 0.6530644 0 0.7573025 0.6530642 0 0.7573026 0.6530642 0 0.7573026 0.6530642 0 0.788253 0.6153513 0 0.7882526 0.6153519 0 0.7882528 0.6153516 0 0.7882646 0.6153365 -2.43145e-7 0.7882651 0.6153358 0 0.7882641 0.6153371 -1.44921e-7 0.8178799 0.575389 0 0.8178801 0.5753887 1.95568e-7 0.81788 0.5753889 3.33094e-7 0.8178931 0.5753702 0 0.8178928 0.5753708 0 0.8178936 0.5753697 0 0.8444452 0.5356419 0 0.8444454 0.5356417 0 0.8702545 0.4926024 0 0.8702545 0.4926026 0 0.8702545 0.4926025 0 0.8702545 0.4926025 -1.92622e-7 0.8702545 0.4926026 0 0.8702545 0.4926024 0 0.8930009 0.450055 0 0.893001 0.4500549 0 0.8930009 0.4500551 0 0.8929801 0.4500963 0 0.89298 0.4500966 0 0.89298 0.4500964 0 0.9144789 0.4046336 -2.39367e-7 0.9144788 0.4046338 0 0.914479 0.4046333 -1.42672e-7 0.914479 0.4046333 0 0.9144788 0.4046338 0 0.9144789 0.4046336 0 0.9327201 0.3606012 0 0.9327201 0.3606012 0 0.9327201 0.3606011 0 0.9496297 0.3133742 0 0.9496297 0.3133741 0 0.9496298 0.3133742 0 0.9327201 0.3606013 0 0.9327201 0.3606014 0 0.9327201 0.3606014 0 0.9496734 0.3132421 0 0.963732 0.2668724 0 0.963732 0.2668725 0 0.963732 0.2668722 0 0.9637241 0.2669004 0 0.9637245 0.2668994 1.26525e-7 0.9637243 0.2668999 2.14047e-7 0.9757093 0.2190695 0 0.9757093 0.2190697 0 0.9757094 0.2190694 0 0.985309 0.1707813 0 0.985309 0.1707814 0 0.985309 0.1707811 0 0.9757538 0.2188715 0 0.975754 0.2188704 0 0.9757539 0.218871 1.62861e-7 0.9853156 0.1707431 0 0.9853157 0.1707424 0 0.9853156 0.1707428 0 0.9924487 0.1226612 -5.22096e-7 0.9924486 0.122662 0 0.9924487 0.1226604 -3.10661e-7 0.9924489 0.1226589 0 0.9924492 0.1226562 0 0.9924491 0.1226575 0 0.9972734 0.07379531 0 0.9972735 0.0737937 0 0.9972733 0.07379692 0 0.9972733 0.07379794 0 0.9972732 0.07379901 3.03747e-7 0.9972732 0.07379847 5.12484e-7 0.9997101 0.02407926 -2.371e-7 0.9997101 0.02407974 0 0.9997101 0.02407872 -1.40381e-7 0.99971 0.02408504 0 0.99971 0.02408397 0 0.99971 0.0240845 0 0 1 0 -0.9996991 0.02453291 0 -0.9996991 0.02453291 0 -0.9972878 0.07360064 0 -0.9924758 0.1224421 0 -0.9972879 0.07360059 0 -0.9852907 0.1708868 0 -0.9853008 0.1708282 0 -0.9756927 0.2191435 0 -0.9757056 0.2190862 0 -0.9637455 0.2668231 0 -0.963761 0.2667673 0 -0.9495299 0.3136767 0 -0.9495478 0.3136223 0 -0.9330132 0.3598425 0 -0.9141666 0.4053388 0 -0.933013 0.3598427 0 -0.9141889 0.4052885 0 -0.8931503 0.4497584 0 -0.8931502 0.4497588 0 -0.8701567 0.4927753 0 -0.8701308 0.4928209 0 -0.8448539 0.5349972 0 -0.8448538 0.5349974 0 -0.8175591 0.5758448 0 -0.8175591 0.5758448 0 -0.8175591 0.5758448 0 -0.817724 0.5756107 0 -0.7881267 0.6155132 0 -0.7880976 0.6155503 0 -0.7572878 0.6530812 0 -0.7572579 0.6531161 0 -0.7242462 0.6895415 0 -0.7242164 0.6895729 0 -0.6896079 0.724183 0 -0.6896678 0.724126 0 -0.6532809 0.7571156 0 -0.6532807 0.7571159 0 -0.6152766 0.7883113 0 -0.6152769 0.7883111 0 -0.5757946 0.8175944 0 -0.5757946 0.8175944 0 -0.5757946 0.8175944 0 -0.5753746 0.8178901 0 -0.5351095 0.8447827 0 -0.5351099 0.8447825 0 -0.4930136 0.8700216 0 -0.492988 0.8700361 0 -0.4496898 0.893185 0 -0.4052021 0.9142272 0 -0.4052243 0.9142174 0 -0.3595068 0.9331426 0 -0.3136968 0.9495232 0 -0.3595268 0.9331348 0 -0.2667512 0.9637655 0 -0.2667819 0.9637569 0 -0.218925 0.9757418 0 -0.218925 0.9757418 0 -0.218925 0.9757418 0 -0.1712062 0.9852353 0 -0.2190524 0.9757132 0 -0.2190524 0.9757132 0 -0.2190524 0.9757132 0 -0.1712265 0.9852318 0 -0.1222444 0.9925001 0 -0.1222516 0.9924992 0 -0.07374757 0.997277 0 -0.07374757 0.997277 0 -0.07374757 0.997277 0 -0.07374763 0.997277 0 -0.07374763 0.997277 0 -0.07374763 0.997277 0 -0.02452182 0.9996993 0 -0.02452182 0.9996993 0 -0.02452182 0.9996993 0 -0.02452182 0.9996993 0 -0.02452182 0.9996993 0 -0.02452182 0.9996993 0 0.9987943 -0.04909127 0 0.9987899 -0.04918146 0 0.9891479 -0.1469231 0 0.9891742 -0.1467462 0 0.9700353 -0.2429643 0 0.9416102 -0.336705 0 0.9700352 -0.2429644 0 0.9039664 -0.4276035 0 0.9415817 -0.3367848 0 0.9039317 -0.4276772 0 0.8577396 -0.5140847 0 0.8576598 -0.5142177 0 0.8032535 -0.5956373 0 0.8032535 -0.5956373 0 0.8032535 -0.5956373 0 0.7407516 -0.671779 0 0.7407516 -0.671779 0 0.7407516 -0.671779 -1.66567e-7 0.8032535 -0.5956373 0 0.8032535 -0.5956373 0 0.8032535 -0.5956373 0 0.6719056 -0.7406368 0 0.7408608 -0.6716586 0 0.7408609 -0.6716585 0 0.7408609 -0.6716586 0 0.6716406 -0.7408772 1.6668e-7 0.6716406 -0.7408772 0 0.6716406 -0.7408772 0 0.5953814 -0.8034433 0 0.5954248 -0.8034111 0 0.5139055 -0.8578469 0 0.5139454 -0.857823 0 0.4280375 -0.903761 0 0.3365973 -0.9416488 0 0.3365973 -0.9416488 0 0.3365973 -0.9416488 0 0.4280725 -0.9037444 0 0.3366259 -0.9416385 0 0.3366259 -0.9416385 0 0.3366259 -0.9416385 0 0.2431334 -0.9699929 0 0.2431334 -0.9699929 0 0.2431334 -0.9699929 0 0.1469826 -0.9891391 0 0.2431334 -0.9699929 0 0.2431334 -0.9699929 0 0.2431334 -0.9699929 0 0.04922693 -0.9987877 0 0.04922693 -0.9987877 0 0.04922693 -0.9987877 0 0.04922693 -0.9987877 0 0.04922693 -0.9987877 0 0.04922693 -0.9987877 0 -0.04918068 -0.99879 0 -0.04918068 -0.99879 0 -0.04918068 -0.99879 0 -0.04922842 -0.9987875 0 -0.04922842 -0.9987875 0 -0.04922842 -0.9987875 0 -0.1468352 -0.989161 0 -0.1468353 -0.989161 0 -0.1468353 -0.989161 -1.99869e-7 -0.1469826 -0.9891391 0 -0.242986 -0.9700298 0 -0.2431097 -0.9699988 0 -0.2431098 -0.9699988 0 -0.2431098 -0.9699988 0 -0.3364985 -0.941684 0 -0.3364985 -0.941684 0 -0.3364984 -0.9416841 0 -0.3364985 -0.941684 0 -0.3364984 -0.9416841 0 -0.3364985 -0.941684 0 -0.4277522 -0.903896 0 -0.4277522 -0.9038961 -1.69112e-7 -0.4277521 -0.9038961 -1.69468e-7 -0.4277522 -0.903896 0 -0.4277521 -0.9038961 2.08878e-7 -0.4277522 -0.9038961 1.70156e-7 -0.5139852 -0.8577991 0 -0.514048 -0.8577615 0 -0.514048 -0.8577614 0 -0.514048 -0.8577615 0 -0.5956157 -0.8032695 -1.49886e-7 -0.5956164 -0.8032692 -1.19569e-7 -0.5956169 -0.8032687 0 -0.595532 -0.8033317 0 -0.5955318 -0.8033319 0 -0.5955319 -0.8033317 0 -0.6714676 -0.7410339 0 -0.6714676 -0.741034 0 -0.6714676 -0.741034 0 -0.6714678 -0.7410337 0 -0.6714677 -0.7410338 0 -0.6714678 -0.7410338 0 -0.7407851 -0.6717422 0 -0.740785 -0.6717423 0 -0.7407849 -0.6717424 0 -0.7407849 -0.6717423 0 -0.7407848 -0.6717426 0 -0.7407848 -0.6717424 0 -0.8032732 -0.5956109 0 -0.8032734 -0.5956106 -2.39956e-7 -0.8032736 -0.5956102 -2.40435e-7 -0.8032636 -0.5956237 0 -0.8032624 -0.5956255 2.31034e-7 -0.803263 -0.5956246 1.86251e-7 -0.8578702 -0.5138665 -3.55148e-7 -0.8578708 -0.5138655 -2.82825e-7 -0.8578714 -0.5138646 0 -0.8578891 -0.513835 1.57668e-6 -0.8578882 -0.5138366 0 -0.8578886 -0.5138359 2.23959e-7 -0.9038131 -0.4279275 0 -0.9038132 -0.4279273 0 -0.9038134 -0.427927 0 -0.9037568 -0.4280463 0 -0.9419267 -0.3358187 0 -0.9419267 -0.3358188 0 -0.9419267 -0.3358188 0 -0.969834 -0.2437664 0 -0.969834 -0.2437665 0 -0.9698339 -0.2437667 0 -0.9418784 -0.335954 0 -0.9418784 -0.335954 0 -0.9418784 -0.335954 0 -0.9698545 -0.2436848 7.16141e-7 -0.9698547 -0.2436843 0 -0.9698547 -0.2436845 1.85031e-7 -0.9891663 -0.1467998 0 -0.9891663 -0.1467992 -2.331e-7 -0.9891664 -0.1467986 -2.34337e-6 -0.9988201 -0.04856526 0 -0.9988201 -0.0485655 0 -0.9988201 -0.0485658 0 -0.9891672 -0.1467937 0 -0.9891668 -0.1467959 2.05577e-7 -0.989167 -0.1467948 1.65557e-7 -0.9988224 -0.0485174 1.25924e-7 -0.9988223 -0.04851794 0 -0.9988223 -0.04851764 1.88986e-7</float_array>
          <technique_common>
            <accessor source="#Part__Feature003_003-mesh-normals-array" count="643" stride="3">
              <param name="X" type="float"/>
              <param name="Y" type="float"/>
              <param name="Z" type="float"/>
            </accessor>
          </technique_common>
        </source>
        <vertices id="Part__Feature003_003-mesh-vertices">
          <input semantic="POSITION" source="#Part__Feature003_003-mesh-positions"/>
        </vertices>
        <triangles material="Part__Feature003_003-material" count="412">
          <input semantic="VERTEX" source="#Part__Feature003_003-mesh-vertices" offset="0"/>
          <input semantic="NORMAL" source="#Part__Feature003_003-mesh-normals" offset="1"/>
          <p>0 0 1 0 2 0 3 0 4 0 1 0 3 1 5 2 4 3 3 0 1 0 0 0 6 0 7 0 5 0 6 4 8 5 7 6 6 0 5 0 3 0 9 7 10 7 8 7 9 0 11 0 10 0 9 0 8 0 6 0 12 8 13 8 11 8 12 9 14 9 13 9 12 10 11 11 9 12 15 13 16 13 14 13 15 14 17 14 16 14 15 0 14 0 12 0 18 15 19 16 17 17 18 18 20 19 19 20 18 0 17 0 15 0 21 21 22 22 20 23 21 24 23 25 22 26 21 0 20 0 18 0 24 27 25 28 23 29 24 0 23 0 21 0 26 0 25 0 24 0 26 30 24 31 27 32 28 0 26 0 27 0 29 0 28 0 27 0 29 33 27 33 30 33 31 0 29 0 30 0 32 0 31 0 30 0 32 34 30 35 33 36 34 37 32 38 33 39 35 40 34 41 33 42 35 43 33 44 36 45 37 0 35 0 36 0 38 0 37 0 36 0 38 46 36 46 39 46 40 0 38 0 39 0 41 47 40 48 39 49 41 50 39 51 42 52 43 0 41 0 42 0 44 0 43 0 42 0 44 53 42 54 45 55 46 56 44 57 45 58 47 59 46 60 45 61 47 62 45 63 48 64 49 0 47 0 48 0 50 0 49 0 48 0 51 0 49 0 50 0 52 65 53 65 54 65 52 65 55 65 53 65 56 65 57 65 58 65 56 66 58 67 59 68 60 65 55 65 52 65 61 69 56 70 59 71 62 65 63 65 55 65 62 65 55 65 60 65 64 65 59 65 65 65 64 72 61 73 59 74 66 75 63 75 62 75 67 76 64 77 65 78 68 65 63 65 66 65 68 79 69 80 63 81 70 65 67 65 65 65 70 82 65 83 71 84 72 85 69 86 68 87 73 65 70 65 71 65 74 88 75 89 69 90 74 91 69 92 72 93 76 65 73 65 71 65 76 94 71 94 77 94 78 95 75 96 74 97 79 65 76 65 77 65 80 98 81 98 75 98 80 99 75 100 78 101 82 65 79 65 77 65 82 102 77 103 83 104 84 65 81 65 80 65 85 65 82 65 83 65 86 65 81 65 84 65 86 105 87 106 81 107 88 65 85 65 83 65 88 108 83 109 89 110 90 111 87 112 86 113 91 65 88 65 89 65 92 65 87 65 90 65 92 114 93 115 87 116 94 65 91 65 89 65 94 117 89 118 95 119 96 65 93 65 92 65 97 65 94 65 95 65 98 120 99 121 93 122 98 123 93 124 96 125 100 126 95 127 99 128 100 65 97 65 95 65 101 65 99 65 98 65 101 129 100 130 99 131 54 65 53 65 102 65 54 65 102 65 103 65 104 0 51 0 50 0 104 132 50 133 105 134 106 0 107 0 108 0 106 0 109 0 107 0 110 135 104 136 105 137 111 0 109 0 106 0 112 138 105 139 113 140 112 141 110 142 105 143 114 144 115 144 109 144 114 145 109 145 111 145 116 0 112 0 113 0 117 0 115 0 114 0 118 146 113 147 119 148 118 0 116 0 113 0 120 149 115 150 117 151 120 152 121 153 115 154 122 155 118 156 119 157 123 0 121 0 120 0 124 0 122 0 119 0 124 158 119 159 125 160 126 161 127 162 121 163 126 0 121 0 123 0 128 0 124 0 125 0 129 0 127 0 126 0 130 0 128 0 125 0 130 164 125 165 131 166 132 167 133 168 127 169 132 0 127 0 129 0 134 170 130 171 131 172 135 0 133 0 132 0 136 173 134 174 131 175 136 176 131 177 137 178 138 0 133 0 135 0 138 179 139 179 133 179 140 0 136 0 137 0 141 180 139 181 138 182 142 0 140 0 137 0 142 183 137 183 143 183 144 0 139 0 141 0 144 184 145 185 139 186 146 0 142 0 143 0 147 0 145 0 144 0 148 187 143 188 149 189 148 0 146 0 143 0 150 190 149 190 145 190 150 191 145 192 147 193 151 0 149 0 150 0 151 0 148 0 149 0 108 0 107 0 152 0 108 0 152 0 153 0 154 65 155 65 156 65 157 65 158 65 159 65 157 65 159 65 155 65 157 65 155 65 154 65 160 65 161 65 162 65 160 194 162 194 158 194 160 65 158 65 157 65 163 195 164 196 165 197 163 198 165 198 161 198 163 199 161 200 160 201 166 202 167 203 168 204 166 205 168 206 164 207 166 208 164 209 163 210 169 65 170 65 171 65 169 65 171 65 167 65 169 65 167 65 166 65 172 211 173 211 174 211 172 212 174 213 170 214 172 65 170 65 169 65 175 215 176 216 177 217 175 65 177 65 173 65 175 218 173 219 172 220 178 221 176 222 175 223 179 65 176 65 178 65 180 224 179 225 178 226 180 227 178 228 181 229 182 65 180 65 181 65 183 65 182 65 181 65 183 230 181 231 184 232 185 65 183 65 184 65 186 65 185 65 184 65 186 233 184 234 187 235 188 65 186 65 187 65 189 65 188 65 187 65 189 236 187 237 190 238 191 65 189 65 190 65 192 65 191 65 190 65 192 239 190 240 193 241 194 65 192 65 193 65 195 242 193 243 196 244 195 65 194 65 193 65 197 65 195 65 196 65 198 65 196 65 199 65 198 245 197 246 196 247 200 248 198 249 199 250 201 251 200 252 199 253 201 254 199 255 202 256 203 65 201 65 202 65 57 65 203 65 202 65 57 65 202 65 58 65 107 257 154 257 152 257 152 257 154 257 204 257 205 258 153 258 152 258 205 258 152 258 204 258 156 259 108 259 153 259 156 259 153 259 205 259 201 260 203 261 51 262 201 263 51 264 104 265 200 266 104 267 110 268 200 269 110 269 112 269 200 270 201 271 104 272 198 273 200 273 112 273 197 274 112 274 116 274 197 275 198 275 112 275 195 276 116 276 118 276 195 277 197 277 116 277 194 278 118 279 122 280 194 281 195 281 118 281 192 282 122 283 124 284 192 285 194 286 122 287 191 288 124 288 128 288 191 289 128 290 130 291 191 292 192 292 124 292 189 293 191 293 130 293 188 294 189 295 130 296 188 297 130 298 134 299 186 300 188 301 134 302 186 303 134 304 136 305 185 306 186 307 136 308 185 309 136 310 140 311 185 312 140 313 142 314 183 315 185 316 142 317 182 318 183 319 142 320 182 321 142 321 146 321 180 322 182 323 146 324 180 325 146 326 148 327 179 328 180 329 148 330 179 331 148 332 151 333 176 334 179 335 151 336 176 337 151 338 150 339 176 340 150 341 147 342 177 343 176 344 147 345 173 346 177 347 147 348 173 349 147 350 144 351 174 352 173 353 144 354 174 355 144 356 141 357 170 358 141 358 138 358 170 359 174 359 141 359 171 360 170 361 138 362 171 363 138 364 135 365 171 366 135 367 132 368 167 369 171 370 132 371 168 372 132 373 129 374 168 375 167 376 132 377 164 378 129 379 126 380 164 381 126 382 123 383 164 384 168 385 129 386 165 387 164 387 123 387 161 388 123 389 120 390 161 391 165 392 123 393 162 394 120 395 117 396 162 397 117 398 114 399 162 400 161 401 120 402 158 403 162 404 114 405 159 406 114 407 111 408 159 409 158 410 114 411 155 412 111 413 106 414 155 415 159 416 111 417 156 418 106 419 108 420 156 421 155 422 106 423 51 424 203 424 57 424 51 424 57 424 49 424 52 425 54 425 2 425 52 426 2 426 1 426 60 427 1 427 4 427 60 428 4 428 5 428 60 429 52 429 1 429 62 428 60 428 5 428 66 430 5 430 7 430 66 431 62 431 5 431 68 432 7 432 8 432 68 433 66 433 7 433 72 434 8 434 10 434 72 435 68 435 8 435 74 436 10 436 11 436 74 437 72 437 10 437 78 438 11 438 13 438 78 439 13 439 14 439 78 440 74 440 11 440 80 441 78 441 14 441 84 442 80 442 14 442 84 443 14 443 16 443 86 444 84 444 16 444 86 445 16 445 17 445 90 446 86 446 17 446 90 447 17 447 19 447 90 448 19 449 20 450 92 451 90 451 20 451 96 452 92 452 20 452 96 453 20 453 22 453 98 454 96 454 22 454 98 455 22 455 23 455 101 456 98 456 23 456 101 457 23 457 25 457 100 458 101 458 25 458 100 459 25 459 26 459 100 460 26 460 28 460 97 461 100 461 28 461 94 462 97 462 28 462 94 463 28 463 29 463 91 464 94 465 29 466 91 467 29 467 31 467 88 468 31 468 32 468 88 469 91 469 31 469 85 470 88 470 32 470 85 471 32 471 34 471 85 472 34 472 35 472 82 472 85 472 35 472 79 473 35 473 37 473 79 474 82 474 35 474 76 475 37 475 38 475 76 476 38 476 40 476 76 477 79 477 37 477 73 476 76 476 40 476 70 478 40 478 41 478 70 479 73 479 40 479 67 480 41 481 43 482 67 483 43 483 44 483 67 484 70 485 41 486 64 487 67 487 44 487 61 488 44 488 46 488 61 489 64 489 44 489 56 490 46 491 47 492 56 493 61 494 46 495 57 496 47 497 49 498 57 499 56 500 47 501 2 257 54 257 103 257 2 257 103 257 206 257 102 258 207 258 206 258 102 258 206 258 103 258 102 259 0 259 207 259 53 259 0 259 102 259 53 502 55 502 0 502 0 503 55 503 3 503 3 504 55 504 6 504 55 505 63 505 6 505 6 506 69 506 9 506 9 507 69 507 12 507 63 508 69 508 6 508 12 509 75 509 15 509 69 510 75 510 12 510 75 511 81 511 15 511 15 512 87 512 18 512 81 513 87 513 15 513 18 514 93 515 21 516 21 517 93 518 24 519 87 520 93 521 18 522 24 523 99 523 27 523 93 524 99 525 24 526 99 527 95 528 27 529 27 530 89 530 30 530 95 531 89 531 27 531 30 532 83 532 33 532 89 533 83 533 30 533 33 534 77 534 36 534 36 535 77 536 39 537 83 538 77 538 33 538 77 539 71 540 39 541 39 542 65 543 42 544 42 545 65 545 45 545 71 546 65 547 39 548 65 545 59 545 45 545 59 549 58 550 45 551 45 552 58 553 48 554 58 258 50 258 48 258 202 258 50 258 58 258 202 555 199 556 50 557 50 558 199 559 105 560 105 561 199 562 113 563 199 564 196 564 113 564 113 565 193 565 119 565 196 566 193 567 113 568 119 569 190 570 125 571 193 572 190 573 119 574 125 575 187 576 131 577 190 578 187 579 125 580 131 581 184 581 137 581 187 582 184 583 131 584 137 585 181 586 143 587 184 588 181 589 137 590 143 591 178 592 149 593 181 594 178 595 143 596 149 597 175 598 145 599 178 600 175 601 149 602 145 603 172 604 139 605 175 606 172 607 145 608 139 609 169 610 133 611 172 612 169 613 139 614 133 615 166 616 127 617 169 618 166 618 133 618 127 619 163 620 121 621 121 622 163 623 115 624 166 625 163 626 127 627 163 628 160 629 115 630 115 631 157 632 109 633 109 634 157 635 107 636 160 637 157 638 115 639 157 640 154 641 107 642 0 0 2 0 206 0 0 0 206 0 207 0 204 65 156 65 205 65 154 65 156 65 204 65</p>
        </triangles>
      </mesh>
    </geometry>
    <geometry id="Part__Feature002_003-mesh" name="Part__Feature002.003">
      <mesh>
        <source id="Part__Feature002_003-mesh-positions">
          <float_array id="Part__Feature002_003-mesh-positions-array" count="624">-0.05822604 0.9317896 1.915884 -0.06022244 0.9319367 1.915884 -0.06022602 0.9317896 1.915884 -0.05822122 0.9318876 1.915884 -0.06021159 0.9320836 1.915884 -0.06019353 0.9322297 1.915884 -0.05820679 0.9319846 1.915884 -0.06016838 0.9323748 1.915884 -0.06013613 0.9325185 1.915884 -0.05818295 0.9320798 1.915884 -0.06009685 0.9326604 1.915884 -0.06005066 0.9328002 1.915884 -0.05814993 0.9321722 1.915884 -0.05999767 0.9329376 1.915884 -0.05993801 0.9330722 1.915884 -0.05810797 0.9322609 1.915884 -0.05987179 0.9332037 1.915884 -0.05979919 0.9333318 1.915884 -0.05805748 0.9323451 1.915884 -0.05972045 0.9334562 1.915884 -0.05963563 0.9335767 1.915884 -0.05799907 0.932424 1.915884 -0.05954504 0.9336927 1.915884 -0.05944889 0.9338042 1.915884 -0.05793315 0.9324966 1.915884 -0.05934733 0.9339108 1.915884 -0.05924069 0.9340124 1.915884 -0.05786043 0.9325626 1.915884 -0.05912923 0.9341086 1.915884 -0.05901312 0.9341992 1.915884 -0.05778157 0.932621 1.915884 -0.05889272 0.9342839 1.915884 -0.05876833 0.9343627 1.915884 -0.05769741 0.9326714 1.915884 -0.05864024 0.9344353 1.915884 -0.05850869 0.9345015 1.915884 -0.05760872 0.9327134 1.915884 -0.0583741 0.9345612 1.915884 -0.05823671 0.9346141 1.915884 -0.05751633 0.9327465 1.915884 -0.05809688 0.9346603 1.915884 -0.05795496 0.9346996 1.915884 -0.05742114 0.9327703 1.915884 -0.05781131 0.9347319 1.915884 -0.05766624 0.9347571 1.915884 -0.05732405 0.9327847 1.915884 -0.05752009 0.9347751 1.915884 -0.05737322 0.9347859 1.915884 -0.05722606 0.9327896 1.915884 -0.05722606 0.9347896 1.915884 1.136774 0.9327896 1.915884 1.136774 0.9347896 1.915884 -0.06022244 0.9319367 1.495884 -0.05822604 0.9317896 1.495884 -0.06022602 0.9317896 1.495884 -0.05822122 0.9318876 1.495884 -0.05737322 0.9347859 1.495884 -0.05722606 0.9347896 1.495884 -0.05722606 0.9327896 1.495884 -0.05732405 0.9327847 1.495884 -0.06021159 0.9320836 1.495884 -0.05752009 0.9347751 1.495884 -0.06019353 0.9322297 1.495884 -0.05820679 0.9319846 1.495884 -0.05766624 0.9347571 1.495884 -0.05742114 0.9327703 1.495884 -0.06016838 0.9323748 1.495884 -0.05781131 0.9347319 1.495884 -0.06013613 0.9325185 1.495884 -0.05818295 0.9320798 1.495884 -0.05795496 0.9346996 1.495884 -0.05751633 0.9327465 1.495884 -0.06009685 0.9326604 1.495884 -0.05809688 0.9346603 1.495884 -0.06005066 0.9328002 1.495884 -0.05814993 0.9321722 1.495884 -0.05823671 0.9346141 1.495884 -0.05760872 0.9327134 1.495884 -0.05999767 0.9329376 1.495884 -0.0583741 0.9345612 1.495884 -0.05993801 0.9330722 1.495884 -0.05810797 0.9322609 1.495884 -0.05850869 0.9345015 1.495884 -0.05769741 0.9326714 1.495884 -0.05987179 0.9332037 1.495884 -0.05864024 0.9344353 1.495884 -0.05979919 0.9333318 1.495884 -0.05805748 0.9323451 1.495884 -0.05876833 0.9343627 1.495884 -0.05778157 0.932621 1.495884 -0.05972045 0.9334562 1.495884 -0.05889272 0.9342839 1.495884 -0.05963563 0.9335767 1.495884 -0.05799907 0.932424 1.495884 -0.05901312 0.9341992 1.495884 -0.05786043 0.9325626 1.495884 -0.05954504 0.9336927 1.495884 -0.05912923 0.9341086 1.495884 -0.05944889 0.9338042 1.495884 -0.05793315 0.9324966 1.495884 -0.05924069 0.9340124 1.495884 -0.05934733 0.9339108 1.495884 -0.05822604 0.8847896 1.495884 -0.06022602 0.8847896 1.495884 1.136921 0.9347859 1.915884 1.136872 0.9327847 1.915884 1.13977 0.9319367 1.915884 1.137774 0.9317896 1.915884 1.139774 0.9317896 1.915884 1.137769 0.9318876 1.915884 1.137068 0.9347751 1.915884 1.13976 0.9320836 1.915884 1.137214 0.9347571 1.915884 1.136969 0.9327703 1.915884 1.139741 0.9322297 1.915884 1.137755 0.9319846 1.915884 1.137359 0.9347319 1.915884 1.139716 0.9323748 1.915884 1.137503 0.9346996 1.915884 1.137064 0.9327465 1.915884 1.139684 0.9325185 1.915884 1.137731 0.9320798 1.915884 1.137645 0.9346603 1.915884 1.139645 0.9326604 1.915884 1.137785 0.9346141 1.915884 1.137157 0.9327134 1.915884 1.139599 0.9328002 1.915884 1.137698 0.9321722 1.915884 1.137922 0.9345612 1.915884 1.139546 0.9329376 1.915884 1.138057 0.9345015 1.915884 1.137245 0.9326714 1.915884 1.139486 0.9330722 1.915884 1.137656 0.9322609 1.915884 1.138188 0.9344353 1.915884 1.13942 0.9332037 1.915884 1.138316 0.9343627 1.915884 1.137329 0.932621 1.915884 1.139347 0.9333318 1.915884 1.137605 0.9323451 1.915884 1.138441 0.9342839 1.915884 1.139268 0.9334562 1.915884 1.138561 0.9341992 1.915884 1.137408 0.9325626 1.915884 1.139184 0.9335767 1.915884 1.137547 0.932424 1.915884 1.138677 0.9341086 1.915884 1.139093 0.9336927 1.915884 1.138789 0.9340124 1.915884 1.137481 0.9324966 1.915884 1.138997 0.9338042 1.915884 1.138895 0.9339108 1.915884 1.137774 0.8847896 1.915884 1.139774 0.8847896 1.915884 1.137774 0.9317896 1.495884 1.13977 0.9319367 1.495884 1.139774 0.9317896 1.495884 1.137769 0.9318876 1.495884 1.139741 0.9322297 1.495884 1.13976 0.9320836 1.495884 1.137755 0.9319846 1.495884 1.139684 0.9325185 1.495884 1.139716 0.9323748 1.495884 1.137731 0.9320798 1.495884 1.139599 0.9328002 1.495884 1.139645 0.9326604 1.495884 1.137698 0.9321722 1.495884 1.139486 0.9330722 1.495884 1.139546 0.9329376 1.495884 1.137656 0.9322609 1.495884 1.139347 0.9333318 1.495884 1.13942 0.9332037 1.495884 1.137605 0.9323451 1.495884 1.139184 0.9335767 1.495884 1.139268 0.9334562 1.495884 1.137547 0.932424 1.495884 1.138997 0.9338042 1.495884 1.139093 0.9336927 1.495884 1.137481 0.9324966 1.495884 1.138895 0.9339108 1.495884 1.138789 0.9340124 1.495884 1.137408 0.9325626 1.495884 1.138677 0.9341086 1.495884 1.138561 0.9341992 1.495884 1.137329 0.932621 1.495884 1.138441 0.9342839 1.495884 1.138316 0.9343627 1.495884 1.137245 0.9326714 1.495884 1.138188 0.9344353 1.495884 1.138057 0.9345015 1.495884 1.137157 0.9327134 1.495884 1.137922 0.9345612 1.495884 1.137785 0.9346141 1.495884 1.137064 0.9327465 1.495884 1.137645 0.9346603 1.495884 1.137503 0.9346996 1.495884 1.136969 0.9327703 1.495884 1.137359 0.9347319 1.495884 1.137214 0.9347571 1.495884 1.136872 0.9327847 1.495884 1.137068 0.9347751 1.495884 1.136921 0.9347859 1.495884 1.136774 0.9327896 1.495884 1.136774 0.9347896 1.495884 1.137774 0.8847896 1.495884 1.139774 0.8847896 1.495884 -0.06022602 0.8847896 1.915884 -0.05822604 0.8847896 1.915884</float_array>
          <technique_common>
            <accessor source="#Part__Feature002_003-mesh-positions-array" count="208" stride="3">
              <param name="X" type="float"/>
              <param name="Y" type="float"/>
              <param name="Z" type="float"/>
            </accessor>
          </technique_common>
        </source>
        <source id="Part__Feature002_003-mesh-normals">
          <float_array id="Part__Feature002_003-mesh-normals-array" count="1965">0 0 1 -1.97795e-4 0 1 -8.43368e-5 0 1 -8.41746e-5 0 1 -8.41472e-5 0 1 -6.02589e-5 0 1 -6.0148e-5 0 1 -6.01246e-5 0 1 -1.97614e-4 0 1 -1.97951e-4 0 1 -6.21686e-5 0 1 -6.06789e-5 0 1 -6.18444e-5 0 1 1.97609e-4 0 1 -1.85752e-5 0 1 -1.83492e-5 0 1 -1.82381e-5 0 1 -1.6007e-5 0 1 -1.52444e-5 0 1 -1.48216e-5 0 1 -1.97677e-4 0 1 1.16716e-4 0 1 1.16938e-4 0 1 1.171e-4 0 1 -2.71108e-5 0 1 -2.67276e-5 0 1 -2.63965e-5 0 1 -5.99847e-5 0 1 -5.9922e-5 0 1 -5.98617e-5 0 1 5.7581e-5 0 1 5.61423e-5 1.34518e-7 1 5.44032e-5 0 1 7.4129e-5 0 1 1.3827e-5 0 1 1.35273e-5 0 1 1.27325e-5 0 1 0 0 1 1.43063e-6 0 1 -4.90574e-7 0 1 5.51168e-7 0 1 2.02609e-6 0 1 2.41795e-7 0 1 -2.06477e-5 0 1 -2.09812e-5 0 1 -2.27151e-5 0 1 4.71453e-6 0 1 4.70801e-6 0 1 4.43333e-6 0 1 -2.78334e-7 0 1 1.3134e-6 0 1 0 0 1 1.88001e-5 -1.6691e-7 1 1.92139e-5 0 1 1.61119e-5 0 1 1.27528e-5 -1.27708e-7 1 1.34878e-5 0 1 1.08889e-5 0 1 -1.33924e-6 0 1 2.9942e-7 0 1 -8.41101e-7 1.31928e-7 1 -4.60152e-7 0 1 1.18697e-6 0 1 2.17115e-7 -1.48611e-7 1 -8.55483e-5 0 1 -8.54727e-5 0 1 -8.56491e-5 0 1 0 0 -1 -1.48205e-4 0 -1 -4.76899e-5 0 -1 -4.80151e-5 0 -1 -4.74465e-5 0 -1 -4.94071e-5 0 -1 6.36141e-7 0 -1 -1.01107e-6 0 -1 -3.33996e-7 0 -1 4.93638e-5 0 -1 4.76755e-5 0 -1 4.81884e-5 0 -1 -1.97628e-4 0 -1 -4.74408e-5 0 -1 -4.91174e-5 0 -1 -4.86699e-5 0 -1 -8.40819e-5 0 -1 -8.4244e-5 0 -1 -8.40544e-5 0 -1 -7.85768e-5 0 -1 -7.91223e-5 0 -1 -7.84928e-5 0 -1 -6.0285e-5 0 -1 -6.03959e-5 0 -1 -6.02617e-5 0 -1 2.68604e-5 0 -1 2.62876e-5 0 -1 2.64122e-5 0 -1 5.94022e-5 0 -1 5.92964e-5 0 -1 5.94297e-5 0 -1 -2.28532e-6 0 -1 -2.35562e-6 0 -1 -2.28698e-6 0 -1 -8.40928e-5 0 -1 -8.42398e-5 0 -1 -8.40478e-5 0 -1 1.48209e-4 0 -1 -2.46573e-5 0 -1 -2.5103e-5 0 -1 -2.44948e-5 0 -1 -3.47166e-5 0 -1 -3.48664e-5 0 -1 -3.47407e-5 0 -1 1.08694e-4 0 -1 1.08547e-4 0 -1 1.08597e-4 0 -1 6.59965e-5 0 -1 6.51157e-5 0 -1 6.57554e-5 0 -1 -2.34588e-5 0 -1 -2.38124e-5 0 -1 -2.32283e-5 0 -1 -2.14606e-5 0 -1 -2.22386e-5 0 -1 -2.19242e-5 0 -1 -2.09741e-5 0 -1 -2.16472e-5 0 -1 -2.12226e-5 0 -1 1.95786e-5 -1.25845e-7 -1 1.77639e-5 0 -1 1.86224e-5 0 -1 -2.3486e-5 0 -1 -2.37888e-5 0 -1 -2.32245e-5 0 -1 -3.45674e-5 0 -1 -3.60055e-5 0 -1 -3.52185e-5 0 -1 -1.07902e-5 0 1 -1.06693e-5 0 1 -1.08809e-5 0 1 -5.04008e-5 0 1 -4.87052e-5 0 1 -4.94024e-5 0 1 -4.94854e-5 0 1 -9.63383e-6 0 1 -7.76723e-6 0 1 -1.03705e-5 0 1 -2.96198e-6 0 1 -1.32085e-6 0 1 -1.82015e-6 0 1 1.86833e-4 0 1 1.86882e-4 0 1 1.86878e-4 0 1 1.97316e-4 0 1 -2.25981e-5 0 1 -1.99043e-5 0 1 -2.30114e-5 0 1 8.40818e-5 0 1 8.4244e-5 0 1 8.40545e-5 0 1 1.09179e-4 0 1 1.09329e-4 0 1 1.09305e-4 0 1 -1.93825e-6 0 1 -3.46801e-7 0 1 -5.33764e-7 0 1 -8.38559e-5 0 1 -8.36974e-5 0 1 -8.3889e-5 0 1 -8.24919e-6 0 1 -7.96931e-6 0 1 -8.24285e-6 0 1 7.76469e-5 0 1 7.80483e-5 0 1 7.79613e-5 0 1 -3.91011e-5 0 1 -3.7078e-5 0 1 -3.87729e-5 0 1 1.83028e-4 0 1 1.8317e-4 0 1 1.8313e-4 0 1 2.35802e-6 0 1 3.83554e-6 0 1 4.14718e-6 0 1 -2.68416e-6 0 1 -1.24646e-6 0 1 -7.61356e-7 0 1 -1.27733e-5 0 1 -1.16778e-5 0 1 -1.24729e-5 0 1 2.2808e-5 0 1 2.32084e-5 0 1 2.26098e-5 0 1 -1.47809e-4 0 1 -2.29326e-5 0 1 -2.25473e-5 0 1 -2.31466e-5 0 1 -7.39426e-5 0 1 -6.82364e-5 0 1 -6.74165e-5 0 1 -6.77463e-5 0 1 -5.28823e-5 0 1 -4.97108e-5 0 1 -5.14483e-5 0 1 -1.48104e-4 0 1 2.54135e-7 0 1 1.50403e-6 0 1 -8.24744e-7 0 1 1.83036e-4 0 -1 1.82915e-4 0 -1 1.82894e-4 0 -1 9.89242e-5 0 -1 -5.93841e-5 0 -1 -5.94901e-5 0 -1 -5.95174e-5 0 -1 1.97834e-4 0 -1 5.97358e-5 0 -1 5.96385e-5 0 -1 5.96028e-5 0 -1 -1.58611e-4 0 -1 -1.5874e-4 0 -1 -1.58779e-4 0 -1 -5.95537e-5 0 -1 -6.10444e-5 0 -1 -5.98772e-5 0 -1 9.87606e-5 0 -1 1.95936e-5 0 -1 1.93937e-5 0 -1 1.92643e-5 0 -1 -1.97541e-4 0 -1 2.46102e-5 0 -1 2.43071e-5 0 -1 2.40454e-5 0 -1 1.14498e-5 0 -1 1.00835e-5 0 -1 1.09004e-5 0 -1 -1.81501e-5 0 -1 -2.33087e-5 0 -1 -2.05928e-5 -1.35624e-7 -1 -1.02741e-5 0 -1 -9.64903e-6 0 -1 -8.89157e-6 0 -1 -2.47111e-5 0 -1 -2.44764e-5 0 -1 -2.40748e-5 0 -1 -1.71199e-5 0 -1 -1.68885e-5 0 -1 -1.62764e-5 0 -1 -1.12167e-4 0 -1 -1.1215e-4 0 -1 -1.12061e-4 0 -1 4.05303e-6 0 -1 4.05459e-6 0 -1 4.12294e-6 0 -1 8.03477e-5 0 -1 8.02637e-5 0 -1 8.08943e-5 0 -1 1.00188e-6 0 -1 -6.25267e-7 0 -1 5.67175e-7 0 -1 2.59085e-6 0 -1 9.49833e-7 0 -1 2.09187e-6 -1.22862e-7 -1 5.03004e-5 0 -1 4.86047e-5 0 -1 4.96031e-5 0 -1 -1.03051e-6 0 -1 -1.28659e-6 0 -1 -6.88364e-7 0 -1 -1 0 0 0 -1 0 1 0 0 0.02445626 0.9997009 0 0.02445626 0.9997009 0 0.02445626 0.9997009 0 0.02462369 0.9996968 0 0.02462369 0.9996968 0 0.02462369 0.9996968 0 0.07382559 0.9972712 0 0.07382559 0.9972712 0 0.07382559 0.9972712 0 0.1224567 0.9924739 0 0.07375532 0.9972764 0 0.07375532 0.9972764 0 0.07375532 0.9972764 0 0.1224566 0.9924739 0 0.1711046 0.9852529 0 0.1712671 0.9852246 0 0.2190452 0.9757148 0 0.2188396 0.9757609 0 0.2669658 0.9637061 0 0.2669658 0.963706 0 0.2669657 0.9637061 0 0.2667509 0.9637655 0 0.3138003 0.9494891 0 0.3138003 0.9494891 0 0.3138003 0.9494891 0 0.3136504 0.9495386 0 0.3136505 0.9495386 0 0.3136505 0.9495386 0 0.3601749 0.9328849 0 0.4049473 0.9143401 0 0.4049473 0.9143401 0 0.4049472 0.9143401 0 0.3601747 0.9328849 0 0.4046893 0.9144543 0 0.4499247 0.8930665 0 0.4499245 0.8930666 0 0.4499246 0.8930665 0 0.4498429 0.8931077 0 0.449843 0.8931077 -4.17499e-7 0.4498429 0.8931077 0 0.4926565 0.8702239 0 0.4926565 0.8702239 0 0.4926565 0.8702239 0 0.4926567 0.8702238 0 0.4926567 0.8702238 -2.15849e-7 0.4926567 0.8702238 0 0.5351555 0.8447537 0 0.5351553 0.8447538 0 0.5351554 0.8447537 0 0.5351272 0.8447715 -1.83584e-7 0.5351274 0.8447714 0 0.5351269 0.8447717 0 0.5758512 0.8175546 0 0.5758513 0.8175545 0 0.575851 0.8175547 0 0.5759047 0.8175169 0 0.5759047 0.8175169 0 0.5759047 0.8175169 0 0.6151862 0.788382 0 0.6151862 0.7883819 0 0.6151862 0.7883819 0 0.6152477 0.7883338 0 0.6533848 0.757026 0 0.6533844 0.7570263 0 0.6533846 0.7570262 0 0.6533799 0.7570303 -2.30223e-7 0.6533804 0.7570298 0 0.6533793 0.7570307 -1.38021e-7 0.689488 0.7242972 0 0.6894887 0.7242965 1.67946e-7 0.6894883 0.7242969 2.85778e-7 0.6894904 0.7242949 0 0.6894902 0.724295 0 0.6894906 0.7242947 0 0.7240978 0.6896973 0 0.7240985 0.6896967 0 0.7240981 0.689697 0 0.7240987 0.6896964 0 0.7240985 0.6896967 0 0.7240989 0.6896962 0 0.7573024 0.6530644 0 0.7573024 0.6530644 0 0.7573024 0.6530644 0 0.7573025 0.6530642 0 0.7573026 0.6530642 0 0.7573026 0.6530642 0 0.788253 0.6153513 0 0.7882526 0.6153519 0 0.7882528 0.6153516 0 0.7882646 0.6153365 -2.43145e-7 0.7882651 0.6153358 0 0.7882641 0.6153371 -1.44921e-7 0.8178755 0.5753954 0 0.8178758 0.575395 2.07072e-7 0.8178756 0.5753952 3.52185e-7 0.8178888 0.5753764 0 0.8178884 0.5753769 0 0.8178892 0.5753758 0 0.8444452 0.5356419 0 0.8444454 0.5356417 0 0.8702504 0.4926099 0 0.8702502 0.4926099 0 0.8702504 0.4926099 0 0.8702505 0.4926097 -2.08351e-7 0.8702504 0.4926097 0 0.8702504 0.4926096 -1.24253e-7 0.8930009 0.450055 0 0.893001 0.4500549 0 0.8930009 0.4500551 0 0.8929801 0.4500963 0 0.89298 0.4500966 0 0.89298 0.4500964 0 0.9144789 0.4046336 -2.39367e-7 0.9144788 0.4046338 0 0.914479 0.4046333 -1.42672e-7 0.914479 0.4046333 0 0.9144788 0.4046338 0 0.9144789 0.4046336 0 0.9327201 0.3606012 0 0.9327201 0.3606012 0 0.9327201 0.3606011 0 0.9496297 0.3133742 0 0.9496297 0.3133741 0 0.9496298 0.3133742 0 0.9327201 0.3606013 0 0.9327201 0.3606014 0 0.9327201 0.3606014 0 0.9496734 0.3132421 0 0.9637349 0.2668613 0 0.9637349 0.2668615 0 0.9637351 0.2668612 0 0.9637143 0.2669359 0 0.9637146 0.2669348 1.33427e-7 0.9637144 0.2669354 2.25342e-7 0.9757634 0.2188285 0 0.985309 0.1707813 0 0.985309 0.1707814 0 0.985309 0.1707811 0 0.975745 0.2189105 0 0.9757452 0.2189095 0 0.9757451 0.21891 1.59256e-7 0.9853156 0.1707431 0 0.9853157 0.1707424 0 0.9853156 0.1707428 0 0.9924487 0.1226612 -5.22096e-7 0.9924486 0.122662 0 0.9924487 0.1226604 -3.10661e-7 0.9924489 0.1226589 0 0.9924492 0.1226562 0 0.9924491 0.1226575 0 0.9972754 0.07376843 0 0.9972755 0.07376682 0 0.9972754 0.07377004 0 0.9972752 0.07377076 0 0.9972752 0.07377183 3.03747e-7 0.9972752 0.07377129 5.11588e-7 0.999711 0.0240423 -2.41409e-7 0.999711 0.02404278 0 0.999711 0.02404177 -1.42682e-7 0.9997109 0.02404844 0 0.9997109 0.02404737 0 0.9997109 0.02404791 0 0 1 0 -0.9996988 0.0245428 0 -0.9996988 0.02454286 0 -0.9972901 0.0735709 0 -0.9924758 0.1224421 0 -0.9972901 0.07357096 0 -0.9852907 0.1708868 0 -0.9853008 0.1708282 0 -0.9756732 0.21923 0 -0.9756861 0.2191727 0 -0.9637743 0.2667192 0 -0.9637898 0.2666633 0 -0.9495299 0.3136767 0 -0.9495478 0.3136223 0 -0.9330132 0.3598425 0 -0.9141666 0.4053388 0 -0.933013 0.3598427 0 -0.9141889 0.4052885 0 -0.8931503 0.4497584 0 -0.8931502 0.4497588 0 -0.8700582 0.4929491 0 -0.8700324 0.4929944 0 -0.8448539 0.5349972 0 -0.8448538 0.5349974 0 -0.8178862 0.5753801 0 -0.817582 0.5758123 1.60856e-7 -0.817582 0.5758123 0 -0.817582 0.5758123 0 -0.7881267 0.6155132 0 -0.7880976 0.6155503 0 -0.7572878 0.6530812 0 -0.7572579 0.6531161 0 -0.7240539 0.6897435 0 -0.7240236 0.6897753 0 -0.68982 0.723981 0 -0.6896371 0.7241551 0 -0.6896371 0.7241551 0 -0.6896371 0.7241551 0 -0.6532809 0.7571156 0 -0.6532807 0.7571159 0 -0.6152766 0.7883113 0 -0.6152769 0.7883111 0 -0.5757946 0.8175944 0 -0.5757946 0.8175944 0 -0.5757946 0.8175944 0 -0.5753746 0.8178901 0 -0.5351095 0.8447827 0 -0.5351099 0.8447825 0 -0.4930136 0.8700216 0 -0.492988 0.8700361 0 -0.4496898 0.893185 0 -0.4052021 0.9142272 0 -0.4052243 0.9142174 0 -0.3595068 0.9331426 0 -0.3136968 0.9495232 0 -0.3595268 0.9331348 0 -0.2667512 0.9637655 0 -0.2667819 0.9637569 0 -0.218925 0.9757418 0 -0.218925 0.9757418 0 -0.218925 0.9757418 0 -0.1712062 0.9852353 0 -0.2190524 0.9757132 0 -0.2190524 0.9757132 0 -0.2190524 0.9757132 0 -0.1712265 0.9852318 0 -0.1222444 0.9925001 0 -0.1222516 0.9924992 0 -0.07374757 0.997277 0 -0.07374757 0.997277 0 -0.07374757 0.997277 0 -0.07374763 0.997277 0 -0.07374763 0.997277 0 -0.07374763 0.997277 0 -0.02452182 0.9996993 0 -0.02452182 0.9996993 0 -0.02452182 0.9996993 0 -0.02452182 0.9996993 0 -0.02452182 0.9996993 0 -0.02452182 0.9996993 0 0.9987943 -0.04909127 0 0.9987899 -0.04918146 0 0.9891479 -0.1469231 0 0.9891742 -0.1467462 0 0.9700353 -0.2429643 0 0.9416102 -0.336705 0 0.9700352 -0.2429644 0 0.9039664 -0.4276035 0 0.9415817 -0.3367848 0 0.9039317 -0.4276772 0 0.8577396 -0.5140847 0 0.8576598 -0.5142177 0 0.8032535 -0.5956373 0 0.8032535 -0.5956373 0 0.8032535 -0.5956373 0 0.7407516 -0.671779 0 0.7407516 -0.671779 0 0.7407516 -0.671779 -1.66567e-7 0.8032535 -0.5956373 0 0.8032535 -0.5956373 0 0.8032535 -0.5956373 0 0.6719056 -0.7406368 0 0.7408608 -0.6716586 0 0.7408609 -0.6716585 0 0.7408609 -0.6716586 0 0.6716406 -0.7408772 1.6668e-7 0.6716406 -0.7408772 0 0.6716406 -0.7408772 0 0.5953814 -0.8034433 0 0.5954248 -0.8034111 0 0.5139055 -0.8578469 0 0.5139454 -0.857823 0 0.4278446 -0.9038524 0 0.4278446 -0.9038524 0 0.4278446 -0.9038524 0 0.3365036 -0.9416822 0 0.3365036 -0.9416822 0 0.3365036 -0.9416822 0 0.4275764 -0.9039792 0 0.3365322 -0.941672 0 0.3365322 -0.941672 0 0.3365322 -0.941672 0 0.2431334 -0.9699929 0 0.2431334 -0.9699929 0 0.2431334 -0.9699929 0 0.1469826 -0.9891391 0 0.2431334 -0.9699929 0 0.2431334 -0.9699929 0 0.2431334 -0.9699929 0 0.04922693 -0.9987877 0 0.04922693 -0.9987877 0 0.04922693 -0.9987877 0 0.04922693 -0.9987877 0 0.04922693 -0.9987877 0 0.04922693 -0.9987877 0 -0.04918068 -0.99879 0 -0.04918068 -0.99879 0 -0.04918068 -0.99879 0 -0.04922842 -0.9987875 0 -0.04922842 -0.9987875 0 -0.04922842 -0.9987875 0 -0.1468352 -0.989161 0 -0.1468353 -0.989161 0 -0.1468353 -0.989161 -1.99869e-7 -0.1469826 -0.9891391 0 -0.242986 -0.9700298 0 -0.2431097 -0.9699988 0 -0.2431098 -0.9699988 0 -0.2431098 -0.9699988 0 -0.3364475 -0.9417023 0 -0.3364475 -0.9417023 0 -0.3364475 -0.9417023 0 -0.3363571 -0.9417346 0 -0.3363571 -0.9417346 0 -0.3363571 -0.9417346 0 -0.4276866 -0.9039271 0 -0.4276865 -0.9039271 -1.46259e-7 -0.4276866 -0.9039272 -1.46567e-7 -0.4277303 -0.9039065 0 -0.4277302 -0.9039065 1.77644e-7 -0.4277302 -0.9039065 1.44862e-7 -0.5139852 -0.8577991 0 -0.514048 -0.8577615 0 -0.514048 -0.8577614 0 -0.514048 -0.8577615 0 -0.5956157 -0.8032695 -1.49886e-7 -0.5956164 -0.8032692 -1.19569e-7 -0.5956169 -0.8032687 0 -0.595532 -0.8033317 0 -0.5955318 -0.8033319 0 -0.5955319 -0.8033317 0 -0.6714676 -0.7410339 0 -0.6714676 -0.741034 0 -0.6714676 -0.741034 0 -0.6714678 -0.7410337 0 -0.6714677 -0.7410338 0 -0.6714678 -0.7410338 0 -0.7407851 -0.6717422 0 -0.740785 -0.6717423 0 -0.7407849 -0.6717424 0 -0.7407849 -0.6717423 0 -0.7407848 -0.6717426 0 -0.7407848 -0.6717424 0 -0.8032732 -0.5956109 0 -0.8032734 -0.5956106 -2.39956e-7 -0.8032736 -0.5956102 -2.40435e-7 -0.8032636 -0.5956237 0 -0.8032624 -0.5956255 2.31034e-7 -0.803263 -0.5956246 1.86251e-7 -0.8578702 -0.5138665 -3.55148e-7 -0.8578708 -0.5138655 -2.82825e-7 -0.8578714 -0.5138646 0 -0.8578891 -0.513835 1.57668e-6 -0.8578882 -0.5138366 0 -0.8578886 -0.5138359 2.23959e-7 -0.9038131 -0.4279275 0 -0.9038132 -0.4279273 0 -0.9038134 -0.427927 0 -0.9037568 -0.4280463 0 -0.9419267 -0.3358187 0 -0.9419267 -0.3358188 0 -0.9419267 -0.3358188 0 -0.969834 -0.2437664 0 -0.969834 -0.2437665 0 -0.9698339 -0.2437667 0 -0.9418784 -0.335954 0 -0.9418784 -0.335954 0 -0.9418784 -0.335954 0 -0.9698545 -0.2436848 7.16141e-7 -0.9698547 -0.2436843 0 -0.9698547 -0.2436845 1.85031e-7 -0.9891663 -0.1467998 0 -0.9891663 -0.1467992 -2.331e-7 -0.9891664 -0.1467986 -2.34337e-6 -0.9988201 -0.04856526 0 -0.9988201 -0.0485655 0 -0.9988201 -0.0485658 0 -0.9891672 -0.1467937 0 -0.9891668 -0.1467959 2.05577e-7 -0.989167 -0.1467948 1.65557e-7 -0.9988224 -0.0485174 1.25924e-7 -0.9988223 -0.04851794 0 -0.9988223 -0.04851764 1.88986e-7</float_array>
          <technique_common>
            <accessor source="#Part__Feature002_003-mesh-normals-array" count="655" stride="3">
              <param name="X" type="float"/>
              <param name="Y" type="float"/>
              <param name="Z" type="float"/>
            </accessor>
          </technique_common>
        </source>
        <vertices id="Part__Feature002_003-mesh-vertices">
          <input semantic="POSITION" source="#Part__Feature002_003-mesh-positions"/>
        </vertices>
        <triangles material="Part__Feature002_003-material" count="412">
          <input semantic="VERTEX" source="#Part__Feature002_003-mesh-vertices" offset="0"/>
          <input semantic="NORMAL" source="#Part__Feature002_003-mesh-normals" offset="1"/>
          <p>0 0 1 0 2 0 3 0 4 0 1 0 3 1 5 1 4 1 3 0 1 0 0 0 6 0 7 0 5 0 6 2 8 3 7 4 6 0 5 0 3 0 9 5 10 6 8 7 9 0 11 0 10 0 9 0 8 0 6 0 12 8 13 8 11 8 12 9 14 9 13 9 12 10 11 11 9 12 15 13 16 13 14 13 15 14 17 15 16 16 15 0 14 0 12 0 18 17 19 18 17 19 18 20 20 20 19 20 18 0 17 0 15 0 21 21 22 22 20 23 21 24 23 25 22 26 21 0 20 0 18 0 24 27 25 28 23 29 24 0 23 0 21 0 26 0 25 0 24 0 26 30 24 31 27 32 28 0 26 0 27 0 29 0 28 0 27 0 29 33 27 33 30 33 31 0 29 0 30 0 32 0 31 0 30 0 32 34 30 35 33 36 34 37 32 38 33 39 35 40 34 41 33 42 35 43 33 44 36 45 37 0 35 0 36 0 38 0 37 0 36 0 38 46 36 47 39 48 40 0 38 0 39 0 41 49 40 50 39 51 41 52 39 53 42 54 43 0 41 0 42 0 44 0 43 0 42 0 44 55 42 56 45 57 46 58 44 59 45 60 47 61 46 62 45 63 47 64 45 65 48 66 49 0 47 0 48 0 50 0 49 0 48 0 51 0 49 0 50 0 52 67 53 67 54 67 52 68 55 68 53 68 56 67 57 67 58 67 56 69 58 70 59 71 60 72 55 72 52 72 61 73 56 74 59 75 62 67 63 67 55 67 62 67 55 67 60 67 64 67 59 67 65 67 64 76 61 77 59 78 66 79 63 79 62 79 67 80 64 81 65 82 68 83 63 84 66 85 68 67 69 67 63 67 70 67 67 67 65 67 70 86 65 87 71 88 72 89 69 90 68 91 73 67 70 67 71 67 74 92 75 93 69 94 74 95 69 96 72 97 76 67 73 67 71 67 76 98 71 99 77 100 78 101 75 102 74 103 79 67 76 67 77 67 80 104 81 104 75 104 80 105 75 106 78 107 82 67 79 67 77 67 82 108 77 109 83 110 84 67 81 67 80 67 85 67 82 67 83 67 86 67 81 67 84 67 86 111 87 112 81 113 88 67 85 67 83 67 88 114 83 115 89 116 90 67 87 67 86 67 91 67 88 67 89 67 92 117 87 118 90 119 92 120 93 121 87 122 94 67 91 67 89 67 94 123 89 124 95 125 96 67 93 67 92 67 97 67 94 67 95 67 98 126 99 127 93 128 98 129 93 130 96 131 100 132 95 133 99 134 100 67 97 67 95 67 101 67 99 67 98 67 101 67 100 67 99 67 54 67 53 67 102 67 54 67 102 67 103 67 104 0 51 0 50 0 104 135 50 136 105 137 106 0 107 0 108 0 106 0 109 0 107 0 110 138 104 139 105 140 111 141 109 141 106 141 112 142 105 143 113 144 112 145 110 146 105 147 114 148 115 149 109 150 114 151 109 151 111 151 116 0 112 0 113 0 117 0 115 0 114 0 118 152 113 153 119 154 118 0 116 0 113 0 120 155 115 156 117 157 120 158 121 159 115 160 122 161 118 162 119 163 123 164 121 165 120 166 124 0 122 0 119 0 124 167 119 168 125 169 126 170 127 171 121 172 126 0 121 0 123 0 128 0 124 0 125 0 129 0 127 0 126 0 130 0 128 0 125 0 130 173 125 174 131 175 132 176 133 177 127 178 132 0 127 0 129 0 134 179 130 180 131 181 135 0 133 0 132 0 136 182 134 183 131 184 136 185 131 186 137 187 138 188 133 189 135 190 138 191 139 191 133 191 140 0 136 0 137 0 141 192 139 193 138 194 142 0 140 0 137 0 142 195 137 195 143 195 144 0 139 0 141 0 144 196 145 197 139 198 146 0 142 0 143 0 147 0 145 0 144 0 148 199 143 200 149 201 148 0 146 0 143 0 150 202 149 202 145 202 150 203 145 204 147 205 151 0 149 0 150 0 151 0 148 0 149 0 108 0 107 0 152 0 108 0 152 0 153 0 154 67 155 67 156 67 157 67 158 67 159 67 157 67 159 67 155 67 157 67 155 67 154 67 160 206 161 207 162 208 160 209 162 209 158 209 160 67 158 67 157 67 163 210 164 211 165 212 163 213 165 213 161 213 163 67 161 67 160 67 166 214 167 215 168 216 166 217 168 218 164 219 166 220 164 221 163 222 169 223 170 223 171 223 169 67 171 67 167 67 169 67 167 67 166 67 172 224 173 225 174 226 172 227 174 227 170 227 172 67 170 67 169 67 175 228 176 229 177 230 175 67 177 67 173 67 175 231 173 232 172 233 178 234 176 235 175 236 179 67 176 67 178 67 180 67 179 67 178 67 180 237 178 238 181 239 182 67 180 67 181 67 183 67 182 67 181 67 183 240 181 241 184 242 185 67 183 67 184 67 186 67 185 67 184 67 186 243 184 244 187 245 188 67 186 67 187 67 189 67 188 67 187 67 189 246 187 247 190 248 191 67 189 67 190 67 192 67 191 67 190 67 192 249 190 250 193 251 194 67 192 67 193 67 195 252 193 253 196 254 195 67 194 67 193 67 197 67 195 67 196 67 198 67 196 67 199 67 198 255 197 256 196 257 200 258 198 259 199 260 201 261 200 262 199 263 201 264 199 265 202 266 203 67 201 67 202 67 57 67 203 67 202 67 57 67 202 67 58 67 107 267 154 267 152 267 152 267 154 267 204 267 205 268 153 268 152 268 205 268 152 268 204 268 156 269 108 269 153 269 156 269 153 269 205 269 201 270 203 271 51 272 201 273 51 274 104 275 200 276 104 277 110 278 200 279 110 279 112 279 200 280 201 281 104 282 198 283 200 283 112 283 197 284 112 284 116 284 197 285 198 285 112 285 195 286 116 286 118 286 195 287 197 287 116 287 194 288 118 289 122 290 194 291 195 291 118 291 192 292 122 293 124 294 192 295 194 296 122 297 191 298 124 298 128 298 191 299 128 300 130 301 191 302 192 302 124 302 189 303 191 303 130 303 188 304 189 305 130 306 188 307 130 308 134 309 186 310 188 311 134 312 186 313 134 314 136 315 185 316 186 317 136 318 185 319 136 320 140 321 185 322 140 323 142 324 183 325 185 326 142 327 182 328 183 329 142 330 182 331 142 331 146 331 180 332 182 333 146 334 180 335 146 336 148 337 179 338 180 339 148 340 179 341 148 342 151 343 176 344 179 345 151 346 176 347 151 348 150 349 176 350 150 351 147 352 177 353 176 354 147 355 173 356 177 357 147 358 173 359 147 360 144 361 174 362 173 363 144 364 174 365 144 366 141 367 170 368 141 368 138 368 170 369 174 369 141 369 171 370 170 371 138 372 171 373 138 374 135 375 171 376 135 377 132 378 167 379 171 380 132 381 168 382 132 383 129 384 168 385 167 386 132 387 164 388 129 389 126 390 164 391 126 392 123 393 164 394 168 395 129 396 165 397 164 397 123 397 161 398 123 399 120 400 161 401 165 402 123 403 162 404 120 404 117 404 162 405 117 406 114 407 162 408 161 409 120 410 158 411 162 412 114 413 159 414 114 415 111 416 159 417 158 418 114 419 155 420 111 421 106 422 155 423 159 424 111 425 156 426 106 427 108 428 156 429 155 430 106 431 51 432 203 432 57 432 51 432 57 432 49 432 52 433 54 433 2 433 52 434 2 434 1 434 60 435 1 435 4 435 60 436 4 436 5 436 60 437 52 437 1 437 62 436 60 436 5 436 66 438 5 438 7 438 66 439 62 439 5 439 68 440 7 440 8 440 68 441 66 441 7 441 72 442 8 442 10 442 72 443 68 443 8 443 74 444 10 444 11 444 74 445 72 445 10 445 78 446 11 446 13 446 78 447 13 447 14 447 78 448 74 448 11 448 80 449 78 449 14 449 84 450 80 450 14 450 84 451 14 451 16 451 86 452 84 452 16 452 86 453 16 453 17 453 90 454 86 454 17 454 90 455 17 455 19 455 90 456 19 456 20 456 92 457 90 458 20 459 96 460 92 460 20 460 96 461 20 461 22 461 98 462 96 462 22 462 98 463 22 463 23 463 101 464 98 464 23 464 101 465 23 465 25 465 100 466 101 466 25 466 100 467 25 468 26 469 100 470 26 470 28 470 97 471 100 471 28 471 94 472 97 472 28 472 94 473 28 473 29 473 91 474 94 475 29 476 91 477 29 477 31 477 88 478 31 478 32 478 88 479 91 479 31 479 85 480 88 480 32 480 85 481 32 481 34 481 85 482 34 482 35 482 82 482 85 482 35 482 79 483 35 483 37 483 79 484 82 484 35 484 76 485 37 485 38 485 76 486 38 486 40 486 76 487 79 487 37 487 73 486 76 486 40 486 70 488 40 488 41 488 70 489 73 489 40 489 67 490 41 491 43 492 67 493 43 493 44 493 67 494 70 495 41 496 64 497 67 497 44 497 61 498 44 498 46 498 61 499 64 499 44 499 56 500 46 501 47 502 56 503 61 504 46 505 57 506 47 507 49 508 57 509 56 510 47 511 2 267 54 267 103 267 2 267 103 267 206 267 102 268 207 268 206 268 102 268 206 268 103 268 102 269 0 269 207 269 53 269 0 269 102 269 53 512 55 512 0 512 0 513 55 513 3 513 3 514 55 514 6 514 55 515 63 515 6 515 6 516 69 516 9 516 9 517 69 517 12 517 63 518 69 518 6 518 12 519 75 519 15 519 69 520 75 520 12 520 75 521 81 521 15 521 15 522 87 522 18 522 81 523 87 523 15 523 18 524 93 525 21 526 21 527 93 528 24 529 87 530 93 531 18 532 24 533 99 533 27 533 93 534 99 535 24 536 99 537 95 538 27 539 27 540 89 540 30 540 95 541 89 541 27 541 30 542 83 542 33 542 89 543 83 543 30 543 33 544 77 545 36 546 36 547 77 548 39 549 83 550 77 550 33 550 77 551 71 552 39 553 39 554 65 555 42 556 42 557 65 557 45 557 71 558 65 559 39 560 65 557 59 557 45 557 59 561 58 562 45 563 45 564 58 565 48 566 58 268 50 268 48 268 202 268 50 268 58 268 202 567 199 568 50 569 50 570 199 571 105 572 105 573 199 574 113 575 199 576 196 576 113 576 113 577 193 577 119 577 196 578 193 579 113 580 119 581 190 582 125 583 193 584 190 585 119 586 125 587 187 588 131 589 190 590 187 591 125 592 131 593 184 593 137 593 187 594 184 595 131 596 137 597 181 598 143 599 184 600 181 601 137 602 143 603 178 604 149 605 181 606 178 607 143 608 149 609 175 610 145 611 178 612 175 613 149 614 145 615 172 616 139 617 175 618 172 619 145 620 139 621 169 622 133 623 172 624 169 625 139 626 133 627 166 628 127 629 169 630 166 630 133 630 127 631 163 632 121 633 121 634 163 635 115 636 166 637 163 638 127 639 163 640 160 641 115 642 115 643 157 644 109 645 109 646 157 647 107 648 160 649 157 650 115 651 157 652 154 653 107 654 0 0 2 0 206 0 0 0 206 0 207 0 204 67 156 67 205 67 154 67 156 67 204 67</p>
        </triangles>
      </mesh>
    </geometry>
    <geometry id="Part__Feature001_004-mesh" name="Part__Feature001.004">
      <mesh>
        <source id="Part__Feature001_004-mesh-positions">
          <float_array id="Part__Feature001_004-mesh-positions-array" count="624">-0.05822604 1.23179 1.915884 -0.06022244 1.231937 1.915884 -0.06022602 1.23179 1.915884 -0.05822122 1.231888 1.915884 -0.06021159 1.232084 1.915884 -0.06019353 1.23223 1.915884 -0.05820679 1.231985 1.915884 -0.06016838 1.232375 1.915884 -0.06013613 1.232518 1.915884 -0.05818295 1.23208 1.915884 -0.06009685 1.23266 1.915884 -0.06005066 1.2328 1.915884 -0.05814993 1.232172 1.915884 -0.05999767 1.232938 1.915884 -0.05993801 1.233072 1.915884 -0.05810797 1.232261 1.915884 -0.05987179 1.233204 1.915884 -0.05979919 1.233332 1.915884 -0.05805748 1.232345 1.915884 -0.05972045 1.233456 1.915884 -0.05963563 1.233577 1.915884 -0.05799907 1.232424 1.915884 -0.05954504 1.233693 1.915884 -0.05944889 1.233804 1.915884 -0.05793315 1.232497 1.915884 -0.05934733 1.233911 1.915884 -0.05924069 1.234012 1.915884 -0.05786043 1.232563 1.915884 -0.05912923 1.234109 1.915884 -0.05901312 1.234199 1.915884 -0.05778157 1.232621 1.915884 -0.05889272 1.234284 1.915884 -0.05876833 1.234363 1.915884 -0.05769741 1.232672 1.915884 -0.05864024 1.234435 1.915884 -0.05850869 1.234501 1.915884 -0.05760872 1.232713 1.915884 -0.0583741 1.234561 1.915884 -0.05823671 1.234614 1.915884 -0.05751633 1.232746 1.915884 -0.05809688 1.23466 1.915884 -0.05795496 1.2347 1.915884 -0.05742114 1.23277 1.915884 -0.05781131 1.234732 1.915884 -0.05766624 1.234757 1.915884 -0.05732405 1.232785 1.915884 -0.05752009 1.234775 1.915884 -0.05737322 1.234786 1.915884 -0.05722606 1.23279 1.915884 -0.05722606 1.23479 1.915884 1.136774 1.23279 1.915884 1.136774 1.23479 1.915884 -0.06022244 1.231937 1.495884 -0.05822604 1.23179 1.495884 -0.06022602 1.23179 1.495884 -0.05822122 1.231888 1.495884 -0.05737322 1.234786 1.495884 -0.05722606 1.23479 1.495884 -0.05722606 1.23279 1.495884 -0.05732405 1.232785 1.495884 -0.06021159 1.232084 1.495884 -0.05752009 1.234775 1.495884 -0.06019353 1.23223 1.495884 -0.05820679 1.231985 1.495884 -0.05766624 1.234757 1.495884 -0.05742114 1.23277 1.495884 -0.06016838 1.232375 1.495884 -0.05781131 1.234732 1.495884 -0.06013613 1.232518 1.495884 -0.05818295 1.23208 1.495884 -0.05795496 1.2347 1.495884 -0.05751633 1.232746 1.495884 -0.06009685 1.23266 1.495884 -0.05809688 1.23466 1.495884 -0.06005066 1.2328 1.495884 -0.05814993 1.232172 1.495884 -0.05823671 1.234614 1.495884 -0.05760872 1.232713 1.495884 -0.05999767 1.232938 1.495884 -0.0583741 1.234561 1.495884 -0.05993801 1.233072 1.495884 -0.05810797 1.232261 1.495884 -0.05850869 1.234501 1.495884 -0.05769741 1.232672 1.495884 -0.05987179 1.233204 1.495884 -0.05864024 1.234435 1.495884 -0.05979919 1.233332 1.495884 -0.05805748 1.232345 1.495884 -0.05876833 1.234363 1.495884 -0.05778157 1.232621 1.495884 -0.05972045 1.233456 1.495884 -0.05889272 1.234284 1.495884 -0.05963563 1.233577 1.495884 -0.05799907 1.232424 1.495884 -0.05901312 1.234199 1.495884 -0.05786043 1.232563 1.495884 -0.05954504 1.233693 1.495884 -0.05912923 1.234109 1.495884 -0.05944889 1.233804 1.495884 -0.05793315 1.232497 1.495884 -0.05924069 1.234012 1.495884 -0.05934733 1.233911 1.495884 -0.05822604 1.18479 1.495884 -0.06022602 1.18479 1.495884 1.136921 1.234786 1.915884 1.136872 1.232785 1.915884 1.13977 1.231937 1.915884 1.137774 1.23179 1.915884 1.139774 1.23179 1.915884 1.137769 1.231888 1.915884 1.137068 1.234775 1.915884 1.13976 1.232084 1.915884 1.137214 1.234757 1.915884 1.136969 1.23277 1.915884 1.139741 1.23223 1.915884 1.137755 1.231985 1.915884 1.137359 1.234732 1.915884 1.139716 1.232375 1.915884 1.137503 1.2347 1.915884 1.137064 1.232746 1.915884 1.139684 1.232518 1.915884 1.137731 1.23208 1.915884 1.137645 1.23466 1.915884 1.139645 1.23266 1.915884 1.137785 1.234614 1.915884 1.137157 1.232713 1.915884 1.139599 1.2328 1.915884 1.137698 1.232172 1.915884 1.137922 1.234561 1.915884 1.139546 1.232938 1.915884 1.138057 1.234501 1.915884 1.137245 1.232672 1.915884 1.139486 1.233072 1.915884 1.137656 1.232261 1.915884 1.138188 1.234435 1.915884 1.13942 1.233204 1.915884 1.138316 1.234363 1.915884 1.137329 1.232621 1.915884 1.139347 1.233332 1.915884 1.137605 1.232345 1.915884 1.138441 1.234284 1.915884 1.139268 1.233456 1.915884 1.138561 1.234199 1.915884 1.137408 1.232563 1.915884 1.139184 1.233577 1.915884 1.137547 1.232424 1.915884 1.138677 1.234109 1.915884 1.139093 1.233693 1.915884 1.138789 1.234012 1.915884 1.137481 1.232497 1.915884 1.138997 1.233804 1.915884 1.138895 1.233911 1.915884 1.137774 1.18479 1.915884 1.139774 1.18479 1.915884 1.137774 1.23179 1.495884 1.13977 1.231937 1.495884 1.139774 1.23179 1.495884 1.137769 1.231888 1.495884 1.139741 1.23223 1.495884 1.13976 1.232084 1.495884 1.137755 1.231985 1.495884 1.139684 1.232518 1.495884 1.139716 1.232375 1.495884 1.137731 1.23208 1.495884 1.139599 1.2328 1.495884 1.139645 1.23266 1.495884 1.137698 1.232172 1.495884 1.139486 1.233072 1.495884 1.139546 1.232938 1.495884 1.137656 1.232261 1.495884 1.139347 1.233332 1.495884 1.13942 1.233204 1.495884 1.137605 1.232345 1.495884 1.139184 1.233577 1.495884 1.139268 1.233456 1.495884 1.137547 1.232424 1.495884 1.138997 1.233804 1.495884 1.139093 1.233693 1.495884 1.137481 1.232497 1.495884 1.138895 1.233911 1.495884 1.138789 1.234012 1.495884 1.137408 1.232563 1.495884 1.138677 1.234109 1.495884 1.138561 1.234199 1.495884 1.137329 1.232621 1.495884 1.138441 1.234284 1.495884 1.138316 1.234363 1.495884 1.137245 1.232672 1.495884 1.138188 1.234435 1.495884 1.138057 1.234501 1.495884 1.137157 1.232713 1.495884 1.137922 1.234561 1.495884 1.137785 1.234614 1.495884 1.137064 1.232746 1.495884 1.137645 1.23466 1.495884 1.137503 1.2347 1.495884 1.136969 1.23277 1.495884 1.137359 1.234732 1.495884 1.137214 1.234757 1.495884 1.136872 1.232785 1.495884 1.137068 1.234775 1.495884 1.136921 1.234786 1.495884 1.136774 1.23279 1.495884 1.136774 1.23479 1.495884 1.137774 1.18479 1.495884 1.139774 1.18479 1.495884 -0.06022602 1.18479 1.915884 -0.05822604 1.18479 1.915884</float_array>
          <technique_common>
            <accessor source="#Part__Feature001_004-mesh-positions-array" count="208" stride="3">
              <param name="X" type="float"/>
              <param name="Y" type="float"/>
              <param name="Z" type="float"/>
            </accessor>
          </technique_common>
        </source>
        <source id="Part__Feature001_004-mesh-normals">
          <float_array id="Part__Feature001_004-mesh-normals-array" count="2334">0 0 1 -1.97655e-4 0 1 6.22993e-5 0 1 6.24135e-5 0 1 6.2433e-5 0 1 -8.40871e-5 0 1 -8.39288e-5 0 1 -8.38955e-5 0 1 -1.97195e-4 0 1 6.09909e-5 0 1 6.24758e-5 0 1 6.12254e-5 0 1 -6.17082e-5 0 1 -6.16105e-5 0 1 -6.15747e-5 0 1 -1.97161e-4 0 1 -1.90457e-5 0 1 -1.88195e-5 0 1 -1.87082e-5 0 1 -1.70313e-5 0 1 -1.56116e-5 0 1 -1.66369e-5 0 1 -9.90688e-5 0 1 -1.65435e-5 0 1 -1.63448e-5 0 1 -1.62158e-5 0 1 1.90642e-5 0 1 1.9516e-5 0 1 1.98456e-5 0 1 -8.33954e-5 0 1 -8.33007e-5 0 1 -8.32185e-5 0 1 9.79769e-6 0 1 1.51259e-5 1.99769e-7 1 1.19492e-5 0 1 -2.27679e-5 0 1 -2.2482e-5 0 1 -2.22071e-5 0 1 -2.80011e-5 0 1 -2.82278e-5 0 1 -2.85013e-5 0 1 7.68906e-5 0 1 7.67686e-5 0 1 7.65589e-5 0 1 -3.38854e-5 0 1 -3.39117e-5 0 1 -3.39808e-5 0 1 -3.30297e-5 0 1 -3.30537e-5 0 1 -3.31803e-5 0 1 9.59924e-5 0 1 9.59817e-5 0 1 9.55257e-5 0 1 5.01416e-5 0 1 5.17772e-5 0 1 5.03333e-5 0 1 -4.63817e-5 0 1 -4.6235e-5 0 1 -4.73348e-5 0 1 -3.20943e-5 0 1 -3.184e-5 0 1 -3.27406e-5 0 1 7.18315e-5 0 1 7.18859e-5 0 1 7.17586e-5 0 1 0 0 -1 1.87498e-4 0 -1 1.8745e-4 0 -1 1.87451e-4 0 -1 -4.72158e-5 0 -1 -4.8917e-5 0 -1 -4.8157e-5 1.28101e-7 -1 -1.49074e-5 0 -1 -1.54492e-5 0 -1 -1.4502e-5 0 -1 -4.94462e-5 0 -1 1.86807e-4 0 -1 1.86758e-4 0 -1 1.86762e-4 0 -1 1.97785e-4 0 -1 8.23126e-6 0 -1 7.665e-6 0 -1 8.45431e-6 0 -1 9.42255e-7 0 -1 -6.85803e-7 0 -1 -2.51224e-7 1.3478e-7 -1 3.93282e-5 0 -1 3.92283e-5 0 -1 3.9244e-5 0 -1 3.83891e-6 0 -1 3.33316e-6 0 -1 3.91685e-6 0 -1 -8.37724e-5 0 -1 -8.39308e-5 0 -1 -8.37391e-5 0 -1 1.4887e-4 0 -1 8.50992e-5 0 -1 8.49482e-5 0 -1 8.51384e-5 0 -1 0 0 -1 -1.46322e-6 0 -1 -1.45566e-6 0 -1 1.13402e-4 0 -1 1.13223e-4 0 -1 1.13397e-4 0 -1 1.83968e-4 0 -1 1.83826e-4 0 -1 1.83865e-4 0 -1 2.7993e-5 0 -1 2.75459e-5 0 -1 2.81569e-5 0 -1 1.48765e-4 0 -1 1.21315e-4 0 -1 1.20964e-4 0 -1 1.21489e-4 0 -1 -1.73217e-5 0 -1 -1.76581e-5 0 -1 -1.75437e-5 0 -1 7.38989e-5 0 -1 1.21306e-4 0 -1 1.20968e-4 0 -1 1.21494e-4 0 -1 -3.72855e-5 0 -1 -3.75235e-5 0 -1 -3.74275e-5 0 -1 -4.06199e-5 0 -1 -4.08272e-5 0 -1 -4.06961e-5 0 -1 1.67913e-5 0 -1 1.6476e-5 0 -1 1.66248e-5 0 -1 -1.21244e-4 0 -1 -1.21509e-4 0 -1 -1.21014e-4 0 -1 1.70323e-5 0 -1 1.57818e-5 0 -1 1.64658e-5 0 -1 7.15933e-5 0 1 7.16442e-5 0 1 7.15552e-5 0 1 9.87362e-5 0 1 3.0538e-5 0 1 3.11849e-5 0 1 3.02828e-5 0 1 -1.48782e-4 0 1 -3.95032e-6 0 1 -3.02926e-6 0 1 -4.09165e-6 0 1 8.12493e-5 0 1 8.14127e-5 0 1 8.12217e-5 0 1 -2.5553e-5 0 1 -2.49806e-5 0 1 -2.50717e-5 0 1 -5.30222e-5 0 1 -5.13881e-5 0 1 -5.15793e-5 0 1 8.37723e-5 0 1 8.39307e-5 0 1 8.37392e-5 0 1 -5.26679e-5 0 1 -5.22281e-5 0 1 -5.26578e-5 0 1 -1.13843e-4 0 1 -1.13737e-4 0 1 -1.13826e-4 0 1 -1.11621e-4 0 1 -1.11337e-4 0 1 -1.11416e-4 0 1 3.38308e-5 0 1 3.39262e-5 0 1 3.38571e-5 0 1 1.21197e-4 0 1 1.21548e-4 0 1 1.21023e-4 0 1 1.58281e-5 0 1 1.72274e-5 0 1 1.67482e-5 0 1 1.14685e-4 0 1 1.14922e-4 0 1 1.14772e-4 0 1 -3.25934e-6 0 1 -7.0699e-7 0 1 -1.73284e-6 0 1 -2.31265e-6 0 1 -9.23115e-7 0 1 -3.32971e-6 0 1 2.90913e-5 0 1 2.9591e-5 0 1 2.93174e-5 0 1 -1.58728e-5 0 1 -1.55578e-5 0 1 -1.57067e-5 0 1 -5.93701e-6 0 1 -4.76092e-6 0 1 -7.07165e-6 0 1 -1.97692e-4 0 -1 9.88106e-5 0 -1 1.47754e-4 0 -1 -9.94629e-5 0 -1 5.95338e-5 0 -1 5.94279e-5 0 -1 5.94006e-5 0 -1 -2.96685e-4 0 -1 1.86966e-5 0 -1 1.83528e-5 0 -1 1.86419e-5 0 -1 -6.08652e-5 0 -1 -6.09626e-5 0 -1 -6.09986e-5 0 -1 1.96957e-4 0 -1 -1.14637e-4 0 -1 -1.14825e-4 0 -1 -1.14918e-4 0 -1 9.85562e-5 0 -1 -9.88777e-5 0 -1 -6.02423e-5 0 -1 -6.03267e-5 0 -1 -6.03737e-5 0 -1 2.6376e-5 0 -1 2.60725e-5 0 -1 2.58097e-5 0 -1 -6.67381e-5 0 -1 -6.61501e-5 0 -1 -6.54387e-5 0 -1 4.04268e-5 0 -1 4.0503e-5 0 -1 4.06341e-5 0 -1 -7.3888e-5 0 -1 -3.68641e-6 0 -1 -5.16535e-6 0 -1 -3.37476e-6 0 -1 -1.4979e-4 0 -1 -1.10039e-4 0 -1 -1.10035e-4 0 -1 -1.09861e-4 0 -1 2.10843e-7 0 -1 -1.3581e-6 0 -1 2.03727e-7 0 -1 9.02383e-5 0 -1 9.01527e-5 0 -1 9.0796e-5 0 -1 -9.71369e-6 0 -1 -9.9372e-6 0 -1 -9.14687e-6 0 -1 9.99036e-7 0 -1 -6.29574e-7 0 -1 5.63916e-7 0 -1 -3.42006e-5 0 -1 -3.46221e-5 0 -1 -3.36379e-5 0 -1 -1.40318e-7 0 -1 -1.79268e-6 0 -1 -8.78703e-7 0 -1 -1 0 0 0 -1 0 1 0 0 0.0248782 0.9996905 0 0.0248782 0.9996905 0 0.0248782 0.9996905 1.51603e-7 0.02490037 0.99969 0 0.02490031 0.99969 -5.12655e-7 0.02490037 0.99969 0 0.07296943 0.9973343 0 0.07296949 0.9973343 0 0.07296943 0.9973343 0 0.1224567 0.9924739 0 0.07294505 0.997336 0 0.07294505 0.997336 0 0.07294505 0.997336 1.81383e-7 0.1224566 0.9924739 0 0.1707465 0.985315 -1.31994e-7 0.1707466 0.985315 0 0.1707465 0.985315 0 0.1706711 0.9853281 0 0.1706711 0.9853281 0 0.1706711 0.9853281 0 0.2196572 0.9755772 -1.76844e-7 0.2196571 0.9755772 0 0.2196573 0.9755771 0 0.21964 0.975581 0 0.2196401 0.9755811 0 0.21964 0.975581 0 0.2662982 0.9638907 0 0.2662979 0.9638908 0 0.2662984 0.9638907 0 0.2662723 0.9638979 0 0.2662726 0.9638978 2.66896e-7 0.2662724 0.9638978 4.46111e-7 0.3139785 0.9494301 -1.97504e-7 0.3139785 0.9494301 0 0.3139786 0.9494302 0 0.3140118 0.9494191 0 0.3140122 0.949419 0 0.3140121 0.949419 0 0.359986 0.9329577 0 0.359986 0.9329577 0 0.359986 0.9329577 0 0.4054074 0.9141362 0 0.4054074 0.9141362 0 0.4054074 0.9141362 0 0.359986 0.9329577 0 0.359986 0.9329577 0 0.359986 0.9329577 0 0.4052822 0.9141917 0 0.4052824 0.9141916 0 0.4052823 0.9141917 0 0.44981 0.8931243 0 0.4497705 0.8931442 0 0.4497705 0.8931442 0 0.4497705 0.8931442 0 0.4930053 0.8700263 0 0.4930052 0.8700264 0 0.4930053 0.8700264 0 0.4930056 0.8700261 -2.58581e-7 0.4930056 0.8700262 0 0.4930058 0.8700262 -1.51865e-7 0.5347598 0.8450042 0 0.5347598 0.8450043 0 0.5347598 0.8450042 0 0.5347721 0.8449964 0 0.5347722 0.8449963 0 0.534772 0.8449965 0 0.5761466 0.8173463 -1.23406e-7 0.576147 0.8173461 -1.23644e-7 0.5761463 0.8173467 0 0.5761609 0.8173364 0 0.5761608 0.8173364 0 0.5761608 0.8173364 0 0.6151203 0.7884333 0 0.6151201 0.7884335 0 0.6151202 0.7884334 0 0.6151445 0.7884144 -2.51289e-7 0.6151448 0.7884142 0 0.6151442 0.7884147 -1.4724e-7 0.6533528 0.7570536 0 0.6533534 0.7570531 1.28832e-7 0.6533531 0.7570534 2.11389e-7 0.6534192 0.7569963 0 0.653419 0.7569966 -3.80079e-7 0.6534194 0.756996 0 0.688987 0.7247739 0 0.6889871 0.7247737 0 0.688987 0.7247738 0 0.6891974 0.7245737 0 0.7243131 0.6894713 0 0.7243133 0.6894711 0 0.7243131 0.6894711 0 0.7243471 0.6894356 0 0.7243472 0.6894354 0 0.7243469 0.6894357 0 0.7570596 0.6533459 0 0.7570596 0.6533459 0 0.7570596 0.6533458 0 0.7570596 0.6533458 0 0.7570596 0.6533459 0 0.7570596 0.6533459 0 0.78843 0.6151245 0 0.7884296 0.6151252 0 0.7884297 0.6151248 0 0.7884122 0.6151475 -2.62442e-7 0.7884126 0.6151468 0 0.7884115 0.6151482 -1.56422e-7 0.8177545 0.5755672 0 0.8177549 0.5755667 3.06006e-7 0.8177547 0.575567 5.14508e-7 0.8177409 0.5755867 0 0.8177402 0.5755876 0 0.8177415 0.5755858 0 0.8448117 0.5350639 -1.79829e-7 0.8448117 0.5350639 0 0.8448117 0.5350638 0 0.8448376 0.535023 0 0.8448375 0.5350232 0 0.8448375 0.5350231 0 0.8701753 0.4927423 0 0.8701753 0.4927424 0 0.8701753 0.4927423 0 0.8701753 0.4927423 -2.12534e-7 0.8701753 0.4927424 0 0.8701753 0.4927423 -1.26554e-7 0.893114 0.4498305 -1.37118e-7 0.8931141 0.4498303 -1.3739e-7 0.8931139 0.4498308 0 0.8930725 0.449913 0 0.8930721 0.4499137 0 0.8930723 0.4499133 0 0.9143335 0.4049621 -3.49134e-7 0.9143334 0.4049624 0 0.9143337 0.4049617 -2.04803e-7 0.9143337 0.4049617 0 0.9143334 0.4049624 0 0.9143335 0.4049621 0 0.932811 0.3603662 0 0.932811 0.3603662 0 0.932811 0.3603661 0 0.9495778 0.3135317 0 0.9495778 0.3135316 0 0.9495778 0.3135318 0 0.932811 0.3603661 0 0.932811 0.3603662 1.19649e-7 0.932811 0.3603662 1.98062e-7 0.9495617 0.3135804 0 0.9495616 0.3135808 0 0.9495617 0.3135806 0 0.9637381 0.2668502 0 0.963738 0.2668504 0 0.9637382 0.2668501 0 0.9637557 0.2667866 0 0.963756 0.2667856 1.31126e-7 0.9637558 0.266786 2.21082e-7 0.975771 0.218795 0 0.975771 0.2187946 0 0.9757709 0.2187952 0 0.9852973 0.1708489 0 0.9852972 0.1708491 -5.74508e-7 0.9852973 0.1708487 0 0.9757544 0.2188683 0 0.9757546 0.2188678 0 0.9757545 0.2188681 0 0.9853039 0.1708105 0 0.9853041 0.1708098 0 0.985304 0.1708101 0 0.9924411 0.1227217 -5.32603e-7 0.9924411 0.1227225 0 0.9924412 0.1227208 -3.15263e-7 0.9924413 0.1227205 2.11766e-6 0.9924417 0.1227178 0 0.9924415 0.1227192 0 0.9972739 0.07378947 0 0.9972741 0.07378786 0 0.9972738 0.07379108 0 0.9972738 0.07379132 0 0.9972736 0.07379239 3.06048e-7 0.9972737 0.07379186 5.14561e-7 0.9997101 0.02407926 -2.371e-7 0.9997101 0.02407974 0 0.9997101 0.02407872 -1.40381e-7 0.9997111 0.02403712 0 0.9997112 0.02403604 0 0.9997111 0.02403658 0 0 1 0 -0.9996991 0.02453291 0 -0.9996991 0.02453291 0 -0.9972922 0.07354128 0 -0.9924575 0.12259 0 -0.9972922 0.07354128 0 -0.9852789 0.1709549 0 -0.985289 0.1708964 0 -0.9757013 0.2191047 0 -0.9757013 0.2191047 0 -0.9757013 0.2191047 0 -0.9757248 0.2190004 0 -0.9757248 0.2190004 0 -0.9757248 0.2190004 0 -0.9638031 0.2666151 0 -0.9638185 0.2665593 0 -0.9494785 0.3138324 0 -0.9494785 0.3138324 0 -0.9494785 0.3138324 0 -0.9495264 0.3136872 0 -0.9495264 0.3136872 0 -0.9495264 0.3136872 0 -0.9330525 0.3597404 0 -0.9330525 0.3597404 0 -0.9330525 0.3597404 0 -0.9140819 0.4055297 0 -0.9140819 0.4055297 0 -0.9140819 0.4055297 0 -0.9330525 0.3597404 0 -0.9330525 0.3597404 0 -0.9330525 0.3597404 0 -0.9140849 0.4055231 0 -0.9140849 0.4055231 0 -0.9140849 0.4055231 0 -0.8933076 0.4494459 0 -0.8933076 0.4494459 0 -0.8933076 0.4494459 0 -0.893286 0.4494889 0 -0.893286 0.4494889 0 -0.893286 0.4494889 0 -0.8699598 0.4931227 0 -0.8699339 0.4931684 0 -0.8450154 0.534742 0 -0.8450154 0.534742 0 -0.8450154 0.534742 1.48893e-7 -0.8450409 0.5347017 0 -0.8450409 0.5347017 0 -0.8450409 0.5347017 0 -0.8175754 0.5758216 0 -0.8175754 0.5758216 0 -0.8175754 0.5758216 0 -0.8175747 0.5758225 0 -0.8175747 0.5758224 0 -0.8175747 0.5758224 0 -0.7881267 0.6155132 0 -0.7880976 0.6155503 0 -0.7571073 0.6532906 0 -0.7571074 0.6532906 0 -0.7571074 0.6532906 1.72529e-7 -0.7570775 0.6533252 0 -0.7570775 0.6533253 0 -0.7570775 0.6533252 0 -0.7244338 0.6893444 0 -0.7244338 0.6893444 0 -0.7244338 0.6893444 0 -0.724404 0.6893757 -1.34526e-7 -0.724404 0.6893757 0 -0.724404 0.6893757 0 -0.6892154 0.7245565 0 -0.6892154 0.7245565 0 -0.6892154 0.7245565 1.96025e-7 -0.6892058 0.7245656 0 -0.6892059 0.7245656 0 -0.6892058 0.7245656 0 -0.6532503 0.7571421 -2.06946e-7 -0.6532503 0.757142 0 -0.6532503 0.7571421 0 -0.6532506 0.7571418 2.06106e-7 -0.6532506 0.7571418 0 -0.6532506 0.7571418 2.05677e-7 -0.6151359 0.7884212 0 -0.6151359 0.7884212 1.44959e-7 -0.6151359 0.7884212 2.46854e-7 -0.6151359 0.7884212 0 -0.6151359 0.7884212 0 -0.6151359 0.7884212 0 -0.5760104 0.8174425 0 -0.5760103 0.8174424 0 -0.5760104 0.8174425 0 -0.5760211 0.8174348 0 -0.5760211 0.8174348 0 -0.5760211 0.8174348 0 -0.5348773 0.8449299 0 -0.5348773 0.8449299 0 -0.5348773 0.8449299 0 -0.5348773 0.8449299 2.70275e-7 -0.5348773 0.8449299 0 -0.5348773 0.8449299 0 -0.4931969 0.8699178 0 -0.4931969 0.8699178 1.79473e-7 -0.4931969 0.8699178 3.04901e-7 -0.4931715 0.8699321 0 -0.4931715 0.8699322 0 -0.4931715 0.8699321 0 -0.4494055 0.893328 0 -0.4494055 0.893328 0 -0.4494055 0.893328 0 -0.4494055 0.893328 0 -0.4494055 0.893328 0 -0.4494055 0.893328 0 -0.4054021 0.9141384 -1.31375e-7 -0.4054022 0.9141385 0 -0.4054021 0.9141384 0 -0.4053807 0.914148 0 -0.4053807 0.914148 0 -0.4053807 0.914148 0 -0.3597641 0.9330434 0 -0.3597641 0.9330434 0 -0.3597641 0.9330434 0 -0.314147 0.9493744 0 -0.314147 0.9493744 0 -0.314147 0.9493744 0 -0.3597844 0.9330356 0 -0.3597844 0.9330356 0 -0.3597844 0.9330356 0 -0.3141013 0.9493895 0 -0.3141013 0.9493895 0 -0.3141013 0.9493895 0 -0.266134 0.963936 -4.58573e-7 -0.2661341 0.963936 0 -0.266134 0.963936 -2.7381e-7 -0.2661654 0.9639274 0 -0.2661653 0.9639274 0 -0.2661653 0.9639274 0 -0.2196283 0.9755837 0 -0.2196282 0.9755836 0 -0.2196283 0.9755837 0 -0.1707525 0.985314 0 -0.1707525 0.985314 0 -0.1707525 0.985314 0 -0.2196621 0.9755761 0 -0.2196621 0.9755761 0 -0.2196621 0.9755761 1.5139e-7 -0.1707254 0.9853187 0 -0.1707254 0.9853187 0 -0.1707254 0.9853187 0 -0.1222444 0.9925001 0 -0.1222516 0.9924992 0 -0.07298755 0.9973329 -1.85975e-7 -0.07298755 0.9973329 0 -0.07298755 0.9973329 0 -0.07298761 0.9973329 0 -0.07298761 0.9973329 0 -0.07298761 0.9973329 0 -0.02494186 0.9996889 -1.4342e-7 -0.02494186 0.9996889 0 -0.02494186 0.9996889 0 -0.0249418 0.9996889 0 -0.0249418 0.9996889 0 -0.0249418 0.9996889 0 0.9987973 -0.04903179 0 0.9987928 -0.04912185 0 0.989184 -0.1466796 0 0.989184 -0.1466796 0 0.989184 -0.1466797 0 0.9891611 -0.1468344 0 0.9699275 -0.2433944 0 0.9415463 -0.3368839 0 0.9415463 -0.3368839 0 0.9415463 -0.3368839 0 0.9699274 -0.2433946 0 0.9040818 -0.4273595 0 0.9040818 -0.4273595 0 0.9040818 -0.4273596 0 0.9415497 -0.3368741 0 0.9415497 -0.3368742 0 0.9415497 -0.3368742 0 0.904047 -0.4274333 2.66693e-7 0.904047 -0.4274333 0 0.904047 -0.4274333 0 0.8575906 -0.514333 0 0.8575906 -0.514333 0 0.8575906 -0.514333 -2.0909e-7 0.8575847 -0.5143427 0 0.8575847 -0.5143427 0 0.8575847 -0.5143427 0 0.8033123 -0.5955582 0 0.8033123 -0.5955582 0 0.8033123 -0.5955582 0 0.7405907 -0.6719565 0 0.7405907 -0.6719565 0 0.7405907 -0.6719565 0 0.8033124 -0.595558 0 0.8033124 -0.595558 0 0.8033124 -0.595558 0 0.6715994 -0.7409145 0 0.6715994 -0.7409145 0 0.6715994 -0.7409145 0 0.7406035 -0.6719424 1.35564e-7 0.7406034 -0.6719424 0 0.7406034 -0.6719424 2.02918e-7 0.6716894 -0.740833 4.24076e-7 0.6716893 -0.740833 0 0.6716893 -0.740833 0 0.59574 -0.8031775 0 0.5957399 -0.8031774 -2.07962e-7 0.5957399 -0.8031775 -2.08393e-7 0.5957832 -0.8031454 0 0.5957833 -0.8031454 2.58675e-7 0.5957833 -0.8031454 2.09245e-7 0.5147426 -0.8573448 -2.54204e-7 0.5147426 -0.8573448 -2.02347e-7 0.5147426 -0.8573448 0 0.5147827 -0.8573207 2.01524e-7 0.5147826 -0.8573207 0 0.5147827 -0.8573207 2.01106e-7 0.4268047 -0.9043439 0 0.4268047 -0.9043439 -3.81642e-7 0.4268047 -0.9043439 -3.82436e-7 0.3369615 -0.9415185 0 0.3369615 -0.9415185 0 0.3369615 -0.9415185 0 0.4268391 -0.9043277 0 0.4268392 -0.9043276 4.75065e-7 0.4268391 -0.9043277 3.83996e-7 0.3369901 -0.9415082 0 0.3369901 -0.9415082 0 0.3369901 -0.9415082 0 0.2426156 -0.9701226 0 0.2426156 -0.9701226 0 0.2426156 -0.9701226 0 0.1468028 -0.9891659 -2.96818e-7 0.1468028 -0.9891659 0 0.1468028 -0.9891659 0 0.2426158 -0.9701226 0 0.2426158 -0.9701226 0 0.2426158 -0.9701226 0 0.1468027 -0.9891659 3.72085e-7 0.1468027 -0.9891659 0 0.1468027 -0.9891659 5.55649e-7 0.0497682 -0.9987608 4.18219e-7 0.0497682 -0.9987608 0 0.0497682 -0.9987608 0 0.0497682 -0.9987608 0 0.0497682 -0.9987608 0 0.0497682 -0.9987608 0 -0.04967522 -0.9987654 0 -0.04967528 -0.9987654 0 -0.04967528 -0.9987654 0 -0.04971963 -0.9987632 0 -0.04971963 -0.9987632 0 -0.04971957 -0.9987632 0 -0.1468139 -0.9891642 0 -0.1468144 -0.9891641 -5.92037e-7 -0.1468148 -0.9891641 -3.94864e-7 -0.1468506 -0.9891588 0 -0.1468497 -0.9891589 2.94539e-7 -0.1468501 -0.9891588 0 -0.242565 -0.9701352 0 -0.2425651 -0.9701352 0 -0.2425652 -0.9701351 0 -0.2426404 -0.9701164 0 -0.2426401 -0.9701163 0 -0.2426403 -0.9701163 0 -0.3370459 -0.9414883 -1.48471e-7 -0.3370457 -0.9414883 0 -0.3370457 -0.9414883 0 -0.3370459 -0.9414883 0 -0.3370457 -0.9414883 0 -0.3370457 -0.9414883 0 -0.4266907 -0.9043977 -2.73457e-7 -0.4266908 -0.9043976 -2.25341e-7 -0.4266908 -0.9043976 0 -0.4266907 -0.9043977 2.24423e-7 -0.4266908 -0.9043976 0 -0.4266908 -0.9043976 2.23959e-7 -0.5150288 -0.8571729 0 -0.5150282 -0.8571733 -1.8968e-7 -0.5150275 -0.8571737 -1.90112e-7 -0.5150532 -0.8571583 0 -0.5150536 -0.857158 2.82984e-7 -0.5150535 -0.8571581 2.25341e-7 -0.5955925 -0.8032867 -3.79831e-7 -0.5955941 -0.8032857 -3.05819e-7 -0.5955955 -0.8032845 0 -0.5956227 -0.8032644 2.24482e-7 -0.5956208 -0.8032658 0 -0.5956218 -0.8032651 2.23959e-7 -0.6711611 -0.7413116 0 -0.7404952 -0.6720616 0 -0.7404954 -0.6720615 0 -0.7404955 -0.6720613 0 -0.7404952 -0.6720616 0 -0.7404955 -0.6720613 0 -0.7404954 -0.6720615 0 -0.8032734 -0.5956105 0 -0.8032737 -0.5956101 -2.74235e-7 -0.8032741 -0.5956097 -1.93006e-6 -0.8032645 -0.5956225 0 -0.803263 -0.5956246 2.74323e-7 -0.8032637 -0.5956236 2.20742e-7 -0.8577194 -0.5141181 -3.75333e-7 -0.85772 -0.5141171 -2.98921e-7 -0.8577206 -0.5141161 0 -0.8577141 -0.514127 2.39012e-6 -0.8577131 -0.5141287 0 -0.8577136 -0.5141279 2.37671e-7 -0.9039299 -0.4276807 0 -0.90393 -0.4276806 0 -0.90393 -0.4276804 0 -0.9039136 -0.4277154 0 -0.9039137 -0.4277151 0 -0.9039136 -0.4277153 0 -0.9418644 -0.3359935 0 -0.9418644 -0.3359935 0 -0.9418644 -0.3359934 0 -0.969854 -0.2436871 0 -0.9698538 -0.2436874 0 -0.9698538 -0.2436878 0 -0.9418643 -0.3359938 0 -0.9418643 -0.3359937 0 -0.9418643 -0.3359937 0 -0.9698504 -0.2437011 1.48779e-7 -0.9698506 -0.2437003 0 -0.9698506 -0.2437007 2.2273e-7 -0.9891676 -0.1467905 0 -0.9891678 -0.1467899 -2.2853e-7 -0.9891678 -0.1467893 -1.60832e-6 -0.998823 -0.04850387 0 -0.998823 -0.04850417 0 -0.9988231 -0.04850441 0 -0.9891614 -0.1468325 0 -0.9891611 -0.1468347 2.02649e-7 -0.9891613 -0.1468337 1.63257e-7 -0.998823 -0.04850387 1.24045e-7 -0.9988231 -0.04850441 0 -0.998823 -0.04850417 1.85275e-7</float_array>
          <technique_common>
            <accessor source="#Part__Feature001_004-mesh-normals-array" count="778" stride="3">
              <param name="X" type="float"/>
              <param name="Y" type="float"/>
              <param name="Z" type="float"/>
            </accessor>
          </technique_common>
        </source>
        <vertices id="Part__Feature001_004-mesh-vertices">
          <input semantic="POSITION" source="#Part__Feature001_004-mesh-positions"/>
        </vertices>
        <triangles material="Part__Feature001_004-material" count="412">
          <input semantic="VERTEX" source="#Part__Feature001_004-mesh-vertices" offset="0"/>
          <input semantic="NORMAL" source="#Part__Feature001_004-mesh-normals" offset="1"/>
          <p>0 0 1 0 2 0 3 1 4 1 1 1 3 0 5 0 4 0 3 0 1 0 0 0 6 0 7 0 5 0 6 2 8 3 7 4 6 0 5 0 3 0 9 5 10 6 8 7 9 8 11 8 10 8 9 9 8 10 6 11 12 0 13 0 11 0 12 12 14 13 13 14 12 0 11 0 9 0 15 15 16 15 14 15 15 16 17 17 16 18 15 19 14 20 12 21 18 22 19 22 17 22 18 23 20 24 19 25 18 0 17 0 15 0 21 26 22 27 20 28 21 29 23 30 22 31 21 32 20 33 18 34 24 35 25 36 23 37 24 0 23 0 21 0 26 0 25 0 24 0 26 38 24 39 27 40 28 0 26 0 27 0 29 0 28 0 27 0 29 41 27 42 30 43 31 0 29 0 30 0 32 0 31 0 30 0 32 44 30 45 33 46 34 0 32 0 33 0 35 0 34 0 33 0 35 47 33 48 36 49 37 0 35 0 36 0 38 0 37 0 36 0 38 50 36 51 39 52 40 0 38 0 39 0 41 53 40 54 39 55 41 56 39 57 42 58 43 0 41 0 42 0 44 0 43 0 42 0 44 59 42 60 45 61 46 0 44 0 45 0 47 0 46 0 45 0 47 62 45 63 48 64 49 0 47 0 48 0 50 0 49 0 48 0 51 0 49 0 50 0 52 65 53 65 54 65 52 66 55 67 53 68 56 69 57 70 58 71 56 72 58 73 59 74 60 75 55 75 52 75 61 65 56 65 59 65 62 76 63 77 55 78 62 79 55 79 60 79 64 80 59 81 65 82 64 65 61 65 59 65 66 65 63 65 62 65 67 83 64 84 65 85 68 65 63 65 66 65 68 86 69 87 63 88 70 65 67 65 65 65 70 89 65 90 71 91 72 92 69 93 68 94 73 65 70 65 71 65 74 95 75 95 69 95 74 96 69 97 72 98 76 99 73 100 71 101 76 102 71 103 77 104 78 65 75 65 74 65 79 65 76 65 77 65 80 105 81 106 75 107 80 108 75 109 78 110 82 65 79 65 77 65 82 111 77 111 83 111 84 65 81 65 80 65 85 65 82 65 83 65 86 112 81 113 84 114 86 115 87 116 81 117 88 65 85 65 83 65 88 118 83 118 89 118 90 119 87 120 86 121 91 65 88 65 89 65 92 65 87 65 90 65 92 122 93 123 87 124 94 65 91 65 89 65 94 125 89 126 95 127 96 65 93 65 92 65 97 65 94 65 95 65 98 128 99 129 93 130 98 131 93 132 96 133 100 134 95 135 99 136 100 65 97 65 95 65 101 65 99 65 98 65 101 65 100 65 99 65 54 65 53 65 102 65 54 65 102 65 103 65 104 0 51 0 50 0 104 137 50 138 105 139 106 0 107 0 108 0 106 0 109 0 107 0 110 0 104 0 105 0 111 140 109 140 106 140 112 141 105 142 113 143 112 0 110 0 105 0 114 144 115 144 109 144 114 0 109 0 111 0 116 0 112 0 113 0 117 0 115 0 114 0 118 145 113 146 119 147 118 0 116 0 113 0 120 148 115 149 117 150 120 151 121 152 115 153 122 154 118 155 119 156 123 157 121 158 120 159 124 0 122 0 119 0 124 160 119 161 125 162 126 0 127 0 121 0 126 0 121 0 123 0 128 0 124 0 125 0 129 0 127 0 126 0 130 0 128 0 125 0 130 163 125 164 131 165 132 166 133 167 127 168 132 0 127 0 129 0 134 0 130 0 131 0 135 0 133 0 132 0 136 0 134 0 131 0 136 169 131 170 137 171 138 172 133 173 135 174 138 175 139 176 133 177 140 0 136 0 137 0 141 0 139 0 138 0 142 0 140 0 137 0 142 178 137 179 143 180 144 0 139 0 141 0 144 181 145 182 139 183 146 0 142 0 143 0 147 184 145 185 144 186 148 187 143 188 149 189 148 0 146 0 143 0 150 190 149 191 145 192 150 0 145 0 147 0 151 193 149 194 150 195 151 0 148 0 149 0 108 0 107 0 152 0 108 0 152 0 153 0 154 65 155 65 156 65 157 196 158 196 159 196 157 197 159 197 155 197 157 198 155 198 154 198 160 199 161 199 162 199 160 65 162 65 158 65 160 65 158 65 157 65 163 200 164 201 165 202 163 203 165 203 161 203 163 204 161 205 160 206 166 207 167 208 168 209 166 210 168 210 164 210 166 65 164 65 163 65 169 211 170 212 171 213 169 214 171 214 167 214 169 65 167 65 166 65 172 215 173 215 174 215 172 216 174 217 170 218 172 65 170 65 169 65 175 219 176 220 177 221 175 65 177 65 173 65 175 65 173 65 172 65 178 65 176 65 175 65 179 65 176 65 178 65 180 65 179 65 178 65 180 222 178 223 181 224 182 65 180 65 181 65 183 65 182 65 181 65 183 225 181 226 184 227 185 65 183 65 184 65 186 65 185 65 184 65 186 228 184 228 187 228 188 65 186 65 187 65 189 229 188 230 187 231 189 232 187 232 190 232 191 65 189 65 190 65 192 65 191 65 190 65 192 233 190 234 193 235 194 236 192 237 193 238 195 239 193 240 196 241 195 65 194 65 193 65 197 65 195 65 196 65 198 242 196 243 199 244 198 245 197 246 196 247 200 65 198 65 199 65 201 65 200 65 199 65 201 248 199 249 202 250 203 251 201 252 202 253 58 65 203 65 202 65 57 65 203 65 58 65 107 254 154 254 152 254 152 254 154 254 204 254 205 255 153 255 152 255 205 255 152 255 204 255 156 256 108 256 153 256 156 256 153 256 205 256 201 257 203 258 51 259 201 260 51 261 104 262 200 263 104 264 110 265 200 266 110 266 112 266 200 267 201 268 104 269 198 270 200 270 112 270 197 271 112 272 116 273 197 274 198 275 112 276 195 277 116 278 118 279 195 280 197 281 116 282 194 283 118 284 122 285 194 286 195 287 118 288 192 289 122 290 124 291 192 292 194 293 122 294 191 295 124 296 128 297 191 298 128 299 130 300 191 301 192 302 124 303 189 304 191 305 130 306 188 307 189 307 130 307 188 308 130 309 134 310 186 311 188 312 134 313 186 314 134 315 136 316 185 317 186 318 136 319 185 320 136 321 140 322 185 323 140 324 142 325 183 326 185 327 142 328 182 329 183 330 142 331 182 332 142 333 146 334 180 335 182 336 146 337 180 338 146 339 148 340 179 341 180 342 148 343 179 344 148 344 151 344 176 345 179 346 151 347 176 348 151 349 150 350 176 351 150 352 147 353 177 354 176 355 147 356 173 357 177 358 147 359 173 360 147 361 144 362 174 363 173 364 144 365 174 366 144 367 141 368 170 369 141 370 138 371 170 372 174 373 141 374 171 375 170 376 138 377 171 378 138 379 135 380 171 381 135 382 132 383 167 384 171 385 132 386 168 387 132 388 129 389 168 390 167 391 132 392 164 393 129 394 126 395 164 396 126 397 123 398 164 399 168 400 129 401 165 402 164 403 123 404 161 405 123 406 120 407 161 408 165 409 123 410 162 411 120 412 117 413 162 414 117 415 114 416 162 417 161 418 120 419 158 420 162 421 114 422 159 423 114 424 111 425 159 426 158 427 114 428 155 429 111 430 106 431 155 432 159 433 111 434 156 435 106 436 108 437 156 438 155 439 106 440 51 441 203 441 57 441 51 441 57 441 49 441 52 442 54 442 2 442 52 443 2 443 1 443 60 444 1 444 4 444 60 445 4 445 5 445 60 446 52 446 1 446 62 445 60 445 5 445 66 447 5 447 7 447 66 448 62 448 5 448 68 449 7 450 8 451 68 452 66 453 7 454 72 455 8 455 10 455 72 456 68 456 8 456 74 457 10 458 11 459 74 460 72 461 10 462 78 463 11 464 13 465 78 466 13 467 14 468 78 469 74 470 11 471 80 472 78 473 14 474 84 475 80 476 14 477 84 478 14 479 16 480 86 481 84 481 16 481 86 482 16 482 17 482 90 483 86 484 17 485 90 486 17 487 19 488 90 489 19 490 20 491 92 492 90 493 20 494 96 495 92 495 20 495 96 496 20 496 22 496 98 497 96 498 22 499 98 500 22 501 23 502 101 503 98 504 23 505 101 506 23 507 25 508 100 509 101 510 25 511 100 512 25 513 26 514 100 515 26 516 28 517 97 518 100 519 28 520 94 521 97 522 28 523 94 524 28 525 29 526 91 527 94 528 29 529 91 530 29 531 31 532 88 533 31 534 32 535 88 536 91 537 31 538 85 539 88 540 32 541 85 542 32 543 34 544 85 545 34 546 35 547 82 548 85 549 35 550 79 551 35 552 37 553 79 554 82 555 35 556 76 557 37 558 38 559 76 560 38 561 40 562 76 563 79 564 37 565 73 566 76 567 40 568 70 569 40 570 41 571 70 572 73 573 40 574 67 575 41 576 43 577 67 578 43 579 44 580 67 581 70 582 41 583 64 584 67 585 44 586 61 587 44 587 46 587 61 588 64 588 44 588 56 589 46 590 47 591 56 592 61 593 46 594 57 595 47 596 49 597 57 598 56 599 47 600 2 254 54 254 103 254 2 254 103 254 206 254 102 255 207 255 206 255 102 255 206 255 103 255 102 256 0 256 207 256 53 256 0 256 102 256 53 601 55 601 0 601 0 602 55 602 3 602 3 603 55 604 6 605 55 606 63 606 6 606 6 607 69 607 9 607 9 608 69 609 12 610 63 611 69 611 6 611 12 612 75 613 15 614 69 615 75 616 12 617 75 618 81 619 15 620 15 621 87 622 18 623 81 624 87 625 15 626 18 627 93 628 21 629 21 630 93 631 24 632 87 633 93 634 18 635 24 636 99 637 27 638 93 639 99 640 24 641 99 642 95 643 27 644 27 645 89 646 30 647 95 648 89 649 27 650 30 651 83 652 33 653 89 654 83 655 30 656 33 657 77 658 36 659 36 660 77 661 39 662 83 663 77 664 33 665 77 666 71 667 39 668 39 669 65 670 42 671 42 672 65 673 45 674 71 675 65 676 39 677 65 678 59 679 45 680 59 681 58 682 45 683 45 684 58 685 48 686 58 255 50 255 48 255 202 255 50 255 58 255 202 687 199 688 50 689 50 690 199 691 105 692 105 693 199 694 113 695 199 696 196 697 113 698 113 699 193 700 119 701 196 702 193 703 113 704 119 705 190 706 125 707 193 708 190 709 119 710 125 711 187 712 131 713 190 714 187 715 125 716 131 717 184 718 137 719 187 720 184 721 131 722 137 723 181 724 143 725 184 726 181 727 137 728 143 729 178 729 149 729 181 729 178 729 143 729 149 730 175 731 145 732 178 733 175 734 149 735 145 736 172 737 139 738 175 739 172 740 145 741 139 742 169 743 133 744 172 745 169 746 139 747 133 748 166 749 127 750 169 751 166 752 133 753 127 754 163 755 121 756 121 757 163 758 115 759 166 760 163 761 127 762 163 763 160 764 115 765 115 766 157 767 109 768 109 769 157 770 107 771 160 772 157 773 115 774 157 775 154 776 107 777 0 0 2 0 206 0 0 0 206 0 207 0 204 65 156 65 205 65 154 65 156 65 204 65</p>
        </triangles>
      </mesh>
    </geometry>
    <geometry id="Part__Feature_008-mesh" name="Part__Feature.008">
      <mesh>
        <source id="Part__Feature_008-mesh-positions">
          <float_array id="Part__Feature_008-mesh-positions-array" count="642">0.0635215 2.17579 1.988645 0.06681483 2.17379 1.988779 0.06259828 2.17379 1.988269 0.06016767 2.17579 1.984459 0.06040185 2.17379 1.984349 0.06192791 2.17379 1.979991 0.0624817 2.17579 1.979713 0.06793898 2.17579 1.979088 0.0684787 2.17379 1.979326 0.06597131 0.3737895 1.989232 0.06440699 0.3717895 1.989193 0.06081104 0.3737895 1.986229 0.06042587 0.3717895 1.984949 0.0617578 0.3737895 1.979869 0.06261593 0.3717895 1.979195 -0.06022727 2.27378 1.493862 1.139944 2.27631 1.494817 -0.06039524 2.276332 1.494858 -0.06045699 2.274029 1.495799 1.139523 2.27612 1.996205 1.139563 2.274664 1.994762 -0.06284922 2.273973 1.495007 -0.06307482 0.2735661 1.495684 -0.06045043 0.2735736 1.49579 -0.06044936 0.2737873 1.493759 -0.0624873 2.273588 1.996288 -0.06114125 2.27361 1.994738 1.142396 0.2736074 1.495006 1.142622 2.274013 1.495684 1.139999 2.274006 1.49579 1.140116 2.273802 1.493782 1.142057 0.2740016 1.996271 1.140679 0.2739812 1.994754 -0.06040859 0.271183 1.494992 1.139999 0.2709304 1.495701 1.140005 0.2735493 1.495799 1.139775 0.2735683 1.493756 -0.0600202 0.2714555 1.996234 -0.06003803 0.2728802 1.99475 -0.06008088 2.276103 1.996224 -0.06002175 2.274669 1.994763 1.042067 2.17679 1.996884 1.042067 2.17679 1.994884 -0.06261289 0.2739985 1.996166 -0.06109642 0.2740129 1.99478 0.03692966 2.176042 1.996963 0.03675943 2.176011 1.995058 1.142139 2.27359 1.996183 1.140653 2.27357 1.994779 1.042295 0.3717476 1.99689 1.042687 0.3717281 1.995139 1.1396 0.2714965 1.996229 1.139565 0.2729079 1.994762 0.03823858 0.3719054 1.996708 1.041999 0.3709166 1.996975 0.03918147 2.174202 1.995755 0.03807264 2.173558 1.994182 0.03977394 2.173083 1.993884 0.0377739 2.173083 1.993884 0.03910595 2.173083 1.993884 0.03810596 2.173083 1.993884 0.03860592 2.173083 1.993884 0.03843992 2.173083 1.993884 0.0391069 2.173083 1.993884 0.03810691 2.173083 1.993884 0.03939729 0.3734744 1.995477 0.03704673 0.3717015 1.996934 0.03817445 0.374469 1.993876 0.03737491 0.3724377 1.994986 0.03986722 0.3749619 1.946043 0.03847843 0.3749428 1.944522 1.041016 2.175156 1.996498 1.041322 2.176273 1.995278 1.039377 2.173837 1.994317 1.039067 2.17379 1.993884 1.039067 2.17579 1.993884 1.039067 2.174458 1.993884 1.039067 2.175458 1.993884 1.042067 2.17679 1.99555 1.039067 2.174958 1.993884 1.039067 2.175124 1.993884 1.042067 2.17679 1.996217 1.042067 2.17679 1.995217 1.039067 2.174457 1.993884 1.039067 2.175457 1.993884 0.03991872 2.173884 1.995023 0.03756123 2.176587 1.996961 0.04020655 2.175734 1.99398 0.03786325 2.176582 1.995234 0.0409345 2.173759 1.946058 0.07041591 2.17379 1.985868 0.04083085 2.175478 1.944741 0.06783503 2.17579 1.988476 0.07067352 2.17579 1.984534 1.039674 0.3741319 1.994579 1.041483 0.3740597 1.994117 1.040464 2.174548 1.996044 1.041504 2.173592 1.994203 1.042771 2.176051 1.995492 1.041774 2.173083 1.993884 1.041446 2.173083 1.993884 1.04111 2.173083 1.993884 1.040442 2.173083 1.993884 1.041442 2.173083 1.993884 1.040942 2.173083 1.993884 1.041108 2.173083 1.993884 1.040441 2.173083 1.993884 1.039774 2.173083 1.993884 1.041441 2.173083 1.993884 1.039668 2.172599 1.946009 1.041071 2.172599 1.944511 0.04032909 0.3737632 1.994406 0.03763931 0.3708543 1.995039 0.03982198 0.371937 1.994257 1.039944 0.3735905 1.995177 1.041495 0.3711013 1.995098 1.039571 0.3719919 1.994193 1.039067 0.3717895 1.993884 1.039067 0.3724536 1.993884 1.039067 0.3731216 1.993884 1.039067 0.3721216 1.993884 1.039067 0.3726216 1.993884 1.039067 0.3724555 1.993884 1.039067 0.3731225 1.993884 1.039067 0.3737895 1.993884 1.039067 0.3721225 1.993884 0.06784003 0.3737895 1.97928 0.07088845 0.3737895 1.984334 1.038594 0.3738504 1.946034 0.06880974 0.3717895 1.979916 1.03862 0.3722729 1.944646 0.07063382 0.3717895 1.985614 0.03843933 2.172602 1.944532 0.03990137 2.172571 1.945982 0.08666676 2.126838 1.945717 1.038589 2.175355 1.944709 1.03856 2.173702 1.946022 0.9925152 2.126046 1.945125 1.04113 0.3749726 1.944546 1.039658 0.3750019 1.945993 0.9938239 0.4204467 1.943884 0.9938239 0.4204467 1.945884 0.04083961 0.3720812 1.944777 0.0409556 0.3738257 1.946038 0.08671605 0.4206262 1.945728 0.088481 2.15579 1.942784 0.08783841 2.125877 1.942709 0.08845734 2.127836 1.943618 0.9910668 2.15579 1.942784 0.9929375 2.127727 1.944257 0.9921234 2.127531 1.943841 0.9914499 2.126656 1.942038 0.9913746 2.127625 1.943401 0.08723104 2.127589 1.943926 0.08673042 2.126796 1.945638 0.08788925 2.12747 1.943548 0.08662164 2.127708 1.944276 0.05777388 0.4224966 1.942784 0.0861817 0.4223304 1.941767 0.05777388 2.125083 1.942784 0.08604186 2.125167 1.941747 0.08572542 2.12712 1.944061 0.08604598 2.126527 1.944063 0.08784198 2.126106 1.943856 0.08598434 2.125849 1.94371 0.08582687 2.125253 1.943413 0.08785289 0.4215121 1.943763 0.08604609 0.4212634 1.943936 0.08663678 0.4207311 1.945719 0.08586084 0.4206729 1.944185 0.0860235 0.4220233 1.943493 1.021774 2.125083 1.942784 0.9938239 2.125083 1.941784 0.9938239 2.125083 1.943784 1.021774 0.4224966 1.942784 0.9921165 0.4210159 1.94516 0.9936426 0.4206793 1.944294 0.9934455 0.4215655 1.943774 0.9924171 0.4220336 1.942194 0.9937013 0.4223022 1.943441 0.9938239 0.4204467 1.944216 0.9938239 0.4204467 1.94455 0.9938239 0.4204467 1.94405 0.9938239 0.4204467 1.945217 0.9938239 0.4204467 1.944383 0.9938239 0.4204467 1.9443 0.9938239 0.4204467 1.944217 0.992116 2.125658 1.942407 0.9937121 2.12523 1.943407 0.993401 2.126158 1.943866 0.9924662 2.12668 1.945501 0.9936925 2.126985 1.944315 0.9938239 2.125083 1.94362 0.9938239 2.125083 1.943452 0.9938239 2.125083 1.943118 0.9938239 2.125083 1.943618 0.9938239 2.125083 1.942451 0.9938239 2.125083 1.943285 0.9938239 2.125083 1.943368 0.9938239 2.125083 1.943451 0.9910668 0.3917895 1.942784 0.9912348 0.420182 1.941751 0.088481 0.3917895 1.942784 0.08656591 0.4198349 1.944309 0.08740764 0.4218786 1.943902 0.08771884 0.4200107 1.943714 0.088153 0.4208075 1.942001 0.08712387 0.420055 1.94402 0.08832937 0.4198462 1.943418 0.9915215 0.4200166 1.943507 0.9919298 0.4217859 1.943377 0.9926721 0.4211078 1.945495 0.9923154 0.4200202 1.943936 0.9929219 0.4198702 1.944245</float_array>
          <technique_common>
            <accessor source="#Part__Feature_008-mesh-positions-array" count="214" stride="3">
              <param name="X" type="float"/>
              <param name="Y" type="float"/>
              <param name="Z" type="float"/>
            </accessor>
          </technique_common>
        </source>
        <source id="Part__Feature_008-mesh-normals">
          <float_array id="Part__Feature_008-mesh-normals-array" count="2427">0.1160302 0.1299324 -0.9847105 0.1161471 0.1308078 -0.9845808 0.116041 0.13024 -0.9846686 0.7579315 -0.2359089 -0.6081834 0.7579478 -0.2363212 -0.6080029 0.7579439 -0.2363091 -0.6080124 0.8649858 0.127902 -0.4852222 0.8649863 0.1278992 -0.4852223 0.8650085 0.1277759 -0.4852151 0.9397222 0.09196323 0.3293402 0.9397171 0.09200954 0.3293418 0.9397401 0.09186732 0.3293161 0.8829959 -0.1853969 0.4312149 0.8830074 -0.1854355 0.4311746 0.882987 -0.1847678 0.431503 0.1135973 0.1059772 0.9878585 0.113369 0.1055672 0.9879286 0.1134454 0.1056242 0.9879138 0.09728515 0.1465751 0.9844041 0.09641796 0.1442317 0.9848355 0.09745806 0.1467565 0.9843599 0.4712656 -0.3524894 -0.8084924 0.4713134 -0.3523567 -0.8085225 0.4713239 -0.3523097 -0.8085368 0.6990409 0.2850725 -0.6558015 0.9512895 -0.2738475 0.141619 0.8996156 0.2707505 0.3426166 0.8996404 0.2705199 0.3427336 0.899616 0.2707543 0.3426123 0.6370803 0.6076313 -0.4742498 0.5708037 0.5477866 -0.6116479 -0.5808525 0.6056316 -0.5438941 0.5874784 -0.6126076 -0.5287543 0.6638973 -0.6805401 -0.310009 -0.6711678 -0.6396038 -0.3747544 -0.5485471 -0.5291116 -0.647408 -2.58526e-6 1.31715e-5 -1 -6.63411e-5 5.1506e-5 -1 -8.33958e-6 4.76726e-6 1 7.54533e-6 -4.58849e-6 1 0.9975883 0.04484546 0.0529772 0.9975742 0.04478508 0.05329304 0.9975568 0.04478794 0.05361431 -0.9931397 -0.02041345 -0.1151388 -6.05845e-5 0.3777526 -0.9259065 3.9441e-4 0.3777788 -0.9258958 8.99749e-5 0.3777557 -0.9259054 -1.93043e-5 0.3584192 -0.9335607 -3.14228e-5 0.3584193 -0.9335607 -1.36671e-5 0.3584192 -0.9335607 -1.35074e-5 1 4.56667e-4 1.86838e-5 1 3.78721e-4 -4.37226e-6 -0.9999992 0.001283049 -1.92547e-5 -0.9999992 0.00131905 0.9996445 0.0266481 8.38519e-4 0.9997058 0.02424395 8.48901e-4 -0.9991121 -0.04212307 9.25625e-4 -0.9996339 0.02705144 6.39115e-4 0.01974058 0.9918398 -0.1259528 0.01981705 0.9918684 -0.1257159 0.01985007 0.9918965 -0.1254891 0.007019042 -0.9944822 -0.1046705 -0.5924556 -2.13509e-4 -0.8056031 -0.5924556 -2.08436e-4 -0.8056032 -0.5924556 -2.07969e-4 -0.8056031 -0.4011693 9.04374e-5 -0.916004 -0.4011693 9.26049e-5 -0.916004 -0.4011693 9.6976e-5 -0.916004 -0.9999998 6.27574e-5 7.22068e-4 -0.9999997 1.13065e-4 9.22855e-4 0.9999991 2.24428e-5 0.001371443 0.9999992 3.27294e-6 0.001294553 -0.0157485 0.9998758 7.808e-4 -0.02348172 0.999724 8.06986e-4 0.002815842 -0.9999958 8.61559e-4 0.01026868 -0.999947 8.93547e-4 0.02069747 -0.9997237 -0.01114255 0.02073216 -0.9997228 -0.01116418 0.02088123 -0.9997178 -0.01132845 -0.008610665 0.9946035 -0.1033921 -0.008611977 0.9946036 -0.1033897 -0.007738947 0.994548 -0.1039927 0.6069409 2.16197e-4 -0.7947471 0.606941 2.05853e-4 -0.794747 0.606941 2.0461e-4 -0.794747 0.4306756 -6.15266e-5 -0.9025068 0.9999998 -4.09993e-5 6.76383e-4 0.9999995 -1.12994e-4 9.643e-4 -0.9999992 -2.79455e-6 0.001310825 -0.9999992 -1.24263e-5 0.001349627 0.01384842 -0.9999038 8.46673e-4 0.02457362 -0.9996977 8.02631e-4 -0.01447975 0.9998949 8.92521e-4 -0.002602458 0.9999963 8.41559e-4 -0.9998573 -0.0167399 -0.002282679 0.9937486 0.002272427 -0.1116183 0.9937359 0.002264618 -0.1117314 0.9937189 0.00220704 -0.1118836 3.58853e-4 -0.5946736 -0.8039672 3.52736e-4 -0.5946736 -0.8039671 3.53328e-4 -0.5946736 -0.8039671 -8.02434e-5 -0.4280775 -0.9037421 -2.10704e-4 -0.9999998 5.43846e-4 3.41892e-5 -0.9999994 0.0011307 2.01967e-5 0.9999991 0.001389563 -2.30435e-5 0.9999992 0.001285433 -0.999931 -0.01171898 7.81149e-4 -0.9998418 -0.01777082 8.01624e-4 0.9999967 -0.002455532 7.98286e-4 0.9996673 0.02578014 9.13975e-4 1.57268e-5 0.007423102 0.9999725 7.58507e-5 0.00676161 0.9999772 -3.48169e-4 -8.95222e-4 -0.9999996 -5.06563e-7 -0.004804551 -0.9999885 0.7084665 -0.7057445 0 0.5802246 -0.5652857 0.5863373 -0.5987934 -0.5834752 0.5486375 -0.7024435 -0.7014309 -0.1206977 -0.006799995 -1.62315e-5 0.9999769 -0.007652461 -6.05058e-5 0.9999707 0.00204432 4.06868e-5 -0.9999979 0.003249406 -2.12102e-5 -0.9999948 0.598406 0.6020718 0.5286018 0.6987515 0.7115243 -0.07402515 0.6994475 -0.6995056 -0.1465103 0.5561602 -0.5720435 0.6028699 0.006962418 7.72945e-4 0.9999755 -0.006993055 4.46998e-5 0.9999756 -0.007484257 1.96037e-4 -0.999972 -0.003913164 1.2232e-5 -0.9999924 -0.5910009 -0.5946058 0.5451259 -0.6927204 -0.7060229 -0.1472079 -0.5667929 0.573221 0.5917462 4.45183e-6 -0.004720509 0.9999889 -2.72913e-4 -0.007766783 0.9999698 5.78904e-5 0.002895712 -0.9999958 9.86693e-6 0.003426373 -0.9999942 -0.6954608 0.6937178 -0.1873232 -0.5928934 0.5773661 0.5613609 0.5909494 0.5883194 0.5519593 0.7078731 0.6958065 -0.121528 0.6103503 0.7893353 -0.06650167 0.6104159 0.7892624 -0.0667622 0.6103899 0.789222 -0.06747502 0.5747447 0.5315991 -0.6221503 0.5751265 0.5315341 -0.6218531 0.5744694 0.5315402 -0.6224549 0.1607001 0.8666229 -0.4723773 0.1611127 0.8665801 -0.4723153 0.1615697 0.8665552 -0.4722048 -0.0125944 0.5891087 -0.8079557 0.05211192 0.5716098 -0.8188692 0.06852048 0.5462139 -0.8348386 -0.005264341 0.5767417 -0.8169097 0.04585576 0.5558508 -0.8300165 -0.05376982 0.5386021 -0.8408428 -0.00386548 0.4676887 -0.8838849 0.03679889 0.4766532 -0.878321 0.04564827 0.4826018 -0.8746497 3.36953e-4 0.7811135 -0.6243889 3.37021e-4 0.7811135 -0.6243889 2.62224e-4 0.7811136 -0.6243889 -1.96616e-4 0.5278178 -0.8493577 0.002102732 0.5283089 -0.8490498 0.003711402 0.5298416 -0.8480886 9.6173e-5 0.6691569 -0.7431212 1.6017e-4 0.6691569 -0.7431212 -4.76718e-5 1 0 -4.79658e-5 1 0 4.79658e-5 1 0 -0.02859294 0.6811238 -0.7316098 -0.02419286 0.6908494 -0.7225938 -0.0258246 0.6856762 -0.7274485 3.21967e-4 0.4477818 -0.8941428 3.64899e-4 0.4477818 -0.8941428 0.0873273 0.5419525 -0.8358597 0.08709031 0.5097336 -0.8559129 0.06711572 0.4748564 -0.8775004 -0.06015384 0.1138355 -0.9916769 0.1546264 0.8347267 -0.5285094 0.1702013 0.09227085 -0.9810799 2.1322e-5 0.4472674 -0.8944003 -2.14536e-5 0.4472674 -0.8944003 -4.79658e-5 1 0 4.76718e-5 1 0 0.4879634 -0.840525 -0.2353925 0.4549555 -0.558456 -0.6936443 0.455083 -0.5582984 -0.6936875 0.4551446 -0.5581645 -0.693755 0.9532264 -8.48922e-4 0.302256 0.794736 1.89065e-4 -0.6069552 0.5269397 -6.8223e-5 0.8499028 0.4704378 1.93684e-5 0.8824333 0.4704396 1.169e-4 0.8824322 0.470438 5.67183e-5 0.8824332 -0.7064369 -1.60354e-4 0.707776 -0.8114382 5.34825e-5 -0.5844383 -0.5599592 -4.7305e-4 -0.8285201 -0.5599661 -1.58301e-4 -0.8285155 -0.5599644 -3.03677e-4 -0.8285166 0.0320217 0.9994311 -0.0105977 0 0.9999526 -0.009737074 0.9993743 -8.88877e-4 0.03535753 0.9999966 -1.89218e-5 0.002661287 -0.999981 -2.2266e-4 -0.006160616 -0.9999092 -2.16406e-5 -0.01348227 0.02405393 -0.9996661 -0.009447932 0.8002722 -0.5284508 -0.2833797 0.8003842 -0.5281708 -0.2835857 0.8002217 -0.5288062 -0.2828595 0.5415917 -0.1008082 -0.8345755 0.5415514 -0.1009563 -0.8345838 0.5417211 -0.1000033 -0.8345882 0.8644142 -0.09715247 -0.493305 0.7844875 -0.1358821 -0.6050747 0.8104925 -0.1403025 -0.5686979 0.8145339 -0.02735018 -0.5794711 0.8138657 -0.02706545 -0.5804225 0.8264486 -0.01084542 -0.5629078 0.8024088 0.010513 -0.5966823 0.8007472 -0.00186932 -0.5989997 0.8075484 0.01807111 -0.5895245 0.8401371 -0.5423708 -0.00188446 0.8402397 -0.5422115 -0.00203979 0.8397206 -0.5430184 -5.77918e-4 0 -1 0 0.3449799 -0.8492898 0.3996196 0.4399498 -0.7833824 -0.4390403 0.1955601 -0.9530059 -0.2313787 0.7742065 -0.5514906 -0.3105841 0 0 0 0.3643639 -0.7863573 0.4988802 0.1768179 -0.9227693 0.3423921 0.07511061 -0.9803851 -0.1822186 0.6486698 -0.7609055 0.01583021 0.4942779 -0.8682808 0.04216492 0.6455034 -0.7635678 -0.01702195 0.8576955 -2.87783e-4 -0.5141581 0.8576955 -2.05298e-4 -0.514158 0.8139537 -0.002786278 -0.5809231 0.8148161 1.78845e-4 -0.5797196 0.8144031 -0.002068638 -0.580296 0.7071238 3.39178e-5 -0.7070898 0.7071238 -3.37099e-5 -0.7070898 0.7070898 3.37099e-5 -0.7071238 0.7070898 3.39178e-5 -0.7071238 0.7070898 -3.39178e-5 -0.7071238 0.7887178 0.03637766 -0.6136783 0.7886615 0.0410676 -0.6134546 0.7882449 0.04033249 -0.6140385 0.5549075 -1.19565e-4 -0.8319121 0.5549075 -3.96587e-5 -0.8319121 0.2731965 -0.08125513 -0.9585204 0.3050449 -0.06476944 -0.950133 0.3009654 -0.07846724 -0.9504014 0.6482767 0.1345252 -0.7494266 0.8212758 -0.2527964 -0.5114687 0.7342381 0.234628 -0.637059 -0.5400137 -0.350131 -0.7653715 -0.5401416 -0.3498328 -0.7654175 -0.5404365 -0.3479086 -0.7660862 -0.7934532 -0.5930292 -0.1369252 -0.7935087 -0.5930103 -0.1366848 -0.7935101 -0.593063 -0.1364473 3.04837e-5 -0.9940463 0.1089596 9.24806e-5 -0.9940464 0.1089584 5.52906e-5 -0.9940463 0.1089593 3.23528e-4 -0.8560085 0.5169616 3.22905e-4 -0.8560085 0.5169616 3.22086e-4 -0.8560085 0.5169616 -5.00107e-4 -0.5803102 0.8143954 -5.73836e-4 -0.5803118 0.8143942 -4.51809e-4 -0.5803101 0.8143956 1.19969e-4 -0.2308431 0.9729911 1.21904e-4 -0.2308431 0.9729911 1.24603e-4 -0.2308431 0.9729911 2.68688e-4 0.9421771 -0.3351156 -7.32532e-5 0.9421744 -0.3351228 5.77194e-4 0.9421834 -0.3350974 2.96771e-4 0.8289684 -0.5592955 2.87265e-4 0.8289686 -0.5592952 2.78531e-4 0.8289687 -0.5592951 2.79475e-6 -0.6073644 -0.7944235 -1.51631e-4 -0.6073704 -0.7944189 1.37293e-4 -0.6073485 -0.7944357 0.9999529 0 -0.009718239 0.999608 -0.02594059 -0.01053833 -0.002576112 -0.9999936 0.00249654 -0.005623519 -0.9999822 -0.002041578 8.58948e-5 -0.9999997 8.4361e-4 -0.003558576 -0.9999917 0.002011179 -0.001199603 -0.9999489 0.01004469 -5.73216e-5 -0.9999996 9.62575e-4 -1.69749e-5 -0.9999981 0.001964092 -8.13291e-5 -0.9999981 0.001965403 -5.69328e-5 -0.9999981 0.001965165 -1.51716e-5 -0.9999984 0.001841187 -7.74404e-5 -0.9998899 0.01483941 1.10194e-6 -0.999999 0.001487374 4.43176e-5 -0.999999 0.001486718 9.57724e-5 -0.999999 0.001484274 -0.008063971 0.9999598 -0.003934383 -0.005299985 0.9999721 -0.005275785 -9.54027e-4 0.999965 -0.008311092 -0.002013385 0.9999967 0.001612901 4.33893e-4 0.9999867 0.005154132 3.62165e-4 0.9999867 0.005155146 0.007299959 0.9999161 0.01070433 4.40092e-4 0.9999997 -7.66169e-4 4.28377e-4 0.9999997 -7.66054e-4 4.08665e-4 0.9999997 -7.65337e-4 1.22282e-4 0.9999579 -0.009184718 -1.11202e-6 0.9999998 5.86733e-4 7.64974e-6 0.9999998 5.86659e-4 3.80059e-6 0.9999998 5.86732e-4 8.52934e-5 0.9999609 -0.00884217 -5.46691e-5 0.9999528 0.009717941 -0.9891375 0.1463906 -0.01329904 -0.9969095 -0.075841 -0.02048867 -0.604482 -0.7862881 -0.1278771 -0.6044278 -0.7863264 -0.1278986 -0.6051379 -0.7858822 -0.1272691 -0.2338905 -0.4882067 -0.8408029 -0.2341949 -0.4881363 -0.840759 -0.23443 -0.4881355 -0.840694 -0.531605 0.5896033 -0.6080824 -0.5315712 0.5896036 -0.6081115 -0.5311696 0.5896558 -0.6084119 -0.008364915 0.5399257 -0.8416711 0.003886044 0.5211985 -0.8534267 0.001805186 0.520759 -0.8537019 3.04643e-4 0.7060722 -0.7081399 2.37032e-4 0.7060722 -0.7081399 2.36909e-4 0.7060722 -0.7081399 0.01827442 0.5394297 -0.8418323 0.01842254 0.5463253 -0.8373705 0.01595222 0.5345627 -0.8449784 -0.3939702 0.2061443 -0.8957076 0.08465838 0.8755587 -0.4756363 0.03304564 0.04208731 -0.9985674 -0.3921466 -6.69248e-6 -0.9199028 0.02765113 0.9451739 -0.3253948 0.09180378 -0.1102417 -0.9896559 0.01402527 0.5837329 -0.8118246 0.0124787 0.5840007 -0.8116573 0.01238071 0.5874744 -0.8091481 0 0.8276842 -0.561194 -0.2233395 0.8078316 -0.5454609 -0.2233484 0.8078763 -0.5453913 -0.2233459 0.8079434 -0.5452927 -0.1220488 0.6148075 -0.7791764 -0.1161224 0.6311501 -0.7669193 -0.1069945 0.6417195 -0.7594395 -0.100427 0.2804774 -0.9545926 -0.08969318 0.742551 -0.6637569 0.06068056 0.2657925 -0.9621187 2.1322e-5 0.4472675 -0.8944004 -2.14536e-5 0.4472675 -0.8944004 -2.37664e-4 0.7081398 -0.7060722 -2.37602e-4 0.7081398 -0.7060722 -3.05581e-4 0.7081398 -0.7060722 -4.79658e-5 -1 0 4.76718e-5 -1 0 -0.08117884 0.3194824 -0.9441086 -0.1114717 0.3370396 -0.9348682 -0.1394901 0.4063399 -0.9030119 -0.9524421 1.70882e-4 0.3047199 -0.9524421 1.72414e-4 0.30472 -0.9524421 1.69986e-4 0.30472 -0.6606862 -3.2074e-4 0.7506622 -0.6606864 -3.47093e-4 0.7506619 -0.6606863 -3.2997e-4 0.7506622 0.2309898 6.97611e-4 0.972956 0.2309897 6.93871e-4 0.972956 0.2309898 6.92857e-4 0.972956 0.7622849 -3.07589e-4 0.6472417 0.7622768 -1.62901e-4 0.6472513 0.7622744 -3.92546e-5 0.647254 0.6475188 7.46817e-5 -0.7620494 0.64752 2.96043e-5 -0.7620486 0.6475197 5.03924e-5 -0.7620487 0.7108514 3.14423e-4 -0.7033422 0.7108635 5.00524e-4 -0.7033299 0.7108466 1.01774e-4 -0.7033472 -0.04453158 -0.9988445 -0.01807957 -0.03741765 -0.9991398 -0.01787883 -1 5.5237e-5 3.37126e-4 -0.9999976 5.55392e-6 0.002211034 0.9999747 -1.62659e-4 -0.00712341 0.9998988 3.26516e-5 -0.01423448 0 0.999952 -0.009803116 -0.0105955 0.9998931 -0.0100755 -0.810185 0.2679169 -0.5213646 -0.8101739 0.2681118 -0.5212816 -0.8101839 0.2682935 -0.5211725 -0.5109368 0.7979708 -0.3196657 -0.510948 0.7979762 -0.3196344 -0.5109528 0.797979 -0.3196198 0.5230412 0.3532173 -0.775671 0.5230475 0.3540821 -0.7752725 0.5230385 0.3539922 -0.7753195 0.8354607 0.5221038 -0.1715024 0.8354575 0.5222194 -0.1711663 0.8353353 0.522691 -0.17032 0.5495465 0.6888498 -0.4727417 0.7557755 0.54911 -0.3567655 0.974836 -0.09856522 -0.1999494 0.4686657 0.08903801 -0.878877 0.6116359 -0.02389109 -0.7907786 0.4261218 -0.004151523 -0.9046564 0.3352568 0.1846756 -0.9238495 0.7362572 -0.02913355 -0.6760744 0.267196 -0.03012281 -0.9631713 0.5001904 0.02782618 -0.8654682 0.4992352 0.0304408 -0.8659316 0.496153 0.0307517 -0.8676903 0.8274685 0 -0.5615124 0.7071238 -3.37082e-5 -0.7070899 0.7071238 3.39162e-5 -0.7070899 1 4.79658e-5 0 1 -4.76718e-5 0 0.0582301 -0.01117879 -0.9982406 0.05708253 -0.01603025 -0.9982408 0.04545438 -0.01593607 -0.9988393 0.7804624 0.1884393 -0.5961284 0.7800061 0.188385 -0.5967426 0.7791224 0.1877416 -0.5980982 0.6053983 -0.08102548 -0.7917878 0.5672751 0.1182873 -0.814989 0.6184886 0.0624597 -0.7833076 1 0 0 0.555864 2.93111e-4 -0.8312732 0.555864 2.93159e-4 -0.8312732 0.555864 3.46453e-4 -0.8312733 -1 0 0 0.4650762 0.01502233 -0.8851433 0.4656054 0.01891249 -0.8847904 0.4953878 0.07395642 -0.865518 5.34445e-5 0.9883752 0.1520344 -3.50911e-4 0.7769238 0.6295946 -4.30608e-4 0.7769248 0.6295934 -3.78955e-4 0.7769239 0.6295944 3.28905e-4 0.5575458 0.8301461 3.28855e-4 0.5575458 0.8301461 3.29323e-4 0.5575458 0.8301461 2.95588e-5 -0.8366019 0.5478114 5.73726e-5 -0.8366008 0.5478129 8.10828e-5 -0.8366006 0.5478133 -5.87042e-6 -0.7125393 -0.7016323 4.06772e-4 -0.5901207 -0.807315 1.91324e-4 -0.5901242 -0.8073125 2.91683e-4 -0.5901234 -0.8073131 -0.9970598 0.07554787 -0.0128169 -0.9629662 0.2689508 -0.01901984 -7.63715e-4 0.9999989 0.001311182 -0.001368999 0.9999991 -1.9764e-4 -3.56171e-4 0.9999991 0.001289069 9.78439e-5 0.9999995 0.001008033 1.48174e-6 1 3.35565e-4 -1.04167e-6 1 3.35567e-4 2.08584e-6 1 3.35562e-4 -6.14503e-5 1 3.57106e-5 -1.25526e-5 0.9999993 0.001271247 -2.47313e-5 0.9999995 0.001110672 -2.38032e-5 0.9999877 0.004983842 -0.004993915 -0.9999749 0.005046665 -0.005047917 -0.9999745 0.005047917 -0.004714131 -0.9999784 0.004595458 -0.00864607 -0.9999573 -0.003300964 0.00106585 -0.9999577 -0.009142279 -0.008512377 -0.999959 -0.003087162 1.9097e-4 -0.9999642 -0.008453905 4.92658e-4 -1 -1.48955e-4 8.37975e-5 -0.9999519 -0.009817838 -1.36975e-4 -0.9995951 0.02845603 0 -1 5.29618e-6 0.9996281 0.02542787 -0.009854197 0.9999589 0 -0.009073913 -0.00712049 5.81353e-6 -0.9999747 -0.01003605 -7.33056e-5 -0.9999497 0.005671381 1.08825e-6 0.999984 0.006898283 3.3689e-5 0.9999763 0.6733552 0.6901383 -0.2651451 0.5703134 0.5987788 -0.5623226 -3.06407e-5 0.009709775 -0.9999529 -2.07115e-5 0.009507954 -0.9999549 5.50123e-4 -0.01934367 0.9998127 3.53038e-5 -0.008907496 0.9999604 0.5220795 -0.4912604 -0.6972061 0.5529838 -0.5239663 -0.6478182 0.01423436 2.53873e-4 -0.9998987 0.00414282 -1.94265e-5 -0.9999914 -0.0377177 9.15585e-4 0.999288 -0.002376616 -9.13819e-6 0.9999973 -0.7041174 -0.7100836 0 -0.5674682 -0.598603 -0.56538 -7.01137e-5 -0.008492648 -0.9999639 -1.29253e-4 -0.00965929 -0.9999533 2.50641e-4 0.01165491 0.9999321 3.19152e-6 0.006611943 0.9999782 -0.6916006 0.6594401 -0.2946649 -0.5344193 0.5181671 -0.6677566 0.09182626 -0.2826068 0.9548305 0.09180557 -0.2824552 0.9548774 0.09180581 -0.2824308 0.9548847 -0.1136716 0.2528871 0.960795 -0.1142434 0.2514624 0.961101 -0.1136502 0.2529112 0.9607912 -0.8303763 -0.2433325 0.501263 -0.8303775 -0.2435622 0.5011496 -0.8303772 -0.2435613 0.5011504 -0.9079075 0.3016963 0.2910041 -0.9078873 0.3017733 0.2909873 -0.9079062 0.3017007 0.2910037 -0.664051 -0.3418204 -0.6649775 -0.6635875 -0.3426125 -0.6650327 -0.6635931 -0.3426072 -0.6650298 -0.4599277 0.3780283 -0.8034682 -0.459744 0.376755 -0.8041712 -0.4599242 0.3780227 -0.8034728 -0.8781291 -0.1845341 0.4414029 -0.8781366 -0.1848689 0.4412477 -0.8781299 -0.1848431 0.4412719 -0.9149725 0.2985548 0.2714596 -0.9149339 0.2987109 0.2714183 -0.9149581 0.2986055 0.2714523 -0.7801869 -0.2742614 -0.5622182 -0.7801949 -0.2741982 -0.5622377 -0.7801995 -0.2741763 -0.562242 -0.6166586 0.198705 -0.7617403 -0.6166107 0.1988992 -0.7617287 -0.6166482 0.198768 -0.7617325 -0.03579652 -0.1314521 -0.990676 -0.03567188 -0.1308842 -0.9907557 -0.03565055 -0.1305093 -0.990806 -0.8428802 0.01675802 0.5378403 0.9988394 0.01193916 0.0466625 -7.64751e-4 0.02560019 -0.9996719 0 0.002498686 -0.9999969 2.45169e-4 0.0219013 0.9997601 0 0.02981704 0.9995554 0.9426084 -0.03939867 -0.3315677 0.9426433 -0.03887033 -0.3315308 0.9426418 -0.03878241 -0.3315457 0.3996428 0.7572795 -0.5165399 0.4885708 -0.4931154 -0.7198166 0.4886916 -0.493587 -0.7194112 0.4886092 -0.4932064 -0.7197281 -0.19181 0.4620839 -0.865845 -0.1914581 0.462698 -0.8655949 -0.1917202 0.4624215 -0.8656845 -0.3858093 0.4393616 -0.8112414 -0.3858003 0.4395307 -0.8111542 -0.3859372 0.4390209 -0.8113651 -0.940949 -0.1015162 -0.3229698 -0.9410806 -0.101644 -0.3225458 -0.9411293 -0.1017205 -0.3223794 -0.4250753 -0.7686887 -0.4779421 -0.4262565 -0.7682735 -0.4775577 -0.4244539 -0.7687153 -0.4784514 7.06727e-4 -0.9820423 -0.18866 7.8463e-4 -0.9820421 -0.1886606 7.2305e-4 -0.9820423 -0.1886601 -6.3065e-4 -0.9538758 0.3002011 -6.50154e-4 -0.9538759 0.3002008 -6.19249e-4 -0.9538758 0.3002012 -1.33735e-4 0.9776562 0.2102106 -0.007300674 -0.1577383 0.9874539 -0.01129734 -0.1590192 0.9872109 2.02063e-4 -0.1568278 0.987626 0.01067739 0.9662441 -0.2574069 0.005346 0.9665471 -0.2564336 2.05575e-5 0.9666289 -0.2561809 -0.002157807 0.908356 -0.4181923 1.38505e-5 0.9084606 -0.4179706 -0.001066684 0.9084348 -0.4180253 -0.002385735 0.9434002 -0.3316482 -0.003654301 0.9435216 -0.3312913 -2.15115e-5 0.9433121 -0.3319073 -0.01206916 -0.9842815 -0.1761937 -0.004885971 0.9986249 -0.05219686 -0.03667742 -1.5115e-5 -0.9993273 -0.03576457 0 -0.9993603 -0.0224387 4.42915e-5 0.9997482 -0.02509433 0 0.9996851 0.1947026 0.947672 -0.2529999 0.1940951 0.947718 -0.2532936 0.193709 0.9477703 -0.2533939 -0.1065048 0.9371686 -0.3322226 -0.1073569 0.9373899 -0.3313227 -0.1071377 0.9373145 -0.3316069 0.8120326 0.4363353 -0.3875755 0.8119244 0.4364273 -0.3876985 0.8118846 0.4364655 -0.3877389 0.003788352 0.4620634 -0.8868387 0.004307329 0.4629409 -0.8863788 0.003999173 0.4625542 -0.886582 -0.9396493 0.3131644 -0.1377941 -0.9396041 0.3131913 -0.1380415 -0.9390701 0.3140249 -0.1397704 -0.2388309 -0.9517778 -0.1925585 -0.2391021 -0.9517608 -0.1923056 -0.239201 -0.9517613 -0.1921807 0.0995382 -0.9439005 -0.3148713 0.09956264 -0.9439119 -0.3148294 0.09952306 -0.9438899 -0.3149079 -0.01215171 -0.5044804 -0.8633376 -0.01208311 -0.5043916 -0.8633906 -0.01208597 -0.5043957 -0.8633882 0.8154633 -0.4215924 -0.3965847 0.8150783 -0.4218406 -0.3971119 0.8152791 -0.4216704 -0.3968805 0.758713 5.42776e-5 -0.6514251 0.7587131 3.32666e-5 -0.6514251 0.7587134 -5.21631e-7 -0.6514247 0.766297 3.84058e-5 -0.6424865 0.7662971 4.00599e-5 -0.6424866 0.766297 4.00246e-5 -0.6424865 0.8491722 -2.32954e-5 0.5281161 0.8443386 -1.16272e-5 0.5358102 0.8443387 1.03851e-5 0.5358101 0.8443386 -5.25279e-6 0.5358102 -0.8918928 0.004070699 0.4522286 -0.8921011 -7.88296e-5 0.4518359 -0.8915989 0.006302177 0.4527825 -0.9850683 -1.28543e-5 0.1721647 -0.9987012 -2.94617e-5 0.05095112 0.01424133 0.001803576 -0.999897 0.01443481 -7.17861e-5 -0.9998959 0.01397061 0.002815008 -0.9998985 -0.8072053 0.001977145 -0.5902675 -0.8072969 0.001005649 -0.5901448 -0.8073267 4.42009e-5 -0.5901048 0 1 0 0.01145017 -0.9798616 0.1993491 0.03575921 0 -0.9993605 0.02008736 -2.57339e-4 -0.9997982 0.02337574 -2.0332e-4 0.9997268 0.03574925 0 0.9993608 -0.272566 -0.9559624 -0.1088293 -0.5059098 -0.5180283 -0.6897116 -0.5058664 -0.51805 -0.6897271 -0.5060046 -0.5179695 -0.6896862 0.05887919 -0.9461514 -0.3183251 0.05901867 -0.9461408 -0.3183308 0.0590443 -0.9461367 -0.3183382 0.6581245 -0.4879463 -0.573394 0.658132 -0.4879338 -0.5733959 0.6581382 -0.4879243 -0.573397 -0.7797115 -0.234997 0.5803675 -0.25068 -0.905291 -0.3429402 -0.3332893 -0.8184186 -0.4680911 -0.8861277 -0.457593 0.0733931 -0.7995959 -0.5692291 0.1913757 -0.8039757 -0.5642195 0.1878289 -0.7889518 -0.6144539 -0.001268386 -0.7882333 -0.6153753 -0.00125426 -0.7894518 -0.6138126 1.50362e-4 -4.77711e-5 -1 0 4.77711e-5 -1 0 0.9634093 0.2664019 -0.02953904 0.5171197 0.8398697 0.1649431 0.7626562 0.524264 -0.3788177 -0.812153 -0.5830458 -0.02156895 -0.800491 -0.5980192 0.03984004 -0.7939568 -0.6064086 -0.04360312 -0.327048 -0.9408454 0.08859783 -0.9735326 -0.1000005 0.2055098 -0.31869 -0.9332217 -0.1659336 -1 0 -4.76718e-5 -1 0 4.79658e-5 -0.8315394 -0.5554658 -3.9641e-5 -0.8315394 -0.5554658 -1.19511e-4 -0.7550283 -0.6551262 0.02724212 -0.7578538 -0.6510071 0.04298281 -0.7758935 -0.6246312 0.0884602 -0.3244271 -0.9439135 -0.0614382 -0.9407047 -0.1483095 0.3050888 -0.33362 -0.9212526 -0.1999786 0.296855 0.9525524 -0.06723892 0.2972317 0.9524403 -0.06716334 0.2971401 0.9524669 -0.0671916 -0.01601231 0.9489029 -0.315162 -0.01433724 0.9489447 -0.3151166 -0.01410835 0.9489864 -0.3150015 0.5507353 0.5098754 -0.6608463 0.5506761 0.5098834 -0.6608895 0.5505759 0.5099039 -0.6609572 -0.6306061 0.5340277 -0.563161 -0.6301794 0.5425338 -0.5554558 -0.6318025 0.529905 -0.5657088 0.08725517 0.4608805 -0.8831624 0.7454515 -0.4019785 0.53171 0.5909286 -0.2002723 0.7814694 0.9701458 0.2425224 4.62486e-5 0.9701458 0.2425224 -4.65339e-5 0.8868028 0.4147552 0.20386 0.9240971 0.3589158 0.131241 0.7455126 0.6376616 0.193904 0.8935805 -0.178034 0.4120897 0.2317596 0.6908758 -0.6848198 0.9161122 -0.2072239 0.3432151 0.795683 0.6057101 -0.001989483 0.7964295 0.60473 -0.001294732 0.7967149 0.6043555 5.50218e-5 -4.77711e-5 1 0 4.77711e-5 1 0 0.7952691 0.6062568 0 0.7364447 -0.2290135 -0.6365549 -0.1854216 0.9818658 0.03947514 0.1316401 0.5653902 0.8142511 -0.8443157 -0.4153527 -0.3385459 -0.7903686 -0.4871529 0.371483 -0.5116296 -0.854105 0.09348785 0.6934476 0.6722517 0.2592453 0.6670699 0.7176314 0.2000573 0.7212789 0.6245982 0.2993893 -0.7565643 -0.53244 -0.3796291 -0.8594117 -0.3965806 0.3227002 -0.5144625 -0.847873 0.1282182 -0.3427377 5.69682e-5 -0.9394311 -0.994974 -1.63291e-4 -0.1001349 -0.9949738 -1.76228e-4 -0.100135 -0.994974 -1.67259e-4 -0.1001349 -0.9938747 1.58587e-4 0.1105132 -0.9938748 1.70634e-4 0.110513 -0.9938747 1.81515e-4 0.110513 0.6940559 -1.33273e-4 0.7199212 0.69405 -2.27841e-4 0.7199268 0.6940491 -2.84919e-4 0.7199277 -0.3873683 8.14302e-4 0.9219248 -0.3873683 8.4263e-4 0.9219247 -0.3873683 8.27167e-4 0.9219247 0.7761635 0.006398022 0.6304993 0.7757226 1.60907e-5 0.6310741 0.7758324 0.003187954 0.6309311 -0.9499575 0.0181694 0.3118506 -0.9519129 0.02616655 0.3052495 -0.9484838 2.77157e-6 0.3168259 0.8182876 -0.004064619 0.5747947 0.8180828 -0.002028763 0.5750969 0.8180168 -4.87445e-6 0.5751943 0.9351227 4.35123e-5 -0.3543241 -0.9178889 -0.004446446 -0.3968127 -0.918348 2.97956e-5 -0.3957741 -0.9172706 -0.006523132 -0.3982113 0.8490824 -0.004870831 -0.5282381 0.849339 -0.002438068 -0.5278422 0.8494223 -1.30203e-5 -0.5277138 0.9866854 -0.01174294 -0.1622163 -0.9929598 -0.008037567 0.1181793 0 -0.0363444 -0.9993394 -2.95295e-4 -0.02696734 -0.9996363 -9.44586e-5 -0.02258169 0.999745 0 -0.02559691 0.9996724 -0.5022335 0.7768332 -0.3798578 -0.5022177 0.776798 -0.3799507 -0.5022372 0.776643 -0.3802415 -0.9532378 0.1299167 -0.2728722 -0.9531917 0.1300953 -0.2729486 -0.9532424 0.1299008 -0.2728642 -0.9456083 -0.12708 -0.2994589 -0.9456648 -0.1269772 -0.2993243 -0.9455786 -0.127158 -0.2995198 -0.4571992 0.01356333 -0.889261 -0.4570792 0.01362311 -0.8893216 -0.4572374 0.01352566 -0.8892419 -0.4328501 -0.7696771 -0.4692954 -0.4331991 -0.7692552 -0.4696651 -0.4328175 -0.7697299 -0.4692388 0.955519 -0.2344446 -0.1789395 0.9555149 -0.2345736 -0.1787918 0.9555169 -0.2346376 -0.1786971 0.9485704 0.1129422 -0.2957333 0.9485796 0.1129869 -0.2956868 0.948594 0.1131531 -0.2955772 0.4599453 0.674981 -0.5769325 0.4597919 0.6753568 -0.5766149 0.459873 0.6750947 -0.5768571 0.4552528 -0.1747214 -0.8730506 0.4560723 -0.1786958 -0.8718176 0.4554532 -0.1762722 -0.8726342 3.19313e-4 0.7104402 -0.7037576 3.0557e-4 0.7104401 -0.7037577 3.01909e-4 0.7104401 -0.7037577 -1.91101e-4 0.8699789 -0.493089 -1.7365e-4 0.869979 -0.4930889 -1.45311e-4 0.8699792 -0.4930886 2.55592e-4 0.9528579 0.303417 2.66874e-4 0.952858 0.3034169 2.77576e-4 0.952858 0.3034169 -2.96884e-4 0.8235666 0.5672197 -2.85721e-4 0.8235664 0.5672197 -2.89432e-4 0.8235666 0.5672197 -0.004309952 -0.8839465 0.4675683 1.13728e-4 -0.8841741 0.4671577 -0.006694853 -0.8836275 0.4681429 -7.4801e-4 -0.9902741 0.1391282 -2.49515e-5 -0.9902844 0.1390575 -0.00113964 -0.9902597 0.1392282 -2.17791e-4 -0.9999566 0.009319901 -1.04163e-4 -0.9999565 0.009338438 8.61463e-6 -0.9999564 0.009344458 -0.001943647 -0.7908481 -0.6120095 -1.22791e-5 -0.790704 -0.6121988 -0.002973318 -0.7910503 -0.611744 -0.00345391 -0.906028 -0.4232037 -0.001759231 -0.9061539 -0.4229443 -7.49604e-5 -0.9061952 -0.4228594</float_array>
          <technique_common>
            <accessor source="#Part__Feature_008-mesh-normals-array" count="809" stride="3">
              <param name="X" type="float"/>
              <param name="Y" type="float"/>
              <param name="Z" type="float"/>
            </accessor>
          </technique_common>
        </source>
        <vertices id="Part__Feature_008-mesh-vertices">
          <input semantic="POSITION" source="#Part__Feature_008-mesh-positions"/>
        </vertices>
        <triangles material="Part__Feature_008-material" count="432">
          <input semantic="VERTEX" source="#Part__Feature_008-mesh-vertices" offset="0"/>
          <input semantic="NORMAL" source="#Part__Feature_008-mesh-normals" offset="1"/>
          <p>1 0 2 1 0 2 0 3 2 4 3 5 2 6 4 7 3 8 4 9 5 10 3 11 3 12 5 13 6 14 6 15 5 16 7 17 5 18 8 19 7 20 9 21 10 22 11 23 10 24 12 24 11 24 11 25 12 25 13 25 12 26 14 27 13 28 211 29 130 29 213 29 211 30 128 30 130 30 191 31 109 31 110 31 169 32 69 32 70 32 168 33 69 33 169 33 154 34 91 34 156 34 154 35 89 35 91 35 30 36 36 36 24 36 15 37 30 37 24 37 35 38 29 38 23 38 29 39 18 39 23 39 16 40 29 41 30 42 15 43 18 43 17 43 15 44 16 45 30 46 15 47 17 48 16 49 39 50 19 50 17 50 19 51 16 51 17 51 20 52 40 52 18 52 29 53 20 53 18 53 29 54 19 54 20 54 16 55 19 55 29 55 39 56 18 56 40 56 39 57 17 57 18 57 21 58 18 59 15 60 24 61 23 61 22 61 24 62 22 63 21 64 24 65 21 66 15 67 25 68 21 68 43 68 43 69 21 69 22 69 18 70 26 70 44 70 18 71 44 71 23 71 26 72 21 72 25 72 26 73 18 73 21 73 23 74 43 74 22 74 23 75 44 75 43 75 27 76 35 77 36 78 30 79 29 80 28 81 30 82 28 83 27 84 30 85 27 85 36 85 27 86 47 86 31 86 28 87 47 87 27 87 48 88 29 88 35 88 48 89 35 89 32 89 35 90 31 90 32 90 27 91 31 91 35 91 47 92 29 92 48 92 47 93 28 93 29 93 33 94 23 94 24 94 36 95 35 96 34 97 36 98 34 99 33 100 36 101 33 101 24 101 33 102 34 102 37 102 34 103 51 103 37 103 35 104 23 104 38 104 52 105 35 105 38 105 38 106 33 106 37 106 38 107 23 107 33 107 35 108 51 108 34 108 35 109 52 109 51 109 19 110 39 110 86 110 19 111 86 111 41 111 88 112 20 112 42 112 40 113 20 113 88 113 20 114 41 114 42 114 19 115 41 115 20 115 86 116 39 116 40 116 86 117 40 117 88 117 45 118 25 118 66 118 66 119 25 119 43 119 46 120 68 120 44 120 26 121 46 121 44 121 25 122 46 122 26 122 25 123 45 123 46 123 66 124 44 124 68 124 66 125 43 125 44 125 31 126 98 126 49 126 31 127 47 127 98 127 48 128 50 128 98 128 48 129 32 129 50 129 31 130 50 130 32 130 31 131 49 131 50 131 98 132 47 132 48 132 37 133 51 133 53 133 53 134 51 134 54 134 115 135 38 135 112 135 52 136 38 136 115 136 38 137 53 137 112 137 37 138 53 138 38 138 115 139 51 139 52 139 54 140 51 140 115 140 45 141 55 142 46 143 46 144 55 145 56 146 57 147 56 148 55 149 56 150 60 151 58 152 59 153 61 154 56 155 61 156 62 157 56 158 59 159 63 160 61 161 57 162 63 163 56 164 61 165 63 166 62 165 58 167 63 168 57 169 56 170 63 171 59 172 60 173 64 174 58 173 56 175 64 176 60 177 62 178 64 179 56 180 63 181 64 182 62 182 58 183 64 183 63 184 66 185 68 185 65 185 67 186 65 187 68 188 67 189 57 189 55 189 65 190 67 190 55 190 66 191 65 191 55 191 66 192 55 193 45 194 58 195 67 195 56 195 67 196 68 196 56 196 56 197 68 198 46 199 57 200 133 200 132 200 57 201 132 201 58 201 57 202 67 202 69 202 133 203 57 203 69 203 67 204 58 204 70 204 58 205 132 205 70 205 69 206 67 206 70 206 73 207 72 208 71 209 72 210 73 211 75 212 73 213 77 214 75 215 76 216 79 217 73 218 79 219 80 220 73 221 71 222 81 223 41 224 41 225 81 225 42 225 78 226 81 227 72 228 72 229 81 229 71 229 81 230 82 230 42 230 42 231 82 232 72 233 72 234 82 235 78 236 78 230 82 230 81 230 76 237 83 238 79 237 74 239 83 240 73 241 79 242 83 243 80 242 75 244 83 245 74 246 73 247 83 248 76 249 77 250 84 251 75 250 73 252 84 253 77 254 80 255 84 256 73 257 83 246 84 244 80 245 75 242 84 242 83 243 85 258 88 259 87 260 86 261 88 262 85 263 85 264 74 265 73 266 85 267 73 268 71 269 86 270 85 271 71 272 86 273 71 274 41 275 75 276 87 277 72 278 87 279 88 280 72 281 72 282 88 283 42 284 135 285 75 285 74 285 135 286 74 286 136 286 89 287 5 287 85 287 5 288 4 288 85 288 89 289 8 289 5 289 4 290 2 290 85 290 2 291 1 291 85 291 89 292 136 292 8 292 8 293 136 294 90 295 136 296 74 296 90 296 74 297 85 297 1 297 74 298 1 299 90 300 3 301 6 301 91 301 3 302 91 302 87 302 7 303 91 303 6 303 0 304 3 304 87 304 92 305 0 306 87 307 135 308 7 309 93 310 135 311 91 311 7 311 75 312 93 313 92 314 75 315 135 315 93 315 87 316 75 316 92 316 87 317 91 317 85 317 85 318 91 318 89 318 94 319 50 320 49 321 94 322 95 323 50 324 97 325 96 326 98 327 99 328 100 329 97 330 99 331 103 332 100 333 100 334 103 335 97 336 97 337 104 338 102 339 97 340 105 341 104 342 101 343 105 344 97 345 96 346 106 346 107 346 104 181 106 182 102 182 105 181 106 182 104 182 107 183 106 183 99 184 97 347 106 348 96 349 102 350 106 351 97 352 97 353 108 354 101 355 105 183 108 184 106 183 99 356 108 357 103 357 101 358 108 359 105 360 106 361 108 361 99 362 103 363 108 364 97 365 96 366 107 367 94 368 96 369 94 370 49 371 98 372 96 373 49 374 99 375 97 376 95 377 95 378 97 379 50 380 97 381 98 382 50 383 138 384 95 384 94 384 138 385 94 385 139 385 94 386 107 386 139 386 107 387 109 387 139 387 99 388 95 388 138 388 110 389 99 389 138 389 99 390 110 390 107 390 107 391 110 391 109 391 111 392 113 393 53 394 112 395 53 396 113 397 114 398 115 399 116 400 54 401 115 402 114 403 117 404 120 405 116 406 116 407 121 408 119 409 116 410 122 411 121 412 118 413 122 414 116 415 114 416 123 416 124 416 121 417 123 418 119 418 122 243 123 242 121 242 124 419 123 419 117 420 119 421 123 422 116 423 116 424 123 425 114 426 116 427 125 428 118 429 122 430 125 430 123 430 117 417 125 418 120 418 118 431 125 432 122 433 123 434 125 434 117 434 120 435 125 436 116 437 114 438 124 438 111 438 114 439 111 440 53 441 54 442 114 443 53 444 117 445 116 446 113 447 116 448 115 448 113 448 113 449 115 450 112 451 111 452 143 452 142 452 111 453 142 453 113 453 111 454 9 454 11 454 11 455 13 455 111 455 13 456 143 456 111 456 126 457 143 457 13 457 9 458 124 459 127 460 127 461 128 461 126 461 124 462 128 462 127 462 126 463 128 463 143 463 111 464 124 464 9 464 12 465 10 466 113 467 14 468 12 468 113 468 142 469 129 469 14 469 142 470 14 470 113 470 130 471 129 471 142 471 130 472 131 472 129 472 130 473 117 473 131 473 117 474 113 474 10 474 117 475 10 475 131 475 128 476 124 476 130 476 130 477 124 477 117 477 70 478 132 478 169 478 169 479 132 479 161 479 133 480 168 480 134 480 133 481 69 481 168 481 133 482 134 482 161 482 133 483 161 483 132 483 91 484 135 484 156 484 156 485 135 485 149 485 136 486 154 486 137 486 136 487 89 487 154 487 136 488 137 488 149 488 136 489 149 489 135 489 140 490 191 490 138 490 191 491 110 491 138 491 109 492 191 492 141 492 109 493 141 493 139 493 139 494 141 494 140 494 139 495 140 495 138 495 213 496 130 496 203 496 203 497 130 497 142 497 128 498 211 498 144 498 128 499 144 499 143 499 142 500 144 500 203 500 143 501 144 501 142 501 13 502 14 503 126 504 14 505 129 506 126 507 126 508 129 509 127 510 129 511 131 512 127 513 127 514 131 515 9 516 131 517 10 518 9 519 7 520 8 521 93 522 8 523 90 524 93 525 93 526 90 527 92 528 90 529 1 530 92 531 92 532 1 533 0 534 145 535 146 535 147 535 151 536 148 536 152 536 148 537 151 537 146 537 148 538 146 538 145 538 152 539 148 539 147 539 147 540 148 540 145 540 151 541 150 542 137 543 150 544 151 544 152 544 137 545 150 546 149 547 147 548 146 549 155 550 155 551 146 552 153 553 154 554 153 555 146 556 154 557 156 558 153 559 146 560 151 561 137 562 154 563 146 564 137 565 152 566 155 566 150 566 147 567 155 568 152 569 155 570 153 571 150 572 150 573 153 574 149 575 153 576 156 577 149 578 157 579 158 579 170 579 160 580 159 580 165 580 159 581 160 581 158 581 159 582 158 582 157 582 165 583 159 583 170 583 170 584 159 584 157 584 134 585 163 586 162 587 163 588 160 589 164 590 134 591 162 592 161 593 163 594 164 595 162 596 160 597 165 598 164 599 166 600 170 601 158 602 168 603 167 604 166 605 166 606 167 607 170 608 168 609 169 610 167 611 158 612 160 613 163 614 166 615 158 616 163 617 168 618 166 618 163 618 168 619 163 620 134 621 165 622 170 623 164 624 164 625 167 625 162 625 170 626 167 626 164 626 162 627 169 628 161 629 167 630 169 631 162 632 171 633 172 633 173 633 178 634 174 634 179 634 172 635 171 635 174 635 172 636 174 636 178 636 174 637 173 637 179 637 171 638 173 638 174 638 175 639 176 639 141 639 176 640 175 641 177 642 178 643 177 644 175 645 177 646 178 647 179 648 140 649 182 650 176 651 176 652 182 653 180 654 176 655 183 656 141 657 141 658 183 658 140 659 183 660 176 661 181 662 176 663 184 664 181 665 184 230 185 230 181 230 176 666 185 667 184 668 181 230 186 230 183 230 140 669 186 670 182 670 183 230 186 230 140 230 182 671 186 672 180 672 185 230 186 230 181 230 180 673 186 674 176 675 176 676 186 677 185 678 187 679 188 680 172 681 190 682 189 683 187 684 188 685 187 686 189 687 191 688 189 689 190 690 173 691 192 692 188 693 173 694 195 695 192 695 192 696 195 697 188 698 188 699 195 700 193 701 188 702 196 703 172 704 172 705 196 705 173 706 196 707 188 707 194 707 188 708 197 709 194 710 188 711 198 712 197 713 197 705 198 706 194 705 196 230 199 230 173 230 193 714 199 715 188 716 173 225 199 225 195 225 195 706 199 705 193 705 198 230 199 230 194 230 188 717 199 718 198 719 194 230 199 230 196 230 187 720 172 720 178 720 187 721 178 722 175 723 190 724 187 725 175 726 191 727 190 728 175 729 191 730 175 731 141 732 179 733 188 734 177 735 173 736 188 737 179 738 188 739 189 740 177 741 177 742 189 742 176 742 176 743 191 744 140 745 189 746 191 747 176 748 200 749 201 749 209 749 206 750 202 750 208 750 201 751 200 751 202 751 201 752 202 752 206 752 202 753 209 753 208 753 200 754 209 754 202 754 144 755 207 756 203 757 204 758 207 759 144 760 206 761 205 762 204 763 204 764 205 765 207 766 208 767 205 768 206 769 210 770 209 771 201 772 211 773 212 774 210 775 211 776 213 777 212 778 210 779 212 780 209 781 210 782 201 783 206 784 210 785 206 786 204 787 211 788 210 789 204 790 211 791 204 792 144 793 208 794 209 795 205 796 205 797 212 798 207 799 209 800 212 801 205 802 207 803 213 804 203 805 212 806 213 807 207 808</p>
        </triangles>
      </mesh>
    </geometry>
  </library_geometries>
  <library_visual_scenes>
    <visual_scene id="Scene" name="Scene">
      <node id="node4" name="node4" type="NODE">
        <matrix sid="transform">1 0 0 0 0 1 0 0 0 0 1 0 0 0 0 1</matrix>
        <instance_geometry url="#Part__Feature004_003-mesh" name="node4">
          <bind_material>
            <technique_common>
              <instance_material symbol="Part__Feature004_003-material" target="#Part__Feature004_003-material"/>
            </technique_common>
          </bind_material>
        </instance_geometry>
      </node>
      <node id="node3" name="node3" type="NODE">
        <matrix sid="transform">1 0 0 0 0 1 0 0 0 0 1 0 0 0 0 1</matrix>
        <instance_geometry url="#Part__Feature003_003-mesh" name="node3">
          <bind_material>
            <technique_common>
              <instance_material symbol="Part__Feature003_003-material" target="#Part__Feature003_003-material"/>
            </technique_common>
          </bind_material>
        </instance_geometry>
      </node>
      <node id="node2" name="node2" type="NODE">
        <matrix sid="transform">1 0 0 0 0 1 0 0 0 0 1 0 0 0 0 1</matrix>
        <instance_geometry url="#Part__Feature002_003-mesh" name="node2">
          <bind_material>
            <technique_common>
              <instance_material symbol="Part__Feature002_003-material" target="#Part__Feature002_003-material"/>
            </technique_common>
          </bind_material>
        </instance_geometry>
      </node>
      <node id="node1" name="node1" type="NODE">
        <matrix sid="transform">1 0 0 0 0 1 0 0 0 0 1 0 0 0 0 1</matrix>
        <instance_geometry url="#Part__Feature001_004-mesh" name="node1">
          <bind_material>
            <technique_common>
              <instance_material symbol="Part__Feature001_004-material" target="#Part__Feature001_004-material"/>
            </technique_common>
          </bind_material>
        </instance_geometry>
      </node>
      <node id="node0" name="node0" type="NODE">
        <matrix sid="transform">1 0 0 0 0 1 0 0 0 0 1 0 0 0 0 1</matrix>
        <instance_geometry url="#Part__Feature_008-mesh" name="node0">
          <bind_material>
            <technique_common>
              <instance_material symbol="Part__Feature_008-material" target="#Part__Feature_008-material"/>
            </technique_common>
          </bind_material>
        </instance_geometry>
      </node>
      <node id="Camera" name="Camera" type="NODE">
        <matrix sid="transform">0.6859207 -0.3240135 0.6515582 7.358891 0.7276763 0.3054208 -0.6141704 -6.925791 0 0.8953956 0.4452714 4.958309 0 0 0 1</matrix>
        <instance_camera url="#Camera-camera"/>
      </node>
      <node id="Light" name="Light" type="NODE">
        <matrix sid="transform">-0.2908646 -0.7711008 0.5663932 4.076245 0.9551712 -0.1998834 0.2183912 1.005454 -0.05518906 0.6045247 0.7946723 5.903862 0 0 0 1</matrix>
        <instance_light url="#Light-light"/>
      </node>
    </visual_scene>
  </library_visual_scenes>
  <scene>
    <instance_visual_scene url="#Scene"/>
  </scene>
</COLLADA>