<COLLADA xmlns="http://www.collada.org/2005/11/COLLADASchema" version="1.4.1">
  <asset>
    <contributor />
    <created>2023-12-26T08:37:58.362594</created>
    <modified>2023-12-26T08:37:58.362594</modified>
    <unit name="meter" meter="1.0" />
    <up_axis>Z_UP</up_axis>
  </asset>
  <library_effects>
    <effect id="effect_Part__Feature" name="effect_Part__Feature">
      <profile_COMMON>
        <technique sid="common">
          <phong>
            <emission>
              <color>0.0 0.0 0.0 1.0</color>
            </emission>
            <ambient>
              <color>0.0 0.0 0.0 1.0</color>
            </ambient>
            <diffuse>
              <color>1.0 0.9490196108818054 0.8980392217636108 1.0</color>
            </diffuse>
            <specular>
              <color>1 1 1 1.0</color>
            </specular>
            <shininess>
              <float>0.0</float>
            </shininess>
            <reflective>
              <color>0.0 0.0 0.0 1.0</color>
            </reflective>
            <reflectivity>
              <float>0.0</float>
            </reflectivity>
            <transparent>
              <color>0.0 0.0 0.0 1.0</color>
            </transparent>
            <transparency>
              <float>1.0</float>
            </transparency>
          </phong>
        </technique>
        <extra>
          <technique profile="GOOGLEEARTH">
            <double_sided>0</double_sided>
          </technique>
        </extra>
      </profile_COMMON>
    </effect>
  </library_effects>
  <library_geometries>
    <geometry id="geometry0" name="Part__Feature">
      <mesh>
        <source id="cubeverts-array0">
          <float_array count="6906" id="cubeverts-array0-array">0 -0.007275181 -0.001977067 -0.0006188637 -0.007209382 -0.002121818 0 -0.007181985 -0.002300477 0 -0.007075931 -0.002621071 0 -0.006531039 -0.003867237 -0.001203542 -0.006290894 -0.00412643 0 -0.006366623 -0.004167716 0 -0.006191721 -0.004462964 0 -0.006006728 -0.004752581 -2.817272e-19 -0.007181985 0.002300477 -0.0006188637 -0.007209382 0.002121818 -2.421209e-19 -0.007275181 0.001977067 -3.209886e-19 -0.007075931 0.002621071 -5.10398e-19 -0.006366623 0.004167716 -0.001203542 -0.006290894 0.00412643 -4.736e-19 -0.006531039 0.003867237 -5.465555e-19 -0.006191721 0.004462964 -5.820232e-19 -0.006006728 0.004752581 0 0.01500002 -0.003875873 -0.0009646669 0.0153159 -0.003307429 0 0.01524676 -0.00354414 0 0.0154738 -0.003207707 0 0.0156804 -0.002867039 -0.001979559 0.01445581 -0.004060634 -0.001509711 0.0153159 -0.003096844 -0.001264887 0.01445581 -0.004336757 -0.002067143 0.0153159 -0.002756191 -0.002710473 0.01445581 -0.003613964 -0.0006507309 0.01596213 -0.002231077 0 0.01584827 -0.002557201 0 0.01598425 -0.002276014 0 0.01610553 -0.001992874 -0.003403562 0.01445581 -0.002970381 -0.002595728 0.0153159 -0.002265363 -0.001018399 0.01596213 -0.002089024 -0.001394423 0.01596213 -0.001859231 0 0.01629403 -0.001450409 -0.0003276514 0.01636874 -0.001123376 0 0.01635717 -0.00121769 -0.0007021101 0.01636874 -0.0009361467 -0.000881645 0.01636874 -0.0007694357 0 0.01651 2.005774e-18 -0.001032515 0.01636874 -0.0005506746 -0.002710473 0.01445581 0.003613964 -0.002067143 0.0153159 0.002756191 -0.003403562 0.01445581 0.002970381 -0.002595728 0.0153159 0.002265363 -0.001134178 0.01636874 -0.0002880451 -0.001979559 0.01445581 0.004060634 -0.001509711 0.0153159 0.003096844 -0.001170183 0.01636874 -7.970809e-19 -0.0009646669 0.0153159 0.003307429 -4.34032e-19 0.01524676 0.00354414 -4.746576e-19 0.01500002 0.003875873 -3.928308e-19 0.0154738 0.003207707 -3.511111e-19 0.0156804 0.002867039 -0.001264887 0.01445581 0.004336757 -0.001134178 0.01636874 0.0002880451 -0.001394423 0.01596213 0.001859231 -0.001032515 0.01636874 0.0005506746 -0.001018399 0.01596213 0.002089024 -0.000881645 0.01636874 0.0007694357 -3.131668e-19 0.01584827 0.002557201 -0.0006507309 0.01596213 0.002231077 -2.787313e-19 0.01598425 0.002276014 -2.440566e-19 0.01610553 0.001992874 -0.0007021101 0.01636874 0.0009361467 -1.49124e-19 0.01635717 0.00121769 -0.0003276514 0.01636874 0.001123376 -1.776238e-19 0.01629403 0.001450409 -0.0001913702 -0.007399145 -0.001428898 0 -0.007473668 -0.0009939648 0 -0.007421418 -0.001323409 0 -0.007355124 -0.001651244 -0.0002614901 -0.007429584 -0.001250343 0 -0.007542202 2.515349e-17 0 -0.007534455 -0.000331858 0 -0.007511478 -0.0006633137 -0.0002951154 -0.007399145 -0.001411126 -0.0009685267 -0.007209382 -0.001986721 0 -0.00682683 -0.0032522 -0.0009176126 -0.006815849 -0.0031461 0 -0.006684573 -0.003561931 0 -0.006957414 -0.002938446 -0.001173529 -0.006815849 -0.003059868 -0.001883553 -0.006290894 -0.003863698 -0.001436071 -0.006815849 -0.002945787 -0.001326136 -0.007209382 -0.001768182 -0.001701804 -0.006815849 -0.002800683 -0.002579018 -0.006290894 -0.003438691 -0.001966313 -0.006815849 -0.00262175 -0.00222419 -0.006815849 -0.002406853 -0.003238493 -0.006290894 -0.002826322 -0.00166524 -0.007209382 -0.0014533 -0.002469114 -0.006815849 -0.002154863 0 -0.005608049 -0.005313307 -0.000761568 -0.00526771 -0.005686374 0 -0.005395154 -0.005583613 0 -0.005173748 -0.005846677 0 -0.004944228 -0.006102098 -0.002694058 -0.006815849 -0.001866014 -0.001950201 -0.007209382 -0.001040107 -0.003792674 -0.006290894 -0.002022759 -0.001472378 -0.00564951 -0.005048155 0 -0.005812039 -0.005036162 -0.001719849 -0.004906694 -0.005896626 -0.002891636 -0.006815849 -0.001542206 -0.001883015 -0.00564951 -0.004909788 -0.002691578 -0.004906694 -0.005521185 -0.00214222 -0.007209382 -0.000544056 -0.003054586 -0.006815849 -0.001187208 -0.004166107 -0.006290894 -0.001058059 -0.002304284 -0.00564951 -0.004726737 -0.0008454353 -0.004687644 -0.006312583 0 -0.004706988 -0.006349472 -0.003176351 -0.006815849 -0.0008066924 -0.002730672 -0.00564951 -0.004493906 -0.003685391 -0.004906694 -0.004913855 -0.0008613912 -0.004565964 -0.006431721 0 -0.004462424 -0.006588398 -0.0008770589 -0.00444251 -0.006548707 0 -0.004210931 -0.006818474 0 -0.003952904 -0.007039296 -0.002210227 -0.007209382 2.556602e-17 -0.003251684 -0.006815849 -0.0004080545 -0.004298364 -0.006290894 2.442491e-17 -0.003155097 -0.00564951 -0.004206796 -0.003277188 -0.006815849 2.50514e-17 -0.00356888 -0.00564951 -0.003861976 -0.004627774 -0.004906694 -0.004038785 -0.003251684 -0.006815849 0.0004080545 -0.00214222 -0.007209382 0.000544056 -0.004166107 -0.006290894 0.001058059 -0.003961879 -0.00564951 -0.00345764 -0.003176351 -0.006815849 0.0008066924 -0.00432282 -0.00564951 -0.002994161 -0.005419693 -0.004906694 -0.002890503 -0.001941681 -0.004077439 -0.006657191 -0.0009743712 -0.003570598 -0.007275305 0 -0.003688738 -0.007250463 0 -0.003418829 -0.007451573 -0.0021336 -0.00317674 -0.0073152 -0.00098759 -0.003435113 -0.007374005 -0.003054586 -0.006815849 0.001187208 -0.001950201 -0.007209382 0.001040107 -0.003792674 -0.006290894 0.002022759 -0.004639848 -0.00564951 -0.002474586 -0.002483203 -0.004077439 -0.006474722 -0.003339101 -0.00317674 -0.006849438 -0.001000463 -0.003298286 -0.00747012 0 -0.003143572 -0.007642223 -0.001012982 -0.003160165 -0.007563599 -0.002891636 -0.006815849 0.001542206 -0.004901314 -0.00564951 -0.001904964 -0.005953324 -0.004906694 -0.001511955 -0.003038746 -0.004077439 -0.006233325 -0.001025144 -0.003020795 -0.007654408 0 -0.002863321 -0.007822137 -0.00103695 -0.002880205 -0.007742556 0 -0.002578312 -0.007991391 -0.002694058 -0.006815849 0.001866014 -0.00166524 -0.007209382 0.0014533 -0.003238493 -0.006290894 0.002826322 -0.005096695 -0.00564951 -0.001294399 -0.00360104 -0.004077439 -0.005926283 -0.004572 -0.00317674 -0.006096 -0.002469114 -0.006815849 0.002154863 -0.005217573 -0.00564951 -0.0006547542 -0.006142319 -0.004906694 2.288034e-17 -0.004160745 -0.004077439 -0.005547659 -4.064088e-20 -0.007534455 0.000331858 -0.0002614901 -0.007429584 0.001250343 -8.12325e-20 -0.007511478 0.0006633137 -1.217256e-19 -0.007473668 0.0009939648 -0.0009685267 -0.007209382 0.001986721 -0.0002951154 -0.007399145 0.001411126 -0.001326136 -0.007209382 0.001768182 -0.00222419 -0.006815849 0.002406853 -0.002579018 -0.006290894 0.003438691 -0.005258495 -0.00564951 2.369755e-17 -0.004706416 -0.004077439 -0.005092933 -0.005741096 -0.00317674 -0.005010411 -0.001089872 -0.002172374 -0.008137708 0 -0.002288764 -0.008150122 0 -0.001994891 -0.008298468 -0.001099616 -0.002025125 -0.008210467 -1.620708e-19 -0.007421418 0.001323409 -0.0001913702 -0.007399145 0.001428898 -2.022191e-19 -0.007355124 0.001651244 -0.001966313 -0.006815849 0.00262175 -0.005217573 -0.00564951 0.0006547542 -0.005953324 -0.004906694 0.001511955 -0.005224679 -0.004077439 -0.00455972 -0.002354564 -0.001758158 -0.008072792 -0.00110902 -0.001876842 -0.008280684 0 -0.001696912 -0.008436565 -0.001118086 -0.001727555 -0.008348375 -0.001701804 -0.006815849 0.002800683 -0.001883553 -0.006290894 0.003863698 -0.005096695 -0.00564951 0.001294399 -0.005700664 -0.004077439 -0.003948512 -0.006723529 -0.00317674 -0.003585882 -0.00288127 -0.002480938 -0.007512646 -0.003684912 -0.001758158 -0.007558794 -0.001126816 -0.00157729 -0.008413558 0 -0.001395042 -0.008564554 -0.001135212 -0.001426073 -0.00847625 0 -0.0010895 -0.00868257 -0.001436071 -0.006815849 0.002945787 -0.004901314 -0.00564951 0.001904964 -0.005419693 -0.004906694 0.002890503 -0.006118742 -0.004077439 -0.003263329 -0.001173529 -0.006815849 0.003059868 -0.004639848 -0.00564951 0.002474586 -0.006463546 -0.004077439 -0.002512148 -0.007385539 -0.00317674 -0.001875692 -0.004178301 -0.002480938 -0.00687629 -0.005045495 -0.001758158 -0.006727326 -3.598558e-19 -0.006957414 0.002938446 -0.0009176126 -0.006815849 0.0031461 -3.982796e-19 -0.00682683 0.0032522 -4.362108e-19 -0.006684573 0.003561931 -0.00432282 -0.00564951 0.002994161 -0.004627774 -0.004906694 0.004038785 -0.006721202 -0.004077439 -0.001706972 -0.001171705 -0.0006699195 -0.008748732 0 -0.0007805006 -0.008790751 0 -0.000468262 -0.008889234 -0.003961879 -0.00564951 0.00345764 -0.001178174 -0.0005136325 -0.008797033 -0.006880609 -0.004077439 -0.0008634489 -0.005460873 -0.002480938 -0.005909351 -0.006335667 -0.001758158 -0.005529309 -0.001184325 -0.000356582 -0.008842961 0 -0.0001530006 -0.008978156 -0.002506952 -0.0002445301 -0.008595263 -0.00356888 -0.00564951 0.003861976 -0.003685391 -0.004906694 0.004913855 -0.006934574 -0.004077439 2.198429e-17 -0.001190161 -0.0001987951 -0.008886532 -0.003119278 -0.001011616 -0.008133228 -0.003923399 -0.0002445301 -0.008047998 -0.001195683 -4.029879e-05 -0.008927763 0 0.0001650668 -0.009057656 -0.003155097 -0.00564951 0.004206796 -0.006880609 -0.004077439 0.0008634489 -0.00762 -0.00317674 1.918016e-17 -0.001200894 0.0001188797 -0.008966672 0 0.0004857234 -0.009127872 -0.006614503 -0.002480938 -0.004581474 -0.002730672 -0.00564951 0.004493906 -0.002691578 -0.004906694 0.005521185 -0.006721202 -0.004077439 0.001706972 -0.00452345 -0.001011616 -0.007444306 -0.005372039 -0.0002445301 -0.007162719 -0.0075607 -0.00317674 -0.0009487938 -0.002304284 -0.00564951 0.004726737 -0.006463546 -0.004077439 0.002512148 -0.007385539 -0.00317674 0.001875692 -0.006723529 -0.00317674 0.003585882 -0.007499679 -0.002480938 -0.002914855 -0.00122206 0.0009102625 -0.009124718 0 0.0008087524 -0.00918894 0 0.001133937 -0.009240998 -0.006912867 -0.001758158 -0.004788133 -0.001883015 -0.00564951 0.004909788 -0.001719849 -0.004906694 0.005896626 -0.006118742 -0.004077439 0.003263329 -0.001225478 0.001072922 -0.009150235 -0.005911969 -0.001011616 -0.006397493 -0.0075607 -0.00317674 0.0009487938 -0.0012286 0.001236077 -0.009173549 -0.002595334 0.0013384 -0.008898287 -0.001472378 -0.00564951 0.005048155 -6.16752e-19 -0.005812039 0.005036162 -6.506925e-19 -0.005608049 0.005313307 -0.005700664 -0.004077439 0.003948512 -0.005741096 -0.00317674 0.005010411 -0.001232308 0.001454339 -0.009201233 0 0.001570495 -0.009296631 -0.003272506 0.000539881 -0.008532757 -0.004061718 0.0013384 -0.008331729 -0.005224679 -0.004077439 0.00455972 -0.001235863 0.001700798 -0.009227778 0 0.002065102 -0.00934077 -0.007160895 -0.001011616 -0.004959928 -0.007419845 -0.001758158 -0.003957251 -0.006745711 -0.0002445301 -0.005887166 -0.006076569 -0.0002445301 -0.006575611 -0.004706416 -0.004077439 0.005092933 -0.004572 -0.00317674 0.006096 -0.004745656 0.000539881 -0.007809993 -0.00556143 0.0013384 -0.007415239 -0.007983598 -0.002480938 -0.001001863 -0.008343718 -0.001758158 -0.001047055 -0.008150414 -0.001758158 -0.002069947 -0.004160745 -0.004077439 0.005547659 -0.001243036 0.002514051 -0.009281337 0 0.00256269 -0.009365822 -6.837954e-19 -0.005395154 0.005583613 -0.000761568 -0.00526771 0.005686374 -7.160115e-19 -0.005173748 0.005846677 -7.472914e-19 -0.004944228 0.006102098 -0.00360104 -0.004077439 0.005926283 -0.003339101 -0.00317674 0.006849438 -0.007499679 -0.002480938 0.002914855 -0.006202383 0.000539881 -0.006711758 -0.001243888 0.002763632 -0.009287697 0 0.003062526 -0.009372252 -0.003038746 -0.004077439 0.006233325 -0.001244128 0.0030137 -0.009289489 -0.002624282 0.00296489 -0.00899754 -0.003346802 0.002147809 -0.008726478 -0.004107023 0.00296489 -0.008424663 -0.008677909 -0.0002445301 -0.002203913 -0.008345243 -0.0002445301 -0.003243495 -0.00811919 -0.001011616 -0.003155637 -0.002483203 -0.004077439 0.006474722 -0.0021336 -0.00317674 0.0073152 -0.006614503 -0.002480938 0.004581474 -0.001243764 0.003264166 -0.009286771 0 0.003563879 -0.009360523 -0.0008454353 -0.004687644 0.006312583 -7.775861e-19 -0.004706988 0.006349472 -0.001242804 0.003514937 -0.009279599 -0.0008613912 -0.004565964 0.006431721 -8.068461e-19 -0.004462424 0.006588398 -0.001941681 -0.004077439 0.006657191 -0.00698353 0.0013384 -0.006094717 -0.006290797 0.0013384 -0.006807433 -8.350222e-19 -0.004210931 0.006818474 -0.0008770589 -0.00444251 0.006548707 -8.620652e-19 -0.003952904 0.007039296 -0.004853397 0.002147809 -0.007987304 -0.005623462 0.00296489 -0.00749795 -0.001241254 0.003765923 -0.009268033 0 0.004066016 -0.0093311 -0.008643084 -0.001011616 -0.001084622 -0.008883722 -0.0002445301 -0.00111482 -0.005460873 -0.002480938 0.005909351 -0.006335667 -0.001758158 0.005529309 -0.005045495 -0.001758158 0.006727326 -0.00851803 0.000539881 -0.003310651 -0.006912867 -0.001758158 0.004788133 -0.007419845 -0.001758158 0.003957251 -0.00191416 0.003765923 -0.009152766 -0.00783797 -0.001758158 0.003046336 -0.00811919 -0.001011616 0.003155637 -0.008150414 -0.001758158 0.002069947 -0.006343196 0.002147809 -0.006864135 -0.008643084 -0.001011616 0.001084622 -0.008883722 -0.0002445301 0.00111482 -0.008953399 -0.0002445301 1.622889e-17 -0.004178301 -0.002480938 0.00687629 -0.003684912 -0.001758158 0.007558794 -0.0009743712 -0.003570598 0.007275305 -8.879257e-19 -0.003688738 0.007250463 -9.125545e-19 -0.003418829 0.007451573 -0.007160895 -0.001011616 0.004959928 -0.00098759 -0.003435113 0.007374005 -0.001000463 -0.003298286 0.00747012 -9.359024e-19 -0.003143572 0.007642223 -0.00288127 -0.002480938 0.007512646 -0.002354564 -0.001758158 0.008072792 -0.006360966 0.00296489 -0.006883364 -0.001012982 -0.003160165 0.007563599 0 0.00506972 -0.009221029 -0.001217075 0.005409581 -0.009087494 0 0.005569822 -0.00914131 -9.579355e-19 -0.002863321 0.007822137 -0.001025144 -0.003020795 0.007654408 -0.005911969 -0.001011616 0.006397493 -9.786631e-19 -0.002578312 0.007991391 -0.00103695 -0.002880205 0.007742556 -0.001211328 0.005659228 -0.009044582 -0.007360267 -0.0002445301 0.005098021 -0.007900057 -0.0002445301 0.004213364 -0.001876873 0.005409581 -0.008974473 -0.001205058 0.005908308 -0.008997767 0 0.006067782 -0.009045752 -0.001198273 0.006156727 -0.008947106 -0.002522167 0.006245576 -0.00864743 -0.005372039 -0.0002445301 0.007162719 -0.00452345 -0.001011616 0.007444306 -0.003923399 -0.0002445301 0.008047998 -0.006076569 -0.0002445301 0.006575611 -0.001190981 0.006404396 -0.008892656 0 0.006562869 -0.008934819 -0.001089872 -0.002172374 0.008137708 -9.98102e-19 -0.002288764 0.008150122 -1.016269e-18 -0.001994891 0.008298468 -0.001099616 -0.002025125 0.008210467 -0.001183189 0.006651222 -0.008834475 -0.00110902 -0.001876842 0.008280684 -1.033181e-18 -0.001696912 0.008436565 -0.003119278 -0.001011616 0.008133228 -0.002506952 -0.0002445301 0.008595263 -0.001174904 0.006897114 -0.008772619 0 0.00705435 -0.008808978 -0.001118086 -0.001727555 0.008348375 -0.001126816 -0.00157729 0.008413558 -1.048855e-18 -0.001395042 0.008564554 -0.001166136 0.00714198 -0.008707148 -0.006202383 0.000539881 0.006711758 -1.063308e-18 -0.0010895 0.00868257 -0.001135212 -0.001426073 0.00847625 -0.001798319 0.00714198 -0.008598857 -0.008639453 0.0013384 0.003357844 -0.008711415 0.002147809 0.003385813 -0.008983848 0.0013384 0.002281612 -0.004745656 0.000539881 0.007809993 -0.00556143 0.0013384 0.007415239 -0.004061718 0.0013384 0.008331729 -0.006290797 0.0013384 0.006807433 -1.076556e-18 -0.0007805006 0.008790751 -0.001171705 -0.0006699195 0.008748732 -1.088617e-18 -0.000468262 0.008889234 -0.001178174 -0.0005136325 0.008797033 -0.008735819 0.00296489 0.003395298 -0.009084055 0.00296489 0.002307061 -0.003272506 0.000539881 0.008532757 -0.002595334 0.0013384 0.008898287 -1.099507e-18 -0.0001530006 0.008978156 -0.001184325 -0.000356582 0.008842961 -0.001190161 -0.0001987951 0.008886532 -0.001195683 -4.029879e-05 0.008927763 -1.109243e-18 0.0001650668 0.009057656 0 0.008499846 -0.008346639 -0.001097228 0.008714855 -0.008192637 0 0.008969588 -0.008165801 -0.006343196 0.002147809 0.006864135 -0.001200894 0.0001188797 0.008966672 -1.117842e-18 0.0004857234 0.009127872 -0.007061425 0.00296489 0.006162699 -0.007704744 0.00296489 0.005336619 -0.00768322 0.002147809 0.005321711 -0.00108505 0.00894902 -0.008101707 -0.001692055 0.008714855 -0.008090746 -0.001072454 0.009181377 -0.008007654 0 0.009432068 -0.007972373 -0.004853397 0.002147809 0.007987304 -0.005623462 0.00296489 0.00749795 -0.004107023 0.00296489 0.008424663 -0.00223718 0.009391586 -0.007670331 -0.001059446 0.009411835 -0.007910533 -0.006360966 0.00296489 0.006883364 -0.00122206 0.0009102625 0.009124718 -1.125321e-18 0.0008087524 0.00918894 -1.131696e-18 0.001133937 0.009240998 -0.001046036 0.009640302 -0.007810402 0 0.009886551 -0.007766821 -0.001225478 0.001072922 0.009150235 -0.00103223 0.009866686 -0.00770732 -0.003346802 0.002147809 0.008726478 -0.002624282 0.00296489 0.00899754 -0.0012286 0.001236077 0.009173549 -0.001018037 0.0100909 -0.007601343 0 0.01033231 -0.007549608 0 0.0107686 -0.007321198 -1.138509e-18 0.001570495 0.009296631 -0.001232308 0.001454339 0.009201233 -1.143914e-18 0.002065102 0.00934077 -0.001235863 0.001700798 0.009227778 -0.001569933 0.0100909 -0.007506805 -1.146982e-18 0.00256269 0.009365822 -0.001243036 0.002514051 0.009281337 -0.001243888 0.002763632 0.009287697 -1.14777e-18 0.003062526 0.009372252 -0.001244128 0.0030137 0.009289489 -0.000915971 0.01149999 -0.00683925 0 0.01119471 -0.007082057 0 0.01160989 -0.006832646 -0.001243764 0.003264166 0.009286771 -1.146334e-18 0.003563879 0.009360523 -0.0008990983 0.01170483 -0.006713267 -0.001412535 0.01149999 -0.00675419 -0.001242804 0.003514937 0.009279599 -0.00191416 0.003765923 0.009152766 -0.0008819038 0.01190671 -0.006584882 0 0.01201342 -0.006573431 -0.001241254 0.003765923 0.009268033 -1.14273e-18 0.004066016 0.0093311 -0.0008643953 0.01210554 -0.006454152 -0.001805895 0.01219698 -0.006191641 -0.0008465804 0.01230123 -0.006321134 0 0.01240457 -0.006304875 -0.0008284668 0.0124937 -0.006185885 -0.0008100622 0.01268284 -0.006048464 0 0.01278259 -0.006027443 -0.0007913743 0.01286857 -0.005908928 0 0.01314677 -0.0057416 0 0.01349636 -0.005447808 -0.001220392 0.01286857 -0.005835439 -1.119488e-18 0.005569822 0.00914131 -0.001217075 0.005409581 0.009087494 -1.12925e-18 0.00506972 0.009221029 -0.001211328 0.005659228 0.009044582 -0.001876873 0.005409581 0.008974473 -0.001205058 0.005908308 0.008997767 -1.107785e-18 0.006067782 0.009045752 -0.001198273 0.006156727 0.008947106 -0.002522167 0.006245576 0.00864743 -0.001190981 0.006404396 0.008892656 -1.0942e-18 0.006562869 0.008934819 -0.0006624369 0.01399479 -0.004946196 0 0.01383065 -0.005146533 0 0.01414889 -0.004838237 -0.001183189 0.006651222 0.008834475 -0.0006418581 0.01415178 -0.004792541 0 0.01445035 -0.004523386 -0.001021556 0.01399479 -0.00488468 -0.002420787 0.01340758 -0.004965717 -1.078789e-18 0.00705435 0.008808978 -0.001174904 0.006897114 0.008772619 -0.001798319 0.00714198 0.008598857 -0.003869776 0.01219698 -0.005159701 -0.002868733 0.01340758 -0.004721115 -0.002826241 0.01219698 -0.005797417 -0.001166136 0.00714198 0.008707148 -0.003314616 0.01340758 -0.004419488 -0.0005574456 0.01473687 -0.004162261 0 0.0147343 -0.004202444 -0.004859307 0.01219698 -0.00424085 -0.00374932 0.01340758 -0.004057235 -0.004162189 0.01340758 -0.003632456 -0.004541378 0.01340758 -0.003145543 -0.005690846 0.01219698 -0.003035118 -0.00398599 0.01445581 -0.002125861 -0.004874435 0.01340758 -0.002599699 -1.000022e-18 0.008969588 0.008165801 -0.001097228 0.008714855 0.008192637 -1.022168e-18 0.008499846 0.008346639 -0.00108505 0.00894902 0.008101707 -0.001692055 0.008714855 0.008090746 -0.005149121 0.01340758 -0.002001278 -0.004378457 0.01445581 -0.001111989 -0.006251176 0.01219698 -0.0015876 -0.001072454 0.009181377 0.008007654 -9.763341e-19 0.009432068 0.007972373 -0.00535438 0.01340758 -0.001359843 -0.001059446 0.009411835 0.007910533 -0.00223718 0.009391586 0.007670331 -0.006399435 0.01219698 -0.0008030663 -0.005481369 0.01340758 -0.0006878581 -0.004517455 0.01445581 9.906117e-19 -0.001046036 0.009640302 0.007810402 -9.511612e-19 0.009886551 0.007766821 -0.00552436 0.01340758 2.052975e-18 -0.006449626 0.01219698 3.298308e-18 -0.00103223 0.009866686 0.00770732 -0.001569933 0.0100909 0.007506805 -0.001018037 0.0100909 0.007601343 -8.965883e-19 0.0107686 0.007321198 -9.245604e-19 0.01033231 0.007549608 -0.006399435 0.01219698 0.0008030663 -0.005481369 0.01340758 0.0006878581 -0.004378457 0.01445581 0.001111989 -0.006251176 0.01219698 0.0015876 -0.00535438 0.01340758 0.001359843 -0.005149121 0.01340758 0.002001278 -0.00398599 0.01445581 0.002125861 -0.005690846 0.01219698 0.003035118 -0.004874435 0.01340758 0.002599699 -0.003717574 0.01491098 -0.001444887 -0.003039917 0.0153159 -0.001621289 -0.003339231 0.0153159 -0.0008480588 -0.004859307 0.01219698 0.00424085 -0.004541378 0.01340758 0.003145543 -0.001412535 0.01149999 0.00675419 -0.004162189 0.01340758 0.003632456 -0.0004900483 0.01619699 -0.001680166 0 0.0162117 -0.001708027 -8.673018e-19 0.01119471 0.007082057 -0.000915971 0.01149999 0.00683925 -8.367577e-19 0.01160989 0.006832646 -0.003957452 0.01491098 -0.0004966214 -0.003445239 0.0153159 1.413758e-19 -0.0008990983 0.01170483 0.006713267 -0.00374932 0.01340758 0.004057235 -0.003869776 0.01219698 0.005159701 -0.0006267197 0.01619699 -0.001634114 -0.000512777 0.01636874 -0.00105185 -0.0008819038 0.01190671 0.006584882 -8.050131e-19 0.01201342 0.006573431 -0.002375553 0.01566736 -0.001645404 -0.001750988 0.01596213 -0.001528135 -0.002050623 0.01596213 -0.001093665 -0.003314616 0.01340758 0.004419488 -0.0007669296 0.01619699 -0.001573189 -0.0008643953 0.01210554 0.006454152 -0.001805895 0.01219698 0.006191641 -0.003957452 0.01491098 0.0004966214 -0.003339231 0.0153159 0.0008480588 -8.712106e-05 0.01646511 -0.0006505039 0 0.01640971 -0.0009842898 0 0.01645145 -0.0007503394 0 0.01648217 -0.0005159698 0 0.01650168 -0.0002813122 0 0.01650791 -0.0001406702 -0.002868733 0.01340758 0.004721115 -0.002826241 0.01219698 0.005797417 -0.0009088434 0.01619699 -0.001495697 -0.0008465804 0.01230123 0.006321134 -7.721245e-19 0.01240457 0.006304875 -0.002693457 0.01566736 -0.00104685 -0.00225253 0.01596213 -0.0005720711 -0.002420787 0.01340758 0.004965717 -0.0008284668 0.0124937 0.006185885 -0.001050104 0.01619699 -0.001400138 -0.003717574 0.01491098 0.001444887 -0.003039917 0.0153159 0.001621289 -0.0008100622 0.01268284 0.006048464 -0.001220392 0.01286857 0.005835439 -7.381489e-19 0.01278259 0.006027443 -0.001187822 0.01619699 -0.001285373 -0.0007913743 0.01286857 0.005908928 -6.671641e-19 0.01349636 0.005447808 -7.031432e-19 0.01314677 0.0057416 -0.002867253 0.01566736 -0.0003598122 -0.002324039 0.01596213 -4.645744e-19 -0.001318623 0.01619699 -0.001150798 -0.001438754 0.01619699 -0.0009965396 -0.002867253 0.01566736 0.0003598122 -0.00225253 0.01596213 0.0005720711 -0.00154427 0.01619699 -0.0008236107 -0.001631293 0.01619699 -0.0006340248 -0.001021556 0.01399479 0.00488468 -0.002693457 0.01566736 0.00104685 -0.002050623 0.01596213 0.001093665 -0.001696321 0.01619699 -0.0004308117 -0.0006624369 0.01399479 0.004946196 -6.302685e-19 0.01383065 0.005146533 -5.925132e-19 0.01414889 0.004838237 -0.001736553 0.01619699 -0.0002179203 -5.53955e-19 0.01445035 0.004523386 -0.0006418581 0.01415178 0.004792541 -0.002375553 0.01566736 0.001645404 -0.001750988 0.01596213 0.001528135 -0.001750173 0.01619699 -6.66893e-19 -0.001736553 0.01619699 0.0002179203 -0.001696321 0.01619699 0.0004308117 -0.0005574456 0.01473687 0.004162261 -5.146509e-19 0.0147343 0.004202444 -0.001631293 0.01619699 0.0006340248 -0.00154427 0.01619699 0.0008236107 -0.001438754 0.01619699 0.0009965396 -0.001318623 0.01619699 0.001150798 -0.001187822 0.01619699 0.001285373 -0.001050104 0.01619699 0.001400138 -0.0009088434 0.01619699 0.001495697 -0.000512777 0.01636874 0.00105185 -0.0007669296 0.01619699 0.001573189 -0.0006267197 0.01619699 0.001634114 -0.0004900483 0.01619699 0.001680166 -2.091729e-19 0.0162117 0.001708027 -8.712106e-05 0.01646511 0.0006505039 -1.205407e-19 0.01640971 0.0009842898 -9.189007e-20 0.01645145 0.0007503394 -6.318808e-20 0.01648217 0.0005159698 -3.445081e-20 0.01650168 0.0002813122 -1.722713e-20 0.01650791 0.0001406702 -0.0009773803 -0.007333321 -0.001446789 -0.0009773803 -0.007333321 0.001446789 -0.001919152 -0.0026817 -0.007695847 -0.001967114 -0.002327267 -0.007888175 -0.002089045 -0.001219659 -0.008377124 -0.002122113 -0.000841266 -0.008509726 -0.007099601 -0.002480938 -0.003786454 -0.00783797 -0.001758158 -0.003046336 -0.002200607 0.0003288465 -0.00882449 -0.007798638 -0.002480938 -0.001980607 -0.002219777 0.0007247095 -0.00890136 -0.007360267 -0.0002445301 -0.005098021 -0.006562986 -0.001011616 -0.005727697 -0.008046214 -0.002480938 1.848871e-17 -0.008343718 -0.001758158 0.001047055 -0.007983598 -0.002480938 0.001001863 -0.008409158 -0.001758158 1.776383e-17 -0.007686064 -0.001011616 -0.004099234 -0.007900057 -0.0002445301 -0.004213364 -0.007798638 -0.002480938 0.001980607 -0.002257573 0.001923979 -0.009052923 -0.008442845 -0.001011616 -0.002144215 -0.002263945 0.002330755 -0.009078477 -0.007099601 -0.002480938 0.003786454 -0.00688538 0.000539881 -0.006009059 -0.00751266 0.000539881 -0.005203574 -0.007619752 0.0013384 -0.00527775 -0.008710873 -0.001011616 1.70093e-17 -0.008063626 0.000539881 -0.004300601 -0.008639453 0.0013384 -0.003357844 -0.008178573 0.0013384 -0.004361906 -0.008442845 -0.001011616 0.002144215 -0.008677909 -0.0002445301 0.002203913 -0.008345243 -0.0002445301 0.003243495 -0.0009148118 0.004167095 -0.009278091 0 0.004568207 -0.009284448 -0.002985718 0.003365063 -0.008878741 -0.009067658 0.000539881 -0.001137902 -0.008857584 0.000539881 -0.002249545 -0.008983848 0.0013384 -0.002281612 -0.009196917 0.0013384 -0.001154123 -0.007686064 -0.001011616 0.004099234 -0.007704744 0.00296489 -0.005336619 -0.007041699 0.002147809 -0.006145483 -0.00768322 0.002147809 -0.005321711 -0.007061425 0.00296489 -0.006162699 -0.0009059052 0.004989349 -0.009187759 -0.009138777 0.000539881 1.542637e-17 -0.009269049 0.0013384 1.46055e-17 -0.009196917 0.0013384 0.001154123 -0.009067658 0.000539881 0.001137902 -0.002971074 0.004187603 -0.008835195 -0.006562986 -0.001011616 0.005727697 -0.006745711 -0.0002445301 0.005887166 -0.008735819 0.00296489 -0.003395298 -0.008246696 0.002147809 -0.004398238 -0.008711415 0.002147809 -0.003385813 -0.008269797 0.00296489 -0.004410559 -0.001919152 -0.0026817 0.007695847 -0.008857584 0.000539881 0.002249545 -0.00851803 0.000539881 0.003310651 -0.001967114 -0.002327267 0.007888175 -0.009058679 0.002147809 -0.002300617 -0.0092995 0.00296489 -0.001166996 -0.009273521 0.002147809 -0.001163736 -0.009084055 0.00296489 -0.002307061 -0.008063626 0.000539881 0.004300601 -0.008178573 0.0013384 0.004361906 -0.00751266 0.000539881 0.005203574 -0.007619752 0.0013384 0.00527775 -0.009346255 0.002147809 1.377005e-17 -0.009372437 0.00296489 1.292381e-17 -0.009273521 0.002147809 0.001163736 -0.0092995 0.00296489 0.001166996 -0.002941785 0.00500981 -0.008748097 -0.002898502 0.005828467 -0.008619383 -0.003947212 0.006245576 -0.008096845 -0.00698353 0.0013384 0.006094717 -0.00688538 0.000539881 0.006009059 -0.002089045 -0.001219659 0.008377124 -0.009058679 0.002147809 0.002300617 -0.0008493 0.007584903 -0.008613665 0 0.007541495 -0.008668692 0 0.00802357 -0.008514424 -0.002122113 -0.000841266 0.008509726 -0.002837546 0.006695354 -0.008438116 -0.008246696 0.002147809 0.004398238 -0.008269797 0.00296489 0.004410559 -0.003109052 0.007496459 -0.008106565 -0.007041699 0.002147809 0.006145483 -0.002200607 0.0003288465 0.00882449 -0.002219777 0.0007247095 0.00890136 -0.004451496 0.007848288 -0.007325891 -0.003016747 0.008284141 -0.007865888 -0.002591712 0.009055182 -0.007707072 -0.003501204 0.009391586 -0.007181958 -0.002257573 0.001923979 0.009052923 -0.002496703 0.009743774 -0.007424538 -0.002263945 0.002330755 0.009078477 -0.002985718 0.003365063 0.008878741 -0.002677517 0.01047395 -0.006981378 -0.002971074 0.004187603 0.008835195 -0.003778818 0.01084973 -0.006218855 -0.002539463 0.01117811 -0.006621415 -0.002128706 0.01185302 -0.006330212 -1.137017e-18 0.004568207 0.009284448 -0.0009148118 0.004167095 0.009278091 -0.003947212 0.006245576 0.008096845 -0.002898502 0.005828467 0.008619383 -0.002941785 0.00500981 0.008748097 -0.0009059052 0.004989349 0.009187759 -0.001979063 0.01253799 -0.005885212 -0.002837546 0.006695354 0.008438116 -0.003109052 0.007496459 0.008106565 -0.003016747 0.008284141 0.007865888 -0.004451496 0.007848288 0.007325891 -1.061609e-18 0.007541495 0.008668692 -0.0008493 0.007584903 0.008613665 -1.042716e-18 0.00802357 0.008514424 -0.002591712 0.009055182 0.007707072 -0.003501204 0.009391586 0.007181958 -0.002496703 0.009743774 0.007424538 -0.002677517 0.01047395 0.006981378 -0.002539463 0.01117811 0.006621415 -0.003778818 0.01084973 0.006218855 -0.003631093 0.01468947 -0.002217932 -0.003173364 0.01511992 -0.001938343 -0.002128706 0.01185302 0.006330212 -0.001979063 0.01253799 0.005885212 -0.003631093 0.01468947 0.002217932 -0.003173364 0.01511992 0.001938343 -0.001717903 -0.007274739 -0.0009819168 -0.001717903 -0.007274739 0.0009819168 -0.001908315 0.004177349 -0.009124818 -0.001900118 0.004588702 -0.00908562 -0.003903163 0.003987 -0.008481905 -0.001889619 0.00499958 -0.009035421 -0.003888632 0.004398438 -0.008450327 -0.003869353 0.004809586 -0.008408433 -0.004066469 0.004609196 -0.008341475 -0.003845434 0.005220042 -0.008356454 -0.001935203 0.007540702 -0.008450171 -0.004239799 0.006874321 -0.007776163 -0.001907223 0.007936023 -0.008327994 -0.003933067 0.008842809 -0.00721359 -0.004793957 0.009391586 -0.006391943 -0.003706098 0.00993917 -0.006797309 -0.003903163 0.003987 0.008481905 -0.003888632 0.004398438 0.008450327 -0.003869353 0.004809586 0.008408433 -0.004066469 0.004609196 0.008341475 -0.001908315 0.004177349 0.009124818 -0.003845434 0.005220042 0.008356454 -0.001900118 0.004588702 0.00908562 -0.001889619 0.00499958 0.009035421 -0.003244759 0.0116968 -0.005951171 -0.004239799 0.006874321 0.007776163 -0.001935203 0.007540702 0.008450171 -0.004793957 0.009391586 0.006391943 -0.003933067 0.008842809 0.00721359 -0.001907223 0.007936023 0.008327994 -0.003706098 0.00993917 0.006797309 -0.003244759 0.0116968 0.005951171 -0.001978725 -0.007274739 2.566005e-17 -0.004740953 0.004298153 -0.008014377 -0.004818935 0.004609196 -0.00793059 -0.00470569 0.004914839 -0.007954765 -0.0009099705 0.007979821 -0.008480384 -0.005181983 0.00656068 -0.007279247 -0.005404644 0.006245576 -0.007206192 -0.005024685 0.00911851 -0.006359792 -0.006019809 0.009391586 -0.005253652 -0.004818935 0.004609196 0.00793059 -0.004740953 0.004298153 0.008014377 -0.004877707 0.009666899 -0.006173761 -0.00470569 0.004914839 0.007954765 -0.004358515 0.01039958 -0.006122503 -0.004938765 0.01084973 -0.005344364 -0.004078622 0.01127894 -0.005729331 -0.005181983 0.00656068 0.007279247 -0.005404644 0.006245576 0.007206192 -0.004101346 0.0119493 -0.005191114 -0.006019809 0.009391586 0.005253652 -0.005024685 0.00911851 0.006359792 -0.004877707 0.009666899 0.006173761 -0.0009099705 0.007979821 0.008480384 -0.004938765 0.01084973 0.005344364 -0.004358515 0.01039958 0.006122503 -0.004078622 0.01127894 0.005729331 -0.004101346 0.0119493 0.005191114 -0.004767548 0.003475471 -0.008059334 -0.003868109 0.003420261 -0.008529609 -0.005575411 0.003220013 -0.007531338 -0.00553143 0.004453699 -0.007471928 -0.005567935 0.004609196 -0.007423913 -0.006298156 0.004609196 -0.006815396 -0.00555303 0.004042277 -0.007501104 -0.005510802 0.004762062 -0.007444063 -0.003759483 0.00578128 -0.008290076 -0.004639082 0.005734071 -0.007842168 -0.005477513 0.005172619 -0.007399096 -0.005391676 0.005990189 -0.007283146 -0.00611345 0.006245576 -0.00661552 -0.006002712 0.006403299 -0.006668563 -0.006786654 0.006245576 -0.005922897 -0.004077481 0.00743013 -0.007687739 -0.005058078 0.00736371 -0.007105196 -0.005937088 0.006807212 -0.00659566 -0.003942017 0.008316585 -0.007432333 -0.004872358 0.008349 -0.00684431 -0.005786242 0.007606647 -0.006428081 -0.005817928 0.007848288 -0.006295729 -0.004767548 0.003475471 0.008059334 -0.005575411 0.003220013 0.007531338 -0.005679182 0.008099454 -0.006309145 -0.003868109 0.003420261 0.008529609 -0.006298156 0.004609196 0.006815396 -0.00553143 0.004453699 0.007471928 -0.005567935 0.004609196 0.007423913 -0.00555303 0.004042277 0.007501104 -0.005510802 0.004762062 0.007444063 -0.003512502 0.0104368 -0.00662252 -0.005477513 0.005172619 0.007399096 -0.005504919 0.01026667 -0.005214556 -0.005391676 0.005990189 0.007283146 -0.004639082 0.005734071 0.007842168 -0.003309128 0.0112286 -0.006239074 -0.006002712 0.006403299 0.006668563 -0.00611345 0.006245576 0.00661552 -0.006786654 0.006245576 0.005922897 -0.005232268 0.01062599 -0.00522957 -0.005982098 0.01084973 -0.004143445 -0.003759483 0.00578128 0.008290076 -0.005937088 0.006807212 0.00659566 -0.005061502 0.0110657 -0.005058892 -0.00504941 0.01140944 -0.004783073 -0.005817928 0.007848288 0.006295729 -0.005786242 0.007606647 0.006428081 -0.005058078 0.00736371 0.007105196 -0.005679182 0.008099454 0.006309145 -0.004872358 0.008349 0.00684431 -0.004077481 0.00743013 0.007687739 -0.003942017 0.008316585 0.007432333 -0.005504919 0.01026667 0.005214556 -0.005232268 0.01062599 0.00522957 -0.005982098 0.01084973 0.004143445 -0.005061502 0.0110657 0.005058892 -0.003512502 0.0104368 0.00662252 -0.00504941 0.01140944 0.004783073 -0.003309128 0.0112286 0.006239074 -0.006338122 0.003092404 -0.006903887 -0.004729112 0.004014639 -0.008048356 -0.006331926 0.00350308 -0.006897139 -0.006295542 0.004325788 -0.006857506 -0.004661979 0.005196332 -0.007934104 -0.006252553 0.004891089 -0.00681068 -0.006110331 0.00611798 -0.006655763 -0.006164924 0.005710458 -0.006715229 -0.00509693 0.006840776 -0.007253966 -0.006697793 0.006526969 -0.005926545 -0.006338122 0.003092404 0.006903887 -0.006331926 0.00350308 0.006897139 -0.006448827 0.007727634 -0.005706247 -0.006458589 0.007848288 -0.005636587 -0.006539007 0.007330467 -0.005786043 -0.007046988 0.007848288 -0.00488103 -0.00638893 0.007974067 -0.005653248 -0.006295542 0.004325788 0.006857506 -0.006179594 0.008752081 -0.005468017 -0.004729112 0.004014639 0.008048356 -0.006252553 0.004891089 0.00681068 -0.004661979 0.005196332 0.007934104 -0.006110331 0.00611798 0.006655763 -0.006164924 0.005710458 0.006715229 -0.006568233 0.009391586 -0.004549426 -0.006309478 0.009833194 -0.004571889 -0.006697793 0.006526969 0.005926545 -0.006018318 0.0105604 -0.004360912 -0.00509693 0.006840776 0.007253966 -0.007046988 0.007848288 0.00488103 -0.006448827 0.007727634 0.005706247 -0.006458589 0.007848288 0.005636587 -0.006539007 0.007330467 0.005786043 -0.00576414 0.01113196 -0.004176733 -0.00638893 0.007974067 0.005653248 -0.005431036 0.01180892 -0.003935364 -0.006179594 0.008752081 0.005468017 -0.006309478 0.009833194 0.004571889 -0.006568233 0.009391586 0.004549426 -0.006018318 0.0105604 0.004360912 -0.00576414 0.01113196 0.004176733 -0.005431036 0.01180892 0.003935364 -0.005559462 0.003489275 -0.007534295 -0.007049229 0.003233802 -0.006173343 -0.006992733 0.004467514 -0.006123868 -0.006991699 0.004609196 -0.006101847 -0.007020332 0.004056097 -0.006148037 -0.007628665 0.004609196 -0.005283924 -0.006968811 0.00475018 -0.006102918 -0.005411243 0.005722265 -0.007333427 -0.006926961 0.005160761 -0.006066268 -0.006818893 0.005978415 -0.005971627 -0.007360769 0.006386408 -0.005137204 -0.007948006 0.006245576 -0.004238936 -0.007404939 0.006245576 -0.005128962 -0.005817132 0.007347091 -0.006504886 -0.007049229 0.003233802 0.006173343 -0.007280674 0.006790423 -0.005081305 -0.007096436 0.007590112 -0.004952722 -0.005559462 0.003489275 0.007534295 -0.005551222 0.008551142 -0.006207538 -0.007628665 0.004609196 0.005283924 -0.006992733 0.004467514 0.006123868 -0.006991699 0.004609196 0.006101847 -0.007020332 0.004056097 0.006148037 -0.006968811 0.00475018 0.006102918 -0.00690293 0.008302996 -0.004817671 -0.007167827 0.008302996 -0.004413916 -0.007563802 0.007848288 -0.004034028 -0.006926961 0.005160761 0.006066268 -0.006661668 0.009073593 -0.00464929 -0.006917307 0.009073593 -0.004259646 -0.007049937 0.009391586 -0.003759966 -0.005630004 0.009750189 -0.005441896 -0.006818893 0.005978415 0.005971627 -0.007360769 0.006386408 0.005137204 -0.007404939 0.006245576 0.005128962 -0.007948006 0.006245576 0.004238936 -0.005411243 0.005722265 0.007333427 -0.007280674 0.006790423 0.005081305 -0.006922425 0.009613364 -0.003790474 -0.007096436 0.007590112 0.004952722 -0.005817132 0.007347091 0.006504886 -0.006420816 0.01084973 -0.003424435 -0.00645134 0.01070563 -0.003532525 -0.006782643 0.01084973 -0.002636169 -0.006615024 0.01034777 -0.003622152 -0.007167827 0.008302996 0.004413916 -0.007563802 0.007848288 0.004034028 -0.00690293 0.008302996 0.004817671 -0.006313656 0.01099142 -0.003457134 -0.004789742 0.0118793 -0.004629709 -0.006138615 0.01133672 -0.003361288 -0.006917307 0.009073593 0.004259646 -0.007049937 0.009391586 0.003759966 -0.006661668 0.009073593 0.00464929 -0.005551222 0.008551142 0.006207538 -0.006922425 0.009613364 0.003790474 -0.005947433 0.01200442 -0.002813645 -0.005630004 0.009750189 0.005441896 -0.00645134 0.01070563 0.003532525 -0.006615024 0.01034777 0.003622152 -0.006420816 0.01084973 0.003424435 -0.006782643 0.01084973 0.002636169 -0.006313656 0.01099142 0.003457134 -0.006138615 0.01133672 0.003361288 -0.005947433 0.01200442 0.002813645 -0.004789742 0.0118793 0.004629709 -0.007699636 0.003099293 -0.005343223 -0.006305654 0.004049187 -0.006879813 -0.007691944 0.003509982 -0.005337884 -0.007647421 0.004332697 -0.005306988 -0.006220845 0.00516669 -0.006787282 -0.007596369 0.004885151 -0.00527156 -0.007490172 0.005704554 -0.005197864 -0.007423975 0.006112102 -0.005151926 -0.007699636 0.003099293 0.005343223 -0.006637538 0.006798818 -0.005893465 -0.007691944 0.003509982 0.005337884 -0.00788525 0.006518538 -0.004224099 -0.007647421 0.004332697 0.005306988 -0.004745546 0.008697305 -0.006775998 -0.006305654 0.004049187 0.006879813 -0.006321403 0.008201363 -0.005612768 -0.007596369 0.004885151 0.00527156 -0.007592742 0.007719391 -0.004067403 -0.007990039 0.007848288 -0.00310544 -0.007698714 0.007322152 -0.004124172 -0.00625179 0.008427288 -0.005570065 -0.007817021 0.008076304 -0.003329637 -0.008308546 0.007848288 -0.002110107 -0.006220845 0.00516669 0.006787282 -0.007423975 0.006112102 0.005151926 -0.007490172 0.005704554 0.005197864 -0.00788525 0.006518538 0.004224099 -0.007555633 0.008852082 -0.003218299 -0.007413055 0.009233045 -0.003157569 -0.007447217 0.009391586 -0.002894465 -0.007385632 0.009502714 -0.00291873 -0.007744084 0.009391586 -0.001966752 -0.006637538 0.006798818 0.005893465 -0.006100019 0.01030726 -0.004469585 -0.007990039 0.007848288 0.00310544 -0.007592742 0.007719391 0.004067403 -0.007698714 0.007322152 0.004124172 -0.007228451 0.009874586 -0.002856614 -0.007817021 0.008076304 0.003329637 -0.008308546 0.007848288 0.002110107 -0.00689247 0.0106004 -0.002723838 -0.007555633 0.008852082 0.003218299 -0.005627892 0.01137312 -0.00412365 -0.006321403 0.008201363 0.005612768 -0.007413055 0.009233045 0.003157569 -0.007447217 0.009391586 0.002894465 -0.00625179 0.008427288 0.005570065 -0.00663981 0.011095 -0.002623989 -0.007385632 0.009502714 0.00291873 -0.007744084 0.009391586 0.001966752 -0.007228451 0.009874586 0.002856614 -0.004745546 0.008697305 0.006775998 -0.00689247 0.0106004 0.002723838 -0.006100019 0.01030726 0.004469585 -0.00663981 0.011095 0.002623989 -0.005627892 0.01137312 0.00412365 -0.007040952 0.003506531 -0.006171419 -0.008265796 0.003237249 -0.004413304 -0.008231737 0.004059552 -0.00439512 -0.00819929 0.004470967 -0.004377796 -0.00818814 0.004609196 -0.004367008 -0.008649559 0.004609196 -0.003361772 -0.008171872 0.004747209 -0.004363156 -0.006855753 0.005707506 -0.006009091 -0.00812287 0.005157796 -0.004336993 -0.008265796 0.003237249 0.004413304 -0.007996286 0.005975471 -0.004269407 -0.007040952 0.003506531 0.006171419 -0.008730578 0.006245576 -0.00221729 -0.008364304 0.006382185 -0.003259989 -0.008395893 0.006245576 -0.003263181 -0.00818814 0.004609196 0.004367008 -0.00819929 0.004470967 0.004377796 -0.008649559 0.004609196 0.003361772 -0.008231737 0.004059552 0.00439512 -0.007156566 0.00732631 -0.00500415 -0.008273396 0.006786225 -0.003224558 -0.008171872 0.004747209 0.004363156 -0.00812287 0.005157796 0.004336993 -0.008064249 0.007585978 -0.003143042 -0.007996286 0.005975471 0.004269407 -0.008364304 0.006382185 0.003259989 -0.008395893 0.006245576 0.003263181 -0.008730578 0.006245576 0.00221729 -0.006855753 0.005707506 0.006009091 -0.008106467 0.008353705 -0.002200294 -0.008273396 0.006786225 0.003224558 -0.007820365 0.009123104 -0.002122639 -0.008064249 0.007585978 0.003143042 -0.006815522 0.009853899 -0.003756325 -0.007156566 0.00732631 0.00500415 -0.008106467 0.008353705 0.002200294 -0.007634683 0.009634258 -0.001962424 -0.007820365 0.009123104 0.002122639 -0.007113267 0.01072549 -0.001828399 -0.007294407 0.010368 -0.001874959 -0.00705302 0.01084973 -0.001791243 -0.007220295 0.01084973 -0.0009060763 -0.007634683 0.009634258 0.001962424 -0.006981694 0.0109728 -0.001794579 -0.006258569 0.0117736 -0.002473326 -0.005883812 0.01179127 -0.003242821 -0.00678877 0.01131849 -0.00174499 -0.006815522 0.009853899 0.003756325 -0.007113267 0.01072549 0.001828399 -0.00705302 0.01084973 0.001791243 -0.007220295 0.01084973 0.0009060763 -0.007294407 0.010368 0.001874959 -0.006383416 0.01198703 -0.001640797 -0.006981694 0.0109728 0.001794579 -0.00678877 0.01131849 0.00174499 -0.006383416 0.01198703 0.001640797 -0.006258569 0.0117736 0.002473326 -0.005883812 0.01179127 0.003242821 -0.008734599 0.003101016 -0.003397196 -0.007665359 0.004057824 -0.005321961 -0.008725826 0.003511708 -0.003393783 -0.008675227 0.004334424 -0.003374104 -0.007563696 0.005159278 -0.005251378 -0.008617645 0.004883667 -0.003351708 -0.008734599 0.003101016 0.003397196 -0.008725826 0.003511708 0.003393783 -0.008422186 0.006110632 -0.003275687 -0.008497246 0.005703078 -0.00330488 -0.008675227 0.004334424 0.003374104 -0.007824829 0.006788324 -0.004196358 -0.007665359 0.004057824 0.005321961 -0.008617645 0.004883667 0.003351708 -0.008669581 0.006516431 -0.002206236 -0.007563696 0.005159278 0.005251378 -0.008422186 0.006110632 0.003275687 -0.008497246 0.005703078 0.00330488 -0.008348144 0.00771733 -0.002124436 -0.008464602 0.007320074 -0.002154073 -0.008505599 0.007848288 -0.001067369 -0.008669581 0.006516431 0.002206236 -0.007709787 0.00832836 -0.003356735 -0.008412837 0.008101823 -0.001126442 -0.008572309 0.007848288 7.830541e-18 -0.007824829 0.006788324 0.004196358 -0.008348144 0.00771733 0.002124436 -0.008464602 0.007320074 0.002154073 -0.008505599 0.007848288 0.001067369 -0.008399769 0.008353705 7.302019e-18 -0.008412837 0.008101823 0.001126442 -0.007975963 0.009257671 -0.001067946 -0.00792775 0.009391586 -0.0009948549 -0.007989928 0.009391586 6.217249e-18 -0.008130106 0.008877032 -0.001088585 -0.007873603 0.009513209 -0.0009997313 -0.007709787 0.00832836 0.003356735 -0.007005253 0.01035789 -0.002779862 -0.00792775 0.009391586 0.0009948549 -0.007975963 0.009257671 0.001067946 -0.008130106 0.008877032 0.001088585 -0.007705718 0.009884923 -0.0009784145 -0.007873603 0.009513209 0.0009997313 -0.007705718 0.009884923 0.0009784145 -0.007346909 0.01061038 -0.0009328556 -0.007276925 0.01084973 4.696452e-18 -0.007531524 0.010368 5.198268e-18 -0.006510193 0.01132761 -0.00258341 -0.007087871 0.01108575 -0.0008999649 -0.007346909 0.01061038 0.0009328556 -0.007005253 0.01035789 0.002779862 -0.00700945 0.01131849 4.208967e-18 -0.007087871 0.01108575 0.0008999649 -0.006468664 0.01209245 -0.0008213425 -0.00668156 0.01176476 -0.0008483745 -0.006510193 0.01132761 0.00258341 -0.006468664 0.01209245 0.0008213425 -0.00668156 0.01176476 0.0008483745 -0.008258592 0.003510845 -0.004410677 -0.009081594 0.003238111 -0.002307598 -0.009207675 0.004609196 -0.001155473 -0.009044125 0.004060415 -0.002298078 -0.009279892 0.004609196 1.121398e-17 -0.009008452 0.00447183 -0.002289014 -0.008994356 0.004609196 -0.002284281 -0.009081594 0.003238111 0.002307598 -0.008978502 0.004746467 -0.002281403 -0.008042104 0.005703816 -0.004295057 -0.008924684 0.005157055 -0.002267728 -0.009044125 0.004060415 0.002298078 -0.009207675 0.004609196 0.001155473 -0.008258592 0.003510845 0.004410677 -0.009008452 0.00447183 0.002289014 -0.008994356 0.004609196 0.002284281 -0.00900774 0.006245576 9.50617e-18 -0.008785643 0.005974734 -0.002232399 -0.008937641 0.006245576 -0.001121586 -0.008978502 0.004746467 0.002281403 -0.008924684 0.005157055 0.002267728 -0.008907249 0.006381129 -0.001119973 -0.008137091 0.007321113 -0.003173643 -0.00881047 0.006785175 -0.001107804 -0.008937641 0.006245576 0.001121586 -0.008785643 0.005974734 0.002232399 -0.008907249 0.006381129 0.001119973 -0.008042104 0.005703816 0.004295057 -0.00881047 0.006785175 0.001107804 -0.008587802 0.007584944 -0.001079806 -0.008734386 0.007320074 8.382922e-18 -0.008587802 0.007584944 0.001079806 -0.00832547 0.008353705 -0.001114744 -0.00791216 0.008864559 -0.002182226 -0.008137091 0.007321113 0.003173643 -0.00832547 0.008353705 0.001114744 -0.008202661 0.008877032 6.754913e-18 -0.00752399 0.009879755 -0.001939754 -0.00791216 0.008864559 0.002182226 -0.007767586 0.009884923 5.702145e-18 -0.007471537 0.010368 -0.0009486799 -0.00752399 0.009879755 0.001939754 -0.007471537 0.010368 0.0009486799 -0.006953621 0.01131849 -0.0008829188 -0.006519218 0.01176918 -0.001680715 -0.006953621 0.01131849 0.0008829188 -0.006735205 0.01176476 3.745808e-18 -0.006519218 0.01176918 0.001680715 0.0006188637 -0.007209382 0.002121818 0.001203542 -0.006290894 0.00412643 0.0006188637 -0.007209382 -0.002121818 0.001203542 -0.006290894 -0.00412643 0.0009646669 0.0153159 0.003307429 0.001264887 0.01445581 0.004336757 0.001509711 0.0153159 0.003096844 0.001979559 0.01445581 0.004060634 0.002710473 0.01445581 0.003613964 0.002067143 0.0153159 0.002756191 0.0006507309 0.01596213 0.002231077 0.003403562 0.01445581 0.002970381 0.002595728 0.0153159 0.002265363 0.001018399 0.01596213 0.002089024 0.001394423 0.01596213 0.001859231 0.0003276514 0.01636874 0.001123376 0.0007021101 0.01636874 0.0009361467 0.000881645 0.01636874 0.0007694357 0.001032515 0.01636874 0.0005506746 0.002710473 0.01445581 -0.003613964 0.002067143 0.0153159 -0.002756191 0.003403562 0.01445581 -0.002970381 0.002595728 0.0153159 -0.002265363 0.001134178 0.01636874 0.0002880451 0.001979559 0.01445581 -0.004060634 0.001509711 0.0153159 -0.003096844 0.001170183 0.01636874 9.74692e-19 0.0009646669 0.0153159 -0.003307429 0.001264887 0.01445581 -0.004336757 0.001134178 0.01636874 -0.0002880451 0.001394423 0.01596213 -0.001859231 0.001032515 0.01636874 -0.0005506746 0.001018399 0.01596213 -0.002089024 0.000881645 0.01636874 -0.0007694357 0.0006507309 0.01596213 -0.002231077 0.0007021101 0.01636874 -0.0009361467 0.0003276514 0.01636874 -0.001123376 0.0001913702 -0.007399145 0.001428898 0.0002614901 -0.007429584 0.001250343 0.0002951154 -0.007399145 0.001411126 0.0009685267 -0.007209382 0.001986721 0.0009176126 -0.006815849 0.0031461 0.001173529 -0.006815849 0.003059868 0.001883553 -0.006290894 0.003863698 0.001436071 -0.006815849 0.002945787 0.001326136 -0.007209382 0.001768182 0.001701804 -0.006815849 0.002800683 0.002579018 -0.006290894 0.003438691 0.001966313 -0.006815849 0.00262175 0.00222419 -0.006815849 0.002406853 0.003238493 -0.006290894 0.002826322 0.00166524 -0.007209382 0.0014533 0.002469114 -0.006815849 0.002154863 0.000761568 -0.00526771 0.005686374 0.002694058 -0.006815849 0.001866014 0.003792674 -0.006290894 0.002022759 0.001950201 -0.007209382 0.001040107 0.001472378 -0.00564951 0.005048155 0.001719849 -0.004906694 0.005896626 0.002891636 -0.006815849 0.001542206 0.001883015 -0.00564951 0.004909788 0.002691578 -0.004906694 0.005521185 0.00214222 -0.007209382 0.000544056 0.003054586 -0.006815849 0.001187208 0.004166107 -0.006290894 0.001058059 0.002304284 -0.00564951 0.004726737 0.0008454353 -0.004687644 0.006312583 0.003176351 -0.006815849 0.0008066924 0.002730672 -0.00564951 0.004493906 0.003685391 -0.004906694 0.004913855 0.0008613912 -0.004565964 0.006431721 0.0008770589 -0.00444251 0.006548707 0.003251684 -0.006815849 0.0004080545 0.004298364 -0.006290894 2.4869e-17 0.002210227 -0.007209382 2.509803e-17 0.003155097 -0.00564951 0.004206796 0.003277188 -0.006815849 2.50403e-17 0.00356888 -0.00564951 0.003861976 0.004627774 -0.004906694 0.004038785 0.003251684 -0.006815849 -0.0004080545 0.004166107 -0.006290894 -0.001058059 0.00214222 -0.007209382 -0.000544056 0.003961879 -0.00564951 0.00345764 0.003176351 -0.006815849 -0.0008066924 0.00432282 -0.00564951 0.002994161 0.005419693 -0.004906694 0.002890503 0.001941681 -0.004077439 0.006657191 0.0021336 -0.00317674 0.0073152 0.0009743712 -0.003570598 0.007275305 0.00098759 -0.003435113 0.007374005 0.003054586 -0.006815849 -0.001187208 0.001950201 -0.007209382 -0.001040107 0.003792674 -0.006290894 -0.002022759 0.004639848 -0.00564951 0.002474586 0.002483203 -0.004077439 0.006474722 0.003339101 -0.00317674 0.006849438 0.001000463 -0.003298286 0.00747012 0.001012982 -0.003160165 0.007563599 0.002891636 -0.006815849 -0.001542206 0.004901314 -0.00564951 0.001904964 0.005953324 -0.004906694 0.001511955 0.003038746 -0.004077439 0.006233325 0.001025144 -0.003020795 0.007654408 0.00103695 -0.002880205 0.007742556 0.002694058 -0.006815849 -0.001866014 0.00166524 -0.007209382 -0.0014533 0.003238493 -0.006290894 -0.002826322 0.005096695 -0.00564951 0.001294399 0.00360104 -0.004077439 0.005926283 0.004572 -0.00317674 0.006096 0.002469114 -0.006815849 -0.002154863 0.005217573 -0.00564951 0.0006547542 0.006142319 -0.004906694 2.42077e-17 0.004160745 -0.004077439 0.005547659 0.0002614901 -0.007429584 -0.001250343 0.0009685267 -0.007209382 -0.001986721 0.0002951154 -0.007399145 -0.001411126 0.00222419 -0.006815849 -0.002406853 0.002579018 -0.006290894 -0.003438691 0.001326136 -0.007209382 -0.001768182 0.005258495 -0.00564951 2.458963e-17 0.004706416 -0.004077439 0.005092933 0.005741096 -0.00317674 0.005010411 0.001089872 -0.002172374 0.008137708 0.001099616 -0.002025125 0.008210467 0.0001913702 -0.007399145 -0.001428898 0.001966313 -0.006815849 -0.00262175 0.005217573 -0.00564951 -0.0006547542 0.005953324 -0.004906694 -0.001511955 0.005224679 -0.004077439 0.00455972 0.00110902 -0.001876842 0.008280684 0.002354564 -0.001758158 0.008072792 0.001118086 -0.001727555 0.008348375 0.001701804 -0.006815849 -0.002800683 0.001883553 -0.006290894 -0.003863698 0.005096695 -0.00564951 -0.001294399 0.005700664 -0.004077439 0.003948512 0.006723529 -0.00317674 0.003585882 0.00288127 -0.002480938 0.007512646 0.003684912 -0.001758158 0.007558794 0.001126816 -0.00157729 0.008413558 0.001135212 -0.001426073 0.00847625 0.001436071 -0.006815849 -0.002945787 0.004901314 -0.00564951 -0.001904964 0.005419693 -0.004906694 -0.002890503 0.006118742 -0.004077439 0.003263329 0.001173529 -0.006815849 -0.003059868 0.004639848 -0.00564951 -0.002474586 0.006463546 -0.004077439 0.002512148 0.007385539 -0.00317674 0.001875692 0.004178301 -0.002480938 0.00687629 0.005045495 -0.001758158 0.006727326 0.0009176126 -0.006815849 -0.0031461 0.00432282 -0.00564951 -0.002994161 0.004627774 -0.004906694 -0.004038785 0.006721202 -0.004077439 0.001706972 0.001171705 -0.0006699195 0.008748732 0.003961879 -0.00564951 -0.00345764 0.001178174 -0.0005136325 0.008797033 0.006880609 -0.004077439 0.0008634489 0.005460873 -0.002480938 0.005909351 0.006335667 -0.001758158 0.005529309 0.001184325 -0.000356582 0.008842961 0.002506952 -0.0002445301 0.008595263 0.00356888 -0.00564951 -0.003861976 0.003685391 -0.004906694 -0.004913855 0.006934574 -0.004077439 2.372871e-17 0.001190161 -0.0001987951 0.008886532 0.003119278 -0.001011616 0.008133228 0.003923399 -0.0002445301 0.008047998 0.001195683 -4.029879e-05 0.008927763 0.003155097 -0.00564951 -0.004206796 0.006880609 -0.004077439 -0.0008634489 0.001200894 0.0001188797 0.008966672 0.006614503 -0.002480938 0.004581474 0.002730672 -0.00564951 -0.004493906 0.002691578 -0.004906694 -0.005521185 0.006721202 -0.004077439 -0.001706972 0.007385539 -0.00317674 -0.001875692 0.00452345 -0.001011616 0.007444306 0.005372039 -0.0002445301 0.007162719 0.00762 -0.00317674 2.297168e-17 0.0075607 -0.00317674 0.0009487938 0.002304284 -0.00564951 -0.004726737 0.006463546 -0.004077439 -0.002512148 0.006723529 -0.00317674 -0.003585882 0.007499679 -0.002480938 0.002914855 0.00122206 0.0009102625 0.009124718 0.007419845 -0.001758158 0.003957251 0.006912867 -0.001758158 0.004788133 0.001883015 -0.00564951 -0.004909788 0.001719849 -0.004906694 -0.005896626 0.006118742 -0.004077439 -0.003263329 0.001225478 0.001072922 0.009150235 0.005911969 -0.001011616 0.006397493 0.0075607 -0.00317674 -0.0009487938 0.0012286 0.001236077 0.009173549 0.002595334 0.0013384 0.008898287 0.001472378 -0.00564951 -0.005048155 0.005700664 -0.004077439 -0.003948512 0.005741096 -0.00317674 -0.005010411 0.007983598 -0.002480938 0.001001863 0.001232308 0.001454339 0.009201233 0.003272506 0.000539881 0.008532757 0.004061718 0.0013384 0.008331729 0.005224679 -0.004077439 -0.00455972 0.001235863 0.001700798 0.009227778 0.007160895 -0.001011616 0.004959928 0.006076569 -0.0002445301 0.006575611 0.006745711 -0.0002445301 0.005887166 0.004706416 -0.004077439 -0.005092933 0.004572 -0.00317674 -0.006096 0.004745656 0.000539881 0.007809993 0.00556143 0.0013384 0.007415239 0.008409158 -0.001758158 2.185234e-17 0.008343718 -0.001758158 0.001047055 0.004160745 -0.004077439 -0.005547659 0.00783797 -0.001758158 0.003046336 0.00811919 -0.001011616 0.003155637 0.008150414 -0.001758158 0.002069947 0.001243036 0.002514051 0.009281337 0.000761568 -0.00526771 -0.005686374 0.007900057 -0.0002445301 0.004213364 0.007360267 -0.0002445301 0.005098021 0.00360104 -0.004077439 -0.005926283 0.003339101 -0.00317674 -0.006849438 0.007499679 -0.002480938 -0.002914855 0.006202383 0.000539881 0.006711758 0.001243888 0.002763632 0.009287697 0.003038746 -0.004077439 -0.006233325 0.002624282 0.00296489 0.00899754 0.001244128 0.0030137 0.009289489 0.003346802 0.002147809 0.008726478 0.004107023 0.00296489 0.008424663 0.002483203 -0.004077439 -0.006474722 0.0021336 -0.00317674 -0.0073152 0.006614503 -0.002480938 -0.004581474 0.001243764 0.003264166 0.009286771 0.0008454353 -0.004687644 -0.006312583 0.00751266 0.000539881 0.005203574 0.001242804 0.003514937 0.009279599 0.0008613912 -0.004565964 -0.006431721 0.001941681 -0.004077439 -0.006657191 0.006290797 0.0013384 0.006807433 0.00698353 0.0013384 0.006094717 0.0008770589 -0.00444251 -0.006548707 0.004853397 0.002147809 0.007987304 0.005623462 0.00296489 0.00749795 0.001241254 0.003765923 0.009268033 0.005460873 -0.002480938 -0.005909351 0.006335667 -0.001758158 -0.005529309 0.005045495 -0.001758158 -0.006727326 0.006912867 -0.001758158 -0.004788133 0.00191416 0.003765923 0.009152766 0.006343196 0.002147809 0.006864135 0.004178301 -0.002480938 -0.00687629 0.003684912 -0.001758158 -0.007558794 0.0009743712 -0.003570598 -0.007275305 0.00098759 -0.003435113 -0.007374005 0.001000463 -0.003298286 -0.00747012 0.00288127 -0.002480938 -0.007512646 0.002354564 -0.001758158 -0.008072792 0.006360966 0.00296489 0.006883364 0.001012982 -0.003160165 -0.007563599 0.001217075 0.005409581 0.009087494 0.001025144 -0.003020795 -0.007654408 0.005911969 -0.001011616 -0.006397493 0.00103695 -0.002880205 -0.007742556 0.001211328 0.005659228 0.009044582 0.001876873 0.005409581 0.008974473 0.001205058 0.005908308 0.008997767 0.002522167 0.006245576 0.00864743 0.001198273 0.006156727 0.008947106 0.005372039 -0.0002445301 -0.007162719 0.00452345 -0.001011616 -0.007444306 0.003923399 -0.0002445301 -0.008047998 0.006076569 -0.0002445301 -0.006575611 0.001190981 0.006404396 0.008892656 0.001089872 -0.002172374 -0.008137708 0.007360267 -0.0002445301 -0.005098021 0.00751266 0.000539881 -0.005203574 0.007900057 -0.0002445301 -0.004213364 0.006745711 -0.0002445301 -0.005887166 0.001099616 -0.002025125 -0.008210467 0.001183189 0.006651222 0.008834475 0.00110902 -0.001876842 -0.008280684 0.003119278 -0.001011616 -0.008133228 0.002506952 -0.0002445301 -0.008595263 0.001174904 0.006897114 0.008772619 0.001118086 -0.001727555 -0.008348375 0.009372437 0.00296489 1.753332e-17 0.0092995 0.00296489 0.001166996 0.009273521 0.002147809 0.001163736 0.001126816 -0.00157729 -0.008413558 0.001166136 0.00714198 0.008707148 0.006202383 0.000539881 -0.006711758 0.001135212 -0.001426073 -0.00847625 0.001798319 0.00714198 0.008598857 0.009084055 0.00296489 -0.002307061 0.0092995 0.00296489 -0.001166996 0.009273521 0.002147809 -0.001163736 0.004745656 0.000539881 -0.007809993 0.00556143 0.0013384 -0.007415239 0.004061718 0.0013384 -0.008331729 0.006290797 0.0013384 -0.006807433 0.001171705 -0.0006699195 -0.008748732 0.001178174 -0.0005136325 -0.008797033 0.003272506 0.000539881 -0.008532757 0.002595334 0.0013384 -0.008898287 0.001184325 -0.000356582 -0.008842961 0.001190161 -0.0001987951 -0.008886532 0.001195683 -4.029879e-05 -0.008927763 0.001097228 0.008714855 0.008192637 0.006343196 0.002147809 -0.006864135 0.001200894 0.0001188797 -0.008966672 0.00108505 0.00894902 0.008101707 0.001692055 0.008714855 0.008090746 0.001072454 0.009181377 0.008007654 0.004853397 0.002147809 -0.007987304 0.005623462 0.00296489 -0.00749795 0.004107023 0.00296489 -0.008424663 0.00223718 0.009391586 0.007670331 0.001059446 0.009411835 0.007910533 0.006360966 0.00296489 -0.006883364 0.00122206 0.0009102625 -0.009124718 0.001046036 0.009640302 0.007810402 0.001225478 0.001072922 -0.009150235 0.00103223 0.009866686 0.00770732 0.003346802 0.002147809 -0.008726478 0.002624282 0.00296489 -0.00899754 0.0012286 0.001236077 -0.009173549 0.001018037 0.0100909 0.007601343 0.001232308 0.001454339 -0.009201233 0.001235863 0.001700798 -0.009227778 0.001569933 0.0100909 0.007506805 0.001243036 0.002514051 -0.009281337 0.001243888 0.002763632 -0.009287697 0.001244128 0.0030137 -0.009289489 0.000915971 0.01149999 0.00683925 0.001243764 0.003264166 -0.009286771 0.0008990983 0.01170483 0.006713267 0.001412535 0.01149999 0.00675419 0.001242804 0.003514937 -0.009279599 0.00191416 0.003765923 -0.009152766 0.0008819038 0.01190671 0.006584882 0.001241254 0.003765923 -0.009268033 0.001805895 0.01219698 0.006191641 0.0008643953 0.01210554 0.006454152 0.0008465804 0.01230123 0.006321134 0.0008284668 0.0124937 0.006185885 0.0008100622 0.01268284 0.006048464 0.0007913743 0.01286857 0.005908928 0.001220392 0.01286857 0.005835439 0.001217075 0.005409581 -0.009087494 0.001211328 0.005659228 -0.009044582 0.001876873 0.005409581 -0.008974473 0.001205058 0.005908308 -0.008997767 0.001198273 0.006156727 -0.008947106 0.002522167 0.006245576 -0.00864743 0.001190981 0.006404396 -0.008892656 0.0006624369 0.01399479 0.004946196 0.001183189 0.006651222 -0.008834475 0.0006418581 0.01415178 0.004792541 0.001021556 0.01399479 0.00488468 0.002420787 0.01340758 0.004965717 0.001174904 0.006897114 -0.008772619 0.001798319 0.00714198 -0.008598857 0.002868733 0.01340758 0.004721115 0.003869776 0.01219698 0.005159701 0.002826241 0.01219698 0.005797417 0.001166136 0.00714198 -0.008707148 0.003314616 0.01340758 0.004419488 0.0005574456 0.01473687 0.004162261 0.004859307 0.01219698 0.00424085 0.00374932 0.01340758 0.004057235 0.004162189 0.01340758 0.003632456 0.004541378 0.01340758 0.003145543 0.00398599 0.01445581 0.002125861 0.005690846 0.01219698 0.003035118 0.004874435 0.01340758 0.002599699 0.001097228 0.008714855 -0.008192637 0.00108505 0.00894902 -0.008101707 0.001692055 0.008714855 -0.008090746 0.005149121 0.01340758 0.002001278 0.004378457 0.01445581 0.001111989 0.006251176 0.01219698 0.0015876 0.001072454 0.009181377 -0.008007654 0.00535438 0.01340758 0.001359843 0.001059446 0.009411835 -0.007910533 0.00223718 0.009391586 -0.007670331 0.005481369 0.01340758 0.0006878581 0.004517455 0.01445581 4.276273e-18 0.006399435 0.01219698 0.0008030663 0.001046036 0.009640302 -0.007810402 0.006449626 0.01219698 7.284911e-18 0.00552436 0.01340758 5.719939e-18 0.00103223 0.009866686 -0.00770732 0.001569933 0.0100909 -0.007506805 0.001018037 0.0100909 -0.007601343 0.006399435 0.01219698 -0.0008030663 0.005481369 0.01340758 -0.0006878581 0.004378457 0.01445581 -0.001111989 0.006251176 0.01219698 -0.0015876 0.00535438 0.01340758 -0.001359843 0.005149121 0.01340758 -0.002001278 0.00398599 0.01445581 -0.002125861 0.005690846 0.01219698 -0.003035118 0.004874435 0.01340758 -0.002599699 0.003717574 0.01491098 0.001444887 0.003039917 0.0153159 0.001621289 0.003339231 0.0153159 0.0008480588 0.004541378 0.01340758 -0.003145543 0.004859307 0.01219698 -0.00424085 0.001412535 0.01149999 -0.00675419 0.004162189 0.01340758 -0.003632456 0.0004900483 0.01619699 0.001680166 0.000915971 0.01149999 -0.00683925 0.003957452 0.01491098 0.0004966214 0.003445239 0.0153159 2.984071e-18 0.0008990983 0.01170483 -0.006713267 0.003869776 0.01219698 -0.005159701 0.00374932 0.01340758 -0.004057235 0.0006267197 0.01619699 0.001634114 0.000512777 0.01636874 0.00105185 0.0008819038 0.01190671 -0.006584882 0.002375553 0.01566736 0.001645404 0.001750988 0.01596213 0.001528135 0.002050623 0.01596213 0.001093665 0.003314616 0.01340758 -0.004419488 0.0007669296 0.01619699 0.001573189 0.0008643953 0.01210554 -0.006454152 0.001805895 0.01219698 -0.006191641 0.003957452 0.01491098 -0.0004966214 0.003339231 0.0153159 -0.0008480588 8.712106e-05 0.01646511 0.0006505039 0.002868733 0.01340758 -0.004721115 0.002826241 0.01219698 -0.005797417 0.0009088434 0.01619699 0.001495697 0.0008465804 0.01230123 -0.006321134 0.002693457 0.01566736 0.00104685 0.00225253 0.01596213 0.0005720711 0.002420787 0.01340758 -0.004965717 0.0008284668 0.0124937 -0.006185885 0.001050104 0.01619699 0.001400138 0.003717574 0.01491098 -0.001444887 0.003039917 0.0153159 -0.001621289 0.0008100622 0.01268284 -0.006048464 0.001220392 0.01286857 -0.005835439 0.001187822 0.01619699 0.001285373 0.0007913743 0.01286857 -0.005908928 0.002867253 0.01566736 0.0003598122 0.002324039 0.01596213 1.873491e-18 0.001318623 0.01619699 0.001150798 0.001438754 0.01619699 0.0009965396 0.002867253 0.01566736 -0.0003598122 0.00225253 0.01596213 -0.0005720711 0.00154427 0.01619699 0.0008236107 0.001631293 0.01619699 0.0006340248 0.001021556 0.01399479 -0.00488468 0.002693457 0.01566736 -0.00104685 0.002050623 0.01596213 -0.001093665 0.001696321 0.01619699 0.0004308117 0.0006624369 0.01399479 -0.004946196 0.001736553 0.01619699 0.0002179203 0.0006418581 0.01415178 -0.004792541 0.002375553 0.01566736 -0.001645404 0.001750988 0.01596213 -0.001528135 0.001750173 0.01619699 1.395734e-18 0.001736553 0.01619699 -0.0002179203 0.001696321 0.01619699 -0.0004308117 0.0005574456 0.01473687 -0.004162261 0.001631293 0.01619699 -0.0006340248 0.00154427 0.01619699 -0.0008236107 0.001438754 0.01619699 -0.0009965396 0.001318623 0.01619699 -0.001150798 0.001187822 0.01619699 -0.001285373 0.001050104 0.01619699 -0.001400138 0.0009088434 0.01619699 -0.001495697 0.000512777 0.01636874 -0.00105185 0.0007669296 0.01619699 -0.001573189 0.0006267197 0.01619699 -0.001634114 0.0004900483 0.01619699 -0.001680166 8.712106e-05 0.01646511 -0.0006505039 0.0009773803 -0.007333321 0.001446789 0.0009773803 -0.007333321 -0.001446789 0.001919152 -0.0026817 0.007695847 0.001967114 -0.002327267 0.007888175 0.002089045 -0.001219659 0.008377124 0.002122113 -0.000841266 0.008509726 0.007099601 -0.002480938 0.003786454 0.002200607 0.0003288465 0.00882449 0.007798638 -0.002480938 0.001980607 0.002219777 0.0007247095 0.00890136 0.006562986 -0.001011616 0.005727697 0.008046214 -0.002480938 2.243643e-17 0.008343718 -0.001758158 -0.001047055 0.007983598 -0.002480938 -0.001001863 0.007686064 -0.001011616 0.004099234 0.008345243 -0.0002445301 0.003243495 0.007798638 -0.002480938 -0.001980607 0.008150414 -0.001758158 -0.002069947 0.00783797 -0.001758158 -0.003046336 0.002257573 0.001923979 0.009052923 0.008643084 -0.001011616 0.001084622 0.008442845 -0.001011616 0.002144215 0.008677909 -0.0002445301 0.002203913 0.008883722 -0.0002445301 0.00111482 0.002263945 0.002330755 0.009078477 0.007099601 -0.002480938 -0.003786454 0.007419845 -0.001758158 -0.003957251 0.00688538 0.000539881 0.006009059 0.007619752 0.0013384 0.00527775 0.008953399 -0.0002445301 2.055273e-17 0.008710873 -0.001011616 2.122318e-17 0.008883722 -0.0002445301 -0.00111482 0.008643084 -0.001011616 -0.001084622 0.008063626 0.000539881 0.004300601 0.008178573 0.0013384 0.004361906 0.008639453 0.0013384 0.003357844 0.00851803 0.000539881 0.003310651 0.008442845 -0.001011616 -0.002144215 0.008677909 -0.0002445301 -0.002203913 0.008345243 -0.0002445301 -0.003243495 0.00811919 -0.001011616 -0.003155637 0.0009148118 0.004167095 0.009278091 0.002985718 0.003365063 0.008878741 0.008857584 0.000539881 0.002249545 0.008983848 0.0013384 0.002281612 0.009196917 0.0013384 0.001154123 0.009067658 0.000539881 0.001137902 0.007686064 -0.001011616 -0.004099234 0.007160895 -0.001011616 -0.004959928 0.007041699 0.002147809 0.006145483 0.00768322 0.002147809 0.005321711 0.007061425 0.00296489 0.006162699 0.007704744 0.00296489 0.005336619 0.0009059052 0.004989349 0.009187759 0.009138777 0.000539881 1.984475e-17 0.009269049 0.0013384 1.9103e-17 0.009067658 0.000539881 -0.001137902 0.009196917 0.0013384 -0.001154123 0.002971074 0.004187603 0.008835195 0.006562986 -0.001011616 -0.005727697 0.008246696 0.002147809 0.004398238 0.008269797 0.00296489 0.004410559 0.008735819 0.00296489 0.003395298 0.008711415 0.002147809 0.003385813 0.001919152 -0.0026817 -0.007695847 0.008857584 0.000539881 -0.002249545 0.008983848 0.0013384 -0.002281612 0.008639453 0.0013384 -0.003357844 0.00851803 0.000539881 -0.003310651 0.001967114 -0.002327267 -0.007888175 0.009058679 0.002147809 0.002300617 0.009084055 0.00296489 0.002307061 0.008063626 0.000539881 -0.004300601 0.008178573 0.0013384 -0.004361906 0.007619752 0.0013384 -0.00527775 0.009346255 0.002147809 1.833127e-17 0.002898502 0.005828467 0.008619383 0.003947212 0.006245576 0.008096845 0.002941785 0.00500981 0.008748097 0.00688538 0.000539881 -0.006009059 0.00698353 0.0013384 -0.006094717 0.002089045 -0.001219659 -0.008377124 0.009058679 0.002147809 -0.002300617 0.008711415 0.002147809 -0.003385813 0.008735819 0.00296489 -0.003395298 0.0008493 0.007584903 0.008613665 0.002122113 -0.000841266 -0.008509726 0.002837546 0.006695354 0.008438116 0.008246696 0.002147809 -0.004398238 0.007704744 0.00296489 -0.005336619 0.00768322 0.002147809 -0.005321711 0.008269797 0.00296489 -0.004410559 0.003109052 0.007496459 0.008106565 0.007041699 0.002147809 -0.006145483 0.007061425 0.00296489 -0.006162699 0.002200607 0.0003288465 -0.00882449 0.002219777 0.0007247095 -0.00890136 0.004451496 0.007848288 0.007325891 0.003016747 0.008284141 0.007865888 0.002591712 0.009055182 0.007707072 0.003501204 0.009391586 0.007181958 0.002257573 0.001923979 -0.009052923 0.002496703 0.009743774 0.007424538 0.002263945 0.002330755 -0.009078477 0.002985718 0.003365063 -0.008878741 0.002677517 0.01047395 0.006981378 0.002971074 0.004187603 -0.008835195 0.002539463 0.01117811 0.006621415 0.003778818 0.01084973 0.006218855 0.002128706 0.01185302 0.006330212 0.0009148118 0.004167095 -0.009278091 0.003947212 0.006245576 -0.008096845 0.002898502 0.005828467 -0.008619383 0.002941785 0.00500981 -0.008748097 0.0009059052 0.004989349 -0.009187759 0.001979063 0.01253799 0.005885212 0.002837546 0.006695354 -0.008438116 0.003109052 0.007496459 -0.008106565 0.003016747 0.008284141 -0.007865888 0.004451496 0.007848288 -0.007325891 0.0008493 0.007584903 -0.008613665 0.002591712 0.009055182 -0.007707072 0.003501204 0.009391586 -0.007181958 0.002496703 0.009743774 -0.007424538 0.002677517 0.01047395 -0.006981378 0.002539463 0.01117811 -0.006621415 0.003778818 0.01084973 -0.006218855 0.003631093 0.01468947 0.002217932 0.003173364 0.01511992 0.001938343 0.002128706 0.01185302 -0.006330212 0.001979063 0.01253799 -0.005885212 0.003631093 0.01468947 -0.002217932 0.003173364 0.01511992 -0.001938343 0.001717903 -0.007274739 0.0009819168 0.001717903 -0.007274739 -0.0009819168 0.001908315 0.004177349 0.009124818 0.001900118 0.004588702 0.00908562 0.003903163 0.003987 0.008481905 0.001889619 0.00499958 0.009035421 0.003888632 0.004398438 0.008450327 0.003869353 0.004809586 0.008408433 0.004066469 0.004609196 0.008341475 0.003845434 0.005220042 0.008356454 0.001935203 0.007540702 0.008450171 0.004239799 0.006874321 0.007776163 0.001907223 0.007936023 0.008327994 0.003933067 0.008842809 0.00721359 0.004793957 0.009391586 0.006391943 0.003706098 0.00993917 0.006797309 0.003903163 0.003987 -0.008481905 0.003888632 0.004398438 -0.008450327 0.003869353 0.004809586 -0.008408433 0.004066469 0.004609196 -0.008341475 0.001908315 0.004177349 -0.009124818 0.003845434 0.005220042 -0.008356454 0.001900118 0.004588702 -0.00908562 0.001889619 0.00499958 -0.009035421 0.003244759 0.0116968 0.005951171 0.004239799 0.006874321 -0.007776163 0.001935203 0.007540702 -0.008450171 0.004793957 0.009391586 -0.006391943 0.003933067 0.008842809 -0.00721359 0.001907223 0.007936023 -0.008327994 0.003706098 0.00993917 -0.006797309 0.003244759 0.0116968 -0.005951171 0.001978725 -0.007274739 2.729196e-17 0.004740953 0.004298153 0.008014377 0.004818935 0.004609196 0.00793059 0.00470569 0.004914839 0.007954765 0.0009099705 0.007979821 0.008480384 0.005181983 0.00656068 0.007279247 0.005404644 0.006245576 0.007206192 0.005024685 0.00911851 0.006359792 0.006019809 0.009391586 0.005253652 0.004818935 0.004609196 -0.00793059 0.004740953 0.004298153 -0.008014377 0.004877707 0.009666899 0.006173761 0.00470569 0.004914839 -0.007954765 0.004358515 0.01039958 0.006122503 0.004938765 0.01084973 0.005344364 0.004078622 0.01127894 0.005729331 0.005181983 0.00656068 -0.007279247 0.005404644 0.006245576 -0.007206192 0.004101346 0.0119493 0.005191114 0.005024685 0.00911851 -0.006359792 0.006019809 0.009391586 -0.005253652 0.004877707 0.009666899 -0.006173761 0.0009099705 0.007979821 -0.008480384 0.004938765 0.01084973 -0.005344364 0.004358515 0.01039958 -0.006122503 0.004078622 0.01127894 -0.005729331 0.004101346 0.0119493 -0.005191114 0.003868109 0.003420261 0.008529609 0.004767548 0.003475471 0.008059334 0.005575411 0.003220013 0.007531338 0.00553143 0.004453699 0.007471928 0.005567935 0.004609196 0.007423913 0.006298156 0.004609196 0.006815396 0.00555303 0.004042277 0.007501104 0.005510802 0.004762062 0.007444063 0.003759483 0.00578128 0.008290076 0.004639082 0.005734071 0.007842168 0.005477513 0.005172619 0.007399096 0.005391676 0.005990189 0.007283146 0.00611345 0.006245576 0.00661552 0.006002712 0.006403299 0.006668563 0.006786654 0.006245576 0.005922897 0.004077481 0.00743013 0.007687739 0.005058078 0.00736371 0.007105196 0.005937088 0.006807212 0.00659566 0.003942017 0.008316585 0.007432333 0.004872358 0.008349 0.00684431 0.005786242 0.007606647 0.006428081 0.005817928 0.007848288 0.006295729 0.004767548 0.003475471 -0.008059334 0.005575411 0.003220013 -0.007531338 0.005679182 0.008099454 0.006309145 0.003868109 0.003420261 -0.008529609 0.006298156 0.004609196 -0.006815396 0.00553143 0.004453699 -0.007471928 0.005567935 0.004609196 -0.007423913 0.00555303 0.004042277 -0.007501104 0.005510802 0.004762062 -0.007444063 0.003512502 0.0104368 0.00662252 0.005477513 0.005172619 -0.007399096 0.005504919 0.01026667 0.005214556 0.005391676 0.005990189 -0.007283146 0.004639082 0.005734071 -0.007842168 0.003309128 0.0112286 0.006239074 0.006002712 0.006403299 -0.006668563 0.00611345 0.006245576 -0.00661552 0.006786654 0.006245576 -0.005922897 0.005232268 0.01062599 0.00522957 0.005982098 0.01084973 0.004143445 0.003759483 0.00578128 -0.008290076 0.005937088 0.006807212 -0.00659566 0.005061502 0.0110657 0.005058892 0.00504941 0.01140944 0.004783073 0.005786242 0.007606647 -0.006428081 0.005058078 0.00736371 -0.007105196 0.005817928 0.007848288 -0.006295729 0.005679182 0.008099454 -0.006309145 0.004872358 0.008349 -0.00684431 0.004077481 0.00743013 -0.007687739 0.003942017 0.008316585 -0.007432333 0.005504919 0.01026667 -0.005214556 0.005982098 0.01084973 -0.004143445 0.005232268 0.01062599 -0.00522957 0.005061502 0.0110657 -0.005058892 0.003512502 0.0104368 -0.00662252 0.00504941 0.01140944 -0.004783073 0.003309128 0.0112286 -0.006239074 0.006338122 0.003092404 0.006903887 0.004729112 0.004014639 0.008048356 0.006331926 0.00350308 0.006897139 0.006295542 0.004325788 0.006857506 0.004661979 0.005196332 0.007934104 0.006252553 0.004891089 0.00681068 0.006110331 0.00611798 0.006655763 0.006164924 0.005710458 0.006715229 0.00509693 0.006840776 0.007253966 0.006697793 0.006526969 0.005926545 0.006338122 0.003092404 -0.006903887 0.006331926 0.00350308 -0.006897139 0.006448827 0.007727634 0.005706247 0.006458589 0.007848288 0.005636587 0.007046988 0.007848288 0.00488103 0.006539007 0.007330467 0.005786043 0.00638893 0.007974067 0.005653248 0.006295542 0.004325788 -0.006857506 0.006179594 0.008752081 0.005468017 0.004729112 0.004014639 -0.008048356 0.006252553 0.004891089 -0.00681068 0.004661979 0.005196332 -0.007934104 0.006110331 0.00611798 -0.006655763 0.006164924 0.005710458 -0.006715229 0.006568233 0.009391586 0.004549426 0.006309478 0.009833194 0.004571889 0.006697793 0.006526969 -0.005926545 0.006018318 0.0105604 0.004360912 0.00509693 0.006840776 -0.007253966 0.006458589 0.007848288 -0.005636587 0.006448827 0.007727634 -0.005706247 0.007046988 0.007848288 -0.00488103 0.006539007 0.007330467 -0.005786043 0.00576414 0.01113196 0.004176733 0.00638893 0.007974067 -0.005653248 0.005431036 0.01180892 0.003935364 0.006179594 0.008752081 -0.005468017 0.006309478 0.009833194 -0.004571889 0.006568233 0.009391586 -0.004549426 0.006018318 0.0105604 -0.004360912 0.00576414 0.01113196 -0.004176733 0.005431036 0.01180892 -0.003935364 0.005559462 0.003489275 0.007534295 0.007049229 0.003233802 0.006173343 0.007020332 0.004056097 0.006148037 0.006992733 0.004467514 0.006123868 0.006991699 0.004609196 0.006101847 0.007628665 0.004609196 0.005283924 0.006968811 0.00475018 0.006102918 0.005411243 0.005722265 0.007333427 0.006926961 0.005160761 0.006066268 0.006818893 0.005978415 0.005971627 0.007360769 0.006386408 0.005137204 0.007948006 0.006245576 0.004238936 0.007404939 0.006245576 0.005128962 0.005817132 0.007347091 0.006504886 0.007049229 0.003233802 -0.006173343 0.007280674 0.006790423 0.005081305 0.007096436 0.007590112 0.004952722 0.005559462 0.003489275 -0.007534295 0.005551222 0.008551142 0.006207538 0.006991699 0.004609196 -0.006101847 0.006992733 0.004467514 -0.006123868 0.007628665 0.004609196 -0.005283924 0.007020332 0.004056097 -0.006148037 0.006968811 0.00475018 -0.006102918 0.00690293 0.008302996 0.004817671 0.007167827 0.008302996 0.004413916 0.007563802 0.007848288 0.004034028 0.006926961 0.005160761 -0.006066268 0.006661668 0.009073593 0.00464929 0.006917307 0.009073593 0.004259646 0.007049937 0.009391586 0.003759966 0.005630004 0.009750189 0.005441896 0.006818893 0.005978415 -0.005971627 0.007360769 0.006386408 -0.005137204 0.007404939 0.006245576 -0.005128962 0.007948006 0.006245576 -0.004238936 0.005411243 0.005722265 -0.007333427 0.007280674 0.006790423 -0.005081305 0.006922425 0.009613364 0.003790474 0.007096436 0.007590112 -0.004952722 0.005817132 0.007347091 -0.006504886 0.00645134 0.01070563 0.003532525 0.006420816 0.01084973 0.003424435 0.006615024 0.01034777 0.003622152 0.006782643 0.01084973 0.002636169 0.007167827 0.008302996 -0.004413916 0.007563802 0.007848288 -0.004034028 0.00690293 0.008302996 -0.004817671 0.006313656 0.01099142 0.003457134 0.004789742 0.0118793 0.004629709 0.006138615 0.01133672 0.003361288 0.006917307 0.009073593 -0.004259646 0.007049937 0.009391586 -0.003759966 0.006661668 0.009073593 -0.00464929 0.005551222 0.008551142 -0.006207538 0.006922425 0.009613364 -0.003790474 0.005947433 0.01200442 0.002813645 0.005630004 0.009750189 -0.005441896 0.006420816 0.01084973 -0.003424435 0.00645134 0.01070563 -0.003532525 0.006615024 0.01034777 -0.003622152 0.006782643 0.01084973 -0.002636169 0.006313656 0.01099142 -0.003457134 0.006138615 0.01133672 -0.003361288 0.005947433 0.01200442 -0.002813645 0.004789742 0.0118793 -0.004629709 0.007699636 0.003099293 0.005343223 0.006305654 0.004049187 0.006879813 0.007691944 0.003509982 0.005337884 0.007647421 0.004332697 0.005306988 0.006220845 0.00516669 0.006787282 0.007596369 0.004885151 0.00527156 0.007423975 0.006112102 0.005151926 0.007490172 0.005704554 0.005197864 0.007699636 0.003099293 -0.005343223 0.006637538 0.006798818 0.005893465 0.007691944 0.003509982 -0.005337884 0.00788525 0.006518538 0.004224099 0.007647421 0.004332697 -0.005306988 0.004745546 0.008697305 0.006775998 0.006305654 0.004049187 -0.006879813 0.006321403 0.008201363 0.005612768 0.007596369 0.004885151 -0.00527156 0.007592742 0.007719391 0.004067403 0.007990039 0.007848288 0.00310544 0.007698714 0.007322152 0.004124172 0.00625179 0.008427288 0.005570065 0.007817021 0.008076304 0.003329637 0.008308546 0.007848288 0.002110107 0.006220845 0.00516669 -0.006787282 0.007423975 0.006112102 -0.005151926 0.007490172 0.005704554 -0.005197864 0.00788525 0.006518538 -0.004224099 0.007555633 0.008852082 0.003218299 0.007413055 0.009233045 0.003157569 0.007447217 0.009391586 0.002894465 0.007385632 0.009502714 0.00291873 0.007744084 0.009391586 0.001966752 0.006637538 0.006798818 -0.005893465 0.006100019 0.01030726 0.004469585 0.007592742 0.007719391 -0.004067403 0.007698714 0.007322152 -0.004124172 0.007990039 0.007848288 -0.00310544 0.007228451 0.009874586 0.002856614 0.007817021 0.008076304 -0.003329637 0.008308546 0.007848288 -0.002110107 0.00689247 0.0106004 0.002723838 0.007555633 0.008852082 -0.003218299 0.005627892 0.01137312 0.00412365 0.006321403 0.008201363 -0.005612768 0.007413055 0.009233045 -0.003157569 0.007447217 0.009391586 -0.002894465 0.00625179 0.008427288 -0.005570065 0.00663981 0.011095 0.002623989 0.007385632 0.009502714 -0.00291873 0.007744084 0.009391586 -0.001966752 0.007228451 0.009874586 -0.002856614 0.004745546 0.008697305 -0.006775998 0.00689247 0.0106004 -0.002723838 0.006100019 0.01030726 -0.004469585 0.00663981 0.011095 -0.002623989 0.005627892 0.01137312 -0.00412365 0.007040952 0.003506531 0.006171419 0.008265796 0.003237249 0.004413304 0.008231737 0.004059552 0.00439512 0.00819929 0.004470967 0.004377796 0.00818814 0.004609196 0.004367008 0.008649559 0.004609196 0.003361772 0.008171872 0.004747209 0.004363156 0.006855753 0.005707506 0.006009091 0.00812287 0.005157796 0.004336993 0.008265796 0.003237249 -0.004413304 0.007996286 0.005975471 0.004269407 0.007040952 0.003506531 -0.006171419 0.008395893 0.006245576 0.003263181 0.008364304 0.006382185 0.003259989 0.008730578 0.006245576 0.00221729 0.00819929 0.004470967 -0.004377796 0.008231737 0.004059552 -0.00439512 0.008649559 0.004609196 -0.003361772 0.00818814 0.004609196 -0.004367008 0.007156566 0.00732631 0.00500415 0.008273396 0.006786225 0.003224558 0.008171872 0.004747209 -0.004363156 0.00812287 0.005157796 -0.004336993 0.008064249 0.007585978 0.003143042 0.007996286 0.005975471 -0.004269407 0.008364304 0.006382185 -0.003259989 0.008395893 0.006245576 -0.003263181 0.008730578 0.006245576 -0.00221729 0.006855753 0.005707506 -0.006009091 0.008106467 0.008353705 0.002200294 0.008273396 0.006786225 -0.003224558 0.007820365 0.009123104 0.002122639 0.008064249 0.007585978 -0.003143042 0.006815522 0.009853899 0.003756325 0.007156566 0.00732631 -0.00500415 0.008106467 0.008353705 -0.002200294 0.007634683 0.009634258 0.001962424 0.007820365 0.009123104 -0.002122639 0.00705302 0.01084973 0.001791243 0.007113267 0.01072549 0.001828399 0.007220295 0.01084973 0.0009060763 0.007294407 0.010368 0.001874959 0.007634683 0.009634258 -0.001962424 0.006981694 0.0109728 0.001794579 0.005883812 0.01179127 0.003242821 0.006258569 0.0117736 0.002473326 0.00678877 0.01131849 0.00174499 0.006815522 0.009853899 -0.003756325 0.007113267 0.01072549 -0.001828399 0.007294407 0.010368 -0.001874959 0.007220295 0.01084973 -0.0009060763 0.00705302 0.01084973 -0.001791243 0.006383416 0.01198703 0.001640797 0.006981694 0.0109728 -0.001794579 0.00678877 0.01131849 -0.00174499 0.006383416 0.01198703 -0.001640797 0.006258569 0.0117736 -0.002473326 0.005883812 0.01179127 -0.003242821 0.008734599 0.003101016 0.003397196 0.007665359 0.004057824 0.005321961 0.008725826 0.003511708 0.003393783 0.008675227 0.004334424 0.003374104 0.007563696 0.005159278 0.005251378 0.008617645 0.004883667 0.003351708 0.008734599 0.003101016 -0.003397196 0.008725826 0.003511708 -0.003393783 0.008497246 0.005703078 0.00330488 0.008422186 0.006110632 0.003275687 0.008675227 0.004334424 -0.003374104 0.007824829 0.006788324 0.004196358 0.007665359 0.004057824 -0.005321961 0.008617645 0.004883667 -0.003351708 0.008669581 0.006516431 0.002206236 0.007563696 0.005159278 -0.005251378 0.008422186 0.006110632 -0.003275687 0.008497246 0.005703078 -0.00330488 0.008348144 0.00771733 0.002124436 0.008505599 0.007848288 0.001067369 0.008464602 0.007320074 0.002154073 0.008669581 0.006516431 -0.002206236 0.007709787 0.00832836 0.003356735 0.008572309 0.007848288 1.240608e-17 0.008412837 0.008101823 0.001126442 0.007824829 0.006788324 -0.004196358 0.008348144 0.00771733 -0.002124436 0.008505599 0.007848288 -0.001067369 0.008464602 0.007320074 -0.002154073 0.008399769 0.008353705 1.184088e-17 0.008412837 0.008101823 -0.001126442 0.007975963 0.009257671 0.001067946 0.00792775 0.009391586 0.0009948549 0.008130106 0.008877032 0.001088585 0.007989928 0.009391586 1.065814e-17 0.007873603 0.009513209 0.0009997313 0.007709787 0.00832836 -0.003356735 0.007005253 0.01035789 0.002779862 0.007975963 0.009257671 -0.001067946 0.00792775 0.009391586 -0.0009948549 0.008130106 0.008877032 -0.001088585 0.007705718 0.009884923 0.0009784145 0.007873603 0.009513209 -0.0009997313 0.007705718 0.009884923 -0.0009784145 0.007346909 0.01061038 0.0009328556 0.007276925 0.01084973 8.941031e-18 0.007531524 0.010368 9.516101e-18 0.006510193 0.01132761 0.00258341 0.007087871 0.01108575 0.0008999649 0.007346909 0.01061038 -0.0009328556 0.007005253 0.01035789 -0.002779862 0.00700945 0.01131849 8.373304e-18 0.007087871 0.01108575 -0.0008999649 0.006468664 0.01209245 0.0008213425 0.00668156 0.01176476 0.0008483745 0.006510193 0.01132761 -0.00258341 0.006468664 0.01209245 -0.0008213425 0.00668156 0.01176476 -0.0008483745 0.008258592 0.003510845 0.004410677 0.009081594 0.003238111 0.002307598 0.009044125 0.004060415 0.002298078 0.009207675 0.004609196 0.001155473 0.009279892 0.004609196 1.587383e-17 0.009008452 0.00447183 0.002289014 0.008994356 0.004609196 0.002284281 0.009081594 0.003238111 -0.002307598 0.008978502 0.004746467 0.002281403 0.008042104 0.005703816 0.004295057 0.008924684 0.005157055 0.002267728 0.009044125 0.004060415 -0.002298078 0.009207675 0.004609196 -0.001155473 0.008258592 0.003510845 -0.004410677 0.009008452 0.00447183 -0.002289014 0.008994356 0.004609196 -0.002284281 0.008785643 0.005974734 0.002232399 0.008937641 0.006245576 0.001121586 0.00900774 0.006245576 1.41547e-17 0.008978502 0.004746467 -0.002281403 0.008924684 0.005157055 -0.002267728 0.008907249 0.006381129 0.001119973 0.008137091 0.007321113 0.003173643 0.00881047 0.006785175 0.001107804 0.008785643 0.005974734 -0.002232399 0.008937641 0.006245576 -0.001121586 0.008907249 0.006381129 -0.001119973 0.008042104 0.005703816 -0.004295057 0.00881047 0.006785175 -0.001107804 0.008587802 0.007584944 0.001079806 0.008734386 0.007320074 1.298961e-17 0.008587802 0.007584944 -0.001079806 0.00832547 0.008353705 0.001114744 0.00791216 0.008864559 0.002182226 0.008137091 0.007321113 -0.003173643 0.00832547 0.008353705 -0.001114744 0.008202661 0.008877032 1.124832e-17 0.00752399 0.009879755 0.001939754 0.00791216 0.008864559 -0.002182226 0.007767586 0.009884923 1.008489e-17 0.007471537 0.010368 0.0009486799 0.00752399 0.009879755 -0.001939754 0.007471537 0.010368 -0.0009486799 0.006953621 0.01131849 0.0008829188 0.006519218 0.01176918 0.001680715 0.006953621 0.01131849 -0.0008829188 0.006735205 0.01176476 7.824658e-18 0.006519218 0.01176918 -0.001680715</float_array>
          <technique_common>
            <accessor count="2302" source="#cubeverts-array0-array" stride="3">
              <param type="float" name="X" />
              <param type="float" name="Y" />
              <param type="float" name="Z" />
            </accessor>
          </technique_common>
        </source>
        <source id="cubenormals-array0">
          <float_array count="13800" id="cubenormals-array0-array">-0.03737381 -0.9602277 -0.2767057 -0.04858159 -0.9482796 -0.3136967 -0.07148258 -0.8750145 -0.4787901 -0.07143742 -0.8581699 -0.5083712 -0.08081376 -0.839992 -0.5365469 -0.03737381 -0.9602277 0.2767057 -0.04858157 -0.9482796 0.3136967 -0.07148257 -0.8750145 0.4787901 -0.07143742 -0.8581699 0.5083712 -0.08081376 -0.839992 0.5365469 -0.08858566 0.7992272 -0.5944648 -0.0776156 0.8264073 -0.5576977 -0.08602856 0.8518725 -0.5166357 -0.2260057 0.7789401 -0.5849562 -0.2260058 0.7789401 -0.5849562 -0.3271802 0.7786624 -0.5353858 -0.3271803 0.7786624 -0.5353858 -0.08459635 0.8760946 -0.4746596 -0.06056341 0.8986027 -0.4345634 -0.05834489 0.9176636 -0.3930515 -0.1036378 0.8657807 -0.4895743 -0.4272018 0.7783573 -0.4600636 -0.4272019 0.7783572 -0.4600636 -0.1804577 0.8656116 -0.467067 -0.1804577 0.8656116 -0.4670671 -0.2612757 0.8654148 -0.4275421 -0.2612757 0.8654148 -0.4275421 -0.0412485 0.9642908 -0.2616139 -0.08199239 0.9927136 -0.08829951 -0.09929048 0.9926995 -0.0684762 -0.4272019 0.7783572 0.4600636 -0.4272019 0.7783573 0.4600636 -0.1125694 0.9926879 -0.04357525 -0.3271803 0.7786624 0.5353857 -0.3271803 0.7786624 0.5353858 -0.1198311 0.9926813 -0.01497888 -0.2260058 0.7789401 0.5849561 -0.08858566 0.7992272 0.5944648 -0.0776156 0.8264073 0.5576977 -0.08602858 0.8518725 0.5166357 -0.2260057 0.7789401 0.5849562 -0.1198311 0.9926813 0.01497888 -0.2612757 0.8654148 0.4275421 -0.1125694 0.9926879 0.04357525 -0.2612757 0.8654149 0.4275421 -0.1804577 0.8656116 0.467067 -0.09929048 0.9926995 0.0684762 -0.08459635 0.8760946 0.4746596 -0.06056342 0.8986027 0.4345634 -0.0583449 0.9176636 0.3930515 -0.1036378 0.8657807 0.4895744 -0.1804577 0.8656116 0.4670671 -0.08199239 0.9927136 0.08829951 -0.04124849 0.9642908 0.2616139 -0.04793973 -0.9705186 -0.2362105 -0.02859083 -0.9872516 -0.1565783 -0.004818978 -0.980149 -0.198204 -0.05337361 -0.9698105 -0.2379473 -0.001030854 -0.9857112 -0.1684407 -0.303887 -0.9524486 -0.0222334 -0.1552829 -0.9855051 -0.06831488 -0.05601692 -0.9919651 -0.1134338 -0.03078238 -0.9832392 -0.179703 -0.0411481 -0.9698468 -0.2402165 -0.08523536 -0.9716308 -0.2206094 -0.05903096 -0.9071503 -0.4166458 -0.0755686 -0.890839 -0.4479901 -0.07160321 -0.9378923 -0.3394572 -0.06522147 -0.9348176 -0.3490877 -0.07981367 -0.8882518 -0.4523699 -0.0553921 -0.9218128 -0.3836573 -0.1460882 -0.8892081 -0.4335518 -0.1667685 -0.886498 -0.431636 -0.1105813 -0.9381215 -0.3281767 -0.1239021 -0.939046 -0.3206881 -0.1380251 -0.9381096 -0.3176468 -0.1823422 -0.8891885 -0.4196368 -0.1789772 -0.9392514 -0.2928718 -0.1660015 -0.9380968 -0.3040031 -0.2420253 -0.8857625 -0.3960412 -0.219299 -0.8891674 -0.4016083 -0.2564119 -0.889145 -0.3790438 -0.1940966 -0.9380832 -0.2869255 -0.3168795 -0.8849476 -0.341255 -0.233133 -0.9394757 -0.2510662 -0.2929938 -0.8891217 -0.3515924 -0.2217906 -0.9380692 -0.2661485 -0.2484612 -0.938055 -0.2414948 -0.328223 -0.8890983 -0.3190203 -0.04792054 -0.7846919 -0.618031 -0.04111064 -0.7644398 -0.6433831 -0.04886071 -0.7429237 -0.6675904 -0.2733989 -0.9380412 -0.2129126 -0.3611623 -0.8890753 -0.2812594 -0.2815495 -0.9396952 -0.194172 -0.3846253 -0.8841388 -0.2652587 -0.08607221 -0.821353 -0.563889 -0.08377645 -0.8025333 -0.590696 -0.1509493 -0.7651802 -0.6258703 -0.09070152 -0.829654 -0.5508607 -0.08092866 -0.8130594 -0.5765283 -0.2958362 -0.9380282 -0.1805102 -0.3907983 -0.8890538 -0.2384532 -0.197983 -0.8355968 -0.5124263 -0.2055494 -0.7652631 -0.6100179 -0.177477 -0.8313138 -0.5267062 -0.2353114 -0.7574281 -0.6090412 -0.3184901 -0.9398748 -0.1232866 -0.4369 -0.8834681 -0.1691227 -0.4160979 -0.8890349 -0.1909957 -0.3149911 -0.9380168 -0.144586 -0.2215183 -0.8312868 -0.5097958 -0.2565542 -0.7652296 -0.5904266 -0.1315517 -0.7359651 -0.6641155 -0.04666423 -0.7209504 -0.6914138 -0.0554974 -0.736183 -0.6745032 -0.4360856 -0.8890196 -0.1395474 -0.3301244 -0.9380076 -0.1056398 -0.2664127 -0.8312577 -0.4878881 -0.2856616 -0.8365952 -0.4674461 -0.3085456 -0.7651937 -0.5650471 -0.3417239 -0.7553394 -0.5591843 -0.155191 -0.70144 -0.6956276 -0.04605913 -0.6980719 -0.7145448 -0.04706925 -0.70197 -0.7106495 -0.04865921 -0.6741917 -0.7369518 -0.06188752 -0.648961 -0.7583004 -0.04834494 -0.690257 -0.7219474 -0.1659694 -0.689312 -0.7051972 -0.3386032 -0.9399768 -0.04232539 -0.3406041 -0.938001 -0.06436616 -0.4499267 -0.8890089 -0.0850255 -0.4655937 -0.8830828 -0.05819925 -0.3114949 -0.8312268 -0.4604703 -0.3607528 -0.7651556 -0.5332865 -0.3459668 -0.9379976 -0.02162295 -0.4570091 -0.8890032 -0.02856306 -0.3716345 -0.8376815 -0.4002219 -0.4122099 -0.765116 -0.494652 -0.4477345 -0.7530208 -0.4821758 -0.3559305 -0.8311948 -0.4271168 -0.4570092 -0.8890032 0.02856306 -0.3386031 -0.9399768 0.04232539 -0.4655936 -0.8830828 0.05819925 -0.3459668 -0.9379976 0.02162295 -0.3987224 -0.8311623 -0.3875432 -0.4617617 -0.765076 -0.448815 -0.4499266 -0.8890089 0.08502549 -0.3406041 -0.938001 0.06436616 -0.4387316 -0.8311307 -0.3416672 -0.4482659 -0.8387401 -0.3091488 -0.5438371 -0.7507138 -0.3750601 -0.5080898 -0.7650369 -0.3956808 -0.1649113 -0.690268 -0.70451 -0.05570597 -0.6234276 -0.7798941 -0.05192963 -0.5966777 -0.8007991 -0.1438195 -0.6429552 -0.7522795 -0.1788352 -0.6049547 -0.7759173 -0.06760547 -0.6431645 -0.7627378 -0.05344586 -0.5913805 -0.8046196 -0.1736453 -0.5908875 -0.7878447 -0.4360856 -0.8890196 0.1395474 -0.3184901 -0.9398746 0.1232866 -0.4369 -0.8834681 0.1691227 -0.3301244 -0.9380076 0.1056398 -0.5497692 -0.7650005 -0.3354522 -0.4747271 -0.8311012 -0.2896639 -0.2910145 -0.5898976 -0.7532141 -0.2309761 -0.6904854 -0.6854779 -0.254185 -0.6052582 -0.7543557 -0.2571399 -0.7006694 -0.6655384 -0.05328862 -0.5685776 -0.8209018 -0.1710788 -0.57706 -0.7985824 -0.05446504 -0.5773806 -0.8146565 -0.0547807 -0.5630494 -0.8246056 -0.1709362 -0.5628207 -0.8087111 -0.3149911 -0.9380168 0.144586 -0.4160979 -0.8890349 0.1909957 -0.6181049 -0.7487975 -0.2392665 -0.505455 -0.831075 -0.2320119 -0.5065719 -0.8396026 -0.1960924 -0.5853481 -0.7649683 -0.2686842 -0.2882874 -0.6904474 -0.6634552 -0.3172512 -0.6052181 -0.7301115 -0.05461796 -0.5394241 -0.8402609 -0.05577242 -0.5484725 -0.8343064 -0.1732532 -0.5482231 -0.8181899 -0.0575771 -0.5097588 -0.8583885 -0.05606541 -0.5337509 -0.8437812 -0.3907983 -0.8890538 0.2384532 -0.2815495 -0.9396952 0.194172 -0.3846253 -0.8841388 0.2652587 -0.2958362 -0.9380282 0.1805102 -0.6134554 -0.7649421 -0.196306 -0.5297306 -0.8310538 -0.169514 -0.4225907 -0.5858564 -0.6915123 -0.3815328 -0.6051745 -0.6987106 -0.3467047 -0.6904063 -0.6349291 -0.3708063 -0.7030849 -0.6067736 -0.2733989 -0.9380412 0.2129126 -0.3611623 -0.8890753 0.2812594 -0.6589144 -0.747695 -0.0823643 -0.6329187 -0.7649237 -0.1196067 -0.5465408 -0.831039 -0.1032834 -0.5382545 -0.8400925 -0.06728186 -0.4460777 -0.6051284 -0.6594198 -0.4053628 -0.6903631 -0.5992326 -0.303887 -0.9524486 0.0222334 -0.1552829 -0.9855051 0.06831488 -0.05601692 -0.9919651 0.1134338 -0.08523536 -0.9716308 0.2206094 -0.233133 -0.9394757 0.2510662 -0.2484612 -0.938055 0.2414948 -0.3168795 -0.8849476 0.341255 -0.328223 -0.8890983 0.3190203 -0.6428779 -0.7649142 -0.04017989 -0.5551426 -0.8310312 -0.03469643 -0.5536416 -0.5813704 -0.5962293 -0.5096923 -0.6050804 -0.6116301 -0.4821012 -0.7057083 -0.5191861 -0.4631776 -0.690318 -0.5558126 -0.06120842 -0.4798059 -0.8752371 -0.05819353 -0.4498724 -0.8911949 -0.06587297 -0.4901364 -0.869153 -0.05925098 -0.4453643 -0.8933868 -0.02859083 -0.9872516 0.1565783 -0.004818971 -0.980149 0.198204 -0.05337364 -0.9698105 0.2379473 -0.04793974 -0.9705186 0.2362105 -0.0411481 -0.9698468 0.2402165 -0.03078238 -0.9832392 0.179703 -0.001030854 -0.9857112 0.1684407 -0.2217906 -0.9380692 0.2661485 -0.2929938 -0.8891217 0.3515924 -0.5382545 -0.8400925 0.06728186 -0.6428779 -0.7649142 0.04017989 -0.5551426 -0.8310312 0.03469643 -0.6589144 -0.747695 0.0823643 -0.5709461 -0.6050321 -0.5549384 -0.5188488 -0.6902722 -0.5043017 -0.1883488 -0.4300497 -0.8829393 -0.05920269 -0.4197479 -0.9057078 -0.06024704 -0.430319 -0.9006642 -0.06021651 -0.4152398 -0.9077169 -0.1881207 -0.4150384 -0.8901425 -0.1940966 -0.9380832 0.2869255 -0.2420253 -0.8857625 0.3960412 -0.1789772 -0.9392514 0.2928718 -0.2564119 -0.889145 0.3790438 -0.6329187 -0.7649237 0.1196067 -0.5465408 -0.831039 0.1032834 -0.628212 -0.6049849 -0.4892269 -0.570897 -0.6902277 -0.4445923 -0.6724077 -0.5769081 -0.4637294 -0.5811488 -0.7082595 -0.4007924 -0.3019033 -0.5461439 -0.781397 -0.3273852 -0.4181127 -0.8473492 -0.06115475 -0.4001987 -0.9143856 -0.1899389 -0.3999775 -0.8966277 -0.06012855 -0.3896445 -0.9190004 -0.06259025 -0.3595991 -0.9310053 -0.06110014 -0.3851519 -0.9208283 -0.219299 -0.8891674 0.4016083 -0.1660015 -0.9380968 0.3040031 -0.5297306 -0.8310538 0.169514 -0.5065719 -0.8396026 0.1960924 -0.6181049 -0.7487975 0.2392665 -0.6134554 -0.764942 0.196306 -0.6177204 -0.6901862 -0.3769144 -0.6797277 -0.6049407 -0.4147494 -0.1380251 -0.9381096 0.3176468 -0.1823422 -0.8891885 0.4196368 -0.1667685 -0.886498 0.431636 -0.1239021 -0.939046 0.3206881 -0.505455 -0.831075 0.2320119 -0.5853481 -0.7649683 0.2686842 -0.7641591 -0.5732026 -0.2958036 -0.6564005 -0.7103354 -0.2540905 -0.7237012 -0.6049017 -0.3321905 -0.6576899 -0.6901494 -0.3018902 -0.4348377 -0.5519136 -0.7115529 -0.3833443 -0.4925009 -0.7813386 -0.3864227 -0.4799409 -0.787613 -0.475561 -0.4101957 -0.778191 -0.06522147 -0.9348176 0.3490877 -0.05539209 -0.9218128 0.3836573 -0.05903096 -0.9071503 0.4166458 -0.07556861 -0.890839 0.4479901 -0.07981366 -0.8882518 0.4523698 -0.1460882 -0.8892081 0.4335518 -0.1105813 -0.9381215 0.3281767 -0.07160319 -0.9378923 0.3394572 -0.5497692 -0.7650005 0.3354522 -0.4482659 -0.8387401 0.3091488 -0.5438371 -0.7507138 0.3750601 -0.4747271 -0.8311012 0.2896639 -0.689265 -0.6901196 -0.2205647 -0.7584381 -0.6048704 -0.2427001 -0.06489512 -0.3297392 -0.941839 -0.06246678 -0.3002146 -0.9518241 -0.06923069 -0.3411551 -0.9374542 -0.5080898 -0.7650369 0.3956808 -0.4387316 -0.8311307 0.3416672 -0.06312054 -0.2970725 -0.9527664 -0.6972474 -0.7115124 -0.08715591 -0.7111287 -0.6900986 -0.1343867 -0.5645949 -0.558156 -0.6080251 -0.5263981 -0.4851634 -0.6982275 -0.5257573 -0.4870768 -0.6973775 -0.6232272 -0.4013996 -0.6711677 -0.0630765 -0.270927 -0.9605311 -0.06402808 -0.2824182 -0.9571522 -0.1996414 -0.2822295 -0.9383442 -0.4477345 -0.7530208 0.4821758 -0.4617617 -0.765076 0.448815 -0.3716345 -0.8376815 0.4002219 -0.3987224 -0.8311623 0.3875432 -0.7223162 -0.6900879 -0.04514477 -0.199222 -0.2676768 -0.9426875 -0.06370502 -0.2678213 -0.9613603 -0.3293077 -0.4063233 -0.8523249 -0.3475738 -0.2644014 -0.8996024 -0.06455933 -0.2533413 -0.9652203 -0.06361515 -0.2419967 -0.9681894 -0.2005472 -0.2531842 -0.946403 -0.4122099 -0.765116 0.494652 -0.3559305 -0.8311948 0.4271168 -0.7223162 -0.6900879 0.04514477 -0.7947989 -0.6048364 0.04967494 -0.6972474 -0.7115124 0.08715591 -0.06564134 -0.2134464 -0.974747 -0.06421857 -0.2389384 -0.9689088 -0.6796747 -0.5642021 -0.4687411 -0.6561713 -0.4944314 -0.5700673 -0.6633261 -0.4773847 -0.5762833 -0.2856616 -0.8365952 0.4674461 -0.3417239 -0.7553394 0.5591843 -0.3607528 -0.7651556 0.5332865 -0.3114949 -0.8312268 0.4604703 -0.7111287 -0.6900986 0.1343867 -0.5042229 -0.2549159 -0.8250922 -0.4746558 -0.4140338 -0.7767097 -0.414168 -0.3403705 -0.844164 -0.4148168 -0.3362735 -0.8454864 -0.7824911 -0.6048482 -0.1478723 -0.7824912 -0.604848 -0.1478726 -0.7947989 -0.6048365 -0.04967482 -0.7947989 -0.6048365 -0.04967494 -0.2664127 -0.8312577 0.4878881 -0.3085456 -0.7651937 0.5650471 -0.689265 -0.6901196 0.2205647 -0.7584381 -0.6048704 0.2427001 -0.6564005 -0.7103354 0.2540905 -0.7641591 -0.5732026 0.2958036 -0.7668189 -0.5691035 -0.2968332 -0.06691735 -0.1853402 -0.9803933 -0.06488524 -0.1577424 -0.9853463 -0.07102133 -0.197173 -0.9777928 -0.705296 -0.4481899 -0.549257 -0.2215183 -0.8312868 0.5097958 -0.2353114 -0.7574281 0.6090412 -0.197983 -0.8355968 0.5124263 -0.2565542 -0.7652296 0.5904266 -0.6576899 -0.6901494 0.3018902 -0.7237012 -0.6049017 0.3321905 -0.0652307 -0.1559883 -0.9856027 -0.568918 -0.3269096 -0.7546273 -0.6167692 -0.4223945 -0.6642129 -0.5640649 -0.349346 -0.74819 -0.7824912 -0.604848 0.1478726 -0.7824912 -0.6048483 0.1478723 -0.7947989 -0.6048365 0.04967484 -0.06605624 -0.1423852 -0.9876047 -0.2056545 -0.1422874 -0.9682254 -0.09070152 -0.829654 0.5508607 -0.08607221 -0.821353 0.563889 -0.08377645 -0.8025333 0.590696 -0.177477 -0.8313138 0.5267062 -0.2055494 -0.7652631 0.6100179 -0.6724077 -0.5769081 0.4637294 -0.6177204 -0.6901862 0.3769144 -0.6797277 -0.6049407 0.4147494 -0.5811488 -0.7082595 0.4007924 -0.06474148 -0.1261472 -0.9898967 -0.06486997 -0.1266504 -0.989824 -0.2049477 -0.1265856 -0.9705527 -0.3577741 -0.1204819 -0.9260032 -0.3472846 -0.2673111 -0.8988538 -0.628212 -0.6049849 0.4892269 -0.570897 -0.6902277 0.4445923 -0.06472731 -0.08870065 -0.993953 -0.06662879 -0.1078003 -0.9919373 -0.7316549 -0.374202 -0.5697843 -0.7916329 -0.3741649 -0.48303 -0.683818 -0.3010628 -0.6646459 -0.6104756 -0.3010974 -0.7325708 -0.4821012 -0.7057083 0.5191861 -0.5536416 -0.5813704 0.5962293 -0.5709462 -0.6050321 0.5549384 -0.5188488 -0.6902722 0.5043017 -0.5011221 -0.2764905 -0.8200181 -0.4327801 -0.1860145 -0.8820999 -0.4311239 -0.2048793 -0.8787244 -0.5182731 -0.1102153 -0.8480835 -0.8784541 -0.4480624 -0.1660077 -0.5096923 -0.6050804 0.6116301 -0.4631776 -0.690318 0.5558126 -0.06577047 -0.05017449 -0.9965726 -0.0714856 -0.06617425 -0.9952441 -0.04792052 -0.7846919 0.618031 -0.04111065 -0.7644398 0.6433831 -0.04886073 -0.7429237 0.6675904 -0.08092866 -0.8130594 0.5765283 -0.1509492 -0.7651802 0.6258703 -0.4053628 -0.6903631 0.5992326 -0.3708063 -0.7030849 0.6067736 -0.4225907 -0.5858564 0.6915123 -0.4460777 -0.6051284 0.6594198 -0.7668189 -0.5691035 0.2968332 -0.5926594 -0.1754214 -0.7861184 -0.5879025 -0.2151015 -0.7798089 -0.6979173 -0.2296798 -0.6783499 -0.6230657 -0.2297072 -0.7476789 -0.06474363 -0.01283551 -0.9978194 -0.06678904 -0.02564565 -0.9974374 -0.3467047 -0.6904063 0.6349291 -0.3815328 -0.6051745 0.6987106 -0.06609239 -0.007213416 -0.9977874 -0.2067048 -0.007209281 -0.9783768 -0.3570833 -0.1353435 -0.9242151 -0.3603837 0.009239214 -0.9327583 -0.9082704 -0.3009484 -0.2906459 -0.2910145 -0.5898976 0.7532141 -0.2571399 -0.7006695 0.6655384 -0.3172512 -0.6052181 0.7301115 -0.2882874 -0.6904474 0.6634552 -0.6796747 -0.5642021 0.4687411 -0.2073114 0.01091664 -0.9782141 -0.06679882 0.01092388 -0.9977067 -0.06478077 0.02333776 -0.9976266 -0.05549741 -0.736183 0.6745032 -0.04666423 -0.7209504 0.6914138 -0.1315518 -0.7359651 0.6641155 -0.06607799 0.02877697 -0.9973994 -0.04706925 -0.70197 0.7106495 -0.04605913 -0.6980719 0.7145448 -0.1551909 -0.7014399 0.6956276 -0.2309761 -0.6904854 0.6854779 -0.254185 -0.6052582 0.7543557 -0.707758 -0.1607878 -0.6879142 -0.6318528 -0.1608075 -0.7582237 -0.04865921 -0.6741917 0.7369518 -0.06188756 -0.648961 0.7583004 -0.04834494 -0.6902569 0.7219474 -0.1659694 -0.6893122 0.7051971 -0.1649113 -0.690268 0.70451 -0.4391273 -0.07795857 -0.8950361 -0.4399444 -0.04873748 -0.8967015 -0.5213499 0.01958615 -0.8531182 -0.5159105 -0.1453729 -0.8442175 -0.06472846 0.05837201 -0.9961942 -0.06672384 0.04634256 -0.9966947 -0.9370601 -0.3009319 -0.1770826 -0.5645949 -0.558156 0.6080251 -0.6561713 -0.4944314 0.5700673 -0.6633261 -0.4773847 0.5762833 -0.6232272 -0.4013996 0.6711677 -0.9269832 -0.2295877 -0.296634 -0.705296 -0.4481899 0.5492571 -0.7631187 -0.4481487 0.4656315 -0.175148 0.02881491 -0.9841204 -0.1686559 0.04641354 -0.9845816 -0.883265 -0.3741053 0.2826447 -0.6372992 -0.09483191 -0.7647593 -0.6015656 -0.03773252 -0.7979318 -0.5996174 -0.08877695 -0.7953475 -0.951791 -0.3009236 0.05948708 -0.5263981 -0.4851634 0.6982275 -0.4348377 -0.5519136 0.7115529 -0.5257573 -0.4870768 0.6973775 -0.475561 -0.4101957 0.778191 -0.1438195 -0.6429552 0.7522796 -0.05570597 -0.6234276 0.7798941 -0.05192963 -0.5966777 0.8007991 -0.1788352 -0.6049547 0.7759173 -0.06760547 -0.6431645 0.7627378 -0.7916329 -0.3741649 0.48303 -0.05344586 -0.5913805 0.8046196 -0.1736453 -0.5908875 0.7878447 -0.05446504 -0.5773805 0.8146565 -0.1710788 -0.57706 0.7985823 -0.05328863 -0.5685776 0.8209018 -0.3864227 -0.4799409 0.787613 -0.3833443 -0.4925009 0.7813386 -0.3273852 -0.4181127 0.8473492 -0.3019033 -0.5461439 0.781397 -0.6398569 -0.03198458 -0.7678282 -0.0547807 -0.5630493 0.8246057 -0.1709362 -0.5628206 0.8087111 -0.06425889 0.1570937 -0.9854909 -0.05461795 -0.5394241 0.8402609 -0.1732532 -0.5482231 0.8181899 -0.05577241 -0.5484725 0.8343064 -0.6167692 -0.4223945 0.6642129 -0.0575771 -0.5097588 0.8583885 -0.05606541 -0.5337509 0.8437812 -0.06592163 0.1705094 -0.9831484 -0.8140517 -0.3009978 0.4967094 -0.1663573 0.170762 -0.9711671 -0.06391489 0.1880751 -0.9800728 -0.06456962 0.1859018 -0.9804444 -0.1717311 0.186147 -0.9673974 -0.06553236 0.2011091 -0.9773744 -0.2034197 0.2009738 -0.9582432 -0.5042229 -0.2549159 0.8250922 -0.5640649 -0.349346 0.74819 -0.568918 -0.3269096 0.7546273 -0.4746558 -0.4140338 0.7767097 -0.6104757 -0.3010974 0.7325708 -0.06350991 0.2182037 -0.9738345 -0.2017535 0.2159698 -0.9553285 -0.06416498 0.2160816 -0.9742646 -0.06587297 -0.4901364 0.869153 -0.06120842 -0.4798059 0.8752371 -0.05819353 -0.4498724 0.8911949 -0.05925097 -0.4453643 0.8933868 -0.2028348 0.2307242 -0.951643 -0.06509072 0.2308914 -0.9707999 -0.1883488 -0.4300498 0.8829393 -0.06024703 -0.4303189 0.9006642 -0.0592027 -0.4197479 0.9057078 -0.3293077 -0.4063233 0.8523249 -0.414168 -0.3403705 0.844164 -0.3475738 -0.2644014 0.8996024 -0.4148168 -0.3362735 0.8454864 -0.06304882 0.2475495 -0.9668216 -0.06370529 0.2454774 -0.9673069 -0.1881207 -0.4150384 0.8901426 -0.06021651 -0.4152398 0.9077169 -0.06115475 -0.4001986 0.9143856 -0.1899389 -0.3999774 0.8966277 -0.06012855 -0.3896445 0.9190004 -0.06460081 0.2599221 -0.9634662 -0.6230657 -0.2297072 0.7476789 -0.06259026 -0.3595991 0.9310053 -0.06110014 -0.385152 0.9208283 -0.169472 0.2457921 -0.9543927 -0.1630175 0.260292 -0.9516687 -0.9481364 -0.09478037 0.303404 -0.5011221 -0.2764905 0.8200181 -0.5926594 -0.1754214 0.7861184 -0.5182731 -0.1102153 0.8480835 -0.5879025 -0.2151015 0.7798089 -0.6318528 -0.1608075 0.7582237 -0.06489513 -0.3297392 0.941839 -0.06246677 -0.3002146 0.9518241 -0.06923069 -0.3411551 0.9374542 -0.06312054 -0.2970725 0.9527664 -0.9519373 -0.03196737 0.3046203 -0.4327801 -0.1860145 0.8820999 -0.3577741 -0.1204819 0.9260032 -0.3472846 -0.2673111 0.8988538 -0.4311239 -0.2048793 0.8787244 -0.06307649 -0.270927 0.9605311 -0.06402808 -0.2824182 0.9571522 -0.1996415 -0.2822295 0.9383442 -0.199222 -0.2676768 0.9426875 -0.06370502 -0.2678213 0.9613603 -0.06455933 -0.2533413 0.9652203 -0.2005472 -0.2531841 0.946403 -0.06361515 -0.2419967 0.9681894 -0.06047176 0.3586112 -0.9315263 -0.6372992 -0.09483191 0.7647593 -0.06421857 -0.2389384 0.9689088 -0.06564134 -0.2134464 0.974747 -0.7885725 -0.0319775 0.6141098 -0.06179577 0.3640812 -0.9293149 -0.1572166 0.3645747 -0.9178062 -0.0617339 0.3773645 -0.9240048 -0.05973797 0.3851629 -0.9209132 -0.1621986 0.3777806 -0.9115775 -0.5996174 -0.08877692 0.7953475 -0.5159105 -0.1453729 0.8442175 -0.6015656 -0.03773252 0.7979318 -0.5213499 0.01958611 0.8531182 -0.1904228 0.3903524 -0.9007576 -0.0610752 0.3905514 -0.9185529 -0.7167211 -0.03198057 0.6966262 -0.6398569 -0.03198457 0.7678282 -0.07102132 -0.197173 0.9777928 -0.06691735 -0.1853402 0.9803933 -0.06488525 -0.1577424 0.9853463 -0.1895069 0.4034479 -0.895163 -0.05894696 0.4113725 -0.9095592 -0.060994 0.4036656 -0.9128712 -0.0652307 -0.1559883 0.9856027 -0.06030422 0.416693 -0.9070448 -0.4399444 -0.04873748 0.8967015 -0.4391273 -0.07795857 0.8950361 -0.3570833 -0.1353435 0.9242151 -0.3603837 0.009239214 0.9327583 -0.06605624 -0.1423851 0.9876047 -0.2056545 -0.1422875 0.9682254 -0.05809454 0.4373111 -0.897432 -0.06482451 0.4628291 -0.884074 -0.06020417 0.4296712 -0.9009762 -0.06474148 -0.1261472 0.9898967 -0.06486997 -0.1266504 0.989824 -0.2049477 -0.1265856 0.9705527 -0.06472731 -0.08870065 0.993953 -0.06662879 -0.1078003 0.9919373 -0.1597065 0.4171349 -0.8947024 -0.1524141 0.430211 -0.8897688 -0.1408444 0.5514585 -0.8222265 -0.06577047 -0.05017449 0.9965726 -0.0714856 -0.06617425 0.9952441 -0.06678903 -0.02564565 0.9974374 -0.06474363 -0.01283551 0.9978194 -0.2067048 -0.007209256 0.9783768 -0.06609239 -0.007213409 0.9977874 -0.06789091 0.4882886 -0.8700374 -0.05552093 0.5141572 -0.8558971 -0.06679882 0.01092388 0.9977067 -0.06478077 0.02333776 0.9976266 -0.2073114 0.0109166 0.9782141 -0.05704906 0.5264363 -0.8482984 -0.1434877 0.5270118 -0.8376574 -0.1029878 0.4775449 -0.8725505 -0.1546505 0.4012376 -0.9028242 -0.06607799 0.02877698 0.9973994 -0.175148 0.02881491 0.9841204 -0.05439424 0.5396679 -0.840119 -0.1492482 0.5396343 -0.8285649 -0.05466561 0.5391333 -0.8404445 -0.1686559 0.04641354 0.9845816 -0.06472846 0.05837201 0.9961942 -0.06672384 0.04634257 0.9966947 -0.05598657 0.551955 -0.8319923 -0.1738723 0.5516551 -0.8157481 -0.05347012 0.5646749 -0.8235795 -0.05317969 0.5652187 -0.8232252 -0.1703704 0.5644971 -0.8076614 -0.05485084 0.5775399 -0.8145176 -0.1705279 0.5772269 -0.7985796 -0.0518682 0.5908618 -0.8051037 -0.05218049 0.5903082 -0.8054895 -0.05363511 0.60324 -0.7957543 -0.05066189 0.6166345 -0.7856177 -0.06416517 0.642035 -0.7639855 -0.1446755 0.590782 -0.7937541 -0.1232167 0.6836651 -0.719319 -0.134584 0.6038164 -0.7856799 -0.06425889 0.1570937 0.9854909 -0.1663573 0.170762 0.9711671 -0.06592163 0.1705094 0.9831484 -0.1717311 0.186147 0.9673974 -0.06456962 0.1859017 0.9804444 -0.0639149 0.1880751 0.9800728 -0.2034197 0.2009737 0.9582432 -0.06553236 0.2011092 0.9773744 -0.2017535 0.2159698 0.9553285 -0.06416499 0.2160816 0.9742646 -0.06350991 0.2182037 0.9738345 -0.05866472 0.6683286 -0.7415493 -0.04476376 0.6951001 -0.7175181 -0.2028349 0.2307242 0.951643 -0.06509072 0.2308914 0.9707999 -0.04593649 0.7215354 -0.690852 -0.04744076 0.7018569 -0.7107366 -0.09649552 0.6519564 -0.7520915 -0.1339327 0.6088772 -0.7818763 -0.2654395 0.676421 -0.68702 -0.1373538 0.7270337 -0.6727227 -0.1201744 0.7024068 -0.7015574 -0.231375 0.6510983 -0.722867 -0.2507025 0.6909645 -0.6780238 -0.06304882 0.2475495 0.9668216 -0.0637053 0.2454774 0.9673069 -0.169472 0.2457921 0.9543927 -0.4191 0.5950072 -0.6858001 -0.3724302 0.699921 -0.6094311 -0.3458057 0.6923656 -0.6332837 -0.06460081 0.2599221 0.9634662 -0.1630175 0.260292 0.9516687 -0.4453683 0.6067909 -0.6583707 -0.4043126 0.6923225 -0.5976796 -0.05914873 0.7355466 -0.6748871 -0.04427765 0.7482122 -0.6619804 -0.04189077 0.7749954 -0.6305768 -0.1280002 0.7353531 -0.6654862 -0.1606742 0.7799547 -0.604859 -0.08044127 0.8070436 -0.5849871 -0.5482726 0.5922577 -0.5904474 -0.484956 0.7014711 -0.5222604 -0.5088815 0.606743 -0.6106575 -0.4619773 0.6922774 -0.5543725 -0.5175048 0.6922319 -0.5029949 -0.5700383 0.6066949 -0.5540556 -0.569418 0.6921874 -0.4434407 -0.6272129 0.6066476 -0.4884492 -0.6649445 0.5895345 -0.4585824 -0.5854723 0.7029856 -0.4037741 -0.6786471 0.6066035 -0.4140898 -0.6161206 0.692146 -0.375938 -0.06047176 0.3586112 0.9315263 -0.1572166 0.3645747 0.9178062 -0.06179577 0.3640812 0.9293149 -0.6621036 0.7042231 -0.256298 -0.7225505 0.6065646 -0.3316628 -0.6559864 0.6921094 -0.3011087 -0.7548043 0.5872818 -0.2921823 -0.1621986 0.3777806 0.9115774 -0.0617339 0.3773645 0.9240048 -0.05973797 0.3851629 0.9209132 -0.6874796 0.6920799 -0.2199936 -0.7572328 0.6065329 -0.2423145 -0.06107519 0.3905514 0.9185529 -0.1904228 0.3903525 0.9007576 -0.7812476 0.6065109 -0.1476376 -0.7812478 0.6065106 -0.147637 -0.7092871 0.692059 -0.1340382 -0.7038031 0.7049267 -0.0879753 -0.060994 0.4036656 0.9128712 -0.1895069 0.4034479 0.895163 -0.05894696 0.4113725 0.9095592 -0.7935356 0.6064994 -0.04959602 -0.7204457 0.6920481 -0.04502789 -0.7935356 0.6064993 -0.04959574 -0.1597065 0.4171349 0.8947024 -0.06030422 0.416693 0.9070448 -0.1408444 0.5514585 0.8222265 -0.05809454 0.4373111 0.897432 -0.1524141 0.430211 0.8897688 -0.0648245 0.4628291 0.884074 -0.06020417 0.4296712 0.9009762 -0.7935356 0.6064994 0.04959574 -0.7935356 0.6064993 0.04959602 -0.7204457 0.6920481 0.04502789 -0.7038031 0.7049267 0.0879753 -0.7812477 0.6065106 0.1476377 -0.7812476 0.6065109 0.147637 -0.709287 0.692059 0.1340382 -0.7572328 0.6065329 0.2423145 -0.6874796 0.6920798 0.2199936 -0.6621037 0.7042231 0.2562981 -0.7548043 0.5872818 0.2921823 -0.7225505 0.6065646 0.3316628 -0.6559864 0.6921093 0.3011087 -0.6304408 0.7368773 -0.2440415 -0.5411659 0.8144054 -0.2094835 -0.6649445 0.5895345 0.4585824 -0.6786471 0.6066035 0.4140898 -0.6161206 0.692146 0.375938 -0.5854723 0.7029856 0.4037741 -0.1029878 0.4775449 0.8725505 -0.569418 0.6921875 0.4434407 -0.6272129 0.6066476 0.4884492 -0.04792817 0.9359441 -0.3488719 -0.04585029 0.9515392 -0.3040902 -0.05929747 0.9586318 -0.2784043 -0.06657556 0.9247089 -0.3748082 -0.06789089 0.4882886 0.8700374 -0.05552093 0.5141572 0.8558971 -0.1546505 0.4012376 0.9028242 -0.6120934 0.7754785 -0.1548378 -0.6723226 0.7354723 -0.08404025 -0.6005402 0.7850306 -0.1519153 -0.5747589 0.8151629 -0.07184486 -0.1434877 0.5270118 0.8376574 -0.05704905 0.5264363 0.8482984 -0.484956 0.7014711 0.5222604 -0.5175048 0.6922319 0.5029949 -0.5482726 0.5922577 0.5904474 -0.5700383 0.6066949 0.5540556 -0.1210371 0.9253755 -0.3592077 -0.0907355 0.9587781 -0.2692799 -0.1382348 0.9235159 -0.3577843 -0.1016511 0.9593993 -0.2630971 -0.05466562 0.5391333 0.8404445 -0.05439422 0.5396679 0.840119 -0.1492482 0.5396343 0.8285649 -0.3402084 0.8652553 -0.3682276 -0.3726015 0.8917042 -0.2569666 -0.4530376 0.8349481 -0.3124398 -0.3421711 0.8643683 -0.3684919 -0.3400444 0.8661789 -0.3662018 -0.5088815 0.606743 0.6106575 -0.4619773 0.6922774 0.5543725 -0.1132547 0.9587699 -0.2606407 -0.1510759 0.9253616 -0.347681 -0.05598657 0.551955 0.8319923 -0.1738723 0.5516552 0.8157481 -0.6201583 0.7844767 0 -0.5747589 0.8151629 0.07184486 -0.6723226 0.7354723 0.08404025 -0.6307343 0.775999 0 -0.1315976 0.9900064 -0.05068708 -0.0647383 0.9837343 -0.167558 -0.2157625 0.9526085 -0.2144381 -0.04675877 0.9833801 -0.1754344 0.00658914 0.9914932 -0.1299912 -0.06703681 0.9943197 -0.08267126 -0.2258411 0.97321 -0.04310601 -0.374911 0.9269589 -0.0137501 -0.08776551 0.9857341 -0.1436162 -0.0199901 0.9816028 -0.1898851 -0.4043126 0.6923225 0.5976796 -0.4453683 0.6067909 0.6583707 -0.3724302 0.699921 0.6094311 -0.4191 0.5950072 0.6858001 -0.136211 0.9587612 -0.2494467 -0.1816969 0.9253465 -0.3327464 -0.1468315 0.9595369 -0.2402696 -0.2006419 0.9230096 -0.3283232 -0.05347013 0.5646749 0.8235795 -0.1703704 0.5644971 0.8076614 -0.05317969 0.5652187 0.8232252 -0.4603384 0.8534112 -0.244495 -0.4196952 0.879868 -0.2229086 -0.4210253 0.892287 -0.1629775 -0.5150732 0.8336343 -0.1993831 -0.3458057 0.6923657 0.6332837 -0.1705279 0.5772269 0.7985796 -0.05485084 0.57754 0.8145176 -0.1592648 0.9587519 -0.235435 -0.2124478 0.9253305 -0.3140533 -0.6120934 0.7754785 0.1548378 -0.6005402 0.7850306 0.1519153 -0.5411659 0.8144054 0.2094835 -0.6304408 0.7368773 0.2440415 -0.0521805 0.5903082 0.8054895 -0.1446755 0.590782 0.7937541 -0.0518682 0.5908618 0.8051037 -0.1912547 0.9596871 -0.2059666 -0.1819898 0.9587421 -0.2183877 -0.2427594 0.9253138 -0.2913111 -0.262736 0.9224485 -0.2829464 -0.1232167 0.6836651 0.719319 -0.134584 0.6038164 0.7856799 -0.05363511 0.6032401 0.7957542 -0.0506619 0.6166345 0.7856177 -0.06416517 0.642035 0.7639855 -0.461932 0.8791839 -0.1168523 -0.5041257 0.8541631 -0.1275258 -0.4473331 0.8926177 -0.05591664 -0.549183 0.8328778 -0.06864787 -0.2719507 0.925297 -0.2643258 -0.2038753 0.9587324 -0.1981592 -0.318953 0.9218912 -0.2199676 -0.2992453 0.9252807 -0.2330406 -0.2309673 0.9598341 -0.1592878 -0.2243392 0.9587228 -0.1747066 -0.549183 0.8328778 0.06864787 -0.5195567 0.854436 0 -0.4473331 0.8926177 0.05591663 -0.4769451 0.8789331 0 -0.3238029 0.9252653 -0.1975747 -0.2427514 0.9587139 -0.1481195 -0.3623466 0.9214288 -0.1402632 -0.3447676 0.9252519 -0.158254 -0.2612651 0.9599543 -0.1011349 -0.25847 0.958706 -0.118642 -0.2507025 0.6909645 0.6780239 -0.231375 0.6510983 0.722867 -0.09649554 0.6519564 0.7520915 -0.2654395 0.676421 0.68702 -0.4210252 0.892287 0.1629775 -0.5041257 0.8541631 0.1275258 -0.461932 0.8791839 0.1168523 -0.5150731 0.8336343 0.1993831 -0.3613308 0.9252409 -0.1156258 -0.2708888 0.9586996 -0.08668442 -0.1339327 0.6088772 0.7818763 -0.05866477 0.6683286 0.7415493 -0.04476374 0.6951001 0.7175181 -0.2777605 0.9600227 -0.03472004 -0.2794887 0.9586952 -0.05281679 -0.3728007 0.9252332 -0.07045057 -0.3861712 0.9211633 -0.04827139 -0.0459365 0.7215354 0.690852 -0.1201744 0.7024068 0.7015574 -0.1373538 0.7270337 0.6727227 -0.04744075 0.7018568 0.7107365 -0.3421711 0.8643684 0.3684919 -0.4196952 0.879868 0.2229086 -0.3726015 0.8917042 0.2569666 -0.4530376 0.8349481 0.3124398 -0.4603384 0.8534112 0.244495 -0.3400444 0.8661789 0.3662018 -0.3402084 0.8652553 0.3682276 -0.2838894 0.9586928 -0.01774309 -0.3786699 0.9252292 -0.02366685 -0.2777605 0.9600227 0.03472004 -0.3786699 0.9252292 0.02366685 -0.2838894 0.9586928 0.01774308 -0.3861712 0.9211633 0.04827139 -0.3728007 0.9252332 0.07045057 -0.2794887 0.9586952 0.05281679 -0.1606742 0.7799547 0.604859 -0.04427764 0.7482122 0.6619804 -0.04189079 0.7749954 0.6305768 -0.05914874 0.7355466 0.6748871 -0.08044127 0.8070436 0.5849871 -0.1280001 0.735353 0.6654862 -0.2708888 0.9586996 0.08668442 -0.2612651 0.9599543 0.1011349 -0.3613308 0.9252409 0.1156258 -0.3623466 0.9214288 0.1402632 -0.3447676 0.9252519 0.158254 -0.25847 0.958706 0.118642 -0.3238029 0.9252653 0.1975747 -0.2427514 0.9587139 0.1481195 -0.318953 0.9218912 0.2199676 -0.2309673 0.9598341 0.1592878 -0.2243392 0.9587228 0.1747066 -0.2992453 0.9252807 0.2330406 -0.1912547 0.9596871 0.2059666 -0.2719507 0.925297 0.2643258 -0.2038753 0.9587323 0.1981592 -0.262736 0.9224485 0.2829464 -0.1819898 0.9587421 0.2183877 -0.2427594 0.9253138 0.2913111 -0.1592648 0.9587519 0.235435 -0.2124478 0.9253305 0.3140533 -0.1468315 0.9595369 0.2402696 -0.2006419 0.9230096 0.3283232 -0.136211 0.9587612 0.2494467 -0.1816969 0.9253465 0.3327464 -0.1382348 0.9235158 0.3577843 -0.1016511 0.9593993 0.2630971 -0.1132547 0.9587699 0.2606407 -0.1510759 0.9253616 0.347681 -0.06657556 0.9247089 0.3748082 -0.05929746 0.9586318 0.2784042 -0.1210371 0.9253755 0.3592077 -0.0907355 0.958778 0.2692799 -0.04792817 0.9359441 0.3488719 -0.0458503 0.9515392 0.3040902 -0.1315977 0.9900064 0.05068708 -0.01999009 0.9816028 0.1898851 -0.0647383 0.9837343 0.167558 -0.08776551 0.9857341 0.1436162 -0.2157625 0.9526085 0.2144381 -0.04675878 0.9833801 0.1754344 0.006589151 0.9914932 0.1299912 -0.06703678 0.9943197 0.08267126 -0.2258411 0.97321 0.04310601 -0.374911 0.9269589 0.0137501 -0.1367396 -0.9650056 -0.2237557 -0.08596809 -0.9820424 -0.1679352 -0.1725342 -0.9673201 -0.1858061 -0.1154045 -0.9911804 -0.06514017 -0.0819666 -0.9710782 -0.2242514 -0.1725342 -0.9673201 0.1858061 -0.1154045 -0.9911804 0.06514018 -0.1367396 -0.9650056 0.2237557 -0.0859681 -0.9820424 0.1679352 -0.0819666 -0.9710782 0.2242514 -0.2627423 -0.5140355 -0.8165378 -0.1718139 -0.5526403 -0.8155173 -0.1640446 -0.5338662 -0.8295036 -0.155735 -0.4903491 -0.8574989 -0.1860682 -0.4155037 -0.8903568 -0.2604105 -0.4874728 -0.8334005 -0.1582103 -0.4873891 -0.8587324 -0.2705638 -0.4587581 -0.8463665 -0.1712877 -0.4455343 -0.8787262 -0.1774878 -0.3852871 -0.9055672 -0.1868602 -0.4119003 -0.891864 -0.1699382 -0.3413306 -0.9244536 -0.2833565 -0.3621425 -0.88801 -0.171471 -0.3391291 -0.9249807 -0.2810272 -0.3391673 -0.897769 -0.1821215 -0.2972125 -0.9372814 -0.1965613 -0.2621906 -0.9447855 -0.2876383 -0.3151388 -0.9044068 -0.8124731 -0.4481121 -0.3729385 -0.7753663 -0.5216684 -0.355906 -0.8124731 -0.4481119 -0.3729386 -0.7631185 -0.4481487 -0.4656318 -0.7282608 -0.5217069 -0.4443626 -0.7631187 -0.4481484 -0.4656315 -0.1857555 -0.2390467 -0.9530748 -0.1785314 -0.1972846 -0.963953 -0.2955664 -0.2142762 -0.9309813 -0.1965903 -0.2716085 -0.9421152 -0.8514599 -0.4480824 -0.2724669 -0.8383428 -0.5216151 -0.158427 -0.8784544 -0.4480618 -0.1660072 -0.8383428 -0.521615 -0.1584269 -0.8514597 -0.4480826 -0.272467 -0.8125774 -0.5216371 -0.2600246 -0.2973631 -0.1772784 -0.9381618 -0.1880557 -0.1560708 -0.9696788 -0.2018032 -0.1186286 -0.9722154 -0.2932476 -0.1959072 -0.935749 -0.1793951 -0.1958946 -0.9640761 -0.7523791 -0.3010293 -0.5859241 -0.6838182 -0.3010634 -0.6646454 -0.6649784 -0.3742411 -0.6463337 -0.7523792 -0.3010298 -0.5859237 -0.7316547 -0.3742015 -0.5697848 -0.8515264 -0.5216038 -0.05322028 -0.8922667 -0.4480517 0.05576658 -0.892267 -0.4480511 -0.05576606 -0.892267 -0.4480511 0.05576606 -0.8515264 -0.5216038 0.05322028 -0.8515264 -0.5216036 -0.05322032 -0.8515264 -0.5216036 0.05322031 -0.8922666 -0.4480517 -0.05576657 -0.8428262 -0.3741321 -0.3868711 -0.8140518 -0.3009978 -0.4967091 -0.8140517 -0.3009981 -0.4967093 -0.8666902 -0.3009703 -0.3978254 -0.8666902 -0.3009709 -0.3978249 -0.791633 -0.3741647 -0.4830299 -0.8428263 -0.3741319 -0.3868709 -0.8125774 -0.5216371 0.2600245 -0.8784544 -0.4480618 0.1660077 -0.8784541 -0.4480624 0.1660071 -0.8383428 -0.521615 0.1584269 -0.8514597 -0.4480826 0.272467 -0.8383428 -0.5216151 0.158427 -0.8514599 -0.4480824 0.2724669 -0.2036355 -0.138485 -0.969203 -0.1905445 -0.1078429 -0.975737 -0.3008045 -0.07750736 -0.9505311 -0.1823521 -0.06621411 -0.9810013 -0.911265 -0.3740864 -0.1722078 -0.9370602 -0.3009317 -0.1770825 -0.883265 -0.3741055 -0.2826447 -0.9082704 -0.3009476 -0.2906466 -0.9112647 -0.3740868 -0.1722081 -0.883265 -0.3741053 -0.2826448 -0.1833368 -0.06449449 -0.9809322 -0.301174 -0.0495939 -0.9522787 -0.2986272 -0.064495 -0.9521882 -0.1903969 -0.02565815 -0.9813718 -0.2044748 0.008743105 -0.9788328 -0.7753664 -0.5216684 0.355906 -0.8124731 -0.4481121 0.3729385 -0.7282608 -0.5217069 0.4443626 -0.7631186 -0.4481484 0.4656318 -0.812473 -0.4481119 0.3729386 -0.6979176 -0.2296795 -0.6783497 -0.707758 -0.1607877 -0.6879143 -0.7678888 -0.2296526 -0.598002 -0.7678888 -0.2296526 -0.598002 -0.7787133 -0.1607685 -0.6064314 -0.7787132 -0.1607682 -0.6064316 -0.9255917 -0.3740767 -0.05784963 -0.9255914 -0.3740777 -0.05784881 -0.9255914 -0.3740777 0.05784881 -0.951791 -0.3009236 -0.05948711 -0.9255917 -0.3740767 0.05784964 -0.951791 -0.3009236 0.05948712 -0.951791 -0.3009236 -0.05948706 -0.8308289 -0.2296273 -0.5069463 -0.830829 -0.2296275 -0.506946 -0.8970125 -0.160734 -0.4117441 -0.8970127 -0.1607352 -0.4117432 -0.884549 -0.2296053 -0.4060228 -0.8845488 -0.2296056 -0.4060231 -0.8425379 -0.1607502 -0.5140905 -0.8425375 -0.1607511 -0.5140911 -0.9370602 -0.3009319 0.1770825 -0.9112647 -0.3740868 0.1722081 -0.9082707 -0.3009476 0.290646 -0.9082702 -0.3009484 0.2906465 -0.911265 -0.3740863 0.1722078 -0.9370602 -0.3009317 0.1770827 -0.883265 -0.3741055 0.2826448 -0.04742299 0.09239613 -0.9945924 -0.05560941 0.02022197 -0.9982477 -0.2223886 0.08740644 -0.9710322 -0.3599744 -0.04853735 -0.9316988 -0.2304507 -0.04834327 -0.9718825 -0.9563637 -0.2295754 -0.1807303 -0.9400425 -0.1607211 -0.3008135 -0.9400423 -0.1607217 -0.3008139 -0.9563637 -0.2295757 -0.1807306 -0.9698357 -0.1607126 -0.1832762 -0.9269828 -0.2295883 -0.2966344 -0.9698358 -0.1607126 -0.1832762 -0.8428263 -0.3741319 0.386871 -0.791633 -0.3741647 0.4830299 -0.8428262 -0.3741321 0.3868711 -0.8666902 -0.3009709 0.3978249 -0.8140517 -0.3009981 0.4967091 -0.8666902 -0.3009703 0.3978254 -0.7885728 -0.03197745 -0.6141093 -0.7167212 -0.03198072 -0.6966262 -0.7167212 -0.03198057 -0.6966261 -0.7138571 -0.09482007 -0.6938424 -0.7854223 -0.09480851 -0.6116561 -0.7138571 -0.09482004 -0.6938424 -0.7885725 -0.03197673 -0.6141098 -0.7854224 -0.09480818 -0.6116559 -0.05321083 0.1943029 -0.9794973 -0.04751186 0.1253135 -0.9909788 -0.05496242 0.1096251 -0.9924523 -0.9713972 -0.229568 0.06071246 -0.971397 -0.2295689 -0.06071186 -0.9850799 -0.1607078 0.06156701 -0.9850799 -0.1607078 -0.06156701 -0.971397 -0.2295688 0.06071186 -0.9850799 -0.1607079 -0.06156704 -0.9713972 -0.2295681 -0.06071246 -0.9850799 -0.1607079 0.06156703 -0.2668715 0.0556875 -0.9621219 -0.6649784 -0.3742411 0.6463338 -0.7316546 -0.374202 0.5697846 -0.7523792 -0.3010298 0.5859237 -0.7523791 -0.3010293 0.5859241 -0.731655 -0.3742014 0.5697843 -0.6838183 -0.3010629 0.6646454 -0.6838179 -0.3010634 0.6646457 -0.9083649 -0.03197 -0.4169547 -0.9083649 -0.03197012 -0.4169546 -0.9047377 -0.09478728 -0.4152891 -0.8532029 -0.03197375 -0.5205982 -0.9047374 -0.09478808 -0.4152896 -0.8532031 -0.03197338 -0.520598 -0.8497949 -0.09479679 -0.5185193 -0.849795 -0.09479734 -0.5185189 -0.2627423 -0.5140355 0.8165378 -0.1718139 -0.5526404 0.8155174 -0.1640446 -0.5338662 0.8295036 -0.155735 -0.4903491 0.8574989 -0.9400426 -0.160721 0.3008135 -0.9400423 -0.1607217 0.3008139 -0.926983 -0.2295884 0.2966339 -0.9563637 -0.2295754 0.1807303 -0.9563637 -0.2295757 0.1807306 -0.9269831 -0.2295877 0.2966344 -0.9698358 -0.1607126 0.1832762 -0.9698357 -0.1607126 0.1832762 -0.1860682 -0.4155037 0.8903568 -0.1712877 -0.4455343 0.8787262 -0.1582103 -0.4873891 0.8587325 -0.2604105 -0.4874728 0.8334005 -0.2705638 -0.4587581 0.8463665 -0.9519373 -0.03196737 -0.3046203 -0.9481364 -0.09478045 -0.303404 -0.9821064 -0.03196651 -0.1855942 -0.9481364 -0.09478038 -0.3034041 -0.9781854 -0.09477499 -0.1848541 -0.9821063 -0.03196544 -0.185595 -0.9519373 -0.03196729 -0.3046203 -0.9781857 -0.09477386 -0.1848533 -0.8308289 -0.2296273 0.5069463 -0.8970127 -0.1607352 0.4117432 -0.8970125 -0.160734 0.4117441 -0.830829 -0.2296276 0.5069461 -0.8425375 -0.1607511 0.5140911 -0.8425379 -0.1607502 0.5140905 -0.8845488 -0.2296056 0.4060231 -0.884549 -0.2296053 0.4060228 -0.9935604 -0.09477216 0.06209704 -0.9935604 -0.09477215 -0.06209704 -0.9975426 -0.03196557 -0.06234673 -0.9975426 -0.03196482 -0.0623462 -0.9935604 -0.09477101 0.06209784 -0.9975426 -0.03196481 0.0623462 -0.9975426 -0.03196557 0.06234673 -0.9935604 -0.09477101 -0.06209784 -0.2634478 0.1634092 -0.9507327 -0.2221328 0.1354916 -0.9655564 -0.2222838 0.2554814 -0.940914 -0.3485943 0.2538482 -0.9022434 -0.707758 -0.1607877 0.6879142 -0.7678888 -0.2296526 0.598002 -0.6979176 -0.2296798 0.6783497 -0.7787133 -0.1607685 0.6064314 -0.7787132 -0.1607682 0.6064316 -0.7678888 -0.2296526 0.598002 -0.707758 -0.1607877 0.6879143 -0.6979175 -0.2296795 0.6783499 -0.1868603 -0.4119003 0.8918641 -0.1774879 -0.3852871 0.9055672 -0.1699382 -0.3413306 0.9244536 -0.2833565 -0.3621425 0.88801 -0.9519373 -0.03196728 0.3046203 -0.9481364 -0.09478044 0.303404 -0.9821063 -0.03196542 0.185595 -0.9781857 -0.09477387 0.1848533 -0.9821064 -0.03196652 0.1855942 -0.9781854 -0.094775 0.1848541 -0.06550112 0.2507053 -0.9658449 -0.04806121 0.2764111 -0.959837 -0.04608178 0.3044578 -0.9514105 -0.2876383 -0.3151388 0.9044068 -0.2810272 -0.3391672 0.897769 -0.171471 -0.3391291 0.9249807 -0.1821214 -0.2972124 0.9372814 -0.1965613 -0.2621906 0.9447856 -0.2163055 0.2831565 -0.9343631 -0.2247629 0.1782105 -0.9579784 -0.3546128 0.1784788 -0.9178208 -0.9047377 -0.09478727 0.4152891 -0.8532031 -0.03197336 0.520598 -0.8532029 -0.03197375 0.5205982 -0.8497949 -0.0947968 0.5185193 -0.9047374 -0.09478809 0.4152896 -0.849795 -0.09479734 0.5185189 -0.9083649 -0.03197011 0.4169546 -0.9083649 -0.03196999 0.4169547 -0.26678 0.2899695 -0.9191007 -0.7138571 -0.09482009 0.6938424 -0.7167212 -0.03198072 0.6966261 -0.7138571 -0.09482004 0.6938424 -0.7854223 -0.0948085 0.6116561 -0.7885729 -0.03197679 0.6141094 -0.7854224 -0.09480819 0.611656 -0.1785315 -0.1972846 0.963953 -0.1857555 -0.2390467 0.9530748 -0.2955664 -0.2142762 0.9309813 -0.1965903 -0.2716085 0.9421152 -0.1793951 -0.1958946 0.9640761 -0.2973631 -0.1772784 0.9381618 -0.2018032 -0.1186286 0.9722154 -0.1880557 -0.1560708 0.9696788 -0.2932476 -0.1959072 0.935749 -0.4159362 0.3099695 -0.8549362 -0.2094113 0.3215494 -0.9234462 -0.2094091 0.4341726 -0.8761518 -0.2615013 0.3309115 -0.9067054 -0.3246934 0.4339717 -0.8403825 -0.1905445 -0.1078429 0.975737 -0.3008045 -0.07750737 0.9505311 -0.1823521 -0.06621411 0.9810013 -0.2036355 -0.138485 0.969203 -0.2156402 0.3606721 -0.9074221 -0.1976786 0.4588782 -0.8662298 -0.3362854 0.3596409 -0.8703853 -0.2986272 -0.06449496 0.9521882 -0.1833368 -0.06449451 0.9809322 -0.2044748 0.008743132 0.9788328 -0.3011741 -0.0495939 0.9522787 -0.1903969 -0.02565815 0.9813719 -0.2223886 0.08740646 0.9710322 -0.2304506 -0.04834329 0.9718825 -0.3599744 -0.0485374 0.9316988 -0.2471143 0.4572953 -0.8542925 -0.2359363 0.4781972 -0.8459678 -0.2668715 0.05568751 0.9621218 -0.3833986 0.4788787 -0.7897345 -0.2363376 0.4786148 -0.8456196 -0.2933027 0.581107 -0.7591365 -0.2418057 0.5047299 -0.8287206 -0.1873553 0.5757434 -0.7958753 -0.1926326 0.5168383 -0.8341288 -0.04742299 0.09239613 0.9945924 -0.05560941 0.02022198 0.9982477 -0.3485943 0.2538482 0.9022434 -0.2221328 0.1354916 0.9655564 -0.2222838 0.2554814 0.940914 -0.2634478 0.1634092 0.9507327 -0.05321084 0.1943029 0.9794973 -0.05496242 0.1096251 0.9924523 -0.04751186 0.1253135 0.9909788 -0.2345706 0.6475121 -0.725055 -0.1897842 0.5572684 -0.8083526 -0.3014592 0.5480293 -0.7802476 -0.3242817 0.622147 -0.7125829 -0.1792842 0.6056193 -0.7752951 -0.395462 0.564902 -0.7242207 -0.3546128 0.1784788 0.9178208 -0.2163055 0.2831565 0.934363 -0.2247629 0.1782105 0.9579784 -0.26678 0.2899695 0.9191007 -0.4159362 0.3099695 0.8549362 -0.04806123 0.2764111 0.959837 -0.04608177 0.3044578 0.9514105 -0.06550112 0.2507053 0.9658449 -0.2094091 0.4341726 0.8761518 -0.3246934 0.4339717 0.8403825 -0.2094113 0.3215494 0.9234462 -0.2615013 0.3309115 0.9067054 -0.1976786 0.4588781 0.8662298 -0.2156402 0.3606722 0.9074221 -0.3362854 0.3596409 0.8703853 -0.2359363 0.4781972 0.8459678 -0.2471143 0.4572953 0.8542924 -0.2363376 0.4786148 0.8456196 -0.3833987 0.4788787 0.7897345 -0.5775807 0.7653687 -0.2839211 -0.5744065 0.7163297 -0.3961425 -0.4927635 0.7776259 -0.3904897 -0.4610923 0.8284161 -0.3179948 -0.4871523 0.779817 -0.3931514 -0.5444188 0.7964607 -0.2631704 -0.5581217 0.7790367 -0.2856606 -0.2418057 0.5047299 0.8287206 -0.1873553 0.5757434 0.7958753 -0.2933027 0.581107 0.7591365 -0.1926326 0.5168384 0.8341287 -0.2345706 0.647512 0.725055 -0.3014592 0.5480293 0.7802476 -0.3242817 0.622147 0.7125829 -0.1792842 0.6056193 0.7752951 -0.1897842 0.5572684 0.8083525 -0.3954619 0.5649021 0.7242206 -0.5775807 0.7653688 0.2839211 -0.5744065 0.7163297 0.3961425 -0.4927635 0.7776259 0.3904897 -0.5581216 0.7790368 0.2856606 -0.5444187 0.7964607 0.2631704 -0.4871523 0.7798171 0.3931514 -0.4610923 0.8284161 0.3179948 -0.2472987 -0.9641989 -0.09572856 -0.1737885 -0.9726244 -0.1542699 -0.1181191 -0.9909812 -0.06327754 -0.2303244 -0.960062 -0.1588443 -0.2472987 -0.9641989 0.09572855 -0.2303244 -0.960062 0.1588443 -0.1737885 -0.9726244 0.1542699 -0.1181192 -0.9909812 0.06327754 -0.1507499 0.09800456 -0.983702 -0.2616819 0.06911261 -0.9626765 -0.1684333 0.06918761 -0.9832819 -0.2608297 0.0967267 -0.9605268 -0.1507812 0.09675335 -0.983821 -0.145186 0.1095987 -0.9833154 -0.2654836 0.1109088 -0.9577149 -0.3643345 0.05570092 -0.9296009 -0.1506386 0.1225113 -0.9809684 -0.2602926 0.1236419 -0.9575806 -0.2591001 0.1498935 -0.9541484 -0.1669256 0.150051 -0.9744847 -0.1506046 0.1236794 -0.980827 -0.3689407 0.08407393 -0.9256427 -0.3626277 0.1109363 -0.9253076 -0.3628164 0.111285 -0.9251918 -0.4193574 0.1114663 -0.900952 -0.3600547 0.1634493 -0.9185014 -0.3666831 0.1378836 -0.9200715 -0.15389 0.3082212 -0.9387852 -0.1612848 0.2957423 -0.9415538 -0.2807027 0.2492663 -0.9268616 -0.3820546 0.2725832 -0.8830248 -0.3900009 0.2361697 -0.890013 -0.153942 0.3016851 -0.9408973 -0.2808533 0.310405 -0.9081686 -0.2783032 0.3015359 -0.911934 -0.2655915 0.3473339 -0.8993444 -0.3717725 0.3794484 -0.8472332 -0.3716737 0.3422323 -0.8629807 -0.4738149 0.4175608 -0.7753338 -0.3650374 0.4153087 -0.8332266 -0.3546028 0.4449725 -0.822348 -0.4834387 0.3748021 -0.7910818 -0.3643345 0.05570092 0.9296009 -0.3689407 0.0840739 0.9256427 -0.3626277 0.1109363 0.9253076 -0.4193575 0.1114663 0.900952 -0.3628164 0.111285 0.9251918 -0.1684333 0.0691876 0.9832819 -0.1507499 0.09800456 0.983702 -0.2616819 0.06911261 0.9626765 -0.3600547 0.1634493 0.9185014 -0.366683 0.1378836 0.9200715 -0.145186 0.1095986 0.9833153 -0.2654836 0.1109088 0.9577149 -0.1507812 0.09675335 0.983821 -0.2608297 0.09672675 0.9605268 -0.1669256 0.150051 0.9744847 -0.2591001 0.1498935 0.9541484 -0.2602926 0.1236419 0.9575806 -0.1506386 0.1225113 0.9809684 -0.1506046 0.1236794 0.980827 -0.3375786 0.5385505 -0.7720131 -0.3387691 0.5237359 -0.7816241 -0.3820546 0.2725833 0.8830248 -0.3900009 0.2361697 0.890013 -0.2807027 0.2492663 0.9268616 -0.1612848 0.2957423 0.9415538 -0.15389 0.3082212 0.9387851 -0.4738149 0.4175608 0.7753338 -0.3717725 0.3794484 0.8472332 -0.3716737 0.3422323 0.8629807 -0.2808533 0.310405 0.9081686 -0.2655915 0.3473339 0.8993444 -0.153942 0.3016851 0.9408973 -0.2783032 0.3015359 0.911934 -0.4834387 0.3748021 0.7910818 -0.3546028 0.4449725 0.822348 -0.3650374 0.4153086 0.8332266 -0.3387691 0.5237359 0.7816241 -0.3375785 0.5385504 0.772013 -0.2072551 -0.9767367 -0.05505214 -0.1338664 -0.9903613 -0.03555825 -0.1338664 -0.9903613 0.03555825 -0.2715406 -0.9618283 0.03394258 -0.2715406 -0.9618283 -0.03394258 -0.2072551 -0.9767367 0.05505214 -0.4606722 0.06833323 -0.884936 -0.4615867 0.08408093 -0.8831014 -0.4760493 0.1154895 -0.8718023 -0.458793 0.1378953 -0.8777778 -0.4558142 0.155538 -0.8763797 -0.4764777 0.1075236 -0.8725868 -0.06261093 0.3499492 -0.934674 -0.05119056 0.3318357 -0.9419472 -0.1567673 0.3271767 -0.9318688 -0.05050484 0.3123879 -0.9486111 -0.1569843 0.2940697 -0.9428037 -0.1597115 0.3243102 -0.9323707 -0.5071453 0.1924755 -0.8400933 -0.5140198 0.1682103 -0.8411236 -0.5212004 0.3486613 -0.7789644 -0.6113639 0.4390381 -0.6583918 -0.4760493 0.1154895 0.8718023 -0.4615867 0.08408093 0.8831014 -0.4606722 0.06833323 0.884936 -0.499463 0.4396475 -0.7464896 -0.6373906 0.350086 -0.6864204 -0.4764777 0.1075236 0.8725868 -0.4558142 0.155538 0.8763797 -0.4587929 0.1378953 0.8777778 -0.5010016 0.4083988 -0.7630254 -0.5152198 0.5172163 -0.6834002 -0.5405383 0.4401745 -0.7169832 -0.5071452 0.1924756 0.8400934 -0.5140198 0.1682103 0.8411236 -0.4479772 0.5118093 -0.7330536 -0.4391641 0.5787112 -0.6871887 -0.5498196 0.5891519 -0.5921134 -0.459999 0.5463601 -0.6999226 -0.6113639 0.4390379 0.6583918 -0.5212003 0.3486612 0.7789645 -0.6373906 0.350086 0.6864204 -0.499463 0.4396475 0.7464896 -0.1597115 0.3243102 0.9323707 -0.05050483 0.3123879 0.9486111 -0.06261094 0.3499492 0.934674 -0.1569843 0.2940697 0.9428037 -0.1567673 0.3271767 0.9318688 -0.05119056 0.3318357 0.9419472 -0.5152198 0.5172163 0.6834002 -0.5010016 0.4083988 0.7630254 -0.5405383 0.4401745 0.7169832 -0.4599989 0.54636 0.6999226 -0.4391641 0.5787112 0.6871887 -0.4479772 0.5118093 0.7330536 -0.5498196 0.5891519 0.5921134 -0.4611966 0.03766594 -0.8864982 -0.3643277 0.05571221 -0.9296028 -0.4606244 0.04611924 -0.8863962 -0.3689493 -0.02057859 -0.9292217 -0.5280185 -0.07801297 -0.845642 -0.5214027 -0.01345484 -0.8532047 -0.5523632 0.08489955 -0.8292689 -0.6377797 0.08659308 -0.7653357 -0.5560361 0.1232696 -0.8219662 -0.5518322 0.08778359 -0.8293222 -0.5490801 0.1382466 -0.8242567 -0.6341735 0.1367123 -0.7610083 -0.5575156 0.09973838 -0.8241532 -0.4540312 0.1796202 -0.8726925 -0.454291 0.1729297 -0.8739079 -0.3585819 0.2313946 -0.9043647 -0.3602337 0.1637839 -0.9183716 -0.5488781 0.1348566 -0.8249524 -0.508246 0.2823718 -0.8136044 -0.5081112 0.2247346 -0.831455 -0.6288037 0.1877202 -0.7545642 -0.6924594 0.259828 -0.6730448 -0.6081963 0.2555292 -0.7515332 -0.506218 0.2590354 -0.8225837 -0.5045152 0.2774145 -0.8176219 -0.3984165 0.2564523 -0.8806227 -0.3891179 0.3786462 -0.8397704 -0.6088232 0.2356389 -0.7575015 -0.4049784 0.2400585 -0.8822497 -0.4910203 0.3531946 -0.7963371 -0.3855188 0.3597554 -0.8496771 -0.5637851 0.3692662 -0.7387752 -0.5666946 0.3373991 -0.7516775 -0.5280185 -0.07801292 0.8456421 -0.5214027 -0.01345487 0.8532047 -0.587539 0.2472236 -0.7705054 -0.5781899 0.2784281 -0.7669252 -0.4611966 0.03766594 0.8864982 -0.3689493 -0.02057859 0.9292217 -0.3643277 0.05571221 0.9296028 -0.4606244 0.0461192 0.8863962 -0.6377797 0.0865929 0.7653357 -0.5518323 0.08778358 0.8293222 -0.5523632 0.08489955 0.8292689 -0.5560361 0.1232696 0.8219662 -0.5490801 0.1382465 0.8242567 -0.6341735 0.1367122 0.7610083 -0.5575156 0.09973843 0.8241532 -0.3554573 0.5260341 -0.7726178 -0.3720956 0.4331092 -0.8209515 -0.4705953 0.4426507 -0.7632827 -0.4690783 0.4495024 -0.7602059 -0.5488781 0.1348566 0.8249524 -0.5833827 0.4602134 -0.6692296 -0.5081112 0.2247346 0.831455 -0.508246 0.2823718 0.8136044 -0.3796938 0.4269135 -0.8207176 -0.4509713 0.5116863 -0.7313016 -0.3507597 0.5250455 -0.7754321 -0.4487811 0.5174797 -0.7285673 -0.6081963 0.2555293 0.7515331 -0.6288037 0.1877202 0.7545642 -0.6924594 0.2598282 0.6730448 -0.6318437 0.5472174 -0.5489322 -0.5913632 0.423737 -0.6861024 -0.5926506 0.4210092 -0.6866705 -0.4540312 0.1796202 0.8726925 -0.454291 0.1729297 0.8739079 -0.3602337 0.163784 0.9183717 -0.3585819 0.2313946 0.9043647 -0.6088232 0.235639 0.7575015 -0.5526844 0.5328751 -0.6407683 -0.6915106 0.4011101 -0.6007694 -0.5525776 0.5333588 -0.6404579 -0.5672654 0.5038071 -0.6514511 -0.5666946 0.3373991 0.7516775 -0.5637851 0.3692663 0.7387751 -0.5781899 0.2784281 0.7669252 -0.587539 0.2472235 0.7705054 -0.5045152 0.2774145 0.8176219 -0.506218 0.2590354 0.8225837 -0.3891179 0.3786463 0.8397703 -0.3984166 0.2564524 0.8806228 -0.4910203 0.3531946 0.7963371 -0.4049784 0.2400585 0.8822497 -0.3855188 0.3597555 0.8496771 -0.5833827 0.4602134 0.6692296 -0.5913632 0.423737 0.6861024 -0.6318437 0.5472174 0.5489322 -0.5926507 0.4210092 0.6866707 -0.6915106 0.4011101 0.6007694 -0.5526844 0.5328751 0.6407683 -0.3720956 0.4331092 0.8209515 -0.4690783 0.4495024 0.7602059 -0.4705953 0.4426507 0.7632826 -0.3554573 0.5260341 0.7726178 -0.5672654 0.5038071 0.6514511 -0.5525776 0.5333588 0.6404579 -0.4509713 0.5116863 0.7313015 -0.3507597 0.5250454 0.7754321 -0.448781 0.5174797 0.7285673 -0.3796939 0.4269136 0.8207176 -0.6401588 -0.008955433 -0.7681904 -0.7169929 0.01628479 -0.6968903 -0.6370994 0.01915362 -0.7705436 -0.4628277 0.05101284 -0.8849793 -0.4607508 0.08661889 -0.8832926 -0.5498632 0.07671629 -0.8317242 -0.6373688 0.02227196 -0.7702368 -0.6338913 0.1079459 -0.765852 -0.6331051 0.08777766 -0.7690729 -0.4582807 0.1356361 -0.8783972 -0.456693 0.16878 -0.8734671 -0.5456513 0.1453073 -0.8253184 -0.6333698 0.1152652 -0.7652168 -0.6297686 0.1348478 -0.7649887 -0.6248873 0.1959831 -0.7557158 -0.6243502 0.2210345 -0.74922 -0.6253363 0.194065 -0.7558395 -0.7028509 0.1982768 -0.6831449 -0.6031516 0.2514738 -0.7569473 -0.5128505 0.2303752 -0.8269895 -0.5086061 0.2703457 -0.8174552 -0.689358 0.2356419 -0.6850244 -0.6956448 0.210776 -0.6867692 -0.6370994 0.01915362 0.7705435 -0.7169929 0.01628478 0.6968903 -0.6401588 -0.008955524 0.7681904 -0.6373689 0.02227192 0.7702368 -0.6780066 0.3256218 -0.6589974 -0.6834832 0.2796823 -0.6742615 -0.6804103 0.2897314 -0.6731252 -0.7575712 0.2793292 -0.589967 -0.6859301 0.2915696 -0.6666987 -0.6706979 0.3351513 -0.6616933 -0.7433832 0.3350157 -0.5789179 -0.6338913 0.1079459 0.765852 -0.633105 0.08777765 0.7690729 -0.6376017 0.3833052 -0.6682373 -0.5498632 0.07671629 0.8317242 -0.4607508 0.08661885 0.8832926 -0.4628277 0.05101284 0.8849793 -0.6297687 0.1348478 0.7649887 -0.6333698 0.1152652 0.7652168 -0.4582807 0.1356361 0.8783972 -0.456693 0.16878 0.8734671 -0.5456513 0.1453072 0.8253185 -0.6248873 0.1959831 0.7557158 -0.6253363 0.194065 0.7558394 -0.6243502 0.2210346 0.74922 -0.7028509 0.1982766 0.6831449 -0.7245352 0.395831 -0.5642398 -0.6956448 0.2107761 0.6867692 -0.6893581 0.2356419 0.6850244 -0.6672441 0.4825967 -0.5673497 -0.6595556 0.5026333 -0.5588794 -0.6031516 0.2514738 0.7569473 -0.5128505 0.2303752 0.8269895 -0.5086061 0.2703457 0.8174552 -0.7575712 0.2793292 0.589967 -0.6834832 0.2796823 0.6742616 -0.6780065 0.3256219 0.6589974 -0.6804103 0.2897314 0.6731253 -0.678923 0.4564942 -0.5750448 -0.6684455 0.4796442 -0.5684382 -0.7433832 0.3350156 0.5789179 -0.6859301 0.2915696 0.6666987 -0.6706979 0.3351513 0.6616932 -0.6535403 0.6080616 -0.4507174 -0.6376017 0.3833053 0.6682373 -0.7245352 0.395831 0.5642398 -0.6595556 0.5026332 0.5588794 -0.6672441 0.4825967 0.5673497 -0.6789231 0.4564942 0.5750449 -0.6684455 0.4796442 0.5684382 -0.6535403 0.6080616 0.4507174 -0.5510877 0.05637815 -0.8325406 -0.6357261 0.02918516 -0.7713629 -0.6348205 0.05364615 -0.770795 -0.5521442 0.02355273 -0.8334159 -0.5510272 0.05623378 -0.8325904 -0.7142396 0.02227007 -0.6995469 -0.7160974 0.004850158 -0.6979836 -0.7125082 0.1128391 -0.6925312 -0.7120816 0.09675618 -0.6953978 -0.7134144 0.08869301 -0.6951068 -0.7849622 0.1007423 -0.611298 -0.7127013 0.1104423 -0.6927189 -0.709709 0.1264079 -0.6930615 -0.7830349 0.1224905 -0.6097971 -0.6268941 0.1665169 -0.7611018 -0.5444305 0.1639258 -0.8226323 -0.6246556 0.187868 -0.757965 -0.5444877 0.1638242 -0.8226146 -0.5418791 0.1930847 -0.8179764 -0.7097502 0.1340755 -0.6915767 -0.7009084 0.1940486 -0.6863473 -0.7002514 0.2090098 -0.6826147 -0.7646314 0.2336781 -0.6006108 -0.8305832 0.2308437 -0.5067965 -0.7719014 0.2069183 -0.6011265 -0.5971862 0.2921218 -0.7470164 -0.6025595 0.2594767 -0.7547144 -0.6803823 0.2812302 -0.6767492 -0.6018776 0.2606525 -0.7548535 -0.6832387 0.266139 -0.6799667 -0.7160974 0.004850059 0.6979836 -0.7142396 0.02227007 0.6995469 -0.7645358 0.2346315 -0.6003608 -0.7513693 0.2897208 -0.5928795 -0.7488146 0.3065889 -0.5876053 -0.5521442 0.02355271 0.8334158 -0.5510878 0.05637817 0.8325406 -0.6357261 0.02918524 0.7713629 -0.6348205 0.05364612 0.770795 -0.5510272 0.05623378 0.8325904 -0.6349536 0.414271 -0.652084 -0.5905679 0.332691 -0.7352185 -0.7849622 0.100742 0.611298 -0.7125082 0.1128392 0.6925312 -0.7120816 0.09675618 0.6953979 -0.7134144 0.08869297 0.6951068 -0.7830349 0.1224906 0.6097971 -0.7127013 0.1104424 0.6927189 -0.709709 0.1264079 0.6930615 -0.7465699 0.3179551 -0.5844124 -0.7318977 0.4834741 -0.4801861 -0.8157697 0.2945457 -0.4977577 -0.7912871 0.3230284 -0.5191506 -0.7097502 0.1340754 0.6915767 -0.7271963 0.3745229 -0.5752547 -0.7261764 0.3909696 -0.5655179 -0.7748088 0.4197203 -0.4727645 -0.7714448 0.3856208 -0.5061318 -0.8276649 0.1417872 -0.5430169 -0.7526549 0.3556186 -0.5541173 -0.639169 0.3301675 -0.694588 -0.6936049 0.4242388 -0.58218 -0.6009071 0.4394287 -0.6676924 -0.6859103 0.4422365 -0.5778875 -0.7009084 0.1940486 0.6863473 -0.7002514 0.2090098 0.6826147 -0.7646315 0.2336781 0.6006109 -0.7719014 0.2069181 0.6011265 -0.8305832 0.2308439 0.5067965 -0.6268941 0.1665169 0.7611017 -0.5418791 0.1930848 0.8179764 -0.6246557 0.1878679 0.757965 -0.5444305 0.1639258 0.8226323 -0.5444877 0.1638242 0.8226147 -0.7645358 0.2346315 0.6003608 -0.7872789 0.3865663 -0.4803734 -0.7665212 0.4246254 -0.4818075 -0.7488146 0.3065889 0.5876053 -0.7513693 0.2897208 0.5928795 -0.5971862 0.2921217 0.7470164 -0.6832388 0.266139 0.6799668 -0.6018776 0.2606525 0.7548534 -0.6025595 0.2594767 0.7547144 -0.6803823 0.2812302 0.6767492 -0.811115 0.4510808 -0.3723149 -0.741139 0.4961951 -0.4522206 -0.7560116 0.4511186 -0.4742767 -0.7503108 0.4616947 -0.4731509 -0.8157697 0.2945457 0.4977577 -0.7318976 0.4834741 0.4801861 -0.7912871 0.3230284 0.5191506 -0.7465699 0.3179551 0.5844124 -0.782383 0.5088271 -0.3591264 -0.7556883 0.4651062 -0.4610982 -0.7291145 0.5091385 -0.4573511 -0.6470065 0.5349236 -0.5433593 -0.5702672 0.5221502 -0.6341565 -0.5407615 0.6014371 -0.5880905 -0.6501731 0.5272564 -0.547061 -0.7327395 0.4996796 -0.4619665 -0.7526549 0.3556185 0.5541173 -0.7748088 0.4197203 0.4727645 -0.7261764 0.3909696 0.5655179 -0.7714448 0.3856208 0.5061318 -0.8276649 0.1417872 0.5430169 -0.7271963 0.3745229 0.5752547 -0.5905679 0.3326911 0.7352185 -0.6349536 0.414271 0.652084 -0.7872789 0.3865663 0.4803734 -0.7665212 0.4246254 0.4818076 -0.7184855 0.6375154 -0.2781234 -0.6859103 0.4422365 0.5778875 -0.6009071 0.4394287 0.6676924 -0.639169 0.3301676 0.6945879 -0.6936049 0.4242388 0.58218 -0.7560116 0.4511185 0.4742767 -0.7503108 0.4616948 0.4731509 -0.741139 0.4961951 0.4522206 -0.811115 0.4510808 0.3723149 -0.7291145 0.5091385 0.4573511 -0.7556883 0.4651061 0.4610982 -0.782383 0.5088271 0.3591264 -0.7327394 0.4996796 0.4619666 -0.7184856 0.6375154 0.2781234 -0.6501731 0.5272564 0.547061 -0.5702672 0.5221502 0.6341565 -0.5407615 0.6014372 0.5880905 -0.6470065 0.5349236 0.5433593 -0.7880033 0.01137382 -0.615566 -0.788976 -0.0002073207 -0.614424 -0.8536195 0.006846721 -0.5208521 -0.6353482 0.0550029 -0.7702644 -0.633834 0.08517087 -0.7687655 -0.712603 0.08224093 -0.6967306 -0.7887435 0.02275981 -0.614301 -0.7843336 0.08868375 -0.6139674 -0.7843906 0.1042111 -0.6114503 -0.6275342 0.1653512 -0.7608284 -0.7079674 0.1402164 -0.6921861 -0.6301237 0.137378 -0.7642457 -0.7803422 0.1340616 -0.6108138 -0.783078 0.1189969 -0.6104332 -0.7739545 0.1936691 -0.6028986 -0.771667 0.2030591 -0.6027415 -0.8351887 0.206787 -0.5096067 -0.7708346 0.2132114 -0.6002957 -0.788976 -0.0002075425 0.614424 -0.8536195 0.006846675 0.5208521 -0.7880033 0.01137382 0.615566 -0.689375 0.2361305 -0.684839 -0.761881 0.2419775 -0.6008196 -0.6844162 0.2641514 -0.6795576 -0.7887436 0.0227599 0.614301 -0.8320616 0.2189994 -0.5096201 -0.8278813 0.2346151 -0.5094786 -0.7843336 0.08868375 0.6139674 -0.7843906 0.1042111 0.6114503 -0.4923641 0.3412203 -0.8007161 -0.4945701 0.337175 -0.8010702 -0.5823282 0.3425793 -0.737247 -0.486658 0.4292912 -0.760837 -0.5810867 0.3551764 -0.7322485 -0.6353483 0.05500291 0.7702644 -0.633834 0.08517084 0.7687655 -0.712603 0.0822409 0.6967305 -0.6730471 0.3188085 -0.6673595 -0.7430769 0.3249492 -0.5850169 -0.783078 0.1189971 0.6104332 -0.7803422 0.1340616 0.6108138 -0.8675657 0.297901 -0.398227 -0.8114747 0.3104001 -0.495137 -0.814528 0.2947548 -0.4996637 -0.8163708 0.2892226 -0.4998889 -0.736935 0.3462183 -0.5805684 -0.6687675 0.3318189 -0.6653166 -0.6628107 0.3545501 -0.6595272 -0.6653668 0.3382007 -0.6655128 -0.738593 0.3378476 -0.5833861 -0.8752974 0.269129 -0.401776 -0.8285932 0.3720844 -0.4183139 -0.877167 0.3896013 -0.2806935 -0.6275342 0.1653512 0.7608284 -0.6301237 0.137378 0.7642457 -0.7079673 0.1402165 0.6921861 -0.7739545 0.1936692 0.6028986 -0.7708346 0.2132115 0.6002957 -0.8351887 0.206787 0.5096067 -0.7716669 0.2030591 0.6027415 -0.8320617 0.2189994 0.5096201 -0.8278813 0.2346151 0.5094786 -0.8285791 0.3558941 -0.4321991 -0.8235219 0.375933 -0.4248365 -0.8467446 0.3175458 -0.4268352 -0.8140264 0.4446858 -0.3736517 -0.8224016 0.4200628 -0.3836701 -0.8648539 0.4188504 -0.2767529 -0.8401393 0.3813781 -0.385638 -0.689375 0.2361306 0.684839 -0.6844161 0.2641514 0.6795576 -0.761881 0.2419774 0.6008196 -0.6798715 0.4634199 -0.5683456 -0.6934312 0.4309877 -0.5774105 -0.7538152 0.4491797 -0.4795835 -0.8675657 0.2979009 0.398227 -0.8163708 0.2892227 0.4998889 -0.814528 0.2947548 0.4996637 -0.8114746 0.3104002 0.495137 -0.824887 0.4131147 -0.3858726 -0.8752974 0.269129 0.401776 -0.877167 0.3896013 0.2806935 -0.8285932 0.3720845 0.418314 -0.8025898 0.4617071 -0.3777249 -0.7946814 0.4804836 -0.3709677 -0.8285792 0.3558941 0.4321991 -0.652111 0.5291319 -0.5429279 -0.6652089 0.4982244 -0.5561202 -0.7251213 0.5112156 -0.4613648 -0.7430769 0.3249492 0.5850168 -0.6730471 0.3188085 0.6673595 -0.8467447 0.3175457 0.4268351 -0.8140264 0.4446857 0.3736517 -0.8235219 0.375933 0.4248365 -0.738593 0.3378476 0.5833862 -0.6628107 0.3545501 0.6595272 -0.6687675 0.3318189 0.6653167 -0.7369351 0.3462182 0.5805685 -0.6653668 0.3382007 0.6655128 -0.7837102 0.4996922 -0.3689254 -0.7944229 0.4810401 -0.3708002 -0.8401393 0.381378 0.385638 -0.8224016 0.4200628 0.3836701 -0.8648539 0.4188504 0.2767529 -0.824887 0.4131147 0.3858726 -0.5810867 0.3551764 0.7322485 -0.5823283 0.3425793 0.737247 -0.486658 0.4292912 0.760837 -0.49457 0.337175 0.8010702 -0.4923641 0.3412203 0.8007161 -0.8025898 0.4617072 0.3777249 -0.7946814 0.4804836 0.3709677 -0.6798714 0.46342 0.5683455 -0.7538152 0.4491796 0.4795834 -0.6934312 0.4309877 0.5774104 -0.7944229 0.4810401 0.3708002 -0.7837103 0.4996922 0.3689254 -0.6652089 0.4982244 0.5561202 -0.6521109 0.5291319 0.5429279 -0.7251214 0.5112156 0.4613649 -0.7149689 0.02662585 -0.6986492 -0.7877483 0.02824676 -0.6153492 -0.7140061 0.05648063 -0.6978576 -0.7867854 0.05567374 -0.6147107 -0.7140092 0.05648997 -0.6978536 -0.8524245 0.02275741 -0.5223548 -0.8536454 0.007291928 -0.5208037 -0.8505203 0.08890534 -0.5183735 -0.8487414 0.1008728 -0.5190979 -0.8485662 0.108859 -0.5177693 -0.903779 0.1052804 -0.4148489 -0.848035 0.114399 -0.5174451 -0.8466932 0.1222934 -0.5178369 -0.902487 0.1179377 -0.4142559 -0.7021319 0.1904159 -0.6861143 -0.7738721 0.1888928 -0.6045176 -0.7772486 0.1647329 -0.6072461 -0.7054865 0.163917 -0.6895069 -0.7054513 0.1639866 -0.6895266 -0.8462046 0.1338562 -0.5157715 -0.8536454 0.007291835 0.5208037 -0.8524245 0.02275741 0.5223548 -0.8351917 0.2067751 -0.5096067 -0.8365533 0.1936498 -0.5125217 -0.7140092 0.05648997 0.6978536 -0.7140061 0.05648059 0.6978576 -0.7149689 0.02662588 0.6986492 -0.7877483 0.02824682 0.6153492 -0.7867854 0.05567372 0.6147107 -0.9287221 0.2217039 -0.2971911 -0.8876207 0.2147757 -0.4074323 -0.8847942 0.2255849 -0.4077387 -0.8485662 0.1088589 0.5177693 -0.903779 0.1052803 0.4148489 -0.8505203 0.08890533 0.5183735 -0.8487414 0.1008728 0.5190979 -0.8219506 0.263089 -0.5051547 -0.752458 0.287078 -0.5927843 -0.7581747 0.2612284 -0.597437 -0.7579823 0.2615741 -0.5975298 -0.8169155 0.2840628 -0.5019536 -0.8834031 0.2343476 -0.4058082 -0.848035 0.1143992 0.5174451 -0.902487 0.1179377 0.4142559 -0.8466932 0.1222934 0.5178368 -0.8462046 0.1338561 0.5157715 -0.8689893 0.2892022 -0.4015216 -0.8661219 0.3021146 -0.3981953 -0.8351917 0.2067751 0.5096067 -0.8365533 0.1936498 0.5125217 -0.8876207 0.2147758 0.4074323 -0.9287221 0.221704 0.2971911 -0.8847942 0.2255849 0.4077387 -0.7738721 0.1888928 0.6045176 -0.7054513 0.1639866 0.6895266 -0.7054865 0.163917 0.689507 -0.7772485 0.1647329 0.6072461 -0.7021319 0.1904159 0.6861142 -0.9015179 0.3058157 -0.3061734 -0.8834031 0.2343476 0.4058081 -0.8751409 0.3760643 -0.3044733 -0.8895392 0.330966 -0.3149308 -0.8693279 0.4085124 -0.2781846 -0.8689893 0.2892022 0.4015216 -0.8661219 0.3021146 0.3981953 -0.7584304 0.4388197 -0.481893 -0.758406 0.4390467 -0.4817243 -0.8211725 0.4198398 -0.3865365 -0.7697624 0.4114056 -0.488069 -0.8145404 0.4349603 -0.3838403 -0.8219506 0.263089 0.5051548 -0.7581747 0.2612283 0.5974369 -0.7524579 0.2870781 0.5927843 -0.7579823 0.2615741 0.5975298 -0.8169155 0.2840627 0.5019535 -0.9015179 0.3058158 0.3061734 -0.8727221 0.3984708 -0.2820945 -0.8658155 0.4131155 -0.2823103 -0.8693279 0.4085124 0.2781846 -0.8751409 0.3760643 0.3044733 -0.8895392 0.330966 0.3149308 -0.8414438 0.4665123 -0.2726511 -0.8434483 0.4628856 -0.2726388 -0.8334783 0.4839193 -0.2667134 -0.8674861 0.4696736 -0.1639342 -0.872722 0.3984708 0.2820945 -0.8658155 0.4131155 0.2823103 -0.8367421 0.4776696 -0.2677578 -0.8557109 0.4915374 -0.161709 -0.8267231 0.4947392 -0.2678844 -0.7694201 0.5258154 -0.3626444 -0.7427312 0.5493004 -0.3829092 -0.7196457 0.5225896 -0.4571763 -0.719669 0.5225627 -0.4571704 -0.6999605 0.559903 -0.4433554 -0.7789933 0.5078903 -0.3677185 -0.8248482 0.4985765 -0.2665462 -0.8145404 0.4349603 0.3838403 -0.8211725 0.4198397 0.3865364 -0.7697623 0.4114057 0.488069 -0.758406 0.4390467 0.4817243 -0.7584304 0.4388197 0.4818929 -0.8414437 0.4665123 0.2726511 -0.8334783 0.4839192 0.2667134 -0.8674861 0.4696736 0.1639342 -0.8434483 0.4628856 0.2726388 -0.7783336 0.5614561 -0.281005 -0.7457607 0.6098532 -0.268179 -0.8267231 0.4947393 0.2678844 -0.8367422 0.4776696 0.2677579 -0.8557109 0.4915374 0.161709 -0.8248482 0.4985766 0.2665462 -0.7457607 0.6098532 0.268179 -0.7783336 0.5614561 0.281005 -0.7789933 0.5078902 0.3677185 -0.719669 0.5225627 0.4571704 -0.7196457 0.5225896 0.4571764 -0.6999605 0.559903 0.4433554 -0.7427312 0.5493004 0.3829092 -0.76942 0.5258154 0.3626444 -0.908827 0.00232826 -0.4171667 -0.9524153 0.00428568 -0.3047732 -0.9084446 0.009134365 -0.4179056 -0.8502216 0.08379491 -0.519713 -0.7852689 0.08465662 -0.6133401 -0.7868885 0.05604637 -0.6145449 -0.9089427 0.02287504 -0.4162931 -0.9046127 0.08889692 -0.4168612 -0.9041055 0.1030691 -0.4146927 -0.7805678 0.1379216 -0.6096652 -0.7773991 0.1644092 -0.607141 -0.844972 0.138739 -0.5165015 -0.9000462 0.1338436 -0.4147323 -0.9023653 0.1200983 -0.4139 -0.9084446 0.009134365 0.4179055 -0.9524153 0.004285576 0.3047732 -0.908827 0.002328247 0.4171667 -0.9089427 0.02287499 0.4162931 -0.8891941 0.2050779 -0.4089949 -0.931372 0.2090904 -0.2980391 -0.8883906 0.2108865 -0.4077857 -0.8919534 0.1935414 -0.4086084 -0.9041055 0.1030692 0.4146927 -0.9046127 0.08889692 0.4168612 -0.8276907 0.2376419 -0.5083841 -0.8222393 0.2625349 -0.5049731 -0.8817661 0.2392755 -0.4064922 -0.8502217 0.08379479 0.519713 -0.7868884 0.05604636 0.6145449 -0.7852689 0.08465655 0.6133401 -0.9023653 0.1200983 0.4139 -0.9000461 0.1338436 0.4147323 -0.9253758 0.234332 -0.2979397 -0.9287938 0.2212984 -0.2972694 -0.7805677 0.1379217 0.6096651 -0.844972 0.138739 0.5165016 -0.7773991 0.1644092 0.607141 -0.8883906 0.2108864 0.4077857 -0.931372 0.2090904 0.2980391 -0.8919534 0.1935414 0.4086084 -0.8891941 0.2050779 0.4089949 -0.9067609 0.3059247 -0.2901635 -0.9085935 0.2988747 -0.2917736 -0.9118748 0.2890625 -0.2914228 -0.9365569 0.3025503 -0.1769873 -0.9253758 0.234332 0.2979397 -0.9287938 0.2212985 0.2972695 -0.8426286 0.3112421 -0.4394377 -0.8860208 0.3434626 -0.3114488 -0.8274095 0.3579327 -0.4327559 -0.886128 0.343159 -0.3114789 -0.9368754 0.3015273 -0.1770475 -0.9418358 0.3308781 -0.05886464 -0.9234889 0.3362958 -0.1845896 -0.8276907 0.237642 0.5083841 -0.8222393 0.2625349 0.5049731 -0.881766 0.2392755 0.4064922 -0.9118748 0.2890625 0.2914228 -0.9365569 0.3025503 0.1769873 -0.906761 0.3059245 0.2901635 -0.9085935 0.2988747 0.2917736 -0.9446024 0.3224705 -0.06114868 -0.9446024 0.3224705 0.06114868 -0.9368754 0.3015272 0.1770475 -0.9418358 0.3308781 0.05886464 -0.923489 0.3362958 0.1845896 -0.8943427 0.4142305 -0.1690099 -0.9287773 0.3660646 -0.0580483 -0.9132951 0.3647355 -0.1812737 -0.9079086 0.3775406 -0.1821128 -0.9026875 0.3950383 -0.1705868 -0.9129144 0.4041433 -0.05705687 -0.8970044 0.4074434 -0.1713859 -0.886128 0.343159 0.3114789 -0.8426285 0.3112421 0.4394377 -0.8274095 0.3579327 0.4327559 -0.8860208 0.3434626 0.3114488 -0.8457898 0.4569584 -0.2753701 -0.8031716 0.4607644 -0.3776395 -0.8142207 0.4367622 -0.3824703 -0.8943426 0.4142306 0.1690098 -0.9079086 0.3775406 0.1821128 -0.9287773 0.3660646 0.0580483 -0.9132951 0.3647354 0.1812737 -0.8944062 0.413707 -0.1699535 -0.9026875 0.3950384 0.1705868 -0.9129144 0.4041432 0.05705687 -0.8970044 0.4074434 0.1713859 -0.8944062 0.413707 0.1699535 -0.8642011 0.4755494 -0.1643445 -0.8800438 0.4716964 -0.05500263 -0.8704333 0.4628782 -0.1675991 -0.8828542 0.4665921 -0.05348217 -0.78332 0.5007561 -0.3683113 -0.770783 0.5242281 -0.3620476 -0.8211465 0.5042222 -0.2673543 -0.8585989 0.4859577 -0.1632574 -0.8512005 0.498569 -0.1639716 -0.870217 0.4896573 -0.05438846 -0.8704333 0.4628782 0.1675991 -0.8828542 0.4665922 0.05348217 -0.8800438 0.4716964 0.05500263 -0.8642011 0.4755494 0.1643445 -0.8031716 0.4607645 0.3776396 -0.8142207 0.4367622 0.3824703 -0.8457898 0.4569584 0.2753702 -0.8673581 0.4949174 -0.05240841 -0.8585989 0.4859578 0.1632574 -0.8512005 0.498569 0.1639715 -0.8673581 0.4949174 0.05240841 -0.870217 0.4896573 0.05438846 -0.8113223 0.5641355 -0.1533211 -0.8173832 0.5544695 -0.1563599 -0.8223799 0.5471513 -0.1559383 -0.8284221 0.5577061 -0.05177613 -0.8211465 0.5042222 0.2673543 -0.78332 0.5007561 0.3683113 -0.770783 0.5242281 0.3620476 -0.8113223 0.5641355 0.1533211 -0.8223799 0.5471514 0.1559383 -0.8284221 0.5577062 0.05177613 -0.8173832 0.5544695 0.1563599 -0.85294 0.02746475 -0.5212862 -0.8518844 0.05645508 -0.5206782 -0.8518881 0.0564721 -0.5206704 -0.908309 0.02792471 -0.4173666 -0.9072171 0.05622046 -0.4168889 -0.9525276 0.007983161 -0.3043475 -0.8798099 0.4721343 -0.05498794 -0.9517638 0.02287313 -0.3059778 -0.982573 0.008487001 -0.1856832 -0.9843287 -0.165264 -0.06152049 -0.9203615 -0.1608031 -0.3564789 -0.9917434 0.04657291 -0.1194826 -0.9176082 0.1777027 -0.3555517 -0.9527109 0.04688713 -0.3002391 -0.9468938 0.107608 -0.303006 -0.9472392 0.1021229 -0.3038239 -0.948934 0.08894683 -0.3026759 -0.9791098 0.08892341 -0.182857 -0.9770073 0.10662 -0.1846319 -0.982573 0.00848703 0.1856832 -0.9525276 0.007983109 0.3043475 -0.9517638 0.02287313 0.3059778 -0.8798099 0.4721343 0.05498794 -0.9460381 0.1156079 -0.3027322 -0.9452202 0.121021 -0.3031709 -0.9759085 0.1165776 -0.1844243 -0.8963202 0.1642162 -0.4118777 -0.8417009 0.1639818 -0.514441 -0.8416879 0.1640131 -0.5144523 -0.8922512 0.1892015 -0.4099887 -0.837776 0.1896476 -0.5120205 -0.9441388 0.1337857 -0.3011701 -0.931563 0.04362852 -0.3609528 -0.974164 0.1337513 -0.1819754 -0.9301877 0.3624514 -0.05813668 -0.87027 0.3591665 -0.3370896 -0.9917434 0.0465729 0.1194826 -0.9203615 -0.160803 0.3564789 -0.9176082 0.1777027 0.3555517 -0.9579092 0.2870713 0 -0.9187958 -0.3947332 0 -0.9527109 0.04688711 0.3002391 -0.9843287 -0.165264 0.06152049 -0.9072171 0.05622048 0.416889 -0.8518881 0.05647209 0.5206703 -0.908309 0.02792472 0.4173666 -0.8518844 0.0564551 0.5206782 -0.8529398 0.02746478 0.5212861 -0.948934 0.08894678 0.3026759 -0.9791098 0.08892342 0.1828569 -0.9770073 0.10662 0.1846319 -0.9472392 0.1021229 0.3038239 -0.9468938 0.1076081 0.303006 -0.9780928 0.1714213 -0.1181061 -0.9340417 0.1935267 -0.3001891 -0.932089 0.2061171 -0.2978689 -0.9616079 0.2056393 -0.1817218 -0.9548285 -0.2911035 -0.05967655 -0.9393787 0.1725378 -0.2963079 -0.9759085 0.1165776 0.1844243 -0.9460381 0.1156079 0.3027322 -0.9452202 0.121021 0.3031709 -0.9971016 -0.07608096 0 -0.8390729 0.5440189 0 -0.974164 0.1337513 0.1819755 -0.9441388 0.1337857 0.3011701 -0.931563 0.04362855 0.3609529 -0.8702701 0.3591665 0.3370896 -0.9301877 0.3624513 0.05813668 -0.9591495 0.2172048 -0.1812572 -0.9738115 0.2190591 -0.06086298 -0.9577031 0.2230944 -0.1817519 -0.9127262 0.2848522 -0.2928995 -0.8703491 0.285697 -0.4010856 -0.8765395 0.2617047 -0.4039668 -0.8764885 0.2618127 -0.4040075 -0.9188477 0.2622203 -0.2948889 -0.9553925 0.2342585 -0.1798557 -0.8683692 0.4443961 -0.2201066 -0.9704113 0.2342077 -0.05872443 -0.9591572 0.1443166 -0.2432905 -0.9616078 0.2056393 0.1817217 -0.9393786 0.1725378 0.2963079 -0.9548285 -0.2911035 0.05967655 -0.9780929 0.1714213 0.1181062 -0.932089 0.2061171 0.2978689 -0.9340417 0.1935267 0.3001892 -0.9591495 0.2172049 0.1812572 -0.9738115 0.2190591 0.06086298 -0.9577031 0.2230944 0.1817518 -0.837776 0.1896477 0.5120205 -0.8416879 0.1640131 0.5144523 -0.8922511 0.1892015 0.4099886 -0.8963202 0.1642162 0.4118777 -0.8417009 0.1639818 0.514441 -0.9392036 0.3433607 0 -0.9591572 0.1443166 0.2432905 -0.9704113 0.2342078 0.05872442 -0.9553925 0.2342585 0.1798557 -0.8683692 0.4443962 0.2201066 -0.9520805 0.3000033 -0.05950494 -0.9404083 0.2890489 -0.1791169 -0.9371196 0.3008757 -0.1768636 -0.9217511 0.3701994 0.1154439 -0.9900351 0.1408212 0 -0.9544136 0.2928519 -0.05772738 -0.991353 0.04246229 -0.1241611 -0.9217511 0.3701993 -0.1154439 -0.9371196 0.3008758 0.1768636 -0.9520805 0.3000033 0.05950494 -0.9404083 0.2890489 0.1791169 -0.991353 0.04246229 0.1241611 -0.9544136 0.2928519 0.05772739 -0.9420103 0.3296582 -0.06278599 -0.9254512 0.3296695 -0.1867037 -0.9340076 0.3517876 -0.0622526 -0.8731154 0.3802969 -0.3050309 -0.9163709 0.355087 -0.1848718 -0.9172605 0.3517615 -0.1868077 -0.9116589 0.3665162 -0.1858597 -0.8853021 0.347654 -0.3088314 -0.9188477 0.2622203 0.2948889 -0.8765395 0.2617048 0.4039668 -0.8764886 0.2618127 0.4040075 -0.9127262 0.2848522 0.2928995 -0.8703491 0.285697 0.4010857 -0.9254512 0.3296695 0.1867037 -0.9340076 0.3517876 0.0622526 -0.9420103 0.3296582 0.06278599 -0.9340072 0.3517888 0.0622519 -0.9224766 0.3813799 -0.05988637 -0.9239578 0.3775044 -0.06158211 -0.9239578 0.3775044 0.0615821 -0.9224766 0.3813799 0.05988637 -0.9340072 0.3517888 -0.06225191 -0.8545521 0.4387202 -0.2779663 -0.8545364 0.4387779 -0.2779238 -0.8830447 0.4376943 -0.1692803 -0.8648593 0.415919 -0.2811224 -0.8921949 0.4180668 -0.1709045 -0.8853021 0.347654 0.3088314 -0.9163709 0.355087 0.1848718 -0.8731154 0.3802969 0.3050309 -0.9116589 0.3665162 0.1858597 -0.9172605 0.3517615 0.1868077 -0.9086117 0.4136713 0.0574539 -0.9102547 0.4102438 -0.05600524 -0.9102547 0.4102438 0.05600524 -0.9086117 0.4136713 -0.0574539 -0.8828068 0.438353 -0.1688161 -0.8723977 0.4594468 -0.1668257 -0.8864409 0.4594354 -0.05605156 -0.8970168 0.4383419 -0.05672073 -0.8970165 0.4383426 -0.05672028 -0.8648593 0.4159189 0.2811224 -0.892195 0.4180668 0.1709045 -0.8830447 0.4376943 0.1692802 -0.8545364 0.4387779 0.2779238 -0.8545521 0.4387203 0.2779664 -0.8970168 0.4383419 0.05672073 -0.8723978 0.4594468 0.1668257 -0.8828068 0.438353 0.1688162 -0.8864408 0.4594354 0.05605156 -0.8970165 0.4383426 0.05672028 -0.8631917 0.5019172 -0.05458166 -0.8372693 0.5228245 -0.160108 -0.8495159 0.501929 -0.1624498 -0.7975699 0.5446804 -0.2592404 -0.8247119 0.5430436 -0.157968 -0.8108067 0.5225381 -0.2637168 -0.8108037 0.5225417 -0.2637185 -0.8368515 0.5233915 -0.1604401 -0.8495159 0.501929 0.1624499 -0.8631917 0.5019172 0.05458166 -0.8372693 0.5228246 0.160108 -0.8507488 0.5228121 0.05379487 -0.8507485 0.5228127 0.05379525 -0.8507488 0.5228121 -0.05379487 -0.8332566 0.550552 -0.05075358 -0.8353972 0.5471025 -0.05282455 -0.8353972 0.5471024 0.05282455 -0.8332566 0.550552 0.05075358 -0.8507485 0.5228126 -0.05379526 -0.8247119 0.5430436 0.157968 -0.8368514 0.5233915 0.1604401 -0.8108037 0.5225417 0.2637185 -0.8108067 0.5225381 0.2637168 -0.7975699 0.5446804 0.2592404 0.03737381 -0.9602277 0.2767057 0.04858159 -0.9482796 0.3136967 0.07148258 -0.8750145 0.4787901 0.07143742 -0.8581699 0.5083712 0.08081376 -0.839992 0.5365469 0.03737381 -0.9602277 -0.2767057 0.04858157 -0.9482796 -0.3136967 0.07148257 -0.8750145 -0.4787901 0.07143742 -0.8581699 -0.5083712 0.08081376 -0.839992 -0.5365469 0.08858566 0.7992272 0.5944648 0.0776156 0.8264073 0.5576977 0.08602856 0.8518725 0.5166357 0.2260058 0.7789401 0.5849562 0.2260057 0.7789401 0.5849562 0.3271803 0.7786624 0.5353858 0.3271802 0.7786624 0.5353858 0.08459635 0.8760946 0.4746596 0.06056341 0.8986027 0.4345634 0.05834489 0.9176636 0.3930515 0.1036378 0.8657807 0.4895743 0.4272018 0.7783573 0.4600636 0.4272019 0.7783572 0.4600636 0.2612757 0.8654148 0.4275421 0.1804577 0.8656116 0.467067 0.1804577 0.8656116 0.4670671 0.2612757 0.8654148 0.4275421 0.0412485 0.9642908 0.2616139 0.08199239 0.9927136 0.08829951 0.09929048 0.9926995 0.0684762 0.4272019 0.7783572 -0.4600636 0.4272019 0.7783573 -0.4600636 0.1125694 0.9926879 0.04357525 0.3271803 0.7786624 -0.5353857 0.3271803 0.7786624 -0.5353858 0.1198311 0.9926813 0.01497888 0.2260058 0.7789401 -0.5849561 0.2260057 0.7789401 -0.5849562 0.08858566 0.7992272 -0.5944648 0.0776156 0.8264073 -0.5576977 0.08602858 0.8518725 -0.5166357 0.1198311 0.9926813 -0.01497888 0.2612757 0.8654148 -0.4275421 0.1125694 0.9926879 -0.04357525 0.2612757 0.8654149 -0.4275421 0.09929048 0.9926995 -0.0684762 0.1804577 0.8656116 -0.4670671 0.08459635 0.8760946 -0.4746596 0.06056342 0.8986027 -0.4345634 0.0583449 0.9176636 -0.3930515 0.1036378 0.8657807 -0.4895744 0.1804577 0.8656116 -0.467067 0.08199239 0.9927136 -0.08829951 0.04124849 0.9642908 -0.2616139 0.04793973 -0.9705186 0.2362105 0.02859083 -0.9872516 0.1565783 0.004818978 -0.980149 0.198204 0.05337361 -0.9698105 0.2379473 0.001030854 -0.9857112 0.1684407 0.303887 -0.9524486 0.0222334 0.1552829 -0.9855051 0.06831488 0.05601692 -0.9919651 0.1134338 0.0411481 -0.9698468 0.2402165 0.08523536 -0.9716308 0.2206094 0.03078238 -0.9832392 0.179703 0.05903096 -0.9071503 0.4166458 0.0755686 -0.890839 0.4479901 0.07160321 -0.9378923 0.3394572 0.06522147 -0.9348176 0.3490877 0.07981367 -0.8882518 0.4523699 0.0553921 -0.9218128 0.3836573 0.1105813 -0.9381215 0.3281767 0.1667685 -0.886498 0.431636 0.1460882 -0.8892081 0.4335518 0.1239021 -0.939046 0.3206881 0.1380251 -0.9381096 0.3176468 0.1823422 -0.8891885 0.4196368 0.1789772 -0.9392514 0.2928718 0.2420253 -0.8857625 0.3960412 0.1660015 -0.9380968 0.3040031 0.219299 -0.8891674 0.4016083 0.2564119 -0.889145 0.3790438 0.1940966 -0.9380832 0.2869255 0.3168795 -0.8849476 0.341255 0.233133 -0.9394757 0.2510662 0.2929938 -0.8891217 0.3515924 0.2217906 -0.9380692 0.2661485 0.2484612 -0.938055 0.2414948 0.328223 -0.8890983 0.3190203 0.04792054 -0.7846919 0.618031 0.04111064 -0.7644398 0.6433831 0.04886071 -0.7429237 0.6675904 0.3611623 -0.8890753 0.2812594 0.3846253 -0.8841388 0.2652587 0.2733989 -0.9380412 0.2129126 0.2815495 -0.9396952 0.194172 0.08607221 -0.821353 0.563889 0.08377645 -0.8025333 0.590696 0.08092866 -0.8130594 0.5765283 0.09070152 -0.829654 0.5508607 0.1509493 -0.7651802 0.6258703 0.2958362 -0.9380282 0.1805102 0.3907983 -0.8890538 0.2384532 0.197983 -0.8355968 0.5124263 0.177477 -0.8313138 0.5267062 0.2055494 -0.7652631 0.6100179 0.2353114 -0.7574281 0.6090412 0.3184901 -0.9398748 0.1232866 0.4369 -0.8834681 0.1691227 0.3149911 -0.9380168 0.144586 0.4160979 -0.8890349 0.1909957 0.2215183 -0.8312868 0.5097958 0.2565542 -0.7652296 0.5904266 0.0554974 -0.736183 0.6745032 0.04666423 -0.7209504 0.6914138 0.1315517 -0.7359651 0.6641155 0.4360856 -0.8890196 0.1395474 0.3301244 -0.9380076 0.1056398 0.3417239 -0.7553394 0.5591843 0.2856616 -0.8365952 0.4674461 0.3085456 -0.7651937 0.5650471 0.2664127 -0.8312577 0.4878881 0.04605913 -0.6980719 0.7145448 0.04706925 -0.70197 0.7106495 0.155191 -0.70144 0.6956276 0.04865921 -0.6741917 0.7369518 0.06188752 -0.648961 0.7583004 0.04834494 -0.690257 0.7219474 0.1659694 -0.689312 0.7051972 0.4655937 -0.8830828 0.05819925 0.4499267 -0.8890089 0.0850255 0.3406041 -0.938001 0.06436616 0.3386032 -0.9399768 0.04232539 0.3607528 -0.7651556 0.5332865 0.3114949 -0.8312268 0.4604703 0.4570091 -0.8890032 0.02856306 0.3459668 -0.9379976 0.02162295 0.4122099 -0.765116 0.494652 0.3716345 -0.8376815 0.4002219 0.4477345 -0.7530208 0.4821758 0.3559305 -0.8311948 0.4271168 0.3459668 -0.9379976 -0.02162295 0.4570092 -0.8890032 -0.02856306 0.4655936 -0.8830828 -0.05819925 0.3386031 -0.9399768 -0.04232539 0.4617617 -0.765076 0.448815 0.3987224 -0.8311623 0.3875432 0.4499266 -0.8890089 -0.08502549 0.3406041 -0.938001 -0.06436616 0.5080898 -0.7650369 0.3956808 0.4387316 -0.8311307 0.3416672 0.4482659 -0.8387401 0.3091488 0.5438371 -0.7507138 0.3750601 0.1649113 -0.690268 0.70451 0.1788352 -0.6049547 0.7759173 0.05570597 -0.6234276 0.7798941 0.05192963 -0.5966777 0.8007991 0.1438195 -0.6429552 0.7522795 0.06760547 -0.6431645 0.7627378 0.05344586 -0.5913805 0.8046196 0.1736453 -0.5908875 0.7878447 0.3301244 -0.9380076 -0.1056398 0.3184901 -0.9398746 -0.1232866 0.4369 -0.8834681 -0.1691227 0.4360856 -0.8890196 -0.1395474 0.5497692 -0.7650005 0.3354522 0.4747271 -0.8311012 0.2896639 0.254185 -0.6052582 0.7543557 0.2309761 -0.6904854 0.6854779 0.2910145 -0.5898976 0.7532141 0.2571399 -0.7006694 0.6655384 0.05328862 -0.5685776 0.8209018 0.05446504 -0.5773806 0.8146565 0.1710788 -0.57706 0.7985824 0.0547807 -0.5630494 0.8246056 0.1709362 -0.5628207 0.8087111 0.3149911 -0.9380168 -0.144586 0.4160979 -0.8890349 -0.1909957 0.5853481 -0.7649683 0.2686842 0.505455 -0.831075 0.2320119 0.5065719 -0.8396026 0.1960924 0.6181049 -0.7487975 0.2392665 0.3172512 -0.6052181 0.7301115 0.2882874 -0.6904474 0.6634552 0.1732532 -0.5482231 0.8181899 0.05461796 -0.5394241 0.8402609 0.05577242 -0.5484725 0.8343064 0.0575771 -0.5097588 0.8583885 0.05606541 -0.5337509 0.8437812 0.2958362 -0.9380282 -0.1805102 0.2815495 -0.9396952 -0.194172 0.3907983 -0.8890538 -0.2384532 0.3846253 -0.8841388 -0.2652587 0.5297306 -0.8310538 0.169514 0.6134554 -0.7649421 0.196306 0.3815328 -0.6051745 0.6987106 0.3708063 -0.7030849 0.6067736 0.3467047 -0.6904063 0.6349291 0.4225907 -0.5858564 0.6915123 0.3611623 -0.8890753 -0.2812594 0.2733989 -0.9380412 -0.2129126 0.6589144 -0.747695 0.0823643 0.6329187 -0.7649237 0.1196067 0.5382545 -0.8400925 0.06728186 0.5465408 -0.831039 0.1032834 0.4053628 -0.6903631 0.5992326 0.4460777 -0.6051284 0.6594198 0.303887 -0.9524486 -0.0222334 0.1552829 -0.9855051 -0.06831488 0.05601692 -0.9919651 -0.1134338 0.08523536 -0.9716308 -0.2206094 0.328223 -0.8890983 -0.3190203 0.3168795 -0.8849476 -0.341255 0.2484612 -0.938055 -0.2414948 0.233133 -0.9394757 -0.2510662 0.6428779 -0.7649142 0.04017989 0.5551426 -0.8310312 0.03469643 0.5096923 -0.6050804 0.6116301 0.5536416 -0.5813704 0.5962293 0.4631776 -0.690318 0.5558126 0.4821012 -0.7057083 0.5191861 0.06120842 -0.4798059 0.8752371 0.05819353 -0.4498724 0.8911949 0.06587297 -0.4901364 0.869153 0.05925098 -0.4453643 0.8933868 0.001030854 -0.9857112 -0.1684407 0.02859083 -0.9872516 -0.1565783 0.004818971 -0.980149 -0.198204 0.05337364 -0.9698105 -0.2379473 0.03078238 -0.9832392 -0.179703 0.04793974 -0.9705186 -0.2362105 0.0411481 -0.9698468 -0.2402165 0.2929938 -0.8891217 -0.3515924 0.2217906 -0.9380692 -0.2661485 0.6589144 -0.747695 -0.0823643 0.6428779 -0.7649142 -0.04017989 0.5382545 -0.8400925 -0.06728186 0.5551426 -0.8310312 -0.03469643 0.5188488 -0.6902722 0.5043017 0.5709461 -0.6050321 0.5549384 0.05920269 -0.4197479 0.9057078 0.06024704 -0.430319 0.9006642 0.1883488 -0.4300497 0.8829393 0.06021651 -0.4152398 0.9077169 0.1881207 -0.4150384 0.8901425 0.2564119 -0.889145 -0.3790438 0.2420253 -0.8857625 -0.3960412 0.1789772 -0.9392514 -0.2928718 0.1940966 -0.9380832 -0.2869255 0.5465408 -0.831039 -0.1032834 0.6329187 -0.7649237 -0.1196067 0.628212 -0.6049849 0.4892269 0.5811488 -0.7082595 0.4007924 0.570897 -0.6902277 0.4445923 0.6724077 -0.5769081 0.4637294 0.3019033 -0.5461439 0.781397 0.3273852 -0.4181127 0.8473492 0.06115475 -0.4001987 0.9143856 0.1899389 -0.3999775 0.8966277 0.06012855 -0.3896445 0.9190004 0.06259025 -0.3595991 0.9310053 0.06110014 -0.3851519 0.9208283 0.219299 -0.8891674 -0.4016083 0.1660015 -0.9380968 -0.3040031 0.6134554 -0.764942 -0.196306 0.6181049 -0.7487975 -0.2392665 0.5297306 -0.8310538 -0.169514 0.5065719 -0.8396026 -0.1960924 0.6177204 -0.6901862 0.3769144 0.6797277 -0.6049407 0.4147494 0.1823422 -0.8891885 -0.4196368 0.1667685 -0.886498 -0.431636 0.1380251 -0.9381096 -0.3176468 0.1239021 -0.939046 -0.3206881 0.5853481 -0.7649683 -0.2686842 0.505455 -0.831075 -0.2320119 0.7641591 -0.5732026 0.2958036 0.6564005 -0.7103354 0.2540905 0.7237012 -0.6049017 0.3321905 0.6576899 -0.6901494 0.3018902 0.3864227 -0.4799409 0.787613 0.4348377 -0.5519136 0.7115529 0.3833443 -0.4925009 0.7813386 0.475561 -0.4101957 0.778191 0.06522147 -0.9348176 -0.3490877 0.05539209 -0.9218128 -0.3836573 0.05903096 -0.9071503 -0.4166458 0.07556861 -0.890839 -0.4479901 0.1460882 -0.8892081 -0.4335518 0.1105813 -0.9381215 -0.3281767 0.07160319 -0.9378923 -0.3394572 0.07981366 -0.8882518 -0.4523698 0.4747271 -0.8311012 -0.2896639 0.4482659 -0.8387401 -0.3091488 0.5438371 -0.7507138 -0.3750601 0.5497692 -0.7650005 -0.3354522 0.7584381 -0.6048704 0.2427001 0.689265 -0.6901196 0.2205647 0.06489512 -0.3297392 0.941839 0.06246678 -0.3002146 0.9518241 0.06923069 -0.3411551 0.9374542 0.4387316 -0.8311307 -0.3416672 0.5080898 -0.7650369 -0.3956808 0.06312054 -0.2970725 0.9527664 0.7824911 -0.6048482 0.1478725 0.6972474 -0.7115124 0.08715591 0.7111287 -0.6900986 0.1343867 0.6232272 -0.4013996 0.6711677 0.5257573 -0.4870768 0.6973775 0.5263981 -0.4851634 0.6982275 0.5645949 -0.558156 0.6080251 0.0630765 -0.270927 0.9605311 0.06402808 -0.2824182 0.9571522 0.1996414 -0.2822295 0.9383442 0.4477345 -0.7530208 -0.4821758 0.3716345 -0.8376815 -0.4002219 0.4617617 -0.765076 -0.448815 0.3987224 -0.8311623 -0.3875432 0.7223162 -0.6900879 0.04514477 0.06370502 -0.2678213 0.9613603 0.199222 -0.2676768 0.9426875 0.3293077 -0.4063233 0.8523249 0.3475738 -0.2644014 0.8996024 0.06361515 -0.2419967 0.9681894 0.06455933 -0.2533413 0.9652203 0.2005472 -0.2531842 0.946403 0.4122099 -0.765116 -0.494652 0.3559305 -0.8311948 -0.4271168 0.6972474 -0.7115124 -0.08715591 0.7223162 -0.6900879 -0.04514477 0.06564134 -0.2134464 0.974747 0.06421857 -0.2389384 0.9689088 0.6561713 -0.4944314 0.5700673 0.6633261 -0.4773847 0.5762833 0.6796747 -0.5642021 0.4687411 0.3607528 -0.7651556 -0.5332865 0.3417239 -0.7553394 -0.5591843 0.2856616 -0.8365952 -0.4674461 0.3114949 -0.8312268 -0.4604703 0.7111287 -0.6900986 -0.1343867 0.7824911 -0.6048482 -0.1478726 0.5042229 -0.2549159 0.8250922 0.414168 -0.3403705 0.844164 0.4746558 -0.4140338 0.7767097 0.4148168 -0.3362735 0.8454864 0.7947989 -0.6048365 0.04967482 0.7824913 -0.604848 0.1478723 0.7947989 -0.6048365 0.04967494 0.2664127 -0.8312577 -0.4878881 0.3085456 -0.7651937 -0.5650471 0.7584381 -0.6048704 -0.2427001 0.6564005 -0.7103354 -0.2540905 0.7641591 -0.5732026 -0.2958036 0.689265 -0.6901196 -0.2205647 0.7668189 -0.5691035 0.2968332 0.06691735 -0.1853402 0.9803933 0.06488524 -0.1577424 0.9853463 0.07102133 -0.197173 0.9777928 0.7631187 -0.4481487 0.4656315 0.705296 -0.4481899 0.549257 0.2565542 -0.7652296 -0.5904266 0.197983 -0.8355968 -0.5124263 0.2215183 -0.8312868 -0.5097958 0.2353114 -0.7574281 -0.6090412 0.6576899 -0.6901494 -0.3018902 0.7237012 -0.6049017 -0.3321905 0.0652307 -0.1559883 0.9856027 0.5640649 -0.349346 0.74819 0.6167692 -0.4223945 0.6642129 0.568918 -0.3269096 0.7546273 0.7947989 -0.6048365 -0.04967478 0.7947988 -0.6048365 -0.04967494 0.7824914 -0.6048481 -0.1478723 0.06605624 -0.1423852 0.9876047 0.2056545 -0.1422874 0.9682254 0.08607221 -0.821353 -0.563889 0.08377645 -0.8025333 -0.590696 0.177477 -0.8313138 -0.5267062 0.09070152 -0.829654 -0.5508607 0.2055494 -0.7652631 -0.6100179 0.6724077 -0.5769081 -0.4637294 0.6177204 -0.6901862 -0.3769144 0.6797277 -0.6049407 -0.4147494 0.5811488 -0.7082595 -0.4007924 0.8515264 -0.5216037 0.05322028 0.06474148 -0.1261472 0.9898967 0.06486997 -0.1266504 0.989824 0.2049477 -0.1265856 0.9705527 0.3577741 -0.1204819 0.9260032 0.3472846 -0.2673111 0.8988538 0.628212 -0.6049849 -0.4892269 0.570897 -0.6902277 -0.4445923 0.06472731 -0.08870065 0.993953 0.06662879 -0.1078003 0.9919373 0.7916329 -0.3741649 0.48303 0.6104756 -0.3010974 0.7325708 0.683818 -0.3010628 0.6646459 0.5188488 -0.6902722 -0.5043017 0.4821012 -0.7057083 -0.5191861 0.5536416 -0.5813704 -0.5962293 0.5709462 -0.6050321 -0.5549384 0.5011221 -0.2764905 0.8200181 0.4327801 -0.1860145 0.8820999 0.5182731 -0.1102153 0.8480835 0.4311239 -0.2048793 0.8787244 0.8922666 -0.4480517 0.05576604 0.4631776 -0.690318 -0.5558126 0.5096923 -0.6050804 -0.6116301 0.8428263 -0.3741319 0.3868711 0.883265 -0.3741053 0.2826447 0.06577047 -0.05017449 0.9965726 0.0714856 -0.06617425 0.9952441 0.08092866 -0.8130594 -0.5765283 0.04792052 -0.7846919 -0.618031 0.04111065 -0.7644398 -0.6433831 0.04886073 -0.7429237 -0.6675904 0.1509492 -0.7651802 -0.6258703 0.8140517 -0.3009978 0.4967093 0.3708063 -0.7030849 -0.6067736 0.4225907 -0.5858564 -0.6915123 0.4053628 -0.6903631 -0.5992326 0.4460777 -0.6051284 -0.6594198 0.7668189 -0.5691035 -0.2968332 0.6230657 -0.2297072 0.7476789 0.5879025 -0.2151015 0.7798089 0.5926594 -0.1754214 0.7861184 0.6979173 -0.2296798 0.6783499 0.06474363 -0.01283551 0.9978194 0.06678904 -0.02564565 0.9974374 0.3815328 -0.6051745 -0.6987106 0.3467047 -0.6904063 -0.6349291 0.2067048 -0.007209281 0.9783768 0.06609239 -0.007213416 0.9977874 0.3570833 -0.1353435 0.9242151 0.3603837 0.009239214 0.9327583 0.3172512 -0.6052181 -0.7301115 0.2882874 -0.6904474 -0.6634552 0.2910145 -0.5898976 -0.7532141 0.2571399 -0.7006695 -0.6655384 0.6796747 -0.5642021 -0.4687411 0.06679882 0.01092388 0.9977067 0.06478077 0.02333776 0.9976266 0.2073114 0.01091664 0.9782141 0.05549741 -0.736183 -0.6745032 0.1315518 -0.7359651 -0.6641155 0.04666423 -0.7209504 -0.6914138 0.7678888 -0.2296526 0.598002 0.8308289 -0.2296276 0.5069463 0.06607799 0.02877697 0.9973994 0.04706925 -0.70197 -0.7106495 0.04605913 -0.6980719 -0.7145448 0.1551909 -0.7014399 -0.6956276 0.254185 -0.6052582 -0.7543557 0.2309761 -0.6904854 -0.6854779 0.6318528 -0.1608075 0.7582237 0.707758 -0.1607878 0.6879142 0.04865921 -0.6741917 -0.7369518 0.06188756 -0.648961 -0.7583004 0.04834494 -0.6902569 -0.7219474 0.1659694 -0.6893122 -0.7051971 0.1649113 -0.690268 -0.70451 0.5213499 0.01958615 0.8531182 0.4391273 -0.07795857 0.8950361 0.4399444 -0.04873748 0.8967015 0.5159105 -0.1453729 0.8442175 0.06472846 0.05837201 0.9961942 0.06672384 0.04634256 0.9966947 0.5645949 -0.558156 -0.6080251 0.6633261 -0.4773847 -0.5762833 0.6561713 -0.4944314 -0.5700673 0.6232272 -0.4013996 -0.6711677 0.705296 -0.4481899 -0.5492571 0.175148 0.02881491 0.9841204 0.1686559 0.04641354 0.9845816 0.6372992 -0.09483191 0.7647593 0.6015656 -0.03773252 0.7979318 0.5996174 -0.08877695 0.7953475 0.5263981 -0.4851634 -0.6982275 0.4348377 -0.5519136 -0.7115529 0.5257573 -0.4870768 -0.6973775 0.475561 -0.4101957 -0.778191 0.05570597 -0.6234276 -0.7798941 0.05192963 -0.5966777 -0.8007991 0.1788352 -0.6049547 -0.7759173 0.1438195 -0.6429552 -0.7522796 0.06760547 -0.6431645 -0.7627378 0.1736453 -0.5908875 -0.7878447 0.05344586 -0.5913805 -0.8046196 0.05446504 -0.5773805 -0.8146565 0.05328863 -0.5685776 -0.8209018 0.1710788 -0.57706 -0.7985823 0.3833443 -0.4925009 -0.7813386 0.3864227 -0.4799409 -0.787613 0.3273852 -0.4181127 -0.8473492 0.3019033 -0.5461439 -0.781397 0.6398569 -0.03198458 0.7678282 0.0547807 -0.5630493 -0.8246057 0.1709362 -0.5628206 -0.8087111 0.06425889 0.1570937 0.9854909 0.05461795 -0.5394241 -0.8402609 0.1732532 -0.5482231 -0.8181899 0.05577241 -0.5484725 -0.8343064 0.6167692 -0.4223945 -0.6642129 0.05606541 -0.5337509 -0.8437812 0.0575771 -0.5097588 -0.8583885 0.06592163 0.1705094 0.9831484 0.1663573 0.170762 0.9711671 0.06391489 0.1880751 0.9800728 0.06456962 0.1859018 0.9804444 0.1717311 0.186147 0.9673974 0.2034197 0.2009738 0.9582432 0.06553236 0.2011091 0.9773744 0.5042229 -0.2549159 -0.8250922 0.5640649 -0.349346 -0.74819 0.568918 -0.3269096 -0.7546273 0.4746558 -0.4140338 -0.7767097 0.6104757 -0.3010974 -0.7325708 0.06350991 0.2182037 0.9738345 0.06416498 0.2160816 0.9742646 0.2017535 0.2159698 0.9553285 0.06120842 -0.4798059 -0.8752371 0.05819353 -0.4498724 -0.8911949 0.06587297 -0.4901364 -0.869153 0.8308289 -0.2296275 -0.5069463 0.7678888 -0.2296526 -0.598002 0.05925097 -0.4453643 -0.8933868 0.2028348 0.2307242 0.951643 0.06509072 0.2308914 0.9707999 0.06024703 -0.4303189 -0.9006642 0.0592027 -0.4197479 -0.9057078 0.1883488 -0.4300498 -0.8829393 0.3475738 -0.2644014 -0.8996024 0.414168 -0.3403705 -0.844164 0.3293077 -0.4063233 -0.8523249 0.4148168 -0.3362735 -0.8454864 0.06370529 0.2454774 0.9673069 0.06304882 0.2475495 0.9668216 0.1881207 -0.4150384 -0.8901426 0.06021651 -0.4152398 -0.9077169 0.9975426 -0.03196557 0.0623462 0.1899389 -0.3999774 -0.8966277 0.06012855 -0.3896445 -0.9190004 0.06115475 -0.4001986 -0.9143856 0.06460081 0.2599221 0.9634662 0.6230657 -0.2297072 -0.7476789 0.06259026 -0.3595991 -0.9310053 0.06110014 -0.385152 -0.9208283 0.169472 0.2457921 0.9543927 0.1630175 0.260292 0.9516687 0.9821063 -0.0319665 -0.185595 0.5879025 -0.2151015 -0.7798089 0.5011221 -0.2764905 -0.8200181 0.5926594 -0.1754214 -0.7861184 0.5182731 -0.1102153 -0.8480835 0.6318528 -0.1608075 -0.7582237 0.06489513 -0.3297392 -0.941839 0.06246677 -0.3002146 -0.9518241 0.06923069 -0.3411551 -0.9374542 0.06312054 -0.2970725 -0.9527664 0.3472846 -0.2673111 -0.8988538 0.4327801 -0.1860145 -0.8820999 0.3577741 -0.1204819 -0.9260032 0.4311239 -0.2048793 -0.8787244 0.06307649 -0.270927 -0.9605311 0.06402808 -0.2824182 -0.9571522 0.1996415 -0.2822295 -0.9383442 0.199222 -0.2676768 -0.9426875 0.06370502 -0.2678213 -0.9613603 0.06455933 -0.2533413 -0.9652203 0.06361515 -0.2419967 -0.9681894 0.2005472 -0.2531841 -0.946403 0.06047176 0.3586112 0.9315263 0.6372992 -0.09483191 -0.7647593 0.06564134 -0.2134464 -0.974747 0.06421857 -0.2389384 -0.9689088 0.06179577 0.3640812 0.9293149 0.1572166 0.3645747 0.9178062 0.0617339 0.3773645 0.9240048 0.05973797 0.3851629 0.9209132 0.1621986 0.3777806 0.9115775 0.5159105 -0.1453729 -0.8442175 0.5996174 -0.08877692 -0.7953475 0.6015656 -0.03773252 -0.7979318 0.5213499 0.01958611 -0.8531182 0.1904228 0.3903524 0.9007576 0.0610752 0.3905514 0.9185529 0.6398569 -0.03198457 -0.7678282 0.07102132 -0.197173 -0.9777928 0.06691735 -0.1853402 -0.9803933 0.06488525 -0.1577424 -0.9853463 0.1895069 0.4034479 0.895163 0.05894696 0.4113725 0.9095592 0.060994 0.4036656 0.9128712 0.0652307 -0.1559883 -0.9856027 0.06030422 0.416693 0.9070448 0.4391273 -0.07795857 -0.8950361 0.3570833 -0.1353435 -0.9242151 0.4399444 -0.04873748 -0.8967015 0.3603837 0.009239214 -0.9327583 0.2056545 -0.1422875 -0.9682254 0.06605624 -0.1423851 -0.9876047 0.05809454 0.4373111 0.897432 0.06482451 0.4628291 0.884074 0.06020417 0.4296712 0.9009762 0.06474148 -0.1261472 -0.9898967 0.06486997 -0.1266504 -0.989824 0.2049477 -0.1265856 -0.9705527 0.06662879 -0.1078003 -0.9919373 0.06472731 -0.08870065 -0.993953 0.1597065 0.4171349 0.8947024 0.1408444 0.5514585 0.8222265 0.1524141 0.430211 0.8897688 0.0714856 -0.06617425 -0.9952441 0.06577047 -0.05017449 -0.9965726 0.06678903 -0.02564565 -0.9974374 0.06474363 -0.01283551 -0.9978194 0.2067048 -0.007209256 -0.9783768 0.06609239 -0.007213409 -0.9977874 0.06789091 0.4882886 0.8700374 0.05552093 0.5141572 0.8558971 0.06679882 0.01092388 -0.9977067 0.06478077 0.02333776 -0.9976266 0.2073114 0.0109166 -0.9782141 0.05704906 0.5264363 0.8482984 0.1434877 0.5270118 0.8376574 0.1546505 0.4012376 0.9028242 0.1029878 0.4775449 0.8725505 0.175148 0.02881491 -0.9841204 0.06607799 0.02877698 -0.9973994 0.05439424 0.5396679 0.840119 0.05466561 0.5391333 0.8404445 0.1492482 0.5396343 0.8285649 0.06472846 0.05837201 -0.9961942 0.1686559 0.04641354 -0.9845816 0.06672384 0.04634257 -0.9966947 0.1738723 0.5516551 0.8157481 0.05598657 0.551955 0.8319923 0.05317969 0.5652187 0.8232252 0.1703704 0.5644971 0.8076614 0.05347012 0.5646749 0.8235795 0.05485084 0.5775399 0.8145176 0.1705279 0.5772269 0.7985796 0.05218049 0.5903082 0.8054895 0.0518682 0.5908618 0.8051037 0.05363511 0.60324 0.7957543 0.05066189 0.6166345 0.7856177 0.06416517 0.642035 0.7639855 0.1446755 0.590782 0.7937541 0.134584 0.6038164 0.7856799 0.1232167 0.6836651 0.719319 0.06425889 0.1570937 -0.9854909 0.1663573 0.170762 -0.9711671 0.06592163 0.1705094 -0.9831484 0.1717311 0.186147 -0.9673974 0.06456962 0.1859017 -0.9804444 0.0639149 0.1880751 -0.9800728 0.2034197 0.2009737 -0.9582432 0.06553236 0.2011092 -0.9773744 0.2017535 0.2159698 -0.9553285 0.06416499 0.2160816 -0.9742646 0.06350991 0.2182037 -0.9738345 0.05866472 0.6683286 0.7415493 0.04476376 0.6951001 0.7175181 0.2028349 0.2307242 -0.951643 0.06509072 0.2308914 -0.9707999 0.04593649 0.7215354 0.690852 0.04744076 0.7018569 0.7107366 0.1373538 0.7270337 0.6727227 0.09649552 0.6519564 0.7520915 0.2654395 0.676421 0.68702 0.1201744 0.7024068 0.7015574 0.1339327 0.6088772 0.7818763 0.231375 0.6510983 0.722867 0.2507025 0.6909645 0.6780238 0.06304882 0.2475495 -0.9668216 0.0637053 0.2454774 -0.9673069 0.169472 0.2457921 -0.9543927 0.3724302 0.699921 0.6094311 0.4191 0.5950072 0.6858001 0.3458057 0.6923656 0.6332837 0.06460081 0.2599221 -0.9634662 0.1630175 0.260292 -0.9516687 0.4453683 0.6067909 0.6583707 0.4043126 0.6923225 0.5976796 0.1280002 0.7353531 0.6654862 0.1606742 0.7799547 0.604859 0.04427765 0.7482122 0.6619804 0.04189077 0.7749954 0.6305768 0.05914873 0.7355466 0.6748871 0.08044127 0.8070436 0.5849871 0.5482726 0.5922577 0.5904474 0.484956 0.7014711 0.5222604 0.5088815 0.606743 0.6106575 0.4619773 0.6922774 0.5543725 0.5700383 0.6066949 0.5540556 0.5175048 0.6922319 0.5029949 0.6272129 0.6066476 0.4884492 0.5854723 0.7029856 0.4037741 0.6649445 0.5895345 0.4585824 0.569418 0.6921874 0.4434407 0.6786471 0.6066035 0.4140898 0.6161206 0.692146 0.375938 0.06047176 0.3586112 -0.9315263 0.1572166 0.3645747 -0.9178062 0.06179577 0.3640812 -0.9293149 0.6621036 0.7042231 0.256298 0.7548043 0.5872818 0.2921823 0.6559864 0.6921094 0.3011087 0.7225505 0.6065646 0.3316628 0.1621986 0.3777806 -0.9115774 0.0617339 0.3773645 -0.9240048 0.05973797 0.3851629 -0.9209132 0.6874796 0.6920799 0.2199936 0.7572328 0.6065329 0.2423145 0.1904228 0.3903525 -0.9007576 0.06107519 0.3905514 -0.9185529 0.7812478 0.6065106 0.147637 0.7038031 0.7049267 0.0879753 0.7812476 0.6065109 0.1476376 0.7092871 0.692059 0.1340382 0.060994 0.4036656 -0.9128712 0.05894696 0.4113725 -0.9095592 0.1895069 0.4034479 -0.895163 0.7935356 0.6064993 0.04959574 0.7935356 0.6064994 0.04959602 0.7204457 0.6920481 0.04502789 0.06030422 0.416693 -0.9070448 0.1597065 0.4171349 -0.8947024 0.06020417 0.4296712 -0.9009762 0.1408444 0.5514585 -0.8222265 0.05809454 0.4373111 -0.897432 0.0648245 0.4628291 -0.884074 0.1524141 0.430211 -0.8897688 0.7935356 0.6064994 -0.04959574 0.7038031 0.7049267 -0.0879753 0.7935356 0.6064993 -0.04959602 0.7204457 0.6920481 -0.04502789 0.7812477 0.6065106 -0.1476377 0.7812476 0.6065109 -0.147637 0.709287 0.692059 -0.1340382 0.6621037 0.7042231 -0.2562981 0.7548043 0.5872818 -0.2921823 0.7572328 0.6065329 -0.2423145 0.6874796 0.6920798 -0.2199936 0.6559864 0.6921093 -0.3011087 0.7225505 0.6065646 -0.3316628 0.6304408 0.7368773 0.2440415 0.5411659 0.8144054 0.2094835 0.6161206 0.692146 -0.375938 0.6649445 0.5895345 -0.4585824 0.6786471 0.6066035 -0.4140898 0.5854723 0.7029856 -0.4037741 0.1029878 0.4775449 -0.8725505 0.569418 0.6921875 -0.4434407 0.6272129 0.6066476 -0.4884492 0.06657556 0.9247089 0.3748082 0.05929747 0.9586318 0.2784043 0.04792817 0.9359441 0.3488719 0.04585029 0.9515392 0.3040902 0.06789089 0.4882886 -0.8700374 0.05552093 0.5141572 -0.8558971 0.1546505 0.4012376 -0.9028242 0.6723226 0.7354723 0.08404025 0.6120934 0.7754785 0.1548378 0.5747589 0.8151629 0.07184486 0.6005402 0.7850306 0.1519153 0.1434877 0.5270118 -0.8376574 0.05704905 0.5264363 -0.8482984 0.5482726 0.5922577 -0.5904474 0.484956 0.7014711 -0.5222604 0.5175048 0.6922319 -0.5029949 0.5700383 0.6066949 -0.5540556 0.1016511 0.9593993 0.2630971 0.1382348 0.9235159 0.3577843 0.1210371 0.9253755 0.3592077 0.0907355 0.9587781 0.2692799 0.05466562 0.5391333 -0.8404445 0.1492482 0.5396343 -0.8285649 0.05439422 0.5396679 -0.840119 0.3402084 0.8652553 0.3682276 0.4530376 0.8349481 0.3124398 0.3421711 0.8643683 0.3684919 0.3726015 0.8917042 0.2569666 0.3400444 0.8661789 0.3662018 0.4619773 0.6922774 -0.5543725 0.5088815 0.606743 -0.6106575 0.1132547 0.9587699 0.2606407 0.1510759 0.9253616 0.347681 0.1738723 0.5516552 -0.8157481 0.05598657 0.551955 -0.8319923 0.5747589 0.8151629 -0.07184486 0.6723226 0.7354723 -0.08404025 0.6307343 0.775999 0 0.6201583 0.7844767 0 0.1315976 0.9900064 0.05068708 0.0647383 0.9837343 0.167558 0.08776551 0.9857341 0.1436162 0.2157625 0.9526085 0.2144381 0.04675877 0.9833801 0.1754344 -0.00658914 0.9914932 0.1299912 0.06703681 0.9943197 0.08267126 0.2258411 0.97321 0.04310601 0.374911 0.9269589 0.0137501 0.0199901 0.9816028 0.1898851 0.4453683 0.6067909 -0.6583707 0.3724302 0.699921 -0.6094311 0.4043126 0.6923225 -0.5976796 0.4191 0.5950072 -0.6858001 0.2006419 0.9230096 0.3283232 0.1816969 0.9253465 0.3327464 0.136211 0.9587612 0.2494467 0.1468315 0.9595369 0.2402696 0.1703704 0.5644971 -0.8076614 0.05347013 0.5646749 -0.8235795 0.05317969 0.5652187 -0.8232252 0.4196952 0.879868 0.2229086 0.4603384 0.8534112 0.244495 0.4210253 0.892287 0.1629775 0.5150732 0.8336343 0.1993831 0.3458057 0.6923657 -0.6332837 0.1705279 0.5772269 -0.7985796 0.05485084 0.57754 -0.8145176 0.1592648 0.9587519 0.235435 0.2124478 0.9253305 0.3140533 0.6304408 0.7368773 -0.2440415 0.6120934 0.7754785 -0.1548378 0.6005402 0.7850306 -0.1519153 0.5411659 0.8144054 -0.2094835 0.1446755 0.590782 -0.7937541 0.0521805 0.5903082 -0.8054895 0.0518682 0.5908618 -0.8051037 0.1912547 0.9596871 0.2059666 0.1819898 0.9587421 0.2183877 0.2427594 0.9253138 0.2913111 0.262736 0.9224485 0.2829464 0.1232167 0.6836651 -0.719319 0.134584 0.6038164 -0.7856799 0.05363511 0.6032401 -0.7957542 0.0506619 0.6166345 -0.7856177 0.06416517 0.642035 -0.7639855 0.549183 0.8328778 0.06864787 0.5041257 0.8541631 0.1275258 0.461932 0.8791839 0.1168523 0.4473331 0.8926177 0.05591664 0.2719507 0.925297 0.2643258 0.2038753 0.9587324 0.1981592 0.318953 0.9218912 0.2199676 0.2992453 0.9252807 0.2330406 0.2309673 0.9598341 0.1592878 0.2243392 0.9587228 0.1747066 0.549183 0.8328778 -0.06864787 0.5195567 0.854436 0 0.4473331 0.8926177 -0.05591663 0.4769451 0.8789331 0 0.3238029 0.9252653 0.1975747 0.2427514 0.9587139 0.1481195 0.2612651 0.9599543 0.1011349 0.25847 0.958706 0.118642 0.3447676 0.9252519 0.158254 0.3623466 0.9214288 0.1402632 0.231375 0.6510983 -0.722867 0.09649554 0.6519564 -0.7520915 0.2507025 0.6909645 -0.6780239 0.2654395 0.676421 -0.68702 0.5150731 0.8336343 -0.1993831 0.5041257 0.8541631 -0.1275258 0.4210252 0.892287 -0.1629775 0.461932 0.8791839 -0.1168523 0.3613308 0.9252409 0.1156258 0.2708888 0.9586996 0.08668442 0.1339327 0.6088772 -0.7818763 0.05866477 0.6683286 -0.7415493 0.04476374 0.6951001 -0.7175181 0.3728007 0.9252332 0.07045057 0.3861712 0.9211633 0.04827139 0.2777605 0.9600227 0.03472004 0.2794887 0.9586952 0.05281679 0.0459365 0.7215354 -0.690852 0.1373538 0.7270337 -0.6727227 0.1201744 0.7024068 -0.7015574 0.04744075 0.7018568 -0.7107365 0.4530376 0.8349481 -0.3124398 0.4603384 0.8534112 -0.244495 0.3402084 0.8652553 -0.3682276 0.3421711 0.8643684 -0.3684919 0.3726015 0.8917042 -0.2569666 0.4196952 0.879868 -0.2229086 0.3400444 0.8661789 -0.3662018 0.2838894 0.9586928 0.01774309 0.3786699 0.9252292 0.02366685 0.2777605 0.9600227 -0.03472004 0.3786699 0.9252292 -0.02366685 0.3861712 0.9211633 -0.04827139 0.2838894 0.9586928 -0.01774308 0.3728007 0.9252332 -0.07045057 0.2794887 0.9586952 -0.05281679 0.04427764 0.7482122 -0.6619804 0.04189079 0.7749954 -0.6305768 0.08044127 0.8070436 -0.5849871 0.1606742 0.7799547 -0.604859 0.05914874 0.7355466 -0.6748871 0.1280001 0.735353 -0.6654862 0.2612651 0.9599543 -0.1011349 0.3613308 0.9252409 -0.1156258 0.2708888 0.9586996 -0.08668442 0.3623466 0.9214288 -0.1402632 0.25847 0.958706 -0.118642 0.3447676 0.9252519 -0.158254 0.2427514 0.9587139 -0.1481195 0.3238029 0.9252653 -0.1975747 0.318953 0.9218912 -0.2199676 0.2309673 0.9598341 -0.1592878 0.2243392 0.9587228 -0.1747066 0.2992453 0.9252807 -0.2330406 0.1912547 0.9596871 -0.2059666 0.2719507 0.925297 -0.2643258 0.2038753 0.9587323 -0.1981592 0.262736 0.9224485 -0.2829464 0.1819898 0.9587421 -0.2183877 0.2427594 0.9253138 -0.2913111 0.1592648 0.9587519 -0.235435 0.1468315 0.9595369 -0.2402696 0.2124478 0.9253305 -0.3140533 0.2006419 0.9230096 -0.3283232 0.1816969 0.9253465 -0.3327464 0.136211 0.9587612 -0.2494467 0.1382348 0.9235158 -0.3577843 0.1016511 0.9593993 -0.2630971 0.1510759 0.9253616 -0.347681 0.1132547 0.9587699 -0.2606407 0.06657556 0.9247089 -0.3748082 0.05929746 0.9586318 -0.2784042 0.1210371 0.9253755 -0.3592077 0.0907355 0.958778 -0.2692799 0.04792817 0.9359441 -0.3488719 0.0458503 0.9515392 -0.3040902 0.01999009 0.9816028 -0.1898851 0.0647383 0.9837343 -0.167558 0.08776551 0.9857341 -0.1436162 0.1315977 0.9900064 -0.05068708 0.2157625 0.9526085 -0.2144381 0.04675878 0.9833801 -0.1754344 -0.006589151 0.9914932 -0.1299912 0.06703678 0.9943197 -0.08267126 0.2258411 0.97321 -0.04310601 0.374911 0.9269589 -0.0137501 0.1367396 -0.9650056 0.2237557 0.1725342 -0.9673201 0.1858061 0.1154045 -0.9911804 0.06514017 0.0819666 -0.9710782 0.2242514 0.08596809 -0.9820424 0.1679352 0.1154045 -0.9911804 -0.06514018 0.0859681 -0.9820424 -0.1679352 0.1367396 -0.9650056 -0.2237557 0.0819666 -0.9710782 -0.2242514 0.1725342 -0.9673201 -0.1858061 0.2627423 -0.5140355 0.8165378 0.1718139 -0.5526403 0.8155173 0.1640446 -0.5338662 0.8295036 0.155735 -0.4903491 0.8574989 0.2705638 -0.4587581 0.8463665 0.2604105 -0.4874728 0.8334005 0.1582103 -0.4873891 0.8587324 0.1860682 -0.4155037 0.8903568 0.1712877 -0.4455343 0.8787262 0.1774878 -0.3852871 0.9055672 0.1868602 -0.4119003 0.891864 0.1699382 -0.3413306 0.9244536 0.2833565 -0.3621425 0.88801 0.1821215 -0.2972125 0.9372814 0.171471 -0.3391291 0.9249807 0.2810272 -0.3391673 0.897769 0.1965613 -0.2621906 0.9447855 0.2876383 -0.3151388 0.9044068 0.7753663 -0.5216684 0.355906 0.7631186 -0.4481485 0.4656318 0.8124731 -0.4481119 0.3729386 0.8124731 -0.4481121 0.3729385 0.7282608 -0.5217069 0.4443626 0.1857555 -0.2390467 0.9530748 0.1785314 -0.1972846 0.963953 0.2955664 -0.2142762 0.9309813 0.1965903 -0.2716085 0.9421152 0.8125774 -0.5216371 0.2600246 0.8383428 -0.5216151 0.158427 0.8514599 -0.4480824 0.2724669 0.8383428 -0.521615 0.1584269 0.8514597 -0.4480826 0.272467 0.8784541 -0.4480625 0.1660071 0.8784544 -0.4480619 0.1660077 0.1793951 -0.1958946 0.9640761 0.1880557 -0.1560708 0.9696788 0.2018032 -0.1186286 0.9722154 0.2932476 -0.1959072 0.935749 0.2973631 -0.1772784 0.9381618 0.7523792 -0.3010298 0.5859237 0.7523791 -0.3010293 0.5859241 0.731655 -0.3742014 0.5697843 0.6838182 -0.3010634 0.6646454 0.6649784 -0.3742411 0.6463337 0.7316546 -0.374202 0.5697846 0.892267 -0.4480511 -0.05576606 0.8922667 -0.4480517 -0.05576658 0.8515264 -0.5216037 0.05322031 0.8515264 -0.5216038 -0.05322028 0.8515264 -0.5216036 -0.05322031 0.8922669 -0.4480511 0.05576659 0.8140517 -0.300998 0.4967091 0.8666902 -0.3009703 0.3978254 0.8666902 -0.3009709 0.3978249 0.8428262 -0.374132 0.3868709 0.791633 -0.3741647 0.4830299 0.8125774 -0.5216371 -0.2600245 0.8784544 -0.4480618 -0.1660077 0.8784541 -0.4480624 -0.1660071 0.8514599 -0.4480824 -0.2724669 0.8383428 -0.521615 -0.1584269 0.8383428 -0.5216151 -0.158427 0.8514597 -0.4480826 -0.272467 0.3008045 -0.07750736 0.9505311 0.2036355 -0.138485 0.969203 0.1905445 -0.1078429 0.975737 0.1823521 -0.06621411 0.9810013 0.911265 -0.3740864 0.1722078 0.9082702 -0.3009484 0.2906465 0.9370602 -0.3009317 0.1770827 0.9082707 -0.3009476 0.290646 0.9370602 -0.3009319 0.1770825 0.9112647 -0.3740868 0.1722081 0.883265 -0.3741055 0.2826448 0.1903969 -0.02565815 0.9813718 0.2044748 0.008743105 0.9788328 0.301174 -0.0495939 0.9522787 0.2986272 -0.064495 0.9521882 0.1833368 -0.06449449 0.9809322 0.812473 -0.4481119 -0.3729386 0.8124731 -0.4481121 -0.3729385 0.7753664 -0.5216684 -0.355906 0.7282608 -0.5217069 -0.4443626 0.7631185 -0.4481487 -0.4656318 0.7631187 -0.4481484 -0.4656315 0.6979176 -0.2296795 0.6783497 0.7678888 -0.2296526 0.598002 0.707758 -0.1607877 0.6879143 0.7787132 -0.1607682 0.6064316 0.7787133 -0.1607685 0.6064314 0.951791 -0.3009236 -0.05948706 0.9255914 -0.3740777 -0.05784881 0.951791 -0.3009237 -0.0594871 0.9255917 -0.3740767 0.05784963 0.9255917 -0.3740767 -0.05784964 0.951791 -0.3009236 0.05948711 0.951791 -0.3009236 0.05948706 0.9255914 -0.3740777 0.05784881 0.8425375 -0.1607511 0.5140911 0.830829 -0.2296273 0.5069461 0.8970125 -0.160734 0.4117441 0.884549 -0.2296053 0.4060228 0.8845488 -0.2296056 0.4060231 0.8970127 -0.1607352 0.4117432 0.8425379 -0.1607502 0.5140905 0.9370602 -0.3009317 -0.1770827 0.9112647 -0.3740868 -0.1722081 0.9370602 -0.3009319 -0.1770825 0.9082707 -0.3009476 -0.290646 0.9082702 -0.3009484 -0.2906465 0.911265 -0.3740863 -0.1722078 0.883265 -0.3741055 -0.2826447 0.883265 -0.3741054 -0.2826448 0.04742299 0.09239613 0.9945924 0.05560941 0.02022197 0.9982477 0.2304507 -0.04834327 0.9718825 0.2223886 0.08740644 0.9710322 0.3599744 -0.04853735 0.9316988 0.9400423 -0.1607217 0.3008139 0.9400425 -0.1607211 0.3008135 0.9698357 -0.1607126 0.1832762 0.9563637 -0.2295754 0.1807303 0.9698358 -0.1607126 0.1832762 0.9563637 -0.2295757 0.1807306 0.926983 -0.2295884 0.2966339 0.9269831 -0.2295877 0.2966344 0.8666902 -0.3009703 -0.3978254 0.8666902 -0.3009709 -0.3978249 0.8140517 -0.3009981 -0.4967093 0.8428262 -0.3741321 -0.3868711 0.8140518 -0.3009978 -0.4967091 0.791633 -0.3741649 -0.4830299 0.791633 -0.3741647 -0.4830301 0.8428263 -0.3741319 -0.386871 0.7138571 -0.09482007 0.6938424 0.7854224 -0.09480818 0.6116559 0.7167212 -0.03198072 0.6966262 0.7138571 -0.09482004 0.6938424 0.7885728 -0.03197745 0.6141093 0.7885725 -0.03197673 0.6141098 0.7167212 -0.03198057 0.6966261 0.7854223 -0.09480851 0.6116561 0.04751186 0.1253135 0.9909788 0.05496242 0.1096251 0.9924523 0.05321083 0.1943029 0.9794973 0.9713972 -0.229568 -0.06071246 0.9850799 -0.1607078 0.06156701 0.9850799 -0.1607079 0.06156704 0.971397 -0.2295689 0.06071186 0.971397 -0.2295688 -0.06071186 0.9713972 -0.2295681 0.06071246 0.9850799 -0.1607079 -0.06156703 0.9850799 -0.1607078 -0.06156701 0.2668715 0.0556875 0.9621219 0.731655 -0.3742014 -0.5697843 0.6649784 -0.3742411 -0.6463338 0.7523792 -0.3010298 -0.5859237 0.7523791 -0.3010293 -0.5859241 0.7316546 -0.374202 -0.5697846 0.6838179 -0.3010634 -0.6646457 0.6838183 -0.3010629 -0.6646454 0.8497949 -0.09479679 0.5185193 0.9083649 -0.03197012 0.4169546 0.849795 -0.09479734 0.5185189 0.8532031 -0.03197338 0.520598 0.9047374 -0.09478808 0.4152896 0.9083649 -0.03197 0.4169547 0.8532029 -0.03197375 0.5205982 0.9047377 -0.09478728 0.4152891 0.155735 -0.4903491 -0.8574989 0.2627423 -0.5140355 -0.8165378 0.1640446 -0.5338662 -0.8295036 0.1718139 -0.5526404 -0.8155174 0.9563637 -0.2295757 -0.1807306 0.9400423 -0.1607217 -0.3008139 0.926983 -0.2295884 -0.2966339 0.9563637 -0.2295754 -0.1807303 0.9698357 -0.1607126 -0.1832762 0.9698358 -0.1607126 -0.1832762 0.9269831 -0.2295877 -0.2966344 0.9400426 -0.160721 -0.3008135 0.2705638 -0.4587581 -0.8463665 0.2604105 -0.4874728 -0.8334005 0.1582103 -0.4873891 -0.8587325 0.1712877 -0.4455343 -0.8787262 0.1860682 -0.4155037 -0.8903568 0.9481364 -0.09478045 0.303404 0.9821064 -0.03196651 0.1855942 0.9821063 -0.03196544 0.185595 0.9781854 -0.09477499 0.1848541 0.9481364 -0.09478038 0.3034041 0.9781857 -0.09477386 0.1848533 0.9519373 -0.03196737 0.3046203 0.9519373 -0.03196729 0.3046203 0.8970127 -0.1607352 -0.4117432 0.830829 -0.2296274 -0.5069461 0.884549 -0.2296053 -0.4060228 0.8425375 -0.1607511 -0.5140911 0.8425379 -0.1607502 -0.5140905 0.8845488 -0.2296056 -0.4060231 0.8970125 -0.160734 -0.4117441 0.9975426 -0.03196481 0.06234673 0.9935604 -0.09477215 0.06209704 0.9935604 -0.09477101 -0.06209784 0.9935604 -0.09477101 0.06209784 0.9975426 -0.03196557 -0.06234673 0.9975426 -0.03196481 -0.0623462 0.9935604 -0.09477216 -0.06209704 0.3485943 0.2538482 0.9022434 0.2221328 0.1354916 0.9655564 0.2222838 0.2554814 0.940914 0.2634478 0.1634092 0.9507327 0.7678888 -0.2296526 -0.598002 0.6979176 -0.2296798 -0.6783497 0.7787133 -0.1607685 -0.6064314 0.7787132 -0.1607682 -0.6064316 0.707758 -0.1607877 -0.6879143 0.707758 -0.1607877 -0.6879142 0.6979175 -0.2296795 -0.6783499 0.2833565 -0.3621425 -0.88801 0.1868603 -0.4119003 -0.8918641 0.1774879 -0.3852871 -0.9055672 0.1699382 -0.3413306 -0.9244536 0.9481364 -0.09478044 -0.303404 0.9481364 -0.09478037 -0.3034041 0.9821064 -0.03196544 -0.1855942 0.9781857 -0.09477387 -0.1848533 0.9781854 -0.094775 -0.1848541 0.9519373 -0.03196728 -0.3046203 0.9519373 -0.03196737 -0.3046203 0.04806121 0.2764111 0.959837 0.04608178 0.3044578 0.9514105 0.06550112 0.2507053 0.9658449 0.2876383 -0.3151388 -0.9044068 0.2810272 -0.3391672 -0.897769 0.171471 -0.3391291 -0.9249807 0.1821214 -0.2972124 -0.9372814 0.1965613 -0.2621906 -0.9447856 0.2163055 0.2831565 0.9343631 0.2247629 0.1782105 0.9579784 0.3546128 0.1784788 0.9178208 0.9047377 -0.09478727 -0.4152891 0.9047374 -0.09478809 -0.4152896 0.8532029 -0.03197375 -0.5205982 0.8532031 -0.03197336 -0.520598 0.8497949 -0.0947968 -0.5185193 0.849795 -0.09479734 -0.5185189 0.9083649 -0.03196999 -0.4169547 0.9083649 -0.03197011 -0.4169546 0.26678 0.2899695 0.9191007 0.7885725 -0.03197673 -0.6141098 0.7138571 -0.09482004 -0.6938424 0.7885728 -0.03197745 -0.6141093 0.7167212 -0.03198072 -0.6966262 0.7854223 -0.0948085 -0.6116561 0.7167212 -0.03198057 -0.6966261 0.7138571 -0.09482009 -0.6938424 0.7854224 -0.09480819 -0.611656 0.1857555 -0.2390467 -0.9530748 0.1965903 -0.2716085 -0.9421152 0.2955664 -0.2142762 -0.9309813 0.1785315 -0.1972846 -0.963953 0.2973631 -0.1772784 -0.9381618 0.2932476 -0.1959072 -0.935749 0.1880557 -0.1560708 -0.9696788 0.2018032 -0.1186286 -0.9722154 0.1793951 -0.1958946 -0.9640761 0.4159362 0.3099695 0.8549362 0.3246934 0.4339717 0.8403825 0.2094113 0.3215494 0.9234462 0.2094091 0.4341726 0.8761518 0.2615013 0.3309115 0.9067054 0.1823521 -0.06621411 -0.9810013 0.1905445 -0.1078429 -0.975737 0.3008045 -0.07750737 -0.9505311 0.2036355 -0.138485 -0.969203 0.3362854 0.3596409 0.8703853 0.1976786 0.4588782 0.8662298 0.2156402 0.3606721 0.9074221 0.1833368 -0.06449451 -0.9809322 0.2986272 -0.06449496 -0.9521882 0.2044748 0.008743132 -0.9788328 0.1903969 -0.02565815 -0.9813719 0.3011741 -0.0495939 -0.9522787 0.2304506 -0.04834329 -0.9718825 0.2223886 0.08740646 -0.9710322 0.3599744 -0.0485374 -0.9316988 0.2471143 0.4572953 0.8542925 0.2359363 0.4781972 0.8459678 0.2668715 0.05568751 -0.9621218 0.2363376 0.4786148 0.8456196 0.3833986 0.4788787 0.7897345 0.2933027 0.581107 0.7591365 0.2418057 0.5047299 0.8287206 0.1926326 0.5168383 0.8341288 0.1873553 0.5757434 0.7958753 0.04742299 0.09239613 -0.9945924 0.05560941 0.02022198 -0.9982477 0.3485943 0.2538482 -0.9022434 0.2221328 0.1354916 -0.9655564 0.2634478 0.1634092 -0.9507327 0.2222838 0.2554814 -0.940914 0.05321084 0.1943029 -0.9794973 0.04751186 0.1253135 -0.9909788 0.05496242 0.1096251 -0.9924523 0.1897842 0.5572684 0.8083526 0.3014592 0.5480293 0.7802476 0.3242817 0.622147 0.7125829 0.2345706 0.6475121 0.725055 0.1792842 0.6056193 0.7752951 0.395462 0.564902 0.7242207 0.3546128 0.1784788 -0.9178208 0.2163055 0.2831565 -0.934363 0.2247629 0.1782105 -0.9579784 0.26678 0.2899695 -0.9191007 0.4159362 0.3099695 -0.8549362 0.04806123 0.2764111 -0.959837 0.04608177 0.3044578 -0.9514105 0.06550112 0.2507053 -0.9658449 0.2094091 0.4341726 -0.8761518 0.2094113 0.3215494 -0.9234462 0.3246934 0.4339717 -0.8403825 0.2615013 0.3309115 -0.9067054 0.3362854 0.3596409 -0.8703853 0.2156402 0.3606722 -0.9074221 0.1976786 0.4588781 -0.8662298 0.2359363 0.4781972 -0.8459678 0.2471143 0.4572953 -0.8542924 0.3833987 0.4788787 -0.7897345 0.2363376 0.4786148 -0.8456196 0.5744065 0.7163297 0.3961425 0.5775807 0.7653687 0.2839211 0.5581217 0.7790367 0.2856606 0.4610923 0.8284161 0.3179948 0.4871523 0.779817 0.3931514 0.5444188 0.7964607 0.2631704 0.4927635 0.7776259 0.3904897 0.1926326 0.5168384 -0.8341287 0.2418057 0.5047299 -0.8287206 0.2933027 0.581107 -0.7591365 0.1873553 0.5757434 -0.7958753 0.1897842 0.5572684 -0.8083525 0.3954619 0.5649021 -0.7242206 0.2345706 0.647512 -0.725055 0.3242817 0.622147 -0.7125829 0.1792842 0.6056193 -0.7752951 0.3014592 0.5480293 -0.7802476 0.5775807 0.7653688 -0.2839211 0.5744065 0.7163297 -0.3961425 0.4610923 0.8284161 -0.3179948 0.5581216 0.7790368 -0.2856606 0.4927635 0.7776259 -0.3904897 0.5444187 0.7964607 -0.2631704 0.4871523 0.7798171 -0.3931514 0.2472987 -0.9641989 0.09572856 0.1181191 -0.9909812 0.06327754 0.1737885 -0.9726244 0.1542699 0.2303244 -0.960062 0.1588443 0.2303244 -0.960062 -0.1588443 0.2472987 -0.9641989 -0.09572855 0.1181192 -0.9909812 -0.06327754 0.1737885 -0.9726244 -0.1542699 0.1507499 0.09800456 0.983702 0.2616819 0.06911261 0.9626765 0.1684333 0.06918761 0.9832819 0.1507812 0.09675335 0.983821 0.2608297 0.0967267 0.9605268 0.2654836 0.1109088 0.9577149 0.145186 0.1095987 0.9833154 0.3643345 0.05570092 0.9296009 0.1506386 0.1225113 0.9809684 0.1506046 0.1236794 0.980827 0.2602926 0.1236419 0.9575806 0.1669256 0.150051 0.9744847 0.2591001 0.1498935 0.9541484 0.3689407 0.08407393 0.9256427 0.3626277 0.1109363 0.9253076 0.3628164 0.111285 0.9251918 0.4193574 0.1114663 0.900952 0.3600547 0.1634493 0.9185014 0.3666831 0.1378836 0.9200715 0.2807027 0.2492663 0.9268616 0.15389 0.3082212 0.9387852 0.1612848 0.2957423 0.9415538 0.3820546 0.2725832 0.8830248 0.3900009 0.2361697 0.890013 0.2783032 0.3015359 0.911934 0.2808533 0.310405 0.9081686 0.153942 0.3016851 0.9408973 0.2655915 0.3473339 0.8993444 0.3717725 0.3794484 0.8472332 0.3716737 0.3422323 0.8629807 0.4738149 0.4175608 0.7753338 0.3546028 0.4449725 0.822348 0.3650374 0.4153087 0.8332266 0.4834387 0.3748021 0.7910818 0.3643345 0.05570092 -0.9296009 0.3626277 0.1109363 -0.9253076 0.3689407 0.0840739 -0.9256427 0.4193575 0.1114663 -0.900952 0.3628164 0.111285 -0.9251918 0.2616819 0.06911261 -0.9626765 0.1507499 0.09800456 -0.983702 0.1684333 0.0691876 -0.9832819 0.3600547 0.1634493 -0.9185014 0.366683 0.1378836 -0.9200715 0.2654836 0.1109088 -0.9577149 0.145186 0.1095986 -0.9833153 0.2608297 0.09672675 -0.9605268 0.1507812 0.09675335 -0.983821 0.1669256 0.150051 -0.9744847 0.2591001 0.1498935 -0.9541484 0.2602926 0.1236419 -0.9575806 0.1506386 0.1225113 -0.9809684 0.1506046 0.1236794 -0.980827 0.3375786 0.5385505 0.7720131 0.3387691 0.5237359 0.7816241 0.3900009 0.2361697 -0.890013 0.3820546 0.2725833 -0.8830248 0.2807027 0.2492663 -0.9268616 0.15389 0.3082212 -0.9387851 0.1612848 0.2957423 -0.9415538 0.4738149 0.4175608 -0.7753338 0.3716737 0.3422323 -0.8629807 0.3717725 0.3794484 -0.8472332 0.2655915 0.3473339 -0.8993444 0.2808533 0.310405 -0.9081686 0.2783032 0.3015359 -0.911934 0.153942 0.3016851 -0.9408973 0.3546028 0.4449725 -0.822348 0.4834387 0.3748021 -0.7910818 0.3650374 0.4153086 -0.8332266 0.3387691 0.5237359 -0.7816241 0.3375785 0.5385504 -0.772013 0.2072551 -0.9767367 -0.05505214 0.1338664 -0.9903613 -0.03555825 0.2072551 -0.9767367 0.05505214 0.2715406 -0.9618283 -0.03394258 0.2715406 -0.9618283 0.03394258 0.1338664 -0.9903613 0.03555825 0.4615867 0.08408093 0.8831014 0.4606722 0.06833323 0.884936 0.4760493 0.1154895 0.8718023 0.458793 0.1378953 0.8777778 0.4558142 0.155538 0.8763797 0.4764777 0.1075236 0.8725868 0.06261093 0.3499492 0.934674 0.1597115 0.3243102 0.9323707 0.05119056 0.3318357 0.9419472 0.1567673 0.3271767 0.9318688 0.1569843 0.2940697 0.9428037 0.05050484 0.3123879 0.9486111 0.5071453 0.1924755 0.8400933 0.5140198 0.1682103 0.8411236 0.6113639 0.4390381 0.6583918 0.5212004 0.3486613 0.7789644 0.4760493 0.1154895 -0.8718023 0.4606722 0.06833323 -0.884936 0.4615867 0.08408093 -0.8831014 0.6373906 0.350086 0.6864204 0.499463 0.4396475 0.7464896 0.4764777 0.1075236 -0.8725868 0.4558142 0.155538 -0.8763797 0.4587929 0.1378953 -0.8777778 0.5152198 0.5172163 0.6834002 0.5010016 0.4083988 0.7630254 0.5405383 0.4401745 0.7169832 0.5071452 0.1924756 -0.8400934 0.5140198 0.1682103 -0.8411236 0.5498196 0.5891519 0.5921134 0.459999 0.5463601 0.6999226 0.4479772 0.5118093 0.7330536 0.4391641 0.5787112 0.6871887 0.5212003 0.3486612 -0.7789645 0.6113639 0.4390379 -0.6583918 0.6373906 0.350086 -0.6864204 0.499463 0.4396475 -0.7464896 0.06261094 0.3499492 -0.934674 0.05050483 0.3123879 -0.9486111 0.1597115 0.3243102 -0.9323707 0.05119056 0.3318357 -0.9419472 0.1567673 0.3271767 -0.9318688 0.1569843 0.2940697 -0.9428037 0.5152198 0.5172163 -0.6834002 0.5010016 0.4083988 -0.7630254 0.5405383 0.4401745 -0.7169832 0.4599989 0.54636 -0.6999226 0.5498196 0.5891519 -0.5921134 0.4391641 0.5787112 -0.6871887 0.4479772 0.5118093 -0.7330536 0.4606244 0.04611924 0.8863962 0.4611966 0.03766594 0.8864982 0.3689493 -0.02057859 0.9292217 0.3643277 0.05571221 0.9296028 0.5280185 -0.07801297 0.845642 0.5214027 -0.01345484 0.8532047 0.5560361 0.1232696 0.8219662 0.6377797 0.08659308 0.7653357 0.5523632 0.08489955 0.8292689 0.5518322 0.08778359 0.8293222 0.5575156 0.09973838 0.8241532 0.5490801 0.1382466 0.8242567 0.6341735 0.1367123 0.7610083 0.4540312 0.1796202 0.8726925 0.3602337 0.1637839 0.9183716 0.454291 0.1729297 0.8739079 0.3585819 0.2313946 0.9043647 0.5488781 0.1348566 0.8249524 0.508246 0.2823718 0.8136044 0.5081112 0.2247346 0.831455 0.6288037 0.1877202 0.7545642 0.6924594 0.259828 0.6730448 0.6081963 0.2555292 0.7515332 0.506218 0.2590354 0.8225837 0.3984165 0.2564523 0.8806227 0.3891179 0.3786462 0.8397704 0.5045152 0.2774145 0.8176219 0.6088232 0.2356389 0.7575015 0.4049784 0.2400585 0.8822497 0.3855188 0.3597554 0.8496771 0.4910203 0.3531946 0.7963371 0.5637851 0.3692662 0.7387752 0.5666946 0.3373991 0.7516775 0.5280185 -0.07801292 -0.8456421 0.5214027 -0.01345487 -0.8532047 0.5781899 0.2784281 0.7669252 0.587539 0.2472236 0.7705054 0.3689493 -0.02057859 -0.9292217 0.4606244 0.0461192 -0.8863962 0.4611966 0.03766594 -0.8864982 0.3643277 0.05571221 -0.9296028 0.6377797 0.0865929 -0.7653357 0.5518323 0.08778358 -0.8293222 0.5523632 0.08489955 -0.8292689 0.5560361 0.1232696 -0.8219662 0.6341735 0.1367122 -0.7610083 0.5490801 0.1382465 -0.8242567 0.5575156 0.09973843 -0.8241532 0.4705953 0.4426507 0.7632827 0.4690783 0.4495024 0.7602059 0.3720956 0.4331092 0.8209515 0.3554573 0.5260341 0.7726178 0.5488781 0.1348566 -0.8249524 0.5833827 0.4602134 0.6692296 0.508246 0.2823718 -0.8136044 0.5081112 0.2247346 -0.831455 0.3796938 0.4269135 0.8207176 0.4509713 0.5116863 0.7313016 0.4487811 0.5174797 0.7285673 0.3507597 0.5250455 0.7754321 0.6081963 0.2555293 -0.7515331 0.6924594 0.2598282 -0.6730448 0.6288037 0.1877202 -0.7545642 0.6318437 0.5472174 0.5489322 0.5913632 0.423737 0.6861024 0.5926506 0.4210092 0.6866705 0.3602337 0.163784 -0.9183717 0.4540312 0.1796202 -0.8726925 0.454291 0.1729297 -0.8739079 0.3585819 0.2313946 -0.9043647 0.6088232 0.235639 -0.7575015 0.6915106 0.4011101 0.6007694 0.5526844 0.5328751 0.6407683 0.5525776 0.5333588 0.6404579 0.5672654 0.5038071 0.6514511 0.5637851 0.3692663 -0.7387751 0.5666946 0.3373991 -0.7516775 0.5781899 0.2784281 -0.7669252 0.587539 0.2472235 -0.7705054 0.506218 0.2590354 -0.8225837 0.5045152 0.2774145 -0.8176219 0.3891179 0.3786463 -0.8397703 0.3984166 0.2564524 -0.8806228 0.4049784 0.2400585 -0.8822497 0.4910203 0.3531946 -0.7963371 0.3855188 0.3597555 -0.8496771 0.5833827 0.4602134 -0.6692296 0.6318437 0.5472174 -0.5489322 0.5913632 0.423737 -0.6861024 0.5926507 0.4210092 -0.6866707 0.6915106 0.4011101 -0.6007694 0.5526844 0.5328751 -0.6407683 0.3720956 0.4331092 -0.8209515 0.4705953 0.4426507 -0.7632826 0.3554573 0.5260341 -0.7726178 0.4690783 0.4495024 -0.7602059 0.5672654 0.5038071 -0.6514511 0.5525776 0.5333588 -0.6404579 0.3507597 0.5250454 -0.7754321 0.4509713 0.5116863 -0.7313015 0.3796939 0.4269136 -0.8207176 0.448781 0.5174797 -0.7285673 0.7169929 0.01628479 0.6968903 0.6401588 -0.008955433 0.7681904 0.6370994 0.01915362 0.7705436 0.4628277 0.05101284 0.8849793 0.4607508 0.08661889 0.8832926 0.5498632 0.07671629 0.8317242 0.6373688 0.02227196 0.7702368 0.6338913 0.1079459 0.765852 0.6331051 0.08777766 0.7690729 0.4582807 0.1356361 0.8783972 0.456693 0.16878 0.8734671 0.5456513 0.1453073 0.8253184 0.6297686 0.1348478 0.7649887 0.6333698 0.1152652 0.7652168 0.6243502 0.2210345 0.74922 0.6253363 0.194065 0.7558395 0.7028509 0.1982768 0.6831449 0.6248873 0.1959831 0.7557158 0.6031516 0.2514738 0.7569473 0.5128505 0.2303752 0.8269895 0.5086061 0.2703457 0.8174552 0.6956448 0.210776 0.6867692 0.689358 0.2356419 0.6850244 0.6370994 0.01915362 -0.7705435 0.7169929 0.01628478 -0.6968903 0.6401588 -0.008955524 -0.7681904 0.6373689 0.02227192 -0.7702368 0.6780066 0.3256218 0.6589974 0.7575712 0.2793292 0.589967 0.6804103 0.2897314 0.6731252 0.6834832 0.2796823 0.6742615 0.6859301 0.2915696 0.6666987 0.6706979 0.3351513 0.6616933 0.7433832 0.3350157 0.5789179 0.6338913 0.1079459 -0.765852 0.633105 0.08777765 -0.7690729 0.6376017 0.3833052 0.6682373 0.4628277 0.05101284 -0.8849793 0.5498632 0.07671629 -0.8317242 0.4607508 0.08661885 -0.8832926 0.6333698 0.1152652 -0.7652168 0.6297687 0.1348478 -0.7649887 0.5456513 0.1453072 -0.8253185 0.4582807 0.1356361 -0.8783972 0.456693 0.16878 -0.8734671 0.6248873 0.1959831 -0.7557158 0.6253363 0.194065 -0.7558394 0.7028509 0.1982766 -0.6831449 0.6243502 0.2210346 -0.74922 0.7245352 0.395831 0.5642398 0.6893581 0.2356419 -0.6850244 0.6956448 0.2107761 -0.6867692 0.6595556 0.5026333 0.5588794 0.6672441 0.4825967 0.5673497 0.5086061 0.2703457 -0.8174552 0.6031516 0.2514738 -0.7569473 0.5128505 0.2303752 -0.8269895 0.6780065 0.3256219 -0.6589974 0.7575712 0.2793292 -0.589967 0.6804103 0.2897314 -0.6731253 0.6834832 0.2796823 -0.6742616 0.678923 0.4564942 0.5750448 0.6684455 0.4796442 0.5684382 0.6706979 0.3351513 -0.6616932 0.6859301 0.2915696 -0.6666987 0.7433832 0.3350156 -0.5789179 0.6535403 0.6080616 0.4507174 0.6376017 0.3833053 -0.6682373 0.7245352 0.395831 -0.5642398 0.6595556 0.5026332 -0.5588794 0.6672441 0.4825967 -0.5673497 0.6789231 0.4564942 -0.5750449 0.6684455 0.4796442 -0.5684382 0.6535403 0.6080616 -0.4507174 0.6357261 0.02918516 0.7713629 0.5510272 0.05623378 0.8325904 0.6348205 0.05364615 0.770795 0.5510877 0.05637815 0.8325406 0.5521442 0.02355273 0.8334159 0.7160974 0.004850158 0.6979836 0.7142396 0.02227007 0.6995469 0.7134144 0.08869301 0.6951068 0.7120816 0.09675618 0.6953978 0.7849622 0.1007423 0.611298 0.7125082 0.1128391 0.6925312 0.709709 0.1264079 0.6930615 0.7830349 0.1224905 0.6097971 0.7127013 0.1104423 0.6927189 0.6246556 0.187868 0.757965 0.6268941 0.1665169 0.7611018 0.5444305 0.1639258 0.8226323 0.5418791 0.1930847 0.8179764 0.5444877 0.1638242 0.8226146 0.7097502 0.1340755 0.6915767 0.7009084 0.1940486 0.6863473 0.7002514 0.2090098 0.6826147 0.7646314 0.2336781 0.6006108 0.8305832 0.2308437 0.5067965 0.7719014 0.2069183 0.6011265 0.6018776 0.2606525 0.7548535 0.5971862 0.2921218 0.7470164 0.6025595 0.2594767 0.7547144 0.6832387 0.266139 0.6799667 0.6803823 0.2812302 0.6767492 0.7142396 0.02227007 -0.6995469 0.7160974 0.004850059 -0.6979836 0.7645358 0.2346315 0.6003608 0.7488146 0.3065889 0.5876053 0.7513693 0.2897208 0.5928795 0.6357261 0.02918524 -0.7713629 0.6348205 0.05364612 -0.770795 0.5521442 0.02355271 -0.8334158 0.5510272 0.05623378 -0.8325904 0.5510878 0.05637817 -0.8325406 0.6349536 0.414271 0.652084 0.5905679 0.332691 0.7352185 0.7125082 0.1128392 -0.6925312 0.7849622 0.100742 -0.611298 0.7120816 0.09675618 -0.6953979 0.7134144 0.08869297 -0.6951068 0.7127013 0.1104424 -0.6927189 0.7830349 0.1224906 -0.6097971 0.709709 0.1264079 -0.6930615 0.7465699 0.3179551 0.5844124 0.7318977 0.4834741 0.4801861 0.7912871 0.3230284 0.5191506 0.8157697 0.2945457 0.4977577 0.7097502 0.1340754 -0.6915767 0.7271963 0.3745229 0.5752547 0.7261764 0.3909696 0.5655179 0.7526549 0.3556186 0.5541173 0.8276649 0.1417872 0.5430169 0.7748088 0.4197203 0.4727645 0.7714448 0.3856208 0.5061318 0.6859103 0.4422365 0.5778875 0.639169 0.3301675 0.694588 0.6936049 0.4242388 0.58218 0.6009071 0.4394287 0.6676924 0.7009084 0.1940486 -0.6863473 0.7002514 0.2090098 -0.6826147 0.7719014 0.2069181 -0.6011265 0.7646315 0.2336781 -0.6006109 0.8305832 0.2308439 -0.5067965 0.6268941 0.1665169 -0.7611017 0.5418791 0.1930848 -0.8179764 0.6246557 0.1878679 -0.757965 0.5444305 0.1639258 -0.8226323 0.5444877 0.1638242 -0.8226147 0.7645358 0.2346315 -0.6003608 0.7872789 0.3865663 0.4803734 0.7665212 0.4246254 0.4818075 0.7488146 0.3065889 -0.5876053 0.7513693 0.2897208 -0.5928795 0.5971862 0.2921217 -0.7470164 0.6832388 0.266139 -0.6799668 0.6025595 0.2594767 -0.7547144 0.6803823 0.2812302 -0.6767492 0.6018776 0.2606525 -0.7548534 0.741139 0.4961951 0.4522206 0.7560116 0.4511186 0.4742767 0.7503108 0.4616947 0.4731509 0.811115 0.4510808 0.3723149 0.8157697 0.2945457 -0.4977577 0.7318976 0.4834741 -0.4801861 0.7912871 0.3230284 -0.5191506 0.7465699 0.3179551 -0.5844124 0.7291145 0.5091385 0.4573511 0.7556883 0.4651062 0.4610982 0.782383 0.5088271 0.3591264 0.6501731 0.5272564 0.547061 0.5702672 0.5221502 0.6341565 0.6470065 0.5349236 0.5433593 0.5407615 0.6014371 0.5880905 0.7327395 0.4996796 0.4619665 0.7526549 0.3556185 -0.5541173 0.7748088 0.4197203 -0.4727645 0.8276649 0.1417872 -0.5430169 0.7714448 0.3856208 -0.5061318 0.7261764 0.3909696 -0.5655179 0.7271963 0.3745229 -0.5752547 0.5905679 0.3326911 -0.7352185 0.6349536 0.414271 -0.652084 0.7872789 0.3865663 -0.4803734 0.7665212 0.4246254 -0.4818076 0.7184855 0.6375154 0.2781234 0.639169 0.3301676 -0.6945879 0.6009071 0.4394287 -0.6676924 0.6859103 0.4422365 -0.5778875 0.6936049 0.4242388 -0.58218 0.741139 0.4961951 -0.4522206 0.7503108 0.4616948 -0.4731509 0.811115 0.4510808 -0.3723149 0.7560116 0.4511185 -0.4742767 0.7556883 0.4651061 -0.4610982 0.7291145 0.5091385 -0.4573511 0.782383 0.5088271 -0.3591264 0.7327394 0.4996796 -0.4619666 0.7184856 0.6375154 -0.2781234 0.5407615 0.6014372 -0.5880905 0.5702672 0.5221502 -0.6341565 0.6470065 0.5349236 -0.5433593 0.6501731 0.5272564 -0.547061 0.7880033 0.01137382 0.615566 0.8536195 0.006846721 0.5208521 0.788976 -0.0002073207 0.614424 0.712603 0.08224093 0.6967306 0.633834 0.08517087 0.7687655 0.6353482 0.0550029 0.7702644 0.7887435 0.02275981 0.614301 0.7843906 0.1042111 0.6114503 0.7843336 0.08868375 0.6139674 0.6301237 0.137378 0.7642457 0.6275342 0.1653512 0.7608284 0.7079674 0.1402164 0.6921861 0.7803422 0.1340616 0.6108138 0.783078 0.1189969 0.6104332 0.771667 0.2030591 0.6027415 0.7739545 0.1936691 0.6028986 0.8351887 0.206787 0.5096067 0.7708346 0.2132114 0.6002957 0.788976 -0.0002075425 -0.614424 0.8536195 0.006846675 -0.5208521 0.7880033 0.01137382 -0.615566 0.761881 0.2419775 0.6008196 0.6844162 0.2641514 0.6795576 0.689375 0.2361305 0.684839 0.7887436 0.0227599 -0.614301 0.8278813 0.2346151 0.5094786 0.8320616 0.2189994 0.5096201 0.7843906 0.1042111 -0.6114503 0.7843336 0.08868375 -0.6139674 0.4923641 0.3412203 0.8007161 0.4945701 0.337175 0.8010702 0.5823282 0.3425793 0.737247 0.486658 0.4292912 0.760837 0.5810867 0.3551764 0.7322485 0.6353483 0.05500291 -0.7702644 0.712603 0.0822409 -0.6967305 0.633834 0.08517084 -0.7687655 0.6730471 0.3188085 0.6673595 0.7430769 0.3249492 0.5850169 0.783078 0.1189971 -0.6104332 0.7803422 0.1340616 -0.6108138 0.8675657 0.297901 0.398227 0.814528 0.2947548 0.4996637 0.8114747 0.3104001 0.495137 0.8163708 0.2892226 0.4998889 0.738593 0.3378476 0.5833861 0.6687675 0.3318189 0.6653166 0.6628107 0.3545501 0.6595272 0.736935 0.3462183 0.5805684 0.6653668 0.3382007 0.6655128 0.8752974 0.269129 0.401776 0.877167 0.3896013 0.2806935 0.8285932 0.3720844 0.4183139 0.6275342 0.1653512 -0.7608284 0.6301237 0.137378 -0.7642457 0.7079673 0.1402165 -0.6921861 0.7739545 0.1936692 -0.6028986 0.7708346 0.2132115 -0.6002957 0.7716669 0.2030591 -0.6027415 0.8351887 0.206787 -0.5096067 0.8320617 0.2189994 -0.5096201 0.8278813 0.2346151 -0.5094786 0.8285791 0.3558941 0.4321991 0.8235219 0.375933 0.4248365 0.8467446 0.3175458 0.4268352 0.8140264 0.4446858 0.3736517 0.8224016 0.4200628 0.3836701 0.8401393 0.3813781 0.385638 0.8648539 0.4188504 0.2767529 0.689375 0.2361306 -0.684839 0.6844161 0.2641514 -0.6795576 0.761881 0.2419774 -0.6008196 0.6934312 0.4309877 0.5774105 0.7538152 0.4491797 0.4795835 0.6798715 0.4634199 0.5683456 0.8114746 0.3104002 -0.495137 0.8163708 0.2892227 -0.4998889 0.8675657 0.2979009 -0.398227 0.814528 0.2947548 -0.4996637 0.824887 0.4131147 0.3858726 0.877167 0.3896013 -0.2806935 0.8752974 0.269129 -0.401776 0.8285932 0.3720845 -0.418314 0.7946814 0.4804836 0.3709677 0.8025898 0.4617071 0.3777249 0.8285792 0.3558941 -0.4321991 0.7251213 0.5112156 0.4613648 0.6652089 0.4982244 0.5561202 0.652111 0.5291319 0.5429279 0.7430769 0.3249492 -0.5850168 0.6730471 0.3188085 -0.6673595 0.8467447 0.3175457 -0.4268351 0.8235219 0.375933 -0.4248365 0.8140264 0.4446857 -0.3736517 0.738593 0.3378476 -0.5833862 0.6628107 0.3545501 -0.6595272 0.6653668 0.3382007 -0.6655128 0.6687675 0.3318189 -0.6653167 0.7369351 0.3462182 -0.5805685 0.7944229 0.4810401 0.3708002 0.7837102 0.4996922 0.3689254 0.8224016 0.4200628 -0.3836701 0.8648539 0.4188504 -0.2767529 0.8401393 0.381378 -0.385638 0.824887 0.4131147 -0.3858726 0.5823283 0.3425793 -0.737247 0.5810867 0.3551764 -0.7322485 0.486658 0.4292912 -0.760837 0.49457 0.337175 -0.8010702 0.4923641 0.3412203 -0.8007161 0.8025898 0.4617072 -0.3777249 0.7946814 0.4804836 -0.3709677 0.6798714 0.46342 -0.5683455 0.7538152 0.4491796 -0.4795834 0.6934312 0.4309877 -0.5774104 0.7944229 0.4810401 -0.3708002 0.7837103 0.4996922 -0.3689254 0.6652089 0.4982244 -0.5561202 0.7251214 0.5112156 -0.4613649 0.6521109 0.5291319 -0.5429279 0.7149689 0.02662585 0.6986492 0.7867854 0.05567374 0.6147107 0.7877483 0.02824676 0.6153492 0.7140061 0.05648063 0.6978576 0.7140092 0.05648997 0.6978536 0.8536454 0.007291928 0.5208037 0.8524245 0.02275741 0.5223548 0.8505203 0.08890534 0.5183735 0.8485662 0.108859 0.5177693 0.8487414 0.1008728 0.5190979 0.903779 0.1052804 0.4148489 0.8466932 0.1222934 0.5178369 0.848035 0.114399 0.5174451 0.902487 0.1179377 0.4142559 0.7772486 0.1647329 0.6072461 0.7738721 0.1888928 0.6045176 0.7021319 0.1904159 0.6861143 0.7054865 0.163917 0.6895069 0.7054513 0.1639866 0.6895266 0.8462046 0.1338562 0.5157715 0.8524245 0.02275741 -0.5223548 0.8536454 0.007291835 -0.5208037 0.8365533 0.1936498 0.5125217 0.8351917 0.2067751 0.5096067 0.7140092 0.05648997 -0.6978536 0.7140061 0.05648059 -0.6978576 0.7149689 0.02662588 -0.6986492 0.7877483 0.02824682 -0.6153492 0.7867854 0.05567372 -0.6147107 0.8876207 0.2147757 0.4074323 0.9287221 0.2217039 0.2971911 0.8847942 0.2255849 0.4077387 0.8487414 0.1008728 -0.5190979 0.8505203 0.08890533 -0.5183735 0.903779 0.1052803 -0.4148489 0.8485662 0.1088589 -0.5177693 0.7579823 0.2615741 0.5975298 0.752458 0.287078 0.5927843 0.7581747 0.2612284 0.597437 0.8219506 0.263089 0.5051547 0.8169155 0.2840628 0.5019536 0.8834031 0.2343476 0.4058082 0.8466932 0.1222934 -0.5178368 0.902487 0.1179377 -0.4142559 0.848035 0.1143992 -0.5174451 0.8462046 0.1338561 -0.5157715 0.8689893 0.2892022 0.4015216 0.8661219 0.3021146 0.3981953 0.8351917 0.2067751 -0.5096067 0.8365533 0.1936498 -0.5125217 0.8847942 0.2255849 -0.4077387 0.8876207 0.2147758 -0.4074323 0.9287221 0.221704 -0.2971911 0.7738721 0.1888928 -0.6045176 0.7054513 0.1639866 -0.6895266 0.7054865 0.163917 -0.689507 0.7021319 0.1904159 -0.6861142 0.7772485 0.1647329 -0.6072461 0.9015179 0.3058157 0.3061734 0.8834031 0.2343476 -0.4058081 0.8751409 0.3760643 0.3044733 0.8895392 0.330966 0.3149308 0.8693279 0.4085124 0.2781846 0.8689893 0.2892022 -0.4015216 0.8661219 0.3021146 -0.3981953 0.7584304 0.4388197 0.481893 0.8211725 0.4198398 0.3865365 0.8145404 0.4349603 0.3838403 0.7697624 0.4114056 0.488069 0.758406 0.4390467 0.4817243 0.8169155 0.2840627 -0.5019535 0.7581747 0.2612283 -0.5974369 0.7579823 0.2615741 -0.5975298 0.8219506 0.263089 -0.5051548 0.7524579 0.2870781 -0.5927843 0.9015179 0.3058158 -0.3061734 0.8727221 0.3984708 0.2820945 0.8658155 0.4131155 0.2823103 0.8693279 0.4085124 -0.2781846 0.8895392 0.330966 -0.3149308 0.8751409 0.3760643 -0.3044733 0.8674861 0.4696736 0.1639342 0.8334783 0.4839193 0.2667134 0.8414438 0.4665123 0.2726511 0.8434483 0.4628856 0.2726388 0.872722 0.3984708 -0.2820945 0.8658155 0.4131155 -0.2823103 0.8267231 0.4947392 0.2678844 0.8557109 0.4915374 0.161709 0.8367421 0.4776696 0.2677578 0.7427312 0.5493004 0.3829092 0.7196457 0.5225896 0.4571763 0.719669 0.5225627 0.4571704 0.6999605 0.559903 0.4433554 0.7694201 0.5258154 0.3626444 0.7789933 0.5078903 0.3677185 0.8248482 0.4985765 0.2665462 0.8145404 0.4349603 -0.3838403 0.8211725 0.4198397 -0.3865364 0.7697623 0.4114057 -0.488069 0.7584304 0.4388197 -0.4818929 0.758406 0.4390467 -0.4817243 0.8434483 0.4628856 -0.2726388 0.8674861 0.4696736 -0.1639342 0.8334783 0.4839192 -0.2667134 0.8414437 0.4665123 -0.2726511 0.7783336 0.5614561 0.281005 0.7457607 0.6098532 0.268179 0.8557109 0.4915374 -0.161709 0.8267231 0.4947393 -0.2678844 0.8367422 0.4776696 -0.2677579 0.8248482 0.4985766 -0.2665462 0.7457607 0.6098532 -0.268179 0.7783336 0.5614561 -0.281005 0.76942 0.5258154 -0.3626444 0.7789933 0.5078902 -0.3677185 0.719669 0.5225627 -0.4571704 0.7196457 0.5225896 -0.4571764 0.6999605 0.559903 -0.4433554 0.7427312 0.5493004 -0.3829092 0.908827 0.00232826 0.4171667 0.9084446 0.009134365 0.4179056 0.9524153 0.00428568 0.3047732 0.8502216 0.08379491 0.519713 0.7868885 0.05604637 0.6145449 0.7852689 0.08465662 0.6133401 0.9089427 0.02287504 0.4162931 0.9046127 0.08889692 0.4168612 0.9041055 0.1030691 0.4146927 0.844972 0.138739 0.5165015 0.7773991 0.1644092 0.607141 0.7805678 0.1379216 0.6096652 0.9000462 0.1338436 0.4147323 0.9023653 0.1200983 0.4139 0.9084446 0.009134365 -0.4179055 0.9524153 0.004285576 -0.3047732 0.908827 0.002328247 -0.4171667 0.9089427 0.02287499 -0.4162931 0.8919534 0.1935414 0.4086084 0.8891941 0.2050779 0.4089949 0.8883906 0.2108865 0.4077857 0.931372 0.2090904 0.2980391 0.9046127 0.08889692 -0.4168612 0.9041055 0.1030692 -0.4146927 0.8276907 0.2376419 0.5083841 0.8222393 0.2625349 0.5049731 0.8817661 0.2392755 0.4064922 0.8502217 0.08379479 -0.519713 0.7868884 0.05604636 -0.6145449 0.7852689 0.08465655 -0.6133401 0.9023653 0.1200983 -0.4139 0.9000461 0.1338436 -0.4147323 0.9287938 0.2212984 0.2972694 0.9253758 0.234332 0.2979397 0.7805677 0.1379217 -0.6096651 0.844972 0.138739 -0.5165016 0.7773991 0.1644092 -0.607141 0.8883906 0.2108864 -0.4077857 0.8891941 0.2050779 -0.4089949 0.931372 0.2090904 -0.2980391 0.8919534 0.1935414 -0.4086084 0.9365569 0.3025503 0.1769873 0.9067609 0.3059247 0.2901635 0.9085935 0.2988747 0.2917736 0.9118748 0.2890625 0.2914228 0.9287938 0.2212985 -0.2972695 0.9253758 0.234332 -0.2979397 0.8426286 0.3112421 0.4394377 0.886128 0.343159 0.3114789 0.8274095 0.3579327 0.4327559 0.8860208 0.3434626 0.3114488 0.9418358 0.3308781 0.05886464 0.9234889 0.3362958 0.1845896 0.9368754 0.3015273 0.1770475 0.8276907 0.237642 -0.5083841 0.8222393 0.2625349 -0.5049731 0.881766 0.2392755 -0.4064922 0.906761 0.3059245 -0.2901635 0.9085935 0.2988747 -0.2917736 0.9365569 0.3025503 -0.1769873 0.9118748 0.2890625 -0.2914228 0.9446024 0.3224705 0.06114868 0.9418358 0.3308781 -0.05886464 0.9368754 0.3015272 -0.1770475 0.9446024 0.3224705 -0.06114868 0.923489 0.3362958 -0.1845896 0.8943427 0.4142305 0.1690099 0.9132951 0.3647355 0.1812737 0.9079086 0.3775406 0.1821128 0.9287773 0.3660646 0.0580483 0.9026875 0.3950383 0.1705868 0.8970044 0.4074434 0.1713859 0.9129144 0.4041433 0.05705687 0.8860208 0.3434626 -0.3114488 0.886128 0.343159 -0.3114789 0.8426285 0.3112421 -0.4394377 0.8274095 0.3579327 -0.4327559 0.8142207 0.4367622 0.3824703 0.8031716 0.4607644 0.3776395 0.8457898 0.4569584 0.2753701 0.9287773 0.3660646 -0.0580483 0.8943426 0.4142306 -0.1690098 0.9079086 0.3775406 -0.1821128 0.9132951 0.3647354 -0.1812737 0.8944062 0.413707 0.1699535 0.9129144 0.4041432 -0.05705687 0.9026875 0.3950384 -0.1705868 0.8970044 0.4074434 -0.1713859 0.8944062 0.413707 -0.1699535 0.8704333 0.4628782 0.1675991 0.8642011 0.4755494 0.1643445 0.8800438 0.4716964 0.05500263 0.8828542 0.4665921 0.05348217 0.8211465 0.5042222 0.2673543 0.78332 0.5007561 0.3683113 0.770783 0.5242281 0.3620476 0.8585989 0.4859577 0.1632574 0.8512005 0.498569 0.1639716 0.870217 0.4896573 0.05438846 0.8642011 0.4755494 -0.1643445 0.8828542 0.4665922 -0.05348217 0.8800438 0.4716964 -0.05500263 0.8704333 0.4628782 -0.1675991 0.8031716 0.4607645 -0.3776396 0.8457898 0.4569584 -0.2753702 0.8142207 0.4367622 -0.3824703 0.8673581 0.4949174 0.05240841 0.8512005 0.498569 -0.1639715 0.8585989 0.4859578 -0.1632574 0.8673581 0.4949174 -0.05240841 0.870217 0.4896573 -0.05438846 0.8113223 0.5641355 0.1533211 0.8284221 0.5577061 0.05177613 0.8223799 0.5471513 0.1559383 0.8173832 0.5544695 0.1563599 0.770783 0.5242281 -0.3620476 0.78332 0.5007561 -0.3683113 0.8211465 0.5042222 -0.2673543 0.8113223 0.5641355 -0.1533211 0.8284221 0.5577062 -0.05177613 0.8173832 0.5544695 -0.1563599 0.8223799 0.5471514 -0.1559383 0.85294 0.02746475 0.5212862 0.8518844 0.05645508 0.5206782 0.8518881 0.0564721 0.5206704 0.9072171 0.05622046 0.4168889 0.908309 0.02792471 0.4173666 0.8798099 0.4721343 0.05498794 0.9525276 0.007983161 0.3043475 0.982573 0.008487001 0.1856832 0.9517638 0.02287313 0.3059778 0.9203615 -0.1608031 0.3564789 0.9917434 0.04657291 0.1194826 0.9176082 0.1777027 0.3555517 0.9843287 -0.165264 0.06152049 0.9527109 0.04688713 0.3002391 0.9472392 0.1021229 0.3038239 0.9468938 0.107608 0.303006 0.9770073 0.10662 0.1846319 0.948934 0.08894683 0.3026759 0.9791098 0.08892341 0.182857 0.9525276 0.007983109 -0.3043475 0.9517638 0.02287313 -0.3059778 0.8798099 0.4721343 -0.05498794 0.982573 0.00848703 -0.1856832 0.9460381 0.1156079 0.3027322 0.9452202 0.121021 0.3031709 0.9759085 0.1165776 0.1844243 0.8417009 0.1639818 0.514441 0.8922512 0.1892015 0.4099887 0.8963202 0.1642162 0.4118777 0.8416879 0.1640131 0.5144523 0.837776 0.1896476 0.5120205 0.974164 0.1337513 0.1819754 0.931563 0.04362852 0.3609528 0.9441388 0.1337857 0.3011701 0.9301877 0.3624514 0.05813668 0.87027 0.3591665 0.3370896 0.9527109 0.04688711 -0.3002391 0.9843287 -0.165264 -0.06152049 0.9579092 0.2870713 0 0.9917434 0.0465729 -0.1194826 0.9203615 -0.160803 -0.3564789 0.9176082 0.1777027 -0.3555517 0.9187958 -0.3947332 0 0.8518844 0.0564551 -0.5206782 0.908309 0.02792472 -0.4173666 0.8518881 0.05647209 -0.5206703 0.8529398 0.02746478 -0.5212861 0.9072171 0.05622048 -0.416889 0.9770073 0.10662 -0.1846319 0.948934 0.08894678 -0.3026759 0.9791098 0.08892342 -0.1828569 0.9472392 0.1021229 -0.3038239 0.9468938 0.1076081 -0.303006 0.9616079 0.2056393 0.1817218 0.9393787 0.1725378 0.2963079 0.9780928 0.1714213 0.1181061 0.9340417 0.1935267 0.3001891 0.932089 0.2061171 0.2978689 0.9548285 -0.2911035 0.05967655 0.9759085 0.1165776 -0.1844243 0.9460381 0.1156079 -0.3027322 0.9452202 0.121021 -0.3031709 0.974164 0.1337513 -0.1819755 0.9441388 0.1337857 -0.3011701 0.9301877 0.3624513 -0.05813668 0.8702701 0.3591665 -0.3370896 0.931563 0.04362855 -0.3609529 0.9971016 -0.07608096 0 0.8390729 0.5440189 0 0.9591495 0.2172048 0.1812572 0.9577031 0.2230944 0.1817519 0.9738115 0.2190591 0.06086298 0.8703491 0.285697 0.4010856 0.8765395 0.2617047 0.4039668 0.8764885 0.2618127 0.4040075 0.9188477 0.2622203 0.2948889 0.9127262 0.2848522 0.2928995 0.9553925 0.2342585 0.1798557 0.9704113 0.2342077 0.05872443 0.8683692 0.4443961 0.2201066 0.9591572 0.1443166 0.2432905 0.9393786 0.1725378 -0.2963079 0.9780929 0.1714213 -0.1181062 0.9616078 0.2056393 -0.1817217 0.9548285 -0.2911035 -0.05967655 0.932089 0.2061171 -0.2978689 0.9340417 0.1935267 -0.3001892 0.9591495 0.2172049 -0.1812572 0.9577031 0.2230944 -0.1817518 0.9738115 0.2190591 -0.06086298 0.8963202 0.1642162 -0.4118777 0.837776 0.1896477 -0.5120205 0.8922511 0.1892015 -0.4099886 0.8416879 0.1640131 -0.5144523 0.8417009 0.1639818 -0.514441 0.9591572 0.1443166 -0.2432905 0.9553925 0.2342585 -0.1798557 0.9704113 0.2342078 -0.05872442 0.9392036 0.3433607 0 0.8683692 0.4443962 -0.2201066 0.9520805 0.3000033 0.05950494 0.9404083 0.2890489 0.1791169 0.9371196 0.3008757 0.1768636 0.9544136 0.2928519 0.05772738 0.9217511 0.3701993 0.1154439 0.9217511 0.3701994 -0.1154439 0.991353 0.04246229 0.1241611 0.9900351 0.1408212 -0 0.9544136 0.2928519 -0.05772739 0.991353 0.04246229 -0.1241611 0.9404083 0.2890489 -0.1791169 0.9371196 0.3008758 -0.1768636 0.9520805 0.3000033 -0.05950494 0.9254512 0.3296695 0.1867037 0.9420103 0.3296582 0.06278599 0.9116589 0.3665162 0.1858597 0.9163709 0.355087 0.1848718 0.9172605 0.3517615 0.1868077 0.8853021 0.347654 0.3088314 0.8731154 0.3802969 0.3050309 0.9188477 0.2622203 -0.2948889 0.8765395 0.2617048 -0.4039668 0.8764886 0.2618127 -0.4040075 0.8703491 0.285697 -0.4010857 0.9127262 0.2848522 -0.2928995 0.9420103 0.3296582 -0.06278599 0.9254512 0.3296695 -0.1867037 0.9239578 0.3775044 0.06158211 0.9224766 0.3813799 0.05988637 0.9224766 0.3813799 -0.05988637 0.9239578 0.3775044 -0.0615821 0.9340071 0.3517888 0.06225257 0.9340075 0.3517875 0.06225192 0.9340071 0.3517888 -0.06225257 0.9340075 0.3517875 -0.06225193 0.8648593 0.415919 0.2811224 0.8921949 0.4180668 0.1709045 0.8545521 0.4387202 0.2779663 0.8830447 0.4376943 0.1692803 0.8545364 0.4387779 0.2779238 0.9116589 0.3665162 -0.1858597 0.8853021 0.347654 -0.3088314 0.9172605 0.3517615 -0.1868077 0.9163709 0.355087 -0.1848718 0.8731154 0.3802969 -0.3050309 0.9102547 0.4102438 0.05600524 0.9086117 0.4136713 0.0574539 0.9102547 0.4102438 -0.05600524 0.9086117 0.4136713 -0.0574539 0.8828068 0.438353 0.1688161 0.8970168 0.4383419 0.05672073 0.8970165 0.4383426 0.05672028 0.8864409 0.4594354 0.05605156 0.8723977 0.4594468 0.1668257 0.892195 0.4180668 -0.1709045 0.8648593 0.4159189 -0.2811224 0.8830447 0.4376943 -0.1692802 0.8545521 0.4387203 -0.2779664 0.8545364 0.4387779 -0.2779238 0.8828068 0.438353 -0.1688162 0.8970165 0.4383426 -0.05672028 0.8864408 0.4594354 -0.05605156 0.8723978 0.4594468 -0.1668257 0.8970168 0.4383419 -0.05672073 0.8495159 0.501929 0.1624498 0.8372693 0.5228245 0.160108 0.8631917 0.5019172 0.05458166 0.8108067 0.5225381 0.2637168 0.8247119 0.5430436 0.157968 0.7975699 0.5446804 0.2592404 0.8368515 0.5233915 0.1604401 0.8108037 0.5225417 0.2637185 0.8495159 0.501929 -0.1624499 0.8631917 0.5019172 -0.05458166 0.8372693 0.5228246 -0.160108 0.8507488 0.5228121 -0.05379487 0.8507485 0.5228127 -0.05379525 0.8332566 0.550552 0.05075358 0.8353972 0.5471025 0.05282455 0.8332566 0.550552 -0.05075358 0.8353972 0.5471024 -0.05282455 0.8507485 0.5228126 0.05379526 0.8507488 0.5228121 0.05379487 0.8108037 0.5225417 -0.2637185 0.7975699 0.5446804 -0.2592404 0.8368514 0.5233915 -0.1604401 0.8247119 0.5430436 -0.157968 0.8108067 0.5225381 -0.2637168</float_array>
          <technique_common>
            <accessor count="4600" source="#cubenormals-array0-array" stride="3">
              <param type="float" name="X" />
              <param type="float" name="Y" />
              <param type="float" name="Z" />
            </accessor>
          </technique_common>
        </source>
        <vertices id="cubeverts-array0-vertices">
          <input semantic="POSITION" source="#cubeverts-array0" />
        </vertices>
        <triangles count="4600" material="ref_Part__Feature">
          <input offset="0" semantic="VERTEX" source="#cubeverts-array0-vertices" />
          <input offset="1" semantic="NORMAL" source="#cubenormals-array0" />
          <p>0 0 1 0 2 0 2 1 1 1 3 1 4 2 5 2 6 2 6 3 5 3 7 3 7 4 5 4 8 4 9 5 10 5 11 5 12 6 10 6 9 6 13 7 14 7 15 7 16 8 14 8 13 8 17 9 14 9 16 9 18 10 19 10 20 10 20 11 19 11 21 11 21 12 19 12 22 12 23 13 24 13 25 13 25 14 24 14 19 14 23 15 26 15 24 15 27 16 26 16 23 16 22 17 28 17 29 17 29 18 28 18 30 18 30 19 28 19 31 19 19 20 28 20 22 20 32 21 33 21 27 21 27 22 33 22 26 22 24 23 34 23 19 23 19 24 34 24 28 24 26 25 34 25 24 25 26 26 35 26 34 26 36 27 37 27 38 27 39 28 40 28 41 28 40 29 42 29 41 29 43 30 44 30 45 30 45 31 44 31 46 31 42 32 47 32 41 32 48 33 49 33 43 33 43 34 49 34 44 34 47 35 50 35 41 35 48 36 51 36 49 36 52 37 51 37 53 37 54 38 51 38 52 38 55 39 51 39 54 39 56 40 51 40 48 40 50 41 57 41 41 41 49 42 58 42 44 42 57 43 59 43 41 43 49 44 60 44 58 44 51 45 60 45 49 45 59 46 61 46 41 46 62 47 63 47 55 47 64 48 63 48 62 48 65 49 63 49 64 49 55 50 63 50 51 50 51 51 63 51 60 51 61 52 66 52 41 52 67 53 68 53 69 53 0 54 70 54 1 54 71 55 70 55 72 55 72 56 70 56 73 56 73 57 70 57 0 57 71 58 74 58 70 58 75 59 74 59 76 59 76 60 74 60 77 60 77 61 74 61 71 61 74 62 78 62 70 62 70 63 78 63 1 63 1 64 78 64 79 64 80 65 81 65 82 65 82 66 81 66 4 66 1 67 81 67 3 67 3 68 81 68 83 68 4 69 81 69 5 69 83 70 81 70 80 70 81 71 84 71 5 71 5 72 84 72 85 72 1 73 84 73 81 73 79 74 84 74 1 74 79 75 86 75 84 75 84 76 86 76 85 76 87 77 88 77 79 77 79 78 88 78 86 78 85 79 88 79 89 79 86 80 88 80 85 80 88 81 90 81 89 81 87 82 90 82 88 82 89 83 91 83 92 83 93 84 91 84 87 84 90 85 91 85 89 85 87 86 91 86 90 86 93 87 94 87 91 87 91 88 94 88 92 88 95 89 96 89 97 89 97 90 96 90 98 90 98 91 96 91 99 91 93 92 100 92 94 92 94 93 100 93 92 93 101 94 100 94 93 94 92 95 100 95 102 95 8 96 103 96 104 96 104 97 103 97 95 97 96 98 103 98 105 98 5 99 103 99 8 99 95 100 103 100 96 100 101 101 106 101 100 101 100 102 106 102 102 102 85 103 107 103 5 103 103 104 107 104 105 104 5 105 107 105 103 105 105 106 107 106 108 106 109 107 110 107 101 107 102 108 110 108 111 108 106 109 110 109 102 109 101 110 110 110 106 110 85 111 112 111 107 111 107 112 112 112 108 112 105 113 113 113 96 113 99 114 113 114 114 114 96 115 113 115 99 115 110 116 115 116 111 116 109 117 115 117 110 117 85 118 116 118 112 118 89 119 116 119 85 119 112 120 116 120 108 120 108 121 116 121 117 121 105 122 118 122 113 122 114 123 118 123 119 123 113 124 118 124 114 124 119 125 120 125 121 125 121 126 120 126 122 126 118 127 120 127 119 127 105 128 120 128 118 128 123 129 124 129 109 129 109 130 124 130 115 130 115 131 124 131 111 131 111 132 124 132 125 132 89 133 126 133 116 133 116 134 126 134 117 134 123 135 127 135 124 135 124 136 127 136 125 136 92 137 128 137 89 137 126 138 128 138 117 138 117 139 128 139 129 139 89 140 128 140 126 140 127 141 130 141 125 141 131 142 130 142 123 142 125 143 130 143 132 143 123 144 130 144 127 144 92 145 133 145 128 145 128 146 133 146 129 146 130 147 134 147 132 147 131 148 134 148 130 148 92 149 135 149 133 149 102 150 135 150 92 150 129 151 135 151 136 151 133 152 135 152 129 152 105 153 137 153 120 153 122 154 138 154 139 154 139 155 138 155 140 155 137 156 138 156 120 156 141 157 138 157 137 157 120 158 138 158 122 158 138 159 142 159 140 159 141 160 142 160 138 160 134 161 143 161 132 161 144 162 143 162 131 162 132 163 143 163 145 163 131 164 143 164 134 164 135 165 146 165 136 165 102 166 146 166 135 166 141 167 147 167 148 167 105 168 147 168 137 168 137 169 147 169 141 169 108 170 147 170 105 170 140 171 149 171 150 171 141 172 149 172 142 172 142 173 149 173 140 173 149 174 151 174 150 174 141 175 151 175 149 175 144 176 152 176 143 176 143 177 152 177 145 177 136 178 153 178 154 178 102 179 153 179 146 179 111 180 153 180 102 180 146 181 153 181 136 181 108 182 155 182 147 182 147 183 155 183 148 183 150 184 156 184 157 184 151 185 156 185 150 185 141 186 156 186 151 186 157 187 158 187 159 187 156 188 158 188 157 188 152 189 160 189 145 189 161 190 160 190 144 190 145 191 160 191 162 191 144 192 160 192 152 192 153 193 163 193 154 193 111 194 163 194 153 194 148 195 164 195 165 195 155 196 164 196 148 196 108 197 164 197 155 197 117 198 164 198 108 198 161 199 166 199 160 199 160 200 166 200 162 200 154 201 167 201 168 201 163 202 167 202 154 202 111 203 167 203 163 203 125 204 167 204 111 204 164 205 169 205 165 205 117 206 169 206 164 206 170 207 171 207 75 207 172 208 171 208 170 208 173 209 171 209 172 209 174 210 175 210 10 210 176 211 177 211 161 211 161 212 177 212 166 212 162 213 177 213 178 213 166 214 177 214 162 214 167 215 179 215 168 215 125 216 179 216 167 216 165 217 180 217 181 217 169 218 180 218 165 218 129 219 180 219 117 219 117 220 180 220 169 220 159 221 182 221 183 221 183 222 182 222 184 222 158 223 182 223 159 223 182 224 185 224 184 224 186 225 187 225 173 225 188 226 187 226 186 226 11 227 187 227 188 227 10 228 187 228 11 228 175 229 187 229 10 229 171 230 187 230 175 230 173 231 187 231 171 231 176 232 189 232 177 232 177 233 189 233 178 233 132 234 190 234 125 234 179 235 190 235 168 235 125 236 190 236 179 236 168 237 190 237 191 237 180 238 192 238 181 238 129 239 192 239 180 239 193 240 194 240 185 240 184 241 194 241 195 241 185 242 194 242 184 242 194 243 196 243 195 243 193 244 196 244 194 244 176 245 197 245 189 245 178 246 197 246 198 246 174 247 197 247 176 247 189 248 197 248 178 248 190 249 199 249 191 249 132 250 199 250 190 250 192 251 200 251 181 251 129 252 200 252 192 252 181 253 200 253 201 253 136 254 200 254 129 254 148 255 202 255 141 255 193 256 202 256 203 256 196 257 204 257 195 257 193 258 204 258 196 258 195 259 204 259 205 259 205 260 206 260 207 260 204 261 206 261 205 261 197 262 208 262 198 262 174 263 208 263 197 263 132 264 209 264 199 264 145 265 209 265 132 265 191 266 209 266 210 266 199 267 209 267 191 267 136 268 211 268 200 268 200 269 211 269 201 269 174 270 212 270 208 270 208 271 212 271 198 271 198 272 212 272 14 272 10 273 212 273 174 273 145 274 213 274 209 274 209 275 213 275 210 275 201 276 214 276 215 276 154 277 214 277 136 277 211 278 214 278 201 278 136 279 214 279 211 279 165 280 216 280 148 280 148 281 216 281 202 281 202 282 216 282 203 282 203 283 216 283 217 283 218 284 219 284 12 284 220 285 219 285 218 285 221 286 219 286 220 286 15 287 219 287 221 287 14 288 219 288 15 288 212 289 219 289 14 289 10 290 219 290 212 290 12 291 219 291 10 291 213 292 222 292 210 292 162 293 222 293 145 293 210 294 222 294 223 294 145 295 222 295 213 295 154 296 224 296 214 296 214 297 224 297 215 297 207 298 225 298 226 298 226 299 225 299 227 299 206 300 225 300 207 300 222 301 228 301 223 301 162 302 228 302 222 302 225 303 229 303 227 303 168 304 230 304 154 304 154 305 230 305 224 305 181 306 231 306 165 306 165 307 231 307 216 307 216 308 231 308 217 308 217 309 231 309 232 309 227 310 233 310 234 310 229 311 233 311 227 311 235 312 233 312 229 312 223 313 236 313 237 313 228 314 236 314 223 314 178 315 236 315 162 315 162 316 236 316 228 316 168 317 238 317 230 317 235 318 239 318 233 318 233 319 239 319 234 319 203 320 240 320 193 320 235 321 240 321 241 321 239 322 242 322 234 322 234 323 242 323 243 323 235 324 242 324 239 324 236 325 244 325 237 325 178 326 244 326 236 326 168 327 245 327 238 327 238 328 245 328 246 328 191 329 245 329 168 329 243 330 247 330 248 330 242 331 247 331 243 331 201 332 249 332 181 332 231 333 249 333 232 333 181 334 249 334 231 334 198 335 250 335 178 335 237 336 250 336 251 336 244 337 250 337 237 337 178 338 250 338 244 338 191 339 252 339 245 339 241 340 253 340 254 340 217 341 253 341 203 341 240 342 253 342 241 342 203 343 253 343 240 343 224 344 255 344 215 344 230 345 255 345 224 345 246 346 255 346 238 346 238 347 255 347 230 347 198 348 256 348 250 348 250 349 256 349 251 349 191 350 257 350 252 350 252 351 257 351 258 351 210 352 257 352 191 352 258 353 257 353 259 353 215 354 260 354 201 354 248 355 261 355 262 355 262 356 261 356 263 356 247 357 261 357 248 357 249 358 264 358 232 358 198 359 265 359 256 359 251 360 265 360 266 360 14 361 265 361 198 361 256 362 265 362 251 362 210 363 267 363 257 363 257 364 267 364 259 364 261 365 268 365 263 365 217 366 269 366 253 366 232 367 269 367 217 367 253 368 269 368 254 368 252 369 270 369 245 369 258 370 270 370 252 370 245 371 270 371 246 371 268 372 271 372 263 372 272 373 271 373 268 373 17 374 273 374 14 374 274 375 273 375 17 375 275 376 273 376 274 376 14 377 273 377 265 377 265 378 273 378 266 378 259 379 276 379 277 379 210 380 276 380 267 380 267 381 276 381 259 381 223 382 276 382 210 382 263 383 278 383 279 383 271 384 278 384 263 384 272 385 278 385 271 385 272 386 280 386 281 386 241 387 280 387 235 387 276 388 282 388 277 388 223 389 282 389 276 389 279 390 283 390 284 390 278 391 283 391 279 391 264 392 285 392 232 392 286 393 285 393 264 393 287 394 288 394 269 394 269 395 288 395 254 395 237 396 289 396 223 396 277 397 289 397 290 397 282 398 289 398 277 398 223 399 289 399 282 399 254 400 291 400 241 400 241 401 291 401 280 401 280 402 291 402 281 402 281 403 291 403 292 403 293 404 294 404 295 404 289 405 296 405 290 405 237 406 296 406 289 406 284 407 297 407 298 407 283 408 297 408 284 408 299 409 300 409 275 409 301 410 300 410 299 410 302 411 300 411 301 411 275 412 300 412 273 412 273 413 300 413 266 413 237 414 303 414 296 414 251 415 303 415 237 415 290 416 303 416 304 416 296 417 303 417 290 417 259 418 305 418 258 418 254 419 306 419 291 419 291 420 306 420 292 420 287 421 306 421 288 421 288 422 306 422 254 422 298 423 307 423 308 423 297 424 307 424 298 424 251 425 309 425 303 425 303 426 309 426 304 426 307 427 310 427 308 427 311 428 310 428 307 428 281 429 312 429 272 429 311 430 312 430 313 430 314 431 315 431 316 431 304 432 317 432 318 432 266 433 317 433 251 433 309 434 317 434 304 434 251 435 317 435 309 435 277 436 319 436 259 436 311 437 320 437 310 437 310 438 320 438 308 438 308 439 320 439 321 439 302 440 322 440 300 440 323 441 322 441 302 441 300 442 322 442 266 442 320 443 324 443 321 443 323 444 325 444 322 444 326 445 325 445 323 445 322 446 325 446 266 446 266 447 327 447 317 447 317 448 327 448 318 448 328 449 329 449 306 449 306 450 329 450 292 450 330 451 331 451 326 451 332 452 331 452 330 452 326 453 331 453 325 453 325 454 331 454 266 454 266 455 331 455 327 455 312 456 333 456 313 456 281 457 333 457 312 457 313 458 333 458 334 458 292 459 333 459 281 459 321 460 335 460 336 460 324 461 335 461 321 461 337 462 338 462 314 462 290 463 339 463 277 463 319 464 339 464 340 464 277 465 339 465 319 465 340 466 339 466 341 466 314 467 342 467 315 467 340 468 343 468 319 468 319 469 343 469 344 469 320 470 345 470 324 470 324 471 345 471 335 471 346 472 347 472 348 472 329 473 349 473 292 473 292 474 349 474 333 474 333 475 349 475 334 475 350 476 351 476 352 476 290 477 353 477 339 477 304 478 353 478 290 478 339 479 353 479 341 479 341 480 353 480 354 480 331 481 355 481 327 481 356 482 355 482 332 482 357 483 355 483 356 483 327 484 355 484 318 484 332 485 355 485 331 485 343 486 358 486 344 486 357 487 359 487 355 487 355 488 359 488 318 488 357 489 360 489 359 489 359 490 360 490 318 490 361 491 360 491 357 491 353 492 362 492 354 492 304 493 362 493 353 493 354 494 362 494 363 494 318 495 362 495 304 495 349 496 364 496 334 496 361 497 365 497 360 497 360 498 365 498 318 498 366 499 367 499 368 499 369 500 370 500 361 500 365 501 370 501 318 501 361 502 370 502 365 502 341 503 371 503 340 503 372 504 373 504 369 504 369 505 373 505 370 505 367 506 374 506 368 506 358 507 375 507 376 507 367 508 377 508 374 508 368 509 378 509 379 509 374 510 378 510 368 510 377 511 378 511 374 511 378 512 380 512 379 512 381 513 380 513 378 513 382 514 383 514 384 514 371 515 383 515 382 515 341 516 383 516 371 516 354 517 383 517 341 517 382 518 385 518 371 518 379 519 386 519 387 519 381 520 386 520 380 520 380 521 386 521 379 521 372 522 388 522 373 522 389 523 388 523 372 523 390 524 388 524 389 524 390 525 391 525 388 525 381 526 392 526 386 526 386 527 392 527 387 527 391 528 393 528 363 528 390 529 393 529 391 529 394 530 393 530 390 530 363 531 395 531 354 531 383 532 395 532 384 532 384 533 395 533 396 533 354 534 395 534 383 534 387 535 397 535 398 535 392 536 397 536 387 536 393 537 399 537 363 537 394 538 399 538 393 538 394 539 400 539 399 539 399 540 400 540 363 540 401 541 400 541 394 541 397 542 402 542 398 542 382 543 403 543 385 543 404 544 405 544 401 544 401 545 405 545 400 545 392 546 406 546 397 546 397 547 406 547 402 547 407 548 408 548 409 548 384 549 410 549 382 549 382 550 410 550 403 550 411 551 410 551 412 551 403 552 410 552 411 552 411 553 413 553 403 553 414 554 415 554 404 554 416 555 415 555 414 555 404 556 415 556 405 556 416 557 417 557 415 557 408 558 418 558 419 558 384 559 420 559 410 559 412 560 420 560 421 560 396 561 420 561 384 561 410 562 420 562 412 562 422 563 423 563 416 563 416 564 423 564 417 564 417 565 423 565 396 565 423 566 424 566 396 566 422 567 424 567 423 567 422 568 425 568 424 568 424 569 425 569 396 569 426 570 425 570 422 570 427 571 428 571 429 571 411 572 430 572 413 572 426 573 431 573 425 573 432 574 431 574 426 574 433 575 434 575 435 575 428 576 436 576 429 576 428 577 437 577 436 577 436 578 438 578 429 578 429 579 438 579 439 579 437 580 438 580 436 580 430 581 440 581 441 581 412 582 440 582 411 582 411 583 440 583 430 583 441 584 440 584 442 584 443 585 444 585 438 585 438 586 444 586 439 586 430 587 445 587 433 587 441 588 445 588 430 588 432 589 446 589 431 589 447 590 446 590 432 590 448 591 446 591 447 591 443 592 449 592 444 592 439 593 449 593 450 593 444 594 449 594 439 594 448 595 451 595 446 595 449 596 452 596 450 596 412 597 453 597 440 597 440 598 453 598 442 598 421 599 453 599 412 599 442 600 453 600 454 600 448 601 455 601 451 601 451 602 455 602 421 602 450 603 456 603 457 603 457 604 456 604 458 604 452 605 456 605 450 605 459 606 460 606 448 606 448 607 460 607 455 607 455 608 460 608 421 608 461 609 462 609 459 609 459 610 462 610 460 610 449 611 463 611 452 611 452 612 463 612 456 612 456 613 463 613 458 613 464 614 465 614 461 614 461 615 465 615 462 615 464 616 466 616 465 616 467 617 466 617 464 617 466 618 468 618 454 618 467 619 468 619 466 619 458 620 469 620 470 620 470 621 469 621 471 621 467 622 472 622 468 622 473 623 472 623 467 623 468 624 472 624 454 624 469 625 474 625 471 625 469 626 475 626 474 626 463 627 475 627 458 627 458 628 475 628 469 628 473 629 476 629 472 629 472 630 476 630 477 630 471 631 478 631 479 631 475 632 478 632 474 632 474 633 478 633 471 633 476 634 480 634 477 634 481 635 480 635 473 635 473 636 480 636 476 636 478 637 482 637 479 637 483 638 482 638 478 638 482 639 484 639 479 639 479 640 484 640 485 640 483 641 484 641 482 641 484 642 486 642 485 642 483 643 486 643 484 643 485 644 487 644 488 644 486 645 487 645 485 645 487 646 489 646 488 646 488 647 489 647 490 647 490 648 489 648 491 648 486 649 492 649 487 649 489 650 492 650 491 650 487 651 492 651 489 651 493 652 494 652 495 652 494 653 496 653 497 653 493 654 496 654 494 654 496 655 498 655 497 655 493 656 498 656 496 656 499 657 498 657 493 657 498 658 500 658 501 658 499 659 500 659 498 659 500 660 502 660 501 660 499 661 502 661 500 661 503 662 502 662 499 662 491 663 504 663 505 663 505 664 504 664 506 664 502 665 507 665 501 665 503 666 507 666 502 666 506 667 508 667 509 667 504 668 508 668 506 668 492 669 510 669 491 669 491 670 510 670 504 670 25 671 510 671 23 671 508 672 510 672 25 672 504 673 510 673 508 673 492 674 511 674 510 674 510 675 511 675 23 675 512 676 513 676 503 676 503 677 513 677 507 677 507 678 513 678 514 678 515 679 516 679 517 679 23 680 516 680 27 680 511 681 516 681 23 681 512 682 518 682 513 682 513 683 518 683 514 683 515 684 519 684 516 684 516 685 519 685 27 685 508 686 520 686 509 686 509 687 520 687 521 687 521 688 520 688 18 688 25 689 520 689 508 689 19 690 520 690 25 690 18 691 520 691 19 691 522 692 523 692 515 692 27 693 523 693 32 693 515 694 523 694 519 694 519 695 523 695 27 695 523 696 524 696 32 696 522 697 524 697 523 697 524 698 525 698 32 698 522 699 525 699 524 699 526 700 525 700 522 700 32 701 525 701 527 701 526 702 528 702 525 702 525 703 528 703 527 703 529 704 530 704 531 704 530 705 532 705 533 705 529 706 532 706 530 706 527 707 534 707 535 707 526 708 534 708 528 708 528 709 534 709 527 709 536 710 534 710 526 710 532 711 537 711 533 711 529 712 537 712 532 712 538 713 537 713 529 713 534 714 539 714 535 714 536 715 539 715 534 715 538 716 540 716 537 716 537 717 540 717 541 717 542 718 543 718 536 718 536 719 543 719 539 719 539 720 543 720 535 720 535 721 543 721 544 721 538 722 545 722 540 722 540 723 545 723 541 723 546 724 545 724 538 724 542 725 547 725 543 725 543 726 547 726 544 726 548 727 547 727 542 727 545 728 549 728 550 728 546 729 549 729 545 729 550 730 551 730 552 730 553 731 551 731 546 731 549 732 551 732 550 732 552 733 551 733 553 733 546 734 551 734 549 734 554 735 555 735 548 735 548 736 555 736 547 736 547 737 555 737 544 737 544 738 555 738 556 738 557 739 558 739 554 739 554 740 558 740 555 740 555 741 558 741 556 741 557 742 559 742 558 742 558 743 559 743 556 743 556 744 559 744 560 744 561 745 559 745 557 745 561 746 562 746 559 746 559 747 562 747 560 747 535 748 563 748 527 748 564 749 563 749 565 749 566 750 567 750 561 750 561 751 567 751 562 751 562 752 567 752 560 752 560 753 567 753 45 753 552 754 568 754 550 754 567 755 569 755 45 755 566 756 569 756 567 756 31 757 570 757 571 757 571 758 570 758 36 758 36 759 570 759 37 759 28 760 570 760 31 760 572 761 573 761 552 761 574 762 573 762 572 762 552 763 573 763 568 763 535 764 575 764 563 764 544 765 575 765 535 765 563 766 575 766 565 766 565 767 575 767 576 767 573 768 577 768 568 768 574 769 577 769 573 769 45 770 578 770 43 770 569 771 578 771 45 771 579 772 578 772 566 772 566 773 578 773 569 773 28 774 580 774 570 774 570 775 580 775 37 775 34 776 580 776 28 776 37 777 580 777 581 777 574 778 582 778 577 778 583 779 582 779 574 779 577 780 582 780 568 780 26 781 584 781 35 781 585 782 584 782 586 782 564 783 584 783 33 783 33 784 584 784 26 784 35 785 584 785 585 785 579 786 587 786 578 786 578 787 587 787 43 787 580 788 588 788 581 788 34 789 588 789 580 789 583 790 589 790 582 790 582 791 589 791 590 791 575 792 591 792 576 792 576 793 591 793 592 793 556 794 591 794 544 794 544 795 591 795 575 795 41 796 593 796 39 796 581 797 593 797 37 797 38 798 593 798 594 798 594 799 593 799 595 799 595 800 593 800 596 800 596 801 593 801 597 801 597 802 593 802 598 802 598 803 593 803 41 803 39 804 593 804 581 804 37 805 593 805 38 805 587 806 599 806 43 806 579 807 599 807 587 807 43 808 599 808 48 808 600 809 599 809 579 809 588 810 601 810 581 810 34 811 601 811 588 811 581 812 601 812 39 812 35 813 601 813 34 813 583 814 602 814 589 814 589 815 602 815 590 815 603 816 602 816 583 816 564 817 604 817 584 817 584 818 604 818 586 818 586 819 604 819 605 819 565 820 604 820 564 820 599 821 606 821 48 821 602 822 607 822 590 822 603 823 607 823 602 823 601 824 608 824 39 824 35 825 608 825 601 825 556 826 609 826 591 826 591 827 609 827 592 827 592 828 609 828 610 828 560 829 609 829 556 829 603 830 611 830 607 830 607 831 611 831 612 831 613 832 611 832 603 832 39 833 614 833 40 833 608 834 614 834 39 834 35 835 614 835 608 835 585 836 614 836 35 836 612 837 615 837 616 837 611 838 615 838 612 838 613 839 615 839 611 839 617 840 615 840 613 840 616 841 615 841 617 841 604 842 618 842 605 842 565 843 618 843 604 843 605 844 618 844 619 844 576 845 618 845 565 845 585 846 620 846 614 846 614 847 620 847 40 847 586 848 621 848 585 848 585 849 621 849 620 849 40 850 621 850 42 850 620 851 621 851 40 851 592 852 622 852 576 852 576 853 622 853 618 853 619 854 622 854 623 854 618 855 622 855 619 855 586 856 624 856 621 856 621 857 624 857 42 857 605 858 625 858 586 858 586 859 625 859 624 859 42 860 625 860 47 860 624 861 625 861 42 861 606 862 626 862 48 862 612 863 626 863 606 863 616 864 626 864 612 864 48 865 626 865 56 865 623 866 627 866 628 866 592 867 627 867 622 867 622 868 627 868 623 868 610 869 627 869 592 869 605 870 629 870 625 870 625 871 629 871 47 871 616 872 630 872 626 872 631 873 630 873 616 873 632 874 630 874 631 874 47 875 633 875 50 875 629 876 633 876 47 876 605 877 633 877 629 877 619 878 633 878 605 878 634 879 635 879 632 879 630 880 635 880 626 880 626 881 635 881 56 881 632 882 635 882 630 882 44 883 636 883 46 883 627 884 636 884 628 884 628 885 636 885 637 885 46 886 636 886 610 886 610 887 636 887 627 887 637 888 636 888 58 888 58 889 636 889 44 889 633 890 638 890 50 890 619 891 638 891 633 891 50 892 639 892 57 892 619 893 639 893 638 893 638 894 639 894 50 894 623 895 639 895 619 895 623 896 640 896 639 896 639 897 640 897 57 897 56 898 641 898 51 898 642 899 641 899 634 899 53 900 641 900 642 900 634 901 641 901 635 901 51 902 641 902 53 902 635 903 641 903 56 903 640 904 643 904 57 904 57 905 643 905 59 905 623 906 643 906 640 906 628 907 643 907 623 907 628 908 644 908 643 908 643 909 644 909 59 909 628 910 645 910 644 910 644 911 645 911 59 911 637 912 645 912 628 912 59 913 645 913 61 913 645 914 646 914 61 914 637 915 646 915 645 915 61 916 647 916 66 916 637 917 647 917 646 917 646 918 647 918 61 918 58 919 647 919 637 919 647 920 648 920 66 920 58 921 648 921 647 921 648 922 649 922 66 922 58 923 649 923 648 923 66 924 649 924 650 924 60 925 649 925 58 925 649 926 651 926 650 926 60 927 651 927 649 927 63 928 652 928 60 928 650 929 652 929 68 929 651 930 652 930 650 930 60 931 652 931 651 931 65 932 653 932 63 932 68 933 653 933 69 933 63 934 653 934 652 934 652 935 653 935 68 935 654 936 653 936 65 936 69 937 653 937 654 937 66 938 655 938 41 938 67 939 655 939 68 939 68 940 655 940 650 940 650 941 655 941 66 941 656 942 655 942 67 942 657 943 655 943 656 943 658 944 655 944 657 944 659 945 655 945 658 945 660 946 655 946 659 946 41 947 655 947 660 947 79 948 661 948 87 948 74 949 661 949 78 949 87 950 661 950 93 950 75 951 661 951 74 951 78 952 661 952 79 952 161 953 662 953 176 953 171 954 662 954 75 954 176 955 662 955 174 955 175 956 662 956 171 956 174 957 662 957 175 957 202 958 663 958 141 958 141 959 663 959 156 959 156 960 663 960 158 960 158 961 663 961 182 961 185 962 664 962 193 962 202 963 664 963 663 963 663 964 664 964 182 964 193 965 664 965 202 965 182 966 664 966 185 966 204 967 665 967 206 967 193 968 665 968 204 968 206 969 665 969 225 969 240 970 665 970 193 970 665 971 666 971 225 971 240 972 666 972 665 972 225 973 666 973 229 973 229 974 666 974 235 974 235 975 666 975 240 975 286 976 667 976 668 976 260 977 667 977 201 977 668 978 667 978 260 978 249 979 667 979 264 979 201 980 667 980 249 980 264 981 667 981 286 981 242 982 669 982 247 982 247 983 669 983 261 983 280 984 669 984 235 984 235 985 669 985 242 985 260 986 670 986 668 986 293 987 670 987 255 987 295 988 670 988 293 988 255 989 670 989 215 989 668 990 670 990 295 990 215 991 670 991 260 991 272 992 671 992 280 992 261 993 671 993 268 993 268 994 671 994 272 994 280 995 671 995 669 995 669 996 671 996 261 996 672 997 673 997 285 997 269 998 673 998 287 998 232 999 673 999 269 999 287 1000 673 1000 672 1000 285 1001 673 1001 232 1001 246 1002 674 1002 255 1002 675 1003 674 1003 676 1003 294 1004 674 1004 677 1004 677 1005 674 1005 675 1005 270 1006 674 1006 246 1006 255 1007 674 1007 293 1007 676 1008 674 1008 270 1008 293 1009 674 1009 294 1009 668 1010 678 1010 286 1010 285 1011 678 1011 672 1011 672 1012 678 1012 679 1012 679 1013 678 1013 315 1013 315 1014 678 1014 316 1014 286 1015 678 1015 285 1015 316 1016 678 1016 668 1016 305 1017 680 1017 258 1017 675 1018 680 1018 348 1018 676 1019 680 1019 675 1019 258 1020 680 1020 270 1020 348 1021 680 1021 346 1021 270 1022 680 1022 676 1022 346 1023 680 1023 305 1023 272 1024 681 1024 278 1024 278 1025 681 1025 283 1025 312 1026 681 1026 272 1026 283 1027 681 1027 297 1027 337 1028 682 1028 294 1028 314 1029 682 1029 337 1029 295 1030 682 1030 668 1030 316 1031 682 1031 314 1031 294 1032 682 1032 295 1032 668 1033 682 1033 316 1033 681 1034 683 1034 297 1034 311 1035 683 1035 312 1035 312 1036 683 1036 681 1036 297 1037 683 1037 307 1037 307 1038 683 1038 311 1038 259 1039 684 1039 305 1039 346 1040 684 1040 344 1040 319 1041 684 1041 259 1041 344 1042 684 1042 319 1042 305 1043 684 1043 346 1043 287 1044 685 1044 306 1044 306 1045 685 1045 328 1045 686 1046 685 1046 672 1046 672 1047 685 1047 287 1047 328 1048 685 1048 687 1048 687 1049 685 1049 686 1049 294 1050 688 1050 337 1050 677 1051 688 1051 294 1051 675 1052 688 1052 677 1052 337 1053 688 1053 338 1053 350 1054 688 1054 675 1054 352 1055 688 1055 350 1055 338 1056 688 1056 352 1056 679 1057 689 1057 672 1057 672 1058 689 1058 686 1058 690 1059 689 1059 342 1059 691 1060 689 1060 690 1060 315 1061 689 1061 679 1061 342 1062 689 1062 315 1062 686 1063 689 1063 687 1063 687 1064 689 1064 691 1064 350 1065 692 1065 351 1065 348 1066 692 1066 675 1066 693 1067 692 1067 694 1067 694 1068 692 1068 347 1068 675 1069 692 1069 350 1069 351 1070 692 1070 693 1070 347 1071 692 1071 348 1071 336 1072 695 1072 696 1072 335 1073 695 1073 336 1073 311 1074 697 1074 320 1074 313 1075 697 1075 311 1075 320 1076 697 1076 345 1076 698 1077 699 1077 338 1077 342 1078 699 1078 690 1078 690 1079 699 1079 700 1079 338 1080 699 1080 314 1080 701 1081 699 1081 698 1081 314 1082 699 1082 342 1082 700 1083 699 1083 701 1083 346 1084 702 1084 347 1084 358 1085 702 1085 344 1085 344 1086 702 1086 346 1086 347 1087 702 1087 694 1087 376 1088 702 1088 358 1088 694 1089 702 1089 376 1089 703 1090 704 1090 705 1090 364 1091 704 1091 706 1091 349 1092 704 1092 364 1092 328 1093 704 1093 329 1093 687 1094 704 1094 328 1094 329 1095 704 1095 349 1095 706 1096 704 1096 703 1096 705 1097 704 1097 687 1097 366 1098 707 1098 367 1098 696 1099 707 1099 366 1099 695 1100 707 1100 696 1100 351 1101 708 1101 352 1101 338 1102 708 1102 698 1102 709 1103 708 1103 710 1103 701 1104 708 1104 709 1104 711 1105 708 1105 351 1105 698 1106 708 1106 701 1106 352 1107 708 1107 338 1107 710 1108 708 1108 711 1108 697 1109 712 1109 345 1109 371 1110 713 1110 340 1110 343 1111 713 1111 358 1111 375 1112 713 1112 714 1112 358 1113 713 1113 375 1113 340 1114 713 1114 343 1114 385 1115 713 1115 371 1115 714 1116 713 1116 385 1116 715 1117 716 1117 717 1117 718 1118 716 1118 715 1118 690 1119 716 1119 691 1119 705 1120 716 1120 703 1120 717 1121 716 1121 690 1121 703 1122 716 1122 718 1122 691 1123 716 1123 687 1123 687 1124 716 1124 705 1124 318 1125 719 1125 362 1125 370 1126 719 1126 318 1126 373 1127 719 1127 370 1127 388 1128 719 1128 373 1128 407 1129 720 1129 721 1129 409 1130 720 1130 407 1130 694 1131 720 1131 693 1131 351 1132 720 1132 711 1132 693 1133 720 1133 351 1133 721 1134 720 1134 694 1134 710 1135 720 1135 409 1135 711 1136 720 1136 710 1136 363 1137 722 1137 391 1137 391 1138 722 1138 388 1138 388 1139 722 1139 719 1139 719 1140 722 1140 362 1140 362 1141 722 1141 363 1141 717 1142 723 1142 715 1142 700 1143 723 1143 690 1143 724 1144 723 1144 725 1144 690 1145 723 1145 717 1145 701 1146 723 1146 700 1146 726 1147 723 1147 724 1147 715 1148 723 1148 726 1148 725 1149 723 1149 701 1149 375 1150 727 1150 376 1150 407 1151 727 1151 728 1151 721 1152 727 1152 407 1152 729 1153 727 1153 375 1153 728 1154 727 1154 730 1154 730 1155 727 1155 729 1155 694 1156 727 1156 721 1156 376 1157 727 1157 694 1157 710 1158 731 1158 709 1158 709 1159 731 1159 701 1159 725 1160 731 1160 724 1160 724 1161 731 1161 732 1161 733 1162 731 1162 710 1162 732 1163 731 1163 734 1163 734 1164 731 1164 733 1164 701 1165 731 1165 725 1165 735 1166 736 1166 377 1166 378 1167 736 1167 381 1167 377 1168 736 1168 378 1168 381 1169 736 1169 737 1169 738 1170 739 1170 413 1170 375 1171 739 1171 729 1171 403 1172 739 1172 385 1172 730 1173 739 1173 738 1173 729 1174 739 1174 730 1174 714 1175 739 1175 375 1175 413 1176 739 1176 403 1176 385 1177 739 1177 714 1177 400 1178 740 1178 363 1178 405 1179 740 1179 400 1179 415 1180 740 1180 405 1180 363 1181 740 1181 395 1181 419 1182 741 1182 408 1182 408 1183 741 1183 409 1183 734 1184 741 1184 419 1184 710 1185 741 1185 733 1185 733 1186 741 1186 734 1186 409 1187 741 1187 710 1187 402 1188 742 1188 398 1188 398 1189 742 1189 743 1189 743 1190 742 1190 744 1190 395 1191 745 1191 396 1191 740 1192 745 1192 395 1192 415 1193 745 1193 740 1193 417 1194 745 1194 415 1194 396 1195 745 1195 417 1195 381 1196 746 1196 392 1196 392 1197 746 1197 406 1197 737 1198 746 1198 381 1198 728 1199 747 1199 407 1199 748 1200 747 1200 434 1200 434 1201 747 1201 435 1201 730 1202 747 1202 728 1202 407 1203 747 1203 408 1203 435 1204 747 1204 730 1204 418 1205 747 1205 748 1205 408 1206 747 1206 418 1206 746 1207 749 1207 406 1207 413 1208 750 1208 738 1208 433 1209 750 1209 430 1209 430 1210 750 1210 413 1210 738 1211 750 1211 730 1211 435 1212 750 1212 433 1212 730 1213 750 1213 435 1213 446 1214 751 1214 431 1214 431 1215 751 1215 425 1215 396 1216 751 1216 420 1216 425 1217 751 1217 396 1217 446 1218 752 1218 751 1218 420 1219 752 1219 421 1219 421 1220 752 1220 451 1220 451 1221 752 1221 446 1221 751 1222 752 1222 420 1222 753 1223 754 1223 749 1223 438 1224 755 1224 443 1224 437 1225 755 1225 438 1225 754 1226 755 1226 437 1226 443 1227 755 1227 756 1227 462 1228 757 1228 460 1228 421 1229 757 1229 453 1229 465 1230 757 1230 462 1230 460 1231 757 1231 421 1231 449 1232 758 1232 463 1232 443 1233 758 1233 449 1233 756 1234 758 1234 443 1234 757 1235 759 1235 453 1235 465 1236 759 1236 757 1236 454 1237 759 1237 466 1237 453 1238 759 1238 454 1238 466 1239 759 1239 465 1239 472 1240 760 1240 454 1240 477 1241 760 1241 472 1241 454 1242 760 1242 442 1242 758 1243 761 1243 463 1243 463 1244 761 1244 475 1244 477 1245 762 1245 760 1245 763 1246 764 1246 761 1246 761 1247 764 1247 475 1247 483 1248 765 1248 517 1248 764 1249 765 1249 475 1249 475 1250 765 1250 478 1250 478 1251 765 1251 483 1251 766 1252 767 1252 481 1252 481 1253 767 1253 480 1253 768 1254 769 1254 501 1254 501 1255 769 1255 498 1255 498 1256 769 1256 497 1256 497 1257 769 1257 770 1257 494 1258 771 1258 495 1258 766 1259 771 1259 767 1259 495 1260 771 1260 766 1260 492 1261 772 1261 511 1261 486 1262 772 1262 492 1262 517 1263 772 1263 483 1263 516 1264 772 1264 517 1264 483 1265 772 1265 486 1265 511 1266 772 1266 516 1266 501 1267 773 1267 768 1267 507 1268 773 1268 501 1268 514 1269 773 1269 507 1269 514 1270 774 1270 773 1270 774 1271 775 1271 776 1271 777 1272 778 1272 512 1272 779 1273 778 1273 777 1273 512 1274 778 1274 518 1274 537 1275 780 1275 533 1275 781 1276 780 1276 541 1276 541 1277 780 1277 537 1277 533 1278 780 1278 775 1278 545 1279 782 1279 541 1279 550 1280 782 1280 545 1280 541 1281 782 1281 781 1281 568 1282 783 1282 550 1282 550 1283 783 1283 782 1283 568 1284 784 1284 783 1284 783 1285 784 1285 785 1285 563 1286 786 1286 527 1286 527 1287 786 1287 32 1287 786 1288 787 1288 32 1288 33 1289 787 1289 564 1289 32 1290 787 1290 33 1290 564 1291 787 1291 563 1291 563 1292 787 1292 786 1292 568 1293 788 1293 784 1293 582 1294 788 1294 568 1294 600 1295 788 1295 590 1295 590 1296 788 1296 582 1296 606 1297 789 1297 612 1297 590 1298 789 1298 600 1298 600 1299 789 1299 599 1299 607 1300 789 1300 590 1300 612 1301 789 1301 607 1301 599 1302 789 1302 606 1302 560 1303 790 1303 609 1303 45 1304 790 1304 560 1304 45 1305 791 1305 790 1305 790 1306 791 1306 609 1306 609 1307 791 1307 610 1307 46 1308 791 1308 45 1308 610 1309 791 1309 46 1309 101 1310 792 1310 109 1310 661 1311 792 1311 93 1311 75 1312 792 1312 661 1312 93 1313 792 1313 101 1313 131 1314 793 1314 144 1314 144 1315 793 1315 161 1315 161 1316 793 1316 662 1316 662 1317 793 1317 75 1317 335 1318 794 1318 695 1318 712 1319 794 1319 345 1319 345 1320 794 1320 335 1320 712 1321 795 1321 794 1321 794 1322 795 1322 695 1322 695 1323 795 1323 707 1323 735 1324 795 1324 712 1324 697 1325 796 1325 712 1325 707 1326 797 1326 367 1326 735 1327 797 1327 795 1327 377 1328 797 1328 735 1328 367 1329 797 1329 377 1329 795 1330 797 1330 707 1330 796 1331 798 1331 712 1331 712 1332 798 1332 735 1332 798 1333 799 1333 735 1333 800 1334 799 1334 798 1334 735 1335 801 1335 736 1335 799 1336 801 1336 735 1336 402 1337 802 1337 742 1337 406 1338 802 1338 402 1338 749 1339 802 1339 406 1339 737 1340 803 1340 746 1340 746 1341 803 1341 749 1341 802 1342 804 1342 742 1342 754 1343 804 1343 749 1343 749 1344 804 1344 802 1344 437 1345 804 1345 754 1345 754 1346 805 1346 755 1346 755 1347 805 1347 756 1347 756 1348 805 1348 806 1348 758 1349 807 1349 761 1349 756 1350 807 1350 758 1350 806 1351 807 1351 756 1351 762 1352 808 1352 760 1352 762 1353 809 1353 808 1353 770 1354 809 1354 762 1354 809 1355 810 1355 811 1355 770 1356 810 1356 809 1356 480 1357 812 1357 477 1357 767 1358 812 1358 480 1358 477 1359 812 1359 762 1359 769 1360 813 1360 770 1360 770 1361 813 1361 810 1361 771 1362 814 1362 767 1362 762 1363 814 1363 770 1363 767 1364 814 1364 812 1364 812 1365 814 1365 762 1365 497 1366 815 1366 494 1366 770 1367 815 1367 497 1367 814 1368 815 1368 770 1368 494 1369 815 1369 771 1369 771 1370 815 1370 814 1370 764 1371 816 1371 765 1371 765 1372 816 1372 517 1372 773 1373 817 1373 768 1373 774 1374 817 1374 773 1374 514 1375 818 1375 774 1375 518 1376 818 1376 514 1376 778 1377 818 1377 518 1377 819 1378 820 1378 781 1378 780 1379 820 1379 775 1379 781 1380 820 1380 780 1380 774 1381 821 1381 775 1381 775 1382 821 1382 533 1382 778 1383 821 1383 818 1383 818 1384 821 1384 774 1384 781 1385 822 1385 819 1385 782 1386 822 1386 781 1386 783 1387 822 1387 782 1387 600 1388 823 1388 788 1388 788 1389 823 1389 784 1389 792 1390 824 1390 109 1390 75 1391 824 1391 792 1391 793 1392 824 1392 75 1392 123 1393 824 1393 131 1393 109 1394 824 1394 123 1394 131 1395 824 1395 793 1395 798 1396 825 1396 800 1396 796 1397 825 1397 798 1397 800 1398 825 1398 826 1398 799 1399 827 1399 801 1399 800 1400 827 1400 799 1400 826 1401 827 1401 800 1401 427 1402 828 1402 428 1402 744 1403 828 1403 427 1403 437 1404 828 1404 804 1404 742 1405 828 1405 744 1405 804 1406 828 1406 742 1406 428 1407 828 1407 437 1407 737 1408 829 1408 803 1408 830 1409 829 1409 737 1409 805 1410 831 1410 806 1410 806 1411 831 1411 832 1411 833 1412 834 1412 811 1412 809 1413 834 1413 808 1413 811 1414 834 1414 809 1414 806 1415 835 1415 807 1415 832 1416 835 1416 806 1416 811 1417 836 1417 833 1417 810 1418 836 1418 811 1418 813 1419 836 1419 810 1419 835 1420 837 1420 807 1420 763 1421 837 1421 838 1421 838 1422 839 1422 763 1422 817 1423 840 1423 768 1423 768 1424 840 1424 841 1424 517 1425 842 1425 515 1425 816 1426 842 1426 517 1426 515 1427 842 1427 522 1427 839 1428 842 1428 816 1428 843 1429 844 1429 819 1429 819 1430 844 1430 820 1430 819 1431 845 1431 843 1431 822 1432 845 1432 819 1432 533 1433 846 1433 530 1433 779 1434 846 1434 778 1434 530 1435 846 1435 531 1435 778 1436 846 1436 821 1436 821 1437 846 1437 533 1437 531 1438 846 1438 779 1438 847 1439 848 1439 785 1439 822 1440 848 1440 845 1440 785 1441 849 1441 847 1441 823 1442 850 1442 849 1442 600 1443 850 1443 823 1443 579 1444 850 1444 600 1444 566 1445 850 1445 579 1445 851 1446 852 1446 313 1446 697 1447 852 1447 796 1447 796 1448 852 1448 851 1448 313 1449 852 1449 697 1449 313 1450 853 1450 851 1450 334 1451 853 1451 313 1451 825 1452 854 1452 826 1452 855 1453 854 1453 856 1453 826 1454 854 1454 855 1454 857 1455 854 1455 825 1455 826 1456 858 1456 827 1456 856 1457 858 1457 855 1457 855 1458 858 1458 826 1458 737 1459 859 1459 860 1459 860 1460 859 1460 801 1460 736 1461 859 1461 737 1461 801 1462 859 1462 736 1462 858 1463 861 1463 827 1463 860 1464 862 1464 737 1464 737 1465 862 1465 830 1465 863 1466 864 1466 830 1466 865 1467 864 1467 863 1467 830 1468 864 1468 829 1468 753 1469 866 1469 867 1469 867 1470 866 1470 803 1470 803 1471 866 1471 749 1471 749 1472 866 1472 753 1472 864 1473 868 1473 829 1473 753 1474 869 1474 754 1474 870 1475 869 1475 753 1475 754 1476 869 1476 805 1476 867 1477 871 1477 753 1477 753 1478 871 1478 872 1478 873 1479 874 1479 442 1479 442 1480 874 1480 441 1480 753 1481 875 1481 870 1481 872 1482 875 1482 753 1482 442 1483 876 1483 873 1483 760 1484 876 1484 442 1484 808 1485 876 1485 760 1485 873 1486 876 1486 808 1486 877 1487 878 1487 879 1487 834 1488 878 1488 880 1488 833 1489 878 1489 834 1489 879 1490 878 1490 833 1490 836 1491 881 1491 833 1491 879 1492 881 1492 877 1492 833 1493 881 1493 879 1493 761 1494 882 1494 763 1494 807 1495 882 1495 761 1495 763 1496 882 1496 837 1496 837 1497 882 1497 807 1497 836 1498 883 1498 881 1498 835 1499 884 1499 837 1499 841 1500 885 1500 768 1500 768 1501 885 1501 886 1501 763 1502 887 1502 764 1502 816 1503 887 1503 839 1503 764 1504 887 1504 816 1504 839 1505 887 1505 763 1505 840 1506 888 1506 841 1506 841 1507 888 1507 889 1507 889 1508 888 1508 890 1508 838 1509 891 1509 892 1509 837 1510 891 1510 838 1510 884 1511 891 1511 837 1511 886 1512 893 1512 768 1512 813 1513 893 1513 886 1513 769 1514 893 1514 813 1514 768 1515 893 1515 769 1515 840 1516 894 1516 888 1516 838 1517 895 1517 839 1517 892 1518 895 1518 838 1518 895 1519 896 1519 839 1519 839 1520 896 1520 842 1520 897 1521 898 1521 776 1521 776 1522 898 1522 899 1522 776 1523 900 1523 897 1523 901 1524 900 1524 776 1524 817 1525 902 1525 899 1525 899 1526 902 1526 776 1526 776 1527 902 1527 774 1527 774 1528 902 1528 817 1528 776 1529 903 1529 901 1529 775 1530 903 1530 776 1530 820 1531 903 1531 775 1531 848 1532 904 1532 845 1532 847 1533 905 1533 848 1533 906 1534 905 1534 847 1534 848 1535 905 1535 904 1535 847 1536 907 1536 906 1536 849 1537 907 1537 847 1537 783 1538 908 1538 822 1538 822 1539 908 1539 848 1539 848 1540 908 1540 785 1540 785 1541 908 1541 783 1541 850 1542 909 1542 849 1542 849 1543 909 1543 907 1543 849 1544 910 1544 823 1544 823 1545 910 1545 784 1545 785 1546 910 1546 849 1546 784 1547 910 1547 785 1547 364 1548 911 1548 334 1548 706 1549 911 1549 364 1549 334 1550 911 1550 853 1550 851 1551 912 1551 796 1551 796 1552 912 1552 825 1552 825 1553 912 1553 857 1553 911 1554 913 1554 853 1554 854 1555 914 1555 856 1555 857 1556 914 1556 854 1556 827 1557 915 1557 801 1557 801 1558 915 1558 860 1558 861 1559 915 1559 827 1559 856 1560 916 1560 858 1560 858 1561 916 1561 861 1561 862 1562 917 1562 830 1562 830 1563 917 1563 863 1563 918 1564 917 1564 862 1564 863 1565 917 1565 865 1565 868 1566 919 1566 829 1566 829 1567 919 1567 803 1567 803 1568 919 1568 867 1568 864 1569 920 1569 868 1569 865 1570 920 1570 864 1570 874 1571 921 1571 441 1571 445 1572 921 1572 433 1572 441 1573 921 1573 445 1573 874 1574 922 1574 921 1574 872 1575 923 1575 924 1575 871 1576 923 1576 872 1576 925 1577 923 1577 871 1577 924 1578 923 1578 926 1578 924 1579 927 1579 872 1579 872 1580 927 1580 875 1580 926 1581 927 1581 924 1581 877 1582 928 1582 878 1582 878 1583 928 1583 880 1583 831 1584 929 1584 832 1584 880 1585 930 1585 834 1585 834 1586 930 1586 808 1586 808 1587 930 1587 873 1587 883 1588 931 1588 881 1588 881 1589 931 1589 877 1589 813 1590 932 1590 836 1590 886 1591 932 1591 813 1591 836 1592 932 1592 883 1592 841 1593 933 1593 885 1593 885 1594 933 1594 934 1594 889 1595 933 1595 841 1595 890 1596 933 1596 889 1596 935 1597 936 1597 832 1597 888 1598 937 1598 890 1598 894 1599 937 1599 888 1599 884 1600 938 1600 891 1600 891 1601 938 1601 892 1601 840 1602 939 1602 894 1602 817 1603 939 1603 840 1603 899 1604 939 1604 817 1604 940 1605 941 1605 942 1605 897 1606 941 1606 898 1606 942 1607 941 1607 897 1607 898 1608 941 1608 943 1608 892 1609 944 1609 895 1609 895 1610 944 1610 896 1610 942 1611 945 1611 940 1611 897 1612 945 1612 942 1612 900 1613 945 1613 897 1613 522 1614 946 1614 526 1614 843 1615 947 1615 844 1615 843 1616 948 1616 949 1616 906 1617 950 1617 905 1617 905 1618 950 1618 904 1618 907 1619 951 1619 906 1619 909 1620 951 1620 907 1620 561 1621 952 1621 566 1621 912 1622 953 1622 857 1622 913 1623 953 1623 853 1623 857 1624 953 1624 913 1624 853 1625 953 1625 851 1625 851 1626 953 1626 912 1626 911 1627 954 1627 913 1627 706 1628 954 1628 911 1628 856 1629 955 1629 956 1629 914 1630 955 1630 856 1630 957 1631 955 1631 914 1631 956 1632 955 1632 958 1632 956 1633 959 1633 856 1633 856 1634 959 1634 916 1634 958 1635 959 1635 956 1635 918 1636 960 1636 861 1636 861 1637 960 1637 915 1637 862 1638 960 1638 918 1638 915 1639 960 1639 860 1639 860 1640 960 1640 862 1640 959 1641 961 1641 916 1641 918 1642 962 1642 917 1642 917 1643 962 1643 865 1643 865 1644 963 1644 920 1644 964 1645 963 1645 965 1645 965 1646 963 1646 865 1646 867 1647 966 1647 871 1647 919 1648 966 1648 867 1648 871 1649 966 1649 925 1649 868 1650 966 1650 919 1650 925 1651 966 1651 868 1651 921 1652 967 1652 433 1652 922 1653 967 1653 921 1653 963 1654 968 1654 920 1654 925 1655 969 1655 923 1655 923 1656 969 1656 926 1656 873 1657 970 1657 874 1657 880 1658 970 1658 930 1658 874 1659 970 1659 922 1659 922 1660 970 1660 880 1660 930 1661 970 1661 873 1661 831 1662 971 1662 929 1662 875 1663 971 1663 870 1663 972 1664 973 1664 974 1664 974 1665 973 1665 877 1665 877 1666 973 1666 928 1666 928 1667 973 1667 975 1667 974 1668 976 1668 972 1668 877 1669 976 1669 974 1669 931 1670 976 1670 877 1670 926 1671 977 1671 927 1671 977 1672 978 1672 929 1672 979 1673 978 1673 926 1673 926 1674 978 1674 977 1674 931 1675 980 1675 976 1675 929 1676 981 1676 832 1676 832 1677 981 1677 935 1677 935 1678 982 1678 983 1678 981 1679 982 1679 935 1679 929 1680 982 1680 981 1680 978 1681 982 1681 929 1681 832 1682 984 1682 835 1682 884 1683 984 1683 936 1683 835 1684 984 1684 884 1684 936 1685 984 1685 832 1685 933 1686 985 1686 934 1686 890 1687 985 1687 933 1687 937 1688 986 1688 890 1688 890 1689 986 1689 987 1689 987 1690 986 1690 988 1690 883 1691 989 1691 934 1691 885 1692 989 1692 886 1692 934 1693 989 1693 885 1693 932 1694 989 1694 883 1694 886 1695 989 1695 932 1695 937 1696 990 1696 986 1696 983 1697 991 1697 935 1697 935 1698 991 1698 936 1698 940 1699 992 1699 941 1699 941 1700 992 1700 943 1700 898 1701 993 1701 899 1701 894 1702 993 1702 943 1702 939 1703 993 1703 894 1703 899 1704 993 1704 939 1704 943 1705 993 1705 898 1705 994 1706 995 1706 996 1706 892 1707 995 1707 994 1707 938 1708 995 1708 892 1708 997 1709 995 1709 938 1709 940 1710 998 1710 999 1710 998 1711 1000 1711 947 1711 940 1712 1000 1712 998 1712 945 1713 1000 1713 940 1713 996 1714 1001 1714 994 1714 994 1715 1001 1715 892 1715 892 1716 1001 1716 944 1716 946 1717 1002 1717 896 1717 896 1718 1002 1718 842 1718 842 1719 1002 1719 522 1719 522 1720 1002 1720 946 1720 1001 1721 1003 1721 944 1721 947 1722 1004 1722 998 1722 1005 1723 1004 1723 949 1723 949 1724 1006 1724 843 1724 1004 1725 1006 1725 949 1725 947 1726 1006 1726 1004 1726 843 1727 1006 1727 947 1727 901 1728 1007 1728 900 1728 947 1729 1007 1729 844 1729 949 1730 1008 1730 1005 1730 948 1731 1008 1731 949 1731 526 1732 1009 1732 536 1732 843 1733 1010 1733 948 1733 904 1734 1010 1734 845 1734 845 1735 1010 1735 843 1735 948 1736 1010 1736 904 1736 906 1737 1011 1737 950 1737 950 1738 1011 1738 1012 1738 1013 1739 1011 1739 906 1739 1014 1740 1011 1740 1013 1740 951 1741 1015 1741 906 1741 906 1742 1015 1742 1013 1742 1013 1743 1015 1743 1014 1743 951 1744 1016 1744 1015 1744 557 1745 1017 1745 561 1745 952 1746 1018 1746 566 1746 850 1747 1018 1747 909 1747 566 1748 1018 1748 850 1748 909 1749 1018 1749 952 1749 706 1750 1019 1750 954 1750 703 1751 1019 1751 706 1751 718 1752 1019 1752 703 1752 913 1753 1020 1753 857 1753 857 1754 1020 1754 914 1754 914 1755 1020 1755 957 1755 1019 1756 1021 1756 954 1756 957 1757 1022 1757 955 1757 955 1758 1022 1758 958 1758 861 1759 1023 1759 918 1759 961 1760 1023 1760 916 1760 916 1761 1023 1761 861 1761 959 1762 1024 1762 961 1762 958 1763 1024 1763 959 1763 1025 1764 1026 1764 962 1764 962 1765 1026 1765 865 1765 965 1766 1026 1766 964 1766 865 1767 1026 1767 965 1767 433 1768 1027 1768 434 1768 434 1769 1027 1769 748 1769 967 1770 1027 1770 433 1770 920 1771 1028 1771 868 1771 968 1772 1028 1772 920 1772 868 1773 1028 1773 925 1773 967 1774 1029 1774 1027 1774 964 1775 1030 1775 963 1775 963 1776 1030 1776 968 1776 973 1777 1031 1777 975 1777 972 1778 1031 1778 973 1778 869 1779 1032 1779 805 1779 870 1780 1032 1780 869 1780 831 1781 1032 1781 971 1781 805 1782 1032 1782 831 1782 971 1783 1032 1783 870 1783 880 1784 1033 1784 922 1784 928 1785 1033 1785 880 1785 975 1786 1033 1786 928 1786 927 1787 1034 1787 875 1787 977 1788 1034 1788 927 1788 976 1789 1035 1789 972 1789 980 1790 1035 1790 976 1790 979 1791 1036 1791 1037 1791 926 1792 1036 1792 979 1792 969 1793 1036 1793 926 1793 1038 1794 1036 1794 969 1794 929 1795 1039 1795 977 1795 1034 1796 1039 1796 875 1796 971 1797 1039 1797 929 1797 875 1798 1039 1798 971 1798 977 1799 1039 1799 1034 1799 1037 1800 1040 1800 979 1800 979 1801 1040 1801 978 1801 1041 1802 1040 1802 1037 1802 934 1803 1042 1803 883 1803 883 1804 1042 1804 931 1804 931 1805 1042 1805 980 1805 985 1806 1043 1806 1044 1806 987 1807 1043 1807 890 1807 988 1808 1043 1808 987 1808 890 1809 1043 1809 985 1809 986 1810 1045 1810 988 1810 990 1811 1045 1811 986 1811 978 1812 1046 1812 982 1812 1046 1813 1047 1813 982 1813 982 1814 1047 1814 983 1814 983 1815 1047 1815 1048 1815 983 1816 1049 1816 991 1816 1050 1817 1049 1817 1048 1817 1048 1818 1049 1818 983 1818 894 1819 1051 1819 937 1819 943 1820 1051 1820 894 1820 937 1821 1051 1821 990 1821 884 1822 1052 1822 938 1822 936 1823 1052 1823 884 1823 938 1824 1052 1824 997 1824 1053 1825 1054 1825 999 1825 992 1826 1054 1826 1055 1826 940 1827 1054 1827 992 1827 999 1828 1054 1828 940 1828 1049 1829 1056 1829 991 1829 999 1830 1057 1830 1053 1830 1053 1831 1057 1831 1058 1831 998 1832 1057 1832 999 1832 997 1833 1059 1833 995 1833 995 1834 1059 1834 996 1834 1004 1835 1060 1835 998 1835 896 1836 1061 1836 946 1836 944 1837 1061 1837 896 1837 1003 1838 1061 1838 944 1838 945 1839 1062 1839 1000 1839 900 1840 1062 1840 945 1840 1005 1841 1063 1841 1004 1841 1064 1842 1063 1842 1005 1842 1004 1843 1063 1843 1060 1843 1062 1844 1065 1844 1000 1844 947 1845 1065 1845 1007 1845 900 1846 1065 1846 1062 1846 1000 1847 1065 1847 947 1847 1007 1848 1065 1848 900 1848 1001 1849 1066 1849 1003 1849 996 1850 1066 1850 1001 1850 1005 1851 1067 1851 1064 1851 1008 1852 1067 1852 1005 1852 1064 1853 1067 1853 1068 1853 1008 1854 1069 1854 1067 1854 901 1855 1070 1855 1007 1855 1007 1856 1070 1856 844 1856 844 1857 1070 1857 820 1857 903 1858 1070 1858 901 1858 820 1859 1070 1859 903 1859 1011 1860 1071 1860 1012 1860 1014 1861 1071 1861 1011 1861 950 1862 1072 1862 904 1862 1012 1863 1072 1863 950 1863 904 1864 1072 1864 948 1864 1015 1865 1073 1865 1014 1865 1016 1866 1073 1866 1015 1866 909 1867 1074 1867 951 1867 952 1868 1074 1868 909 1868 951 1869 1074 1869 1016 1869 954 1870 1075 1870 913 1870 1021 1871 1075 1871 954 1871 1020 1872 1075 1872 957 1872 957 1873 1075 1873 1021 1873 913 1874 1075 1874 1020 1874 1019 1875 1076 1875 1021 1875 718 1876 1076 1876 1019 1876 1077 1877 1078 1877 1022 1877 1022 1878 1078 1878 958 1878 958 1879 1078 1879 1079 1879 1079 1880 1078 1880 1080 1880 1079 1881 1081 1881 958 1881 958 1882 1081 1882 1024 1882 1080 1883 1081 1883 1079 1883 918 1884 1082 1884 962 1884 962 1885 1082 1885 1025 1885 1025 1886 1082 1886 961 1886 1023 1887 1082 1887 918 1887 961 1888 1082 1888 1023 1888 1081 1889 1083 1889 1024 1889 1027 1890 1084 1890 748 1890 1029 1891 1084 1891 1027 1891 1026 1892 1085 1892 964 1892 1025 1893 1085 1893 1026 1893 1033 1894 1086 1894 922 1894 975 1895 1086 1895 1033 1895 922 1896 1086 1896 967 1896 967 1897 1086 1897 1029 1897 1029 1898 1086 1898 975 1898 1087 1899 1088 1899 1089 1899 1089 1900 1088 1900 964 1900 964 1901 1088 1901 1030 1901 1090 1902 1091 1902 972 1902 1092 1903 1091 1903 1090 1903 1031 1904 1091 1904 1093 1904 972 1905 1091 1905 1031 1905 1038 1906 1094 1906 968 1906 925 1907 1094 1907 969 1907 1028 1908 1094 1908 925 1908 968 1909 1094 1909 1028 1909 969 1910 1094 1910 1038 1910 1088 1911 1095 1911 1030 1911 972 1912 1096 1912 1090 1912 1090 1913 1096 1913 1092 1913 1035 1914 1096 1914 972 1914 1035 1915 1097 1915 1096 1915 1038 1916 1098 1916 1036 1916 1036 1917 1098 1917 1037 1917 988 1918 1099 1918 1043 1918 1043 1919 1099 1919 1044 1919 988 1920 1100 1920 1101 1920 1101 1921 1100 1921 1102 1921 1045 1922 1100 1922 988 1922 1044 1923 1103 1923 985 1923 1042 1924 1103 1924 980 1924 934 1925 1103 1925 1042 1925 980 1926 1103 1926 1044 1926 985 1927 1103 1927 934 1927 1041 1928 1104 1928 1040 1928 1045 1929 1105 1929 1100 1929 1046 1930 1106 1930 1047 1930 1047 1931 1106 1931 1048 1931 1048 1932 1106 1932 1050 1932 1054 1933 1107 1933 1055 1933 1053 1934 1107 1934 1054 1934 1052 1935 1108 1935 997 1935 936 1936 1108 1936 1052 1936 1056 1937 1108 1937 991 1937 991 1938 1108 1938 936 1938 997 1939 1108 1939 1056 1939 990 1940 1109 1940 1055 1940 943 1941 1109 1941 1051 1941 992 1942 1109 1942 943 1942 1051 1943 1109 1943 990 1943 1055 1944 1109 1944 992 1944 1057 1945 1110 1945 1058 1945 1050 1946 1111 1946 1049 1946 1049 1947 1111 1947 1056 1947 1068 1948 1112 1948 1064 1948 1063 1949 1112 1949 1060 1949 1064 1950 1112 1950 1063 1950 1059 1951 1113 1951 996 1951 1114 1952 1113 1952 1059 1952 996 1953 1113 1953 1115 1953 1115 1954 1113 1954 1116 1954 1067 1955 1117 1955 1068 1955 1069 1956 1117 1956 1067 1956 1115 1957 1118 1957 996 1957 1116 1958 1118 1958 1115 1958 996 1959 1118 1959 1066 1959 1119 1960 1120 1960 1003 1960 526 1961 1120 1961 1009 1961 1061 1962 1120 1962 946 1962 1003 1963 1120 1963 1061 1963 946 1964 1120 1964 526 1964 1009 1965 1120 1965 1119 1965 1118 1966 1121 1966 1066 1966 1069 1967 1122 1967 1012 1967 1008 1968 1122 1968 1069 1968 948 1969 1122 1969 1008 1969 1072 1970 1122 1970 948 1970 1012 1971 1122 1971 1072 1971 1014 1972 1123 1972 1071 1972 1124 1973 1123 1973 1014 1973 1125 1974 1123 1974 1124 1974 1071 1975 1123 1975 1126 1975 1009 1976 1127 1976 536 1976 1119 1977 1127 1977 1009 1977 1073 1978 1128 1978 1014 1978 1014 1979 1128 1979 1124 1979 1124 1980 1128 1980 1125 1980 1073 1981 1129 1981 1128 1981 1017 1982 1130 1982 1131 1982 557 1983 1130 1983 1017 1983 1131 1984 1132 1984 1017 1984 1074 1985 1132 1985 1016 1985 952 1986 1132 1986 1074 1986 561 1987 1132 1987 952 1987 1017 1988 1132 1988 561 1988 1016 1989 1132 1989 1131 1989 715 1990 1133 1990 718 1990 726 1991 1133 1991 715 1991 718 1992 1133 1992 1076 1992 1022 1993 1134 1993 1077 1993 957 1994 1134 1994 1022 1994 1021 1995 1134 1995 957 1995 1133 1996 1135 1996 1076 1996 1077 1997 1136 1997 1078 1997 1078 1998 1136 1998 1080 1998 1024 1999 1137 1999 961 1999 961 2000 1137 2000 1025 2000 1083 2001 1137 2001 1024 2001 1081 2002 1138 2002 1083 2002 1080 2003 1138 2003 1081 2003 1084 2004 1139 2004 748 2004 418 2005 1139 2005 419 2005 748 2006 1139 2006 418 2006 1084 2007 1140 2007 1139 2007 1085 2008 1141 2008 964 2008 1089 2009 1141 2009 1087 2009 964 2010 1141 2010 1089 2010 1142 2011 1141 2011 1085 2011 1092 2012 1143 2012 1091 2012 1091 2013 1143 2013 1093 2013 1030 2014 1144 2014 968 2014 968 2015 1144 2015 1038 2015 1095 2016 1144 2016 1030 2016 1093 2017 1145 2017 1031 2017 975 2018 1145 2018 1029 2018 1031 2019 1145 2019 975 2019 1096 2020 1146 2020 1092 2020 1097 2021 1146 2021 1096 2021 1088 2022 1147 2022 1095 2022 1087 2023 1147 2023 1088 2023 980 2024 1148 2024 1035 2024 1035 2025 1148 2025 1097 2025 1044 2026 1148 2026 980 2026 1101 2027 1149 2027 988 2027 1102 2028 1149 2028 1101 2028 1099 2029 1149 2029 1150 2029 988 2030 1149 2030 1099 2030 1037 2031 1151 2031 1041 2031 1098 2032 1151 2032 1037 2032 1152 2033 1151 2033 1098 2033 1041 2034 1151 2034 1153 2034 1105 2035 1154 2035 1100 2035 1100 2036 1154 2036 1102 2036 1040 2037 1155 2037 978 2037 1104 2038 1155 2038 1040 2038 978 2039 1155 2039 1046 2039 1046 2040 1155 2040 1104 2040 1153 2041 1156 2041 1041 2041 1157 2042 1156 2042 1153 2042 1041 2043 1156 2043 1104 2043 990 2044 1158 2044 1045 2044 1055 2045 1158 2045 990 2045 1045 2046 1158 2046 1105 2046 1107 2047 1159 2047 1160 2047 1161 2048 1159 2048 1058 2048 1058 2049 1159 2049 1053 2049 1053 2050 1159 2050 1107 2050 1157 2051 1162 2051 1156 2051 1157 2052 1163 2052 1162 2052 1058 2053 1163 2053 1161 2053 1161 2054 1163 2054 1157 2054 1110 2055 1163 2055 1058 2055 1050 2056 1164 2056 1165 2056 1165 2057 1164 2057 1166 2057 1106 2058 1164 2058 1050 2058 1167 2059 1164 2059 1106 2059 1165 2060 1168 2060 1050 2060 1166 2061 1168 2061 1165 2061 1050 2062 1168 2062 1111 2062 1110 2063 1169 2063 1060 2063 998 2064 1169 2064 1057 2064 1060 2065 1169 2065 998 2065 1057 2066 1169 2066 1110 2066 1059 2067 1170 2067 1114 2067 997 2068 1170 2068 1059 2068 1056 2069 1170 2069 997 2069 1171 2070 1172 2070 1068 2070 1112 2071 1172 2071 1173 2071 1166 2072 1172 2072 1171 2072 1068 2073 1172 2073 1112 2073 1168 2074 1174 2074 1111 2074 1068 2075 1175 2075 1171 2075 1171 2076 1175 2076 1166 2076 1117 2077 1175 2077 1068 2077 1117 2078 1176 2078 1175 2078 1113 2079 1177 2079 1116 2079 1116 2080 1177 2080 1178 2080 1114 2081 1177 2081 1113 2081 1177 2082 1179 2082 1178 2082 1066 2083 1180 2083 1003 2083 1003 2084 1180 2084 1119 2084 1121 2085 1180 2085 1066 2085 1116 2086 1181 2086 1118 2086 1118 2087 1181 2087 1121 2087 1178 2088 1181 2088 1116 2088 1123 2089 1182 2089 1126 2089 1179 2090 1182 2090 1178 2090 1178 2091 1182 2091 1125 2091 1125 2092 1182 2092 1123 2092 1071 2093 1183 2093 1012 2093 1012 2094 1183 2094 1069 2094 1126 2095 1183 2095 1071 2095 1178 2096 1184 2096 1181 2096 1128 2097 1185 2097 1125 2097 1129 2098 1185 2098 1128 2098 1178 2099 1185 2099 1184 2099 1125 2100 1185 2100 1178 2100 536 2101 1186 2101 542 2101 1127 2102 1186 2102 536 2102 1187 2103 1186 2103 1127 2103 542 2104 1186 2104 548 2104 1073 2105 1188 2105 1129 2105 1016 2106 1188 2106 1073 2106 1131 2107 1188 2107 1016 2107 554 2108 1189 2108 557 2108 1130 2109 1189 2109 1190 2109 548 2110 1189 2110 554 2110 557 2111 1189 2111 1130 2111 1076 2112 1191 2112 1021 2112 1134 2113 1191 2113 1077 2113 1021 2114 1191 2114 1134 2114 1135 2115 1191 2115 1076 2115 1077 2116 1191 2116 1135 2116 726 2117 1192 2117 1133 2117 732 2118 1192 2118 724 2118 1133 2119 1192 2119 1135 2119 724 2120 1192 2120 726 2120 1193 2121 1194 2121 1195 2121 1077 2122 1194 2122 1136 2122 732 2123 1194 2123 1192 2123 1135 2124 1194 2124 1077 2124 1192 2125 1194 2125 1135 2125 1080 2126 1196 2126 1197 2126 1136 2127 1196 2127 1080 2127 1194 2128 1196 2128 1136 2128 1193 2129 1196 2129 1194 2129 1197 2130 1196 2130 1193 2130 419 2131 1198 2131 734 2131 1139 2132 1198 2132 419 2132 1140 2133 1198 2133 1139 2133 734 2134 1198 2134 732 2134 1197 2135 1199 2135 1080 2135 1080 2136 1199 2136 1138 2136 1193 2137 1199 2137 1197 2137 1142 2138 1200 2138 1083 2138 1137 2139 1200 2139 1025 2139 1083 2140 1200 2140 1137 2140 1085 2141 1200 2141 1142 2141 1025 2142 1200 2142 1085 2142 1199 2143 1201 2143 1138 2143 1083 2144 1201 2144 1142 2144 1193 2145 1201 2145 1199 2145 1195 2146 1201 2146 1193 2146 1138 2147 1201 2147 1083 2147 1198 2148 1202 2148 732 2148 1143 2149 1202 2149 1093 2149 1093 2150 1202 2150 1140 2150 732 2151 1202 2151 1194 2151 1194 2152 1202 2152 1195 2152 1140 2153 1202 2153 1198 2153 1195 2154 1202 2154 1203 2154 1140 2155 1204 2155 1093 2155 1145 2156 1204 2156 1029 2156 1084 2157 1204 2157 1140 2157 1093 2158 1204 2158 1145 2158 1029 2159 1204 2159 1084 2159 1143 2160 1205 2160 1202 2160 1202 2161 1205 2161 1203 2161 1203 2162 1205 2162 1206 2162 1092 2163 1205 2163 1143 2163 1206 2164 1205 2164 1092 2164 1207 2165 1208 2165 1201 2165 1142 2166 1208 2166 1141 2166 1141 2167 1208 2167 1087 2167 1087 2168 1208 2168 1209 2168 1209 2169 1208 2169 1207 2169 1201 2170 1208 2170 1142 2170 1206 2171 1210 2171 1203 2171 1092 2172 1210 2172 1206 2172 1146 2173 1210 2173 1092 2173 1201 2174 1211 2174 1207 2174 1195 2175 1211 2175 1201 2175 1210 2176 1211 2176 1203 2176 1146 2177 1211 2177 1210 2177 1150 2178 1211 2178 1097 2178 1097 2179 1211 2179 1146 2179 1203 2180 1211 2180 1195 2180 1209 2181 1212 2181 1087 2181 1207 2182 1212 2182 1209 2182 1087 2183 1212 2183 1147 2183 1098 2184 1213 2184 1152 2184 1038 2185 1213 2185 1098 2185 1144 2186 1213 2186 1038 2186 1095 2187 1213 2187 1144 2187 1152 2188 1213 2188 1095 2188 1212 2189 1214 2189 1147 2189 1147 2190 1214 2190 1095 2190 1207 2191 1214 2191 1212 2191 1095 2192 1214 2192 1152 2192 1215 2193 1216 2193 1102 2193 1150 2194 1216 2194 1211 2194 1207 2195 1216 2195 1215 2195 1211 2196 1216 2196 1207 2196 1102 2197 1216 2197 1149 2197 1149 2198 1216 2198 1150 2198 1102 2199 1217 2199 1215 2199 1215 2200 1217 2200 1207 2200 1154 2201 1217 2201 1102 2201 1099 2202 1218 2202 1044 2202 1148 2203 1218 2203 1097 2203 1150 2204 1218 2204 1099 2204 1097 2205 1218 2205 1150 2205 1044 2206 1218 2206 1148 2206 1207 2207 1219 2207 1214 2207 1160 2208 1219 2208 1105 2208 1217 2209 1219 2209 1207 2209 1154 2210 1219 2210 1217 2210 1105 2211 1219 2211 1154 2211 1153 2212 1220 2212 1157 2212 1152 2213 1220 2213 1151 2213 1151 2214 1220 2214 1153 2214 1160 2215 1221 2215 1219 2215 1219 2216 1221 2216 1214 2216 1220 2217 1221 2217 1157 2217 1152 2218 1221 2218 1220 2218 1214 2219 1221 2219 1152 2219 1161 2220 1222 2220 1159 2220 1157 2221 1222 2221 1161 2221 1159 2222 1222 2222 1160 2222 1160 2223 1222 2223 1221 2223 1221 2224 1222 2224 1157 2224 1162 2225 1223 2225 1156 2225 1156 2226 1223 2226 1104 2226 1167 2227 1223 2227 1162 2227 1046 2228 1224 2228 1106 2228 1223 2229 1224 2229 1104 2229 1167 2230 1224 2230 1223 2230 1106 2231 1224 2231 1167 2231 1104 2232 1224 2232 1046 2232 1105 2233 1225 2233 1160 2233 1055 2234 1225 2234 1158 2234 1158 2235 1225 2235 1105 2235 1160 2236 1225 2236 1107 2236 1107 2237 1225 2237 1055 2237 1110 2238 1226 2238 1163 2238 1162 2239 1226 2239 1173 2239 1163 2240 1226 2240 1162 2240 1173 2241 1227 2241 1162 2241 1164 2242 1227 2242 1166 2242 1167 2243 1227 2243 1164 2243 1172 2244 1227 2244 1173 2244 1166 2245 1227 2245 1172 2245 1162 2246 1227 2246 1167 2246 1170 2247 1228 2247 1114 2247 1056 2248 1228 2248 1170 2248 1114 2249 1228 2249 1174 2249 1111 2250 1228 2250 1056 2250 1174 2251 1228 2251 1111 2251 1060 2252 1229 2252 1110 2252 1110 2253 1229 2253 1226 2253 1112 2254 1229 2254 1060 2254 1173 2255 1229 2255 1112 2255 1226 2256 1229 2256 1173 2256 1176 2257 1230 2257 1175 2257 1166 2258 1230 2258 1168 2258 1175 2259 1230 2259 1166 2259 1168 2260 1230 2260 1174 2260 1174 2261 1231 2261 1114 2261 1114 2262 1231 2262 1177 2262 1177 2263 1231 2263 1179 2263 1230 2264 1231 2264 1174 2264 1179 2265 1231 2265 1230 2265 1069 2266 1232 2266 1117 2266 1117 2267 1232 2267 1176 2267 1176 2268 1232 2268 1126 2268 1183 2269 1232 2269 1069 2269 1126 2270 1232 2270 1183 2270 1176 2271 1233 2271 1230 2271 1182 2272 1233 2272 1126 2272 1126 2273 1233 2273 1176 2273 1179 2274 1233 2274 1182 2274 1230 2275 1233 2275 1179 2275 1184 2276 1234 2276 1181 2276 1121 2277 1234 2277 1187 2277 1181 2278 1234 2278 1121 2278 1119 2279 1235 2279 1127 2279 1127 2280 1235 2280 1187 2280 1180 2281 1235 2281 1119 2281 1121 2282 1235 2282 1180 2282 1187 2283 1235 2283 1121 2283 1129 2284 1236 2284 1185 2284 1185 2285 1236 2285 1184 2285 1190 2286 1236 2286 1129 2286 1236 2287 1237 2287 1184 2287 1190 2288 1237 2288 1236 2288 1184 2289 1237 2289 1234 2289 1186 2290 1237 2290 548 2290 1187 2291 1237 2291 1186 2291 1189 2292 1237 2292 1190 2292 548 2293 1237 2293 1189 2293 1234 2294 1237 2294 1187 2294 1190 2295 1238 2295 1130 2295 1129 2296 1238 2296 1190 2296 1188 2297 1238 2297 1129 2297 1131 2298 1238 2298 1188 2298 1130 2299 1238 2299 1131 2299 11 2300 1239 2300 9 2300 9 2301 1239 2301 12 2301 15 2302 1240 2302 13 2302 13 2303 1240 2303 16 2303 16 2304 1240 2304 17 2304 2 2305 1241 2305 0 2305 3 2306 1241 2306 2 2306 6 2307 1242 2307 4 2307 7 2308 1242 2308 6 2308 8 2309 1242 2309 7 2309 53 2310 1243 2310 52 2310 52 2311 1243 2311 54 2311 54 2312 1243 2312 55 2312 1244 2313 1245 2313 1243 2313 1246 2314 1245 2314 1244 2314 1247 2315 1248 2315 1246 2315 1246 2316 1248 2316 1245 2316 55 2317 1249 2317 62 2317 62 2318 1249 2318 64 2318 64 2319 1249 2319 65 2319 1243 2320 1249 2320 55 2320 1250 2321 1251 2321 1247 2321 1247 2322 1251 2322 1248 2322 1248 2323 1252 2323 1245 2323 1245 2324 1252 2324 1243 2324 1243 2325 1252 2325 1249 2325 1248 2326 1253 2326 1252 2326 69 2327 1254 2327 67 2327 1255 2328 1256 2328 41 2328 1256 2329 1257 2329 41 2329 1258 2330 1259 2330 1260 2330 1260 2331 1259 2331 1261 2331 1257 2332 1262 2332 41 2332 1263 2333 1264 2333 1258 2333 1258 2334 1264 2334 1259 2334 1262 2335 1265 2335 41 2335 1263 2336 1266 2336 1264 2336 1267 2337 1266 2337 1263 2337 20 2338 1266 2338 18 2338 21 2339 1266 2339 20 2339 22 2340 1266 2340 21 2340 1265 2341 1268 2341 41 2341 1264 2342 1269 2342 1259 2342 1268 2343 1270 2343 41 2343 1264 2344 1271 2344 1269 2344 1270 2345 1272 2345 41 2345 1264 2346 1273 2346 1271 2346 29 2347 1273 2347 22 2347 30 2348 1273 2348 29 2348 31 2349 1273 2349 30 2349 22 2350 1273 2350 1266 2350 1266 2351 1273 2351 1264 2351 1272 2352 1274 2352 41 2352 38 2353 1275 2353 36 2353 11 2354 1276 2354 1239 2354 173 2355 1276 2355 186 2355 186 2356 1276 2356 188 2356 188 2357 1276 2357 11 2357 173 2358 1277 2358 1276 2358 75 2359 1277 2359 170 2359 170 2360 1277 2360 172 2360 172 2361 1277 2361 173 2361 1276 2362 1278 2362 1239 2362 1239 2363 1278 2363 1279 2363 1277 2364 1278 2364 1276 2364 220 2365 1280 2365 221 2365 221 2366 1280 2366 15 2366 1239 2367 1280 2367 12 2367 12 2368 1280 2368 218 2368 15 2369 1280 2369 1240 2369 218 2370 1280 2370 220 2370 1239 2371 1281 2371 1280 2371 1240 2372 1281 2372 1282 2372 1280 2373 1281 2373 1240 2373 1279 2374 1281 2374 1239 2374 1279 2375 1283 2375 1281 2375 1281 2376 1283 2376 1282 2376 1284 2377 1285 2377 1279 2377 1282 2378 1285 2378 1286 2378 1279 2379 1285 2379 1283 2379 1283 2380 1285 2380 1282 2380 1285 2381 1287 2381 1286 2381 1284 2382 1287 2382 1285 2382 1286 2383 1288 2383 1289 2383 1290 2384 1288 2384 1284 2384 1287 2385 1288 2385 1286 2385 1284 2386 1288 2386 1287 2386 1290 2387 1291 2387 1288 2387 1288 2388 1291 2388 1289 2388 275 2389 1292 2389 299 2389 299 2390 1292 2390 301 2390 301 2391 1292 2391 302 2391 1291 2392 1293 2392 1289 2392 1289 2393 1293 2393 1294 2393 1290 2394 1293 2394 1291 2394 1295 2395 1293 2395 1290 2395 17 2396 1296 2396 274 2396 274 2397 1296 2397 275 2397 275 2398 1296 2398 1292 2398 1240 2399 1296 2399 17 2399 1292 2400 1296 2400 1297 2400 1295 2401 1298 2401 1293 2401 1293 2402 1298 2402 1294 2402 1282 2403 1299 2403 1240 2403 1240 2404 1299 2404 1296 2404 1296 2405 1299 2405 1297 2405 1297 2406 1299 2406 1300 2406 1301 2407 1302 2407 1295 2407 1294 2408 1302 2408 1303 2408 1295 2409 1302 2409 1298 2409 1298 2410 1302 2410 1294 2410 1282 2411 1304 2411 1299 2411 1299 2412 1304 2412 1300 2412 1292 2413 1305 2413 302 2413 302 2414 1305 2414 323 2414 1297 2415 1305 2415 1292 2415 1302 2416 1306 2416 1303 2416 1301 2417 1306 2417 1302 2417 1300 2418 1307 2418 1308 2418 1286 2419 1307 2419 1282 2419 1304 2420 1307 2420 1300 2420 1282 2421 1307 2421 1304 2421 323 2422 1309 2422 326 2422 1305 2423 1309 2423 323 2423 1297 2424 1309 2424 1305 2424 326 2425 1310 2425 330 2425 330 2426 1310 2426 332 2426 1309 2427 1310 2427 326 2427 1297 2428 1310 2428 1309 2428 1303 2429 1311 2429 1312 2429 1306 2430 1311 2430 1303 2430 1301 2431 1311 2431 1306 2431 1313 2432 1311 2432 1301 2432 1307 2433 1314 2433 1308 2433 1286 2434 1314 2434 1307 2434 1311 2435 1315 2435 1312 2435 1313 2436 1315 2436 1311 2436 1314 2437 1316 2437 1308 2437 1289 2438 1316 2438 1286 2438 1308 2439 1316 2439 1317 2439 1286 2440 1316 2440 1314 2440 1313 2441 1318 2441 1315 2441 1315 2442 1318 2442 1312 2442 1312 2443 1318 2443 1319 2443 1320 2444 1318 2444 1313 2444 1316 2445 1321 2445 1317 2445 1289 2446 1321 2446 1316 2446 1318 2447 1322 2447 1319 2447 1320 2448 1322 2448 1318 2448 1321 2449 1323 2449 1317 2449 1289 2450 1323 2450 1321 2450 1294 2451 1323 2451 1289 2451 1317 2452 1323 2452 1324 2452 1297 2453 1325 2453 1310 2453 1326 2454 1327 2454 1325 2454 332 2455 1327 2455 356 2455 356 2456 1327 2456 357 2456 1325 2457 1327 2457 1310 2457 1310 2458 1327 2458 332 2458 1327 2459 1328 2459 357 2459 1326 2460 1328 2460 1327 2460 1320 2461 1329 2461 1322 2461 1330 2462 1329 2462 1320 2462 1319 2463 1329 2463 1331 2463 1322 2464 1329 2464 1319 2464 1323 2465 1332 2465 1324 2465 1294 2466 1332 2466 1323 2466 1325 2467 1333 2467 1326 2467 1297 2468 1333 2468 1325 2468 1326 2469 1333 2469 1334 2469 1300 2470 1333 2470 1297 2470 357 2471 1335 2471 361 2471 1328 2472 1335 2472 357 2472 1326 2473 1335 2473 1328 2473 1335 2474 1336 2474 361 2474 1326 2475 1336 2475 1335 2475 1330 2476 1337 2476 1329 2476 1329 2477 1337 2477 1331 2477 1332 2478 1338 2478 1324 2478 1294 2479 1338 2479 1332 2479 1303 2480 1338 2480 1294 2480 1324 2481 1338 2481 1339 2481 1333 2482 1340 2482 1334 2482 1300 2483 1340 2483 1333 2483 1326 2484 1341 2484 1336 2484 361 2485 1341 2485 369 2485 1336 2486 1341 2486 361 2486 369 2487 1342 2487 372 2487 1341 2488 1342 2488 369 2488 1330 2489 1343 2489 1337 2489 1344 2490 1343 2490 1330 2490 1337 2491 1343 2491 1331 2491 1331 2492 1343 2492 1345 2492 1303 2493 1346 2493 1338 2493 1338 2494 1346 2494 1339 2494 1340 2495 1347 2495 1334 2495 1308 2496 1347 2496 1300 2496 1300 2497 1347 2497 1340 2497 1334 2498 1347 2498 1348 2498 1343 2499 1349 2499 1345 2499 1344 2500 1349 2500 1343 2500 1339 2501 1350 2501 1351 2501 1346 2502 1350 2502 1339 2502 1312 2503 1350 2503 1303 2503 1303 2504 1350 2504 1346 2504 1308 2505 1352 2505 1347 2505 1347 2506 1352 2506 1348 2506 76 2507 1353 2507 75 2507 77 2508 1353 2508 76 2508 71 2509 1353 2509 77 2509 1354 2510 1355 2510 1241 2510 1349 2511 1356 2511 1345 2511 1345 2512 1356 2512 1357 2512 1344 2513 1356 2513 1349 2513 1358 2514 1356 2514 1344 2514 1350 2515 1359 2515 1351 2515 1312 2516 1359 2516 1350 2516 1352 2517 1360 2517 1348 2517 1348 2518 1360 2518 1361 2518 1308 2519 1360 2519 1352 2519 1317 2520 1360 2520 1308 2520 372 2521 1362 2521 389 2521 389 2522 1362 2522 390 2522 1342 2523 1362 2523 372 2523 1362 2524 1363 2524 390 2524 71 2525 1364 2525 1353 2525 72 2526 1364 2526 71 2526 73 2527 1364 2527 72 2527 0 2528 1364 2528 73 2528 1353 2529 1364 2529 1355 2529 1241 2530 1364 2530 0 2530 1355 2531 1364 2531 1241 2531 1356 2532 1365 2532 1357 2532 1358 2533 1365 2533 1356 2533 1351 2534 1366 2534 1367 2534 1359 2535 1366 2535 1351 2535 1319 2536 1366 2536 1312 2536 1312 2537 1366 2537 1359 2537 1317 2538 1368 2538 1360 2538 1360 2539 1368 2539 1361 2539 390 2540 1369 2540 394 2540 1363 2541 1369 2541 390 2541 1370 2542 1369 2542 1363 2542 1369 2543 1371 2543 394 2543 1370 2544 1371 2544 1369 2544 1365 2545 1372 2545 1357 2545 1357 2546 1372 2546 1373 2546 1354 2547 1372 2547 1358 2547 1358 2548 1372 2548 1365 2548 1319 2549 1374 2549 1366 2549 1366 2550 1374 2550 1367 2550 1368 2551 1375 2551 1361 2551 1324 2552 1375 2552 1317 2552 1317 2553 1375 2553 1368 2553 1361 2554 1375 2554 1376 2554 1334 2555 1377 2555 1326 2555 1370 2556 1377 2556 1378 2556 1371 2557 1379 2557 394 2557 1370 2558 1379 2558 1371 2558 394 2559 1379 2559 401 2559 401 2560 1380 2560 404 2560 1379 2561 1380 2561 401 2561 1372 2562 1381 2562 1373 2562 1354 2563 1381 2563 1372 2563 1374 2564 1382 2564 1367 2564 1367 2565 1382 2565 1383 2565 1319 2566 1382 2566 1374 2566 1331 2567 1382 2567 1319 2567 1324 2568 1384 2568 1375 2568 1375 2569 1384 2569 1376 2569 1381 2570 1385 2570 1373 2570 1373 2571 1385 2571 1242 2571 1354 2572 1385 2572 1381 2572 1241 2573 1385 2573 1354 2573 1382 2574 1386 2574 1383 2574 1331 2575 1386 2575 1382 2575 1376 2576 1387 2576 1388 2576 1339 2577 1387 2577 1324 2577 1384 2578 1387 2578 1376 2578 1324 2579 1387 2579 1384 2579 1377 2580 1389 2580 1378 2580 1348 2581 1389 2581 1334 2581 1334 2582 1389 2582 1377 2582 1378 2583 1389 2583 1390 2583 83 2584 1391 2584 3 2584 80 2585 1391 2585 83 2585 82 2586 1391 2586 80 2586 4 2587 1391 2587 82 2587 1385 2588 1391 2588 1242 2588 1241 2589 1391 2589 1385 2589 3 2590 1391 2590 1241 2590 1242 2591 1391 2591 4 2591 1331 2592 1392 2592 1386 2592 1345 2593 1392 2593 1331 2593 1383 2594 1392 2594 1393 2594 1386 2595 1392 2595 1383 2595 1387 2596 1394 2596 1388 2596 1339 2597 1394 2597 1387 2597 404 2598 1395 2598 414 2598 414 2599 1395 2599 416 2599 1380 2600 1395 2600 404 2600 1345 2601 1396 2601 1392 2601 1392 2602 1396 2602 1393 2602 1395 2603 1397 2603 416 2603 1394 2604 1398 2604 1388 2604 1351 2605 1398 2605 1339 2605 1339 2606 1398 2606 1394 2606 1390 2607 1399 2607 1400 2607 1389 2608 1399 2608 1390 2608 1348 2609 1399 2609 1389 2609 1361 2610 1399 2610 1348 2610 416 2611 1401 2611 422 2611 1397 2612 1401 2612 416 2612 1402 2613 1401 2613 1397 2613 1393 2614 1403 2614 1404 2614 1357 2615 1403 2615 1345 2615 1396 2616 1403 2616 1393 2616 1345 2617 1403 2617 1396 2617 1351 2618 1405 2618 1398 2618 1401 2619 1406 2619 422 2619 1402 2620 1406 2620 1401 2620 1378 2621 1407 2621 1370 2621 1402 2622 1407 2622 1408 2622 422 2623 1409 2623 426 2623 1406 2624 1409 2624 422 2624 1402 2625 1409 2625 1406 2625 1403 2626 1410 2626 1404 2626 1357 2627 1410 2627 1403 2627 1367 2628 1411 2628 1351 2628 1351 2629 1411 2629 1405 2629 426 2630 1412 2630 432 2630 1409 2631 1412 2631 426 2631 1399 2632 1413 2632 1400 2632 1361 2633 1413 2633 1399 2633 1376 2634 1413 2634 1361 2634 1410 2635 1414 2635 1404 2635 1404 2636 1414 2636 1415 2636 1373 2637 1414 2637 1357 2637 1357 2638 1414 2638 1410 2638 1367 2639 1416 2639 1411 2639 1411 2640 1416 2640 1417 2640 1408 2641 1418 2641 1419 2641 1407 2642 1418 2642 1408 2642 1390 2643 1418 2643 1378 2643 1378 2644 1418 2644 1407 2644 1420 2645 1421 2645 1405 2645 1398 2646 1421 2646 1388 2646 1405 2647 1421 2647 1398 2647 1373 2648 1422 2648 1414 2648 1414 2649 1422 2649 1415 2649 1416 2650 1423 2650 1417 2650 1383 2651 1423 2651 1367 2651 1417 2652 1423 2652 1424 2652 1367 2653 1423 2653 1416 2653 1388 2654 1425 2654 1376 2654 432 2655 1426 2655 447 2655 447 2656 1426 2656 448 2656 1412 2657 1426 2657 432 2657 1427 2658 1428 2658 1413 2658 1413 2659 1428 2659 1400 2659 1422 2660 1429 2660 1415 2660 1242 2661 1429 2661 1373 2661 1373 2662 1429 2662 1422 2662 1415 2663 1429 2663 1430 2663 1383 2664 1431 2664 1423 2664 1423 2665 1431 2665 1424 2665 1426 2666 1432 2666 448 2666 1418 2667 1433 2667 1419 2667 1400 2668 1433 2668 1390 2668 1390 2669 1433 2669 1418 2669 1405 2670 1434 2670 1420 2670 1411 2671 1434 2671 1405 2671 1417 2672 1434 2672 1411 2672 1432 2673 1435 2673 448 2673 1436 2674 1435 2674 1432 2674 104 2675 1437 2675 8 2675 95 2676 1437 2676 104 2676 1242 2677 1437 2677 1429 2677 8 2678 1437 2678 1242 2678 1429 2679 1437 2679 1430 2679 1424 2680 1438 2680 1439 2680 1383 2681 1438 2681 1431 2681 1431 2682 1438 2682 1424 2682 1393 2683 1438 2683 1383 2683 1420 2684 1440 2684 1421 2684 448 2685 1441 2685 459 2685 1435 2686 1441 2686 448 2686 1436 2687 1441 2687 1435 2687 1436 2688 1442 2688 1443 2688 1408 2689 1442 2689 1402 2689 1438 2690 1444 2690 1439 2690 1393 2691 1444 2691 1438 2691 459 2692 1445 2692 461 2692 1441 2693 1445 2693 459 2693 1427 2694 1446 2694 1428 2694 1433 2695 1447 2695 1419 2695 1448 2696 1447 2696 1433 2696 1393 2697 1449 2697 1444 2697 1404 2698 1449 2698 1393 2698 1439 2699 1449 2699 1450 2699 1444 2700 1449 2700 1439 2700 1419 2701 1451 2701 1408 2701 1408 2702 1451 2702 1442 2702 1443 2703 1451 2703 1452 2703 1442 2704 1451 2704 1443 2704 1453 2705 1454 2705 1440 2705 1404 2706 1455 2706 1449 2706 1449 2707 1455 2707 1450 2707 1456 2708 1457 2708 1427 2708 1458 2709 1457 2709 1456 2709 461 2710 1459 2710 464 2710 1445 2711 1459 2711 461 2711 95 2712 1460 2712 1437 2712 97 2713 1460 2713 95 2713 98 2714 1460 2714 97 2714 99 2715 1460 2715 98 2715 1437 2716 1460 2716 1430 2716 1461 2717 1462 2717 1446 2717 1415 2718 1463 2718 1404 2718 1450 2719 1463 2719 1464 2719 1404 2720 1463 2720 1455 2720 1455 2721 1463 2721 1450 2721 1424 2722 1465 2722 1417 2722 1447 2723 1466 2723 1419 2723 1451 2724 1466 2724 1452 2724 1419 2725 1466 2725 1451 2725 1448 2726 1466 2726 1447 2726 464 2727 1467 2727 467 2727 1459 2728 1467 2728 464 2728 1463 2729 1468 2729 1464 2729 1415 2730 1468 2730 1463 2730 1469 2731 1470 2731 1467 2731 1467 2732 1470 2732 467 2732 1443 2733 1471 2733 1436 2733 1469 2734 1471 2734 1472 2734 1468 2735 1473 2735 1464 2735 1415 2736 1473 2736 1468 2736 1464 2737 1473 2737 1474 2737 1430 2738 1473 2738 1415 2738 1439 2739 1475 2739 1424 2739 1470 2740 1476 2740 467 2740 467 2741 1476 2741 473 2741 1469 2742 1476 2742 1470 2742 99 2743 1477 2743 1460 2743 1460 2744 1477 2744 1430 2744 114 2745 1477 2745 99 2745 1462 2746 1478 2746 1448 2746 1461 2747 1478 2747 1462 2747 1476 2748 1479 2748 473 2748 114 2749 1480 2749 1477 2749 119 2750 1480 2750 114 2750 1477 2751 1480 2751 1430 2751 1473 2752 1481 2752 1474 2752 1430 2753 1481 2753 1473 2753 1466 2754 1482 2754 1452 2754 1483 2755 1482 2755 1466 2755 121 2756 1484 2756 119 2756 122 2757 1484 2757 121 2757 119 2758 1484 2758 1480 2758 1480 2759 1484 2759 1430 2759 1430 2760 1484 2760 1481 2760 1472 2761 1485 2761 1486 2761 1471 2762 1485 2762 1472 2762 1443 2763 1485 2763 1471 2763 1452 2764 1485 2764 1443 2764 473 2765 1487 2765 481 2765 1479 2766 1487 2766 473 2766 1450 2767 1488 2767 1439 2767 1439 2768 1488 2768 1475 2768 1475 2769 1488 2769 1489 2769 1489 2770 1488 2770 1490 2770 1489 2771 1491 2771 1475 2771 1476 2772 1492 2772 1479 2772 1479 2773 1492 2773 1487 2773 1482 2774 1493 2774 1452 2774 1452 2775 1493 2775 1485 2775 1485 2776 1493 2776 1486 2776 1450 2777 1494 2777 1488 2777 1464 2778 1494 2778 1450 2778 1488 2779 1494 2779 1490 2779 1490 2780 1494 2780 1495 2780 139 2781 1496 2781 122 2781 140 2782 1496 2782 139 2782 1481 2783 1496 2783 1474 2783 1484 2784 1496 2784 1481 2784 122 2785 1496 2785 1484 2785 1496 2786 1497 2786 1474 2786 140 2787 1497 2787 1496 2787 140 2788 1498 2788 1497 2788 150 2789 1498 2789 140 2789 1497 2790 1498 2790 1474 2790 1464 2791 1499 2791 1494 2791 1494 2792 1499 2792 1495 2792 1495 2793 1499 2793 1500 2793 1474 2794 1499 2794 1464 2794 1493 2795 1501 2795 1486 2795 150 2796 1502 2796 1498 2796 1498 2797 1502 2797 1474 2797 495 2798 1503 2798 493 2798 157 2799 1504 2799 150 2799 1502 2800 1504 2800 1474 2800 150 2801 1504 2801 1502 2801 1490 2802 1505 2802 1489 2802 157 2803 1506 2803 1504 2803 159 2804 1506 2804 157 2804 1503 2805 1507 2805 493 2805 1503 2806 1508 2806 1507 2806 493 2807 1509 2807 499 2807 1507 2808 1509 2808 493 2808 1508 2809 1509 2809 1507 2809 1510 2810 1511 2810 1509 2810 1509 2811 1511 2811 499 2811 1512 2812 1513 2812 1514 2812 1505 2813 1513 2813 1512 2813 1490 2814 1513 2814 1505 2814 1495 2815 1513 2815 1490 2815 1512 2816 1515 2816 1505 2816 499 2817 1516 2817 503 2817 1511 2818 1516 2818 499 2818 1510 2819 1516 2819 1511 2819 183 2820 1517 2820 159 2820 184 2821 1517 2821 183 2821 159 2822 1517 2822 1506 2822 1518 2823 1519 2823 1520 2823 1521 2824 1519 2824 1518 2824 184 2825 1522 2825 1517 2825 1510 2826 1523 2826 1516 2826 1516 2827 1523 2827 503 2827 184 2828 1524 2828 1522 2828 195 2829 1524 2829 184 2829 1522 2830 1524 2830 1500 2830 1514 2831 1525 2831 1526 2831 1513 2832 1525 2832 1514 2832 1500 2833 1525 2833 1495 2833 1495 2834 1525 2834 1513 2834 1523 2835 1527 2835 503 2835 503 2836 1527 2836 512 2836 1524 2837 1528 2837 1500 2837 195 2838 1528 2838 1524 2838 1529 2839 1530 2839 1531 2839 1528 2840 1532 2840 1500 2840 205 2841 1532 2841 195 2841 195 2842 1532 2842 1528 2842 1527 2843 1533 2843 512 2843 1512 2844 1534 2844 1515 2844 207 2845 1535 2845 205 2845 205 2846 1535 2846 1532 2846 1523 2847 1536 2847 1527 2847 1527 2848 1536 2848 1533 2848 1537 2849 1538 2849 1539 2849 1534 2850 1540 2850 1541 2850 1514 2851 1540 2851 1512 2851 1512 2852 1540 2852 1534 2852 1541 2853 1540 2853 1542 2853 1541 2854 1543 2854 1534 2854 226 2855 1544 2855 207 2855 227 2856 1544 2856 226 2856 207 2857 1544 2857 1535 2857 227 2858 1545 2858 1544 2858 1526 2859 1546 2859 1514 2859 1514 2860 1546 2860 1540 2860 1542 2861 1546 2861 1547 2861 1540 2862 1546 2862 1542 2862 234 2863 1548 2863 227 2863 227 2864 1548 2864 1545 2864 1545 2865 1548 2865 1526 2865 1548 2866 1549 2866 1526 2866 234 2867 1549 2867 1548 2867 234 2868 1550 2868 1549 2868 243 2869 1550 2869 234 2869 1549 2870 1550 2870 1526 2870 531 2871 1551 2871 529 2871 1541 2872 1552 2872 1543 2872 248 2873 1553 2873 243 2873 243 2874 1553 2874 1550 2874 1551 2875 1554 2875 529 2875 1551 2876 1555 2876 1554 2876 1554 2877 1556 2877 529 2877 529 2878 1556 2878 538 2878 1555 2879 1556 2879 1554 2879 1542 2880 1557 2880 1541 2880 1552 2881 1557 2881 1558 2881 1541 2882 1557 2882 1552 2882 1558 2883 1557 2883 1559 2883 1560 2884 1561 2884 1556 2884 1556 2885 1561 2885 538 2885 1558 2886 1562 2886 1552 2886 248 2887 1563 2887 1553 2887 262 2888 1563 2888 248 2888 263 2889 1563 2889 262 2889 1560 2890 1564 2890 1561 2890 538 2891 1564 2891 546 2891 1561 2892 1564 2892 538 2892 263 2893 1565 2893 1563 2893 1564 2894 1566 2894 546 2894 1557 2895 1567 2895 1559 2895 1547 2896 1567 2896 1542 2896 1542 2897 1567 2897 1557 2897 1559 2898 1567 2898 1568 2898 1565 2899 1569 2899 1547 2899 263 2900 1569 2900 1565 2900 546 2901 1570 2901 553 2901 553 2902 1570 2902 552 2902 1566 2903 1570 2903 546 2903 279 2904 1571 2904 263 2904 263 2905 1571 2905 1569 2905 1569 2906 1571 2906 1547 2906 279 2907 1572 2907 1571 2907 284 2908 1572 2908 279 2908 1564 2909 1573 2909 1566 2909 1570 2910 1573 2910 552 2910 1566 2911 1573 2911 1570 2911 284 2912 1574 2912 1572 2912 298 2913 1574 2913 284 2913 298 2914 1575 2914 1574 2914 308 2915 1575 2915 298 2915 1575 2916 1576 2916 1568 2916 308 2917 1576 2917 1575 2917 552 2918 1577 2918 572 2918 572 2919 1577 2919 574 2919 308 2920 1578 2920 1576 2920 321 2921 1578 2921 308 2921 1576 2922 1578 2922 1568 2922 1577 2923 1579 2923 574 2923 1577 2924 1580 2924 1579 2924 552 2925 1580 2925 1577 2925 1573 2926 1580 2926 552 2926 1578 2927 1581 2927 1582 2927 321 2928 1581 2928 1578 2928 574 2929 1583 2929 583 2929 1579 2930 1583 2930 574 2930 1580 2931 1583 2931 1579 2931 336 2932 1584 2932 321 2932 1581 2933 1584 2933 1582 2933 321 2934 1584 2934 1581 2934 1585 2935 1586 2935 1583 2935 1583 2936 1586 2936 583 2936 583 2937 1587 2937 603 2937 1585 2938 1587 2938 1586 2938 1586 2939 1587 2939 583 2939 1587 2940 1588 2940 603 2940 1585 2941 1588 2941 1587 2941 1588 2942 1589 2942 603 2942 603 2943 1589 2943 613 2943 1589 2944 1590 2944 613 2944 613 2945 1590 2945 617 2945 617 2946 1590 2946 616 2946 1588 2947 1591 2947 1589 2947 1589 2948 1591 2948 1590 2948 1590 2949 1591 2949 616 2949 368 2950 1592 2950 366 2950 1592 2951 1593 2951 1594 2951 368 2952 1593 2952 1592 2952 1593 2953 1595 2953 1594 2953 368 2954 1595 2954 1593 2954 379 2955 1595 2955 368 2955 1595 2956 1596 2956 1597 2956 379 2957 1596 2957 1595 2957 1596 2958 1598 2958 1597 2958 379 2959 1598 2959 1596 2959 387 2960 1598 2960 379 2960 616 2961 1599 2961 631 2961 631 2962 1599 2962 632 2962 1598 2963 1600 2963 1597 2963 387 2964 1600 2964 1598 2964 632 2965 1601 2965 634 2965 1599 2966 1601 2966 632 2966 1601 2967 1602 2967 1244 2967 1591 2968 1602 2968 616 2968 1244 2969 1602 2969 1246 2969 1599 2970 1602 2970 1601 2970 616 2971 1602 2971 1599 2971 1591 2972 1603 2972 1602 2972 1602 2973 1603 2973 1246 2973 398 2974 1604 2974 387 2974 387 2975 1604 2975 1600 2975 1600 2976 1604 2976 1605 2976 1246 2977 1606 2977 1247 2977 1607 2978 1606 2978 1608 2978 1603 2979 1606 2979 1246 2979 398 2980 1609 2980 1604 2980 1604 2981 1609 2981 1605 2981 1607 2982 1610 2982 1606 2982 1606 2983 1610 2983 1247 2983 1244 2984 1611 2984 1601 2984 1243 2985 1611 2985 1244 2985 634 2986 1611 2986 642 2986 642 2987 1611 2987 53 2987 1601 2988 1611 2988 634 2988 53 2989 1611 2989 1243 2989 1612 2990 1613 2990 1607 2990 1247 2991 1613 2991 1250 2991 1607 2992 1613 2992 1610 2992 1610 2993 1613 2993 1247 2993 1612 2994 1614 2994 1613 2994 1613 2995 1614 2995 1250 2995 1612 2996 1615 2996 1614 2996 1250 2997 1615 2997 1616 2997 1617 2998 1615 2998 1612 2998 1614 2999 1615 2999 1250 2999 1617 3000 1618 3000 1615 3000 1615 3001 1618 3001 1616 3001 429 3002 1619 3002 427 3002 1619 3003 1620 3003 1621 3003 429 3004 1620 3004 1619 3004 1616 3005 1622 3005 1623 3005 1624 3006 1622 3006 1617 3006 1618 3007 1622 3007 1616 3007 1617 3008 1622 3008 1618 3008 1620 3009 1625 3009 1621 3009 429 3010 1625 3010 1620 3010 439 3011 1625 3011 429 3011 1622 3012 1626 3012 1623 3012 1624 3013 1626 3013 1622 3013 1625 3014 1627 3014 1628 3014 439 3015 1627 3015 1625 3015 1624 3016 1629 3016 1626 3016 1623 3017 1629 3017 1630 3017 1631 3018 1629 3018 1624 3018 1626 3019 1629 3019 1623 3019 439 3020 1632 3020 1627 3020 450 3021 1632 3021 439 3021 1627 3022 1632 3022 1628 3022 1633 3023 1634 3023 1631 3023 1631 3024 1634 3024 1629 3024 1629 3025 1634 3025 1630 3025 450 3026 1635 3026 1632 3026 1632 3027 1635 3027 1636 3027 450 3028 1637 3028 1635 3028 1636 3029 1637 3029 458 3029 457 3030 1637 3030 450 3030 458 3031 1637 3031 457 3031 1635 3032 1637 3032 1636 3032 1638 3033 1639 3033 1633 3033 1630 3034 1639 3034 1640 3034 1633 3035 1639 3035 1634 3035 1634 3036 1639 3036 1630 3036 1641 3037 1642 3037 1638 3037 1638 3038 1642 3038 1639 3038 1639 3039 1642 3039 1640 3039 1640 3040 1643 3040 1644 3040 1645 3041 1643 3041 1641 3041 1641 3042 1643 3042 1642 3042 1642 3043 1643 3043 1640 3043 1643 3044 1646 3044 1644 3044 1645 3045 1646 3045 1643 3045 1623 3046 1647 3046 1616 3046 1648 3047 1647 3047 1649 3047 1646 3048 1650 3048 1644 3048 1651 3049 1650 3049 1645 3049 1645 3050 1650 3050 1646 3050 1644 3051 1650 3051 1260 3051 458 3052 1652 3052 1636 3052 1650 3053 1653 3053 1260 3053 1651 3054 1653 3054 1650 3054 1249 3055 1654 3055 65 3055 69 3056 1654 3056 1254 3056 65 3057 1654 3057 654 3057 654 3058 1654 3058 69 3058 470 3059 1655 3059 458 3059 471 3060 1655 3060 470 3060 458 3061 1655 3061 1652 3061 1630 3062 1656 3062 1623 3062 1623 3063 1656 3063 1647 3063 1649 3064 1656 3064 1657 3064 1647 3065 1656 3065 1649 3065 1655 3066 1658 3066 1652 3066 471 3067 1658 3067 1655 3067 1659 3068 1660 3068 1651 3068 1260 3069 1660 3069 1258 3069 1653 3070 1660 3070 1260 3070 1651 3071 1660 3071 1653 3071 1254 3072 1661 3072 1662 3072 1252 3073 1661 3073 1249 3073 1249 3074 1661 3074 1654 3074 1654 3075 1661 3075 1254 3075 471 3076 1663 3076 1658 3076 1658 3077 1663 3077 1652 3077 479 3078 1663 3078 471 3078 1248 3079 1664 3079 1253 3079 1648 3080 1664 3080 1251 3080 1251 3081 1664 3081 1248 3081 1665 3082 1664 3082 1666 3082 1253 3083 1664 3083 1665 3083 1660 3084 1667 3084 1258 3084 1659 3085 1667 3085 1660 3085 1661 3086 1668 3086 1662 3086 1252 3087 1668 3087 1661 3087 1663 3088 1669 3088 1670 3088 479 3089 1669 3089 1663 3089 1657 3090 1671 3090 1672 3090 1640 3091 1671 3091 1630 3091 1630 3092 1671 3092 1656 3092 1656 3093 1671 3093 1657 3093 41 3094 1673 3094 1255 3094 1662 3095 1673 3095 1254 3095 1255 3096 1673 3096 1662 3096 67 3097 1673 3097 656 3097 656 3098 1673 3098 657 3098 657 3099 1673 3099 658 3099 658 3100 1673 3100 659 3100 659 3101 1673 3101 660 3101 660 3102 1673 3102 41 3102 1254 3103 1673 3103 67 3103 1659 3104 1674 3104 1667 3104 1258 3105 1674 3105 1263 3105 1667 3106 1674 3106 1258 3106 1675 3107 1674 3107 1659 3107 1253 3108 1676 3108 1252 3108 1252 3109 1676 3109 1668 3109 1668 3110 1676 3110 1662 3110 1662 3111 1676 3111 1255 3111 1669 3112 1677 3112 1670 3112 479 3113 1677 3113 1669 3113 485 3114 1677 3114 479 3114 1664 3115 1678 3115 1666 3115 1648 3116 1678 3116 1664 3116 1666 3117 1678 3117 1679 3117 1649 3118 1678 3118 1648 3118 1674 3119 1680 3119 1263 3119 1677 3120 1681 3120 1670 3120 485 3121 1681 3121 1677 3121 1676 3122 1682 3122 1255 3122 1253 3123 1682 3123 1676 3123 1644 3124 1683 3124 1640 3124 1640 3125 1683 3125 1671 3125 1671 3126 1683 3126 1672 3126 1672 3127 1683 3127 1684 3127 1681 3128 1685 3128 1686 3128 485 3129 1685 3129 1681 3129 488 3130 1685 3130 485 3130 1255 3131 1687 3131 1256 3131 1682 3132 1687 3132 1255 3132 1253 3133 1687 3133 1682 3133 1665 3134 1687 3134 1253 3134 1686 3135 1688 3135 491 3135 1685 3136 1688 3136 1686 3136 488 3137 1688 3137 1685 3137 490 3138 1688 3138 488 3138 491 3139 1688 3139 490 3139 1657 3140 1689 3140 1649 3140 1649 3141 1689 3141 1678 3141 1678 3142 1689 3142 1679 3142 1679 3143 1689 3143 1690 3143 1665 3144 1691 3144 1687 3144 1687 3145 1691 3145 1256 3145 1666 3146 1692 3146 1665 3146 1665 3147 1692 3147 1691 3147 1256 3148 1692 3148 1257 3148 1691 3149 1692 3149 1256 3149 1672 3150 1693 3150 1657 3150 1657 3151 1693 3151 1689 3151 1690 3152 1693 3152 1694 3152 1689 3153 1693 3153 1690 3153 1666 3154 1695 3154 1692 3154 1692 3155 1695 3155 1257 3155 1257 3156 1696 3156 1262 3156 1695 3157 1696 3157 1257 3157 1666 3158 1696 3158 1695 3158 1679 3159 1696 3159 1666 3159 1686 3160 1697 3160 1680 3160 491 3161 1697 3161 1686 3161 1680 3162 1697 3162 1263 3162 1263 3163 1697 3163 1267 3163 1684 3164 1698 3164 1672 3164 1672 3165 1698 3165 1693 3165 1694 3166 1698 3166 1699 3166 1693 3167 1698 3167 1694 3167 1679 3168 1700 3168 1696 3168 1696 3169 1700 3169 1262 3169 491 3170 1701 3170 1697 3170 505 3171 1701 3171 491 3171 506 3172 1701 3172 505 3172 1679 3173 1702 3173 1700 3173 1690 3174 1702 3174 1679 3174 1262 3175 1702 3175 1265 3175 1700 3176 1702 3176 1262 3176 509 3177 1703 3177 506 3177 1697 3178 1703 3178 1267 3178 1701 3179 1703 3179 1697 3179 506 3180 1703 3180 1701 3180 1261 3181 1704 3181 1684 3181 1684 3182 1704 3182 1698 3182 1269 3183 1704 3183 1259 3183 1259 3184 1704 3184 1261 3184 1699 3185 1704 3185 1705 3185 1698 3186 1704 3186 1699 3186 1705 3187 1704 3187 1269 3187 1702 3188 1706 3188 1265 3188 1690 3189 1706 3189 1702 3189 1265 3190 1707 3190 1268 3190 1690 3191 1707 3191 1706 3191 1694 3192 1707 3192 1690 3192 1706 3193 1707 3193 1265 3193 1694 3194 1708 3194 1707 3194 1707 3195 1708 3195 1268 3195 521 3196 1709 3196 509 3196 18 3197 1709 3197 521 3197 1266 3198 1709 3198 18 3198 1267 3199 1709 3199 1266 3199 509 3200 1709 3200 1703 3200 1703 3201 1709 3201 1267 3201 1268 3202 1710 3202 1270 3202 1694 3203 1710 3203 1708 3203 1708 3204 1710 3204 1268 3204 1699 3205 1710 3205 1694 3205 1710 3206 1711 3206 1270 3206 1699 3207 1711 3207 1710 3207 1711 3208 1712 3208 1270 3208 1699 3209 1712 3209 1711 3209 1705 3210 1712 3210 1699 3210 1270 3211 1712 3211 1272 3211 1712 3212 1713 3212 1272 3212 1705 3213 1713 3213 1712 3213 1272 3214 1714 3214 1274 3214 1705 3215 1714 3215 1713 3215 1713 3216 1714 3216 1272 3216 1269 3217 1714 3217 1705 3217 1714 3218 1715 3218 1274 3218 1269 3219 1715 3219 1714 3219 1715 3220 1716 3220 1274 3220 1274 3221 1716 3221 1717 3221 1269 3222 1716 3222 1715 3222 1271 3223 1716 3223 1269 3223 1271 3224 1718 3224 1716 3224 1716 3225 1718 3225 1717 3225 1273 3226 1719 3226 1271 3226 1717 3227 1719 3227 1275 3227 1271 3228 1719 3228 1718 3228 1718 3229 1719 3229 1717 3229 31 3230 1720 3230 1273 3230 1275 3231 1720 3231 36 3231 1273 3232 1720 3232 1719 3232 1719 3233 1720 3233 1275 3233 571 3234 1720 3234 31 3234 36 3235 1720 3235 571 3235 38 3236 1721 3236 1275 3236 1275 3237 1721 3237 1717 3237 1717 3238 1721 3238 1274 3238 1274 3239 1721 3239 41 3239 594 3240 1721 3240 38 3240 595 3241 1721 3241 594 3241 596 3242 1721 3242 595 3242 597 3243 1721 3243 596 3243 598 3244 1721 3244 597 3244 41 3245 1721 3245 598 3245 1279 3246 1722 3246 1284 3246 1284 3247 1722 3247 1290 3247 75 3248 1722 3248 1277 3248 1278 3249 1722 3249 1279 3249 1277 3250 1722 3250 1278 3250 1353 3251 1723 3251 75 3251 1355 3252 1723 3252 1353 3252 1358 3253 1723 3253 1354 3253 1354 3254 1723 3254 1355 3254 1344 3255 1723 3255 1358 3255 1377 3256 1724 3256 1326 3256 1326 3257 1724 3257 1341 3257 1341 3258 1724 3258 1342 3258 1342 3259 1724 3259 1362 3259 1370 3260 1725 3260 1377 3260 1377 3261 1725 3261 1724 3261 1724 3262 1725 3262 1362 3262 1363 3263 1725 3263 1370 3263 1362 3264 1725 3264 1363 3264 1379 3265 1726 3265 1380 3265 1370 3266 1726 3266 1379 3266 1380 3267 1726 3267 1395 3267 1407 3268 1726 3268 1370 3268 1395 3269 1727 3269 1397 3269 1726 3270 1727 3270 1395 3270 1407 3271 1727 3271 1726 3271 1397 3272 1727 3272 1402 3272 1402 3273 1727 3273 1407 3273 1425 3274 1728 3274 1376 3274 1413 3275 1728 3275 1427 3275 1456 3276 1728 3276 1425 3276 1427 3277 1728 3277 1456 3277 1376 3278 1728 3278 1413 3278 1409 3279 1729 3279 1412 3279 1412 3280 1729 3280 1426 3280 1442 3281 1729 3281 1402 3281 1402 3282 1729 3282 1409 3282 1388 3283 1730 3283 1425 3283 1440 3284 1730 3284 1421 3284 1425 3285 1730 3285 1456 3285 1421 3286 1730 3286 1388 3286 1456 3287 1730 3287 1458 3287 1454 3288 1730 3288 1440 3288 1458 3289 1730 3289 1454 3289 1729 3290 1731 3290 1426 3290 1426 3291 1731 3291 1432 3291 1432 3292 1731 3292 1436 3292 1442 3293 1731 3293 1729 3293 1436 3294 1731 3294 1442 3294 1448 3295 1732 3295 1462 3295 1462 3296 1732 3296 1446 3296 1428 3297 1732 3297 1400 3297 1433 3298 1732 3298 1448 3298 1400 3299 1732 3299 1433 3299 1446 3300 1732 3300 1428 3300 1453 3301 1733 3301 1734 3301 1734 3302 1733 3302 1735 3302 1420 3303 1733 3303 1440 3303 1434 3304 1733 3304 1420 3304 1735 3305 1733 3305 1434 3305 1440 3306 1733 3306 1453 3306 1446 3307 1736 3307 1461 3307 1461 3308 1736 3308 1737 3308 1737 3309 1736 3309 1457 3309 1457 3310 1736 3310 1427 3310 1427 3311 1736 3311 1446 3311 1465 3312 1738 3312 1417 3312 1734 3313 1738 3313 1739 3313 1735 3314 1738 3314 1734 3314 1740 3315 1738 3315 1465 3315 1417 3316 1738 3316 1434 3316 1434 3317 1738 3317 1735 3317 1739 3318 1738 3318 1740 3318 1471 3319 1741 3319 1436 3319 1436 3320 1741 3320 1441 3320 1441 3321 1741 3321 1445 3321 1445 3322 1741 3322 1459 3322 1742 3323 1743 3323 1454 3323 1457 3324 1743 3324 1737 3324 1744 3325 1743 3325 1745 3325 1737 3326 1743 3326 1744 3326 1745 3327 1743 3327 1742 3327 1454 3328 1743 3328 1458 3328 1458 3329 1743 3329 1457 3329 1459 3330 1746 3330 1467 3330 1467 3331 1746 3331 1469 3331 1469 3332 1746 3332 1471 3332 1471 3333 1746 3333 1741 3333 1741 3334 1746 3334 1459 3334 1465 3335 1747 3335 1740 3335 1740 3336 1747 3336 1748 3336 1424 3337 1747 3337 1465 3337 1475 3338 1747 3338 1424 3338 1491 3339 1747 3339 1475 3339 1748 3340 1747 3340 1491 3340 1448 3341 1749 3341 1466 3341 1478 3342 1749 3342 1448 3342 1466 3343 1749 3343 1483 3343 1750 3344 1749 3344 1478 3344 1483 3345 1749 3345 1750 3345 1751 3346 1752 3346 1753 3346 1734 3347 1752 3347 1453 3347 1753 3348 1752 3348 1754 3348 1454 3349 1752 3349 1742 3349 1754 3350 1752 3350 1734 3350 1742 3351 1752 3351 1745 3351 1745 3352 1752 3352 1751 3352 1453 3353 1752 3353 1454 3353 1750 3354 1755 3354 1756 3354 1461 3355 1755 3355 1478 3355 1757 3356 1755 3356 1758 3356 1737 3357 1755 3357 1461 3357 1758 3358 1755 3358 1737 3358 1756 3359 1755 3359 1757 3359 1478 3360 1755 3360 1750 3360 1753 3361 1759 3361 1760 3361 1739 3362 1759 3362 1734 3362 1754 3363 1759 3363 1753 3363 1760 3364 1759 3364 1761 3364 1761 3365 1759 3365 1762 3365 1734 3366 1759 3366 1754 3366 1740 3367 1759 3367 1739 3367 1762 3368 1759 3368 1740 3368 481 3369 1763 3369 766 3369 1487 3370 1763 3370 481 3370 1476 3371 1764 3371 1492 3371 1469 3372 1764 3372 1476 3372 1472 3373 1764 3373 1469 3373 1757 3374 1765 3374 1766 3374 1758 3375 1765 3375 1757 3375 1767 3376 1765 3376 1768 3376 1768 3377 1765 3377 1745 3377 1766 3378 1765 3378 1767 3378 1745 3379 1765 3379 1744 3379 1744 3380 1765 3380 1737 3380 1737 3381 1765 3381 1758 3381 1761 3382 1769 3382 1520 3382 1762 3383 1769 3383 1761 3383 1520 3384 1769 3384 1518 3384 1748 3385 1769 3385 1740 3385 1518 3386 1769 3386 1770 3386 1770 3387 1769 3387 1491 3387 1491 3388 1769 3388 1748 3388 1740 3389 1769 3389 1762 3389 1483 3390 1771 3390 1482 3390 1772 3391 1771 3391 1750 3391 1501 3392 1771 3392 1773 3392 1482 3393 1771 3393 1493 3393 1774 3394 1771 3394 1772 3394 1773 3395 1771 3395 1774 3395 1493 3396 1771 3396 1501 3396 1750 3397 1771 3397 1483 3397 766 3398 1775 3398 495 3398 1763 3399 1775 3399 766 3399 495 3400 1775 3400 1503 3400 1753 3401 1776 3401 1751 3401 1767 3402 1776 3402 1777 3402 1768 3403 1776 3403 1767 3403 1745 3404 1776 3404 1768 3404 1778 3405 1776 3405 1753 3405 1751 3406 1776 3406 1745 3406 1779 3407 1776 3407 1778 3407 1777 3408 1776 3408 1779 3408 1764 3409 1780 3409 1492 3409 1489 3410 1781 3410 1491 3410 1505 3411 1781 3411 1489 3411 1518 3412 1781 3412 1521 3412 1770 3413 1781 3413 1518 3413 1491 3414 1781 3414 1770 3414 1521 3415 1781 3415 1515 3415 1515 3416 1781 3416 1505 3416 1756 3417 1782 3417 1750 3417 1783 3418 1782 3418 1784 3418 1750 3419 1782 3419 1772 3419 1774 3420 1782 3420 1783 3420 1785 3421 1782 3421 1757 3421 1784 3422 1782 3422 1785 3422 1772 3423 1782 3423 1774 3423 1757 3424 1782 3424 1756 3424 1517 3425 1786 3425 1506 3425 1474 3426 1786 3426 1499 3426 1506 3427 1786 3427 1504 3427 1504 3428 1786 3428 1474 3428 1760 3429 1787 3429 1753 3429 1788 3430 1787 3430 1789 3430 1761 3431 1787 3431 1760 3431 1753 3432 1787 3432 1778 3432 1778 3433 1787 3433 1779 3433 1779 3434 1787 3434 1788 3434 1790 3435 1787 3435 1761 3435 1789 3436 1787 3436 1790 3436 1499 3437 1791 3437 1500 3437 1786 3438 1791 3438 1499 3438 1517 3439 1791 3439 1786 3439 1522 3440 1791 3440 1517 3440 1500 3441 1791 3441 1522 3441 1766 3442 1792 3442 1757 3442 1530 3443 1792 3443 1531 3443 1793 3444 1792 3444 1530 3444 1767 3445 1792 3445 1766 3445 1757 3446 1792 3446 1785 3446 1531 3447 1792 3447 1767 3447 1785 3448 1792 3448 1784 3448 1784 3449 1792 3449 1793 3449 1789 3450 1794 3450 1795 3450 1519 3451 1794 3451 1520 3451 1520 3452 1794 3452 1761 3452 1795 3453 1794 3453 1796 3453 1796 3454 1794 3454 1519 3454 1761 3455 1794 3455 1790 3455 1790 3456 1794 3456 1789 3456 1531 3457 1797 3457 1529 3457 1777 3458 1797 3458 1767 3458 1539 3459 1797 3459 1779 3459 1767 3460 1797 3460 1531 3460 1538 3461 1797 3461 1539 3461 1529 3462 1797 3462 1538 3462 1779 3463 1797 3463 1777 3463 1510 3464 1798 3464 1799 3464 1509 3465 1798 3465 1510 3465 1508 3466 1798 3466 1509 3466 1800 3467 1798 3467 1508 3467 1521 3468 1801 3468 1519 3468 1534 3469 1801 3469 1515 3469 1796 3470 1801 3470 1802 3470 1519 3471 1801 3471 1796 3471 1543 3472 1801 3472 1534 3472 1802 3473 1801 3473 1543 3473 1515 3474 1801 3474 1521 3474 1500 3475 1803 3475 1525 3475 1532 3476 1803 3476 1500 3476 1535 3477 1803 3477 1532 3477 1544 3478 1803 3478 1535 3478 1789 3479 1804 3479 1788 3479 1805 3480 1804 3480 1789 3480 1539 3481 1804 3481 1537 3481 1779 3482 1804 3482 1539 3482 1788 3483 1804 3483 1779 3483 1537 3484 1804 3484 1806 3484 1806 3485 1804 3485 1805 3485 512 3486 1807 3486 777 3486 777 3487 1807 3487 779 3487 1533 3488 1807 3488 512 3488 1525 3489 1808 3489 1526 3489 1803 3490 1808 3490 1525 3490 1544 3491 1808 3491 1803 3491 1545 3492 1808 3492 1544 3492 1526 3493 1808 3493 1545 3493 1510 3494 1809 3494 1523 3494 1523 3495 1809 3495 1536 3495 1799 3496 1809 3496 1510 3496 1795 3497 1810 3497 1789 3497 1789 3498 1810 3498 1805 3498 1811 3499 1810 3499 1812 3499 1813 3500 1810 3500 1811 3500 1796 3501 1810 3501 1795 3501 1812 3502 1810 3502 1796 3502 1805 3503 1810 3503 1806 3503 1806 3504 1810 3504 1813 3504 1809 3505 1814 3505 1536 3505 1811 3506 1815 3506 1816 3506 1552 3507 1815 3507 1543 3507 1812 3508 1815 3508 1811 3508 1816 3509 1815 3509 1562 3509 1802 3510 1815 3510 1796 3510 1562 3511 1815 3511 1552 3511 1543 3512 1815 3512 1802 3512 1796 3513 1815 3513 1812 3513 1553 3514 1817 3514 1550 3514 1550 3515 1817 3515 1526 3515 1526 3516 1817 3516 1546 3516 1563 3517 1817 3517 1553 3517 1546 3518 1818 3518 1547 3518 1817 3519 1818 3519 1546 3519 1565 3520 1818 3520 1563 3520 1547 3521 1818 3521 1565 3521 1563 3522 1818 3522 1817 3522 1819 3523 1820 3523 1814 3523 1560 3524 1821 3524 1822 3524 1556 3525 1821 3525 1560 3525 1555 3526 1821 3526 1556 3526 1820 3527 1821 3527 1555 3527 1574 3528 1823 3528 1572 3528 1572 3529 1823 3529 1571 3529 1547 3530 1823 3530 1567 3530 1571 3531 1823 3531 1547 3531 1822 3532 1824 3532 1560 3532 1560 3533 1824 3533 1564 3533 1564 3534 1824 3534 1573 3534 1574 3535 1825 3535 1823 3535 1823 3536 1825 3536 1567 3536 1568 3537 1825 3537 1575 3537 1575 3538 1825 3538 1574 3538 1567 3539 1825 3539 1568 3539 1582 3540 1826 3540 1578 3540 1578 3541 1826 3541 1568 3541 1568 3542 1826 3542 1559 3542 1824 3543 1827 3543 1573 3543 1573 3544 1827 3544 1580 3544 1582 3545 1828 3545 1826 3545 1827 3546 1829 3546 1580 3546 1830 3547 1829 3547 1827 3547 1585 3548 1831 3548 1608 3548 1829 3549 1831 3549 1580 3549 1583 3550 1831 3550 1585 3550 1580 3551 1831 3551 1583 3551 696 3552 1832 3552 336 3552 336 3553 1832 3553 1584 3553 1833 3554 1834 3554 1597 3554 1597 3555 1834 3555 1595 3555 1594 3556 1834 3556 1835 3556 1595 3557 1834 3557 1594 3557 1592 3558 1836 3558 366 3558 366 3559 1836 3559 696 3559 696 3560 1836 3560 1832 3560 1588 3561 1837 3561 1591 3561 1608 3562 1837 3562 1585 3562 1606 3563 1837 3563 1608 3563 1591 3564 1837 3564 1603 3564 1585 3565 1837 3565 1588 3565 1603 3566 1837 3566 1606 3566 1597 3567 1838 3567 1833 3567 1600 3568 1838 3568 1597 3568 1605 3569 1838 3569 1600 3569 1605 3570 1839 3570 1838 3570 1839 3571 1840 3571 1841 3571 743 3572 1842 3572 398 3572 744 3573 1842 3573 743 3573 398 3574 1842 3574 1609 3574 1625 3575 1843 3575 1621 3575 1628 3576 1843 3576 1625 3576 1844 3577 1843 3577 1628 3577 1621 3578 1843 3578 1840 3578 1628 3579 1845 3579 1844 3579 1636 3580 1845 3580 1632 3580 1632 3581 1845 3581 1628 3581 1652 3582 1846 3582 1636 3582 1636 3583 1846 3583 1845 3583 1846 3584 1847 3584 1848 3584 1652 3585 1847 3585 1846 3585 1616 3586 1849 3586 1250 3586 1647 3587 1849 3587 1616 3587 1647 3588 1850 3588 1849 3588 1251 3589 1850 3589 1648 3589 1250 3590 1850 3590 1251 3590 1648 3591 1850 3591 1647 3591 1849 3592 1850 3592 1250 3592 1670 3593 1851 3593 1663 3593 1652 3594 1851 3594 1847 3594 1675 3595 1851 3595 1670 3595 1663 3596 1851 3596 1652 3596 1686 3597 1852 3597 1681 3597 1674 3598 1852 3598 1680 3598 1680 3599 1852 3599 1686 3599 1675 3600 1852 3600 1674 3600 1681 3601 1852 3601 1670 3601 1670 3602 1852 3602 1675 3602 1644 3603 1853 3603 1683 3603 1260 3604 1853 3604 1644 3604 1684 3605 1854 3605 1261 3605 1853 3606 1854 3606 1683 3606 1260 3607 1854 3607 1853 3607 1683 3608 1854 3608 1684 3608 1261 3609 1854 3609 1260 3609 1295 3610 1855 3610 1301 3610 75 3611 1855 3611 1722 3611 1722 3612 1855 3612 1290 3612 1290 3613 1855 3613 1295 3613 1330 3614 1856 3614 1344 3614 1320 3615 1856 3615 1330 3615 1723 3616 1856 3616 75 3616 1344 3617 1856 3617 1723 3617 1487 3618 1857 3618 1763 3618 1780 3619 1857 3619 1492 3619 1492 3620 1857 3620 1487 3620 1857 3621 1858 3621 1763 3621 1780 3622 1858 3622 1857 3622 1800 3623 1858 3623 1780 3623 1763 3624 1858 3624 1775 3624 1764 3625 1859 3625 1780 3625 1775 3626 1860 3626 1503 3626 1858 3627 1860 3627 1775 3627 1800 3628 1860 3628 1858 3628 1503 3629 1860 3629 1508 3629 1508 3630 1860 3630 1800 3630 1859 3631 1861 3631 1780 3631 1780 3632 1861 3632 1800 3632 1861 3633 1862 3633 1800 3633 1863 3634 1862 3634 1861 3634 1800 3635 1864 3635 1798 3635 1862 3636 1864 3636 1800 3636 1814 3637 1865 3637 1536 3637 1533 3638 1865 3638 1807 3638 1536 3639 1865 3639 1533 3639 1799 3640 1866 3640 1809 3640 1809 3641 1866 3641 1814 3641 1814 3642 1867 3642 1865 3642 1820 3643 1867 3643 1814 3643 1865 3644 1867 3644 1807 3644 1555 3645 1867 3645 1820 3645 1820 3646 1868 3646 1821 3646 1821 3647 1868 3647 1822 3647 1822 3648 1868 3648 1869 3648 1822 3649 1870 3649 1824 3649 1824 3650 1870 3650 1827 3650 1869 3651 1870 3651 1822 3651 1828 3652 1871 3652 1826 3652 1835 3653 1872 3653 1828 3653 1828 3654 1872 3654 1871 3654 1872 3655 1873 3655 1874 3655 1835 3656 1873 3656 1872 3656 1582 3657 1875 3657 1828 3657 1832 3658 1875 3658 1584 3658 1584 3659 1875 3659 1582 3659 1834 3660 1876 3660 1835 3660 1835 3661 1876 3661 1873 3661 1828 3662 1877 3662 1835 3662 1836 3663 1877 3663 1832 3663 1875 3664 1877 3664 1828 3664 1832 3665 1877 3665 1875 3665 1594 3666 1878 3666 1592 3666 1835 3667 1878 3667 1594 3667 1877 3668 1878 3668 1835 3668 1592 3669 1878 3669 1836 3669 1836 3670 1878 3670 1877 3670 1829 3671 1879 3671 1831 3671 1831 3672 1879 3672 1608 3672 1839 3673 1880 3673 1838 3673 1838 3674 1880 3674 1833 3674 1605 3675 1881 3675 1839 3675 1842 3676 1881 3676 1609 3676 1609 3677 1881 3677 1605 3677 1882 3678 1883 3678 1844 3678 1844 3679 1883 3679 1843 3679 1843 3680 1883 3680 1840 3680 1840 3681 1884 3681 1621 3681 1839 3682 1884 3682 1840 3682 1881 3683 1884 3683 1839 3683 1842 3684 1884 3684 1881 3684 1845 3685 1885 3685 1844 3685 1844 3686 1885 3686 1882 3686 1846 3687 1885 3687 1845 3687 1675 3688 1886 3688 1851 3688 1851 3689 1886 3689 1847 3689 1320 3690 1887 3690 1856 3690 1856 3691 1887 3691 75 3691 1855 3692 1887 3692 1301 3692 1313 3693 1887 3693 1320 3693 1301 3694 1887 3694 1313 3694 75 3695 1887 3695 1855 3695 1859 3696 1888 3696 1861 3696 1861 3697 1888 3697 1863 3697 1863 3698 1888 3698 1889 3698 1862 3699 1890 3699 1864 3699 1863 3700 1890 3700 1862 3700 1889 3701 1890 3701 1863 3701 531 3702 1891 3702 1551 3702 1551 3703 1891 3703 1555 3703 779 3704 1891 3704 531 3704 1555 3705 1891 3705 1867 3705 1867 3706 1891 3706 1807 3706 1807 3707 1891 3707 779 3707 1799 3708 1892 3708 1866 3708 1893 3709 1892 3709 1799 3709 1869 3710 1894 3710 1895 3710 1868 3711 1894 3711 1869 3711 1896 3712 1897 3712 1874 3712 1874 3713 1897 3713 1872 3713 1872 3714 1897 3714 1871 3714 1895 3715 1898 3715 1869 3715 1869 3716 1898 3716 1870 3716 1874 3717 1899 3717 1896 3717 1873 3718 1899 3718 1874 3718 1876 3719 1899 3719 1873 3719 1830 3720 1900 3720 1901 3720 1898 3721 1900 3721 1870 3721 1901 3722 1902 3722 1830 3722 1880 3723 1903 3723 1833 3723 1833 3724 1903 3724 1904 3724 1607 3725 1905 3725 1612 3725 1902 3726 1905 3726 1879 3726 1608 3727 1905 3727 1607 3727 1879 3728 1905 3728 1608 3728 1882 3729 1906 3729 1883 3729 1907 3730 1906 3730 1882 3730 1882 3731 1908 3731 1907 3731 1885 3732 1908 3732 1882 3732 1619 3733 1909 3733 427 3733 744 3734 1909 3734 1842 3734 1621 3735 1909 3735 1619 3735 427 3736 1909 3736 744 3736 1884 3737 1909 3737 1621 3737 1842 3738 1909 3738 1884 3738 1910 3739 1911 3739 1848 3739 1885 3740 1911 3740 1908 3740 1848 3741 1912 3741 1910 3741 1886 3742 1913 3742 1912 3742 1651 3743 1913 3743 1659 3743 1675 3744 1913 3744 1886 3744 1659 3745 1913 3745 1675 3745 1859 3746 1914 3746 1915 3746 1915 3747 1914 3747 1472 3747 1472 3748 1914 3748 1764 3748 1764 3749 1914 3749 1859 3749 1472 3750 1916 3750 1915 3750 1486 3751 1916 3751 1472 3751 1889 3752 1917 3752 1918 3752 1918 3753 1917 3753 1919 3753 1888 3754 1917 3754 1889 3754 1920 3755 1917 3755 1888 3755 1918 3756 1921 3756 1889 3756 1889 3757 1921 3757 1890 3757 1919 3758 1921 3758 1918 3758 1799 3759 1922 3759 1923 3759 1864 3760 1922 3760 1798 3760 1923 3761 1922 3761 1864 3761 1798 3762 1922 3762 1799 3762 1921 3763 1924 3763 1890 3763 1923 3764 1925 3764 1799 3764 1799 3765 1925 3765 1893 3765 1926 3766 1927 3766 1893 3766 1928 3767 1927 3767 1926 3767 1893 3768 1927 3768 1892 3768 1819 3769 1929 3769 1930 3769 1866 3770 1929 3770 1814 3770 1814 3771 1929 3771 1819 3771 1930 3772 1929 3772 1866 3772 1927 3773 1931 3773 1892 3773 1819 3774 1932 3774 1820 3774 1820 3775 1932 3775 1868 3775 1933 3776 1932 3776 1819 3776 1930 3777 1934 3777 1819 3777 1819 3778 1934 3778 1935 3778 1936 3779 1937 3779 1559 3779 1559 3780 1937 3780 1558 3780 1935 3781 1938 3781 1819 3781 1819 3782 1938 3782 1933 3782 1826 3783 1939 3783 1559 3783 1936 3784 1939 3784 1871 3784 1559 3785 1939 3785 1936 3785 1871 3786 1939 3786 1826 3786 1940 3787 1941 3787 1942 3787 1897 3788 1941 3788 1943 3788 1896 3789 1941 3789 1897 3789 1942 3790 1941 3790 1896 3790 1942 3791 1944 3791 1940 3791 1899 3792 1944 3792 1896 3792 1896 3793 1944 3793 1942 3793 1830 3794 1945 3794 1900 3794 1900 3795 1945 3795 1870 3795 1870 3796 1945 3796 1827 3796 1827 3797 1945 3797 1830 3797 1899 3798 1946 3798 1944 3798 1898 3799 1947 3799 1900 3799 1833 3800 1948 3800 1949 3800 1904 3801 1948 3801 1833 3801 1830 3802 1950 3802 1829 3802 1879 3803 1950 3803 1902 3803 1902 3804 1950 3804 1830 3804 1829 3805 1950 3805 1879 3805 1903 3806 1951 3806 1904 3806 1952 3807 1951 3807 1953 3807 1904 3808 1951 3808 1952 3808 1901 3809 1954 3809 1955 3809 1900 3810 1954 3810 1901 3810 1947 3811 1954 3811 1900 3811 1834 3812 1956 3812 1876 3812 1949 3813 1956 3813 1833 3813 1876 3814 1956 3814 1949 3814 1833 3815 1956 3815 1834 3815 1903 3816 1957 3816 1951 3816 1955 3817 1958 3817 1901 3817 1901 3818 1958 3818 1902 3818 1958 3819 1959 3819 1902 3819 1902 3820 1959 3820 1905 3820 1841 3821 1960 3821 1961 3821 1962 3822 1960 3822 1841 3822 1841 3823 1963 3823 1962 3823 1964 3824 1963 3824 1841 3824 1961 3825 1965 3825 1841 3825 1880 3826 1965 3826 1961 3826 1841 3827 1965 3827 1839 3827 1839 3828 1965 3828 1880 3828 1840 3829 1966 3829 1841 3829 1841 3830 1966 3830 1964 3830 1883 3831 1966 3831 1840 3831 1911 3832 1967 3832 1908 3832 1968 3833 1969 3833 1910 3833 1910 3834 1969 3834 1911 3834 1911 3835 1969 3835 1967 3835 1910 3836 1970 3836 1968 3836 1912 3837 1970 3837 1910 3837 1846 3838 1971 3838 1885 3838 1911 3839 1971 3839 1848 3839 1848 3840 1971 3840 1846 3840 1885 3841 1971 3841 1911 3841 1913 3842 1972 3842 1912 3842 1912 3843 1972 3843 1970 3843 1886 3844 1973 3844 1847 3844 1912 3845 1973 3845 1886 3845 1847 3846 1973 3846 1848 3846 1848 3847 1973 3847 1912 3847 1773 3848 1974 3848 1501 3848 1501 3849 1974 3849 1486 3849 1486 3850 1974 3850 1916 3850 1915 3851 1975 3851 1859 3851 1859 3852 1975 3852 1888 3852 1888 3853 1975 3853 1920 3853 1974 3854 1976 3854 1916 3854 1917 3855 1977 3855 1919 3855 1920 3856 1977 3856 1917 3856 1890 3857 1978 3857 1864 3857 1864 3858 1978 3858 1923 3858 1924 3859 1978 3859 1890 3859 1921 3860 1979 3860 1924 3860 1919 3861 1979 3861 1921 3861 1893 3862 1980 3862 1926 3862 1981 3863 1980 3863 1925 3863 1926 3864 1980 3864 1928 3864 1925 3865 1980 3865 1893 3865 1931 3866 1982 3866 1892 3866 1892 3867 1982 3867 1866 3867 1866 3868 1982 3868 1930 3868 1928 3869 1983 3869 1927 3869 1927 3870 1983 3870 1931 3870 1937 3871 1984 3871 1558 3871 1562 3872 1984 3872 1816 3872 1558 3873 1984 3873 1562 3873 1937 3874 1985 3874 1984 3874 1935 3875 1986 3875 1987 3875 1987 3876 1986 3876 1988 3876 1989 3877 1986 3877 1934 3877 1934 3878 1986 3878 1935 3878 1987 3879 1990 3879 1935 3879 1935 3880 1990 3880 1938 3880 1988 3881 1990 3881 1987 3881 1940 3882 1991 3882 1941 3882 1941 3883 1991 3883 1943 3883 1894 3884 1992 3884 1895 3884 1871 3885 1993 3885 1936 3885 1943 3886 1993 3886 1897 3886 1897 3887 1993 3887 1871 3887 1944 3888 1994 3888 1940 3888 1946 3889 1994 3889 1944 3889 1899 3890 1995 3890 1946 3890 1876 3891 1995 3891 1899 3891 1949 3892 1995 3892 1876 3892 1904 3893 1996 3893 1948 3893 1948 3894 1996 3894 1997 3894 1953 3895 1996 3895 1952 3895 1952 3896 1996 3896 1904 3896 1998 3897 1999 3897 1895 3897 1957 3898 2000 3898 1951 3898 1951 3899 2000 3899 1953 3899 1954 3900 2001 3900 1955 3900 1947 3901 2001 3901 1954 3901 1961 3902 2002 3902 1880 3902 1903 3903 2002 3903 1957 3903 1880 3904 2002 3904 1903 3904 2003 3905 2004 3905 1962 3905 2005 3906 2004 3906 2003 3906 1960 3907 2004 3907 2006 3907 1962 3908 2004 3908 1960 3908 1955 3909 2007 3909 1958 3909 1958 3910 2007 3910 1959 3910 1963 3911 2008 3911 1962 3911 1962 3912 2008 3912 2003 3912 2003 3913 2008 3913 2005 3913 1612 3914 2009 3914 1617 3914 1907 3915 2010 3915 1906 3915 1907 3916 2011 3916 2012 3916 1968 3917 2013 3917 1969 3917 1969 3918 2013 3918 1967 3918 1970 3919 2014 3919 1968 3919 1972 3920 2014 3920 1970 3920 1645 3921 2015 3921 1651 3921 1976 3922 2016 3922 1916 3922 1915 3923 2016 3923 1975 3923 1920 3924 2016 3924 1976 3924 1975 3925 2016 3925 1920 3925 1916 3926 2016 3926 1915 3926 1773 3927 2017 3927 1974 3927 1974 3928 2017 3928 1976 3928 2018 3929 2019 3929 1977 3929 1977 3930 2019 3930 1919 3930 2020 3931 2019 3931 2021 3931 1919 3932 2019 3932 2020 3932 1919 3933 2022 3933 1979 3933 2021 3934 2022 3934 2020 3934 2020 3935 2022 3935 1919 3935 1925 3936 2023 3936 1981 3936 1981 3937 2023 3937 1924 3937 1924 3938 2023 3938 1978 3938 1923 3939 2023 3939 1925 3939 1978 3940 2023 3940 1923 3940 2022 3941 2024 3941 1979 3941 1981 3942 2025 3942 1980 3942 1980 3943 2025 3943 1928 3943 1928 3944 2026 3944 1983 3944 2027 3945 2026 3945 2028 3945 2028 3946 2026 3946 1928 3946 1931 3947 2029 3947 1982 3947 1930 3948 2029 3948 1934 3948 1982 3949 2029 3949 1930 3949 1989 3950 2029 3950 1931 3950 1934 3951 2029 3951 1989 3951 1985 3952 2030 3952 1984 3952 1984 3953 2030 3953 1816 3953 2026 3954 2031 3954 1983 3954 1986 3955 2032 3955 1988 3955 1989 3956 2032 3956 1986 3956 1937 3957 2033 3957 1985 3957 1985 3958 2033 3958 1943 3958 1936 3959 2033 3959 1937 3959 1993 3960 2033 3960 1936 3960 1943 3961 2033 3961 1993 3961 1894 3962 2034 3962 1992 3962 1938 3963 2034 3963 1933 3963 2035 3964 2036 3964 1940 3964 2037 3965 2036 3965 2035 3965 1940 3966 2036 3966 1991 3966 1991 3967 2036 3967 2038 3967 1940 3968 2039 3968 2035 3968 2035 3969 2039 3969 2037 3969 1994 3970 2039 3970 1940 3970 1988 3971 2040 3971 1990 3971 2040 3972 2041 3972 1992 3972 1988 3973 2041 3973 2040 3973 2042 3974 2041 3974 1988 3974 1994 3975 2043 3975 2039 3975 1992 3976 2044 3976 1895 3976 1895 3977 2044 3977 1998 3977 2041 3978 2045 3978 1992 3978 1992 3979 2045 3979 2044 3979 1998 3980 2045 3980 2046 3980 2044 3981 2045 3981 1998 3981 1999 3982 2047 3982 1895 3982 1895 3983 2047 3983 1898 3983 1947 3984 2047 3984 1999 3984 1898 3985 2047 3985 1947 3985 1996 3986 2048 3986 1997 3986 1953 3987 2048 3987 1996 3987 1953 3988 2049 3988 2050 3988 2000 3989 2049 3989 1953 3989 2050 3990 2049 3990 2051 3990 1946 3991 2052 3991 1997 3991 1948 3992 2052 3992 1949 3992 1997 3993 2052 3993 1948 3993 1995 3994 2052 3994 1946 3994 1949 3995 2052 3995 1995 3995 2000 3996 2053 3996 2049 3996 2046 3997 2054 3997 1998 3997 1998 3998 2054 3998 1999 3998 2005 3999 2055 3999 2004 3999 2004 4000 2055 4000 2006 4000 1960 4001 2056 4001 1961 4001 1957 4002 2056 4002 2006 4002 1961 4003 2056 4003 2002 4003 2006 4004 2056 4004 1960 4004 2002 4005 2056 4005 1957 4005 1955 4006 2057 4006 2058 4006 2001 4007 2057 4007 1955 4007 2059 4008 2057 4008 2001 4008 2058 4009 2057 4009 2060 4009 2005 4010 2061 4010 2062 4010 2061 4011 2063 4011 2010 4011 2005 4012 2063 4012 2061 4012 2008 4013 2063 4013 2005 4013 1955 4014 2064 4014 2007 4014 2058 4015 2064 4015 1955 4015 2060 4016 2064 4016 2058 4016 1612 4017 2065 4017 2009 4017 1959 4018 2065 4018 1905 4018 2009 4019 2065 4019 1959 4019 1905 4020 2065 4020 1612 4020 2064 4021 2066 4021 2007 4021 2010 4022 2067 4022 2061 4022 2068 4023 2067 4023 2012 4023 2010 4024 2069 4024 2067 4024 2067 4025 2069 4025 2012 4025 2012 4026 2069 4026 1907 4026 1907 4027 2069 4027 2010 4027 1964 4028 2070 4028 1963 4028 2010 4029 2070 4029 1906 4029 2012 4030 2071 4030 2068 4030 2011 4031 2071 4031 2012 4031 1617 4032 2072 4032 1624 4032 1908 4033 2073 4033 1907 4033 1967 4034 2073 4034 1908 4034 1907 4035 2073 4035 2011 4035 2011 4036 2073 4036 1967 4036 2074 4037 2075 4037 1968 4037 2013 4038 2075 4038 2076 4038 2077 4039 2075 4039 2074 4039 1968 4040 2075 4040 2013 4040 1968 4041 2078 4041 2074 4041 2014 4042 2078 4042 1968 4042 2074 4043 2078 4043 2077 4043 2014 4044 2079 4044 2078 4044 1641 4045 2080 4045 1645 4045 1651 4046 2081 4046 1913 4046 1913 4047 2081 4047 1972 4047 1972 4048 2081 4048 2015 4048 2015 4049 2081 4049 1651 4049 1773 4050 2082 4050 2017 4050 1783 4051 2082 4051 1774 4051 1774 4052 2082 4052 1773 4052 1977 4053 2083 4053 2018 4053 1920 4054 2083 4054 1977 4054 1976 4055 2083 4055 1920 4055 2082 4056 2084 4056 2017 4056 2019 4057 2085 4057 2021 4057 2018 4058 2085 4058 2019 4058 1979 4059 2086 4059 1924 4059 1924 4060 2086 4060 1981 4060 2024 4061 2086 4061 1979 4061 2022 4062 2087 4062 2024 4062 2021 4063 2087 4063 2022 4063 2025 4064 2088 4064 1928 4064 2089 4065 2088 4065 2025 4065 2028 4066 2088 4066 2027 4066 1928 4067 2088 4067 2028 4067 1816 4068 2090 4068 1811 4068 1811 4069 2090 4069 1813 4069 2030 4070 2090 4070 1816 4070 2031 4071 2091 4071 1983 4071 1931 4072 2091 4072 1989 4072 1983 4073 2091 4073 1931 4073 2030 4074 2092 4074 2090 4074 2026 4075 2093 4075 2031 4075 2027 4076 2093 4076 2026 4076 2037 4077 2094 4077 2036 4077 2036 4078 2094 4078 2038 4078 1932 4079 2095 4079 1868 4079 1933 4080 2095 4080 1932 4080 1894 4081 2095 4081 2034 4081 1868 4082 2095 4082 1894 4082 2034 4083 2095 4083 1933 4083 1943 4084 2096 4084 1985 4084 2038 4085 2096 4085 1991 4085 1991 4086 2096 4086 1943 4086 1990 4087 2097 4087 1938 4087 2040 4088 2097 4088 1990 4088 2039 4089 2098 4089 2037 4089 2043 4090 2098 4090 2039 4090 2042 4091 2099 4091 2100 4091 2032 4092 2099 4092 1988 4092 1988 4093 2099 4093 2042 4093 2101 4094 2099 4094 2032 4094 2040 4095 2102 4095 2097 4095 2097 4096 2102 4096 1938 4096 2034 4097 2102 4097 1992 4097 1992 4098 2102 4098 2040 4098 1938 4099 2102 4099 2034 4099 2100 4100 2103 4100 2042 4100 2104 4101 2103 4101 2100 4101 2042 4102 2103 4102 2041 4102 1997 4103 2105 4103 1946 4103 1946 4104 2105 4104 1994 4104 1994 4105 2105 4105 2043 4105 2048 4106 2106 4106 2107 4106 2050 4107 2106 4107 1953 4107 1953 4108 2106 4108 2048 4108 2051 4109 2106 4109 2050 4109 2049 4110 2108 4110 2051 4110 2053 4111 2108 4111 2049 4111 2041 4112 2109 4112 2045 4112 2109 4113 2110 4113 2045 4113 2045 4114 2110 4114 2046 4114 2046 4115 2110 4115 2111 4115 2046 4116 2112 4116 2054 4116 2111 4117 2112 4117 2046 4117 2113 4118 2112 4118 2111 4118 1957 4119 2114 4119 2000 4119 2006 4120 2114 4120 1957 4120 2000 4121 2114 4121 2053 4121 1999 4122 2115 4122 1947 4122 2001 4123 2115 4123 2059 4123 1947 4124 2115 4124 2001 4124 2062 4125 2116 4125 2005 4125 2055 4126 2116 4126 2117 4126 2118 4127 2116 4127 2062 4127 2005 4128 2116 4128 2055 4128 2112 4129 2119 4129 2054 4129 2118 4130 2120 4130 2121 4130 2062 4131 2120 4131 2118 4131 2061 4132 2120 4132 2062 4132 2057 4133 2122 4133 2060 4133 2059 4134 2122 4134 2057 4134 2067 4135 2123 4135 2061 4135 2066 4136 2124 4136 2007 4136 2007 4137 2124 4137 1959 4137 1959 4138 2124 4138 2009 4138 2008 4139 2125 4139 2063 4139 1963 4140 2125 4140 2008 4140 2068 4141 2126 4141 2067 4141 2067 4142 2126 4142 2123 4142 2127 4143 2126 4143 2068 4143 2125 4144 2128 4144 2063 4144 2010 4145 2128 4145 2070 4145 2070 4146 2128 4146 1963 4146 1963 4147 2128 4147 2125 4147 2063 4148 2128 4148 2010 4148 2060 4149 2129 4149 2064 4149 2064 4150 2129 4150 2066 4150 2071 4151 2130 4151 2068 4151 2127 4152 2130 4152 2131 4152 2068 4153 2130 4153 2127 4153 2071 4154 2132 4154 2130 4154 2070 4155 2133 4155 1906 4155 1964 4156 2133 4156 2070 4156 1906 4157 2133 4157 1883 4157 1966 4158 2133 4158 1964 4158 1883 4159 2133 4159 1966 4159 2075 4160 2134 4160 2076 4160 2077 4161 2134 4161 2075 4161 2013 4162 2135 4162 1967 4162 2076 4163 2135 4163 2013 4163 1967 4164 2135 4164 2011 4164 2078 4165 2136 4165 2077 4165 2079 4166 2136 4166 2078 4166 1972 4167 2137 4167 2014 4167 2014 4168 2137 4168 2079 4168 2015 4169 2137 4169 1972 4169 2017 4170 2138 4170 1976 4170 2018 4171 2138 4171 2084 4171 2084 4172 2138 4172 2017 4172 2083 4173 2138 4173 2018 4173 1976 4174 2138 4174 2083 4174 1783 4175 2139 4175 2082 4175 2082 4176 2139 4176 2084 4176 2140 4177 2141 4177 2085 4177 2021 4178 2141 4178 2142 4178 2085 4179 2141 4179 2021 4179 2142 4180 2141 4180 2143 4180 2021 4181 2144 4181 2087 4181 2142 4182 2144 4182 2021 4182 2143 4183 2144 4183 2142 4183 2089 4184 2145 4184 2024 4184 2025 4185 2145 4185 2089 4185 1981 4186 2145 4186 2025 4186 2086 4187 2145 4187 1981 4187 2024 4188 2145 4188 2086 4188 2144 4189 2146 4189 2087 4189 2092 4190 2147 4190 2090 4190 2090 4191 2147 4191 1813 4191 2089 4192 2148 4192 2088 4192 2088 4193 2148 4193 2027 4193 2096 4194 2149 4194 1985 4194 2038 4195 2149 4195 2096 4195 1985 4196 2149 4196 2030 4196 2030 4197 2149 4197 2092 4197 2092 4198 2149 4198 2038 4198 2150 4199 2151 4199 2027 4199 2152 4200 2151 4200 2150 4200 2027 4201 2151 4201 2093 4201 2037 4202 2153 4202 2094 4202 2094 4203 2153 4203 2154 4203 2155 4204 2153 4204 2156 4204 2156 4205 2153 4205 2037 4205 2031 4206 2157 4206 2091 4206 1989 4207 2157 4207 2032 4207 2091 4208 2157 4208 1989 4208 2101 4209 2157 4209 2031 4209 2032 4210 2157 4210 2101 4210 2151 4211 2158 4211 2093 4211 2098 4212 2159 4212 2037 4212 2156 4213 2159 4213 2155 4213 2037 4214 2159 4214 2156 4214 2098 4215 2160 4215 2159 4215 2101 4216 2161 4216 2099 4216 2099 4217 2161 4217 2100 4217 2051 4218 2162 4218 2106 4218 2106 4219 2162 4219 2107 4219 2108 4220 2163 4220 2051 4220 2051 4221 2163 4221 2164 4221 2164 4222 2163 4222 2165 4222 2107 4223 2166 4223 2048 4223 2105 4224 2166 4224 2043 4224 1997 4225 2166 4225 2105 4225 2048 4226 2166 4226 1997 4226 2043 4227 2166 4227 2107 4227 2104 4228 2167 4228 2103 4228 2108 4229 2168 4229 2163 4229 2109 4230 2169 4230 2110 4230 2110 4231 2169 4231 2111 4231 2111 4232 2169 4232 2113 4232 2116 4233 2170 4233 2117 4233 2118 4234 2170 4234 2116 4234 2115 4235 2171 4235 2059 4235 2119 4236 2171 4236 2054 4236 2059 4237 2171 4237 2119 4237 2054 4238 2171 4238 1999 4238 1999 4239 2171 4239 2115 4239 2117 4240 2172 4240 2055 4240 2006 4241 2172 4241 2114 4241 2114 4242 2172 4242 2053 4242 2053 4243 2172 4243 2117 4243 2055 4244 2172 4244 2006 4244 2120 4245 2173 4245 2121 4245 2113 4246 2174 4246 2112 4246 2112 4247 2174 4247 2119 4247 2131 4248 2175 4248 2127 4248 2127 4249 2175 4249 2126 4249 2126 4250 2175 4250 2123 4250 2176 4251 2177 4251 2178 4251 2060 4252 2177 4252 2176 4252 2122 4253 2177 4253 2060 4253 2179 4254 2177 4254 2122 4254 2130 4255 2180 4255 2131 4255 2132 4256 2180 4256 2130 4256 2060 4257 2181 4257 2129 4257 2178 4258 2181 4258 2176 4258 2176 4259 2181 4259 2060 4259 1617 4260 2182 4260 2072 4260 2124 4261 2182 4261 2009 4261 2066 4262 2182 4262 2124 4262 2009 4263 2182 4263 1617 4263 2183 4264 2182 4264 2066 4264 2072 4265 2182 4265 2183 4265 2181 4266 2184 4266 2129 4266 2132 4267 2185 4267 2076 4267 2071 4268 2185 4268 2132 4268 2011 4269 2185 4269 2071 4269 2076 4270 2185 4270 2135 4270 2135 4271 2185 4271 2011 4271 2134 4272 2186 4272 2187 4272 2188 4273 2186 4273 2189 4273 2189 4274 2186 4274 2077 4274 2077 4275 2186 4275 2134 4275 2072 4276 2190 4276 1624 4276 2183 4277 2190 4277 2072 4277 2189 4278 2191 4278 2188 4278 2136 4279 2191 4279 2077 4279 2077 4280 2191 4280 2189 4280 2136 4281 2192 4281 2191 4281 2080 4282 2193 4282 2194 4282 1641 4283 2193 4283 2080 4283 2079 4284 2195 4284 2194 4284 2194 4285 2195 4285 2080 4285 2137 4286 2195 4286 2079 4286 2015 4287 2195 4287 2137 4287 1645 4288 2195 4288 2015 4288 2080 4289 2195 4289 1645 4289 1784 4290 2196 4290 1783 4290 1783 4291 2196 4291 2139 4291 1793 4292 2196 4292 1784 4292 2085 4293 2197 4293 2140 4293 2084 4294 2197 4294 2018 4294 2018 4295 2197 4295 2085 4295 2196 4296 2198 4296 2139 4296 2140 4297 2199 4297 2141 4297 2141 4298 2199 4298 2143 4298 2146 4299 2200 4299 2087 4299 2024 4300 2200 4300 2089 4300 2087 4301 2200 4301 2024 4301 2144 4302 2201 4302 2146 4302 2143 4303 2201 4303 2144 4303 2147 4304 2202 4304 1813 4304 1806 4305 2202 4305 1537 4305 1813 4306 2202 4306 1806 4306 2147 4307 2203 4307 2202 4307 2204 4308 2205 4308 2148 4308 2148 4309 2205 4309 2027 4309 2027 4310 2205 4310 2150 4310 2150 4311 2205 4311 2152 4311 2153 4312 2206 4312 2154 4312 2155 4313 2206 4313 2153 4313 2093 4314 2207 4314 2031 4314 2031 4315 2207 4315 2101 4315 2158 4316 2207 4316 2093 4316 2154 4317 2208 4317 2094 4317 2038 4318 2208 4318 2092 4318 2094 4319 2208 4319 2038 4319 2159 4320 2209 4320 2155 4320 2160 4321 2209 4321 2159 4321 2152 4322 2210 4322 2151 4322 2151 4323 2210 4323 2158 4323 2043 4324 2211 4324 2098 4324 2098 4325 2211 4325 2160 4325 2107 4326 2211 4326 2043 4326 2164 4327 2212 4327 2051 4327 2051 4328 2212 4328 2162 4328 2165 4329 2212 4329 2164 4329 2162 4330 2212 4330 2213 4330 2104 4331 2214 4331 2215 4331 2100 4332 2214 4332 2104 4332 2161 4333 2214 4333 2100 4333 2216 4334 2214 4334 2161 4334 2163 4335 2217 4335 2165 4335 2168 4336 2217 4336 2163 4336 2103 4337 2218 4337 2041 4337 2109 4338 2218 4338 2167 4338 2041 4339 2218 4339 2109 4339 2167 4340 2218 4340 2103 4340 2219 4341 2220 4341 2215 4341 2104 4342 2220 4342 2167 4342 2215 4343 2220 4343 2104 4343 2053 4344 2221 4344 2108 4344 2117 4345 2221 4345 2053 4345 2108 4346 2221 4346 2168 4346 2121 4347 2222 4347 2118 4347 2118 4348 2222 4348 2170 4348 2223 4349 2222 4349 2121 4349 2170 4350 2222 4350 2224 4350 2219 4351 2225 4351 2220 4351 2223 4352 2226 4352 2219 4352 2121 4353 2226 4353 2223 4353 2219 4354 2226 4354 2225 4354 2173 4355 2226 4355 2121 4355 2113 4356 2227 4356 2228 4356 2169 4357 2227 4357 2113 4357 2229 4358 2227 4358 2169 4358 2228 4359 2227 4359 2230 4359 2228 4360 2231 4360 2113 4360 2113 4361 2231 4361 2174 4361 2230 4362 2231 4362 2228 4362 2120 4363 2232 4363 2173 4363 2173 4364 2232 4364 2123 4364 2061 4365 2232 4365 2120 4365 2123 4366 2232 4366 2061 4366 2119 4367 2233 4367 2059 4367 2059 4368 2233 4368 2122 4368 2122 4369 2233 4369 2179 4369 2230 4370 2234 4370 2235 4370 2235 4371 2234 4371 2131 4371 2175 4372 2234 4372 2236 4372 2131 4373 2234 4373 2175 4373 2231 4374 2237 4374 2174 4374 2235 4375 2238 4375 2230 4375 2131 4376 2238 4376 2235 4376 2180 4377 2238 4377 2131 4377 2180 4378 2239 4378 2238 4378 2179 4379 2240 4379 2177 4379 2177 4380 2240 4380 2178 4380 2178 4381 2240 4381 2241 4381 2240 4382 2242 4382 2241 4382 2184 4383 2243 4383 2129 4383 2129 4384 2243 4384 2066 4384 2066 4385 2243 4385 2183 4385 2178 4386 2244 4386 2181 4386 2181 4387 2244 4387 2184 4387 2241 4388 2244 4388 2178 4388 2188 4389 2245 4389 2186 4389 2242 4390 2245 4390 2241 4390 2241 4391 2245 4391 2188 4391 2186 4392 2245 4392 2187 4392 2134 4393 2246 4393 2076 4393 2187 4394 2246 4394 2134 4394 2076 4395 2246 4395 2132 4395 2241 4396 2247 4396 2244 4396 2192 4397 2248 4397 2191 4397 2191 4398 2248 4398 2188 4398 2241 4399 2248 4399 2247 4399 2188 4400 2248 4400 2241 4400 1624 4401 2249 4401 1631 4401 1631 4402 2249 4402 1633 4402 2250 4403 2249 4403 2190 4403 2190 4404 2249 4404 1624 4404 2194 4405 2251 4405 2079 4405 2079 4406 2251 4406 2136 4406 2136 4407 2251 4407 2192 4407 1638 4408 2252 4408 1641 4408 1633 4409 2252 4409 1638 4409 1641 4410 2252 4410 2193 4410 2193 4411 2252 4411 2253 4411 2139 4412 2254 4412 2084 4412 2197 4413 2254 4413 2140 4413 2084 4414 2254 4414 2197 4414 2140 4415 2254 4415 2198 4415 2198 4416 2254 4416 2139 4416 1529 4417 2255 4417 1530 4417 1793 4418 2255 4418 2196 4418 1530 4419 2255 4419 1793 4419 2196 4420 2255 4420 2198 4420 2140 4421 2256 4421 2199 4421 1529 4422 2256 4422 2255 4422 2198 4423 2256 4423 2140 4423 2257 4424 2256 4424 2258 4424 2255 4425 2256 4425 2198 4425 2199 4426 2259 4426 2143 4426 2143 4427 2259 4427 2260 4427 2260 4428 2259 4428 2257 4428 2256 4429 2259 4429 2199 4429 2257 4430 2259 4430 2256 4430 2202 4431 2261 4431 1537 4431 2203 4432 2261 4432 2202 4432 1538 4433 2261 4433 1529 4433 1537 4434 2261 4434 1538 4434 2260 4435 2262 4435 2143 4435 2143 4436 2262 4436 2201 4436 2257 4437 2262 4437 2260 4437 2200 4438 2263 4438 2089 4438 2148 4439 2263 4439 2204 4439 2204 4440 2263 4440 2146 4440 2146 4441 2263 4441 2200 4441 2089 4442 2263 4442 2148 4442 2257 4443 2264 4443 2262 4443 2146 4444 2264 4444 2204 4444 2262 4445 2264 4445 2201 4445 2258 4446 2264 4446 2257 4446 2201 4447 2264 4447 2146 4447 2203 4448 2265 4448 2261 4448 2258 4449 2265 4449 2266 4449 1529 4450 2265 4450 2256 4450 2261 4451 2265 4451 1529 4451 2206 4452 2265 4452 2154 4452 2154 4453 2265 4453 2203 4453 2256 4454 2265 4454 2258 4454 2154 4455 2267 4455 2208 4455 2147 4456 2267 4456 2203 4456 2208 4457 2267 4457 2092 4457 2092 4458 2267 4458 2147 4458 2203 4459 2267 4459 2154 4459 2266 4460 2268 4460 2269 4460 2206 4461 2268 4461 2265 4461 2265 4462 2268 4462 2266 4462 2155 4463 2268 4463 2206 4463 2269 4464 2268 4464 2155 4464 2152 4465 2270 4465 2271 4465 2264 4466 2270 4466 2204 4466 2272 4467 2270 4467 2264 4467 2204 4468 2270 4468 2205 4468 2205 4469 2270 4469 2152 4469 2271 4470 2270 4470 2272 4470 2269 4471 2273 4471 2266 4471 2155 4472 2273 4472 2269 4472 2209 4473 2273 4473 2155 4473 2273 4474 2274 4474 2266 4474 2209 4475 2274 4475 2273 4475 2266 4476 2274 4476 2258 4476 2160 4477 2274 4477 2209 4477 2213 4478 2274 4478 2160 4478 2264 4479 2274 4479 2272 4479 2258 4480 2274 4480 2264 4480 2271 4481 2275 4481 2152 4481 2152 4482 2275 4482 2210 4482 2272 4483 2275 4483 2271 4483 2101 4484 2276 4484 2161 4484 2207 4485 2276 4485 2101 4485 2158 4486 2276 4486 2207 4486 2216 4487 2276 4487 2158 4487 2161 4488 2276 4488 2216 4488 2275 4489 2277 4489 2210 4489 2272 4490 2277 4490 2275 4490 2210 4491 2277 4491 2158 4491 2158 4492 2277 4492 2216 4492 2213 4493 2278 4493 2274 4493 2274 4494 2278 4494 2272 4494 2279 4495 2278 4495 2165 4495 2272 4496 2278 4496 2279 4496 2165 4497 2278 4497 2212 4497 2212 4498 2278 4498 2213 4498 2165 4499 2280 4499 2279 4499 2217 4500 2280 4500 2165 4500 2279 4501 2280 4501 2272 4501 2160 4502 2281 4502 2213 4502 2162 4503 2281 4503 2107 4503 2213 4504 2281 4504 2162 4504 2211 4505 2281 4505 2160 4505 2107 4506 2281 4506 2211 4506 2224 4507 2282 4507 2168 4507 2217 4508 2282 4508 2280 4508 2280 4509 2282 4509 2272 4509 2272 4510 2282 4510 2277 4510 2168 4511 2282 4511 2217 4511 2215 4512 2283 4512 2219 4512 2216 4513 2283 4513 2214 4513 2214 4514 2283 4514 2215 4514 2283 4515 2284 4515 2219 4515 2277 4516 2284 4516 2216 4516 2224 4517 2284 4517 2282 4517 2216 4518 2284 4518 2283 4518 2282 4519 2284 4519 2277 4519 2284 4520 2285 4520 2219 4520 2224 4521 2285 4521 2284 4521 2222 4522 2285 4522 2224 4522 2223 4523 2285 4523 2222 4523 2219 4524 2285 4524 2223 4524 2220 4525 2286 4525 2167 4525 2225 4526 2286 4526 2220 4526 2169 4527 2287 4527 2229 4527 2286 4528 2287 4528 2167 4528 2229 4529 2287 4529 2286 4529 2167 4530 2287 4530 2109 4530 2109 4531 2287 4531 2169 4531 2168 4532 2288 4532 2224 4532 2117 4533 2288 4533 2221 4533 2221 4534 2288 4534 2168 4534 2170 4535 2288 4535 2117 4535 2224 4536 2288 4536 2170 4536 2226 4537 2289 4537 2225 4537 2173 4538 2289 4538 2226 4538 2229 4539 2290 4539 2227 4539 2227 4540 2290 4540 2230 4540 2230 4541 2290 4541 2234 4541 2234 4542 2290 4542 2236 4542 2225 4543 2290 4543 2286 4543 2286 4544 2290 4544 2229 4544 2289 4545 2290 4545 2225 4545 2236 4546 2290 4546 2289 4546 2174 4547 2291 4547 2119 4547 2237 4548 2291 4548 2174 4548 2233 4549 2291 4549 2179 4549 2179 4550 2291 4550 2237 4550 2119 4551 2291 4551 2233 4551 2236 4552 2292 4552 2175 4552 2123 4553 2292 4553 2173 4553 2289 4554 2292 4554 2236 4554 2173 4555 2292 4555 2289 4555 2175 4556 2292 4556 2123 4556 2230 4557 2293 4557 2231 4557 2231 4558 2293 4558 2237 4558 2238 4559 2293 4559 2230 4559 2239 4560 2293 4560 2238 4560 2237 4561 2294 4561 2179 4561 2293 4562 2294 4562 2237 4562 2242 4563 2294 4563 2293 4563 2240 4564 2294 4564 2242 4564 2179 4565 2294 4565 2240 4565 2180 4566 2295 4566 2239 4566 2132 4567 2295 4567 2180 4567 2239 4568 2295 4568 2187 4568 2187 4569 2295 4569 2246 4569 2246 4570 2295 4570 2132 4570 2187 4571 2296 4571 2239 4571 2293 4572 2296 4572 2242 4572 2242 4573 2296 4573 2245 4573 2245 4574 2296 4574 2187 4574 2239 4575 2296 4575 2293 4575 2244 4576 2297 4576 2184 4576 2184 4577 2297 4577 2250 4577 2247 4578 2297 4578 2244 4578 2243 4579 2298 4579 2183 4579 2190 4580 2298 4580 2250 4580 2183 4581 2298 4581 2190 4581 2250 4582 2298 4582 2184 4582 2184 4583 2298 4583 2243 4583 2192 4584 2299 4584 2248 4584 2248 4585 2299 4585 2247 4585 2253 4586 2299 4586 2192 4586 2299 4587 2300 4587 2247 4587 2253 4588 2300 4588 2299 4588 2249 4589 2300 4589 1633 4589 2250 4590 2300 4590 2249 4590 1633 4591 2300 4591 2252 4591 2252 4592 2300 4592 2253 4592 2297 4593 2300 4593 2250 4593 2247 4594 2300 4594 2297 4594 2251 4595 2301 4595 2192 4595 2193 4596 2301 4596 2194 4596 2192 4597 2301 4597 2253 4597 2253 4598 2301 4598 2193 4598 2194 4599 2301 4599 2251 4599</p>
        </triangles>
      </mesh>
    </geometry>
  </library_geometries>
  <library_materials>
    <material id="mat_Part__Feature" name="Part__Feature">
      <instance_effect url="#effect_Part__Feature" />
    </material>
  </library_materials>
  <library_visual_scenes>
    <visual_scene id="myscene">
      <node id="node0" name="node0">
        <instance_geometry url="#geometry0">
          <bind_material>
            <technique_common>
              <instance_material symbol="ref_Part__Feature" target="#mat_Part__Feature" />
            </technique_common>
          </bind_material>
        </instance_geometry>
      </node>
    </visual_scene>
  </library_visual_scenes>
  <scene>
    <instance_visual_scene url="#myscene" />
  </scene>
</COLLADA>
