<?xml version="1.0" encoding="utf-8"?>
<COLLADA xmlns="http://www.collada.org/2005/11/COLLADASchema" version="1.4.1" xmlns:xsi="http://www.w3.org/2001/XMLSchema-instance">
  <asset>
    <contributor>
      <author>Blender User</author>
      <authoring_tool>Blender 4.0.2 commit date:2023-12-05, commit time:07:41, hash:9be62e85b727</authoring_tool>
    </contributor>
    <created>2024-01-15T15:12:20</created>
    <modified>2024-01-15T15:12:20</modified>
    <unit name="meter" meter="1"/>
    <up_axis>Z_UP</up_axis>
  </asset>
  <library_cameras>
    <camera id="Camera-camera" name="Camera">
      <optics>
        <technique_common>
          <perspective>
            <xfov sid="xfov">39.59775</xfov>
            <aspect_ratio>1.777778</aspect_ratio>
            <znear sid="znear">0.1</znear>
            <zfar sid="zfar">100</zfar>
          </perspective>
        </technique_common>
      </optics>
      <extra>
        <technique profile="blender">
          <shiftx sid="shiftx" type="float">0</shiftx>
          <shifty sid="shifty" type="float">0</shifty>
          <dof_distance sid="dof_distance" type="float">10</dof_distance>
        </technique>
      </extra>
    </camera>
  </library_cameras>
  <library_lights>
    <light id="Light-light" name="Light">
      <technique_common>
        <point>
          <color sid="color">1000 1000 1000</color>
          <constant_attenuation>1</constant_attenuation>
          <linear_attenuation>0</linear_attenuation>
          <quadratic_attenuation>0</quadratic_attenuation>
        </point>
      </technique_common>
      <extra>
        <technique profile="blender">
          <type sid="type" type="int">0</type>
          <flag sid="flag" type="int">0</flag>
          <mode sid="mode" type="int">1</mode>
          <red sid="red" type="float">1</red>
          <green sid="green" type="float">1</green>
          <blue sid="blue" type="float">1</blue>
          <shadow_r sid="blender_shadow_r" type="float">0</shadow_r>
          <shadow_g sid="blender_shadow_g" type="float">0</shadow_g>
          <shadow_b sid="blender_shadow_b" type="float">0</shadow_b>
          <energy sid="blender_energy" type="float">1000</energy>
          <spotsize sid="spotsize" type="float">75</spotsize>
          <spotblend sid="spotblend" type="float">0.15</spotblend>
          <clipsta sid="clipsta" type="float">0.04999995</clipsta>
          <clipend sid="clipend" type="float">30.002</clipend>
          <bias sid="bias" type="float">1</bias>
          <radius sid="radius" type="float">0.1</radius>
          <area_shape sid="area_shape" type="int">1</area_shape>
          <area_size sid="area_size" type="float">0.1</area_size>
          <area_sizey sid="area_sizey" type="float">0.1</area_sizey>
          <area_sizez sid="area_sizez" type="float">1</area_sizez>
        </technique>
      </extra>
    </light>
  </library_lights>
  <library_effects>
    <effect id="Part__Feature001_005-effect">
      <profile_COMMON>
        <technique sid="common">
          <lambert>
            <emission>
              <color sid="emission">0 0 0 1</color>
            </emission>
            <diffuse>
              <color sid="diffuse">1 1 1 1</color>
            </diffuse>
            <index_of_refraction>
              <float sid="ior">1.45</float>
            </index_of_refraction>
          </lambert>
        </technique>
      </profile_COMMON>
    </effect>
    <effect id="Part__Feature002_004-effect">
      <profile_COMMON>
        <technique sid="common">
          <lambert>
            <emission>
              <color sid="emission">0 0 0 1</color>
            </emission>
            <diffuse>
              <color sid="diffuse">0.09803922 0.09803922 0.09803922 1</color>
            </diffuse>
            <index_of_refraction>
              <float sid="ior">1.45</float>
            </index_of_refraction>
          </lambert>
        </technique>
      </profile_COMMON>
    </effect>
    <effect id="Part__Feature_006-effect">
      <profile_COMMON>
        <technique sid="common">
          <lambert>
            <emission>
              <color sid="emission">0 0 0 1</color>
            </emission>
            <diffuse>
              <color sid="diffuse">0.09803922 0.09803922 0.09803922 1</color>
            </diffuse>
            <index_of_refraction>
              <float sid="ior">1.45</float>
            </index_of_refraction>
          </lambert>
        </technique>
      </profile_COMMON>
    </effect>
  </library_effects>
  <library_images/>
  <library_materials>
    <material id="Part__Feature001_005-material" name="Part__Feature001.005">
      <instance_effect url="#Part__Feature001_005-effect"/>
    </material>
    <material id="Part__Feature002_004-material" name="Part__Feature002.004">
      <instance_effect url="#Part__Feature002_004-effect"/>
    </material>
    <material id="Part__Feature_006-material" name="Part__Feature.006">
      <instance_effect url="#Part__Feature_006-effect"/>
    </material>
  </library_materials>
  <library_geometries>
    <geometry id="Part__Feature001_005-mesh" name="Part__Feature001.005">
      <mesh>
        <source id="Part__Feature001_005-mesh-positions">
          <float_array id="Part__Feature001_005-mesh-positions-array" count="9852">-0.006306588 0.08207076 -0.03717648 -0.005310535 0.07158553 -0.04698342 0.008323311 0.08033901 -0.03849536 0.007292032 0.0713765 -0.04690843 0.008763074 0.08777165 -0.03107941 6.03376e-5 0.09227997 -0.02663832 0.009668469 0.09355628 -0.02446109 0.009961664 0.09888368 -0.01804739 -5.74015e-5 0.1023681 -0.01414096 0.01049596 0.1037304 -0.01145792 0.0106889 0.1072076 -0.006263554 -1.43617e-4 0.1106191 -0.001412034 3.5038e-5 0.1150247 0.008907496 0.01165229 0.1136776 0.006836771 0.01156097 0.1153163 0.01205676 1.0322e-5 0.1167309 0.01661801 0.01165401 0.1161114 0.01622861 0.01164841 0.1165124 0.02184021 7.31588e-6 0.1170268 0.0230832 -1.34157e-4 0.1160179 0.03281974 0.01163244 0.1143013 0.03757894 0.01108908 0.1115582 0.04892694 1.39522e-4 0.1078547 0.06393337 -6.76757e-5 0.1027006 0.07772123 1.47959e-4 0.09382981 0.09607493 0.009405195 0.09375494 0.09514528 0.005476951 0.08656638 0.1078299 0.005478978 0.08135092 0.1148955 0.005475878 0.06671446 0.1122179 0.005478858 0.07624429 0.117599 0.005478978 0.06671446 0.1178296 0.005457103 0.06348246 0.1108401 0.005478978 0.06348246 0.1078296 0.007522165 0.07721799 0.1171503 0.008346915 0.07998985 0.1156076 0.008316099 0.08117222 0.1146581 -0.004432976 0.06671446 0.1178296 -0.004432976 0.07583963 0.1176665 -0.004571795 0.06348246 0.1112719 -0.004432976 0.06348246 0.1078296 -0.004432857 0.08107089 0.1152238 -0.004433214 0.0865876 0.1078322 -0.006558001 0.08345186 0.1122362 -0.008125603 0.09838539 0.08635389 -0.008209645 0.1020619 0.078435 -0.009056508 0.1075353 0.06345409 -0.009086906 0.110051 0.05507528 -0.009414911 0.1166661 0.02368777 -0.009506404 0.1163595 0.01665651 -0.009445786 0.1137833 0.006553232 -0.009165406 0.1118059 0.001882016 -0.009197056 0.1096255 -0.002253174 -0.008077442 0.1006532 -0.01600748 -0.007715642 0.09560143 -0.02237725 -0.007340073 0.08934748 -0.02944302 -0.006793856 0.0785765 -0.04021108 -4.96162e-4 0.06348246 0.1067785 0.001710295 0.06348246 0.1068552 0.003939151 0.06348246 0.1079678 -0.00338608 0.06671446 0.1150574 -9.48031e-4 0.06671446 0.1165699 -0.004431664 0.06671446 0.1127734 0.003262996 0.06671446 0.1159479 0.001160919 0.06671446 0.1167203 0.004925966 0.06671446 0.1141299 -0.003059446 0.06348246 0.1080314 -0.006872057 0.06152057 -0.08740985 -0.006554663 0.05782902 -0.08413541 -0.006491422 0.05771827 -0.08939152 -0.007083952 0.06399452 -0.08507007 -0.007152974 0.06479954 -0.0835188 -0.006512761 0.05758953 -0.07966727 -0.006572008 0.05804049 -0.0719881 -0.007290899 0.06640976 -0.0696246 -0.00650233 0.05721288 -0.06023544 -0.006515502 0.05722427 -0.05916875 -0.006553053 0.05774408 -0.05858469 -0.006580114 0.05802798 -0.05790662 -0.006497919 0.05716508 -0.04087513 -0.007106661 0.0648241 -0.04817187 -0.007376849 0.06741094 -0.05275988 -0.007449507 0.06825459 -0.05056059 -0.007602632 0.07006007 -0.04831737 -0.007606208 0.07010513 -0.04631096 -0.005794167 0.04928106 0.03813534 -0.005922198 0.05059283 0.01918351 -0.006199598 0.05367892 -0.007507562 -0.006552934 0.05775314 -0.06070947 -0.006448209 0.05657917 -0.06070482 -0.006448209 0.05657917 -0.05870479 -0.00656259 0.05781054 -0.05869442 -0.006492912 0.05729007 -0.07687634 -0.00599879 0.05127453 0.00941962 0.007727265 0.05744671 -0.07972735 0.007712662 0.05757647 -0.08939301 0.008067131 0.0607813 -0.08774906 0.008343577 0.06350499 -0.08556061 0.008461952 0.06467032 -0.08355742 0.007781326 0.05798017 -0.07102692 0.008627891 0.06630408 -0.06911283 0.007745265 0.05716556 -0.05917984 0.007696032 0.05713033 -0.06027567 0.007789492 0.05798071 -0.06140685 0.008734226 0.06736129 -0.05250155 0.008383572 0.06435078 -0.04869252 0.00881356 0.06823891 -0.05046385 0.007670521 0.05687904 -0.03947949 0.00900048 0.06998282 -0.04802536 0.009007632 0.07006132 -0.04640394 0.008955955 0.06956851 -0.04548412 0.006866157 0.04919093 0.03778982 0.007037878 0.05058956 0.01855921 9.73367e-4 0.04941636 0.03886455 6.14758e-4 0.05077725 0.02000248 0.002318978 0.05804246 -0.08436214 0.00655502 0.04594588 0.05836075 0.005998432 0.04326492 0.09094804 0.005915105 0.0407868 0.1015026 0.007266342 0.06040346 -0.003858447 0.006258785 0.05388849 0.04285079 0.007579565 0.05810362 -0.00389117 0.005649685 0.04550361 0.09017151 0.006117165 0.04491561 0.08264285 0.004379808 0.04894274 0.09031635 0.003375768 0.04979497 0.0943855 0.004317522 0.05170106 0.07592034 0.00542128 0.04880064 0.07863426 0.006846725 0.05212813 0.03779906 0.005442142 0.07023674 -0.03219389 0.006536722 0.0636118 -0.007539689 0.006131708 0.0662564 -0.01692378 0.005493998 0.04423284 0.09878808 0.004686236 0.04706162 0.09660398 0.007505536 0.06460404 -0.02613079 0.007141709 0.06287509 -0.01278191 0.005480885 0.06836998 -0.02233529 0.00795257 0.06645822 -0.04277038 0.00672084 0.06569576 -0.02063739 0.007056117 0.06534934 -0.02323919 0.006435811 0.06727242 -0.02554136 0.00623399 0.0684567 -0.02936291 0.007122695 0.06820976 -0.03781241 3.07427e-4 0.05139082 0.01127701 0.007078588 0.05112212 0.009907484 7.27591e-4 0.05755156 -0.0767402 0.007696866 0.05713808 -0.07677394 -0.006022632 0.07741367 0.1171217 0.009447932 0.07473748 0.1157602 0.008925974 0.07444012 0.1168381 0.007676661 0.07409322 0.1177367 0.0084275 0.07698631 0.1169297 0.01005041 0.08090233 0.1121482 0.009715974 0.07736235 0.1149726 0.009240388 0.07755535 0.115949 0.009556114 0.07956475 0.1145573 0.009474217 0.08153724 0.1132549 0.008411467 0.08259034 0.1131249 -0.007659971 0.07684749 0.1163488 -0.008286893 0.07837545 0.1142961 -0.006498515 0.07993865 0.1157687 -0.006683647 0.08156895 0.1144313 -0.007800698 0.07494974 0.1163206 -0.006891489 0.07406532 0.1173731 -0.00626868 0.0756874 0.117518 -0.005842804 0.0738849 0.117796 -0.007943689 0.07420122 0.1156474 -0.006895244 0.07797467 0.1165932 -0.00828433 0.08029806 0.1135813 -0.007656216 0.08009523 0.1148779 0.006955683 0.07069331 -0.04303437 0.007668495 0.07032465 -0.04420447 0.008571207 0.07104676 -0.04405522 0.006955146 0.07071822 -0.04646712 0.008958578 0.07136857 -0.0448485 0.006985485 0.07002806 -0.04484373 0.006939351 0.07016569 -0.04570794 0.007970333 0.07052832 -0.04569846 0.008248865 0.07121974 -0.04625731 0.01267749 0.107324 -0.002456963 0.01247465 0.1081488 -0.002292931 0.01066565 0.08718109 -0.0289452 0.0116539 0.09715604 -0.01734316 0.01307451 0.1108656 0.004793345 0.01278781 0.1121243 0.005710363 0.01260751 0.1137095 0.008880794 0.01329112 0.1125763 0.009680807 0.01203399 0.1143588 0.009452462 0.0125215 0.1151904 0.01379668 0.01311874 0.1141476 0.01271861 0.01330929 0.1145965 0.01674765 0.01346617 0.1140635 0.01861822 0.01233464 0.1161834 0.02193295 0.01308321 0.1154356 0.02256608 0.01245445 0.1159495 0.0258485 0.01336032 0.1148862 0.02355033 0.01343196 0.113633 0.02913981 0.01300376 0.1097944 0.04717588 0.01265323 0.1108202 0.04732728 0.0126987 0.1070595 0.05783778 0.01229506 0.1063047 0.06307125 0.009812295 0.09608602 0.09062063 0.01137775 0.09414863 0.09023374 0.009689092 0.0774489 -0.03884875 0.009248554 0.08406674 -0.03435587 0.009971916 0.08379167 -0.03356909 0.00956726 0.08880603 -0.02952265 0.01037204 0.09029626 -0.02711188 0.01096552 0.09295421 -0.02336031 0.01137769 0.09851109 -0.01689189 0.01196968 0.1035039 -0.009775221 0.0114035 0.1045601 -0.00949043 0.01174312 0.106761 -0.005913496 0.01191765 0.1091539 -0.001910865 0.01124513 0.1112009 9.32131e-4 0.01231622 0.1110504 0.002156913 0.01301932 0.1152391 0.01726227 0.01246899 0.1158807 0.01781827 0.01303726 0.1151259 0.02763366 0.01153093 0.1160608 0.02883726 0.01241743 0.1154166 0.03017216 0.01314049 0.1131486 0.03609561 0.01236516 0.1101608 0.05088019 0.01114392 0.1086101 0.05940568 0.01227086 0.1078291 0.05883675 0.01156181 0.1071615 0.0630846 0.01154232 0.1052384 0.06841856 0.01113134 0.1012026 0.07870477 0.0100063 0.09276831 0.09628081 0.009879469 0.0892204 0.1021723 0.009237766 0.0833528 0.1113539 0.009926557 0.08401334 0.109323 0.01024931 0.0828132 0.109294 0.007846772 0.07459163 -0.04385304 0.009119629 0.0774576 -0.04021006 0.0105887 0.09546166 -0.0215016 0.01083439 0.1000594 -0.01593059 0.01262414 0.114198 0.03518372 0.01240885 0.1123482 0.04308241 0.0128616 0.1121366 0.0415889 0.01190114 0.1118615 0.0463767 0.01268368 0.1088467 0.05335932 0.01156753 0.1101348 0.05341303 0.01205164 0.1047218 0.06816279 0.01077413 0.1064053 0.06661915 0.01245456 0.1046025 0.06573688 0.01214545 0.1016295 0.07396394 0.01039224 0.1034639 0.07466542 0.01163494 0.1026617 0.07439589 0.01017099 0.09994518 0.08271622 0.0116856 0.09710907 0.08422541 0.0112372 0.09703749 0.08647 0.01055502 0.09676086 0.08850789 0.01066142 0.0934332 0.09402048 0.0111072 0.09428489 0.09141707 0.01100206 0.08996695 0.09745156 0.01060408 0.08739435 0.1029412 0.008942961 0.08897668 0.1035221 0.01020383 0.08808165 0.1032369 0.008629858 0.08446258 0.1104528 0.01211988 0.1091091 0.05537819 0.01177096 0.09939646 0.08022004 0.01118803 0.09940445 0.08224999 0.01073652 0.09105163 0.0975688 -0.005560338 0.07043772 -0.04376167 -0.006654977 0.0713523 -0.04644912 -0.006878674 0.07074379 -0.04429137 -0.006300389 0.07047218 -0.04560762 -0.005704879 0.07060301 -0.04624986 -0.005571186 0.07011938 -0.04493391 -0.005503594 0.07016968 -0.04548728 -0.008966922 0.08721804 0.103199 -0.009392976 0.09171652 0.09506833 -0.01075381 0.1079229 0.0558781 -0.01089626 0.11163 0.04331058 -0.0113992 0.1140778 0.018197 -0.01052445 0.1053757 -0.006226897 -0.009819805 0.09703069 -0.01772379 -0.009651005 0.09670817 0.08641576 -0.01048755 0.1043319 0.06679654 -0.01040017 0.1091522 0.05461233 -0.009602248 0.1159923 0.02992826 -0.01015484 0.1164129 0.02189654 -0.01065021 0.1157843 0.01739329 -0.01120805 0.1147831 0.01663684 -0.01056778 0.1152842 0.01395434 -0.009538233 0.1152443 0.01120966 -0.0104013 0.1140247 0.008886635 -0.01119059 0.1126124 0.009277164 -0.01034408 0.1116248 0.00303328 -0.01105082 0.1108119 0.004284977 -0.009485781 0.106422 -0.007019877 -0.00914818 0.0952863 -0.02132427 -0.008191108 0.09231585 -0.02574282 -0.008150696 0.08736044 -0.03082323 -0.008514702 0.09019535 -0.02754241 -0.008890748 0.08571451 -0.0304678 -0.007245481 0.08269846 0.1128077 -0.008108794 0.08291333 0.1113511 -0.008557558 0.08170574 0.1111857 -0.007570147 0.08472168 0.1097894 -0.008660554 0.0833683 0.1089629 -0.006952285 0.08525711 0.1095221 -0.007152199 0.0903418 0.101538 -0.007813036 0.08895313 0.1032787 -0.008625864 0.08981662 0.1006476 -0.009107351 0.09138393 0.09696197 -0.00958383 0.09398066 0.09079569 -0.008702337 0.09730112 0.08781391 -0.008910536 0.1007234 0.08064961 -0.009920895 0.1057204 0.06673306 -0.00971198 0.1118313 0.04741436 -0.01075464 0.1132103 0.03868836 -0.009585499 0.1145637 0.03717595 -0.01040732 0.1129366 0.04131186 -0.01057696 0.1145223 0.03436207 -0.01129281 0.1131221 0.03321975 -0.01064252 0.1153354 0.02980977 -0.01021552 0.1160417 0.02721852 -0.01111042 0.1146256 0.03016608 -0.01131004 0.114898 0.02329075 -0.01087027 0.1157605 0.0234158 -0.01098203 0.11359 0.009885907 -0.01019561 0.109022 -0.001932799 -0.008703589 0.1064698 -0.007631182 -0.01015335 0.1049283 -0.007914721 -0.009616315 0.1034647 -0.01096278 -0.00964874 0.09930223 -0.01593297 -0.008880615 0.1034632 -0.01181352 -0.008740603 0.09823465 -0.01856875 -0.00882858 0.08815938 -0.02887666 -0.007457256 0.08374333 -0.03495091 -0.007975697 0.08124542 -0.03657954 -0.007597386 0.07168585 -0.04444062 -0.007651805 0.07737833 -0.04029458 -0.006026685 0.07409757 -0.0445497 -0.007028222 0.0722931 -0.04524463 -0.006664931 0.07318627 -0.04491949 -0.007300615 0.07133322 -0.0455175 -0.008405864 0.08613681 0.1064682 -0.00829041 0.09144115 0.09871894 -0.007926285 0.09452462 0.09383279 -0.00997883 0.09891635 0.08089286 -0.00975579 0.1012955 0.07756477 -0.009117186 0.1025017 0.07644265 -0.008686721 0.1050053 0.07095873 -0.009759545 0.1035069 0.07271826 -0.0101394 0.1041039 0.06992977 -0.009397566 0.1059232 0.06748723 -0.01035678 0.1060683 0.0639187 -0.009965837 0.1072564 0.06225544 -0.00993973 0.1089208 0.05714267 -0.01006096 0.1111006 0.04923164 -0.01070672 0.1106034 0.04802614 -0.01110005 0.1122667 0.03917455 -0.00898379 0.09450119 0.09234881 -0.009424746 0.09856992 0.08394533 -0.01019603 0.1014237 0.07520097 -0.01039564 0.1078771 0.0585823 -0.005142271 0.04258525 0.1162276 -0.003708124 0.04282283 0.1177324 0.006070971 0.0425139 0.116345 0.004526138 0.04279422 0.117773 -0.004478335 0.04213291 0.1125577 -0.003645896 0.04251623 0.1146647 -0.001204848 0.04282689 0.1165457 0.001601934 0.04281997 0.1166489 0.004316449 0.04253637 0.1151394 0.005571544 0.04186505 0.1116122 0.004664838 0.04108059 0.1089262 0.002579212 0.04013806 0.1070834 -3.54083e-4 0.03993946 0.1067541 -0.002882599 0.04070067 0.1079216 -0.004387795 0.04163056 0.1103773 0.00996685 0.07971698 0.1075517 0.008874714 0.07289087 -0.04183387 0.008782923 0.08512908 0.09678345 0.01099693 0.09017932 0.09200805 0.01059776 0.09046554 0.08973288 0.01170498 0.09808731 0.07570958 0.01223069 0.1028228 0.06332308 0.01067024 0.1040734 0.05503624 0.01124799 0.1077795 0.04328626 0.01128196 0.1058304 0.04993683 0.01270437 0.1071498 0.05061525 0.01130419 0.1093682 0.03760421 0.01134121 0.1108245 0.03121966 0.01252669 0.1112722 0.03183883 0.01319724 0.1124135 0.03075951 0.01295101 0.1103981 0.03877669 0.01148158 0.1119956 0.02184462 0.0116117 0.1120076 0.01812249 0.01322609 0.1133513 0.01953655 0.01160287 0.1117198 0.01477378 0.01293647 0.1124112 0.01340109 0.01124382 0.1110855 0.01137262 0.01148521 0.1104612 0.00868541 0.01262676 0.1113963 0.009747028 0.01110237 0.1082753 0.002878546 0.01195532 0.1089161 0.003520131 0.01054322 0.1018654 -0.00833863 0.01158845 0.1034362 -0.006758093 0.0105161 0.09400868 -0.01918238 0.009625554 0.09236758 -0.02059155 0.007510662 0.0729956 -0.04042649 0.008058369 0.07762289 -0.03596216 0.008598625 0.0737763 -0.0403462 0.009349822 0.0765385 -0.03843748 0.008093118 0.07152706 -0.04251343 0.007982492 0.07889628 0.1056475 0.009510099 0.08017015 0.1051884 0.009636878 0.0793634 0.106839 0.009709 0.08157938 0.1033566 0.01009631 0.08153724 0.1047817 0.009855449 0.08684343 0.09495484 0.009054899 0.08825027 0.0919035 0.01041877 0.08719879 0.09547215 0.009757637 0.09013175 0.08910423 0.009219348 0.09260195 0.08425891 0.010818 0.09309166 0.08492136 0.01010704 0.09350275 0.08289694 0.01162177 0.09651732 0.07993268 0.01108896 0.09586769 0.07922399 0.01008087 0.09613174 0.07691657 0.01102882 0.0975933 0.07457828 0.01005965 0.09759241 0.07334226 0.01144224 0.1042379 0.05549043 0.01195687 0.1102122 0.03512203 0.01270097 0.1106228 0.03604072 0.01170456 0.1118163 0.02516108 0.0123375 0.1117503 0.02824401 0.0131365 0.1129484 0.02485817 0.01254004 0.1124644 0.02212488 0.01273763 0.1126496 0.01825076 0.01227873 0.1115888 0.01202505 0.01261854 0.109766 0.004151344 0.01080197 0.105224 -0.00298959 0.01238465 0.10688 -0.002034127 0.01168799 0.1058804 -0.002558648 0.01160508 0.09917116 -0.01371294 0.01117843 0.09808468 -0.01446664 0.01012814 0.09655404 -0.01551967 0.01112872 0.0945298 -0.01949918 0.009193539 0.08803182 -0.02548688 0.01034301 0.08878964 -0.02561122 0.01001691 0.08316016 -0.03204727 0.009534657 0.08297532 -0.03145289 0.008546113 0.07623618 -0.03766149 0.008859157 0.07901573 0.1060552 0.008615314 0.08170175 0.1018645 0.009453773 0.0833944 0.1000339 0.01007807 0.0839914 0.1002172 0.01176816 0.1004561 0.06868207 0.01111698 0.09981983 0.06863719 0.01025581 0.09965127 0.06800061 0.01077133 0.1023436 0.06049203 0.01118296 0.1014496 0.06381416 0.01188951 0.1035804 0.05888766 0.01219159 0.1064137 0.05014878 0.01236408 0.1089763 0.04134261 0.008730828 0.08333027 -0.03041535 0.006116628 0.04158413 0.1105288 0.005920112 0.04015713 0.1074404 -0.005842566 0.07130408 -0.04244309 -0.007533133 0.07293832 -0.04215031 -0.00982809 0.1030649 -0.007855951 -0.01110792 0.1130957 0.02656906 -0.01067501 0.1069279 0.05169433 -0.01028472 0.1037364 0.06055635 -0.01023018 0.1018505 0.06673914 -0.0100069 0.09839737 0.07665634 -0.009020149 0.08764714 0.09601491 -0.008372128 0.07977634 0.1073637 -0.007628798 0.07922321 0.1062862 -0.005856692 0.07295835 -0.04051774 -0.006731092 0.07214593 -0.04191392 -0.006758511 0.08202463 -0.0317654 -0.007778048 0.07846772 -0.03627943 -0.007536351 0.08323979 -0.03089958 -0.00834161 0.08444714 -0.03053313 -0.007805168 0.09210181 -0.02104711 -0.008244872 0.09796726 -0.01385664 -0.008695542 0.1031696 -0.006576061 -0.00897783 0.1090704 0.004405081 -0.008954882 0.1066586 -7.01907e-4 -0.009393334 0.110755 0.009276747 -0.009365975 0.1116799 0.01343858 -0.01016795 0.1118706 0.01278233 -0.01048761 0.1115457 0.01002168 -0.0103603 0.1124913 0.01673352 -0.009204924 0.1121864 0.02130091 -0.00941497 0.1120926 0.01717948 -0.01102846 0.1131429 0.01612877 -0.009344875 0.1116516 0.02730005 -0.009066224 0.1102326 0.03457862 -0.01059806 0.1110507 0.03451603 -0.009045362 0.1086111 0.04078948 -0.009303927 0.10734 0.04544645 -0.01053512 0.1077178 0.04760032 -0.008601725 0.1031055 0.05842286 -0.008399069 0.1000385 0.06732851 -0.008018791 0.09721082 0.0746237 -0.009746551 0.09802573 0.0756576 -0.007501423 0.0891897 0.09059721 -0.006907701 0.08515876 0.09689015 -0.007069468 0.07444393 -0.03965228 -0.007562816 0.08628481 -0.02756971 -0.009280145 0.09367871 -0.02076494 -0.008790493 0.09309005 -0.02065491 -0.008627653 0.09483665 -0.01817488 -0.009490549 0.09735548 -0.01600289 -0.009838283 0.1070427 -8.54526e-4 -0.01034361 0.1069926 -0.002027809 -0.00972718 0.1095004 0.004972815 -0.01060575 0.1103056 0.005205988 -0.010993 0.1125134 0.01129835 -0.009932637 0.1123754 0.02133482 -0.01077783 0.1129796 0.01952522 -0.01068407 0.1125785 0.02578246 -0.01002877 0.1119252 0.02717828 -0.009809195 0.1103774 0.03493356 -0.01107412 0.1116151 0.03569149 -0.009921908 0.1087989 0.04140472 -0.0108962 0.109211 0.04475748 -0.009129941 0.1055222 0.05126327 -0.01017546 0.1064845 0.05032992 -0.009045898 0.1020647 0.06206786 -0.009792625 0.1026051 0.06204062 -0.008791923 0.09801447 0.07318753 -0.00942099 0.09800839 0.07449185 -0.008485317 0.09597545 0.0779103 -0.009208083 0.09475022 0.08199989 -0.008513927 0.09311467 0.08415764 -0.007801771 0.09223306 0.08527994 -0.009112834 0.09275257 0.08610206 -0.009501874 0.09323912 0.08671867 -0.008763909 0.09064418 0.08940804 -0.007869958 0.0877757 0.09325611 -0.007419168 0.0834949 0.09965276 -0.008931696 0.09941238 -0.01229095 -0.0097512 0.101242 -0.01066833 -0.01050394 0.1092224 0.04170852 -0.01001793 0.1073604 0.04677462 -0.009531378 0.1045633 0.0550161 -0.01003217 0.1043748 0.05707114 -0.009504318 0.1003218 0.06815993 -0.008361399 0.09132486 0.08748072 -0.008698642 0.08845931 0.09329259 -0.008344829 0.08531117 0.09796983 -0.008064568 0.08154934 0.1034829 -0.006846666 0.07814216 -0.03570473 -0.005038142 0.0403496 0.1075733 -0.005151748 0.04145681 0.1100494 -0.005205631 0.04208636 0.112551 6.86353e-5 0.08738511 0.0938245 -3.60728e-5 0.09351927 0.0831322 7.94898e-5 0.09921145 0.07028704 -1.13125e-4 0.1099892 0.0369485 1.00983e-4 0.1123981 0.0237503 0 0.1122456 0.01570343 -7.48685e-6 0.1112062 0.009939551 5.37372e-5 0.1083572 0.002069354 -8.54326e-5 0.1030521 -0.007076799 -1.63776e-5 0.09538054 -0.01737004 2.85218e-4 0.08531469 -0.02861088 0.001796424 0.07157886 -0.0421921 -5.52836e-4 0.07092452 -0.04642373 0.003554582 0.07032155 -0.04566168 -0.001064002 0.07041388 -0.04569983 0.001168787 0.07029265 -0.04500305 0.002530634 0.07039695 -0.04421579 -0.006462633 0.07900488 0.1056489 -0.003368198 0.0988757 0.0143305 -0.007108986 0.1015848 0.01062244 -0.006026387 0.101748 0.02155345 -0.003432154 0.09945076 0.02097594 -0.003390431 0.09913325 0.02771574 -0.007400393 0.1026743 0.02916568 -0.003279328 0.09763979 0.03675734 -0.007153749 0.09942489 0.04423117 -0.002964556 0.09412759 0.04854559 -0.006519794 0.09317529 0.06059336 -0.002503871 0.08864897 0.06192976 -0.005986154 0.0834738 0.08039492 -0.001759767 0.08006435 0.07839566 -0.004319846 0.07324963 0.09522825 -0.01099085 0.1092654 0.006202101 -0.01050537 0.1070325 0.007843673 -0.01034146 0.1023802 0.05908524 -0.009304225 0.09892481 0.05732464 -0.01095676 0.1097468 0.03476899 -0.01037436 0.1077919 0.02821713 -0.008886575 0.1020934 0.0433098 -0.009364664 0.1054464 0.02987289 -0.006740927 0.08965158 0.06953769 -0.01116877 0.1116179 0.02341121 -0.01074057 0.1090497 0.01701194 -0.01114815 0.1113821 0.01466304 -0.007766067 0.103253 0.0166229 -0.009550929 0.1059461 0.01714104 -0.008316755 0.09255385 0.06903845 -0.01021289 0.1052244 0.04283064 -0.008975803 0.1037908 0.009155869 -0.009503304 0.09544551 0.06925094 -0.009913086 0.09663236 0.0748831 -0.01064127 0.1060446 -8.47588e-4 -0.009854853 0.1025151 -0.001771926 -0.009892821 0.09828764 -0.01282393 -0.007984638 0.08105427 -0.02939939 -0.008690059 0.08462804 -0.02853959 -0.006725788 0.07551902 -0.03193128 -0.008263289 0.1004894 0.001717865 -0.006634414 0.09912335 0.003806173 -0.006407201 0.09588176 -0.003067016 -0.008969783 0.09572756 -0.01126593 -0.008014798 0.09640908 -0.006322979 -0.008397758 0.08713501 -0.02271211 -0.00650388 0.09225678 -0.009426534 -0.005515873 0.0834093 -0.01982301 -0.005197823 0.07538563 -0.0284993 -0.006990611 0.08464378 -0.02140897 -0.001809895 0.08038568 -0.0180608 -0.0011096 0.07270842 -0.02570128 -0.002455055 0.08820474 -0.008756875 -0.002855956 0.09306585 -0.001547694 -0.003172457 0.09659785 0.005737781 -0.006611049 0.07980519 0.08915418 -0.008812427 0.08504486 0.09089934 -0.008073627 0.07704031 0.1031443 -0.008351147 0.07868319 0.1055981 -0.007466435 0.07583934 0.1006346 -0.006190121 0.07445812 0.09783732 -0.009446084 0.0910474 0.0864188 -0.008712232 0.08708924 0.08448302 -0.007669389 0.08495712 0.08297711 -0.002945661 0.03881061 0.105632 0.003642141 0.03878355 0.1056101 -0.004314661 0.0394898 0.1063778 0.005132377 0.03934133 0.1062828 0.005141556 0.09788924 0.01000595 -0.001023292 0.07168346 0.09197247 0.007416188 0.08278733 0.08106094 0.002424657 0.07167804 0.09196096 0.003792166 0.08488005 0.0695641 0.008208334 0.09085017 0.06573098 0.008664906 0.09568572 0.0545783 0.004459381 0.09156489 0.0549646 0.008831262 0.09827327 0.04709762 0.004996418 0.09675985 0.04015195 0.009438812 0.1021161 0.03342819 0.005239844 0.09922152 0.02621912 0.009208023 0.1028125 0.02242612 0.005230784 0.09912699 0.01692324 0.009238004 0.102411 0.01511353 0.008859395 0.1006786 0.007943868 0.01296705 0.109001 0.00590831 0.01276481 0.1084392 0.009979665 0.01111429 0.1047797 0.01350915 0.01159316 0.1061006 0.02076494 0.01296049 0.1095204 0.03516709 0.01195156 0.1045018 0.04269117 0.01021331 0.09960776 0.0489344 0.01003623 0.09581804 0.05980223 0.01236557 0.1075326 0.01305502 0.01317334 0.1110523 0.01388901 0.0132299 0.1114996 0.02234786 0.01261788 0.1084212 0.02742278 0.01122033 0.1045267 0.03428983 0.01203525 0.09980314 0.06612801 0.01142096 0.09547311 0.07053989 0.01078605 0.09444904 0.06771075 0.01086682 0.1030395 0.006773054 0.01140689 0.09936064 0.05741512 0.001267313 0.06857913 -0.0505563 0.001215279 0.06773149 -0.05289089 2.92126e-7 0.06667995 -0.06977719 5.19164e-5 0.06527 -0.08025175 5.05168e-5 0.06510353 -0.08376228 -6.51221e-5 0.06266963 -0.08680844 -6.73202e-4 0.0705716 -0.04644578 0.002596139 0.0704239 -0.04792332 8.65696e-4 0.07005673 -0.04895174 -0.004357099 0.07015806 -0.04862278 -3.08392e-6 0.08916461 0.09050589 -0.001060009 0.0790956 0.1053224 3.2708e-5 0.09654986 0.07600128 -1.33774e-4 0.1034232 0.05739533 5.90862e-5 0.1097849 0.03632539 2.3678e-5 0.1118237 0.02604645 2.87973e-5 0.1121166 0.01716929 -2.76648e-7 0.110796 0.009575784 -2.5014e-5 0.107764 0.001518249 -2.4561e-5 0.101091 -0.009462714 4.619e-4 0.08826464 -0.02520501 3.7396e-5 0.07258468 -0.04062014 -0.007543027 0.07061374 -0.04254341 0.001302659 0.07017385 -0.04586786 8.90687e-4 0.06999731 -0.04525738 -0.007570207 0.06969672 -0.04550135 -0.001714766 0.07005608 -0.04431581 -0.004185974 0.06989574 -0.04523158 -0.007550656 0.0697239 -0.04435181 -0.003065347 0.07027173 -0.04364484 0.003073811 0.0704174 -0.04338455 -0.004166305 0.07018512 -0.0325073 -0.005867779 0.06818246 -0.03818786 -0.006645321 0.06647354 -0.0429275 5.68511e-4 0.05374407 0.09132438 -0.006678402 0.06122344 0.1022452 -0.004833579 0.03745931 0.1056058 -0.006019949 0.0616548 0.09942799 -0.004455506 0.06188559 0.09629333 -0.004226088 0.05624222 0.09645819 -0.005568265 0.05454307 0.09973806 -0.004960477 0.04080033 0.1016585 -0.004492521 0.04455196 0.09862774 -0.004555583 0.05068367 0.09786659 -0.002738595 0.04914098 0.09490269 -0.005388259 0.07031619 0.09692144 -0.00556451 0.0462929 0.05707055 0.005685508 0.03733557 0.1056072 0.001150965 0.0376302 0.1056067 0.009881556 0.07854247 0.1055775 0.009194374 0.08412355 0.08396679 0.01150596 0.09442722 0.07936382 0.0106849 0.08800321 0.0845496 0.0103628 0.08398306 0.09267723 0.009463369 0.07946527 0.09562551 0.008804142 0.07549935 0.1002169 0.007533013 0.07420927 0.09764963 0.006123661 0.07335942 0.09562551 0.009605169 0.07694745 0.1032245 0.002542018 0.07268971 -0.02571833 0.004778265 0.09466248 0.00142312 0.003924667 0.08630591 -0.01128649 0.008437216 0.09796524 0.001233279 0.008184015 0.09166628 -0.01005631 0.006726026 0.07711595 -0.02659595 0.01222252 0.102482 -0.006752371 0.01199948 0.1030284 -0.002192318 0.009852766 0.07949358 -0.03344547 0.0107963 0.08925497 -0.02339631 0.008502364 0.07686239 -0.03081488 0.01006001 0.08765798 -0.0216546 0.01114147 0.09671121 -0.01111298 0.0114184 0.1027624 0.001899302 0.008884608 0.0833311 -0.02378755 0.007847309 0.08757889 -0.01542204 0.01012235 0.09445756 -0.01083844 0.008697152 0.0959171 -0.003762841 0.01034784 0.1003658 9.51685e-4 0.01077932 0.08747798 0.09236073 0.008952736 0.06970381 -0.04397094 0.008975148 0.07105988 -0.04178828 0.005482017 0.06981205 -0.04480725 0.008960306 0.06964111 -0.04894834 -0.0063501 0.05885952 -0.005280077 -0.006034851 0.06060206 -0.004475593 -0.005135238 0.05392402 0.04288625 -0.003212153 0.05176037 0.07591962 -0.005733251 0.05222803 0.03783065 -0.005163073 0.04391658 0.08437407 -0.004361331 0.04887753 0.0786342 -0.004360735 0.04704558 0.088283 -0.004221022 0.06832379 -0.02257305 -0.006024777 0.06413066 -0.02093201 -0.006186187 0.0614615 -0.01173001 -0.004986643 0.04597973 0.08148628 -0.004648089 0.04504597 0.093077 -0.005774617 0.06688356 -0.03074073 -0.005504727 0.06585216 -0.02211368 -0.004772901 0.06830233 -0.02720808 -0.005901873 0.06312167 -0.01422756 -0.005338013 0.06439584 -0.01278799 -0.005572319 0.06257987 -0.006614744 8.57058e-4 0.04661983 0.05651098 0.007840096 0.06081056 0.1018688 0.007272243 0.06235903 0.09923321 0.005247771 0.05928194 0.09588235 0.006206452 0.05494493 0.09823262 0.007078051 0.05491197 0.1009151 0.005639731 0.05059361 0.0978235 0.008476078 0.07080769 -0.03889065 0.007628858 0.0564686 -0.06070482 0.007756948 0.05771136 -0.06074273 0.007552564 0.05576515 -0.0319274 0.007639288 0.05654317 -0.05870479 0.007729887 0.05746352 -0.05870479 -4.01754e-4 -0.07675951 0.09011083 0.001341342 -0.07677739 0.08967912 0.001209974 -0.07751703 0.08530622 0.001683533 -0.07806128 0.08196127 0.002442181 -0.07697129 0.08832138 0.005475401 -0.07666653 0.08889722 0.006594777 -0.07638365 0.08987855 0.005053997 -0.07701337 0.08707433 0.002308428 -0.07727748 0.08652955 0.001209974 -0.07875674 0.0777902 0.001943409 -0.07931351 0.07425379 0.005358695 -0.07795983 0.08124524 0.002518296 -0.07829999 0.08032143 0.006204485 -0.07718032 0.08543092 0.006708025 -0.07763034 0.08240979 0.005109727 -0.0782364 0.07969915 0.002241194 -0.07854443 0.07889783 0.007986187 -0.07703793 0.085002 0.005788505 -0.07842022 0.07821589 0.008117854 -0.0774368 0.08250135 0.009648323 -0.07735228 0.08162689 0.009365081 -0.07608276 0.08939796 0.01018065 -0.07624071 0.08766222 0.01266342 -0.07576507 0.08755224 0.009570956 -0.0766409 0.08592927 0.001683175 -0.08049547 0.06692957 0.001836717 -0.07987296 0.07078814 0.005594551 -0.07912141 0.0740258 0.005068123 -0.07937937 0.07271385 0.01343339 -0.07590556 0.08572387 0.002507567 -0.07963091 0.07214134 0.006727695 -0.07886302 0.07490754 0.007384002 -0.07836008 0.07750689 0.005645453 -0.07963162 0.07083916 0.00248605 -0.08070677 0.06541913 0.008181273 -0.07867151 0.07497102 0.009100556 -0.07805311 0.07793259 0.001216113 -0.0816431 0.05972665 0.001210093 -0.0811668 0.0627582 0.009459257 -0.07859933 0.07427048 0.007588863 -0.07956969 0.06994277 0.01339602 -0.07658356 0.08179956 0.01263982 -0.07708114 0.07983785 0.01013189 -0.07760542 0.07961082 0.01524251 -0.0759859 0.08262771 0.01538288 -0.07554584 0.08496564 0.002308607 -0.08094108 0.063982 0.002426564 -0.08183896 0.05824995 0.01379084 -0.07715016 0.07790261 0.01740604 -0.07556509 0.08146893 0.01725101 -0.07482844 0.08597677 0.00228548 -0.08530157 0.03584432 0.001210331 -0.08234173 0.0552423 -1.67893e-5 -0.0938394 -0.03650027 0.002538561 -0.09526866 -0.05870497 -0.01674097 -0.07507097 0.08547204 -0.0171436 -0.07559549 0.08174556 -0.01775944 -0.07449275 0.08697545 -0.01785659 -0.07571852 0.07975095 -0.01552617 -0.07591599 0.08258336 -0.01498669 -0.07564485 0.08499842 -0.0137369 -0.07645642 0.08207315 -0.01285451 -0.0755701 0.08843028 -0.01017731 -0.07626479 0.08752161 -0.0130462 -0.07591843 0.08616602 -0.009511888 -0.07667875 0.08577078 -0.01270604 -0.07697242 0.0803976 -0.009840965 -0.07737147 0.08131217 -0.008394777 -0.07740366 0.08247518 -0.01015609 -0.07756108 0.07985228 -0.008044719 -0.0770176 0.0850619 -0.006364464 -0.07642966 0.08976578 -0.01314932 -0.07717037 0.0786314 -0.009663581 -0.07787132 0.07848864 -0.006681084 -0.07716947 0.08518558 -0.006551623 -0.0776599 0.08233779 -0.005257427 -0.07676494 0.08843821 -0.002065181 -0.07686197 0.08904838 -0.002563953 -0.0771889 0.08699333 -0.005262136 -0.07708621 0.08653408 -0.005519926 -0.07792037 0.08139401 -0.009554326 -0.07859057 0.07424396 -0.008129835 -0.0782634 0.07751262 -0.007604122 -0.07873094 0.07508373 -0.006078958 -0.07843178 0.07797294 -0.00611037 -0.0789901 0.07452327 -0.002065062 -0.07811868 0.08153247 -0.0050686 -0.07821089 0.07987827 -8.74845e-4 -0.07755887 0.0851013 -0.002569913 -0.07841384 0.07961267 -4.22105e-4 -0.07798117 0.0825895 -0.005077838 -0.07933342 0.07299035 -0.002065062 -0.07934582 0.07401657 -0.001043856 -0.07878929 0.07762426 -0.002569973 -0.07963556 0.07209652 -4.22005e-4 -0.07921099 0.07507348 -0.005618274 -0.07961422 0.07096076 -0.002065062 -0.08055227 0.06650048 -0.001510679 -0.07993519 0.0704593 -0.002570033 -0.08083319 0.06458115 -0.007429599 -0.07959377 0.06992155 -4.22087e-4 -0.0804184 0.06755745 3.15632e-4 -0.08003503 0.06995862 -0.002064883 -0.08173596 0.05898481 -0.001043677 -0.08119821 0.0625922 -0.002563774 -0.08203434 0.05692845 -6.67815e-4 -0.08161622 0.0599519 -8.74432e-4 -0.08238059 0.05503726 0.01044803 -0.07509642 0.09395414 0.01370912 -0.07515937 0.08966988 0.008015871 -0.0761758 0.09003651 2.56404e-4 -0.07475703 0.1011846 0.02295768 -0.07062333 0.09779304 0.01774239 -0.07443624 0.08732318 0.01749306 -0.07426518 0.08874499 0.01603555 -0.07448619 0.08997786 0.00930351 -0.07925331 0.07062685 0.01605671 -0.07663702 0.07756227 0.0102083 -0.07880729 0.07222688 0.02573382 -0.06811684 0.1024433 0.03066515 -0.06517922 0.1024743 0.02519756 -0.07574462 0.06417793 0.01766115 -0.07587879 0.07917779 0.03417026 -0.06266742 0.102473 0.04003673 -0.05864787 0.09857928 0.03330105 -0.07190549 0.06118822 0.03911149 -0.0677545 0.06136876 0.04692053 -0.04872292 0.102475 0.04559916 -0.06423544 0.05043619 0.05008661 -0.04330897 0.1023542 0.04912298 -0.05775558 0.06131261 0.05186516 -0.03904926 0.1024716 0.05320215 -0.05040937 0.06692236 0.05532032 -0.02876579 0.1004722 0.05593055 -0.01915955 0.1020141 0.05849254 -0.03962004 0.06552928 0.06179708 -0.03098034 0.06004971 0.05531102 -0.008423924 0.100472 0.06142932 -0.01863622 0.06975442 0.05184012 0.001844823 0.1024735 0.061787 -0.006196975 0.06003904 0.04986095 0.006278395 0.1024718 0.0141837 -0.09242725 -0.03520876 0.01919859 -0.09277564 -0.05870527 0.04689878 0.01170754 0.1022536 0.05839216 0.002501606 0.06571447 0.04486799 0.01731944 0.09396207 0.05361056 0.01297038 0.06513321 0.03373742 -0.08744919 -0.05870288 0.0415436 0.02291542 0.08641618 0.03509825 0.02466237 0.1024729 0.03941673 -0.08268678 -0.03580284 0.04322099 -0.08180689 -0.05870479 0.02915275 0.0290814 0.1020888 0.05081593 -0.07504194 -0.04488807 0.05421012 -0.07281774 -0.05870491 0.02632761 0.03212785 0.09556907 0.03922903 0.03082293 0.05923962 0.01965808 0.03371071 0.1020454 0.03318983 0.03439414 0.06288993 0.05878329 -0.06614923 -0.04127919 0.06319552 -0.0618214 -0.05870479 0.06415116 -0.05814397 -0.03727793 0.06835931 -0.0532155 -0.05870199 0.01016515 0.03667306 0.1004945 0.02119129 0.0397399 0.06584918 0.07129079 -0.04694002 -0.05869764 0.07491576 -0.03462314 -0.05870425 0 0.03807783 0.09822791 -0.01033383 0.03664475 0.1004784 0.01234406 0.04316085 0.06004971 0.07426142 -0.03127205 -0.03737306 0.07673019 -0.0171765 -0.05870437 0.07510542 -0.01863664 -0.03446179 -0.01227211 0.0431295 0.06041669 -0.0258376 0.03088217 0.1022487 -0.03346091 0.02698749 0.0990827 0.07426649 -0.006004452 -0.03743112 0.07413363 5.84282e-4 -0.05870527 -0.02113789 0.03975594 0.06571441 -0.03160661 0.03497427 0.06513339 0.06987607 0.008433938 -0.03338307 0.06910336 0.01441287 -0.05870473 -0.03978091 0.02039766 0.1024743 0.01284217 0.04845649 0.02391898 0.06546622 0.01969426 -0.04393529 -0.04357391 0.01650416 0.1017894 -0.04133653 0.03338444 0.03764772 0.06315898 0.02460157 -0.05870479 -0.01311957 0.04826903 0.02502578 -0.04559963 0.02723532 0.04928332 0.05815887 0.02944707 -0.03970694 0.05416637 0.03558903 -0.05870491 -0.05236566 0.002005159 0.1002181 -0.04935747 0.007258534 0.1024752 -0.04945927 0.0205928 0.05923914 0.05021554 0.03812181 -0.04322123 -0.053155 0.01338434 0.06627964 0.04203498 0.04542189 -0.05870187 0.03140264 0.0513001 -0.05870431 -0.05532032 -0.008506655 0.1004722 -0.05837619 0.002555012 0.06584906 0.03601515 0.04766339 -0.0391854 0.02609658 0.05210798 -0.03828257 0.01485115 0.05653631 -0.05870151 -0.05593466 -0.01919925 0.1020016 -0.06179708 -0.006292104 0.06004971 -0.05527943 -0.02893501 0.1005217 -0.06142932 -0.01863622 0.06975442 -0.05178439 -0.03925365 0.1024749 -0.04971772 -0.04383867 0.1024726 -0.06176573 -0.0309084 0.06041669 -0.04723721 -0.04821956 0.1024719 -0.01380562 0.05596774 -0.04579687 -0.02045387 0.055224 -0.05870568 -0.05839216 -0.03977411 0.06571453 -0.0396313 -0.05781888 0.1024734 -0.05332475 -0.05029821 0.06656789 -0.0293827 0.05222082 -0.0587024 -0.0336343 0.04912424 -0.04198884 -0.04256743 0.04499471 -0.05870473 -0.03641492 -0.06395888 0.0906344 -0.04964488 -0.05790358 0.05812174 -0.04158443 0.04448127 -0.04099154 -0.04572886 -0.06437963 0.04928153 -0.05077654 0.037786 -0.04470354 -0.05286502 0.0367949 -0.05870479 -0.02632546 -0.06775861 0.1024711 -0.02312082 -0.07065385 0.09735077 -0.01624882 -0.07443732 0.08990734 -0.01751399 -0.07426375 0.0887131 -0.03297311 -0.07146281 0.06462275 -0.05841243 0.02887552 -0.03712469 -0.06330579 0.02462112 -0.05870258 -0.02536964 -0.07570737 0.06401646 -0.01044803 -0.07509642 0.09395414 -0.01124125 -0.07322829 0.1024721 -0.01423484 -0.0749858 0.08990508 -0.007867991 -0.07619255 0.0900582 -0.009499788 -0.07606953 0.08935022 -0.01641696 -0.0765025 0.0777027 -0.06830841 0.01606124 -0.05870068 -0.07154417 0.009022176 -0.05869978 -0.01016932 -0.07876127 0.07254958 -0.009613692 -0.079158 0.07084625 -0.0143494 -0.07705682 0.07765263 -0.07545888 -0.005011856 -0.05870151 -0.07510483 -0.01864004 -0.03445631 -0.07654529 -0.01830178 -0.05870449 -0.07567018 -0.03053355 -0.05870443 -0.07425701 -0.03127747 -0.03734248 -0.07158529 -0.04621779 -0.05870014 -0.06838715 -0.05316042 -0.05870163 -0.06354892 -0.06132572 -0.05870473 -0.06415462 -0.05813467 -0.03725928 -0.05878716 -0.06614446 -0.04127937 -0.05671519 -0.07003164 -0.05870491 -0.05083674 -0.07502466 -0.04490274 -0.04880726 -0.07761782 -0.05870473 -0.03942847 -0.0826826 -0.03582769 -0.03676915 -0.08591717 -0.05870318 -0.02440714 -0.09119009 -0.05870479 -0.01285105 -0.09420555 -0.05870145 0.004930734 -0.07415682 0.1024727 0.01290619 -0.07285165 0.1024734 0.03631401 -0.06090581 0.1024729 0 -0.08896195 0.007846593 0.01294469 -0.08656013 0.01782774 0.05304956 -0.03572088 0.1024722 0.008537173 -0.08905065 0.002497851 0.01835441 -0.08727931 0.001881301 0.05350381 -0.003000795 0.1024747 0.04517036 0.01400119 0.1024736 0.02287 -0.090222 -0.03573048 0.06560707 -0.02455526 0.04104065 0.06560707 -0.01271718 0.04104065 0.06931781 -0.01863622 0.01646244 0.01050132 0.03609323 0.1024725 0.002278029 0.03705739 0.102474 -0.006419777 0.03672206 0.102472 -0.01551955 0.03490352 0.1024742 -0.03093749 0.02772122 0.1024723 -0.005918979 0.04697084 0.04104065 0.005918979 0.04697084 0.04104065 0.01739561 0.04940772 0.009096086 0.02697193 0.0461806 0.009125649 0.02203351 0.04920279 -4.23531e-4 -0.05267339 -4.12815e-4 0.1024724 0.03158533 0.04827439 -0.02434509 -0.0540595 -0.005084574 0.102474 -0.05483269 -0.008698344 0.1024724 -0.01466476 0.0498951 0.01004606 -0.05532741 -0.01193934 0.1024747 -0.02278178 0.04619771 0.02131736 -0.02332484 0.04832321 0.003447115 -0.03251314 0.04460841 0.001396238 0.01847892 0.05333811 -0.02686852 -0.052926 -0.03607827 0.1024725 -0.0195837 0.05306649 -0.02691704 -0.02608704 0.05114489 -0.02909553 -0.06560707 -0.01271718 0.04104065 -0.06560707 -0.02455526 0.04104065 -0.06931781 -0.01863622 0.01646244 -0.009248137 -0.08333808 0.04449725 -0.01294469 -0.08656013 0.01782768 -0.01835441 -0.08727931 0.001881301 -0.008537173 -0.08905065 0.002497851 -0.02287006 -0.090222 -0.03573054 -0.01346039 -0.09202319 -0.03015464 8.91966e-6 -0.07436257 0.1024699 0.009675383 -0.08280581 0.04755669 0.01861053 -0.08253753 0.03652322 0.002340734 -0.08210879 0.05652475 0.02793675 -0.08191305 0.01790952 0.03538864 -0.07817667 0.01733422 0.06162351 -0.04748278 0.02646237 0.02976757 -0.08328515 3.25338e-4 0.04296463 -0.07244253 0.02014267 0.03752231 -0.07849907 0.00533688 0.06512618 -0.03736358 0.02834969 0.0644263 -0.04420673 0.01636701 0.05951982 -0.05428826 0.01627981 0.05688095 -0.06001615 0.007547378 0.06501352 -0.047149 0.002157926 0.02921706 -0.08810114 -0.03730911 0.0602898 0.00904268 0.03786641 0.07055318 -0.02815538 2.28091e-4 0.06730681 -0.03173279 0.02225047 0.06333076 -5.10595e-4 0.04104065 0.06469964 0.004717707 0.02062505 0.0596264 0.01676791 0.0167343 0.06795418 -0.04821407 -0.0247128 0.06731176 -0.00552541 0.02219557 0.07061415 -0.008866846 -4.45994e-4 0.02777671 0.04191684 0.03596711 0.06370306 0.01206105 0.004707634 0.03331434 0.04227876 0.01545608 0.01850867 0.04522657 0.03701347 0.03755825 0.03987008 0.01512503 0.04392266 0.03555107 0.01330691 0.04804962 0.02963018 0.02600514 0.04205191 0.03887158 4.53e-5 0.03605747 0.0429278 -0.001104235 0.06579166 0.0161339 -0.02795314 -0.02767896 0.04165357 0.03786629 -0.01812565 0.04469448 0.04104065 0.04397863 0.04142236 -0.02819621 -0.03655177 0.03971642 0.02027547 -0.06055313 0.009140431 0.03596705 -0.03983199 0.03986495 0.004062891 -0.04673624 0.03348875 0.01113873 -0.06208634 0.01478612 0.006726264 -0.06548982 0.003323018 0.01865988 -0.06333076 -5.10595e-4 0.04104065 -0.05828744 0.01775825 0.021182 -0.06445688 0.01041883 0.004581928 -0.06162351 -0.04748278 0.02646243 -0.04143518 0.04305982 -0.0274797 -0.04767447 0.03865587 -0.02913689 -0.07249027 -0.00890839 -0.01631981 -0.06731176 -0.00552541 0.02219557 -0.06512618 -0.03736358 0.02834975 -0.0644263 -0.04420673 0.01636713 -0.06563019 0.01612591 -0.02639514 -0.06860649 0.009591698 -0.02607977 -0.06730681 -0.03173279 0.02225053 -0.07055318 -0.02815538 2.28245e-4 -0.05814266 -0.05492967 0.0224443 -0.06136929 -0.05370146 0.004836738 -0.06501352 -0.047149 0.002158045 -0.05688095 -0.06001615 0.007547378 -0.03549998 -0.07814562 0.01720559 -0.02787375 -0.08196943 0.01767623 -0.01853287 -0.0820195 0.04019016 -0.03752225 -0.07849907 0.00533694 -0.0426107 -0.0724247 0.02208214 -0.02976757 -0.08328515 3.25352e-4 -0.06795418 -0.04821407 -0.0247128 -0.02922093 -0.08809971 -0.03731238 0.009610354 -0.07353961 0.1024727 0.05559217 -0.02253037 0.1024733 0.05572527 -0.01836019 0.1024723 0.05479317 -0.008408188 0.102474 0.05003803 -0.06795972 0.008642494 0.0543183 -0.06191331 0.01574331 0.04451286 -0.07381325 0.002777397 0.04757654 0.01040977 0.1024706 0.05337589 -0.07007473 -0.0256921 0.0466786 -0.07636523 -0.0265538 0.06798225 -0.03769016 0.005421638 0.05886679 -0.06335693 -0.0237925 0.01345944 0.03544068 0.1024719 0.06755048 0.001300752 0.006844937 -0.002518773 0.03703796 0.1024711 0.07145422 -0.03772634 -0.02393019 0.07054018 9.41445e-4 -0.01707345 0.05404245 0.02720367 0.003482758 0.05290007 0.02318972 0.03062427 0.05968809 0.0201658 1.55007e-4 -0.03720092 0.02287346 0.1024724 0.0610643 0.02278614 -0.02246463 -0.04502171 0.01420176 0.1024733 0.05005759 0.03416484 -0.01306712 -0.05479651 -0.0287646 0.1024736 -0.05407708 0.02505582 0.01490759 -0.05973243 0.0214414 -0.005801975 -0.05165743 0.03238016 -0.01173692 -0.07084602 0.001229941 -0.02029418 -0.007092714 -0.07391703 0.1024727 -0.06798219 -0.03769016 0.005421757 -0.05417627 -0.06210798 0.01561558 -0.05004256 -0.06796497 0.008575439 -0.07145422 -0.03772634 -0.02393013 -0.04451286 -0.07381325 0.002777338 -0.05886679 -0.06335693 -0.0237925 -0.05337589 -0.07007473 -0.02569222 -0.0466786 -0.07636523 -0.02655386 0.06608903 0.007805168 2.68518e-4 -0.03380411 0.04703849 -0.0232706 -0.002811431 -0.07429307 0.1024731 0.01669621 -0.07180589 0.1024709 0.02068507 -0.07039415 0.1024704 0.022906 -0.06943088 0.1024686 0.02767467 -0.06701445 0.1024698 0.04152607 -0.05579727 0.1024715 0.03934961 -0.05810594 0.1024726 0.044079 -0.05275118 0.1024714 0.04936957 -0.04452419 0.1024703 0.05412596 -0.03191328 0.1024724 0.05503731 -0.02745157 0.1024726 0.04237663 0.01758122 0.1024732 0.04054415 0.01959562 0.1024712 0.03846555 0.02169233 0.1024724 0.02724862 0.02996897 0.1024731 0.02396672 0.03167486 0.1024727 0.02041673 0.03321719 0.1024718 0.01658576 0.03456515 0.1024752 0.00709629 0.03663969 0.1024708 -0.009960174 0.03620612 0.102473 -0.02033573 0.03326207 0.1024734 -0.02388799 0.03170228 0.1024704 -0.02739077 0.02989667 0.1024715 -0.03385877 0.02562218 0.1024731 -0.04242354 0.01751667 0.1024731 -0.04699647 0.01133 0.102473 -0.05094814 0.003954052 0.1024727 -0.0556817 -0.01628684 0.102472 -0.05568408 -0.02084708 0.1024709 -0.05533492 -0.02529031 0.1024741 -0.05402684 -0.03231078 0.102473 -0.04501056 -0.05150008 0.1024712 -0.04276782 -0.0543915 0.1024725 -0.03698951 -0.06032842 0.1024736 -0.0338 -0.06293958 0.1024713 -0.03046071 -0.06531572 0.1024743 -0.02286934 -0.06946289 0.102474 -0.01870983 -0.07114249 0.1024741 -0.01486247 -0.07234263 0.1024705 0.05553048 -0.01378726 0.1024718 0.03114372 0.02759176 0.1024713 -3.99044e-7 -0.09546852 -0.07576674 0.001310348 -0.09564036 -0.06141799 0.01003289 -0.09498679 -0.06135678 -0.01206111 0.05741792 -0.06135255 -0.004027366 -0.09556323 -0.0615037 0.01455026 -0.09433954 -0.06195431 0.01998406 -0.09306532 -0.0616427 0.02909672 -0.09001266 -0.06156533 0.02646821 -0.09097462 -0.06146335 0.03537535 -0.08693623 -0.07531082 0.03531235 -0.08708119 -0.06142055 0.03929406 -0.08488672 -0.06147658 0.0154131 -0.09300309 -0.08411443 0 -0.09362286 -0.08834505 0.04312181 -0.08252328 -0.06171351 0.04846072 -0.07831454 -0.07545745 0.05369913 -0.07386898 -0.06145471 0.05748271 -0.06987744 -0.06143909 0.01340198 -0.09073352 -0.09269368 0 -0.09134095 -0.09381347 0.02966129 -0.08762031 -0.08768898 0.02864265 -0.08959043 -0.0787025 0.06461387 -0.06062734 -0.06154441 0.06715112 -0.05634301 -0.06146913 0.03794127 -0.0836116 -0.08722192 0.01317352 -0.08742415 -0.09735226 0 -0.08895444 -0.09703034 0.06837743 -0.05387663 -0.07504642 0.06874656 -0.05318892 -0.06121093 0.07149642 -0.0474857 -0.06176352 0.04197394 -0.08267605 -0.07839685 0 -0.08501243 -0.1000938 0.0116949 -0.08308231 -0.1005991 0.07281303 -0.04359078 -0.06129544 0.07408136 -0.03967028 -0.06144732 0.04588735 -0.07803529 -0.08784466 0.03357744 -0.0835855 -0.09309649 0.0265643 -0.08691185 -0.09280675 0.02473032 -0.08398592 -0.09752804 0.003009438 -0.07884818 -0.1029793 0.05202847 -0.07280278 -0.08770996 0.03561431 -0.07917118 -0.09717792 0.04014998 -0.07978367 -0.09301501 0.001654028 -0.07095259 -0.1053576 0.02476054 -0.07929897 -0.1005882 0.07556903 -0.03363126 -0.06148302 0.05709046 -0.06737732 -0.08782023 0.0462197 -0.07533526 -0.09301483 0.03301888 -0.07548266 -0.1005162 0.06180417 -0.06122583 -0.08785045 0.06412154 -0.06048506 -0.07839882 0.04423069 -0.07322728 -0.09707653 0.05182915 -0.07025778 -0.09301465 0.02654862 -0.07331585 -0.1027837 0.07703763 -0.01861035 -0.06154352 0.0768612 -0.01372206 -0.0614733 0.07656627 -0.01111394 -0.06113582 0.07694399 -0.02105069 -0.06135362 0.06581914 -0.05471265 -0.08784729 0.05223673 -0.06625342 -0.09671896 0.05920135 -0.06186956 -0.09287422 0.04433792 -0.06872087 -0.09977024 0.06898409 -0.04829752 -0.08768892 0.0709542 -0.04727888 -0.07870256 0.02340829 -0.06567066 -0.1052753 0.04068946 -0.06509077 -0.1023988 0.07593297 -0.005565285 -0.0615496 0.07469493 7.16812e-5 -0.06132882 0.05280077 -0.06150364 -0.09900867 0.0610187 -0.05363017 -0.09708452 0.0649119 -0.05236285 -0.09301513 0.04764938 -0.05831897 -0.1023352 0.06905674 -0.04221487 -0.09356462 0.05668574 -0.0519275 -0.1005169 0.07158261 0.009965896 -0.06557357 0.07339137 0.004589498 -0.06128638 0.07117289 0.01080226 -0.06142181 0.04112803 -0.05135464 -0.105348 0.06539583 -0.04323685 -0.09749019 0.06845116 0.01673793 -0.06875932 0.06419336 0.02406525 -0.06167775 0.06084585 -0.04320937 -0.1005405 0.05541563 -0.04332023 -0.1027776 0.05958539 0.02995824 -0.07537281 0.06447678 -0.03036665 -0.100573 0.05465072 0.03571844 -0.06175571 0.05085927 0.03920185 -0.0614562 0.04844063 0.04106587 -0.07565402 0.04639947 0.04283946 -0.0614472 0.05181884 -0.02674698 -0.1053704 0.06021445 -0.02527487 -0.1028603 0.06744807 -0.01833194 -0.0994997 0.04153537 0.04619997 -0.06134384 0.06758409 0.01632612 -0.08268296 0.07094204 0.01002633 -0.07876825 0.06898498 0.01106607 -0.08763402 0.06407356 0.02327048 -0.07852226 0.0291441 0.05271989 -0.0616703 0.06380742 0.02090972 -0.08781117 0.06278365 -0.007080852 -0.1015618 0.05939906 0.02725106 -0.08784466 0.06313902 0.01847726 -0.09302687 0.06905674 0.004942357 -0.09356462 0.05416649 0.03339219 -0.08771002 0.05415701 0.03552526 -0.07811629 0.06383246 0.01110315 -0.09697955 0.06384068 0.00542134 -0.09886717 0.01952749 0.05584144 -0.06131541 0.04723441 0.03951776 -0.08851188 0.05743837 0.02235895 -0.09683829 0.05669903 0.02758342 -0.09301477 0.05684208 0.006945788 -0.1021844 0.05781954 0.01497948 -0.09977918 0.03829157 0.04620563 -0.08701509 0.04191297 0.04547423 -0.07809221 0.0502839 -0.005177855 -0.1053662 0.05162155 0.03319293 -0.09301465 0.0459913 0.0382483 -0.09301471 0.05300575 0.02431118 -0.09885752 0.04973095 0.03099614 -0.09707653 0.05029422 0.01809424 -0.1021797 0.02966135 0.0503478 -0.08768904 0.02733451 0.05305612 -0.07672429 0.0415942 0.03808778 -0.09709012 0.03675347 0.0447123 -0.09302806 0.04414373 0.0300793 -0.1005172 0.04089599 0.0146647 -0.1053153 0.02344059 0.05049872 -0.09349906 0.01133072 0.05521345 -0.08931618 0.02992761 0.04531526 -0.09677803 0.03852915 0.02803188 -0.1028794 0.03329128 0.03804951 -0.1005169 -0.0289703 0.05258303 -0.07543236 -0.02898979 0.05272245 -0.06143182 -0.03513318 0.04997944 -0.06178176 -0.0380823 0.04830807 -0.06144118 0 0.0567317 -0.08627647 0.02086818 0.04742777 -0.09803593 -0.01389616 0.05645698 -0.07997518 0.02474159 0.04231196 -0.1004401 -0.0422886 0.04580277 -0.06161433 -0.04728507 0.04224592 -0.06167238 0.02441787 0.0369988 -0.1027499 -0.05068314 0.0393089 -0.06131237 -0.01077401 0.05550122 -0.08848929 0.02284264 0.02842056 -0.1053275 -0.05508714 0.03521198 -0.06148338 0.01187419 0.04570585 -0.10064 -0.05976647 0.02973407 -0.07509624 -0.05908942 0.03071737 -0.06130683 -0.06233698 0.0265671 -0.06140589 0.005610644 0.04116368 -0.1030423 -2.87813e-4 0.04881173 -0.09949976 -0.06491488 0.02291846 -0.06171512 -0.03146785 0.04975694 -0.08711057 -0.0418601 0.04537004 -0.07916337 -0.06839919 0.01656109 -0.07502615 -0.03954595 0.04517114 -0.08781117 0 0.03352737 -0.1054306 -0.07121616 0.01036703 -0.07504057 -0.04616564 0.04060733 -0.08770644 -0.04823166 0.04086893 -0.07806187 -0.0371136 0.04450267 -0.09302693 -0.0235787 0.05042046 -0.09356462 -0.01180183 0.04432773 -0.1014451 -0.05175489 0.03573799 -0.08781772 -0.0352112 0.04234665 -0.09699249 -0.02431261 0.04672938 -0.09763407 -0.02688372 0.04219013 -0.1000306 -0.07576245 -0.004605233 -0.06150048 -0.076424 -0.009190917 -0.06143099 -0.05734133 0.02987015 -0.08771157 -0.06407356 0.02327048 -0.07852232 -0.04621964 0.03806281 -0.09301483 -0.02516245 0.03822124 -0.1022412 -0.06179791 0.02397722 -0.08782184 -0.04669171 0.03397589 -0.09708523 -0.05444335 0.030456 -0.09287327 -0.03915894 0.03569698 -0.09970921 -0.076999 -0.01819109 -0.06136184 -0.07682305 -0.01344889 -0.06139171 -0.07693207 -0.02230036 -0.06143611 -0.06581914 0.01744019 -0.08784729 -0.03522706 0.03249466 -0.1022576 -0.06898409 0.01102507 -0.08768892 -0.02284264 0.02842056 -0.1053275 -0.0565499 0.02307933 -0.09717071 -0.06313902 0.01847732 -0.09302687 -0.045156 0.02876377 -0.1006536 -0.07577043 -0.03273987 -0.06167906 -0.07442742 -0.03860819 -0.06158244 -0.0540924 0.02051258 -0.09983628 -0.06464254 0.01117187 -0.09608554 -0.06905674 0.004942357 -0.09356462 -0.0468505 0.02190512 -0.1023373 -0.07120776 -0.04765212 -0.07508558 -0.07251018 -0.04437482 -0.06119769 -0.07052576 -0.04954081 -0.06135588 -0.06276488 0.00816673 -0.09892243 -0.03661787 0.0186876 -0.1053239 -0.05414563 0.01218646 -0.1021836 -0.06831669 -0.05397987 -0.07529276 -0.06431883 -0.0608105 -0.07514268 -0.06257486 -0.0635268 -0.06145161 -0.05786144 0.004270732 -0.1021597 -0.05721503 -0.07024466 -0.06157422 -0.0469526 0.004718959 -0.1053025 -0.0527153 -0.07478022 -0.06136661 -0.06460291 -0.006723523 -0.1004746 -0.04737412 -0.07943111 -0.06168711 -0.07178848 -0.04326558 -0.08415043 -0.06003433 -0.01242858 -0.1029568 -0.04324263 -0.08240664 -0.0615285 -0.06497532 -0.05657756 -0.08722186 -0.0654419 -0.01865023 -0.1006342 -0.03537517 -0.08692771 -0.07537621 -0.02844953 -0.09031146 -0.06185299 -0.05185592 -0.01377034 -0.1053695 -0.066208 -0.03127861 -0.09954363 -0.02613818 -0.09105938 -0.0613932 -0.0218504 -0.09253168 -0.06165486 -0.05822163 -0.06584525 -0.08839517 -0.06330078 -0.05560302 -0.09287601 -0.06810504 -0.04806721 -0.09064292 -0.06861233 -0.04168182 -0.09453701 -0.05202847 -0.07280278 -0.08770996 -0.06076675 -0.05412727 -0.09708166 -0.06599724 -0.03991657 -0.09799474 -0.0588203 -0.03362399 -0.1027892 -0.06073838 -0.04353499 -0.1005302 -0.01502382 -0.09418696 -0.06142514 -0.04588729 -0.07803529 -0.08784466 -0.04197394 -0.08267605 -0.07839685 -0.05676418 -0.06471943 -0.09309643 -0.05758523 -0.05226957 -0.09989798 -0.03794127 -0.0836116 -0.08722192 -0.05061441 -0.03225523 -0.105301 -0.05206233 -0.06605643 -0.09699225 -0.05176228 -0.07039856 -0.09289443 -0.05359858 -0.04994058 -0.1022785 -0.04608309 -0.07540047 -0.09309643 -0.04982018 -0.06099671 -0.1006883 -0.02966129 -0.08762031 -0.08768892 -0.02864259 -0.08959043 -0.0787025 -0.04417759 -0.07305085 -0.09724211 -0.0154131 -0.09300309 -0.08411443 -0.03675347 -0.08198481 -0.09302806 -0.04215872 -0.07094746 -0.09969723 -0.04063123 -0.05171066 -0.1053761 -0.03559029 -0.07930576 -0.09708982 -0.04218852 -0.06395506 -0.1023831 -0.02656424 -0.08691191 -0.09280681 -0.02469503 -0.08400827 -0.0975188 -0.01340198 -0.09073352 -0.09269368 -0.03114557 -0.07243794 -0.1022329 -0.02690547 -0.07965064 -0.09989911 -0.01317346 -0.08742415 -0.09735226 -0.0227679 -0.07669061 -0.1021323 -0.0238347 -0.06533014 -0.1052942 -0.01157402 -0.08320665 -0.1005346 -0.01023828 -0.07485216 -0.1040294 0.02116405 -0.09258317 -0.07268905 0.02037513 -0.08981519 -0.09112757 0.01956766 -0.08703279 -0.09609955 0.07394695 -0.03980028 -0.07268905 0 -0.06029862 -0.1075906 0.07660484 -0.02554744 -0.07268905 0.0745868 -0.03426396 -0.08221101 0.07608479 -0.01720881 -0.0831663 0.07504367 -0.02933275 -0.08466166 0.07660484 -0.011725 -0.07268905 0.07509326 -0.004740059 -0.07997518 0.07210946 -0.03650104 -0.09057819 -5.20011e-4 -0.03887981 -0.1103308 0.01002347 -0.03220117 -0.1105277 0.07068192 -0.0317161 -0.0951327 0.07394695 0.002527773 -0.07268905 0.07389849 -0.02309507 -0.09123736 0.02206867 -0.0438584 -0.1088476 0.07340711 -0.00505793 -0.08938223 0.06757622 -0.0339899 -0.09805166 0.07150483 -0.02180683 -0.09567117 0.07373481 -0.0119847 -0.09113633 0.07253497 0.00215888 -0.08638525 0.006156444 -0.02385431 -0.1109525 0.07088458 -0.008729457 -0.09567785 0.06752437 -0.003557741 -0.09816271 0.01705098 -0.02205407 -0.1105116 0.03314274 -0.0239427 -0.108823 0.01747184 0.05608409 -0.0771327 0.02076816 0.05376774 -0.08690243 0.03013086 -0.004299223 -0.1088055 0.01079261 -0.008602917 -0.1107174 0.01307982 0.0520457 -0.09513264 -0.02116405 0.05531066 -0.07268905 0.003132045 0.05487519 -0.092238 0.01098859 0.04936003 -0.09831333 0.003170549 0.0528686 -0.09567117 -0.01031661 0.05421262 -0.09225165 -0.02079516 0.05389869 -0.0863853 0.02102309 0.007211625 -0.1088015 -0.009906828 0.05224829 -0.09567779 -0.01533746 0.04895585 -0.09804022 0.005306422 0.01450651 -0.108823 0.001367688 -0.001863241 -0.1105303 -0.07394695 0.002527773 -0.07268905 -0.07660484 -0.011725 -0.07268905 -0.07509326 -0.004740059 -0.07997518 -0.07608479 -0.01720881 -0.0831663 -0.07253497 0.00215888 -0.08638525 -0.07340705 -0.005057871 -0.08938223 -0.07660484 -0.02554744 -0.07268905 -0.07509326 -0.03253239 -0.07997518 -0.01760739 0.009910941 -0.1088243 -0.01129394 -0.005909085 -0.1105372 -0.07068198 -0.005556344 -0.09513264 -0.07394695 -0.03980028 -0.07268905 -0.07389849 -0.01417738 -0.09123736 -0.07504367 -0.02933275 -0.08466172 -0.06757622 -0.003282487 -0.09805166 -0.07150483 -0.01546555 -0.09567123 -0.07373481 -0.02528774 -0.09113633 -0.07210946 -0.03650104 -0.09057819 -0.06871664 -0.01846003 -0.09847015 -0.07088458 -0.02854299 -0.09567785 -0.03013086 -0.004299223 -0.1088055 -0.01693773 -0.01707023 -0.1105254 -0.02116405 -0.09258317 -0.07268905 -0.03314274 -0.0239427 -0.108823 -0.02037513 -0.08981519 -0.09112751 -0.01280707 -0.0299617 -0.1105301 -0.01956766 -0.08703279 -0.09609949 -0.005970835 -0.02285999 -0.1109758 -0.02206867 -0.0438584 -0.1088476 0.01031136 -0.09484177 -0.07338088 1.81937e-6 -0.01752668 -0.1110635 -0.007737576 -0.01375728 -0.1109327 -0.01029825 -0.09484797 -0.07333141 -0.03516751 0.04944354 -0.07778513 0.05960375 -0.06691205 -0.07728511 -0.0594325 -0.06719875 -0.0767247 -0.04856252 -0.07806879 -0.0767247 0.05430591 -0.07294213 -0.07605278 -0.05435186 0.03559881 -0.07659029 -0.05426675 -0.07290297 -0.07661235 0.03524333 0.0495125 -0.07716572 -0.07689815 -0.02049458 -0.05793577 -0.07577186 -0.02999305 -0.05865305 -0.07553851 -0.0279234 -0.05919104 -0.07464641 -0.03539305 -0.05880439 -0.07486808 -0.03635686 -0.05799132 -0.07614761 -0.02958393 -0.05802851 -0.07220846 -0.04269337 -0.05919212 -0.07298892 -0.04305732 -0.05777722 -0.06668549 -0.05543869 -0.05914801 -0.06801128 -0.05459308 -0.05790162 -0.0653302 -0.05930554 -0.05786913 -0.06117725 -0.06379449 -0.05920314 -0.0565344 -0.06972599 -0.05911517 -0.06182718 -0.0644499 -0.05792605 -0.05963575 -0.06660133 -0.05876308 -0.05116921 -0.07608616 -0.05799669 -0.0499646 -0.0760619 -0.05920523 -0.03868818 -0.08430957 -0.0591163 -0.04484683 -0.08123964 -0.05777686 -0.04099136 -0.0834825 -0.05849921 -0.03058373 -0.08833438 -0.05919122 -0.03293323 -0.08780634 -0.05866521 -0.02185529 -0.09242624 -0.05789148 -0.01534849 -0.09352785 -0.05885934 -0.01032054 -0.09398704 -0.05919551 -0.01021832 -0.09491181 -0.05784511 0.003692805 -0.09466981 -0.05922198 0.006154298 -0.09499013 -0.05869716 0.01310509 -0.09415423 -0.05862861 0.01772886 -0.09265053 -0.05920451 0.01190584 -0.09463298 -0.05802011 0.01911824 -0.09317386 -0.0579158 0.02458643 -0.09152466 -0.05796134 0.02922677 -0.08894199 -0.05916619 0.03591537 -0.08577734 -0.05914938 0.04113483 -0.08328074 -0.05865174 0.03928482 -0.08474147 -0.05806654 0.04759919 -0.07803404 -0.05922377 0.04417556 -0.08162474 -0.05800306 0.04635334 -0.07957297 -0.0587483 0.05115503 -0.07544058 -0.05886685 0.05902016 -0.06679469 -0.0591402 0.06050646 -0.06617295 -0.05796223 0.06677615 -0.05508428 -0.05919766 0.06551754 -0.05905711 -0.05787843 0.06937897 -0.0511645 -0.05867809 0.069413 -0.05181318 -0.05797892 0.07570272 -0.02656829 -0.05920034 0.07509976 -0.03331971 -0.05878001 0.07367944 -0.03737664 -0.05920886 0.07418012 -0.03906434 -0.05796903 0.07662969 -0.02518707 -0.0580427 0.07654219 -0.02138215 -0.05869585 0.07692718 -0.02084898 -0.05784726 0.07671856 -0.01359975 -0.05816245 0.07600569 -0.01467084 -0.05917882 0.07450228 -0.002983868 -0.05917 0.07356643 0.002434551 -0.0587669 0.07474726 -2.23491e-4 -0.05777162 0.07121002 0.01044422 -0.05802375 0.06263995 0.02458816 -0.0591824 0.07026803 0.01061809 -0.05919653 0.05817997 0.03173643 -0.05784118 0.05311268 0.03587466 -0.05918163 0.05200874 0.03755813 -0.05871826 0.04465907 0.04400229 -0.05793291 0.0353232 0.04877614 -0.05919605 0.03128165 0.05160057 -0.05811554 0.02799481 0.05250179 -0.05885988 0.02203208 0.05416941 -0.05919957 0.01969236 0.05574315 -0.05798423 0.007736861 0.05752164 -0.05873918 0.01270872 0.05724936 -0.05792939 0.007776081 0.05790436 -0.05788236 -0.07616961 -0.01688295 -0.05910807 -0.07661038 -0.01887845 -0.05866223 -0.07669758 -0.02447891 -0.05794471 -0.07363045 -0.0400865 -0.0585525 -0.07197237 -0.04504132 -0.0586239 -0.07055914 -0.04836505 -0.05872923 -0.07046693 -0.04955792 -0.05786347 -0.06852495 -0.05308926 -0.0585286 -0.06562334 -0.05824512 -0.05862742 -0.06282889 -0.06239444 -0.05872786 -0.05819851 -0.06877517 -0.05828768 -0.05666089 -0.07071518 -0.05781388 -0.05300539 -0.07405924 -0.05856668 -0.04564559 -0.08024376 -0.05859684 -0.03726911 -0.08594787 -0.05798757 -0.0313757 -0.08888047 -0.0579831 -0.02752965 -0.09019994 -0.05856126 -0.02639251 -0.09089434 -0.05791312 -0.02402138 -0.09129935 -0.05875688 -0.01934468 -0.09233546 -0.0591188 -0.02017021 -0.09276908 -0.05825865 -0.01530641 -0.09397435 -0.05816555 -0.01005685 -0.09462243 -0.05859959 -0.005392551 -0.09506094 -0.05868363 -0.00397253 -0.09547406 -0.05790549 1.13703e-4 -0.09516876 -0.05875784 0.001567661 -0.09554362 -0.0580191 0.006887257 -0.09525448 -0.05795735 0.01834619 -0.09294635 -0.05876231 0.02260452 -0.09175801 -0.05875915 0.03006553 -0.08950245 -0.05779701 0.03255492 -0.0881021 -0.0585221 0.04837197 -0.07845652 -0.05792361 0.05143857 -0.0757786 -0.0581488 0.05583626 -0.07156997 -0.05797904 0.06396138 -0.06085723 -0.05865246 0.07085329 -0.04629945 -0.0592004 0.07192271 -0.04600286 -0.05791425 0.07240998 -0.04362273 -0.05869776 0.07419461 -0.03777211 -0.05863773 0.07558703 -0.03277653 -0.05809134 0.0762059 -0.0291211 -0.05794954 0.07673603 -0.01757955 -0.05844229 0.0757209 -0.008463561 -0.05890297 0.0761941 -0.008406817 -0.05818021 0.07505542 -0.002954959 -0.05856204 0.07546192 -0.003674507 -0.05793988 0.07339841 0.004347503 -0.05804318 0.07224345 0.007078588 -0.05856496 0.06975549 0.01294726 -0.05870282 0.06916862 0.01502096 -0.05795723 0.0674268 0.01778566 -0.05865567 0.06619256 0.02061456 -0.05791717 0.06484514 0.02204656 -0.05874162 0.06356728 0.02463084 -0.05807942 0.06107091 0.02812743 -0.05798804 0.06161993 0.02689349 -0.05865812 0.05857324 0.03060162 -0.05878609 0.05596649 0.03381532 -0.05851495 0.05349087 0.03664779 -0.0580247 0.0474919 0.04104733 -0.05905342 0.04896175 0.0407167 -0.05798006 0.04436433 0.04372537 -0.05877774 0.04176414 0.04588854 -0.05820316 0.03867393 0.04783213 -0.05806088 0.03763246 0.04809403 -0.05866843 0.03515362 0.04978799 -0.05794197 0.03288739 0.05048877 -0.0587368 0.026151 0.0537132 -0.05801361 0.01716667 0.05624353 -0.05826789 0.0177682 0.05576103 -0.0588237 -0.07634979 -0.0243988 -0.05872738 -0.04844582 -0.0778647 -0.05876976 0.02763479 -0.09016865 -0.05854779 0.03638625 -0.0863285 -0.05826461 0.05634218 -0.07056999 -0.05866843 0.06074792 -0.06546157 -0.05851358 0.0661692 -0.05727148 -0.05863064 0.07612645 -0.02670723 -0.05875939 0.02337288 0.0543124 -0.05865859 0.01211708 0.05693668 -0.05875486 -0.0184217 0.05608063 -0.05795395 -0.01215577 0.05730909 -0.05803561 -0.01578104 0.05630952 -0.05870467 -0.02203959 0.05435651 -0.05908274 -0.02768313 0.05218482 -0.05920279 -0.03375148 0.04958903 -0.05917143 -0.0409134 0.04554289 -0.05919647 -0.04007279 0.04704946 -0.05788707 -0.05065625 0.03809481 -0.05919349 -0.0579431 0.03197014 -0.05794805 -0.06097704 0.02823376 -0.0580762 -0.06064903 0.02725279 -0.05919682 -0.06489974 0.02270609 -0.05791902 -0.06435066 0.0220645 -0.05915898 -0.06748622 0.01834875 -0.05787819 -0.06706845 0.01835834 -0.05870372 -0.06917464 0.0128985 -0.05920982 -0.06960272 0.0135467 -0.05855727 -0.07121485 0.009571135 -0.05869984 -0.06974005 0.01393818 -0.05772286 -0.07268863 0.003741204 -0.0591948 -0.0720579 0.008414149 -0.05779767 -0.07483834 -0.002757787 -0.05880886 -0.07482552 -0.005203306 -0.05920994 -0.0745415 4.31871e-4 -0.05789828 -0.0760433 -0.00895965 -0.05861312 -0.07583421 -0.01279336 -0.05920356 -0.07663929 -0.01281911 -0.05824244 -0.01214283 0.05680358 -0.05889564 -0.02340781 0.05458849 -0.05818533 -0.02857804 0.05245471 -0.05865943 -0.02886545 0.05270367 -0.05789405 -0.0376144 0.04823058 -0.05849105 -0.04415035 0.04437059 -0.05795037 -0.04866641 0.04099053 -0.05785512 -0.05320113 0.03689223 -0.05811703 -0.05064225 0.03860497 -0.05889141 -0.05989634 0.02867221 -0.05899572 -0.05635303 0.03318148 -0.05877441 -0.07320898 0.004709362 -0.05827254 -0.07382279 0.001895904 -0.05863487 -0.07564759 -0.005036711 -0.05818003 -0.07610106 -0.006926834 -0.05760097 -0.07690799 -0.01744073 -0.05804264 -0.03454238 0.05004841 -0.05817186 -0.04258596 0.04508769 -0.05862253 -0.04691296 0.04192006 -0.05867683 -0.06372445 0.02409332 -0.05848443 -0.01370251 0.05618298 -0.06020838 -0.02503156 0.05319827 -0.06019556 -0.03223168 0.05029445 -0.06021517 -0.04212772 0.04468178 -0.06020557 -0.05210471 0.03688645 -0.06022876 -0.06088334 0.02696686 -0.06020927 -0.06553924 0.02011018 -0.06021463 -0.06905627 0.0132451 -0.06020522 -0.07348161 0.001170992 -0.0602231 -0.07537651 -0.008591532 -0.06020581 -0.07602024 -0.01795238 -0.06019806 -0.07539808 -0.02899271 -0.06022584 -0.07209604 -0.0430575 -0.06018644 -0.06522244 -0.05790543 -0.06022238 -0.05867159 -0.06712138 -0.06022393 -0.04977804 -0.07613676 -0.06020623 -0.04282331 -0.08157163 -0.06023252 -0.03054475 -0.08831661 -0.06021016 -0.0219596 -0.09140932 -0.06020462 -0.01271706 -0.09361857 -0.0602042 9.05264e-4 -0.09474796 -0.06018418 0.01455152 -0.09330004 -0.06020271 0.02422267 -0.09075111 -0.06019806 0.02958899 -0.08872979 -0.06020689 0.03603619 -0.08558064 -0.06019967 0.04615044 -0.07915568 -0.06019753 0.05223715 -0.07407057 -0.06026089 0.05970478 -0.06579142 -0.06020659 0.06491845 -0.05826431 -0.06021529 0.06886529 -0.05133569 -0.06029367 0.07086533 -0.0468595 -0.0603367 0.07412707 -0.03554964 -0.06019484 0.07551115 -0.02747309 -0.06019937 0.07622635 -0.0174995 -0.06031471 0.0758537 -0.01264709 -0.06021755 0.07475751 -0.004596292 -0.06020313 0.07087945 0.009105682 -0.06018251 0.06554251 0.01999783 -0.06021636 0.05661386 0.03222841 -0.06020283 0.0509864 0.03786194 -0.06021219 0.04575347 0.04212337 -0.06020146 0.04095005 0.04573905 -0.06035012 0.02954751 0.05159777 -0.06025755 0.01588839 0.05579942 -0.06018996 0.03564053 0.0491358 -0.06061023 0.0367664 0.04907029 -0.06148833 0.04485744 0.04340916 -0.06062692 0.05363982 0.03632426 -0.06090313 0.05678081 0.0325846 -0.06052684 0.05774939 0.03225404 -0.06126707 0.0604884 0.02902883 -0.06139534 0.06361985 0.02388602 -0.06055462 0.06764459 0.01730024 -0.06065475 0.06997907 0.01261883 -0.06073206 0.01095235 0.05727636 -0.0607714 0.01347869 0.0572049 -0.06147795 0.01699149 0.05601555 -0.06060934 0.0227133 0.05448609 -0.06062531 0.02878087 0.05253326 -0.06087177 0.03422421 0.05025511 -0.0611971 0.04843431 0.04082298 -0.06078529 0.06079131 0.0281164 -0.0607751 0.06634432 0.0204243 -0.0613203 0.06891381 0.01562756 -0.06128209 0.07151585 0.008847653 -0.06066226 0.07309728 0.003908395 -0.06055772 0.07442492 -0.001055717 -0.06052231 0.07561945 -0.006073296 -0.06074219 0.07678151 -0.01763749 -0.06091785 0.02406632 0.05452907 -0.06144809 0.07650047 -0.02234256 -0.06064134 0.07536584 -0.03238153 -0.06065368 0.06662857 -0.05662113 -0.06078124 0.06026262 -0.06663924 -0.06150829 0.04841268 -0.07804411 -0.06068652 0.04378831 -0.08159893 -0.06076467 0.02739918 -0.09023064 -0.06073677 0.01742404 -0.09316402 -0.06059032 -0.005913019 -0.09502851 -0.06065052 -0.009419918 -0.09504485 -0.06126642 -0.02047294 -0.09231257 -0.06050795 -0.04813766 -0.07809001 -0.06056457 -0.05301588 -0.07376867 -0.06052261 -0.05615288 -0.07097077 -0.06085276 -0.05867528 -0.06817001 -0.06092727 -0.06586813 -0.05856275 -0.06146067 -0.06821691 -0.05323529 -0.06055319 -0.0702238 -0.04901885 -0.06058001 -0.07230949 -0.04358261 -0.06054472 -0.07376265 -0.03974992 -0.0608173 -0.07642149 -0.01360738 -0.06063026 -0.07580584 -0.007055461 -0.06075578 -0.07469868 -0.00191915 -0.060597 -0.07484155 -4.85122e-4 -0.06140428 -0.07212001 0.007138907 -0.06063908 -0.07294529 0.006101131 -0.06146591 -0.06774419 0.0180391 -0.0614708 -0.05781316 0.03144145 -0.06053864 -0.04274684 0.04490351 -0.06062668 -0.03793847 0.04789894 -0.06065493 -0.01716446 0.05599135 -0.06063127 -0.01965749 0.05579 -0.06130349 -0.01571804 0.05677467 -0.06148713 0.07615011 -0.02715551 -0.06070673 0.07655805 -0.02713191 -0.0614472 0.07432645 -0.03759634 -0.06080341 0.07303327 -0.04161483 -0.06062102 0.0707401 -0.04876983 -0.06109422 0.06336563 -0.06164765 -0.06063133 0.0614953 -0.06464809 -0.06094741 0.05761069 -0.06907272 -0.06061995 0.05364906 -0.07341426 -0.06075793 0.04844343 -0.07852107 -0.06141716 0.03969484 -0.08408278 -0.06059378 0.03402006 -0.08740341 -0.06079274 0.02268022 -0.09197604 -0.06087917 0.01704323 -0.09360748 -0.06107503 0.01081579 -0.09439498 -0.06058877 0.005834043 -0.09519875 -0.0609017 6.43637e-4 -0.09518569 -0.06060224 -0.01305025 -0.09404575 -0.06057882 -0.02061277 -0.09269863 -0.06105387 -0.02653694 -0.09045386 -0.06062185 -0.03066468 -0.08895236 -0.06078159 -0.0359826 -0.08620148 -0.06059318 -0.03435331 -0.08754724 -0.06132209 -0.04429328 -0.08119016 -0.06073135 -0.04815065 -0.07857227 -0.06109738 -0.0600546 -0.06687879 -0.06149142 -0.06282687 -0.06270432 -0.06081932 -0.066307 -0.05720621 -0.0608077 -0.07484 -0.03534919 -0.06074506 -0.07614797 -0.02561336 -0.06053239 -0.07590669 -0.02984929 -0.06081557 -0.07655876 -0.0266928 -0.06130957 -0.07655447 -0.02071374 -0.06063258 -0.07390004 0.002020299 -0.06083172 -0.07068997 0.01195961 -0.06147688 -0.06936943 0.01412987 -0.06078469 -0.06583613 0.02082622 -0.06086289 -0.06246209 0.02592986 -0.06080812 -0.05483245 0.03499162 -0.06080174 -0.05082559 0.03886413 -0.06083965 -0.04603171 0.04270279 -0.06074875 -0.03417879 0.05010408 -0.06086891 -0.02948552 0.0521177 -0.06073141 -0.02428597 0.05414032 -0.06079423 -0.0229566 0.05486714 -0.06142032 -0.01033842 0.05715978 -0.06055718 -0.00894612 0.05773407 -0.06113362 -0.00657314 0.05801451 -0.06114536 -0.03975069 -0.08428764 -0.06083875 -0.04011338 -0.08436548 -0.06142061 -0.06831973 -0.05407774 -0.06128019 0.01149463 0.03320908 0.1067083 0 0.03171896 0.1067402 0.01401519 0.02996331 0.1067355 0.02638393 0.02757024 0.1066451 0.03040778 0.0218324 0.1067337 0.03127741 0.02409845 0.1067183 0.04073303 0.01547181 0.1066906 0.04315817 0.008718967 0.1066933 0.04803448 0.004247725 0.1066264 0.050417 -0.002061843 0.1066853 0.04945838 -0.005221366 0.1066499 0.05082648 -0.0186361 0.1067378 0.05279183 -0.01361238 0.1066958 0.05244338 -0.0263217 0.1067004 0.05110567 -0.03292554 0.1066802 0.04943227 -0.03202599 0.1066573 0.04812347 -0.04124766 0.1066555 0.04316532 -0.04599118 0.1066921 0.03978097 -0.05395096 0.1066548 0.02553021 -0.0630719 0.1067038 0.03033572 -0.06229197 0.1067147 0.01401412 -0.06723636 0.1067354 0.01734387 -0.06888347 0.1066667 0.00238502 -0.07165467 0.1066835 0.004485607 -0.0705626 0.1064929 -0.002854883 -0.06897485 0.1067349 -0.002231121 -0.07179087 0.1065996 -0.008560001 -0.07099497 0.1066942 -0.01401412 -0.06723606 0.1067355 -0.01939344 -0.06813794 0.1066756 -0.03040772 -0.05910491 0.1067337 -0.0313999 -0.06160891 0.1066474 -0.0415616 -0.05163764 0.1067077 -0.04315823 -0.04599136 0.1066933 -0.04769372 -0.0416882 0.1067109 -0.04905855 -0.03077542 0.1067339 -0.05159604 -0.03119075 0.1066677 -0.0531184 -0.01929289 0.1067193 -0.05119293 -0.0139774 0.1066473 -0.05058443 -0.002850651 0.1067194 -0.04943221 -0.005246341 0.1066573 -0.04316532 0.008718729 0.1066921 -0.04814988 0.003998816 0.1066453 -0.04136496 0.01446288 0.1067093 -0.03040742 0.02183139 0.1067339 -0.02996361 0.02525973 0.106719 -0.01400893 0.03069072 0.1066691 -0.01357245 0.03267616 0.1067065 -0.004586517 0.03419345 0.1066924 -0.001508176 -0.07316106 0.1057706 -0.00140506 -0.07426691 0.1043663 0.002374947 -0.07484269 0.1026012 -0.00309509 -0.07480061 0.1026004 0.004674553 -0.07407969 0.1043344 0.008234262 -0.07425415 0.1026622 0.01223975 -0.07128739 0.1061499 0.01207637 -0.07304954 0.1041474 0.0108385 -0.07260835 0.1052086 0.01333135 -0.073273 0.1026219 0.01712357 -0.07169985 0.104074 0.02284455 -0.06802487 0.1058602 0.01801896 -0.07072168 0.1051945 0.01824969 -0.0718581 0.1025962 0.02610772 -0.06560635 0.1063362 0.02592754 -0.06712436 0.1053354 0.02196282 -0.06997257 0.1038563 0.02784836 -0.06753182 0.1025348 0.03196299 -0.06246829 0.1060011 0.03284215 -0.06299257 0.1050729 0.03105896 -0.06545752 0.1027149 0.02722197 -0.06729358 0.1040965 0.03708541 -0.058348 0.1059111 0.03425365 -0.06324428 0.1026501 0.03306919 -0.06375128 0.1037022 0.03847026 -0.05879288 0.1044088 0.04186427 -0.05393677 0.1055716 0.04460585 -0.04887014 0.106256 0.04379165 -0.05389827 0.1027156 0.04540812 -0.05109173 0.1039451 0.04308986 -0.05354416 0.1046698 0.04648202 -0.04742836 0.1056152 0.04801994 -0.04791176 0.1026341 0.04985982 -0.04138994 0.1055269 0.04816395 -0.04637575 0.1044732 0.05107539 -0.04213875 0.1026824 0.05161595 -0.03598028 0.1058306 0.05052703 -0.04124838 0.1048025 0.05304622 -0.03517091 0.1045047 0.05334866 -0.03640663 0.1026465 0.05305594 -0.03048068 0.1059077 0.05510908 -0.02784818 0.1038743 0.05450141 -0.02712196 0.1050924 0.05430221 -0.02290278 0.1058111 0.05583661 -0.01725661 0.1039255 0.05525797 -0.02068281 0.1049162 0.05618971 -0.01557785 0.102541 0.05505019 -0.009228408 0.1038048 0.05566877 -0.01064902 0.1026552 0.05390334 -0.006797254 0.1050584 0.05363476 -0.003601074 0.1041831 0.05445104 -0.004621863 0.1026656 0.05164402 -3.50663e-4 0.1055712 0.05315524 -1.65559e-4 0.1026285 0.05105018 0.003593325 0.1043086 0.04934793 0.005112826 0.1055342 0.04621583 0.009657382 0.1060466 0.04515653 0.01280492 0.1052761 0.04323875 0.01381647 0.1061218 0.04766935 0.01031929 0.1040537 0.04537421 0.01455515 0.1026821 0.04433721 0.01522803 0.1039751 0.03631645 0.02151185 0.1060889 0.04107886 0.01976358 0.1026594 0.03742682 0.02263718 0.1042201 0.0354132 0.02508914 0.1026377 0.03494137 0.02402174 0.1050853 0.03232687 0.02485787 0.1060456 0.03060626 0.02788174 0.1042812 0.02881222 0.02787649 0.1055823 0.02901095 0.02952206 0.1026924 0.02249288 0.03048443 0.1061685 0.02479815 0.03145128 0.1037155 0.02253901 0.0328949 0.1026417 0.01587057 0.03367435 0.1056621 0.02282691 0.03153949 0.105171 0.01837158 0.03401929 0.1040611 0.01159399 0.03590643 0.1041068 0.009705841 0.03681254 0.1026086 0.01039516 0.03509116 0.1055576 0.006844341 0.03517729 0.1060149 -4.0364e-4 0.03533363 0.1061829 -0.002518057 0.03757053 0.1026164 -0.003642499 0.03681057 0.104486 -0.01002645 0.0363323 0.103793 -0.008117437 0.03513556 0.1059045 -0.01299667 0.03611052 0.1026116 -0.01268339 0.03524994 0.1048661 -0.01678466 0.03260987 0.1062303 -0.02078652 0.0331816 0.1039399 -0.01932001 0.03416252 0.1026732 -0.025325 0.02894312 0.1062505 -0.02315676 0.03123414 0.1053353 -0.02759581 0.02987921 0.1039438 -0.02430289 0.03206431 0.1026631 -0.03302472 0.02389073 0.1062739 -0.03002893 0.02772736 0.1050201 -0.03322988 0.02475517 0.1056756 -0.03724551 0.02349048 0.1026759 -0.03575491 0.02407884 0.1041913 -0.03907239 0.01870369 0.106153 -0.03929501 0.01975214 0.1053938 -0.04108637 0.01898282 0.1042488 -0.04263699 0.01801079 0.1026801 -0.04351407 0.01398462 0.1058779 -0.04559624 0.01359367 0.1038837 -0.0444287 0.0140872 0.1050626 -0.04758155 0.008787333 0.105403 -0.04916739 0.007857024 0.1039039 -0.04620146 0.008918464 0.1062982 -0.05056977 0.003230094 0.1051948 -0.05153644 0.003898918 0.1026065 -0.05248832 4.4622e-4 0.103809 -0.05163365 -0.001853168 0.1059854 -0.05329197 -0.003593921 0.1047664 -0.05447286 -0.006136298 0.1037597 -0.05398809 -0.008017122 0.1052578 -0.05524897 -0.01109135 0.1040662 -0.05359214 -0.01032602 0.1060389 -0.05581432 -0.01146858 0.1025425 -0.05557382 -0.01660263 0.1044306 -0.0561527 -0.015603 0.1026285 -0.05499458 -0.01957333 0.1053121 -0.05552315 -0.02336049 0.1041329 -0.05460047 -0.03021413 0.1039504 -0.0534507 -0.02962529 0.1057425 -0.05113697 -0.03608417 0.1061668 -0.0526067 -0.03664642 0.1043921 -0.0494337 -0.04128986 0.1058921 -0.05115532 -0.04201084 0.1026318 -0.04965382 -0.04268407 0.1050611 -0.05083084 -0.04196977 0.1037084 -0.04660528 -0.04622095 0.1060562 -0.04706227 -0.04827547 0.1043995 -0.04453957 -0.0500701 0.1057773 -0.0444926 -0.05171036 0.104671 -0.04043877 -0.05557984 0.1055486 -0.0438202 -0.053855 0.1026647 -0.04023385 -0.05440056 0.1062795 -0.03578311 -0.05922532 0.1060978 -0.04098564 -0.0561285 0.1045055 -0.03801882 -0.05938392 0.1041296 -0.03435546 -0.06148618 0.1053862 -0.03299337 -0.06349641 0.1042878 -0.02683091 -0.06521737 0.1063163 -0.02868801 -0.06522798 0.10558 -0.02780699 -0.06693255 0.1042141 -0.0242049 -0.06768655 0.1055958 -0.01995033 -0.06985616 0.1053404 -0.0225507 -0.06972134 0.103845 -0.01765573 -0.07136416 0.1044005 -0.01479244 -0.07058531 0.1061546 -0.009297192 -0.07252067 0.1056463 -0.01056367 -0.07350265 0.1037961 -0.01281589 -0.07222855 0.1051695 0.005683958 -0.07283866 0.1058282 0.05403482 -0.01955598 0.1061648 0.0534206 -0.009155273 0.1060258 0.05488598 -0.01317679 0.1050978 0.040892 0.01829004 0.1052021 0.007451474 0.03638732 0.1045392 3.41948e-4 0.03644323 0.1052375 -0.01793795 0.03333443 0.1053417 -0.05393087 -0.01751494 0.1062204 -0.05367279 -0.02428805 0.1061741 -0.0544582 -0.02639758 0.1052842 -0.05259752 -0.03527313 0.1051059 -0.004703521 -0.07381588 0.1047604 0.005623698 -0.07767969 0.08584713 0.007654726 -0.07759463 0.08499187 0.009189128 -0.077277 0.08556342 0.01013767 -0.07686471 0.08706295 0.009785413 -0.07661771 0.08885991 0.008714437 -0.07662421 0.08982145 0.007015943 -0.07681649 0.09005314 0.005176544 -0.07727015 0.08851015 0.005831897 -0.08014965 0.07067304 0.007265269 -0.08010417 0.07001042 0.008689522 -0.07988631 0.07021397 0.009721577 -0.07958143 0.0711323 0.01017582 -0.07924973 0.07270908 0.009284377 -0.07911044 0.07444334 0.007754862 -0.07922738 0.07504391 0.005997955 -0.07951182 0.07453191 0.005026876 -0.07991665 0.07255703 -0.01012814 -0.07935732 0.07209444 -0.009475231 -0.0796833 0.07074558 -0.00779432 -0.08005064 0.06995052 -0.005856752 -0.08015048 0.07065844 -0.005091667 -0.0799371 0.0723955 -0.005868852 -0.07953906 0.07444471 -0.007959187 -0.07920151 0.0750432 -0.00980097 -0.07910782 0.0739724 -0.009829461 -0.07831752 0.07872706 -0.008684277 -0.07865875 0.07773435 -0.007315218 -0.07887852 0.07751077 -0.005795478 -0.0789209 0.0782594 -0.005072832 -0.07869637 0.08001506 -0.005905091 -0.07830345 0.08194637 -0.007576465 -0.07801038 0.08256036 -0.009282529 -0.0778591 0.08202356 -0.01015508 -0.07799518 0.08033472 -0.01735758 -0.0766136 0.07852566 -0.01572221 -0.07724732 0.07752382 -0.01398533 -0.07763749 0.07781809 -0.01268619 -0.0776292 0.07959568 -0.01334148 -0.07712954 0.08171832 -0.01476812 -0.0766493 0.08251541 -0.01674824 -0.0761702 0.08217132 -0.01777815 -0.07616817 0.08036649 -0.001939177 -0.079158 0.07832252 -3.28412e-4 -0.07932049 0.07750874 0.001585245 -0.07922327 0.07799255 0.002448201 -0.07894843 0.07947707 0.002373516 -0.07871353 0.08092445 0.001213014 -0.07852804 0.08226972 -0.001044213 -0.07850593 0.08243691 -0.002570152 -0.07878416 0.08044701 -0.002524137 -0.0824936 0.0572645 -0.001938819 -0.08274704 0.05577421 -3.28591e-4 -0.08290165 0.05496078 0.001584887 -0.08280968 0.0554443 0.002558052 -0.08247387 0.0573858 0.002005517 -0.08224099 0.05900573 4.55071e-4 -0.08211261 0.06003648 -0.001510918 -0.08217191 0.05953782 -0.002359092 -0.08232074 0.0584138 0.01321297 -0.07772833 0.07852238 0.01445883 -0.07755988 0.07759475 0.01648604 -0.0769968 0.07777035 0.01756811 -0.07645523 0.07907152 0.01772868 -0.07614105 0.08061397 0.01651394 -0.07621991 0.08227407 0.01447486 -0.0767318 0.08246964 0.01317542 -0.0772019 0.0815066 0.01267665 -0.0775789 0.07991415 0.005907773 -0.07893741 0.07809764 0.00745058 -0.07886081 0.07751309 0.008984386 -0.07859426 0.07786524 0.01017785 -0.07810145 0.07967203 0.009606957 -0.07787412 0.0816127 0.008247375 -0.07793277 0.08249157 0.006343007 -0.07820314 0.0822789 0.005011022 -0.07866013 0.08026307 -0.001938998 -0.08037489 0.07080632 -3.28388e-4 -0.08053451 0.06999278 0.001585066 -0.08043879 0.07047647 0.002558052 -0.08009159 0.07241797 0.002005517 -0.07985097 0.07403773 4.55083e-4 -0.07971829 0.07506853 -0.001511156 -0.07977956 0.07456964 -0.002570211 -0.08000785 0.07293117 -0.009746789 -0.07710158 0.08606988 -0.007918953 -0.07756233 0.08498156 -0.006112635 -0.07768547 0.0855146 -0.005135416 -0.07753038 0.08698469 -0.005419909 -0.07719743 0.08880299 -0.006881892 -0.07684206 0.09000307 -0.008638203 -0.07662832 0.0898751 -0.01008903 -0.07663726 0.08845323 -0.01773113 -0.07506 0.08683145 -0.01612883 -0.07584488 0.08509171 -0.01398372 -0.07636201 0.08533513 -0.01278412 -0.07637673 0.08685737 -0.01311558 -0.07593512 0.08898377 -0.01453554 -0.07542008 0.08996438 -0.01604306 -0.07501286 0.0899769 -0.01747983 -0.07478463 0.08882254 -0.001939117 -0.07791608 0.08583849 -3.28349e-4 -0.07808238 0.08502471 0.001223206 -0.07801955 0.08532869 0.00221008 -0.07781845 0.08635324 0.002524673 -0.07755452 0.08784973 0.001879692 -0.07734698 0.08921712 3.86012e-4 -0.07722878 0.09010231 -0.001511633 -0.07729381 0.08960133 -0.002570152 -0.0775339 0.08796304 -0.002063989 -0.0815339 0.06349533 -4.21683e-4 -0.08173513 0.06243991 0.001338481 -0.08165282 0.06286442 0.002410888 -0.08141547 0.06415849 0.002233803 -0.0810905 0.06627023 3.86138e-4 -0.08092528 0.06755429 -0.001510858 -0.08098572 0.06705385 -0.002570152 -0.08120876 0.06541562 0.01425158 -0.07631951 0.08520042 0.01626563 -0.0757932 0.08516472 0.0177403 -0.07504028 0.08692955 0.01737296 -0.07479733 0.08895534 0.01619076 -0.07498466 0.08987456 0.01483243 -0.07532608 0.0900641 0.01316946 -0.0759046 0.08909589 0.01275449 -0.07640343 0.08674013 0 -0.08533799 0.04979264 4.63783e-6 -0.08531612 0.04999583 -2.50756e-7 -0.0851888 0.04972034 -0.0252 -0.07176452 0.08905297 -0.02428692 -0.0818364 0.08984851 -0.02211558 -0.07912683 0.08652245 -0.02000504 -0.0750755 0.08253687 -0.0130397 -0.0836876 0.07173967 -0.01440501 -0.07832342 0.07308369 -0.007499396 -0.08144134 0.06159716 -2.04655e-5 -0.08374589 0.0495342 0.005429685 -0.08215808 0.05825048 0.01256161 -0.07933819 0.06984245 0.02076643 -0.08235043 0.08522158 0.02212524 -0.0737757 0.08580243 0.02422213 -0.08181303 0.0897988 0.02543634 -0.07161211 0.08908057 0.02539473 -0.08155524 0.09069144 0.02660739 -0.0835362 0.09062165 0.02291786 -0.08998632 0.09206432 0.02229911 -0.09360891 0.0922594 0.01627749 -0.09825235 0.09340095 0.01675397 -0.09940558 0.09320384 0.009264051 -0.1036959 0.09389871 0.00915718 -0.1020201 0.09401714 0.002499818 -0.1037254 0.09429967 5.89235e-4 -0.1051855 0.09414231 -0.003608345 -0.1035684 0.0942704 -0.006379008 -0.1044678 0.09402388 -0.009531259 -0.1018635 0.09398984 -0.01503384 -0.1007947 0.09342795 -0.01627755 -0.09825229 0.09340095 -0.02182269 -0.09420597 0.09235829 -0.0229178 -0.08998638 0.09206432 -0.02646189 -0.08446115 0.09077376 -0.0253871 -0.08160239 0.09069859 0.004719436 -0.1024679 0.09327763 0 -0.1001177 0.08798146 0.006973803 -0.09902489 0.08804947 0.01352524 -0.09902447 0.09274345 0.01145237 -0.09714341 0.08811593 0.01908332 -0.09409153 0.09195607 0.01558679 -0.09414935 0.08822488 0.003871798 -0.099617 0.08764022 0.00121808 -0.09494203 0.07432919 0.02246552 -0.08853316 0.09103178 0.02050495 -0.08654707 0.08715206 0 -0.1027082 0.09309595 0.004088938 -0.0944637 0.07447725 0.01191383 -0.09241443 0.07958096 0.007418394 -0.0897082 0.06800287 0.01548755 -0.08671009 0.07837414 0.01302528 -0.08395719 0.07186073 0.007738351 -0.08741754 0.06511479 0.009249687 -0.09533786 0.0817871 0.01762235 -0.09024149 0.08611619 0.004886031 -0.09103274 0.06704509 -0.003834307 -0.09970456 0.08784478 -0.02060699 -0.0830385 0.08531993 -0.004865229 -0.1024953 0.09333717 -0.006897091 -0.09912228 0.08817052 -0.01141119 -0.09719759 0.08817547 -0.0124821 -0.09961265 0.09284514 -0.01532024 -0.09443074 0.08832722 -0.01720541 -0.09610974 0.09229487 -0.02083808 -0.09156477 0.09151375 -0.01927363 -0.08658075 0.08522468 -0.02280855 -0.08756786 0.09085631 -0.009180843 -0.09447449 0.07976627 -0.01086926 -0.09181123 0.07684099 -0.01763594 -0.09020143 0.08609002 -2.73309e-4 -0.08627122 0.05240851 -0.001522243 -0.09442257 0.07307839 -0.003021955 -0.0886923 0.06010717 -0.004333734 -0.09333121 0.07184034 -0.008307933 -0.08722233 0.06583034 3.35257e-4 -0.104232 0.09336996 -0.02564257 -0.08162611 0.08965677 -0.005410492 -0.09987848 0.08613264 -0.002784073 -0.09183365 0.06414282 0.001204907 -0.0931437 0.06681692 -9.46288e-5 -0.1019976 0.08987492 -0.008822441 -0.08493649 0.06265163 -0.01174604 -0.0972622 0.08613163 -0.01666271 -0.09427839 0.08766198 -0.01910316 -0.08906006 0.08480376 -0.006025373 -0.1031764 0.09283632 -0.01142197 -0.1012933 0.09258657 -0.01342427 -0.09927314 0.0912525 -0.02107846 -0.08238202 0.08369499 -0.02195924 -0.09102457 0.09071367 -0.01817804 -0.09664899 0.09192758 -0.02378213 -0.0871275 0.09013748 -0.02419465 -0.0818668 0.08825629 -0.001875579 -0.08850449 0.05596709 -0.006930887 -0.09023278 0.06555789 -0.01059287 -0.08745473 0.06783139 0.02622175 -0.071379 0.08842021 -1.12996e-4 -0.07625472 0.09559875 -0.02634227 -0.07129585 0.08848589 0.009887576 -0.07520401 0.09673094 0.02133047 -0.0725159 0.09382838 0.03377974 -0.06486487 0.09820878 0.0225175 -0.07379835 0.08449178 0.01382309 -0.07905697 0.07008618 0.03331184 -0.0719707 0.06403434 0.03846806 -0.06719702 0.06968218 0.04403644 -0.06247848 0.06856518 0.03909546 -0.05913513 0.1025324 0.04973769 -0.05813449 0.0600354 0.04310387 -0.05517494 0.1018232 0.05330675 -0.05200719 0.06402069 0.04642266 -0.05081862 0.1018688 0.05123096 -0.04479658 0.09655594 0.05878502 -0.03949207 0.06726038 0.05698084 -0.0291807 0.09382838 0.0534448 -0.03881359 0.09859251 0.06190401 -0.03103119 0.0625509 0.0144658 -0.09203588 -0.02667611 0.01068055 -0.08689022 0.02292788 0 -0.08943748 0.008100271 -6.35019e-5 -0.09389412 -0.03109812 0.05926352 -0.01865106 0.08618777 0.0245164 -0.08811461 -0.01698231 0.03351515 -0.08345514 -0.01086914 0.03573185 -0.07839059 0.01847714 0.06188642 -0.006468117 0.06295418 0.05320793 0.002453982 0.09809833 0.05623996 -0.007711172 0.09783881 0.04099076 -0.08109164 -0.0259661 0.04514384 -0.07699429 -0.01788157 0.04271268 -0.0720337 0.02758413 0.05898284 0.001840949 0.06685787 0.05053669 -0.07216012 -0.01636165 0.04881918 -0.06743031 0.02265739 0.05118983 0.007947266 0.09562784 0.04629904 0.01518058 0.09775894 0.05920547 -0.0626893 -0.01762551 0.05450922 0.01537549 0.05534458 0.05890953 -0.05531501 0.01991575 0.04937911 0.0206896 0.06239277 0.06604301 -0.05331593 -0.02491235 0.06241965 -0.04941284 0.01823925 0.06311756 -0.04516309 0.02750068 0.04074889 0.02563589 0.08126425 0.03382229 0.02765917 0.09775745 0.03885203 0.02236896 0.1018648 0.0677492 -0.04607158 -0.01159256 0.0361976 0.03414571 0.0571562 0.07249301 -0.03192567 -0.01605015 0.06873434 -0.03135567 0.01564115 0.02682107 0.03231948 0.09631431 0.02193033 0.03565591 0.0903297 0.01015001 0.03735107 0.1000999 0.07073771 -0.01866823 0.008456528 0.01198273 0.04196923 0.07093048 0.06989526 -0.005305886 0.005187332 1.58387e-4 0.04528778 0.05774873 4.08656e-4 0.03865879 0.09780281 -0.01099115 0.03990101 0.0843808 -0.02096366 0.03471219 0.09765243 0.01606136 0.04915279 0.01810616 -0.02630621 0.03276443 0.09541791 -0.03601521 0.0341593 0.05778175 -0.03190827 0.02774661 0.1024978 -0.04046201 0.02583271 0.08162236 -0.03845191 0.02371072 0.09857177 -0.04923141 0.02077233 0.06285065 -0.04402136 0.01774346 0.0987184 -0.05451983 0.01537978 0.05527228 -0.04653704 0.01303368 0.1025306 -0.05120873 0.00790894 0.09563285 -0.05533021 0.004121124 0.08277225 -0.05833131 -0.0082466 0.08600717 -0.05881786 -0.01891696 0.0887441 0.02340698 -0.06977975 0.1026122 0.004965603 -0.0826177 0.05558836 0 -0.08402121 0.04765588 0.01629024 -0.08404451 0.03427147 0.05468565 -0.0319119 0.102539 0.05623561 -0.02037179 0.1025741 0.04859787 0.00967729 0.1025948 0.06621122 -0.02460974 0.04035788 0.06391394 -0.03692877 0.04035788 0.009916484 -0.09434586 -0.04455083 0.06621122 -0.0126627 0.04035788 0.06391394 -3.43681e-4 0.04035788 0.01637065 0.03520536 0.1025832 -0.006811082 0.03720653 0.1025927 -0.02882879 0.02964687 0.102631 0.01735097 0.05118662 -0.001689076 -0.04902803 0.008914291 0.1026176 -0.05364042 -0.001634657 0.1025845 -0.05499768 -0.00679022 0.1025838 -0.01545804 0.04796415 0.02756196 0.02034431 0.05353093 -0.02816241 0.02614915 0.04939544 -0.01021659 -0.05622929 -0.02119052 0.1025422 0.01775056 0.0556755 -0.04530018 -0.05682498 -0.0272727 0.09674346 -0.05678218 -0.03335905 0.08995825 -0.01982259 0.0536918 -0.02798122 -0.01472634 0.05270558 -0.009756267 -0.02492904 0.04927581 -0.005309879 -0.06556731 -0.01331418 0.04538053 -0.06214797 -5.0834e-4 0.0524227 -0.06873434 -0.005916774 0.01564115 -0.07016217 -0.01864802 0.01360654 -0.01660668 0.05588638 -0.04452747 -0.02428114 -0.07022213 0.09909707 -0.02738958 -0.06779509 0.1025636 -0.01567852 -0.07340544 0.09942412 -0.008478462 -0.07474273 0.1005308 -0.07421678 -0.03463733 -0.03849917 -0.07426249 -0.02881127 -0.02826905 -0.006992399 -0.08602839 0.03185695 -0.07064223 -0.04606133 -0.0366435 -0.06689071 -0.05485945 -0.04113209 -0.03425794 -0.08666169 -0.04199814 -0.02654474 -0.08991855 -0.04092216 -0.02030456 -0.09205383 -0.04203826 -0.01421922 -0.09309118 -0.03787738 -0.009684562 -0.09451663 -0.04667282 0.02567011 -0.08192753 0.02868366 0.05579197 -0.02594143 0.1026028 0.05062752 0.005814671 0.102653 0.03153574 -0.08662378 -0.02831733 0.02533322 -0.09033715 -0.0406543 0.0314036 -0.08841007 -0.04738682 0.06493216 0.007032632 0.01649755 0.06289446 0.009833931 0.02344471 0.002775132 0.03753465 0.1026394 0.02550017 0.04175752 0.04728567 0.007805168 0.04672122 0.04503613 0.02552306 0.04660773 0.01502436 0.03187775 0.04470509 0.007386445 -0.007292449 0.04680711 0.04485934 -0.02299928 0.04129928 0.05582493 -0.02678406 0.04404956 0.02953749 0.03200447 0.04759269 -0.01578849 0.03842198 0.04569935 -0.02820485 -0.03176677 0.04485088 0.006726145 0.03852295 0.04746484 -0.04725307 -0.05576586 -0.02603584 0.1025899 0.03264117 0.05002945 -0.04044592 -0.05497348 -0.03051453 0.1026699 -0.05329871 -0.03672707 0.10254 -0.06134223 0.008463621 0.03671628 -0.06265187 0.0136224 0.01098829 -0.06590491 0.005330324 0.01393973 -0.04988235 -0.04466629 0.102576 -0.05072343 -0.04866605 0.08805114 -0.05449181 -0.04174536 0.08668094 -0.046754 -0.04996466 0.1025824 -0.06262302 -0.03127783 0.05769002 -0.03364229 0.0477944 -0.02347326 -0.04122269 -0.05692422 0.1025693 -0.0376029 -0.06189244 0.0976786 -0.04490607 -0.05484277 0.09537684 -0.06631702 -0.02191478 0.04114818 -0.03203594 -0.06488466 0.1025848 -0.03215074 -0.06651467 0.09562683 -0.06508624 -0.02616167 0.04724687 -0.03156286 0.0509175 -0.04574126 -0.06494373 -0.0395525 0.029033 -0.022592 -0.07015264 0.1025961 -0.05287134 -0.05810379 0.0442509 -0.01885491 -0.07163816 0.1025695 -0.03907567 0.04702764 -0.04518222 -0.01481807 -0.07290315 0.1025993 -0.05646574 -0.05085021 0.0500707 -0.01177418 -0.07365447 0.1025557 -0.0345717 -0.06980443 0.07145118 -0.006545066 -0.07450079 0.1026124 -0.04699581 -0.06575697 0.04030644 -0.03966623 -0.07012575 0.05077987 -0.02748388 -0.07476752 0.06650948 -0.02272576 -0.07365101 0.0848006 -0.07311266 -0.01755446 -0.01180881 -0.07099616 -0.00360006 -0.007271409 -0.02327156 -0.07973676 0.04807728 -0.03240871 -0.07834804 0.03057652 -0.05776667 -0.06193488 -0.004092514 -0.057823 -0.05658328 0.0214619 -0.06191992 -0.05558353 -0.00325185 -0.04979985 -0.06838238 0.01159787 -0.02084451 -0.0832597 0.03106808 -0.07566064 -0.01193577 -0.03951078 -0.07613748 -0.01887881 -0.04190486 -0.05195796 -0.07059419 -0.0152775 -0.04337364 -0.07503932 0.005349874 -0.01776599 -0.08605873 0.01776814 -0.0453698 -0.07853525 -0.0299521 -0.06123059 -0.06191027 -0.02785247 -0.05350768 -0.07236278 -0.03792941 -0.062608 -0.06275737 -0.04942852 -0.010113 -0.08874118 0.007902801 -0.02870804 -0.08698111 -0.02091538 -0.03928464 -0.08259129 -0.02943432 -0.04306399 -0.08209365 -0.05120784 -0.008741438 -0.0926609 -0.02454346 0.04212921 -0.08235484 -0.0456112 0.04763925 -0.07839041 -0.0458908 0.05894529 0.01762521 0.02120572 0.0599609 0.01913768 0.008125007 0.05388981 0.02599465 0.01526546 0.03871917 0.03771907 0.02783894 0.0410391 0.03866493 0.01168429 0.04779225 0.03854346 -0.02394556 0.04935884 0.0344336 -0.006316721 0.05366057 0.03577113 -0.04584801 0.0485934 0.04029762 -0.04556459 -0.03863221 0.03778022 0.02783453 -0.04102557 0.0387209 0.01138567 -0.05880135 0.01862978 0.01827538 -0.05386471 0.02601593 0.01530843 -0.06019085 -0.04029083 0.05687546 -0.03726661 -0.06082707 0.1025577 -0.04753243 0.03854256 -0.02231675 -0.04999208 0.03385061 -0.006624758 -0.04218739 -0.0618534 0.07946485 -0.0691033 -0.02878522 0.01629322 -0.06092339 -0.04721784 0.03556561 -0.04703515 0.04168564 -0.04747486 -0.07138562 -0.02867436 -0.003272354 -0.05356287 0.03585326 -0.04534041 -0.07208293 0.001700639 -0.02685105 -0.06817233 0.006367087 -0.007779836 -0.05360263 -0.06290709 0.01868438 -0.06688874 -0.04551625 -0.002996981 -0.06894987 -0.03662246 0.004296958 -0.07017332 -0.03904682 -0.01159226 -0.03868246 -0.07515609 0.0263648 -0.07421958 -0.001027286 -0.04345434 -0.06514453 -0.05076569 -0.007620632 -0.01240295 -0.08266544 0.04876369 -0.01168256 -0.08014488 0.06651091 -0.03289449 -0.08101159 0.01102048 -0.03842228 -0.07795101 0.009416162 -0.02553713 -0.08495587 0.005778372 -0.01777184 -0.08848589 -0.002652525 0.05444109 -0.06176078 0.01935011 0.05487406 -0.06901764 -0.02381122 0.0467894 0.02770078 0.04503029 0.05516195 -0.07161301 -0.04732865 0.05928492 -0.0668987 -0.04628026 0.05109024 0.02621895 0.03047639 0.04967939 0.0294547 0.02195298 0.06400775 0.01908594 -0.02184402 0.06166839 0.01961374 -0.006769239 0.06551778 0.01429134 -0.01347064 0.04027503 0.04161298 -0.006113171 0.05594855 0.02880758 -0.01402491 0.05985134 0.0257228 -0.02384757 0.06404024 0.02310627 -0.04623645 0.0604301 0.0282405 -0.04730129 -0.04674911 0.027745 0.0450176 -0.05106109 0.02625262 0.03047692 -0.04965299 0.0294786 0.02197164 -0.06342184 -0.00612235 0.05249911 -0.04053586 0.04111516 -0.003751933 -0.05590808 0.02864485 -0.01296919 -0.06092184 0.02148848 -0.01069384 -0.06402921 0.02124589 -0.0333175 -0.06517165 0.01446413 -0.01174765 -0.05996203 0.02843421 -0.04307764 -0.06862562 0.01391696 -0.03984063 0.06121945 -0.06257504 -0.03314149 0.06667381 -0.05591642 -0.04552924 0.07037585 -0.04853081 -0.04696279 0.07067817 0.01005136 -0.04329621 0.07051032 -0.03929078 -0.01501691 0.07094538 -0.04402059 -0.03308248 0.07471126 -0.03419399 -0.04360604 0.075612 -0.02012366 -0.0355727 0.06817531 0.007611274 -0.01145982 0.0551716 0.02748322 -0.001697003 0.07523 -0.007962822 -0.03912901 0.07200688 0.001926243 -0.02771174 -0.07145613 -0.0106424 -0.001492261 0.02570551 -0.08174258 0.08972197 0.02445423 -0.0818088 0.08853918 0.02132409 -0.08242696 0.08412355 0.01177304 -0.08407276 0.06753981 0.006519138 -0.1035096 0.09325349 0.004064083 -0.1019929 0.09067124 0.01084589 -0.100804 0.09157764 0.01265847 -0.10085 0.0927025 0.01665711 -0.09761923 0.09187006 0.009477257 -0.09845083 0.08610981 0.01975005 -0.09431308 0.09127473 0.02329546 -0.0896582 0.090882 0.02087897 -0.08814132 0.08707481 0.01515328 -0.09452301 0.08571678 0.0184192 -0.09024858 0.08506202 0.003688275 -0.09092158 0.06295162 0.007987439 -0.09113615 0.06885516 0.007568776 -0.08745926 0.06248158 4.39144e-6 -0.08550411 0.04784494 -0.05292046 -0.0726341 -0.05870479 -0.06043773 -0.06390732 -0.05870479 -0.04311877 -0.08065897 -0.05870479 -0.0677132 -0.05248737 -0.05870479 -0.03218209 -0.08705157 -0.05870479 -0.07344412 -0.03650939 -0.05870479 -0.01795703 -0.09207928 -0.05870479 -0.07569593 -0.01968455 -0.05870479 -0.00483793 -0.09403288 -0.05870479 0.006948769 -0.09388279 -0.05870479 -0.0738154 -0.002277016 -0.05870479 0.01856386 -0.09187173 -0.05870479 -0.06981587 0.0102393 -0.05870479 0.03110361 -0.08754855 -0.05870479 -0.06303906 0.02318966 -0.05870479 0.04213917 -0.08132869 -0.05870479 0.05386531 -0.07182931 -0.05870479 -0.05341845 0.03481268 -0.05870479 -0.04178982 0.04442673 -0.05870479 0.06427186 -0.05841833 -0.05870479 -0.02715981 0.05192351 -0.05870479 0.07092821 -0.0448786 -0.05870479 -0.01439595 0.0555312 -0.05870479 0.0751146 -0.02784556 -0.05870479 0.07524412 -0.01143836 -0.05870479 0.02243727 0.05361258 -0.05870479 0.07293379 0.001079678 -0.05870479 0.0689935 0.01218938 -0.05870479 0.03796947 0.04676854 -0.05870479 0.06259441 0.02373623 -0.05870479 0.05204504 0.03630304 -0.05870479 -0.01346755 0.05570536 -0.06070482 -0.02615839 0.05230087 -0.06070482 -0.03972238 0.0456947 -0.06070482 -0.0503205 0.03771883 -0.06070482 -0.05848473 0.02921617 -0.06070482 -0.06520259 0.01953017 -0.06070482 -0.07142359 0.006303668 -0.06070482 -0.07534581 -0.01156347 -0.06070482 -0.07507801 -0.02721649 -0.06070482 -0.07281541 -0.0387848 -0.06070482 -0.06766802 -0.05246484 -0.06070482 -0.05872416 -0.06625783 -0.06070482 -0.04911041 -0.07606875 -0.06070482 -0.0379256 -0.08404254 -0.06070482 -0.02418386 -0.09027057 -0.06070482 -0.011868 -0.0932365 -0.06070482 0.002618968 -0.09426796 -0.06070482 0.01764667 -0.09209811 -0.06070482 0.03184866 -0.08728516 -0.06070482 0.04677063 -0.07806664 -0.06070482 0.05633229 -0.06896239 -0.06070482 0.06430548 -0.05843913 -0.06070482 0.07035386 -0.04617506 -0.06070482 0.07413852 -0.03346252 -0.06070482 0.07563692 -0.01709198 -0.06070482 0.07307946 0.001020967 -0.06070482 0.06569212 0.01898717 -0.06070482 0.05393379 0.03445005 -0.06070482 0.04072797 0.04506283 -0.06070482 0.02905905 0.05110341 -0.06070482 0.01643145 0.05516308 -0.06070482 0.05834519 -0.06823098 -0.06070446 0.04927158 -0.07735186 -0.06070494 0.06548029 -0.05843794 -0.06070476 0.04066389 -0.08349275 -0.06070482 0.03067469 -0.08886247 -0.06070506 0.07175332 -0.0456441 -0.06070488 0.01819008 -0.09306943 -0.06070512 0.07516127 -0.03338253 -0.06070506 0.005197525 -0.09508663 -0.06070452 0.07645064 -0.02311998 -0.06070446 0.07619386 -0.01050341 -0.06070482 -0.001273393 -0.09532362 -0.06070798 -0.01538026 -0.09371656 -0.06070494 0.07355713 0.002863347 -0.06070512 -0.03037363 -0.08903938 -0.060705 0.06753945 0.01776623 -0.06070166 -0.04512941 -0.08059448 -0.06070476 0.05810189 0.03136432 -0.06070369 -0.05539059 -0.07158082 -0.06070429 0.04814469 0.040977 -0.06070482 -0.06330883 -0.06169629 -0.06070441 0.03640007 0.04882317 -0.06070482 -0.06904888 -0.05189019 -0.06070506 0.02487641 0.0538032 -0.06070488 -0.07460105 -0.03662514 -0.06070435 0.01471871 0.05652409 -0.06070476 -0.07649368 -0.02229338 -0.06070446 -0.07610636 -0.009724617 -0.06070482 -0.02147376 0.05500829 -0.06070458 -0.07334238 0.003584265 -0.06070512 -0.06745845 0.01786404 -0.06070214 -0.03612798 0.04895186 -0.06070482 -0.04790937 0.04118359 -0.06070482 -0.05815768 0.03129827 -0.06070369 0.009144961 -0.09464228 -0.0703125 -1.48118e-4 -0.09434813 -0.08193486 0.01744276 -0.09310001 -0.07271128 0.02535778 -0.09088063 -0.07003688 0.01342016 -0.09343206 -0.07940959 0.02573502 -0.09019678 -0.07865673 0.03454262 -0.0868144 -0.07302576 0.01894623 -0.09123837 -0.08569639 0.04355436 -0.08126842 -0.07594299 0.0324589 -0.08690565 -0.08238786 0.02444541 -0.08790779 -0.09121978 0.03812271 -0.08332824 -0.08529645 0.04260921 -0.07963192 -0.08831095 0.04690092 -0.07525557 -0.09094065 0.0612238 -0.06291192 -0.08288264 0.05119025 -0.07044506 -0.09255516 0.06616663 -0.05406773 -0.08568191 0.05767512 -0.06184887 -0.09403961 0.0561797 -0.05964052 -0.09711295 0.07054752 -0.04279375 -0.08784455 0.0552898 0.03441005 -0.06621706 0.04663348 0.04218864 -0.06724005 0.03637379 0.04884392 -0.06875133 0.02651554 0.05319851 -0.07020235 0.06034958 -0.02262377 -0.1023683 0.04974967 -0.01709353 -0.1053813 0.0178678 0.05578339 -0.07132083 -0.01523154 0.05637103 -0.07094728 -0.01995128 0.05522441 -0.07180142 -0.02795851 0.0527032 -0.06858551 -0.03643077 0.04873424 -0.06868118 -0.04374814 0.0442391 -0.06882429 -0.05301636 0.03678345 -0.06664329 -0.07066619 -0.04230862 -0.08798873 -0.0664491 -0.05354195 -0.08566969 -0.06170892 -0.06223338 -0.08294844 -0.03844755 -0.0846107 -0.07443755 -0.03040814 -0.08882141 -0.0721594 -0.06041246 -0.02222257 -0.1023594 -0.05160433 -0.01964038 -0.1049426 -0.02149444 -0.09217578 -0.06864845 -0.01407718 -0.09383815 -0.07138472 -0.02831321 -0.08910346 -0.07979655 -0.02090144 -0.09198164 -0.07591986 -0.05150616 -0.07013159 -0.09255445 -0.04674267 -0.07556504 -0.09063315 -0.03488945 -0.08548563 -0.08357584 -0.04097062 -0.08110177 -0.08725905 -0.008273541 -0.09470069 -0.07177251 -0.05531227 -0.06286233 -0.09576576 -0.04939901 -0.0691207 -0.095936 -0.05864024 -0.0549755 -0.09765428 -0.01372838 -0.09322059 -0.08047014 -0.01876038 -0.09131014 -0.08542197 -0.02239525 -0.0893597 -0.08898335 -0.02555346 -0.08684122 -0.09257203 0.00815612 -0.09351378 -0.08405995 -3.05574e-5 -0.09252631 -0.089935 0.01072281 -0.09152287 -0.09064888 -1.40523e-5 -0.0904504 -0.09435802 0.02944236 -0.08728486 -0.08708512 0.01296895 -0.08900523 -0.09469646 0 -0.08773273 -0.09746628 0.03513073 -0.08309227 -0.09134924 0.04857778 -0.07744622 -0.0759992 0.04657208 -0.07806384 -0.08310335 0.01452076 -0.08594965 -0.09774029 0.06215608 -0.06325262 -0.07147759 0.01856327 -0.0867756 -0.09590405 0.05482137 -0.07107156 -0.08034294 0.0302869 -0.08348441 -0.09479236 -1.20572e-7 -0.08343523 -0.1004866 0.02067679 -0.0834273 -0.09837061 0.03344374 -0.07939535 -0.0973246 0.05295968 -0.07166767 -0.0860244 0.06645578 -0.05639386 -0.07287937 0.01615869 -0.08044183 -0.1008903 0.03495436 -0.07462978 -0.09978175 0.07030415 -0.04863119 -0.07425147 1.67234e-7 -0.07382512 -0.1040531 0.05659162 -0.06638693 -0.08957213 0.03336352 -0.06767374 -0.1027951 0.01624369 -0.07351028 -0.1034549 0.0739178 -0.03739649 -0.0759896 0.06018835 -0.06143122 -0.09001845 0.07551491 -0.03067272 -0.07376819 0.01326811 -0.06108301 -0.1065001 -7.91486e-6 -0.05465441 -0.108025 0.07627838 -0.01395845 -0.0741468 0.06603211 -0.04888677 -0.09297114 0.06381487 -0.05501216 -0.09128683 0.04535144 -0.0653761 -0.1002675 0.07534635 -0.02424293 -0.08237212 0.0635032 -0.04907929 -0.09630399 0.07585096 -0.01301574 -0.07896381 0.07415908 1.83494e-4 -0.07354605 0.04700475 -0.05346864 -0.1030424 0.05505836 -0.0498504 -0.101213 0.07390594 -7.87422e-4 -0.07903003 0.07325285 -0.02816623 -0.09006375 0.03566157 -0.0513634 -0.1057088 0.03527891 -0.03943657 -0.1072065 0.06324005 0.02461427 -0.06716042 0.06944793 0.01227962 -0.07872635 0.05466258 -0.03759777 -0.1032403 0.04472976 -0.03129923 -0.1061462 0.05808413 0.03054797 -0.07825154 0.05518633 0.0315836 -0.08754652 0.0623517 0.02259969 -0.08692377 0.05136412 0.03714936 -0.08104509 0.05788373 -0.002394378 -0.1024796 0.0631712 -2.32907e-4 -0.09995043 0.0224713 0.05422908 -0.07608062 0.04147517 0.04479432 -0.08156138 0.03850609 0.04403316 -0.09097582 0.02830106 0.05072635 -0.08619022 -0.06232398 0.02585375 -0.07036972 -0.04052758 0.04539388 -0.08167135 -0.03786325 0.0448789 -0.08980047 -0.02778381 0.05063921 -0.08753669 0.01770728 0.0390138 -0.1024116 -0.003682136 0.03420054 -0.1046935 0.01532793 0.02259999 -0.1066178 -0.0507394 0.03775471 -0.08086919 -0.05394536 0.03261685 -0.08834588 -0.06912094 0.01299542 -0.07875823 -0.05621254 0.03206759 -0.08129602 -0.07397443 8.92177e-4 -0.07356572 -0.06177639 0.02345389 -0.08692854 -0.003700137 0.01620733 -0.1080779 -0.07373929 -1.11117e-4 -0.07902979 -0.07622992 -0.01322489 -0.07414257 -0.07579678 -0.01231861 -0.07895624 -0.07562494 -0.02995717 -0.07377105 -0.07408481 -0.03672319 -0.0759924 -0.07539075 -0.02360999 -0.08237212 -0.07059228 -0.04794615 -0.07420527 -0.06536579 -0.0585193 -0.07164716 -0.07332009 -0.02764439 -0.0900616 -0.06203585 -4.80114e-4 -0.1005502 -0.05752032 -0.001356244 -0.1025166 -0.06797862 -0.04512041 -0.09233856 -0.06406229 -0.05457532 -0.09128594 -0.06468033 -0.04980343 -0.09435254 -0.05867969 -0.06360965 -0.09008353 -0.05556583 -0.06845796 -0.0874412 -0.0560767 -0.06962996 -0.08073109 -0.04880583 -0.0760172 -0.08431869 -0.06184595 -0.03550398 -0.1007989 -0.0522226 -0.07416528 -0.0769084 -0.04662466 -0.0791189 -0.07495409 -0.0417872 -0.08184486 -0.08072817 -0.03601765 -0.0487734 -0.1060389 -0.0443899 -0.03131198 -0.1061896 -0.05470275 -0.03625416 -0.1033771 -0.02973753 -0.08711743 -0.08727234 -0.03575569 -0.08260309 -0.09160232 -0.02791774 -0.02764928 -0.1088657 -0.04718226 -0.05322933 -0.1030427 -0.05472117 -0.05294847 -0.100547 -0.03339034 -0.06771904 -0.1027826 -0.04556578 -0.06516444 -0.1002685 -0.007302999 -0.09369063 -0.08341139 -0.009668231 -0.09246748 -0.08810257 -0.01205766 -0.0903353 -0.0927906 -0.01954621 -0.08792895 -0.09405273 -0.01958495 -0.08545708 -0.09697663 -0.03073614 -0.08331614 -0.09473228 -0.01351338 -0.0876342 -0.09629309 -0.0355634 -0.07432484 -0.09972816 -0.01652866 -0.08146888 -0.1004167 -0.01481401 -0.0837754 -0.09923052 -0.01639777 -0.07362151 -0.1034111 -0.01333695 -0.06106132 -0.1065001 0.01953732 -0.08851653 -0.09314465 0.05580341 -0.07068318 -0.07528591 0.04226028 -0.07662898 -0.09451144 0.04308378 -0.07263356 -0.09750592 0.07252937 -0.0407893 -0.08094453 0.04946821 -0.06814682 -0.0967344 0.02355897 -0.06618988 -0.1045877 0.01179707 -0.037418 -0.1096694 -1.0822e-6 -0.03779745 -0.1098598 0.07421153 -0.02928644 -0.08617651 0.05327111 -0.05735093 -0.09983521 0.06927895 -0.04103267 -0.09267312 0.02466189 -0.0496425 -0.1074191 0.06882697 -0.03500658 -0.09591662 0.07393437 -0.01817798 -0.08990216 0.07144856 -0.02862387 -0.09395319 0.07442653 -0.01047319 -0.08640861 0.06381231 -0.03754323 -0.09948766 0.07198238 -0.01407551 -0.09398263 0.0711317 0.005993962 -0.08426773 0.07156437 -0.00125277 -0.09083366 0.06722843 0.01048278 -0.09179264 0.0697754 -0.02139073 -0.09685301 -0.001031517 -0.02397245 -0.1105216 0.06460469 0.02052009 -0.08307576 0.06774562 -0.0259906 -0.09830582 0.06588703 -0.01750075 -0.09981507 0.06837284 -0.009341001 -0.09762495 0.06071239 0.02106094 -0.093189 0.05823957 0.02559298 -0.09183102 0.0474599 0.03827744 -0.0895552 0.03352433 0.04960376 -0.07832872 0.05386507 0.03129166 -0.09116911 0.05021995 0.03102815 -0.09599936 0.02958047 -0.01538354 -0.1087654 0.01779496 0.05463355 -0.08387887 0.01517021 -0.01159119 -0.1100754 0.04636889 0.004578351 -0.1049383 0.0439065 0.02166926 -0.1026462 0.02993178 0.01616024 -0.1061806 0.05428445 0.01258593 -0.1014752 0.03684467 0.04214483 -0.09539324 0.03409242 0.002797007 -0.1072653 0.01299542 0.05470651 -0.08805096 0.02107721 -0.02482897 -0.1096502 0.001370847 -0.01971954 -0.1105899 0.01851534 0.05194765 -0.0924474 5.3446e-4 0.05635422 -0.08592057 -0.01439571 0.05527609 -0.08483088 0.02540779 0.02925378 -0.1043701 -0.03250235 0.05009639 -0.07832872 0.03154921 0.03839379 -0.1002748 0.003703176 0.04936128 -0.09836572 0.00962311 0.04507744 -0.1005671 -0.01837724 0.05230361 -0.09162497 -0.01179504 0.05389302 -0.0910837 0.01442658 0.005440592 -0.1089659 -0.002711534 0.04392033 -0.101548 -0.04644984 0.03916054 -0.08936679 -0.06417655 0.02120971 -0.08309149 0.00464195 -0.01005476 -0.1104084 -0.02290743 0.03367912 -0.1035435 0.002460241 0.004340231 -0.1095084 -0.06682431 0.01130974 -0.09187585 -0.01134055 0.02489018 -0.1064119 -0.05755424 0.02648115 -0.09183114 -0.07086712 0.006746292 -0.08426731 -0.05826061 0.02295368 -0.09468233 -0.05167692 0.03134447 -0.09440195 -0.06165927 0.01980125 -0.09288161 -0.07137 -5.33868e-4 -0.09088218 -0.07435095 -0.00981605 -0.08641141 -0.04172503 0.03083968 -0.100475 -0.03638285 0.02442902 -0.1037086 -0.07392764 -0.01758825 -0.08990478 -0.07428777 -0.02872276 -0.08619016 -0.04440438 0.01354098 -0.1041757 -0.07262128 -0.04040908 -0.08123278 -0.06830751 -0.008862972 -0.09762334 -0.07148873 -0.01657897 -0.09476023 -0.07155919 -0.01028889 -0.09409677 -0.0584104 -0.06780177 -0.07501477 -0.07151764 -0.02812093 -0.09395366 -0.06971758 -0.02095055 -0.09691923 -0.04861789 -0.002146303 -0.1050666 -0.03868442 -0.00498116 -0.1071733 -0.06709766 -0.0296846 -0.09843677 -0.06587648 -0.01701205 -0.09981501 -0.06591427 -0.04337453 -0.09628576 -0.06395059 -0.04020202 -0.09874218 -0.05937141 -0.0599327 -0.0935328 -0.04502338 -0.0749883 -0.09383332 -0.03877401 -0.07795155 -0.0957188 -0.04335141 -0.07241797 -0.09750646 -0.0501514 -0.06397801 -0.09873938 -0.02916735 -0.08064335 -0.09801501 -0.02367943 -0.06613016 -0.1045877 -0.0247724 -0.04954594 -0.1074204 -0.01152348 -0.03772389 -0.1096533 0.06066644 -0.04906457 -0.0984807 0.07358545 -0.0118103 -0.08987331 0.07083797 -0.009228467 -0.09486329 0.06689649 0.001516342 -0.09678834 0.06882792 0.001845717 -0.09431874 0.06467431 0.01097363 -0.09534555 0.0599907 0.01176625 -0.09890329 0.0607472 0.01550304 -0.09695029 0.04453545 0.03735005 -0.09476321 0.05360335 0.02505409 -0.09752017 0.05281859 0.01930159 -0.100344 0.04721236 0.02822947 -0.09942609 0.02927649 0.04853373 -0.0915969 0.02960878 0.04335784 -0.09782773 0.03938311 0.03324949 -0.1002457 0.02725112 0.04712629 -0.09536308 0.01795637 0.04863888 -0.09704244 0.004157006 0.05424278 -0.0922203 6.26964e-4 0.05531978 -0.08972144 0.008871376 0.05164206 -0.09570652 -0.02427351 0.05323034 -0.080024 0.01963847 0.04483854 -0.09953689 -0.003824353 0.05185294 -0.09608823 -0.008164346 0.05342888 -0.09324496 -0.01658493 0.04992651 -0.0960251 -0.02509683 0.04861509 -0.09449303 -0.03172439 0.04449093 -0.09588545 -0.03478533 0.04521417 -0.09271627 -0.02856492 0.04277688 -0.09859985 -0.02196478 0.04172706 -0.10069 -0.01786923 0.04653525 -0.09876298 -0.03828662 0.03854858 -0.09775948 -0.03373235 0.03746622 -0.1000805 -0.04698055 0.03280723 -0.09703958 -0.06116044 0.009557425 -0.09893584 -0.06383919 0.01182907 -0.09586101 -0.06651127 0.00142467 -0.09721833 -0.06858962 0.00264436 -0.09431755 -0.02550876 0.01766359 -0.1065664 -0.07352471 -0.01118862 -0.08987516 -0.05152249 0.01911944 -0.1009882 -0.01350206 0.003641307 -0.1092307 -0.006442368 -0.0061028 -0.110216 -0.06963449 -0.03184521 -0.09564769 -0.07012325 -0.03812396 -0.09261131 -0.02939695 0.002447843 -0.1078841 -0.05815684 -0.0485987 -0.1001369 -0.01930058 -0.009783089 -0.1097231 -0.009233415 -0.01461911 -0.1103932 -0.01383864 -0.02587056 -0.1101354 0.0583328 0.02186518 -0.09543985 0.03843057 0.03831011 -0.097835 -0.007641792 0.04859161 -0.09864085 -0.04082852 0.04068487 -0.09413635 -0.0546391 0.02346664 -0.09760916 -0.05899047 0.0180726 -0.0971204 0 -0.07086271 0.1064316 0 -0.07405799 0.1035636 0.009385883 -0.07109272 0.106006 0.0171622 -0.07114344 0.1040334 0.02406841 -0.06859767 0.1035367 0.02446955 -0.0659002 0.1060513 0.03079462 -0.06097602 0.106401 0.04603177 -0.04537701 0.1060578 0.04765146 -0.04018229 0.1064004 0.05153644 -0.03861081 0.1039282 0.05454272 -0.02761626 0.1039813 0.05180913 -0.0234149 0.1064866 0.05522108 -0.01909959 0.1040584 0.055103 -0.01359581 0.1037699 0.05223518 -0.007793247 0.1059774 0.05336272 -0.006455481 0.104887 0.04710358 0.005416214 0.1062345 0.05153638 0.001338541 0.1039282 0.04325962 0.01270371 0.105958 0.03946626 0.01565784 0.1064225 0.04508572 0.01339894 0.103903 0.03973096 0.01992958 0.1037244 0.0307945 0.02370357 0.106401 0.03497219 0.024302 0.1036307 0.0236656 0.02853238 0.106279 0.02827274 0.02906471 0.1036201 0.01895093 0.031192 0.1060112 0.01390874 0.03190231 0.1063757 0.009380638 0.03382122 0.106006 0.006508171 0.03618741 0.1040883 -5.69031e-4 0.03676831 0.1036053 -0.009618699 0.034249 0.1057607 -0.02604186 0.02672672 0.106431 -0.02024745 0.03277033 0.1039716 -0.03595489 0.01930916 0.1064231 -0.03218394 0.02411508 0.1059247 -0.04323679 0.01128143 0.1063551 -0.03984522 0.01992732 0.1035014 -0.04709446 0.01035469 0.1038601 -0.05153638 0.001338541 0.1039283 -0.05384844 -0.007179379 0.1043108 -0.04765152 -0.04018229 0.1064004 -0.04943746 -0.04361236 0.1036133 -0.04556137 -0.045825 0.1061297 -0.04709434 -0.04762738 0.1038601 -0.03878867 -0.05392825 0.1063827 -0.04418534 -0.0520628 0.1035666 -0.03984606 -0.05719882 0.1035015 -0.03079462 -0.06097602 0.106401 -0.03497356 -0.06157332 0.1036307 -0.03046476 -0.06488299 0.1036287 -0.02362394 -0.06522506 0.1064279 -0.0139091 -0.06917476 0.1063756 -0.0171622 -0.07114344 0.1040334 -0.009385883 -0.07109272 0.106006 -0.006544053 -0.07327723 0.1043961 0 -0.0723406 0.1057535 0.004311323 -0.07252055 0.1055116 0.006544053 -0.07327723 0.1043961 0.009245395 -0.07195901 0.1054559 0.01390916 -0.06917476 0.1063756 0.01496106 -0.07062023 0.1054824 0.01416206 -0.07179576 0.1044036 0.03046476 -0.06488293 0.1036288 0.02854073 -0.06516456 0.1050087 0.03497356 -0.06157332 0.1036307 0.03985255 -0.05469274 0.1057494 0.03827375 -0.05772936 0.1048673 0.03984606 -0.05719882 0.1035015 0.04415112 -0.0496332 0.1056315 0.04862052 -0.04345554 0.1050366 0.04785823 -0.04610818 0.104172 0.05047684 -0.03767257 0.1056109 0.05019998 -0.0340749 0.1063421 0.05284911 -0.03447115 0.1041563 0.05203998 -0.03245002 0.1056841 0.05339425 -0.02770519 0.1054164 0.05453127 -0.02316886 0.1048495 0.05405074 -0.015823 0.1054506 0.05256277 -0.0126726 0.1062142 0.05401468 -0.01165676 0.1051403 0.05019992 -0.003197491 0.1063421 0.05071723 -4.15366e-4 0.1056576 0.05284905 -0.002801001 0.1041563 0.04910624 0.005712389 0.1047721 0.04662007 0.009564101 0.105099 0.04325938 0.01468342 0.1049848 0.04014748 0.0181964 0.1051005 0.03648871 0.02059799 0.1058836 0.03015589 0.02606862 0.1056401 0.03484141 0.02363634 0.1047927 0.02845698 0.02802324 0.1049128 0.02243822 0.03100025 0.1051625 0.02024745 0.03277033 0.1039716 0.01495856 0.03334867 0.1054823 0.01415824 0.03452467 0.1044033 0.004105627 0.03342843 0.1064371 0.001709043 0.03563517 0.1053329 -0.002936244 0.03600227 0.104857 -0.00410974 0.03316718 0.1064938 -0.00514239 0.03459948 0.1059111 -0.006519079 0.03600788 0.1043966 -0.01495856 0.03334867 0.1054823 -0.01415824 0.03452467 0.1044033 -0.02216637 0.03103584 0.1052553 -0.02263057 0.02998924 0.105888 -0.02865689 0.02788978 0.1049274 -0.02827274 0.02906465 0.1036201 -0.03393685 0.02439695 0.1047313 -0.03497219 0.02430194 0.1036307 -0.03749424 0.01987898 0.1057482 -0.04335647 0.01312267 0.1057592 -0.04341071 0.01539301 0.1041107 -0.04781448 0.005190968 0.1059657 -0.04853492 0.006271719 0.1050863 -0.05135983 -0.001859128 0.1055597 -0.04950779 0.005854785 0.1040111 -0.04985761 -0.00268495 0.1064213 -0.05284905 -0.002801001 0.1041563 -0.05303257 -0.00879532 0.1056166 -0.055103 -0.01359581 0.1037699 -0.05431568 -0.01280856 0.1049238 -0.05507147 -0.01908326 0.1043118 -0.05320525 -0.02351897 0.105948 -0.05174881 -0.02463746 0.1064485 -0.05442214 -0.02426874 0.1048293 -0.05454272 -0.02761626 0.1039813 -0.04999154 -0.03379863 0.1064335 -0.0522257 -0.03265696 0.1054832 -0.05284911 -0.03447115 0.1041563 -0.05049896 -0.03761798 0.1056088 -0.05005443 -0.04127436 0.1045575 -0.04779535 -0.04434156 0.1053653 -0.04354363 -0.05144065 0.1051211 -0.04100918 -0.05331283 0.1057839 -0.03939223 -0.05665385 0.1047765 -0.03590869 -0.05861926 0.1057568 -0.03257918 -0.06223517 0.1051927 -0.02387779 -0.06703001 0.1056223 -0.02845674 -0.06529587 0.1049127 -0.02458024 -0.06811308 0.104012 -0.01851886 -0.06943804 0.1054977 -0.01416206 -0.07179576 0.1044036 -0.01298773 -0.07117819 0.1054587 -0.004731833 -0.07086515 0.1063693 -0.005421817 -0.07247424 0.1054875 0 -0.07337027 0.1047953 0.01902467 -0.0685603 0.1059562 0.02286297 -0.06811326 0.10512 0.03285324 -0.06115305 0.1057949 0.03337812 -0.06188887 0.1049439 0.03878867 -0.05392825 0.1063827 0.04327237 -0.05242437 0.1046184 0.05270868 -0.02543377 0.1060895 0.05345958 -0.02073985 0.1059154 0.009231626 0.03468906 0.1054559 0.002758026 0.0345447 0.106037 -0.01472502 0.03250151 0.1060599 -0.03919041 0.01939213 0.105001 -0.04406303 0.01340556 0.1051107 -0.05270832 -0.01184272 0.1060899 -0.05308449 -0.01796048 0.1061028 -0.05414277 -0.01798653 0.105453 -0.05319607 -0.02780222 0.1055737 -0.0513795 -0.03257185 0.1060451 -0.02992957 -0.06319689 0.1057785 -0.03574407 -0.06010001 0.1048041 -0.01859825 -0.06826144 0.106144</float_array>
          <technique_common>
            <accessor source="#Part__Feature001_005-mesh-positions-array" count="3284" stride="3">
              <param name="X" type="float"/>
              <param name="Y" type="float"/>
              <param name="Z" type="float"/>
            </accessor>
          </technique_common>
        </source>
        <source id="Part__Feature001_005-mesh-normals">
          <float_array id="Part__Feature001_005-mesh-normals-array" count="20097">0.015679 0.6833597 -0.7299135 0.01517027 0.683781 -0.7295297 0.01291114 0.7142577 -0.6997637 0.01966208 0.7055925 -0.7083451 0.05038332 0.7485579 -0.6611525 0.04295891 0.7675649 -0.6395301 0.02579921 0.7779787 -0.6277607 0.04746556 0.802812 -0.5943399 0.03443044 0.8299134 -0.5568288 0.02072089 0.8390118 -0.5437185 0.05590325 0.8711748 -0.4877802 0.03393369 0.918955 -0.3928998 0.03746151 0.9205905 -0.3887286 0.05734777 0.9528067 -0.2981122 0.03428053 0.9758299 -0.2158263 0.04591566 0.9810956 -0.1879978 0.05062603 0.9961804 -0.07114654 0.03922456 0.9981869 -0.04565465 0.05098772 0.9965699 0.06518262 0.03166615 0.9941286 0.1034681 0.06338715 0.9785107 0.1962114 0.0203942 0.9671052 0.253558 0.04580491 0.970481 0.2367885 0.04520922 0.9617051 0.270332 0.05566036 0.9540431 0.2944551 0.04074406 0.937807 0.344758 0.03406286 0.9359834 0.3503925 0.05044668 0.9146274 0.4011384 0.03017073 0.9000807 0.4346774 0.03875595 0.8972489 0.4398211 0.05346953 0.8857244 0.4611218 0.05691564 0.8658576 0.4970426 0.03982394 0.8579989 0.5121054 0.1005288 0.8316121 0.5461826 0.0185095 0.8044134 0.5937815 0.06437247 0.814801 0.5761559 -1 1.59884e-4 2.6652e-4 -0.9999999 2.17689e-6 5.46102e-4 -1 1.37673e-4 3.88216e-4 -0.9999999 -8.82028e-5 -6.33382e-4 -0.9999341 0.008903622 -0.007255673 0.1239138 0.1889546 0.9741364 -0.04604464 0.4962216 0.8669741 0.002602756 0.4678986 0.8837783 0.1040825 0.6243788 0.7741564 0.1025746 0.7270519 0.6788771 -0.004947185 -0.004218697 0.999979 0.06689286 0.01782774 0.9976009 0 -0.002365291 0.9999973 -0.03892248 0.02416509 0.9989501 -0.05256408 -0.005657792 0.9986016 0.05785077 -0.004665732 0.9983144 1 6.74647e-6 2.62199e-4 0.9972698 -0.06193053 0.0402199 1 5.64077e-5 1.69628e-4 1 1.05427e-5 -2.75072e-4 1 8.27721e-5 1.52769e-5 0.05691033 0.8001075 0.597151 0.001940965 0.8510932 0.5250112 -0.06176733 0.8268892 0.5589627 -0.08336073 0.8395919 0.5367836 -0.02031314 0.8547711 0.5186074 -0.05822688 0.8748984 0.4807936 -0.0511974 0.8868643 0.4591848 -0.01576018 0.9001678 0.435258 -0.03417867 0.9063448 0.4211544 -0.0405783 0.9288323 0.3682717 -0.02397 0.9365438 0.3497301 -0.04958564 0.9456927 0.3212579 -0.04819965 0.9565994 0.2873925 -0.0135014 0.9671448 0.2538676 -0.03602129 0.968791 0.2452481 -0.06163394 0.9792289 0.1931638 -0.03146767 0.9942291 0.1025583 -0.03512829 0.9937193 0.1062443 -0.03914338 0.9981886 -0.04569041 -0.0409606 0.998235 -0.04300278 -0.02957433 0.9759343 -0.2160497 -0.03901857 0.978974 -0.200219 -0.05027139 0.952647 -0.2998943 -0.02302575 0.919596 -0.3921901 -0.02165192 0.9202072 -0.3908323 -0.05372381 0.8834552 -0.4654254 -0.0470854 0.8596355 -0.5087336 -0.01151531 0.8390372 -0.5439523 -0.04204112 0.8191848 -0.5719869 -0.01188504 0.7780092 -0.6281405 -0.02259039 0.7826749 -0.6220209 -0.04452109 0.7468999 -0.6634444 -0.02740025 0.7261804 -0.6869581 -0.1287586 0.6708536 -0.7303264 -0.2316774 0.6560766 -0.7182543 0 -1 -6.7637e-6 0 -1 2.54857e-5 0 1 -3.14118e-6 0 1 0 0 1 -2.391e-7 0 1 2.74524e-5 0 1 -5.13548e-6 0 1 -2.03303e-6 0 1 1.14737e-6 0.08939349 -6.90003e-6 0.9959964 0.009090363 0.005366325 0.9999443 -0.1454073 -1.1288e-4 0.9893719 2.48129e-4 0.008637607 0.9999627 -0.9954797 -0.09444808 -0.009995698 -0.9963383 -0.08549898 1.77355e-4 -0.9963367 -0.08551704 4.84831e-5 -0.99629 -0.08592909 0.004741311 -0.9959641 -0.0897209 -0.002411246 -0.9963304 -0.08559048 2.84387e-5 -0.9981954 -0.05889749 -0.01171022 -0.9959533 -0.08985745 -0.001677989 -0.9958795 -0.09066945 -0.001763701 -0.9963385 -0.08549565 -3.09828e-4 -0.9969187 -0.07843804 8.3661e-4 -0.9963635 -0.08520525 -2.02707e-5 -0.996495 -0.08363354 -0.001794397 -0.9959812 -0.08917051 0.008379817 -0.9953171 -0.09657526 0.00416553 -0.9961658 -0.08748567 1.77274e-4 -0.9963722 -0.08510142 4.87776e-4 -0.9952969 -0.09679627 0.003846406 -0.9971061 -0.07600784 0.001474678 -0.9971838 -0.07497859 0.001693546 -0.996909 -0.07856249 7.05065e-4 -0.9934484 -0.11426 -0.002276659 -0.9960426 -0.08887022 -0.001153409 -0.9964308 -0.08441448 0 -0.9957148 -0.09247529 -6.32475e-4 0.9940987 -0.1084397 -0.002958476 0.9948777 -0.1010864 1.31255e-4 0.9948706 -0.101156 5.8113e-5 0.9948684 -0.1011772 1.83568e-5 0.9948678 -0.1011834 1.46493e-5 0.9954984 0.08208996 -0.0473743 0.9941626 -0.1078872 0.001037955 0.9948871 -0.1009904 -8.35386e-4 0.9944407 -0.1052877 0.001490592 0.9948155 -0.1016845 0.001569926 0.9949656 -0.1002169 8.50474e-6 0.994393 -0.1054282 0.00822544 0.9942682 -0.1066704 0.007230818 0.9955297 -0.09444868 4.48275e-4 0.9946714 -0.1030958 6.14253e-4 0.9935033 -0.1137986 -0.001149713 0.9939803 -0.1095561 8.28715e-4 0.994674 -0.1030667 -9.23709e-4 0.9964858 -0.08371609 0.002809107 0.9955521 -0.09421092 6.42931e-4 -0.04548996 -0.9963037 -0.07286769 0.03680509 -0.9969201 -0.06925094 0.02773928 -0.9969856 -0.07245939 -0.05104529 -0.9961763 -0.0709033 -0.01044875 -0.9932548 -0.1154806 0.02264046 -0.9982995 -0.05371773 0.9979527 0.06006038 0.02198469 0.99013 0.1342963 0.04008924 0.9997481 0.01113784 0.01949369 0.9868448 0.1554828 0.04430133 0.9995324 0.02392822 0.01903927 0.843551 0.5281174 0.09753847 0.9040675 0.4196764 0.08083099 0.9997152 0.0148797 0.01865845 0.999848 0.006557106 0.0161581 0.8553485 0.5090481 0.09617155 0.9793941 0.1967844 0.04542094 0.9998072 0.006549835 0.01851356 0.98483 0.168212 0.04259991 0.9453994 0.3195276 0.06420451 0.8596588 0.4994257 0.107521 0.9373409 0.3436955 0.05714422 0.9842912 0.1699464 0.04784381 0.9746807 0.2193515 0.04338842 0.936221 0.3423481 0.07929879 0.9712734 0.2313727 0.05563002 0.9801383 0.1926811 0.04693704 0.9192597 0.3855475 0.07946527 0.9560095 0.2869968 0.06065183 0.9815385 0.1844388 0.05064195 0.7755811 0.6207772 0.1144968 0.8734382 0.4782652 0.09147876 0.989775 0.137763 0.03697162 0.9063118 0.4157674 0.07573974 0.9529529 0.2952819 0.068479 0.9906225 0.1346012 0.02344691 0.9345896 0.3508768 0.05854743 0.9410141 0.3313479 0.06856429 0.9196741 0.3826644 0.08813351 0.8091995 0.5736988 0.1267518 0.8867281 0.4566925 0.07173174 0.9733096 0.2076345 0.09775698 0.8920052 0.4486422 0.05520111 0.8945334 0.4308963 0.1189056 0.9308316 0.3618125 0.05142289 0.9945054 0.09769791 0.03760522 0.8430357 0.5290634 0.09686547 0.8763974 0.4711499 0.09972631 0.9310612 0.3595148 0.06224286 0.9223781 0.3765907 0.08601349 0.8606945 0.5034446 0.07581877 0.9555951 0.2889446 0.05787098 -0.05368691 -0.9961029 -0.06997764 0.0388773 -0.9968181 -0.06958585 -0.05941444 -0.9958086 -0.06953608 0.03741246 -0.9968659 -0.06970375 -0.06010824 0.75935 0.6479002 -0.1353521 0.6191769 0.7734985 -0.02393853 0.4686645 0.8830519 0.1077853 0.4206163 0.9008131 -0.09780138 0.2358489 0.9668558 -0.09075093 0.1308471 0.9872403 0.9010699 0.03248888 0.432455 0.2781633 0.1904477 0.9414642 0.3109962 0.3898703 0.8667657 0.9098824 0.254241 0.3278347 0.8946368 0.04211008 0.4448053 0.5669433 0.08154088 0.8197112 0.7295242 0.1186237 0.6735896 0.9006419 0.1427592 0.4104436 0.6245976 0.3285987 0.7084497 0.6819024 0.3410214 0.6470808 0.9575594 0.1189981 0.2625254 0.6739332 0.426361 0.6033493 0.5908522 0.514459 0.6214706 0.5284511 0.6066001 0.5939493 -0.9758912 -0.009640574 0.2180446 -0.563659 0.1438051 0.8133934 -0.5178247 0.4179365 0.7464494 -0.8201495 0.2003269 0.535933 -0.4727209 0.5261989 0.7068591 -0.5792503 0.5613998 0.5910155 -0.2947999 0.7335646 0.6123529 -0.7079921 0.5046163 0.4940745 -0.7824813 0.4336046 0.4468894 -0.9878708 0.05524533 0.1451181 -0.3648958 0.05713951 0.9292934 -0.3739412 0.257776 0.8909094 -0.5367991 0.1857149 0.823017 -0.6691236 0.3072113 0.6766793 -0.9524325 0.06622618 0.2974667 -0.8676418 0.2059363 0.4525351 -0.7371437 0.04465931 0.6742587 -0.2588858 0.4178498 0.8708501 0.6257269 -0.7799668 -0.01085335 0.08297163 -0.9348906 0.3451018 0.4269295 -0.9035294 -0.03696012 0.3286038 -0.9298321 -0.1656258 0.2792237 -0.7791387 -0.5612283 0.6358671 -0.7714483 0.02325481 0.3582079 -0.639419 -0.6803165 0.3645672 -0.6697645 -0.6469207 0.7586215 -0.5662035 -0.3223462 0.9575068 0.173291 -0.2305451 0.2986405 0.9120304 -0.2810951 0.6312662 0.7455801 -0.2135723 0.9890995 0.1408855 -0.04282194 0.9961531 0.08736526 0.006813228 0.8626499 0.5043231 0.03864353 0.7422988 0.6318015 0.2232028 0.9576143 0.2653326 0.1121321 0.1475868 0.667828 -0.7295368 0.8915985 0.2592396 -0.3712774 0.9394645 0.193491 -0.2827858 0.3947085 0.6371561 -0.6619949 0.8938538 0.2869879 -0.3444755 0.3715357 0.6732643 -0.6392781 0.5084786 0.6840611 -0.522982 0.9212122 0.2783028 -0.2718746 0.9688988 0.1681945 -0.18151 0.4331492 0.7414751 -0.5124418 0.7493587 0.5534491 -0.3635323 0.7660155 0.550598 -0.3317564 0.9455799 0.268948 -0.1831545 0.5811372 0.7628418 -0.2834643 0.9325627 0.32588 -0.1553356 0.9326317 0.3258153 -0.1550567 0.9325776 0.3258863 -0.155233 0.8912737 0.4238386 -0.1612206 0.5021539 0.8372088 -0.2166174 0.7670426 0.6179063 -0.1727358 0.4375242 0.8814647 -0.1777436 0.8008014 0.5861076 -0.1232693 0.8771222 0.4709898 -0.09394383 0.9660914 0.2475879 -0.0732643 0.5114338 0.8479956 -0.1390644 0.5114612 0.8480055 -0.1389033 0.5114517 0.8479963 -0.1389945 0.3876466 0.9194899 -0.06533253 0.4379078 0.8975366 -0.05162233 0.4378821 0.8975316 -0.05192846 0.4379187 0.8975266 -0.05170404 0.7440008 0.667329 -0.03368777 0.9106767 0.4122854 -0.02624607 0.7180814 0.6954076 -0.02770137 0.9737299 0.2270731 -0.01697438 0.9035707 0.4277094 -0.02499693 0.427535 0.9030749 0.04086256 0.3282456 0.9422606 0.0663318 0.7654922 0.6417872 0.04616332 0.468232 0.8764745 0.1120333 0.9529299 0.2976075 0.05791687 0.9408093 0.3331015 0.06262111 0.9459907 0.3068666 0.1045682 0.9456924 0.3076685 0.1049101 0.6371958 0.7420334 0.2082501 0.4522291 0.8462052 0.2818259 0.9264867 0.3557381 0.1227713 0.5618527 0.762787 0.3201211 0.9414016 0.2836192 0.1825472 0.9333257 0.3007918 0.1960294 0.4450189 0.7791545 0.4414483 0.6870329 0.5895414 0.4247668 0.9409667 0.2474427 0.2309844 0.9051098 0.3050152 0.2962131 0.5341981 0.5320903 -0.6568961 0.8310887 0.3229264 -0.4527807 0.5807297 0.5288255 -0.6189479 0.8892749 0.26853 -0.3702456 0.4396018 0.6266555 -0.6434696 0.6943765 0.4850184 -0.5316 0.7264595 0.4661155 -0.5049685 0.5931676 0.5810937 -0.5572095 0.7836775 0.4415977 -0.4368537 0.5914255 0.5817039 -0.5584231 0.4705298 0.6680731 -0.5764373 0.6950116 0.5391899 -0.4756398 0.3941635 0.7247986 -0.5650684 0.7330391 0.5254179 -0.4319604 0.7463364 0.5140746 -0.4227403 0.4730355 0.7296056 -0.4938758 0.4718642 0.7475416 -0.4674674 0.411723 0.7829593 -0.4663251 0.5550792 0.7317374 -0.3955343 0.5208997 0.7737692 -0.3604786 0.9060104 0.3638743 -0.2161964 0.8741123 0.4205199 -0.2430859 0.6905153 0.6619042 -0.2916702 0.634904 0.7086515 -0.3077499 0.8919268 0.4202883 -0.1668066 0.7047415 0.7007154 -0.111074 0.6973161 0.7164515 0.02115511 0.6972965 0.7164701 0.02117103 0.6973254 0.7164427 0.02114868 0.7072582 0.7008853 0.09244221 0.7760947 0.6193669 0.1185821 0.5235429 0.8325843 0.1808485 0.8301119 0.5374587 0.1485002 0.9907984 0.1256652 0.05026805 0.5622702 0.8011416 0.2049984 0.4018563 0.8854875 0.2332881 0.9723364 0.2180544 0.0837512 0.6286308 0.745324 0.2220708 0.5321728 0.7958317 0.288867 0.9405546 0.3089803 0.1410262 0.4851876 0.8135805 0.320437 0.5617255 0.7614519 0.3235054 0.4692059 0.8043724 0.3644598 0.9769166 0.1758706 0.1212587 0.9309865 0.3081042 0.1957958 0.5625785 0.7396465 0.3693623 0.51609 0.7465495 0.4198988 0.4711086 0.7511175 0.4624708 0.5138832 0.7080327 0.4843693 0.6807708 0.5942684 0.4282479 0.5471063 0.6874638 0.4775649 0.8753491 0.3825874 0.2956193 0.9925605 0.06547939 0.1026459 0.4881946 0.6954967 0.5272099 0.7300093 0.537307 0.4223598 0.9409134 0.2474236 0.2312219 0.5612199 0.632295 0.5340741 0.6059871 0.5084649 -0.6117541 0.5961182 0.5258244 -0.6067551 0.7315539 0.4440148 -0.5173779 0.8936449 0.2871878 -0.3448505 0.9086176 0.2864124 -0.3039443 0.4862185 0.6633102 -0.5688685 0.8174002 0.4630883 -0.3426458 0.3896498 0.9037216 0.1773709 0.8507879 0.5139296 0.1097113 0.5707091 0.7959286 0.2019626 0.78161 0.6051711 0.151175 0.8012764 0.5761547 0.1612514 0.4109144 0.8807038 0.2356062 0.6972216 0.6878494 0.2018547 0.5887185 0.7848567 0.1934188 0.3229613 0.9114821 0.2547478 0.838805 0.5182157 0.1669093 0.8289611 0.5353528 0.1619294 0.9296908 0.3431717 0.1338215 0.5879772 0.7729953 0.2382464 0.6326442 0.734886 0.2443441 0.7474306 0.6240879 0.2277318 0.9446077 0.2957226 0.1423529 0.7486387 0.6129559 0.2526366 0.9094686 0.3728297 0.1840245 0.909386 0.3715221 0.1870521 0.8501119 0.4675586 0.2422786 0.7519455 0.592701 0.2885892 0.5622395 0.7411253 0.3669064 0.8571298 0.4534578 0.2443453 0.7327808 0.5970958 0.3263572 0.4403875 0.7987447 0.4099586 0.7610865 0.5581122 0.3305423 0.653929 0.6532158 0.3816885 0.8338626 0.4663141 0.2953379 0.9515787 0.2419098 0.1896775 0.4013232 0.7858952 0.4704346 0.7244615 0.5835024 0.3669884 0.7535499 0.5505264 0.3592816 0.9610724 0.2168032 0.1712785 0.7961596 0.4329733 -0.4226868 0.7640734 0.5145331 -0.389163 0.9322577 0.2758135 -0.2341421 0.6924065 0.6906546 0.2087329 0.9461416 0.3090844 0.0963487 0.8427976 0.5127894 0.1635215 0.7409008 0.6304789 0.2314357 0.7827373 0.5393719 0.3104844 0.9609942 0.2167238 0.1718171 0.7135623 0.5886041 0.3799659 0.8764996 0.3876223 0.2854778 -0.7934138 -0.6083723 -0.01943689 -0.6534466 -0.7451359 -0.1333416 -0.6093918 -0.6622859 -0.4359118 -0.4412723 -0.7066177 -0.5531459 -0.2366269 -0.5185456 -0.8216559 -0.3136606 -0.9156128 0.2515359 -0.4325471 -0.9016025 -0.004000723 -0.3354068 -0.933622 -0.1259062 -0.265203 -0.8667039 -0.4224829 -0.980269 0.1863005 0.06606686 -0.930759 0.3476969 0.113114 -0.5176026 -0.8491273 -0.1052165 -0.98068 0.1922614 0.03608834 -0.9988747 0.04635649 0.01002275 -0.6647325 0.6243468 0.4102705 -0.4566995 0.8461923 -0.274562 -0.4801666 0.79707 -0.3662233 -0.3275667 0.6987954 -0.6359127 -0.9506123 0.2477924 0.1869097 -0.6465073 0.6809235 0.3440516 -0.6815677 0.6707148 0.2925871 -0.8473001 0.4950332 0.1924183 -0.9514715 0.2806984 0.1261366 -0.5127674 0.8261263 0.2336347 -0.5127323 0.8261741 0.2335426 -0.512782 0.8260827 0.2337563 -0.3347422 0.9114665 0.2391164 -0.5492994 0.8090337 0.2091283 -0.7432985 0.6480359 0.1660025 -0.9158491 0.3881675 0.1026968 -0.9646239 0.254757 0.06782132 -0.5104366 0.8434565 0.1674388 -0.540049 0.8271397 0.1555216 -0.5400184 0.8303715 0.137344 -0.8925743 0.4487786 0.04369318 -0.2372075 0.9706659 -0.03924983 -0.8886519 0.4575565 -0.03066003 -0.8662102 0.4992001 -0.02189487 -0.4832055 0.8728085 -0.06868654 -0.9747248 0.2226181 -0.01878243 -0.5134546 0.8473467 -0.1355291 -0.4396008 0.880439 -0.177703 -0.8650401 0.4882823 -0.1152651 -0.9861186 0.1586119 -0.04911816 -0.5507599 0.8056077 -0.2183112 -0.7676065 0.6156433 -0.1782233 -0.9641785 0.2537908 -0.07713788 -0.8059596 0.5449165 -0.2312904 -0.5776656 0.7532634 -0.3144786 -0.9504622 0.2829572 -0.1286736 -0.5070677 0.764004 -0.3989741 -0.8867059 0.3910561 -0.2466329 -0.4267527 0.7623677 -0.4864953 -0.8502776 0.4315416 -0.3013303 -0.7250217 0.5622794 -0.3977256 -0.5597246 0.6717201 -0.4852842 -0.1680575 0.8037727 -0.5707067 -0.90222 0.3242885 -0.2843174 -0.9296654 0.2687151 -0.2520211 -0.3472501 0.7250425 -0.5947528 -0.7135737 0.5284824 -0.4599121 -0.6794347 0.5322855 -0.5050155 -0.9618191 0.1660457 -0.2175613 -0.3287673 0.6654763 -0.6701145 -0.929242 0.2178423 -0.2984195 -0.938363 0.1966289 -0.2842747 -0.931788 0.2078511 -0.2976056 -0.8028203 0.3624054 -0.4734364 -0.9162966 0.230029 -0.3278527 -0.5716053 0.5512916 -0.6077377 0.1348788 0.2900148 -0.94747 -0.7680188 0.3671221 -0.5247557 -0.9116647 0.3003512 0.280458 -0.3718359 0.7520993 0.5441367 -0.6463747 0.5998296 0.4715976 -0.9142882 0.3029056 0.2689337 -0.4314425 0.7489849 0.5028707 -0.9048507 0.3279068 0.2715189 -0.9904901 0.08415228 0.1088478 -0.6520332 0.6243791 0.4301204 -0.9104843 0.3199086 0.2620629 -0.4285185 0.7981625 0.4234485 -0.9068979 0.3512898 0.2326622 -0.8504151 0.4546424 0.2647542 -0.4883919 0.7817972 0.3876423 -0.999244 -0.02975511 0.02502208 -0.6848884 0.6565641 0.3159927 -0.5684273 0.7643728 0.304343 -0.5546327 0.7693486 0.3169944 -0.7484081 0.6203087 0.2347392 -0.4027276 0.8611671 0.3101645 -0.5794373 0.7725063 0.2597819 -0.6450059 0.720824 0.2537325 -0.8187587 0.5405048 0.1936207 -0.4931354 0.8327116 0.2518116 -0.8130984 0.5579999 0.1658532 -0.915192 0.3891043 0.1049841 -0.5838407 0.7883201 0.194117 -0.817212 0.5724111 0.06715852 -0.715101 0.6953353 0.07169055 -0.6157163 0.7865145 0.04783743 -0.6996031 0.7141699 -0.02273511 -0.8357567 0.5401781 -0.09858238 -0.8736981 0.4399915 -0.207507 -0.5646936 0.7239189 -0.3963114 -0.9333278 0.3057649 -0.1881676 -0.5638005 0.7008981 -0.4368876 -0.7320902 0.5597506 -0.388231 -0.4439727 0.7363506 -0.5105645 -0.8335356 0.4262144 -0.3515107 -0.5825892 0.6368467 -0.5049912 -0.431755 0.7089393 -0.5576672 -0.6880347 0.5585448 -0.4632883 -0.4623909 0.6662397 -0.5850806 -0.9078102 0.2851641 -0.3075099 -0.8249282 0.3932573 -0.4060077 -0.4863601 0.6235536 -0.6120741 -0.6102221 0.5646948 -0.5556518 -0.7929065 0.4147797 -0.4463824 -0.4662268 0.6250489 -0.6260563 -0.3759363 0.636931 -0.673046 -0.4401041 0.5847375 -0.681462 -0.6380795 0.4978252 -0.5873881 -0.6626591 0.4790843 -0.5756398 -0.3854216 0.5830353 -0.7152063 -0.4003099 0.735137 0.5471066 -0.7030237 0.5730926 0.4210968 -0.3166953 0.7964441 0.5151513 -0.6808103 0.6072169 0.4096156 -0.8775792 0.3895638 0.2794545 -0.4075927 0.7829798 0.4699053 -0.8767308 0.3906187 0.2806426 -0.3977313 0.7890065 0.4682722 -0.7607348 0.5555502 0.3356289 -0.5795432 0.7090075 0.4017939 -0.7145818 0.6141919 0.334875 -0.3616288 0.8441573 0.3957563 -0.9721378 0.1920045 0.1344708 -0.9042689 0.3736833 0.2065395 -0.7122443 0.6333163 0.3026858 -0.3768351 0.8534411 0.3600466 -0.8917765 0.4113846 0.188408 -0.9554239 0.2671923 0.1255928 -0.9638637 0.2451932 0.1041499 -0.7736991 0.6035832 0.1925542 -0.7705981 0.6065383 0.1956782 -0.9106769 0.3930293 0.1272624 -0.5201572 0.8212742 0.2344047 -0.5202466 0.8211838 0.2345226 -0.5201361 0.8213185 0.2342957 -0.7275249 0.658495 0.1925923 -0.9095929 0.3948568 0.1293409 -0.5724568 0.7928913 0.2088462 -0.8498614 0.5130039 0.1206764 -0.8014181 0.5866826 0.11633 -0.3290876 0.9398462 0.09160077 -0.4446073 0.8938925 0.05727684 -0.8909659 0.3206096 -0.321542 -0.6282314 0.5758361 -0.5232 -0.6721675 0.4972009 -0.5486184 -0.8062168 0.3931178 -0.4421232 -0.6335103 0.5105443 -0.5813857 -0.6438878 0.5013313 -0.5779927 -0.7720426 0.5360166 0.3415211 -0.5810873 0.7071012 0.4029212 -0.9402195 0.2817608 0.1913069 -0.8998991 0.3838925 0.2069019 -0.4131467 0.8313474 0.3717141 -0.9167622 0.3514535 0.1898095 -0.7025724 0.6471925 0.2958616 -0.8742657 0.4364551 0.2125241 -0.8253276 0.5329128 0.1866503 -0.5711828 0.781356 0.251462 -0.9243589 0.3592323 0.1285032 -0.7798176 0.6027343 0.1691036 -0.7828584 0.597724 0.1727973 -0.9019482 0.3686377 0.2249348 -0.8275836 0.5406585 0.1509764 -0.953562 -0.07915914 0.2906087 -0.7818855 -0.06600654 0.6199179 -0.7171807 -0.06557941 0.6937948 -0.7168827 -0.06506115 0.6941515 -0.7168831 -0.0650568 0.6941515 -0.3785571 -0.0277487 0.9251619 -0.378566 -0.02786105 0.9251549 -0.3779961 -0.02720004 0.9254076 0.9058445 -0.08740764 0.4144945 0.5936005 -0.05882221 0.8026074 0.6700552 -0.07133334 0.7388759 0.9958869 -0.001097321 -0.0905987 0.9299551 0.001459181 -0.3676702 0.9092487 -0.003009438 -0.4162427 0.6098639 0.006308972 -0.7924811 0.5271871 -0.004807293 -0.8497357 0.07144844 2.46157e-4 -0.9974443 0.07144767 2.2362e-4 -0.9974444 0.07112473 5.81543e-4 -0.9974673 0.03706872 0.0036664 -0.9993061 0.03671014 0.003330469 -0.9993204 0.03706872 0.003669202 -0.9993061 -0.3449133 -0.003560364 -0.9386279 -0.4853236 0.00808835 -0.8742972 -0.7378242 -0.009580016 -0.674925 -0.9415075 0.009670138 -0.3368535 -0.9610342 0.003039181 -0.2764127 -0.9997016 -0.004433453 0.02402633 -0.9480115 0.00634557 0.3181729 -0.8840949 -0.00864923 0.4672274 -0.664745 0.0104258 0.7469975 -0.4466018 -0.007876694 0.8946982 -0.111959 0.005547583 0.9936974 -0.03474169 -0.001246452 0.9993956 0.4196147 0.001590669 0.907701 0.4391447 -9.20733e-4 0.8984159 0.8532678 0.004111528 0.5214568 0.9061284 -0.009683132 0.4228919 0.9991796 0.006777822 0.03992843 0.8672974 -0.4643636 0.1793367 0.3677667 -0.7989848 0.4757844 0.40016 -0.8615569 -0.3123969 0.3672108 -0.8920858 -0.2633234 0.3908436 -0.8978967 -0.202541 0.97547 -0.2188828 -0.02342396 0.9792021 -0.2018325 -0.02066051 0.9408648 -0.3386105 -0.01079308 0.9439487 -0.3299673 -0.009087145 0.9578542 -0.2858082 0.0287919 0.8099884 -0.5841996 0.05128091 0.5377343 -0.8292593 0.1522201 0.871201 -0.4870687 0.06142407 0.945832 -0.2732743 0.1752799 0.8907764 -0.3588372 0.278843 0.946237 -0.2775757 0.1660943 0.532118 -0.7473861 0.3978248 0.6939842 -0.5977206 0.4013926 0.8651924 -0.4375092 0.2450055 0.8617111 -0.4430629 -0.2472838 0.8476957 -0.4479967 -0.2840972 0.8588547 -0.4503118 -0.2441062 0.8866804 -0.4131956 -0.2075265 0.3365088 -0.8184899 -0.4656568 0.4931337 -0.813412 -0.3085129 0.8193379 -0.5513417 -0.1571878 0.991032 -0.1326923 -0.01576501 0.6097744 -0.7790662 -0.1457087 0.8050394 -0.5806983 -0.1212486 0.7998957 -0.5872017 -0.1239409 0.9731563 -0.2280896 -0.03069239 0.4025156 -0.9153456 0.01112169 0.8091422 -0.5874649 0.01318252 0.4968404 -0.8676863 -0.01643991 0.4967578 -0.8677328 -0.01647806 0.496703 -0.8677641 -0.01648658 0.4889817 -0.8700285 0.06282824 0.5164572 -0.8532831 0.07197171 0.7612881 -0.6453509 0.06295073 0.5946975 -0.7827224 0.1835234 0.3641363 -0.9217342 0.1334576 0.2971645 -0.9238314 0.2413066 0.622956 -0.7657458 0.1598727 0.8662738 -0.4799667 0.1385706 0.8926906 -0.436239 0.1131337 0.7064687 -0.6451114 0.2910897 0.8879531 -0.4298217 0.1636848 0.3731354 -0.8056633 0.4600834 0.6632054 -0.6535778 0.3646844 0.6956064 -0.6116931 0.3767803 0.8033027 -0.5160773 0.2972692 0.7356415 -0.5566631 0.3859506 0.9119009 -0.3535116 0.2084859 0.899091 -0.3708086 0.2326728 0.7031852 -0.5611538 0.4366199 0.8635141 -0.416431 0.2844796 0.905851 -0.3405215 0.2519506 0.4884042 -0.6370849 0.5963088 0.6832355 -0.5316786 0.5005069 0.3602163 -0.6694428 0.649685 0.7431971 -0.5052291 0.4386362 0.4387469 -0.6726879 0.5958123 0.272871 -0.7492886 0.6034136 0.6381147 -0.6037669 0.4777817 0.9457148 -0.2787606 0.1670809 0.6630966 -0.6511469 -0.3692026 0.3481969 -0.7798917 -0.5201228 0.8927583 -0.3945352 -0.2175426 0.5874993 -0.6709675 -0.4523795 0.3850618 -0.7709407 -0.5073244 0.8574044 -0.4518447 -0.2463617 0.8483108 -0.4649444 -0.2533684 0.432369 -0.7703599 -0.4686179 0.5700867 -0.7318532 -0.3733526 0.1727894 -0.8696029 -0.4625309 0.8652368 -0.4556757 -0.2091051 0.5986786 -0.7175409 -0.3559762 0.8035722 -0.5431256 -0.2434883 0.5444189 -0.7639665 -0.3463575 0.8521741 -0.4852089 -0.1958871 0.5664893 -0.7534807 -0.3337016 0.8452374 -0.5061267 -0.1714922 0.4374275 -0.8315119 -0.3424111 0.7898331 -0.5715351 -0.2225116 0.7715222 -0.6049388 -0.1969835 0.4035503 -0.8587176 -0.3158344 0.4020504 -0.8592126 -0.3164008 0.789373 -0.5838634 -0.189721 0.3861324 -0.8754897 -0.2905507 0.4125627 -0.8661029 -0.2822372 0.3586992 -0.8878691 -0.2881379 0.5565945 -0.7989137 -0.2279027 0.6018702 -0.7655329 -0.227402 0.3488228 -0.8981658 -0.2676206 0.5631368 -0.7899012 -0.2427617 0.8510948 -0.5073387 -0.1350748 0.5629287 -0.7923636 -0.2350985 0.8505364 -0.5092069 -0.1315162 0.4912049 -0.8388873 -0.2344908 0.7940821 -0.5901648 -0.1453926 0.4382284 -0.8748447 -0.2064042 0.4135498 -0.8994395 -0.1413695 0.6021038 -0.7866975 -0.136302 0.4695372 -0.8753733 -0.1151368 0.8357641 -0.5460072 -0.05809158 0.7589069 -0.6492265 -0.05065059 0.3694791 -0.924304 -0.09564191 0.7317444 -0.6804513 -0.03919601 0.4265005 -0.8551541 0.2946332 0.6947467 -0.6908168 0.2002477 0.4221704 -0.8572226 0.2948586 0.4093162 -0.8179044 0.4043426 0.8884445 -0.4278938 0.1660522 0.6232832 -0.7174215 0.3111664 0.3302409 -0.8501807 0.4100413 0.4558581 -0.7635511 0.4573655 0.3790848 -0.7694671 0.5140188 0.778406 -0.5343173 0.329529 0.478787 -0.6963547 0.5346524 0.7048829 -0.5826195 0.4045922 0.4149655 -0.7118102 0.5666834 0.5006853 -0.6694648 0.5487542 0.4923939 -0.6523917 0.5761366 0.4701707 -0.6572124 0.5890768 0.7310272 -0.531528 0.4278755 0.7377157 -0.5127717 0.4391365 0.6798052 -0.5435938 0.4923116 0.4294429 -0.6616595 0.6146427 0.6579737 -0.6384538 -0.3993087 0.69729 -0.6174174 -0.3641189 0.7108255 -0.605355 -0.3581514 0.7032501 -0.6270744 -0.3349882 0.364266 -0.8126954 -0.4547928 0.5830678 -0.7040233 -0.4054419 0.2954946 -0.8740944 -0.3855412 0.6860011 -0.6846118 -0.2463925 0.6890823 -0.6894564 -0.2231942 0.6890183 -0.6895126 -0.2232179 0.6890774 -0.6894609 -0.2231952 0.7363293 -0.6401497 -0.2191522 0.4038923 -0.8695796 -0.2840816 0.4981724 -0.8363161 -0.2289101 0.8215566 -0.5571764 -0.1208279 0.6432774 -0.7418128 -0.1894941 0.4211034 -0.903722 -0.07719159 0.4211055 -0.9037268 -0.07712447 0.4210992 -0.9037338 -0.07707595 0.5292243 -0.696505 0.4845643 0.3943995 -0.6532639 0.6462937 0.4148904 -0.754873 -0.5079694 0.4416332 -0.7504875 -0.4916594 0.6943129 -0.6078096 -0.3853533 0.3944045 -0.7744219 -0.4946878 0.7543229 -0.6350427 -0.1664863 0.5002807 -0.818555 -0.2822886 0.3870068 -0.8993021 -0.2036697 0.3871833 -0.8992211 -0.2036924 0.3870635 -0.899279 -0.2036646 0.4515516 -0.7095617 0.5409469 0.99356 -0.1133058 -6.3787e-4 0.9949484 -0.1003865 -4.75848e-4 0.9927919 -0.1197914 -0.003780543 0.9930221 -0.1178119 -0.00526154 0.9943031 -0.1065161 -0.00398451 0.9947168 -0.1026555 -6.42012e-4 0.9949855 -0.1000148 -0.001009881 0.9956293 -0.09325665 0.005064964 0.9952139 -0.09760612 -0.004753887 0.9943032 -0.1037591 0.024396 0.9951056 -0.09707641 -0.01846611 0.9948078 -0.1017655 0.001149594 0.9937635 -0.1113836 -0.005289852 0.9940096 -0.1092579 -0.002814173 0.9962932 -0.08548378 -0.009613692 0.9948729 -0.1011221 0.001544713 0.9955219 -0.09432679 0.006225347 0.9959276 -0.09001171 0.005105018 -0.3704021 -0.8106991 0.4533976 -0.4382137 -0.7620816 0.4766554 -0.8557626 -0.4445148 0.2647206 -0.7915117 -0.5581287 0.249001 -0.980076 -0.1959099 -0.03271812 -0.8325724 -0.5318272 -0.1548659 -0.7773097 -0.5425416 0.3184936 -0.7021759 -0.5933578 0.3935424 -0.273567 -0.6819931 0.6782673 -0.8888714 -0.3618501 0.2810202 -0.9774253 -0.1726265 0.1218189 -0.9000043 -0.3633487 0.2407696 -0.8619993 -0.4840685 0.1504493 -0.8679277 -0.4929695 0.06068581 -0.8806615 -0.4705598 0.05485475 -0.4464901 -0.8572601 -0.2564213 -0.4057194 -0.875775 -0.261553 -0.360014 -0.8845949 -0.2964486 -0.8723344 -0.447229 -0.1975328 -0.3155525 -0.7208636 0.6170756 -0.3787985 -0.6769179 0.6311054 -0.6879999 -0.5579878 0.4640107 -0.7459743 -0.5000523 0.4398524 -0.3588511 -0.6709766 0.6488577 -0.8732762 -0.393211 0.2877045 -0.8549566 -0.4172348 0.3081628 -0.4313133 -0.7118437 0.5542991 -0.742875 -0.5453524 0.3882364 -0.6149542 -0.6251451 0.4806507 -0.8771768 -0.4125511 0.2456876 -0.4159418 -0.7518926 0.5115175 -0.8042507 -0.4983436 0.3237814 -0.8926389 -0.4064378 0.1949466 -0.1923306 -0.8876883 0.4183523 -0.6332811 -0.7120681 0.3031736 -0.8751456 -0.4511423 0.1749025 -0.3027377 -0.9084212 0.2883071 -0.9285028 -0.3640947 0.07292175 -0.7530204 -0.6325136 0.181348 -0.5051671 -0.8483722 0.1583373 -0.3805729 -0.9021948 0.2029996 -0.7709288 -0.6160365 0.1617649 -0.7045541 -0.7043447 0.08661496 -0.3293688 -0.9350885 0.130865 -0.4241449 -0.9007238 0.09379637 -0.7063988 -0.7075822 0.01812118 -0.2496585 -0.9677101 0.03475362 -0.393966 -0.9190264 0.01346534 -0.6359665 -0.7706953 0.03969252 -0.891416 -0.4510352 0.0441032 -0.8596957 -0.5104213 -0.01983904 -0.8030309 -0.5944703 -0.0417928 -0.5119025 -0.8577395 -0.04731911 -0.8883612 -0.4585747 -0.02288436 -0.2542729 -0.9627695 -0.09176224 -0.3584048 -0.9303385 -0.07756477 -0.6253389 -0.7771928 -0.07016074 -0.532299 -0.8347681 -0.140784 -0.8317468 -0.5481838 -0.08770287 -0.340388 -0.9252718 -0.1673567 -0.9821656 -0.1861308 -0.02657133 -0.8407799 -0.5348682 -0.08369714 -0.4846649 -0.8389033 -0.2476716 -0.9254372 -0.3638173 -0.105845 -0.5892344 -0.7549988 -0.2877148 -0.6408795 -0.6968274 -0.3220328 -0.6355146 -0.6998626 -0.3260576 -0.6661146 -0.6690031 -0.3297367 -0.5228633 -0.7635934 -0.3788654 -0.440982 -0.7656506 -0.4683099 -0.8626688 -0.3903614 0.3215907 -0.3763075 -0.6852129 0.6235992 -0.6274206 -0.5771179 0.5227604 -0.4449871 -0.676508 0.5867907 -0.5353814 -0.6475591 0.542249 -0.732163 -0.5287556 0.4293658 -0.4907795 -0.6968532 0.5230021 -0.286651 -0.76339 0.5788497 -0.6676353 -0.6040226 0.4352239 -0.585045 -0.6688179 0.4586992 -0.6488587 -0.6464905 0.4012886 -0.4904835 -0.7187322 0.4927982 -0.4307231 -0.7849561 0.4453331 -0.7267277 -0.5977174 0.3385272 -0.4203634 -0.7881518 0.4495682 -0.4236358 -0.8317215 0.3588485 -0.5915117 -0.7388299 0.3228691 -0.6303263 -0.7479311 0.2080573 -0.4273474 -0.8585133 0.2834239 -0.7287917 -0.6809926 0.07149791 -0.2707562 -0.9454734 -0.1810285 -0.5986959 -0.7885701 -0.1404305 -0.57085 -0.7953225 -0.2039427 -0.35409 -0.9071348 -0.2274354 -0.8633954 -0.491561 -0.1136498 -0.8642502 -0.4902004 -0.1130275 -0.3753637 -0.8886673 -0.2633869 -0.8346022 -0.5348736 -0.1317176 -0.8938614 -0.4335573 -0.1141932 -0.3983319 -0.8775713 -0.2668343 -0.3241143 -0.8985041 -0.2960413 -0.8092242 -0.5646981 -0.1620878 -0.4294602 -0.8591921 -0.2781242 -0.4528127 -0.8329285 -0.3181051 -0.8006771 -0.565104 -0.1989311 -0.5656338 -0.7769473 -0.2764263 -0.7753903 -0.5963535 -0.2076837 -0.5176452 -0.7901417 -0.328207 -0.8052433 -0.5519352 -0.216681 -0.7775622 -0.5831745 -0.2351695 -0.9364522 -0.3290209 -0.1216664 -0.4220753 -0.8235154 -0.3790448 -0.3488684 -0.8317028 -0.4319275 -0.4114888 -0.8008442 -0.4351155 -0.3720775 -0.7971483 -0.4755134 -0.5882242 -0.6906328 -0.4207358 -0.8633937 -0.4463867 -0.2351389 -0.5903953 -0.6895524 -0.4194651 -0.8313471 -0.4778371 -0.2837851 -0.331519 -0.7798008 -0.5310423 -0.556084 -0.6994231 -0.4489744 -0.8306911 -0.4785698 -0.2844703 -0.4161407 -0.7584608 -0.5015616 -0.5638063 -0.58661 0.5813874 -0.6170983 -0.574707 0.5374956 -0.2950897 -0.9247222 -0.2404389 -0.6388029 -0.7476134 -0.1816732 -0.7312899 -0.6599196 -0.1723983 -0.544649 -0.8083886 -0.2233061 -0.5153225 -0.8154872 -0.2634835 -0.6250315 -0.7486597 -0.2210074 -0.7997105 -0.5776191 -0.1637668 -0.8488681 -0.5081504 -0.1456235 -0.653972 -0.7220911 -0.2256215 -0.5631126 -0.790373 -0.2412774 -0.805553 -0.5686932 -0.1663509 -0.8233481 -0.5433442 -0.1639362 -0.3149435 -0.8903717 -0.3287082 -0.2421062 -0.8963962 -0.3712933 -0.4554346 -0.8101276 -0.3691513 -0.8090444 -0.5179753 -0.2777565 -0.8465239 -0.4744172 -0.2415071 -0.2144044 -0.8186565 -0.5327592 -0.635578 -0.6397991 -0.4320855 -0.8917983 -0.4372099 -0.1163756 -0.7454512 -0.6387829 -0.1904177 -0.5585983 -0.7852751 -0.2670415 -0.5586819 -0.7852286 -0.2670033 -0.5585832 -0.7852845 -0.2670452 -0.6226624 -0.6878848 -0.3729693 -0.5600507 -0.6071221 0.5636896 -0.8715472 -0.4498978 -0.1949301 -0.5971774 -0.7033533 -0.3855817 -0.3061757 -0.674592 0.671701 -0.4649327 -0.8530772 -0.2368479 -0.8082833 -0.5087106 -0.2964653 -0.6444535 -0.7355774 -0.2088197 -0.6444541 -0.7355771 -0.2088187 -0.6444848 -0.7355655 -0.2087651 -0.9960195 -0.08910328 0.002435028 -0.9964795 -0.08382892 0.001172006 -0.9946414 -0.1029388 -0.009601235 -0.9980797 -0.0619381 9.04263e-4 -0.9946666 -0.1031358 -0.001187026 -0.9983272 -0.05651253 0.01221764 -0.9949164 -0.10069 -0.001684427 -0.9958069 -0.0914179 -0.003388881 -0.9957259 -0.0922535 -0.004410982 -0.9964699 -0.08353453 -0.008359313 -0.9963859 -0.0849418 -8.73041e-5 -0.995723 -0.08769661 0.02906799 -0.9964281 -0.08428585 -0.005195438 -0.9958686 -0.09078538 0.001953661 -0.9969363 -0.07817035 0.00271511 -0.996512 -0.08320826 -0.006347715 -0.9965044 -0.08341431 -0.004604995 -0.9963067 -0.08571571 -0.005072176 -0.9953603 -0.09620493 0.001604437 -0.0159583 -0.8172336 -0.5760856 -0.03443205 -0.841057 -0.5398496 -0.02217668 -0.8686381 -0.4949506 -0.02541404 -0.867221 -0.4972746 -0.01289772 -0.9141357 -0.4052031 -0.03597587 -0.899025 -0.4364171 -0.03440445 -0.9252092 -0.3778949 -0.04075747 -0.9318105 -0.3606494 -0.03183066 -0.945665 -0.3235809 -0.006092488 -0.9515063 -0.3075688 -0.01720577 -0.9533015 -0.3015301 -0.03686654 -0.9623148 -0.2694274 -0.04020786 -0.9741197 -0.2224284 -0.01820421 -0.9835332 -0.1798087 -0.02960133 -0.9861481 -0.1632049 -0.04382616 -0.997737 -0.05099141 -0.03609478 -0.9993384 -0.004480838 -0.02450072 -0.9995146 0.01924532 -0.0382567 -0.9955903 0.08565276 -0.0303632 -0.9836633 0.1774391 -0.03431081 -0.9818149 0.1867146 -0.03882437 -0.9740874 0.2228153 -0.02381825 -0.9400808 0.3401189 -0.03285467 -0.9346651 0.3540081 -0.04044431 -0.8856489 0.4625909 -0.01588815 -0.8648056 0.5018556 -0.03121095 -0.8458074 0.5325747 -0.01859295 -0.8017242 0.597405 -0.01561146 -0.8034559 0.5951596 -0.02733361 -0.7695924 0.6379503 -0.009990811 -0.7450645 0.6669176 -0.004310429 -0.7484009 0.6632327 -0.02205288 -0.722352 0.6911739 -0.0102654 -0.6962916 0.7176856 -0.02600526 -0.7043015 0.7094246 -0.05189186 -0.6901945 0.721761 -0.01987773 -0.7474113 0.6640642 -0.01144379 -0.8132569 -0.5817923 -0.006788849 -0.6742116 -0.738507 -0.04521679 -0.8072619 -0.5884587 -0.01993083 -0.5496936 -0.8351287 -0.04755675 -0.9868239 -0.1546517 -0.02913451 -0.9383277 0.3445177 -0.03955316 -0.9816824 -0.1863741 -0.05027592 -0.975072 0.2161179 -0.01884883 -0.9935469 -0.1118451 -0.01873272 -0.9935432 -0.1118983 -0.01860773 -0.9935261 -0.1120705 -0.02636528 -0.8482117 -0.5290008 -0.07074278 -0.8723126 0.4838039 0.005872189 -0.7584439 0.651712 0.03285402 -0.6924722 0.7206962 0.009464383 -0.7025359 0.7115854 0.007978916 -0.7009096 0.7132056 -0.003597497 -0.7450122 0.6670413 -4.79003e-5 -0.7463231 0.6655838 0.02696514 -0.7737947 0.6328623 0.00310862 -0.801791 0.5975967 0.02276682 -0.8127528 0.5821636 0.008794248 -0.8650447 0.501618 0.01800292 -0.8592886 0.5111743 0.03904187 -0.9034792 0.4268503 0.01379799 -0.9401646 0.3404412 0.02219218 -0.9442702 0.3284224 0.03159904 -0.9757415 0.2166336 0.01652652 -0.9839943 0.1774326 0.03339499 -0.9933688 0.1100153 0.01781237 -0.9996662 0.0187174 0.01965785 -0.9995702 0.02175378 0.04570394 -0.995103 -0.08764272 0.01033055 -0.9837256 -0.1793805 0.0241971 -0.9810593 -0.1921908 0.04056036 -0.9667379 -0.2525331 -0.006470978 -0.9515046 -0.3075664 0.0189048 -0.9542489 -0.2984153 0.02154481 -0.9451329 -0.3259752 0.03575915 -0.9311771 -0.3628093 0.00895375 -0.9142476 -0.4050569 0.03280198 -0.9052827 -0.4235416 0.00602138 -0.8673528 -0.4976577 0.004994094 -0.8677667 -0.4969466 0.0303781 -0.8403652 -0.5411687 -0.006177604 -0.814245 -0.5804886 0.008310019 -0.8180056 -0.5751502 0.01052802 -0.6009734 -0.7991998 0.03271341 -0.8274315 -0.5606131 0.02378159 -0.8664728 -0.4986577 0.02470511 -0.9958511 -0.08758032 0.002164006 -0.9918199 0.1276265 0.03868758 -0.9561499 -0.2903112 0.01192218 -0.8345082 0.5508666 0.02433502 -0.8593862 0.510748 0.02748757 -0.9647482 0.2617355 -0.6840836 -0.7087606 0.1723022 -0.6320809 -0.7713501 0.07411473 -0.6544054 -0.7538438 0.05893385 -0.6664819 -0.7448778 -0.03096902 -0.6676972 -0.743828 -0.03000605 -0.6801202 -0.7245987 -0.1113254 -0.6401091 -0.7531074 -0.1519531 -0.6888682 -0.6995369 -0.1900234 -0.6508402 -0.7173033 -0.2487631 -0.6843591 -0.6827561 -0.2559232 -0.6616849 -0.6802065 -0.3154239 -0.68165 -0.6609718 -0.3137987 -0.6830015 -0.634996 -0.3609558 -0.8258463 -0.5216667 -0.2141075 -0.8160603 -0.5675843 -0.109058 -0.8239867 -0.5559453 -0.1094123 -0.7807 -0.6188825 0.08655625 -0.9854529 -0.1699343 0.0022583 -0.6248218 -0.7805647 -0.0177946 -0.8501617 -0.5020022 -0.1588045 -0.9666412 -0.2508939 -0.05154824 -0.9635831 -0.2620089 -0.05346912 -0.9781744 -0.2062246 -0.02542501 -0.8986569 -0.4336197 -0.06625533 -0.9738949 -0.2261955 -0.01908612 -0.9816535 -0.1903728 0.0107153 -0.8171663 -0.5763034 -0.0106672 -0.8336707 -0.5522608 -0.001173257 -0.9880744 -0.1526952 0.01983082 -0.9797652 -0.1992744 0.01870912 -0.8216865 -0.5623641 0.09261834 -0.842128 -0.4943223 -0.2155595 -0.9077361 -0.4025853 -0.1180691 -0.8035653 -0.574966 -0.1539381 -0.915036 -0.397817 -0.06671434 -0.914372 -0.4045771 -0.01553022 -0.9337446 -0.3579398 -3.91274e-4 -0.9337593 -0.3567216 0.02903789 -0.9124139 -0.4039969 0.06547921 -0.9212569 -0.3689863 -0.1230238 -0.787377 -0.6107808 0.0835725 -0.9655091 -0.2451754 -0.08764213 -0.9846022 -0.1711529 -0.03557181 -0.9817585 -0.1865839 0.03656059 -0.9729053 -0.2275261 0.041076 -0.9156674 -0.3840733 0.1184948 -0.966053 -0.2401695 0.09518551 -0.9213919 -0.3141769 0.2287573 -0.8734313 -0.4705784 0.1251952 -0.8021134 -0.5773338 0.1526428 -0.9556511 -0.2564644 0.1447659 -0.9475902 -0.2734786 0.165174 -0.793169 -0.4989324 0.3492128 -0.9634639 -0.2250941 0.1451554 -0.8907708 -0.3541949 0.284734 -0.7663146 -0.611232 0.1978827 -0.7865995 -0.5680969 0.2419241 -0.7561864 -0.5926598 0.2773741 -0.8984329 -0.4021606 0.1763098 -0.8720925 -0.4328841 0.2281799 -0.9544621 -0.2775346 0.1094377 -0.8467465 -0.4798268 0.2297537 -0.7961028 -0.5204603 0.3087743 -0.8448157 -0.4354202 0.3109595 -0.8936413 -0.3792109 0.2400094 -0.8005452 -0.4543155 0.3908003 -0.8303977 -0.4311156 0.3529575 -0.679702 -0.5507631 0.4844225 -0.686511 -0.543417 0.4831155 -0.6696203 -0.5958194 0.4434049 -0.6838944 -0.5811983 0.4410182 -0.669139 -0.6411938 0.3756642 -0.6847807 -0.6213043 0.380863 -0.66579 -0.6831028 0.3001571 -0.6682285 -0.6804184 0.3008345 -0.6514595 -0.7269415 0.2171558 -0.6680564 -0.6488413 -0.3642878 -0.9912049 -0.1299295 -0.02512818 -0.9603349 -0.2563838 -0.109655 -0.9671698 -0.2373796 -0.09073919 -0.8992617 -0.3884055 -0.2011706 -0.8906579 -0.4051674 -0.2063201 -0.7775842 -0.5515402 -0.3019376 -0.7935758 -0.53899 -0.28236 -0.8328925 -0.4867873 -0.263303 -0.9246679 -0.355015 -0.1376723 -0.8619695 -0.4640497 -0.2041236 -0.9863687 -0.1517032 -0.06374061 -0.9255805 -0.3487961 -0.1471124 -0.9862709 -0.1607303 -0.03788977 -0.9181665 -0.3655265 -0.1528418 -0.9857286 -0.1638372 -0.03868734 -0.8233125 -0.5135706 -0.2416645 -0.8400959 -0.494494 -0.2229679 0.08453208 -0.9135959 0.3977398 0.03172856 -0.9118903 0.4092057 0.06014651 -0.9721566 0.2264817 0.1139129 -0.9628671 0.2447671 0.06168478 -0.9859863 0.1550036 -0.003423213 -0.9999377 -0.01062953 0.09266996 -0.9868658 0.1323183 0.05332952 -0.994051 0.09496593 0.05229204 -0.9928908 0.1069276 -7.99928e-4 -0.7400875 0.6725101 0.009057402 -0.6874105 0.7262127 0.03430312 -0.8015799 0.5969029 0.03406351 -0.8014783 0.5970531 -0.001800417 -0.9998334 -0.01817154 -0.04760605 -0.9937379 0.1010872 -0.08394986 -0.9910578 0.1037154 -0.4239942 -0.9054111 0.02143841 -0.1196053 -0.9805195 0.1558079 -0.02419775 -0.7445513 0.6671266 -0.02415508 -0.7446033 0.6670701 -0.02413505 -0.7446537 0.6670147 0.0374853 -0.9625619 0.2684578 -0.1567196 -0.8927333 0.4224525 -0.02287226 -0.7441411 0.6676309 -0.09395539 -0.8392418 0.5355798 0.04533731 -0.8308266 0.5546818 0.92017 -0.09308505 -0.3802925 0.9201695 -0.09309208 -0.3802921 0.9204016 -0.09259694 -0.3798508 0.8514087 -0.0886442 -0.516958 0.7237415 -0.07192087 -0.6863131 0.4250321 -0.04514622 -0.9040518 0.4263632 -0.04523301 -0.9034204 -0.8764619 -0.07664072 -0.4753323 -0.8377323 -0.07112234 -0.5414299 -0.4853221 -0.0420106 -0.8733257 -0.48571 -0.04252201 -0.8730853 -0.4857097 -0.04252517 -0.8730853 -0.4942756 -0.04288375 -0.8682469 0.01837503 -0.9663465 0.2565872 0.6922839 -0.6393603 -0.3346065 0.645827 -0.688965 -0.3289906 0.6855425 -0.6777745 -0.2658069 0.6563071 -0.6969065 -0.2891062 0.6704236 -0.7056947 -0.2291883 0.6776775 -0.7012493 -0.2213657 0.6306639 -0.7539461 -0.1839252 0.6893983 -0.7153022 -0.1143363 0.6364603 -0.7688125 -0.06201499 0.6745682 -0.7381808 0.006850898 0.6451916 -0.7627227 0.04452145 0.6445559 -0.7502442 0.1472465 0.6618335 -0.7393648 0.123758 0.8006812 -0.5964906 0.05575442 0.8172744 -0.5751892 0.03492844 0.7823302 -0.6047017 -0.1493169 0.8185114 -0.5615004 -0.1214755 0.9876063 -0.1569431 0.001696586 0.9832417 -0.1821269 0.008091926 0.9314138 -0.3635818 -0.01663762 0.7968119 -0.6023077 -0.0481283 0.9028378 -0.4225054 -0.07983297 0.7869023 -0.5865435 -0.1917074 0.9581485 -0.2593713 -0.1211529 0.9819519 -0.187743 0.02287423 0.9111942 -0.4117107 0.01481825 0.9241564 -0.3819429 0.007388353 0.903016 -0.4294735 0.01069927 0.9765239 -0.2150356 -0.01268041 0.9764734 -0.2152674 -0.01264441 0.8862786 -0.4564527 -0.0784927 0.81214 -0.5809761 -0.05381143 0.8889278 -0.4368169 -0.137835 0.9683383 -0.2429304 -0.05749666 0.8790968 -0.4486271 -0.1610053 0.8171489 -0.5403144 -0.2008188 0.9124403 -0.4030725 0.070607 0.7859178 -0.6050575 0.1274318 0.8661201 -0.4810032 -0.1359118 0.9615365 -0.268974 -0.05568331 0.9542468 -0.291533 -0.0664947 0.7971714 -0.5758408 -0.1814534 0.8110078 -0.5770056 0.09659737 -0.04023498 0.9394794 -0.3402349 -0.03455018 0.9327199 -0.3589428 -0.03820347 0.997505 -0.05936664 -0.03811913 0.9975057 -0.0594092 -0.03948611 0.9902637 -0.1334874 -0.01260852 0.9932577 -0.1152397 -0.04371422 0.997923 -0.04731565 -0.05297452 0.8854064 -0.4617893 -0.007061839 0.7813612 -0.6240392 -0.05115127 0.6839097 -0.7277714 3.21631e-4 0.4622042 -0.8867736 -0.06754171 0.9974623 -0.02252227 -0.04113131 0.9920597 -0.1188524 -0.02868837 0.7317303 -0.6809903 -0.02700638 0.7343534 -0.6782299 -0.08248072 0.7736077 -0.628274 -0.002626955 0.9431775 -0.3322792 -0.02277845 0.9885402 -0.1492298 -0.02560985 0.827665 0.5606378 -0.06831747 0.8367424 0.5433186 -0.0435689 0.8903325 0.4532217 -0.009299993 0.8998765 0.4360456 -0.03118997 0.937492 0.3466065 -0.0392034 0.9386699 0.3425813 -0.04404658 0.9564993 0.2883902 -0.04950964 0.9555228 0.290732 -0.03087401 0.9804015 0.1945762 -0.05656588 0.9849507 0.1633167 -0.02613019 0.9991156 0.03294491 -0.05950957 0.9978616 -0.02703791 -0.02633666 0.9848887 -0.1711742 -0.06013703 0.9680839 -0.2433046 -0.02225118 0.9357182 -0.3520459 -0.05396568 0.9072266 -0.4171661 -0.02266919 0.8543655 -0.519178 -0.05200493 0.8367056 -0.5451782 -0.005039274 0.7751649 -0.6317389 -0.0589556 0.7512032 -0.657433 -0.01894026 0.7011937 -0.7127193 -0.004224836 0.7066612 -0.7075394 -0.01792746 0.9636539 0.2665517 -0.08821868 0.8877482 0.4517972 -0.07380276 0.8272874 -0.5569101 0.007188141 0.7907713 -0.6120696 -0.03999263 0.8966149 -0.4410017 -0.04977756 0.9173454 -0.394968 -0.01994419 0.9677855 0.250985 -0.03826344 0.7572978 0.6519479 -0.05689162 0.9981229 -0.02267795 -0.05667924 0.9981532 -0.0218566 -0.02046889 0.9927294 -0.1186147 -0.9631605 -0.2254021 0.1466824 -0.9642004 -0.2224653 0.1443151 -0.8108557 -0.4317625 0.3950879 -0.8285028 -0.4355708 0.3519394 -0.9688588 -0.220533 0.1125969 -0.9083035 -0.3262944 0.2617574 -0.9030546 -0.334937 0.2689045 -0.9675045 -0.2040739 0.1492953 -0.9942616 -0.1052082 0.01937466 -0.6873682 -0.5239738 0.5029677 -0.7626675 0.6366458 0.114107 -0.7694513 0.6287256 0.1124677 -0.7112207 -0.03775089 -0.7019545 -0.7096751 -0.0370438 -0.7035545 -0.9949121 -0.0849049 -0.05423295 -0.8095477 -0.04519033 -0.5853123 -0.8259081 -0.04998546 -0.5615847 -0.9703513 -0.0750243 -0.2297602 -0.9958528 -0.08267802 -0.03796732 -0.9157587 -0.04680246 -0.3989934 -0.8668419 -0.07355362 -0.4931278 -0.9687441 -0.07188099 -0.2374197 -0.8899093 -0.07613158 -0.4497392 -0.9948474 -0.08457845 -0.05590349 -0.9687361 -0.07195669 -0.2374294 -0.8843491 -0.06911057 -0.4616822 -0.8192968 -0.03201746 -0.572475 -0.8073638 -0.04549616 -0.5882974 -0.9666106 -0.07690924 -0.2444364 -0.9224798 -0.05688977 -0.3818306 -0.9152647 -0.04889547 -0.3998751 -0.8909364 -0.06508743 -0.4494396 -0.9190636 -0.06059461 -0.3894233 -0.9769545 -0.08289229 -0.1966952 -0.8663259 -0.07029956 -0.4945073 -0.9925003 -0.120429 -0.02097624 -2.63515e-4 -0.00232619 0.9999973 0.003287792 -0.009996414 0.9999447 4.08495e-4 -0.01997864 0.9998003 0.001763999 5.42128e-4 0.9999984 0.03594136 -0.004821538 0.9993423 -0.02639275 -0.002729952 0.9996479 -0.01322782 -9.4145e-4 0.9999121 0.0417664 0.4049261 -0.9133951 0.007010221 0.9275528 0.3736264 -0.06072878 0.4934338 -0.8676607 0.8155527 -0.51612 -0.2617136 0.9850104 -0.1699314 -0.02963137 0.8428817 -0.5110748 -0.1683834 0.9885823 -0.148227 -0.02709311 0.9498541 -0.293891 -0.106796 0.9323418 -0.3395169 -0.1243662 0.8460236 -0.4886271 -0.2132783 0.8114562 -0.5260108 -0.2546595 0.9653903 -0.246949 -0.08389198 0.9297797 -0.3339477 -0.1548833 0.7743852 -0.5533047 -0.3068901 0.9900043 -0.1393386 -0.02182978 0.8987854 -0.3995583 -0.180383 0.9503784 -0.2895811 -0.1136826 0.9603324 -0.2588629 -0.1036904 0.881733 -0.4121912 -0.229446 0.6604707 -0.6557027 -0.3658313 -0.003280639 0.03581273 -0.9993532 0.005819022 0.987119 0.1598821 -0.003087043 -0.8510034 -0.5251512 -0.06675201 -0.8577634 -0.5096923 0.0314514 -0.8857017 -0.4631881 -0.03734087 -0.9079391 -0.4174355 0.008328914 -0.9253349 -0.3790591 -0.03834319 -0.9425206 -0.331941 0.01538562 -0.9581413 -0.285882 -0.01812911 -0.9865053 -0.1627226 -0.03308254 -0.9841102 -0.17445 0.002052307 -0.9988894 -0.04707276 -0.03258591 -0.999417 0.01019245 0.003108501 -0.9962692 0.0862444 -0.02442997 -0.9840167 0.1763925 -0.03600651 -0.9349244 0.3530155 0.0181151 -0.8993759 0.4368008 -0.03999805 -0.8336659 0.5508189 -0.02567493 -0.8295086 0.5579037 0.02797394 -0.7642952 0.6442597 -0.06694579 -0.7225198 0.6881013 -3.10659e-4 -0.7054215 0.708788 0.6639634 -0.7087571 0.238361 0.6563283 -0.7129093 0.2469689 0.6441981 -0.6953544 0.3185767 0.6846612 -0.6286705 0.3687989 0.6864028 -0.6279538 0.3667768 0.6556535 -0.6199141 0.4310745 0.6764466 -0.5702483 0.4660869 0.6885039 -0.5592758 0.4617065 0.6747274 -0.5375124 0.5057899 0.9373162 -0.2939952 0.1870964 0.9515635 -0.2603453 0.1635457 0.9681059 -0.2387501 0.07595711 0.9035276 -0.3858846 0.1863627 0.9618088 -0.2622354 0.07846307 0.8133379 -0.4494255 0.3694568 0.8673729 -0.3887674 0.3106837 0.8374338 -0.43835 0.3264262 0.9452674 -0.2900363 0.1494936 0.8966115 -0.3772031 0.2319605 0.9489588 -0.2807395 0.1437453 0.8187084 -0.4803862 0.3145564 0.8248088 -0.4974594 0.2687463 0.7701295 -0.5760669 0.2739484 0.8935356 -0.4380746 0.09841096 0.7673821 -0.5782732 0.2769925 0.7942956 -0.4962469 0.350476 0.9095098 -0.3542622 0.2174636 0.9141185 -0.3692143 0.1675362 0.9577679 -0.2846875 0.04041975 0.8750191 -0.4675055 0.1256197 0.7786748 -0.5971755 0.1924756 0.8863494 -0.4456391 0.1256601 0.7927922 -0.5775896 0.194605 0.9224897 -0.3709287 0.1068862 0.9815896 -0.1896615 0.02259212 0.02628713 0.7004539 -0.7132134 0.03014242 0.7013586 -0.7121711 0.05382663 0.7137305 -0.6983491 0.03429818 0.7809933 -0.6235971 0.05137163 0.7750043 -0.6298646 0.01786428 0.8544482 -0.5192295 0.07113707 0.8851059 -0.4599209 0.02991372 0.9354785 -0.3521153 0.06305366 0.9661976 -0.2499731 0.03695511 0.9845167 -0.1713517 0.06741225 0.9963095 -0.05313283 0.03375583 0.9988861 0.03297024 0.06722474 0.985841 0.1536182 0.03754025 0.9802227 0.1943051 0.04556077 0.9562069 0.2891238 0.06729948 0.9513723 0.3006022 0.03056025 0.93769 0.3461265 0.06024664 0.9239683 0.3776943 0.03184545 0.8906514 0.4535703 0.05611592 0.87916 0.4732113 0.0322296 0.8255883 0.5633518 0.02873337 0.8271864 0.5611927 0.05242246 0.994668 -0.08881121 0.04481637 0.8879263 0.4577976 -0.008815109 0.9467091 -0.3219693 0.07697021 0.9963624 0.03657299 0.04580426 0.8794437 0.4737941 0.09142959 0.9626529 -0.2548334 0.05033499 0.848104 -0.5274333 0.03650242 0.9985857 0.03865456 0.0107851 0.9586206 0.2844824 0.005070984 0.9232219 -0.3842338 0.06514358 0.8187921 -0.5703822 0.004477083 0.4579542 -0.8889646 0.002989888 0.4561555 -0.8898951 0.05410915 0.6220942 -0.7810705 0.01509547 0.7808791 -0.6244998 0.05665946 0.8615374 -0.5045227 0.05252724 0.9974974 -0.04732739 0.01826989 0.9909084 -0.133292 0.05191504 0.9922574 -0.1128277 0.04846709 0.9966714 -0.0655511 0.0523647 0.9965904 -0.063762 0.05255323 0.9984823 0.01646941 0.06785446 0.996513 -0.04855823 0.03827029 0.7398411 -0.6716924 0.0470519 0.9130435 -0.4051392 0.04131591 0.7314003 -0.6806957 0.05885577 0.9353268 -0.348855 0.04650765 0.9386073 -0.3418382 0.06562054 0.9155304 -0.3968604 -0.0982899 -0.9950701 -0.01321238 -0.00993967 -0.9966116 0.08164972 0.02458661 -0.9994697 0.02134931 -0.9979168 0.05912148 0.0258224 -0.9863501 0.1594208 0.04121363 -0.9995112 -0.03064727 0.006189703 -0.9998897 -0.00374931 0.01437628 -0.9771288 0.2076309 0.04592096 -0.9995889 0.02250629 0.01776564 -0.9996293 0.02228754 0.01564085 -0.8892899 0.4495241 0.08421212 -0.9994961 0.02678912 0.01702827 -0.8974454 0.4336902 0.08065265 -0.9867729 0.1566818 0.04159587 -0.9877455 0.1511657 0.03883147 -0.8969702 0.434361 0.08231163 -0.8789499 0.4687562 0.08783322 -0.7680159 0.6302297 0.1138515 -0.9764269 0.2112833 0.04415881 -0.9862135 0.1606369 0.03973269 -0.9106677 0.4054049 0.07956963 -0.9561218 0.2870426 0.05863422 -0.9285929 0.364076 0.07186156 -0.9624794 0.2650288 0.05825084 -0.9901116 0.1354972 0.03632575 -0.9773272 0.2066138 0.04628562 -0.9829134 0.1727999 0.06341564 -0.9653784 0.2562654 0.04871183 -0.9766506 0.2127025 0.03018945 -0.9147843 0.3992843 0.06116938 -0.9183654 0.3817684 0.1042017 -0.9891679 0.1403923 0.04286015 -0.953949 0.2942577 0.05825603 -0.8832781 0.4644738 0.06390559 -0.8972184 0.4342831 0.079984 -0.9408792 0.3316245 0.06907659 -0.83491 0.5417872 0.09691166 -0.874929 0.4733884 0.1019945 -0.9670478 0.2485538 0.05513447 -0.9385518 0.3383483 0.0681253 -0.941025 0.3313173 0.06856358 -0.8769891 0.4721192 0.08940738 -0.9461835 0.3086152 0.09743452 -0.9715585 0.2271429 0.06693458 -0.9806309 0.1929513 -0.0336591 -0.9544807 0.294007 0.0502659 -0.896513 0.4352328 0.0826863 -0.9604426 0.2720548 0.05946713 -0.8743001 0.4761974 0.09399592 -0.06623899 -0.9854614 -0.1564554 0.036565 -0.9870468 -0.1562099 0.03664255 -0.9870483 -0.1561831 -0.06571567 -0.9854723 -0.1566074 0.02810704 -0.9833747 -0.1794003 -0.06376218 -0.9815868 -0.1800608 0.03434479 -0.98303 -0.1802018 -0.05788916 -0.9820585 -0.1794719 0.998349 -0.05687826 0.008006632 0.9893529 -0.1439194 -0.02163553 0.9925588 -0.1201 -0.02007275 0.994419 -0.1012804 -0.02954739 0.9927426 -0.1195136 -0.01336658 0.9907314 -0.09344184 -0.09858995 0.7918233 -0.06035476 -0.6077609 0.8310705 -0.06179279 -0.5527238 0.8842598 -0.08092027 -0.4599311 0.9630468 -0.0829823 -0.2562322 0.9464823 -0.09425294 -0.3086871 0.8732704 -0.06838679 -0.4824129 0.9705652 -0.08921462 -0.2237051 0.9464682 -0.09439665 -0.3086862 0.9454172 -0.09085595 -0.3129403 0.8386725 -0.03882968 -0.5432502 0.8409982 -0.08156001 -0.5348551 0.9934429 -0.1048315 -0.04562449 0.9081183 -0.07503122 -0.4119365 0.8785748 -0.06239163 -0.4735121 0.891999 -0.08768266 -0.443452 0.9734253 -0.05597501 -0.2220588 0.9608156 -0.09245032 -0.2613164 0.9722949 -0.08816319 -0.2164946 0.7065048 -0.0452215 -0.7062619 0.714118 -0.04912364 -0.6982997 0.7651658 0.6334013 0.1154299 0.7763755 0.6200917 0.112815 0.7968983 -0.4515852 0.4012779 0.8121204 -0.4519168 0.3690956 0.9588145 -0.2382903 0.1545726 0.9930917 -0.1166682 0.0125541 0.9583427 -0.2469173 0.1435661 0.9594948 -0.2428581 0.1427921 0.8947964 -0.3523237 0.2742395 0.9594044 -0.242419 0.1441397 0.9387717 -0.2771248 0.2047185 0.8958821 -0.3568713 0.2646473 0.995185 -0.09801423 3.75284e-4 0.9945789 -0.1039848 -1.23319e-4 0.9947276 -0.1025533 -6.30979e-5 0.9934456 -0.1143024 -9.12786e-4 0.9951606 -0.09826183 3.67929e-4 -0.003428697 0.9860528 -0.1663974 -0.01081979 0.9867218 -0.1620593 -0.06229424 0.9797185 -0.1904497 -0.122927 0.8383442 -0.5311008 -0.05947351 0.9751801 -0.2132765 -0.06616586 0.9829171 -0.1717443 -0.06224256 0.9845653 -0.163576 -0.03143602 0.9858202 -0.1648343 -0.002208828 0.9865183 -0.1636369 -0.011949 0.9873778 -0.1579315 -0.06233882 0.9846326 -0.1631333 -0.05855512 0.9852122 -0.1610223 -0.06104779 0.9828245 -0.1741536 -0.09218823 0.9820963 -0.1642807 -0.09925442 0.9816591 -0.16277 -0.06394183 0.9840972 -0.1657232 -0.02965813 0.9864348 -0.1614523 -0.06193321 0.9856238 -0.1571944 -0.118085 0.9791092 -0.1655325 -0.06364798 0.9864257 -0.1513714 -0.1238105 0.9788847 -0.1626525 -0.1471959 0.9755254 -0.1633511 -0.1938396 0.9645883 -0.1788732 -0.1927744 0.9644685 -0.1806612 -0.1484153 0.9752445 -0.1639244 -0.00996989 0.9879153 -0.1546735 -0.01873111 0.9871785 -0.158518 -0.06177031 0.9853112 -0.1592049 -0.0655815 0.9846506 -0.1617478 -0.06226241 0.9837468 -0.1684209 -0.1925065 0.9688926 -0.1555263 -0.1927328 0.9687857 -0.1559114 -0.06006759 0.9846302 -0.1639981 -0.09966039 0.982115 -0.1597433 -0.1090449 0.9807101 -0.1622246 -0.06289482 0.986359 -0.1521192 -0.03794562 0.9867601 -0.1576853 -0.06348443 0.986101 -0.1535397 -0.05165737 0.9848963 -0.1652597 -0.1221529 0.9797372 -0.1587253 -0.1345335 0.9775199 -0.1623445 -0.00467664 0.9875862 -0.1570093 -0.002349197 0.9878758 -0.1552281 -0.1427056 0.9768025 -0.1596622 -0.09584301 0.9855543 -0.1396312 -0.1929268 0.967195 -0.1652671 -0.1909971 0.9678821 -0.1634764 -0.190347 0.9665715 -0.1717779 -0.08660763 0.9849025 -0.1498873 -0.1873102 0.9680919 -0.1664719 -0.2368015 0.9577497 -0.1632202 -0.2408417 0.9563417 -0.1655476 -0.02994483 0.9874271 -0.155213 -0.1607738 0.9737752 -0.1609777 -0.02968209 0.9874247 -0.155279 -0.1884889 0.9694947 -0.1566916 -0.1968848 0.9686259 -0.1516585 -0.1846381 0.9686393 -0.1662729 -0.07976913 0.9845528 -0.1558622 -0.2714291 0.9486811 -0.1622667 -0.2748925 0.9473394 -0.1642633 -0.300806 0.9395005 -0.1638739 -0.003565371 0.9885227 -0.1510308 -0.03063333 0.9878399 -0.1524271 0.2925223 0.9420583 -0.1641861 0.2954469 0.9412352 -0.1636685 0.2723011 0.9483254 -0.1628838 0.2658303 0.9496229 -0.1659839 0.2428121 0.9565166 -0.1616113 0.1915451 0.9659141 -0.1741282 0.2346194 0.9578948 -0.1655035 0.1947971 0.9668277 -0.1652221 0.1909667 0.9690319 -0.1565527 0.2167098 0.9625169 -0.1630889 0.1896788 0.967773 -0.1656422 0.187326 0.9684633 -0.1642799 0.152558 0.9748101 -0.1627005 0.1879031 0.9680069 -0.1662983 0.1454289 0.9754685 -0.1652631 0.1902942 0.9691873 -0.1564105 0.1888219 0.9700988 -0.1524948 0.1237654 0.9788601 -0.162835 0.1239216 0.9788241 -0.1629317 0.06643778 0.9791676 -0.1918773 0.06551045 0.9782359 -0.1968836 0.06269192 0.983161 -0.1716518 0.06573808 0.9839013 -0.1661832 0.09879142 0.9814137 -0.1645219 0.09766227 0.9815812 -0.1641966 0.06522417 0.9844612 -0.1630396 0.1883391 0.9690881 -0.159363 0.1827895 0.9693772 -0.1639996 0.2125213 0.9658066 -0.148501 0.1466596 0.9758999 -0.1615869 0.1384798 0.9776489 -0.158196 0.1170646 0.9796217 -0.1632095 0.110279 0.980975 -0.1597709 0.06300693 0.9847921 -0.1619101 0.06324142 0.9834768 -0.169629 0.03108555 0.9858038 -0.1649988 0.06211823 0.9838929 -0.1676192 0.02162414 0.9865597 -0.1619644 0.08946359 0.9830673 -0.1599217 0.07146126 0.98392 -0.1636911 0.06437778 0.9868044 -0.1485685 0.05817449 0.9855803 -0.1588938 0.03243786 0.9863652 -0.1613427 0.06003344 0.9845728 -0.1643547 0.02072411 0.9871959 -0.1581608 0.06409233 0.9860709 -0.1534811 0.06488281 0.9856845 -0.155616 0.03401416 0.986761 -0.1585738 0.05947256 0.9853482 -0.1598495 0.09350103 0.9852131 -0.1435715 0.02040171 0.9874244 -0.1567704 0.009907722 0.9869641 -0.1606354 0.03239214 0.9871741 -0.1563271 0.04779136 0.9867784 -0.1548692 0.0477904 0.9867811 -0.1548522 0.04814791 0.9867137 -0.1551712 0.08136397 0.98464 -0.1544799 0.02148038 0.987939 -0.153347 0.04193782 0.9887502 -0.143577 -0.2474144 0.9475665 -0.2022478 -0.06018793 0.9667755 -0.24844 -0.1953706 0.967103 -0.1629174 -0.1499695 0.9730786 -0.1750062 -0.1208955 0.9736804 -0.193212 -0.08941817 0.9810158 -0.1720832 -0.1011829 0.9768521 -0.1884725 -0.2752592 0.9405576 -0.1989569 -0.2648783 0.9368328 -0.2284379 -0.3355068 0.926517 -0.1702979 -0.3039149 0.9331428 -0.1920428 -0.2377018 0.9623837 -0.1315887 -0.1948403 0.9677653 -0.1595863 -0.5047606 0.8489961 -0.1562773 -0.3014774 0.9426824 -0.143043 -0.3446788 0.9241214 -0.1649133 -0.3464439 0.9236583 -0.1638052 -0.3336036 0.9290413 -0.1599724 -0.4709947 0.8668608 -0.1634514 -0.4973849 0.8506423 -0.1703406 -0.574237 0.8012265 -0.1681908 -0.6311461 0.7569071 -0.1695472 -0.5696389 0.8046543 -0.1674612 -0.6667643 0.7275639 -0.1614809 -0.7276427 0.6666863 -0.1614484 -0.7571239 0.6309006 -0.1694933 -0.8017961 0.5735006 -0.1679888 -0.8052974 0.5682038 -0.169236 -0.8517563 0.4942244 -0.1739354 -0.9098091 0.3841897 -0.1569894 -0.8936393 0.4166551 -0.1667556 -0.9515263 0.2531943 -0.1746149 -0.9439754 0.2847315 -0.1668486 -0.9817294 0.09866547 -0.1627042 -0.9823304 -0.08092534 -0.1687545 -0.9821063 0.08902066 -0.1659595 -0.9817169 -0.09882777 -0.1626809 -0.09196883 0.9929711 -0.07450038 -0.1478363 0.9879322 -0.0462017 -0.9505076 -0.2622076 -0.1666807 -0.9427848 -0.2849223 -0.1731361 -0.9009746 -0.4022623 -0.1625732 -0.8933539 -0.4172926 -0.1666905 -0.2854349 0.9554521 -0.0750882 -0.3436627 0.9380607 -0.04402464 -0.6505846 -0.7375721 -0.1809065 -0.7120065 -0.6765286 -0.1880316 -0.8618243 -0.4771313 -0.1720601 -0.8219959 -0.5444122 -0.1671478 -0.510622 0.8582408 -0.05184715 -0.5922846 0.8028934 -0.06753873 -0.632853 0.7736544 -0.03092175 -0.6257517 -0.7616452 -0.1683194 -0.5753693 -0.8002421 -0.1690052 -0.5810682 -0.7963729 -0.1677797 -0.7737703 0.6322713 -0.03889286 -0.7288419 0.6811566 -0.0693919 -0.5186638 -0.8384976 -0.1670616 -0.8564026 0.5138818 -0.05000215 -0.8141284 0.5772826 -0.06276911 -0.3787993 -0.9101672 -0.1676509 -0.2568863 -0.951485 -0.1693691 -0.2688084 -0.9486659 -0.1666584 -0.9935501 0.1033259 -0.04671192 -0.9567251 0.2815374 -0.07357895 -0.09935784 -0.9816404 -0.1628194 -0.9948204 0.08069497 -0.06181359 0.1004449 -0.9813809 -0.1637141 -0.9887446 -0.1445502 -0.0385937 -0.9939867 -0.08284288 -0.07160753 0.2621752 -0.9505401 -0.1665469 0.2844548 -0.9429885 -0.1727956 0.39735 -0.9033691 -0.1613617 0.4172875 -0.8933137 -0.1669182 -0.9384871 -0.3413817 -0.05196887 -0.9597073 -0.2700615 -0.07764619 -0.07107043 -0.9848575 -0.1581289 0.5038048 -0.8465918 -0.1716485 -0.904004 -0.4214309 -0.07192236 0.575594 -0.8024554 -0.1573439 -0.8632866 -0.5036674 -0.03248858 0.06526339 -0.9849712 -0.1599148 0.6427351 -0.7491092 -0.1603963 0.6675184 -0.72578 -0.1663214 -0.8120347 -0.5798857 -0.0658192 -0.773173 -0.6327966 -0.04209601 0.7247996 -0.6688436 -0.1652685 0.7208382 -0.6733234 -0.164402 -0.7210941 -0.6891624 -0.07126361 0.802209 -0.5734839 -0.1660634 0.8114586 -0.5591941 -0.1698145 -0.6293205 -0.7764204 -0.03357321 0.8519851 -0.4941519 -0.1730186 0.8909682 -0.4229997 -0.1650669 0.884737 -0.4371362 -0.1617172 -0.4832586 -0.8741241 -0.04866623 -0.3013796 -0.9526387 -0.04062104 -0.4132918 -0.9077894 -0.07147264 0.9481594 -0.2705388 -0.1667415 0.951483 -0.2561482 -0.1704944 -0.1288242 -0.9896247 -0.06361925 0.9817295 -0.09866499 -0.1627043 0.9823523 -0.08058267 -0.1687912 0.982366 0.09094882 -0.1633564 0.981234 0.09900236 -0.165465 0.1829533 -0.9824016 -0.03762096 0.9423016 0.2863361 -0.1734346 0.9505394 0.2621239 -0.1666316 0.8993949 0.4054879 -0.1633049 0.8936224 0.416781 -0.166531 0.3168628 -0.9421986 -0.1089029 0.8570016 0.4852643 -0.1733981 0.4802344 -0.8762196 -0.04017829 0.8004948 0.5750151 -0.1690142 0.7982174 0.5780167 -0.1695455 0.4986645 -0.8651884 -0.05275368 0.727566 0.665771 -0.1655197 0.7274755 0.6658667 -0.165533 0.6224815 -0.7817348 -0.03751564 0.6026203 -0.7960242 -0.05651772 0.5014586 0.8490607 -0.166239 0.7052718 0.6892617 -0.1658614 0.3928298 0.8838648 -0.2539053 0.3073744 0.9323979 -0.190145 0.3355044 0.9266642 -0.1695004 0.5279806 0.8320334 -0.1701678 0.7583377 -0.6503927 -0.04374092 0.7316501 -0.6789388 -0.06107652 0.5035895 0.8485028 -0.1626066 0.4696997 0.8659473 -0.1718069 0.345467 0.9240958 -0.1633998 0.3401211 0.926367 -0.1617466 0.2665829 0.9360479 -0.2296697 0.1894763 0.9678301 -0.1655402 0.2643882 0.9468859 -0.1830466 0.09223306 0.9788715 -0.182493 0.2172714 0.9599345 -0.176972 0.1150693 0.9734869 -0.1976932 0.1492832 0.9731937 -0.1749537 0.106616 0.9732479 -0.2035231 0.2564559 0.9425503 -0.2140782 0.2885706 0.9442672 -0.1583871 0.06755965 0.9678657 -0.2422226 0.3057065 0.9409729 -0.1453055 0.1982687 0.9669089 -0.1605511 0.2544134 0.9597145 -0.1192556 0.9948669 -0.08131325 -0.06023472 0.9957621 0.07124286 -0.05815976 0.9662483 0.2516391 -0.05515587 0.9947133 0.08111387 -0.06297743 0.8591635 0.5091045 -0.05148774 0.7858418 0.616849 -0.04416239 0.8142012 0.5771672 -0.06288528 0.7301546 0.6801914 -0.06491363 0.6918823 0.7212203 -0.0337699 0.5668858 0.8222555 -0.05036467 0.5908961 0.8041884 -0.06420898 0.3919501 0.9189073 -0.0445494 0.06879258 0.996047 -0.0561971 0.2516439 0.9642822 -0.08267629 -0.2042579 0.9785383 0.0272324 -0.2643936 0.9579186 -0.1117506 -0.3266459 0.9228841 -0.2039302 -0.4004288 0.8849024 -0.2379173 -0.6270089 0.7630279 -0.1569983 -0.6618927 0.7175931 -0.2166985 -0.7313457 0.6458961 -0.2189785 0.003481388 -0.002880096 0.9999899 -0.08939194 0.988504 -0.1219384 -0.8621307 0.502896 -0.06185799 -0.9378094 0.3337085 0.09566867 -0.9521207 0.269174 -0.1449531 -0.9458717 0.1932079 -0.2607635 -0.9753234 0.09401696 -0.1997628 -0.07647269 0.9874153 -0.1384308 -0.05805593 0.992332 -0.1091181 -0.1830135 0.9773613 -0.1061655 -0.9950282 -0.06788569 -0.07287323 -0.9599842 -0.1314789 -0.2472726 -0.943739 -0.2250072 -0.2423396 -0.9454948 -0.3246144 0.02579319 -0.7919485 -0.5778809 -0.1971584 -0.7712389 -0.6018637 -0.207246 -0.7116467 -0.6770577 -0.1874887 -0.2056134 0.9005259 0.3831139 -0.9887943 0 -0.149285 -0.9895805 0 -0.1439813 -0.5949686 -0.8031498 -0.03103095 -0.4496718 -0.8679785 -0.2107342 -0.402896 -0.8939166 -0.1964386 -0.2749677 -0.9519065 -0.135155 -0.2090337 -0.9474393 -0.2422055 -0.1531444 -0.955023 -0.2539252 -0.09402412 -0.9782935 -0.1846656 -0.08550232 -0.9850741 -0.1493934 0.00408107 -0.9718071 -0.2357425 0.09586375 -0.9784489 -0.182888 0.08012294 -0.9896634 -0.1189401 0.1400013 -0.9612191 -0.2376083 0.2209015 -0.9430374 -0.2487629 0.3225799 -0.9464609 0.01242011 0.5100347 -0.8369275 -0.1985372 0.5648969 -0.7862684 -0.250347 0.6181878 -0.7515891 -0.2301256 0.6880633 -0.7170857 -0.1111628 0.7167851 -0.657412 -0.2324405 0 -0.988124 -0.1536594 0 -0.9891525 -0.1468929 -0.171662 -0.9783599 -0.1155162 -0.1713777 -0.9789784 -0.110594 -0.3161027 -0.9392448 -0.1337844 -0.2348463 -0.9675166 -0.09358882 0.88498 -0.4258561 -0.1883004 0.8985453 -0.3549697 -0.2580952 0.9491531 -0.2706713 -0.1607651 0.9521294 -0.2825339 -0.116723 0.9467807 -0.2024687 -0.2502259 0.1474424 -0.9815477 -0.1217581 0.9577616 -0.1463698 -0.2475253 0.9894112 -0.07464772 -0.1244716 0.9961494 -0.08116269 -0.03315252 0.266373 -0.9561411 -0.121818 0.9871755 0.08680534 -0.1339756 0.3950689 -0.9107368 -0.1203289 -0.2569367 -0.9640628 -0.06757527 -0.1817352 -0.9802671 -0.07777321 0.956903 0.148323 -0.2496738 0.9457284 0.205314 -0.2518808 0.9359697 0.3365749 0.1033347 0.9517374 0.2781037 -0.1298241 0.1259748 -0.987398 -0.09578979 -0.04162514 -0.9855504 -0.1641885 -0.007090985 -0.004975378 0.9999625 0.28105 -0.9577422 -0.06116384 0.3036901 -0.9503167 -0.06834083 0.6767632 0.7124171 -0.1856164 0.9887943 0 -0.1492851 0.9895805 0 -0.1439813 0.3761065 -0.9235013 -0.07542675 0.6202803 0.7578471 -0.2022876 0.5688191 0.79914 -0.1944741 0.003626406 0.009143829 0.9999517 -0.005332827 -0.02008718 0.999784 0.06721752 0.9885992 -0.1347352 0.0824685 0.9879741 -0.1307911 0.1830132 0.9773612 -0.106166 0.07647305 0.9874153 -0.1384305 0.05808311 0.9923257 -0.1091612 0.3221359 0.9463987 -0.02362239 0.2270822 0.9713987 -0.06941467 0.09924983 0.9923262 -0.0737437 -0.130742 0.9913378 0.01249194 -0.1199447 0.9809226 -0.1529839 -0.08930724 0.98471 -0.1495681 -0.09115546 0.9843533 -0.1507956 -0.09194999 0.9841416 -0.1516928 -0.3496226 0.9257402 -0.1441153 -0.8946959 0.4185692 -0.1559466 -0.3415073 0.9336064 -0.108407 -0.452332 0.8842613 -0.1160942 -0.5694934 0.8127226 -0.1231235 -0.4710325 0.8755653 -0.1073032 -0.183371 0.9763074 -0.1148866 -0.08924072 0.9907647 -0.1020854 -0.8946689 -0.417468 -0.1590225 -0.9870179 0.09400343 -0.1302273 -0.8993626 -0.4189751 -0.1249282 -0.9030746 0.421905 -0.08032733 -0.9870251 -0.09414672 -0.1300688 -0.8977004 0.4347107 -0.07183879 -0.4172124 -0.8951175 -0.1571573 -0.4223036 -0.897107 -0.1298414 -0.5806833 -0.8052794 -0.1197172 -0.4405692 -0.8912098 -0.1079071 -0.4970914 -0.8599037 -0.1160421 -0.5431026 -0.8328604 -0.1066926 -0.4103118 -0.9088201 -0.07543462 -0.9020995 -0.4247386 -0.07624739 0.4174681 -0.8946688 -0.1590222 0.4083484 -0.9038976 -0.1273613 -0.5896079 -0.804826 -0.06795388 -0.3417339 -0.9344412 -0.100189 -0.1562845 -0.978844 -0.1320598 0.8918564 -0.4236955 -0.1583487 0.5919487 -0.7958979 -0.1270565 0.2631047 -0.9576251 -0.1171755 0.1489961 -0.9833328 -0.1041964 0.600643 -0.7896134 -0.1254546 0.9081924 -0.3995271 -0.1247591 0.8948685 0.4182514 -0.1558082 0.4929153 -0.8647196 -0.09640926 0.6070852 -0.7909187 -0.07678037 0.5902763 -0.8020675 -0.09089428 0.9875193 -0.09675437 -0.1242759 0.9060869 -0.4165198 -0.07428264 0.8612226 -0.5033299 -0.07038962 0.9870179 0.09400331 -0.1302276 0.9061641 -0.4163421 -0.07433718 0.02323061 0.9569732 -0.289245 0.1251128 0.9904038 -0.05871248 -4.19111e-5 6.6073e-4 0.9999999 0.9899303 -0.1167325 -0.0800721 0.8707417 0.4752135 -0.126416 0.8322936 0.5423414 -0.1146877 0.3520331 0.9248441 -0.1440007 0.08952313 0.9844133 -0.1513813 0.1304048 0.9794934 -0.1535811 0.06447535 0.9882869 -0.1383189 0.5703616 0.8123763 -0.1213769 0.3414789 0.9336559 -0.1080691 0.4509015 0.8849622 -0.1163179 0.4715158 0.8754138 -0.1064118 0.8984745 0.433322 -0.07053935 0.9052034 0.4170042 -0.08194142 0.08523041 0.991016 -0.1030691 0.183436 0.9761018 -0.1165187 -0.2174528 0.9641671 -0.1519736 -0.2168152 0.9642853 -0.1521347 -0.3172467 0.9357102 -0.1542756 -0.4665678 0.8726903 -0.143966 -0.9896941 0.111572 0.0897628 -0.3152774 0.9405429 -0.12641 -0.2538006 0.9585711 -0.1293324 -0.8928515 0.02839863 -0.4494552 -0.936046 -0.0399124 -0.3496072 -0.9264907 0.34759 -0.1442093 -0.6285179 0.7731119 -0.08522462 -0.8156058 0.5651189 -0.1242101 -0.760673 0.6430044 -0.08900547 -0.5963963 0.77444 -0.2110792 -0.8639854 -0.4778157 -0.1588132 -0.9264513 0.3476125 -0.1444075 -0.9588862 0.2669082 -0.09642273 -0.2506414 0.9623272 -0.1053819 -0.3402177 0.9334263 -0.1138742 -0.4531552 0.8845063 -0.110902 0.0187838 0.01810127 0.9996598 0.01887172 0.01796555 0.9996606 0.01858913 0.01819008 0.9996618 -0.4596195 0.8853425 -0.07013207 -0.9281603 -0.3432486 -0.1438716 -0.6728445 0.7314894 -0.1104706 -0.9485754 0.2845063 -0.1387842 -0.9730911 0.2021368 -0.1106088 -0.5699371 0.8144072 -0.1091446 -0.5969738 0.7985496 -0.0770778 -0.4489067 -0.8636335 -0.2293907 -0.7533798 0.6477789 -0.1131432 -0.8739556 0.4734729 -0.1096596 -0.8271575 0.5508618 -0.1111839 -0.2696431 -0.9628676 -0.01337039 -0.9265015 -0.3449057 -0.1504498 -0.8839439 0.4533063 -0.1147032 -0.9915978 0.06351053 -0.1126965 -0.7170451 0.6879442 -0.1121567 -0.970709 -0.2135645 -0.1100654 -0.955438 -0.2639235 -0.1322215 -0.9903397 0.09038263 -0.1051583 -0.4495451 -0.8796362 -0.1554008 -0.9436613 0.3209429 -0.08061623 -0.9590635 0.2748262 -0.0683223 -0.9916004 -0.06346923 -0.1126958 -0.3471843 -0.9266717 -0.1440231 -0.9903758 -0.09040611 -0.104798 -0.8039165 -0.5825135 -0.1199845 -0.7459149 -0.6536146 -0.1280585 -0.6926356 -0.7132382 -0.1074579 -0.4968463 -0.8549132 -0.1492223 -0.8670411 -0.4874469 -0.1031286 -0.8016797 -0.5849882 -0.1228765 -0.8623611 -0.4926877 -0.1165866 -0.9596736 -0.2682286 -0.08414405 -0.9742208 -0.1961795 -0.111389 -0.6262715 -0.7724915 -0.1050754 -0.7012878 -0.7016097 -0.1262512 -0.3163556 -0.9399437 -0.1281601 -0.2372759 -0.9620686 -0.1346262 -0.3468196 -0.9278736 -0.1369919 -0.8009219 -0.5872743 -0.116761 -0.8511092 -0.5130726 -0.1112191 0.343248 -0.9281604 -0.1438714 0.8132419 -0.5592243 -0.1609526 -0.4102281 -0.9028469 -0.1287649 -0.6469149 -0.7556357 -0.1025475 -0.7349357 -0.6699827 -0.1048467 -0.7148054 -0.692886 -0.09466898 -0.8387086 -0.5403898 -0.06743043 -0.7806097 -0.6158974 -0.1063906 -0.8176479 -0.5652539 -0.1092697 -0.5197708 -0.8478462 -0.1048573 0.34532 -0.9260771 -0.1521032 0.2553935 -0.9580114 -0.130339 -0.3367181 -0.9333881 -0.1241273 -0.4807749 -0.8702071 -0.1076812 -0.4139299 -0.9062139 -0.08624577 -0.5498498 -0.8319751 -0.07404643 0.4532033 -0.8816537 -0.1315049 0.9285587 -0.3424823 -0.1431247 0.511619 -0.8519709 -0.1113172 0.876308 -0.4623841 -0.1352233 0.821848 -0.5607385 -0.10069 0.7209636 -0.682142 -0.1220405 0.926857 -0.3448056 -0.1484763 0.8299044 -0.5420594 -0.1320238 0.9642382 -0.2418553 -0.1084008 0.9264254 0.3476278 -0.1445365 0.8908618 -0.4486958 -0.07097536 0.7519664 -0.6498976 -0.1103626 0.9298132 -0.3515325 -0.1089605 0.9250185 -0.3658511 -0.1024399 0.8652874 -0.4861194 -0.1223351 0.7892841 -0.6040754 -0.1101079 0.8752083 -0.4109668 -0.25518 0.710482 -0.6961842 -0.102679 0.8296045 -0.5501065 -0.09559971 0.8358709 -0.5426819 -0.08256059 0.7068042 -0.7015029 -0.09122318 0.9588863 0.2669078 -0.09642285 0.9264506 0.3476146 -0.1444076 0.9709684 -0.2054804 -0.122467 0.9920217 -0.05641365 -0.1127403 0.948575 0.2845072 -0.1387848 0.9730911 0.2021371 -0.1106091 0.9607409 -0.2679863 -0.07183676 0.9476553 -0.309125 -0.07994568 0.9775452 -0.1923103 -0.0861532 0.9915967 0.06351786 -0.112701 0.2070918 0.9666789 -0.1504832 0.2206329 0.9631083 -0.1540901 0.3207054 0.9343273 -0.1555018 0.8131488 0.5684276 -0.1252166 0.4506421 0.8811088 -0.1434189 0.9903346 0.09045255 -0.1051468 0.627481 0.7734259 -0.08989 0.7607275 0.6430372 -0.0883001 0.9598467 0.2716609 -0.0699625 0.9435277 0.3209978 -0.08195024 0.5965006 0.7741247 -0.2119392 0.8873516 0.4465713 -0.1148095 0.8753937 0.4712942 -0.1075539 0.256744 0.9576571 -0.1302905 0.3129752 0.9411292 -0.1277592 0.8284949 0.548562 -0.1125878 0.7533749 0.6477808 -0.1131654 0.6728423 0.731489 -0.1104856 0.5699754 0.8143789 -0.1091576 0.7171257 0.6878439 -0.1122574 0.5971853 0.798399 -0.07699894 0.4532566 0.8844577 -0.1108747 0.3402752 0.9334047 -0.11388 0.2466299 0.9634065 -0.1049845 0.4594022 0.8853235 -0.07177716 -0.2081475 0.9672834 -0.1450426 -0.1152648 0.9838531 -0.1369204 -0.6789465 0.7214069 -0.1363957 -0.7253714 0.674556 -0.1371518 -0.9515119 0.2665224 -0.1535941 -0.9815958 0.09909576 -0.1632471 -0.9754024 0.1725455 -0.1371794 -0.3420062 0.9327136 -0.1143556 -0.4722304 0.8751883 -0.1050898 -0.9873842 0.09594148 -0.1259668 -0.9665988 0.1977906 -0.1629904 -0.5814474 0.805694 -0.1130321 -0.6633371 0.7396885 -0.1133359 -0.937419 0.3312488 -0.1073311 -0.8914648 0.4349548 -0.126906 -0.8936731 0.435855 -0.1066724 -0.9742477 -0.1816809 -0.1335425 -0.9504124 -0.2681656 -0.1574915 -0.9815684 -0.09930306 -0.163286 -0.7603753 0.6389875 -0.1162949 -0.8273628 0.5505674 -0.1111147 -0.9708746 -0.1810516 -0.1569171 -0.9555361 -0.2638585 -0.1316412 -0.9873803 -0.09600055 -0.1259524 -0.7938306 0.5950418 -0.1255322 -0.7658929 0.6408295 -0.05239886 -0.6801549 0.7312362 -0.05179715 -0.7999951 -0.5795953 -0.1551682 -0.7437738 -0.650309 -0.1545925 -0.9395894 0.3221947 -0.1155962 -0.9730749 0.1995486 -0.1153497 -0.9752025 0.1908851 -0.1119959 -0.936588 0.3323225 -0.1111972 -0.7337488 -0.6620597 -0.1526098 -0.6739124 -0.7228126 -0.1529185 -0.92966 -0.3532143 -0.1047475 -0.895968 -0.4219484 -0.1385675 -0.9210118 -0.3592347 -0.1506252 -0.91095 -0.398154 -0.1079051 -0.09987628 -0.9815618 -0.1629761 -0.2653916 -0.9513817 -0.1563342 -0.1782525 -0.9746658 -0.1351031 -0.9080332 -0.4042683 -0.1097403 -0.9386057 -0.3264 -0.1117258 -0.1027222 -0.9865514 -0.1271396 -0.1852278 -0.9697403 -0.1590421 -0.6339139 -0.7651985 -0.1123594 0.09729397 -0.9818578 -0.1627551 0.2675333 -0.9505726 -0.1576006 0.18168 -0.9742432 -0.1335765 0.2564538 -0.9572923 -0.1335028 0.1010334 -0.9869447 -0.125429 0.1809605 -0.9703844 -0.1600235 -0.5420299 -0.8328356 -0.112199 0.9653528 0.07567822 -0.2497336 0.6704878 -0.728699 -0.1394417 0.7171866 -0.6839743 -0.133501 0.3912494 -0.91539 -0.09478908 0.951397 -0.2647716 -0.1572886 0.9742063 -0.1816731 -0.1338549 0.9815959 -0.09909534 -0.1632471 0.6078022 -0.7857227 -0.1149622 0.5926011 -0.797821 -0.1109308 0.5113043 -0.8520323 -0.1122895 0.9583278 -0.2514765 -0.1355259 0.9873803 -0.09600096 -0.1259524 0.9708746 -0.1810516 -0.1569172 0.4995724 -0.8614311 -0.09145563 0.3385779 -0.9195107 -0.199662 0.3638252 -0.92493 -0.1101629 0.506815 -0.8549115 -0.1107478 0.4092429 -0.9072144 -0.09737652 0.8976511 -0.416495 -0.1440644 0.6735472 -0.7309926 -0.1094723 0.975488 0.1722788 -0.1369059 0.950556 0.269731 -0.153911 0.9818706 0.09699773 -0.1628546 0.9665989 0.1977899 -0.1629902 0.9873842 0.09594267 -0.1259667 0.9374182 0.3312509 -0.1073312 0.8984018 0.4247627 -0.1115837 0.8880565 0.4415199 -0.1281247 0.7247871 0.6753578 -0.1362923 0.6791569 0.7213758 -0.1355099 0.9395896 0.3221938 -0.1155965 0.9730748 0.1995492 -0.1153497 0.9751992 0.1908984 -0.1120019 0.9365877 0.3323235 -0.1111972 0.7603141 0.6390597 -0.1162993 0.8318977 0.5437798 -0.1106784 0.2048828 0.967936 -0.1453379 0.6634041 0.7396284 -0.1133356 0.5814471 0.8056942 -0.1130321 0.7659212 0.6408084 -0.05224496 0.7938591 0.594996 -0.1255686 0.6801602 0.731235 -0.05174428 0.3420051 0.9327152 -0.1143455 0.4722275 0.8751891 -0.1050958 -0.03966867 0.9530636 -0.3001604 -0.1085874 0.2508616 0.9619134 -0.1087707 0.2498467 0.9621568 -0.1085972 0.2508513 0.961915 -0.5721399 0.8071894 -0.1452628 -0.6499134 0.7459376 -0.1455665 -0.5629913 0.8139629 -0.1431974 -0.4523892 0.8795695 -0.1473146 -0.747235 0.6486872 -0.144378 -0.8143161 0.5622398 -0.1441387 -0.8126426 0.5645333 -0.1446173 -0.8633421 0.4834191 -0.1447297 -0.8697607 -0.4716544 -0.1451156 -0.8236122 -0.5482026 -0.1453855 -0.6412182 -0.7538929 -0.1431257 -0.9710012 -0.2077838 -0.1182484 -0.9390848 -0.3247507 -0.1125019 -0.5832886 -0.7997693 -0.1419284 -0.4857264 -0.8622883 -0.143279 -0.5670328 -0.8108644 -0.1448198 0.4752787 -0.8679467 -0.1441491 0.5510752 -0.8213028 -0.147574 0.7473496 -0.6488232 -0.1431682 0.8671084 -0.476577 -0.1449052 0.7996242 -0.5834619 -0.1420333 0.814453 -0.5612666 -0.1471264 0.7475851 0.6484051 -0.1438314 0.8640499 0.4820865 -0.1449497 0.8159653 0.5588982 -0.1477621 0.8024899 0.5793132 -0.1428509 0.4730865 0.8685602 -0.1476229 0.588446 0.7942598 -0.1512705 0.6359724 0.7568065 -0.1509406 0.5580185 0.8170812 -0.1448929 -0.1558555 0.2514327 0.9552438 -0.67109 -0.4491525 -0.5898308 -0.4447259 -0.7283234 -0.5213099 -0.3757105 -0.864957 -0.3327029 -0.2971706 -0.8434451 -0.4475379 0.3977304 -0.9054644 -0.1481377 0.3679255 -0.7143576 -0.5952513 0.3678691 -0.7143929 -0.5952438 0.3678969 -0.7143751 -0.595248 0.5187454 -0.8457518 -0.1249282 0.7280562 -0.5706591 -0.3798454 0.8816154 -3.45916e-4 -0.4719685 -0.1061142 0.2112746 -0.9716496 -0.1061304 0.2112344 -0.9716565 -0.1060636 0.2116321 -0.9715774 -0.5639993 0.2568604 -0.7848106 -0.5640047 0.2568451 -0.7848117 -0.5639492 0.2569932 -0.784803 0.07483428 -0.9970194 -0.01877295 -0.1081594 0.9941308 0.002370834 -0.01427322 -0.9998413 -0.01066744 0.2739608 -0.8044652 -0.5270495 0.426698 -0.904363 -0.007505953 0.4826034 -0.8758114 -0.006955027 0.079382 -0.986283 -0.1447219 0.5242289 -0.8512833 -0.02238065 0.6014161 -0.7988601 -0.01100975 0.6627214 -0.7487967 -0.01019895 0.07380133 -0.9203557 -0.3840558 0.1149533 -0.9533441 -0.279143 0.2636306 -0.2462375 -0.9326661 0.4261255 -0.8925789 -0.1473769 0.4376108 -0.8860449 -0.1530398 0.08516895 -0.8102965 -0.5797982 0.07849371 -0.8006519 -0.593966 0.8604549 -0.5093117 -0.01480442 0.892381 -0.4512808 -0.001378595 0.9006681 -0.4345012 -0.002433598 0.4925501 -0.8599197 -0.1339119 0.05191826 -0.6127914 -0.7885375 0.06145638 -0.5842392 -0.8092514 0.9468954 -0.3096749 -0.08654856 0.5573405 -0.8130083 -0.168491 0.5957333 -0.7906048 -0.1415844 0.3272428 -0.7410164 -0.5863505 0.03328537 -0.4369918 -0.8988495 0.7273226 -0.6696801 -0.1501014 0.6430721 -0.750867 -0.1505228 0.6625373 -0.7361618 -0.1382396 0.3373187 -0.7182746 -0.6085211 0.7222743 -0.6767845 -0.1424174 0.4194092 -0.713021 -0.5618693 0.2639551 -0.5384916 -0.8002216 0.2520697 -0.5301851 -0.809546 0.7831156 -0.600865 -0.1602852 0.7965558 -0.5858179 -0.1493867 0.4599675 -0.656588 -0.5977644 0.4824517 -0.6582601 -0.5778703 0.08857101 -0.3438189 -0.9348497 0.1081389 -0.3707982 -0.9223962 -0.8307248 -0.02198624 -0.5562491 0.9640672 -0.05718076 -0.259432 0.839585 -0.5174704 -0.1652923 0.8633546 -0.4845276 -0.140897 0.5426481 -0.5994879 -0.5883429 0.5492907 -0.6008075 -0.580784 0.186788 -0.387148 -0.902899 0.3457149 -0.4874833 -0.8017739 0.3432462 -0.4859207 -0.8037806 0.8882235 -0.4345327 -0.1491324 0.8911505 -0.4293372 -0.1466985 0.07077062 -0.2765452 -0.9583916 0.07407486 -0.2813745 -0.9567347 0.6416116 -0.5550382 -0.5294027 0.2768138 -0.3653351 -0.8887657 0.4418438 -0.4679955 -0.7653459 0.6329512 -0.4584075 -0.6238874 0.7140131 -0.4370009 -0.5470061 0.2140505 -0.3248898 -0.9212107 0.3213375 -0.3218953 -0.8905761 0.4392211 -0.4318994 -0.7877486 0.3597692 -0.3297538 -0.8728279 0.5627204 -0.4122313 -0.7165272 0.1672073 -0.2427411 -0.9555724 0.7312138 -0.3309555 -0.5964855 0.5031097 -0.3299171 -0.7987712 0.9591053 0.2772598 -0.05695837 0.9412875 0.3366744 0.02506726 0.1673822 -0.2120651 -0.9628145 0.7314993 -0.3313336 -0.5959252 0.38383 -0.2936066 -0.8754826 0.9057137 0.4238339 0.006897687 0.8813334 0.4722375 0.01559484 0.8612939 0.5080468 -0.007827699 0.9068294 0.4214729 0.004582703 0.5369914 -0.2575086 -0.8033241 0.5356827 -0.25779 -0.8041071 0.214574 -0.2115756 -0.9535165 0.3243319 -0.1952377 -0.9255762 0.8009864 0.5985635 -0.01194787 0.7620868 0.6474454 -0.006184101 0.3776831 -0.1826781 -0.9077358 0.7460951 0.6657446 -0.01124382 0.263498 -0.164474 -0.9505352 0.6756597 0.7369855 -0.01834392 0.632041 0.7749123 -0.005934238 0.2310252 -0.1012473 -0.9676654 0.3683915 -0.1064919 -0.9235514 0.3806255 -0.1054339 -0.918699 0.2988991 -0.08384621 -0.9505941 0.5679806 0.8227712 -0.02111274 0.908553 0.3879256 -0.1550654 0.8408033 0.5184217 -0.1558489 0.4446364 -0.02993762 -0.8952108 0.7899361 0.5966824 -0.1413189 0.8100917 0.5622784 -0.1661157 0.649053 0.7427459 -0.1644954 0.7508317 0.6430485 -0.1507989 0.7431084 0.6533762 -0.1445322 0.7683036 0.3570218 -0.5312675 0.4165343 0.006064355 -0.9090999 0.2817033 0.02866959 -0.9590731 0.1351116 0.9908304 -1.69649e-4 0.6643436 0.7321242 -0.1504722 0.6810787 0.3946436 -0.6167563 0.4501277 0.1516104 -0.8799996 0.542331 0.2655863 -0.7970828 0.4998006 0.8559168 -0.1326872 0.5954432 0.7835589 -0.1774344 0.575745 0.8036086 -0.1507678 0.2940505 0.02110749 -0.9555568 0.689857 0.488586 -0.5342108 0.4552363 0.2040834 -0.866666 0.5650255 0.3304654 -0.7560018 0.6056851 0.5239688 -0.5988342 0.6050731 0.5477043 -0.5778465 0.3787744 0.2228448 -0.8982595 0.5099452 0.3410532 -0.7897079 0.3984131 0.9065545 -0.1393768 0.4372421 0.8846862 -0.1617089 0.5267221 0.45013 -0.7210735 0.3020294 0.08579695 -0.9494299 0.5353938 0.613184 -0.5808261 0.5344464 0.595214 -0.6000729 0.1542448 0.9861214 -0.0614264 0.3980462 0.2912489 -0.8699043 0.4243838 0.4214116 -0.8014428 -0.1720443 0.9845964 -0.03115832 0.2464911 0.1190884 -0.9618005 0.4808959 0.6861202 -0.5458738 0.3658165 0.3094836 -0.8777233 0.4073117 0.4658328 -0.7855553 0.1781685 0.9710364 -0.1591991 0.2616569 0.154079 -0.9527829 0.4006872 0.6736074 -0.6210498 0.2862443 0.274246 -0.9180704 0.3371222 0.4590632 -0.8219548 -0.3349154 0.9421968 -0.009846866 0.2377035 0.2147173 -0.9473085 0.3554027 0.7751741 -0.5222969 0.3174785 0.5459544 -0.7753331 -0.4072244 0.9132772 -0.009659409 0.009452402 0.9927846 -0.119539 0.07770586 0.9770459 -0.1983513 -0.1489403 0.9870774 -0.05911791 0.2539356 0.3457992 -0.9032939 0.240116 0.5558173 -0.7958716 0.2590241 0.5340538 -0.8047938 -0.5005983 0.8513279 -0.1569784 0.1952677 0.3206765 -0.9268425 -0.1430039 0.9763662 -0.1620464 -0.07119983 0.9778005 -0.1970705 0.1558933 0.2037357 -0.9665346 0.1826093 0.3826019 -0.9056875 -0.6388822 0.7000731 -0.3189474 0.1552178 0.2580356 -0.9535855 0.1170401 0.3899389 -0.9133724 -0.7469888 0.66475 -0.01072788 -0.7874758 0.6163229 -0.005286276 0.07562345 0.2741881 -0.9586982 0.09430438 0.3607028 -0.927901 -0.8157812 0.5780332 -0.01945787 -0.4078365 0.903545 -0.1314376 -0.4878463 0.857245 -0.164734 -0.8999146 0.4360476 -0.004061341 -0.8652936 0.5011013 -0.01282775 -0.4785094 0.8655278 -0.1479542 0.06167197 0.2563828 -0.9646059 0.02745711 0.4374923 -0.8988029 -0.9101928 0.4139717 -0.01329541 -0.9332238 0.3592459 -0.005976498 -0.5612684 0.8102313 -0.1688287 -0.6659947 0.7280609 -0.1624141 -0.5875564 0.7956365 -0.1474449 -0.6487439 0.7478709 -0.1407853 -0.3283012 0.7283565 -0.6014276 -0.3477888 0.7435584 -0.5711076 -0.007997035 0.4151937 -0.9096979 -0.7449448 0.6530835 -0.1361591 -0.7166565 0.6794459 -0.1573425 -0.7863087 0.6006557 -0.1446769 -0.1447938 0.4328079 -0.889782 -0.273247 0.5655807 -0.7781096 -0.7875758 0.5983661 -0.1472501 -0.02917325 0.3178418 -0.9476948 -0.4619652 0.652084 -0.6011445 -0.4746562 0.6574777 -0.5851707 -0.2877268 0.5036182 -0.8146055 -0.8638818 0.4836493 -0.1406828 -0.8396206 0.517135 -0.1661589 -0.3843126 0.5354181 -0.7520846 -0.5738636 0.6102422 -0.546155 -0.2249339 0.3978646 -0.8894428 -0.2388682 0.4079633 -0.8811969 -0.8882454 0.4345496 -0.1489525 -0.9014876 0.4103016 -0.1377415 -0.06696635 0.2802009 -0.9576027 -0.07276368 0.2838583 -0.9561015 -0.5778964 0.5277038 -0.6225468 -0.6837693 0.5031452 -0.5284926 -0.2800562 0.3632797 -0.8885924 -0.3834679 0.4421374 -0.8108433 -0.4479178 0.4114593 -0.79377 -0.4455624 0.4034025 -0.7992124 -0.149079 0.2647319 -0.9527289 -0.6715003 0.3994953 -0.6240921 -0.7940834 0.3664542 -0.4849154 -0.2578435 0.2899583 -0.9216512 -0.3628011 0.3057334 -0.8802855 -0.9485442 -0.3163217 -0.01430839 -0.9335232 -0.3585051 -0.002945482 -0.5865133 0.3312568 -0.7391015 -0.1623945 0.2294883 -0.9596683 -0.2046757 0.2318184 -0.9509827 -0.3591194 0.2553682 -0.897675 -0.528778 0.3130452 -0.7889212 -0.909645 -0.4152152 -0.01193302 -0.8992977 -0.4373251 -0.003251731 -0.8775178 -0.4795311 -0.003541707 -0.4412847 0.2461062 -0.8629598 -0.8332827 -0.5528359 -0.003536105 -0.8628118 -0.5053119 -0.01468664 -0.4260894 0.1973552 -0.8828923 -0.7992629 -0.6007307 -0.01737201 -0.2417829 0.1663697 -0.9559614 -0.227543 0.166872 -0.9593634 0.3999338 0.3581327 -0.8436788 -0.4602713 0.1480653 -0.875344 -0.9023881 -0.4077227 -0.1394917 -0.2794084 0.1282909 -0.9515631 -0.2790075 0.08197557 -0.9567837 -0.3824855 0.09364587 -0.9192037 -0.8932791 -0.420585 -0.1586213 -0.4353263 0.04265385 -0.8992617 -0.5298373 -0.8477528 -0.0242449 -0.4834671 -0.8753558 -0.003434538 -0.4246847 -0.9052963 -0.009027838 -0.8544949 -0.5029772 -0.129817 -0.2707558 0.07527983 -0.9597001 -0.3199979 -0.9446858 0.07190382 -0.802876 -0.5769108 -0.150214 -0.807612 -0.5688564 -0.1554521 -0.7939671 -0.3612732 -0.4889767 -0.7309414 -0.6649696 -0.1534284 -0.6660807 -0.7324398 -0.1409556 -0.730624 -0.6654208 -0.1529824 -0.742328 -0.3513037 -0.5705566 -0.6838132 -0.2945822 -0.6675484 -0.4157581 -0.05318725 -0.9079187 -0.3667691 -0.02836304 -0.9298796 -0.5914337 -0.7932688 -0.1446748 -0.6425145 -0.7500523 -0.1568332 -0.5569546 -0.2557708 -0.7901791 -0.6738157 -0.4693412 -0.5706937 -0.5522156 -0.2567601 -0.7931786 -0.5573413 -0.8130075 -0.168492 -0.4926748 -0.8598381 -0.1339772 -0.2889268 -0.02411943 -0.9570473 -0.2863008 -0.02277439 -0.9578692 -0.6384737 -0.4704458 -0.6091241 -0.431087 -0.1203935 -0.8942424 -0.4071542 -0.2112977 -0.8885825 -0.6164562 -0.5625344 -0.5509418 -0.5450845 -0.5950337 -0.590608 -0.3539265 -0.1421995 -0.9244 -0.4890166 -0.3627707 -0.7932594 -0.4893546 -0.3636283 -0.7926579 -0.4376062 -0.8860138 -0.1532337 -0.4258952 -0.892681 -0.1474247 -0.2727551 -0.1171771 -0.9549211 -0.5467761 -0.59534 -0.5887328 -0.07938313 -0.9862821 -0.1447277 -0.3799723 -0.2576318 -0.8883957 -0.4217708 -0.4055084 -0.8109701 -0.4408627 -0.4696475 -0.7648996 -0.2463977 -0.1227258 -0.9613671 -0.4685292 -0.6698552 -0.5759987 -0.4690738 -0.6583212 -0.5887129 -0.2965044 -0.2344858 -0.9257979 -0.3275791 -0.3400139 -0.8815229 -0.3729411 -0.5305392 -0.7612116 -0.2533184 -0.199173 -0.9466573 -0.3418822 -0.7334086 -0.5875614 -0.3410273 -0.736885 -0.583696 -0.07380127 -0.9203569 -0.3840529 -0.1149534 -0.9533439 -0.2791435 -0.2548081 -0.3476921 -0.9023209 -0.2867445 -0.4833633 -0.8271261 -0.2574577 -0.4311596 -0.8647641 -0.2742635 -0.5644234 -0.7785923 -0.08516854 -0.8102962 -0.5797986 -0.07849603 -0.8006537 -0.593963 -0.1940321 -0.4034031 -0.8942133 -0.05191844 -0.6127904 -0.7885383 -0.1686314 -0.2137487 -0.962224 -0.1695027 -0.2376021 -0.9564592 -0.1431631 -0.4607145 -0.8759261 -0.06073808 -0.5864261 -0.8077223 -0.02958196 -0.4118759 -0.9107598 -0.1292439 -0.2771364 -0.9520986 -0.04135662 -0.3799489 -0.9240826 -0.01169973 -0.2902469 -0.9568803 -0.08518123 -0.3728891 -0.9239578 -0.1042203 -0.2757502 -0.9555626 0.2292502 -0.9732013 -0.01798903 0.3107072 -0.9352148 -0.1698077 0.298418 -0.9306211 -0.2118754 0.1891089 -0.9374366 -0.2923191 0.3290545 -0.8877105 -0.3220147 0.3889786 -0.8508623 -0.3531701 0.1620048 -0.8006976 -0.5767476 0.2512146 -0.8267048 -0.5034387 0.2229931 -0.8347936 -0.5033825 0.2873788 -0.760159 -0.5827279 0.4272926 -0.8451493 -0.3211601 0.4715874 -0.8076887 -0.3538988 0.5275159 -0.78733 -0.3191214 0.5519964 -0.7531605 -0.35784 0.6156902 -0.7140247 -0.3333083 0.627128 -0.6928267 -0.3559517 0.7004394 -0.6093794 -0.3715392 0.6853086 -0.6462235 -0.3357787 0.970921 -0.2392365 -0.008842468 0.752403 -0.5780976 -0.3157423 0.7974334 -0.4913988 -0.3501816 0.7973337 -0.4842826 -0.36018 0.987899 -0.09369093 -0.1236029 0.9822124 -0.1831647 -0.04134595 0.9822467 -0.1831712 -0.0404942 0.9884887 -0.1503275 -0.01707756 0.998411 -0.05622565 -0.003773212 0.05157911 -0.1971856 -0.9790084 0.9362423 -0.3072562 -0.1704227 0.8525869 -0.3683046 -0.3707391 0.8481146 -0.4101441 -0.3353859 0.9987704 0 -0.0495752 0.9889639 0.1053134 -0.1042101 0.9935691 0.1131966 -0.002670466 0.999247 0 -0.03880149 0.9980291 0.06275266 1.23713e-5 0.8957797 -0.3143078 -0.314308 0.9345389 -0.2959827 -0.1975639 0.9525288 -0.2016186 -0.2281202 0.9961591 -0.08688396 0.01088351 0.8524842 -0.2038592 -0.4813651 0.9764191 0.2151513 -0.01777142 0.9821839 0.1831594 -0.04204386 0.9826623 0.1832487 -0.02818936 0.9441929 -0.1406524 -0.2978536 0.9732672 -0.05610483 -0.2227177 0.06130433 -0.1576483 -0.9855906 0.03734093 -0.1259196 -0.9913375 0.04363918 -0.09819841 -0.9942097 0.9760496 0.1234598 -0.1791228 0.7467898 -0.2098586 -0.6310819 0.741573 -0.2134821 -0.6359991 0.8931952 -0.1402087 -0.4272516 0.9703044 0.1015087 -0.2195569 0.9619511 0.01665115 -0.2727141 0.1198183 -0.1532849 -0.9808912 0.8634129 -0.09858888 -0.4947713 0.9241099 0.3453875 -0.163488 0.9573723 0.2760832 -0.08494967 0.9650243 0.1911328 -0.1794333 0.7184484 -0.09709393 -0.6887704 -0.001417756 -0.04071015 -0.99917 0.8828637 0.1541137 -0.4436224 0.8819139 0.01727682 -0.4710938 0.01047503 -0.04598486 -0.9988873 0.8591222 0.04049098 -0.5101662 0.7007284 0.03287482 -0.7126703 0.08399158 -0.05659592 -0.994858 0.9057217 0.251227 -0.3413993 0.8694089 0.1869274 -0.4573689 0.8399766 0.382544 -0.384837 0.8965842 0.3134797 -0.3128377 0.8430965 0.4378339 -0.3122338 0.8623173 0.4493611 -0.2334172 0.7608244 0.1972767 -0.618246 0.6898601 0.229135 -0.6867243 0.7091057 0.23229 -0.6657406 0.1703919 -0.07491892 -0.9825242 0.09802836 -0.05328172 -0.9937564 0.1488716 -0.08156335 -0.9854871 0.760656 0.5384269 -0.3626281 0.7706944 0.5339334 -0.3477723 0.7140252 0.6156888 -0.3333096 0.6928276 0.6271264 -0.3559529 0.6453047 0.686369 -0.3353797 0.621545 0.6922255 -0.3667502 0.2771275 0.9605976 -0.02128016 0.176507 0.983971 -0.02542561 0.2202222 0.9753541 -0.01365834 0.04533332 -0.02981752 -0.9985269 0.5346112 0.7632704 -0.3627796 0.5294429 0.7817133 -0.3295674 0.2959153 0.9470397 -0.1247002 0.1904869 0.9676954 -0.1651684 0.342462 0.9264619 -0.1561669 0.3794053 0.8416166 -0.3843609 0.4301676 0.8442431 -0.319702 0.1836998 0.01325976 -0.9828929 0.3161957 0.8947638 -0.3153061 0.1063429 0.01718848 -0.994181 0.1693041 0.02683418 -0.9851985 0.09224373 0.02768802 -0.9953515 0.1986162 0.8845638 -0.4220172 0.2297762 0.9058678 -0.355818 -0.2428648 0.9700211 -0.008702933 -0.1825428 0.9828144 -0.02746063 -0.1818835 0.982507 -0.0399813 0.05645358 0.9612884 -0.2696994 0.1711766 0.08350813 -0.9816949 0.2108401 0.7498537 -0.6271091 0.1567046 0.7014262 -0.695302 0.2578154 0.725968 -0.6375749 0.1223827 0.8866003 -0.446052 -0.04296469 0.9472628 -0.3175644 0.09862911 0.8596251 -0.5013154 -0.2728926 0.9579543 -0.08861833 -0.3488971 0.9251951 -0.1492812 -0.1918336 0.965025 -0.1786804 0.09733444 0.727962 -0.6786733 0.08351624 0.06643366 -0.9942896 0.1332097 0.1057489 -0.98543 -0.04614031 0.9433111 -0.3286871 -0.04197466 0.8623878 -0.5045051 -0.2176604 0.9149543 -0.3398274 -0.04076057 0.8647 -0.5006322 -0.0328722 0.7006579 -0.7127398 0.1156362 0.1508889 -0.9817642 -0.1906228 0.8416162 -0.505317 -0.2247733 0.9082655 -0.3528893 -0.3829702 0.8412401 -0.3816399 -0.3261532 0.8941637 -0.3067497 -0.4475248 0.8366083 -0.3159246 -0.197049 0.7649793 -0.6131709 -0.2129386 0.7425178 -0.6350783 0.04644447 0.09256118 -0.9946233 0.04407083 0.09201097 -0.9947823 0.0733298 0.1550775 -0.985177 -0.5391014 0.761617 -0.359596 -0.5357682 0.769123 -0.3484281 -0.6149367 0.7135205 -0.3357701 -0.6338385 0.6783272 -0.3716462 0.04644387 0.1879332 -0.9810831 -0.6905232 0.6517344 -0.3137199 -0.9756504 0.2185064 -0.01901 -0.7446759 0.5455096 -0.3845481 -0.7431533 0.5686151 -0.3527041 -0.8070035 0.4976608 -0.3179293 -0.9821606 0.1831545 -0.04260337 -0.9889639 0.1053134 -0.1042101 -0.9992223 0.0369901 -0.01365506 -0.9896584 0.1425285 -0.01618796 -0.9826623 0.1832487 -0.02818936 -0.9956295 0.09325748 -0.005000293 -0.9650247 0.1911308 -0.1794338 -0.9577132 0.2742307 -0.08708035 -0.9256661 0.349379 -0.1451779 -0.8396962 0.3824492 -0.3855424 -0.8420679 0.4066953 -0.3542889 -0.9993951 0 -0.03477716 -0.9916395 -0.1287293 -0.008942484 -0.9987704 0 -0.0495752 -0.9887976 -0.08894312 -0.1198691 -0.9995745 -0.01583397 -0.02450108 -0.9963865 -0.08481693 -0.004503071 -0.8966585 0.3130789 -0.3130261 -0.9760495 0.1234605 -0.1791229 -0.02178406 0.1088925 -0.9938148 -0.03004866 0.09573459 -0.9949533 -0.04325884 0.1736335 -0.9838598 -0.03332972 0.166463 -0.9854843 -0.8784181 0.2007526 -0.4336819 -0.9057223 0.251226 -0.3413981 -0.9826623 -0.1832489 -0.02818942 -0.9820479 -0.1831342 -0.04520863 -0.9745732 -0.2233296 -0.01819348 -0.9692445 0.09814041 -0.2256849 -0.9949592 -0.07760554 -0.0635097 -0.7100398 0.234431 -0.6639922 -0.7467892 0.2098591 -0.6310825 -0.6793501 0.2325533 -0.6959903 -0.8906131 0.1362541 -0.43387 -0.9634893 -0.01662391 -0.2672306 -0.9714667 -0.0549643 -0.2307193 -0.9462381 -0.1513866 -0.2858596 -0.1094487 0.1545434 -0.981905 -0.863413 0.09858918 -0.4947707 -0.9586822 -0.2301194 -0.1672529 -0.9606668 -0.2690802 -0.06866711 -0.7184504 0.09709572 -0.6887681 -0.8822868 -0.1500961 -0.4461402 -0.8819151 -0.01727569 -0.4710916 -0.9536042 -0.2299247 -0.1943551 -0.859122 -0.04049164 -0.5101665 -0.7260518 -0.03409105 -0.6867945 -0.0850504 0.07364362 -0.9936514 -0.1471912 0.1073874 -0.9832613 -0.129365 0.1127077 -0.985171 -0.8456478 -0.1895696 -0.4989421 -0.8750129 -0.300819 -0.3792893 -0.9067084 -0.3123335 -0.2834213 -0.8898934 -0.4087066 -0.2026052 -0.8383524 -0.4384939 -0.3238648 -0.7365374 -0.1838968 -0.6509183 -0.6795262 -0.1455132 -0.7190758 -0.08778399 0.04333651 -0.9951965 -0.7609382 -0.5367954 -0.3644501 -0.783742 -0.5301886 -0.3234946 -0.6925379 -0.6228914 -0.363865 -0.1775221 0.05063855 -0.9828132 -0.6873811 -0.6447883 -0.3342985 -0.6250705 -0.6953918 -0.3545662 -0.2353122 -0.9718674 -0.0101009 -0.6153119 -0.7135384 -0.3350437 -0.53558 -0.7626498 -0.3626558 -0.1674488 0.02654999 -0.9855233 -0.1120351 0.01806056 -0.9935402 -0.5254225 -0.785283 -0.3275088 -0.3107078 -0.9352147 -0.1698064 -0.4270128 -0.8442469 -0.3238943 -0.4000133 -0.843351 -0.3588157 -0.190078 -0.01639986 -0.9816321 -0.1891079 -0.9374372 -0.2923182 -0.2984175 -0.9306196 -0.2118825 -0.3290567 -0.8877108 -0.3220114 -0.09218722 -0.0291779 -0.9953141 -0.1608589 -0.07874596 -0.9838311 -0.162002 -0.8006986 -0.5767471 -0.2229945 -0.8347933 -0.5033825 -0.2512135 -0.8267065 -0.5034365 -0.2872804 -0.7603621 -0.5825113 -0.1496021 -0.08196943 -0.9853427 -0.09940254 -0.05404615 -0.9935784 -0.04913383 -0.01538074 -0.9986739 -0.1189392 -0.1525801 -0.981108 -0.04804939 -0.08843338 -0.9949226 -0.06159049 -0.1580258 -0.9855123 -0.05131697 -0.2031649 -0.9777989 -0.0399276 -0.2109067 -0.9766905 -0.03870546 -0.1277296 -0.9910535 -0.01724833 -0.04608035 -0.9987889 0.2056696 -0.9780545 -0.03331106 0.06310659 -0.9979508 -0.01057618 0.1406967 -0.9900147 -0.008681535 0.08937489 -0.9879005 -0.1267473 0.2074555 -0.9758391 -0.06855887 0.3176872 -0.9481663 -0.007449984 0.2907083 -0.9503043 -0.1114026 0.3488246 -0.9366307 -0.03232014 0.9494826 -0.3137247 -0.007725 0.1836981 -0.6549354 -0.7330175 0.1535149 -0.5577183 -0.8157105 0.1572321 -0.5406098 -0.8264498 0.9370694 -0.3474603 -0.03423947 0.949796 -0.2939693 -0.1070959 0.9536367 0.3009518 0.002278506 0.9391579 0.3406519 -0.04403054 0.9520484 0.2780726 -0.1275913 0.5145488 -0.1476148 -0.8446593 0.547138 -0.17867 -0.8177513 0.6552771 -0.06423938 -0.7526522 0.5786634 -0.07040387 -0.8125221 5.24156e-4 -0.01704317 -0.9998546 0.5448631 0.07278198 -0.8353605 0.6557842 0.06468176 -0.7521724 0.5057185 0.1406917 -0.8511491 -0.3311334 0.9435751 0.004091382 -0.2677711 0.9625673 -0.04198616 -0.2844429 0.949227 -0.1343884 0.1315929 0.5549144 -0.8214337 0.1476944 0.5100429 -0.847374 0.03989398 0.003272414 -0.9991986 0.06129205 0.5466079 -0.8351426 0.04616332 0.6645194 -0.7458438 -0.07517635 0.5530188 -0.8297704 -0.06697887 0.6522419 -0.755046 -0.942933 0.3326854 0.01406878 -0.9604442 0.2761952 -0.03554254 -0.1531623 0.5278251 -0.8354292 -0.1627526 0.5010008 -0.8500059 -0.9474077 0.2884325 -0.1386558 -0.9447176 -0.3278362 -0.005685508 -0.9474833 -0.2882683 -0.1384809 -0.513201 0.151416 -0.8448065 -0.583215 0.06614494 -0.8096203 -0.6679067 0.07061284 -0.7408878 -0.5486297 0.04975837 -0.8345835 -0.6584129 -0.06606858 -0.7497516 -0.5524696 -0.03839337 -0.8326484 -0.5173456 -0.16325 -0.8400614 -0.3184258 -0.947823 -0.0153833 -0.290708 -0.9503045 -0.1114018 -0.346094 -0.9375031 -0.03615051 -0.1511813 -0.9884929 -0.005121707 -0.06608796 -0.9974936 -0.0252791 -0.0960865 -0.9953301 -0.009247422 -0.2055193 -0.9782735 -0.02725738 -0.05356413 0.02603042 -0.9982252 -0.2074535 -0.9758397 -0.06855607 -0.08946835 -0.9879126 -0.1265869 -0.04293251 -0.003604888 -0.9990715 -0.1582723 -0.5339703 -0.8305575 -0.1836638 -0.6552134 -0.7327777 -0.1534733 -0.5574398 -0.8159086 0.3808444 -0.9240552 -0.0328589 0.9243608 -0.3799808 -0.03422987 0.9143128 0.4027686 -0.04254001 0.8974862 0.4356473 -0.06877422 0.02581304 0.007559597 -0.9996383 -0.4429272 0.8960867 -0.02905631 -0.01357543 0.04418724 -0.9989311 -0.3825154 -0.9232813 -0.03512442 0.532595 -0.8458767 -0.02890068 0.8470633 -0.530688 -0.02922397 0.8510016 0.52426 -0.03078842 0.8731794 0.4825406 -0.06864744 -0.5044049 0.8630191 -0.02781701 -0.5145577 0.8567937 -0.03369003 -0.8474083 0.5300172 -0.03131937 0.004223406 0.03365588 -0.9994246 -3.13024e-4 0.03405153 -0.9994201 -0.5328094 -0.8458183 -0.0265659 0.5674896 -0.8227773 -0.03151398 0.8154171 -0.5781621 -0.02870047 0.8097881 -0.5862444 -0.02368187 0.8227255 0.5675018 -0.03262746 -0.580588 0.8134776 -0.0342341 -0.5793072 0.8143593 -0.03496134 -0.8245329 0.5650475 -0.02944082 -0.7964963 -0.6043183 -0.01983058 -0.7324792 -0.6806104 -0.01561313 -0.6571611 -0.7535731 -0.01633673 -0.583503 -0.811648 -0.02741926 -0.5779782 -0.8154841 -0.030447 -0.01612693 0.001601219 -0.9998688 0.6755506 -0.7370761 -0.01871865 0.7403022 -0.6721688 -0.0119065 0.7490852 -0.6621768 -0.0198335 0.7229857 0.6902127 -0.02996844 -0.6697219 0.7424877 -0.01358449 -0.7369658 0.675675 -0.01856893 -0.6558263 0.7544807 -0.02551102 -0.6713294 -0.7408053 -0.02290081 -0.741133 -0.6713192 -0.007242619 0.6891357 0.7240379 -0.02934628 0.5653982 0.824498 -0.02297872 0.4321144 0.9016669 -0.01654887 0.5160887 0.8561407 -0.0259912 0.5151702 0.8567084 -0.02550637 0.2944685 0.955218 -0.02910357 0.4073967 0.912804 -0.02858263 0.3348199 0.9420865 -0.01920497 -0.8171744 -0.4672424 -0.3375064 -0.4789897 -0.3866081 -0.788101 -0.3313679 -0.4619298 -0.8226884 0.02944153 -0.7858314 -0.6177397 0.1886387 -0.6740682 -0.7141762 0.538781 -0.1001996 -0.8364658 0.4327239 0.2371615 -0.8697726 0.348926 0.294601 -0.8896409 0.2625241 0.3971075 -0.8794241 0.2547572 0.5715141 -0.7800452 0.1012247 0.7747769 -0.6240788 -0.6386165 -0.03072607 -0.7689117 -0.5476176 -0.01598572 -0.836576 -0.8979656 -0.03722101 -0.4384887 -0.6629651 -0.1174508 -0.7393799 -0.8899456 -0.1736593 -0.4217102 -0.4370415 -0.09847396 -0.8940345 -0.6612913 -0.1821954 -0.7276666 -0.8792027 -0.2887613 -0.3789718 -0.6253789 -0.2423818 -0.7417225 -0.4703474 -0.2067826 -0.8579127 -0.6256364 -0.2999873 -0.7201297 -0.6886526 -0.3756744 -0.6201826 -0.5301368 -0.3443682 -0.7748326 -0.5011804 -0.3180539 -0.8047733 -0.7693756 -0.5197975 -0.3713113 -0.5612647 -0.4200303 -0.7131315 -0.7014588 -0.5284183 -0.4782571 -0.7125506 -0.5627382 -0.4190436 -0.6003775 -0.5282426 -0.6004221 -0.7660425 -0.6336163 -0.1082097 -0.6027868 -0.5625414 -0.565858 -0.6578781 -0.6243202 -0.4212135 -0.4700244 -0.476812 -0.7427835 -0.6809434 -0.6876712 -0.251842 -0.5778376 -0.7094565 -0.4034542 -0.3871826 -0.5114811 -0.7671225 -0.4005722 -0.5965998 -0.6954212 -0.5146315 -0.7519736 -0.4119347 -0.3020054 -0.7094284 -0.6367922 -0.3485765 -0.807572 -0.4757333 -0.2415716 -0.6413661 -0.7282121 -0.2934512 -0.863474 -0.4102428 -0.1799107 -0.5204776 -0.8347067 -0.2172402 -0.7718219 -0.5975766 -0.185728 -0.7941736 -0.5786135 -0.1048542 -0.5339354 -0.8389986 -0.2334189 -0.9557915 -0.1788249 -0.1469156 -0.8358283 -0.5289679 -0.1111942 -0.7040427 -0.7013984 -0.1442471 -0.9131976 -0.3811339 -0.07854127 -0.6991729 -0.7106255 -0.02741688 -0.5298545 -0.8476453 -0.02243071 -0.5899304 -0.8071426 0.05456447 -0.9219405 -0.383469 0.1059393 -0.8985039 -0.4259904 0.0831803 -0.6282221 -0.773575 0.08273756 -0.5680347 -0.8188352 0.1472819 -0.7147501 -0.683696 0.1908211 -0.9184169 -0.3465512 0.194155 -0.8884723 -0.4158377 0.2403054 -0.8599367 -0.4502914 0.1723289 -0.5256753 -0.8330477 0.3023326 -0.7119384 -0.6338286 0.3558853 -0.8422725 -0.4048736 0.2973776 -0.6246888 -0.7220323 0.3840553 -0.6779968 -0.6267552 0.2999991 -0.4606941 -0.8353212 0.362612 -0.5303111 -0.7663438 0.4932546 -0.7074131 -0.5062279 0.4989816 -0.597797 -0.6274202 0.5483197 -0.6521451 -0.5235 0.5941838 -0.6115182 -0.5224858 0.3683874 -0.3679885 -0.853742 0.2904052 -0.2719131 -0.9174574 0.7044141 -0.6084144 -0.3655581 0.5803858 -0.4259936 -0.6940329 0.7582893 -0.5402348 -0.3648888 0.4360349 -0.2929643 -0.8509086 0.6655599 -0.3548995 -0.6565641 0.8232504 -0.4475535 -0.3492205 0.7974346 -0.422474 -0.4308291 0.5360831 -0.2490586 -0.8065884 0.8511826 -0.3634409 -0.3786805 0.6977665 -0.2821441 -0.6584199 0.8091545 -0.3264673 -0.4885572 0.8948649 -0.2937946 -0.3360087 0.5707442 -0.181536 -0.8008095 0.65824 -0.1933232 -0.727562 0.899466 -0.2087215 -0.3839225 0.8660002 -0.1908211 -0.4622025 0.8551278 -0.1312112 -0.5015377 0.9062992 -0.1073089 -0.4087868 0.8743097 -0.06252032 -0.4813251 0.7127797 -0.04729735 -0.6997915 0.5733399 -0.01311564 -0.8192128 0.7943408 0.04608303 -0.605722 0.9776324 0.01902693 -0.209459 0.465919 0.06059914 -0.8827499 0.9008497 0.1598877 -0.4036158 0.7241229 0.1746964 -0.6671786 0.4772533 0.1468812 -0.8664036 0.6166192 0.2086802 -0.7591004 0.8987355 0.3235383 -0.2959687 0.7230524 0.2918141 -0.6261309 0.7981991 0.3264852 -0.5062468 0.8367189 0.3789474 -0.3953483 0.5859073 0.2893553 -0.7569585 0.7633252 0.4532155 -0.460359 0.4855028 0.2774616 -0.8290368 0.7123269 0.4827681 -0.5094364 0.5205325 0.4016752 -0.7534607 0.7055181 0.5816277 -0.4049118 0.6850051 0.5915053 -0.4253111 0.6110628 0.6193872 -0.4929115 0.4276366 0.6740561 -0.6023085 0.3353641 0.5361558 -0.7746405 0.4352552 0.8075941 -0.3979257 0.3997327 0.8134368 -0.4225336 0.3337994 0.7788359 -0.5310298 0.164395 0.4045538 -0.8996169 0.2932527 0.805768 -0.5145299 0.2295011 0.8299947 -0.508368 0.2013193 0.7009199 -0.6842381 0.22204 0.8423852 -0.4910044 0.09660708 0.4664442 -0.8792593 0.1089791 0.5714519 -0.8133674 0.1183329 0.8975374 -0.4247636 -0.9160903 -0.01696658 -0.400613 -0.9111908 -0.04495263 -0.409525 -0.9065585 -0.09089624 -0.4121769 -0.7494521 -0.08613842 -0.6564312 -0.8796142 -0.097054 -0.4656816 -0.8816291 -0.1689811 -0.4406536 -0.8511601 -0.2100639 -0.4810404 -0.927232 -0.2683882 -0.261168 -0.7185397 -0.2310057 -0.6560009 -0.8987611 -0.3450956 -0.2704396 -0.8514111 -0.3496165 -0.3909829 -0.8242087 -0.3729968 -0.4260909 -0.8594577 -0.4169116 -0.2958332 -0.7614672 -0.5029304 -0.4089362 -0.5170838 -0.5862643 -0.6236334 -0.5689474 -0.6551586 -0.4970574 -0.5914561 -0.7393515 -0.3217751 -0.5205934 -0.8286777 -0.2056112 -0.4088856 -0.7307806 -0.5466006 -0.3993623 -0.7289868 -0.5559569 -0.3004271 -0.5910121 -0.748631 -0.3502661 -0.8780303 -0.3261542 -0.2912232 -0.8682376 -0.401687 -0.2700585 -0.8566586 -0.4395503 -0.2131648 -0.8274277 -0.5195423 -0.09349501 -0.9227338 -0.3739266 -0.08763486 -0.9371859 -0.3376429 -0.02348744 -0.900115 -0.435019 0.03061658 -0.8657318 -0.4995709 0.109861 -0.8748238 -0.4718199 0.2623617 -0.8808078 -0.3941369 0.2848071 -0.8399798 -0.4618644 0.240503 -0.6674436 -0.7047535 0.3379091 -0.8908843 -0.3035501 0.4209045 -0.8739867 -0.2428718 0.3623903 -0.6922288 -0.6240934 0.4470937 -0.7571162 -0.4763216 0.5042054 -0.7838295 -0.3624753 0.5617592 -0.7345192 -0.3806681 0.5661095 -0.686641 -0.4561187 0.6230609 -0.6324869 -0.460169 0.6848864 -0.5771868 -0.4447314 0.7817136 -0.5469713 -0.299577 0.5778528 -0.3513295 -0.7366504 0.7626897 -0.4668837 -0.4475758 0.8452528 -0.2530082 -0.4706748 0.6752176 -0.1602786 -0.7199944 0.6999953 -0.1064863 -0.7061638 0.8723878 -0.1294209 -0.4713701 0.92019 -0.04558253 -0.3888093 0.9151141 -0.01979619 -0.4027088 0.7270341 0.00871998 -0.686546 0.7844073 0.06340229 -0.6169971 0.8242974 0.1336301 -0.5501607 0.7303117 0.1297358 -0.6706814 0.9111315 0.206076 -0.3568924 0.8010733 0.3899864 -0.454084 0.8367744 0.447463 -0.3155717 0.6210858 0.424627 -0.6587445 0.7453235 0.5422399 -0.387903 0.6960463 0.5562238 -0.4540207 0.5098077 0.4740805 -0.7178746 0.701596 0.6597797 -0.2691724 0.5369799 0.5322759 -0.6544731 0.6086348 0.6819366 -0.4056183 0.4370688 0.4935754 -0.7519004 0.5394262 0.6464673 -0.5395363 0.5294858 0.6716889 -0.5181497 0.5459015 0.7210084 -0.426777 0.5217498 0.7399505 -0.4245591 0.4583597 0.7622212 -0.4570838 0.3477716 0.6703922 -0.6554612 0.4054872 0.7903407 -0.459284 0.330185 0.8240848 -0.4602849 0.2233634 0.650829 -0.7256243 0.277087 0.8869562 -0.369502 0.2076469 0.9679303 -0.1413998 0.1639021 0.8778678 -0.4499827 0.1653502 0.8263099 -0.5383969 0.1162481 0.904874 -0.4094989 -0.7998368 -0.4423495 -0.4056947 -0.4143736 -0.8332731 -0.3659927 -0.02001839 -0.9069138 -0.4208405 0.6125044 -0.5099475 -0.6039801 0.8308584 0.08202308 -0.5504058 0.8718913 0.2243382 -0.4352905 0.8786029 0.2345522 -0.4159835 0.832544 0.2584905 -0.4899522 0.7698187 0.4865181 -0.4131337 -0.07223278 0.3631722 -0.928918 -0.1166539 0.5357382 -0.8362873 -0.401151 0.5604031 -0.7245871 -0.5487833 0.1324984 -0.8253976 -0.9739505 0.2022748 -0.1024968 -0.6346702 0.08369785 -0.7682373 -0.9489978 0.1184914 -0.2921696 -0.08771246 0.7413218 -0.6653935 -0.1835333 0.9117007 -0.3675832 -0.260007 0.7618277 -0.5933086 -0.2372042 0.6560063 -0.7165123 -0.2663036 0.6135756 -0.7433757 -0.3406804 0.7225078 -0.6015974 -0.3397495 0.6058366 -0.7193972 -0.4699003 0.8411396 -0.2677276 -0.3404656 0.4450288 -0.8282709 -0.3802062 0.4789384 -0.7912403 -0.5890968 0.6899238 -0.4206783 -0.5754045 0.6669268 -0.4734116 -0.5668566 0.5843549 -0.5806919 -0.3230063 0.2978891 -0.8982924 -0.676746 0.6394532 -0.3648486 -0.6606287 0.5444794 -0.5168287 -0.5766278 0.406217 -0.708864 -0.5867436 0.4127457 -0.6966872 -0.7855021 0.549322 -0.2850117 -0.7915539 0.4661611 -0.3951412 -0.5072478 0.2714956 -0.8179181 -0.6260133 0.3079137 -0.7164472 -0.6450888 0.2869829 -0.7081676 -0.8752567 0.366252 -0.3158881 -0.866353 0.3680939 -0.3375493 -0.5396285 0.2057325 -0.8163794 -0.7182443 0.2371086 -0.6541443 -0.7153091 0.2405453 -0.6561028 -0.6426876 0.1681931 -0.7474382 -0.8734482 0.2070828 -0.440687 -0.8876619 0.2008891 -0.4143671 -0.1158756 0.8555495 -0.5045869 -0.142167 0.8524205 -0.5031578 -0.2224109 0.8160256 -0.5335126 -0.2177814 0.8117738 -0.5418437 -0.3182599 0.8598507 -0.3992088 -0.3698749 0.8336809 -0.4100838 -0.3565322 0.7093162 -0.6080752 -0.3984239 0.6570139 -0.6399931 -0.4746485 0.7687601 -0.4286218 -0.5104968 0.7853088 -0.3502616 -0.5244213 0.7240446 -0.4480422 -0.5633932 0.7425408 -0.3622449 -0.4551558 0.4628593 -0.760654 -0.6761813 0.5652642 -0.4724991 -0.6662635 0.4122567 -0.6213997 -0.7629638 0.4621627 -0.4519865 -0.8133293 0.4159916 -0.4067512 -0.8435854 0.4192549 -0.3355429 -0.6955173 0.1127423 -0.709609 -0.8266904 0.1434517 -0.5440632 -0.7660925 0.05681616 -0.6402143 -0.766331 0.04789704 -0.6406581 -0.1090559 0.9153461 -0.3876188 -0.6700795 0.4988228 -0.5496994 -0.8611025 0.3183617 -0.3964192 -0.8904231 0.2437445 -0.3843636 -0.9405981 0.1295204 -0.3138468 -0.8353232 0.06248652 -0.5461966 -0.8274815 0.02385181 -0.5609862 -0.1416333 0.9898431 -0.01228135 -0.1744133 0.9517464 0.2525053 -0.2429316 0.9207677 -0.3052396 -0.3590252 0.9333078 -0.006142973 -0.3912819 0.9133484 -0.1126641 -0.3729656 0.9242477 0.08162629 -0.4881056 0.8603497 -0.1468048 -0.4876163 0.8639053 -0.1260875 -0.6145507 0.7867116 -0.0584172 -0.6064724 0.7933488 0.05281287 -0.7012377 0.6913154 0.1742088 -0.5276054 0.3869489 -0.7562429 -0.7488045 0.6626464 -0.01384538 -0.8268676 0.5614393 0.03280091 -0.8047796 0.5730445 -0.154758 -0.8790696 0.4505688 0.1556417 -0.88363 0.4647402 0.0566982 -0.9335264 0.3582475 0.01368278 -0.9302198 0.3411394 -0.1353331 -0.9589396 0.2288138 0.1675685 -0.976393 0.1893347 -0.1039668 -0.9863598 0.1311657 0.09944868 -0.9837772 0.0675168 -0.1662046 -0.9753739 0.07514894 -0.2073611 -0.9954378 -0.055902 -0.07732141 -0.9951137 -0.05627143 -0.08113235 -0.9731757 -0.2285512 -0.02633732 -0.9711487 -0.2189625 0.09447616 -0.9168068 -0.3971399 0.04177623 -0.8757231 -0.4047646 -0.2632008 -0.8277051 -0.5464755 0.1275497 -0.8099713 -0.5757172 -0.1117876 -0.7859135 -0.6140919 0.07232791 -0.6590034 -0.6787143 -0.3241318 -0.7095478 -0.700115 -0.07988095 -0.6149222 -0.7866129 -0.05577516 -0.5784448 -0.7886127 0.2085465 -0.4811449 -0.8759941 -0.03367787 -0.396506 -0.7897001 -0.468142 -0.3387613 -0.9404141 -0.02935951 -0.335399 -0.9420667 0.004235506 -0.2244523 -0.9390572 -0.2603703 -0.1790798 -0.9815574 0.06690073 -0.08123219 -0.9827736 -0.166005 -0.04711228 -0.9753287 0.2156719 0.1026648 -0.9703916 -0.2186322 0.1396268 -0.9721714 0.1881154 0.250808 -0.951272 -0.17938 0.3014166 -0.936367 0.1799026 0.3515731 -0.9336859 -0.06802296 0.4387213 -0.8981077 -0.03043681 0.4248825 -0.8973682 -0.1191862 0.5337384 -0.8401865 -0.09596854 0.5479274 -0.8254612 0.1356075 0.6392031 -0.76596 -0.06873601 0.6497275 -0.6629927 0.3718804 0.7345602 -0.6615741 -0.1508012 0.8220312 -0.5693879 -0.007895231 0.8178743 -0.5407377 0.1966837 0.8680916 -0.4949405 -0.03809189 0.8713311 -0.4043042 0.2780652 0.8942761 -0.3975929 0.2054027 0.9583625 -0.275449 -0.07529568 0.9415667 -0.298077 0.156852 0.9849901 -0.1688148 -0.03600144 0.977522 -0.1830697 0.1045777 0.9896109 -0.07239949 -0.1242123 0.9677879 -0.02509599 0.2505134 0.9970638 0.07651048 0.003171861 0.9902824 0.1347694 0.03432393 0.9865881 0.1268326 0.1027501 0.945609 0.2679161 -0.1845116 0.9460548 0.294765 0.1345136 0.8920035 0.4366999 -0.1167175 0.8316557 0.4537868 0.3200412 0.7616882 0.5564154 -0.3320138 0.7284803 0.6149053 0.3020064 0.704238 0.703335 -0.09679257 0.6204278 0.7613771 0.1880808 0.6399526 0.7030811 -0.3100608 0.4738746 0.6537841 0.5899231 0.5361943 0.8438324 -0.0210402 0.4531561 0.8838012 -0.1163836 0.3468493 0.8550161 0.3855428 0.2845966 0.9290127 -0.2365168 0.1950612 0.9280371 0.3173301 0.160636 0.9862466 -0.03890866 0.1428748 0.4502919 0.8813762 0.3589287 0.5090006 0.7823609 0.4653941 0.4661414 0.7524098 0.3394486 0.2468043 0.9076687 0.6279925 0.08411836 0.77366 0.05609691 0.7958242 0.6029237 0.09168142 0.6148049 0.7833323 0.1685545 0.6225629 0.7642022 0.2580124 0.8449742 0.4684532 0.2422593 0.6633727 0.707988 0.2826187 0.8140993 0.5073156 0.31578 0.6878715 0.653541 0.3774011 0.8488845 0.3700861 0.3438892 0.7389371 0.5794067 0.2145005 0.403416 0.8895196 0.4287577 0.8996033 0.08295005 0.4157949 0.7753474 0.4753431 0.4348414 0.7477145 0.5018326 0.4472965 0.6813129 0.5794297 0.5119783 0.7270002 0.4575468 0.5216014 0.6907407 0.5008085 0.4088175 0.5000987 0.7633934 0.6598498 0.6932858 0.2897466 0.4663609 0.4672799 0.7511038 0.6223786 0.5264407 0.5792282 0.729515 0.5114348 0.4541392 0.6922141 0.4140459 0.5911054 0.6136553 0.3643735 0.7004706 0.4824433 0.2390066 0.8426887 0.5599038 0.2662441 0.7846158 0.753082 0.366509 0.546387 0.8177945 0.3700996 0.440725 0.6475284 0.2770172 0.7099074 0.7983855 0.3346095 0.5006168 0.8510807 0.3130999 0.4214618 0.6426964 0.221309 0.7334601 0.7840473 0.2629333 0.5622597 0.8097172 0.2285454 0.540486 0.4329751 0.1211982 0.8932209 0.4423315 0.1246344 0.8881493 0.8333299 0.1754231 0.5242025 0.875767 0.1747235 0.4500045 0.7176293 0.08077418 0.6917251 0.1299866 0.9191551 0.3718298 0.128055 0.7032699 0.6992949 0.1640256 0.8500239 0.5005548 0.2134557 0.7925649 0.5712071 0.3276216 0.8760703 0.3537867 0.4212088 0.7023612 0.5738221 0.4192053 0.5348685 0.7336093 0.5842774 0.715385 0.3832027 0.5726062 0.6494612 0.5003224 0.4960463 0.5565155 0.6665049 0.6128798 0.5698453 0.5474074 0.5216335 0.4271603 0.738534 0.6757102 0.5545403 0.4856963 0.4527028 0.3455273 0.821992 0.7450252 0.4850866 0.4578521 0.7829571 0.4230501 0.4560777 0.7939044 0.2163746 0.568241 0.6751595 0.1289072 0.7263212 0.8924283 0.1339804 0.4308376 0.7518373 0.0445699 0.6578406 0.8963834 0.0443117 0.4410593 0.7403042 0.04683482 0.6706387 0.1850032 0.8742303 0.4488821 0.6771047 0.6533786 0.3385645 0.739866 0.5285732 0.4161835 0.9400877 0.0290457 0.3396933 -0.0769611 0.5597471 0.8250819 0.5466336 -0.09320974 0.8321681 0.4009867 -0.4701644 0.7862285 0.3460254 -0.5163797 0.7833381 0.2701129 -0.5547981 0.7869168 0.1381562 -0.52574 0.8393512 0.05294984 -0.4878789 0.871304 -0.04062581 -0.4744276 0.8793566 -0.1311008 -0.5939408 0.793755 -0.3384239 -0.4371092 0.8333097 -0.4657762 -0.4310294 0.7728301 -0.5398552 -0.4675822 0.6999452 -0.4762846 -0.338685 0.8114466 -0.677249 -0.2065613 0.7061631 -0.6602311 -0.1185484 0.7416477 -0.5218294 0.03658741 0.8522649 -0.5207912 0.1025899 0.8474975 -0.3321951 0.5405253 0.7729676 -0.4028555 0.8635619 0.3032627 -0.2336987 0.5741622 0.7846801 -0.1798362 0.6250416 0.7595934 -0.1321442 0.5052464 0.8527978 0.5241522 -0.02774178 0.8511727 0.6379944 -0.05686956 0.7679383 0.8746674 -0.07018071 0.4796162 0.8934417 -0.1383154 0.4273531 0.4661732 -0.1453952 0.8726641 0.8765979 -0.3375408 0.3429906 0.7606934 -0.2817482 0.5847766 0.7622795 -0.2835546 0.5818305 0.6945776 -0.3040723 0.6519985 0.6983253 -0.3529708 0.6226986 0.5499441 -0.3044779 0.777724 0.4462473 -0.3081201 0.8401938 0.5646581 -0.4264212 0.7066302 0.5716377 -0.45115 0.6853424 0.6728577 -0.5544819 0.4897066 0.3857591 -0.3535388 0.8521739 0.6312616 -0.6002869 0.491085 0.6541228 -0.6110632 0.4457861 0.4772447 -0.4592809 0.7491987 0.58779 -0.6575229 0.4713455 0.5909281 -0.6639039 0.4582965 0.4339108 -0.5796076 0.6897657 0.5298393 -0.6997871 0.4791328 0.4730979 -0.747626 0.4660835 0.4995942 -0.7691968 0.3984245 0.264023 -0.4159244 0.8702292 0.4242379 -0.7570688 0.4968595 0.4274461 -0.7598164 0.4898661 0.2926461 -0.8299671 0.4748823 0.2113793 -0.7980847 0.5642514 0.2409527 -0.881323 0.4064621 0.2136361 -0.9579043 0.1917785 0.05408197 -0.6351641 0.7704817 0.07165873 -0.9757716 0.2067245 0.02686673 -0.8636714 0.5033389 -0.07786887 -0.6223447 0.7788605 -0.1458019 -0.8628479 0.4839787 -0.179586 -0.8126634 0.5543709 -0.1768181 -0.7817047 0.5980579 -0.1150633 -0.4812107 0.8690207 -0.244558 -0.7610643 0.6008099 -0.2865409 -0.8951669 0.3414242 -0.1821979 -0.504252 0.8441174 -0.193715 -0.5836721 0.7885439 -0.2541311 -0.6195919 0.7426462 -0.377855 -0.8685852 0.3206018 -0.2889915 -0.6092527 0.7384411 -0.3655376 -0.7448885 0.5581429 -0.2127876 -0.3843738 0.8983197 -0.4223269 -0.7701937 0.4779557 -0.450624 -0.8037865 0.388414 -0.4939784 -0.7665103 0.4104236 -0.5380024 -0.7350404 0.4126369 -0.3925831 -0.5273675 0.7535 -0.4437386 -0.5080963 0.7381966 -0.3111355 -0.3051649 0.9000384 -0.6865658 -0.6077142 0.3991377 -0.7413889 -0.4702861 0.4787208 -0.7679318 -0.3621435 0.5283304 -0.7609702 -0.361013 0.5390677 -0.3863968 -0.1810663 0.9043852 -0.3585405 -0.1648055 0.9188514 -0.7903657 -0.3196134 0.5226563 -0.6299573 -0.2464723 0.7364817 -0.788771 -0.2594413 0.5572529 -0.8893725 -0.2711283 0.3681114 -0.6160857 -0.1634723 0.7705293 -0.8752099 -0.2213277 0.4301417 -0.4951156 -0.1138264 0.8613387 -0.9169089 -0.2041888 0.3429069 -0.891829 -0.1675793 0.4201885 -0.6880983 -0.08734524 0.7203413 -0.4512254 -0.01919186 0.8922038 -0.5265537 -0.03180819 0.8495466 -0.8867378 -0.02277541 0.4617113 -0.8808949 0.03565663 0.4719672 -0.8737199 0.0862922 0.4787141 -0.8603528 0.0904445 0.5016104 -0.6141607 0.1082204 0.7817257 -0.833652 0.1740813 0.5241375 -0.8699514 0.173245 0.4617041 -0.6755987 0.1795809 0.7150644 -0.8294519 0.2700471 0.4889623 -0.4512817 0.1641031 0.8771631 -0.5538922 0.4324169 0.7114908 -0.7141048 0.5483837 0.4351203 -0.637137 0.5091358 0.5786513 -0.3245083 0.2889499 0.9006677 -0.5144121 0.5387824 0.6671534 -0.6214127 0.6472871 0.441436 -0.624769 0.6537784 0.426893 -0.3309379 0.4210399 0.844515 -0.360729 0.4945791 0.7907377 -0.4665363 0.7509834 0.4672984 -0.463494 0.7484934 0.4742688 -0.2557058 0.4523137 0.8544161 -0.307346 0.5960067 0.7418318 -0.2985894 0.6480948 0.7005838 -0.3635752 0.816808 0.4479263 -0.2552152 0.8552805 0.4509551 -0.2183711 0.7896868 0.5733314 -0.06590604 0.7461795 0.6624745 0.7353208 -0.004086852 0.6777069 0.9224953 -0.005364596 0.3859711 0.8664281 -0.02243268 0.4987977 0.8948326 -0.06358426 0.4418503 0.6461864 -0.08928662 0.7579388 0.8706096 -0.1258335 0.4756101 0.6632379 -0.1532317 0.7325542 0.9040089 -0.2205393 0.3662381 0.6241709 -0.1662101 0.7634035 0.844419 -0.2549273 0.4711354 0.8863341 -0.4057391 0.2231317 0.7243342 -0.3425652 0.5983219 0.7927818 -0.4358801 0.4260351 0.584817 -0.3579129 0.7279337 0.7378569 -0.4643693 0.4898248 0.7389701 -0.5073427 0.4433133 0.777764 -0.5612169 0.2830527 0.4924923 -0.5465767 0.6772778 0.5501203 -0.7574889 0.3515372 0.3234009 -0.5966609 0.7344439 0.3895128 -0.8440978 0.3684816 0.2902191 -0.666052 0.68713 0.2284315 -0.6031217 0.7642404 0.2295127 -0.677527 0.6987712 0.2862427 -0.9127641 0.2914221 0.1867574 -0.6464748 0.7397243 0.1462517 -0.7843585 0.6028203 0.173355 -0.9406859 0.2916476 0.1287589 -0.6903334 0.7119417 0.1469766 -0.8502684 0.5054125 0.1007613 -0.8350805 0.5408214 0.03923791 -0.7023455 0.710754 -0.02051907 -0.8669311 0.4980055 -0.02175915 -0.6837106 0.7294288 -0.06884688 -0.9066975 0.4161248 -0.102615 -0.789395 0.6052485 -0.2367499 -0.9451609 0.2249897 -0.2741616 -0.8201821 0.5021324 -0.3163675 -0.818734 0.4791517 -0.3516157 -0.8616164 0.3660379 -0.3253934 -0.5411903 0.7753916 -0.3923316 -0.5995438 0.6975839 -0.4882847 -0.7325212 0.474332 -0.553779 -0.7496025 0.3625259 -0.4905195 -0.6401053 0.5913171 -0.5414277 -0.6167406 0.5713905 -0.6276353 -0.7378848 0.2481934 -0.5516749 -0.6248617 0.5524516 -0.5989837 -0.6104109 0.5182828 -0.6763168 -0.6555883 0.3358567 -0.7126821 -0.6097735 0.3467862 -0.5786367 -0.4529141 0.6782687 -0.6977303 -0.5392915 0.4715265 -0.7212921 -0.547367 0.4244138 -0.7776542 -0.5152735 0.3602044 -0.6200999 -0.3939272 0.6784524 -0.7962359 -0.4514554 0.4027365 -0.6062785 -0.3377458 0.7199682 -0.7351825 -0.3891723 0.555024 -0.7542058 -0.2931766 0.5875554 -0.9342722 -0.1417896 0.3271564 -0.827884 -0.08422446 0.5545397 -0.8461339 -0.05936348 0.5296542 -0.8547471 -0.05779451 0.515817 -0.6683359 0.01226711 0.7437586 -0.8293222 0.01533877 0.5585601 -0.6699833 0.077093 0.7383625 -0.9072861 0.1369234 0.3975979 -0.8398494 0.2003342 0.5044989 -0.9048367 0.2636463 0.3343073 -0.6544067 0.200132 0.7291769 -0.8412975 0.3246782 0.4322068 -0.7991521 0.3249492 0.5057312 -0.6245048 0.261037 0.7361069 -0.8493101 0.4111926 0.3310485 -0.5753226 0.2957814 0.7625728 -0.6450504 0.3482983 0.6801458 -0.8132855 0.4874914 0.3176773 -0.5976686 0.3875823 0.701835 -0.7650479 0.5014401 0.4040541 -0.5271469 0.3573538 0.7709828 -0.7692151 0.5109665 0.3836946 -0.6361505 0.5724509 0.5173129 -0.6609008 0.6059033 0.4428219 -0.4737079 0.4536648 0.7548436 -0.5555692 0.6825606 0.47482 -0.4176886 0.5037263 0.756172 -0.5675888 0.7081604 0.4199427 -0.5119735 0.7400005 0.4362138 -0.424019 0.7693076 0.4778846 -0.4337744 0.834591 0.3395551 -0.2443239 0.6504175 0.71921 -0.3120188 0.8171368 0.4846976 -0.3136097 0.8802909 0.3560014 -0.1946132 0.8648881 0.4627034 -0.1681171 0.8520483 0.4957323 -0.1254364 0.6874817 0.7152865 -0.1442009 0.8060643 0.5739917 -0.1224421 0.8351041 0.5362921 0.783643 -0.4711967 0.4048177 0.6795643 -0.5736238 0.4573271 0.344505 -0.796957 0.4961611 0.323319 -0.8365433 0.4423349 -0.02460438 -0.8816417 0.4712777 -0.7551742 0.4044917 0.5158473 -0.5432472 0.7572166 0.3626371 -0.1135663 0.9699298 0.215265 -0.09264743 0.8082563 0.5814964 0.8538995 -0.184173 0.4867607 0.8406761 -0.2486951 0.4810554 2.14455e-4 0.01971626 0.9998056 0.001532852 0.009554684 0.9999532 0.01050168 0.01651793 0.9998085 0.01190668 0.0237919 0.9996461 -0.007945537 0.009874045 0.9999197 0.006780385 0.004224181 0.9999682 0.005677044 0.002447009 0.9999809 0.02102088 0.007953345 0.9997474 -0.01069951 -0.007952868 0.9999111 0.03406298 0.02218401 0.9991735 -0.04375398 0.002082169 0.9990402 0.01245671 0.003473281 0.9999164 0.02194654 -2.45423e-4 0.9997591 0.004360139 -0.003947257 0.9999828 -0.01600778 -0.004344642 0.9998624 -0.01278883 0.00162363 0.999917 0.00874406 -0.001433193 0.9999608 0.01996898 -0.01316332 0.999714 0.008825898 -0.00842911 0.9999256 -0.004230439 0.01198011 0.9999193 -0.006403803 0.02529186 0.9996596 0.008623421 -0.02428054 0.999668 0.006436467 -0.02869504 0.9995675 -0.2124477 0.549672 0.807915 0.04973709 0.0781216 0.9957025 -0.01661807 -0.05167919 0.9985256 0.009141564 -0.0459907 0.9989001 -0.002152323 -0.01411002 0.9998981 -0.007472097 -0.02182906 0.9997338 -0.008346974 -0.01661556 0.9998272 -0.0173341 -0.02756941 0.9994696 -0.02006769 -0.02648597 0.9994478 -7.79815e-4 0.002315461 0.999997 0.008579313 0.004963278 0.999951 0.002118945 -0.001840591 0.9999961 -0.02522933 -0.005259931 0.9996678 -0.024845 -0.007518649 0.9996631 0.01714658 0.007335007 0.9998261 0.06503862 -0.01002746 0.9978324 0.03631448 -0.008467555 0.9993046 0.02523821 -0.0138098 0.9995861 -0.02959418 0.02133762 0.9993343 -0.009308338 -8.14843e-5 0.9999567 -2.90593e-4 -0.002908289 0.9999958 -0.005644857 0.005057692 0.9999713 0.001734375 0.004102349 0.9999901 0.0103209 -0.02111542 0.9997238 -0.005714535 0.008727848 0.9999456 0.004939019 -0.01993483 0.9997891 -2.69152e-4 -0.517758 0.8555271 -0.007388889 -0.9552289 0.2957755 0.03054797 -0.9291236 0.3685055 0.09241729 -0.9507291 0.2959277 0.0650742 -0.4588145 0.886146 0.06340992 -0.3366152 0.9395049 0.1367108 -0.9122249 0.3862072 0.1831831 -0.9398326 0.2883726 0.2478067 -0.9083433 0.3369044 0.2651596 -0.9162867 0.3001819 0.1453093 -0.2932883 0.9449165 0.197006 -0.4384082 0.876919 0.3292542 -0.8789449 0.3450328 0.3156526 -0.8252988 0.4682365 0.3583362 -0.8913007 0.2778094 0.3752176 -0.7813187 0.4987513 0.4127133 -0.8414879 0.3486629 0.4344641 -0.8479714 0.3036208 0.5006625 -0.8029959 0.3233186 0.3066908 -0.4847885 0.8190977 0.503287 -0.7923958 0.3446902 0.4768665 -0.7331802 0.4848146 0.3327503 -0.394967 0.8563167 0.5557987 -0.7951557 0.2425189 0.5629119 -0.680099 0.469676 0.6144031 -0.7143498 0.3349826 0.6104283 -0.7138488 0.3432161 0.6924176 -0.6330415 0.3461451 0.7277989 -0.5797083 0.3663975 0.2553435 -0.1677453 0.9521876 0.6189944 -0.4435296 0.6481724 0.7964192 -0.5593814 0.2298018 0.5075836 -0.2769961 0.8158629 0.7887195 -0.5008329 0.356494 0.8399134 -0.4471153 0.3076258 0.4574573 -0.1665201 0.873501 0.8655467 -0.340798 0.3669955 0.7325339 -0.2728099 0.6236737 0.8653003 -0.3408649 0.3675141 0.9092904 -0.2627531 0.322726 0.4701687 -0.09792965 0.8771268 0.8968761 -0.2196023 0.3839117 0.771149 -0.1839205 0.6095102 0.9532704 -0.1792445 0.2432016 0.5446308 -0.0789262 0.834954 0.6510878 -0.09748417 0.7527161 0.3545672 -0.009387552 0.9349834 0.9017096 -0.06961667 0.4267005 0.9164087 -0.06485676 0.394954 0.7228131 0.01910489 0.6907795 0.9656335 0.01103621 0.2596732 0.9331724 0.09057462 0.3478299 0.3944575 0.08194071 0.9152535 0.9211728 0.09590673 0.3771507 0.9119282 0.183613 0.3669786 0.9463539 0.2222605 0.2345516 0.8808183 0.1924577 0.4325727 0.9120922 0.2677941 0.310442 0.4960162 0.1951901 0.8460902 0.8633031 0.3031063 0.4035275 0.8860437 0.3733838 0.2747927 0.3305068 0.2097424 0.9202029 0.6584132 0.3805463 0.6493663 0.8262547 0.4291464 0.3648788 0.8320109 0.4422385 0.3349375 0.3661414 0.2458592 0.8974931 0.8032363 0.5258337 0.2798401 0.7741492 0.5310258 0.3445354 0.741006 0.6123071 0.2756633 0.6840062 0.6082205 0.4027448 0.2602131 0.2822617 0.9233729 0.662526 0.7058591 0.2506439 0.2986423 0.3674805 0.8807787 0.5588923 0.7221029 0.4076846 0.2711191 0.4005932 0.8752256 0.4376893 0.6108695 0.6597474 0.5504831 0.7917733 0.2646955 0.412571 0.7526356 0.5131521 0.4596267 0.8067364 0.3713754 0.4496595 0.8660919 0.2183833 0.1256729 0.3213142 0.9385967 0.3548206 0.8300569 0.4302416 0.3602817 0.8498691 0.3846035 0.3354827 0.9024934 0.2701058 0.2508893 0.8919384 0.3761657 0.2260909 0.9331588 0.2794595 0.145244 0.916979 0.3715559 0.02020013 0.3451769 0.9383202 0.09948348 0.9410134 0.3234143 0.01011449 0.918489 0.3953171 0.004619896 0.9254168 0.3789227 -0.0814957 0.9394547 0.3328413 -0.07578063 0.4570741 0.8861945 -0.1097598 0.9200606 0.3760867 -0.1135829 0.8011031 0.5876504 -0.1684572 0.9549618 0.2442748 -0.216184 0.9017745 0.3742555 -0.2692945 0.886679 0.3758737 -0.2696122 0.8870289 0.3748185 -0.1256784 0.279354 0.9519277 -0.1447187 0.3421957 0.9284173 -0.3756876 0.8909595 0.255049 -0.3877285 0.8000074 0.4578807 -0.4030289 0.8314605 0.382415 -0.3443545 0.6107295 0.7130425 -0.4542471 0.8467736 0.2768285 -0.3532066 0.541836 0.7626656 -0.5054273 0.795625 0.3339526 -0.5096449 0.7691433 0.3855915 -0.5909759 0.7531865 0.2888908 -0.2401856 0.2527915 0.9372339 -0.6403488 0.6740998 0.3681614 -0.6881105 0.677227 0.2605143 -0.7280927 0.5851023 0.3571224 -0.2859343 0.1796438 0.9412597 -0.5864525 0.3943095 0.7075264 -0.5333967 0.3469474 0.7714372 -0.758629 0.5858975 0.2849672 -0.7213726 0.4509081 0.5256459 -0.5418806 0.2707299 0.7956575 -0.8078344 0.495248 0.3195827 -0.7954529 0.4964056 0.3476151 -0.8636073 0.4313404 0.2610134 -0.4513601 0.1699113 0.8760161 -0.7306884 0.25164 0.6346431 -0.8327054 0.3678523 0.4138675 -0.8381787 0.3704779 0.4002534 -0.9010396 0.3415284 0.2673688 -0.8847977 0.2638728 0.3840628 -0.6289764 0.1502116 0.7627747 -0.9287801 0.244467 0.278574 -0.3437892 0.05297327 0.9375515 -0.9376569 0.1609622 0.3080435 -0.9315662 0.1659336 0.3234972 -0.9408391 0.08383011 0.3283207 -0.9358045 0.07788407 0.3438084 -0.8758199 -0.02779269 0.4818373 -0.9507113 0.008248448 0.3099682 -0.9252776 -0.02361387 0.3785549 -0.9493697 -0.0878303 0.3016341 -0.401072 -0.05528628 0.9143767 -0.50461 -0.09042346 0.8585991 -0.9012491 -0.1522107 0.4056872 -0.9423522 -0.135015 0.3061754 -0.3548163 -0.1280925 0.9261198 -0.9114745 -0.2525011 0.3247424 -0.9019176 -0.2556548 0.348117 -0.877187 -0.3366078 0.3424007 -0.6988641 -0.2815705 0.6575006 -0.7496044 -0.3013222 0.5893201 -0.8907245 -0.3564307 0.2820765 -0.8642983 -0.4201421 0.2765309 -0.7830965 -0.4174987 0.4609281 -0.3492911 -0.2155773 0.9118784 -0.8125646 -0.4442719 0.377308 -0.8188075 -0.4830719 0.3101546 -0.5867999 -0.4642772 0.6634099 -0.4893161 -0.3964256 0.776799 -0.740473 -0.5502561 0.385899 -0.768398 -0.5488383 0.3291522 -0.7164517 -0.5830284 0.3831123 -0.7127653 -0.6137698 0.3394883 -0.4251153 -0.4223201 0.8005765 -0.247516 -0.2634314 0.9323838 -0.2664608 -0.2771212 0.9231481 -0.6717344 -0.6526585 0.3504424 -0.6687963 -0.6788145 0.3031873 -0.5527135 -0.6556196 0.5144616 -0.5953223 -0.7132471 0.3699597 -0.4455368 -0.6425341 0.6234155 -0.5882692 -0.7564424 0.2858918 -0.158451 -0.2873029 0.944643 -0.5140176 -0.7833266 0.3495507 -0.5061957 -0.8102514 0.2953957 -0.2342702 -0.4935545 0.8375688 -0.4172466 -0.8444833 0.3357877 -0.4290398 -0.8493416 0.3074799 -0.3264216 -0.8052249 0.4950373 -0.2057898 -0.5580143 0.8039095 -0.3484982 -0.882359 0.3162145 -0.3335132 -0.875587 0.3494516 -0.2852736 -0.9027643 0.3219253 -0.2351879 -0.8902251 0.3901104 -0.221863 -0.9179487 0.3288571 -0.1418887 -0.8308501 0.5381039 -0.1567162 -0.9502406 0.2692266 -0.1013426 -0.9030418 0.4174267 -0.0796225 -0.9305332 0.3574467 0.030191 -0.7842118 0.6197585 0.01806658 -0.551904 0.8337121 0.02725303 -0.7778852 0.6278153 0.1313437 -0.8517003 0.5073022 0.11886 -0.6567494 0.7446829 0.1831748 -0.6919423 0.6983287 0.2092495 -0.7920915 0.5734158 0.1880055 -0.5709827 0.799145 0.2259805 -0.8161218 0.531863 0.2053492 -0.5647479 0.7993069 0.3152806 -0.717482 0.6211423 0.2937542 -0.55019 0.7816645 0.3364502 -0.5458346 0.767376 0.441406 -0.7032968 0.5572561 0.3845354 -0.5988931 0.7024669 0.4422556 -0.5340786 0.7205346 0.5071077 -0.5785744 0.638822 0.5379168 -0.532449 0.6535622 0.4253109 -0.3982025 0.8127395 0.6005221 -0.5570638 0.5736317 0.4344688 -0.347342 0.8310177 0.6908951 -0.6260582 0.3615455 0.5558332 -0.399255 0.7291399 0.6777019 -0.4640629 0.5704084 0.6664091 -0.4555395 0.5902397 0.6683338 -0.3643728 0.6485078 0.4842121 -0.258649 0.8358466 0.7184606 -0.3689813 0.5896332 0.828523 -0.4065653 0.3850381 0.5197474 -0.2151355 0.8267886 0.7335413 -0.27357 0.6221549 0.5186017 -0.1475974 0.8421801 0.7244307 -0.1989347 0.660019 0.8293445 -0.1883484 0.526035 0.5053233 -0.05067092 0.8614411 0.7663189 -0.07256275 0.6383495 0.8691379 -0.08879923 0.4865326 0.944433 -0.06642919 0.3219218 0.7058925 -0.01843684 0.708079 0.5642322 0.04433757 0.8244248 0.6238098 0.04726284 0.7801459 0.8200225 0.02680355 0.5717033 0.9089233 0.09514069 0.4059642 0.7425713 0.1184498 0.6592098 0.6519996 0.1697182 0.7389807 0.5400655 0.1517205 0.8278347 0.7778181 0.2259466 0.5864701 0.5293719 0.2280064 0.8171773 0.7212516 0.3073208 0.6207658 0.5106714 0.2595358 0.8196682 0.7420237 0.3935502 0.5426962 0.6872432 0.3949359 0.6096905 0.5302238 0.3657031 0.764934 0.7249177 0.4996924 0.4741329 0.6555807 0.517122 0.5502716 0.5451047 0.4334797 0.7176045 0.4379352 0.4004134 0.8049111 0.6657547 0.6233302 0.4101588 0.5128009 0.5458955 0.6625961 0.4365225 0.5298939 0.7270905 0.3011224 0.477306 0.8255328 0.4513148 0.6370455 0.6248905 0.2878928 0.5163163 0.8065577 0.4040895 0.7231737 0.5601173 0.3149792 0.5974748 0.7374361 0.2439944 0.6243317 0.7420759 0.1583708 0.4668982 0.8700143 0.2743747 0.7578814 0.5918905 0.2300392 0.8132275 0.5345493 0.1288831 0.5862917 0.799782 0.1209837 0.5294905 0.8396445 0.1533774 0.8019341 0.5773882 0.1025941 0.7480685 0.6556432 0.02979266 0.3940336 0.9186131 0.03159075 0.6358167 0.7711933 0.0488885 0.9036825 0.4254032 -0.04419243 0.5382132 0.8416494 -0.04397845 0.6648544 0.7456772 -0.06003636 0.7336297 0.6768922 -0.1210368 0.8327671 0.5402305 -0.1327466 0.560903 0.8171696 -0.1563343 0.6341394 0.7572496 -0.1680226 0.6458328 0.7447606 -0.2687482 0.8498129 0.453423 -0.3123373 0.7744103 0.5502129 -0.2438027 0.5721682 0.7830605 -0.2145521 0.5306137 0.8200101 -0.3406599 0.5370625 0.7716961 -0.3174713 0.4875865 0.813309 -0.5326437 0.7444821 0.4025383 -0.5031032 0.6638599 0.5533328 -0.4048418 0.4534923 0.7940075 -0.5196642 0.5954777 0.6126626 -0.5927582 0.6258754 0.5068706 -0.5588791 0.4663845 0.6856673 -0.5060049 0.4327765 0.7460989 -0.6076025 0.5152842 0.6044016 -0.4035678 0.3301063 0.8533247 -0.6964795 0.5517628 0.4587746 -0.7362305 0.469287 0.4875801 -0.5566828 0.269895 0.7856596 -0.7433569 0.3790645 0.5511177 -0.7974061 0.2847 0.5320616 -0.4908089 0.1189074 0.8631151 -0.8890967 0.2652465 0.3730299 -0.701591 0.1868163 0.6876553 -0.818856 0.162324 0.5505688 -0.4515268 0.04376369 0.8911837 -0.7709116 0.08152383 0.6317036 -0.787788 0.08674812 0.6098073 -0.7333893 0.05798393 0.6773316 -0.7038083 0.05103987 0.7085541 -0.565629 -0.02718102 0.8242117 -0.6162114 -0.02885347 0.7870521 -0.6785569 -0.05632662 0.7323851 -0.6333357 -0.08851748 0.7687981 -0.8135958 -0.06630748 0.5776377 -0.8751616 -0.1302277 0.4659754 -0.5314426 -0.1354542 0.8361945 -0.7983441 -0.1851928 0.5730187 -0.641768 -0.1809525 0.745245 -0.8562134 -0.2337576 0.4607126 -0.6564468 -0.2522987 0.7109312 -0.7914864 -0.3301056 0.5143733 -0.4573023 -0.2337355 0.8580458 -0.6158121 -0.3293941 0.715734 -0.6396878 -0.3912507 0.6616059 -0.4204081 -0.2879784 0.8604217 -0.6503835 -0.437476 0.6209799 -0.6188124 -0.5134466 0.5945115 -0.495966 -0.5297372 0.688038 -0.5579202 -0.5773159 0.5961808 -0.5403208 -0.5734419 0.6158068 -0.3611497 -0.4797363 0.7996401 -0.3573211 -0.5003535 0.7886496 -0.3207439 -0.4809989 0.8159433 -0.4480723 -0.6885256 0.5702313 -0.3048449 -0.5509275 0.7768839 -0.380587 -0.6900306 0.615639 -0.3621002 -0.7716398 0.5229297 -0.2072101 -0.6741994 0.7088859 -0.23242 -0.7440468 0.6263987 -0.104888 -0.3917847 0.9140587 -0.2250524 -0.87022 0.4382564 -0.1076278 -0.5269882 0.8430302 -0.1551526 -0.638508 0.7538138 -0.05821877 -0.5459104 0.8358184 -0.07026803 -0.7208263 0.6895447 -0.05508118 -0.5379768 0.8411583 -0.09712743 -0.9550623 0.2800398 -0.03382813 -0.7864055 0.6167837 0.1068254 -0.7990745 0.5916658 0.3343127 -0.7569599 0.5614684 0.846492 0.1335673 0.5153747 0.815514 0.284181 0.5041607 0.445226 0.3984127 0.8018985 0.5342057 0.5673717 0.6266688 0.5490237 0.7088417 0.4428504 0.1905023 0.7801799 0.5958424 0.06974947 0.7571161 0.6495463 -0.3973128 0.7284377 0.5581408 -0.4239484 0.4703744 0.7739611 -0.4003071 0.2846117 0.8710628 -0.5540555 0.2399485 0.7971494 -0.8762028 0.1872357 0.4440851 -0.8032152 -0.1696256 0.5710277 -0.4540433 -0.194665 0.869454 -0.4540926 -0.1946016 0.8694425 -0.4539982 -0.194709 0.8694677 -0.6548771 -0.3807715 0.652801 -0.4387584 -0.3397688 0.8318943 -0.2317206 -0.5489633 0.8030847 -0.3586941 -0.7496802 0.5561639 -0.132498 -0.8350905 0.5339177 0.3027548 -0.3364346 0.8917126 -0.2604411 0.2821256 0.9233502 0.7949818 0.605287 0.04039579 0.734314 -0.3923779 0.5539157 0.3570094 0.3173866 0.8785272 0.356915 0.3176083 0.8784855 0.3569202 0.3176025 0.8784855 0.2431816 -0.1621744 0.9563274 -0.3790913 0.2093334 0.9013708 -0.4486289 -0.2277396 0.8642145 -0.8490162 0.238452 0.4715 -0.8750893 -0.3025504 0.3777327 -0.9350431 0.2769268 -0.2213729 -0.8733357 -0.3010667 -0.3829408 -0.6528799 0.2169153 -0.725738 -0.4068197 -0.2070397 -0.8897374 -0.1561641 0.2187369 -0.9632067 0.1427384 -0.2476599 -0.9582747 0.5832346 0.2565816 -0.7707161 0.6222728 0.180339 -0.7617444 0.9203899 -0.3636856 -0.1435804 0.93665 -0.1624747 0.3103046 0.9080668 0.2107461 0.3619405 0.4184969 -0.1373555 0.8977717 0.4191185 -0.1401689 0.8970465 -0.1715257 0.2252424 0.9590854 -0.3072983 -0.2926034 0.9055115 -0.6837697 0.2067337 0.6998001 -0.8180342 -0.2306674 0.5268898 -0.9331183 0.2940552 0.2069343 -0.9130634 -0.2680072 -0.307388 -0.8754571 0.1434254 -0.4615238 -0.4705219 -0.1340013 -0.8721542 -0.3713669 0.1650701 -0.913695 0.06653547 -0.1797457 -0.9814605 0.2251231 0.2860826 -0.9313841 0.6281633 -0.2879443 -0.722841 0.8431048 0.2636922 -0.4686584 0.924635 0.03954458 -0.3787962 0.9166189 -0.200678 0.345743 0.9029985 0.1618356 0.3979988 0.4151664 -0.06441146 0.9074624 0.3436931 -0.2164237 0.9138031 -0.3126644 0.3065978 0.899021 -0.483097 -0.2570204 0.8369933 -0.9067096 0.1913766 0.3758362 -0.9246357 -0.2563573 0.2816553 -0.8259668 0.4051495 -0.3919601 -0.8223081 -0.2918613 -0.488494 -0.3545577 -0.02218902 -0.9347708 -0.2282989 0.2531245 -0.9401105 0.3746052 -0.2048743 -0.9042662 0.499836 0.203702 -0.8418251 0.9121499 -0.2756618 -0.3033037 0.9568418 0.2151918 -0.1953107 0.9704124 0.1804868 0.1603882 0.9192866 -0.1464604 0.365324 0.671963 0.1389657 0.7274299 0.4870237 -0.2070349 0.8484954 0.1957473 0.2564151 0.9465382 -0.2323898 -0.3105598 0.9217091 -0.420169 0.2647714 0.8679599 -0.852337 -0.2146998 0.4768919 -0.9239139 0.1112538 0.3660678 -0.9596775 -0.06836301 -0.2726645 -0.8672242 0.2575726 -0.4261206 -0.6855184 -0.2798636 -0.6721168 -0.2907667 0.2667841 -0.9188477 -0.1102973 -0.2824723 -0.9529135 0.3105283 0.2918733 -0.9046448 0.5697807 -0.3970922 -0.7194914 0.8393109 0.2939429 -0.4573345 0.9627818 -0.1999267 -0.1818807 0.9310836 0.3407567 0.1302629 0.5998007 -0.5098101 0.6167113 0.5854903 0.3733583 0.7195865 -0.0513643 -0.2782319 0.9591397 -0.1192473 0.2022389 0.9720492 -0.6318147 -0.18136 0.7536039 -0.7448392 0.3883851 0.5425603 -0.8983953 -0.3504038 0.2647702 -0.8404101 0.4088895 -0.3556969 -0.8551268 -0.2686368 -0.4433878 -0.4189024 0.2184854 -0.881354 -0.3376753 -0.2654083 -0.9030691 0.2388335 0.3314339 -0.9127487 0.3654782 -0.3785093 -0.850386 0.8464549 0.2246212 -0.4827623 0.9130115 -0.2651169 -0.3100373 0.8857951 0.4240825 0.188471 0.6549683 -0.470277 0.5914863 0.442151 0.4236117 0.7906046 -0.06587886 -0.2959694 0.952923 -0.2496575 0.2093405 0.9454352 -0.6835246 -0.2526856 0.6847951 -0.8606935 0.2184129 0.4598941 -0.9593867 -0.1795496 0.2175753 -0.9726268 0.2161707 -0.08525002 -0.8710154 -0.2818334 -0.4023706 -0.7064502 0.2835063 -0.6485002 -0.282355 -0.3142868 -0.9063662 -0.06581091 0.3497031 -0.9345462 0.5199571 -0.3964291 -0.7566298 0.6839264 0.4359886 -0.5849432 0.6841167 0.4357082 -0.5849297 0.6839616 0.4359531 -0.5849286 0.900869 -0.3968714 -0.1758638 0.9040744 0.3003987 0.3039905 0.60398 -0.4892994 0.6291219 0.4489735 0.3495631 0.8223312 -0.09069991 -0.2370504 0.9672542 -0.2490085 0.2089217 0.945699 -0.6970109 -0.2714276 0.6637039 -0.8581257 0.3577612 0.3682762 -0.9395531 -0.3280634 0.09805309 -0.8936973 0.2857243 -0.345929 -0.7570438 -0.299114 -0.5808749 -0.5114653 0.2969917 -0.8063493 -0.1139807 -0.4118772 -0.9040828 0.2210329 0.3445755 -0.9123664 0.5631954 -0.2734068 -0.7797819 0.7677816 0.2061195 -0.6066517 0.9385519 -0.2910805 -0.1854523 0.9900568 -0.01682734 -0.139658 0.9304867 0.1217958 0.3454857 0.8191818 -0.2855247 0.4974101 0.5439928 0.2974271 0.7846075 0.2143267 -0.3388636 0.9160981 -0.1723325 0.3310229 0.927753 -0.6053379 -0.2946285 0.7394323 -0.7702401 0.006799459 0.6377179 -0.986604 0.1458814 0.07301515 -0.8953164 -0.4437254 -0.03894323 -0.7573806 0.372149 -0.5365445 -0.3163832 -0.5334602 -0.7844247 -0.1823482 0.3798499 -0.9068976 0.4707385 -0.3093591 -0.826258 0.5367177 0.1971317 -0.8204104 0.9318449 -0.1845125 -0.3124426 0.9523878 0.02388024 -0.3039531 0.8843466 0.2855395 0.3693214 0.9219182 0.1290608 0.3652536 0.4070261 -0.1133899 0.9063512 0.3511776 0.05819505 0.9344986 -0.2279236 -0.07192784 0.9710187 -0.2208668 -0.0173698 0.9751493 -0.8430218 0.1155559 0.5253202 -0.8502547 -0.01382625 0.52619 -0.9690065 -0.1166324 -0.2177692 -0.9533157 0.08350455 -0.2902004 -0.5436795 0.06585139 -0.8367056 -0.4884461 -0.1104391 -0.865577 0.05994933 0.03542828 -0.9975726 0.08551502 0.1697674 -0.9817669 0.6662538 -0.2653838 -0.6969057 0.6994402 0.4412617 -0.5622024 0.9366804 -0.3383335 -0.09033429 0.8852747 0.4246512 0.1896312 0.7706001 -0.3120481 0.5556991 0.4567797 0.2327274 0.8585978 0.2433056 -0.2496373 0.9372746 -0.2446929 0.3765742 0.893486 -0.4371377 -0.2769467 0.8556934 -0.8946363 0.1704037 0.4130237 -0.8940809 0.1544208 0.4204444 -0.9473801 -0.234632 -0.2177591 -0.9452366 0.02164983 -0.3256673 -0.5176001 0.2669577 -0.8129106 -0.3008993 -0.5124409 -0.8042785 0.2160336 0.3822827 -0.8984373 0.5307193 -0.3219575 -0.7840156 0.7813975 0.3005116 -0.5469103 0.9005736 -0.3970853 -0.1768914 0.9265121 0.3713337 0.06071907 0.8936257 -0.219456 0.3915002 0.5417252 0.2637026 0.7981196 0.4283327 -0.03430587 0.9029697 -0.1077149 -0.1693759 0.9796476 -0.2495914 0.3099674 0.9174008 -0.6546339 -0.2712849 0.7055912 -0.811774 0.2853071 0.5095323 -0.9712023 -0.2345288 0.04198092 -0.96108 0.2028812 -0.1875221 -0.7763457 -0.2097361 -0.5943889 -0.5708088 0.2700466 -0.7754045 -0.2236827 -0.2598676 -0.9393801 0.09874057 0.2320001 -0.9676912 0.3656062 -0.2723628 -0.8900284 0.6475397 0.375515 -0.6630845 0.8469868 -0.4611028 -0.2645707 0.8031293 -0.1085912 0.5858254 0.7637203 0.3320726 0.5535874 0.1366491 -0.3477706 0.9275682 -4.2639e-4 0.4245166 0.9054201 -0.5177664 -0.3596792 0.7762402 -0.7031685 0.4401556 0.5584059 -0.9326716 -0.3362228 0.1306829 -0.9181678 0.3343458 -0.212558 -0.7508954 -0.3301865 -0.5719556 -0.4956514 0.2287832 -0.8378472 -0.03779649 -0.1094807 -0.9932701 -0.03732711 -0.1329832 -0.9904152 0.6335343 0.1343961 -0.7619528 0.674346 -0.1092841 -0.7302839 0.9889406 0.03444993 -0.1442557 0.9871293 0.08386653 -0.1361693 0.8657478 0.4697569 0.172654 0.6017805 -0.4875597 0.6325708 0.4508957 0.3505997 0.8208367 -0.09035325 -0.2358835 0.9675718 -0.1936248 0.03883999 0.9803065 -0.7213386 0.01205182 0.6924778 -0.732745 -0.0867483 0.6749515 -0.9758215 0.117264 0.1844495 -0.9676474 -0.2266021 0.1109504 -0.8644407 0.2364981 -0.443634 -0.7692486 -0.2501824 -0.5879333 -0.4827647 0.2292943 -0.8451997 -0.2272897 -0.3652402 -0.9027397 0.2225629 0.3897535 -0.8936208 0.5216349 -0.3356661 -0.784363 0.7807688 0.2988848 -0.5486965 0.7807503 0.2991022 -0.5486046 0.7807457 0.299067 -0.5486302 0.890338 -0.4307289 -0.1475499 0.906259 0.3854136 0.173641 0.6721929 -0.4387207 0.5963899 0.5294998 0.4013359 0.7473684 -0.06432414 -0.3406445 0.9379892 -0.2384158 0.1468378 0.9599982 -0.763019 -0.06088048 0.6435027 -0.7491604 0.08302259 0.6571652 -0.9768608 -0.156224 0.1460723 -0.9355511 0.3287746 -0.1290411 -0.8497419 -0.338268 -0.4043681 -0.5013395 0.3912268 -0.7717516 -0.2725282 -0.4291543 -0.861136 0.2263773 0.3666042 -0.9024161 0.5305662 -0.3223926 -0.7839405 0.7813795 0.301629 -0.5463204 0.9001322 -0.3972926 -0.1786635 0.8462171 -0.3686744 0.3847025 0.6312791 0.4411509 0.6378657 0.3939017 -0.3138231 0.8639194 -0.09052097 0.4081043 0.9084365 -0.3082376 -0.4083828 0.8591933 -0.7819441 0.3880642 0.4878213 -0.8820033 -0.2551525 0.3961912 -0.9746624 0.1244625 -0.185856 -0.9707174 0.1428232 -0.1931563 -0.6228601 -0.1619139 -0.7653949 -0.6110337 -0.02626299 -0.7911688 -0.1730735 0.1479215 -0.9737376 0.240426 -0.433614 -0.8684321 0.355852 0.3947542 -0.8470764 0.867244 -0.3823825 -0.3188598 0.8665435 0.4349659 -0.2447592 0.6227255 0.1175509 0.7735599 0.7841466 0.1191878 0.6090225 0.8078896 0.1418576 0.5720061 0.8583653 0.05467933 0.510117 0.8708015 0.101085 0.4811306 0.8643874 0.09634983 0.4935091 0.8539273 0.07831251 0.5144661 0.8565035 0.1358314 0.4979475 -0.8510913 0.05540877 0.5220856 -0.857514 0.1631264 0.4879135 -0.8687473 0.1048827 0.4840224 -0.7999554 0.08654618 0.5937855 -0.740168 0.1344886 0.6588355 -0.6183943 0.1281967 0.7753413 0.2125737 0.09589552 0.9724282 0.3897068 -0.01697218 0.9207827 0.1680294 0.02437537 0.9854806 0.2362481 -0.06807273 0.9693055 0.1515469 -0.1053807 0.9828166 0.1188136 -0.06247401 0.9909492 0.05932867 -0.06662523 0.9960127 0.05897015 -0.1829227 0.9813572 -0.007275104 -0.09772467 0.995187 -0.03384071 -0.1659196 0.9855585 -0.0666238 -0.06764137 0.9954828 -0.1277927 -0.1418594 0.9816033 -0.1097879 -0.04316627 0.9930173 -0.2679791 -0.1209492 0.9558026 -0.1668207 0.02537357 0.9856608 -0.3941206 -0.03831136 0.91826 -0.1986403 0.1003115 0.9749255 -0.07532078 0.8895605 0.4505651 -0.06278091 0.8867885 0.4578918 -0.1680331 0.8550221 0.4906139 -0.3738154 0.7668923 0.5216687 -0.2248381 0.8555026 0.4664368 -0.3454176 0.8051885 0.4820357 -0.5284821 0.6771743 0.5119976 -0.5230438 0.7048093 0.4792382 -0.5887147 0.5993416 0.5424064 -0.09026783 0.9338873 0.3459859 -0.6953482 0.5076944 0.5086624 -0.7183611 0.4011433 0.5683673 -0.7770977 0.3042216 0.5509706 -0.7802814 0.3008507 0.5483155 -0.06294888 0.6939817 0.7172356 -0.1775001 0.7901021 0.5867132 -0.3453303 0.7457782 0.5697035 -0.331554 0.5011494 0.7993255 -0.6562762 0.600978 0.4562094 -0.4638688 0.412624 0.7839434 -0.6464513 0.2978562 0.7024119 -0.6186835 0.2999949 0.7261087 -0.1714028 0.9183579 0.3567072 -0.2201231 0.9095695 0.3524619 -0.3739013 0.8522474 0.3658858 -0.8381319 0.3108557 0.4482231 -0.8648878 0.125544 0.4860121 -0.5378044 0.7504312 0.3842126 -0.5242678 0.7630494 0.3780197 -0.3619527 0.8605293 0.3584407 -0.773374 0.4685893 0.4269859 -0.6919763 0.5969767 0.4059405 -0.6816926 0.6081066 0.4068189 -0.5255084 0.7629823 0.3764292 -0.6966789 0.5861077 0.4136621 -0.1712185 0.9132038 0.3697882 -0.3928613 0.8320901 0.3915176 -0.6587632 0.6232699 0.4213857 -0.5391064 0.7402467 0.4017452 -0.8576272 0.1311879 0.497258 -0.8156599 0.3536824 0.4578294 -0.8161476 0.348728 0.4607517 -0.3644107 0.8543345 0.3705638 -0.5444958 0.7373179 0.3998582 -0.7665046 0.4777162 0.4292527 -0.8380285 0.2702596 0.4739916 -0.2831416 0.8819643 0.3767889 0.08725416 0.9288897 0.3599316 0.07975924 0.8892544 0.4504057 0.8618282 0.1874897 0.4712747 0.06159847 0.8851048 0.4612973 0.2127973 0.8432773 0.4935591 0.1828237 0.8622063 0.4724149 0.3756069 0.7612469 0.5286045 0.3418305 0.8004534 0.4923681 0.5040245 0.6830763 0.5285511 0.482921 0.7276872 0.487092 0.5883491 0.6055879 0.5358253 0.6237609 0.5872036 0.5158627 0.718015 0.4513941 0.5298093 0.7190466 0.4426224 0.5357776 0.7894048 0.2824916 0.5450127 0.7856897 0.1162123 0.6076071 0.7780036 0.2979426 0.5531191 0.1969979 0.912937 0.3574045 0.8384457 0.3034362 0.4526978 0.01709139 0.7808758 0.6244525 0.06589502 0.697633 0.7134187 0.1897979 0.7614085 0.619866 0.3504494 0.7468529 0.5651512 0.3078373 0.5383152 0.7845081 0.5684189 0.5581998 0.6044113 0.5823631 0.5627003 0.5867042 0.4906162 0.3715232 0.7882046 0.6223424 0.3009964 0.7225587 0.6974241 0.2947642 0.6532333 0.02307754 0.9401718 0.3399183 0.2109233 0.9103884 0.3559555 0.3915972 0.8461366 0.3615306 0.7813557 0.4554061 0.4267182 0.6975656 0.5891491 0.407806 0.8226282 0.3425791 0.4537871 0.008574485 0.9299978 0.3674653 -0.02561604 0.9304957 0.3654061 0.3014693 0.8734669 0.3823244 0.5906962 0.6967997 0.4068762 0.4163834 0.8286296 0.3741631 0.6513416 0.63459 0.4159924 0.8235361 0.324059 0.4655902 0.5343259 0.7553877 0.3793223 0.6947408 0.5945345 0.4048012 0.1900186 0.9093534 0.3700938 0.2897528 0.8785455 0.3797385 0.3642557 0.8533596 0.3729547 0.5429933 0.7459762 0.3855878 0.5246784 0.7580777 0.3873382 -0.05253344 -0.6370072 -0.7690658 -0.07190179 -0.9338936 -0.350247 -0.1141925 -0.9252663 -0.3617214 -0.356305 -0.8629567 -0.3582634 -0.4432589 -0.8114053 -0.3809767 -0.5634552 -0.7324568 -0.3821327 -0.6988181 -0.5888447 -0.4060975 -0.7138804 -0.5623962 -0.4172353 -0.04396593 -0.8948259 -0.4442452 -0.828247 -0.337619 -0.4472364 -0.2767042 -0.8519683 -0.4445053 -0.3429586 -0.8306685 -0.4385994 -0.397414 -0.7464101 -0.5337924 -0.0957939 -0.8439596 -0.5277839 -0.8347813 -0.3211684 -0.4472036 -0.5611909 -0.6911787 -0.4553425 -0.04876482 -0.6688055 -0.7418364 -0.6439455 -0.5765924 -0.5028672 -0.2152374 -0.6284325 -0.7474929 -0.4620075 -0.6953077 -0.5505418 -0.2430422 -0.7740709 -0.5845894 -0.7510406 -0.4258962 -0.5045298 -0.6441299 -0.5481814 -0.5334734 -0.261364 -0.4975695 -0.8271116 -0.798556 -0.3207685 -0.5093291 -0.7703271 -0.267409 -0.5788685 -0.4754603 -0.5950882 -0.6479257 -0.3883588 -0.436275 -0.8116906 -0.5822656 -0.3929291 -0.7117398 -0.5434404 -0.3658976 -0.7555074 -0.4282944 -0.2213999 -0.876097 -0.05661869 -0.9273666 -0.3698454 -0.2760184 -0.8790791 -0.3886309 -0.7984137 -0.3871656 -0.4611271 -0.4822176 -0.762642 -0.4310956 -0.6896725 -0.2911691 -0.6630026 -0.4941709 -0.7720865 -0.3995969 -0.6996534 -0.5729308 -0.4268907 -0.4431145 -0.8119958 -0.3798849 0.3012349 0.1512615 0.9414763 0.60699 0.1602118 0.7783929 0.02695775 -0.9838758 0.1768097 0.002247869 -0.9869649 0.1609201 0.007814407 -0.9864377 0.1639503 0.06102758 -0.9821587 0.1778767 0.06303685 -0.9802497 0.1874488 0.07603603 -0.977499 0.19676 0.06514805 -0.9845779 0.1623646 0.03088688 -0.9860099 0.1638001 0.06380176 -0.9850018 0.1603153 0.0320062 -0.9860189 0.1635307 0.008730173 -0.9864853 0.1636177 0.06109148 -0.9845395 0.1641643 0.06456321 -0.9840619 0.165692 0.09117668 -0.9824871 0.1624991 0.02117532 -0.9870669 0.1589045 0.06079941 -0.9847533 0.1629861 0.1109811 -0.9798429 0.1661061 0.1210684 -0.9794771 0.1611436 0.0640797 -0.9861757 0.1528111 0.06172055 -0.9872257 0.1468881 0.140492 -0.9761847 0.1653046 0.008755981 -0.9869605 0.1607245 0.1916763 -0.9664866 0.1707746 0.191725 -0.966475 0.1707859 0.1917422 -0.9664712 0.170788 0.1474593 -0.9755387 0.163034 0.1914559 -0.9665 0.1709457 0.02019655 -0.9875284 0.1561403 0.1631636 -0.9728256 0.1642801 0.0634585 -0.9845827 0.1630029 0.06126046 -0.9851733 0.1602528 0.06229412 -0.9833717 0.1705861 0.06238663 -0.9833676 0.1705762 0.06228309 -0.9833719 0.170589 0.06034517 -0.9841419 0.1668031 0.1096187 -0.9808833 0.1607849 0.1123095 -0.9807958 0.1594562 0.06045275 -0.9873977 0.146258 0.06158745 -0.98701 0.1483855 0.0595715 -0.9850215 0.1618148 0.1328526 -0.9778807 0.1615541 0.1373803 -0.9775899 0.1595141 0.06541091 -0.9854099 0.1571271 0.008072197 -0.9874039 0.1580139 0.1907431 -0.9680085 0.1630233 0.1873276 -0.9689785 0.161212 0.1873061 -0.967416 0.1703604 0.1861499 -0.9680226 0.1681683 0.2230842 -0.9608153 0.1645216 0.2262066 -0.9602622 0.163484 0.02067726 -0.9878316 0.1541466 0.0305379 -0.9873208 0.1557733 0.2521083 -0.953598 0.1645971 0.1852417 -0.9669434 0.1752316 0.2548971 -0.9531981 0.1626071 0.008525073 -0.9880044 0.1541907 0.05956119 -0.9850064 0.1619101 0.06525975 -0.9854075 0.1572048 0.05774003 -0.9864611 0.1534953 0.1030516 -0.9824455 0.1555028 0.1528399 -0.9764341 0.1523701 0.2474161 -0.955823 0.1587066 0.3173337 -0.9351565 0.157422 0.2990736 -0.9381801 0.174279 0.3050323 -0.9379976 0.1646688 0.30815 -0.9404205 0.1437113 0.3129485 -0.9346395 0.1688559 -0.128871 0.9903594 0.05079948 -0.3532884 -0.9171656 0.1843762 -0.3122317 -0.9349071 0.1687013 -0.2911509 -0.9436109 0.1575744 -0.2971305 -0.9399898 0.1677283 -0.2970228 -0.939899 0.1684264 -0.258431 -0.9525321 0.1609228 -0.2489021 -0.9541193 0.1664459 -0.1883872 -0.96187 0.198284 -0.1942546 -0.9660475 0.1703453 -0.2321637 -0.9590421 0.1622906 -0.1892673 -0.9685509 0.1615147 -0.2208772 -0.9612824 0.164771 -0.1890223 -0.9684559 0.1623693 -0.1862738 -0.9693657 0.1601009 -0.1868872 -0.9667686 0.1744469 -0.1892625 -0.9672298 0.1692527 -0.147171 -0.9751383 0.165669 -0.2420988 -0.9569518 0.1600983 -0.07696235 -0.9776364 0.1957141 -0.1374353 -0.9772728 0.161399 -0.1860193 -0.9699551 0.1567926 -0.1148928 -0.9799079 0.1630339 -0.1109772 -0.9799237 0.1656313 -0.06171441 -0.9810503 0.1836619 -0.06185442 -0.9809093 0.1843669 -0.06608277 -0.9832711 0.1697388 -0.012057 -0.9847733 0.173425 -0.06193143 -0.9853622 0.158827 -0.09199416 -0.9820387 0.164734 -0.06130236 -0.9851277 0.1605165 -0.1849449 -0.9696262 0.1600639 -0.2009541 -0.9678342 0.1513751 -0.1953333 -0.9679986 0.1575557 -0.1508901 -0.9753171 0.1612104 -0.196148 -0.9669896 0.162656 -0.1420492 -0.9770402 0.1587909 -0.1305181 -0.9781028 0.1621111 -0.1131591 -0.9809411 0.1579545 -0.1067021 -0.9811618 0.1610472 -0.06706142 -0.9837996 0.1662568 -0.03251975 -0.9861649 0.1625466 -0.03213119 -0.9862297 0.1622302 -0.03251677 -0.9861562 0.1625998 -0.06421142 -0.9829462 0.1723186 -0.0177893 -0.9859146 0.1663008 -0.138988 -0.9776325 0.1578513 -0.1795583 -0.9725347 0.148105 -0.06137764 -0.9859638 0.1552684 -0.06313496 -0.9863446 0.1521134 -0.06319338 -0.9849582 0.1608228 -0.06521028 -0.9844974 0.1628267 -0.03411448 -0.9866054 0.1595183 -0.0630961 -0.9839602 0.1668571 -0.06309288 -0.9839603 0.1668574 -0.06305897 -0.9839617 0.1668624 -0.01800167 -0.986729 0.1613751 -0.009301185 -0.9873992 0.1579762 -0.06008368 -0.9864695 0.1525383 -0.06214934 -0.9869447 0.1485854 -0.1088266 -0.9811801 0.159507 -0.06246817 -0.9851852 0.1597117 -0.03453505 -0.987038 0.156727 -0.07243853 -0.9854863 0.1535235 -0.01768332 -0.9871733 0.1586706 -0.009557425 -0.9877897 0.1555004 -0.06878769 -0.9864612 0.1488713 -0.0714944 -0.9850569 0.1566892 -0.03228366 -0.9874274 0.1547418 -0.03176242 -0.9875166 0.1542795 -0.03228276 -0.9874216 0.1547789 -0.0205546 -0.9874901 0.1563363 -0.008740961 -0.9883377 0.1520275 -0.1150933 -0.9857848 0.1224003 -0.01774632 -0.9881104 0.1527183 -0.3076448 -0.9384921 0.1568032 -0.5079525 -0.8613708 -0.004967451 -0.2773255 -0.9493379 0.1478114 -0.2014559 -0.9691565 0.141955 -0.09682375 -0.9869679 0.1285286 -0.07050067 -0.9848804 0.1582416 0.06637793 -0.9881359 0.1384971 0.06736916 -0.9882548 0.1371641 0.1522455 -0.9777687 0.144186 0.1283255 -0.9801449 0.1511576 0.5369495 -0.843153 -0.02790069 0.3359447 -0.9354389 0.1099789 0.2516148 -0.9549303 0.157474 0.1345683 -0.974871 0.177533 0.2253022 -0.9566361 0.184625 0.1917216 -0.9664216 0.171091 0.1607436 -0.9718123 0.1724606 0.3180732 -0.931268 0.1776786 0.4062539 -0.89569 0.1808237 0.2992083 -0.9341825 0.194364 0.1598035 -0.972678 0.1684061 0.1760828 -0.9730204 0.1490844 0.1737803 -0.9714063 0.1617726 0.1700147 -0.9714595 0.1654132 0.2117873 -0.9668852 0.1424053 0.4377875 -0.8736504 0.2123136 0.5091813 -0.8439996 0.1685203 0.5707877 -0.8054261 0.1596564 0.6563189 -0.7355709 0.1678719 0.6566998 -0.7351938 0.168034 0.7079097 -0.6876887 0.1610849 0.7467161 -0.6425552 0.1718659 0.7842059 -0.5991284 0.1614508 0.8004612 -0.5754098 0.1678258 0.8374371 -0.5198638 0.1686439 0.9493997 -0.2656348 0.1675665 0.9060005 -0.3906841 0.1628774 0.9516816 -0.2589192 0.1651151 0.2703052 -0.9553015 0.1197252 0.08461159 -0.9904125 0.109197 0.09234762 -0.9893697 0.1123372 0.9823237 -0.09660696 0.1603352 0.2550563 -0.9590085 0.123488 0.3949214 -0.9116718 0.1135411 0.4361432 -0.8917124 0.1209467 0.9465779 0.2781726 0.1631265 0.9818056 0.09837156 0.1624214 0.4964956 -0.8609039 0.1110709 0.5791908 -0.8064655 0.1189607 0.5726283 -0.8114131 0.1170722 0.9523706 0.2524229 0.1710939 0.6571803 -0.7442572 0.1191444 0.6444342 -0.7556701 0.1169074 0.901509 0.4025936 0.1587452 0.7374624 -0.6660792 0.1117494 0.7403922 -0.662624 0.1129117 0.8389337 0.5186901 0.1647754 0.8110883 -0.5727133 0.118892 0.8071787 0.5685304 0.1588576 0.8678296 -0.4829971 0.1165573 0.8418636 -0.5282768 0.1104061 0.912045 -0.3944259 0.1122591 0.6407443 0.7469648 0.1774557 0.7380881 0.6539285 0.1661431 0.7315942 0.6596914 0.1719802 0.8976437 -0.4251196 0.1162291 0.6077893 0.7778479 0.1598272 0.9520613 -0.2816676 0.1193428 0.9510681 -0.2855879 0.117937 0.5229061 0.8364218 0.164219 0.9889261 -0.08883053 0.1188881 0.2748956 0.946829 0.1671751 0.09561204 0.9822278 0.1615152 0.09367603 0.9823356 0.1619923 -0.08505219 0.9829193 0.1632054 -0.5315015 0.8302541 0.1678823 -0.5888003 0.7904576 0.168793 -0.5861775 0.7926757 0.1675151 -0.7194648 0.6754797 0.1615477 -0.7387991 0.6523172 0.1692877 -0.8101869 0.5624175 0.1651784 -0.8084555 0.5650676 0.1646158 -0.829977 0.5323289 0.166626 0.07976967 -0.9762494 0.2014296 0.08415776 -0.9821615 0.1681556 0.2233871 -0.9573553 0.1832188 0.3105787 -0.9335105 0.179162 0.2641305 -0.9456552 0.1896609 0.2724949 -0.943834 0.18688 0.3659548 -0.909581 0.1968237 0.4089519 -0.8942465 0.1818837 0.4461925 -0.8751567 0.1871178 0.5056734 -0.845376 0.1721453 0.05691641 -0.9886152 0.139286 0.04789745 -0.989618 0.1355067 0.1742835 -0.9719941 0.1576476 0.8405703 -0.5099649 0.182695 0.9494276 -0.2660472 0.1667523 0.963563 -0.1806625 0.1972498 0.9837557 -0.07752227 0.1619114 0.9811598 -0.08783549 0.1720766 0.9830961 0.01067227 0.1827792 0.981527 0.09350675 0.1669172 0.9792194 0.09940922 0.176769 0.9452722 0.2775721 0.1715057 0.8385503 0.5125668 0.1846852 0.9885365 -0.08570361 0.1243003 0.972122 -0.1812837 0.1487114 0.1232849 -0.9915909 0.03935009 0.05355143 -0.997023 0.05547404 0.0405367 -0.9971548 0.06355321 0.1973535 -0.9790554 0.05002194 0.7283225 0.6684609 0.1506869 0.9900833 0 0.1404819 0.9887034 0 0.1498854 0.9881234 0.09234535 0.1228193 0.9733812 0.181519 0.1399279 0.3914364 0.9018477 0.1828892 0.3428436 0.920104 0.1893857 0.2659972 0.951322 0.1556662 0.2282851 0.9428331 0.2427999 -0.08418166 0.9817086 0.170768 -0.08780562 0.9822955 0.1654869 -0.1709939 0.968223 0.1824979 -0.2705672 0.9480443 0.1673486 -0.5223482 0.8339951 0.1777767 0.1617162 0.9805431 0.1112797 -0.8386431 0.511113 0.1882587 -0.9064728 0.3830642 0.1776767 -0.9197143 0.3489809 0.1798275 -0.9488791 0.2720946 0.1599783 -0.9530436 0.2508713 0.1696214 -0.9692457 0.1676077 0.1801954 -0.9821427 0.08750438 0.16655 -0.1425816 0.9830627 0.1151452 -0.1634144 0.9790853 0.1211934 -0.9821258 0.08387917 0.1685031 0.306947 0.9443415 0.1183326 0.1466405 0.9837397 0.1036954 0.1626042 0.9807571 0.108054 -0.982481 0.010598 0.1860621 0.2996632 0.9526833 0.05095726 -0.9825219 -0.06871426 0.1730005 0.1501094 0.9870904 0.05585628 0.1319608 0.9887423 0.07053464 0.2109616 0.9767746 0.03750556 -0.1554052 0.9823585 0.104024 -0.1367524 0.9863597 0.09161585 -0.2662554 0.9556102 0.1261637 -0.9727741 0.1783754 0.1479624 -0.9876921 0.09037142 0.1276609 -0.1452445 0.9877998 0.05617547 -0.1917343 0.9806272 0.04010301 -0.3222376 0.9440114 0.07075011 -0.2885447 0.9560077 0.05283409 -0.4470287 -0.8771178 0.1755843 -0.473473 -0.8623805 0.1792297 -0.3537397 -0.9179548 0.1795197 -0.2874257 -0.9423379 0.1714228 -0.3475784 -0.9214967 0.1733011 -0.2555933 -0.9514085 0.1717386 -0.186684 -0.9642996 0.1878179 -0.2253972 -0.9580888 0.1768113 -0.2055526 -0.9631411 0.1735149 -0.1314864 -0.9758123 0.1746475 -0.07646602 -0.9822258 0.1714216 -0.06801843 -0.9803485 0.1851771 -0.007561206 -0.9797155 0.2002509 -0.9814807 -0.1851543 0.04912894 -0.02210915 -0.990513 0.135629 -0.961814 -0.2679607 0.05577653 -0.9553127 -0.2883414 0.06509286 -0.9308043 -0.3618103 0.05192887 -0.9064596 -0.417811 0.06135839 -0.8973823 -0.4380591 0.05300384 -0.4450997 -0.8944048 0.04389178 -0.3950048 -0.9169673 0.05605524 -0.3748311 -0.9257542 0.04980832 -0.3150501 -0.9476712 0.05160319 -0.3196561 -0.9460228 0.05348849 -0.2077358 -0.9772273 0.0432747 -0.1836755 -0.9820236 0.04350763 -0.2269756 -0.9717175 0.06517153 -0.2033175 -0.9776435 0.05362266 -0.01089036 -0.9967815 0.07942277 -0.08921301 -0.9952306 0.03946018 -0.0313335 -0.9977522 0.05923604 0.09635472 -0.9782814 0.1835244 0.1865389 -0.9606423 0.205839 0.5373307 -0.8091219 0.2379024 0.6363837 -0.7440243 0.2035769 0.3116346 -0.9376103 0.1541784 0.4206319 -0.8940666 0.153993 0.8613339 -0.4577212 0.2204431 0.8962357 -0.3981746 0.1954963 0.9043668 -0.3571952 0.2335214 0.9429333 -0.2760255 0.1862437 0.2768514 -0.9554018 0.1027646 0.8972908 -0.4127137 0.1566426 0.9538905 0.1923269 0.2304416 0.9452792 0.2763057 0.1735004 0.8969362 0.3781696 0.2291142 0.8882479 0.4149518 0.1970553 0.9515289 -0.2823699 0.1219026 0.8645645 0.4574295 0.208054 0.09504699 -0.990051 0.1037546 0.8154323 0.5349449 0.2211431 0.3900625 -0.9127364 0.1215054 0.7520815 0.6211971 0.2201994 0.6349694 0.7493984 0.1876593 0.2356137 -0.9696477 0.06534159 0.3445197 -0.9374753 0.04945981 0.2887419 -0.9559315 0.05313271 0.2330367 -0.9695386 0.07542425 0.3544952 -0.9335885 0.05240023 0.5168907 0.8349822 0.1887558 0.5541073 0.7973216 0.2392562 0.8986403 0.4098484 0.1564286 0.476983 -0.8774563 0.05057567 0.4505717 -0.8920266 0.03569072 0.4489017 0.8647502 0.2251545 0.9547683 0.2701436 0.1242585 0.08790427 0.978892 0.1845087 0.005627632 0.9746249 0.2237737 0.4138069 0.8959569 0.1613234 -0.2869144 0.9375728 0.1965636 -0.3787522 0.8983938 0.2223402 -0.408043 0.8910276 0.1989243 0.09108781 0.981992 0.1655139 -0.4616999 0.8615958 0.2109168 -0.08322721 0.9829473 0.1639754 -0.6039152 0.766474 0.2186415 0.0609073 0.9879088 0.1425718 0.2932166 0.9489095 0.1165964 -0.04583823 0.9886285 0.143223 0.05477386 0.9880097 0.1443492 -0.6919082 0.680957 0.2399181 -0.7131792 0.6706532 0.2039599 -0.7695918 0.5961765 0.2286969 -0.04629176 0.9885976 0.1432899 -0.3969779 0.9034893 0.1616035 -0.874593 0.4369451 0.2101575 0.3722614 0.9235163 0.09240692 0.4862595 0.8656282 0.1193295 -0.3044767 0.9442288 0.1254036 -0.2706493 0.95565 0.116113 0.6050073 0.7909842 0.09116113 0.4862904 0.8730363 0.03646129 0.5332496 0.8451843 0.03617119 0.5428502 0.8388804 0.03992009 -0.9762905 -0.09144389 0.196201 0.4493007 0.8918537 0.05220985 0.3345739 0.9399855 0.06699007 0.3322551 0.9402498 0.07441049 0.3811132 0.9230225 0.05274784 0.421718 0.9054524 0.04806172 -0.8874213 0.4335016 0.156716 -0.9634289 -0.1667085 0.2097931 0.1727675 0.9802227 0.09651446 -0.9529786 -0.2601504 0.1554147 -0.9517495 -0.2313964 0.2015658 -0.9072914 0.4009962 0.1265876 -0.9562386 0.2606624 0.1329019 -0.8789629 -0.4443078 0.1732481 -0.9020687 -0.3873136 0.1904218 -0.9312158 -0.3214516 0.1717735 -0.8460963 -0.4993386 0.1864995 -0.160054 0.9821156 0.09915512 -0.9776059 -0.1247829 0.1694584 -0.9841374 -0.08636546 0.1549668 -0.3631819 0.9264801 0.09865885 -0.6878472 -0.6978206 0.1997814 -0.7642686 -0.6078275 0.2154977 -0.7114891 -0.6826062 0.1668294 -0.8104982 -0.56012 0.1713433 -0.989964 0.01727735 0.1402599 -0.5999486 -0.7720075 0.2099195 -0.5911639 -0.7830681 0.1932088 -0.3195223 0.9451361 0.06799399 -0.3192802 0.9455402 0.06335586 -0.5191261 -0.8302241 0.203067 -0.4249129 0.9044103 0.03861528 -0.4564924 0.8884692 0.04729902 -0.4309094 -0.8737958 0.2253843 -0.8069767 -0.5679445 0.1619498 -0.4871139 -0.8553258 0.1764594 -0.3477382 -0.9225623 0.1672037 -0.3613002 -0.9123528 0.1925476 -0.5490256 0.8346191 0.04452037 -0.4747833 0.8792483 0.03877043 -0.2927919 -0.9290088 0.226309 -0.2312676 -0.9493203 0.2128534 -0.4973022 -0.8516097 0.1656851 -0.2063964 -0.9616062 0.1808709 -0.08430612 -0.9777791 0.1919391 -0.7429734 -0.6508601 0.1561147 -0.6591821 -0.7359804 0.1543108 -0.4884071 -0.8576616 0.1608576 -0.4164501 -0.8944403 0.1629292 -0.3189967 -0.9373293 0.1401962 -0.4169951 -0.8970189 0.1465342 -0.3169976 -0.9314451 0.1786688 -0.8244732 -0.5542476 0.1142536 -0.996977 0.06009215 0.0492537 -0.9973617 0.05052572 0.05212289 -0.9915173 -0.1079933 0.07232719 -0.9973571 -0.05033099 0.05239897 -0.9988675 -0.001553177 0.04755401 -0.9918885 -0.105607 0.07074171 -0.9924322 -0.1085596 0.05738574 -0.7507777 -0.650672 0.113837 -0.2021502 -0.9667431 0.1566627 -0.5374828 -0.8356497 0.1131449 -0.661 -0.7421502 0.1108701 -0.754398 -0.6472519 0.1093095 -0.7503625 -0.653059 0.1023235 -0.6507853 -0.7506493 0.114036 -0.8834061 -0.4475468 0.138908 -0.8416194 -0.5348759 0.07473027 -0.8555581 -0.5153846 0.04898047 -0.7708255 -0.6346188 0.05556344 -0.8258315 -0.5627541 0.03619724 -0.8667547 -0.4925827 0.07809472 -0.07044118 -0.9911178 0.1127994 -0.3067012 -0.9459164 0.1057192 -0.3050335 -0.9464958 0.1053581 -0.5059316 -0.8606981 0.05685192 -0.5268182 -0.8493545 0.03255116 -0.6316977 -0.7719494 0.07107877 -0.5575313 -0.8264943 0.07788532 -0.516105 -0.8536541 0.07007378 -0.2562208 -0.9569832 0.136141 -0.2044484 -0.9736167 0.1013473 -0.1382098 -0.986431 0.08861196 -0.07580834 -0.9933605 0.08653455 0.5020364 -0.7378686 -0.4511202 0.7690955 -0.5885344 0.2492376 0.1528747 -0.977307 0.1466308 0.3028326 -0.940863 0.1518854 0.4475217 -0.881347 0.1514988 0.8834181 -0.4424133 0.1544124 0.2771018 -0.9556965 0.09929198 0.3578963 -0.9284428 0.0995208 0.3844243 -0.9193766 0.08345556 0.4830976 -0.8694759 0.1030948 0.8822764 0.4445915 0.1546831 0.4802166 -0.8736297 0.07850652 0.5366472 -0.842907 0.03895819 0.4836651 -0.8734017 0.05690079 0.6589531 -0.7508813 0.04425096 0.6015417 -0.7977879 0.04101383 0.5849702 -0.8095793 0.04890012 0.1019405 0.968778 0.2260031 0.8054448 0.5783693 0.1294128 0.8705595 0.4765218 0.1226923 0.4745339 0.866653 0.1540463 0.2909622 0.9436162 0.1578912 0.2780849 0.9486956 0.1504839 0.4465182 0.8817978 0.1518366 0.4622864 0.8768279 0.1321521 0.5055552 0.8540384 0.1226066 0.1932718 0.970094 0.1468454 0.2999941 0.9433085 0.1420313 0.1624962 0.9770064 0.1380345 -0.2591286 0.9532197 0.1556429 -0.2764157 0.9471802 0.1626164 -0.1851122 0.9708402 0.1523244 0.5740234 0.8124448 0.1021311 0.6168411 0.7768881 0.1263015 -0.3011369 0.9429471 0.1420118 -0.1501199 0.9792183 0.1363663 -0.4566648 0.8756115 0.157359 -0.4579596 0.8761218 0.1506106 0.6678882 0.7429488 0.04418492 0.7219735 0.6907823 0.03967505 0.6669254 0.743771 0.04489165 0.5692282 0.8183881 0.07886892 0.5742904 0.8174343 0.04463011 -0.4785076 0.8676436 0.1350006 -0.5043889 0.8547758 0.122272 -0.8792761 0.4502243 0.1554726 0.3643947 0.9257625 0.1008973 0.4779837 0.8743836 0.08357578 0.4533479 0.8857913 0.09924471 -0.3867319 0.91479 0.1166099 -0.946363 0.2743015 0.170751 -0.9232885 0.3520091 0.1537143 -0.8721843 0.4691699 0.138471 -0.4523441 -0.1986141 -0.8694466 -0.4590923 -0.3634133 -0.8106572 -0.9684012 -0.1886554 0.1631206 -0.9502603 -0.270398 0.1545649 -0.4534041 0.8875128 0.08213329 -0.3640472 0.9264265 0.0959351 -0.9718688 -0.1933233 0.1345266 -0.5449854 0.8315862 0.1070296 -0.5468254 0.8323142 0.09074741 -0.7118741 -0.6794474 0.177726 -0.6056506 -0.7813167 0.1507704 -0.829405 -0.536354 0.1562429 -0.9682901 -0.2048396 0.1430213 -0.986558 -0.09098112 0.1357413 -0.9891281 -0.06888848 0.1299234 -0.6229389 -0.764369 0.166395 -0.7461651 -0.6468607 0.157509 -0.9556771 -0.2687559 0.1202154 -0.9251345 -0.3381548 0.1725616 -0.8906955 -0.4224429 0.1679394 -0.8436085 -0.5213044 0.1287115 -0.9669501 -0.2189364 0.1306694 -0.9750046 -0.1915111 0.1126487 -0.990665 -0.0729652 0.1151471 -0.56721 0.8217732 0.05442237 -0.5981668 0.8003523 0.04040646 -0.1571285 -0.9536145 0.2567687 -0.6235243 -0.7640757 0.1655474 -0.7190748 0.6939957 0.0360772 -0.6712423 0.7400933 0.04117977 -0.65573 0.7531601 0.05261254 -0.9913692 -0.06786423 0.1121683 -0.9525287 0.2763756 0.1276934 -0.870319 -0.47636 0.1250047 -0.5022777 -0.8537747 0.1370612 -0.520131 -0.839908 0.1549791 -0.9819464 0.1462406 0.1199794 -0.9887138 0.1214278 0.08775329 -0.7480217 -0.6480528 0.1431477 -0.8892635 -0.4418956 0.1180631 -0.9185755 -0.3747719 0.1255596 -0.9426212 -0.3132269 0.1155607 -0.9744594 -0.1983484 0.1052941 -0.6385696 -0.7584139 0.1305272 -0.9723596 -0.2043064 0.1130305 -0.9912284 -0.0660957 0.1144449 -0.8002292 -0.5873128 0.1212311 -0.7454175 -0.6577573 0.1082038 -0.3922481 -0.9102572 0.1325639 -0.5269526 -0.836358 0.151084 -0.9406728 -0.3170805 0.1208087 -0.2659841 -0.9528382 0.1461229 -0.9945492 0.03435826 0.09844565 -0.9936493 -0.04759275 0.1019613 -0.8454788 -0.5197167 0.1227205 -0.9252623 -0.3721441 0.07347458 -0.2014113 -0.9710159 0.1286916 -0.2662218 -0.9507199 0.1589271 -0.09483397 -0.9850592 0.1437528 -0.0925213 -0.9818285 0.1656886 -0.995168 0.08568024 0.04795277 -0.9770188 0.2087979 0.04286748 -0.9857603 0.1543467 0.06673747 -0.5167129 -0.8465164 0.1281322 -0.3590356 -0.9265919 0.1118977 -0.3922291 -0.9100992 0.1337005 -0.5092582 -0.8503663 0.1324138 -0.3757205 -0.9128951 0.1595516 -0.8774286 -0.4712223 0.08982652 -0.4708863 -0.8803509 -0.05699604 -0.07053774 -0.9901044 0.1213164 -0.1709615 -0.9762824 0.1328343 -0.6633579 -0.7411452 0.1032481 -0.3112656 -0.9440972 0.1086021 -0.5576762 -0.8213155 0.1201598 -0.4624429 -0.8782757 0.1215665 -0.4134356 -0.9049543 0.1006422 -0.76356 -0.6421599 0.06787443 -0.7666579 -0.6377789 0.07398462 -0.6974132 -0.7148263 0.05136436 -0.6393336 -0.766663 0.05899465 -0.631087 -0.7725648 0.06980615 -0.4526529 -0.8853949 0.1057427 -0.3981209 -0.9128108 0.09097379 -0.05210649 -0.9916931 0.1175996 -0.1844146 -0.9766522 0.11019 0.6565345 -0.7390068 0.1511009 0.6687992 -0.7285104 0.1482576 0.9818035 -0.09945946 0.1617709 0.9738571 -0.1816071 0.1364597 0.9738377 0.1816035 0.1366024 0.9821369 0.09655511 0.1615062 0.5847464 -0.8066706 0.08575743 0.4875522 -0.8690307 0.08413422 0.601486 -0.7934358 0.09313654 0.739021 -0.6559419 0.1535848 0.9338335 0.3285632 0.1414253 0.7909733 0.5991604 0.1239688 0.7298623 0.6647131 0.1595545 0.6327463 0.7599299 0.1487907 0.6738965 -0.7370049 0.05183815 0.755349 -0.6537634 0.04518139 0.6900135 -0.7226476 0.04076552 0.7683922 0.6185868 0.1640855 0.6620274 0.7397592 0.1203167 0.8163251 -0.5754588 0.04960387 0.7481175 -0.6625305 0.03706175 0.786297 0.6094986 0.1012356 0.7797812 0.5993658 0.180837 0.6505377 0.7394944 0.1730571 0.6420838 0.7544064 0.1363797 0.8692775 0.4800111 0.1180932 0.5067455 0.8537502 0.1196651 0.8053317 0.5835334 0.1045453 0.7106857 0.6964783 0.09921616 0.8169996 0.556858 0.1497365 0.4044113 0.9079015 0.1103016 0.3013813 0.9468968 0.1120532 0.8357711 0.5478203 0.03714305 0.8812853 0.4684385 0.0624634 0.6664361 0.7407242 0.08479809 0.579276 0.8104512 0.08722531 0.7806403 0.6236858 0.04021114 0.8136587 0.579776 0.042656 0.8131453 0.5805249 0.04225647 0.7480514 0.6609652 0.05953305 -0.7902776 0.5999519 0.1245763 -0.7272288 0.6675395 0.159779 -0.6311754 0.7613538 0.1481823 -0.7680913 0.6189154 0.1642546 -0.6612561 0.7404847 0.1200952 -0.6413449 0.755014 0.1364947 -0.6497025 0.7401983 0.1731855 -0.7814278 0.5962232 0.184089 -0.7776963 0.6195957 0.106253 -0.932923 0.3311827 0.1413257 -0.96215 0.2204998 0.1601481 -0.9726675 0.2216439 0.06922405 -0.5058917 0.8543817 0.118767 -0.933736 -0.3187057 0.1629838 -0.8975114 -0.4141886 0.1513975 -0.8799646 -0.4477143 0.1587898 -0.7134541 0.6941337 0.09571677 -0.5728231 0.8146725 0.09045714 -0.6490684 0.7563344 0.08166188 -0.7988716 0.5925526 0.1033722 -0.8575496 0.5019707 0.1124029 -0.9177156 0.3860231 0.09372532 -0.8561829 0.5090588 0.08837437 -0.7962102 -0.5900776 0.1336334 -0.848417 -0.5074861 0.1504881 -0.8363251 0.5456316 0.05335396 -0.8139708 0.5789733 0.04734486 -0.776288 0.6288321 0.04412889 -0.7475601 0.6618396 0.05587792 -0.8882843 0.4558801 0.0558986 -0.8703845 0.4880716 0.06493806 -0.9812284 0.1654449 0.09909069 -0.7253859 -0.675446 0.1326203 -0.9548296 0.297133 -0.003545105 -0.9397289 0.3330049 0.07757192 -0.9537813 0.296113 0.05117064 -0.9208497 0.3856033 0.05784475 -0.8825432 -0.4398031 0.1664053 -0.632392 -0.7624499 0.1369332 -0.5768356 -0.8073506 0.1242808 -0.6484331 -0.7497579 0.1319 -0.8361306 -0.5483905 0.01239621 -0.9264092 -0.3577139 0.1175028 -0.9542507 -0.2828188 0.09705269 -0.9722449 -0.2051513 0.1124851 -0.1921865 -0.9744927 0.1158813 -0.3075057 -0.9448848 0.1123962 0.6853292 -0.6275058 0.3695408 0.7435208 -0.5194217 0.4211627 0.577867 -0.8021487 0.1504234 0.4580968 -0.8765198 0.1478531 0.5561997 -0.8183254 0.1448636 0.7299143 -0.6673185 0.1480242 0.7434297 -0.653094 0.1441546 0.9518094 -0.2638615 0.156321 0.9354314 -0.3211562 0.1477396 0.8678808 -0.4730547 0.1516655 0.8706237 -0.4698363 0.1458362 0.8108113 -0.5669294 0.1455203 0.8072528 -0.5722866 0.14433 0.6176922 0.6588931 0.4293209 0.9308429 0.3351684 0.1455805 0.952999 0.2597735 0.1559191 0.6493808 -0.7544481 0.09546053 0.7731846 -0.6273815 0.09261834 0.6760253 -0.7314839 0.08900105 0.7751689 -0.624415 0.09601706 0.7409837 -0.6664217 0.08261561 0.6784642 -0.7294247 0.08732771 0.8405717 -0.5313888 0.105192 0.8023049 0.5796674 0.1424521 0.8653442 0.4800221 0.1440773 0.8260739 -0.5600656 0.06267809 0.8258666 -0.5600929 0.0651189 0.880318 -0.4728729 0.03783816 0.4800497 0.8648872 0.146706 0.6315969 0.7612134 0.1471046 0.9491994 -0.3083254 0.06289756 0.9172059 -0.3965972 0.03800189 0.8967904 -0.4393277 0.05251836 0.6505483 0.749179 0.1245703 0.6182113 0.7792941 0.1025456 0.9403769 0.3374102 0.04296088 0.3913457 0.9129173 0.1158906 0.494516 0.8621631 0.1101304 0.7091378 0.6976989 0.1016852 0.9126305 0.4064324 0.04380011 0.8814773 0.4657503 0.07793748 0.883308 0.4640727 0.06635874 0.7474377 0.6581689 0.09028148 0.8070726 0.5846357 0.08267498 0.8313108 0.5482305 0.09146469 0.7492117 0.6563314 0.08894354 -0.479022 0.8654904 0.1465076 -0.6305016 0.7620939 0.1472435 -0.8001276 0.5823499 0.1437519 -0.8683969 0.4750356 0.1422253 -0.5022234 0.8570933 0.11473 -0.3914829 0.9131812 0.1133197 -0.6253519 0.7736308 0.1021301 -0.6518775 0.7484211 0.1221536 -0.9813798 -0.008871912 0.1918726 -0.9882839 -0.01493704 0.1518941 -0.9781298 0.1361656 0.1572296 -0.9825959 0.08691382 0.1641684 -0.6286486 0.7666304 0.1306862 -0.7085853 0.6979079 0.1040749 -0.7989292 0.5924651 0.1034282 -0.739324 0.6666313 0.09488362 -0.8803539 0.4638276 0.09920245 -0.9215357 0.3735384 0.1060242 -0.9396264 0.3358276 0.06574213 0.9167553 -0.1981375 0.3468447 0.8972516 -0.433806 0.08217042 0.8473092 -0.5230877 0.09190446 0.9132416 -0.395435 0.09808647 0.9119678 -0.399707 0.09246093 0.990757 -0.07623034 0.1122033 0.7299002 0.6745586 0.1105282 0.9504963 -0.3032739 0.06768989 0.9516214 -0.3015667 0.05894428 0.9753347 -0.2174912 0.03768259 0.989413 0.090195 0.1136963 0.9921975 0.06268823 0.1077707 0.993592 -0.07205623 0.08707922 0.9922361 -0.1053187 0.06614732 0.9847765 -0.1684088 0.04305583 0.9978339 0.03123497 0.05789768 0.9931728 -0.09889918 0.06186032 0.7214036 0.6822559 0.1187595 0.993779 0.1005198 0.04795044 0.9967574 0.04979801 0.06320577 0.9653983 0.2557393 0.05102515 0.8926597 0.4413022 0.09171134 0.9336394 0.3440404 0.09976881 0.9133977 0.3940788 0.1020127 0.9840826 0.1717082 0.04580074 -0.03857803 -0.05664026 0.9976491 0.9559748 0.2859939 0.06572395 0.9613116 0.2623385 0.08401554 -0.7305313 0.6736882 0.111661 0.938623 -0.3274875 0.1083464 0.9599824 -0.262036 0.0988481 0.9894602 -0.1141865 0.08905076 0.9649046 -0.2474122 0.08801466 0.9501307 0.2861847 0.1238949 0.9749364 0.1958141 0.1056213 0.8924044 0.4110522 0.186147 0.8002483 0.5893853 0.1105785 0.800883 0.5879398 0.1136363 0.8979771 0.4308069 0.08967977 0.8914865 0.4378929 0.1161959 0.8894608 0.4429872 0.1123468 0.9538019 0.2769816 0.1163747 0.7990878 0.5906488 0.1122171 0.7233172 0.6809707 0.1144172 -0.7231448 0.6809604 0.1155619 -0.8035068 0.5838001 0.1164238 -0.7965701 0.5939338 0.1127768 -0.8575531 0.501986 0.1123067 -0.8606767 0.4962804 0.1137611 -0.9544659 0.2761626 0.1128237 -0.9103855 0.3977392 0.1140254 -0.9115945 0.3944919 0.1156357 -0.987177 0.08960235 0.1321104 -0.9911205 0.06182479 0.1177195 -0.9892501 0.1258006 0.07455509 -0.9582034 0.2593286 0.1208103 -0.9812168 0.1565699 0.1126924 0.5577138 -0.130738 -0.8196724 0.6850706 -0.1242842 -0.7177965 0.7612906 -0.1362439 -0.6339356 0.8184113 -0.08896803 -0.567704 0.8675349 -0.09918969 -0.4873856 0.866185 -0.1061146 -0.488327 0.8597348 -0.0967977 -0.501484 0.8558062 -0.1230584 -0.5024463 0.8509376 -0.06395208 -0.5213593 -0.8542914 -0.0682286 -0.515297 -0.856106 -0.1031441 -0.506403 -0.8640161 -0.1223999 -0.488359 -0.8671973 -0.1018927 -0.4874289 -0.827146 -0.08572727 -0.55541 -0.7004203 -0.1270462 -0.7023323 -0.7496113 -0.1382337 -0.6472824 -0.613086 -0.1298497 -0.7792719 -0.3848881 0.1614156 0.9087389 -0.362586 0.1604581 0.918033 0.107438 -0.7351679 -0.669317 0.05757552 -0.6191247 -0.7831794 0.1052497 -0.8319244 -0.544816 0.1583095 -0.5370836 -0.8285406 0.3168567 -0.6630156 -0.678242 0.2928512 -0.5617948 -0.7737086 0.4251053 -0.5266041 -0.7361887 0.4289648 -0.5326679 -0.7295575 0.4236807 -0.3916179 -0.8167803 0.6700083 -0.3893409 -0.6320622 0.3888921 -0.6496402 -0.6532464 0.2113705 -0.8774709 -0.4305431 0.3899725 -0.2486684 -0.8866146 0.6138225 -0.517801 -0.5959061 0.4884752 -0.7504393 -0.4452338 0.4384336 -0.7552659 -0.4871852 0.5999186 -0.6461766 -0.4717559 0.7525082 -0.2878838 -0.5923298 0.6436033 -0.5699899 -0.5107703 0.7640096 -0.4526407 -0.4597887 0.06887 -0.9326193 -0.3542292 0.2797232 -0.8902836 -0.3593747 0.7917715 -0.3278483 -0.5153769 0.2407892 -0.9002152 -0.3628131 0.5104792 -0.7749699 -0.3726028 0.694646 -0.5931025 -0.4070582 0.4786623 -0.7927522 -0.3773946 0.6603195 -0.6309094 -0.4073471 0.8392971 -0.2996624 -0.453633 0.5081986 -0.7638379 -0.3978515 0.7639095 -0.4839777 -0.4268583 0.8224162 -0.3420251 -0.4545882 0.6373672 -0.648593 -0.4160413 0.822799 -0.3220829 -0.468257 0.08535861 -0.8215538 -0.5637051 0.2148917 -0.7390847 -0.6384164 0.3006826 -0.801248 -0.5172926 0.6631959 -0.3022669 -0.6846942 0.2196166 -0.9000768 -0.3763384 -1.41834e-5 6.98825e-7 1 1.23272e-5 -1.29148e-6 1 -5.154e-5 -3.92608e-5 1 4.04189e-5 4.8405e-5 1 5.0515e-4 9.24411e-4 0.9999995 3.82325e-5 2.42756e-5 1 0.003169655 0.001502573 0.9999939 6.19348e-4 0.001057267 0.9999993 6.70026e-4 0.001252591 0.999999 0.003356993 0.001323223 0.9999936 0.002892613 0.001037061 0.9999954 0 2.67896e-6 1 3.26738e-4 0.002364397 0.9999971 0.003003597 0.001058042 0.9999949 2.52272e-4 3.35601e-5 1 3.67044e-4 0.002459943 0.999997 3.74968e-4 0.00212419 0.9999977 4.18537e-4 3.39616e-5 1 0 -9.80517e-5 1 9.10213e-6 -2.23436e-4 1 0.002425909 -2.62713e-4 0.9999971 6.377e-5 -2.99151e-4 1 7.9092e-5 -4.51979e-4 1 0.004104673 -0.001267313 0.9999908 0.003736019 -0.001192688 0.9999923 1.39537e-4 -4.08122e-4 1 -8.00213e-4 0.001729667 0.9999983 0.004152953 -0.001787006 0.9999898 0.00269252 -0.001409649 0.9999954 0.002329587 -0.001140296 0.9999967 -7.84529e-4 0.001393139 0.9999988 8.20641e-5 1.96211e-4 1 5.72567e-6 0 1 5.83684e-5 -7.10049e-5 1 0.001552402 -0.001285076 0.999998 3.5028e-4 -1.18379e-4 1 2.46228e-5 -2.68768e-5 1 7.23403e-5 -6.86678e-5 1 4.28527e-5 -5.81426e-5 1 0 1.84783e-6 1 -0.001162707 3.68996e-4 0.9999994 -6.93867e-5 -2.07348e-4 1 8.67001e-4 -0.001688361 0.9999982 -0.001849174 9.111e-4 0.9999979 -0.006493449 0.002338111 0.9999763 8.86272e-4 -0.001541554 0.9999985 -0.006244242 0.002379 0.9999777 -1.70398e-4 6.01858e-4 0.9999998 -3.634e-4 8.92523e-5 1 1.12631e-4 -0.004933297 0.9999879 0.001098752 -0.00832647 0.9999648 -9.69187e-4 1.0688e-4 0.9999995 -2.68735e-4 2.15096e-6 1 -4.58179e-4 4.52215e-5 0.9999999 -4.60781e-4 -0.002330005 0.9999973 -1.97493e-4 1.98947e-5 1 4.19492e-4 7.75342e-5 1 -0.001057505 -0.003861784 0.9999921 4.54975e-4 1.61257e-4 0.9999999 1.83275e-5 -3.56796e-5 1 -1.32698e-4 -3.04758e-4 1 -5.2586e-5 -3.23043e-5 1 -0.001470327 -0.002244412 0.9999965 -1.06841e-5 6.27874e-6 1 -0.001312494 -0.001769065 0.9999977 -1.14537e-4 -4.4543e-4 1 5.47805e-5 4.72594e-5 1 -2.08111e-6 5.70406e-6 1 0.1235336 -0.9923404 0 0.1306878 -0.9910917 -0.02565217 0.2589327 -0.9652191 0.03613817 0.2717113 -0.9613106 -0.04533034 0.4373283 -0.8979352 0.04956156 0.4540874 -0.8861529 -0.09239929 0.5973737 -0.7937789 0.1142793 0.6316331 -0.7639905 -0.1317504 0.71692 -0.6883884 0.1102148 0.7598041 -0.6289017 -0.1648648 0.8121503 -0.5632752 0.1520961 0.899466 -0.4230621 0.1094498 0.8806988 -0.4608601 -0.1094436 0.9395759 -0.3002378 -0.1644821 0.9479842 -0.2081009 0.2408732 0.9617393 -0.103896 -0.2535019 0.9712425 0.01661926 0.2375118 0.9731419 0.1302446 -0.1898192 0.9774454 0.1911692 0.08974826 0.9356414 0.3520584 0.02510517 0.937641 0.3363096 -0.08789283 0.8387795 0.5438933 0.02508246 0.8399062 0.535089 0.09076029 0.7524503 0.6481634 -0.1170591 0.7054196 0.6912417 0.1567427 0.628831 0.7680582 -0.1210714 0.5756721 0.8074927 0.1286754 0.499024 0.8537513 -0.1486067 0.4059231 0.8956487 0.1817688 0.3276916 0.9271348 -0.1817668 0.2315285 0.9614094 0.1486161 0.07025712 0.9867935 0.1459539 0.1461677 0.9815902 -0.1229465 -0.01256221 0.986577 -0.1628133 -0.1419087 0.9828301 0.1179288 -0.1705081 0.9847943 -0.03327864 -0.3207073 0.9463352 0.03995722 -0.3259302 0.945389 0.00306797 -0.4898651 0.8691391 -0.06804054 -0.5181002 0.8386485 0.1680502 -0.618367 0.7633181 -0.1869971 -0.6777547 0.7118057 0.1843403 -0.79161 0.599784 -0.1166739 -0.7898907 0.6129326 -0.01966124 -0.8964803 0.4421227 -0.02916932 -0.8972436 0.4410972 -0.01968353 -0.9545477 0.2841801 0.08989202 -0.9528964 0.2342049 -0.1927085 -0.9704954 0.08883053 0.2241605 -0.9768761 0.007710993 -0.2136673 -0.9708134 -0.1370756 0.1968039 -0.9812368 -0.1810984 -0.06616503 -0.9005166 -0.3702772 0.2279579 -0.9408512 -0.3336893 -0.05874031 -0.8570602 -0.4749705 -0.1996274 -0.7798755 -0.5930346 0.2002605 -0.7597463 -0.6377764 -0.1265973 -0.621147 -0.7729204 0.1295014 -0.5910243 -0.794895 -0.1372309 -0.4562637 -0.8813863 0.1223991 -0.3963602 -0.899513 -0.1837801 -0.3011696 -0.9367832 0.1781411 -0.1912882 -0.9659152 -0.1744042 -0.146601 -0.9884803 0.03761643 2.28399e-4 -1.77301e-4 -1 -8.03647e-5 7.82389e-5 -1 4.05065e-5 -5.70584e-5 -1 2.27507e-4 -1.72205e-4 -1 -8.22036e-5 8.75101e-5 -1 -9.85319e-5 2.36716e-4 -1 -2.35915e-6 2.253e-6 -1 4.22402e-5 -1.87764e-5 -1 -3.99407e-5 1.43942e-5 -1 -7.00319e-5 2.11108e-4 -1 -8.15857e-5 2.54709e-4 -1 -4.28783e-5 1.34012e-5 -1 -2.75187e-4 5.68066e-5 -1 -3.96654e-5 2.80351e-4 -1 5.51276e-6 -3.33589e-4 -1 -2.71717e-4 9.4496e-5 -1 2.55197e-4 -2.37236e-5 -1 2.53716e-4 -2.43454e-5 -1 4.8887e-4 0.001182317 -0.9999992 1.68822e-4 0.002361834 -0.9999972 -1.03137e-4 9.95357e-4 -0.9999996 -2.16087e-5 -1.76843e-6 -1 -3.52066e-4 -9.31175e-5 -1 2.29473e-5 9.27196e-5 -1 7.76777e-5 2.31966e-4 -1 -6.2667e-4 -2.11542e-5 -0.9999999 0.002311885 9.55271e-4 -0.9999969 5.24735e-5 1.20698e-4 -1 4.09242e-5 9.5081e-5 -1 0.002943992 0.001893401 -0.9999939 -2.15858e-5 -3.31107e-5 -1 5.99284e-4 4.572e-4 -0.9999998 -2.59159e-4 -2.3695e-4 -1 -2.86799e-4 -2.81175e-4 -1 7.50888e-4 6.73795e-4 -0.9999995 -4.70261e-6 -5.96179e-6 -1 -5.12562e-4 -4.24484e-4 -0.9999998 -2.61997e-4 -1.70756e-4 -1 -5.70295e-6 -2.03183e-6 -1 1.7049e-4 3.89569e-5 -1 3.28185e-6 2.45091e-6 -1 -2.26454e-5 -5.96613e-5 -1 2.20861e-4 1.23731e-4 -1 -4.81036e-4 -1.7864e-4 -0.9999999 -1.87095e-5 -6.32308e-5 -1 -9.52726e-6 1.83151e-5 -1 -3.41418e-4 -6.6274e-5 -1 4.4801e-6 3.36525e-5 -1 2.43798e-4 -0.03054809 -0.9995334 -5.19903e-4 -7.54731e-5 -0.9999999 -2.68114e-4 -4.69146e-6 -1 -4.53342e-5 -2.91142e-5 -1 4.89028e-4 -0.003919839 -0.9999923 2.36353e-4 -0.003080368 -0.9999953 2.36608e-4 -5.19695e-5 -1 -1.62696e-5 -1.81068e-5 -1 -4.42629e-5 1.59211e-4 -1 -3.11495e-4 3.37627e-4 -0.9999999 -6.69472e-5 2.00635e-4 -1 -0.001799523 8.47394e-4 -0.999998 2.84847e-6 -4.9455e-6 -1 -0.002413928 0.00167185 -0.9999957 0 -7.11734e-6 -1 -0.001213014 7.27844e-4 -0.999999 6.65637e-6 -2.25744e-6 -1 -6.63236e-4 6.41756e-4 -0.9999996 -3.26613e-4 2.28339e-4 -1 -0.03659152 0.9988443 0.03116315 -0.1534009 0.9880121 -0.01733219 -0.02418112 0.9987117 0.04461354 -0.1802923 0.9835745 0.008712708 -0.2745461 0.9614626 0.01463621 -0.3192436 0.9473937 -0.02299648 -0.08418554 0.9921543 0.09242695 -0.1679235 0.9844251 0.05204665 -0.2891705 0.9551945 0.06312012 -0.2587701 0.9599028 0.1078176 -0.3970695 0.9173662 0.0278396 -0.3889082 0.9195773 0.05593055 -0.4734753 0.8808044 -0.002223193 -0.2587625 0.9599393 0.1075115 -0.5807514 0.8140349 0.008667767 -0.5176626 0.8551701 0.02663856 -0.4017983 0.9121801 0.08053398 -0.3422931 0.919331 0.1940773 -0.4971525 0.8616173 0.1022505 -0.6123544 0.558568 0.5594855 -0.6939019 -0.7187757 -0.04314798 -0.669407 -0.7426991 0.01710295 -0.5553222 -0.8312383 -0.02569353 -0.5441733 -0.8389729 -3.8232e-4 -0.3966764 -0.9179039 -0.01001739 -0.403927 -0.9147908 -0.001035571 -0.2587337 -0.9659034 -0.009357213 -0.2877178 -0.9576484 0.01131784 -0.1681822 -0.9855751 0.01887792 0.1808801 -0.9832897 -0.02058899 0.2338142 -0.9721925 0.01314717 0.308951 -0.9507783 0.02387297 0.3815878 -0.9232879 -0.04393559 0.424126 -0.9055624 0.008600056 0.5233879 -0.8520879 0.003373563 0.550189 -0.8344256 -0.03203195 0.630999 -0.7751361 0.03169548 0.6928376 -0.7182826 -0.06361043 0.4966777 0.8678503 -0.01214045 0.4604625 0.8875439 0.01550495 0.3463493 0.9379551 0.01680821 0.2975093 0.9537043 -0.04400372 0.2243867 0.9743642 0.0162853 0.4423845 0.8924598 0.08838313 0.2342658 0.9711291 0.04503053 0.3336001 0.941261 0.0523343 0.1474466 0.9890471 0.006729423 0.3352457 0.9403914 0.05722409 0.113169 0.9934522 -0.01566976 0.6138203 0.5649728 0.5513896 0.01506304 0.9987955 0.04669761 0.09396308 0.9895398 0.1094623 0.1513786 0.9857904 0.07281428 0.2154081 0.9736818 0.0744518 0.2749506 0.9451996 0.1760682 0.2744251 0.9573424 0.09048008 -0.08090007 0.9939627 0.07411706 -0.176286 0.9672611 0.1825633 -0.04127204 0.9743393 0.2212683 -0.1683698 0.959834 0.2244334 -0.07235991 0.9622013 0.2625505 -0.05619859 0.9039011 0.4240338 -0.3329824 0.9326997 0.1385424 -0.3139858 0.9182999 0.2411189 -0.08359426 0.866308 0.4924657 -0.44124 0.8717479 0.2129861 -0.06651532 0.7513117 0.656587 -0.3838695 0.8607697 0.3342453 -0.4439452 0.8596055 0.2529645 -0.6017131 0.792301 0.1009984 -0.5185254 0.8404143 0.1575929 -0.5305434 0.8476059 0.009388208 -0.07579201 0.7227749 0.6869149 -0.553026 0.8144508 0.1755917 -0.808156 0.5888074 -0.01378136 -0.1501911 0.7349855 0.6612406 -0.4937502 0.8245686 0.2762199 -0.6654053 0.7361342 0.1238639 -0.05508649 0.5741183 0.8169172 -0.2628446 0.6464613 0.7162407 -0.1954727 0.658658 0.7266086 -0.2547024 0.672603 0.6947891 -0.6672548 0.7311821 0.1419286 -0.8363758 0.5415971 0.08454662 -0.8450434 0.5342456 0.02198654 -0.6249238 0.747719 0.2244697 -0.6244781 0.7390413 0.2526763 -0.8978757 0.4402446 0.001970648 -0.5150464 0.7521309 0.4111285 -0.07335913 0.5114641 0.8561677 -0.7466777 0.6410926 0.1774054 -0.2269619 0.502183 0.8344463 -0.1268526 0.5205996 0.8443249 -0.8735814 0.4607707 0.1566718 -0.8607911 0.5038486 0.07193928 -0.8960855 0.4438769 -0.002015531 -0.6568749 0.6887127 0.3069042 -0.04099845 0.3476446 0.9367296 -0.7469692 0.6384293 0.1855938 -0.1587118 0.3616815 0.9186932 -0.9499387 0.3106763 0.03311723 -0.04123294 0.3471544 0.9369012 -0.7766944 0.58478 0.2340479 -0.8172843 0.5290486 0.2283728 -0.9720416 0.2345467 -0.0110917 -0.9630594 0.267673 0.02945876 -0.9921997 0.1246556 -9.98064e-4 -0.01423466 0.2028489 0.9791066 -0.04025352 0.2287041 0.9726635 -0.9979205 0.04659229 0.04454213 -0.9997924 -0.02034872 -0.00105673 -0.9985586 0.03174281 0.04328054 -0.9940936 0.04761779 0.0975219 -0.9882425 -0.1494647 0.03220313 -0.9810793 -0.1935254 -0.005602478 -0.2456876 0.2522323 0.9359576 -0.9869194 -0.150367 0.05813789 -0.3224406 0.2570768 0.9110124 -0.9850016 -0.1562777 0.07313764 -0.9266993 -0.3742027 0.03465288 -0.1892236 0.1984562 0.9616702 -0.2069596 0.1153599 0.9715245 -0.8201597 -0.5692302 -0.05757778 -0.7735195 -0.6321504 0.0453161 -0.9332767 -0.3590059 0.01046377 -0.9409104 -0.3233437 0.1006809 -0.2094688 0.1131813 0.971243 -0.209732 0.1170926 0.9707224 -0.2548143 0.03802055 0.9662423 -0.7756831 -0.6065933 0.1742427 -0.7239491 -0.6731934 0.1506932 -0.2876465 -0.02979719 0.957273 -0.2900261 -0.956489 0.03184008 -0.1508247 -0.9879088 0.03589284 -0.4628793 -0.8598272 0.2154997 0.1239029 -0.9918743 0.02887046 0.7528792 -0.6565961 0.04532748 0.8217179 -0.5688946 -0.0337429 0.4511067 -0.8690979 0.2029079 -0.04911261 -0.2412547 0.9692183 0.7032464 -0.6897221 0.1724181 0.930042 -0.3672096 0.01338046 0.9240403 -0.3807544 0.03428918 0.7602022 -0.6193476 0.1962176 0.9790927 -0.2033389 -0.005554676 -0.01331293 -0.1848211 0.982682 0.9376387 -0.3324926 0.1014032 0.9867531 -0.1589741 0.03234016 0.9995248 -0.03080242 -0.001164197 0.9854056 -0.1598292 0.05856949 0.9835551 -0.165336 0.07268649 0.9983153 0.03708487 0.04462307 0.9913341 0.1309148 -0.01087433 0.9945876 0.03810501 0.0966627 0.9987797 0.0226348 0.04389685 0.9767672 0.2119577 0.03162282 0.9530205 0.3013917 0.0302475 0.939741 0.3418034 -0.007581651 0.8660898 0.4947465 0.07151556 0.8932834 0.4485626 0.02891886 0.8758342 0.4645695 0.1307283 0.8629165 0.5051069 -0.01556015 0.2901708 -0.03301507 0.9564053 0.8133361 0.3854164 0.4358196 0.8165256 0.5223181 0.2459062 0.7671996 0.6064958 0.2087285 0.6618822 0.686622 0.3007695 0.759485 0.6285621 0.167608 0.6970537 0.6954511 0.1745393 0.6612462 0.701323 0.2662698 0.5911436 0.7674599 0.248102 0.691939 0.7078239 0.142147 0.6385334 0.7625557 0.1038454 0.5530011 0.8301159 0.071397 0.4621165 0.8757449 0.1397111 0.4731099 0.8807789 0.01989603 0.5116349 0.8441702 0.1600208 0.5954919 0.7937046 0.1241866 0.5794512 0.7984795 0.1633001 0.2120708 0.1100593 0.971037 0.3232917 0.9280484 0.1849555 0.3249772 0.9289921 0.1770972 0.4021443 0.9009963 0.1627449 0.4560993 0.8511117 0.2599661 0.3438711 0.8836957 0.3175446 0.4568623 0.8525437 0.2538624 0.387517 0.8526781 0.3503865 0.5248978 0.7692398 0.3643522 0.1431482 0.07714807 0.9866898 0.2147162 0.114234 0.969973 0.08571761 0.995923 0.02810788 0.3124306 0.2550164 0.9150705 0.2459716 0.2509336 0.936232 0.1520925 0.9724143 0.176857 0.1790202 0.9652311 0.1904749 0.04823905 0.9737495 0.2224522 0.04130536 0.9717105 0.2325356 0.206768 0.931537 0.299142 0.2042031 0.9261332 0.317141 0.07780605 0.9218644 0.3796215 0.1825619 0.1910831 0.9644473 0.06384158 0.9033131 0.4242051 0.2848771 0.7338882 0.6166467 0.2655279 0.7565836 0.5975586 0.08401691 0.8056568 0.5863944 0.1673209 0.8131213 0.5575283 0.06252765 0.7512127 0.657092 0.1978083 0.7498779 0.6313123 0.1707116 0.3667063 0.9145404 0.139496 0.6291223 0.764687 0.05607813 0.5740905 0.8168693 0.1869042 0.5555982 0.8101712 0.07238292 0.6194511 0.7816912 0.06228035 0.4926816 0.8679782 0.04530751 0.3475782 0.9365558 0.1557049 0.3498892 0.9237607 0.04097294 0.3556096 0.9337361 0.04091978 0.2292034 0.9725182 0.01450306 0.2028596 0.9791004 -0.2380663 0.9181853 0.316639 -0.2238561 0.9210085 0.3187974 -0.1715086 0.8764206 0.4499689 -0.7089309 0.7052606 0.004973411 -0.7662807 0.6419953 0.02561026 -0.6853592 0.7240713 0.07748246 -0.7673442 0.6333311 0.1003718 -0.7779307 0.6229503 0.08219933 -0.2997087 0.8069009 0.5090047 -0.2706689 0.7681828 0.5802015 -0.3679656 0.8278691 0.4233607 -0.432263 0.7334689 0.5245686 -0.4075247 0.6871066 0.601505 -0.1609932 0.3442153 0.9249849 -0.1902961 0.4488747 0.8730974 -0.5209559 0.7624315 0.3838012 -0.5678712 0.6678379 0.4811599 -0.4078578 0.5999239 0.6882902 -0.6743689 0.6709455 0.308316 -0.5498255 0.6152833 0.5649058 -0.4894594 0.5853361 0.6463831 -0.3459751 0.5142815 0.7847394 -0.3393222 0.4252909 0.8390401 -0.94836 0.3129999 0.0514245 -0.9113957 0.3830209 0.1505091 -0.911432 0.3842332 0.1471618 -0.6819776 0.5892799 0.4331926 -0.7260804 0.5625732 0.3953716 -0.7531254 0.5080671 0.4179354 -0.8690285 0.3948711 0.2981044 -0.8187692 0.5133634 0.2570509 -0.8695132 0.395937 0.295264 -0.972017 0.1786454 0.1525416 -0.9721207 0.1821013 0.1477176 -0.4015758 0.4326275 0.807199 -0.1317259 0.2788416 0.9512601 -0.719876 0.4257612 0.5481844 -0.7365918 0.4137504 0.535017 -0.05106049 0.1294459 0.990271 -0.01952314 0.1081964 0.9939379 -0.07089239 0.2213554 0.972613 -0.9506381 0.2324943 0.2055081 -0.982864 0.1728556 0.0640273 -0.9315175 0.2166057 0.2921595 -0.4365312 0.3870443 0.8121805 -0.4475196 0.3889327 0.8052688 -0.29364 0.2399383 0.9253135 -0.6654634 0.4138718 0.6211833 -0.8688514 0.3457257 0.35436 -0.05016452 0.1295068 0.9903088 -0.1511234 0.1764935 0.9726314 -0.09574061 0.1740745 0.9800673 -0.1215373 0.1911247 0.9740124 -0.9647806 0.0616939 0.2557193 -0.9734379 0.05060279 0.2232898 -0.984909 -0.01525485 0.1723999 -0.9828466 -0.01169967 0.1840537 -0.9082303 0.05526137 0.4148062 -0.9787447 -0.1549522 0.1343457 -0.8690587 -0.4913505 0.05754762 -0.8880554 0.03351163 0.4585137 -0.9427926 -0.3235162 0.08049511 -0.9513066 -0.2362202 0.1980303 -0.9589977 -0.2025556 0.1982288 -0.9066322 -0.3117353 0.2843223 -0.8296205 0.03156644 0.5574349 -0.1343007 0.1192249 0.9837422 -0.01761627 0.04649794 0.9987631 -0.3783823 0.09005618 0.9212583 -0.2564185 0.04114758 0.9656896 -0.8723958 -0.4862082 0.05027294 -0.09713476 0.08039075 0.9920192 -0.7951722 -0.5881165 0.1477169 -0.8849154 -0.4149745 0.2114732 -0.8871858 -0.4151637 0.2013468 -0.4607545 0.05658704 0.8857219 -0.6704894 -0.7408044 0.04065632 -0.8556334 -0.4483082 0.2586721 -0.8227816 -0.4633854 0.3290966 -0.7817869 -0.5266124 0.3338992 -0.760091 -0.5868994 0.2789463 -0.6708179 -0.7101941 0.2136068 -0.6077978 -0.7742972 0.1761978 -0.551622 -0.7992427 0.2385883 -0.4096589 -0.9108887 0.04961276 -0.4553306 -0.8723559 0.1779587 -0.368546 -0.925109 0.09136271 -0.5514116 -0.5007963 0.6671944 -0.6559854 -0.5426248 0.5246347 -0.3645313 -0.924652 0.1101621 -0.1650415 0.005218863 0.9862729 -0.2338129 -0.9681072 0.08999991 -0.1791273 -0.9796326 0.09073853 -0.1836959 -0.1566147 0.9704266 -0.2512837 -0.1641355 0.9538953 -0.1049632 -0.05587989 0.9929049 -0.1685966 -0.0394271 0.9848964 -0.1409022 -0.9793524 0.1449675 -0.16623 -0.131087 0.9773351 -0.0580886 -0.9897699 0.1303126 -0.1017488 -0.9812371 0.1637715 0.03346639 -0.9911362 0.1285655 0.1625964 -0.982823 0.08730065 0.2197444 -0.9714117 0.08984255 -0.1688209 -0.192003 0.9667649 0.08308488 -0.9825799 0.1662338 0.4425212 -0.8795326 0.1749212 0.4233855 -0.9048489 0.04464578 -0.05768221 -0.2399733 0.9690643 -0.1050555 -0.1717366 0.9795253 0.63297 -0.7726519 0.04856067 -0.08714205 -0.1305637 0.9876029 -0.1004896 -0.1115379 0.9886664 -0.09512996 -0.06884539 0.9930815 0.8680895 -0.4935541 0.0531516 -0.03297477 -0.3047469 0.9518624 -0.0425406 -0.3422361 0.9386506 0.7201967 -0.6937202 0.008309245 0.7465788 -0.6611286 0.07435905 0.5986668 -0.7821353 0.1728079 0.5474176 -0.8045234 0.2303825 0.6588547 -0.7214168 0.2132334 0.8678321 -0.4939222 0.05392777 0.7938309 -0.5993218 0.1031796 0.7870208 -0.600589 0.1410363 0.06517195 -0.3131272 0.9474725 -0.03055757 -0.1352406 0.9903416 -0.03260034 -0.1338211 0.9904692 0.8486232 -0.4595121 0.2620826 0.004217803 -0.1848527 0.9827573 0.7511964 -0.5991612 0.2769655 0.8800441 -0.4244146 0.2130604 0.8825308 -0.4246669 0.201984 0.670464 -0.542962 0.5056387 0.9396476 -0.3327516 0.0796163 0.776126 -0.5305516 0.3407984 0.8295325 -0.4685795 0.3038241 0.7225093 -0.5163166 0.4597797 0.9487851 -0.2458317 0.1984285 0.9023462 -0.3223241 0.2861443 0.9569294 -0.2115455 0.1988335 0.9772631 -0.1639022 0.1345101 0.9827563 -0.02026152 0.183792 0.9847632 -0.02378869 0.172266 0.9650572 0.05430591 0.2563506 0.9737294 0.04309415 0.2235931 0.9331232 0.2101196 0.291772 0.973418 0.1708264 0.1525644 0.973467 0.1720598 0.1508557 0.984139 0.1664131 0.06145995 0.9509515 0.2254577 0.2118022 0.5561194 -0.1294188 0.8209642 0.9511952 0.3042337 0.05166888 0.9134345 0.3805147 0.1443817 0.9131225 0.3755467 0.1586565 0.8960418 -0.03664046 0.4424554 0.7804602 0.6252055 4.08836e-4 0.8038095 0.594498 0.02150225 0.8907498 0.02946615 0.4535381 0.908601 0.04842072 0.4148491 0.809718 0.0388931 0.585529 0.1780283 -0.1033918 0.9785786 0.8104553 0.5814628 0.07115644 0.7731132 0.6235317 0.1162082 0.7262572 0.6829758 0.07806795 0.4592831 0.05460339 0.8866102 0.4617522 0.05180668 0.8854948 0.8714908 0.3888534 0.2988256 0.8738113 0.3937136 0.2853831 0.8164371 0.5198735 0.2513206 0.5251622 0.1327331 0.8405871 0.6485776 0.172544 0.7413337 0.7677959 0.509201 0.3888493 0.7390129 0.4293453 0.5191558 0.6714735 0.5639414 0.4807219 0.6771383 0.5671725 0.4688274 0.6937826 0.632892 0.3436766 0.6809337 0.4062052 0.6093658 0.6522002 0.4254413 0.6274032 0.3453444 0.07266491 0.9356586 0.2703194 0.0402311 0.9619297 0.2421746 0.04615873 0.9691342 0.5924134 0.6749256 0.4399113 0.5168323 0.7499713 0.4128285 0.4899342 0.7340577 0.4702379 0.4783771 0.6021949 0.6391531 0.5701974 0.6188263 0.5403047 0.4895861 0.593882 0.6384431 0.4551596 0.4765902 0.7521247 0.3836545 0.4286032 0.8179905 0.52093 0.4003371 0.7538981 0.4485052 0.3224403 0.8335918 0.3704184 0.2976729 0.8798756 0.1649441 0.00470674 0.9862918 0.3814474 0.8210684 0.4246701 0.4291317 0.7385875 0.5199371 0.3436619 0.6411001 0.6862123 0.1615652 -0.00556004 0.9868465 0.3429356 0.423897 0.838276 0.3366212 0.5483151 0.7655304 0.3504228 0.5376257 0.7669176 0.2568207 0.8827342 0.3934762 0.2244625 0.8975598 0.3794774 0.1954125 0.4359946 0.8784776 0.1902284 0.5535737 0.8107832 0.1315376 0.2773377 0.9517257 0.07109254 0.2218434 0.9724872 0.1323714 0.1857048 0.9736487 0.1519706 0.1761347 0.9725644 0.09607565 0.1737373 0.9800944 0.05104446 0.1298273 0.9902219 0.1271591 0.08350294 0.9883612 0.09642201 0.0793395 0.9921734 0.0185011 0.1081832 0.9939589 0.05087274 0.1298415 0.9902288 0.01820981 0.04916167 0.9986249 -0.6845031 0.7285261 0.0265569 -0.6052113 0.7957456 0.02254563 -0.194343 0.7972053 0.571572 -0.255384 0.3345555 0.9071117 -0.5886735 0.4929705 0.6406588 -0.9210455 0.2191857 0.3219206 -0.897936 0.197574 0.3932883 -0.7689964 0.2964029 0.5663834 -0.5715773 0.3391177 0.7471938 -0.5027904 0.3172925 0.8040693 -0.7518879 0.2678592 0.6024253 -0.8498508 0.1989387 0.488034 -0.637399 0.2208089 0.7382182 -0.5918171 0.229137 0.7728189 -0.4516284 0.1993248 0.869656 -0.3764707 0.1393848 0.9158831 -0.2817432 0.1477662 0.9480433 -0.4520949 0.2642188 0.8519383 -0.9202789 -0.05218517 0.3877675 -0.9653704 -0.05405354 0.2552219 -0.4575074 0.06504309 0.8868238 -0.9447636 -0.1545742 0.2890132 -0.7119714 -0.6997059 0.05923128 -0.7751926 -0.6313206 0.02260529 -0.8947088 -0.1338157 0.4261335 -0.8962934 -0.1331018 0.4230155 -0.8187707 -0.5690441 0.07618081 -0.7367376 -0.0425207 0.6748406 -0.743804 -0.05457776 0.6661658 -0.734423 -0.150853 0.6617147 -0.8446435 -0.1781314 0.5048232 -0.765223 -0.1694322 0.6210689 -0.4115352 -0.05759388 0.9095723 -0.3860593 -0.04198962 0.9215179 -0.5118547 -0.07379227 0.8558969 -0.8603717 -0.283255 0.4237065 -0.6008496 -0.1423123 0.7865921 -0.7934205 -0.3015674 0.5287164 -0.7412026 -0.2680534 0.6154399 -0.03111922 0.03362542 0.9989499 -0.4926529 -0.8667405 0.07780849 -0.5483644 -0.8349961 0.04558694 -0.6123161 -0.7868167 0.07738643 -0.5691695 -0.2199976 0.7922419 -0.09803098 0.07075506 0.9926649 -0.0403167 0.02820014 0.998789 -0.1380298 0.03153163 0.989926 -0.1380743 0.03136569 0.9899252 -0.6045812 -0.257077 0.7539184 -0.617112 -0.262726 0.7417196 -0.7344211 -0.6005033 0.3162618 -0.6680849 -0.6815427 0.2986003 -0.4259849 -0.1901001 0.8845332 -0.6016259 -0.6566822 0.454769 -0.5998312 -0.6346355 0.4872788 -0.4892848 -0.7201756 0.4918817 -0.5354627 -0.7268333 0.4301082 -0.1792826 -0.04805427 0.9826234 -0.4537447 -0.4524189 0.7677454 -0.3097012 -0.8992869 0.3088176 -0.4366803 -0.8583594 0.2693129 -0.2843806 -0.9213859 0.2649074 -0.2492897 -0.9298785 0.2705195 -0.3175013 -0.9376006 0.1417679 -0.3374431 -0.6539673 0.677096 -0.3003191 -0.8292121 0.4713976 -0.2322629 -0.7756966 0.5868124 -0.1388785 -0.9079555 0.3953857 -0.04445993 0.01224267 0.9989362 -0.09301173 -0.009528517 0.9956194 -0.08630681 -0.9534312 0.2889986 -0.08279681 -0.962101 0.25982 0.08362239 -0.965081 0.2482461 0.08859914 -0.9605608 0.2635779 -0.1318726 -0.8716989 0.4719648 0.2493129 -0.9629852 0.1024829 0.3773872 -0.9154999 0.1394228 0.3685185 -0.9265064 0.07602787 0.3216572 -0.9449481 0.0600816 -0.2178763 -0.4987254 0.8389296 -0.1044405 -0.5776212 0.8095962 0.2868464 -0.938981 0.189826 0.2720723 -0.9299271 0.2474111 0.2019137 -0.9352228 0.2908422 0.07271057 -0.9430337 0.3246546 0.02446752 -0.9050366 0.4246292 -0.03078782 -0.8206635 0.5705818 -0.0980426 -0.5586998 0.8235546 0.5218945 -0.8512793 0.05431109 0.6011117 -0.7952302 0.07920694 0.4814974 -0.8734235 0.07274538 0.1701468 -0.8652282 0.4716252 0.174803 -0.8347418 0.5221592 -0.0242623 -0.4832509 0.8751457 0.317428 -0.8705861 0.3759247 0.3678009 -0.8451057 0.3879677 0.4096987 -0.8485198 0.3349048 0.2570847 -0.6535111 0.7119204 0.08063447 -0.3414677 0.9364283 0.08951121 -0.435274 0.8958372 0.6824521 -0.6206783 0.3860279 0.3198051 -0.5875749 0.7432904 -0.03892266 -0.06822556 0.9969104 0.2032583 -0.3006414 0.9318267 0.3228306 -0.4393029 0.8383277 0.3645698 -0.4498165 0.8153244 0.6266497 -0.2569147 0.7357344 0.7795025 -0.3118774 0.543239 0.7257968 -0.2689984 0.6331343 0.8575443 -0.2937042 0.4223219 0.943081 -0.1633352 0.2896894 0.9083463 -0.1466747 0.391655 0.7673708 -0.1656149 0.6194465 0.8403946 -0.1842544 0.5096934 0.9650236 -0.06193494 0.254742 0.371514 -0.1789278 0.9110226 0.1578124 -0.1580812 0.9747337 0.9097348 -0.05917876 0.4109508 0.5372124 -0.1794062 0.8241457 0.05938053 -0.1370304 0.9887855 0.02203476 -0.1083646 0.993867 0.756897 -0.1571296 0.6343635 0.02107042 -0.08545231 0.9961195 0.7460721 -0.06158494 0.6630111 0.7260457 -0.04472506 0.6861905 0.3643456 -0.1750001 0.9146733 0.2980819 -0.1575881 0.9414421 0.2629478 -0.1249569 0.9566841 0.9303302 0.2107893 0.3000893 0.9009783 0.1786524 0.3953751 0.8867986 0.2859818 0.3630462 0.721134 0.6921197 0.03059846 0.6599329 0.7512683 0.009198665 0.5801289 0.03261011 0.8138717 0.390599 -0.04985976 0.9192097 0.5069516 -0.07959806 0.8582915 0.3849771 -0.04641586 0.9217583 0.8344278 0.1859371 0.5188041 0.1999559 -0.02719378 0.9794275 0.2719021 -0.03960323 0.9615097 0.7828866 0.2204192 0.5818111 0.7775963 0.3131995 0.5452066 0.8007118 0.2663607 0.536575 0.6545097 0.3301556 0.6801576 0.5636146 0.2585774 0.7845232 0.1175493 -0.05207866 0.9917005 0.5648423 0.2618524 0.7825514 0.3155694 0.1611112 0.9351252 0.4616 0.1740147 0.8698531 0.3144025 0.1577302 0.9360942 0.3493546 0.145213 0.9256699 0.5150728 0.4671239 0.7186761 0.1270709 -0.01369273 0.9917992 0.07256317 0.01286089 0.9972809 0.2573822 0.3345074 0.9065647 0.2679184 0.6804561 0.6820552 0.0916509 -0.01469671 0.9956828 0.08257997 0.05659413 0.9949763 0.02342224 0.04519093 0.9987038 0.02847516 0.01124888 0.9995313 -0.6182395 0.1312117 0.7749603 -0.7374823 0.09733259 0.6683161 -0.7157391 0.09741348 0.6915405 -0.598773 0.01128274 0.8008393 -0.6195756 -0.02184861 0.7846329 -0.7673098 -0.4072699 0.4953452 -0.7054133 -0.4056837 0.5812168 -0.5780565 -0.3895886 0.7169877 -0.6625965 -0.5560155 0.5018094 -0.4273493 -0.2401067 0.8716199 -0.4996455 -0.3258309 0.8026136 -0.4982855 -0.3202266 0.8057087 -0.3754437 -0.1515092 0.914378 -0.2416498 -0.05749815 0.9686586 -0.2825713 -0.131596 0.9501768 -0.4446082 -0.5395802 0.7149664 -0.3763648 -0.4552292 0.8069176 -0.4198937 -0.4867001 0.7660368 -0.4318259 -0.6047171 0.6692112 -0.3023757 -0.455723 0.837189 -0.4058544 -0.7628412 0.5033445 -0.4021629 -0.7774347 0.4835911 -0.2925083 -0.5123628 0.8074177 -0.343514 -0.6013872 0.7213401 -0.1996549 -0.2730569 0.9410516 -0.1937648 -0.2897651 0.9372788 -0.2881613 -0.3009949 0.9090463 -0.2211628 -0.6269456 0.7470116 -0.1741414 -0.78894 0.5892782 -0.1029252 -0.6473236 0.7552342 -0.03270804 -0.7263527 0.6865435 -0.1574185 -0.3945875 0.9052736 -0.1585722 -0.3130236 0.936414 -0.1029438 -0.4125607 0.9050948 0.01530909 -0.8644369 0.5025082 0.1206047 -0.7786908 0.6157072 0.08243644 -0.4624198 0.8828207 0.01435017 -0.5173665 0.8556437 0.2216488 -0.8173283 0.5318328 0.3658433 -0.7662566 0.5282136 0.5265089 -0.7620069 0.3770068 0.4799322 -0.7713698 0.4179158 0.1883696 -0.4993728 0.8456618 -0.04127228 -0.06674355 0.9969162 -0.03273463 -0.00769627 0.9994345 0.2057356 -0.4434126 0.8723865 0.2915437 -0.509411 0.8096312 0.5215982 -0.6224049 0.5835644 0.4486527 -0.5958531 0.6660855 0.4048182 -0.3749205 0.8340006 0.5902931 -0.4847296 0.645439 0.6043022 -0.4265117 0.6729834 0.1281413 -0.204004 0.9705474 0.7578305 -0.3998915 0.5155385 0.3920161 -0.3727128 0.8410759 0.6811722 -0.4061225 0.6091543 0.5918419 -0.3095007 0.7442664 0.2571536 -0.255768 0.9319093 0.2475834 -0.2228511 0.9428891 0.1620034 -0.1086975 0.9807853 0.1510386 -0.1235287 0.9807794 0.09205764 -0.1092333 0.9897441 0.08978766 -0.07520776 0.9931173 0.6189395 -0.02647632 0.7849923 0.7514091 0.08214277 0.6547039 0.7020993 0.08782857 0.7066419 0.05552816 -0.06053799 0.9966202 0.658748 0.1720259 0.732433 0.6610373 0.7503067 0.008335173 0.5561179 0.8306429 0.02766418 0.009511768 -0.02199971 0.9997128 0.04878139 -0.03676289 0.9981328 0.007373929 -0.02322536 0.9997032 0.4667547 0.2899115 0.8355187 0.02066087 0.004389882 0.999777 -0.6974091 -0.4009166 0.5940424 -0.6085508 -0.5012506 0.6151535 -0.4237458 -0.351901 0.8346288 -0.2358458 -0.6040511 0.7612484 0.1015503 -0.6479178 0.7549106 0.1329433 -0.7026871 0.6989685 0.0242328 -0.6336049 0.7732772 0.239305 -0.6497091 0.721534 0.2303578 -0.6625974 0.7126711 0.4088985 -0.720972 0.5594654 0.5732996 -0.678904 0.4587124 0.6372333 -0.6706989 0.3796009 0.1734119 -0.3470975 0.921657 0.1940911 -0.2994299 0.9341684 0.6941711 -0.4107321 0.5911225 0.5382721 -0.4834415 0.6903243 0.05934625 -0.1374858 0.9887243 0.09082913 -0.198934 0.9757948 0.06435537 -0.2320709 0.9705677 0.4713368 -0.3052492 0.8274446 0.471637 -0.2971888 0.8302033 -0.2986575 -0.221562 0.9282855 -0.3105463 -0.288139 0.9058349 0.3948955 -0.6430264 0.6561819 -0.005203306 -0.06318211 0.9979885 0.002602219 0.1624772 -0.9867089 -0.04008209 0.9624895 -0.268342 -0.03937286 0.1844097 -0.9820606 -0.1856113 0.8896195 -0.4172836 -0.1760689 0.9073295 -0.3817762 -0.06985181 0.1857 -0.9801206 -0.3451482 0.8654914 -0.3630393 -0.383125 0.882815 -0.2717594 -0.442853 0.8740283 -0.1998895 -0.4993333 0.8143914 -0.2956904 -0.5564896 0.7763966 -0.295851 -0.6098252 0.7421063 -0.2781936 -0.08186906 0.0838443 -0.9931101 -0.637694 0.6913323 -0.3397149 -0.7053716 0.6648604 -0.2457877 -0.7173757 0.6012306 -0.3519859 -0.1136698 0.03794789 -0.9927937 -0.1859065 0.08098554 -0.9792243 -0.8640249 0.3939073 -0.3135254 -0.8989669 0.3199521 -0.2991474 -0.1485409 0.021411 -0.9886745 -0.9472355 -0.03700357 -0.3183954 -0.2023041 -0.02704352 -0.9789493 -0.899834 -0.155552 -0.4075567 -0.1857337 -0.08088725 -0.9792652 -0.1778889 -0.0761975 -0.981096 -0.9032449 -0.3101844 -0.2965375 -0.8664404 -0.386913 -0.3155624 -0.7993537 -0.5353337 -0.2728579 -0.09483659 -0.08916199 -0.9914919 -0.7538691 -0.5883281 -0.2924919 -0.708287 -0.6445854 -0.2878183 -0.7076774 -0.5908508 -0.3874121 -0.6851199 -0.6790614 -0.2636027 -0.63265 -0.7172197 -0.2921473 -0.567668 -0.7664916 -0.3004059 -0.06666839 -0.1341978 -0.9887095 -0.5101312 -0.8357058 -0.203377 -0.4431977 -0.8527009 -0.2765452 -0.07390785 -0.185862 -0.9797923 -0.3796473 -0.8740141 -0.3032613 -0.3164995 -0.8987329 -0.3034922 -0.03482317 -0.1841775 -0.982276 -0.1799345 -0.9021552 -0.3920965 -0.001342833 -0.1714503 -0.985192 0.004083275 -0.3330254 -0.942909 0.004080712 -0.9712721 -0.237937 0.1740211 -0.8981125 -0.4038697 0.05642765 -0.1117031 -0.9921383 0.3064249 -0.8989246 -0.3131108 0.3826684 -0.8708937 -0.3083976 0.43975 -0.8532369 -0.2803692 0.5110296 -0.8332287 -0.2111369 0.5409727 -0.7530454 -0.3745281 0.6133056 -0.7456496 -0.2605056 0.09699428 -0.09120774 -0.9910971 0.6654102 -0.6936192 -0.2759017 0.7126894 -0.6536321 -0.2546348 0.696225 -0.5457101 -0.4663382 0.7800961 -0.5363997 -0.3220645 0.8303892 -0.4816917 -0.2800482 0.8258595 -0.454128 -0.3342512 0.1517807 -0.06565517 -0.9862312 0.8611946 -0.4143255 -0.2944119 0.8945864 -0.3534108 -0.273525 0.9176207 -0.1483373 -0.3687391 0.9136173 -3.77955e-4 -0.4065752 0.1915413 0.03835767 -0.9807348 0.1373589 0.0558955 -0.988943 0.1351613 0.05466198 -0.9893147 0.858334 0.3293924 -0.3933999 0.8324792 0.4675614 -0.2972621 0.8335334 0.4719858 -0.287144 0.7856425 0.5357517 -0.3094128 0.7845743 0.5325923 -0.3174724 0.09914821 0.09335547 -0.9906838 0.7409901 0.6290082 -0.2351221 0.6859343 0.5318309 -0.496639 0.7152136 0.6544514 -0.2452812 0.6608874 0.6956909 -0.2814995 0.6113236 0.7469494 -0.2614386 0.5549834 0.7795676 -0.2902896 0.05486881 0.1104059 -0.992371 0.4756059 0.8055422 -0.353413 0.4244028 0.8601648 -0.282841 0.07023006 0.1857047 -0.9800927 0.3510399 0.8693299 -0.347903 0.0332272 0.1841211 -0.9823419 0.1743387 0.8985451 -0.402769 0.1534173 0.9237086 -0.3510349 0.02341067 0.9631323 -0.2680076 -0.04927176 0.7779989 -0.6263307 -0.1531463 0.7905486 -0.5929411 -0.252842 0.9155621 -0.3127573 -0.3195782 0.9028962 -0.2874863 -0.4414724 0.7715364 -0.4580763 -0.5237979 0.7138493 -0.4648172 -0.6061435 0.6621397 -0.4406372 -0.3907179 0.1543698 -0.9074743 -0.804688 0.3799473 -0.4561988 -0.8943067 0.3017729 -0.3303766 -0.9174455 0.2593904 -0.3016793 -0.5124909 0.09814924 -0.853065 -0.8971467 0.1832576 -0.4019261 -0.9331917 0.2233806 -0.2815214 -0.6305017 0.06134808 -0.7737597 -0.9481943 0.1069526 -0.299147 -0.9565689 0.03046876 -0.2899097 -0.9210134 0.07680916 -0.3818832 -0.7617833 0.003182232 -0.6478241 -0.2718663 -0.005330502 -0.9623203 -0.9508028 -0.04053878 -0.3071334 -0.8585993 -0.1317517 -0.495428 -0.9473234 -0.1297283 -0.2928293 -0.9054474 -0.2019308 -0.3733482 -0.9177844 -0.2188053 -0.3313549 -0.3890693 -0.1512079 -0.9087141 -0.8997638 -0.3026346 -0.3143844 -0.75942 -0.4503112 -0.4695755 -0.6003232 -0.6629669 -0.4473109 -0.5109984 -0.7198206 -0.4698287 -0.3872542 -0.7942693 -0.4681565 -0.1503894 -0.8015772 -0.5786684 -0.004893243 -0.02124726 -0.9997624 -0.01717191 -0.1344254 -0.9907749 -0.1501614 -0.9366298 -0.3165065 -0.08269596 -0.9515559 -0.2961466 -0.01154112 -0.8430309 -0.5377415 -0.05125421 -0.9290392 -0.3664139 0.01441574 -0.1278332 -0.991691 0.07549035 -0.9330936 -0.3516212 0.1458032 -0.753842 -0.6406745 0.3836681 -0.7847313 -0.4868219 0.5230859 -0.7367329 -0.4284926 0.5869444 -0.6391307 -0.4969993 0.7482546 -0.4185548 -0.5147106 0.4227991 -0.1612623 -0.8917596 0.8928319 -0.3015464 -0.3345461 0.9173337 -0.2722656 -0.2904657 0.9016562 -0.1927511 -0.3871216 0.9240152 -0.2219008 -0.3113774 0.8572849 -0.1255301 -0.4993043 0.6130859 -0.06002897 -0.7877323 0.9287173 -0.1420045 -0.3425186 0.9607015 -0.07812505 -0.2663629 0.5229933 0.01235347 -0.8522474 0.1316332 0.01161503 -0.9912305 0.9245112 0.07237809 -0.3742199 0.9508546 0.1473854 -0.2723108 0.9037429 0.1962261 -0.3804526 0.9209606 0.2193226 -0.3220701 0.3846189 0.1457037 -0.9115036 0.9164062 0.2677989 -0.2974618 0.8838784 0.3175144 -0.3434296 0.7455208 0.4024291 -0.5312718 0.6079326 0.664308 -0.434871 0.5150054 0.7018924 -0.4920533 0.4504835 0.7663261 -0.4580491 0.2853903 0.9157622 -0.2827227 0.2210683 0.903254 -0.3677788 0.1494737 0.771779 -0.6180736 0.02569973 0.1652269 -0.9859207 0.08011257 0.9116307 -0.4031272 0.04916709 0.7797209 -0.6241938 -0.04211598 0.8723518 -0.4870612 -0.1080816 0.819521 -0.5627644 -0.08152627 0.9618397 -0.261186 -0.05910933 0.3215517 -0.9450453 -0.09076714 0.7303273 -0.6770402 -0.1669154 0.7258325 -0.6673129 -0.2397382 0.9089033 -0.3412044 -0.1099949 0.2610093 -0.9590492 -0.2384889 0.7396277 -0.629344 -0.2569709 0.7161332 -0.648937 -0.2345074 0.6324136 -0.7382814 -0.2392327 0.5190321 -0.8205934 -0.1117191 0.2629563 -0.9583178 -0.2990736 0.5463669 -0.7823287 -0.1659712 0.2803331 -0.9454454 -0.2340278 0.3645999 -0.9012758 -0.2980816 0.4819216 -0.8239533 -0.4629304 0.8062408 -0.3683357 -0.3910428 0.5630466 -0.7280551 -0.2489284 0.2799507 -0.9271798 -0.1017706 0.1128795 -0.988383 -0.55818 0.7606092 -0.3315253 -0.3028408 0.3217841 -0.8970744 -0.4515309 0.5180489 -0.7264608 -0.4176844 0.4469604 -0.7910538 -0.6394227 0.7030365 -0.3112531 -0.342105 0.2696725 -0.9001338 -0.5465211 0.483206 -0.6839786 -0.5466389 0.4831562 -0.6839196 -0.5463826 0.4831947 -0.6840972 -0.6378033 0.5770353 -0.5101346 -0.2481418 0.1739657 -0.9529752 -0.5281601 0.4316799 -0.7312316 -0.3140397 0.2310106 -0.9208764 -0.2422208 0.1388579 -0.960233 -0.5425208 0.3176171 -0.7776829 -0.4159657 0.1883731 -0.8896563 -0.507645 0.2449762 -0.8260043 -0.7258983 0.2947178 -0.6214605 -0.8378015 0.3989137 -0.3727688 -0.7404071 0.26872 -0.6161063 -0.7094075 0.2217045 -0.6690202 -0.2650765 0.04881823 -0.9629909 -0.4058097 0.09123599 -0.9093924 -0.2868654 0.06023281 -0.9560754 -0.7518099 0.1787739 -0.6346825 -0.7738891 0.1756709 -0.6084699 -0.7788287 0.1182418 -0.6159908 -0.3600869 0.02299672 -0.9326354 -0.9120871 0.07628613 -0.4028371 -0.325418 -0.001147985 -0.9455696 -0.6886426 0.01427984 -0.7249604 -0.8190436 -0.04966437 -0.5715777 -0.8140478 -0.04779767 -0.5788277 -0.2921102 -0.06591683 -0.9541104 -0.6165176 -0.1152063 -0.7788669 -0.2746837 -0.0454337 -0.9604607 -0.7201364 -0.2319846 -0.6539012 -0.7368962 -0.2678571 -0.6206744 -0.7248828 -0.2814407 -0.6287575 -0.5444856 -0.2584679 -0.7979536 -0.5387307 -0.2802817 -0.7944881 -0.8398315 -0.3947167 -0.3726685 -0.2525739 -0.1693655 -0.9526395 -0.4773249 -0.2833372 -0.8317939 -0.2488647 -0.1696318 -0.9535678 -0.5400213 -0.3713735 -0.7552872 -0.7872785 -0.4584117 -0.412373 -0.4186487 -0.3668998 -0.8307332 -0.469304 -0.389625 -0.7924307 -0.3466037 -0.3056436 -0.8868191 -0.1336296 -0.1466485 -0.9801211 -0.2126203 -0.2317 -0.9492669 -0.5718044 -0.5899971 -0.5700379 -0.4898547 -0.5174925 -0.7016011 -0.6325718 -0.695767 -0.3402371 -0.2779821 -0.3614203 -0.8900008 -0.3959776 -0.4928735 -0.7747759 -0.08914983 -0.1564719 -0.9836509 -0.5372881 -0.7565889 -0.3726857 -0.2233301 -0.3526781 -0.9087034 -0.3062385 -0.5541942 -0.774007 -0.272581 -0.5058282 -0.818436 -0.2311397 -0.4941132 -0.8381089 -0.1095754 -0.2899746 -0.9507408 -0.4005058 -0.8307053 -0.3866834 -0.2577707 -0.7425886 -0.6181558 -0.2585607 -0.7387631 -0.622395 -0.2812025 -0.8843549 -0.3726146 -0.05437523 -0.3111119 -0.9488166 -0.166809 -0.7258267 -0.6673457 -0.2313902 -0.9219167 -0.3106896 -0.08366447 -0.7504887 -0.6555662 -0.03511947 -0.85627 -0.5153333 0.05549705 -0.8949386 -0.4427246 0.05816024 -0.3398751 -0.9386705 0.07745999 -0.6739227 -0.7347301 0.1178034 -0.8095733 -0.5750771 0.0886771 -0.9621237 -0.2577877 0.08944249 -0.7040318 -0.7045136 0.06312406 -0.3192667 -0.9455602 0.04741406 -0.3016002 -0.9522548 0.1570467 -0.7235797 -0.6721376 0.2151043 -0.9183654 -0.3321675 0.1090853 -0.2779327 -0.9543867 0.1088063 -0.2728779 -0.9558761 0.2812247 -0.884533 -0.3721749 0.2577723 -0.7425914 -0.6181517 0.257763 -0.7426154 -0.6181268 0.401349 -0.8331066 -0.3805946 0.2435339 -0.4016028 -0.88284 0.3235667 -0.5904818 -0.7393482 0.302959 -0.4977874 -0.8126645 0.1810656 -0.2409585 -0.9534958 0.1377709 -0.1830911 -0.9733945 0.4004307 -0.5648066 -0.72156 0.4284046 -0.5058608 -0.7487152 0.5425303 -0.7639145 -0.3494218 0.2810387 -0.3145495 -0.906684 0.4647629 -0.5262404 -0.7120861 0.5890785 -0.6446237 -0.4872854 0.1468852 -0.1249241 -0.9812333 0.6287235 -0.6897438 -0.3591106 0.3024798 -0.2666223 -0.9151058 0.3138922 -0.2738313 -0.909114 0.4633893 -0.403343 -0.7890405 0.5111834 -0.4296988 -0.7443457 0.6089746 -0.506839 -0.6101346 0.5132325 -0.3093199 -0.8005709 0.5556324 -0.3457193 -0.7561421 0.414534 -0.2557219 -0.8733658 0.2430436 -0.1197899 -0.9625905 0.2385043 -0.1176301 -0.9639912 0.5790283 -0.2464268 -0.7771744 0.7599999 -0.3311202 -0.5592492 0.71556 -0.2857253 -0.6374442 0.8614279 -0.3807677 -0.3360923 0.7452858 -0.2699109 -0.6096698 0.2592948 -0.04581302 -0.9647111 0.4148445 -0.09639078 -0.9047724 0.2760725 -0.05457454 -0.9595863 0.712736 -0.1865476 -0.6761712 0.7329291 -0.1821257 -0.6554732 0.7586508 -0.132437 -0.6378945 0.3182364 -0.02155613 -0.9477664 0.791706 -0.03588485 -0.6098476 0.8401532 -0.04851776 -0.5401749 0.2335727 0.02197921 -0.972091 0.9551484 -0.02366137 -0.2951807 0.3254414 6.57836e-4 -0.945562 0.7606503 0.03054952 -0.6484427 0.9237509 0.07180976 -0.3762018 0.9072514 0.07226258 -0.4143345 0.652474 0.06737846 -0.7548098 0.3681212 0.06429672 -0.9275521 0.3201099 0.06296372 -0.9452859 0.4399489 0.07913434 -0.8945294 0.7644053 0.1322961 -0.6310171 0.7619596 0.1723231 -0.6242776 0.7839445 0.1678212 -0.5977184 0.7177736 0.2332287 -0.656053 0.7397533 0.2674674 -0.6174353 0.4254301 0.1999379 -0.8826291 0.6399341 0.2831956 -0.7143421 0.4371956 0.2074886 -0.8751049 0.2350545 0.1332673 -0.9628028 0.8718321 0.3931293 -0.2921616 0.8587909 0.3698103 -0.354568 0.4907002 0.3217489 -0.8097475 0.2361054 0.167446 -0.9571918 0.4492972 0.3118033 -0.8372041 0.3128304 0.2326992 -0.9208627 0.5313894 0.4697558 -0.7049502 0.6703414 0.5655655 -0.4803938 0.3283651 0.3201823 -0.888628 0.4697657 0.4554033 -0.7562593 0.131873 0.1470425 -0.9803 0.4872718 0.5101402 -0.7087477 0.2432921 0.2735432 -0.9305822 0.4405536 0.5198427 -0.731899 0.6299949 0.6912807 -0.3538891 0.2772649 0.3579095 -0.8916417 0.3445749 0.4461457 -0.8259675 0.5226096 0.6814219 -0.51239 0.09557735 0.1550753 -0.9832683 0.5582131 0.7606684 -0.3313333 0.3680424 0.5633733 -0.7396995 0.2231927 0.3709561 -0.9014303 0.1862462 0.3317552 -0.9247978 0.3266262 0.5470983 -0.7707132 0.4731512 0.825471 -0.3077756 0.1783385 0.3800281 -0.90762 0.196838 0.4822156 -0.8536527 0.09613907 0.2492158 -0.9636642 0.2381483 0.7347878 -0.6351161 0.2202504 0.7149342 -0.6635954 0.05819231 0.3195329 -0.9457867 0.2387986 0.9171486 -0.3190826 0.106037 0.6014183 -0.7918664 0.127864 0.7315636 -0.6696757 0.06986522 0.9404193 -0.3327621 0.04211622 0.872351 -0.4870627 -0.01548779 0.416985 -0.9087814 -0.01263844 0.6811893 -0.7319982 -0.03128641 0.4500491 -0.8924556 -0.0712375 0.5429125 -0.8367624 -0.03987741 0.45052 -0.8918753 -0.1240884 0.5461825 -0.8284242 -0.1214603 0.4563395 -0.8814769 -0.1267738 0.4530578 -0.8824212 -0.6546123 0.4314052 -0.6207837 -0.6380714 0.3981813 -0.659027 -0.4445415 0.1454324 -0.8838735 -0.5842612 0.06344592 -0.809082 -0.4941245 -0.02273422 -0.8690939 -0.5629769 -0.06623643 -0.8238142 -0.5572391 -0.07753252 -0.8267244 -0.5855863 -0.1549628 -0.7956604 -0.4555557 -0.1318801 -0.8803845 -0.6679887 -0.4517194 -0.591389 -0.6524254 -0.5611754 -0.5093363 -0.4404172 -0.6232551 -0.6462087 -0.2205047 -0.597289 -0.7711185 -0.1275547 -0.4525579 -0.8825652 -0.1214189 -0.4563416 -0.8814815 -0.1240493 -0.5463066 -0.8283483 -0.04651659 -0.3863262 -0.9211885 -0.06313091 -0.5419721 -0.838022 -0.05985856 -0.5814694 -0.8113632 0.012241 -0.3691637 -0.9292838 0.009732842 -0.535786 -0.8442977 0.1334233 -0.53293 -0.8355739 0.1919276 -0.5161967 -0.8346885 0.1984913 -0.5700328 -0.7972854 0.6515674 -0.5783259 -0.4909166 0.7046376 -0.4896373 -0.5135574 0.6736984 -0.4202376 -0.6078904 0.4459772 -0.1148248 -0.8876483 0.6050511 -0.05894643 -0.7940016 0.5235697 -0.03397846 -0.8513051 0.6609855 0.04497087 -0.74905 0.5402559 0.1234836 -0.8323914 0.5340064 0.1648823 -0.8292473 0.383996 0.145839 -0.9117446 0.7444751 0.40943 -0.5273746 0.6703555 0.4224736 -0.6100324 0.7118154 0.4995205 -0.4937592 0.6023423 0.6337447 -0.4853364 0.3595108 0.6941108 -0.6236684 0.3095635 0.7209919 -0.6199526 0.3075897 0.748795 -0.587107 0.1369677 0.4840164 -0.8642732 0.1399999 0.4645727 -0.8743982 0.1227821 0.45914 -0.8798381 0.04629212 0.4646796 -0.8842681 0.03169763 0.4698063 -0.8822003 0.01176255 0.4170022 -0.9088295 0.01911711 0.6811211 -0.7319212 -0.3312991 0.8016895 -0.4975288 -0.3984478 0.7471594 -0.5319702 -0.4810497 0.6999623 -0.5278674 -0.5571511 0.6461352 -0.5216244 -0.7160192 0.5980628 -0.3600522 -0.7646455 0.5291682 -0.3678292 -0.7485765 0.5283997 -0.4005336 -0.8278412 0.4825366 -0.2860725 -0.8107447 -0.4484009 -0.3763374 -0.6768443 -0.5677807 -0.4685157 -0.4966383 -0.7090955 -0.5005339 -0.390224 -0.7433432 -0.543292 0.02971553 -0.6299242 -0.776088 0.3863223 -0.7395703 -0.5511723 0.491253 -0.7146483 -0.4979442 0.7370356 -0.616712 -0.2764867 0.7622906 -0.5395656 -0.3574663 0.6594223 0.563424 -0.4977106 0.4821634 0.6978616 -0.5296298 0.3531795 0.8619847 -0.3636571 0.01287788 0.1775897 -0.9840204</float_array>
          <technique_common>
            <accessor source="#Part__Feature001_005-mesh-normals-array" count="6699" stride="3">
              <param name="X" type="float"/>
              <param name="Y" type="float"/>
              <param name="Z" type="float"/>
            </accessor>
          </technique_common>
        </source>
        <vertices id="Part__Feature001_005-mesh-vertices">
          <input semantic="POSITION" source="#Part__Feature001_005-mesh-positions"/>
        </vertices>
        <triangles material="Part__Feature001_005-material" count="6629">
          <input semantic="VERTEX" source="#Part__Feature001_005-mesh-vertices" offset="0"/>
          <input semantic="NORMAL" source="#Part__Feature001_005-mesh-normals" offset="1"/>
          <p>2 0 3 0 1 0 2 1 1 1 0 1 4 2 0 2 5 2 4 3 2 3 0 3 6 4 4 4 5 4 7 5 6 5 5 5 7 6 5 6 8 6 9 7 7 7 8 7 10 8 9 8 8 8 10 9 8 9 11 9 213 10 10 10 11 10 213 11 11 11 12 11 13 12 213 12 12 12 14 13 13 13 12 13 14 14 12 14 15 14 16 15 14 15 15 15 17 16 16 16 15 16 17 17 15 17 18 17 218 18 17 18 18 18 218 19 18 19 19 19 20 20 218 20 19 20 21 21 19 21 22 21 21 22 20 22 19 22 222 23 21 23 22 23 243 24 222 24 22 24 246 25 243 25 22 25 246 26 22 26 23 26 248 27 246 27 23 27 248 28 23 28 24 28 200 29 248 29 24 29 25 30 200 30 24 30 256 31 25 31 24 31 256 32 24 32 26 32 258 33 256 33 26 33 156 34 26 34 27 34 156 35 258 35 26 35 27 36 28 36 29 36 29 37 28 37 30 37 26 38 28 38 27 38 26 39 32 39 28 39 28 40 32 40 31 40 149 41 33 41 29 41 33 42 34 42 29 42 29 43 34 43 27 43 34 44 35 44 27 44 35 45 156 45 27 45 36 46 359 46 361 46 37 47 164 47 36 47 30 48 36 48 361 48 149 49 29 49 30 49 164 50 359 50 36 50 361 51 149 51 30 51 61 52 37 52 36 52 38 53 39 53 61 53 61 54 40 54 37 54 39 55 41 55 61 55 61 56 41 56 40 56 41 57 42 57 40 57 24 58 41 58 26 58 301 59 42 59 41 59 302 60 301 60 41 60 302 61 41 61 24 61 340 62 302 62 24 62 43 63 340 63 24 63 43 64 24 64 23 64 44 65 43 65 23 65 344 66 44 66 23 66 344 67 23 67 22 67 45 68 344 68 22 68 46 69 45 69 22 69 19 70 46 70 22 70 312 71 46 71 19 71 280 72 312 72 19 72 47 73 19 73 18 73 47 74 280 74 19 74 48 75 18 75 15 75 48 76 47 76 18 76 285 77 15 77 12 77 285 78 48 78 15 78 49 79 285 79 12 79 49 80 12 80 11 80 50 81 49 81 11 81 51 82 50 82 11 82 323 83 51 83 11 83 323 84 11 84 8 84 52 85 323 85 8 85 53 86 8 86 5 86 53 87 52 87 8 87 54 88 53 88 5 88 0 89 54 89 5 89 334 90 0 90 1 90 334 91 55 91 0 91 56 92 58 92 65 92 57 93 58 93 56 93 31 94 32 94 58 94 36 95 60 95 59 95 59 96 61 96 36 96 36 97 63 97 60 97 36 95 30 95 63 95 63 98 30 98 62 98 30 99 64 99 62 99 30 95 28 95 64 95 65 100 39 100 38 100 32 101 26 101 58 101 58 102 26 102 65 102 65 103 41 103 39 103 26 104 41 104 65 104 68 105 67 105 66 105 67 106 69 106 66 106 67 107 70 107 69 107 71 108 70 108 67 108 72 109 70 109 71 109 72 110 73 110 70 110 75 111 76 111 74 111 74 112 76 112 1946 112 76 113 77 113 1946 113 1946 114 73 114 72 114 78 115 79 115 77 115 1946 116 80 116 73 116 77 117 80 117 1946 117 79 118 80 118 77 118 79 119 81 119 80 119 82 120 697 120 83 120 81 121 697 121 82 121 79 122 697 122 81 122 84 123 79 123 85 123 85 124 79 124 86 124 86 125 79 125 78 125 91 126 92 126 88 126 91 127 88 127 87 127 88 128 92 128 89 128 89 129 92 129 90 129 93 130 94 130 95 130 96 131 93 131 95 131 97 132 93 132 96 132 97 133 98 133 93 133 99 134 98 134 97 134 1664 135 100 135 101 135 1664 136 101 136 102 136 99 137 102 137 98 137 1666 138 1664 138 102 138 103 139 1666 139 102 139 103 140 102 140 99 140 104 141 1666 141 103 141 105 142 104 142 103 142 106 143 1666 143 104 143 109 144 107 144 108 144 109 145 754 145 107 145 109 146 104 146 105 146 109 147 105 147 754 147 104 148 110 148 111 148 104 149 111 149 106 149 110 150 113 150 111 150 85 151 113 151 84 151 84 152 113 152 112 152 112 153 113 153 110 153 71 154 114 154 93 154 67 155 114 155 71 155 115 156 116 156 117 156 119 157 120 157 118 157 104 158 120 158 110 158 117 159 116 159 131 159 115 160 122 160 116 160 123 161 125 161 124 161 119 162 125 162 126 162 115 163 127 163 122 163 110 164 127 164 115 164 124 165 125 165 128 165 119 166 127 166 120 166 120 167 127 167 110 167 116 168 121 168 131 168 131 169 121 169 132 169 124 170 132 170 123 170 123 171 132 171 121 171 116 172 122 172 121 172 122 173 126 173 121 173 126 174 123 174 121 174 126 175 122 175 119 175 119 176 122 176 127 176 125 177 119 177 129 177 118 178 129 178 119 178 133 179 134 179 120 179 125 180 135 180 128 180 129 181 135 181 125 181 120 182 104 182 133 182 123 183 126 183 125 183 129 184 118 184 134 184 134 185 118 185 120 185 129 186 134 186 130 186 137 187 134 187 133 187 130 188 134 188 137 188 129 189 130 189 135 189 130 190 137 190 135 190 133 191 138 191 137 191 137 192 138 192 135 192 135 193 138 193 139 193 139 194 138 194 133 194 104 195 136 195 133 195 135 196 140 196 128 196 139 197 140 197 135 197 133 198 140 198 139 198 133 199 141 199 140 199 140 200 141 200 128 200 136 201 141 201 133 201 142 202 144 202 143 202 92 203 144 203 142 203 143 204 144 204 145 204 91 205 144 205 92 205 42 206 160 206 40 206 160 207 159 207 40 207 159 208 146 208 40 208 40 209 146 209 37 209 146 210 163 210 37 210 163 211 164 211 37 211 152 212 153 212 148 212 149 213 150 213 33 213 33 214 150 214 34 214 154 215 151 215 155 215 147 216 152 216 148 216 148 217 150 217 149 217 148 218 153 218 150 218 154 219 153 219 152 219 34 220 150 220 153 220 154 221 34 221 153 221 151 222 154 222 152 222 155 223 34 223 154 223 155 224 35 224 34 224 156 225 35 225 155 225 165 226 161 226 158 226 157 227 162 227 163 227 159 228 168 228 166 228 167 229 158 229 161 229 160 230 168 230 159 230 168 231 160 231 296 231 42 232 296 232 160 232 168 233 296 233 297 233 168 234 297 234 167 234 167 235 298 235 158 235 164 236 163 236 162 236 146 237 166 237 163 237 166 238 157 238 163 238 168 239 157 239 166 239 161 240 157 240 167 240 157 241 168 241 167 241 162 242 157 242 161 242 166 243 146 243 159 243 171 244 170 244 173 244 174 245 170 245 169 245 174 246 176 246 170 246 175 247 176 247 174 247 172 248 176 248 175 248 176 249 173 249 170 249 177 250 172 250 3 250 177 251 176 251 172 251 173 252 176 252 177 252 180 253 207 253 181 253 14 254 186 254 13 254 186 255 187 255 184 255 185 256 189 256 190 256 190 257 194 257 195 257 217 258 194 258 192 258 224 259 199 259 223 259 199 260 244 260 198 260 2 261 232 261 3 261 233 262 202 262 173 262 202 263 204 263 180 263 2 264 4 264 203 264 206 265 180 265 204 265 6 266 205 266 4 266 9 267 210 267 235 267 208 268 209 268 181 268 181 269 209 269 178 269 9 270 10 270 210 270 211 271 212 271 179 271 179 272 212 272 214 272 178 273 179 273 182 273 184 274 13 274 186 274 185 275 182 276 183 277 184 278 185 278 183 278 187 279 186 279 14 279 184 280 187 280 188 280 16 281 187 281 14 281 187 282 215 282 188 282 188 283 215 283 189 283 188 284 189 284 185 284 16 285 216 286 187 287 216 288 16 288 17 288 216 289 17 290 191 291 216 292 192 292 215 292 215 293 192 293 194 293 191 294 192 294 216 294 190 295 189 295 194 295 194 296 189 296 215 296 191 297 17 297 193 297 193 298 17 298 218 298 192 299 193 299 217 299 193 300 218 300 219 300 194 301 217 301 220 301 220 302 195 302 194 302 238 303 196 303 220 303 197 304 196 304 238 304 241 305 259 305 221 305 243 306 224 306 222 306 199 307 198 307 223 307 246 308 247 308 225 308 253 309 201 309 250 309 250 310 201 310 249 310 200 311 25 311 227 311 228 312 229 312 230 312 230 313 231 313 255 313 230 314 155 314 151 314 177 315 3 315 232 315 233 316 173 316 177 316 232 317 2 317 233 317 204 318 202 318 233 318 203 319 4 319 205 319 204 320 205 320 206 320 203 321 205 321 204 321 206 322 205 322 6 322 207 323 206 323 234 323 234 324 206 324 6 324 234 325 6 325 7 325 208 326 234 326 235 326 7 327 9 327 235 327 208 328 235 328 210 328 208 329 210 329 209 329 10 330 211 330 210 330 212 331 211 331 10 331 10 332 213 332 212 332 212 333 213 333 214 333 13 334 214 334 213 334 179 335 183 335 182 335 214 336 183 336 179 336 214 337 184 337 183 337 13 338 184 338 214 338 184 339 188 339 185 339 216 340 215 340 187 340 193 341 192 342 191 343 193 344 219 344 217 344 236 345 217 345 219 345 219 346 20 346 236 346 236 347 237 347 220 347 220 348 196 348 195 348 237 349 20 349 239 349 21 350 239 350 20 350 240 351 198 351 196 351 224 352 223 352 222 352 225 353 224 353 243 353 199 354 242 354 244 354 225 355 243 355 246 355 247 356 246 356 226 356 246 357 248 357 226 357 260 358 249 358 245 358 250 359 249 359 260 359 251 360 261 360 248 360 200 361 227 361 251 361 227 362 256 362 228 362 256 363 258 363 228 363 257 364 228 364 230 364 228 365 258 365 229 365 255 366 257 366 230 366 255 367 231 367 254 367 229 368 258 368 156 368 155 369 230 369 229 369 230 370 151 370 231 370 155 371 229 371 156 371 232 372 233 372 177 372 203 373 233 373 2 373 204 374 233 374 203 374 206 375 207 375 180 375 207 376 208 376 181 376 7 377 235 377 234 377 211 378 179 378 209 378 219 379 218 379 20 379 217 380 236 380 220 380 237 381 236 381 20 381 220 382 237 382 238 382 238 383 237 383 197 383 21 384 241 384 239 384 241 385 197 385 239 385 221 386 197 386 241 386 222 387 241 387 21 387 240 388 221 388 259 388 259 389 223 389 240 389 240 390 223 390 198 390 222 391 259 391 241 391 223 392 259 392 222 392 225 393 242 393 224 393 242 394 245 394 244 394 247 395 242 395 225 395 242 396 247 396 245 396 245 397 247 397 260 397 260 398 247 398 261 398 261 399 247 399 226 399 248 400 261 400 226 400 260 401 261 401 250 401 251 402 250 402 261 402 248 403 200 403 251 403 251 404 253 404 250 404 227 405 252 405 251 405 253 406 252 406 262 406 253 407 254 407 201 407 25 408 256 408 227 408 228 409 262 409 227 409 257 410 262 410 228 410 255 411 254 411 262 411 234 412 208 412 207 412 210 413 211 413 209 413 178 414 209 414 179 414 239 415 197 415 237 415 196 416 197 416 240 416 240 417 197 417 221 417 224 418 242 418 199 418 251 419 252 419 253 419 253 420 262 420 254 420 227 421 262 421 252 421 257 422 255 422 262 422 337 423 265 423 332 423 337 424 266 424 265 424 264 425 266 425 337 425 264 426 267 426 266 426 1 427 267 427 264 427 263 428 265 428 268 428 265 429 266 429 268 429 266 430 269 430 268 430 266 431 267 431 269 431 272 432 273 432 315 432 352 433 273 433 272 433 273 434 353 434 315 434 318 435 319 435 315 435 319 436 274 436 315 436 303 437 339 437 304 437 285 438 49 438 286 438 49 439 50 439 288 439 53 440 54 440 292 440 270 441 305 441 271 441 307 442 308 442 355 442 347 443 309 443 346 443 309 444 348 444 346 444 348 445 278 445 346 445 351 446 46 447 310 448 310 449 46 449 312 449 313 450 310 450 312 450 313 451 314 451 311 451 311 452 318 452 353 452 318 453 315 453 353 453 280 454 314 454 312 454 280 455 316 455 314 455 316 456 280 456 317 456 318 457 320 457 319 457 47 458 48 458 281 458 320 459 282 459 319 459 319 460 282 460 283 460 48 461 282 461 281 461 283 462 274 462 319 462 284 463 282 463 48 463 285 464 284 464 48 464 283 465 284 465 321 465 274 466 283 466 287 466 285 467 286 467 284 467 286 468 321 468 284 468 283 469 321 469 287 469 286 470 288 470 321 470 286 471 49 471 288 471 321 472 289 472 287 472 51 473 288 473 50 473 288 474 275 474 289 474 323 475 290 475 51 475 324 476 275 476 322 476 324 477 290 477 325 477 327 478 325 478 290 478 323 479 52 479 327 479 324 480 326 480 275 480 275 481 326 481 276 481 52 482 53 482 328 482 328 483 291 483 326 483 294 484 291 484 292 484 276 485 329 485 295 485 54 486 0 486 330 486 329 487 331 487 295 487 295 488 331 488 332 488 331 489 333 489 332 489 333 490 335 490 337 490 333 491 337 491 332 491 335 492 334 492 264 492 335 493 336 493 334 493 337 494 335 494 264 494 167 495 297 495 298 495 299 496 296 496 42 496 297 497 296 497 299 497 298 498 297 498 300 498 301 499 303 499 299 499 338 500 300 500 297 500 298 501 300 501 270 501 303 502 338 502 299 502 270 503 300 503 338 503 340 504 43 504 307 504 277 505 306 505 354 505 354 506 355 506 277 506 307 507 43 507 308 507 306 508 341 508 356 508 343 509 342 509 355 509 343 510 344 510 345 510 347 511 345 511 344 511 347 512 346 512 345 512 45 513 347 513 344 513 349 514 347 514 45 514 347 515 349 515 309 515 349 516 348 516 309 516 46 517 350 517 45 517 311 518 273 518 313 518 273 519 311 519 353 519 313 520 312 520 314 520 316 521 320 521 318 521 317 522 320 522 316 522 281 523 320 523 317 523 281 524 282 524 320 524 283 525 282 525 284 525 289 526 321 526 288 526 51 527 322 527 288 527 288 528 322 528 275 528 290 529 322 529 51 529 290 530 324 530 322 530 323 531 327 531 290 531 325 532 326 532 324 532 327 533 328 533 325 533 328 534 327 534 52 534 328 535 326 535 325 535 292 536 328 536 53 536 276 537 291 537 329 537 294 538 329 538 291 538 292 539 54 539 293 539 293 540 294 540 292 540 294 541 293 541 329 541 293 542 54 542 330 542 330 543 0 543 55 543 334 544 336 544 55 544 336 545 333 545 55 545 333 546 336 546 335 546 264 547 334 547 1 547 42 548 301 548 299 548 299 549 338 549 297 549 303 550 301 550 302 550 303 551 304 551 338 551 304 552 270 552 338 552 302 553 339 553 303 553 305 554 270 554 304 554 339 555 302 555 340 555 304 556 339 556 305 556 307 557 354 557 340 557 307 558 355 558 354 558 308 559 43 559 44 559 306 560 277 560 341 560 341 561 355 561 342 561 355 562 308 562 343 562 343 563 44 563 344 563 342 564 345 564 356 564 278 565 356 565 346 565 272 566 278 566 348 566 357 567 349 567 350 567 357 568 350 568 279 568 279 569 272 569 357 569 46 570 351 571 350 572 350 573 351 573 279 573 279 574 352 574 272 574 310 575 313 575 351 575 311 576 314 576 318 576 314 577 316 577 318 577 280 578 47 578 317 578 317 579 47 579 281 579 276 580 326 580 291 580 292 581 291 581 328 581 330 582 331 582 293 582 293 583 331 583 329 583 330 584 55 584 331 584 333 585 331 585 55 585 339 586 354 586 305 586 340 587 354 587 339 587 305 588 306 588 271 588 341 589 277 589 355 589 44 590 343 590 308 590 341 591 342 591 356 591 343 592 345 592 342 592 346 593 356 593 345 593 348 594 349 594 357 594 349 595 45 595 350 595 272 596 348 596 357 596 351 597 352 597 279 597 313 598 352 598 351 598 306 599 305 599 354 599 273 600 352 600 313 600 161 601 165 601 358 601 162 602 161 602 358 602 162 603 358 604 359 605 164 606 162 607 359 608 360 609 147 609 148 609 361 610 148 610 149 610 361 611 360 611 148 611 38 612 61 612 362 612 362 613 61 613 363 613 61 614 59 614 363 614 363 615 59 615 364 615 59 616 60 616 364 616 60 617 63 618 364 619 364 620 63 621 365 622 63 623 62 623 365 623 365 624 62 624 366 624 62 625 64 625 366 625 366 626 64 626 367 626 64 627 28 627 367 627 28 628 31 628 367 628 367 629 31 629 368 629 31 630 58 630 368 630 368 631 58 631 369 631 58 632 57 632 369 632 369 633 57 633 370 633 57 634 56 634 370 634 370 635 56 635 371 635 56 636 65 636 371 636 371 637 65 637 372 637 65 638 38 638 372 638 372 639 38 639 362 639 434 640 178 640 182 640 170 641 407 641 169 641 420 642 378 642 379 642 381 643 382 643 380 643 384 644 385 644 426 644 196 645 387 645 195 645 388 646 387 646 196 646 195 647 430 647 190 647 430 648 391 648 190 648 190 649 391 649 185 649 391 650 393 650 185 650 433 651 395 651 396 651 396 652 185 652 393 652 180 653 406 653 202 653 444 654 406 654 180 654 202 655 406 655 173 655 171 656 407 656 170 656 407 657 171 657 374 657 374 658 171 658 173 658 412 659 409 659 411 659 409 660 412 660 410 660 415 661 376 661 412 661 376 662 415 662 377 662 414 663 416 663 413 663 423 664 421 664 422 664 456 665 383 665 379 665 383 666 388 666 196 666 426 667 386 667 427 667 427 668 387 668 388 668 386 669 387 669 427 669 387 670 430 670 195 670 390 671 431 671 389 671 432 672 391 672 431 672 390 673 432 674 431 675 432 676 390 676 393 676 393 677 390 677 392 677 393 678 391 678 432 678 393 679 392 679 433 679 394 680 433 680 392 680 395 681 433 681 394 681 433 682 396 682 393 682 396 683 434 683 185 683 185 684 434 684 182 684 398 685 437 685 436 685 178 686 436 686 400 686 437 687 435 687 400 687 437 688 400 688 436 688 400 689 438 689 178 689 178 690 438 690 181 690 441 691 438 691 439 691 438 692 441 692 181 692 441 693 443 693 181 693 401 694 443 694 441 694 181 695 443 695 180 695 443 696 444 696 180 696 459 697 404 697 445 697 446 698 405 698 406 698 404 699 403 699 446 699 405 700 374 700 406 700 403 701 407 701 405 701 169 702 407 702 403 702 407 703 374 703 405 703 406 704 374 704 173 704 410 705 447 705 409 705 408 706 448 706 447 706 412 707 373 707 410 707 411 708 409 708 447 708 375 709 448 709 408 709 411 710 450 710 412 710 412 711 450 711 415 711 414 712 413 712 375 712 416 713 418 713 377 713 417 714 419 714 416 714 418 715 376 715 377 715 419 716 418 716 416 716 418 717 420 717 376 717 419 718 421 718 418 718 421 719 420 719 418 719 422 720 421 720 419 720 378 721 420 721 421 721 422 722 424 722 423 722 423 723 378 723 421 723 378 724 423 724 451 724 452 725 423 725 424 725 424 726 453 726 452 726 378 727 451 727 379 727 453 728 455 728 452 728 380 729 454 729 453 729 425 730 454 730 380 730 454 731 425 731 456 731 457 732 456 732 425 732 380 733 382 733 425 733 382 734 457 734 425 734 456 735 457 735 383 735 457 736 382 736 381 736 457 737 458 737 383 737 458 738 457 738 381 738 383 739 458 739 388 739 385 740 386 740 426 740 429 741 386 741 385 741 386 742 429 742 430 742 385 743 428 743 429 743 430 744 387 744 386 744 430 745 429 745 431 745 431 746 429 746 428 746 430 747 431 747 391 747 395 748 398 748 396 748 396 749 398 749 434 749 398 750 395 750 397 750 437 751 397 751 435 751 434 752 436 752 178 752 398 753 436 753 434 753 397 754 437 754 398 754 400 755 435 755 399 755 439 756 400 756 399 756 439 757 438 757 400 757 440 758 401 758 439 758 441 759 439 759 401 759 402 760 443 760 401 760 442 761 443 761 402 761 459 762 443 762 442 762 459 763 445 763 443 763 445 764 444 764 443 764 446 765 444 765 445 765 444 766 446 766 406 766 403 767 405 767 446 767 411 768 447 768 449 768 449 769 413 769 450 769 415 770 450 770 413 770 415 771 413 771 377 771 416 772 414 772 417 772 413 773 416 773 377 773 417 774 422 774 419 774 452 775 451 775 423 775 455 776 451 777 452 778 451 779 455 779 379 779 453 780 454 780 455 780 384 781 458 781 381 781 458 782 427 782 388 782 458 783 426 783 427 783 389 784 431 785 428 786 439 787 399 787 440 787 445 788 404 788 446 788 447 789 448 789 449 789 449 790 448 790 375 790 449 791 450 791 411 791 449 792 375 792 413 792 379 793 455 793 456 793 456 794 455 794 454 794 384 795 426 796 458 797 401 798 440 798 402 798 198 799 383 799 196 799 244 800 383 800 198 800 379 801 383 801 244 801 245 802 379 802 244 802 420 803 379 803 245 803 249 804 420 804 245 804 376 805 420 805 249 805 201 806 376 806 249 806 254 807 376 807 201 807 147 808 360 808 460 808 147 809 460 809 461 809 147 810 461 810 373 810 254 811 412 811 376 811 231 812 412 812 254 812 231 813 373 813 412 813 152 814 147 814 373 814 151 815 373 815 231 815 151 816 152 816 373 816 263 817 462 817 265 817 474 818 265 818 462 818 539 819 464 819 275 819 275 820 511 820 289 820 315 821 520 821 522 821 466 822 467 822 468 822 332 823 265 823 463 823 265 824 474 824 463 824 475 825 549 825 473 825 332 826 476 826 295 826 463 827 476 827 332 827 276 828 506 828 509 828 289 829 513 829 287 829 287 830 514 830 274 830 514 831 491 831 274 831 498 832 523 832 495 832 495 833 523 833 496 833 498 834 499 834 525 834 530 835 533 835 534 835 473 836 474 836 462 836 473 837 504 837 474 837 474 838 504 838 463 838 476 839 463 839 504 839 473 840 549 840 504 840 478 841 506 841 295 841 295 842 506 842 276 842 508 843 479 843 480 843 507 844 509 844 506 844 508 845 509 845 507 845 276 846 509 846 275 846 480 847 481 847 538 847 509 848 539 848 275 848 464 849 511 849 275 849 482 850 512 850 483 850 510 851 513 851 511 851 513 852 289 852 511 852 482 853 484 853 512 853 513 854 514 854 287 854 513 855 487 855 514 855 486 856 487 856 484 856 486 857 484 857 485 857 487 858 486 858 514 858 514 859 486 859 491 859 486 860 485 860 488 860 485 861 490 861 488 861 488 862 516 862 491 862 515 863 490 863 489 863 490 864 515 864 488 864 515 865 516 865 488 865 274 866 491 866 516 866 516 867 517 867 274 867 274 868 517 868 465 868 516 869 515 869 517 869 274 870 465 870 315 870 489 871 492 871 515 871 492 872 518 872 515 872 515 873 518 873 517 873 517 874 518 874 494 874 494 875 465 875 517 875 492 876 493 876 518 876 465 877 520 877 315 877 465 878 494 878 520 878 496 879 523 879 541 879 501 880 469 880 468 880 528 881 527 881 529 881 529 882 531 882 530 882 530 883 531 883 533 883 531 884 545 884 533 884 545 885 502 885 535 885 502 886 536 886 535 886 476 887 478 887 295 887 505 888 477 888 475 888 477 889 505 889 478 889 479 890 507 890 505 890 505 891 507 891 478 891 507 892 506 892 478 892 508 893 507 893 479 893 508 894 480 894 538 894 508 895 538 895 509 895 538 896 539 896 509 896 538 897 464 897 539 897 481 898 464 898 538 898 481 899 510 899 464 899 464 900 510 900 511 900 510 901 481 901 483 901 512 902 510 902 483 902 510 903 512 903 513 903 513 904 512 904 487 904 487 905 512 905 484 905 491 906 486 906 488 906 493 907 519 907 518 907 519 908 494 908 518 908 494 909 519 909 521 909 521 910 519 910 495 910 520 911 494 911 540 911 520 912 540 912 522 912 496 913 521 913 495 913 466 914 497 914 524 914 497 915 466 915 522 915 498 916 542 916 523 916 498 917 525 917 542 917 543 918 526 918 467 918 525 919 499 919 544 919 544 920 499 920 527 920 501 921 468 921 544 921 527 922 528 922 544 922 544 923 528 923 501 923 528 924 529 924 530 924 530 925 501 925 528 925 534 926 501 926 530 926 469 927 501 927 534 927 532 928 531 928 529 928 531 929 532 929 545 929 532 930 502 930 545 930 502 931 503 931 536 931 546 932 536 932 537 932 547 933 470 933 546 933 546 934 537 934 547 934 547 935 548 935 470 935 570 936 537 936 503 936 547 937 537 937 548 937 548 938 471 938 470 938 537 939 570 939 472 939 476 940 504 940 549 940 476 941 477 941 478 941 493 942 495 942 519 942 521 943 540 943 494 943 540 944 541 944 497 944 541 945 523 945 524 945 524 946 523 946 542 946 543 947 524 947 542 947 467 948 524 948 543 948 466 949 524 949 467 949 542 950 526 950 543 950 525 951 526 951 542 951 468 952 467 952 526 952 544 953 468 953 526 953 499 954 500 954 527 954 529 955 527 955 500 955 532 956 529 956 500 956 535 957 546 957 534 957 534 958 546 958 470 958 536 959 503 959 537 959 472 960 548 960 537 960 540 961 497 961 522 961 541 962 524 962 497 962 526 963 525 964 544 965 545 966 535 966 533 966 476 967 549 967 477 967 533 968 535 968 534 968 536 969 546 969 535 969 549 970 475 970 477 970 496 971 541 971 521 971 472 972 471 972 548 972 541 973 540 974 521 975 466 976 272 976 522 976 466 977 468 977 272 977 468 978 278 978 272 978 469 979 356 979 468 979 468 980 356 980 278 980 469 981 306 981 356 981 534 982 306 982 469 982 534 983 470 983 306 983 470 984 271 984 306 984 551 985 165 985 550 985 552 986 165 986 551 986 358 987 165 987 552 987 550 988 165 988 471 988 470 989 270 989 271 989 471 990 270 990 470 990 471 991 298 991 270 991 165 992 158 992 471 992 158 993 298 993 471 993 272 994 315 994 522 994 375 995 408 995 553 995 414 996 375 996 553 996 417 997 414 997 553 997 417 998 553 998 554 998 422 999 554 999 555 999 422 1000 417 1000 554 1000 424 1001 422 1001 555 1001 453 1002 424 1002 555 1002 380 1003 453 1003 555 1003 556 1004 380 1004 555 1004 381 1005 380 1005 556 1005 384 1006 381 1006 556 1006 385 1007 384 1007 556 1007 385 1008 556 1008 557 1008 428 1009 385 1009 557 1009 389 1010 428 1010 557 1010 390 1011 389 1011 557 1011 390 1012 557 1012 558 1012 392 1013 390 1013 558 1013 392 1014 558 1014 559 1014 394 1015 392 1015 559 1015 395 1016 394 1016 559 1016 395 1017 559 1017 560 1017 397 1018 395 1018 560 1018 435 1019 397 1019 560 1019 435 1020 560 1020 561 1020 399 1021 435 1021 561 1021 399 1022 561 1022 562 1022 440 1023 399 1023 562 1023 402 1024 440 1024 562 1024 402 1025 562 1025 563 1025 442 1026 402 1026 563 1026 459 1027 442 1027 563 1027 404 1028 459 1028 563 1028 404 1029 563 1029 564 1029 403 1030 404 1030 564 1030 169 1031 403 1031 564 1031 566 1032 567 1032 565 1032 565 1033 1 1033 3 1033 566 1034 172 1034 175 1034 172 1035 565 1035 3 1035 566 1036 175 1036 174 1036 569 1037 174 1037 169 1037 568 1038 566 1038 174 1038 569 1039 568 1039 174 1039 566 1040 568 1041 567 1042 565 1043 172 1043 566 1043 569 1044 169 1044 564 1044 473 1045 462 1045 564 1045 475 1046 473 1046 564 1046 475 1047 564 1047 563 1047 505 1048 475 1048 563 1048 505 1049 563 1049 562 1049 479 1050 505 1050 562 1050 480 1051 479 1051 562 1051 480 1052 562 1052 561 1052 481 1053 480 1053 561 1053 483 1054 561 1054 560 1054 483 1055 481 1055 561 1055 482 1056 483 1056 560 1056 482 1057 560 1057 559 1057 484 1058 482 1058 559 1058 485 1059 484 1059 559 1059 485 1060 559 1060 558 1060 490 1061 485 1061 558 1061 489 1062 558 1062 557 1062 489 1063 490 1063 558 1063 492 1064 489 1064 557 1064 492 1065 557 1065 556 1065 493 1066 492 1066 556 1066 495 1067 493 1067 556 1067 498 1068 556 1068 555 1068 498 1069 495 1069 556 1069 499 1070 498 1070 555 1070 500 1071 499 1071 555 1071 500 1072 555 1072 554 1072 532 1073 500 1073 554 1073 532 1074 554 1074 553 1074 502 1075 532 1075 553 1075 503 1076 502 1076 553 1076 570 1077 553 1077 408 1077 570 1078 503 1078 553 1078 565 1079 267 1079 1 1079 267 1080 565 1080 567 1080 567 1081 269 1081 267 1081 268 1082 269 1082 568 1082 569 1083 263 1083 568 1083 568 1084 269 1084 567 1084 263 1085 564 1085 462 1085 263 1086 569 1086 564 1086 263 1087 268 1087 568 1087 571 1088 572 1088 624 1088 571 1089 573 1089 572 1089 574 1090 573 1090 571 1090 575 1091 573 1091 574 1091 575 1092 576 1092 573 1092 577 1093 576 1093 575 1093 577 1094 578 1094 576 1094 579 1095 578 1095 577 1095 580 1096 578 1096 579 1096 581 1097 580 1097 579 1097 581 1098 582 1098 580 1098 583 1099 582 1099 581 1099 584 1100 582 1100 583 1100 588 1101 580 1101 599 1101 591 1102 576 1102 578 1102 592 1103 576 1103 591 1103 573 1104 597 1104 572 1104 596 1105 595 1105 594 1105 576 1106 597 1106 573 1106 588 1107 578 1107 580 1107 589 1108 600 1108 587 1108 587 1109 600 1109 588 1109 590 1110 600 1110 589 1110 592 1111 600 1111 590 1111 594 1112 590 1112 589 1112 595 1113 590 1113 594 1113 592 1114 598 1114 576 1114 576 1115 598 1115 597 1115 585 1116 595 1116 596 1116 586 1117 595 1117 585 1117 598 1118 601 1118 597 1118 593 1119 599 1119 580 1119 600 1120 591 1120 588 1120 588 1121 591 1121 578 1121 592 1122 591 1122 600 1122 590 1123 595 1123 592 1123 592 1124 595 1124 598 1124 598 1125 595 1125 601 1125 595 1126 586 1126 601 1126 602 1127 588 1127 599 1127 601 1128 572 1128 597 1128 588 1129 602 1129 587 1129 587 1130 602 1130 603 1130 585 1131 604 1131 586 1131 604 1132 605 1132 586 1132 586 1133 605 1133 601 1133 606 1134 605 1134 604 1134 609 1135 615 1135 607 1135 605 1136 610 1136 601 1136 601 1137 611 1137 572 1137 606 1138 615 1138 613 1138 608 1139 615 1139 606 1139 619 1140 617 1140 616 1140 608 1141 607 1141 615 1141 609 1142 619 1142 615 1142 601 1143 610 1143 611 1143 611 1144 610 1144 612 1144 612 1145 610 1145 614 1145 610 1146 605 1146 614 1146 614 1147 605 1147 613 1147 613 1148 605 1148 606 1148 614 1149 613 1149 616 1149 614 1150 616 1150 612 1150 616 1151 613 1151 619 1151 613 1152 615 1152 619 1152 617 1153 619 1153 618 1153 609 1154 618 1154 619 1154 620 1155 617 1155 618 1155 620 1156 618 1156 621 1156 622 1157 616 1157 617 1157 622 1158 617 1158 620 1158 623 1159 612 1159 616 1159 623 1160 616 1160 622 1160 624 1161 611 1161 612 1161 624 1162 612 1162 623 1162 624 1163 572 1163 611 1163 639 1164 584 1164 583 1164 626 1165 627 1165 628 1165 626 1166 629 1166 627 1166 632 1167 629 1167 626 1167 625 1168 629 1168 632 1168 625 1169 630 1169 629 1169 630 1170 625 1170 584 1170 625 1171 582 1171 584 1171 633 1172 582 1172 625 1172 625 1173 632 1173 633 1173 582 1174 593 1174 580 1174 631 1175 632 1175 626 1175 633 1176 632 1176 599 1176 603 1177 602 1177 631 1177 632 1178 602 1178 599 1178 631 1179 602 1179 632 1179 599 1180 582 1180 633 1180 599 1181 593 1181 582 1181 550 1182 371 1182 372 1182 551 1183 550 1183 372 1183 552 1184 372 1184 362 1184 552 1185 551 1185 372 1185 552 1186 362 1186 363 1186 359 1187 364 1187 361 1187 358 1188 552 1188 363 1188 358 1189 363 1189 364 1189 359 1190 358 1190 364 1190 636 1191 634 1191 635 1191 636 1192 635 1192 370 1192 636 1193 370 1193 371 1193 636 1194 371 1194 550 1194 365 1195 361 1195 364 1195 366 1196 361 1196 365 1196 360 1197 361 1197 366 1197 460 1198 366 1198 367 1198 460 1199 360 1199 366 1199 635 1200 369 1201 370 1202 460 1203 367 1203 368 1203 461 1204 460 1204 368 1204 637 1205 369 1205 635 1205 637 1206 368 1206 369 1206 637 1207 461 1207 368 1207 410 1208 373 1209 461 1210 410 1211 461 1211 637 1211 447 1212 410 1212 637 1212 408 1213 637 1213 635 1213 408 1214 447 1214 637 1214 636 1215 550 1215 471 1215 636 1216 471 1216 472 1216 636 1217 472 1218 570 1219 634 1220 636 1220 570 1220 571 1221 624 1221 638 1221 642 1222 640 1222 641 1222 643 1223 640 1223 642 1223 644 1224 643 1224 642 1224 645 1225 644 1225 642 1225 645 1226 646 1226 644 1226 647 1227 646 1227 645 1227 647 1228 648 1228 646 1228 649 1229 648 1229 647 1229 649 1230 650 1230 648 1230 651 1231 650 1231 649 1231 651 1232 652 1232 650 1232 638 1233 653 1233 652 1233 638 1234 652 1234 651 1234 656 1235 657 1235 652 1235 657 1236 650 1236 652 1236 660 1237 646 1237 666 1237 666 1238 646 1238 648 1238 664 1239 655 1239 663 1239 664 1240 665 1240 655 1240 665 1241 666 1241 657 1241 666 1242 650 1242 657 1242 666 1243 659 1243 660 1243 644 1244 660 1244 661 1244 667 1245 668 1245 669 1245 663 1246 655 1246 654 1246 662 1247 657 1247 656 1247 665 1248 662 1248 655 1248 662 1249 665 1249 657 1249 658 1250 665 1250 664 1250 659 1251 665 1251 658 1251 666 1252 665 1252 659 1252 666 1253 648 1253 650 1253 660 1254 671 1254 661 1254 669 1255 671 1255 667 1255 669 1256 661 1256 671 1256 661 1257 643 1257 644 1257 670 1258 662 1258 656 1258 670 1259 656 1259 653 1259 659 1260 671 1260 660 1260 667 1261 671 1261 658 1261 658 1262 671 1262 659 1262 646 1263 660 1263 644 1263 652 1264 653 1264 656 1264 80 1265 672 1265 673 1265 80 1266 81 1266 672 1266 73 1267 673 1267 674 1267 73 1268 80 1268 673 1268 73 1269 674 1269 675 1269 70 1270 73 1270 675 1270 70 1271 675 1271 676 1271 69 1272 70 1272 676 1272 69 1273 676 1273 677 1273 66 1274 69 1274 677 1274 66 1275 677 1275 68 1275 82 1276 83 1276 678 1276 681 1277 82 1277 678 1277 681 1278 680 1278 672 1278 681 1279 672 1279 81 1279 681 1280 81 1280 82 1280 681 1281 679 1281 680 1281 681 1282 678 1282 679 1282 628 1283 683 1283 682 1283 631 1284 628 1284 682 1284 603 1285 682 1285 684 1285 603 1286 631 1286 682 1286 603 1287 684 1287 685 1287 587 1288 603 1288 685 1288 589 1289 685 1289 686 1289 589 1290 587 1290 685 1290 589 1291 686 1291 687 1291 594 1292 589 1292 687 1292 594 1293 687 1293 688 1293 596 1294 594 1294 688 1294 596 1295 688 1295 689 1295 585 1296 596 1296 689 1296 585 1297 689 1297 690 1297 604 1298 585 1298 690 1298 604 1299 690 1299 691 1299 606 1300 604 1300 691 1300 606 1301 691 1301 692 1301 608 1302 606 1302 692 1302 693 1303 608 1303 692 1303 694 1304 608 1304 693 1304 699 1305 696 1305 695 1305 83 1306 697 1306 699 1306 701 1307 694 1307 693 1307 701 1308 693 1308 702 1308 694 1309 701 1309 700 1309 698 1310 700 1310 701 1310 699 1311 695 1311 83 1311 695 1312 678 1312 83 1312 699 1313 697 1313 700 1313 699 1314 700 1314 698 1314 699 1315 698 1315 696 1315 694 1316 607 1316 608 1316 694 1317 705 1317 607 1317 704 1318 703 1318 609 1318 609 1319 703 1319 618 1319 700 1320 705 1320 694 1320 607 1321 705 1321 609 1321 609 1322 705 1322 704 1322 705 1323 700 1323 79 1323 79 1324 700 1324 697 1324 621 1325 618 1325 703 1325 621 1326 716 1326 706 1326 703 1327 716 1327 621 1327 706 1328 584 1328 639 1328 706 1329 716 1329 584 1329 628 1330 707 1330 708 1330 716 1331 710 1331 584 1331 716 1332 711 1332 710 1332 712 1333 713 1333 707 1333 707 1334 713 1334 708 1334 711 1335 715 1335 712 1335 711 1336 716 1336 715 1336 709 1337 712 1337 707 1337 710 1338 712 1338 709 1338 628 1339 627 1339 707 1339 707 1340 627 1340 709 1340 709 1341 630 1341 717 1341 584 1342 717 1342 630 1342 710 1343 717 1343 584 1343 712 1344 714 1344 713 1344 715 1345 714 1345 712 1345 710 1346 711 1346 712 1346 710 1347 709 1347 717 1347 709 1348 629 1348 630 1348 627 1349 629 1349 709 1349 716 1350 714 1350 715 1350 626 1351 628 1351 631 1351 719 1352 635 1352 720 1352 635 1353 634 1353 720 1353 634 1354 708 1354 720 1354 719 1355 721 1355 635 1355 721 1356 408 1356 635 1356 570 1357 628 1357 634 1357 634 1358 628 1358 708 1358 408 1359 721 1359 683 1359 570 1360 408 1360 683 1360 628 1361 570 1361 683 1361 729 1362 640 1362 722 1362 723 1363 668 1363 667 1363 661 1364 669 1364 643 1364 724 1365 668 1365 723 1365 668 1366 724 1366 669 1366 669 1367 724 1367 722 1367 669 1368 640 1368 643 1368 722 1369 640 1369 669 1369 726 1370 724 1370 725 1370 726 1371 722 1371 724 1371 728 1372 729 1372 722 1372 730 1373 725 1373 721 1373 722 1374 726 1374 728 1374 727 1375 726 1375 730 1375 730 1376 726 1376 725 1376 728 1377 726 1377 727 1377 640 1378 729 1378 641 1378 639 1379 641 1379 706 1379 731 1380 621 1380 706 1380 641 1381 639 1381 583 1381 642 1382 641 1382 583 1382 642 1383 583 1383 581 1383 645 1384 642 1384 581 1384 645 1385 581 1385 579 1385 647 1386 645 1386 579 1386 647 1387 579 1387 577 1387 649 1388 577 1388 575 1388 649 1389 647 1389 577 1389 649 1390 575 1390 574 1390 651 1391 649 1391 574 1391 651 1392 574 1392 571 1392 638 1393 651 1393 571 1393 732 1394 638 1394 624 1394 732 1395 624 1395 623 1395 733 1396 732 1396 623 1396 733 1397 623 1397 622 1397 733 1398 622 1398 620 1398 731 1399 733 1399 620 1399 731 1400 620 1400 621 1400 732 1401 653 1401 638 1401 732 1402 734 1402 653 1402 732 1403 748 1403 734 1403 733 1404 735 1404 748 1404 733 1405 748 1405 732 1405 733 1406 746 1406 735 1406 733 1407 736 1407 746 1407 731 1408 736 1408 733 1408 731 1409 128 1409 736 1409 739 1410 742 1410 741 1410 740 1411 742 1411 739 1411 737 1412 738 1412 743 1412 743 1413 738 1413 747 1413 654 1414 738 1414 737 1414 741 1415 745 1415 736 1415 742 1416 745 1416 741 1416 736 1417 745 1417 746 1417 737 1418 743 1418 740 1418 742 1419 743 1419 747 1419 740 1420 743 1420 742 1420 747 1421 735 1421 746 1421 735 1422 747 1422 748 1422 747 1423 749 1423 748 1423 744 1424 749 1424 738 1424 749 1425 734 1425 748 1425 745 1426 747 1426 746 1426 742 1427 747 1427 745 1427 747 1428 738 1428 749 1428 662 1429 744 1429 655 1429 670 1430 744 1430 662 1430 734 1431 749 1431 653 1431 670 1432 749 1432 744 1432 749 1433 670 1433 653 1433 738 1434 655 1434 744 1434 654 1435 655 1435 738 1435 752 1436 693 1436 692 1436 739 1437 752 1437 692 1437 740 1438 739 1438 692 1438 737 1439 740 1439 692 1439 737 1440 692 1440 691 1440 737 1441 691 1441 690 1441 654 1442 737 1442 690 1442 654 1443 690 1443 689 1443 663 1444 654 1444 689 1444 663 1445 689 1445 688 1445 664 1446 663 1446 688 1446 664 1447 688 1447 687 1447 658 1448 664 1448 687 1448 658 1449 687 1449 686 1449 658 1450 686 1450 685 1450 667 1451 658 1451 685 1451 667 1452 685 1452 684 1452 723 1453 667 1453 684 1453 723 1454 684 1454 682 1454 750 1455 723 1455 682 1455 750 1456 682 1456 683 1456 721 1457 750 1457 683 1457 753 1458 751 1458 109 1458 108 1459 678 1459 695 1459 702 1460 698 1460 701 1460 695 1461 753 1461 109 1461 109 1462 108 1462 695 1462 751 1463 753 1463 702 1463 751 1464 702 1464 752 1464 753 1465 696 1465 698 1465 753 1466 695 1466 696 1466 702 1467 753 1467 698 1467 752 1468 702 1468 693 1468 94 1469 68 1469 677 1469 95 1470 94 1470 677 1470 96 1471 95 1471 677 1471 96 1472 677 1472 676 1472 97 1473 96 1473 676 1473 97 1474 676 1474 675 1474 97 1475 675 1475 674 1475 99 1476 97 1476 674 1476 99 1477 674 1477 673 1477 103 1478 99 1478 673 1478 679 1479 678 1479 108 1479 679 1480 108 1480 107 1480 754 1481 672 1481 680 1481 754 1482 680 1482 679 1482 105 1483 672 1483 754 1483 107 1484 754 1484 679 1484 105 1485 673 1485 672 1485 103 1486 673 1486 105 1486 93 1487 114 1487 94 1487 94 1488 114 1488 68 1488 114 1489 67 1489 68 1489 84 1490 755 1490 79 1490 755 1491 757 1491 756 1491 713 1492 760 1492 708 1492 708 1493 760 1493 718 1493 755 1494 759 1494 757 1494 84 1495 759 1495 755 1495 718 1496 759 1496 84 1496 703 1497 758 1497 716 1497 718 1498 760 1498 759 1498 761 1499 758 1499 757 1499 714 1500 767 1500 713 1500 713 1501 767 1501 760 1501 762 1502 716 1502 758 1502 758 1503 763 1503 772 1503 703 1504 763 1504 758 1504 79 1505 765 1505 764 1505 755 1506 765 1506 79 1506 772 1507 757 1507 758 1507 756 1508 757 1508 773 1508 773 1509 757 1509 772 1509 757 1510 766 1510 761 1510 760 1511 766 1511 759 1511 759 1512 766 1512 757 1512 762 1513 766 1513 760 1513 762 1514 761 1514 766 1514 760 1515 767 1515 762 1515 716 1516 767 1516 714 1516 716 1517 762 1517 767 1517 764 1518 705 1518 79 1518 768 1519 705 1519 764 1519 768 1520 770 1520 703 1520 768 1521 769 1521 770 1521 764 1522 769 1522 768 1522 703 1523 770 1523 763 1523 770 1524 769 1524 763 1524 765 1525 771 1525 764 1525 764 1526 771 1526 772 1526 772 1527 769 1527 764 1527 763 1528 769 1528 772 1528 765 1529 772 1529 771 1529 765 1530 755 1530 773 1530 755 1531 756 1531 773 1531 773 1532 772 1532 765 1532 761 1533 762 1533 758 1533 705 1534 768 1534 704 1534 704 1535 768 1535 703 1535 115 1536 112 1536 110 1536 84 1537 112 1537 718 1537 718 1538 112 1538 774 1538 774 1539 112 1539 115 1539 718 1540 720 1540 708 1540 719 1541 720 1541 115 1541 718 1542 774 1542 720 1542 720 1543 774 1543 115 1543 719 1544 115 1544 117 1544 750 1545 724 1545 723 1545 750 1546 725 1546 724 1546 721 1547 719 1547 117 1547 721 1548 725 1548 750 1548 117 1549 775 1549 721 1549 729 1550 777 1550 124 1550 777 1551 729 1551 728 1551 728 1552 776 1552 777 1552 775 1553 779 1553 776 1553 779 1554 780 1554 778 1554 778 1555 780 1555 777 1555 775 1556 117 1556 779 1556 779 1557 778 1557 776 1557 779 1558 117 1558 780 1558 132 1559 124 1559 780 1559 780 1560 124 1560 777 1560 775 1561 730 1561 721 1561 727 1562 776 1562 728 1562 776 1563 778 1563 777 1563 780 1564 131 1564 132 1564 117 1565 131 1565 780 1565 776 1566 727 1566 775 1566 775 1567 727 1567 730 1567 729 1568 124 1568 706 1568 641 1569 729 1569 706 1569 706 1570 124 1570 731 1570 124 1571 128 1571 731 1571 741 1572 128 1572 141 1572 741 1573 736 1573 128 1573 104 1574 751 1574 136 1574 109 1575 751 1575 104 1575 752 1576 781 1576 751 1576 751 1577 781 1577 136 1577 136 1578 781 1578 141 1578 739 1579 781 1579 752 1579 741 1580 781 1580 739 1580 141 1581 781 1581 741 1581 784 1582 785 1582 786 1582 143 1583 145 1583 782 1583 782 1584 145 1584 783 1584 143 1585 782 1585 785 1585 143 1586 785 1586 784 1586 789 1587 877 1587 875 1587 789 1588 790 1588 877 1588 788 1589 792 1589 791 1589 787 1590 792 1590 788 1590 787 1591 793 1591 792 1591 792 1592 794 1592 791 1592 791 1593 794 1593 795 1593 795 1594 790 1594 789 1594 796 1595 882 1595 880 1595 796 1596 797 1596 882 1596 794 1597 798 1597 795 1597 795 1598 798 1598 790 1598 790 1599 798 1599 799 1599 800 1600 798 1600 794 1600 800 1601 801 1601 798 1601 798 1602 802 1602 799 1602 803 1603 797 1603 796 1603 799 1604 802 1604 803 1604 804 1605 801 1605 800 1605 802 1606 805 1606 803 1606 804 1607 806 1607 801 1607 804 1608 807 1608 806 1608 808 1609 896 1609 809 1609 896 1610 810 1610 809 1610 811 1611 807 1611 804 1611 889 1612 812 1612 888 1612 813 1613 812 1613 889 1613 803 1614 814 1614 797 1614 805 1615 814 1615 803 1615 814 1616 815 1616 797 1616 810 1617 816 1617 809 1617 809 1618 816 1618 811 1618 797 1619 815 1619 817 1619 805 1620 818 1620 814 1620 819 1621 818 1621 805 1621 815 1622 820 1622 817 1622 817 1623 812 1623 813 1623 817 1624 820 1624 812 1624 812 1625 820 1625 821 1625 819 1626 822 1626 818 1626 823 1627 822 1627 819 1627 891 1628 824 1628 893 1628 825 1629 824 1629 891 1629 823 1630 826 1630 822 1630 820 1631 827 1631 821 1631 816 1632 828 1632 811 1632 811 1633 828 1633 807 1633 828 1634 829 1634 807 1634 821 1635 827 1635 833 1635 807 1636 829 1636 830 1636 816 1637 831 1637 828 1637 832 1638 831 1638 816 1638 833 1639 824 1639 825 1639 830 1640 826 1640 823 1640 833 1641 834 1641 824 1641 830 1642 829 1642 826 1642 829 1643 835 1643 826 1643 826 1644 835 1644 905 1644 827 1645 834 1645 833 1645 832 1646 836 1646 831 1646 837 1647 836 1647 832 1647 900 1648 836 1648 837 1648 839 1649 838 1649 894 1649 1099 1650 838 1650 839 1650 842 1651 843 1651 844 1651 843 1652 845 1652 844 1652 842 1653 846 1653 843 1653 847 1654 846 1654 842 1654 847 1655 848 1655 846 1655 1026 1656 850 1656 849 1656 851 1657 848 1657 847 1657 849 1658 850 1658 851 1658 850 1659 852 1659 851 1659 851 1660 853 1660 848 1660 851 1661 852 1661 853 1661 852 1662 854 1662 853 1662 852 1663 855 1663 854 1663 854 1664 856 1664 853 1664 857 1665 855 1665 852 1665 853 1666 856 1666 859 1666 856 1667 860 1667 859 1667 861 1668 855 1668 857 1668 861 1669 862 1669 855 1669 858 1670 864 1670 863 1670 787 1671 864 1671 858 1671 864 1672 865 1672 863 1672 863 1673 865 1673 866 1673 866 1674 862 1674 861 1674 866 1675 867 1675 862 1675 866 1676 865 1676 867 1676 860 1677 868 1677 859 1677 868 1678 1030 1678 859 1678 859 1679 1030 1679 1032 1679 869 1680 868 1680 860 1680 869 1681 870 1681 868 1681 871 1682 870 1682 869 1682 871 1683 872 1683 870 1683 865 1684 873 1684 867 1684 867 1685 873 1685 874 1685 875 1686 873 1686 865 1686 873 1687 876 1687 874 1687 875 1688 877 1688 873 1688 871 1689 878 1689 872 1689 871 1690 876 1690 878 1690 874 1691 876 1691 871 1691 876 1692 879 1692 878 1692 880 1693 879 1693 876 1693 879 1694 881 1694 878 1694 880 1695 882 1695 879 1695 878 1696 881 1696 883 1696 881 1697 884 1697 883 1697 885 1698 884 1698 881 1698 884 1699 886 1699 883 1699 883 1700 886 1700 887 1700 885 1701 888 1701 884 1701 889 1702 888 1702 885 1702 891 1703 890 1703 886 1703 890 1704 892 1705 886 1706 886 1707 892 1707 887 1707 891 1708 893 1708 890 1708 894 1709 838 1709 892 1709 896 1710 895 1710 902 1710 787 1711 895 1711 793 1711 808 1712 895 1712 896 1712 897 1713 895 1713 808 1713 793 1714 895 1714 897 1714 898 1715 895 1715 787 1715 1166 1716 895 1716 898 1716 1166 1717 899 1717 895 1717 895 1718 899 1718 902 1718 901 1719 899 1719 900 1719 902 1720 899 1720 901 1720 904 1721 903 1721 835 1721 835 1722 903 1722 905 1722 906 1723 907 1723 899 1723 909 1724 908 1724 904 1724 836 1725 908 1725 909 1725 899 1726 908 1726 900 1726 900 1727 908 1727 836 1727 899 1728 912 1728 908 1728 907 1729 912 1729 899 1729 910 1730 913 1730 907 1730 911 1731 913 1731 910 1731 907 1732 913 1732 912 1732 911 1733 915 1733 913 1733 911 1734 917 1734 915 1734 1213 1735 917 1735 911 1735 1213 1736 919 1736 917 1736 914 1737 919 1737 1213 1737 916 1738 919 1738 914 1738 918 1739 919 1739 916 1739 918 1740 922 1740 919 1740 918 1741 923 1741 922 1741 920 1742 923 1742 918 1742 920 1743 925 1743 923 1743 924 1744 925 1744 921 1744 921 1745 925 1745 920 1745 924 1746 927 1746 925 1746 840 1747 929 1747 841 1747 841 1748 929 1748 930 1748 924 1749 932 1749 927 1749 926 1750 932 1750 924 1750 928 1751 934 1751 926 1751 926 1752 934 1752 932 1752 929 1753 1111 1753 930 1753 930 1754 1111 1754 935 1754 937 1755 936 1755 1219 1755 1219 1756 936 1756 933 1756 931 1757 934 1757 928 1757 931 1758 933 1758 934 1758 935 1759 938 1759 939 1759 938 1760 941 1760 939 1760 939 1761 941 1761 942 1761 937 1762 944 1762 936 1762 937 1763 946 1763 944 1763 940 1764 946 1764 937 1764 942 1765 947 1765 948 1765 941 1766 947 1766 942 1766 940 1767 943 1767 946 1767 948 1768 949 1768 950 1768 947 1769 949 1769 948 1769 945 1770 952 1770 943 1770 945 1771 957 1771 952 1771 951 1772 957 1772 945 1772 954 1773 958 1773 959 1773 953 1774 958 1774 954 1774 951 1775 955 1775 957 1775 958 1776 960 1776 959 1776 956 1777 961 1777 955 1777 959 1778 964 1778 965 1778 960 1779 964 1779 959 1779 956 1780 966 1780 961 1780 1226 1781 966 1781 956 1781 962 1782 967 1782 1226 1782 1226 1783 967 1783 966 1783 965 1784 968 1784 969 1784 964 1785 968 1785 965 1785 971 1786 142 1786 143 1786 963 1787 967 1787 962 1787 968 1788 972 1788 969 1788 963 1789 974 1789 967 1789 969 1790 972 1790 975 1790 142 1791 976 1791 92 1791 963 1792 977 1792 974 1792 970 1793 977 1793 963 1793 972 1794 978 1794 975 1794 975 1795 978 1795 979 1795 970 1796 982 1796 977 1796 973 1797 982 1797 970 1797 978 1798 983 1798 979 1798 973 1799 984 1799 982 1799 1231 1800 984 1800 973 1800 979 1801 983 1801 985 1801 981 1802 984 1802 1231 1802 981 1803 988 1803 984 1803 980 1804 988 1804 981 1804 985 1805 989 1805 986 1805 986 1806 990 1806 991 1806 989 1807 990 1807 986 1807 987 1808 993 1808 980 1808 980 1809 993 1809 988 1809 786 1810 991 1810 784 1810 987 1811 995 1811 993 1811 992 1812 995 1812 987 1812 994 1813 998 1813 992 1813 992 1814 998 1814 995 1814 90 1815 1000 1815 1001 1815 996 1816 1002 1816 994 1816 994 1817 1002 1817 998 1817 997 1818 1004 1818 996 1818 996 1819 1004 1819 1002 1819 1000 1820 1005 1820 1001 1820 999 1821 1004 1821 997 1821 1005 1822 1006 1822 1007 1822 999 1823 1009 1823 1004 1823 1238 1824 1009 1824 999 1824 1006 1825 1010 1825 1007 1825 1003 1826 1011 1826 1238 1826 1238 1827 1011 1827 1009 1827 1007 1828 1012 1828 1013 1828 1010 1829 1012 1829 1007 1829 1014 1830 1015 1830 1241 1830 1003 1831 1008 1831 1011 1831 1243 1832 1015 1832 1014 1832 1017 1833 1015 1833 1016 1833 844 1834 1015 1834 1017 1834 1241 1835 1018 1835 1008 1835 1013 1836 1019 1836 1020 1836 1012 1837 1019 1837 1013 1837 1015 1838 1021 1838 1241 1838 1241 1839 1021 1839 1018 1839 844 1840 1021 1840 1015 1840 845 1841 1021 1841 844 1841 1015 1842 1022 1842 1016 1842 849 1843 1022 1843 1026 1843 1023 1844 1022 1844 1243 1844 787 1845 1022 1845 898 1845 1024 1846 1022 1846 849 1846 1025 1847 1022 1847 858 1847 1026 1848 1022 1848 1025 1848 898 1849 1022 1849 1023 1849 1016 1850 1022 1850 1024 1850 1243 1851 1022 1851 1015 1851 858 1852 1022 1852 787 1852 1027 1853 1021 1853 845 1853 1030 1854 1031 1854 1032 1854 1032 1855 1031 1855 1027 1855 1033 1856 1034 1856 1035 1856 1035 1857 1034 1857 1036 1857 1036 1858 1037 1858 1038 1858 1034 1859 1037 1859 1036 1859 1039 1860 1041 1860 1040 1860 1040 1861 1042 1861 1043 1861 1041 1862 1042 1862 1040 1862 1042 1863 1044 1863 1043 1863 1043 1864 1044 1864 1045 1864 1045 1865 1046 1865 1047 1865 1044 1866 1046 1866 1045 1866 1047 1867 1165 1867 1048 1867 841 1868 1049 1868 840 1868 1165 1869 1049 1869 1048 1869 1166 1870 1051 1870 899 1870 1051 1871 1207 1871 899 1871 1207 1872 1208 1872 899 1872 899 1873 1208 1873 906 1873 910 1874 1052 1874 911 1874 1052 1875 1212 1875 911 1875 911 1876 1212 1876 1213 1876 1212 1877 1211 1877 1213 1877 1053 1878 838 1878 1054 1878 914 1879 1214 1879 916 1879 918 1880 1055 1880 920 1880 1055 1881 1215 1881 920 1881 1215 1882 1216 1882 920 1882 920 1883 1216 1883 921 1883 1054 1884 1056 1884 1053 1884 1053 1885 1056 1885 840 1885 1054 1886 1057 1886 1056 1886 921 1887 1245 1887 924 1887 1245 1888 1169 1888 924 1888 1169 1889 1058 1889 924 1889 924 1890 1058 1890 926 1890 931 1891 1059 1891 933 1891 1059 1892 1217 1892 933 1892 933 1893 1217 1893 1219 1893 929 1894 1060 1894 1111 1894 1061 1895 1062 1895 1063 1895 925 1896 1062 1896 1061 1896 937 1897 1246 1897 940 1897 940 1898 1221 1898 943 1898 943 1899 1221 1899 945 1899 945 1900 1178 1900 951 1900 1178 1901 1064 1901 951 1901 1064 1902 1224 1902 951 1902 951 1903 1065 1903 955 1903 1224 1904 1065 1904 951 1904 1065 1905 1180 1905 955 1905 955 1906 1180 1906 956 1906 1180 1907 1066 1907 956 1907 1066 1908 1225 1908 956 1908 1225 1909 1067 1909 956 1909 956 1910 1067 1910 1226 1910 962 1911 1068 1911 963 1911 1068 1912 1229 1912 963 1912 1229 1913 1186 1913 963 1913 963 1914 1186 1914 970 1914 970 1915 1230 1915 973 1915 955 1916 1069 1916 1070 1916 1070 1917 1069 1917 142 1917 143 1918 1071 1918 971 1918 784 1919 1071 1919 143 1919 1071 1920 1073 1920 1072 1920 784 1921 1073 1921 1071 1921 981 1922 1232 1922 980 1922 1232 1923 1074 1923 980 1923 980 1924 1074 1924 987 1924 1074 1925 1076 1925 987 1925 1076 1926 1077 1926 987 1926 976 1927 1078 1927 92 1927 1077 1928 1079 1928 987 1928 987 1929 1079 1929 992 1929 1079 1930 1233 1930 992 1930 1080 1931 1081 1931 1078 1931 992 1932 1235 1932 994 1932 1080 1933 1082 1933 1081 1933 990 1934 1083 1934 991 1934 991 1935 1083 1935 784 1935 1235 1936 1190 1936 994 1936 1190 1937 1236 1937 994 1937 994 1938 1084 1938 996 1938 1236 1939 1084 1939 994 1939 92 1940 1085 1940 90 1940 90 1941 1085 1941 1000 1941 1237 1942 1238 1942 999 1942 1000 1943 1085 1943 1005 1943 1085 1944 1086 1944 1005 1944 1003 1945 1239 1945 1008 1945 1087 1946 1088 1946 1089 1946 995 1947 1088 1947 1087 1947 1086 1948 1006 1948 1005 1948 1239 1949 1240 1949 1008 1949 1240 1950 1241 1950 1008 1950 1014 1951 1242 1951 1243 1951 1243 1952 1244 1952 1023 1952 1053 1953 1090 1953 838 1953 1091 1954 1090 1954 1053 1954 1091 1955 1093 1955 1092 1955 1053 1956 1093 1956 1091 1956 840 1957 1093 1957 1053 1957 1165 1958 1094 1958 1049 1958 1094 1959 1095 1959 1049 1959 1049 1960 1095 1960 840 1960 1166 1961 898 1961 1050 1961 903 1962 1097 1962 827 1962 834 1963 1097 1963 1099 1963 827 1964 1097 1964 834 1964 1099 1965 1097 1965 838 1965 908 1966 1100 1966 1098 1966 922 1967 1102 1967 919 1967 1100 1968 1103 1968 1057 1968 1101 1969 1103 1969 1100 1969 1104 1970 1105 1970 1101 1970 1101 1971 1105 1971 1103 1971 1057 1972 929 1972 1056 1972 1056 1973 929 1973 840 1973 934 1974 1112 1974 932 1974 1063 1975 1113 1975 1114 1975 1116 1976 1112 1976 1117 1976 950 1977 949 1977 953 1977 1119 1978 1120 1978 1063 1978 949 1979 1118 1979 953 1979 952 1980 1121 1980 943 1980 1123 1981 1121 1981 1072 1981 1125 1982 1128 1982 1126 1982 1072 1983 1129 1983 1123 1983 1123 1984 1129 1984 1125 1984 1125 1985 1129 1985 1128 1985 1073 1986 1129 1986 1072 1986 968 1987 1130 1987 972 1987 967 1988 1131 1988 966 1988 1080 1989 1131 1989 1082 1989 983 1990 1133 1990 985 1990 1073 1991 1083 1991 1075 1991 784 1992 1083 1992 1073 1992 988 1993 1135 1993 984 1993 974 1994 1136 1994 1134 1994 1081 1995 1085 1995 1078 1995 1078 1996 1085 1996 92 1996 974 1997 1137 1997 1136 1997 1138 1998 1135 1998 1139 1998 1004 1999 1143 1999 1002 1999 1144 2000 1010 2000 1006 2000 1010 2001 1145 2001 1012 2001 1144 2002 1145 2002 1010 2002 1089 2003 1146 2003 1147 2003 1028 2004 1150 2004 1029 2004 1020 2005 1150 2005 1028 2005 1152 2006 1153 2006 1089 2006 1150 2007 1151 2007 1029 2007 898 2008 1206 2008 1096 2008 1023 2009 1206 2009 898 2009 1195 2010 1206 2010 1023 2010 1033 2011 1146 2011 1034 2011 1154 2012 1155 2012 1143 2012 1154 2013 1157 2013 1155 2013 1160 2014 1159 2014 1021 2014 892 2015 1090 2015 887 2015 887 2016 1090 2016 1031 2016 838 2017 1090 2017 892 2017 1158 2018 1161 2018 1162 2018 1092 2019 1163 2019 1159 2019 1159 2020 1163 2020 1158 2020 1158 2021 1163 2021 1161 2021 1164 2022 1041 2022 1038 2022 1038 2023 1041 2023 1039 2023 840 2024 1095 2024 1093 2024 1093 2025 1095 2025 1092 2025 903 2026 904 2026 1097 2026 904 2027 1098 2027 1097 2027 908 2028 1098 2028 904 2028 908 2029 912 2029 1100 2029 1167 2030 921 2030 1216 2030 1100 2031 1057 2031 1098 2031 1098 2032 1057 2032 1054 2032 1168 2033 921 2033 1167 2033 1168 2034 1245 2034 921 2034 1102 2035 922 2035 1106 2035 1104 2036 1170 2036 1105 2036 1109 2037 1171 2037 1108 2037 1109 2038 1170 2038 1171 2038 1170 2039 1172 2039 1105 2039 1173 2040 931 2040 928 2040 1102 2041 1106 2041 1107 2041 1107 2042 1106 2042 1114 2042 1057 2043 1060 2043 929 2043 1111 2044 1060 2044 1057 2044 1111 2045 1105 2045 938 2045 1218 2046 1219 2047 1217 2048 935 2049 1111 2049 938 2049 1115 2050 932 2050 1112 2050 1174 2051 1175 2051 1170 2051 1114 2052 1176 2052 1107 2052 1113 2053 1176 2053 1114 2053 1105 2054 1175 2054 938 2054 938 2055 1175 2055 941 2055 1220 2056 1221 2056 940 2056 1170 2057 1177 2057 1174 2057 949 2058 1108 2058 1118 2058 1177 2059 1108 2059 949 2059 1223 2060 1178 2060 945 2060 1112 2061 1116 2061 1115 2061 1108 2062 1110 2062 1118 2062 960 2063 1113 2063 1063 2063 1175 2064 947 2064 941 2064 1119 2065 1179 2065 1120 2065 1116 2066 1179 2066 1119 2066 958 2067 1113 2067 960 2067 1121 2068 946 2068 943 2068 1118 2069 1181 2069 953 2069 953 2070 1181 2070 958 2070 1063 2071 1120 2071 960 2071 1121 2072 952 2072 1124 2072 960 2073 1120 2073 964 2073 1184 2074 1183 2074 1117 2074 1127 2075 1183 2075 1184 2075 1126 2076 1183 2076 1127 2076 1123 2077 1125 2077 1121 2077 1117 2078 1185 2078 1122 2078 1183 2079 1185 2079 1117 2079 1122 2080 1185 2080 1130 2080 964 2081 1182 2081 968 2081 1120 2082 1182 2082 964 2082 1128 2083 1189 2083 1126 2083 1126 2084 1189 2084 1183 2084 1072 2085 1124 2085 1071 2085 1071 2086 1124 2086 971 2086 1121 2087 1124 2087 1072 2087 1183 2088 1187 2088 1185 2088 1185 2089 1187 2089 1130 2089 1132 2090 966 2090 1131 2090 973 2091 1188 2091 1231 2091 1075 2092 1129 2092 1073 2092 983 2093 1189 2093 1133 2093 1189 2094 978 2094 1183 2094 983 2095 978 2095 1189 2095 1187 2096 978 2096 1130 2096 1183 2097 978 2097 1187 2097 1130 2098 978 2098 972 2098 1133 2099 1129 2099 989 2099 1131 2100 1080 2100 1132 2100 976 2101 1080 2101 1078 2101 990 2102 1075 2102 1083 2102 1129 2103 1075 2103 989 2103 990 2104 989 2104 1075 2104 1133 2105 989 2105 985 2105 1131 2106 1134 2106 1082 2106 1135 2107 988 2107 1140 2107 1136 2108 1082 2108 1134 2108 1138 2109 1141 2109 1135 2109 1138 2110 1191 2110 1141 2110 1191 2111 1193 2111 1137 2111 1140 2112 1139 2112 1135 2112 1138 2113 1192 2113 1191 2113 1146 2114 1139 2114 1147 2114 1148 2115 1002 2115 1143 2115 1142 2116 1192 2116 1138 2116 1019 2117 1193 2117 1191 2117 1142 2118 1139 2118 1194 2118 1194 2119 1150 2119 1142 2119 1142 2120 1150 2120 1192 2120 1191 2121 1192 2121 1019 2121 1151 2122 1150 2122 1194 2122 1145 2123 1019 2123 1012 2123 1150 2124 1019 2124 1192 2124 1020 2125 1019 2125 1150 2125 1193 2126 1019 2126 1145 2126 1152 2127 1148 2127 1149 2127 1149 2128 1148 2128 1143 2128 1139 2129 1146 2129 1194 2129 1034 2130 1146 2130 1089 2130 1149 2131 1196 2131 1152 2131 1152 2132 1196 2132 1153 2132 1029 2133 1194 2133 1033 2133 1151 2134 1194 2134 1029 2134 1033 2135 1194 2135 1146 2135 1089 2136 1153 2136 1034 2136 1090 2137 1160 2137 1031 2137 1031 2138 1160 2138 1027 2138 1027 2139 1160 2139 1021 2139 1154 2140 1197 2140 1157 2140 1159 2141 1158 2141 1021 2141 1034 2142 1153 2142 1037 2142 1161 2143 1198 2143 1162 2143 1197 2144 1198 2144 1157 2144 1037 2145 1199 2145 1038 2145 1038 2146 1199 2146 1164 2146 1161 2147 1200 2147 1198 2147 1156 2148 1155 2148 1164 2148 1164 2149 1155 2149 1041 2149 1091 2150 1092 2150 1160 2150 1160 2151 1092 2151 1159 2151 1155 2152 1201 2152 1041 2152 1202 2153 1201 2153 1198 2153 1198 2154 1203 2154 1202 2154 1046 2155 1203 2155 1161 2155 1042 2156 1203 2156 1044 2156 1044 2157 1203 2157 1046 2157 1161 2158 1165 2158 1046 2158 1092 2159 1094 2159 1165 2159 1095 2160 1094 2160 1092 2160 1046 2161 1165 2161 1047 2161 1098 2162 1054 2162 1097 2162 1097 2163 1054 2163 838 2163 1104 2164 915 2164 1170 2164 915 2165 1171 2165 1170 2165 922 2166 923 2166 1106 2166 1061 2167 923 2167 925 2167 1106 2168 923 2168 1061 2168 1057 2169 1103 2169 1111 2169 1111 2170 1103 2170 1105 2170 1063 2171 1114 2171 1061 2171 1061 2172 1114 2172 1106 2172 1172 2173 1175 2173 1105 2173 1170 2174 1175 2174 1172 2174 1110 2175 1107 2175 1176 2175 1108 2176 1107 2176 1110 2176 1102 2177 1107 2177 1108 2177 1062 2178 927 2178 1115 2178 1115 2179 927 2179 932 2179 925 2180 927 2180 1062 2180 1170 2181 1109 2181 1177 2181 1177 2182 1109 2182 1108 2182 1115 2183 1119 2183 1062 2183 1116 2184 1119 2184 1115 2184 1062 2185 1119 2185 1063 2185 947 2186 1174 2186 949 2186 949 2187 1174 2187 1177 2187 1175 2188 1174 2188 947 2188 933 2189 1184 2189 934 2189 936 2190 1184 2190 933 2190 1110 2191 1181 2191 1118 2191 1113 2192 1181 2192 1176 2192 958 2193 1181 2193 1113 2193 1176 2194 1181 2194 1110 2194 936 2195 1127 2195 1184 2195 936 2196 944 2196 1127 2196 1116 2197 1122 2197 1179 2197 1117 2198 1122 2198 1116 2198 1122 2199 1204 2199 1179 2199 1130 2200 1204 2200 1122 2200 1070 2201 957 2201 955 2201 952 2202 957 2202 1124 2202 1124 2203 957 2203 1070 2203 968 2204 1204 2204 1130 2204 1182 2205 1204 2205 968 2205 142 2206 971 2206 1070 2206 1070 2207 971 2207 1124 2207 1133 2208 1189 2208 1128 2208 955 2209 961 2209 1069 2209 1132 2210 961 2210 966 2210 1069 2211 961 2211 1132 2211 1080 2212 976 2212 1132 2212 1069 2213 976 2213 142 2213 1132 2214 976 2214 1069 2214 1128 2215 1129 2215 1133 2215 1234 2216 1235 2216 992 2216 974 2217 977 2217 1137 2217 977 2218 1191 2218 1137 2218 1081 2219 1082 2219 1085 2219 988 2220 993 2220 1140 2220 1140 2221 993 2221 1087 2221 1087 2222 993 2222 995 2222 1136 2223 1137 2223 1145 2223 1144 2224 1136 2224 1145 2224 1082 2225 1136 2225 1144 2225 1140 2226 1147 2226 1139 2226 1089 2227 1147 2227 1087 2227 1087 2228 1147 2228 1140 2228 1006 2229 1205 2229 1144 2229 1085 2230 1205 2230 1086 2230 1082 2231 1205 2231 1085 2231 1144 2232 1205 2232 1082 2232 1086 2233 1205 2233 1006 2233 1139 2234 1142 2234 1138 2234 1137 2235 1193 2235 1145 2235 1088 2236 998 2236 1148 2236 1148 2237 998 2237 1002 2237 995 2238 998 2238 1088 2238 1148 2239 1152 2239 1088 2239 1088 2240 1152 2240 1089 2240 1196 2241 1149 2241 1156 2241 1155 2242 1149 2242 1143 2242 1156 2243 1149 2243 1155 2243 1197 2244 1011 2244 1198 2244 1011 2245 1162 2245 1198 2245 1164 2246 1199 2246 1156 2246 1196 2247 1199 2247 1153 2247 1153 2248 1199 2248 1037 2248 1196 2249 1156 2249 1199 2249 1201 2250 1157 2250 1198 2250 1155 2251 1157 2251 1201 2251 1090 2252 1091 2252 1160 2252 1200 2253 1203 2253 1198 2253 1161 2254 1203 2254 1200 2254 1201 2255 1202 2255 1041 2255 1041 2256 1202 2256 1042 2256 1042 2257 1202 2257 1203 2257 1165 2258 1163 2258 1092 2258 1161 2259 1163 2259 1165 2259 1050 2260 898 2260 1096 2260 1209 2261 906 2262 1208 2263 912 2264 913 2264 1104 2264 1104 2265 913 2265 915 2265 1104 2266 1101 2266 912 2266 912 2267 1101 2267 1100 2267 915 2268 917 2268 1171 2268 1171 2269 917 2269 919 2269 919 2270 1108 2270 1171 2270 1102 2271 1108 2271 919 2271 1112 2272 934 2272 1117 2272 934 2273 1184 2273 1117 2273 1127 2274 944 2274 1126 2274 1179 2275 1182 2275 1120 2275 1204 2276 1182 2276 1179 2276 944 2277 1125 2277 1126 2277 1121 2278 1125 2278 946 2278 946 2279 1125 2279 944 2279 1131 2280 967 2280 1134 2280 967 2281 974 2281 1134 2281 977 2282 982 2282 1191 2282 1135 2283 1141 2283 984 2283 982 2284 1141 2284 1191 2284 984 2285 1141 2285 982 2285 1197 2286 1009 2286 1011 2286 1004 2287 1154 2287 1143 2287 1009 2288 1154 2288 1004 2288 1197 2289 1154 2289 1009 2289 1158 2290 1018 2290 1021 2290 1018 2291 1162 2291 1008 2291 1008 2292 1162 2292 1011 2292 1158 2293 1162 2293 1018 2293 1210 2294 907 2294 906 2294 1059 2295 931 2295 1173 2295 1220 2296 940 2296 1246 2296 945 2297 1221 2297 1222 2297 1223 2298 945 2298 1222 2298 1227 2299 962 2299 1226 2299 1227 2300 1228 2301 962 2302 1228 2303 1068 2303 962 2303 1230 2304 1188 2304 973 2304 1234 2305 992 2305 1233 2305 1210 2306 906 2307 1209 2308 1214 2309 918 2310 916 2311 1247 2312 1249 2312 1248 2312 72 2313 1250 2313 1946 2313 1247 2314 1248 2314 1251 2314 1254 2315 1255 2315 1253 2315 1256 2316 1257 2316 1254 2316 1256 2317 1258 2317 1257 2317 1259 2318 1247 2318 1260 2318 1261 2319 1258 2319 1256 2319 1262 2320 1908 2320 1261 2320 1262 2321 1263 2321 1908 2321 1265 2322 1260 2322 1266 2322 1265 2323 1259 2323 1260 2323 1869 2324 1264 2324 1263 2324 1267 2325 1256 2325 1268 2325 1271 2326 1256 2326 1267 2326 1272 2327 1265 2327 1266 2327 1272 2328 1266 2328 1273 2328 1274 2329 1270 2329 1269 2329 1274 2330 1275 2330 1270 2330 1274 2331 1276 2331 1275 2331 1271 2332 1277 2332 1256 2332 1272 2333 1273 2333 1278 2333 1279 2334 1272 2334 1278 2334 1276 2335 1281 2335 1280 2335 1282 2336 1277 2336 1271 2336 1282 2337 1262 2337 1277 2337 1283 2338 1284 2338 1285 2338 1279 2339 1278 2339 1286 2339 1287 2340 1586 2340 1589 2340 1287 2341 1262 2341 1282 2341 1287 2342 1589 2342 1262 2342 1288 2343 1283 2343 1285 2343 1293 2344 1586 2344 1287 2344 1288 2345 1289 2345 1283 2345 1295 2346 1288 2346 1285 2346 1295 2347 1285 2347 1291 2347 1296 2348 1586 2348 1293 2348 1296 2349 1297 2349 1586 2349 1298 2350 1289 2350 1288 2350 1298 2351 1294 2351 1289 2351 1300 2352 1279 2352 1286 2352 1300 2353 1291 2353 1279 2353 1301 2354 1303 2354 1302 2354 1301 2355 1304 2355 1900 2355 1305 2356 1297 2356 1296 2356 1305 2357 1274 2357 1297 2357 1306 2358 1299 2358 1294 2358 1306 2359 1294 2359 1298 2359 1300 2360 1295 2360 1291 2360 1308 2361 1298 2361 1288 2361 1308 2362 1288 2362 1295 2362 1309 2363 1274 2363 1305 2363 1309 2364 1310 2364 1274 2364 1311 2365 1286 2365 1290 2365 1311 2366 1300 2366 1286 2366 1306 2367 1307 2367 1299 2367 1312 2368 1308 2368 1295 2368 1308 2369 1306 2369 1298 2369 1316 2370 1307 2370 1306 2370 1317 2371 1307 2371 1316 2371 1312 2372 1295 2372 1300 2372 1318 2373 1308 2373 1312 2373 1315 2374 1306 2374 1308 2374 1315 2375 1308 2375 1318 2375 1316 2376 1306 2376 1315 2376 1311 2377 1312 2377 1300 2377 1319 2378 1317 2378 1316 2378 1320 2379 1316 2379 1315 2379 1321 2380 1322 2380 1314 2380 1321 2381 1323 2381 1322 2381 1324 2382 1312 2382 1311 2382 1325 2383 1319 2383 1316 2383 1320 2384 1315 2384 1318 2384 1326 2385 1859 2385 1323 2385 1326 2386 1858 2386 1859 2386 1326 2387 1327 2387 1858 2387 1326 2388 1323 2388 1321 2388 1328 2389 1325 2389 1316 2389 1328 2390 1316 2390 1320 2390 1324 2391 1318 2391 1312 2391 1329 2392 1320 2392 1318 2392 1330 2393 1846 2393 1327 2393 1330 2394 1845 2394 1846 2394 1329 2395 1328 2395 1320 2395 1332 2396 1845 2396 1330 2396 1324 2397 1329 2397 1318 2397 1334 2398 1333 2398 1332 2398 1334 2399 1335 2399 1333 2399 1336 2400 1329 2400 1324 2400 1337 2401 1331 2401 1328 2401 1337 2402 1328 2402 1329 2402 1337 2403 1329 2403 1336 2403 1339 2404 1335 2404 1334 2404 1340 2405 1341 2405 1342 2405 1345 2406 1343 2406 1340 2406 1337 2407 1338 2407 1331 2407 1347 2408 1330 2408 1343 2408 1347 2409 1343 2409 1345 2409 1350 2410 1334 2410 1351 2410 1350 2411 1330 2411 1347 2411 1350 2412 1351 2412 1330 2412 1352 2413 1348 2413 1349 2413 1346 2414 1338 2414 1337 2414 1346 2415 1337 2415 1336 2415 1851 2416 98 2416 102 2416 1355 2417 1334 2417 1350 2417 1356 2418 1348 2418 1352 2418 1358 2419 1353 2419 1346 2419 1359 2420 1352 2420 1353 2420 1360 2421 1592 2421 1361 2421 1360 2422 1361 2422 1334 2422 1360 2423 1334 2423 1355 2423 1362 2424 1346 2424 1336 2424 1356 2425 1357 2425 1348 2425 1358 2426 1359 2426 1353 2426 1359 2427 1356 2427 1352 2427 1366 2428 1357 2428 1356 2428 1366 2429 1363 2429 1357 2429 1367 2430 1359 2430 1358 2430 1365 2431 1356 2431 1359 2431 1368 2432 1369 2432 1592 2432 1368 2433 1592 2433 1360 2433 1366 2434 1356 2434 1365 2434 1362 2435 1358 2435 1346 2435 1370 2436 1363 2436 1366 2436 1370 2437 1364 2437 1363 2437 1536 2438 93 2438 98 2438 1367 2439 1365 2439 1359 2439 1372 2440 1366 2440 1365 2440 1898 2441 1250 2441 72 2441 1373 2442 1358 2442 1362 2442 1370 2443 1371 2443 1364 2443 1372 2444 1365 2444 1367 2444 1372 2445 1370 2445 1366 2445 1375 2446 93 2446 1536 2446 1373 2447 1367 2447 1358 2447 1376 2448 1371 2448 1370 2448 1377 2449 1372 2449 1367 2449 1378 2450 1370 2450 1372 2450 1379 2451 1380 2451 1943 2451 1373 2452 1377 2452 1367 2452 1376 2453 1374 2453 1371 2453 1378 2454 1376 2454 1370 2454 1381 2455 1380 2455 1379 2455 1383 2456 71 2456 93 2456 1383 2457 93 2457 1375 2457 1385 2458 72 2458 71 2458 1377 2459 1378 2459 1372 2459 1386 2460 1384 2460 1376 2460 1386 2461 1376 2461 1378 2461 1387 2462 1382 2462 1381 2462 1389 2463 1378 2463 1377 2463 1391 2464 1385 2464 71 2464 1391 2465 71 2465 1383 2465 1392 2466 1377 2466 1373 2466 1389 2467 1386 2467 1378 2467 1393 2468 1390 2468 1388 2468 1392 2469 1389 2469 1377 2469 1394 2470 1386 2470 1389 2470 1395 2471 1396 2471 1393 2471 1395 2472 1397 2472 1396 2472 1398 2473 1389 2473 1392 2473 1398 2474 1394 2474 1389 2474 1400 2475 1397 2475 1395 2475 1401 2476 1585 2476 1379 2476 1401 2477 1402 2477 1585 2477 1403 2478 1933 2478 1892 2478 1403 2479 1892 2479 1400 2479 1404 2480 1402 2480 1401 2480 1405 2481 1398 2481 1392 2481 1398 2482 1399 2482 1394 2482 1406 2483 1933 2483 1403 2483 1406 2484 1891 2484 1933 2484 1407 2485 1402 2485 1404 2485 1407 2486 1590 2486 1408 2486 1407 2487 1408 2487 1402 2487 1412 2488 1590 2488 1407 2488 1413 2489 1410 2489 1414 2489 1413 2490 1409 2490 1410 2490 1411 2491 1399 2491 1398 2491 1418 2492 1395 2492 1590 2492 1418 2493 1590 2493 1412 2493 1418 2494 1419 2494 1395 2494 1421 2495 1415 2495 1411 2495 1415 2496 1413 2496 1414 2496 1422 2497 1419 2497 1418 2497 1405 2498 1411 2498 1398 2498 1423 2499 1420 2499 1409 2499 1423 2500 1409 2500 1413 2500 1425 2501 1413 2501 1415 2501 1429 2502 1403 2502 1419 2502 1429 2503 1419 2503 1422 2503 1423 2504 1413 2504 1425 2504 1423 2505 1424 2505 1420 2505 1430 2506 1415 2506 1421 2506 1430 2507 1425 2507 1415 2507 1431 2508 1403 2508 1429 2508 1431 2509 1406 2509 1403 2509 1432 2510 1411 2510 1405 2510 1432 2511 1421 2511 1411 2511 1433 2512 1424 2512 1423 2512 1434 2513 1424 2513 1433 2513 1435 2514 1425 2514 1430 2514 1435 2515 1423 2515 1425 2515 1433 2516 1423 2516 1435 2516 1438 2517 1433 2517 1435 2517 1432 2518 1430 2518 1421 2518 1439 2519 1434 2519 1433 2519 1440 2520 1434 2520 1439 2520 1441 2521 1435 2521 1430 2521 1441 2522 1438 2522 1435 2522 1442 2523 1443 2523 1437 2523 1442 2524 1444 2524 1443 2524 1445 2525 1439 2525 1433 2525 1446 2526 1430 2526 1432 2526 1446 2527 1441 2527 1430 2527 1447 2528 1438 2528 1441 2528 1445 2529 1433 2529 1438 2529 1448 2530 1444 2530 1442 2530 1448 2531 1949 2531 1444 2531 1448 2532 1881 2532 1949 2532 1447 2533 1445 2533 1438 2533 1449 2534 1450 2534 1881 2534 1449 2535 1881 2535 1448 2535 1451 2536 1445 2536 1447 2536 1924 2537 1450 2537 1449 2537 1453 2538 1447 2538 1441 2538 1453 2539 1441 2539 1446 2539 1454 2540 1452 2540 1924 2540 1455 2541 1445 2541 1451 2541 1457 2542 1448 2542 1442 2542 1453 2543 1451 2543 1447 2543 1458 2544 1451 2544 1453 2544 1458 2545 1455 2545 1451 2545 1460 2546 1448 2546 1457 2546 1461 2547 1455 2547 1458 2547 1462 2548 1948 2548 1459 2548 1462 2549 1921 2549 1948 2549 1462 2550 1463 2550 1921 2550 1460 2551 1449 2551 1448 2551 1464 2552 1458 2552 1453 2552 1463 2553 1467 2553 1466 2553 1468 2554 1587 2554 1449 2554 1468 2555 1449 2555 1460 2555 1469 2556 1470 2556 1471 2556 1472 2557 1591 2557 1587 2557 1472 2558 1588 2558 1591 2558 1472 2559 1587 2559 1468 2559 1473 2560 1469 2560 1471 2560 1473 2561 1471 2561 1474 2561 1475 2562 1465 2562 1461 2562 1475 2563 1461 2563 1458 2563 1478 2564 1479 2564 1588 2564 1478 2565 1588 2565 1472 2565 1473 2566 1474 2566 1476 2566 1480 2567 1469 2567 1473 2567 1481 2568 1473 2568 1476 2568 1482 2569 1479 2569 1478 2569 1482 2570 1462 2570 1479 2570 1483 2571 1475 2571 1458 2571 1483 2572 1458 2572 1464 2572 1484 2573 1480 2573 1473 2573 1475 2574 1476 2574 1465 2574 1486 2575 1481 2575 1476 2575 1484 2576 1485 2576 1480 2576 1487 2577 1485 2577 1484 2577 1486 2578 1476 2578 1475 2578 1488 2579 1484 2579 1473 2579 1488 2580 1473 2580 1481 2580 1489 2581 1462 2581 1482 2581 1489 2582 1490 2582 1462 2582 1483 2583 1486 2583 1475 2583 1491 2584 1487 2584 1484 2584 1492 2585 1260 2585 1247 2585 1488 2586 1481 2586 1486 2586 1494 2587 1484 2587 1488 2587 1491 2588 1484 2588 1494 2588 1495 2589 1486 2589 1483 2589 1496 2590 1493 2590 1487 2590 1496 2591 1487 2591 1491 2591 1497 2592 1488 2592 1486 2592 1497 2593 1494 2593 1488 2593 1494 2594 1496 2594 1491 2594 1495 2595 1497 2595 1486 2595 1499 2596 1498 2596 1493 2596 1499 2597 1493 2597 1496 2597 1500 2598 1266 2598 1260 2598 1500 2599 1260 2599 1492 2599 1501 2600 1494 2600 1497 2600 1502 2601 1496 2601 1494 2601 1501 2602 1502 2602 1494 2602 1502 2603 1499 2603 1496 2603 1503 2604 1266 2604 1500 2604 1503 2605 1273 2605 1266 2605 1504 2606 1502 2606 1501 2606 1503 2607 1278 2607 1273 2607 1505 2608 1497 2608 1495 2608 1505 2609 1501 2609 1497 2609 1506 2610 1502 2610 1504 2610 1506 2611 1278 2611 1503 2611 1506 2612 1286 2612 1278 2612 1505 2613 1504 2613 1501 2613 1507 2614 1286 2614 1506 2614 1507 2615 1290 2615 1286 2615 1507 2616 1506 2616 1504 2616 1507 2617 1504 2617 1505 2617 1508 2618 1253 2618 1252 2618 1259 2619 1267 2619 1268 2619 1509 2620 1267 2620 1259 2620 1509 2621 1259 2621 1265 2621 1267 2622 1509 2622 1284 2622 1267 2623 1284 2623 1283 2623 1510 2624 1265 2624 1272 2624 1510 2625 1284 2625 1509 2625 1510 2626 1509 2626 1265 2626 1510 2627 1285 2627 1284 2627 1271 2628 1267 2628 1283 2628 1271 2629 1283 2629 1289 2629 1282 2630 1271 2630 1289 2630 1282 2631 1289 2631 1294 2631 1287 2632 1282 2632 1294 2632 1287 2633 1294 2633 1299 2633 1293 2634 1299 2634 1307 2634 1293 2635 1287 2635 1299 2635 1511 2636 1292 2636 1281 2636 1296 2637 1293 2637 1307 2637 1305 2638 1296 2638 1307 2638 1305 2639 1307 2639 1317 2639 1513 2640 1514 2640 1515 2640 1513 2641 1292 2641 1511 2641 1513 2642 1511 2642 1514 2642 1513 2643 1900 2643 1292 2643 1513 2644 1301 2644 1900 2644 1512 2645 1311 2645 1290 2645 1514 2646 1310 2646 1309 2646 1309 2647 1317 2647 1319 2647 1309 2648 1305 2648 1317 2648 1517 2649 1513 2649 1515 2649 1517 2650 1515 2650 1518 2650 1517 2651 1313 2651 1303 2651 1517 2652 1301 2652 1513 2652 1517 2653 1303 2653 1301 2653 1519 2654 1309 2654 1319 2654 1519 2655 1514 2655 1309 2655 1519 2656 1516 2656 1514 2656 1516 2657 1515 2657 1514 2657 1319 2658 1522 2658 1519 2658 1523 2659 1314 2659 1313 2659 1523 2660 1313 2660 1517 2660 1523 2661 1517 2661 1518 2661 1524 2662 1516 2662 1519 2662 1524 2663 1515 2663 1516 2663 1525 2664 1311 2664 1512 2664 1525 2665 1512 2665 1520 2665 1525 2666 1520 2666 1521 2666 1515 2667 1526 2667 1518 2667 1527 2668 1522 2668 1319 2668 1527 2669 1319 2669 1325 2669 1524 2670 1519 2670 1522 2670 1529 2671 1526 2671 1515 2671 1529 2672 1515 2672 1524 2672 1525 2673 1324 2673 1311 2673 1528 2674 1524 2674 1522 2674 1530 2675 1342 2675 1341 2675 1530 2676 1341 2676 1518 2676 1530 2677 1518 2677 1526 2677 1528 2678 1522 2678 1527 2678 1531 2679 1520 2679 1579 2679 1529 2680 1532 2680 1526 2680 1529 2681 1524 2681 1528 2681 1531 2682 1521 2682 1520 2682 1532 2683 1529 2683 1528 2683 1532 2684 1528 2684 1338 2684 1525 2685 1521 2685 1534 2685 1349 2686 1530 2686 1526 2686 1349 2687 1526 2687 1532 2687 1342 2688 1349 2688 1348 2688 1342 2689 1530 2689 1349 2689 1345 2690 1342 2690 1348 2690 1345 2691 1340 2691 1342 2691 1533 2692 1349 2692 1532 2692 1533 2693 1353 2693 1352 2693 1533 2694 1352 2694 1349 2694 1535 2695 1336 2695 1324 2695 1535 2696 1525 2696 1534 2696 1535 2697 1324 2697 1525 2697 1347 2698 1348 2698 1357 2698 1347 2699 1345 2699 1348 2699 1350 2700 1347 2700 1357 2700 1350 2701 1357 2701 1363 2701 1355 2702 1350 2702 1363 2702 1355 2703 1363 2703 1364 2703 1536 2704 1354 2704 1865 2704 1536 2705 98 2705 1851 2705 1536 2706 1851 2706 1354 2706 1531 2707 1534 2707 1521 2707 1355 2708 1364 2708 1371 2708 1360 2709 1355 2709 1371 2709 1537 2710 1536 2710 1369 2710 1537 2711 1375 2711 1536 2711 1537 2712 1369 2712 1368 2712 1368 2713 1371 2713 1374 2713 1368 2714 1360 2714 1371 2714 1535 2715 1362 2715 1336 2715 1537 2716 1368 2716 1374 2716 1538 2717 1535 2717 1534 2717 1538 2718 1362 2718 1535 2718 1538 2719 1534 2719 1539 2719 1374 2720 1540 2720 1375 2720 1374 2721 1375 2721 1537 2721 1541 2722 1897 2722 1898 2722 1541 2723 72 2723 1385 2723 1541 2724 1898 2724 72 2724 1375 2725 1542 2725 1383 2725 1538 2726 1373 2726 1362 2726 1384 2727 1540 2727 1374 2727 1384 2728 1543 2728 1540 2728 1384 2729 1374 2729 1376 2729 1542 2730 1375 2730 1540 2730 1391 2731 1383 2731 1542 2731 1544 2732 1542 2732 1540 2732 1546 2733 1379 2733 1385 2733 1546 2734 1401 2734 1379 2734 1546 2735 1385 2735 1391 2735 1544 2736 1540 2736 1543 2736 1547 2737 1538 2737 1539 2737 1547 2738 1373 2738 1538 2738 1545 2739 1391 2739 1542 2739 1545 2740 1542 2740 1544 2740 1546 2741 1391 2741 1545 2741 1548 2742 1545 2742 1544 2742 1548 2743 1544 2743 1399 2743 1547 2744 1392 2744 1373 2744 1410 2745 1545 2745 1548 2745 1410 2746 1546 2746 1545 2746 1401 2747 1410 2747 1409 2747 1401 2748 1546 2748 1410 2748 1404 2749 1401 2749 1409 2749 1549 2750 1410 2750 1548 2750 1549 2751 1414 2751 1410 2751 1550 2752 1539 2752 1551 2752 1550 2753 1547 2753 1539 2753 1550 2754 1392 2754 1547 2754 1407 2755 1409 2755 1420 2755 1407 2756 1404 2756 1409 2756 1412 2757 1407 2757 1420 2757 1412 2758 1420 2758 1424 2758 1550 2759 1405 2759 1392 2759 1418 2760 1412 2760 1424 2760 1552 2761 1416 2761 1889 2761 1422 2762 1424 2762 1434 2762 1422 2763 1418 2763 1424 2763 1429 2764 1422 2764 1434 2764 1553 2765 1416 2765 1552 2765 1553 2766 1554 2766 1555 2766 1553 2767 1426 2767 1427 2767 1553 2768 1417 2768 1416 2768 1553 2769 1552 2769 1554 2769 1553 2770 1427 2770 1417 2770 1556 2771 1557 2771 1554 2771 1556 2772 1554 2772 1406 2772 1556 2773 1406 2773 1431 2773 1431 2774 1434 2774 1440 2774 1431 2775 1429 2775 1434 2775 1558 2776 1426 2776 1553 2776 1558 2777 1436 2777 1930 2777 1558 2778 1553 2778 1555 2778 1558 2779 1555 2779 1559 2779 1558 2780 1428 2780 1426 2780 1558 2781 1930 2781 1428 2781 1556 2782 1431 2782 1440 2782 1555 2783 1554 2783 1557 2783 1560 2784 1550 2784 1551 2784 1560 2785 1551 2785 1561 2785 1560 2786 1432 2786 1405 2786 1560 2787 1405 2787 1550 2787 1440 2788 1562 2788 1557 2788 1440 2789 1557 2789 1556 2789 1563 2790 1558 2790 1559 2790 1563 2791 1436 2791 1558 2791 1563 2792 1437 2792 1436 2792 1564 2793 1555 2793 1557 2793 1565 2794 1559 2794 1555 2794 1566 2795 1440 2795 1439 2795 1566 2796 1562 2796 1440 2796 1566 2797 1439 2797 1445 2797 1564 2798 1557 2798 1562 2798 1568 2799 1555 2799 1564 2799 1568 2800 1565 2800 1555 2800 1568 2801 1569 2801 1565 2801 1560 2802 1446 2802 1432 2802 1567 2803 1564 2803 1562 2803 1457 2804 1559 2804 1565 2804 1457 2805 1442 2805 1559 2805 1567 2806 1562 2806 1566 2806 1568 2807 1571 2807 1569 2807 1568 2808 1564 2808 1567 2808 1569 2809 1457 2809 1565 2809 1571 2810 1568 2810 1567 2810 1571 2811 1567 2811 1570 2811 1572 2812 1560 2812 1561 2812 1572 2813 1453 2813 1446 2813 1572 2814 1446 2814 1560 2814 1471 2815 1569 2815 1571 2815 1471 2816 1470 2816 1569 2816 1470 2817 1457 2817 1569 2817 1470 2818 1460 2818 1457 2818 1460 2819 1470 2819 1469 2819 1474 2820 1471 2820 1571 2820 1474 2821 1571 2821 1465 2821 1572 2822 1561 2822 1573 2822 1468 2823 1469 2823 1480 2823 1468 2824 1460 2824 1469 2824 1468 2825 1480 2825 1485 2825 1572 2826 1464 2826 1453 2826 1472 2827 1468 2827 1485 2827 1472 2828 1485 2828 1487 2828 1574 2829 1477 2829 1467 2829 1478 2830 1472 2830 1487 2830 1478 2831 1487 2831 1493 2831 1575 2832 1464 2832 1572 2832 1575 2833 1572 2833 1573 2833 1482 2834 1478 2834 1493 2834 1492 2835 1490 2835 1489 2835 1489 2836 1482 2836 1493 2836 1489 2837 1493 2837 1498 2837 1575 2838 1483 2838 1464 2838 1576 2839 1500 2839 1492 2839 1576 2840 1492 2840 1489 2840 1576 2841 1489 2841 1498 2841 1575 2842 1573 2842 1577 2842 1575 2843 1495 2843 1483 2843 1578 2844 1503 2844 1500 2844 1578 2845 1500 2845 1576 2845 1578 2846 1576 2846 1498 2846 1578 2847 1498 2847 1499 2847 1580 2848 1495 2848 1575 2848 1580 2849 1575 2849 1577 2849 1579 2850 1577 2850 1573 2850 1580 2851 1505 2851 1495 2851 1580 2852 1577 2852 1520 2852 1512 2853 1505 2853 1580 2853 1512 2854 1507 2854 1505 2854 1512 2855 1290 2855 1507 2855 1520 2856 1512 2856 1580 2856 1579 2857 1520 2857 1577 2857 1581 2858 1508 2858 1252 2858 1581 2859 1249 2859 1247 2859 1581 2860 1252 2860 1249 2860 1581 2861 1247 2861 1259 2861 1581 2862 1259 2862 1508 2862 1254 2863 1253 2863 1508 2863 1268 2864 1508 2864 1259 2864 1268 2865 1254 2865 1508 2865 1276 2866 1511 2866 1281 2866 1285 2867 1510 2867 1272 2867 1285 2868 1272 2868 1279 2868 1285 2869 1279 2869 1291 2869 1310 2870 1511 2870 1276 2870 1310 2871 1514 2871 1511 2871 1321 2872 1314 2872 1523 2872 1341 2873 1321 2873 1523 2873 1341 2874 1523 2874 1518 2874 1527 2875 1328 2875 1331 2875 1527 2876 1325 2876 1328 2876 1338 2877 1528 2877 1527 2877 1338 2878 1527 2878 1331 2878 1531 2879 1579 2879 1582 2879 1533 2880 1338 2880 1346 2880 1533 2881 1532 2881 1338 2881 1533 2882 1346 2882 1353 2882 1379 2883 1897 2883 1541 2883 1379 2884 1943 2884 1897 2884 1379 2885 1541 2885 1385 2885 1384 2886 1394 2886 1543 2886 1384 2887 1386 2887 1394 2887 1539 2888 1534 2888 1531 2888 1543 2889 1394 2889 1399 2889 1399 2890 1544 2890 1543 2890 1549 2891 1399 2891 1411 2891 1549 2892 1548 2892 1399 2892 1406 2893 1552 2893 1889 2893 1406 2894 1889 2894 1891 2894 1414 2895 1411 2895 1415 2895 1414 2896 1549 2896 1411 2896 1406 2897 1554 2897 1552 2897 1442 2898 1437 2898 1563 2898 1442 2899 1563 2899 1559 2899 1566 2900 1445 2900 1455 2900 1570 2901 1566 2901 1455 2901 1570 2902 1567 2902 1566 2902 1570 2903 1455 2903 1461 2903 1465 2904 1571 2904 1570 2904 1465 2905 1570 2905 1461 2905 1474 2906 1465 2906 1476 2906 1463 2907 1574 2907 1467 2907 1490 2908 1492 2908 1574 2908 1490 2909 1574 2909 1463 2909 1584 2910 1875 2910 1477 2910 1584 2911 1247 2911 1251 2911 1584 2912 1251 2912 1875 2912 1584 2913 1477 2913 1574 2913 1583 2914 1573 2914 1561 2914 1584 2915 1574 2915 1492 2915 1584 2916 1492 2916 1247 2916 1583 2917 1579 2917 1573 2917 1499 2918 1502 2918 1506 2918 1503 2919 1578 2919 1499 2919 1503 2920 1499 2920 1506 2920 1256 2921 1254 2921 1268 2921 1274 2922 1310 2922 1276 2922 1326 2923 1321 2923 1341 2923 1340 2924 1326 2924 1341 2924 1582 2925 1539 2925 1531 2925 1585 2926 1381 2926 1379 2926 1583 2927 1561 2927 1551 2927 1462 2928 1490 2928 1463 2928 1277 2929 1261 2929 1256 2929 1297 2930 1274 2930 1269 2930 1343 2931 1327 2931 1326 2931 1343 2932 1326 2932 1340 2932 1387 2933 1381 2933 1585 2933 1402 2934 1387 2934 1585 2934 1419 2935 1403 2935 1400 2935 1582 2936 1551 2936 1539 2936 1582 2937 1583 2937 1551 2937 1479 2938 1462 2938 1459 2938 1262 2939 1261 2939 1277 2939 1586 2940 1297 2940 1269 2940 1586 2941 1269 2941 1869 2941 1330 2942 1327 2942 1343 2942 1408 2943 1387 2943 1402 2943 1408 2944 1388 2944 1387 2944 1395 2945 1419 2945 1400 2945 1587 2946 1924 2946 1449 2946 1587 2947 1454 2947 1924 2947 1588 2948 1456 2948 1454 2948 1588 2949 1459 2949 1456 2949 1588 2950 1479 2950 1459 2950 1582 2951 1579 2951 1583 2951 1589 2952 1263 2952 1262 2952 1589 2953 1869 2953 1263 2953 1589 2954 1586 2954 1869 2954 1351 2955 1332 2955 1330 2955 1590 2956 1393 2956 1388 2956 1590 2957 1395 2957 1393 2957 1590 2958 1388 2958 1408 2958 1591 2959 1588 2959 1454 2959 1591 2960 1454 2960 1587 2960 1334 2961 1332 2961 1351 2961 1361 2962 1339 2962 1334 2962 1592 2963 1344 2963 1841 2963 1592 2964 1841 2964 1339 2964 1592 2965 1339 2965 1361 2965 1369 2966 1536 2966 1865 2966 1369 2967 1344 2967 1592 2967 1369 2968 1865 2968 1344 2968 1602 2969 1675 2969 1603 2969 1605 2970 1607 2970 1604 2970 1609 2971 1610 2971 1680 2971 1619 2972 1620 2972 1692 2972 1622 2973 1696 2973 1695 2973 1640 2974 1641 2974 1642 2974 1653 2975 1718 2975 1654 2975 1656 2976 1724 2976 1653 2976 1659 2977 1729 2977 1727 2977 1659 2978 1661 2978 1734 2978 100 2979 1664 2979 1747 2979 1595 2980 1668 2980 1667 2980 1595 2981 1738 2981 1668 2981 1738 2982 1593 2982 1668 2982 1596 2983 1594 2983 1595 2983 1594 2984 1596 2984 1598 2984 1599 2985 1596 2985 1595 2985 1596 2986 1599 2986 1670 2986 1671 2987 1600 2987 1670 2987 1671 2988 1599 2988 1672 2988 1601 2989 1672 2989 1599 2989 1672 2990 1601 2990 1674 2990 1601 2991 1675 2991 1674 2991 1604 2992 1675 2992 1601 2992 1604 2993 1676 2993 1675 2993 1676 2994 1606 2994 1603 2994 1604 2995 1607 2995 1676 2995 1607 2996 1606 2996 1676 2996 1677 2997 1606 2997 1607 2997 1607 2998 1605 2998 1677 2998 1677 2999 1678 2999 1606 2999 1677 3000 1605 3000 1679 3000 1677 3001 1679 3001 1678 3001 1609 3002 1679 3002 1605 3002 1678 3003 1679 3003 1608 3003 1680 3004 1608 3004 1739 3004 1680 3005 1739 3005 1609 3005 1610 3006 1612 3006 1680 3006 1611 3007 1680 3007 1612 3007 1683 3008 1614 3008 1613 3008 1614 3009 1683 3009 1682 3009 1613 3010 1685 3010 1683 3010 1685 3011 1684 3011 1683 3011 1686 3012 1685 3012 1613 3012 1686 3013 1687 3013 1685 3013 1688 3014 1687 3014 1686 3014 1617 3015 1616 3015 1686 3015 1687 3016 1688 3016 1615 3016 1688 3017 1616 3017 1689 3017 1617 3018 1689 3018 1616 3018 1688 3019 1689 3019 1618 3019 1617 3020 1690 3020 1689 3020 1619 3021 1690 3021 1617 3021 1690 3022 1619 3022 1692 3022 1693 3023 1620 3023 1694 3023 1620 3024 1623 3024 1694 3024 1619 3025 1621 3025 1620 3025 1622 3026 1621 3026 1619 3026 1695 3027 1621 3027 1622 3027 1623 3028 1621 3028 1624 3028 1695 3029 1624 3029 1621 3029 1624 3030 1695 3030 1696 3030 1622 3031 1626 3031 1696 3031 1740 3032 1626 3032 1698 3032 1698 3033 1697 3033 1740 3033 1626 3034 1627 3034 1698 3034 1627 3035 1628 3035 1741 3035 1630 3036 1628 3036 1627 3036 1628 3037 1630 3037 1632 3037 1631 3038 1628 3038 1632 3038 1630 3039 1633 3039 1632 3039 1632 3040 1633 3040 1700 3040 1633 3041 1742 3041 1700 3041 1634 3042 1742 3042 1630 3042 1630 3043 1742 3043 1633 3043 1742 3044 1635 3044 1701 3044 1702 3045 1743 3045 1634 3045 1743 3046 1702 3046 1635 3046 1636 3047 1702 3047 1634 3047 1636 3048 1638 3048 1744 3048 1744 3049 1639 3049 1637 3049 1638 3050 1639 3050 1744 3050 1636 3051 1703 3051 1638 3051 1704 3052 1639 3052 1638 3052 1705 3053 1638 3053 1703 3053 1638 3054 1705 3054 1704 3054 1705 3055 1643 3055 1704 3055 1642 3056 1705 3056 1703 3056 1705 3057 1642 3057 1706 3057 1707 3058 1643 3058 1706 3058 1706 3059 1641 3059 1707 3059 1641 3060 1745 3060 1707 3060 1745 3061 1644 3061 1708 3061 1645 3062 1644 3062 1745 3062 1640 3063 1645 3063 1745 3063 1640 3064 1648 3064 1645 3064 1709 3065 1648 3065 1647 3065 1709 3066 1647 3066 1646 3066 1649 3067 1710 3067 1648 3067 1711 3068 1712 3068 1713 3068 1649 3069 1650 3069 1712 3069 1654 3070 1650 3070 1649 3070 1650 3071 1654 3071 1715 3071 1715 3072 1652 3072 1714 3072 1716 3073 1715 3073 1654 3073 1652 3074 1715 3074 1716 3074 1716 3075 1717 3075 1652 3075 1654 3076 1718 3076 1716 3076 1720 3077 1719 3077 1718 3077 1653 3078 1720 3078 1718 3078 1720 3079 1723 3079 1721 3079 1653 3080 1724 3080 1723 3080 1722 3081 1724 3081 1655 3081 1724 3082 1725 3082 1655 3082 1657 3083 1726 3083 1725 3083 1729 3084 1732 3084 1730 3084 1729 3085 1659 3085 1732 3085 1732 3086 1733 3086 1731 3086 1660 3087 1733 3087 1734 3087 1661 3088 1660 3088 1734 3088 1662 3089 1661 3089 1659 3089 1661 3090 1746 3090 1735 3090 1746 3091 1737 3091 1663 3091 1662 3092 1737 3092 1746 3092 1663 3093 1737 3093 1736 3093 100 3094 1737 3094 1662 3094 100 3095 1747 3095 1737 3095 1665 3096 1747 3096 1664 3096 1668 3097 1593 3097 1791 3097 1738 3098 1669 3098 1593 3098 1738 3099 1598 3099 1669 3099 1594 3100 1738 3100 1595 3100 1598 3101 1738 3101 1594 3101 1598 3102 1596 3102 1597 3102 1596 3103 1670 3103 1597 3103 1600 3104 1597 3104 1670 3104 1671 3105 1670 3105 1599 3105 1600 3106 1671 3106 1673 3106 1672 3107 1673 3107 1671 3107 1674 3108 1673 3108 1672 3108 1673 3109 1674 3109 1602 3109 1676 3110 1603 3110 1675 3110 1739 3111 1679 3111 1609 3111 1608 3112 1679 3112 1739 3112 1680 3113 1611 3113 1608 3113 1611 3114 1612 3114 1681 3114 1610 3115 1681 3115 1612 3115 1610 3116 1614 3116 1681 3116 1613 3117 1614 3117 1610 3117 1683 3118 1684 3118 1682 3118 1615 3119 1684 3119 1685 3119 1615 3120 1685 3120 1687 3120 1686 3121 1616 3121 1688 3121 1618 3122 1689 3122 1690 3122 1691 3123 1618 3123 1690 3123 1692 3124 1691 3124 1690 3124 1693 3125 1692 3125 1620 3125 1620 3126 1621 3126 1623 3126 1625 3127 1624 3127 1696 3127 1625 3128 1696 3128 1740 3128 1626 3129 1740 3129 1696 3129 1625 3130 1740 3130 1697 3130 1697 3131 1698 3131 1741 3131 1741 3132 1698 3132 1627 3132 1628 3133 1629 3133 1741 3133 1631 3134 1629 3134 1628 3134 1699 3135 1631 3135 1632 3135 1700 3136 1699 3136 1632 3136 1742 3137 1701 3137 1700 3137 1635 3138 1742 3138 1743 3138 1702 3139 1637 3139 1635 3139 1636 3140 1744 3140 1702 3140 1702 3141 1744 3141 1637 3141 1643 3142 1705 3142 1706 3142 1641 3143 1706 3143 1642 3143 1745 3144 1641 3144 1640 3144 1745 3145 1708 3145 1707 3145 1645 3146 1646 3146 1644 3146 1709 3147 1646 3147 1645 3147 1648 3148 1709 3148 1645 3148 1648 3149 1710 3149 1647 3149 1711 3150 1710 3150 1712 3150 1710 3151 1649 3151 1712 3151 1713 3152 1712 3152 1651 3152 1716 3153 1718 3153 1717 3153 1717 3154 1718 3154 1719 3154 1653 3155 1723 3155 1720 3155 1723 3156 1722 3156 1721 3156 1723 3157 1724 3157 1722 3157 1656 3158 1725 3158 1724 3158 1655 3159 1725 3159 1726 3159 1657 3160 1725 3160 1656 3160 1657 3161 1728 3161 1726 3161 1727 3162 1657 3162 1656 3162 1727 3163 1728 3163 1657 3163 1729 3164 1728 3164 1727 3164 1728 3165 1729 3165 1658 3165 1729 3166 1730 3166 1658 3166 1730 3167 1732 3167 1731 3167 1734 3168 1732 3168 1659 3168 1734 3169 1733 3169 1732 3169 1660 3170 1661 3170 1735 3170 1662 3171 1746 3171 1661 3171 1746 3172 1663 3172 1735 3172 1663 3173 1736 3173 1665 3173 1665 3174 1736 3174 1747 3174 1737 3175 1747 3175 1736 3175 1665 3176 1664 3176 1666 3176 1674 3177 1675 3177 1602 3177 1614 3178 1682 3178 1681 3178 1692 3179 1693 3179 1691 3179 1742 3180 1634 3180 1743 3180 1647 3181 1710 3181 1711 3181 1712 3182 1650 3182 1651 3182 1651 3183 1650 3183 1714 3183 1714 3184 1650 3184 1715 3184 1721 3185 1719 3185 1720 3185 1751 3186 1776 3186 75 3186 1751 3187 1750 3187 1776 3187 1754 3188 1794 3188 1793 3188 1771 3189 1770 3189 1768 3189 1789 3190 1790 3190 1772 3190 1771 3191 1774 3191 1773 3191 1773 3192 1775 3192 1790 3192 75 3193 1776 3193 76 3193 1749 3194 1750 3194 1748 3194 1751 3195 1778 3195 1777 3195 1752 3196 1778 3196 1751 3196 1753 3197 1778 3197 1752 3197 1753 3198 1792 3198 1778 3198 1754 3199 1780 3199 1753 3199 1780 3200 1755 3200 1792 3200 1756 3201 1794 3201 1754 3201 1756 3202 1784 3202 1794 3202 1784 3203 1783 3203 1794 3203 1794 3204 1783 3204 1782 3204 1784 3205 1786 3205 1783 3205 1785 3206 1786 3206 1756 3206 1783 3207 1786 3207 1757 3207 1786 3208 1785 3208 1758 3208 1761 3209 1785 3209 1759 3209 1795 3210 1785 3210 1761 3210 1760 3211 1758 3211 1795 3211 1763 3212 1762 3212 1760 3212 1764 3213 1763 3213 1761 3213 1763 3214 1764 3214 1765 3214 1766 3215 1765 3215 1764 3215 1766 3216 1767 3216 1765 3216 1769 3217 1767 3217 1766 3217 1768 3218 1766 3218 1764 3218 1768 3219 1787 3219 1766 3219 1788 3220 1787 3220 1768 3220 1768 3221 1770 3221 1788 3221 1772 3222 1788 3222 1770 3222 1770 3223 1789 3223 1772 3223 1749 3224 76 3224 1776 3224 1749 3225 1776 3225 1750 3225 1748 3226 1750 3226 1751 3226 1751 3227 1777 3227 1748 3227 1778 3228 1779 3228 1777 3228 1778 3229 1792 3229 1779 3229 1792 3230 1753 3230 1780 3230 1780 3231 1754 3231 1793 3231 1793 3232 1755 3232 1780 3232 1781 3233 1755 3233 1793 3233 1794 3234 1781 3234 1793 3234 1794 3235 1782 3235 1781 3235 1786 3236 1784 3236 1756 3236 1786 3237 1758 3237 1757 3237 1795 3238 1761 3238 1763 3238 1763 3239 1760 3239 1795 3239 1765 3240 1762 3240 1763 3240 1762 3241 1765 3241 1767 3241 1773 3242 1770 3242 1771 3242 1770 3243 1773 3243 1789 3243 1774 3244 1775 3244 1773 3244 1667 3245 1775 3245 1774 3245 1749 3246 77 3246 76 3246 1795 3247 1758 3247 1785 3247 1787 3248 1769 3248 1766 3248 1788 3249 1772 3249 1787 3249 1789 3250 1773 3250 1790 3250 1668 3251 1791 3251 1667 3251 1775 3252 1667 3252 1791 3252 75 3253 74 3253 1796 3253 1751 3254 75 3254 1796 3254 1751 3255 1796 3255 1797 3255 1752 3256 1751 3256 1797 3256 1753 3257 1752 3257 1797 3257 1753 3258 1797 3258 1798 3258 1754 3259 1798 3259 1799 3259 1754 3260 1753 3260 1798 3260 1756 3261 1799 3261 1800 3261 1756 3262 1754 3262 1799 3262 1785 3263 1756 3263 1800 3263 1759 3264 1785 3264 1800 3264 1759 3265 1800 3265 1801 3265 1759 3266 1801 3266 1802 3266 1761 3267 1759 3267 1802 3267 1761 3268 1802 3268 1803 3268 1764 3269 1761 3269 1803 3269 1768 3270 1764 3270 1803 3270 1768 3271 1803 3271 1804 3271 1771 3272 1768 3272 1804 3272 1771 3273 1804 3273 1805 3273 1774 3274 1771 3274 1805 3274 1774 3275 1805 3275 1806 3275 1667 3276 1774 3276 1806 3276 1595 3277 1806 3277 1807 3277 1595 3278 1667 3278 1806 3278 1599 3279 1807 3279 1808 3279 1599 3280 1595 3280 1807 3280 1601 3281 1599 3281 1808 3281 1601 3282 1808 3282 1809 3282 1604 3283 1601 3283 1809 3283 1604 3284 1809 3284 1810 3284 1605 3285 1604 3285 1810 3285 1609 3286 1605 3286 1810 3286 1609 3287 1810 3287 1811 3287 1609 3288 1811 3288 1812 3288 1610 3289 1609 3289 1812 3289 1613 3290 1812 3290 1813 3290 1613 3291 1610 3291 1812 3291 1613 3292 1813 3292 1814 3292 1686 3293 1613 3293 1814 3293 1686 3294 1814 3294 1815 3294 1617 3295 1686 3295 1815 3295 1617 3296 1815 3296 1816 3296 1619 3297 1617 3297 1816 3297 1619 3298 1816 3298 1817 3298 1622 3299 1619 3299 1817 3299 1622 3300 1817 3300 1818 3300 1626 3301 1622 3301 1818 3301 1626 3302 1818 3302 1819 3302 1626 3303 1819 3303 1820 3303 1627 3304 1626 3304 1820 3304 1627 3305 1820 3305 1821 3305 1630 3306 1627 3306 1821 3306 1630 3307 1821 3307 1822 3307 1634 3308 1630 3308 1822 3308 1634 3309 1822 3309 1823 3309 1634 3310 1823 3310 1824 3310 1636 3311 1634 3311 1824 3311 1636 3312 1824 3312 1825 3312 1703 3313 1636 3313 1825 3313 1703 3314 1825 3314 1826 3314 1642 3315 1826 3315 1827 3315 1642 3316 1703 3316 1826 3316 1640 3317 1827 3317 1828 3317 1640 3318 1642 3318 1827 3318 1640 3319 1828 3319 1829 3319 1648 3320 1640 3320 1829 3320 1648 3321 1829 3321 1830 3321 1649 3322 1830 3322 1831 3322 1649 3323 1648 3323 1830 3323 1649 3324 1831 3324 1832 3324 1654 3325 1649 3325 1832 3325 1654 3326 1832 3326 1833 3326 1653 3327 1654 3327 1833 3327 1653 3328 1833 3328 1834 3328 1656 3329 1653 3329 1834 3329 1656 3330 1834 3330 1835 3330 1656 3331 1835 3331 1836 3331 1727 3332 1656 3332 1836 3332 1659 3333 1836 3333 1837 3333 1659 3334 1727 3334 1836 3334 1659 3335 1837 3335 1838 3335 1662 3336 1659 3336 1838 3336 1662 3337 1838 3337 1839 3337 100 3338 1662 3338 1839 3338 100 3339 1839 3339 101 3339 1838 3340 1853 3340 1839 3340 1836 3341 1842 3341 1837 3341 1835 3342 1834 3342 1844 3342 1833 3343 1847 3343 1834 3343 1831 3344 1830 3344 1863 3344 1850 3345 102 3345 101 3345 101 3346 1839 3346 1850 3346 1839 3347 1853 3347 1852 3347 1853 3348 1865 3348 1354 3348 1838 3349 1854 3349 1853 3349 1854 3350 1865 3350 1853 3350 1838 3351 1840 3351 1854 3351 1854 3352 1855 3352 1344 3352 1840 3353 1855 3353 1854 3353 1837 3354 1840 3354 1838 3354 1855 3355 1841 3355 1344 3355 1840 3356 1841 3356 1855 3356 1339 3357 1841 3357 1840 3357 1842 3358 1339 3358 1837 3358 1335 3359 1339 3359 1842 3359 1335 3360 1842 3360 1856 3360 1856 3361 1836 3361 1835 3361 1843 3362 1332 3362 1333 3362 1835 3363 1844 3363 1843 3363 1844 3364 1857 3364 1845 3364 1857 3365 1847 3365 1327 3365 1847 3366 1848 3366 1858 3366 1833 3367 1848 3367 1847 3367 1832 3368 1848 3368 1833 3368 1832 3369 1849 3369 1848 3369 1848 3370 1849 3370 1859 3370 1859 3371 1849 3371 1323 3371 1860 3372 1849 3372 1832 3372 1860 3373 1323 3373 1849 3373 1860 3374 1322 3374 1323 3374 1832 3375 1861 3375 1860 3375 1861 3376 1322 3376 1860 3376 1861 3377 1314 3377 1322 3377 1831 3378 1862 3378 1832 3378 1832 3379 1862 3379 1861 3379 1862 3380 1863 3380 1314 3380 1863 3381 1313 3381 1314 3381 1863 3382 1830 3382 1303 3382 102 3383 1850 3383 1851 3383 1852 3384 1850 3384 1839 3384 1850 3385 1852 3385 1851 3385 1354 3386 1852 3386 1853 3386 1865 3387 1854 3387 1344 3387 1840 3388 1837 3388 1339 3388 1836 3389 1856 3389 1842 3389 1856 3390 1333 3390 1335 3390 1843 3391 1333 3391 1856 3391 1835 3392 1843 3392 1856 3392 1844 3393 1845 3393 1843 3393 1857 3394 1844 3394 1834 3394 1846 3395 1845 3395 1857 3395 1847 3396 1857 3396 1834 3396 1847 3397 1858 3397 1327 3397 1859 3398 1858 3398 1848 3398 1314 3399 1861 3399 1862 3399 1831 3400 1863 3400 1862 3400 1863 3401 1303 3401 1313 3401 1303 3402 1830 3402 1829 3402 1302 3403 1303 3403 1864 3403 1829 3404 1864 3404 1303 3404 1852 3405 1354 3405 1851 3405 1843 3406 1845 3406 1332 3406 1846 3407 1857 3407 1327 3407 1301 3408 1302 3408 1864 3408 74 3409 1944 3409 1796 3409 1827 3410 1867 3410 1828 3410 1821 3411 1870 3411 1822 3411 1821 3412 1909 3412 1871 3412 1820 3413 1819 3413 1910 3413 1818 3414 1817 3414 1873 3414 1817 3415 1816 3415 1913 3415 1815 3416 1874 3416 1816 3416 1815 3417 1876 3417 1916 3417 1811 3418 1877 3418 1812 3418 1878 3419 1810 3419 1879 3419 1810 3420 1880 3420 1879 3420 1810 3421 1809 3421 1925 3421 1884 3422 1808 3422 1885 3422 1927 3423 1807 3423 1929 3423 1805 3424 1886 3424 1806 3424 1804 3425 1888 3425 1805 3425 1799 3426 1895 3426 1894 3426 1940 3427 1380 3427 1381 3427 1798 3428 1797 3428 1941 3428 1797 3429 1896 3429 1942 3429 1796 3430 1896 3430 1797 3430 1828 3431 1866 3431 1829 3431 1866 3432 1828 3432 1899 3432 1899 3433 1900 3433 1866 3433 1292 3434 1900 3434 1867 3434 1826 3435 1902 3435 1827 3435 1280 3436 1903 3436 1276 3436 1280 3437 1826 3437 1903 3437 1902 3438 1826 3438 1280 3438 1826 3439 1825 3439 1903 3439 1825 3440 1868 3440 1275 3440 1825 3441 1824 3441 1868 3441 1823 3442 1904 3442 1824 3442 1905 3443 1904 3443 1823 3443 1906 3444 1905 3444 1823 3444 1905 3445 1906 3445 1869 3445 1822 3446 1906 3446 1823 3446 1263 3447 1264 3447 1906 3447 1907 3448 1263 3448 1906 3448 1822 3449 1907 3449 1906 3449 1870 3450 1263 3450 1907 3450 1870 3451 1908 3451 1263 3451 1821 3452 1871 3452 1870 3452 1871 3453 1908 3453 1870 3453 1258 3454 1871 3454 1909 3454 1258 3455 1261 3455 1871 3455 1820 3456 1909 3456 1821 3456 1909 3457 1257 3457 1258 3457 1909 3458 1910 3458 1257 3458 1872 3459 1911 3459 1255 3459 1911 3460 1873 3460 1912 3460 1911 3461 1912 3461 1253 3461 1912 3462 1252 3462 1253 3462 1816 3463 1914 3463 1913 3463 1249 3464 1914 3464 1248 3464 1915 3465 1248 3465 1914 3465 1815 3466 1916 3466 1874 3466 1916 3467 1477 3467 1875 3467 1916 3468 1917 3468 1477 3468 1916 3469 1876 3469 1917 3469 1814 3470 1876 3470 1815 3470 1876 3471 1918 3471 1917 3471 1917 3472 1466 3472 1467 3472 1813 3473 1918 3473 1814 3473 1814 3474 1918 3474 1876 3474 1918 3475 1813 3475 1919 3475 1921 3476 1463 3476 1919 3476 1813 3477 1920 3477 1919 3477 1920 3478 1921 3478 1919 3478 1812 3479 1920 3479 1813 3479 1920 3480 1947 3480 1921 3480 1921 3481 1947 3481 1948 3481 1947 3482 1459 3482 1948 3482 1459 3483 1922 3483 1923 3483 1877 3484 1922 3484 1812 3484 1811 3485 1878 3485 1877 3485 1810 3486 1878 3486 1811 3486 1879 3487 1880 3487 1452 3487 1926 3488 1881 3488 1925 3488 1882 3489 1883 3489 1949 3489 1883 3490 1444 3490 1949 3490 1808 3491 1883 3491 1809 3491 1809 3492 1883 3492 1882 3492 1883 3493 1443 3493 1444 3493 1884 3494 1883 3494 1808 3494 1443 3495 1884 3495 1885 3495 1885 3496 1437 3496 1443 3496 1885 3497 1808 3497 1927 3497 1885 3498 1927 3498 1437 3498 1807 3499 1927 3499 1808 3499 1927 3500 1436 3500 1437 3500 1436 3501 1927 3501 1929 3501 1807 3502 1928 3502 1929 3502 1807 3503 1931 3503 1928 3503 1806 3504 1931 3504 1807 3504 1426 3505 1428 3505 1931 3505 1886 3506 1427 3506 1426 3506 1886 3507 1417 3507 1427 3507 1886 3508 1887 3508 1417 3508 1888 3509 1887 3509 1805 3509 1887 3510 1889 3510 1416 3510 1887 3511 1888 3511 1889 3511 1888 3512 1804 3512 1932 3512 1932 3513 1890 3513 1891 3513 1803 3514 1890 3514 1804 3514 1893 3515 1936 3515 1801 3515 1936 3516 1396 3516 1397 3516 1893 3517 1396 3517 1936 3517 1800 3518 1893 3518 1801 3518 1938 3519 1937 3519 1800 3519 1937 3520 1938 3520 1393 3520 1938 3521 1390 3521 1393 3521 1799 3522 1939 3522 1800 3522 1799 3523 1894 3523 1939 3523 1382 3524 1387 3524 1894 3524 1895 3525 1382 3525 1894 3525 1798 3526 1895 3526 1799 3526 1895 3527 1798 3527 1940 3527 1940 3528 1798 3528 1941 3528 1940 3529 1941 3529 1380 3529 1942 3530 1897 3530 1943 3530 1896 3531 1897 3531 1942 3531 1946 3532 1944 3532 74 3532 1864 3533 1829 3533 1866 3533 1301 3534 1864 3534 1304 3534 1864 3535 1866 3535 1304 3535 1866 3536 1900 3536 1304 3536 1867 3537 1899 3537 1828 3537 1867 3538 1900 3538 1899 3538 1901 3539 1867 3539 1827 3539 1281 3540 1292 3540 1901 3540 1902 3541 1901 3541 1827 3541 1902 3542 1280 3542 1281 3542 1276 3543 1903 3543 1275 3543 1903 3544 1825 3544 1275 3544 1275 3545 1868 3545 1270 3545 1904 3546 1868 3546 1824 3546 1269 3547 1868 3547 1904 3547 1269 3548 1904 3548 1905 3548 1869 3549 1269 3549 1905 3549 1907 3550 1822 3550 1870 3550 1261 3551 1908 3551 1871 3551 1820 3552 1910 3552 1909 3552 1910 3553 1254 3553 1257 3553 1872 3554 1910 3554 1819 3554 1872 3555 1819 3555 1818 3555 1818 3556 1911 3556 1872 3556 1911 3557 1253 3557 1255 3557 1873 3558 1911 3558 1818 3558 1913 3559 1912 3559 1873 3559 1252 3560 1912 3560 1249 3560 1817 3561 1913 3561 1873 3561 1913 3562 1249 3562 1912 3562 1914 3563 1249 3563 1913 3563 1915 3564 1914 3564 1816 3564 1874 3565 1251 3565 1248 3565 1816 3566 1874 3566 1915 3566 1251 3567 1874 3567 1875 3567 1916 3568 1875 3568 1874 3568 1467 3569 1477 3569 1917 3569 1918 3570 1466 3570 1917 3570 1919 3571 1466 3571 1918 3571 1919 3572 1463 3572 1466 3572 1812 3573 1947 3573 1920 3573 1812 3574 1922 3574 1947 3574 1947 3575 1922 3575 1459 3575 1923 3576 1456 3576 1459 3576 1922 3577 1877 3577 1923 3577 1923 3578 1877 3578 1878 3578 1456 3579 1923 3579 1454 3579 1878 3580 1454 3580 1923 3580 1454 3581 1878 3581 1879 3581 1879 3582 1452 3582 1454 3582 1880 3583 1924 3583 1452 3583 1810 3584 1925 3584 1880 3584 1925 3585 1924 3585 1880 3585 1450 3586 1924 3586 1925 3586 1925 3587 1881 3587 1450 3587 1925 3588 1809 3588 1926 3588 1949 3589 1881 3589 1926 3589 1882 3590 1926 3590 1809 3590 1949 3591 1926 3591 1882 3591 1883 3592 1884 3592 1443 3592 1929 3593 1930 3593 1436 3593 1928 3594 1930 3594 1929 3594 1928 3595 1931 3595 1930 3595 1931 3596 1428 3596 1930 3596 1886 3597 1931 3597 1806 3597 1931 3598 1886 3598 1426 3598 1805 3599 1887 3599 1886 3599 1887 3600 1416 3600 1417 3600 1889 3601 1888 3601 1932 3601 1891 3602 1889 3602 1932 3602 1890 3603 1932 3603 1804 3603 1890 3604 1933 3604 1891 3604 1890 3605 1934 3605 1933 3605 1803 3606 1934 3606 1890 3606 1892 3607 1933 3607 1934 3607 1802 3608 1934 3608 1803 3608 1802 3609 1935 3609 1934 3609 1400 3610 1892 3610 1935 3610 1936 3611 1935 3611 1802 3611 1936 3612 1400 3612 1935 3612 1801 3613 1936 3613 1802 3613 1400 3614 1936 3614 1397 3614 1396 3615 1893 3615 1937 3615 1937 3616 1393 3616 1396 3616 1800 3617 1937 3617 1893 3617 1390 3618 1938 3618 1939 3618 1939 3619 1938 3619 1800 3619 1388 3620 1390 3620 1939 3620 1939 3621 1894 3621 1387 3621 1940 3622 1382 3622 1895 3622 1381 3623 1382 3623 1940 3623 1797 3624 1942 3624 1941 3624 1942 3625 1380 3625 1941 3625 1380 3626 1942 3626 1943 3626 1896 3627 1898 3627 1897 3627 1898 3628 1896 3628 1250 3628 1944 3629 1896 3629 1796 3629 1896 3630 1944 3630 1250 3630 1250 3631 1944 3631 1945 3631 1269 3632 1270 3632 1868 3632 1906 3633 1264 3633 1869 3633 1872 3634 1254 3634 1910 3634 1255 3635 1254 3635 1872 3635 1874 3636 1248 3636 1915 3636 1934 3637 1935 3637 1892 3637 1939 3638 1387 3638 1388 3638 1250 3639 1945 3639 1946 3639 1946 3640 1945 3640 1944 3640 1867 3641 1901 3641 1292 3641 1281 3642 1901 3642 1902 3642 1950 3643 1998 3643 1951 3643 1950 3644 1951 3644 1952 3644 1953 3645 1950 3645 1952 3645 1953 3646 1952 3646 1954 3646 1955 3647 1953 3647 1954 3647 1956 3648 1955 3648 1954 3648 1956 3649 1954 3649 1957 3649 1958 3650 1956 3650 1957 3650 1959 3651 1957 3651 1960 3651 1959 3652 1958 3652 1957 3652 1959 3653 1960 3653 1961 3653 1962 3654 1959 3654 1961 3654 1963 3655 1962 3655 1961 3655 1964 3656 1963 3656 1961 3656 1964 3657 1961 3657 1965 3657 1966 3658 1964 3658 1965 3658 1966 3659 1965 3659 1967 3659 1968 3660 1966 3660 1967 3660 1968 3661 1967 3661 1969 3661 1970 3662 1968 3662 1969 3662 1970 3663 1969 3663 1971 3663 1972 3664 1970 3664 1971 3664 1973 3665 1972 3665 1971 3665 1973 3666 1971 3666 1974 3666 1973 3667 1974 3667 1975 3667 1976 3668 1973 3668 1975 3668 1977 3669 1976 3669 1975 3669 1977 3670 1975 3670 1978 3670 1979 3671 1977 3671 1978 3671 1979 3672 1978 3672 1980 3672 1981 3673 1979 3673 1980 3673 1982 3674 1981 3674 1980 3674 1982 3675 1980 3675 1983 3675 1984 3676 1982 3676 1983 3676 1984 3677 1983 3677 1985 3677 1986 3678 1984 3678 1985 3678 1987 3679 1986 3679 1985 3679 1987 3680 1985 3680 1988 3680 1989 3681 1987 3681 1988 3681 1989 3682 1988 3682 1990 3682 1989 3683 1990 3683 1991 3683 1992 3684 1989 3684 1991 3684 1993 3685 1992 3685 1991 3685 1993 3686 1991 3686 1994 3686 1995 3687 1993 3687 1994 3687 1995 3688 1994 3688 1996 3688 1997 3689 1995 3689 1996 3689 1998 3690 1996 3690 1951 3690 1998 3691 1997 3691 1996 3691 1999 3692 1973 3692 1976 3692 2000 3693 2002 3693 2001 3693 2003 3694 2000 3694 2001 3694 2003 3695 2001 3695 2004 3695 2005 3696 1973 3696 2154 3696 2005 3697 1972 3697 1973 3697 2006 3698 2003 3698 2004 3698 2006 3699 2004 3699 2008 3699 2009 3700 2006 3700 2008 3700 2009 3701 2008 3701 2012 3701 2013 3702 1970 3702 1972 3702 2013 3703 1972 3703 2010 3703 2015 3704 2009 3704 2012 3704 2011 3705 2009 3705 2015 3705 2015 3706 2012 3706 2467 3706 2014 3707 2015 3707 2020 3707 2020 3708 2015 3708 2467 3708 2020 3709 2467 3709 2016 3709 2020 3710 2016 3710 2019 3710 2017 3711 1970 3711 2013 3711 2023 3712 2020 3712 2019 3712 2018 3713 2020 3713 2023 3713 1970 3714 2017 3714 2021 3714 2023 3715 2019 3715 2022 3715 2018 3716 2023 3716 2024 3716 2024 3717 2022 3717 2400 3717 2024 3718 2023 3718 2022 3718 2027 3719 2024 3719 2400 3719 2027 3720 2028 3720 2029 3720 2026 3721 1966 3721 1968 3721 2030 3722 2025 3722 2029 3722 2028 3723 2027 3723 2031 3723 2032 3724 1966 3724 2026 3724 2033 3725 2028 3725 2031 3725 2033 3726 2031 3726 2034 3726 1964 3727 1966 3727 2035 3727 2034 3728 2037 3728 2036 3728 2035 3729 2032 3729 2037 3729 2037 3730 2034 3730 2038 3730 2037 3731 2038 3731 2471 3731 1963 3732 1964 3732 2039 3732 2040 3733 2037 3733 2471 3733 2041 3734 2039 3734 2037 3734 2040 3735 2471 3735 2516 3735 2042 3736 1963 3736 2039 3736 2042 3737 2039 3737 2041 3737 2155 3738 1962 3738 1963 3738 2043 3739 2516 3739 2472 3739 2043 3740 2040 3740 2516 3740 2155 3741 2044 3741 2157 3741 2043 3742 2472 3742 2045 3742 2043 3743 2045 3743 2047 3743 2156 3744 1959 3744 1962 3744 2046 3745 2043 3745 2047 3745 2049 3746 2047 3746 2050 3746 2049 3747 2046 3747 2047 3747 2049 3748 2048 3748 2046 3748 2049 3749 2050 3749 2052 3749 1959 3750 2051 3750 1958 3750 2053 3751 2049 3751 2052 3751 2517 3752 2053 3752 2052 3752 2055 3753 1956 3753 1958 3753 2055 3754 2054 3754 2056 3754 2517 3755 2058 3755 2053 3755 2058 3756 2517 3756 2473 3756 2057 3757 1956 3757 2055 3757 2058 3758 2473 3758 2059 3758 2060 3759 2058 3759 2059 3759 2062 3760 2060 3760 2059 3760 2062 3761 2158 3761 2060 3761 2061 3762 1955 3762 1956 3762 2063 3763 2062 3763 2064 3763 2066 3764 1955 3764 2061 3764 2067 3765 2063 3765 2064 3765 1953 3766 1955 3766 2066 3766 2068 3767 2066 3767 2065 3767 2067 3768 2064 3768 2069 3768 2074 3769 2067 3769 2071 3769 2071 3770 2067 3770 2069 3770 2071 3771 2069 3771 2072 3771 2070 3772 1950 3772 1953 3772 2071 3773 2075 3773 2074 3773 2075 3774 2071 3774 2072 3774 2075 3775 2072 3775 2479 3775 2076 3776 2075 3776 2479 3776 2076 3777 2479 3777 2077 3777 2159 3778 2076 3778 2077 3778 2080 3779 1998 3779 1950 3779 2159 3780 2077 3780 2523 3780 2523 3781 2082 3781 2160 3781 2082 3782 2523 3782 2081 3782 2082 3783 2081 3783 2480 3783 1997 3784 1998 3784 2084 3784 2083 3785 2082 3785 2480 3785 2086 3786 2084 3786 2082 3786 2083 3787 2480 3787 2085 3787 2086 3788 2083 3788 2085 3788 2088 3789 2086 3789 2085 3789 2088 3790 2085 3790 2089 3790 2090 3791 1995 3791 1997 3791 2090 3792 1997 3792 2087 3792 2088 3793 2089 3793 2093 3793 2091 3794 2088 3794 2092 3794 2092 3795 2088 3795 2093 3795 2095 3796 2090 3796 2091 3796 2092 3797 2093 3797 2481 3797 2094 3798 1995 3798 2090 3798 2456 3799 2092 3799 2481 3799 2456 3800 2095 3800 2092 3800 2098 3801 2456 3801 2097 3801 2099 3802 1993 3802 1995 3802 2101 3803 2098 3803 2097 3803 2101 3804 2097 3804 2102 3804 2102 3805 2104 3805 2101 3805 2108 3806 1992 3806 1993 3806 2105 3807 2106 3807 2103 3807 2106 3808 2108 3808 2103 3808 2104 3809 2102 3809 2462 3809 2105 3810 2104 3810 2107 3810 2106 3811 1992 3811 2108 3811 2107 3812 2462 3812 2483 3812 2107 3813 2104 3813 2462 3813 2107 3814 2483 3814 2110 3814 2112 3815 1989 3815 1992 3815 2112 3816 2109 3816 2113 3816 2111 3817 2109 3817 2107 3817 2111 3818 2107 3818 2110 3818 2111 3819 2110 3819 2484 3819 2114 3820 2111 3820 2484 3820 2115 3821 2117 3821 2112 3821 2114 3822 2484 3822 2485 3822 2117 3823 1987 3823 1989 3823 2116 3824 2485 3824 2118 3824 2116 3825 2114 3825 2485 3825 2116 3826 2118 3826 2120 3826 2119 3827 2116 3827 2120 3827 2121 3828 2119 3828 2122 3828 2119 3829 2120 3829 2489 3829 2122 3830 2119 3830 2489 3830 2122 3831 2489 3831 2535 3831 1986 3832 1987 3832 2163 3832 1986 3833 2163 3833 2124 3833 2122 3834 2535 3834 2537 3834 2123 3835 2122 3835 2537 3835 2125 3836 1984 3836 1986 3836 2123 3837 2537 3837 2538 3837 2126 3838 2123 3838 2538 3838 2130 3839 2126 3839 2538 3839 2129 3840 2127 3840 2165 3840 2129 3841 2165 3841 2126 3841 2130 3842 2538 3842 2128 3842 2130 3843 2128 3843 2542 3843 2129 3844 2130 3844 2132 3844 1982 3845 1984 3845 2131 3845 2132 3846 2130 3846 2542 3846 2132 3847 2542 3847 2545 3847 2134 3848 2135 3848 2133 3848 2135 3849 2137 3849 2133 3849 2136 3850 2132 3850 2545 3850 2136 3851 2134 3851 2132 3851 2136 3852 2139 3852 2134 3852 2139 3853 2136 3853 2548 3853 2135 3854 2138 3854 2137 3854 2138 3855 1982 3855 2137 3855 2138 3856 1981 3856 1982 3856 2140 3857 2139 3857 2548 3857 2140 3858 2548 3858 2609 3858 2141 3859 2140 3859 2142 3859 2142 3860 2140 3860 2609 3860 2144 3861 2141 3861 2142 3861 2142 3862 2609 3862 2552 3862 2143 3863 1979 3863 1981 3863 2145 3864 2142 3864 2552 3864 2145 3865 2552 3865 2502 3865 2146 3866 1979 3866 2143 3866 2145 3867 2502 3867 2557 3867 2148 3868 2145 3868 2557 3868 2147 3869 2148 3869 2149 3869 2150 3870 1979 3870 2147 3870 2148 3871 2557 3871 2559 3871 2149 3872 2148 3872 2559 3872 2149 3873 2559 3873 2561 3873 2152 3874 2149 3874 2561 3874 2152 3875 2561 3875 2563 3875 2151 3876 2153 3876 2152 3876 2152 3877 2563 3877 2565 3877 2000 3878 2152 3878 2565 3878 2000 3879 2565 3879 2002 3879 2000 3880 2154 3880 1999 3880 1973 3881 1999 3881 2154 3881 2154 3882 2000 3882 2003 3882 2007 3883 2003 3883 2006 3883 2007 3884 2005 3884 2154 3884 2011 3885 2005 3885 2007 3885 2006 3886 2011 3886 2007 3886 1972 3887 2005 3887 2011 3887 2009 3888 2011 3888 2006 3888 2011 3889 2010 3889 1972 3889 2010 3890 2011 3890 2014 3890 2014 3891 2013 3891 2010 3891 2014 3892 2017 3892 2013 3892 2020 3893 2018 3893 2014 3893 2014 3894 2018 3894 2017 3894 2021 3895 2017 3895 2018 3895 2021 3896 2018 3896 2024 3896 2021 3897 2024 3897 2025 3897 2025 3898 1968 3898 2021 3898 2029 3899 2025 3899 2024 3899 1968 3900 2025 3900 2026 3900 2029 3901 2024 3901 2027 3901 2025 3902 2030 3902 2026 3902 2029 3903 2033 3903 2030 3903 2029 3904 2028 3904 2033 3904 2030 3905 2033 3905 2032 3905 2030 3906 2032 3906 2026 3906 2033 3907 2036 3907 2032 3907 2036 3908 2033 3908 2034 3908 2035 3909 1966 3909 2032 3909 2036 3910 2037 3910 2032 3910 1964 3911 2035 3911 2039 3911 2039 3912 2035 3912 2037 3912 2041 3913 2037 3913 2040 3913 2155 3914 1963 3914 2042 3914 2042 3915 2041 3915 2044 3915 2044 3916 2041 3916 2040 3916 2044 3917 2040 3917 2043 3917 2044 3918 2155 3918 2042 3918 1962 3919 2155 3919 2156 3919 2157 3920 2156 3920 2155 3920 2043 3921 2157 3921 2044 3921 2157 3922 2043 3922 2046 3922 2048 3923 2156 3923 2157 3923 2051 3924 2156 3924 2048 3924 1959 3925 2156 3925 2051 3925 2049 3926 2051 3926 2048 3926 2054 3927 1958 3927 2051 3927 2053 3928 2054 3928 2051 3928 2055 3929 1958 3929 2054 3929 2058 3930 2054 3930 2053 3930 2058 3931 2056 3931 2054 3931 2057 3932 2055 3932 2056 3932 2060 3933 2056 3933 2058 3933 2060 3934 2158 3934 2056 3934 2158 3935 2057 3935 2056 3935 2158 3936 2061 3936 1956 3936 2158 3937 2062 3937 2063 3937 2061 3938 2158 3938 2065 3938 2066 3939 2061 3939 2065 3939 1953 3940 2066 3940 2068 3940 2067 3941 2068 3941 2065 3941 2068 3942 2070 3942 1953 3942 2067 3943 2074 3943 2068 3943 2074 3944 2070 3944 2068 3944 2070 3945 2074 3945 2073 3945 2073 3946 1950 3946 2070 3946 2075 3947 2073 3947 2074 3947 2076 3948 2073 3948 2075 3948 2073 3949 2079 3949 1950 3949 2078 3950 2079 3950 2073 3950 2076 3951 2159 3951 2078 3951 2078 3952 2159 3952 2079 3952 2080 3953 1950 3953 2079 3953 2080 3954 2079 3954 2160 3954 2160 3955 2159 3955 2523 3955 1998 3956 2080 3956 2084 3956 2160 3957 2084 3957 2080 3957 2084 3958 2160 3958 2082 3958 2086 3959 2082 3959 2083 3959 2087 3960 1997 3960 2084 3960 2086 3961 2087 3961 2084 3961 2161 3962 2087 3962 2086 3962 2161 3963 2086 3963 2088 3963 2161 3964 2088 3964 2091 3964 2090 3965 2087 3965 2161 3965 2091 3966 2090 3966 2161 3966 2095 3967 2096 3967 2090 3967 2094 3968 2090 3968 2096 3968 2095 3969 2456 3969 2098 3969 2095 3970 2098 3970 2096 3970 2099 3971 2094 3971 2096 3971 2098 3972 2100 3972 2096 3972 2100 3973 2098 3973 2101 3973 2103 3974 2100 3974 2105 3974 2103 3975 2099 3975 2100 3975 2101 3976 2105 3976 2100 3976 2099 3977 2103 3977 1993 3977 2105 3978 2101 3978 2104 3978 2106 3979 2105 3979 2107 3979 2109 3980 1992 3980 2106 3980 2109 3981 2106 3981 2107 3981 2113 3982 2109 3982 2111 3982 2117 3983 1989 3983 2112 3983 2113 3984 2111 3984 2114 3984 2115 3985 2112 3985 2113 3985 2113 3986 2114 3986 2116 3986 2162 3987 1987 3987 2117 3987 2117 3988 2115 3988 2119 3988 2116 3989 2119 3989 2115 3989 2121 3990 2117 3990 2119 3990 2121 3991 2162 3991 2117 3991 2163 3992 1987 3992 2162 3992 2121 3993 2163 3993 2162 3993 2164 3994 2163 3994 2121 3994 2124 3995 2163 3995 2164 3995 2122 3996 2164 3996 2121 3996 2164 3997 2122 3997 2123 3997 1986 3998 2124 3998 2125 3998 2123 3999 2165 3999 2124 3999 2165 4000 2125 4000 2124 4000 2165 4001 2123 4001 2126 4001 2165 4002 2127 4002 2125 4002 2129 4003 2126 4003 2130 4003 2127 4004 2131 4004 1984 4004 2131 4005 2127 4005 2129 4005 2133 4006 2131 4006 2132 4006 2131 4007 2133 4007 1982 4007 2134 4008 2133 4008 2132 4008 2139 4009 2135 4009 2134 4009 2138 4010 2135 4010 2141 4010 2140 4011 2135 4011 2139 4011 2140 4012 2141 4012 2135 4012 2138 4013 2141 4013 1981 4013 2141 4014 2144 4014 1981 4014 2143 4015 1981 4015 2144 4015 2145 4016 2144 4016 2142 4016 2144 4017 2146 4017 2143 4017 2145 4018 2146 4018 2144 4018 2145 4019 2147 4019 2146 4019 2153 4020 2150 4020 2147 4020 2153 4021 2147 4021 2149 4021 1977 4022 1979 4022 2150 4022 2153 4023 2149 4023 2152 4023 2150 4024 2151 4024 1977 4024 2153 4025 2151 4025 2150 4025 1977 4026 2151 4026 1999 4026 1999 4027 2151 4027 2166 4027 1976 4028 1977 4028 1999 4028 2166 4029 2152 4029 2000 4029 2000 4030 1999 4030 2166 4030 2154 4031 2003 4031 2007 4031 2014 4032 2011 4032 2015 4032 2048 4033 2157 4033 2046 4033 2051 4034 2049 4034 2053 4034 1956 4035 2057 4035 2158 4035 2063 4036 2065 4036 2158 4036 2065 4037 2063 4037 2067 4037 2078 4038 2073 4038 2076 4038 2160 4039 2079 4039 2159 4039 2095 4040 2091 4040 2092 4040 2100 4041 2099 4041 2096 4041 2103 4042 2108 4042 1993 4042 1992 4043 2109 4043 2112 4043 2115 4044 2113 4044 2116 4044 2164 4045 2123 4045 2124 4045 2127 4046 1984 4047 2125 4048 2131 4049 2129 4049 2132 4049 2133 4050 2137 4050 1982 4050 1979 4051 2146 4051 2147 4051 2147 4052 2145 4052 2148 4052 2151 4053 2152 4053 2166 4053 1968 4054 1970 4054 2021 4054 2099 4055 1995 4055 2094 4055 2174 4056 2167 4056 794 4056 2167 4057 800 4057 794 4057 2167 4058 2168 4059 800 4060 800 4061 2168 4061 804 4061 2168 4062 2169 4062 804 4062 804 4063 2169 4063 811 4063 2169 4064 2170 4064 811 4064 811 4065 2170 4065 809 4065 2170 4066 2171 4066 809 4066 809 4067 2171 4067 808 4067 2171 4068 2172 4068 808 4068 808 4069 2172 4069 897 4069 2172 4070 2173 4070 897 4070 897 4071 2173 4071 793 4071 2173 4072 2174 4072 793 4072 2174 4073 792 4073 793 4073 2174 4074 794 4074 792 4074 815 4075 2183 4075 820 4075 2183 4076 2175 4076 820 4076 820 4077 2175 4077 827 4077 2175 4078 2176 4078 827 4078 2176 4079 2177 4079 827 4079 827 4080 2177 4080 903 4080 2177 4081 2178 4081 903 4081 903 4082 2178 4082 905 4082 2178 4083 2179 4083 905 4083 905 4084 2179 4084 826 4084 2179 4085 2180 4085 826 4085 2180 4086 822 4086 826 4086 2180 4087 2181 4087 822 4087 2181 4088 818 4088 822 4088 2181 4089 2182 4089 818 4089 2182 4090 814 4090 818 4090 2182 4091 2183 4091 814 4091 2183 4092 815 4092 814 4092 1030 4093 2184 4093 1031 4093 2184 4094 2185 4094 1031 4094 2185 4095 2186 4095 1031 4095 1031 4096 2186 4096 887 4096 2186 4097 2187 4097 887 4097 887 4098 2187 4098 883 4098 2187 4099 2188 4099 883 4099 883 4100 2188 4100 878 4100 2188 4101 2189 4101 878 4101 878 4102 2189 4102 872 4102 872 4103 2189 4103 870 4103 2189 4104 2190 4104 870 4104 2190 4105 868 4105 870 4105 2190 4106 2191 4106 868 4106 868 4107 2191 4107 1030 4107 2191 4108 2184 4108 1030 4108 2200 4109 2192 4109 856 4109 856 4110 2192 4110 860 4110 2192 4111 2193 4111 860 4111 2193 4112 869 4112 860 4112 2193 4113 2194 4113 869 4113 869 4114 2194 4114 871 4114 2194 4115 2195 4115 871 4115 871 4116 2195 4116 874 4116 2195 4117 2196 4117 874 4117 874 4118 2196 4118 867 4118 2196 4119 2197 4119 867 4119 867 4120 2197 4120 862 4120 2197 4121 2198 4121 862 4121 2198 4122 855 4122 862 4122 2198 4123 2199 4123 855 4123 2199 4124 854 4124 855 4124 2199 4125 2200 4125 854 4125 854 4126 2200 4126 856 4126 2208 4127 2201 4127 845 4127 845 4128 2201 4128 1027 4128 2201 4129 2202 4129 1027 4129 1027 4130 2202 4130 1032 4130 2202 4131 2203 4131 1032 4131 1032 4132 2203 4132 859 4132 2203 4133 2204 4133 859 4133 859 4134 2204 4134 853 4134 2204 4135 2205 4135 853 4135 853 4136 2205 4136 848 4136 2205 4137 2206 4137 848 4137 2206 4138 846 4138 848 4138 2206 4139 2207 4139 846 4139 2207 4140 843 4140 846 4140 2207 4141 2208 4141 843 4141 2208 4142 845 4142 843 4142 2216 4143 2209 4143 876 4143 876 4144 2209 4144 880 4144 2209 4145 2210 4145 880 4145 880 4146 2210 4146 796 4146 2210 4147 2211 4147 796 4147 2211 4148 803 4148 796 4148 2211 4149 2212 4149 803 4149 803 4150 2212 4150 799 4150 2212 4151 2213 4151 799 4151 799 4152 2213 4152 790 4152 2213 4153 2214 4153 790 4153 2214 4154 877 4154 790 4154 2214 4155 2215 4155 877 4155 877 4156 2215 4156 873 4156 2215 4157 2216 4158 873 4159 2216 4160 876 4160 873 4160 2217 4161 2218 4161 892 4161 2218 4162 894 4162 892 4162 2218 4163 2219 4163 894 4163 894 4164 2219 4164 839 4164 2219 4165 2220 4165 839 4165 2220 4166 1099 4166 839 4166 2220 4167 2221 4167 1099 4167 1099 4168 2221 4168 834 4168 2221 4169 2222 4169 834 4169 2222 4170 824 4170 834 4170 2222 4171 2223 4171 824 4171 824 4172 2223 4172 893 4172 2223 4173 2224 4173 893 4173 893 4174 2224 4174 890 4174 2224 4175 2225 4175 890 4175 2225 4176 892 4176 890 4176 2225 4177 2217 4177 892 4177 2234 4178 2226 4178 829 4178 2226 4179 835 4179 829 4179 2226 4180 2227 4180 835 4180 835 4181 2227 4181 904 4181 2227 4182 2228 4182 904 4182 2228 4183 909 4183 904 4183 2228 4184 2229 4184 909 4184 2229 4185 2230 4185 909 4185 2230 4186 836 4186 909 4186 2230 4187 2231 4187 836 4187 836 4188 2231 4188 831 4188 2231 4189 2232 4189 831 4189 831 4190 2232 4190 828 4190 2232 4191 2233 4191 828 4191 2233 4192 829 4192 828 4192 2233 4193 2234 4193 829 4193 802 4194 2242 4194 805 4194 2242 4195 2235 4195 805 4195 805 4196 2235 4196 819 4196 2235 4197 2236 4197 819 4197 819 4198 2237 4198 823 4198 2236 4199 2237 4199 819 4199 2237 4200 2238 4200 823 4200 823 4201 2238 4201 830 4201 830 4202 2238 4202 807 4202 2238 4203 2239 4203 807 4203 2239 4204 2240 4204 807 4204 807 4205 2240 4205 806 4205 806 4206 2240 4206 801 4206 2240 4207 2241 4207 801 4207 2241 4208 798 4208 801 4208 2241 4209 2242 4209 798 4209 798 4210 2242 4210 802 4210 2250 4211 2243 4211 881 4211 881 4212 2243 4212 885 4212 2243 4213 2244 4213 885 4213 2244 4214 889 4214 885 4214 2244 4215 2245 4215 889 4215 889 4216 2245 4216 813 4216 813 4217 2245 4217 817 4217 2245 4218 2246 4218 817 4218 817 4219 2246 4219 797 4219 2246 4220 2247 4220 797 4220 2247 4221 2248 4221 797 4221 2248 4222 882 4222 797 4222 2248 4223 2249 4223 882 4223 882 4224 2249 4224 879 4224 2249 4225 2250 4225 879 4225 2250 4226 881 4226 879 4226 2258 4227 2251 4227 850 4227 850 4228 2251 4228 852 4228 2251 4229 2252 4229 852 4229 852 4230 2252 4230 857 4230 857 4231 2252 4231 861 4231 2252 4232 2253 4232 861 4232 861 4233 2253 4233 866 4233 2253 4234 2254 4234 866 4234 866 4235 2254 4235 863 4235 2254 4236 2255 4236 863 4236 863 4237 2255 4237 858 4237 2255 4238 2256 4238 858 4238 2256 4239 1025 4239 858 4239 2256 4240 2257 4240 1025 4240 2257 4241 1026 4241 1025 4241 2257 4242 2258 4242 1026 4242 2258 4243 850 4243 1026 4243 844 4244 2259 4244 842 4244 2259 4245 2260 4245 842 4245 842 4246 2260 4246 847 4246 2260 4247 2261 4247 847 4247 847 4248 2261 4248 851 4248 2261 4249 2262 4249 851 4249 851 4250 2262 4250 849 4250 2262 4251 2263 4251 849 4251 849 4252 2263 4252 1024 4252 2263 4253 2264 4253 1024 4253 2264 4254 2265 4254 1024 4254 1024 4255 2265 4255 1016 4255 2265 4256 2266 4256 1016 4256 1016 4257 2266 4257 1017 4257 1017 4258 2266 4258 844 4258 2266 4259 2259 4259 844 4259 2275 4260 2267 4260 865 4260 2267 4261 875 4261 865 4261 2267 4262 2268 4262 875 4262 875 4263 2268 4263 789 4263 2268 4264 2269 4264 789 4264 2269 4265 2270 4265 789 4265 2270 4266 795 4266 789 4266 2270 4267 2271 4267 795 4267 795 4268 2271 4268 791 4268 2271 4269 2272 4269 791 4269 2272 4270 788 4270 791 4270 2272 4271 2273 4271 788 4271 2273 4272 787 4272 788 4272 2273 4273 2274 4273 787 4273 787 4274 2274 4274 864 4274 2274 4275 2275 4276 864 4277 2275 4278 865 4278 864 4278 2283 4279 2276 4279 886 4279 886 4280 2276 4280 891 4280 2276 4281 2277 4281 891 4281 891 4282 2277 4282 825 4282 2277 4283 2278 4283 825 4283 2278 4284 2279 4284 825 4284 2279 4285 833 4285 825 4285 833 4286 2279 4286 821 4286 2279 4287 2280 4287 821 4287 821 4288 2280 4288 812 4288 2280 4289 2281 4289 812 4289 2281 4290 888 4290 812 4290 2281 4291 2282 4291 888 4291 888 4292 2282 4292 884 4292 2282 4293 2283 4293 884 4293 2283 4294 886 4294 884 4294 2291 4295 816 4295 810 4295 2291 4296 2284 4296 816 4296 2284 4297 832 4297 816 4297 2284 4298 2285 4298 832 4298 2285 4299 837 4299 832 4299 2285 4300 2286 4300 837 4300 837 4301 2286 4301 900 4301 900 4302 2286 4302 901 4302 2286 4303 2287 4303 901 4303 2287 4304 902 4304 901 4304 2287 4305 2288 4305 902 4305 2288 4306 2289 4306 902 4306 2289 4307 896 4307 902 4307 2289 4308 2290 4308 896 4308 896 4309 2290 4309 810 4309 2290 4310 2291 4310 810 4310 2295 4311 2327 4311 2296 4311 2295 4312 2296 4312 2297 4312 2298 4313 2295 4313 2297 4313 2299 4314 2298 4314 2297 4314 2300 4315 2298 4315 2299 4315 2301 4316 2300 4316 2299 4316 2294 4317 2302 4317 2301 4317 2294 4318 2301 4318 2299 4318 2303 4319 2302 4319 2294 4319 2304 4320 2303 4320 2294 4320 2306 4321 2304 4321 2305 4321 2306 4322 2305 4322 2307 4322 2308 4323 2306 4323 2307 4323 2308 4324 2307 4324 2309 4324 2310 4325 2309 4325 2311 4325 2312 4326 2310 4326 2311 4326 2312 4327 2311 4327 2313 4327 2314 4328 2312 4328 2313 4328 2315 4329 2314 4329 2313 4329 2315 4330 2313 4330 2316 4330 2315 4331 2316 4331 2317 4331 2318 4332 2315 4332 2317 4332 2318 4333 2317 4333 2319 4333 2320 4334 2318 4334 2319 4334 2320 4335 2319 4335 2321 4335 2322 4336 2320 4336 2321 4336 2322 4337 2321 4337 2323 4337 2324 4338 2322 4338 2323 4338 2324 4339 2323 4339 2325 4339 2326 4340 2324 4340 2325 4340 2326 4341 2325 4341 2327 4341 2339 4342 2335 4342 2329 4342 2328 4343 2335 4343 2339 4343 2316 4344 2330 4344 2328 4344 2331 4345 2330 4345 2316 4345 2328 4346 2330 4346 2335 4346 2331 4347 2332 4347 2330 4347 2333 4348 2332 4348 2331 4348 2333 4349 2334 4349 2332 4349 2333 4350 2347 4350 2334 4350 2329 4351 2335 4351 2336 4351 2337 4352 2347 4352 2333 4352 2337 4353 2338 4353 2347 4353 2307 4354 2305 4354 2337 4354 2337 4355 2305 4355 2338 4355 2317 4356 2328 4356 2339 4356 2316 4357 2328 4357 2317 4357 2313 4358 2331 4358 2316 4358 2313 4359 2333 4359 2331 4359 2311 4360 2333 4360 2313 4360 2311 4361 2337 4361 2333 4361 2311 4362 2307 4362 2337 4362 2309 4363 2307 4363 2311 4363 2335 4364 2340 4364 2336 4364 2330 4365 2340 4365 2335 4365 2346 4366 2340 4366 2330 4366 2305 4367 2344 4367 2343 4367 2304 4368 2344 4368 2305 4368 2342 4369 2348 4369 2341 4369 2341 4370 2348 4370 2346 4370 2346 4371 2348 4371 2340 4371 2343 4372 2345 4372 2347 4372 2347 4373 2345 4373 2341 4373 2341 4374 2345 4374 2342 4374 2346 4375 2334 4375 2341 4375 2334 4376 2347 4376 2341 4376 2340 4377 2293 4377 2336 4377 2293 4378 2348 4378 2294 4378 2342 4379 2345 4379 2294 4379 2342 4380 2294 4380 2348 4380 2294 4381 2344 4381 2304 4381 2344 4382 2345 4382 2343 4382 2294 4383 2345 4383 2344 4383 2330 4384 2332 4384 2346 4384 2346 4385 2332 4385 2334 4385 2338 4386 2343 4386 2347 4386 2305 4387 2343 4387 2338 4387 2293 4388 2340 4388 2348 4388 2336 4389 2349 4389 2329 4389 2329 4390 2349 4390 2339 4390 2297 4391 2350 4391 2299 4391 2349 4392 2351 4392 2339 4392 2352 4393 2321 4393 2349 4393 2349 4394 2321 4394 2351 4394 2352 4395 2354 4395 2321 4395 2353 4396 2354 4396 2352 4396 2355 4397 2356 4397 2353 4397 2353 4398 2356 4398 2354 4398 2362 4399 2356 4399 2355 4399 2362 4400 2357 4400 2356 4400 2358 4401 2359 4401 2362 4401 2362 4402 2359 4402 2357 4402 2350 4403 2359 4403 2358 4403 2297 4404 2296 4404 2350 4404 2350 4405 2296 4405 2359 4405 2364 4406 2366 4406 2349 4406 2358 4407 2299 4407 2350 4407 2339 4408 2319 4408 2317 4408 2351 4409 2319 4409 2339 4409 2319 4410 2351 4410 2321 4410 2321 4411 2354 4411 2323 4411 2354 4412 2356 4412 2323 4412 2356 4413 2357 4413 2323 4413 2323 4414 2357 4414 2325 4414 2357 4415 2359 4415 2325 4415 2325 4416 2296 4416 2327 4416 2359 4417 2296 4417 2325 4417 2336 4418 2364 4418 2349 4418 2366 4419 2352 4419 2349 4419 2360 4420 2352 4420 2366 4420 2362 4421 2367 4421 2358 4421 2361 4422 2367 4422 2362 4422 2367 4423 2299 4423 2358 4423 2293 4424 2364 4424 2336 4424 2363 4425 2364 4425 2293 4425 2294 4426 2365 4426 2363 4426 2365 4427 2294 4427 2361 4427 2360 4428 2366 4428 2365 4428 2294 4429 2367 4429 2361 4429 2299 4430 2367 4430 2294 4430 2361 4431 2355 4431 2360 4431 2361 4432 2362 4432 2355 4432 2363 4433 2366 4433 2364 4433 2365 4434 2366 4434 2363 4434 2360 4435 2353 4435 2352 4435 2355 4436 2353 4436 2360 4436 2360 4437 2365 4437 2361 4437 2320 4438 2368 4438 2318 4438 2370 4439 2371 4439 2372 4439 2370 4440 2372 4440 2373 4440 2375 4441 2371 4441 2370 4441 2375 4442 2387 4442 2371 4442 2376 4443 2387 4443 2375 4443 2377 4444 2388 4444 2387 4444 2377 4445 2387 4445 2376 4445 2378 4446 2370 4446 2373 4446 2377 4447 2374 4447 2388 4447 2379 4448 2370 4448 2378 4448 2380 4449 2375 4449 2370 4449 2380 4450 2370 4450 2379 4450 2378 4451 2373 4451 2368 4451 2381 4452 2374 4452 2377 4452 2376 4453 2375 4453 2380 4453 2378 4454 2368 4454 2320 4454 2382 4455 2377 4455 2376 4455 2378 4456 2320 4456 2322 4456 2383 4457 2376 4457 2380 4457 2379 4458 2378 4458 2322 4458 2384 4459 2377 4459 2382 4459 2382 4460 2376 4460 2383 4460 2383 4461 2379 4461 2322 4461 2385 4462 2381 4462 2377 4462 2385 4463 2377 4463 2384 4463 2383 4464 2322 4464 2324 4464 2382 4465 2383 4465 2324 4465 2382 4466 2324 4466 2326 4466 2384 4467 2382 4467 2326 4467 2369 4468 2384 4468 2326 4468 2371 4469 2690 4469 2372 4469 2371 4470 2386 4470 2690 4470 2374 4471 2690 4471 2388 4471 2383 4472 2380 4472 2379 4472 2369 4473 2385 4473 2384 4473 2690 4474 2386 4474 2387 4474 2690 4475 2387 4475 2388 4475 2387 4476 2386 4476 2371 4476 2308 4477 2309 4477 2310 4477 2389 4478 2308 4478 2310 4478 2272 4479 2390 4479 2273 4479 2214 4480 2268 4480 2215 4480 2214 4481 2269 4481 2268 4481 2174 4482 2272 4482 2271 4482 2174 4483 2390 4483 2272 4483 2173 4484 2390 4484 2174 4484 2167 4485 2174 4485 2271 4485 2214 4486 2270 4486 2269 4486 2167 4487 2271 4487 2270 4487 2213 4488 2270 4488 2214 4488 2248 4489 2211 4489 2210 4489 2242 4490 2270 4490 2213 4490 2242 4491 2167 4491 2270 4491 2241 4492 2167 4492 2242 4492 2247 4493 2211 4493 2248 4493 2242 4494 2213 4494 2212 4494 2241 4495 2168 4495 2167 4495 2240 4496 2168 4496 2241 4496 2235 4497 2242 4497 2212 4497 2235 4498 2212 4498 2211 4498 2240 4499 2169 4499 2168 4499 2281 4500 2245 4500 2244 4500 2290 4501 2171 4502 2170 4503 2239 4504 2169 4504 2240 4504 2291 4505 2290 4505 2170 4505 2280 4506 2245 4506 2281 4506 2239 4507 2170 4507 2169 4507 2182 4508 2211 4508 2247 4508 2182 4509 2235 4509 2211 4509 2183 4510 2182 4511 2247 4512 2183 4513 2247 4513 2246 4513 2182 4514 2236 4514 2235 4514 2181 4515 2236 4515 2182 4515 2175 4516 2246 4516 2245 4516 2175 4517 2183 4517 2246 4517 2175 4518 2245 4518 2280 4518 2181 4519 2237 4519 2236 4519 2180 4520 2237 4520 2181 4520 2175 4521 2280 4521 2279 4521 2223 4522 2278 4522 2277 4522 2233 4523 2291 4523 2170 4523 2233 4524 2170 4524 2239 4524 2234 4525 2233 4525 2239 4525 2234 4526 2239 4526 2238 4526 2233 4527 2284 4527 2291 4527 2232 4528 2284 4528 2233 4528 2222 4529 2278 4529 2223 4529 2222 4530 2279 4530 2278 4530 2232 4531 2285 4531 2284 4531 2226 4532 2234 4532 2238 4532 2231 4533 2285 4533 2232 4533 2302 4534 2220 4534 2219 4534 2303 4535 2222 4535 2221 4535 2303 4536 2175 4536 2279 4536 2303 4537 2279 4537 2222 4537 2303 4538 2176 4538 2175 4538 2304 4539 2178 4539 2177 4539 2304 4540 2227 4540 2226 4540 2306 4541 2230 4541 2229 4541 2306 4542 2231 4542 2230 4542 2306 4543 2285 4543 2231 4543 2306 4544 2286 4544 2285 4544 2306 4545 2287 4545 2286 4545 1749 4546 78 4546 77 4546 2266 4547 2295 4547 2298 4547 2259 4548 2266 4548 2298 4548 2298 4549 2260 4549 2259 4549 2207 4550 2260 4550 2298 4550 2208 4551 2207 4551 2298 4551 2206 4552 2260 4552 2207 4552 2206 4553 2261 4553 2260 4553 2257 4554 2263 4554 2258 4554 2258 4555 2263 4555 2262 4555 2205 4556 2261 4556 2206 4556 2251 4557 2258 4557 2262 4557 2205 4558 2262 4558 2261 4558 2251 4559 2262 4559 2205 4559 2199 4560 2251 4560 2205 4560 2200 4561 2199 4561 2205 4561 2200 4562 2205 4562 2204 4562 2199 4563 2252 4563 2251 4563 2300 4564 2203 4564 2202 4564 2390 4565 2256 4565 2255 4565 2198 4566 2252 4566 2199 4566 2192 4567 2200 4567 2204 4567 2197 4568 2253 4568 2252 4568 2197 4569 2252 4569 2198 4569 2274 4570 2255 4570 2275 4570 2274 4571 2390 4571 2255 4571 2275 4572 2255 4572 2254 4572 2273 4573 2390 4573 2274 4573 2267 4574 2275 4574 2254 4574 2197 4575 2254 4575 2253 4575 2267 4576 2254 4576 2197 4576 2191 4577 2192 4577 2204 4577 2191 4578 2204 4578 2203 4578 2191 4579 2203 4579 2300 4579 2191 4580 2193 4580 2192 4580 2184 4581 2191 4581 2300 4581 2190 4582 2193 4582 2191 4582 2190 4583 2194 4583 2193 4583 2189 4584 2194 4584 2190 4584 2189 4585 2195 4585 2194 4585 2216 4586 2267 4586 2197 4586 2215 4587 2267 4588 2216 4589 2216 4590 2197 4590 2196 4590 2215 4591 2268 4591 2267 4591 2301 4592 2186 4592 2185 4592 2301 4593 2185 4593 2184 4593 2209 4594 2216 4594 2196 4594 2209 4595 2196 4595 2195 4595 2209 4596 2195 4596 2189 4596 2250 4597 2209 4597 2189 4597 2249 4598 2209 4598 2250 4598 2250 4599 2189 4600 2188 4601 2249 4602 2210 4602 2209 4602 2248 4603 2210 4603 2249 4603 2243 4604 2250 4604 2188 4604 2243 4605 2188 4605 2187 4605 2301 4606 2187 4606 2186 4606 2283 4607 2243 4607 2187 4607 2282 4608 2243 4608 2283 4608 2283 4609 2187 4609 2301 4609 2282 4610 2244 4610 2243 4610 2281 4611 2244 4611 2282 4611 2276 4612 2283 4612 2301 4612 2225 4613 2276 4613 2301 4613 2224 4614 2276 4615 2225 4616 2224 4617 2277 4617 2276 4617 2223 4618 2277 4618 2224 4618 2302 4619 2218 4619 2217 4619 2302 4620 2219 4620 2218 4620 2298 4621 2201 4621 2208 4621 2298 4622 2300 4622 2201 4622 2201 4623 2300 4623 2202 4623 2300 4624 2301 4624 2184 4624 2301 4625 2302 4625 2217 4625 2301 4626 2217 4626 2225 4626 2302 4627 2303 4627 2220 4627 2220 4628 2303 4628 2221 4628 2303 4629 2304 4629 2177 4629 2303 4630 2177 4630 2176 4630 2304 4631 2306 4631 2229 4631 2304 4632 2229 4632 2228 4632 2304 4633 2228 4633 2227 4633 2392 4634 2173 4634 2172 4634 2392 4635 2290 4635 2289 4635 2392 4636 2171 4636 2290 4636 2392 4637 2172 4637 2171 4637 2393 4638 2287 4638 2306 4638 2393 4639 2306 4639 2308 4639 2393 4640 2288 4640 2287 4640 2226 4641 2178 4641 2304 4641 2226 4642 2238 4642 2237 4642 2226 4643 2237 4643 2180 4643 2226 4644 2180 4644 2179 4644 2226 4645 2179 4645 2178 4645 2389 4646 2393 4646 2308 4646 2397 4647 2394 4647 2389 4647 2398 4648 2394 4648 2397 4648 2399 4649 2400 4649 2394 4649 2399 4650 2394 4650 2398 4650 2401 4651 2402 4651 2400 4651 2401 4652 2400 4652 2399 4652 2403 4653 2404 4653 2402 4653 2403 4654 2402 4654 2401 4654 2403 4655 2405 4655 2404 4655 2406 4656 2407 4656 2408 4656 2406 4657 2408 4657 2405 4657 2409 4658 2407 4658 2406 4658 2410 4659 2515 4659 2411 4659 2410 4660 2411 4660 2412 4660 2410 4661 2412 4661 2413 4661 2414 4662 2407 4662 2409 4662 2415 4663 2515 4663 2410 4663 2416 4664 2515 4664 2415 4664 2416 4665 2417 4665 2515 4665 2418 4666 2419 4666 2420 4666 2418 4667 2420 4667 2414 4667 2421 4668 2417 4668 2416 4668 2422 4669 2423 4669 2417 4669 2422 4670 2417 4670 2421 4670 2424 4671 2419 4671 2418 4671 2425 4672 2426 4672 2423 4672 2425 4673 2423 4673 2422 4673 2427 4674 2419 4674 2424 4674 2429 4675 2633 4675 2426 4675 2429 4676 2426 4676 2425 4676 2430 4677 2428 4677 2427 4677 2429 4678 2431 4678 2633 4678 2432 4679 2428 4679 2430 4679 2433 4680 2434 4680 2431 4680 2433 4681 2431 4681 2429 4681 2433 4682 2435 4682 2434 4682 2436 4683 2437 4683 2438 4683 2436 4684 2428 4684 2432 4684 2436 4685 2438 4685 2428 4685 2439 4686 2435 4686 2433 4686 2440 4687 2437 4687 2436 4687 2441 4688 2435 4688 2439 4688 2441 4689 2442 4689 2435 4689 2443 4690 2437 4690 2440 4690 2446 4691 2442 4691 2441 4691 2447 4692 2445 4692 2444 4692 2449 4693 2445 4693 2447 4693 2449 4694 2450 4694 2445 4694 2451 4695 2450 4695 2449 4695 2455 4696 2456 4696 2454 4696 2457 4697 2458 4697 2456 4697 2457 4698 2456 4698 2455 4698 2459 4699 2460 4699 2458 4699 2459 4700 2458 4700 2457 4700 2461 4701 2460 4701 2459 4701 2461 4702 2462 4702 2460 4702 2463 4703 2462 4703 2461 4703 2392 4704 2390 4704 2173 4704 2392 4705 2001 4705 2390 4705 2008 4706 2392 4706 2289 4706 2012 4707 2288 4707 2393 4707 2012 4708 2289 4708 2288 4708 2012 4709 2008 4709 2289 4709 2467 4710 2012 4710 2393 4710 2467 4711 2393 4711 2389 4711 2016 4712 2467 4712 2389 4712 2016 4713 2389 4713 2394 4713 2411 4714 2468 4714 2469 4714 2411 4715 2469 4715 2412 4715 2470 4716 2468 4716 2411 4716 2031 4717 2404 4717 2405 4717 2471 4718 2408 4718 2407 4718 2516 4719 2471 4719 2407 4719 2472 4720 2516 4720 2407 4720 2472 4721 2407 4721 2414 4721 2045 4722 2472 4722 2414 4722 2045 4723 2414 4723 2420 4723 2047 4724 2045 4724 2420 4724 2052 4725 2420 4725 2419 4725 2473 4726 2427 4726 2428 4726 2474 4727 2442 4727 2446 4727 2474 4728 2475 4728 2442 4728 2476 4729 1694 4729 1623 4729 2476 4730 1693 4730 1694 4730 2476 4731 2413 4731 1693 4731 2476 4732 1623 4732 1624 4732 2062 4733 2428 4733 2438 4733 2477 4734 2474 4734 2446 4734 2477 4735 2414 4735 2474 4735 2477 4736 2446 4736 2448 4736 2478 4737 2477 4737 2448 4737 2072 4738 2443 4738 2444 4738 2479 4739 2072 4739 2444 4739 2479 4740 2444 4740 2445 4740 2077 4741 2479 4741 2445 4741 2480 4742 2081 4742 2450 4742 2480 4743 2450 4743 2451 4743 2085 4744 2480 4744 2451 4744 2452 4745 2085 4745 2451 4745 2481 4746 2454 4746 2456 4746 2482 4747 111 4747 2453 4747 2483 4748 2462 4748 2463 4748 2110 4749 2463 4749 2464 4749 2484 4750 2110 4750 2464 4750 2484 4751 2464 4751 2465 4751 2485 4752 2484 4752 2465 4752 2118 4753 2485 4753 2465 4753 2118 4754 2465 4754 2466 4754 2494 4755 85 4755 86 4755 2494 4756 2486 4756 85 4756 2120 4757 2118 4757 2466 4757 2487 4758 2482 4758 2488 4758 2487 4759 111 4759 2482 4759 2487 4760 106 4760 111 4760 2489 4761 2120 4761 2466 4761 2490 4762 1735 4762 1663 4762 2491 4763 2489 4763 2466 4763 2490 4764 1666 4764 106 4764 2490 4765 1665 4765 1666 4765 2490 4766 1663 4766 1665 4766 2493 4767 86 4767 78 4767 2493 4768 2494 4768 86 4768 2493 4769 2495 4769 2494 4769 2496 4770 2497 4770 2498 4770 2496 4771 2498 4771 2499 4771 2500 4772 78 4772 1749 4772 2500 4773 1749 4773 1748 4773 2500 4774 1777 4774 1779 4774 2500 4775 1748 4775 1777 4775 2501 4776 2391 4776 2295 4776 2501 4777 2502 4777 2391 4777 2503 4778 2295 4778 2266 4778 2503 4779 2266 4779 2265 4779 2503 4780 2501 4780 2295 4780 2503 4781 2265 4781 2264 4781 2503 4782 2263 4782 2257 4782 2503 4783 2264 4783 2263 4783 2504 4784 2503 4784 2257 4784 2504 4785 2257 4785 2256 4785 2504 4786 2390 4786 2002 4786 2504 4787 2256 4787 2390 4787 2002 4788 2390 4788 2001 4788 2505 4789 1598 4789 1597 4789 2507 4790 2412 4790 2469 4790 2505 4791 1597 4791 1600 4791 2508 4792 2505 4792 1600 4792 2508 4793 1600 4793 1673 4793 2509 4794 2508 4794 1673 4794 2509 4795 1673 4795 1602 4795 2510 4796 1681 4796 1682 4796 2511 4797 2510 4797 1682 4797 2511 4798 1682 4798 1684 4798 2512 4799 2511 4799 1684 4799 2512 4800 1684 4800 1615 4800 2514 4801 2512 4801 1615 4801 2514 4802 1688 4802 1618 4802 2514 4803 1615 4803 1688 4803 2514 4804 2513 4804 2512 4804 2514 4805 1691 4805 1693 4805 2514 4806 1618 4806 1691 4806 2514 4807 1693 4807 2413 4807 2004 4808 2001 4808 2392 4808 2008 4809 2004 4809 2392 4809 2022 4810 2016 4810 2394 4810 2400 4811 2022 4811 2394 4811 2515 4812 2395 4812 2396 4812 2515 4813 2389 4813 2395 4813 2034 4814 2031 4814 2405 4814 2034 4815 2405 4815 2408 4815 2038 4816 2034 4816 2408 4816 2471 4817 2038 4817 2408 4817 2515 4818 2470 4818 2411 4818 2435 4819 2406 4819 2405 4819 2050 4820 2047 4820 2420 4820 2052 4821 2050 4821 2420 4821 2517 4822 2052 4822 2419 4822 2517 4823 2419 4823 2427 4823 2435 4824 2442 4824 2475 4824 2473 4825 2517 4825 2427 4825 2476 4826 2410 4826 2413 4826 2059 4827 2473 4827 2428 4827 2518 4828 2416 4828 2415 4828 2062 4829 2059 4829 2428 4829 2064 4830 2438 4830 2437 4830 2519 4831 2410 4831 2476 4831 2519 4832 1625 4832 1697 4832 2519 4833 1624 4833 1625 4833 2519 4834 2476 4834 1624 4834 2520 4835 2519 4835 1697 4835 2069 4836 2437 4836 2443 4836 2069 4837 2064 4837 2437 4837 2522 4838 2427 4838 2424 4838 2520 4839 1741 4839 1629 4839 2520 4840 1697 4840 1741 4840 2072 4841 2069 4841 2443 4841 2521 4842 2478 4842 2448 4842 2523 4843 2445 4843 2450 4843 2081 4844 2523 4844 2450 4844 2524 4845 2444 4845 2443 4845 2089 4846 2085 4846 2452 4846 2093 4847 2089 4847 2452 4847 2093 4848 2452 4848 2454 4848 2525 4849 2449 4849 2447 4849 2481 4850 2093 4850 2454 4850 2528 4851 2451 4851 2449 4851 2097 4852 2456 4852 2458 4852 2525 4853 111 4853 113 4853 2526 4854 2482 4854 2453 4854 2449 4855 113 4855 85 4855 2449 4856 2525 4856 113 4856 2102 4857 2097 4857 2458 4857 2102 4858 2458 4858 2460 4858 2462 4859 2102 4859 2460 4859 2528 4860 2449 4860 85 4860 2529 4861 2454 4861 2452 4861 2110 4862 2483 4862 2463 4862 2531 4863 2487 4863 2488 4863 2532 4864 2531 4864 2643 4864 2495 4865 2530 4865 2486 4865 2495 4866 2486 4866 2494 4866 2534 4867 1728 4867 1658 4867 2534 4868 1731 4868 1733 4868 2534 4869 1730 4869 1731 4869 2534 4870 1658 4870 1730 4870 2535 4871 2489 4871 2491 4871 2536 4872 2534 4872 1733 4872 2536 4873 2490 4873 2487 4873 2536 4874 1735 4874 2490 4874 2536 4875 1660 4875 1735 4875 2536 4876 1733 4876 1660 4876 2539 4877 2464 4877 2463 4877 2537 4878 2535 4878 2491 4878 2490 4879 106 4879 2487 4879 2538 4880 2537 4880 2491 4880 2538 4881 2491 4881 2492 4881 2539 4882 2540 4882 2541 4882 2541 4883 2498 4883 2497 4883 2544 4884 2543 4884 2542 4884 2544 4885 2542 4885 2538 4885 2544 4886 2538 4886 2492 4886 2545 4887 2542 4887 2543 4887 2500 4888 2493 4888 78 4888 2546 4889 2466 4889 2554 4889 2546 4890 2491 4890 2466 4890 2547 4891 2495 4891 2493 4891 2609 4892 2548 4892 2549 4892 2550 4893 2548 4893 2545 4893 2550 4894 2549 4894 2548 4894 2550 4895 2545 4895 2543 4895 2551 4896 2496 4896 2499 4896 2552 4897 2609 4897 2549 4897 2552 4898 2549 4898 2553 4898 2555 4899 2500 4899 1779 4899 2555 4900 2493 4900 2500 4900 2502 4901 2552 4901 2553 4901 2555 4902 1779 4902 1792 4902 2560 4903 2555 4903 1792 4903 2557 4904 2502 4904 2501 4904 2558 4905 2550 4905 2543 4905 2553 4906 2391 4906 2502 4906 2559 4907 2501 4907 2503 4907 2559 4908 2557 4908 2501 4908 2560 4909 1755 4909 1781 4909 2560 4910 1792 4910 1755 4910 2561 4911 2559 4911 2503 4911 2563 4912 2561 4912 2503 4912 2564 4913 2391 4913 2553 4913 2563 4914 2503 4914 2504 4914 2504 4915 2002 4915 2565 4915 2566 4916 2612 4916 2558 4916 2566 4917 2567 4917 2612 4917 2568 4918 2391 4918 2564 4918 2568 4919 2569 4919 2391 4919 2568 4920 2628 4920 2569 4920 2572 4921 2568 4921 2573 4921 2572 4922 2628 4922 2568 4922 2574 4923 2575 4923 2576 4923 2579 4924 1775 4924 1791 4924 2580 4925 2579 4925 1791 4925 2580 4926 1669 4926 1598 4926 2580 4927 1593 4927 1669 4927 2580 4928 1791 4928 1593 4928 2580 4929 1598 4929 2505 4929 2580 4930 2505 4930 2506 4930 2574 4931 2581 4931 2577 4931 2583 4932 2507 4932 2578 4932 2584 4933 2629 4933 2582 4933 2584 4934 2582 4934 2577 4934 2585 4935 2581 4935 2574 4935 2585 4936 2586 4936 2581 4936 2584 4937 2577 4937 2581 4937 2585 4938 2508 4938 2509 4938 2587 4939 2585 4939 2509 4939 2587 4940 2509 4940 1602 4940 2587 4941 1606 4941 1678 4941 2587 4942 1603 4942 1606 4942 2587 4943 1602 4943 1603 4943 2588 4944 2413 4944 2412 4944 2632 4945 2589 4945 2511 4945 2632 4946 2511 4946 2512 4946 2591 4947 1681 4947 2510 4947 2591 4948 1611 4948 1681 4948 2591 4949 1608 4949 1611 4949 2591 4950 2590 4950 2584 4950 2591 4951 2510 4951 2590 4951 2592 4952 2512 4952 2513 4952 2592 4953 2632 4953 2512 4953 2592 4954 2513 4954 2514 4954 2592 4955 2514 4955 2413 4955 2022 4956 2019 4956 2016 4956 2402 4957 2404 4957 2027 4957 2396 4958 2468 4958 2470 4958 2396 4959 2470 4959 2515 4959 2397 4960 2389 4960 2515 4960 2403 4961 2435 4961 2405 4961 2519 4962 2415 4962 2410 4962 2519 4963 2518 4963 2415 4963 2519 4964 2520 4964 2518 4964 2421 4965 2416 4965 2518 4965 2430 4966 2427 4966 2522 4966 2593 4967 2518 4967 2520 4967 2593 4968 1629 4968 1631 4968 2593 4969 2520 4969 1629 4969 2594 4970 1699 4970 1700 4970 2594 4971 1631 4971 1699 4971 2594 4972 2593 4972 1631 4972 2523 4973 2077 4973 2445 4973 2595 4974 2596 4974 2597 4974 2595 4975 2522 4975 2596 4975 2440 4976 2524 4976 2443 4976 2447 4977 2444 4977 2524 4977 2447 4978 2524 4978 2453 4978 2598 4979 2527 4979 2526 4979 2598 4980 2526 4980 2524 4980 2598 4981 2599 4981 2527 4981 2525 4982 2447 4982 2453 4982 2453 4983 2524 4983 2526 4983 2453 4984 111 4984 2525 4984 2451 4985 2486 4985 2529 4985 2451 4986 2529 4986 2452 4986 2451 4987 2528 4987 2486 4987 2600 4988 2532 4988 2643 4988 2600 4989 2643 4989 2601 4989 2486 4990 2530 4990 2529 4990 2486 4991 2528 4991 85 4991 2455 4992 2529 4992 2530 4992 2455 4993 2454 4993 2529 4993 2602 4994 1726 4994 1728 4994 2602 4995 1655 4995 1726 4995 2603 4996 2602 4996 1728 4996 2603 4997 2534 4997 2532 4997 2603 4998 1728 4998 2534 4998 2604 4999 2530 4999 2533 4999 2604 5000 2533 5000 2605 5000 2461 5001 2539 5001 2463 5001 2536 5002 2487 5002 2531 5002 2536 5003 2532 5003 2534 5003 2536 5004 2531 5004 2532 5004 2533 5005 2530 5005 2495 5005 2497 5006 2465 5006 2464 5006 2497 5007 2464 5007 2539 5007 2606 5008 2540 5008 2539 5008 2128 5009 2538 5009 2542 5009 2136 5010 2545 5010 2548 5010 2492 5011 2491 5011 2546 5011 2492 5012 2546 5012 2608 5012 2547 5013 2555 5013 2560 5013 2547 5014 2493 5014 2555 5014 2546 5015 2554 5015 2556 5015 2610 5016 2547 5016 2560 5016 2610 5017 2652 5017 2547 5017 2612 5018 2549 5018 2550 5018 2612 5019 2553 5019 2549 5019 2562 5020 2558 5020 2543 5020 2613 5021 2556 5021 2554 5021 2613 5022 2554 5022 2551 5022 2613 5023 2551 5023 2499 5023 2612 5024 2564 5024 2553 5024 2612 5025 2550 5025 2558 5025 2614 5026 2608 5026 2546 5026 2614 5027 2546 5027 2556 5027 2614 5028 2562 5028 2608 5028 2614 5029 2558 5029 2562 5029 2613 5030 2622 5030 2556 5030 2613 5031 2616 5031 2622 5031 2613 5032 2499 5032 2616 5032 2615 5033 2560 5033 1781 5033 2615 5034 1781 5034 1782 5034 2565 5035 2563 5035 2504 5035 2567 5036 2564 5036 2612 5036 2617 5037 1783 5037 1757 5037 2617 5038 1782 5038 1783 5038 2617 5039 2615 5039 1782 5039 2570 5040 2616 5040 2499 5040 2618 5041 2571 5041 2619 5041 2614 5042 2576 5042 2575 5042 2567 5043 2568 5043 2564 5043 2567 5044 2573 5044 2568 5044 2618 5045 2579 5045 2570 5045 2618 5046 2570 5046 2571 5046 2620 5047 2566 5047 2558 5047 2621 5048 2576 5048 2614 5048 2621 5049 2614 5049 2556 5049 2621 5050 2556 5050 2622 5050 2616 5051 2623 5051 2622 5051 2567 5052 2566 5052 2624 5052 2616 5053 2506 5053 2623 5053 2616 5054 2570 5054 2506 5054 2620 5055 2575 5055 2574 5055 2620 5056 2574 5056 2577 5056 2573 5057 2578 5057 2572 5057 2573 5058 2567 5058 2624 5058 2621 5059 2622 5059 2623 5059 2627 5060 2628 5060 2572 5060 2580 5061 2570 5061 2579 5061 2580 5062 2506 5062 2570 5062 2626 5063 2585 5063 2574 5063 2626 5064 2621 5064 2623 5064 2627 5065 2578 5065 2507 5065 2627 5066 2572 5066 2578 5066 2627 5067 2469 5067 2628 5067 2627 5068 2507 5068 2469 5068 1790 5069 1775 5069 2579 5069 1790 5070 2625 5070 1772 5070 1790 5071 2579 5071 2625 5071 2629 5072 2573 5072 2624 5072 2629 5073 2583 5073 2578 5073 2629 5074 2578 5074 2573 5074 2629 5075 2624 5075 2630 5075 2629 5076 2631 5076 2583 5076 2626 5077 2508 5077 2585 5077 2629 5078 2630 5078 2582 5078 2588 5079 2412 5079 2507 5079 2588 5080 2507 5080 2583 5080 2584 5081 2581 5081 2586 5081 2631 5082 2589 5082 2632 5082 2590 5083 2629 5083 2584 5083 2590 5084 2589 5084 2631 5084 2590 5085 2631 5085 2629 5085 2586 5086 2587 5086 1678 5086 2586 5087 2585 5087 2587 5087 2586 5088 1678 5088 1608 5088 2586 5089 2591 5089 2584 5089 2586 5090 1608 5090 2591 5090 2510 5091 2589 5091 2590 5091 2510 5092 2511 5092 2589 5092 2592 5093 2413 5093 2588 5093 2592 5094 2588 5094 2632 5094 2423 5095 2399 5095 2398 5095 2426 5096 2399 5096 2423 5096 2409 5097 2474 5097 2414 5097 2409 5098 2475 5098 2474 5098 2418 5099 2477 5099 2478 5099 2418 5100 2414 5100 2477 5100 2421 5101 2593 5101 2594 5101 2421 5102 2518 5102 2593 5102 2421 5103 2594 5103 2422 5103 2429 5104 2425 5104 2634 5104 2522 5105 2478 5105 2521 5105 2635 5106 2432 5106 2430 5106 2635 5107 2436 5107 2432 5107 2635 5108 2440 5108 2436 5108 2636 5109 2594 5109 1700 5109 2636 5110 1701 5110 1635 5110 2636 5111 1700 5111 1701 5111 2638 5112 2635 5112 2430 5112 2638 5113 2598 5113 2635 5113 2637 5114 1635 5114 1637 5114 2637 5115 2636 5115 1635 5115 2639 5116 2638 5116 2595 5116 2639 5117 2595 5117 2597 5117 2639 5118 2598 5118 2638 5118 2639 5119 2599 5119 2598 5119 2640 5120 2641 5120 2642 5120 2643 5121 2527 5121 2599 5121 2644 5122 2641 5122 2640 5122 2644 5123 2600 5123 2601 5123 2645 5124 2644 5124 2640 5124 2526 5125 2527 5125 2488 5125 2526 5126 2488 5126 2482 5126 2646 5127 1719 5127 1721 5127 2646 5128 1717 5128 1719 5128 2600 5129 2602 5129 2603 5129 2600 5130 2603 5130 2532 5130 2647 5131 1722 5131 1655 5131 2647 5132 1721 5132 1722 5132 2647 5133 2646 5133 1721 5133 2647 5134 1655 5134 2602 5134 2648 5135 2461 5135 2459 5135 2648 5136 2459 5136 2457 5136 2648 5137 2457 5137 2455 5137 2649 5138 2461 5138 2648 5138 2649 5139 2648 5139 2604 5139 2650 5140 2604 5140 2605 5140 2650 5141 2649 5141 2604 5141 2650 5142 2607 5142 2606 5142 2650 5143 2606 5143 2649 5143 2539 5144 2541 5144 2497 5144 2651 5145 2465 5145 2497 5145 2651 5146 2497 5146 2496 5146 2652 5147 2605 5147 2533 5147 2544 5148 2492 5148 2608 5148 2544 5149 2608 5149 2562 5149 2544 5150 2562 5150 2543 5150 2653 5151 2611 5151 2610 5151 2610 5152 2560 5152 2615 5152 2610 5153 2615 5153 2617 5153 2655 5154 2654 5154 2653 5154 2656 5155 2654 5155 2655 5155 2656 5156 2618 5156 2619 5156 2657 5157 1760 5157 1762 5157 2575 5158 2620 5158 2558 5158 2575 5159 2558 5159 2614 5159 2655 5160 2657 5160 1762 5160 2657 5161 1758 5161 1760 5161 2657 5162 1757 5162 1758 5162 2657 5163 2617 5163 1757 5163 2658 5164 1762 5164 1767 5164 2658 5165 2655 5165 1762 5165 2625 5166 2579 5166 2618 5166 2566 5167 2620 5167 2577 5167 1769 5168 1787 5168 1772 5168 1769 5169 2625 5169 2658 5169 1769 5170 1772 5170 2625 5170 1769 5171 2658 5171 1767 5171 2576 5172 2621 5172 2626 5172 2582 5173 2624 5173 2566 5173 2582 5174 2630 5174 2624 5174 2582 5175 2566 5175 2577 5175 2576 5176 2626 5176 2574 5176 2623 5177 2508 5177 2626 5177 2623 5178 2505 5178 2508 5178 2623 5179 2506 5179 2505 5179 2632 5180 2588 5180 2583 5180 2632 5181 2583 5181 2631 5181 2027 5182 2400 5182 2402 5182 2027 5183 2404 5183 2031 5183 2397 5184 2423 5184 2398 5184 2397 5185 2515 5185 2417 5185 2423 5186 2397 5186 2417 5186 2401 5187 2399 5187 2426 5187 2401 5188 2426 5188 2633 5188 2406 5189 2475 5189 2409 5189 2406 5190 2435 5190 2475 5190 2431 5191 2434 5191 2435 5191 2431 5192 2435 5192 2403 5192 2431 5193 2403 5193 2401 5193 2431 5194 2401 5194 2633 5194 2064 5195 2062 5195 2438 5195 2424 5196 2478 5196 2522 5196 2424 5197 2418 5197 2478 5197 2425 5198 2422 5198 2594 5198 2634 5199 2637 5199 2659 5199 2634 5200 2594 5200 2636 5200 2634 5201 2659 5201 2429 5201 2634 5202 2636 5202 2637 5202 2634 5203 2425 5203 2594 5203 2433 5204 2429 5204 2659 5204 2595 5205 2638 5205 2430 5205 2595 5206 2430 5206 2522 5206 2660 5207 2659 5207 2637 5207 2660 5208 2637 5208 1637 5208 2660 5209 1637 5209 1639 5209 2440 5210 2598 5210 2524 5210 2440 5211 2635 5211 2598 5211 2661 5212 1704 5212 1643 5212 2661 5213 1639 5213 1704 5213 2661 5214 2660 5214 1639 5214 2601 5215 2599 5215 2639 5215 2601 5216 2643 5216 2599 5216 2662 5217 1714 5217 1652 5217 2531 5218 2488 5218 2527 5218 2531 5219 2527 5219 2643 5219 2644 5220 2602 5220 2600 5220 2662 5221 1652 5221 1717 5221 2662 5222 2646 5222 2640 5222 2662 5223 1717 5223 2646 5223 2645 5224 2602 5224 2644 5224 2645 5225 2646 5225 2647 5225 2645 5226 2640 5226 2646 5226 2645 5227 2647 5227 2602 5227 2455 5228 2530 5228 2604 5228 2455 5229 2604 5229 2648 5229 2606 5230 2461 5230 2649 5230 2606 5231 2539 5231 2461 5231 2547 5232 2652 5232 2533 5232 2547 5233 2533 5233 2495 5233 2611 5234 2605 5234 2652 5234 2611 5235 2650 5235 2605 5235 2496 5236 2551 5236 2554 5236 2496 5237 2554 5237 2466 5237 2496 5238 2465 5238 2651 5238 2496 5239 2466 5239 2465 5239 2611 5240 2652 5240 2610 5240 2653 5241 2610 5241 2617 5241 2657 5242 2655 5242 2653 5242 2657 5243 2653 5243 2617 5243 2658 5244 2656 5244 2655 5244 2658 5245 2618 5245 2656 5245 2658 5246 2625 5246 2618 5246 2663 5247 2441 5247 2439 5247 2433 5248 2660 5248 2661 5248 2433 5249 2659 5249 2660 5249 2433 5250 2664 5250 2439 5250 2433 5251 2661 5251 2664 5251 2666 5252 2446 5252 2441 5252 2597 5253 2601 5253 2639 5253 2665 5254 2661 5254 1643 5254 2665 5255 2664 5255 2661 5255 2665 5256 1643 5256 1707 5256 2669 5257 2448 5257 2446 5257 2669 5258 2446 5258 2666 5258 2665 5259 1644 5259 1646 5259 2665 5260 1708 5260 1644 5260 2665 5261 1707 5261 1708 5261 2666 5262 1646 5262 1647 5262 2666 5263 2665 5263 1646 5263 2644 5264 2601 5264 2668 5264 2669 5265 1647 5265 1711 5265 2669 5266 2666 5266 1647 5266 2669 5267 2662 5267 2670 5267 2662 5268 2640 5268 2642 5268 2662 5269 2667 5269 2670 5269 2662 5270 2642 5270 2667 5270 1651 5271 2669 5271 1711 5271 1651 5272 1711 5272 1713 5272 1651 5273 1714 5273 2662 5273 1651 5274 2662 5274 2669 5274 2607 5275 2650 5275 2611 5275 2663 5276 2439 5276 2664 5276 2441 5277 2664 5277 2665 5277 2441 5278 2665 5278 2666 5278 2441 5279 2663 5279 2664 5279 2670 5280 2667 5280 2448 5280 2670 5281 2448 5281 2669 5281 2641 5282 2667 5282 2642 5282 2641 5283 2668 5283 2596 5283 2641 5284 2644 5284 2668 5284 2521 5285 2596 5285 2522 5285 2667 5286 2641 5286 2596 5286 2667 5287 2596 5287 2521 5287 2667 5288 2521 5288 2448 5288 2597 5289 2596 5289 2668 5289 2597 5290 2668 5290 2601 5290 2607 5291 2611 5291 2653 5291 2654 5292 2606 5292 2607 5292 2654 5293 2607 5293 2653 5293 2654 5294 2656 5294 2606 5294 2540 5295 2606 5295 2656 5295 2619 5296 2571 5296 2541 5296 2619 5297 2541 5297 2540 5297 2619 5298 2540 5298 2656 5298 2671 5299 2499 5299 2498 5299 2671 5300 2570 5300 2499 5300 2671 5301 2571 5301 2570 5301 2571 5302 2498 5302 2541 5302 2571 5303 2671 5303 2498 5303 2389 5304 2310 5304 2672 5304 2389 5305 2672 5305 2673 5305 2395 5306 2389 5306 2673 5306 2395 5307 2673 5307 2674 5307 2396 5308 2395 5308 2674 5308 2675 5309 2396 5309 2674 5309 2468 5310 2396 5310 2675 5310 2690 5311 2468 5311 2675 5311 2469 5312 2468 5312 2690 5312 2628 5313 2469 5313 2690 5313 2374 5314 2628 5314 2690 5314 2381 5315 2628 5315 2374 5315 2569 5316 2628 5316 2381 5316 2569 5317 2381 5317 2385 5317 2391 5318 2385 5318 2369 5318 2391 5319 2569 5319 2385 5319 2391 5320 2369 5320 2326 5320 2295 5321 2391 5321 2326 5321 2295 5322 2326 5322 2327 5322 2676 5323 2315 5323 2318 5323 2676 5324 2318 5324 2368 5324 2677 5325 2368 5325 2373 5325 2679 5326 2315 5326 2676 5326 2679 5327 2314 5327 2315 5327 2680 5328 2314 5328 2679 5328 2680 5329 2312 5329 2314 5329 2682 5330 2312 5330 2680 5330 2683 5331 2312 5331 2682 5331 2683 5332 2310 5332 2312 5332 2680 5333 2679 5333 2678 5333 2681 5334 2678 5334 2677 5334 2672 5335 2310 5335 2683 5335 2684 5336 2683 5336 2682 5336 2685 5337 2678 5337 2681 5337 2685 5338 2680 5338 2678 5338 2685 5339 2682 5339 2680 5339 2673 5340 2683 5340 2684 5340 2686 5341 2682 5341 2685 5341 2686 5342 2684 5342 2682 5342 2677 5343 2373 5343 2372 5343 2687 5344 2681 5344 2677 5344 2674 5345 2673 5345 2684 5345 2372 5346 2687 5346 2677 5346 2688 5347 2685 5347 2681 5347 2689 5348 2686 5348 2685 5348 2687 5349 2688 5349 2681 5349 2689 5350 2685 5350 2688 5350 2675 5351 2674 5351 2684 5351 2690 5352 2688 5352 2687 5352 2689 5353 2684 5353 2686 5353 2689 5354 2675 5354 2684 5354 2690 5355 2689 5355 2688 5355 2690 5356 2675 5356 2689 5356 2676 5357 2368 5357 2677 5357 2676 5358 2677 5358 2678 5358 2679 5359 2676 5359 2678 5359 2672 5360 2683 5360 2673 5360 2687 5361 2372 5361 2690 5361 2691 5362 1043 5362 1045 5362 2692 5363 1040 5363 1043 5363 2692 5364 1043 5364 2691 5364 2693 5365 2691 5365 1045 5365 2693 5366 1045 5366 1047 5366 2694 5367 1040 5367 2692 5367 2694 5368 1039 5368 1040 5368 2695 5369 2693 5369 1047 5369 1048 5370 2695 5370 1047 5370 1038 5371 1039 5371 2694 5371 2696 5372 1038 5372 2694 5372 2697 5373 2695 5373 1048 5373 1049 5374 2697 5374 1048 5374 1036 5375 1038 5375 2696 5375 2698 5376 1036 5376 2696 5376 2699 5377 2697 5377 1049 5377 2699 5378 1049 5378 841 5378 1035 5379 1036 5379 2698 5379 2700 5380 2699 5380 841 5380 1033 5381 1035 5381 2698 5381 2701 5382 1033 5382 2698 5382 930 5383 2700 5383 841 5383 2702 5384 2700 5384 930 5384 1029 5385 1033 5385 2701 5385 2703 5386 1029 5386 2701 5386 2704 5387 2702 5387 930 5387 935 5388 2704 5388 930 5388 1028 5389 1029 5389 2703 5389 2705 5390 1028 5390 2703 5390 1020 5391 1028 5391 2705 5391 2706 5392 2704 5392 935 5392 939 5393 2706 5393 935 5393 2707 5394 2706 5394 939 5394 942 5395 2707 5395 939 5395 2708 5396 1020 5396 2705 5396 1013 5397 1020 5397 2708 5397 2709 5398 1013 5398 2708 5398 948 5399 2707 5399 942 5399 1007 5400 1013 5400 2709 5400 2710 5401 2707 5401 948 5401 950 5402 2710 5402 948 5402 1005 5403 1007 5403 2709 5403 2711 5404 1005 5404 2709 5404 2712 5405 2710 5405 950 5405 953 5406 2712 5406 950 5406 1001 5407 1005 5407 2711 5407 954 5408 2712 5408 953 5408 2713 5409 1001 5409 2711 5409 2714 5410 2712 5410 954 5410 90 5411 1001 5411 2713 5411 89 5412 90 5412 2713 5412 959 5413 2714 5413 954 5413 2715 5414 2714 5414 959 5414 991 5415 786 5415 785 5415 991 5416 785 5416 2716 5416 965 5417 2715 5417 959 5417 2717 5418 2715 5418 965 5418 986 5419 991 5419 2716 5419 2718 5420 2717 5420 965 5420 969 5421 2718 5421 965 5421 986 5422 2716 5422 2719 5422 969 5423 2720 5423 2718 5423 985 5424 986 5424 2719 5424 975 5425 2720 5425 969 5425 985 5426 2719 5426 2721 5426 979 5427 985 5427 2721 5427 979 5428 2721 5428 2720 5428 979 5429 2720 5429 975 5429 88 5430 89 5430 2722 5430 89 5431 2713 5431 2722 5431 2722 5432 2713 5432 2723 5432 2713 5433 2711 5433 2723 5433 2723 5434 2711 5434 2724 5434 2711 5435 2709 5435 2724 5435 2724 5436 2709 5436 2725 5436 2709 5437 2708 5437 2725 5437 2725 5438 2708 5438 2726 5438 2708 5439 2705 5439 2726 5439 2726 5440 2705 5440 2727 5440 2727 5441 2703 5441 2728 5441 2705 5442 2703 5442 2727 5442 2703 5443 2701 5443 2728 5443 2728 5444 2701 5444 2729 5444 2701 5445 2698 5445 2729 5445 2729 5446 2698 5446 2730 5446 2698 5447 2696 5447 2730 5447 2730 5448 2696 5448 2731 5448 2731 5449 2694 5449 2732 5449 2696 5450 2694 5450 2731 5450 2732 5451 2694 5451 2733 5451 2694 5452 2692 5452 2733 5452 2692 5453 2691 5453 2733 5453 2733 5454 2691 5454 2734 5454 2691 5455 2693 5455 2734 5455 2734 5456 2693 5456 2735 5456 2693 5457 2695 5457 2735 5457 2735 5458 2695 5458 2736 5458 2695 5459 2697 5459 2736 5459 2736 5460 2697 5460 2737 5460 2737 5461 2699 5461 2738 5461 2697 5462 2699 5462 2737 5462 2699 5463 2700 5463 2738 5463 2738 5464 2700 5464 2739 5464 2700 5465 2702 5465 2739 5465 2739 5466 2702 5466 2740 5466 2702 5467 2704 5467 2740 5467 2704 5468 2706 5468 2740 5468 2740 5469 2706 5469 2741 5469 2706 5470 2707 5470 2741 5470 2741 5471 2707 5471 2742 5471 2742 5472 2707 5472 2743 5472 2707 5473 2710 5473 2743 5473 2743 5474 2712 5474 2744 5474 2710 5475 2712 5475 2743 5475 2744 5476 2712 5476 2745 5476 2712 5477 2714 5477 2745 5477 2745 5478 2714 5478 2746 5478 2714 5479 2715 5479 2746 5479 2746 5480 2715 5480 2747 5480 2715 5481 2717 5481 2747 5481 2747 5482 2718 5482 2748 5482 2717 5483 2718 5483 2747 5483 2718 5484 2720 5484 2748 5484 2748 5485 2720 5485 2749 5485 2720 5486 2721 5486 2749 5486 2749 5487 2721 5487 2750 5487 2721 5488 2719 5488 2750 5488 2750 5489 2719 5489 2751 5489 2719 5490 2716 5490 2751 5490 2751 5491 2716 5491 2752 5491 2716 5492 785 5492 2752 5492 2752 5493 785 5493 782 5493 2742 5494 2753 5494 2754 5494 2741 5495 2742 5495 2754 5495 2743 5496 2755 5496 2753 5496 2743 5497 2753 5497 2742 5497 2741 5498 2754 5498 2756 5498 2740 5499 2756 5499 2757 5499 2740 5500 2741 5500 2756 5500 2744 5501 2755 5501 2743 5501 2744 5502 2758 5502 2755 5502 2759 5503 2740 5503 2757 5503 2739 5504 2740 5504 2759 5504 2745 5505 2758 5505 2744 5505 2760 5506 2758 5506 2745 5506 2738 5507 2739 5507 2759 5507 2738 5508 2759 5508 2761 5508 2762 5509 2760 5509 2745 5509 2746 5510 2762 5510 2745 5510 2763 5511 2762 5511 2746 5511 2764 5512 2738 5512 2761 5512 2737 5513 2738 5513 2764 5513 2765 5514 2737 5514 2764 5514 2747 5515 2763 5515 2746 5515 2747 5516 2766 5516 2763 5516 2736 5517 2737 5517 2765 5517 2767 5518 2736 5518 2765 5518 2768 5519 2766 5519 2747 5519 2748 5520 2768 5520 2747 5520 2735 5521 2736 5521 2767 5521 2769 5522 2735 5522 2767 5522 2770 5523 2768 5523 2748 5523 2734 5524 2735 5524 2769 5524 2749 5525 2770 5525 2748 5525 2771 5526 2734 5526 2769 5526 2733 5527 2734 5527 2771 5527 2772 5528 2770 5528 2749 5528 2750 5529 2772 5529 2749 5529 2773 5530 2733 5530 2771 5530 2732 5531 2733 5531 2773 5531 2774 5532 2772 5532 2750 5532 2775 5533 2732 5533 2773 5533 2751 5534 2774 5534 2750 5534 2776 5535 2774 5535 2751 5535 2777 5536 2732 5536 2775 5536 2731 5537 2732 5537 2777 5537 2752 5538 2776 5538 2751 5538 2778 5539 2776 5539 2752 5539 2730 5540 2731 5540 2777 5540 782 5541 2778 5541 2752 5541 783 5542 2778 5542 782 5542 2779 5543 2730 5543 2777 5543 2729 5544 2730 5544 2779 5544 2780 5545 2729 5545 2779 5545 2722 5546 87 5546 88 5546 2781 5547 87 5547 2722 5547 2782 5548 2728 5548 2729 5548 2782 5549 2729 5549 2780 5549 2781 5550 2722 5550 2723 5550 2783 5551 2728 5551 2782 5551 2784 5552 2781 5552 2723 5552 2783 5553 2727 5553 2728 5553 2784 5554 2723 5554 2724 5554 2783 5555 2726 5555 2727 5555 2785 5556 2784 5556 2724 5556 2786 5557 2726 5557 2783 5557 2785 5558 2724 5558 2725 5558 2786 5559 2725 5559 2726 5559 2786 5560 2785 5560 2725 5560 2761 5561 2787 5561 2764 5561 2759 5562 2787 5562 2761 5562 2764 5563 2787 5563 2788 5563 2759 5564 2789 5564 2787 5564 2759 5565 2790 5565 2789 5565 2757 5566 2790 5566 2759 5566 2787 5567 2791 5567 2788 5567 2789 5568 2791 5568 2787 5568 2790 5569 2792 5569 2789 5569 2789 5570 2792 5570 2791 5570 2757 5571 2793 5571 2790 5571 2793 5572 2792 5572 2790 5572 2756 5573 2793 5573 2757 5573 2791 5574 2792 5574 2794 5574 2754 5575 2795 5575 2756 5575 2756 5576 2795 5576 2793 5576 2793 5577 2796 5577 2792 5577 2792 5578 2796 5578 2794 5578 2795 5579 2796 5579 2793 5579 2802 5580 2804 5580 2966 5580 2772 5581 2807 5581 2770 5581 2772 5582 2808 5582 2807 5582 2774 5583 2808 5583 2772 5583 2774 5584 2809 5584 2808 5584 2776 5585 2810 5585 2774 5585 2774 5586 2810 5586 2809 5586 2778 5587 2813 5587 2776 5587 2776 5588 2813 5588 2810 5588 783 5589 2813 5589 2778 5589 2781 5590 2814 5590 87 5590 2781 5591 2815 5591 2814 5591 2781 5592 2816 5592 2815 5592 2784 5593 2816 5593 2781 5593 2784 5594 2817 5594 2816 5594 2784 5595 2818 5595 2817 5595 2785 5596 2818 5596 2784 5596 2785 5597 2819 5597 2818 5597 2786 5598 2819 5598 2785 5598 2767 5599 2823 5599 2769 5599 2767 5600 2824 5600 2823 5600 2767 5601 2827 5601 2824 5601 2765 5602 2827 5602 2767 5602 2765 5603 2828 5603 2827 5603 2824 5604 2829 5604 2823 5604 2827 5605 2828 5605 2830 5605 2827 5606 2830 5606 2824 5606 2765 5607 2835 5607 2828 5607 2824 5608 2830 5608 2829 5608 2764 5609 2835 5609 2765 5609 2831 5610 2837 5610 2836 5610 2788 5611 2835 5611 2764 5611 2788 5612 2839 5612 2835 5612 2835 5613 2839 5613 2828 5613 2828 5614 2839 5614 2830 5614 2830 5615 2839 5615 2829 5615 2839 5616 2840 5616 2829 5616 2791 5617 2843 5617 2788 5617 2794 5618 2843 5618 2791 5618 2788 5619 2843 5619 2844 5619 2794 5620 2845 5620 2843 5620 2843 5621 2845 5621 2844 5621 2844 5622 2845 5622 2846 5622 2796 5623 2847 5623 2794 5623 2794 5624 2847 5624 2797 5624 2845 5625 2848 5625 2846 5625 2798 5626 2847 5626 2796 5626 2846 5627 2848 5627 2849 5627 2847 5628 2850 5628 2797 5628 2798 5629 2850 5629 2847 5629 2851 5630 2852 5630 2795 5630 2795 5631 2852 5631 2796 5631 2796 5632 2852 5632 2798 5632 2848 5633 2853 5633 2849 5633 2798 5634 2852 5634 2799 5634 2755 5635 2854 5635 2753 5635 2848 5636 2855 5636 2853 5636 2799 5637 2850 5637 2798 5637 2856 5638 2852 5638 2851 5638 2849 5639 2853 5639 2858 5639 2860 5640 2859 5640 2857 5640 2855 5641 2859 5641 2853 5641 2857 5642 2859 5642 2855 5642 2856 5643 2861 5643 2852 5643 2854 5644 2862 5644 2801 5644 2755 5645 2862 5645 2854 5645 2799 5646 2861 5646 2800 5646 2852 5647 2861 5647 2799 5647 2758 5648 2862 5648 2755 5648 2800 5649 2850 5649 2799 5649 2853 5650 2863 5650 2858 5650 2801 5651 2861 5651 2856 5651 2864 5652 2859 5652 2860 5652 2853 5653 2859 5653 2863 5653 2862 5654 2865 5654 2801 5654 2801 5655 2865 5655 2803 5655 2758 5656 2865 5656 2862 5656 2800 5657 2861 5657 2802 5657 2858 5658 2863 5658 2866 5658 2801 5659 2867 5659 2861 5659 2868 5660 2869 5660 2864 5660 2758 5661 2870 5661 2865 5661 2863 5662 2869 5662 2866 5662 2801 5663 2871 5663 2867 5663 2803 5664 2871 5664 2801 5664 2758 5665 2872 5665 2870 5665 2760 5666 2872 5666 2758 5666 2762 5667 2872 5667 2760 5667 2866 5668 2873 5668 2874 5668 2869 5669 2873 5669 2866 5669 2762 5670 2875 5670 2872 5670 2763 5671 2875 5671 2762 5671 2872 5672 2881 5672 2879 5672 2875 5673 2881 5673 2872 5673 2763 5674 2882 5674 2875 5674 2766 5675 2882 5675 2763 5675 2878 5676 2883 5676 2868 5676 2882 5677 2881 5677 2875 5677 2878 5678 2884 5678 2883 5678 2882 5679 2885 5679 2881 5679 2768 5680 2882 5680 2766 5680 2883 5681 2887 5681 2868 5681 2887 5682 2883 5682 2888 5682 2770 5683 2889 5683 2768 5683 2807 5684 2889 5684 2770 5684 2768 5685 2890 5685 2882 5685 2882 5686 2890 5686 2885 5686 2883 5687 2891 5687 2888 5687 2891 5688 2892 5688 2888 5688 2812 5689 2892 5689 2811 5689 2893 5690 2894 5690 2895 5690 2896 5691 2894 5691 2893 5691 2811 5692 2897 5692 2812 5692 2813 5693 2899 5693 2810 5693 145 5694 2813 5694 783 5694 2900 5695 2902 5695 2901 5695 87 5696 2814 5696 91 5696 2786 5697 2903 5697 2819 5697 2783 5698 2903 5698 2786 5698 2904 5699 2905 5699 2906 5699 2907 5700 2908 5700 2909 5700 2913 5701 2911 5701 2910 5701 2783 5702 2914 5702 2912 5702 2782 5703 2914 5703 2783 5703 2913 5704 2915 5704 2911 5704 2780 5705 2914 5705 2782 5705 2908 5706 2916 5706 2909 5706 2914 5707 2917 5707 2912 5707 2780 5708 2918 5708 2914 5708 2779 5709 2918 5709 2780 5709 2918 5710 2919 5710 2914 5710 2914 5711 2919 5711 2917 5711 2779 5712 2920 5712 2918 5712 2777 5713 2920 5713 2779 5713 2918 5714 2920 5714 2919 5714 2920 5715 2922 5715 2919 5715 2777 5716 2921 5716 2920 5716 2777 5717 2923 5717 2921 5717 2775 5718 2923 5718 2777 5718 2821 5719 2923 5719 2822 5719 2775 5720 2924 5720 2923 5720 2923 5721 2924 5721 2822 5721 2773 5722 2924 5722 2775 5722 2826 5723 2927 5723 2825 5723 2928 5724 2929 5724 2930 5724 2822 5725 2931 5725 2821 5725 2822 5726 2932 5726 2931 5726 2831 5727 2932 5727 2832 5727 2933 5728 2932 5728 2822 5728 2933 5729 2934 5729 2932 5729 2932 5730 2934 5730 2832 5730 2832 5731 2934 5731 2834 5731 2936 5732 2934 5732 2933 5732 2937 5733 2934 5733 2936 5733 2823 5734 2938 5734 2937 5734 2829 5735 2938 5735 2823 5735 2833 5736 2938 5736 2829 5736 2834 5737 2938 5737 2833 5737 2937 5738 2938 5738 2934 5738 2934 5739 2938 5739 2834 5739 2939 5740 2940 5740 2941 5740 2840 5741 2942 5741 2829 5741 2841 5742 2942 5742 2840 5742 2829 5743 2942 5743 2833 5743 2833 5744 2942 5744 2834 5744 2842 5745 2942 5745 2841 5745 2834 5746 2942 5746 2943 5746 2943 5747 2942 5747 2842 5747 2834 5748 2943 5748 2832 5748 2944 5749 2940 5749 2939 5749 2941 5750 2945 5750 2939 5750 2788 5751 2949 5751 2839 5751 2948 5752 2945 5752 2946 5752 2947 5753 2945 5753 2948 5753 2949 5754 2950 5754 2839 5754 2839 5755 2950 5755 2840 5755 2844 5756 2950 5756 2788 5756 2788 5757 2950 5757 2949 5757 2840 5758 2950 5758 2841 5758 2950 5759 2951 5759 2841 5759 2844 5760 2951 5760 2950 5760 2947 5761 2939 5761 2945 5761 2846 5762 2951 5762 2844 5762 2952 5763 2953 5763 2842 5763 2842 5764 2953 5764 2954 5764 2846 5765 2955 5765 2951 5765 2951 5766 2955 5766 2952 5766 2849 5767 2955 5767 2846 5767 2952 5768 2955 5768 2953 5768 2956 5769 2957 5769 2947 5769 2955 5770 2958 5770 2953 5770 2858 5771 2958 5771 2849 5771 2953 5772 2958 5772 2957 5772 2849 5773 2958 5773 2955 5773 2858 5774 2957 5774 2958 5774 2866 5775 2957 5775 2858 5775 2957 5776 2959 5776 2947 5776 2866 5777 2959 5777 2957 5777 2866 5778 2960 5778 2959 5778 2874 5779 2960 5779 2866 5779 2797 5780 2961 5780 2794 5780 2794 5781 2961 5781 2845 5781 2845 5782 2961 5782 2848 5782 2753 5783 2962 5783 2754 5783 2854 5784 2962 5784 2753 5784 2851 5785 2962 5785 2856 5785 2856 5786 2962 5786 2801 5786 2801 5787 2962 5787 2854 5787 2857 5788 2961 5788 2797 5788 2855 5789 2961 5789 2857 5789 2850 5790 2857 5790 2797 5790 2963 5791 2857 5791 2850 5791 2963 5792 2860 5792 2857 5792 2869 5793 2863 5793 2864 5793 2864 5794 2863 5794 2859 5794 2800 5795 2963 5795 2850 5795 2802 5796 2963 5796 2800 5796 2964 5797 2860 5797 2963 5797 2861 5798 2867 5798 2802 5798 2966 5799 2963 5799 2802 5799 2963 5800 2966 5800 2964 5800 2964 5801 2864 5801 2860 5801 2878 5802 2864 5802 2964 5802 2870 5803 2965 5803 2865 5803 2803 5804 2965 5804 2806 5804 2865 5805 2965 5805 2803 5805 2867 5806 2804 5806 2802 5806 2871 5807 2804 5807 2867 5807 2877 5808 2804 5808 2871 5808 2806 5809 2877 5809 2803 5809 2803 5810 2877 5810 2871 5810 2876 5811 2877 5811 2806 5811 2879 5812 2965 5812 2872 5812 2872 5813 2965 5813 2870 5813 2964 5814 2966 5814 2878 5814 2868 5815 2967 5815 2869 5815 2804 5816 2877 5816 2880 5816 2880 5817 2877 5817 2876 5817 2968 5818 2874 5818 2873 5818 2969 5819 2874 5819 2968 5819 2869 5820 2967 5820 2873 5820 2965 5821 2970 5821 2806 5821 2879 5822 2970 5822 2965 5822 2806 5823 2970 5823 2886 5823 2966 5824 2971 5824 2878 5824 2805 5825 2971 5825 2966 5825 2878 5826 2971 5826 2884 5826 2804 5827 2880 5827 2805 5827 2806 5828 2972 5828 2876 5828 2873 5829 2973 5829 2968 5829 2868 5830 2973 5830 2967 5830 2967 5831 2973 5831 2873 5831 2887 5832 2973 5832 2868 5832 2970 5833 2975 5833 2886 5833 2879 5834 2975 5834 2970 5834 2879 5835 2977 5835 2975 5835 2881 5836 2977 5836 2879 5836 2886 5837 2975 5837 2976 5837 2885 5838 2977 5838 2881 5838 2768 5839 2889 5839 2890 5839 2975 5840 2979 5840 2976 5840 2890 5841 2980 5841 2885 5841 2980 5842 2981 5842 2885 5842 2885 5843 2981 5843 2977 5843 2981 5844 2980 5844 2982 5844 2979 5845 2983 5845 2976 5845 2888 5846 2973 5846 2887 5846 2968 5847 2984 5847 2969 5847 2811 5848 2891 5848 2978 5848 2892 5849 2891 5849 2811 5849 2889 5850 2985 5850 2890 5850 2888 5851 2968 5851 2973 5851 2895 5852 2985 5852 2893 5852 2980 5853 2985 5853 2982 5853 2890 5854 2985 5854 2980 5854 2986 5855 2987 5855 2811 5855 2808 5856 2896 5856 2807 5856 2985 5857 2895 5857 2982 5857 2895 5858 2989 5858 2982 5858 2895 5859 2990 5859 2989 5859 2894 5860 2990 5860 2895 5860 2896 5861 2991 5861 2894 5861 2900 5862 2991 5862 2896 5862 2901 5863 2991 5863 2900 5863 2810 5864 2992 5864 2809 5864 2900 5865 2992 5865 2902 5865 2899 5866 2992 5866 2810 5866 2990 5867 2993 5867 2989 5867 2993 5868 2994 5868 2989 5868 2992 5869 2899 5869 2902 5869 2812 5870 2995 5870 2892 5870 2813 5871 2996 5871 2899 5871 145 5872 2996 5872 2813 5872 2998 5873 2999 5873 3000 5873 3001 5874 2999 5874 2998 5874 2995 5875 3003 5875 2997 5875 2812 5876 3003 5876 2995 5876 145 5877 3004 5877 2996 5877 3000 5878 3003 5878 2998 5878 144 5879 3008 5879 145 5879 145 5880 3008 5880 3004 5880 91 5881 3008 5881 144 5881 2814 5882 3009 5882 91 5882 2815 5883 3009 5883 2814 5883 2999 5884 3010 5884 3000 5884 91 5885 3009 5885 3008 5885 2906 5886 3011 5886 2904 5886 2817 5887 3011 5887 2816 5887 2909 5888 3010 5888 2907 5888 3010 5889 2909 5889 3000 5889 2819 5890 2910 5890 2818 5890 2909 5891 3017 5891 3000 5891 3000 5892 3017 5892 3003 5892 3003 5893 3017 5893 2997 5893 2912 5894 2903 5894 2783 5894 2907 5895 3018 5895 2908 5895 3014 5896 3018 5896 2907 5896 2910 5897 2903 5897 2913 5897 2819 5898 2903 5898 2910 5898 2910 5899 3019 5899 2904 5899 2904 5900 3019 5900 2905 5900 2911 5901 3019 5901 2910 5901 2912 5902 3020 5902 2903 5902 2903 5903 3020 5903 2913 5903 2913 5904 3020 5904 2915 5904 3022 5905 2908 5905 3018 5905 2916 5906 3023 5906 2909 5906 2909 5907 3023 5907 3017 5907 3024 5908 2915 5908 3020 5908 2908 5909 3025 5909 2916 5909 2915 5910 3026 5910 2911 5910 3020 5911 3027 5911 3024 5911 2912 5912 3027 5912 3020 5912 3026 5913 3028 5913 3029 5913 2917 5914 3027 5914 2912 5914 2915 5915 3030 5915 3026 5915 3024 5916 3030 5916 2915 5916 3030 5917 3028 5917 3026 5917 2917 5918 3031 5918 3027 5918 3027 5919 3031 5919 3024 5919 2917 5920 3032 5920 3031 5920 2919 5921 3032 5921 2917 5921 2922 5922 3032 5922 2919 5922 2922 5923 3035 5923 3032 5923 3035 5924 3036 5924 2925 5924 2922 5925 3036 5925 3035 5925 2925 5926 3036 5926 2820 5926 2920 5927 3038 5927 2922 5927 2921 5928 3038 5928 2920 5928 2922 5929 3038 5929 3036 5929 3036 5930 3038 5930 2820 5930 2926 5931 3096 5931 3039 5931 2923 5932 3038 5932 2921 5932 2821 5933 3038 5933 2923 5933 2820 5934 3038 5934 2821 5934 3035 5935 3040 5935 3041 5935 2771 5936 3042 5936 2773 5936 2773 5937 3042 5937 2924 5937 3035 5938 3043 5938 3040 5938 2925 5939 3043 5939 3035 5939 3043 5940 3044 5940 3040 5940 3037 5941 3045 5941 3046 5941 2924 5942 3042 5942 2822 5942 2822 5943 3042 5943 2933 5943 2933 5944 3042 5944 2936 5944 2825 5945 3047 5945 2935 5945 3048 5946 3047 5946 2825 5946 2821 5947 2929 5947 2820 5947 2820 5948 2929 5948 2928 5948 2931 5949 2929 5949 2821 5949 3047 5950 3050 5950 2935 5950 3049 5951 3050 5951 3047 5951 2931 5952 3051 5952 2929 5952 2929 5953 3051 5953 2930 5953 2836 5954 3051 5954 2831 5954 3051 5955 2931 5955 2831 5955 2831 5956 2931 5956 2932 5956 3051 5957 2838 5957 2930 5957 2836 5958 2838 5958 3051 5958 2935 5959 2941 5959 2825 5959 2825 5960 2941 5960 2826 5960 2826 5961 2941 5961 2940 5961 2832 5962 3052 5962 2831 5962 2943 5963 3052 5963 2832 5963 3053 5964 3052 5964 2943 5964 3054 5965 3052 5965 3053 5965 2831 5966 3052 5966 2837 5966 3054 5967 2837 5967 3052 5967 3054 5968 3055 5968 2837 5968 2948 5969 3055 5969 3054 5969 2836 5970 3055 5970 2838 5970 2838 5971 3055 5971 2946 5971 2946 5972 3055 5972 2948 5972 2826 5973 2944 5973 3046 5973 2842 5974 2954 5974 2943 5974 2943 5975 2954 5975 3053 5975 3056 5976 3053 5976 2954 5976 2940 5977 2944 5977 2826 5977 3054 5978 2956 5978 2948 5978 3056 5979 2956 5979 3053 5979 3053 5980 2956 5980 3054 5980 2841 5981 2952 5981 2842 5981 2951 5982 2952 5982 2841 5982 2956 5983 3056 5983 2957 5983 2957 5984 3056 5984 2953 5984 2959 5985 3057 5985 2947 5985 2960 5986 3057 5986 2959 5986 2947 5987 3058 5987 2939 5987 3057 5988 3058 5988 2947 5988 2960 5989 3058 5989 3057 5989 3059 5990 3058 5990 2960 5990 2939 5991 3058 5991 2944 5991 3058 5992 3059 5992 2944 5992 3059 5993 2874 5993 2969 5993 2960 5994 2874 5994 3059 5994 2969 5995 2984 5995 3059 5995 2962 5996 2851 5996 2754 5996 2754 5997 2851 5997 2795 5997 2848 5998 2961 5998 2855 5998 2868 5999 2864 5999 2878 5999 2805 6000 2966 6000 2804 6000 2886 6001 2972 6001 2806 6001 2976 6002 2972 6002 2886 6002 2876 6003 2972 6003 2880 6003 2880 6004 3060 6004 2805 6004 2805 6005 3060 6005 2971 6005 2972 6006 2974 6006 2880 6006 2976 6007 2974 6007 2972 6007 2974 6008 2978 6008 2880 6008 2880 6009 2978 6009 3060 6009 2978 6010 2884 6010 3060 6010 2891 6011 2884 6011 2978 6011 2883 6012 2884 6012 2891 6012 3060 6013 2884 6013 2971 6013 2975 6014 3061 6014 2979 6014 2977 6015 3061 6015 2975 6015 2811 6016 2978 6016 2986 6016 2981 6017 3061 6017 2977 6017 2896 6018 2893 6018 2807 6018 2807 6019 2893 6019 2889 6019 2979 6020 2981 6020 3062 6020 3061 6021 2981 6021 2979 6021 2889 6022 2893 6022 2985 6022 2979 6023 2988 6023 2983 6023 3062 6024 2988 6024 2979 6024 3063 6025 2988 6025 3062 6025 2981 6026 3064 6026 3062 6026 3062 6027 3064 6027 3063 6027 2897 6028 2987 6028 2898 6028 2811 6029 2987 6029 2897 6029 2898 6030 2987 6030 2988 6030 2982 6031 3064 6031 2981 6031 2988 6032 3063 6032 2898 6032 2982 6033 3065 6033 3064 6033 3064 6034 3065 6034 3063 6034 2968 6035 3006 6035 2984 6035 2992 6036 2900 6036 2809 6036 2809 6037 2900 6037 2808 6037 2808 6038 2900 6038 2896 6038 3066 6039 2898 6039 3063 6039 2888 6040 3005 6040 2968 6040 2968 6041 3005 6041 3006 6041 2995 6042 3005 6042 2892 6042 2892 6043 3005 6043 2888 6043 3065 6044 3067 6044 3063 6044 3063 6045 3067 6045 3066 6045 2894 6046 2993 6046 2990 6046 2894 6047 2991 6047 2993 6047 3066 6048 3001 6048 2898 6048 2991 6049 3068 6049 2993 6049 2993 6050 3068 6050 2994 6050 3068 6051 2901 6051 3002 6051 2991 6052 2901 6052 3068 6052 2812 6053 2998 6053 3003 6053 2994 6054 3071 6054 3069 6054 3007 6055 3072 6055 2902 6055 2902 6056 3072 6056 2901 6056 2902 6057 2996 6057 3007 6057 3007 6058 2996 6058 3004 6058 2899 6059 2996 6059 2902 6059 3075 6060 3073 6060 3002 6060 3007 6061 3075 6061 3072 6061 3075 6062 3007 6062 3076 6062 3004 6063 3077 6063 3007 6063 3005 6064 2997 6064 3006 6064 2995 6065 2997 6065 3005 6065 3004 6066 3078 6066 3077 6066 3008 6067 3078 6067 3004 6067 3016 6068 3078 6068 3009 6068 3009 6069 3078 6069 3008 6069 3077 6070 3079 6070 3007 6070 2815 6071 3080 6071 3009 6071 2906 6072 3080 6072 3011 6072 3011 6073 3080 6073 2816 6073 2816 6074 3080 6074 2815 6074 3073 6075 3081 6075 3012 6075 3013 6076 3081 6076 3076 6076 2906 6077 3009 6077 3080 6077 3015 6078 3009 6078 2906 6078 3016 6079 3009 6079 3015 6079 3016 6080 3083 6080 3078 6080 3078 6081 3083 6081 3077 6081 3077 6082 3082 6082 3079 6082 3013 6083 3014 6083 3081 6083 2818 6084 2904 6084 2817 6084 2910 6085 2904 6085 2818 6085 2817 6086 2904 6086 3011 6086 3016 6087 3015 6087 3083 6087 3083 6088 3015 6088 3084 6088 3013 6089 3018 6089 3014 6089 2906 6090 3085 6090 3015 6090 2906 6091 3087 6091 3085 6091 2905 6092 3087 6092 2906 6092 3085 6093 3086 6093 3088 6093 3018 6094 3089 6094 3022 6094 3090 6095 3089 6095 3018 6095 3029 6096 2911 6096 3026 6096 3086 6097 3091 6097 3088 6097 3017 6098 3023 6098 3021 6098 3034 6099 3092 6099 3033 6099 3091 6100 3033 6100 3092 6100 3091 6101 3093 6101 3033 6101 3094 6102 3095 6102 3096 6102 3024 6103 3097 6103 3095 6103 3095 6104 3097 6104 3096 6104 3031 6105 3097 6105 3024 6105 3032 6106 3099 6106 3031 6106 3031 6107 3099 6107 3041 6107 3096 6108 3097 6108 3041 6108 3041 6109 3097 6109 3031 6109 3035 6110 3099 6110 3032 6110 2926 6111 3100 6111 3094 6111 3037 6112 3098 6112 3034 6112 3041 6113 3099 6113 3035 6113 2926 6114 3094 6114 3096 6114 3098 6115 3101 6115 2916 6115 2916 6116 3101 6116 3023 6116 3041 6117 3039 6117 3096 6117 3101 6118 3102 6118 3023 6118 3040 6119 3039 6119 3041 6119 3044 6120 3039 6120 3040 6120 2926 6121 2927 6121 3100 6121 3100 6122 2927 6122 3037 6122 3037 6123 2927 6123 3045 6123 2820 6124 3104 6124 2925 6124 2925 6125 3104 6125 3043 6125 2928 6126 3104 6126 2820 6126 2771 6127 2936 6127 3042 6127 2769 6128 2936 6128 2771 6128 3048 6129 3044 6129 3047 6129 2926 6130 3048 6130 2927 6130 3039 6131 3048 6131 2926 6131 2927 6132 3048 6132 2825 6132 3104 6133 3103 6133 3043 6133 3046 6134 3045 6134 2826 6134 2826 6135 3045 6135 2927 6135 3104 6136 3049 6136 3103 6136 3049 6137 2928 6137 2930 6137 3104 6138 2928 6138 3049 6138 2838 6139 3049 6139 2930 6139 3106 6140 3050 6140 3049 6140 3046 6141 3107 6141 3105 6141 3049 6142 2838 6142 3106 6142 2945 6143 3106 6143 2946 6143 3050 6144 3106 6144 2935 6144 2941 6145 3106 6145 2945 6145 2935 6146 3106 6146 2941 6146 2836 6147 2837 6147 3055 6147 2944 6148 3107 6148 3046 6148 3108 6149 3107 6149 2944 6149 2948 6150 2956 6150 2947 6150 2953 6151 3056 6151 2954 6151 2944 6152 3109 6152 3108 6152 3059 6153 3109 6153 2944 6153 3059 6154 2984 6154 3109 6154 3109 6155 2984 6155 3108 6155 2978 6156 2974 6156 2986 6156 2976 6157 2983 6157 2974 6157 2974 6158 2983 6158 2986 6158 2983 6159 2987 6159 2986 6159 2988 6160 2987 6160 2983 6160 3065 6161 2982 6161 2989 6161 3065 6162 3110 6162 3067 6162 3067 6163 3110 6163 3069 6163 2994 6164 3110 6164 2989 6164 3066 6165 3070 6165 3001 6165 3069 6166 3070 6166 3067 6166 3067 6167 3070 6167 3066 6167 3001 6168 2897 6168 2898 6168 2812 6169 2897 6169 2998 6169 2998 6170 2897 6170 3001 6170 3068 6171 3111 6171 2994 6171 3071 6172 3111 6172 3074 6172 2994 6173 3111 6173 3071 6173 3002 6174 3111 6174 3068 6174 3074 6175 3111 6175 3012 6175 3072 6176 3075 6176 2901 6176 2901 6177 3075 6177 3002 6177 3012 6178 3111 6178 3073 6178 3073 6179 3111 6179 3002 6179 2999 6180 3074 6180 3010 6180 3010 6181 3074 6181 3012 6181 3071 6182 3074 6182 2999 6182 3075 6183 3081 6183 3073 6183 3007 6184 3079 6184 3076 6184 3076 6185 3079 6185 3013 6185 3013 6186 3079 6186 3082 6186 3081 6187 2907 6187 3012 6187 3012 6188 2907 6188 3010 6188 2907 6189 3081 6189 3014 6189 3077 6190 3083 6190 3082 6190 3084 6191 3082 6191 3083 6191 3018 6192 3112 6192 3090 6192 3013 6193 3112 6193 3018 6193 3015 6194 3085 6194 3084 6194 3086 6195 3085 6195 3087 6195 3019 6196 3113 6196 2905 6196 2905 6197 3113 6197 3087 6197 3090 6198 3088 6198 3089 6198 3017 6199 3021 6199 2997 6199 2997 6200 3021 6200 3006 6200 3088 6201 3092 6201 3089 6201 3088 6202 3091 6202 3092 6202 3113 6203 3029 6203 3093 6203 3113 6204 3093 6204 3091 6204 3100 6205 3033 6205 3093 6205 3029 6206 3028 6206 3114 6206 3114 6207 3028 6207 3115 6207 3098 6208 3022 6208 3034 6208 3030 6209 3024 6209 3095 6209 3093 6210 3114 6210 3100 6210 3028 6211 3095 6211 3115 6211 3094 6212 3115 6212 3095 6212 3033 6213 3100 6213 3034 6213 3034 6214 3100 6214 3037 6214 3046 6215 3105 6215 3037 6215 3037 6216 3105 6216 3098 6216 3098 6217 3105 6217 3101 6217 3101 6218 3105 6218 3107 6218 3044 6219 3048 6219 3039 6219 3103 6220 3044 6220 3043 6220 3047 6221 3044 6221 3103 6221 3107 6222 3102 6222 3101 6222 3047 6223 3103 6223 3049 6223 2769 6224 2937 6224 2936 6224 2823 6225 2937 6225 2769 6225 3102 6226 3006 6226 3021 6226 3107 6227 3108 6227 3102 6227 3102 6228 3108 6228 3006 6228 2946 6229 3106 6229 2838 6229 2984 6230 3006 6230 3108 6230 3065 6231 2989 6231 3110 6231 2994 6232 3069 6232 3110 6232 3071 6233 3070 6233 3069 6233 3075 6234 3076 6234 3081 6234 3090 6235 3082 6235 3084 6235 3112 6236 3082 6236 3090 6236 3082 6237 3112 6237 3013 6237 3088 6238 3090 6238 3085 6238 3085 6239 3090 6239 3084 6239 3087 6240 3113 6240 3086 6240 3019 6241 3029 6241 3113 6241 2911 6242 3029 6242 3019 6242 3092 6243 3022 6243 3089 6243 3034 6244 3022 6244 3092 6244 3028 6245 3030 6245 3095 6245 3029 6246 3114 6246 3093 6246 2916 6247 3025 6247 3098 6247 3098 6248 3025 6248 3022 6248 3022 6249 3025 6249 2908 6249 3115 6250 3100 6250 3114 6250 3094 6251 3100 6251 3115 6251 3001 6252 3070 6252 2999 6252 2999 6253 3070 6253 3071 6253 3086 6254 3113 6254 3091 6254 3102 6255 3021 6255 3023 6255 1974 6256 3116 6256 1975 6256 1096 6257 3117 6257 1050 6257 1971 6258 3176 6258 1974 6258 3174 6259 1051 6259 1166 6259 3174 6260 3178 6260 1051 6260 1971 6261 1969 6261 3176 6261 3119 6262 3120 6262 1208 6262 1208 6263 3120 6263 1209 6263 1209 6264 3120 6264 1210 6264 1210 6265 3179 6265 907 6265 907 6266 3179 6266 910 6266 910 6267 3181 6267 1052 6267 1967 6268 3267 6268 1969 6268 1052 6269 3181 6269 1212 6269 1212 6270 3184 6270 1211 6270 1211 6271 3184 6271 1213 6271 1967 6272 3189 6272 3124 6272 1965 6273 3189 6273 1967 6273 1214 6274 3125 6274 918 6274 918 6275 3125 6275 1055 6275 1961 6276 3127 6276 1965 6276 3128 6277 3129 6277 1168 6277 1961 6278 1960 6278 3195 6278 3131 6279 1169 6279 3129 6279 1957 6280 3197 6280 1960 6280 1957 6281 3132 6281 3197 6281 1058 6282 3133 6282 926 6282 926 6283 3133 6283 928 6283 1173 6284 3136 6284 1059 6284 1954 6285 3135 6285 1957 6285 1059 6286 3136 6286 1217 6286 1217 6287 3137 6287 1218 6287 3136 6288 3137 6288 1217 6288 1218 6289 3137 6289 1219 6289 1219 6290 3139 6290 937 6290 937 6291 3139 6291 1246 6291 1952 6292 3140 6292 1954 6292 1246 6293 3141 6293 1220 6293 1220 6294 3141 6294 1221 6294 1952 6295 3143 6295 3140 6295 1221 6296 3209 6296 1222 6296 3209 6297 1223 6297 1222 6297 1952 6298 3212 6298 3143 6298 3145 6299 1064 6299 3211 6299 1951 6300 3215 6300 3212 6300 3215 6301 3272 6301 3212 6301 1065 6302 3146 6302 1180 6302 3217 6303 3219 6303 1225 6303 1994 6304 3148 6304 1996 6304 1067 6305 3149 6305 1226 6305 1226 6306 3149 6306 1227 6306 1227 6307 3223 6307 1228 6307 1228 6308 3223 6308 1068 6308 1068 6309 3223 6309 1229 6309 1229 6310 3225 6310 1186 6310 1991 6311 3150 6311 1994 6311 1186 6312 3153 6312 970 6312 970 6313 3153 6313 1230 6313 3153 6314 1188 6314 1230 6314 1188 6315 3154 6315 1231 6315 1231 6316 3154 6316 981 6316 3154 6317 3232 6317 981 6317 1990 6318 3233 6318 1991 6318 981 6319 3232 6319 1232 6319 1232 6320 3155 6320 1074 6320 3156 6321 3236 6321 1077 6321 3236 6322 1234 6322 1233 6322 1985 6323 3243 6323 3240 6323 1983 6324 3243 6324 1985 6324 1983 6325 3157 6325 3243 6325 3247 6326 996 6326 3245 6326 3158 6327 3160 6327 997 6327 997 6328 3160 6328 999 6328 3160 6329 3162 6329 999 6329 999 6330 3162 6330 1237 6330 1980 6331 3161 6331 1983 6331 3162 6332 3163 6332 1237 6332 1237 6333 3163 6333 1238 6333 1238 6334 3163 6334 1003 6334 1003 6335 3163 6335 1239 6335 1239 6336 3165 6336 1240 6336 1240 6337 3166 6337 1241 6337 1978 6338 3167 6338 1980 6338 1241 6339 3256 6339 1014 6339 1014 6340 3256 6340 1242 6340 1978 6341 3168 6341 3167 6341 1242 6342 3169 6342 1243 6342 1978 6343 3260 6343 3168 6343 3171 6344 1023 6344 3258 6344 3171 6345 1195 6345 1023 6345 1206 6346 3117 6346 1096 6346 3173 6347 3174 6347 3262 6347 3175 6348 3178 6348 3174 6348 1051 6349 3119 6349 1207 6349 1207 6350 3119 6350 1208 6350 3180 6351 3179 6351 3120 6351 3266 6352 3181 6352 3179 6352 3183 6353 3184 6353 3181 6353 3189 6354 3188 6354 3124 6354 3186 6355 3125 6355 3187 6355 3125 6356 3190 6356 1055 6356 1055 6357 3190 6357 1215 6357 3191 6358 3269 6358 3192 6358 3190 6359 1216 6359 1215 6359 3126 6360 1216 6360 3190 6360 3192 6361 3270 6361 3193 6361 1216 6362 3126 6362 1167 6362 1167 6363 3128 6363 1168 6363 3126 6364 3128 6364 1167 6364 3128 6365 3193 6365 3194 6365 1961 6366 3195 6366 3127 6366 1168 6367 3129 6367 1245 6367 3196 6368 3131 6368 3129 6368 3129 6369 1169 6369 1245 6369 3131 6370 3199 6370 1169 6370 1169 6371 3199 6371 1058 6371 3132 6372 3198 6372 3197 6372 3199 6373 3133 6373 1058 6373 3201 6374 3136 6374 3200 6374 3206 6375 3139 6375 3137 6375 3206 6376 3141 6376 3139 6376 3208 6377 3209 6377 3141 6377 3145 6378 3211 6378 3271 6378 1223 6379 1064 6379 1178 6379 1951 6380 3212 6380 1952 6380 1064 6381 3145 6381 1224 6381 1224 6382 3145 6382 1065 6382 3213 6383 3214 6383 3146 6383 3145 6384 3146 6384 1065 6384 1996 6385 3215 6385 1951 6385 1180 6386 3146 6386 1066 6386 3147 6387 3219 6387 3217 6387 3220 6388 3223 6388 3149 6388 3224 6389 3225 6389 3223 6389 3224 6390 3153 6390 3225 6390 3230 6391 3232 6391 3154 6391 3233 6392 3231 6392 3229 6392 3155 6393 3234 6393 1074 6393 1074 6394 3234 6394 1076 6394 3234 6395 1077 6395 1076 6395 3156 6396 1077 6396 3234 6396 3156 6397 3237 6397 3236 6397 3235 6398 3278 6398 3237 6398 1077 6399 3236 6399 1079 6399 1079 6400 3236 6400 1233 6400 3277 6401 3239 6401 3278 6401 1985 6402 3240 6402 1988 6402 1234 6403 3242 6403 1235 6403 3242 6404 1190 6404 1235 6404 1190 6405 3245 6405 1236 6405 3242 6406 3245 6406 1190 6406 3157 6407 3246 6407 3243 6407 1236 6408 3245 6408 1084 6408 3245 6409 996 6409 1084 6409 3248 6410 3160 6410 3158 6410 3282 6411 3165 6411 3163 6411 3253 6412 3166 6412 3165 6412 3255 6413 3256 6413 3166 6413 1243 6414 3169 6414 1244 6414 1244 6415 3169 6415 1023 6415 3171 6416 3258 6416 3259 6416 1975 6417 3260 6417 1978 6417 1195 6418 3117 6418 1206 6418 3261 6419 3262 6419 3171 6419 3174 6420 3117 6420 3262 6420 3117 6421 1166 6421 1050 6421 3174 6422 1166 6422 3117 6422 3176 6423 3118 6423 1974 6423 3175 6424 3174 6424 3173 6424 3175 6425 3177 6425 3178 6425 1051 6426 3178 6426 3119 6426 1969 6427 3263 6427 3176 6427 3177 6428 3119 6428 3178 6428 3177 6429 3264 6429 3119 6429 3263 6430 3264 6430 3177 6430 3121 6431 3264 6431 3263 6431 3263 6432 1969 6432 3121 6432 3264 6433 3121 6433 3180 6433 1969 6434 3122 6434 3121 6434 3265 6435 3121 6435 3122 6435 3121 6436 3265 6436 3180 6436 3120 6437 3179 6437 1210 6437 3265 6438 3266 6438 3180 6438 3265 6439 3122 6439 3267 6439 1969 6440 3267 6440 3122 6440 3179 6441 3181 6441 910 6441 3182 6442 3265 6442 3267 6442 3265 6443 3183 6443 3266 6443 3183 6444 3265 6444 3182 6444 3181 6445 3184 6445 1212 6445 3185 6446 3182 6446 3267 6446 3182 6447 3268 6448 3183 6449 3183 6450 3268 6450 3184 6450 3267 6451 1967 6451 3123 6451 3185 6452 3268 6452 3182 6452 3123 6453 3185 6453 3267 6453 3124 6454 3123 6454 1967 6454 3123 6455 3186 6455 3185 6455 3124 6456 3188 6456 3123 6456 3188 6457 3186 6457 3123 6457 3125 6458 3186 6458 3188 6458 3125 6459 1214 6459 3187 6459 3125 6460 3188 6460 3190 6460 3188 6461 3191 6461 3190 6461 3269 6462 3189 6462 1965 6462 3269 6463 3191 6463 3189 6463 3127 6464 3269 6464 1965 6464 3192 6465 3190 6465 3191 6465 3126 6466 3190 6466 3192 6466 3126 6467 3192 6467 3193 6467 3270 6468 3269 6468 3127 6468 3193 6469 3128 6469 3126 6469 3195 6470 3270 6470 3127 6470 3193 6471 3270 6471 3194 6471 3128 6472 3194 6472 3196 6472 3196 6473 3129 6473 3128 6473 1960 6474 3130 6474 3195 6474 3131 6475 3196 6475 3130 6475 1960 6476 3197 6476 3130 6476 3199 6477 3131 6477 3198 6477 3199 6478 3198 6478 3133 6478 3198 6479 3200 6479 3133 6479 3198 6480 3132 6480 3200 6480 3200 6481 3132 6481 3201 6481 3200 6482 928 6482 3133 6482 3134 6483 3132 6483 1957 6483 3132 6484 3134 6484 3201 6484 3134 6485 1957 6485 3135 6485 3201 6486 3134 6486 3202 6486 3136 6487 1173 6487 3200 6487 3203 6488 3134 6488 3204 6488 3202 6489 3134 6489 3203 6489 3135 6490 3204 6490 3134 6490 3138 6491 3135 6491 1954 6491 3204 6492 3135 6492 3138 6492 3203 6493 3206 6493 3137 6493 3204 6494 3206 6494 3203 6494 1219 6495 3137 6495 3139 6495 3138 6496 3205 6496 3204 6496 3205 6497 3206 6497 3204 6497 3140 6498 3138 6498 1954 6498 1246 6499 3139 6499 3141 6499 3138 6500 3140 6500 3205 6500 3208 6501 3207 6501 3205 6501 3208 6502 3205 6502 3140 6502 3142 6503 3208 6503 3140 6503 3143 6504 3142 6504 3140 6504 1221 6505 3141 6505 3209 6505 3211 6506 3209 6506 3210 6506 3210 6507 3209 6507 3208 6507 3211 6508 1223 6508 3209 6508 3212 6509 3144 6509 3143 6509 3210 6510 3271 6510 3211 6510 1223 6511 3211 6511 1064 6511 3271 6512 3213 6512 3145 6512 3213 6513 3146 6513 3145 6513 3217 6514 3146 6514 3214 6514 3147 6515 3216 6515 3215 6515 3214 6516 3216 6516 3147 6516 3146 6517 1225 6517 1066 6517 3217 6518 1225 6518 3146 6518 3147 6519 3217 6519 3214 6519 1996 6520 3147 6520 3215 6520 3273 6521 3147 6521 1996 6521 3147 6522 3218 6522 3219 6522 1225 6523 3219 6523 1067 6523 1996 6524 3221 6524 3273 6524 3148 6525 3221 6525 1996 6525 3219 6526 3149 6526 1067 6526 3218 6527 3149 6527 3219 6527 3218 6528 3220 6528 3149 6528 3149 6529 3223 6529 1227 6529 3151 6530 3221 6530 3148 6530 3221 6531 3222 6531 3220 6531 3221 6532 3151 6532 3222 6532 3148 6533 3150 6533 3151 6533 1994 6534 3150 6534 3148 6534 3151 6535 3224 6535 3222 6535 3226 6536 3224 6536 3151 6536 3223 6537 3225 6537 1229 6537 3226 6538 3151 6538 3150 6538 3226 6539 3274 6539 3224 6539 3224 6540 3274 6540 3153 6540 1991 6541 3152 6541 3150 6541 3225 6542 3153 6542 1186 6542 3152 6543 3226 6543 3150 6543 3227 6544 3226 6544 3152 6544 3226 6545 3227 6545 3274 6545 3274 6546 3227 6546 3275 6546 3228 6547 3274 6547 3275 6547 3230 6548 3227 6548 3229 6548 3230 6549 3275 6549 3227 6549 3152 6550 3229 6550 3227 6550 3233 6551 3152 6551 1991 6551 3233 6552 3229 6552 3152 6552 3229 6553 3231 6553 3230 6553 3232 6554 3230 6554 3155 6554 3155 6555 3230 6555 3231 6555 1232 6556 3232 6556 3155 6556 3155 6557 3231 6557 3234 6557 3276 6558 3233 6558 1990 6558 3276 6559 3235 6559 3233 6559 1988 6560 3276 6560 1990 6560 3156 6561 3234 6561 3235 6561 3235 6562 3234 6562 3231 6562 3156 6563 3235 6563 3237 6563 3277 6564 3276 6564 1988 6564 3237 6565 3278 6565 3238 6565 3238 6566 3236 6566 3237 6566 3239 6567 3277 6567 1988 6567 3236 6568 3238 6568 1234 6568 3240 6569 3239 6569 1988 6569 3238 6570 3278 6570 3241 6570 1234 6571 3238 6571 3242 6571 3238 6572 3241 6572 3242 6572 3239 6573 3279 6573 3241 6573 3240 6574 3280 6574 3239 6574 3243 6575 3280 6575 3240 6575 3280 6576 3279 6576 3239 6576 3241 6577 3279 6577 3242 6577 3279 6578 3245 6578 3242 6578 3279 6579 3244 6579 3245 6579 3245 6580 3244 6580 3246 6580 3245 6581 3246 6581 3247 6581 3159 6582 3246 6582 3157 6582 3248 6583 3247 6583 3246 6583 3159 6584 3248 6584 3246 6584 1983 6585 3159 6585 3157 6585 996 6586 3158 6586 997 6586 3247 6587 3158 6587 996 6587 3249 6588 3248 6588 3159 6588 3159 6589 1983 6589 3161 6589 3159 6590 3250 6590 3249 6590 3161 6591 3250 6591 3159 6591 3251 6592 3249 6592 3250 6592 3163 6593 3249 6593 3251 6593 3250 6594 3161 6594 3252 6594 3252 6595 3251 6595 3250 6595 3164 6596 3161 6596 1980 6596 3252 6597 3282 6597 3251 6597 3161 6598 3164 6598 3252 6598 3252 6599 3253 6599 3282 6599 1239 6600 3163 6600 3165 6600 3164 6601 3281 6601 3252 6601 3252 6602 3281 6602 3253 6602 3165 6603 3282 6603 3253 6603 3167 6604 3164 6604 1980 6604 1240 6605 3165 6605 3166 6605 3281 6606 3255 6606 3253 6606 3167 6607 3254 6607 3164 6607 3164 6608 3254 6608 3281 6608 3254 6609 3255 6609 3281 6609 1241 6610 3166 6610 3256 6610 3283 6611 3254 6611 3167 6611 3283 6612 3257 6612 3254 6612 3168 6613 3283 6613 3167 6613 3258 6614 3169 6614 3257 6614 3259 6615 3258 6615 3257 6615 3260 6616 3170 6616 3168 6616 3169 6617 3258 6617 1023 6617 3261 6618 3259 6618 3170 6618 3259 6619 3261 6619 3171 6619 3117 6620 1195 6620 3171 6620 3262 6621 3117 6621 3171 6621 1974 6622 3172 6622 3116 6622 3172 6623 3173 6623 3262 6623 1974 6624 3173 6624 3172 6624 3173 6625 3118 6625 3175 6625 1974 6626 3118 6626 3173 6626 3177 6627 3175 6627 3118 6627 3176 6628 3177 6628 3118 6628 3176 6629 3263 6629 3177 6629 3185 6630 3187 6630 3268 6630 3186 6631 3187 6631 3185 6631 3189 6632 3191 6632 3188 6632 3192 6633 3269 6633 3270 6633 3270 6634 3195 6634 3194 6634 3194 6635 3195 6635 3196 6635 3130 6636 3196 6636 3195 6636 3130 6637 3198 6637 3131 6637 3197 6638 3198 6638 3130 6638 3202 6639 3136 6639 3201 6639 3137 6640 3202 6640 3203 6640 3207 6641 3206 6641 3205 6641 3210 6642 3208 6642 3142 6642 3210 6643 3142 6643 3143 6643 3143 6644 3144 6644 3210 6644 3144 6645 3271 6645 3210 6645 3272 6646 3144 6646 3212 6646 3144 6647 3272 6647 3271 6647 3271 6648 3272 6648 3213 6648 3272 6649 3215 6649 3216 6649 3272 6650 3216 6650 3213 6650 3273 6651 3218 6651 3147 6651 3273 6652 3220 6652 3218 6652 3221 6653 3220 6653 3273 6653 3274 6654 3228 6654 3153 6654 3275 6655 3154 6655 3228 6655 3230 6656 3154 6656 3275 6656 3233 6657 3235 6657 3231 6657 3235 6658 3276 6658 3278 6658 3278 6659 3276 6659 3277 6659 3278 6660 3239 6660 3241 6660 3280 6661 3244 6661 3279 6661 3244 6662 3280 6662 3246 6662 3243 6663 3246 6663 3280 6663 3158 6664 3247 6664 3248 6664 3249 6665 3160 6665 3248 6665 3162 6666 3160 6666 3249 6666 3163 6667 3251 6667 3282 6667 3256 6668 3255 6668 3254 6668 3257 6669 3256 6669 3254 6669 3169 6670 3256 6670 3257 6670 3168 6671 3257 6671 3283 6671 3259 6672 3257 6672 3168 6672 3168 6673 3170 6673 3259 6673 3260 6674 3261 6674 3170 6674 3260 6675 3172 6675 3261 6675 3116 6676 3172 6676 3260 6676 3261 6677 3172 6677 3262 6677 3264 6678 3120 6678 3119 6678 3180 6679 3120 6679 3264 6679 3266 6680 3179 6680 3180 6680 3183 6681 3181 6681 3266 6681 3184 6682 3268 6682 1213 6682 3268 6683 3187 6683 1213 6683 1213 6684 3187 6684 914 6684 914 6685 3187 6685 1214 6685 928 6686 3200 6686 1173 6686 3137 6687 3136 6687 3202 6687 3207 6688 3141 6688 3206 6688 3208 6689 3141 6689 3207 6689 3214 6690 3213 6690 3216 6690 3222 6691 3223 6691 3220 6691 3224 6692 3223 6692 3222 6692 3153 6693 3228 6693 1188 6693 3228 6694 3154 6694 1188 6694 3163 6695 3162 6695 3249 6695 3255 6696 3166 6696 3253 6696 1242 6697 3256 6697 3169 6697 1975 6698 3116 6698 3260 6698</p>
        </triangles>
      </mesh>
    </geometry>
    <geometry id="Part__Feature002_004-mesh" name="Part__Feature002.004">
      <mesh>
        <source id="Part__Feature002_004-mesh-positions">
          <float_array id="Part__Feature002_004-mesh-positions-array" count="369">0.00530368 0.08128798 0.1173317 0.004712522 0.08211588 0.1184838 0.005029857 0.08186769 0.1172944 0.00475955 0.08208686 0.1177973 0.005419909 0.08166307 0.1166597 0.004321038 0.08255577 0.117935 0.005045473 0.08233326 0.1165968 0.004418611 0.08260697 0.1173542 0.003819704 0.08294808 0.1179268 0.00458765 0.08283931 0.1165917 0.003753006 0.08312785 0.1172827 0.005420684 0.08265018 0.115903 0.00309199 0.08330637 0.1179194 0.004066109 0.08325189 0.1165879 0.00453037 0.08350604 0.1159196 0.00338459 0.08342254 0.1169717 0.004743218 0.08385711 0.1155275 0.002955853 0.08349245 0.1171773 0.00543189 0.08403664 0.1151266 0.003604292 0.0836991 0.1162979 0.002304613 0.08348649 0.1177908 0.003648817 0.08430403 0.1156294 0.004687249 0.08456736 0.1151385 0.002847611 0.08401 0.1162115 0.002261936 0.083718 0.1169214 0.005431175 0.08496624 0.1148476 0.003707885 0.08486527 0.1152334 0.002180218 0.08410072 0.1162243 0.002577543 0.08461403 0.1156138 0.003672361 0.08544772 0.1149658 0.005431771 0.0855692 0.1147502 0.002494394 0.08504021 0.1152951 0.002707064 0.08574789 0.1149325 0.003064453 0.08648115 0.1147454 -0.00127393 0.08349776 0.117689 -0.001236915 0.08378106 0.1167797 -0.001521587 0.08416849 0.1161013 -0.00130254 0.08467853 0.1155774 -0.001862645 0.0852195 0.1151669 -0.001765966 0.08584922 0.114899 -0.002417504 0.08646088 0.1147435 -0.00196743 0.08334058 0.1179588 -0.001914024 0.08347505 0.1172788 -0.002721786 0.08301687 0.1178561 -0.002554535 0.08318203 0.1174557 -0.002152383 0.08360856 0.1167691 -0.002927243 0.08305597 0.1171823 -0.00339061 0.08249741 0.1179548 -0.002258718 0.08450162 0.1155825 -0.002453982 0.08390867 0.1161131 -0.002954244 0.08329331 0.116654 -0.003533244 0.08249157 0.1173723 -0.003328561 0.08292907 0.1168234 -0.003131389 0.08364659 0.1160236 -0.003836452 0.08195698 0.1179922 -0.003447234 0.08329826 0.11618 -0.003418564 0.08413302 0.1154769 -0.003747463 0.08240562 0.1170343 -0.003731012 0.08210033 0.1184635 -0.003464162 0.08463883 0.1151738 -0.004070758 0.08179455 0.1172818 -0.003553569 0.08505547 0.1149765 -0.004006266 0.08294308 0.1160386 -0.004160344 0.08215028 0.1166375 -0.004256069 0.08133214 0.1174503 -0.004431784 0.08557933 0.1147457 -0.004082739 0.08366638 0.1154667 -0.004430472 0.08247363 0.1160002 -0.00440526 0.08150053 0.1168246 -0.004432201 0.08512139 0.1148146 -0.004430055 0.08405905 0.1151148 0.005432963 0.09222304 0.1147236 -0.002713501 0.08303052 0.1193775 -0.001444995 0.08345997 0.1198058 -0.004423737 0.07169491 0.1166212 -0.001451909 0.07150679 0.1197992 -0.001300513 0.07056039 0.1195993 -0.002319633 0.07141816 0.1195324 -0.002934932 0.07142829 0.1191965 -0.001977264 0.07052862 0.119423 -0.00121057 0.06964653 0.1190695 -0.002742648 0.07058691 0.1190864 -0.003598749 0.07155871 0.1186075 -0.001973688 0.06971472 0.1189415 -0.002517282 0.06991106 0.118815 -0.003676235 0.07065397 0.1182124 -0.004061341 0.07140594 0.1178957 -0.003170728 0.07011514 0.1184226 -0.004261136 0.07129627 0.1173636 0.005390882 0.07149749 0.1169095 0.005059301 0.07140588 0.1178992 0.005127966 0.07106041 0.1175639 0.004598736 0.07155865 0.1186075 0.004714071 0.07050222 0.1180253 0.003864943 0.07165455 0.1192546 0.004490554 0.07078462 0.1184946 0.004009842 0.07103615 0.1190524 0.003319621 0.07141816 0.1195324 0.00392282 0.07001632 0.1186039 0.003252267 0.07053351 0.1193342 0.002470254 0.07152098 0.1197968 0.002997398 0.06973594 0.1189506 0.002305507 0.07099932 0.1197242 0.002230644 0.07029998 0.119478 0.002219736 0.06961715 0.1190432 0.002592206 0.06348246 0.1128754 0.004110634 0.06348246 0.1119322 0.005076587 0.06348246 0.1102131 0.005482375 0.06347888 0.1078599 0.003713488 0.08303052 0.1193775 0.002444982 0.08345884 0.119807 -0.001473426 0.06348246 0.1128963 -0.002411425 0.06348246 0.1124789 -0.003509759 0.06348246 0.1114212 -0.004340827 0.06348246 0.1092759 -0.004434227 0.06348246 0.1078296 -0.004432976 0.09227854 0.1147188 -0.004432976 0.09261912 0.1144074 -0.004432976 0.09265023 0.113938 -0.004432976 0.08658498 0.1078296 0.005432963 0.09260934 0.1138781 0.005432963 0.09264731 0.1143986 0.005432963 0.08658498 0.1078296</float_array>
          <technique_common>
            <accessor source="#Part__Feature002_004-mesh-positions-array" count="123" stride="3">
              <param name="X" type="float"/>
              <param name="Y" type="float"/>
              <param name="Z" type="float"/>
            </accessor>
          </technique_common>
        </source>
        <source id="Part__Feature002_004-mesh-normals">
          <float_array id="Part__Feature002_004-mesh-normals-array" count="873">0.8351302 0.5490009 0.03399515 0.8615472 0.4248235 0.2779593 0.828585 0.4155186 0.3752219 0.8069563 0.4827569 0.3402459 0.7685626 0.6240088 0.1411551 0.7443087 0.6426431 0.1816988 0.7236934 0.566431 0.3942382 0.6939677 0.63133 0.3461667 0.607297 0.779284 0.1546186 0.5960464 0.7848913 0.169335 0.6905118 0.439696 0.5743352 0.5790914 0.7352046 0.3523173 0.6315736 0.5766359 0.5182722 0.5720098 0.583876 0.5761021 0.4310202 0.8796988 0.2008776 0.5446982 0.7480995 0.3790134 0.4012838 0.8532212 0.333144 0.3938759 0.9060079 0.1549568 0.4989673 0.6360887 0.588577 0.3564044 0.4545239 0.8163235 0.3563699 0.4544249 0.8163936 0.3563669 0.4543077 0.8164602 0.3343139 0.8492415 0.4086847 0.4924526 0.4984347 0.7134798 0.4509173 0.7644474 0.4607537 0.3790879 0.7462661 0.5471557 0.1860378 0.960538 0.2067772 0.2967516 0.8455706 0.4437895 0.3177727 0.6139613 0.7225456 0.3177344 0.6142081 0.7223527 0.3177307 0.6140365 0.7225002 0.2184569 0.9456196 0.2409984 0.3966085 0.6673746 0.6303276 0.3488446 0.4710882 0.810175 0.3367712 0.845119 0.4151616 0.1170454 0.8807524 0.4588853 0.2186207 0.7162613 0.6627026 0.2909756 0.5309791 0.7958609 0.2283231 0.4813449 0.8462718 0.2152645 0.2808417 0.9353016 0.1279654 0.875608 0.4657635 0.2026942 0.7330675 0.6492513 0.161834 0.3667556 0.9161332 0.1617439 0.3667258 0.9161611 0.1617317 0.3667193 0.9161658 0.1114214 0.7237187 0.6810408 0.1500462 0.5594242 0.8151875 0.2127703 0.418552 0.8829175 0.1093279 0.1583756 0.9813077 0.1276996 0.609893 0.7821276 0.1064282 0.4204008 0.9010751 0.102433 0.4290361 0.8974606 0.09943145 0.2631331 0.9596221 0.03783464 0.2296563 0.9725362 -0.004286825 0.966277 0.2574697 0.005161404 0.9546643 0.2976399 -0.003740489 0.8765292 0.4813343 -0.003745615 0.8765289 0.4813348 -0.003734409 0.8765295 0.4813338 -5.93159e-4 0.8682768 0.4960799 -0.007243812 0.7676844 0.6407873 0.005324482 0.7151458 0.6989551 0.00535959 0.7151461 0.6989545 0.005239486 0.7151558 0.6989455 0.00244522 0.599238 0.8005672 0.001494586 0.6055117 0.795835 -0.007329642 0.457726 0.8890631 0.001964986 0.3911968 0.920305 -0.001717388 0.2446538 0.969609 -0.001263022 0.2477605 0.9688206 -0.1501572 0.9720605 0.1804199 -0.2143362 0.934998 0.282558 -0.1786685 0.9280844 0.3267065 -0.4090959 0.8910627 0.1965907 -0.3763933 0.9140412 0.1511847 -0.1619073 0.8261243 0.5397267 -0.2997972 0.8791089 0.3705255 -0.4700379 0.8463583 0.2504838 -0.2282778 0.8413951 0.4898406 -0.1329491 0.73736 0.6622876 -0.4329044 0.8826352 0.1831641 -0.384675 0.8344417 0.3946292 -0.5948114 0.7919722 0.1377656 -0.6225728 0.7470306 0.2331276 -0.3758312 0.7651451 0.5227848 -0.1829302 0.6883788 0.7019054 -0.5601146 0.744557 0.3631895 -0.3658419 0.7642951 0.5310489 -0.09503489 0.5374935 0.8378958 -0.5665368 0.734282 0.3739867 -0.4990454 0.6886315 0.5260611 -0.2800542 0.6895027 0.6679489 -0.2799111 0.6895232 0.6679877 -0.2799705 0.689509 0.6679775 -0.6952702 0.665604 0.2712392 -0.7529532 0.6335183 0.1780902 -0.2040622 0.5723562 0.7942084 -0.3315399 0.6115706 0.7183751 -0.4756168 0.722294 0.5020758 -0.230813 0.4847133 0.8436697 -0.7934423 0.5955548 0.1255539 -0.7642321 0.5444233 0.3457641 -0.1411281 0.4051743 0.9032812 -0.1406881 0.4052757 0.9033043 -0.1408423 0.4052063 0.9033114 -0.5524764 0.6749618 0.4890772 -0.5580537 0.7038273 0.4395489 -0.558299 0.7036878 0.4394608 -0.5578407 0.7038426 0.4397947 -0.8387385 0.5440837 0.02215206 -0.08343076 0.281251 0.9560006 -0.688085 0.6663326 0.2872979 -0.1407153 0.3989788 0.9060989 -0.8840159 0.4251211 0.1943917 -0.4302045 0.5505272 0.7154328 -0.4301395 0.5505459 0.7154574 -0.4300966 0.5505515 0.7154788 -0.7298875 0.5504004 0.4053685 -0.07394725 0.1715996 0.9823877 -0.07379281 0.1716227 0.9823952 -0.07416278 0.1714594 0.9823959 -0.3938615 0.5445421 0.7405046 -0.3938791 0.5445355 0.7405001 -0.3936015 0.5445657 0.7406255 -0.6313427 0.5418473 0.5548045 -0.3368694 0.4614105 0.8207432 -0.3242213 0.4558311 0.8289142 -0.6436204 0.5370317 0.5452979 -0.8334121 0.4505999 0.3199751 -0.7331587 0.4284305 0.5281341 -0.1685116 0.1468732 0.9746959 -0.8403099 0.4166082 0.3468675 -0.5782868 0.4677147 0.6684516 -0.5783209 0.4675878 0.6685109 -0.5782061 0.4678376 0.6684353 -0.3159492 0.4626576 0.8283261 -0.2724909 0.3631679 0.890987 -0.272551 0.3631463 0.8909775 -0.2725217 0.3631553 0.8909828 -0.1549869 0.2683317 0.9507772 -6.38358e-4 0.004016995 0.9999918 -4.55404e-4 0.00408113 0.9999917 -3.70406e-4 0.003965198 0.9999921 -4.58185e-4 0.00400424 0.999992 -0.7719219 0.6353852 -0.02055323 -0.708292 0.7020304 0.07399845 -0.6137657 0.7894795 -0.003722965 -0.3936074 0.9192584 -0.006099164 -0.3303057 0.9433164 0.03244072 -0.2212504 0.9752169 -4.74125e-4 -0.2344458 -0.2366527 0.9428842 -0.2664622 -0.2179465 0.9388809 -0.4051519 -0.263535 0.8754435 -0.4697945 -0.2192755 0.855109 -0.4698085 -0.2192372 0.8551111 -0.4698173 -0.219217 0.8551115 -0.1962166 -0.4999668 0.8435238 -0.1865268 -0.5064107 0.8418765 -0.3878011 -0.4519053 0.8033629 -0.3588517 -0.4764692 0.8026223 -0.6719277 -0.2450753 0.698893 -0.6697651 -0.2483269 0.6998203 -0.8075652 -0.1766423 0.5627042 -0.6532551 -0.3510921 0.6708146 -0.5583608 -0.4627438 0.6885503 -0.5583476 -0.4627689 0.6885442 -0.5583738 -0.4627146 0.6885594 -0.8763664 -0.285458 0.3879377 0.9454944 -0.1097065 0.3066022 0.8545781 -0.2641544 0.4471229 0.8026536 -0.194448 0.5638592 0.8140143 -0.2370594 0.5302675 0.6515891 -0.09347397 0.7527911 0.6965973 -0.1979639 0.6896105 0.5023013 -0.1601834 0.8497263 0.6897733 -0.4264962 0.5850759 0.6207191 -0.3596222 0.6966919 0.6207121 -0.359631 0.6966937 0.62068 -0.3596657 0.6967043 0.4680413 -0.226534 0.8541778 0.4680467 -0.2265293 0.8541762 0.4680393 -0.2265357 0.8541784 0.5327414 -0.3783622 0.7569866 0.2638596 -0.2298631 0.9367716 0.2780594 -0.2180432 0.9354893 0.4320884 -0.4995462 0.7508351 0.4320865 -0.4995233 0.7508515 0.4320925 -0.4995716 0.7508159 0.2075906 -0.344529 0.9155359 0.2294314 -0.4804682 0.8464701 0.2294334 -0.4803896 0.8465142 0.2294345 -0.4804258 0.8464934 0.1797561 -0.5304101 0.8284643 0.001865267 -0.53714 0.843491 -0.007325887 -0.5020758 0.8647926 0.007849454 -0.3331124 0.9428545 0.007828354 -0.3331121 0.9428548 0.007810771 -0.3331109 0.9428553 -0.008574903 -0.2079548 0.9781008 0.00109297 -0.1382255 0.9904002 0.1886909 -0.6905501 0.698238 0.4001641 -0.6517906 0.6442343 0.4320757 -0.6382014 0.6371889 0.6898626 -0.5074403 0.5163274 0.6898629 -0.5074346 0.5163326 0.6898629 -0.5074346 0.5163326 0.7797318 -0.4472973 0.4381135 0.8670893 -0.3498632 0.3546153 0.9465978 -0.2277707 0.2281958 0.9696808 -0.1779535 0.1674863 0.9852415 0.001395225 0.1711645 0.9483329 -0.005232691 0.3172342 0.8908905 0.004053294 0.4542003 0.838076 -0.002641558 0.545547 0.6675071 0.001529395 0.7446019 0.6614538 7.00607e-4 0.7499856 0.4550862 -0.003563106 0.8904404 0.3205985 -1.21644e-4 0.9472152 0.2980565 0.002581238 0.9545447 0.2980582 0.002600252 0.9545441 0.2980586 0.00260514 0.9545441 0.7333836 0.6794749 0.02150177 0.7044699 0.7068356 0.06407546 0.6162699 0.7875351 3.61993e-4 0.4417455 0.896947 -0.01862967 0.330972 0.9429039 0.03727883 0.2233845 0.9747281 -0.002169132 -0.9994866 0.001219987 0.03201651 -0.9771198 -0.002570092 0.2126744 -0.9728231 -0.00151211 0.231545 -0.9359928 -0.002570688 0.3520098 -0.8888143 0.00312227 0.4582568 -0.8381915 -0.003067076 0.5453675 -0.6691253 0.001754105 0.7431476 -0.6636096 9.95673e-4 0.7480784 -0.4791404 -0.004547476 0.8777264 -0.2947288 0.002728819 0.9555771 -0.2947286 0.002726554 0.9555771 -0.2947267 0.002704262 0.9555777 -0.3194409 -3.2951e-4 0.9476063 -0.319441 -3.2221e-4 0.9476062 -0.319441 -3.22367e-4 0.9476061 -0.1791723 -0.692354 0.6989587 -0.2994213 -0.67658 0.6727455 -0.3870097 -0.6504894 0.653519 -0.5625284 -0.5850498 0.5841905 -0.541785 -0.5969271 0.5917324 -0.7219396 -0.4845408 0.4939872 -0.8743551 -0.3442217 0.342074 -0.8761308 -0.3423549 0.3393936 -0.9804825 -0.1364785 0.14152 -0.9956437 -0.06754338 0.06427675 -1 0 0 -1 -1.81187e-4 -8.62353e-5 -0.9999994 0.001030504 3.24905e-4 -0.9999977 -0.002100169 -3.31023e-4 -0.9999997 6.05909e-4 6.07106e-4 -1 -1.53944e-4 1.52754e-4 -0.9999999 -6.257e-4 -1.23513e-5 -0.9999994 5.35197e-5 0.001137852 6.06651e-4 -8.43159e-4 0.9999995 -3.07842e-4 -5.48963e-4 0.9999999 2.92739e-4 0.999906 0.01371473 0.002631306 0.9998335 0.01805937 0.003678739 0.9973702 -0.07238262 0.003689467 0.9973701 -0.07238245 0.004025042 0.9973447 -0.07271474 -0.002793788 0.997806 0.06614673 -0.001270413 0.6747658 0.7380309 0.003038763 0.6080133 0.793921 1 1.95047e-6 0 1 -1.52406e-4 1.51829e-4 1 -1.81746e-4 -8.29459e-5 0.9999997 -9.555e-4 3.39964e-5 0.9999996 8.89027e-4 4.59439e-4 0.9999452 -0.00992459 -0.003317296 0.9999965 -0.002652704 2.27075e-4 0.9999641 0.002149581 0.008206725 0.9999921 -0.002919495 -0.002729296 -0.001348972 0.7085236 -0.7056859 0 0.7096161 -0.7045886 -6.3776e-4 -0.7076158 0.7065972 0.003627717 -0.7088922 0.7053076 0.003056943 -3.38836e-6 -0.9999954 0 -0.001313984 -0.9999992 0 -1 9.26054e-6 0 -1 0 0.001993656 -0.9999963 0.001862585 -3.26078e-4 -1 2.58537e-4 3.67099e-6 -0.9999998 7.12882e-4 -3.58482e-4 -1 1.94728e-5</float_array>
          <technique_common>
            <accessor source="#Part__Feature002_004-mesh-normals-array" count="291" stride="3">
              <param name="X" type="float"/>
              <param name="Y" type="float"/>
              <param name="Z" type="float"/>
            </accessor>
          </technique_common>
        </source>
        <vertices id="Part__Feature002_004-mesh-vertices">
          <input semantic="POSITION" source="#Part__Feature002_004-mesh-positions"/>
        </vertices>
        <triangles material="Part__Feature002_004-material" count="242">
          <input semantic="VERTEX" source="#Part__Feature002_004-mesh-vertices" offset="0"/>
          <input semantic="NORMAL" source="#Part__Feature002_004-mesh-normals" offset="1"/>
          <p>0 0 3 0 1 0 0 1 2 1 3 1 0 2 4 2 2 2 4 3 6 3 2 3 2 4 7 4 3 4 3 5 7 5 5 5 2 6 6 6 7 6 6 7 9 7 7 7 5 8 10 8 8 8 7 9 10 9 5 9 4 10 11 10 6 10 9 11 13 11 7 11 6 12 14 12 9 12 11 13 14 13 6 13 8 14 10 14 12 14 7 15 13 15 10 15 10 16 13 16 15 16 10 17 17 17 12 17 9 18 14 18 13 18 18 19 16 20 11 21 15 22 17 22 10 22 11 23 16 23 14 23 13 24 19 24 15 24 13 25 14 25 19 25 17 26 20 26 12 26 19 27 23 27 15 27 14 28 16 29 21 30 17 31 24 31 20 31 14 32 21 32 19 32 18 33 22 33 16 33 15 34 23 34 17 34 23 35 24 35 17 35 21 36 23 36 19 36 16 37 26 37 21 37 22 38 26 38 16 38 18 39 25 39 22 39 27 40 24 40 23 40 21 41 28 41 23 41 25 42 29 43 22 44 23 45 28 45 27 45 21 46 26 46 28 46 22 47 29 47 26 47 25 48 30 48 29 48 26 49 31 49 28 49 26 50 29 50 31 50 29 51 32 51 31 51 30 52 33 52 29 52 33 53 32 53 29 53 20 54 24 54 34 54 34 55 24 55 35 55 24 56 27 57 35 58 35 59 27 59 36 59 27 60 28 60 36 60 36 61 28 62 37 63 28 64 31 64 37 64 37 65 31 65 38 65 31 66 32 66 38 66 38 67 32 67 39 67 39 68 32 68 40 68 32 69 33 69 40 69 34 70 42 70 41 70 35 71 42 71 34 71 35 72 45 72 42 72 41 73 44 73 43 73 42 74 44 74 41 74 35 75 36 75 45 75 42 76 45 76 44 76 45 77 46 77 44 77 36 78 49 78 45 78 37 79 48 79 36 79 44 80 46 80 43 80 45 81 50 81 46 81 43 82 51 82 47 82 43 83 46 83 51 83 45 84 49 84 50 84 36 85 48 85 49 85 46 86 50 86 52 86 49 87 53 87 50 87 37 88 38 88 48 88 46 89 52 89 51 89 53 90 55 90 50 90 48 91 56 92 49 93 52 94 57 94 51 94 47 95 51 95 54 95 38 96 59 96 48 96 56 97 53 97 49 97 50 98 55 98 52 98 59 99 56 99 48 99 51 100 60 100 54 100 51 101 57 101 60 101 39 102 61 103 38 104 55 105 62 105 52 105 53 106 62 107 55 108 58 109 54 109 64 109 65 110 61 110 39 110 52 111 63 111 57 111 38 112 61 112 59 112 60 113 64 113 54 113 53 114 56 115 62 116 63 117 60 117 57 117 40 118 65 119 39 120 56 121 66 122 62 123 52 124 62 124 63 124 56 125 59 125 66 125 59 126 70 126 66 126 62 127 67 127 63 127 60 128 68 128 64 128 68 129 63 129 67 129 65 130 69 130 61 130 63 131 68 131 60 131 66 132 67 133 62 134 66 135 70 135 67 135 59 136 61 137 70 138 61 139 69 139 70 139 65 140 40 140 116 140 40 141 71 141 116 141 40 142 33 142 71 142 33 143 30 143 71 143 47 144 54 144 58 144 47 145 58 145 72 145 43 146 47 146 72 146 41 147 43 147 72 147 41 148 72 148 73 148 34 149 41 149 73 149 79 150 76 150 75 150 79 151 75 151 77 151 81 152 79 152 77 152 81 153 77 154 78 155 83 156 76 156 79 156 83 157 80 157 76 157 84 158 79 158 81 158 84 159 83 159 79 159 85 160 81 160 78 160 85 161 78 161 82 161 85 162 82 162 86 162 87 163 81 163 85 163 87 164 84 165 81 166 85 167 86 167 88 167 91 168 89 168 90 168 93 169 91 169 90 169 95 170 90 170 92 170 95 171 93 171 90 171 96 172 92 172 94 172 95 173 92 173 96 173 97 174 96 174 94 174 98 175 93 175 95 175 98 176 95 177 96 178 99 179 96 180 97 181 99 182 98 182 96 182 99 183 97 183 100 183 102 184 99 184 100 184 101 185 98 186 99 187 103 188 99 188 102 188 103 189 101 190 99 191 104 192 101 192 103 192 80 193 104 193 103 193 76 194 80 194 103 194 76 195 103 196 102 197 75 198 76 198 102 198 75 199 102 199 100 199 101 200 104 200 105 200 101 201 105 201 106 201 98 202 101 202 106 202 93 203 98 204 106 205 93 206 106 206 107 206 91 207 93 207 107 207 89 208 91 208 107 208 89 209 107 209 108 209 89 210 4 210 0 210 90 211 89 211 0 211 90 212 0 212 1 212 92 213 90 213 1 213 92 214 1 214 109 214 94 215 92 215 109 215 97 216 94 216 109 216 100 217 109 217 110 217 100 218 97 219 109 220 5 221 1 221 3 221 109 222 1 222 5 222 109 223 5 223 8 223 109 224 8 224 12 224 110 225 109 225 12 225 110 226 12 226 20 226 68 227 67 227 74 227 68 228 74 228 88 228 64 229 68 229 88 229 64 230 88 230 86 230 58 231 64 231 86 231 58 232 86 232 82 232 72 233 58 233 82 233 72 234 82 234 78 234 72 235 78 235 77 235 72 236 77 237 75 238 73 239 72 240 75 241 111 242 80 242 83 242 112 243 111 243 83 243 112 244 83 244 84 244 113 245 112 245 84 245 113 246 84 246 87 246 113 247 87 247 85 247 113 248 85 248 88 248 114 249 113 249 88 249 114 250 88 250 74 250 115 251 114 251 74 251 118 252 116 252 117 252 65 253 116 253 118 253 119 254 69 254 65 254 119 255 70 255 69 255 119 256 67 256 70 256 119 257 65 257 118 257 74 258 67 258 119 258 115 259 74 259 119 259 75 260 100 260 110 260 75 261 110 261 73 261 110 262 20 262 73 262 73 263 20 263 34 263 121 264 120 265 118 266 121 267 118 267 117 267 121 268 117 268 116 268 71 269 121 269 116 269 71 270 120 270 121 270 30 271 122 271 120 271 30 272 120 272 71 272 25 273 122 273 30 273 18 274 122 274 25 274 11 275 122 275 18 275 89 276 122 276 11 276 89 277 108 277 122 277 89 278 11 278 4 278 118 279 120 279 122 279 118 280 122 280 119 280 104 281 80 281 111 281 104 282 111 282 105 282 108 283 115 283 119 283 108 284 119 284 122 284 111 285 113 285 114 285 111 286 112 286 113 286 107 286 106 286 105 286 108 287 107 287 105 287 108 288 111 288 114 288 108 289 105 289 111 289 108 290 114 290 115 290</p>
        </triangles>
      </mesh>
    </geometry>
    <geometry id="Part__Feature_006-mesh" name="Part__Feature.006">
      <mesh>
        <source id="Part__Feature_006-mesh-positions">
          <float_array id="Part__Feature_006-mesh-positions-array" count="1218">-0.00332719 0.04446941 0.1150643 -0.001402914 0.0445047 0.1153638 -0.003427922 0.04417699 0.1130475 -8.08367e-4 0.04464513 0.1166483 -0.004659712 0.04400807 0.1121084 0.00181514 0.04453831 0.1156524 0.001849949 0.04463744 0.1165817 -0.003069341 0.04343432 0.1096435 -0.003390789 0.04305005 0.1084136 0.004054844 0.04450231 0.1153275 0.004215955 0.04423016 0.1133858 -2.70127e-4 0.04275345 0.1076769 0.005343556 0.04418146 0.1131126 -0.001026332 0.04242551 0.1069291 0.004337847 0.04361969 0.1103703 0.001672387 0.04235774 0.1067799 0.005417823 0.0436989 0.110732 0.002632319 0.04299592 0.1082902 0.004347741 0.04306 0.1084564 -0.003267467 0.03256511 0.1101978 -0.00153166 0.03395956 0.1081622 0.001969516 0.03408485 0.1078637 0.004167854 0.03271591 0.1100443 0.004417419 0.02860796 0.112821 0.003789603 0.02133733 0.1140254 0.001740813 0.01930236 0.1156139 -9.55459e-4 0.01942521 0.1155433 -0.00280559 0.02129763 0.1140661 -0.003513872 0.02942156 0.1123735 -0.004452645 0.03223383 0.110501 -0.002883851 0.03397727 0.1079446 -1.02841e-4 0.03428959 0.1066942 0.003255903 0.03414499 0.1074514 0.005070149 0.03296208 0.1096557 0.00550425 0.03069031 0.1116021 0.005264163 0.02680128 0.1132408 0.004941284 0.02124941 0.1140476 0.003626286 0.01916623 0.1156691 -0.001406073 0.0171197 0.1164373 -0.002995193 0.0196135 0.1153774 -0.003970086 0.0213207 0.1140301 -0.004370927 0.02756172 0.1130745 -0.008103191 0.0337764 0.1067047 0.01263982 -0.03428363 0.1187654 0.01017987 -0.04898357 0.117257 0.02634984 -0.03775489 0.1172393 0.004016876 -0.06459444 0.113148 0.0253098 -0.04714405 0.1156803 0.03218775 -0.03826802 0.1159926 0.03410875 -0.01968139 0.116975 0.01843231 -0.01554322 0.1189224 0.0269618 -0.0610249 0.1114256 0.01751989 -0.06786465 0.1092062 0.03465569 -0.05647361 0.110471 0.04047131 -0.04116648 0.1131688 0.03803551 -0.05138194 0.1114978 0.04379469 -0.04371708 0.1113713 0.02740633 -0.001066267 0.1172151 0.0355857 -0.006936371 0.1160842 0.04781216 -0.02191287 0.1126909 0.04855817 -0.03869593 0.1092774 0.02974832 0.005390346 0.115762 0.01036858 -0.003945589 0.1189677 0.01648777 0.008838713 0.1172453 0.04839557 -0.01047337 0.1122707 0.02080667 0.01325851 0.1157955 0.04302054 -8.1414e-4 0.1131225 0.01040852 0.01727789 0.1160406 0.001088261 0.0157265 0.116769 0.04351305 0.007009387 0.1113958 0.04706871 -0.001244366 0.1115344 0.04820102 0.003310263 0.1085569 -0.007523417 -0.001826703 0.1189008 0.03866463 0.0134589 0.1115311 0.03465574 0.01933175 0.110471 0.02394872 0.02620834 0.1110076 -0.01936137 0.00652951 0.1172824 -0.009714245 0.01753515 0.115862 0.01711034 0.0306015 0.109536 0.01115137 0.02902996 0.1121324 -0.01926636 0.01392716 0.1156246 0.008906662 0.03291445 0.1090716 -0.02671283 0.007538616 0.1157762 -0.01469415 -0.01133716 0.1190002 -0.0101521 0.02908951 0.1121068 -0.0311101 -0.01113182 0.1171889 -0.008470594 0.03279548 0.109105 -0.03336429 -0.002782881 0.1160132 -0.01332825 -0.02589499 0.1191362 -0.02302306 0.02616953 0.111019 -0.01596891 0.03043782 0.1097567 -0.02963638 0.02162873 0.1112117 -0.03280025 -0.02373743 0.1170095 -0.03840297 0.01347273 0.1111525 -0.04359197 0.00715959 0.1104711 -0.0474171 -0.01240205 0.1123487 -0.04741489 -0.002158463 0.1108602 -0.02423959 -0.03949242 0.1171556 -0.03074622 -0.0387094 0.1160789 -0.0461812 -0.02362495 0.1128591 -0.01132404 -0.04800933 0.117268 -9.28786e-4 -0.03513705 0.1190549 -0.04186117 -0.03869372 0.1128476 -0.02391141 -0.04741477 0.1157315 -0.04359197 -0.04430145 0.1104711 -0.04664647 -0.03481322 0.1115338 -0.03932404 -0.04861235 0.1114979 -0.03369557 -0.05647367 0.110471 -0.02525043 -0.06264299 0.1104711 -0.01615017 -0.06774342 0.109536 -0.01648354 -0.06493568 0.1117604 -0.008443534 -0.06512212 0.1127526 0.008759915 -0.02537131 0.1193976 0.002879142 -0.05600279 0.1158981 0.02640545 -0.05675321 0.1131964 0.01977592 -0.06392949 0.1117979 4.05376e-4 -0.07108277 0.1084247 -5.63505e-4 -0.07147902 0.10675 0.01017248 -0.06766945 0.1113791 0.008156716 -0.07062888 0.1082195 0.01303255 -0.07009631 0.1067518 0.02520209 -0.06483477 0.1085894 0.02349764 -0.0662685 0.1067408 0.03198647 -0.06076943 0.108113 0.03323018 -0.06016182 0.1067335 0.03792428 -0.05527436 0.1086834 0.04618144 -0.03489428 0.1122536 0.04010343 -0.05379188 0.1068131 0.04461628 -0.04687649 0.1086793 0.04639494 -0.0450676 0.1068037 0.05047005 -0.03049224 0.1101155 0.05027884 -0.0221287 0.1113982 0.05121207 -0.03402316 0.1067388 0.05126583 -0.03261619 0.10791 0.05283796 -0.02109348 0.108756 0.0524069 -0.02684658 0.108272 0.05118465 -0.007015526 0.1093979 0.05222213 -0.01491904 0.1095343 0.05336016 -0.02115499 0.1067336 0.03551125 0.01117247 0.1131886 0.05305254 -0.01168239 0.1067679 0.05126583 -0.004525601 0.10791 0.04831582 0.004355728 0.1067347 0.04365205 0.01151835 0.1083202 0.02879112 0.02058398 0.1123402 0.02041107 0.02327138 0.1130666 0.04086697 0.01565277 0.1067336 0.03664094 0.01965886 0.1083228 0.03323024 0.02301985 0.1067335 0.02893596 0.02556842 0.1084998 0.02349764 0.02912646 0.1067414 0.02151197 0.02964484 0.1081715 0.01526749 0.03227579 0.1067832 0.007643461 0.03392827 0.1067382 -0.01945304 0.0232712 0.1130664 -0.02918881 0.01731407 0.1130332 -0.01491433 0.03181898 0.1080219 -0.02538877 0.02727055 0.1082982 -0.02198541 0.02940165 0.106735 -0.03743958 0.008410513 0.1130005 -0.0330376 0.02177095 0.1086588 -0.03465396 0.02115273 0.1067906 -0.0439639 -7.91077e-4 0.1125407 -0.0398696 0.01511102 0.1083188 -0.03990685 0.01565277 0.1067336 -0.04371678 0.009642899 0.1086743 -0.04545599 0.007870316 0.1067918 -0.04776698 0.001895785 0.1086035 -0.05025202 -0.003118634 0.1067388 -0.05030578 -0.004525601 0.10791 -0.05229753 -0.01364767 0.1067726 -0.05126208 -0.01491898 0.1095343 -0.05020827 -0.007564961 0.1096127 -0.05187785 -0.0210936 0.1087561 -0.04951 -0.03049218 0.1101155 -0.03386121 -0.04961109 0.1131228 -0.05144679 -0.02684664 0.108272 -0.05167889 -0.02780437 0.1067338 -0.04755377 -0.03948533 0.1086688 -0.05030578 -0.03261619 0.10791 -0.02864629 -0.05764323 0.1121634 -0.04734206 -0.04147493 0.1067526 -0.04404431 -0.04649329 0.1083193 -0.04002046 -0.05199414 0.1085126 -0.02006095 -0.0594812 0.1131948 -0.00386852 -0.05592185 0.1158047 -0.03818571 -0.05480778 0.1067309 -0.02822196 -0.06240004 0.1087701 -0.03433269 -0.05799841 0.1082296 -0.02930074 -0.06228834 0.1067398 -0.02253758 -0.06626838 0.1067414 -0.007992446 -0.06972974 0.109657 -0.01430732 -0.06941771 0.1067832 -0.02055186 -0.06678676 0.1081715 -0.00748223 -0.07093286 0.1067796 4.8004e-4 -0.05861091 0.1140644 0.01601439 -0.05317819 0.1157128 9.69015e-4 -0.0187627 0.1196907 -0.04925608 -0.0223214 0.11144 -0.01496249 -0.05337458 0.1156237 -0.007595658 -0.0579791 0.1140165 0.008555769 -0.05797916 0.1140165 -0.003238499 -0.0132507 0.1195924 0.01220607 0.02006334 0.1139933 -0.0113669 0.01999562 0.1140034 7.6615e-4 -0.07002449 0.1100409 0.01434075 -0.05625844 0.1140435 -0.01338064 -0.05625844 0.1140435 9.07895e-4 -0.06819921 0.1115547 -0.02141082 -0.05228143 0.1140472 0.02237093 -0.05228143 0.1140472 -0.02371603 0.01368933 0.114025 0.02467721 0.01368868 0.1140249 0.03162461 -0.04509466 0.1138392 0.03419953 0.004589259 0.1138392 -0.0332393 0.00458914 0.1138392 -0.0306645 -0.04509466 0.1138392 -0.001139879 -0.07055175 0.1067339 -0.00279957 -0.03499031 0.1180625 -0.001331865 -0.05356335 0.1156423 0.01377272 -0.02963364 0.118026 0.01021766 -0.05430966 0.1150447 -2.89679e-4 -0.05590778 0.1148084 0.0179786 -0.04334002 0.1164594 -9.21094e-4 -0.05834037 0.1130794 0.01078647 -0.05738681 0.1130092 0.02084976 -0.05000209 0.1147847 0.002675056 -0.06477379 0.1121158 0.02719014 -0.04372131 0.1151733 0.03076046 -0.03315627 0.115896 0.0219056 -0.05240881 0.1130251 0.02555614 -0.0151475 0.1172327 0.03026765 -0.04531508 0.1130071 0.0338028 -0.03542494 0.1148345 0.03581953 -0.03735244 0.1130162 0.006556391 -0.009046375 0.118395 0.02025526 -0.00148797 0.1171252 0.03009021 0.003216028 0.1151309 0.03452765 -0.003405869 0.1148734 0.02546316 0.009276807 0.1147695 0.01733046 0.01073765 0.1158719 0.03693997 -0.001780211 0.1130123 0.03016614 0.008226096 0.1130266 -0.003119111 0.007092177 0.1171554 0.01776015 0.01462936 0.1147811 0.02119034 0.01580542 0.1130159 -0.008367836 -0.01044356 0.118313 -0.01753389 9.69312e-4 0.1170265 -0.01301866 0.01566714 0.1150863 -0.02012336 0.0127173 0.114791 -0.02642345 0.006385743 0.1151667 -0.02587175 -0.01239293 0.1170004 -0.0202127 0.01577711 0.1130046 -0.01162385 -0.0229879 0.1182652 -0.03258192 -0.001885652 0.1150034 -0.02788674 0.009751856 0.1130234 -0.03485947 2.10553e-4 0.1130162 -0.02250546 -0.03042322 0.1171233 -0.02643984 -0.03939181 0.1158285 -0.03357458 -0.03361415 0.1148929 -0.02746546 -0.04394948 0.1147054 -0.03415066 -0.0388363 0.1130239 -0.003919422 -0.06590682 0.1115885 0.01442134 -0.06243121 0.112134 0.001778364 -0.07028615 0.1075707 0.01031887 -0.06740599 0.1102703 0.02957361 -0.05345577 0.1122458 0.02084666 -0.06398528 0.1102284 0.02522641 -0.05927211 0.1115304 0.02939909 -0.06011146 0.1095196 0.03597831 -0.05132454 0.1112626 0.03841543 -0.04402285 0.1121869 0.03728979 -0.02285027 0.1150164 0.03913331 -0.02909404 0.1130108 0.04367142 -0.03305405 0.1122166 0.0411098 -0.04750514 0.1101962 0.04637879 -0.03785443 0.1103396 0.04059231 -0.0165233 0.1130079 0.0363909 -0.01053148 0.1151059 0.04529637 -0.04411852 0.108174 0.04691314 -0.01789569 0.1120422 0.04827731 -0.03057801 0.1106433 0.0501545 -0.02119797 0.1102591 0.04401463 -0.003620386 0.1121253 0.03367513 0.01264595 0.1122862 0.04971724 -0.009325563 0.1100785 0.04338657 0.004590213 0.1109896 0.04627406 0.003403306 0.1093354 0.03587794 0.01550883 0.1108006 0.009355545 0.01709872 0.115102 0.04214751 0.01180619 0.1082195 0.03713822 0.0172609 0.1086404 0.009103357 0.02060961 0.113011 -0.002148509 0.01838791 0.1150172 0.02098184 0.02208167 0.11224 0.03209519 0.02125382 0.1092577 0.02409267 0.02477419 0.1105992 -0.002991259 0.02134758 0.11301 0.02596282 0.02610331 0.1083737 0.0146985 0.02651417 0.1116539 0.004364728 0.02729654 0.1121282 -0.0124424 0.01946765 0.1129946 0.01111787 0.03029185 0.1102264 -0.01355975 0.02467387 0.1122428 -8.78956e-4 0.03167146 0.1098792 5.60023e-4 -0.01932853 0.1186838 -0.02366465 0.0199632 0.1122372 -0.01939475 0.02604538 0.1108869 -0.02049291 0.02766257 0.1093186 -0.01063823 0.03059029 0.1097354 -0.02784448 0.02176225 0.1106438 -0.03280258 0.01251 0.1122453 -0.0363298 -0.0142917 0.1150164 -0.03719186 0.01315444 0.1106857 -0.03377342 0.01864075 0.1095276 -0.03870058 -0.009947657 0.113011 -0.04327648 -0.004007339 0.1120903 -0.04070955 0.004871428 0.1116113 -0.03925842 0.01428765 0.1080781 -0.03932344 -0.02400416 0.1130075 -0.03547888 -0.02656632 0.1150873 -0.04538744 -0.01468616 0.1121282 -0.04699146 -0.002736389 0.1101583 -0.04882186 -0.01624536 0.1105132 -0.04276478 -0.03261077 0.1122428 -0.04937177 -0.02595025 0.1097397 -0.04685091 -0.02559733 0.1114714 -0.01262134 -0.05096882 0.1156351 -0.03273475 -0.04938399 0.1123031 -0.04705226 -0.03514647 0.1097862 -0.04112756 -0.04156857 0.111634 -0.03415572 -0.0524441 0.1111116 -0.04235607 -0.04433208 0.1101796 -0.04078531 -0.04926627 0.1083771 -0.007779181 -0.05508947 0.1147472 -0.03410422 -0.05533826 0.1097179 -0.01733899 -0.06130594 0.1121224 -0.008546769 -0.06886559 0.108868 -9.72902e-4 -0.06963574 0.1089447 -9.06041e-4 -0.06825697 0.1102985 0.007285118 -0.06912904 0.1090288 0.01334542 -0.06864941 0.1079213 0.008832693 -0.06980031 0.1067408 0.01930904 -0.06696641 0.1067368 0.02115476 -0.06542384 0.1087582 0.02640372 -0.06328886 0.1078473 0.03090429 -0.060745 0.1067441 0.03456205 -0.0567435 0.1089287 0.03925222 -0.05271989 0.1078935 0.0383383 -0.0540592 0.1067336 0.04439967 -0.04632258 0.1067433 0.04944133 -0.0350213 0.1079471 0.04940104 -0.03608465 0.1067335 0.05138385 -0.02676689 0.1081711 0.05185973 -0.02596545 0.1067336 0.05239856 -0.01775175 0.1067426 0.0519095 -0.01683557 0.1083748 0.05092871 -0.009176731 0.1085478 0.05133253 -0.00802952 0.1067473 0.04924559 -0.001803398 0.1081307 0.04776823 0.002894222 0.1067361 0.04531425 0.007009387 0.1079386 0.04065698 0.01449733 0.1067451 0.03201222 0.02278882 0.1067864 0.02259486 0.02846908 0.106739 0.01017534 0.03172552 0.1087075 0.01774072 0.02991062 0.1083421 -0.006546318 0.02876007 0.1114714 0.0101307 0.03247535 0.1067785 4.39422e-4 0.03337317 0.1067709 0.003377377 0.03292983 0.1079866 -0.007600724 0.03270506 0.1067336 -0.00639081 0.03263664 0.1079688 -0.0197764 0.02933579 0.1067409 -0.01597756 0.03038412 0.107968 -0.02596104 0.02565962 0.108223 -0.03128182 0.0225625 0.1067382 -0.03434967 0.01952493 0.1080237 -0.0418502 0.01166164 0.1067336 -0.04375708 0.007252275 0.1088395 -0.04834234 -0.001794576 0.1079841 -0.04761266 0.001226484 0.1067442 -0.05078071 -0.01798641 0.1086244 -0.0501936 -0.009661495 0.1083945 -0.05133521 -0.0141614 0.1067484 -0.05140119 -0.02027773 0.1067336 -0.016083 -0.0517252 0.1150159 -0.05079197 -0.02511435 0.1079169 -0.05041956 -0.02888119 0.1067474 -0.04818969 -0.03543728 0.10826 -0.04646778 -0.04089796 0.1067361 -0.04430669 -0.04442292 0.1077501 -0.01491856 -0.05546188 0.1129917 -0.04054164 -0.05036854 0.1067438 -0.03510385 -0.05645388 0.1067398 -0.007423877 -0.05752885 0.1130988 -0.03318846 -0.05777388 0.1079734 -0.01471227 -0.06657266 0.1098819 -0.02499365 -0.06270158 0.1091126 -0.02577853 -0.05929028 0.1111612 -0.02438706 -0.04987967 0.1130541 -0.02618539 -0.06317222 0.106801 -0.0139662 -0.06807374 0.1081786 -0.01606523 -0.06786584 0.1067365 -0.004875063 -0.06997096 0.1077781 -0.02043259 -0.06574469 0.1079199</float_array>
          <technique_common>
            <accessor source="#Part__Feature_006-mesh-positions-array" count="406" stride="3">
              <param name="X" type="float"/>
              <param name="Y" type="float"/>
              <param name="Z" type="float"/>
            </accessor>
          </technique_common>
        </source>
        <source id="Part__Feature_006-mesh-normals">
          <float_array id="Part__Feature_006-mesh-normals-array" count="2454">0.004244506 0.9896087 -0.1437242 -0.001385629 0.9941415 -0.1080785 -0.02733093 0.9894712 -0.1421258 -6.79158e-4 0.9941061 -0.1084097 2.22363e-4 0.9943609 -0.1060495 0.02641189 0.9772545 -0.2104194 -0.08416676 0.9571527 -0.2770828 6.00681e-4 0.9943585 -0.1060702 -0.004266202 0.9902599 -0.1391658 0.01908516 0.9528831 -0.3027368 0.009349465 0.9903814 -0.1380482 -0.006313502 0.9180995 -0.3962998 -0.005773425 0.9800543 -0.1986465 7.39315e-4 0.9155133 -0.4022871 -0.005283117 0.9800218 -0.1988198 0.006110072 0.9197297 -0.3925049 0.02356344 0.9595739 -0.2804688 -0.008671879 0.9597594 -0.2806899 0.003503203 0.9203383 -0.3911078 0.9941958 -0.01067948 0.1070551 0.9955394 -0.01338344 0.09339386 0.7540648 0.01973587 0.6565034 0.5688408 -0.03622096 0.8216497 0.5688398 -0.03624004 0.8216496 0.5688385 -0.03625327 0.8216498 0.08334141 0.04298019 0.9955938 -0.2036425 -0.0316506 0.9785336 -0.2036426 -0.0316469 0.9785337 -0.2036427 -0.0316748 0.9785329 -0.6985476 0.01771324 0.7153444 -0.7722445 -0.006955981 0.6352875 -0.9941282 0.01228356 0.10751 -0.999209 -0.01150894 -0.03806722 -0.8973525 0.00438255 -0.4412928 -0.6869711 -0.007508158 -0.726646 -0.6146094 0.003010809 -0.788826 0.02627342 0.001444578 -0.9996538 0.08935421 -0.005531191 -0.9959846 0.627405 0.005622923 -0.7786729 0.7534377 -0.008773744 -0.6574609 0.9389866 0.0102365 -0.3438014 -0.9430831 0.02864509 -0.3313214 -0.8460856 -0.01973754 -0.5326818 -0.5289514 0.01431006 -0.8485314 -0.4081341 -0.01996761 -0.9127037 -0.05464547 0.02262693 -0.9982495 0.2182422 -0.03766232 -0.9751677 0.5247653 0.03162002 -0.8506594 0.76624 -0.02145206 -0.6421964 0.9033667 0.01372021 -0.4286496 0.973769 -0.008737921 -0.2273715 0.9995296 0.008609414 0.02943897 0.9905948 -0.003516256 0.136784 0.9321368 -0.001588523 0.3621032 0.8646563 0.005312919 0.5023358 0.7796525 -0.004744231 0.6261945 0.4945888 0.003352284 0.8691207 0.4025549 -0.004672586 0.9153839 0.4025547 -0.00468558 0.915384 0.4030153 -0.005164682 0.9151787 0.02505004 0.005818367 0.9996693 -0.1343948 -0.004675209 0.9909169 -0.5325759 0.005078971 0.8463671 -0.551457 0.003141105 0.8341975 -0.8122461 -0.003502607 0.5833046 -0.9120345 0.00700879 0.4100537 -0.896375 0.01028943 0.4431774 -0.9998457 -0.01756709 -1.36652e-4 0.04668158 0.9987759 -0.01636302 -0.06351244 0.9922725 0.1065905 0.02791553 -0.1066544 0.9939042 0.08104336 -0.1151483 0.9900369 0.06917899 -0.258492 0.9635332 0.1273364 -0.1818361 0.9750494 0.1172146 -0.175298 0.9775128 0.1901206 -0.1812765 0.9648798 0.1006691 -0.03944438 0.9941378 0.1142233 -0.03451466 0.9928554 0.2946285 -0.6376667 0.711741 0.2021966 -0.07251739 0.9766565 0.2829184 -0.1186765 0.9517737 0.132253 0.03483992 0.9906035 0.2855409 -0.07998788 0.9550228 0.2725134 -0.06656867 0.9598464 0.09208095 0.06013518 0.993934 0.1711742 0.04894053 0.9840245 0.3029052 0.03147286 0.9525009 0.2293244 0.1337941 0.9641108 0.08644646 0.09226852 0.9919747 0.290418 0.02033156 0.9566839 0.1491224 0.1653146 0.9749019 0.3061837 0.08678245 0.9480087 0.1549966 0.1678876 0.973545 0.1059606 0.2149215 0.9708663 0.02397638 0.1222043 0.9922153 0.04776728 0.1747937 0.9834457 0.0272172 0.2862066 0.9577813 0.6538385 0.2933815 0.69744 0.009988725 0.1157211 0.9932315 -0.03748065 0.1385738 0.9896427 -0.0623697 0.1241267 0.9903043 0.02714133 0.3867289 0.9217939 -0.1067318 0.2187376 0.969929 0.1241573 0.6591744 0.7416698 0.1214721 0.6566843 0.7443187 -0.1671463 0.2176488 0.9616087 -0.08388167 0.07363182 0.9937516 -0.1085973 0.06699085 0.9918261 -0.1607844 0.6642467 0.730017 -0.1536291 0.09699332 0.9833567 -0.1804759 0.1386708 0.9737551 -0.1096836 -0.001007139 0.9939661 -0.1085264 4.01134e-4 0.9940935 -0.3580293 0.03472375 0.9330645 -0.298097 0.07292681 0.9517457 -0.2765516 0.0382086 0.9602393 -0.1142055 -0.05285686 0.9920501 -0.2961485 0.01081496 0.9550807 -0.1725794 -0.08467388 0.9813495 -0.2955392 -0.09960234 0.9501242 -0.06806886 -0.09010607 0.9936034 -0.06014353 -0.08943617 0.9941751 -0.2783565 -0.08053135 0.9570959 -0.1817429 -0.1812566 0.9664965 -0.1275736 -0.1805862 0.9752506 -0.1282353 -0.2100806 0.9692378 -0.005524098 -0.1331164 0.9910851 -0.007756114 -0.1822824 0.9832156 -0.07247698 -0.2469927 0.9663031 -0.2701171 -0.6174024 0.7388173 0.0250597 -0.05988687 0.9978906 0.08370518 -0.03421562 0.995903 0.09354817 -0.2730135 0.9574511 0.1907647 -0.3546195 0.9153436 0.16216 -0.7696896 0.6174806 0.3138292 -0.655964 0.6864566 0.2858351 -0.3349756 0.897825 0.3353064 -0.9160836 0.2199102 0.341202 -0.3982034 0.8514782 0.2361834 -0.211458 0.9484212 0.4502943 -0.6281206 0.6345862 0.4374213 -0.6581797 0.6127496 0.32259 -0.2272269 0.91886 0.5285807 -0.8422949 0.1055554 0.5364444 -0.6371167 0.5534525 0.5495224 -0.4997885 0.6695048 0.3524198 -0.187027 0.9169631 0.6515659 -0.706501 0.2762578 0.5880299 -0.4305286 0.684738 0.601741 -0.4791976 0.638966 0.5890699 -0.2366183 0.7726632 0.6724807 -0.370866 0.6404906 0.4564175 -0.08716541 0.885486 0.8849247 -0.3174808 0.3407554 0.7860869 -0.1100633 0.608238 0.9589737 -0.2021249 0.1987836 0.98635 -0.16465 0.002025067 0.6520783 0.09857112 0.7517164 0.968018 0.030532 0.2490159 0.7043207 0.2573888 0.6615765 0.3062949 0.1867336 0.933442 0.3756808 0.1771185 0.9096664 0.3220762 0.2228112 0.9201208 0.9086878 0.3348284 0.2493522 0.6838299 0.3966386 0.6124171 0.2784578 0.2816002 0.9182389 0.6008957 0.4376852 0.6688467 0.145521 0.191398 0.9706649 0.8248631 0.466364 0.3195396 0.3544828 0.3949732 0.8475483 0.8344531 0.5502036 -0.03105235 0.5892094 0.5146414 0.6228777 0.5967347 0.5137533 0.6164134 0.3580518 0.4957445 0.7912246 0.7106452 0.6119459 0.3471391 0.6939352 0.7193259 0.03200507 0.2021366 0.3871834 0.899572 0.4195109 0.6000333 0.681154 0.5088028 0.6463573 0.5686318 -0.0460875 0.3657197 0.9295834 0.07553541 0.2768662 0.9579351 0.5787209 0.7445865 0.3326756 0.5302212 0.8449718 0.06991636 0.3690373 0.7556887 0.5410603 0.1452775 0.6627761 0.7345899 0.3536537 0.9221401 0.1568015 0.1027637 0.9314543 0.3490451 -0.08298552 0.2899088 0.9534498 -0.0192061 0.4821264 0.8758912 -0.1440212 0.6614874 0.7359976 -0.223366 0.3636958 0.9043412 -0.2230017 0.3594174 0.9061398 -0.3378693 0.7329953 0.5903916 -0.3219908 0.3396796 0.883708 -0.4340822 0.6583017 0.6149891 -0.4312598 0.6413976 0.6345267 -0.3013215 0.2758713 0.9127433 -0.5452224 0.837032 -0.04593735 -0.4956688 0.5277624 0.6897676 -0.5673871 0.5508021 0.6121184 -0.4063486 0.244114 0.880505 -0.6618249 0.660858 0.3539131 -0.4157548 0.2472686 0.8752179 -0.6312863 0.4835783 0.6063247 -0.6198551 0.4393095 0.6502207 -0.5002261 0.2399648 0.83198 -0.7024022 0.6683207 0.2449052 -0.7947953 0.568309 0.2128973 -0.6843367 0.3083463 0.6607615 -0.7297785 0.376317 0.5707967 -0.8279755 0.4295747 0.3604473 -0.7662773 0.2603863 0.5873826 -0.8874396 0.3144543 0.3370009 -0.9652069 0.1881009 0.1816418 -0.7860912 -0.1100661 0.608232 -0.3134151 -0.2062982 0.926937 -0.7141157 -0.2599003 0.6499928 -0.941632 -0.2030711 0.2684981 -0.4253442 -0.2279762 0.8758476 -0.450528 -0.2412995 0.8595343 -0.6664345 -0.2913977 0.6862598 -0.3231146 -0.3163242 0.8919283 -0.9082362 -0.3363769 0.2489129 -0.7320648 -0.3943051 0.555522 -0.371676 -0.3769394 0.8483949 -0.6108692 -0.4495362 0.6517332 -0.6538072 -0.4570726 0.6030098 -0.1627491 -0.2205349 0.9617054 -0.8219064 -0.5643163 -0.07757031 -0.5530066 -0.4844891 0.6778305 -0.8050094 -0.5854964 0.09567654 -0.3772811 -0.5164427 0.7687301 -0.5866522 -0.582256 0.5628651 -0.5099161 -0.6369006 0.5782244 -0.1873523 -0.3629128 0.9127944 -0.2450867 -0.4560413 0.8555461 -0.4351637 -0.5956841 0.6751245 -0.1232042 -0.3271777 0.9368968 -0.6438367 -0.7646764 0.02728593 -0.369616 -0.7580029 0.5374158 -0.3536521 -0.9221385 0.1568146 0.00425899 -0.03929698 0.9992186 0.05675876 -0.1681368 0.9841284 0.09458547 -0.3473567 0.9329507 0.2077375 -0.6183069 0.7579854 0.2191356 -0.8871993 0.406026 0.3689828 -0.8678021 0.3328232 0.5150558 -0.8389431 0.1757615 0.03959679 0.02362531 0.9989364 0.6574067 -0.7298458 0.1874608 0.7217948 -0.5749883 0.3852282 0.7946212 -0.5728271 0.2011128 0.8250132 -0.424786 0.3727066 0.606276 -0.2193894 0.7643937 0.5359647 -0.1159986 0.8362334 0.8947382 -0.3889589 0.2194414 0.8135181 -0.2435449 0.5280855 0.7323872 -0.08682966 0.6753293 0.4647566 0.008822143 0.8853946 0.6112567 0.03959912 0.7904412 0.963328 -0.09333652 0.2515704 0.3739169 0.127055 0.9187183 0.6129988 0.1500186 0.7757107 0.900255 0.1253734 0.4169205 0.9224739 0.1754094 0.3439091 0.8155155 0.2770239 0.5081264 0.9257853 0.2728754 -0.2616498 0.04868471 0.160268 0.9858723 0.1057665 0.5437023 0.8325871 0.09937232 0.5713669 0.8146564 0.1708241 0.4193284 0.8916181 -0.106435 0.5778174 0.8091964 -0.1106572 0.5506408 0.8273752 0.4459493 0.8375702 0.3156032 0.347459 0.6843971 0.6409937 0.1961336 0.5720747 0.7964058 -0.04741251 0.1647962 0.9851874 0.2005948 0.9335681 0.2970058 0.2295284 0.8921976 0.3889735 0.07554054 0.9031923 0.4225369 -0.1705549 0.419677 0.8915057 -0.1951922 0.5605897 0.8047603 -0.1970446 0.917734 0.3448735 -0.2131815 0.8233777 0.5259307 -0.2979966 0.9446673 -0.1371195 -0.3465158 0.8250998 0.4462478 -0.3603373 0.8527744 0.3780646 -0.562161 0.7964477 0.2228143 -0.0205909 -0.03641331 0.9991247 -0.7959476 0.5727436 0.1960415 -0.4744165 0.1266958 0.8711357 -0.5846092 0.1167988 0.8028638 -0.9069376 0.39512 0.1460973 -0.4208204 -0.005094707 0.9071298 -0.812273 0.2650198 0.5195933 -0.6226801 0.08092606 0.7782805 -0.607041 0.03982353 0.7936722 -0.9270642 0.1601542 0.3389728 -0.4475715 -0.0868175 0.890024 -0.9084444 0.1259233 0.3985877 -0.7321916 -0.08674919 0.6755517 -0.3359014 -0.09701287 0.9368879 -0.9979383 -0.04373925 0.04697066 -0.5734049 -0.1136956 0.8113448 -0.9749755 -0.09014093 0.2032177 -0.8001843 -0.2609312 0.5400186 -0.9457744 -0.3002086 -0.1240388 -0.8278025 -0.4323803 0.3574776 -0.01592403 -0.1963126 0.9804121 -0.04454714 -0.1689273 0.9846214 -0.674725 -0.6551707 0.3398495 -0.01818639 -0.5637996 0.8257114 -0.02399569 -0.1714175 0.9849063 -0.578877 -0.771096 0.265165 -0.4951533 -0.8413161 0.2168188 -0.4505078 -0.8319098 0.3239889 -0.3466389 -0.69244 0.6327468 -0.1141508 -0.5617039 0.8194256 -0.1633877 -0.6244887 0.7637529 -0.2031006 -0.9156665 0.3468503 -0.2230228 -0.8919932 0.3932035 0.05211913 -0.606003 0.7937532 0.1170487 -0.4875469 0.8652154 0.06347167 -0.8413414 0.5367643 0.8453683 -0.1983072 0.4960108 0.003583848 0.06177264 0.9980838 0.9386923 0.0506379 0.3410171 -0.04427993 0.04381829 0.9980579 -0.05347192 0.1737824 0.9833314 -0.05573922 -0.02474927 0.9981387 0.2994683 0.8909394 0.3413882 -0.04146999 0.005441069 0.999125 -0.12103 0.9252334 0.3595762 -0.9282 0.04603326 0.3692234 -0.8453694 -0.1983087 0.4960085 -0.1300324 -0.5057258 0.8528382 -0.05168932 -0.6001709 0.7982 -0.2994685 -0.8909412 0.3413833 -0.07461714 -0.9598813 0.2702968 0.01695019 -0.1415649 0.9897839 0.04282176 0.006171643 0.9990637 0.09745377 -0.7566333 0.6465361 0.1011517 -0.9945598 -0.02488595 0.06248247 -0.978725 0.1954315 0.02213549 0.0347135 0.9991522 0.7212288 -0.01535671 0.6925267 0.2086849 0.4881872 0.8474218 0.03057992 0.1420099 0.9893928 -0.03033381 0.1493882 0.9883133 -0.2084748 0.4964752 0.8426451 -0.06751936 0.8430752 0.5335404 -0.7188792 -0.01589602 0.6949533 -0.01853412 -0.1620512 0.9866083 -0.09467256 -0.9243187 0.3696918 0.05112361 -0.6399032 0.7667531 0.1100981 0.147316 0.9829428 -0.08759981 0.137679 0.9865956 -0.052262 -0.8300652 0.5552122 0.155116 -0.5345292 0.8307933 0.04187077 -0.4339179 0.8999789 0.288926 0.5690611 0.7698645 -0.3006197 0.5912422 0.748372 -0.1565445 -0.539279 0.8274492 -0.07914024 -0.5612522 0.8238525 -0.05513828 -0.6348794 0.7706413 -0.012407 -0.3952788 0.9184774 0.2825176 -0.5711719 0.7706794 0.05958402 -0.2156019 0.9746619 0.06226146 0.1267248 0.989982 -0.06320303 0.1271523 0.9898675 -0.2849574 -0.5760998 0.7660994 -0.0448876 -0.1663495 0.9850447 -0.1023021 -0.1358469 0.9854339 0.2851632 -0.4346768 0.8542472 0.0641129 -0.1303814 0.9893889 0.3467333 0.3904147 0.8528496 -0.3285698 0.4032468 0.854069 -0.2829629 -0.4402989 0.8520969 -0.06345564 -0.1290575 0.9896048 0.09910738 -0.09895479 0.9901443 0.12341 -0.1096227 0.9862824 0.3844892 -0.4721145 0.793269 0.207868 -0.3098106 0.9277976 0.3569865 -0.3076618 0.8819892 0.2068561 0.2109588 0.955357 0.4200454 0.2219117 0.8799529 0.4223111 0.4256005 0.8003236 0.09498906 0.07915031 0.9923267 0.1250459 0.07287943 0.9894707 -0.1137034 0.09880959 0.988589 -0.1089693 0.09734529 0.9892672 -0.4312175 0.4351307 0.7903878 -0.3831771 0.267239 0.8841711 -0.2515658 0.2776816 0.9271504 -0.1471651 0.05499309 0.987582 -0.126298 -0.06759965 0.9896864 -0.3545547 -0.3135188 0.8809069 -0.2646932 -0.3221932 0.9089165 -0.09319519 -0.09130889 0.9914521 -0.3844831 -0.4721052 0.7932777 -0.02799242 0.3239244 -0.9456689 -0.02538532 0.1272031 -0.9915518 -0.03540462 0.1027567 -0.9940763 -0.04096108 0.1562458 -0.9868686 -0.06364923 0.5423902 -0.8377122 -0.0526998 0.5875789 -0.807449 -0.01723474 0.1386775 -0.9901877 -0.1263497 0.2142982 -0.9685618 -0.08263981 0.1444467 -0.9860557 -0.226242 0.5082514 -0.8309603 -0.2262291 0.5079833 -0.8311278 -0.1076096 0.08024305 -0.9909497 -0.1328347 0.1122488 -0.9847615 -0.3717111 0.4360874 -0.819548 -0.3661416 0.4209749 -0.8298918 -0.2291015 0.1432781 -0.9628001 -0.4460009 0.3213651 -0.835349 -0.4370795 0.3057136 -0.8458728 -0.1161169 0.04010635 -0.9924255 -0.1703947 0.02387589 -0.9850867 -0.06232452 -0.003957152 -0.9980481 -0.1898584 -0.006721079 -0.9817885 -0.07252991 -0.03599023 -0.9967167 -0.1629341 -0.07097387 -0.9840809 -0.1643033 -0.07351249 -0.9836668 -0.1718967 -0.07699501 -0.9821016 -0.4627214 -0.2773294 -0.8420079 -0.1354459 -0.1330593 -0.9818094 -0.4907683 -0.3310694 -0.8059402 -0.164282 -0.1832097 -0.9692501 -0.03759294 -0.09891909 -0.9943852 -0.3933367 -0.3509577 -0.8497735 -0.1737174 -0.247949 -0.9530706 -0.04236286 -0.1119185 -0.9928141 -0.3971444 -0.4714356 -0.7874167 -0.295516 -0.4234426 -0.8563683 -0.1120701 -0.2566902 -0.9599742 -0.03320688 -0.161015 -0.9863932 -0.01347565 -0.1848508 -0.9826743 0.0119816 -0.0694375 -0.9975144 0.04219865 -0.07838344 -0.9960298 0.04112803 -0.1892392 -0.9810693 0.07368427 -0.152729 -0.9855175 0.1064217 -0.1621906 -0.9810039 0.1104953 -0.1680641 -0.9795638 0.2405192 -0.4957568 -0.8344914 0.08000487 -0.04797625 -0.9956393 0.2296023 -0.4857068 -0.8434285 0.3609957 -0.4623019 -0.809913 0.1500723 -0.09172034 -0.9844114 0.07654738 -0.01606965 -0.9969365 0.3443088 -0.3931763 -0.8525632 0.1493342 -0.09175258 -0.9845206 0.4529185 -0.3303716 -0.8280819 0.4436663 -0.3137568 -0.8394743 0.1966285 -0.06042784 -0.9786142 0.09673345 0.01127648 -0.9952465 0.1851324 0.007156848 -0.9826875 0.1618081 0.02348554 -0.9865428 0.1737254 0.06564897 -0.9826036 0.1921672 0.07890325 -0.9781851 0.4204438 0.2642691 -0.8679798 0.2652657 0.1740036 -0.9483443 0.5375688 0.47336 -0.6978182 -0.01612776 0.04308462 -0.9989413 -0.02855086 0.1508528 -0.9881439 -0.04921603 6.51308e-4 -0.9987879 -0.0761438 0.1732347 -0.9819328 -0.06618636 0.1240656 -0.9900642 -0.1685999 0.4049158 -0.8986753 -0.08706498 0.1001155 -0.9911593 -0.344515 0.6338922 -0.6924523 -0.1156771 0.1022599 -0.988009 -0.1123092 0.07943314 -0.9904934 -0.5336352 0.21359 -0.8182988 -0.4674455 0.1422467 -0.8725025 -0.1383702 0.06897747 -0.9879756 -0.1287888 0.05102926 -0.9903583 -0.5684701 0.4932422 -0.6584481 -0.3390277 0.1987667 -0.9195392 -0.6142084 0.07110631 -0.7859339 -0.1540453 0.02157801 -0.9878282 -0.4788834 -0.0285691 -0.8774135 -0.6039857 -0.1493941 -0.7828683 -0.529972 -0.1657132 -0.8316663 -0.6985702 0.1108415 -0.7069045 -0.1565004 -0.02603131 -0.9873348 -0.1450724 -0.08245962 -0.985979 -0.1137924 -0.07561457 -0.990623 -0.5722438 -0.3776987 -0.7279292 -0.0832566 -0.1000031 -0.9914977 -0.5557191 -0.456743 -0.6946669 -0.1826795 -0.5127405 -0.8388834 -0.2210403 -0.5569429 -0.8005973 -0.08941346 -0.1251147 -0.9881051 -0.4922443 -0.5129779 -0.703242 -0.04893785 -0.1241353 -0.9910578 -0.03457182 -0.567673 -0.822528 -0.05126327 -0.5137408 -0.8564125 -0.3852691 -0.6129407 -0.6898344 -0.1872582 -0.4975492 -0.8469825 -0.04399317 -0.1613326 -0.9859191 0.1081249 -0.5367218 -0.8368028 -0.2460981 -0.6285376 -0.7378186 0.1177816 -0.4924657 -0.8623254 0.01839941 -0.1688309 -0.9854733 0.06099164 -0.1311028 -0.9894909 0.06105828 -0.1297987 -0.9896587 0.211566 -0.602583 -0.7695022 0.0850414 -0.1113893 -0.9901315 0.09240287 -0.1143566 -0.9891332 0.1114838 -0.08072978 -0.9904818 0.472411 -0.1436276 -0.869597 0.532486 -0.2009209 -0.8222466 0.1519676 -0.08712744 -0.9845378 0.1340085 -0.05016154 -0.9897098 0.6161668 -0.02711009 -0.7871491 0.409425 -0.1667559 -0.8969748 0.1544762 -0.03404092 -0.98741 0.4904753 0.0289694 -0.8709735 0.6023893 0.2092348 -0.7702909 0.5551149 0.1724331 -0.8137041 0.02396643 0.03449112 -0.9991176 0.06192713 0.06235027 -0.9961313 0.1717609 0.01883059 -0.9849588 0.07751071 0.1090704 -0.9910075 0.07193404 0.10644 -0.9917138 0.03085952 0.1315537 -0.9908287 0.1526843 0.08776408 -0.9843704 0.09405171 0.08043652 -0.9923126 0.179963 0.5113009 -0.8403481 0.1683292 0.5686206 -0.8051931 0.462988 0.624562 -0.6289392 0.03223669 0.9268015 -0.3741655 0.03097391 0.9164599 -0.398926 -0.03576397 0.7010455 -0.7122193 -0.05051064 0.6408496 -0.766003 -0.2215933 0.6733642 -0.7053205 -0.07498741 0.9956927 -0.05452615 -0.1142362 0.2049615 -0.9720808 -0.2606754 0.9637471 0.05692028 -0.2395851 0.2929378 -0.9256277 -0.293168 0.4978901 -0.8161851 -0.3198595 0.8710958 -0.3726689 -0.2687495 0.08840066 -0.959145 -0.3265626 0.4131422 -0.8501003 -0.4034239 0.8668009 -0.2930962 -0.4703611 0.8765258 0.1022899 -0.2109723 0.1917616 -0.9584979 -0.3846448 0.4480859 -0.8070115 -0.5201739 0.7233766 -0.4540325 -0.4899001 0.4496834 -0.7468486 -0.3943884 0.2438061 -0.8860116 -0.6350549 0.7056105 -0.3143552 -0.6629169 0.7193282 -0.2076251 -0.3439382 0.1673079 -0.9239669 -0.7838075 0.6142099 -0.09160912 -0.1474257 0.01688408 -0.9889291 -0.7567268 0.5435826 -0.3631566 -0.3536182 0.06488794 -0.9331366 -0.892887 0.4360798 -0.1121937 -0.8678185 0.3876509 -0.3108341 -0.1326774 -0.03257465 -0.9906238 -0.9582377 0.2301046 -0.1698012 -0.9546392 0.2319505 -0.1867162 -0.7903327 0.05435037 -0.6102626 -0.6879107 -0.03636401 -0.7248837 -0.9574059 0.0631141 -0.2817634 -0.5467337 -0.1954171 -0.8141834 -0.9673188 -0.1059529 -0.2303656 -0.253261 -0.1515298 -0.9554568 -0.3164908 -0.2335638 -0.9193919 -0.9499803 -0.3100039 -0.03788346 -0.8301923 -0.3792497 -0.4085956 -0.8341109 -0.3807883 -0.399073 -0.535414 -0.381245 -0.7536472 -0.8515975 -0.5219588 0.04838103 -0.8295648 -0.5391456 -0.1454108 -0.2247977 -0.3069269 -0.9248037 -0.2240895 -0.3051601 -0.9255599 -0.3345022 -0.4435563 -0.8314844 -0.6896141 -0.6022748 -0.4021165 -0.5967429 -0.6904717 -0.4088361 -0.1699783 -0.3621473 -0.9164916 -0.6744638 -0.7020623 -0.2284891 -0.008260846 -0.1366255 -0.9905884 -0.5175896 -0.734515 -0.4388495 -0.06103932 -0.2153959 -0.9746174 -0.5079416 -0.8435635 -0.174345 -0.3816756 -0.82766 -0.4114644 0.035995 -0.005534708 -0.9993367 -0.2143133 -0.7732152 -0.5968318 -0.3054319 -0.9495632 -0.07100188 0.02882629 -0.1367919 -0.9901804 0.02756834 -0.23093 -0.9725798 -0.06142407 -0.7445898 -0.6646903 0.0771923 -0.5898485 -0.8038161 -0.09124583 -0.986064 -0.1391112 0.02671903 -0.8591045 -0.5111024 0.02820253 -0.9152258 -0.4019533 0.1452986 -0.3105563 -0.9393845 0.0826748 -0.9873001 -0.1356598 0.2011451 -0.3447658 -0.9168846 0.2542454 -0.9194439 -0.2999707 0.2317936 -0.2851898 -0.9300208 0.2270006 -0.9661454 0.1226122 0.3013945 -0.5504048 -0.7785988 0.2783676 -0.3067167 -0.9101848 0.370797 -0.8082406 -0.4574461 0.3716377 -0.407622 -0.8341041 0.5072197 -0.8615736 -0.02047234 0.2958321 -0.2292644 -0.9273194 0.5410524 -0.7260564 -0.4243873 0.1795454 -0.1046774 -0.9781647 0.7162715 -0.6944605 0.06840842 0.5202842 -0.2752068 -0.8084342 0.500602 -0.3032095 -0.8108403 0.7275074 -0.6826033 -0.06917965 0.1348705 -0.005731225 -0.9908467 0.7445181 -0.521211 -0.4171715 0.8548713 -0.4722869 -0.214803 0.820611 -0.3751452 -0.4311192 0.6480501 -0.1076185 -0.7539559 0.7239714 -0.07001912 -0.6862672 0.1192018 0.04047429 -0.9920448 0.9734688 -0.2281963 0.01688218 0.9714847 -0.2350285 -0.03128868 0.2309272 0.02756756 -0.9725805 0.6850891 0.01922291 -0.7282056 0.1354742 0.1779835 -0.9746633 0.9702359 0.02240109 -0.2411235 0.8749088 -0.008261561 -0.4842174 0.5482835 0.1341207 -0.8254677 0.9923955 0.1131514 -0.04845756 0.1690503 0.0975635 -0.9807667 0.499138 0.2192826 -0.8383176 0.385884 0.2894454 -0.8759651 0.9489253 0.3121083 -0.04614394 0.2872142 0.2287922 -0.930141 0.3044564 0.5253049 -0.7945824 0.8193988 0.378517 -0.4304771 0.4743624 0.388786 -0.7898265 0.8471134 0.530094 0.03740745 0.7981432 0.5478498 -0.2506552 0.7061936 0.6312474 -0.3206514 0.678954 0.6245837 -0.3858972 0.01667904 0.1572211 -0.9874226 0.2632973 0.5404799 -0.7990971 0.03891503 0.2264465 -0.9732459 0.1141706 0.4365622 -0.8924004 0.07805681 0.6965417 -0.713258 -0.03598845 0.4450072 -0.8948036 -0.07968932 0.4066811 -0.910088 -0.1508403 0.453487 -0.8784059 -0.04778498 0.8624352 -0.5039069 -0.1262748 0.952064 -0.2786198 -0.1129323 0.891924 -0.4378561 -0.1746623 0.7592367 -0.6269393 -0.2231742 0.7128275 -0.6648838 -0.3863766 0.6877076 -0.6146312 -0.5250794 0.7274513 -0.4417083 -0.6664887 0.4867542 -0.5646798 -0.6215128 0.3497436 -0.7010002 -0.3861203 0.1388149 -0.9119438 -0.7510325 0.3279036 -0.5730876 -0.7168447 0.2147275 -0.6633444 -0.4405974 0.05146127 -0.8962287 -0.7447658 0.192598 -0.6389288 -0.5063976 -0.03176069 -0.861715 -0.4683238 -0.1561129 -0.869656 -0.4039291 -0.07671135 -0.9115683 -0.7771844 -0.08543807 -0.6234459 -0.7570539 -0.207857 -0.6194069 0.008589148 -0.03307706 -0.9994159 -0.6768293 -0.2240141 -0.7012275 -0.6818693 -0.4148597 -0.6024498 -0.07288998 -0.412263 -0.9081445 -0.3112352 -0.677654 -0.6662715 -0.009231626 -0.4658957 -0.8847916 -0.03057825 -0.4857172 -0.8735811 -0.06777185 -0.7538006 -0.6535991 0.1432774 -0.4934123 -0.8579137 0.1226332 -0.3833105 -0.9154421 0.09314692 -0.7543477 -0.6498333 0.1981103 -0.8429768 -0.5001425 0.2421347 -0.722889 -0.6471495 0.3847258 -0.834285 -0.394911 0.364788 -0.6120908 -0.7016229 0.4923954 -0.6546673 -0.5735483 0.447053 -0.6178321 -0.6468595 0.5654282 -0.4920371 -0.6619596 0.5997233 -0.5679602 -0.5636961 0.5933026 -0.4515013 -0.6664374 0.4353529 -0.08923733 -0.8958262 0.737648 -0.3175215 -0.5958653 0.4553191 -0.08497983 -0.8862636 0.4265563 -0.002771615 -0.9044568 0.7850419 -0.215036 -0.5809208 0.562664 0.0339545 -0.8259881 0.8002324 0.05798256 -0.5968804 0.402893 0.135169 -0.9052108 0.4365935 0.1474233 -0.8874979 0.7692799 0.1909523 -0.6097095 0.8146712 0.1871243 -0.5489038 0.2934167 0.3947525 -0.8706763 0.7249331 0.3470327 -0.595013 0.7208022 0.3427013 -0.6024948 0.09885042 0.3192549 -0.9424993 0.6955616 0.4313343 -0.5745822 0.06574028 0.2834149 -0.9567416 0.09697592 0.1401656 -0.9853677 0.5400333 0.4351059 -0.7204492 0.06456673 0.1206024 -0.990599 0.6373649 0.5925082 -0.4926459 0.04619491 0.352934 -0.9345073 0.03007161 0.1754308 -0.9840324 0.04918009 0.1269881 -0.9906843 0.2098045 0.4694787 -0.8576548 0.510349 0.7524695 -0.4163334 0.6001145 0.7958883 -0.0801537 0.09828752 0.6114914 -0.7851229 0.178007 0.9242511 -0.3377475 0.09042549 0.8352032 -0.5424564 0.1959725 0.9697607 -0.1454616 0.1764726 0.9805516 0.08588325 -0.02293288 0.5284415 -0.84866 -0.9472053 0.05660831 -0.3155913 -0.9510369 -0.1153086 -0.2867626 -0.909242 -0.2272856 -0.3487409 -0.2345768 -0.9078757 -0.3474704 -0.1261314 -0.9256008 -0.356867 0.9039681 -0.07538121 -0.4209029 0.8926268 0.2117922 -0.3979467 0.2206632 0.2632074 -0.9391644 0.3855442 0.5386196 -0.7491627 0.3166205 0.7176416 -0.6202758 0.301938 0.7769569 -0.5524234 0.4191696 0.9048159 -0.07486939 0.1898887 0.7763764 -0.6009842 0.3294764 0.8755379 -0.353382 0.09406417 0.5690224 -0.8169245 0.1637493 0.2011439 -0.9657782 0.1632101 0.2253204 -0.9605171 0.3421993 0.412611 -0.844187 0.0681076 0.5653852 -0.8220103 0.06856232 0.5660823 -0.8214927 0.4380272 0.8096295 -0.3906819 0.05151635 -0.0431047 -0.9977415 -0.005729794 0.004805445 -0.9999721 0.05083727 -0.03856933 -0.997962 0.05650329 -0.04183161 -0.9975258 -0.007043838 0.01001465 -0.9999251 0.001120924 -9.17427e-4 -0.9999991 0.04452252 -0.02270448 -0.9987505 0.01908987 -0.01420283 -0.999717 0.002646863 -0.01011496 -0.9999454 0.001994073 -0.008801817 -0.9999593 0.004032611 -9.70184e-4 -0.9999915 0.002736985 -8.65311e-4 -0.999996 0.001687884 -0.0131579 -0.9999121 0.001788794 -0.01629638 -0.9998657 -0.004521608 0.001393973 -0.9999889 0.003812074 0.003750801 -0.9999857 -0.005952 -0.02110773 -0.9997595 0.01692217 0.002339184 -0.9998541 -0.005457341 -0.02933901 -0.9995547 -0.009587764 -0.04088824 -0.9991177 0.02026569 0.003914654 -0.999787 8.32178e-5 -0.001006245 -0.9999995 -0.01133954 -0.0428723 -0.9990163 0.005633533 0.02589005 -0.9996489 -0.001774251 -3.16536e-4 -0.9999985 0.03765094 0.06356441 -0.9972673 -0.01178967 -0.007860898 -0.9998996 0.0273745 0.02724039 -0.9992541 0.006159782 0.006130635 -0.9999623 -0.01224583 -0.007776379 -0.9998948 -0.03624856 -0.0375818 -0.9986359 0.006165862 0.006155669 -0.9999621 0.008078575 0.007166266 -0.9999418 -0.01298367 -0.008922934 -0.9998759 -0.03176355 -0.06099361 -0.9976327 8.11233e-4 0.002583265 -0.9999964 -0.002397775 0.006985604 -0.9999728 -0.01599454 -0.004320383 -0.9998629 0.001466929 0.01441758 -0.999895 0.01319414 0.002819538 -0.9999091 -1.88952e-4 -0.02807563 -0.9996058 0.0104444 -4.13253e-4 -0.9999454 -0.002131164 -0.03140509 -0.9995045 -0.03434503 0.001238763 -0.9994093 0.001810967 -0.08241611 -0.9965964 0.003899395 -0.08118796 -0.9966912 0.006628811 -0.02390134 -0.9996923 -0.02371054 0.002675414 -0.9997154 -0.02431607 0.001518487 -0.9997032 0.004125177 -0.001273334 -0.9999908 0.006088495 -0.02415394 -0.9996898 0.002239346 -0.01403617 -0.9998991 -0.02093946 0.01396209 -0.9996833 -0.03589898 0.01881021 -0.9991784 0.002540051 -0.003912687 -0.9999892 -0.03550499 0.04779928 -0.9982258 -0.03303843 0.01607698 -0.9993248 8.76079e-4 -4.32618e-4 -0.9999996 -0.03305357 0.04190868 -0.9985746 0.0070827 0.6108751 0.7916954 0.001102864 0.6200526 0.7845596 0.005097389 0.162998 0.9866132 -0.03462064 0.2009437 0.9789908 0.01189917 0.5684357 0.8226416 0.005777835 0.5606256 0.8280494 0.005731523 0.5606272 0.8280486 0.005717992 0.5606271 0.8280488 -0.005172431 0.827032 0.5621312 0.01396375 0.8533859 0.5210926 0.01394551 0.8533864 0.5210924 0.01391512 0.8533863 0.5210933</float_array>
          <technique_common>
            <accessor source="#Part__Feature_006-mesh-normals-array" count="818" stride="3">
              <param name="X" type="float"/>
              <param name="Y" type="float"/>
              <param name="Z" type="float"/>
            </accessor>
          </technique_common>
        </source>
        <vertices id="Part__Feature_006-mesh-vertices">
          <input semantic="POSITION" source="#Part__Feature_006-mesh-positions"/>
        </vertices>
        <triangles material="Part__Feature_006-material" count="808">
          <input semantic="VERTEX" source="#Part__Feature_006-mesh-vertices" offset="0"/>
          <input semantic="NORMAL" source="#Part__Feature_006-mesh-normals" offset="1"/>
          <p>1 0 2 0 0 0 3 1 1 1 0 1 0 2 2 2 4 2 3 3 5 3 1 3 6 4 5 4 3 4 2 5 7 5 4 5 4 6 7 6 8 6 9 7 5 7 6 7 9 8 10 8 5 8 11 9 8 9 7 9 9 10 12 10 10 10 11 11 13 11 8 11 10 12 12 12 14 12 11 13 15 13 13 13 12 14 16 14 14 14 17 15 15 15 11 15 16 16 18 16 14 16 14 17 18 17 17 17 17 18 18 18 15 18 2 19 28 19 7 19 28 20 19 20 7 20 19 21 20 21 7 21 7 22 20 23 11 24 20 25 21 25 11 25 11 26 21 27 17 28 21 29 22 29 17 29 17 30 22 30 14 30 22 31 23 31 14 31 14 32 23 32 10 32 23 33 24 33 10 33 10 34 24 34 5 34 24 35 25 35 5 35 25 36 26 36 5 36 5 37 26 37 1 37 26 38 27 38 1 38 1 39 27 39 2 39 27 40 28 40 2 40 29 41 4 41 8 41 30 42 29 42 8 42 13 43 30 43 8 43 31 44 30 44 13 44 31 45 13 45 15 45 32 46 31 46 15 46 32 47 15 47 18 47 33 48 32 48 18 48 33 49 18 49 16 49 34 50 33 50 16 50 34 51 16 51 12 51 35 52 34 52 12 52 36 53 35 53 12 53 36 54 12 54 9 54 37 55 36 55 9 55 37 56 9 56 6 56 68 57 37 58 6 59 68 60 6 60 3 60 38 61 68 61 3 61 38 62 3 62 0 62 39 63 38 63 0 63 40 64 39 64 0 64 40 65 0 65 4 65 41 66 40 66 4 66 29 67 41 67 4 67 31 68 32 68 153 68 42 69 30 69 31 69 44 70 43 70 101 70 45 71 43 71 44 71 196 72 44 72 113 72 196 73 45 73 44 73 47 74 45 74 196 74 48 75 45 75 47 75 45 76 50 76 43 76 49 77 50 77 45 77 51 78 115 78 52 78 49 79 45 79 48 79 126 80 48 80 54 80 57 81 50 81 49 81 59 82 49 82 48 82 59 83 48 83 126 83 57 84 62 84 50 84 58 85 57 85 49 85 59 86 58 86 49 86 61 87 57 87 58 87 63 88 62 88 57 88 64 89 58 89 59 89 65 90 57 90 61 90 66 91 58 91 64 91 65 92 63 92 57 92 65 93 67 93 63 93 68 94 62 94 63 94 67 95 68 95 63 95 67 96 37 96 68 96 69 97 70 97 71 97 68 98 72 98 62 98 76 99 72 99 68 99 77 100 68 100 38 100 79 101 34 101 35 101 80 102 76 102 77 102 79 103 33 103 34 103 81 104 33 104 79 104 82 105 76 105 80 105 76 106 83 106 72 106 85 107 83 107 76 107 86 108 84 108 29 108 87 109 85 109 76 109 87 110 76 110 82 110 85 111 88 111 83 111 92 112 88 112 85 112 92 113 85 113 87 113 95 114 87 114 162 114 95 115 92 115 87 115 97 116 88 116 92 116 99 117 92 117 95 117 98 118 97 118 92 118 99 119 98 119 92 119 100 120 88 120 97 120 100 121 101 121 88 121 102 122 98 122 99 122 103 123 97 123 98 123 103 124 100 124 97 124 199 125 100 125 103 125 100 126 44 126 101 126 100 127 113 127 44 127 185 128 100 128 199 128 109 129 110 129 108 129 112 130 101 130 43 130 112 131 43 131 50 131 114 132 46 132 115 132 114 133 115 133 51 133 52 134 118 134 119 134 52 135 121 135 51 135 114 136 51 136 55 136 122 137 52 137 120 137 55 138 51 138 53 138 54 139 114 139 55 139 123 140 53 140 51 140 123 141 51 141 121 141 54 142 55 142 56 142 123 143 122 143 124 143 125 144 53 144 123 144 125 145 55 145 53 145 54 146 56 146 126 146 127 147 123 147 124 147 128 148 56 148 55 148 128 149 55 149 125 149 126 150 56 150 60 150 60 151 56 151 128 151 131 152 59 152 126 152 132 153 133 153 60 153 134 154 130 154 135 154 135 155 133 155 132 155 135 156 132 156 138 156 137 157 136 157 64 157 140 158 134 158 138 158 136 159 71 159 70 159 139 160 66 160 69 160 70 161 69 161 66 161 139 162 69 162 73 162 142 163 71 163 141 163 143 164 69 164 71 164 139 165 73 165 144 165 143 166 73 166 69 166 144 167 145 167 139 167 143 168 71 168 142 168 144 169 73 169 74 169 143 170 142 170 146 170 147 171 74 171 73 171 147 172 73 172 143 172 144 173 74 173 75 173 147 174 143 174 146 174 147 175 146 175 148 175 75 176 145 176 144 176 149 177 75 177 74 177 149 178 74 178 147 178 39 179 77 179 38 179 79 180 35 180 145 180 149 181 147 181 148 181 149 182 148 182 150 182 78 183 75 183 149 183 78 184 81 184 79 184 152 185 151 185 150 185 153 186 32 186 81 186 84 187 154 187 41 187 84 188 41 188 29 188 90 189 84 189 86 189 91 190 154 190 89 190 91 191 155 191 154 191 157 192 89 192 90 192 93 193 155 193 91 193 160 194 91 194 89 194 160 195 89 195 157 195 93 196 159 196 155 196 157 197 158 197 161 197 160 198 93 198 91 198 163 199 93 199 160 199 93 200 162 200 159 200 163 201 160 201 161 201 162 202 93 202 94 202 165 203 93 203 163 203 165 204 94 204 93 204 162 205 94 205 96 205 163 206 161 206 164 206 166 207 163 207 164 207 167 208 96 208 94 208 167 209 94 209 165 209 167 210 165 210 166 210 172 211 96 211 167 211 168 212 169 212 167 212 170 213 169 213 168 213 173 214 176 214 174 214 175 215 102 215 106 215 174 216 178 216 105 216 179 217 176 217 177 217 106 218 102 218 105 218 106 219 105 219 104 219 178 220 104 220 105 220 175 221 106 221 180 221 181 222 178 222 179 222 182 223 104 223 178 223 180 224 106 224 107 224 183 225 106 225 104 225 183 226 104 226 182 226 184 227 175 227 180 227 182 228 181 228 186 228 183 229 107 229 106 229 183 230 182 230 186 230 180 231 107 231 108 231 188 232 107 232 183 232 188 233 187 233 107 233 184 234 180 234 110 234 110 235 180 235 108 235 187 236 108 236 107 236 111 237 184 237 110 237 188 238 186 238 189 238 109 239 108 239 187 239 192 240 193 240 190 240 197 241 101 241 112 241 201 242 46 242 114 242 118 243 115 243 46 243 118 244 52 244 115 244 52 245 119 245 120 245 121 246 52 246 122 246 121 247 122 247 123 247 62 248 197 248 50 248 125 249 123 249 127 249 128 250 125 250 127 250 128 251 127 251 129 251 60 252 128 252 129 252 126 253 60 253 130 253 126 254 130 254 131 254 60 255 129 255 132 255 133 256 130 256 60 256 131 257 130 257 134 257 59 258 131 258 64 258 64 259 131 259 137 259 134 260 135 260 138 260 64 261 70 261 66 261 70 262 64 262 136 262 136 263 137 263 140 263 136 264 140 264 141 264 141 265 71 265 136 265 141 266 140 266 142 266 203 267 145 267 35 267 203 268 37 268 67 268 203 269 36 269 37 269 79 270 145 270 75 270 204 271 39 271 40 271 204 272 77 272 39 272 149 273 150 273 151 273 151 274 78 274 149 274 79 275 75 275 78 275 204 276 41 276 154 276 81 277 152 277 153 277 81 278 78 278 152 278 81 279 32 279 33 279 84 280 89 280 154 280 84 281 90 281 89 281 86 282 42 282 156 282 156 283 90 283 86 283 156 284 42 284 158 284 157 285 90 285 156 285 157 286 156 286 158 286 160 287 157 287 161 287 197 288 88 288 101 288 165 289 163 289 166 289 162 290 96 290 95 290 96 291 172 291 95 291 167 292 166 292 168 292 95 293 198 293 99 293 169 294 172 294 167 294 95 295 172 295 171 295 95 296 171 296 198 296 172 297 169 297 170 297 99 298 198 298 105 298 171 299 172 299 170 299 198 300 173 300 174 300 105 301 102 301 99 301 173 302 170 302 177 302 105 303 198 303 174 303 176 304 173 304 177 304 179 305 178 305 174 305 179 306 177 306 181 306 182 307 178 307 181 307 185 308 113 308 100 308 200 309 184 309 111 309 183 310 186 310 188 310 195 311 113 311 185 311 200 312 111 312 46 312 187 313 188 313 189 313 187 314 189 314 190 314 187 315 190 315 193 315 193 316 109 316 187 316 110 317 191 317 111 317 110 318 109 318 191 318 191 319 192 319 194 319 191 320 109 320 192 320 201 321 113 321 195 321 201 322 196 322 113 322 205 323 116 323 119 323 135 324 130 324 133 324 202 325 62 325 72 325 140 326 137 326 134 326 202 327 72 327 83 327 77 328 76 328 68 328 197 329 202 329 83 329 152 330 78 330 151 330 197 331 83 331 88 331 86 332 30 332 42 332 170 333 173 333 171 333 176 334 179 334 174 334 200 335 185 335 199 335 200 336 195 336 185 336 192 337 109 337 193 337 194 338 117 338 116 338 195 339 46 339 201 339 197 340 112 340 50 340 118 341 205 341 119 341 119 342 117 342 120 342 119 343 116 343 117 343 197 344 62 344 202 344 134 345 137 345 131 345 65 346 203 346 67 346 203 347 35 347 36 347 40 348 41 348 204 348 80 349 77 349 204 349 86 350 29 350 30 350 173 351 198 351 171 351 195 352 200 352 46 352 191 353 194 353 116 353 118 354 208 354 205 354 212 355 139 355 145 355 211 356 154 356 155 356 116 357 205 357 191 357 206 358 196 358 201 358 208 359 118 359 46 359 212 360 203 360 65 360 211 361 80 361 204 361 207 362 200 362 199 362 208 363 111 363 191 363 208 364 191 364 205 364 208 365 46 365 111 365 196 366 206 366 210 366 206 367 201 367 114 367 203 368 212 368 145 368 204 369 154 369 211 369 199 370 209 370 207 370 207 371 184 371 200 371 209 372 175 372 184 372 47 373 196 373 210 373 210 374 206 374 114 374 61 375 212 375 65 375 82 376 80 376 211 376 103 377 209 377 199 377 209 378 184 378 207 378 213 379 210 379 114 379 213 380 114 380 54 380 213 381 47 381 210 381 213 382 54 382 48 382 213 383 48 383 47 383 214 384 58 384 66 384 214 385 61 385 58 385 214 386 212 386 61 386 214 387 139 387 212 387 214 388 66 388 139 388 215 389 211 389 155 389 215 390 155 390 159 390 215 391 82 391 211 391 215 392 87 392 82 392 215 393 162 393 87 393 215 394 159 394 162 394 216 395 102 395 175 395 216 396 103 396 98 396 216 397 98 397 102 397 216 398 175 398 209 398 209 399 103 399 216 399 219 400 221 400 222 400 218 401 223 401 219 401 220 402 223 402 218 402 223 403 221 403 219 403 221 404 225 404 222 404 222 405 225 405 224 405 224 406 225 406 227 406 223 407 228 407 221 407 228 408 226 408 221 408 226 409 230 409 221 409 221 410 230 410 225 410 220 411 229 411 223 411 229 412 228 412 223 412 226 413 232 413 230 413 228 414 232 414 226 414 228 415 229 415 233 415 233 416 234 416 228 416 228 417 234 417 232 417 220 418 231 418 229 418 231 419 272 419 229 419 235 420 231 420 220 420 231 421 278 421 272 421 235 422 236 422 231 422 236 423 278 423 231 423 236 424 237 424 278 424 237 425 238 425 278 425 237 426 241 426 238 426 236 427 240 427 237 427 237 428 242 428 241 428 240 429 239 429 237 429 235 430 243 430 236 430 239 431 242 431 237 431 240 432 244 432 239 432 243 433 240 433 236 433 239 434 245 434 242 434 244 435 245 435 239 435 240 436 289 436 244 436 243 437 289 437 240 437 243 438 293 438 289 438 246 439 243 439 235 439 246 440 247 440 243 440 243 441 248 441 293 441 247 442 248 442 243 442 247 443 250 443 248 443 250 444 249 444 248 444 249 445 301 445 248 445 246 446 251 446 247 446 249 447 252 447 301 447 249 448 255 448 252 448 251 449 250 449 247 449 253 450 251 450 246 450 250 451 255 451 249 451 251 452 254 452 250 452 250 453 256 453 255 453 254 454 256 454 250 454 251 455 312 455 254 455 253 456 257 456 251 456 251 457 320 457 312 457 257 458 320 458 251 458 257 459 258 459 320 459 258 460 259 460 320 460 260 461 261 461 259 461 258 462 260 462 259 462 260 463 400 463 261 463 218 464 305 464 220 464 225 465 263 465 227 465 220 466 305 466 235 466 230 467 266 467 225 467 225 468 266 468 263 468 268 469 267 469 263 469 232 470 266 470 230 470 267 471 269 471 344 471 232 472 271 472 266 472 234 473 271 473 232 473 233 474 273 474 234 474 272 475 273 475 233 475 234 476 274 476 271 476 273 477 274 477 234 477 347 478 275 478 348 478 276 479 275 479 270 479 272 480 277 480 273 480 273 481 280 481 274 481 278 482 277 482 272 482 278 483 241 483 277 483 238 484 241 484 278 484 281 485 282 485 353 485 277 486 283 486 280 486 241 487 284 487 283 487 242 488 284 488 241 488 286 489 290 489 287 489 245 490 284 490 242 490 288 491 291 491 290 491 289 492 292 492 244 492 244 493 292 493 245 493 245 494 294 494 284 494 288 495 295 495 291 495 292 496 294 496 245 496 297 497 292 497 293 497 293 498 292 498 289 498 295 499 296 499 298 499 299 500 302 500 296 500 292 501 300 501 294 501 301 502 297 502 293 502 302 503 366 503 296 503 248 504 301 504 293 504 297 505 303 505 300 505 252 506 306 506 301 506 301 507 306 507 303 507 307 508 308 508 309 508 255 509 306 509 252 509 255 510 311 510 306 510 256 511 311 511 255 511 312 512 315 512 254 512 254 513 315 513 256 513 256 514 316 514 311 514 315 515 316 515 256 515 319 516 315 516 312 516 316 517 322 517 317 517 315 518 321 518 316 518 320 519 319 519 312 519 261 520 319 520 259 520 259 521 319 521 320 521 305 522 218 522 253 522 253 523 218 523 257 523 319 524 324 524 321 524 257 525 327 525 258 525 218 526 327 526 257 526 219 527 327 527 218 527 261 528 328 528 324 528 400 529 328 529 261 529 386 530 334 530 392 530 334 531 395 531 392 531 398 532 396 532 335 532 264 533 404 533 338 533 404 534 264 534 217 534 338 535 339 535 340 535 339 536 265 536 340 536 344 537 265 537 267 537 264 538 342 538 217 538 266 539 268 539 263 539 342 540 341 540 343 540 268 541 266 541 270 541 268 542 269 542 267 542 344 543 343 543 341 543 229 544 272 544 233 544 270 545 269 545 268 545 345 546 343 546 344 546 343 547 345 547 346 547 266 548 271 548 270 548 270 549 347 549 269 549 347 550 346 550 345 550 270 551 275 551 347 551 270 552 271 552 276 552 346 553 348 553 349 553 347 554 348 554 346 554 271 555 274 555 276 555 349 556 348 556 350 556 273 557 277 557 280 557 279 558 350 558 348 558 274 559 280 559 281 559 350 560 279 560 352 560 279 561 351 561 352 561 277 562 241 562 283 562 351 563 353 563 352 563 352 564 353 564 354 564 282 565 356 565 353 565 282 566 285 566 356 566 353 567 355 567 354 567 287 568 285 568 286 568 356 569 358 569 355 569 283 570 284 570 286 570 286 571 284 571 288 571 358 572 359 572 360 572 359 573 287 573 361 573 361 574 360 574 359 574 286 575 288 575 290 575 360 576 361 576 362 576 361 577 290 577 362 577 284 578 294 578 288 578 288 579 294 579 296 579 296 580 295 580 288 580 291 581 362 581 290 581 291 582 295 582 363 582 294 583 299 583 296 583 291 584 363 584 362 584 292 585 297 585 300 585 295 586 298 586 363 586 300 587 299 587 294 587 298 588 364 588 363 588 366 589 364 589 298 589 253 590 246 590 305 590 302 591 365 591 366 591 364 592 366 592 368 592 297 593 301 593 303 593 303 594 367 594 300 594 302 595 370 595 365 595 309 596 304 596 367 596 368 597 370 597 369 597 304 598 372 598 370 598 370 599 372 599 369 599 303 600 306 600 307 600 369 601 372 601 371 601 307 602 306 602 310 602 371 603 372 603 373 603 306 604 311 604 310 604 372 605 374 605 373 605 307 606 310 606 308 606 310 607 311 607 313 607 375 608 373 608 374 608 313 609 314 609 310 609 373 610 375 610 376 610 311 611 317 611 313 611 377 612 376 612 375 612 316 613 317 613 311 613 376 614 377 614 378 614 322 615 379 615 317 615 317 616 379 616 313 616 377 617 318 617 378 617 315 618 319 618 321 618 379 619 378 619 318 619 379 620 381 620 378 620 380 621 381 621 379 621 322 622 323 622 383 622 383 623 323 623 382 623 319 624 261 624 324 624 380 625 383 625 381 625 381 626 383 626 384 626 324 627 326 627 321 627 323 628 325 628 382 628 327 629 386 629 258 629 387 630 384 630 382 630 384 631 387 631 385 631 326 632 329 632 325 632 387 633 388 633 385 633 328 634 330 634 324 634 332 635 329 635 330 635 332 636 330 636 331 636 388 637 389 637 390 637 330 638 328 638 331 638 386 639 392 639 400 639 391 640 390 640 389 640 331 641 335 641 332 641 390 642 391 642 393 642 333 643 393 643 391 643 333 644 394 644 393 644 396 645 394 645 333 645 227 646 395 646 224 646 397 647 398 647 399 647 336 648 227 648 262 648 262 649 397 649 336 649 339 650 338 650 337 650 262 651 265 651 339 651 227 652 263 652 265 652 265 653 263 653 267 653 340 654 264 654 338 654 341 655 264 655 340 655 342 656 264 656 341 656 341 657 340 657 265 657 265 658 344 658 341 658 344 659 269 659 345 659 345 660 269 660 347 660 275 661 279 661 348 661 276 662 279 662 275 662 274 663 281 663 276 663 351 664 279 664 276 664 351 665 276 665 281 665 281 666 280 666 282 666 281 667 353 667 351 667 282 668 280 668 285 668 285 669 283 669 286 669 280 670 283 670 285 670 285 671 357 671 356 671 359 672 357 672 285 672 235 673 305 673 246 673 287 674 359 674 285 674 361 675 287 675 290 675 302 676 299 676 300 676 296 677 366 677 298 677 304 678 300 678 367 678 302 679 300 679 304 679 302 680 304 680 370 680 309 681 367 681 307 681 307 682 367 682 303 682 304 683 309 683 372 683 372 684 309 684 374 684 309 685 308 685 374 685 374 686 308 686 375 686 310 687 375 687 308 687 377 688 375 688 314 688 314 689 375 689 310 689 313 690 318 690 314 690 314 691 318 691 377 691 313 692 379 692 318 692 322 693 316 693 321 693 380 694 379 694 322 694 322 695 321 695 323 695 323 696 321 696 326 696 322 697 383 697 380 697 323 698 326 698 325 698 387 699 382 699 325 699 330 700 326 700 324 700 329 701 326 701 330 701 389 702 325 702 329 702 387 703 325 703 389 703 260 704 386 704 400 704 391 705 389 705 332 705 332 706 389 706 329 706 327 707 334 707 386 707 391 708 332 708 333 708 219 709 334 709 327 709 400 710 336 710 328 710 335 711 333 711 332 711 392 712 336 712 400 712 333 713 335 713 396 713 219 714 222 714 334 714 336 715 395 715 227 715 392 716 395 716 336 716 399 717 336 717 397 717 396 718 398 718 401 718 394 719 396 719 401 719 337 720 397 720 339 720 402 721 337 721 404 721 337 722 338 722 404 722 402 723 404 723 403 723 403 724 404 724 217 724 262 725 227 725 265 725 355 726 353 726 356 726 358 727 356 727 357 727 357 728 359 728 358 728 368 729 366 729 365 729 365 730 370 730 368 730 382 731 384 731 383 731 387 732 389 732 388 732 328 733 399 733 331 733 335 734 399 734 398 734 398 735 397 735 405 735 405 736 397 736 402 736 401 737 405 737 403 737 402 738 397 738 337 738 402 739 403 739 405 739 262 740 339 740 397 740 386 741 260 741 258 741 399 742 328 742 336 742 335 743 331 743 399 743 334 744 224 744 395 744 222 745 224 745 334 745 405 746 401 746 398 746 349 747 127 747 124 747 346 748 349 748 124 748 350 749 127 749 349 749 350 750 129 750 127 750 346 751 124 751 122 751 343 752 346 752 122 752 352 753 129 753 350 753 352 754 132 754 129 754 343 755 122 755 120 755 342 756 343 756 120 756 354 757 132 757 352 757 138 758 132 758 354 758 217 759 342 759 120 759 117 760 217 760 120 760 355 761 138 761 354 761 355 762 140 762 138 762 194 763 217 763 117 763 358 764 140 764 355 764 403 765 217 765 194 765 403 766 194 766 192 766 142 767 140 767 358 767 360 768 142 768 358 768 190 769 403 769 192 769 401 770 403 770 190 770 362 771 142 771 360 771 189 772 401 772 190 772 146 773 142 773 362 773 394 774 401 774 189 774 186 775 394 775 189 775 363 776 146 776 362 776 148 777 146 777 363 777 393 778 394 778 186 778 181 779 393 779 186 779 390 780 393 780 181 780 364 781 148 781 363 781 150 782 148 782 364 782 152 783 150 783 364 783 388 784 390 784 181 784 368 785 152 785 364 785 177 786 388 786 181 786 153 787 152 787 368 787 385 788 388 788 177 788 153 789 368 789 369 789 170 790 385 790 177 790 31 791 153 791 369 791 42 792 31 792 369 792 371 793 42 793 369 793 170 794 384 794 385 794 168 795 384 795 170 795 381 796 384 796 168 796 42 797 371 797 373 797 158 798 42 798 373 798 166 799 381 799 168 799 166 800 378 800 381 800 158 801 373 801 376 801 161 802 158 802 376 802 164 803 378 803 166 803 164 804 376 804 378 804 164 805 161 805 376 805 26 806 25 806 24 806 27 807 26 807 24 807 27 808 24 808 23 808 28 809 27 809 23 809 19 810 28 810 23 810 19 811 23 812 22 813 20 814 19 814 22 814 20 815 22 816 21 817</p>
        </triangles>
      </mesh>
    </geometry>
  </library_geometries>
  <library_visual_scenes>
    <visual_scene id="Scene" name="Scene">
      <node id="node2" name="node2" type="NODE">
        <matrix sid="transform">1 0 0 0 0 1 0 0 0 0 1 0 0 0 0 1</matrix>
        <instance_geometry url="#Part__Feature001_005-mesh" name="node2">
          <bind_material>
            <technique_common>
              <instance_material symbol="Part__Feature001_005-material" target="#Part__Feature001_005-material"/>
            </technique_common>
          </bind_material>
        </instance_geometry>
      </node>
      <node id="node1" name="node1" type="NODE">
        <matrix sid="transform">1 0 0 0 0 1 0 0 0 0 1 0 0 0 0 1</matrix>
        <instance_geometry url="#Part__Feature002_004-mesh" name="node1">
          <bind_material>
            <technique_common>
              <instance_material symbol="Part__Feature002_004-material" target="#Part__Feature002_004-material"/>
            </technique_common>
          </bind_material>
        </instance_geometry>
      </node>
      <node id="node0" name="node0" type="NODE">
        <matrix sid="transform">1 0 0 0 0 1 0 0 0 0 1 0 0 0 0 1</matrix>
        <instance_geometry url="#Part__Feature_006-mesh" name="node0">
          <bind_material>
            <technique_common>
              <instance_material symbol="Part__Feature_006-material" target="#Part__Feature_006-material"/>
            </technique_common>
          </bind_material>
        </instance_geometry>
      </node>
      <node id="Camera" name="Camera" type="NODE">
        <matrix sid="transform">0.6859207 -0.3240135 0.6515582 7.358891 0.7276763 0.3054208 -0.6141704 -6.925791 0 0.8953956 0.4452714 4.958309 0 0 0 1</matrix>
        <instance_camera url="#Camera-camera"/>
      </node>
      <node id="Light" name="Light" type="NODE">
        <matrix sid="transform">-0.2908646 -0.7711008 0.5663932 4.076245 0.9551712 -0.1998834 0.2183912 1.005454 -0.05518906 0.6045247 0.7946723 5.903862 0 0 0 1</matrix>
        <instance_light url="#Light-light"/>
      </node>
    </visual_scene>
  </library_visual_scenes>
  <scene>
    <instance_visual_scene url="#Scene"/>
  </scene>
</COLLADA>