<?xml version="1.0" encoding="utf-8"?>
<COLLADA xmlns="http://www.collada.org/2005/11/COLLADASchema" version="1.4.1" xmlns:xsi="http://www.w3.org/2001/XMLSchema-instance">
  <asset>
    <contributor>
      <author>Blender User</author>
      <authoring_tool>Blender 4.0.2 commit date:2023-12-05, commit time:07:41, hash:9be62e85b727</authoring_tool>
    </contributor>
    <created>2024-01-15T15:09:49</created>
    <modified>2024-01-15T15:09:49</modified>
    <unit name="meter" meter="1"/>
    <up_axis>Z_UP</up_axis>
  </asset>
  <library_cameras>
    <camera id="Camera-camera" name="Camera">
      <optics>
        <technique_common>
          <perspective>
            <xfov sid="xfov">39.59775</xfov>
            <aspect_ratio>1.777778</aspect_ratio>
            <znear sid="znear">0.1</znear>
            <zfar sid="zfar">100</zfar>
          </perspective>
        </technique_common>
      </optics>
      <extra>
        <technique profile="blender">
          <shiftx sid="shiftx" type="float">0</shiftx>
          <shifty sid="shifty" type="float">0</shifty>
          <dof_distance sid="dof_distance" type="float">10</dof_distance>
        </technique>
      </extra>
    </camera>
  </library_cameras>
  <library_lights>
    <light id="Light-light" name="Light">
      <technique_common>
        <point>
          <color sid="color">1000 1000 1000</color>
          <constant_attenuation>1</constant_attenuation>
          <linear_attenuation>0</linear_attenuation>
          <quadratic_attenuation>0</quadratic_attenuation>
        </point>
      </technique_common>
      <extra>
        <technique profile="blender">
          <type sid="type" type="int">0</type>
          <flag sid="flag" type="int">0</flag>
          <mode sid="mode" type="int">1</mode>
          <red sid="red" type="float">1</red>
          <green sid="green" type="float">1</green>
          <blue sid="blue" type="float">1</blue>
          <shadow_r sid="blender_shadow_r" type="float">0</shadow_r>
          <shadow_g sid="blender_shadow_g" type="float">0</shadow_g>
          <shadow_b sid="blender_shadow_b" type="float">0</shadow_b>
          <energy sid="blender_energy" type="float">1000</energy>
          <spotsize sid="spotsize" type="float">75</spotsize>
          <spotblend sid="spotblend" type="float">0.15</spotblend>
          <clipsta sid="clipsta" type="float">0.04999995</clipsta>
          <clipend sid="clipend" type="float">30.002</clipend>
          <bias sid="bias" type="float">1</bias>
          <radius sid="radius" type="float">0.1</radius>
          <area_shape sid="area_shape" type="int">1</area_shape>
          <area_size sid="area_size" type="float">0.1</area_size>
          <area_sizey sid="area_sizey" type="float">0.1</area_sizey>
          <area_sizez sid="area_sizez" type="float">1</area_sizez>
        </technique>
      </extra>
    </light>
  </library_lights>
  <library_effects>
    <effect id="Part__Feature017_002-effect">
      <profile_COMMON>
        <technique sid="common">
          <lambert>
            <emission>
              <color sid="emission">0 0 0 1</color>
            </emission>
            <diffuse>
              <color sid="diffuse">0.7333333 0.6117647 0.4784314 1</color>
            </diffuse>
            <index_of_refraction>
              <float sid="ior">1.45</float>
            </index_of_refraction>
          </lambert>
        </technique>
      </profile_COMMON>
    </effect>
    <effect id="Part__Feature016_002-effect">
      <profile_COMMON>
        <technique sid="common">
          <lambert>
            <emission>
              <color sid="emission">0 0 0 1</color>
            </emission>
            <diffuse>
              <color sid="diffuse">0.7333333 0.6117647 0.4784314 1</color>
            </diffuse>
            <index_of_refraction>
              <float sid="ior">1.45</float>
            </index_of_refraction>
          </lambert>
        </technique>
      </profile_COMMON>
    </effect>
    <effect id="Part__Feature015_002-effect">
      <profile_COMMON>
        <technique sid="common">
          <lambert>
            <emission>
              <color sid="emission">0 0 0 1</color>
            </emission>
            <diffuse>
              <color sid="diffuse">0.7333333 0.6117647 0.4784314 1</color>
            </diffuse>
            <index_of_refraction>
              <float sid="ior">1.45</float>
            </index_of_refraction>
          </lambert>
        </technique>
      </profile_COMMON>
    </effect>
    <effect id="Part__Feature014_002-effect">
      <profile_COMMON>
        <technique sid="common">
          <lambert>
            <emission>
              <color sid="emission">0 0 0 1</color>
            </emission>
            <diffuse>
              <color sid="diffuse">0.7333333 0.6117647 0.4784314 1</color>
            </diffuse>
            <index_of_refraction>
              <float sid="ior">1.45</float>
            </index_of_refraction>
          </lambert>
        </technique>
      </profile_COMMON>
    </effect>
    <effect id="Part__Feature013_002-effect">
      <profile_COMMON>
        <technique sid="common">
          <lambert>
            <emission>
              <color sid="emission">0 0 0 1</color>
            </emission>
            <diffuse>
              <color sid="diffuse">0.7333333 0.6117647 0.4784314 1</color>
            </diffuse>
            <index_of_refraction>
              <float sid="ior">1.45</float>
            </index_of_refraction>
          </lambert>
        </technique>
      </profile_COMMON>
    </effect>
    <effect id="Part__Feature011_003-effect">
      <profile_COMMON>
        <technique sid="common">
          <lambert>
            <emission>
              <color sid="emission">0 0 0 1</color>
            </emission>
            <diffuse>
              <color sid="diffuse">0.7333333 0.6117647 0.4784314 1</color>
            </diffuse>
            <index_of_refraction>
              <float sid="ior">1.45</float>
            </index_of_refraction>
          </lambert>
        </technique>
      </profile_COMMON>
    </effect>
    <effect id="Part__Feature010_003-effect">
      <profile_COMMON>
        <technique sid="common">
          <lambert>
            <emission>
              <color sid="emission">0 0 0 1</color>
            </emission>
            <diffuse>
              <color sid="diffuse">0.7333333 0.6117647 0.4784314 1</color>
            </diffuse>
            <index_of_refraction>
              <float sid="ior">1.45</float>
            </index_of_refraction>
          </lambert>
        </technique>
      </profile_COMMON>
    </effect>
    <effect id="Part__Feature009_003-effect">
      <profile_COMMON>
        <technique sid="common">
          <lambert>
            <emission>
              <color sid="emission">0 0 0 1</color>
            </emission>
            <diffuse>
              <color sid="diffuse">0.7333333 0.6117647 0.4784314 1</color>
            </diffuse>
            <index_of_refraction>
              <float sid="ior">1.45</float>
            </index_of_refraction>
          </lambert>
        </technique>
      </profile_COMMON>
    </effect>
    <effect id="Part__Feature008_003-effect">
      <profile_COMMON>
        <technique sid="common">
          <lambert>
            <emission>
              <color sid="emission">0 0 0 1</color>
            </emission>
            <diffuse>
              <color sid="diffuse">0.7333333 0.6117647 0.4784314 1</color>
            </diffuse>
            <index_of_refraction>
              <float sid="ior">1.45</float>
            </index_of_refraction>
          </lambert>
        </technique>
      </profile_COMMON>
    </effect>
    <effect id="Part__Feature007_003-effect">
      <profile_COMMON>
        <technique sid="common">
          <lambert>
            <emission>
              <color sid="emission">0 0 0 1</color>
            </emission>
            <diffuse>
              <color sid="diffuse">0.7333333 0.6117647 0.4784314 1</color>
            </diffuse>
            <index_of_refraction>
              <float sid="ior">1.45</float>
            </index_of_refraction>
          </lambert>
        </technique>
      </profile_COMMON>
    </effect>
    <effect id="Part__Feature012_003-effect">
      <profile_COMMON>
        <technique sid="common">
          <lambert>
            <emission>
              <color sid="emission">0 0 0 1</color>
            </emission>
            <diffuse>
              <color sid="diffuse">0.8 0.8 0.8 1</color>
            </diffuse>
            <index_of_refraction>
              <float sid="ior">1.45</float>
            </index_of_refraction>
          </lambert>
        </technique>
      </profile_COMMON>
    </effect>
    <effect id="Part__Feature006_003-effect">
      <profile_COMMON>
        <technique sid="common">
          <lambert>
            <emission>
              <color sid="emission">0 0 0 1</color>
            </emission>
            <diffuse>
              <color sid="diffuse">0.8 0.8 0.8 1</color>
            </diffuse>
            <index_of_refraction>
              <float sid="ior">1.45</float>
            </index_of_refraction>
          </lambert>
        </technique>
      </profile_COMMON>
    </effect>
    <effect id="Part__Feature005_003-effect">
      <profile_COMMON>
        <technique sid="common">
          <lambert>
            <emission>
              <color sid="emission">0 0 0 1</color>
            </emission>
            <diffuse>
              <color sid="diffuse">0.8 0.8 0.8 1</color>
            </diffuse>
            <index_of_refraction>
              <float sid="ior">1.45</float>
            </index_of_refraction>
          </lambert>
        </technique>
      </profile_COMMON>
    </effect>
    <effect id="Part__Feature004_003-effect">
      <profile_COMMON>
        <technique sid="common">
          <lambert>
            <emission>
              <color sid="emission">0 0 0 1</color>
            </emission>
            <diffuse>
              <color sid="diffuse">0.8 0.8 0.8 1</color>
            </diffuse>
            <index_of_refraction>
              <float sid="ior">1.45</float>
            </index_of_refraction>
          </lambert>
        </technique>
      </profile_COMMON>
    </effect>
    <effect id="Part__Feature003_003-effect">
      <profile_COMMON>
        <technique sid="common">
          <lambert>
            <emission>
              <color sid="emission">0 0 0 1</color>
            </emission>
            <diffuse>
              <color sid="diffuse">0.8 0.8 0.8 1</color>
            </diffuse>
            <index_of_refraction>
              <float sid="ior">1.45</float>
            </index_of_refraction>
          </lambert>
        </technique>
      </profile_COMMON>
    </effect>
    <effect id="Part__Feature002_003-effect">
      <profile_COMMON>
        <technique sid="common">
          <lambert>
            <emission>
              <color sid="emission">0 0 0 1</color>
            </emission>
            <diffuse>
              <color sid="diffuse">0.8 0.8 0.8 1</color>
            </diffuse>
            <index_of_refraction>
              <float sid="ior">1.45</float>
            </index_of_refraction>
          </lambert>
        </technique>
      </profile_COMMON>
    </effect>
    <effect id="Part__Feature001_004-effect">
      <profile_COMMON>
        <technique sid="common">
          <lambert>
            <emission>
              <color sid="emission">0 0 0 1</color>
            </emission>
            <diffuse>
              <color sid="diffuse">0.8 0.8 0.8 1</color>
            </diffuse>
            <index_of_refraction>
              <float sid="ior">1.45</float>
            </index_of_refraction>
          </lambert>
        </technique>
      </profile_COMMON>
    </effect>
    <effect id="Part__Feature_005-effect">
      <profile_COMMON>
        <technique sid="common">
          <lambert>
            <emission>
              <color sid="emission">0 0 0 1</color>
            </emission>
            <diffuse>
              <color sid="diffuse">0.8 0.8 0.8 1</color>
            </diffuse>
            <index_of_refraction>
              <float sid="ior">1.45</float>
            </index_of_refraction>
          </lambert>
        </technique>
      </profile_COMMON>
    </effect>
    <effect id="Part__Feature023_002-effect">
      <profile_COMMON>
        <technique sid="common">
          <lambert>
            <emission>
              <color sid="emission">0 0 0 1</color>
            </emission>
            <diffuse>
              <color sid="diffuse">0.8 0.8 0.8 1</color>
            </diffuse>
            <index_of_refraction>
              <float sid="ior">1.45</float>
            </index_of_refraction>
          </lambert>
        </technique>
      </profile_COMMON>
    </effect>
    <effect id="Part__Feature022_002-effect">
      <profile_COMMON>
        <technique sid="common">
          <lambert>
            <emission>
              <color sid="emission">0 0 0 1</color>
            </emission>
            <diffuse>
              <color sid="diffuse">0.8 0.8 0.8 1</color>
            </diffuse>
            <index_of_refraction>
              <float sid="ior">1.45</float>
            </index_of_refraction>
          </lambert>
        </technique>
      </profile_COMMON>
    </effect>
    <effect id="Part__Feature021_002-effect">
      <profile_COMMON>
        <technique sid="common">
          <lambert>
            <emission>
              <color sid="emission">0 0 0 1</color>
            </emission>
            <diffuse>
              <color sid="diffuse">0.8 0.8 0.8 1</color>
            </diffuse>
            <index_of_refraction>
              <float sid="ior">1.45</float>
            </index_of_refraction>
          </lambert>
        </technique>
      </profile_COMMON>
    </effect>
    <effect id="Part__Feature020_002-effect">
      <profile_COMMON>
        <technique sid="common">
          <lambert>
            <emission>
              <color sid="emission">0 0 0 1</color>
            </emission>
            <diffuse>
              <color sid="diffuse">0.8 0.8 0.8 1</color>
            </diffuse>
            <index_of_refraction>
              <float sid="ior">1.45</float>
            </index_of_refraction>
          </lambert>
        </technique>
      </profile_COMMON>
    </effect>
    <effect id="Part__Feature019_002-effect">
      <profile_COMMON>
        <technique sid="common">
          <lambert>
            <emission>
              <color sid="emission">0 0 0 1</color>
            </emission>
            <diffuse>
              <color sid="diffuse">0.8 0.8 0.8 1</color>
            </diffuse>
            <index_of_refraction>
              <float sid="ior">1.45</float>
            </index_of_refraction>
          </lambert>
        </technique>
      </profile_COMMON>
    </effect>
    <effect id="Part__Feature018_002-effect">
      <profile_COMMON>
        <technique sid="common">
          <lambert>
            <emission>
              <color sid="emission">0 0 0 1</color>
            </emission>
            <diffuse>
              <color sid="diffuse">0.8 0.8 0.8 1</color>
            </diffuse>
            <index_of_refraction>
              <float sid="ior">1.45</float>
            </index_of_refraction>
          </lambert>
        </technique>
      </profile_COMMON>
    </effect>
  </library_effects>
  <library_images/>
  <library_materials>
    <material id="Part__Feature017_002-material" name="Part__Feature017.002">
      <instance_effect url="#Part__Feature017_002-effect"/>
    </material>
    <material id="Part__Feature016_002-material" name="Part__Feature016.002">
      <instance_effect url="#Part__Feature016_002-effect"/>
    </material>
    <material id="Part__Feature015_002-material" name="Part__Feature015.002">
      <instance_effect url="#Part__Feature015_002-effect"/>
    </material>
    <material id="Part__Feature014_002-material" name="Part__Feature014.002">
      <instance_effect url="#Part__Feature014_002-effect"/>
    </material>
    <material id="Part__Feature013_002-material" name="Part__Feature013.002">
      <instance_effect url="#Part__Feature013_002-effect"/>
    </material>
    <material id="Part__Feature011_003-material" name="Part__Feature011.003">
      <instance_effect url="#Part__Feature011_003-effect"/>
    </material>
    <material id="Part__Feature010_003-material" name="Part__Feature010.003">
      <instance_effect url="#Part__Feature010_003-effect"/>
    </material>
    <material id="Part__Feature009_003-material" name="Part__Feature009.003">
      <instance_effect url="#Part__Feature009_003-effect"/>
    </material>
    <material id="Part__Feature008_003-material" name="Part__Feature008.003">
      <instance_effect url="#Part__Feature008_003-effect"/>
    </material>
    <material id="Part__Feature007_003-material" name="Part__Feature007.003">
      <instance_effect url="#Part__Feature007_003-effect"/>
    </material>
    <material id="Part__Feature012_003-material" name="Part__Feature012.003">
      <instance_effect url="#Part__Feature012_003-effect"/>
    </material>
    <material id="Part__Feature006_003-material" name="Part__Feature006.003">
      <instance_effect url="#Part__Feature006_003-effect"/>
    </material>
    <material id="Part__Feature005_003-material" name="Part__Feature005.003">
      <instance_effect url="#Part__Feature005_003-effect"/>
    </material>
    <material id="Part__Feature004_003-material" name="Part__Feature004.003">
      <instance_effect url="#Part__Feature004_003-effect"/>
    </material>
    <material id="Part__Feature003_003-material" name="Part__Feature003.003">
      <instance_effect url="#Part__Feature003_003-effect"/>
    </material>
    <material id="Part__Feature002_003-material" name="Part__Feature002.003">
      <instance_effect url="#Part__Feature002_003-effect"/>
    </material>
    <material id="Part__Feature001_004-material" name="Part__Feature001.004">
      <instance_effect url="#Part__Feature001_004-effect"/>
    </material>
    <material id="Part__Feature_005-material" name="Part__Feature.005">
      <instance_effect url="#Part__Feature_005-effect"/>
    </material>
    <material id="Part__Feature023_002-material" name="Part__Feature023.002">
      <instance_effect url="#Part__Feature023_002-effect"/>
    </material>
    <material id="Part__Feature022_002-material" name="Part__Feature022.002">
      <instance_effect url="#Part__Feature022_002-effect"/>
    </material>
    <material id="Part__Feature021_002-material" name="Part__Feature021.002">
      <instance_effect url="#Part__Feature021_002-effect"/>
    </material>
    <material id="Part__Feature020_002-material" name="Part__Feature020.002">
      <instance_effect url="#Part__Feature020_002-effect"/>
    </material>
    <material id="Part__Feature019_002-material" name="Part__Feature019.002">
      <instance_effect url="#Part__Feature019_002-effect"/>
    </material>
    <material id="Part__Feature018_002-material" name="Part__Feature018.002">
      <instance_effect url="#Part__Feature018_002-effect"/>
    </material>
  </library_materials>
  <library_geometries>
    <geometry id="Part__Feature017_002-mesh" name="Part__Feature017.002">
      <mesh>
        <source id="Part__Feature017_002-mesh-positions">
          <float_array id="Part__Feature017_002-mesh-positions-array" count="48">0.3508375 0.9072245 0.311404 0.3508375 0.8627745 0.311404 0.3508375 0.8627745 0.308229 0.3508375 0.9072245 0.308229 0.6778625 0.9072245 0.308229 0.6778625 0.8627745 0.308229 0.6778625 0.8627745 0.311404 0.6778625 0.9072245 0.311404 0.6842125 0.9135745 0.317754 0.6842125 0.8627745 0.317754 0.6842125 0.9135745 0.305054 0.6842125 0.8627745 0.305054 0.3444875 0.9135745 0.317754 0.3444875 0.9135745 0.305054 0.3444875 0.8627745 0.317754 0.3444875 0.8627745 0.305054</float_array>
          <technique_common>
            <accessor source="#Part__Feature017_002-mesh-positions-array" count="16" stride="3">
              <param name="X" type="float"/>
              <param name="Y" type="float"/>
              <param name="Z" type="float"/>
            </accessor>
          </technique_common>
        </source>
        <source id="Part__Feature017_002-mesh-normals">
          <float_array id="Part__Feature017_002-mesh-normals-array" count="24">1 0 0 0 0 1 -1 0 0 0 -1 0 0 0 -1 0 1 0 0 -1 -5.74059e-5 0 -1 1.83877e-5</float_array>
          <technique_common>
            <accessor source="#Part__Feature017_002-mesh-normals-array" count="8" stride="3">
              <param name="X" type="float"/>
              <param name="Y" type="float"/>
              <param name="Z" type="float"/>
            </accessor>
          </technique_common>
        </source>
        <vertices id="Part__Feature017_002-mesh-vertices">
          <input semantic="POSITION" source="#Part__Feature017_002-mesh-positions"/>
        </vertices>
        <triangles material="Part__Feature017_002-material" count="28">
          <input semantic="VERTEX" source="#Part__Feature017_002-mesh-vertices" offset="0"/>
          <input semantic="NORMAL" source="#Part__Feature017_002-mesh-normals" offset="1"/>
          <p>0 0 1 0 2 0 0 0 2 0 3 0 4 1 2 1 5 1 4 1 3 1 2 1 6 2 7 2 4 2 6 2 4 2 5 2 7 3 3 3 4 3 7 3 0 3 3 3 1 4 7 4 6 4 0 4 7 4 1 4 8 0 9 0 10 0 10 0 9 0 11 0 12 5 8 5 13 5 13 5 8 5 10 5 14 2 12 2 15 2 15 2 12 2 13 2 11 3 6 3 5 3 11 3 9 3 6 3 5 6 2 6 11 6 2 3 15 3 11 3 2 3 1 3 15 3 1 3 14 3 15 3 9 3 14 3 6 3 6 7 14 7 1 7 8 1 12 1 9 1 9 1 12 1 14 1 15 4 10 4 11 4 13 4 10 4 15 4</p>
        </triangles>
      </mesh>
    </geometry>
    <geometry id="Part__Feature016_002-mesh" name="Part__Feature016.002">
      <mesh>
        <source id="Part__Feature016_002-mesh-positions">
          <float_array id="Part__Feature016_002-mesh-positions-array" count="48">0.3508375 0.543687 0.311404 0.3508375 0.499237 0.311404 0.3508375 0.499237 0.308229 0.3508375 0.543687 0.308229 0.6778625 0.543687 0.311404 0.6778625 0.499237 0.311404 0.6778625 0.499237 0.308229 0.6778625 0.543687 0.308229 0.3444875 0.492887 0.317754 0.3444875 0.543687 0.305054 0.3444875 0.492887 0.305054 0.3444875 0.543687 0.317754 0.6842125 0.492887 0.317754 0.6842125 0.492887 0.305054 0.6842125 0.543687 0.317754 0.6842125 0.543687 0.305054</float_array>
          <technique_common>
            <accessor source="#Part__Feature016_002-mesh-positions-array" count="16" stride="3">
              <param name="X" type="float"/>
              <param name="Y" type="float"/>
              <param name="Z" type="float"/>
            </accessor>
          </technique_common>
        </source>
        <source id="Part__Feature016_002-mesh-normals">
          <float_array id="Part__Feature016_002-mesh-normals-array" count="27">1 0 0 0 0 -1 0 1 0 -1 0 0 0 0 1 0 -1 0 0 1 -2.763e-5 0 1 1.38149e-5 0 1 -3.36361e-6</float_array>
          <technique_common>
            <accessor source="#Part__Feature016_002-mesh-normals-array" count="9" stride="3">
              <param name="X" type="float"/>
              <param name="Y" type="float"/>
              <param name="Z" type="float"/>
            </accessor>
          </technique_common>
        </source>
        <vertices id="Part__Feature016_002-mesh-vertices">
          <input semantic="POSITION" source="#Part__Feature016_002-mesh-positions"/>
        </vertices>
        <triangles material="Part__Feature016_002-material" count="28">
          <input semantic="VERTEX" source="#Part__Feature016_002-mesh-vertices" offset="0"/>
          <input semantic="NORMAL" source="#Part__Feature016_002-mesh-normals" offset="1"/>
          <p>0 0 1 0 2 0 0 0 2 0 3 0 1 1 4 1 5 1 0 1 4 1 1 1 2 2 5 2 6 2 1 2 5 2 2 2 5 3 4 3 7 3 5 3 7 3 6 3 7 4 2 4 6 4 7 4 3 4 2 4 8 3 9 3 10 3 8 3 11 3 9 3 12 5 10 5 13 5 12 5 8 5 10 5 14 0 13 0 15 0 14 0 12 0 13 0 11 2 0 2 9 2 9 2 0 2 3 2 7 2 15 2 3 2 3 6 15 6 9 6 7 2 4 2 15 2 4 2 14 2 15 2 11 7 14 7 0 7 0 8 14 8 4 8 14 4 11 4 12 4 12 4 11 4 8 4 9 1 15 1 13 1 9 1 13 1 10 1</p>
        </triangles>
      </mesh>
    </geometry>
    <geometry id="Part__Feature015_002-mesh" name="Part__Feature015.002">
      <mesh>
        <source id="Part__Feature015_002-mesh-positions">
          <float_array id="Part__Feature015_002-mesh-positions-array" count="48">0.3952875 0.543687 0.308229 0.3952875 0.8627745 0.308229 0.3508375 0.543687 0.308229 0.3508375 0.8627745 0.308229 0.3508375 0.543687 0.311404 0.3508375 0.8627745 0.311404 0.3952875 0.8627745 0.311404 0.3952875 0.543687 0.311404 0.3952875 0.543687 0.305054 0.3952875 0.543687 0.317754 0.3444875 0.543687 0.305054 0.3444875 0.543687 0.317754 0.3952875 0.8627745 0.305054 0.3444875 0.8627745 0.317754 0.3444875 0.8627745 0.305054 0.3952875 0.8627745 0.317754</float_array>
          <technique_common>
            <accessor source="#Part__Feature015_002-mesh-positions-array" count="16" stride="3">
              <param name="X" type="float"/>
              <param name="Y" type="float"/>
              <param name="Z" type="float"/>
            </accessor>
          </technique_common>
        </source>
        <source id="Part__Feature015_002-mesh-normals">
          <float_array id="Part__Feature015_002-mesh-normals-array" count="21">0 0 1 1 0 0 0 0 -1 0 -1 0 0 -1 -1.44355e-6 -1 0 0 0 1 0</float_array>
          <technique_common>
            <accessor source="#Part__Feature015_002-mesh-normals-array" count="7" stride="3">
              <param name="X" type="float"/>
              <param name="Y" type="float"/>
              <param name="Z" type="float"/>
            </accessor>
          </technique_common>
        </source>
        <vertices id="Part__Feature015_002-mesh-vertices">
          <input semantic="POSITION" source="#Part__Feature015_002-mesh-positions"/>
        </vertices>
        <triangles material="Part__Feature015_002-material" count="28">
          <input semantic="VERTEX" source="#Part__Feature015_002-mesh-vertices" offset="0"/>
          <input semantic="NORMAL" source="#Part__Feature015_002-mesh-normals" offset="1"/>
          <p>0 0 1 0 2 0 1 0 3 0 2 0 3 1 4 1 2 1 5 1 4 1 3 1 6 2 7 2 4 2 5 2 6 2 4 2 0 3 2 3 8 3 9 3 4 3 7 3 4 3 10 3 2 3 2 3 10 3 8 3 9 4 11 4 4 4 4 3 11 3 10 3 1 1 8 1 12 1 1 1 0 1 8 1 11 5 13 5 10 5 10 5 13 5 14 5 15 1 9 1 6 1 6 1 9 1 7 1 13 6 5 6 14 6 14 6 5 6 3 6 3 6 12 6 14 6 3 6 1 6 12 6 5 6 15 6 6 6 13 6 15 6 5 6 9 0 15 0 11 0 15 0 13 0 11 0 12 2 8 2 10 2 14 2 12 2 10 2</p>
        </triangles>
      </mesh>
    </geometry>
    <geometry id="Part__Feature014_002-mesh" name="Part__Feature014.002">
      <mesh>
        <source id="Part__Feature014_002-mesh-positions">
          <float_array id="Part__Feature014_002-mesh-positions-array" count="48">0.6778625 0.8627745 0.311404 0.6778625 0.543687 0.311404 0.6334125 0.543687 0.311404 0.6334125 0.8627745 0.311404 0.6778625 0.543687 0.308229 0.6778625 0.8627745 0.308229 0.6334125 0.543687 0.308229 0.6334125 0.8627745 0.308229 0.6842125 0.543687 0.305054 0.6842125 0.543687 0.317754 0.6334125 0.543687 0.305054 0.6334125 0.543687 0.317754 0.6334125 0.8627745 0.317754 0.6842125 0.8627745 0.317754 0.6842125 0.8627745 0.305054 0.6334125 0.8627745 0.305054</float_array>
          <technique_common>
            <accessor source="#Part__Feature014_002-mesh-positions-array" count="16" stride="3">
              <param name="X" type="float"/>
              <param name="Y" type="float"/>
              <param name="Z" type="float"/>
            </accessor>
          </technique_common>
        </source>
        <source id="Part__Feature014_002-mesh-normals">
          <float_array id="Part__Feature014_002-mesh-normals-array" count="27">0 0 -1 -1 0 0 0 0 1 0 -1 0 0 -1 -2.30969e-5 0 -1 1.15484e-5 1 0 0 0 1 0 0 1 -2.8871e-6</float_array>
          <technique_common>
            <accessor source="#Part__Feature014_002-mesh-normals-array" count="9" stride="3">
              <param name="X" type="float"/>
              <param name="Y" type="float"/>
              <param name="Z" type="float"/>
            </accessor>
          </technique_common>
        </source>
        <vertices id="Part__Feature014_002-mesh-vertices">
          <input semantic="POSITION" source="#Part__Feature014_002-mesh-positions"/>
        </vertices>
        <triangles material="Part__Feature014_002-material" count="28">
          <input semantic="VERTEX" source="#Part__Feature014_002-mesh-vertices" offset="0"/>
          <input semantic="NORMAL" source="#Part__Feature014_002-mesh-normals" offset="1"/>
          <p>0 0 1 0 2 0 3 0 0 0 2 0 4 1 0 1 5 1 1 1 0 1 4 1 4 2 5 2 6 2 5 2 7 2 6 2 8 3 1 3 4 3 8 3 9 3 1 3 4 4 10 4 8 4 4 3 6 3 10 3 1 3 11 3 2 3 9 5 11 5 1 5 11 1 12 1 2 1 2 1 12 1 3 1 13 6 9 6 14 6 14 6 9 6 8 6 7 7 5 7 15 7 12 7 0 7 3 7 0 7 14 7 5 7 5 7 14 7 15 7 0 7 13 7 14 7 12 8 13 8 0 8 6 1 15 1 10 1 6 1 7 1 15 1 13 2 12 2 9 2 9 2 12 2 11 2 15 0 14 0 8 0 15 0 8 0 10 0</p>
        </triangles>
      </mesh>
    </geometry>
    <geometry id="Part__Feature013_002-mesh" name="Part__Feature013.002">
      <mesh>
        <source id="Part__Feature013_002-mesh-positions">
          <float_array id="Part__Feature013_002-mesh-positions-array" count="24">0.3508375 0.499237 0.311404 0.3508375 0.9072245 0.311404 0.3508375 0.499237 0.308229 0.3508375 0.9072245 0.308229 0.6778625 0.499237 0.311404 0.6778625 0.499237 0.308229 0.6778625 0.9072245 0.311404 0.6778625 0.9072245 0.308229</float_array>
          <technique_common>
            <accessor source="#Part__Feature013_002-mesh-positions-array" count="8" stride="3">
              <param name="X" type="float"/>
              <param name="Y" type="float"/>
              <param name="Z" type="float"/>
            </accessor>
          </technique_common>
        </source>
        <source id="Part__Feature013_002-mesh-normals">
          <float_array id="Part__Feature013_002-mesh-normals-array" count="18">-1 0 0 0 -1 0 1 0 0 0 1 0 0 0 1 0 0 -1</float_array>
          <technique_common>
            <accessor source="#Part__Feature013_002-mesh-normals-array" count="6" stride="3">
              <param name="X" type="float"/>
              <param name="Y" type="float"/>
              <param name="Z" type="float"/>
            </accessor>
          </technique_common>
        </source>
        <vertices id="Part__Feature013_002-mesh-vertices">
          <input semantic="POSITION" source="#Part__Feature013_002-mesh-positions"/>
        </vertices>
        <triangles material="Part__Feature013_002-material" count="12">
          <input semantic="VERTEX" source="#Part__Feature013_002-mesh-vertices" offset="0"/>
          <input semantic="NORMAL" source="#Part__Feature013_002-mesh-normals" offset="1"/>
          <p>0 0 1 0 2 0 2 0 1 0 3 0 4 1 2 1 5 1 4 1 0 1 2 1 6 2 4 2 7 2 7 2 4 2 5 2 1 3 6 3 3 3 3 3 6 3 7 3 6 4 1 4 4 4 4 4 1 4 0 4 3 5 7 5 5 5 3 5 5 5 2 5</p>
        </triangles>
      </mesh>
    </geometry>
    <geometry id="Part__Feature011_003-mesh" name="Part__Feature011.003">
      <mesh>
        <source id="Part__Feature011_003-mesh-positions">
          <float_array id="Part__Feature011_003-mesh-positions-array" count="48">0.3349625 0.8627745 0.308229 0.3349625 0.9072245 0.311404 0.3349625 0.9072245 0.308229 0.3349625 0.8627745 0.311404 0.00793749 0.9072245 0.308229 0.00793749 0.8627745 0.308229 0.00793749 0.9072245 0.311404 0.00793749 0.8627745 0.311404 0.00158745 0.8627745 0.317754 0.00158745 0.9135745 0.305054 0.00158745 0.8627745 0.305054 0.00158745 0.9135745 0.317754 0.3413125 0.9135745 0.317754 0.3413125 0.9135745 0.305054 0.3413125 0.8627745 0.305054 0.3413125 0.8627745 0.317754</float_array>
          <technique_common>
            <accessor source="#Part__Feature011_003-mesh-positions-array" count="16" stride="3">
              <param name="X" type="float"/>
              <param name="Y" type="float"/>
              <param name="Z" type="float"/>
            </accessor>
          </technique_common>
        </source>
        <source id="Part__Feature011_003-mesh-normals">
          <float_array id="Part__Feature011_003-mesh-normals-array" count="27">-1 0 0 0 0 1 1 0 0 0 -1 0 0 0 -1 0 1 0 0 -1 -4.48484e-6 0 -1 -2.54712e-5 0 -1 2.87028e-5</float_array>
          <technique_common>
            <accessor source="#Part__Feature011_003-mesh-normals-array" count="9" stride="3">
              <param name="X" type="float"/>
              <param name="Y" type="float"/>
              <param name="Z" type="float"/>
            </accessor>
          </technique_common>
        </source>
        <vertices id="Part__Feature011_003-mesh-vertices">
          <input semantic="POSITION" source="#Part__Feature011_003-mesh-positions"/>
        </vertices>
        <triangles material="Part__Feature011_003-material" count="28">
          <input semantic="VERTEX" source="#Part__Feature011_003-mesh-vertices" offset="0"/>
          <input semantic="NORMAL" source="#Part__Feature011_003-mesh-normals" offset="1"/>
          <p>0 0 1 0 2 0 3 0 1 0 0 0 0 1 4 1 5 1 2 1 4 1 0 1 6 2 7 2 4 2 4 2 7 2 5 2 1 3 4 3 2 3 1 3 6 3 4 3 6 4 3 4 7 4 6 4 1 4 3 4 8 0 9 0 10 0 8 0 11 0 9 0 9 5 12 5 13 5 11 5 12 5 9 5 12 2 14 2 13 2 12 2 15 2 14 2 7 3 8 3 10 3 7 3 10 3 5 3 0 6 5 6 10 6 14 3 0 3 10 3 3 3 0 3 14 3 15 3 3 3 14 3 15 7 8 7 7 7 15 8 7 8 3 8 15 1 11 1 8 1 12 1 11 1 15 1 9 4 13 4 10 4 10 4 13 4 14 4</p>
        </triangles>
      </mesh>
    </geometry>
    <geometry id="Part__Feature010_003-mesh" name="Part__Feature010.003">
      <mesh>
        <source id="Part__Feature010_003-mesh-positions">
          <float_array id="Part__Feature010_003-mesh-positions-array" count="48">0.3349625 0.499237 0.311404 0.3349625 0.543687 0.311404 0.3349625 0.499237 0.308229 0.3349625 0.543687 0.308229 0.00793749 0.543687 0.311404 0.00793749 0.499237 0.311404 0.00793749 0.499237 0.308229 0.00793749 0.543687 0.308229 0.3413125 0.543687 0.305054 0.3413125 0.492887 0.317754 0.3413125 0.492887 0.305054 0.3413125 0.543687 0.317754 0.00158745 0.492887 0.305054 0.00158745 0.492887 0.317754 0.00158745 0.543687 0.317754 0.00158745 0.543687 0.305054</float_array>
          <technique_common>
            <accessor source="#Part__Feature010_003-mesh-positions-array" count="16" stride="3">
              <param name="X" type="float"/>
              <param name="Y" type="float"/>
              <param name="Z" type="float"/>
            </accessor>
          </technique_common>
        </source>
        <source id="Part__Feature010_003-mesh-normals">
          <float_array id="Part__Feature010_003-mesh-normals-array" count="24">-1 0 0 0 0 -1 0 1 0 1 0 0 0 0 1 0 -1 0 0 1 -2.11542e-5 0 1 1.0577e-5</float_array>
          <technique_common>
            <accessor source="#Part__Feature010_003-mesh-normals-array" count="8" stride="3">
              <param name="X" type="float"/>
              <param name="Y" type="float"/>
              <param name="Z" type="float"/>
            </accessor>
          </technique_common>
        </source>
        <vertices id="Part__Feature010_003-mesh-vertices">
          <input semantic="POSITION" source="#Part__Feature010_003-mesh-positions"/>
        </vertices>
        <triangles material="Part__Feature010_003-material" count="28">
          <input semantic="VERTEX" source="#Part__Feature010_003-mesh-vertices" offset="0"/>
          <input semantic="NORMAL" source="#Part__Feature010_003-mesh-normals" offset="1"/>
          <p>0 0 1 0 2 0 2 0 1 0 3 0 4 1 0 1 5 1 4 1 1 1 0 1 5 2 2 2 6 2 5 2 0 2 2 2 7 3 5 3 6 3 4 3 5 3 7 3 2 4 7 4 6 4 3 4 7 4 2 4 8 3 9 3 10 3 11 3 9 3 8 3 9 5 12 5 10 5 9 5 13 5 12 5 12 0 14 0 15 0 13 0 14 0 12 0 1 2 11 2 8 2 1 2 8 2 3 2 15 2 7 2 3 2 15 6 3 6 8 6 4 2 7 2 15 2 14 2 4 2 15 2 14 7 11 7 1 7 14 2 1 2 4 2 11 4 14 4 13 4 11 4 13 4 9 4 15 1 8 1 12 1 12 1 8 1 10 1</p>
        </triangles>
      </mesh>
    </geometry>
    <geometry id="Part__Feature009_003-mesh" name="Part__Feature009.003">
      <mesh>
        <source id="Part__Feature009_003-mesh-positions">
          <float_array id="Part__Feature009_003-mesh-positions-array" count="48">0.2905125 0.8627745 0.308229 0.2905125 0.543687 0.308229 0.3349625 0.543687 0.308229 0.3349625 0.8627745 0.308229 0.3349625 0.543687 0.311404 0.3349625 0.8627745 0.311404 0.2905125 0.543687 0.311404 0.2905125 0.8627745 0.311404 0.2905125 0.543687 0.305054 0.2905125 0.543687 0.317754 0.3413125 0.543687 0.305054 0.3413125 0.543687 0.317754 0.2905125 0.8627745 0.305054 0.3413125 0.8627745 0.317754 0.3413125 0.8627745 0.305054 0.2905125 0.8627745 0.317754</float_array>
          <technique_common>
            <accessor source="#Part__Feature009_003-mesh-positions-array" count="16" stride="3">
              <param name="X" type="float"/>
              <param name="Y" type="float"/>
              <param name="Z" type="float"/>
            </accessor>
          </technique_common>
        </source>
        <source id="Part__Feature009_003-mesh-normals">
          <float_array id="Part__Feature009_003-mesh-normals-array" count="24">0 0 1 -1 0 0 0 0 -1 0 -1 0 1 0 0 0 1 0 0 1 5.77423e-6 0 1 -2.8871e-6</float_array>
          <technique_common>
            <accessor source="#Part__Feature009_003-mesh-normals-array" count="8" stride="3">
              <param name="X" type="float"/>
              <param name="Y" type="float"/>
              <param name="Z" type="float"/>
            </accessor>
          </technique_common>
        </source>
        <vertices id="Part__Feature009_003-mesh-vertices">
          <input semantic="POSITION" source="#Part__Feature009_003-mesh-positions"/>
        </vertices>
        <triangles material="Part__Feature009_003-material" count="28">
          <input semantic="VERTEX" source="#Part__Feature009_003-mesh-vertices" offset="0"/>
          <input semantic="NORMAL" source="#Part__Feature009_003-mesh-normals" offset="1"/>
          <p>0 0 1 0 2 0 3 0 0 0 2 0 4 1 3 1 2 1 4 1 5 1 3 1 6 2 7 2 4 2 7 2 5 2 4 2 2 3 1 3 8 3 4 3 9 3 6 3 10 3 4 3 2 3 10 3 2 3 8 3 11 3 9 3 4 3 11 3 4 3 10 3 8 1 0 1 12 1 1 1 0 1 8 1 13 4 10 4 14 4 13 4 11 4 10 4 9 1 7 1 6 1 9 1 15 1 7 1 5 5 13 5 14 5 5 5 14 5 3 5 12 6 3 6 14 6 0 5 3 5 12 5 15 5 5 5 7 5 15 7 13 7 5 7 15 0 9 0 11 0 13 0 15 0 11 0 8 2 12 2 10 2 12 2 14 2 10 2</p>
        </triangles>
      </mesh>
    </geometry>
    <geometry id="Part__Feature008_003-mesh" name="Part__Feature008.003">
      <mesh>
        <source id="Part__Feature008_003-mesh-positions">
          <float_array id="Part__Feature008_003-mesh-positions-array" count="48">0.00793749 0.543687 0.311404 0.00793749 0.8627745 0.311404 0.05238747 0.543687 0.311404 0.05238747 0.8627745 0.311404 0.00793749 0.543687 0.308229 0.00793749 0.8627745 0.308229 0.05238747 0.543687 0.308229 0.05238747 0.8627745 0.308229 0.00158745 0.543687 0.305054 0.00158745 0.543687 0.317754 0.05238747 0.543687 0.305054 0.05238747 0.543687 0.317754 0.05238747 0.8627745 0.317754 0.00158745 0.8627745 0.305054 0.00158745 0.8627745 0.317754 0.05238747 0.8627745 0.305054</float_array>
          <technique_common>
            <accessor source="#Part__Feature008_003-mesh-positions-array" count="16" stride="3">
              <param name="X" type="float"/>
              <param name="Y" type="float"/>
              <param name="Z" type="float"/>
            </accessor>
          </technique_common>
        </source>
        <source id="Part__Feature008_003-mesh-normals">
          <float_array id="Part__Feature008_003-mesh-normals-array" count="30">0 0 -1 1 0 0 0 0 1 0 -1 0 0 -1 -2.5984e-5 0 -1 1.2992e-5 -1 0 0 0 1 0 0 1 4.61938e-5 0 1 -2.30968e-5</float_array>
          <technique_common>
            <accessor source="#Part__Feature008_003-mesh-normals-array" count="10" stride="3">
              <param name="X" type="float"/>
              <param name="Y" type="float"/>
              <param name="Z" type="float"/>
            </accessor>
          </technique_common>
        </source>
        <vertices id="Part__Feature008_003-mesh-vertices">
          <input semantic="POSITION" source="#Part__Feature008_003-mesh-positions"/>
        </vertices>
        <triangles material="Part__Feature008_003-material" count="28">
          <input semantic="VERTEX" source="#Part__Feature008_003-mesh-vertices" offset="0"/>
          <input semantic="NORMAL" source="#Part__Feature008_003-mesh-normals" offset="1"/>
          <p>0 0 1 0 2 0 1 0 3 0 2 0 1 1 4 1 5 1 1 1 0 1 4 1 5 2 4 2 6 2 7 2 5 2 6 2 0 3 8 3 4 3 9 3 8 3 0 3 10 4 4 4 8 4 6 3 4 3 10 3 11 3 0 3 2 3 11 5 9 5 0 5 12 1 2 1 3 1 12 1 11 1 2 1 9 6 13 6 8 6 9 6 14 6 13 6 5 7 7 7 15 7 13 8 5 8 15 8 1 7 12 7 3 7 1 7 5 7 13 7 14 9 12 9 1 9 14 7 1 7 13 7 15 1 6 1 10 1 7 1 6 1 15 1 12 2 14 2 9 2 12 2 9 2 11 2 13 0 15 0 8 0 8 0 15 0 10 0</p>
        </triangles>
      </mesh>
    </geometry>
    <geometry id="Part__Feature007_003-mesh" name="Part__Feature007.003">
      <mesh>
        <source id="Part__Feature007_003-mesh-positions">
          <float_array id="Part__Feature007_003-mesh-positions-array" count="24">0.3349625 0.9072245 0.311404 0.3349625 0.499237 0.308229 0.3349625 0.9072245 0.308229 0.3349625 0.499237 0.311404 0.00793749 0.499237 0.311404 0.00793749 0.499237 0.308229 0.00793749 0.9072245 0.308229 0.00793749 0.9072245 0.311404</float_array>
          <technique_common>
            <accessor source="#Part__Feature007_003-mesh-positions-array" count="8" stride="3">
              <param name="X" type="float"/>
              <param name="Y" type="float"/>
              <param name="Z" type="float"/>
            </accessor>
          </technique_common>
        </source>
        <source id="Part__Feature007_003-mesh-normals">
          <float_array id="Part__Feature007_003-mesh-normals-array" count="18">1 0 0 0 -1 0 -1 0 0 0 1 0 0 0 1 0 0 -1</float_array>
          <technique_common>
            <accessor source="#Part__Feature007_003-mesh-normals-array" count="6" stride="3">
              <param name="X" type="float"/>
              <param name="Y" type="float"/>
              <param name="Z" type="float"/>
            </accessor>
          </technique_common>
        </source>
        <vertices id="Part__Feature007_003-mesh-vertices">
          <input semantic="POSITION" source="#Part__Feature007_003-mesh-positions"/>
        </vertices>
        <triangles material="Part__Feature007_003-material" count="12">
          <input semantic="VERTEX" source="#Part__Feature007_003-mesh-vertices" offset="0"/>
          <input semantic="NORMAL" source="#Part__Feature007_003-mesh-normals" offset="1"/>
          <p>0 0 1 0 2 0 0 0 3 0 1 0 1 1 4 1 5 1 3 1 4 1 1 1 4 2 6 2 5 2 4 2 7 2 6 2 6 3 0 3 2 3 7 3 0 3 6 3 0 4 7 4 4 4 0 4 4 4 3 4 6 5 2 5 5 5 5 5 2 5 1 5</p>
        </triangles>
      </mesh>
    </geometry>
    <geometry id="Part__Feature012_003-mesh" name="Part__Feature012.003">
      <mesh>
        <source id="Part__Feature012_003-mesh-positions">
          <float_array id="Part__Feature012_003-mesh-positions-array" count="960">0.3618178 0.6965043 0.3568284 0.3638119 0.6903832 0.3541832 0.3622033 0.6957498 0.3536386 0.3678701 0.6903409 0.3524437 0.3646592 0.6918317 0.352621 0.371642 0.6910027 0.353327 0.3693096 0.6920661 0.3511869 0.3648713 0.6928837 0.3510363 0.3735581 0.6908618 0.355333 0.3747016 0.6927995 0.3594465 0.3742312 0.6956542 0.3534959 0.3720648 0.6916381 0.364115 0.3745085 0.6986581 0.3554562 0.3732296 0.6979889 0.3601464 0.3725231 0.6937732 0.3510961 0.3674323 0.6912594 0.3654049 0.3695142 0.6966256 0.3636432 0.3705111 0.7017958 0.3590167 0.3653209 0.6975761 0.3626416 0.3635454 0.6930677 0.3631485 0.3730662 0.7028961 0.3522343 0.3621005 0.691568 0.3611003 0.3655922 0.7023792 0.3578321 0.3689711 0.7048322 0.3534839 0.3623884 0.6980431 0.3582702 0.366346 0.7048232 0.3514704 0.3628796 0.7023449 0.3521863 0.3617712 0.5973051 0.3524916 0.3628234 0.601051 0.3520175 0.3667497 0.6036182 0.3506292 0.3621072 0.6039547 0.3567194 0.366325 0.6050872 0.3525882 0.3636073 0.6047237 0.3542947 0.3700253 0.6034758 0.3509339 0.373123 0.6015045 0.3510514 0.3703715 0.6054186 0.352809 0.3732501 0.6040725 0.3546574 0.3740441 0.5946764 0.3525152 0.3716831 0.5918422 0.352228 0.3745722 0.5997003 0.3563488 0.3744751 0.6021836 0.3599053 0.3734536 0.5970415 0.3588984 0.3673515 0.5908614 0.3521057 0.3702657 0.592882 0.357319 0.3703093 0.5976399 0.3624951 0.3630384 0.5935319 0.3534527 0.3659061 0.593769 0.3585931 0.3727384 0.6039755 0.3634454 0.369848 0.602948 0.3649535 0.3637505 0.5983833 0.3613946 0.3669291 0.6028847 0.3650173 0.3618813 0.6024402 0.3595854 0.363175 0.6038354 0.3630049 0.3687272 0.5997706 0.3179531 0.3703867 0.5978974 0.3182399 0.36802 0.5946547 0.3181607 0.3661714 0.5959467 0.3180463 0.3662557 0.7003712 0.3178409 0.3682814 0.701265 0.3179798 0.3705667 0.699692 0.3180244 0.3701853 0.6975067 0.3179345 0.367798 0.6964028 0.3181306 0.366041 0.697776 0.3180878 0.3702096 0.6924446 0.317754 0.3751746 0.6988029 0.317754 0.3699539 0.7051486 0.317754 0.3633998 0.7033589 0.317754 0.3623571 0.6948963 0.317754 0.3618658 0.5955299 0.317754 0.3664333 0.5906277 0.317754 0.3730733 0.5927062 0.317754 0.3745375 0.5995079 0.317754 0.3692919 0.6035932 0.317754 0.3633095 0.601691 0.317754 0.3668703 0.7005173 0.3364787 0.3656253 0.6989688 0.3360956 0.3676671 0.6960833 0.3359163 0.3705036 0.6982557 0.3354884 0.368759 0.7014607 0.3354898 0.366257 0.6996139 0.3353291 0.3664942 0.6970758 0.3353426 0.3694263 0.6968123 0.3351821 0.3708193 0.6994758 0.3348531 0.3682863 0.7010141 0.3349227 0.3658821 0.6995568 0.3343403 0.3665059 0.6972392 0.3346031 0.3689267 0.6965318 0.3344167 0.3705736 0.6992423 0.3342767 0.3685047 0.7011175 0.333711 0.3656343 0.6996131 0.3337345 0.3669953 0.6967594 0.3333174 0.3701708 0.6969541 0.3334103 0.3705434 0.699333 0.3334891 0.3677157 0.701297 0.332706 0.3659188 0.6981283 0.3326286 0.3677952 0.6963812 0.3328951 0.3705224 0.6993254 0.3326491 0.3656332 0.6994035 0.3320733 0.3670573 0.6964208 0.331986 0.3697779 0.6969798 0.3321875 0.3705329 0.6991377 0.3314514 0.3684667 0.7010668 0.3313117 0.3663106 0.7000998 0.3316191 0.3660347 0.6981186 0.331215 0.3685256 0.6963683 0.3308476 0.3701533 0.6972312 0.3311643 0.3701323 0.699939 0.3305628 0.3678433 0.7011521 0.330553 0.365881 0.6985149 0.330296 0.3682301 0.6963585 0.3300688 0.3705812 0.6987241 0.3298871 0.369516 0.7010645 0.3299788 0.3658698 0.7000592 0.3297893 0.3670597 0.6963011 0.3295809 0.3699777 0.6973356 0.329178 0.3701711 0.7000392 0.3290229 0.3680118 0.7010105 0.3292833 0.3659867 0.699473 0.3291702 0.3669757 0.6967809 0.329013 0.3695863 0.6969223 0.3283885 0.3706027 0.7001878 0.3284587 0.3670559 0.7007179 0.3284575 0.3660724 0.6992517 0.3283559 0.3664662 0.6972152 0.3282057 0.368357 0.6965331 0.3277102 0.3701631 0.6975684 0.3275856 0.3702567 0.6996238 0.3278946 0.3682171 0.7013888 0.3275432 0.3660442 0.6995016 0.3271365 0.3666691 0.6969591 0.3274257 0.3699475 0.6967517 0.3270662 0.3703511 0.6999459 0.3266605 0.3665811 0.7009505 0.3266606 0.3663716 0.6974924 0.3263983 0.3682685 0.6964305 0.3265551 0.3698905 0.697158 0.3260197 0.3683486 0.7011444 0.3260915 0.3663811 0.6999747 0.3258652 0.3663619 0.6973606 0.3254449 0.3691968 0.6963251 0.3255013 0.3705493 0.6995811 0.3256199 0.3685529 0.7010285 0.3253973 0.3656485 0.6994622 0.3249787 0.366884 0.696892 0.324616 0.3693402 0.6967172 0.3249251 0.3708785 0.6991103 0.3245142 0.3691725 0.7009233 0.3246632 0.3659936 0.6995536 0.3244261 0.3667259 0.6968516 0.3238273 0.3695446 0.6968992 0.3240908 0.3705914 0.6989325 0.3239672 0.3687694 0.7011748 0.3234183 0.3659379 0.6994377 0.3232105 0.3667319 0.6970112 0.3230233 0.3695875 0.6967799 0.3232751 0.3705239 0.6993862 0.3231151 0.3686287 0.7013982 0.3228083 0.3654981 0.6988955 0.3225629 0.3680543 0.6964068 0.3221957 0.3700547 0.697407 0.3224916 0.3704705 0.6992585 0.3218802 0.3684132 0.7011262 0.3216115 0.3660365 0.699366 0.3217354 0.3662698 0.6976947 0.3219393 0.3679005 0.6964755 0.3213527 0.369897 0.6971569 0.3212689 0.3705006 0.6994736 0.3211414 0.3665968 0.7004337 0.3208587 0.3659629 0.6980229 0.3207184 0.3683373 0.6964156 0.3204032 0.3704502 0.6995548 0.3203674 0.3684271 0.7011305 0.3202031 0.3661081 0.7000786 0.3198862 0.3663699 0.69699 0.3200905 0.3701512 0.6972665 0.3202413 0.3704843 0.6996033 0.3195643 0.3683412 0.7009966 0.3193053 0.3660054 0.6980775 0.3190926 0.3675385 0.6964946 0.319473 0.3705196 0.6973682 0.3190131 0.3695271 0.7010763 0.318877 0.3663953 0.7000715 0.3184013 0.370055 0.5952746 0.3365954 0.3701343 0.5986739 0.3365186 0.3655521 0.5966444 0.3360518 0.3687795 0.5947749 0.3356598 0.3704571 0.5967125 0.3354381 0.3674066 0.5994408 0.3356499 0.3659163 0.5956412 0.3351717 0.3698265 0.5953904 0.3347488 0.3702548 0.5985692 0.3351878 0.368963 0.599349 0.3344846 0.3658156 0.5978871 0.3343596 0.366945 0.5953342 0.334605 0.3688644 0.5949202 0.3340743 0.3708976 0.5973096 0.3340992 0.366519 0.5987207 0.3335386 0.3659946 0.5965464 0.3338477 0.3679401 0.594523 0.3334941 0.3704129 0.5964191 0.3335425 0.3701125 0.5985262 0.332996 0.3684918 0.5994802 0.3334847 0.3655831 0.597752 0.3329438 0.3671564 0.5950459 0.332944 0.3699668 0.5956418 0.3327644 0.3703485 0.5976235 0.3324292 0.3686755 0.599386 0.3321129 0.3656869 0.5981107 0.3321514 0.3668704 0.5950713 0.3321433 0.3696632 0.595371 0.3315533 0.3707715 0.5980792 0.3316857 0.3674611 0.5996393 0.3314427 0.36585 0.5975155 0.3315249 0.3674026 0.594569 0.331141 0.3704598 0.5964426 0.3307293 0.3697502 0.5987636 0.3310414 0.3669508 0.5991865 0.3308563 0.3658677 0.5964481 0.3306277 0.3679108 0.594987 0.3302811 0.3704613 0.5962658 0.3299242 0.3689666 0.5998567 0.329955 0.3658126 0.5972 0.3299075 0.3675231 0.5949007 0.3293569 0.3694257 0.5952412 0.3291908 0.3705009 0.5975295 0.3291105 0.3687149 0.5993705 0.3293697 0.3660876 0.5982118 0.3291485 0.3666756 0.5954548 0.3285892 0.3692699 0.5949931 0.3284847 0.3706488 0.5982092 0.3284983 0.3684021 0.59947 0.3285168 0.3662813 0.5984525 0.3284507 0.3659708 0.5965914 0.3279026 0.3669731 0.5950598 0.3276041 0.3705608 0.5957651 0.3277857 0.3699969 0.5983975 0.3276641 0.36763 0.599412 0.3276723 0.3659926 0.5975055 0.3270983 0.3695786 0.5951976 0.3272441 0.3684654 0.5995362 0.3269076 0.3661655 0.5982166 0.3263362 0.3665508 0.5954818 0.3261863 0.3677793 0.5949398 0.3265919 0.369951 0.5956336 0.3264244 0.3704349 0.5979476 0.3264918 0.3688068 0.5992158 0.3259386 0.3667203 0.5992224 0.3258709 0.3657706 0.595985 0.325656 0.3690425 0.5950533 0.3254581 0.3707075 0.5965258 0.3253605 0.3698719 0.5988985 0.3254393 0.3661557 0.5978161 0.3249936 0.3667648 0.5952409 0.3249695 0.3704823 0.5969284 0.3243401 0.3700305 0.5985145 0.3247085 0.3674763 0.5994244 0.3247042 0.3655118 0.5969778 0.3241842 0.3677415 0.5948383 0.3241535 0.3698241 0.5953913 0.3242458 0.370576 0.5976265 0.3235368 0.3687382 0.5994071 0.3238081 0.3667191 0.5989127 0.3232405 0.3660627 0.5964249 0.3231117 0.3681773 0.5947659 0.3233266 0.3705181 0.5967219 0.3228221 0.369695 0.598724 0.3228599 0.3659923 0.5973933 0.3223727 0.3673422 0.5949161 0.3221817 0.3693391 0.595097 0.322525 0.3706307 0.5983599 0.3221067 0.3672883 0.5993844 0.3223085 0.3659207 0.5978596 0.3214308 0.3676877 0.5947764 0.3214212 0.3700599 0.5958166 0.3216708 0.3701114 0.5985975 0.3214989 0.368072 0.5994905 0.3209385 0.3663869 0.5955681 0.3205444 0.3694121 0.5947524 0.3207284 0.370509 0.5980328 0.3207071 0.3679213 0.5996037 0.320016 0.3659098 0.5972471 0.3203917 0.3693036 0.5950828 0.3201195 0.3704552 0.5977687 0.3199132 0.3660036 0.5981138 0.3193017 0.3669188 0.5953423 0.3193512 0.3693985 0.5949934 0.3192791 0.3705003 0.5974348 0.3191666 0.3690743 0.5993578 0.3190212 0.3667322 0.5989225 0.3184337 0.3658874 0.5981787 0.3178277 0.3673682 0.5992327 0.3364732 0.3698518 0.7004542 0.3366115 0.3688842 0.6961503 0.3366805 0.3664004 0.6974858 0.3365234 0.3704476 0.6983975 0.3362775 0.3684791 0.7008104 0.3358883 0.3672928 0.7006071 0.3342136 0.3680235 0.6967026 0.3338705 0.366806 0.7003448 0.3334004 0.3687582 0.7007391 0.3327206 0.3695689 0.7002773 0.3319731 0.3672306 0.7006945 0.3278364 0.3692198 0.7005939 0.3271981 0.3670746 0.7005981 0.3238856 0.3692553 0.7006349 0.3224502 0.3696623 0.6969596 0.3185672 0.3694519 0.7004557 0.3184416 0.3678084 0.6967181 0.3363139 0.3661584 0.5965674 0.3364504 0.36734 0.5948739 0.3365845 0.3702991 0.5969912 0.3361136 0.3661185 0.5970957 0.3356648 0.3663226 0.5981438 0.3349462 0.3668088 0.5986741 0.3325868 0.3686227 0.5950918 0.3322825 0.3665575 0.5958926 0.3316137 0.3685238 0.5992661 0.3303151 0.3660705 0.5969758 0.323726 0.3662768 0.5979855 0.3198274 0.3694742 0.5952433 0.3185573</float_array>
          <technique_common>
            <accessor source="#Part__Feature012_003-mesh-positions-array" count="320" stride="3">
              <param name="X" type="float"/>
              <param name="Y" type="float"/>
              <param name="Z" type="float"/>
            </accessor>
          </technique_common>
        </source>
        <source id="Part__Feature012_003-mesh-normals">
          <float_array id="Part__Feature012_003-mesh-normals-array" count="3486">-0.9555434 -0.291143 -0.04661154 -0.7118507 -0.2787722 -0.6446353 -0.319899 -0.601956 -0.7316513 -0.8233791 -0.4157976 -0.3862116 0.2761651 -0.7062245 -0.6519048 0.2763985 -0.706279 -0.6517468 0.2763173 -0.7062726 -0.6517881 -0.2469053 -0.4280732 -0.8693625 -0.2468432 -0.4281162 -0.869359 -0.2467994 -0.4281396 -0.8693599 -0.131607 -0.8176787 -0.5604296 0.6660112 -0.3467248 -0.6604628 0.9640411 -0.20151 -0.1732583 0.9639923 -0.2017002 -0.1733086 0.963999 -0.2016685 -0.1733087 0.3279005 -0.6535578 -0.682161 0.85161 -0.46525 -0.2414601 0.8397128 0.1685559 0.5162088 0.9312713 0.2255632 0.2861036 0.9951428 -0.03087913 -0.09347414 0.2456071 0.2150244 0.9452205 0.5661235 0.3596683 0.7417163 0.4635215 0.539565 0.7028638 -0.1395778 0.3573148 0.9234957 0.814569 0.5003437 0.2934851 0.7032451 0.610621 0.364127 0.7032485 0.6106323 0.3641016 0.7032528 0.6106411 0.3640783 -0.3942106 0.2545272 0.8830708 -0.02562469 0.6693671 0.7424899 -0.08507537 0.7074118 0.7016628 0.4824613 0.8175542 0.3143826 -0.01272392 0.8750945 0.4837848 -0.866693 0.2316238 0.4418073 -0.7567531 0.3594099 0.5460306 -0.6684429 0.5445001 0.5066595 -0.6684639 0.5445007 0.5066311 -0.6684929 0.5445057 0.5065876 -0.962961 0.1427852 0.2287323 -0.249623 0.9134671 0.3213508 -0.7360243 0.5794969 0.349931 -0.7359973 0.579511 0.3499643 -0.7360432 0.5794849 0.3499107 -0.5287094 0.8114264 0.2491058 -0.9604497 0.2579609 0.104846 -0.9964194 0.07508385 -0.0388683 -0.5821587 0.5845821 -0.5651151 -0.5820586 0.5846384 -0.5651601 -0.5819988 0.584683 -0.5651756 -0.9324308 0.2262613 -0.2817424 -0.8272411 0.4130897 -0.3808268 -0.8272923 0.4130634 -0.3807443 -0.8273269 0.4130341 -0.3807008 -0.5004422 0.5308741 -0.6839081 -0.03263324 0.7960732 -0.6043199 -0.03263539 0.7960749 -0.6043176 -0.0325759 0.7960376 -0.6043701 0.09707373 0.682187 -0.7247053 0.4057062 0.5962714 -0.6927214 0.6044111 0.638711 -0.4761676 0.9578891 0.2168655 -0.1881963 0.9452739 -0.2548325 0.2037592 0.9592771 -0.2242094 0.1718073 0.7179906 -0.6284356 0.2992628 0.6874235 -0.6499211 0.3241166 0.2070425 -0.9456462 0.2507721 0.5331758 -0.6250837 0.5700824 -0.07068169 -0.9160839 0.394708 -0.07073402 -0.916141 0.3945661 -0.07069128 -0.9160382 0.3948125 0.8064771 -0.2638127 0.5291482 -0.4389778 -0.8523648 0.2842054 0.6736038 -0.3554635 0.6479997 0.04781538 -0.7355866 0.6757411 0.5251064 -0.3196434 0.7887277 -0.1983607 -0.5747019 0.793959 0.0289669 -0.4182913 0.9078509 0.02896183 -0.4182919 0.9078509 0.02895277 -0.4182927 0.9078508 -0.1985593 -0.5254119 0.8273552 -0.1984865 -0.5253918 0.8273854 -0.1986253 -0.5254496 0.8273153 -0.6996693 -0.5800805 0.4170969 -0.9423981 -0.2637345 0.2057425 -0.9424015 -0.2637385 0.2057215 -0.9423274 -0.2637953 0.2059887 -0.915004 -0.3025624 0.2668779 -0.5083019 -0.2928612 0.8098527 -0.8802517 -0.2174817 0.4217331 0.5857358 -0.004860222 -0.8104875 -0.8769688 -0.4804862 0.007672131 -0.7258533 -0.6877221 0.01324737 -0.2978491 -0.9539642 -0.03519147 -0.1806058 -0.9834255 -0.01599657 0.4692023 -0.8830869 0.002632558 0.7878184 -0.6151528 -0.03048306 0.7875984 -0.6154516 -0.03013509 0.7875978 -0.6154517 -0.03014951 0.7627106 -0.6456949 -0.03675258 0.9945328 -0.1030024 0.01717758 0.9422959 0.3343008 0.01793295 0.7719354 0.6350609 -0.02852255 0.7717145 0.6353442 -0.02818793 0.7717155 0.635344 -0.0281639 0.4327983 0.9012751 0.01971882 0.4328101 0.9012681 0.01978236 0.432298 0.901499 0.02044689 -0.01000815 0.9999132 0.00857824 -0.2633731 0.9645094 -0.01887345 -0.5794547 0.814862 0.01524108 -0.9924303 0.1222804 -0.01139181 -0.9863859 0.1631854 -0.02033019 -0.3939125 0.005580127 -0.9191311 -0.5317693 1.67336e-4 -0.8468893 -0.8506046 0.001346409 -0.5258043 -0.8007057 -0.001679539 -0.5990555 -0.8006134 -0.001502275 -0.5991794 -0.8005126 -0.001461982 -0.5993142 -0.9967768 -0.003023862 -0.0801686 -0.9977301 0.001559674 0.06732171 -0.9977373 0.001394331 0.06721806 -0.9977151 0.00164175 0.06754297 -0.9347968 -0.003737926 0.3551638 -0.8179822 0.00246948 0.5752382 -0.5018094 6.91562e-4 0.864978 -0.4726974 -0.001173615 0.881224 0.02195799 -0.004509806 0.9997488 0.2680581 0.002407491 0.9633998 0.4634507 -0.003206968 0.8861169 0.870406 0.002928256 0.492326 0.897791 -1.36488e-5 0.4404218 0.9995784 -0.002352416 0.02894014 0.9624999 0.007685959 -0.2711733 0.7903198 0.001628637 -0.6126924 0.7905124 0.001845777 -0.6124435 0.7904109 0.001662969 -0.6125749 0.7232216 0.002809643 -0.6906104 0.5393266 -0.002910017 -0.8420916 0.2272666 0.002489805 -0.9738295 0.2272704 0.002458155 -0.9738286 0.2275937 0.002850234 -0.973752 0.05469632 -0.002684175 -0.9984995 -0.9488084 -0.3155624 0.01353847 -0.9488103 -0.3155534 0.01360255 -0.9489121 -0.315236 0.01385927 -0.7315677 -0.6816226 -0.0141229 -0.5218375 -0.8528164 0.0197497 0.2208179 -0.9753148 7.37671e-4 0.2986757 -0.9542767 -0.01220256 0.2990305 -0.9541698 -0.01186883 0.2990304 -0.9541699 -0.01185858 0.7674975 -0.6408791 0.01489013 0.9774897 -0.2104227 -0.01537114 0.9945493 -0.1042671 -3.75825e-4 0.7850406 0.6194328 -0.003794133 0.6143053 0.7887836 -0.02120357 0.5370923 0.8434768 -0.008888483 0.04318952 0.9990636 0.002575099 -0.3029254 0.9527083 -0.02414995 -0.5452627 0.8382279 0.007920205 -0.9735288 0.2281161 -0.01431071 -0.9629881 0.2694061 -0.008630335 0.01657205 0.001037955 -0.9998622 0.007339656 -0.02274149 -0.9997144 0.04306751 -0.04894775 -0.9978725 0.04395169 -0.02588945 -0.9986982 0.0510118 -0.02261996 -0.9984419 -0.05527865 0.06465017 -0.9963757 -0.03580474 0.1143823 -0.9927914 -0.1266309 0.02726328 -0.9915753 0.1031624 0.05964344 -0.9928748 -0.0421015 -0.1875705 -0.9813485 0.06204509 0.05781126 -0.9963977 -0.03630405 -0.04661828 -0.9982529 0.07590842 -0.0876109 -0.9932585 0.0216794 -0.005078554 -0.9997521 0.01734274 -0.05455005 -0.9983604 0.03956019 0.00806868 -0.9991846 -0.06949436 -0.05715465 -0.9959438 -0.01574015 -0.05125528 -0.9985616 0.1151394 -0.1069146 -0.987579 0.1151149 -0.1067419 -0.9876006 0.1151098 -0.1070168 -0.9875713 -0.04897153 0.04960751 -0.9975676 0.006296753 -0.02306759 -0.9997141 -0.04528909 0.03537148 -0.9983476 -0.09787333 0.03498411 -0.9945838 0.02695673 -0.003321051 -0.9996312 0.1726834 -0.1074388 -0.9791003 0.03640037 0.1166039 -0.9925113 0.05732583 0.04231721 -0.9974583 -0.825873 0.1663328 -0.5387646 -0.3494889 0.8319462 0.4309561 -0.3495126 0.8319418 0.4309453 -0.3497253 0.8320057 0.4306494 0.0619831 -0.5783063 0.8134618 -0.8641546 -0.2150399 0.4549667 -0.8641319 -0.2150598 0.4550006 -0.8639543 -0.2150642 0.4553354 -0.4629763 0.003999233 0.8863617 -0.3079729 0.9179559 -0.2500193 -0.3079476 0.9179551 -0.2500536 -0.3080592 0.9180099 -0.2497146 0.2620078 0.4579282 0.849502 0.3700949 -0.359043 0.8568069 0.3700304 -0.3589373 0.856879 0.3700175 -0.35886 0.8569169 -0.3507925 0.3064018 0.8849083 -0.363734 0.8484296 0.384532 0.3014045 0.9363163 -0.1801863 0.3014898 0.9362732 -0.1802679 0.3012688 0.9364135 -0.1799081 0.4972298 0.09887391 0.8619666 0.4971179 0.09909886 0.8620054 0.4971767 0.09948921 0.8619264 -0.1789851 -0.4709054 0.8638359 -0.1788842 -0.4707319 0.8639515 -0.1787797 -0.4706488 0.8640183 0.4425202 0.1694746 0.8805989 0.4425583 0.1696159 0.8805524 0.4428147 0.169963 0.8803567 -0.3104223 0.3599612 0.8798102 -0.3103991 0.3599532 0.8798216 -0.3105711 0.3601052 0.8796987 0.537518 0.6340928 -0.5558784 0.7736602 0.1820253 0.6068911 0.6257531 -0.779197 -0.03585058 -0.02523833 -0.441398 0.8969565 -0.7311805 -0.6672624 0.1419014 -0.731416 -0.6670041 0.1419022 -0.7309456 -0.667447 0.1422431 -0.5553579 -0.1273601 0.8218012 -0.5553944 -0.1274234 0.8217667 -0.5555748 -0.127561 0.8216234 -0.905194 0.3067869 -0.2941187 -0.9050933 0.3069534 -0.2942548 -0.9052942 0.3067129 -0.2938873 0.007695496 0.7783657 0.6277639 -0.7074248 -0.6455535 -0.2877689 -0.707522 -0.645401 -0.2878718 -0.7074132 -0.6456528 -0.2875743 -0.9053894 0.3408135 0.2532122 -0.8862267 0.4494407 -0.1122735 -0.002536237 0.989368 -0.1454118 -0.002536416 0.9893679 -0.145412 -0.002498626 0.9893887 -0.1452719 0.4917491 -0.05927002 0.8687174 0.3433746 -0.6873351 -0.6400504 0.3436269 -0.6874692 -0.6397708 0.343419 -0.6873941 -0.6399632 -0.242017 -0.4693586 0.8491939 -0.6032111 -0.6095337 0.5143977 -0.603162 -0.6093655 0.5146546 -0.603221 -0.6094841 0.514445 -0.841772 0.4519342 0.2952551 -0.8417675 0.4519285 0.2952766 -0.841748 0.4518339 0.2954769 -0.8449198 0.5269678 -0.09173619 -0.8448939 0.5270156 -0.09170001 -0.8447958 0.5271835 -0.09163856 0.04163706 0.9740464 0.2224861 0.04163366 0.9740496 0.2224729 0.04164505 0.9740315 0.2225497 0.7854713 0.3013553 0.5405738 0.4546691 -0.8798511 0.1383411 0.4545766 -0.8799018 0.1383216 0.4548278 -0.8797417 0.138514 0.3354009 -0.8503469 0.4054832 0.3355783 -0.8500666 0.405924 0.3356216 -0.8500341 0.4059561 -0.5287142 -0.7801692 -0.3343613 -0.5287358 -0.7801769 -0.3343092 -0.5286629 -0.7801697 -0.3344413 -0.5509753 0.02997827 0.833983 -0.5508435 0.03040236 0.8340547 -0.5509279 0.0302543 0.8340043 -0.9234551 0.3824992 0.03041648 0.2675111 0.7642962 0.5867617 0.4676652 -0.8392254 0.2774707 0.4676498 -0.8392474 0.2774302 0.4675636 -0.8393412 0.2772918 -0.5842437 -0.8107799 -0.03599256 -0.5840624 -0.8109164 -0.03585898 -0.5842248 -0.8107945 -0.03597104 0.1346604 0.3753746 0.917039 0.1346404 0.3752546 0.917091 0.1346271 0.375226 0.9171048 0.9804795 -0.04486769 -0.1914341 0.2983655 -0.6390995 0.7088935 -0.1704344 -0.6406033 -0.7487186 -0.1704649 -0.6405569 -0.7487514 -0.1704112 -0.6407434 -0.7486039 -0.3151553 0.1586599 0.9356838 -0.00391215 0.8516686 -0.5240661 -0.003806531 0.8516136 -0.5241565 -0.004003345 0.8518202 -0.5238189 0.4447657 0.8412126 0.3074817 0.4447729 0.8412272 0.3074312 0.4448421 0.841266 0.3072246 0.9618962 0.2175841 -0.1655684 0.08638691 -0.3033115 0.9489676 0.0864039 -0.3033623 0.9489498 0.08641856 -0.3034724 0.9489132 -0.6400343 -0.7608584 -0.1070078 -0.6121584 -0.09020608 0.7855731 0.2740925 0.9326524 -0.2345908 0.2741487 0.9325782 -0.23482 0.2740899 0.9326618 -0.2345563 0.9656245 0.172455 0.1944957 0.5755821 -0.1743675 0.7989376 0.7975003 -0.5514075 0.2448331 0.7974715 -0.5515164 0.2446815 0.7974965 -0.5513679 0.2449339 -0.1478198 -0.9890047 -0.004389524 -0.2307119 -0.6134966 0.7552444 -0.2308244 -0.6136914 0.7550517 -0.2307093 -0.613488 0.755252 -0.917372 0.2794584 0.2834283 0.05772817 0.8938291 0.4446762 0.05764216 0.8938652 0.444615 0.05759894 0.8938955 0.4445596 0.8736866 0.2019478 -0.4425933 0.8737358 0.201855 -0.4425386 0.8735088 0.2020913 -0.4428789 0.9387361 0.3445984 0.005167067 0.8001714 -0.5520851 0.2343671 0.8000966 -0.5520893 0.2346119 0.800184 -0.5522418 0.2339541 0.5668127 -0.7185086 -0.4030742 0.5668599 -0.7188199 -0.4024522 0.5668163 -0.7184977 -0.4030885 -0.2722519 -0.762935 0.5863525 -0.2722261 -0.7629591 0.5863331 -0.2721218 -0.7631619 0.5861176 -0.1726812 0.739849 0.6502344 -0.17264 0.73988 0.6502101 -0.1726412 0.7398791 0.6502107 0.9314457 0.3339032 0.1446288 0.9314658 0.3338434 0.144638 0.9313972 0.3341012 0.1444847 0.9457568 0.3052886 -0.1110992 0.9457788 0.305343 -0.1107617 0.9457765 0.3052673 -0.1109905 0.4296025 -0.6135311 0.6625869 0.4294772 -0.6135042 0.662693 0.4298113 -0.6137936 0.6622082 0.2550804 -0.8346907 -0.4880835 0.255026 -0.834876 -0.4877951 0.2550989 -0.8346713 -0.4881069 -0.4038661 -0.2176855 0.8885411 -0.4036832 -0.2174992 0.8886698 -0.4035667 -0.2174301 0.8887397 -0.2906807 0.2053129 0.9345327 0.2360714 -0.2251694 0.9452879 0.2360959 -0.225173 0.9452809 0.2363459 -0.2253104 0.9451857 -0.9308287 0.2283018 -0.2853706 -0.2100343 0.964543 0.1598204 0.1111484 0.4656391 0.8779672 0.8763431 0.4249663 -0.226774 0.8765497 0.4246727 -0.2265256 0.8762108 0.4252784 -0.2267006 0.6970776 -0.2349674 0.6774018 0.6970016 -0.2346708 0.6775828 0.697034 -0.2353937 0.6772986 0.6851229 -0.723001 -0.08874839 0.6849571 -0.7231361 -0.08892732 0.6853382 -0.7228792 -0.08807599 -0.04850447 -0.6396089 0.7671688 -0.5503098 -0.7735713 -0.3142399 -0.5503602 -0.7736815 -0.3138802 -0.5503309 -0.7735753 -0.314193 -0.5668015 0.01739954 0.8236708 -0.5666041 0.01723825 0.8238098 -0.5668833 0.01764971 0.8236091 0.2123686 0.3661168 0.9060123 0.2122477 0.3662232 0.9059975 0.2121379 0.3665407 0.9058949 -0.4106361 -0.7796933 -0.4727118 -0.62484 -0.7804098 0.02314192 -0.6246215 -0.7805811 0.02326524 -0.6245556 -0.7806338 0.02326589 -0.9877973 0.1539817 0.02337092 -0.2760421 0.330078 0.9026901 -0.2759628 0.3300201 0.9027355 -0.2762543 0.3304544 0.9024873 -0.02402746 0.7217785 -0.691707 0.2785632 -0.007510244 0.9603886 0.4399316 -0.8441552 -0.3063697 -0.6614716 -0.7474981 -0.06084364 -0.6614488 -0.7475531 -0.06041598 -0.6614913 -0.7475041 -0.06055611 -0.8487283 0.5207531 0.09206801 -0.848645 0.5208645 0.09220516 -0.8488583 0.5205547 0.09199124 -0.3850096 0.4825555 0.786707 -0.3850242 0.4824854 0.7867428 -0.3849149 0.4827343 0.7866436 0.2660811 0.9530723 -0.1444089 0.2660659 0.9530839 -0.1443607 0.2661016 0.9532041 -0.1434992 0.487276 0.2267712 0.8432893 0.546588 -0.7729082 -0.3222648 -0.2718759 -0.6195195 0.7363961 -0.4423318 -0.7500348 0.4917221 -0.4423922 -0.7497897 0.4920414 -0.4423577 -0.7499979 0.4917549 -0.8631854 0.4731609 0.1761526 -0.7969676 0.5016432 0.3364477 0.06270253 0.9231533 -0.3792841 0.06288546 0.9232533 -0.3790104 0.06237757 0.9231087 -0.3794463 0.2891089 0.9338127 0.2107363 0.9949184 0.09371834 0.03680175 0.9949288 0.09356582 0.03690809 0.994914 0.09397381 0.03626543 0.5814889 -0.8004451 0.1454589 -0.5878953 -0.3200583 0.742928 -0.5878238 -0.3201271 0.7429549 -0.5876715 -0.3204705 0.7429272 -0.5033353 0.5219174 -0.6886624 -0.5033065 0.5221346 -0.6885187 -0.5034391 0.521785 -0.6886869 0.09610641 0.5810229 0.8081931 0.09605193 0.5810942 0.8081484 0.09599953 0.5812678 0.8080296 0.6873582 0.5180062 -0.5091251 0.7388183 0.07261162 0.6699815 0.765169 -0.6369716 0.09372121 0.7650268 -0.637097 0.0940302 0.7647098 -0.6374289 0.09435731 0.3231145 -0.8196413 0.4730594 0.3232039 -0.8196424 0.4729964 0.3234784 -0.8197262 0.4726636 7.84842e-4 -0.8964815 -0.4430806 0.4748923 0.8794634 -0.03196418 0.4749081 0.8794549 -0.03196388 0.4749106 0.8794535 -0.03196376 -0.1697627 0.2874111 0.9426428 -0.1697281 0.2874211 0.9426461 -0.1697133 0.2874242 0.9426478 -0.5032498 -0.2786152 0.8179935 0.9830269 -0.1631835 0.08384239 0.5299565 -0.3683745 -0.7638368 0.2150976 -0.8754184 0.4328692 -0.2538257 -0.5392331 -0.8029946 -0.2539934 -0.5392836 -0.8029077 -0.2536645 -0.5392659 -0.8030235 -0.7361209 -0.1729902 0.6543703 -0.2139765 0.2306857 -0.9492093 0.5060844 0.2954009 -0.8103191 0.4000402 -0.9112879 0.09758335 -0.614174 -0.769831 0.1736391 -0.6141802 -0.769842 0.1735687 -0.6141782 -0.7698526 0.1735287 -0.5373463 -0.8401531 -0.07349675 -0.9907501 0.1313387 -0.03412389 0.2903504 0.5778592 -0.7627421 0.2901594 0.5781729 -0.762577 0.2902309 0.5781072 -0.7625995 0.9039905 0.1036338 0.4148027 0.9039214 0.1036731 0.4149436 0.9038673 0.1037434 0.415044 0.9018372 -0.2153593 -0.3745797 0.394097 -0.9092521 0.1339714 -0.0786556 -0.5643349 -0.8217905 -0.07871019 -0.564258 -0.821838 -0.07858508 -0.5647516 -0.8215109 -0.6117033 -0.7899126 -0.04309844 -0.9625174 0.2561222 0.08922857 -0.9624812 0.2562028 0.08938676 -0.9625704 0.2559668 0.08910185 -0.9646424 0.1385886 -0.2241834 -0.9646971 0.138685 -0.2238887 -0.9646619 0.1386736 -0.2240472 -0.3221461 0.9464509 0.02127647 -0.4292954 0.8672397 -0.2521923 0.5672574 0.7961355 0.2106833 0.5672534 0.7961294 0.2107169 0.5672267 0.7961236 0.2108106 0.5889346 0.4671126 -0.6595163 0.9256333 -0.2593963 0.2755298 0.4852339 -0.6927815 -0.533481 -0.6352422 -0.7341859 -0.2396633 -0.9665476 0.2542094 0.03410816 -0.9665372 0.2542424 0.03415745 -0.9665267 0.2542742 0.03421854 -0.5324615 0.3673799 -0.7625726 -0.532574 0.3676215 -0.7623776 -0.5324578 0.3673104 -0.7626087 -0.3145935 0.9396911 0.1342077 -0.3147062 0.9396142 0.1344819 -0.3146939 0.9396203 0.1344674 0.5886114 0.8073398 -0.04170221 0.3862898 -0.5724931 -0.7232094 -0.6673275 -0.6974236 0.2612935 -0.5520358 -0.1468979 -0.8207786 -0.552133 -0.147212 -0.820657 -0.5521178 -0.1470179 -0.8207021 -0.1957529 0.6163367 -0.7627648 -0.1956586 0.6162821 -0.7628329 -0.1958174 0.6164518 -0.7626552 0.6092518 0.5412141 0.5795685 0.6092254 0.5411357 0.5796693 0.6095052 0.5413457 0.579179 0.6737998 0.273471 -0.6864455 0.4691053 -0.8073305 0.3579914 0.4688656 -0.8075216 0.3578742 0.4689356 -0.807453 0.3579375 0.5926568 -0.702712 -0.3936419 0.592768 -0.7025765 -0.3937162 0.5928034 -0.7024578 -0.3938748 -0.7185418 -0.6900159 -0.08703911 0.06212562 0.9789063 0.1946355 0.9497783 0.305522 0.06765836 0.537441 -0.03780388 -0.8424537 0.538067 -0.03786277 -0.8420513 0.5375237 -0.03784841 -0.8423988 0.4004834 -0.7216464 0.5646587 0.4005804 -0.721301 0.5650312 0.400839 -0.7210675 0.5651457 -0.1400468 -0.3413286 -0.9294524 -0.01232194 0.9987472 -0.04850161 0.9329873 0.2976803 -0.2022898 -0.1578481 -0.06795811 -0.9851222 -0.1578847 -0.06796061 -0.9851162 -0.158052 -0.06791752 -0.9850924 0.1179382 0.8944771 -0.4312789 0.8660094 0.3692609 0.3371561 0.8659893 0.3692176 0.337255 0.8661191 0.3692613 0.3368737 0.7370317 0.101997 -0.6681174 0.4553535 -0.8804566 0.1320969 0.4553616 -0.880431 0.1322387 0.4553964 -0.8804005 0.132322 -0.7763404 0.3023161 0.5530828 -0.03715747 0.5501638 -0.8342297 -0.03713142 0.5502291 -0.8341879 -0.03721946 0.5500884 -0.8342767 0.3427251 0.9300999 -0.1321131 0.342648 0.9301654 -0.1318508 0.3426842 0.930145 -0.1319011 0.9999394 -0.005827367 -0.009350776 -0.5427322 -0.8195274 0.1838931 -0.9428949 0.2141974 -0.2550858 -0.9428841 0.2142307 -0.2550976 -0.9428718 0.2142742 -0.2551071 -0.4083555 0.2677073 -0.8726847 -0.4082688 0.2677164 -0.8727225 -0.4084578 0.2677324 -0.8726292 0.7899023 -0.09437096 0.6059279 0.7896946 -0.09406316 0.6062464 0.7896892 -0.09372854 0.6063053 0.1402094 -0.3554561 -0.9241171 -0.21855 -0.8201396 0.5287789 -0.5348839 -0.2684159 -0.8011567 -0.5351222 -0.2684161 -0.8009976 -0.5347014 -0.2684702 -0.8012604 -0.9736722 0.1453191 0.1756271 -0.3745266 0.5661431 -0.7343105 -0.374545 0.566254 -0.7342156 -0.3745479 0.5660068 -0.7344046 0.1127289 0.8213161 0.5592247 0.1126333 0.8213867 0.5591402 0.1124912 0.8216199 0.558826 0.4913725 0.02129882 -0.870689 0.4917212 0.02123916 -0.8704937 0.4914113 0.02127671 -0.8706678 0.6058744 -0.7532639 0.2559489 0.6058492 -0.753175 0.2562701 0.6058583 -0.7531564 0.2563028 -0.08268493 -0.2856288 -0.9547668 -0.8485921 0.1162208 -0.5161245 -0.4502544 0.8248878 0.3418059 -0.4503011 0.8248852 0.3417503 -0.4505443 0.8249647 0.3412374 0.109331 0.7640014 -0.6358842 0.1093221 0.764105 -0.6357612 0.1093284 0.7639937 -0.6358938 -0.1376646 -0.9267936 -0.3494315 -0.1375524 -0.9267159 -0.3496816 -0.1375299 -0.9266688 -0.3498148 -0.7968863 0.02233427 -0.6037163 -0.9107024 0.2768873 0.3065204 -0.1441296 0.9044438 -0.4015074 -0.1441702 0.9045361 -0.4012845 -0.1441382 0.9043778 -0.401653 -0.3523854 -0.5882202 -0.7278884 -0.839114 0.09077382 0.5363284 -0.6026374 0.5548565 -0.5735526 -0.2372912 0.850654 0.4691276 -0.2375668 0.8506682 0.4689623 -0.2378239 0.8507885 0.4686137 0.3259958 0.4433167 -0.8349832 0.3260626 0.4432164 -0.8350105 0.3259784 0.4435175 -0.8348835 0.7609366 0.2074798 0.6147583 0.760993 0.2076542 0.6146295 0.7612178 0.2078935 0.61427 0.4743645 -0.2713465 -0.8374662 0.1761786 -0.7574238 0.6287053 -0.2955976 -0.5613914 -0.7729566 -0.295895 -0.5618064 -0.7725411 -0.2955759 -0.561376 -0.772976 -0.8979423 -0.4141783 0.1488496 -0.8978647 -0.4142794 0.1490361 -0.8977935 -0.4144109 0.1490987 -0.5993223 0.2089067 -0.7727683 -0.5994778 0.2089625 -0.7726326 -0.5992574 0.2088616 -0.7728308 -0.6775297 0.6923479 0.2482094 0.6410224 0.7248122 -0.2524631 0.5816136 0.777817 0.2381732 0.7653291 -0.5345564 -0.358498 0.6373328 -0.5067199 -0.5805532 -0.6275071 -0.6399575 0.4434967 -0.4020294 -0.7627011 -0.5066156 -0.8700356 0.1006837 0.4825981 -0.8699452 0.1008144 0.4827337 -0.8699648 0.1007976 0.4827019 0.04614675 0.2669274 -0.9626113 0.04617333 0.2670748 -0.962569 0.04612761 0.2668824 -0.9626246 0.1200216 -0.5336915 -0.837119 -0.6647679 -0.6916435 0.2823346 -0.5529952 -0.08932065 -0.828383 -0.5529596 -0.08928501 -0.8284106 -0.5531915 -0.08940619 -0.8282427 -0.002673327 0.3506878 -0.9364886 0.8137214 0.3755101 0.4436775 0.4859669 -0.2551473 -0.8359045 -0.1202148 -0.1988894 0.972621 -0.1199271 -0.1990915 0.9726151 -0.1199132 -0.1995951 0.9725136 -0.3992387 0.2973491 -0.8672901 0.5673176 0.6795226 0.4651879 0.5671293 0.6795306 0.4654059 0.5669429 0.6796224 0.4654989 0.5815153 0.04976981 -0.8120117 0.581542 0.04924237 -0.8120247 0.5818331 0.05031001 -0.8117507 0.7904515 -0.457675 0.4070872 0.7904199 -0.4576515 0.4071751 0.7904756 -0.4578642 0.4068277 0.434691 -0.7634983 -0.477613 -0.597881 -0.7257151 0.3404058 -0.5978524 -0.7257501 0.3403813 -0.5977585 -0.7259431 0.3401346 -0.2164983 0.06616038 -0.9740387 -0.06571537 0.9726402 0.2228288 -0.06586569 0.9725632 0.2231202 -0.06596887 0.9725401 0.22319 0.4407554 0.4574247 -0.7723324 0.4408691 0.4574386 -0.7722592 0.4406155 0.4574688 -0.7723861 0.8422042 0.4459732 -0.3029854 0.5526401 -0.7782542 -0.2981771 0.4539359 -0.8637811 0.2186883 0.4539865 -0.8636868 0.2189556 0.4540147 -0.8636605 0.2190005 -0.1717759 -0.453361 -0.8746181 0.911276 0.2047439 -0.35729 0.5394173 -0.8273813 -0.1564266 0.5393871 -0.8273996 -0.1564337 0.5393595 -0.8274157 -0.1564435 -0.2617283 -0.3910069 -0.8823899 -0.2622963 -0.3908848 -0.8822754 -0.2615325 -0.3911775 -0.8823724 -0.7435696 0.4507081 0.4939296 -0.7430742 0.4508283 0.494565 -0.7431632 0.4508573 0.4944048 0.4832473 -0.5991979 -0.6383056 -0.3131499 -0.394703 -0.8637979 -0.8780564 -0.4779788 0.02352797 -0.360888 0.5508657 -0.7525337 -0.3605273 0.5513105 -0.7523807 -0.3608055 0.5509214 -0.7525325 -0.6150935 0.7673231 -0.1813158 -0.3270844 0.05840986 -0.9431883 0.9500687 -0.1060773 -0.2934572 0.9501028 -0.1061806 -0.2933095 0.9500795 -0.106099 -0.2934145 0.3763694 -0.7748883 -0.507833 0.3762854 -0.7748766 -0.5079132 0.376322 -0.7748842 -0.5078744 0.06495922 -0.422046 -0.9042442 -0.3834404 -0.05620688 -0.9218537 -0.5668711 -0.8237795 -0.006691515 0.04022067 0.5296605 -0.8472558 0.6053141 0.7680525 -0.2090226 0.1465283 0.5013853 -0.8527264 0.3735388 -0.07153397 -0.9248523 0.7595561 0.5126114 0.40038 0.759392 0.5127835 0.400471 0.759623 0.512513 0.4003792 -0.3399119 0.2267509 0.9127125 -0.3397577 0.226513 0.912829 -0.3397156 0.2263395 0.9128877 -0.1084716 -0.5428568 0.8327909 -0.1085053 -0.5425589 0.8329806 -0.1085222 -0.5426322 0.8329306 -0.7795922 -0.5933144 -0.2005346 -0.8968633 0.3419083 0.2805978 -0.9097439 0.412402 0.0478602 -0.909757 0.4123777 0.04782038 -0.9097225 0.4124432 0.04791218 0.14037 0.9307231 0.3377142 0.140433 0.9307027 0.3377442 0.1399789 0.9309663 0.3372061 0.3496778 -0.7314385 0.5854257 0.3492025 -0.7314186 0.5857342 0.3495543 -0.731464 0.5854676 -0.622659 -0.5069183 -0.5960954 -0.6226994 -0.5068774 -0.5960879 -0.6224775 -0.5070174 -0.5962007 -0.5485328 -0.7750649 0.3136659 -0.8911861 0.3915843 -0.2290178 -0.913469 0.3805661 -0.144028 -0.9133859 0.3807641 -0.1440314 -0.9135122 0.3804818 -0.1439765 0.1358584 0.9867046 -0.08920025 0.135915 0.9867011 -0.08915263 0.1356785 0.9866903 -0.08963119 0.1457715 0.9819116 -0.1208323 0.9130003 0.1536872 0.3779033 0.6329945 0.2463366 0.7339184 0.6326839 0.2461122 0.7342615 0.6329116 0.2461909 0.7340388 0.6672994 -0.632362 -0.3934844 -0.5522482 -0.7792001 0.296427 -0.9476601 0.3166156 -0.04116952 -0.8462176 0.390379 0.362657 -0.8462335 0.3904393 0.3625549 -0.8461866 0.3903557 0.3627545 0.2092365 0.8746208 0.4373313 0.95313 0.2561638 -0.1610078 0.6103742 -0.6851715 0.3974712 -0.4550626 -0.8170114 0.3541331 -0.8966772 -0.0107209 -0.4425553 -0.2790675 0.4297075 0.8587624 -0.2790252 0.4296807 0.8587896 -0.2791608 0.4298641 0.8586537 0.08380663 -0.5525211 0.829275 -0.2968649 -0.9478066 -0.1163359 -0.2969753 -0.9477472 -0.1165375 -0.2968313 -0.9478385 -0.1161619 -0.7481276 0.05486708 0.6612826 -0.7481255 0.0546807 0.6613005 -0.7482646 0.05430358 0.6611742 -0.8360903 0.2689785 -0.4781251 -0.8360902 0.2689785 -0.4781255 -0.8361814 0.2691422 -0.4778739 -0.1678677 0.8194115 0.5480741 -0.1678907 0.8192465 0.5483136 -0.1680136 0.8191152 0.5484722 -0.5782152 0.5325129 -0.6181402 0.359536 0.5547498 0.7503244 0.3592138 0.55478 0.7504564 0.3589062 0.5550612 0.7503956 0.02634 -0.7983032 0.6016796 -0.6963559 -0.6870056 -0.207634 -0.5588145 0.4147976 0.7181012 -0.5588855 0.4148092 0.7180392 -0.5591384 0.4149675 0.7177509 -0.2421716 0.9471278 -0.2104806 0.7136559 0.6222541 0.3217066 0.5326136 0.5457465 0.6469032 0.5249927 -0.5580434 0.6426277 0.4790483 -0.5487296 0.6851341 -0.3050201 -0.8581514 -0.4129637 -0.6850775 -0.3442525 0.6419963 -0.1803241 0.7792631 -0.6001935 0.6694689 0.1511881 0.7272919 0.6693376 0.1514842 0.7273512 0.6693748 0.1520016 0.727209 -0.3097813 -0.8677178 0.3887177 -0.9430854 -0.3311271 -0.03073805 -0.1696867 0.2548182 0.9519843 -0.1692954 0.2550196 0.952 -0.1694661 0.2549861 0.9519788 0.1895422 0.7908884 -0.581867 0.1895064 0.790836 -0.5819501 0.1894987 0.7908152 -0.581981 0.6323525 0.1424371 0.7614737 0.9462974 -0.2656416 -0.1842712 0.9462445 -0.2661363 -0.1838283 0.9464359 -0.265161 -0.1842522 -0.02936321 -0.5200036 0.8536593 -0.0292378 -0.520017 0.8536554 -0.02891069 -0.5201967 0.8535571 -0.4439664 -0.7698836 -0.4584465 -0.4441991 -0.769783 -0.4583902 -0.443812 -0.7700363 -0.4583396 -0.7942618 0.1732447 0.5823527 -0.7941344 0.1733045 0.5825086 -0.7946459 0.173394 0.581784 -0.7621001 0.1409108 0.6319396 -0.002417147 0.8582937 -0.5131531 -0.08252024 0.4703682 0.8786036 0.3761497 -0.8320693 0.4076421 -0.6220549 -0.7819941 0.03915238 -0.6220393 -0.7820017 0.03925228 -0.6220778 -0.7819614 0.039442 -0.9276425 0.2030969 -0.3134185 -0.2582879 0.8967431 0.3593595 -0.258285 0.8967003 0.3594686 -0.2583081 0.8966536 0.3595682 -0.076487 0.981168 -0.1773675 -0.07622492 0.9811934 -0.1773401 -0.07669186 0.981183 -0.1771956 0.7366363 0.4079098 0.5394224 0.7365865 0.4077268 0.5396288 0.7370259 0.4081519 0.5387067 0.5677844 -0.6420066 0.5152169 0.5677797 -0.6419975 0.5152334 0.5677849 -0.6422387 0.5149271 -0.3421393 -0.7941944 -0.5021914 -0.3421912 -0.794171 -0.5021929 -0.3417953 -0.7942574 -0.5023257 -0.4566202 -0.0568574 0.887843 -0.1244699 0.7894094 -0.6011158 -0.124453 0.7895044 -0.6009945 -0.1245176 0.7893507 -0.601183 0.6320127 -0.3141598 0.7084234 0.6321185 -0.3139296 0.708431 0.6323401 -0.313812 0.7082853 0.4175215 -0.8491328 -0.3234954 -0.3617916 -0.8472105 0.3890262 -0.4804118 -0.8580743 0.1814194 -0.4804126 -0.8580197 0.1816751 -0.4804226 -0.8580616 0.1814511 -0.7160305 0.3043513 0.6282281 0.941044 0.1380405 0.3088383 0.4094637 -0.8914976 -0.1938342 0.424182 -0.8682446 -0.2573345 0.424152 -0.8683705 -0.2569589 0.4241272 -0.8683284 -0.2571418 -0.6948364 -0.6979308 0.1734794 -0.694941 -0.6978889 0.1732288 -0.6949092 -0.6978927 0.1733407 0.6590998 0.3283333 0.676598 0.5140067 -0.5999368 -0.6130848 0.5140773 -0.6000084 -0.6129556 0.5139907 -0.599898 -0.6131362 0.3052257 -0.7928332 0.5274968 -0.7475827 -0.3161655 0.5840887 0.5327818 0.6055999 0.5910942 0.5327962 0.6056107 0.5910702 0.5329281 0.6056466 0.5909146 0.8668082 -0.3105654 -0.3901192 0.866917 -0.3104217 -0.3899914 0.8668406 -0.3105346 -0.3900713 0.2975939 -0.545196 0.7837086 0.297035 -0.5452568 0.7838783 0.29729 -0.5452952 0.783755 -0.1054854 -0.892317 -0.4389114 -0.1054854 -0.8923171 -0.4389113 -0.1055123 -0.8924071 -0.4387217 -0.571301 -0.2784939 0.7720469 -0.5077866 0.8537806 0.1149411 0.5286175 0.5972127 0.6032418 0.528629 0.5970894 0.6033537 0.5287631 0.5974471 0.6028819 0.7252046 0.4500214 -0.5211132 0.8186999 -0.3612965 0.4463132 0.8188161 -0.3609778 0.4463579 0.8190739 -0.3606669 0.4461362 0.7742666 -0.5955867 -0.2139809 -0.1521807 -0.7129787 0.6844725 -0.1522154 -0.7129468 0.6844978 -0.1519443 -0.7136111 0.6838656 -0.3868025 -0.8684754 -0.3100552 -0.3868574 -0.868556 -0.3097609 -0.3868265 -0.8684787 -0.3100164 -0.4571159 0.1441605 0.8776463 0.1116917 0.567952 0.8154481 0.1114691 0.5677668 0.8156076 0.1114127 0.5677502 0.8156269 0.9317883 0.3627946 0.01228332 0.9106035 0.3910459 -0.1337328 0.9106593 0.3907905 -0.1340991 0.9106192 0.3911905 -0.1332024 0.2885915 -0.655929 0.6974755 0.2884924 -0.6559212 0.6975239 0.2884486 -0.655912 0.6975507 -0.4100275 0.2283179 0.8830337 -0.214293 0.8849174 -0.4135212 -0.2140355 0.8849448 -0.413596 -0.2145239 0.8849992 -0.4132261 -0.01505035 0.9991959 0.03716325 -0.01506876 0.9991997 0.03705412 -0.015069 0.9992012 0.03701102 0.8296409 0.4823716 -0.2810937 0.3522913 -0.1084262 0.9295884 0.5281345 -0.8060065 -0.2672594 0.528088 -0.806113 -0.26703 0.5281648 -0.8059706 -0.2673079 -0.124181 -0.61136 0.7815485 -0.9761902 -0.1730858 -0.1307445 -0.9252546 0.2290557 0.3023864 -0.9253848 0.2287073 0.3022518 -0.9255442 0.2284495 0.3019584 -0.5495377 0.7271974 -0.4113301 -0.09069657 0.6541079 0.7509441 0.6634724 0.689287 -0.2910118 0.663536 0.6891919 -0.2910921 0.6634349 0.6894466 -0.2907192 0.590928 -0.02851438 0.8062202 0.5906056 -0.0282486 0.8064659 0.5905469 -0.02786409 0.8065221 -0.4630961 -0.2747023 0.8426629 -0.7103016 0.6081944 -0.3543604 0.3284699 0.6721445 0.6635732 0.8000369 0.3042266 -0.517095 -0.5014795 -0.05076527 0.8636789 -0.5011721 -0.0507906 0.8638558 -0.5009077 -0.05092942 0.864001 0.006114542 0.8837614 -0.467898 0.006404876 0.8838476 -0.4677312 0.005862116 0.8838106 -0.4678082 0.4826291 5.57188e-4 0.8758247 0.6742507 -0.1741438 -0.7176768 -0.002649843 -0.4751408 0.8799058 0.3146355 0.3588106 0.8787829 0.7099618 -0.3861634 0.5889245 0.8224557 -0.5594696 -0.1027652 0.822488 -0.5593804 -0.1029912 0.8224891 -0.5593651 -0.1030656 -0.1878592 -0.9501755 -0.2487482 -0.0445584 0.2757915 0.9601841 -0.3571892 -0.2514553 0.8995478 -0.9081417 0.01129239 -0.4185109 -0.9083099 0.01141321 -0.4181423 -0.9083703 0.01173025 -0.4180021 0.5698124 0.8200342 0.05345994 0.8827126 0.2848331 -0.3737496 0.838934 -0.2227659 0.4965533 0.2795038 -0.8083217 -0.5181639 0.2794957 -0.8084679 -0.5179401 0.2796019 -0.808174 -0.5183411 0.8777175 0.2823252 -0.3871752 0.8779843 0.2824633 -0.3864688 0.8778952 0.2822831 -0.3868027 0.6427185 -0.5973526 -0.4796695 0.7293636 -0.6543916 -0.1995004 -0.5146804 -0.8571251 -0.02099543 -0.3688766 0.1173518 -0.9220405 0.2028985 0.8568897 0.4738906 0.2025806 0.8567869 0.4742124 0.2022899 0.8568082 0.4742981 0.6650314 0.3826994 -0.6413068 0.6654462 0.3825131 -0.6409877 0.6647486 0.3830969 -0.6413627 0.08302164 -0.3867515 -0.9184393 -0.3517172 0.8792252 -0.3213379 0.8460035 0.4377947 0.3043256 0.8460379 0.4377036 0.3043611 0.8460665 0.4376432 0.3043683 0.8541753 0.488801 0.1773647 0.8540443 0.4890096 0.1774204 0.8539742 0.4891592 0.1773456 0.7894251 -0.5241479 -0.3194949 -0.2856165 -0.9525072 0.1056092 -0.6645672 -0.2598888 -0.7005771 -0.6647899 -0.2596915 -0.7004391 -0.6644653 -0.2601695 -0.7005696 -0.6446489 0.3427541 0.6833356 0.08763921 0.5755116 -0.8130841 0.7987405 0.4006156 0.448911 0.9018249 -0.2191854 -0.3723838 0.9019756 -0.2190276 -0.3721117 0.901865 -0.2191657 -0.3722983 0.8182837 -0.5250741 0.2338997 -0.118529 -0.8549295 -0.5050214 -0.1185954 -0.8549584 -0.5049569 -0.1184679 -0.8548415 -0.5051845 -0.801074 -0.3386964 0.4935233 -0.5762886 0.5290167 -0.6229228 0.5438977 0.6211689 -0.5642027 0.5439427 0.6210135 -0.5643302 0.5438956 0.621249 -0.5641165 0.9401261 -0.259383 0.2210965 0.9401524 -0.2593143 0.2210646 0.940235 -0.2591801 0.220871 0.3297464 -0.3319764 -0.8837754 -0.6197528 -0.5551581 -0.5547126 -0.9017493 0.3727591 0.2188587 0.4164319 0.4453488 -0.7926217 0.7752509 -0.6306606 0.03540343 0.7751519 -0.6307619 0.03576552 0.7751544 -0.6307609 0.03572624 -0.6180163 0.006543159 -0.7861382 -0.6182236 0.006897687 -0.7859721 -0.6180109 0.006168067 -0.7861455 -0.8223189 0.3788177 -0.4246044 -0.8225239 0.3786558 -0.4243516 -0.8224782 0.378707 -0.4243944 0.0190171 0.9597543 0.2801966 0.01886618 0.9597641 0.280173 0.01860445 0.959829 0.279968 0.5219191 -0.5464124 -0.6550068 -0.2418435 -0.9654148 0.09739613 -0.06666427 0.00994879 -0.9977259 -0.06690126 0.01003563 -0.9977092 -0.06664389 0.009933412 -0.9977274 0.2714631 0.865247 0.421492 0.271425 0.8652962 0.4214155 0.2714049 0.8653836 0.421249 0.6130985 0.1282352 -0.7795294 0.6131771 0.1282359 -0.7794675 0.6129444 0.1282668 -0.7796454 0.8623028 -0.2814182 0.4209961 0.8622294 -0.2811759 0.4213082 0.8622579 -0.2809855 0.4213771 0.02787196 -0.4323277 -0.9012857 0.4565132 0.4669513 -0.7573324 0.4564056 0.4673691 -0.7571395 0.4565196 0.46713 -0.7572183 0.9402536 0.1145316 0.3206334 0.9401737 0.1146434 0.3208278 0.9401559 0.1146953 0.3208612 0.5187308 -0.6807708 -0.5171747 0.5187478 -0.6808 -0.5171192 0.5187252 -0.6807143 -0.5172545 -0.6172962 -0.7835986 0.07013267 -0.8998491 0.1703523 -0.4015617 0.7713562 0.4099154 0.4868049 0.7221562 -0.4662598 -0.5109717 0.7222546 -0.4661698 -0.5109149 0.7221273 -0.4662932 -0.5109823 -0.4111171 -0.1301796 -0.9022395 -0.41111 -0.130181 -0.9022426 -0.4113266 -0.1300712 -0.9021596 0.1535623 0.9317695 -0.3289747 0.1542596 0.932049 -0.3278548 0.1535918 0.9317716 -0.3289548 -0.1877322 0.8130115 0.5511527 0.750073 0.06851601 -0.6577964 0.7501217 0.0681132 -0.6577827 0.7502694 0.06896758 -0.6575253 0.8396025 0.5420003 0.03610563 0.839509 0.5421348 0.03625947 0.8393992 0.5423033 0.0362811 -0.3359783 -0.588675 -0.7352417 -0.336188 -0.5884307 -0.7353415 -0.3359861 -0.5889544 -0.7350143 -0.8990919 0.3846614 0.2089721 -0.8987509 0.3852453 0.2093635 -0.8988708 0.3850815 0.2091495 -0.9034885 0.4257231 0.04968255 -0.9035012 0.4257166 0.04950869 -0.9035009 0.4257135 0.04953926 -0.1929721 0.9382361 -0.2871846 0.1744034 0.8797081 0.442377 0.7383634 0.2821004 -0.6125675 0.7383579 0.2820513 -0.6125968 0.7385256 0.2823901 -0.6122384 -0.5539058 -0.4389404 -0.7074742 -0.5538682 -0.4389057 -0.7075251 -0.554188 -0.4390435 -0.7071892 -0.7526197 0.3731048 0.5425464 -0.7526435 0.3727764 0.5427389 -0.7528105 0.3724883 0.542705 -0.4495823 0.7739797 -0.4459049 -0.4494506 0.7742711 -0.4455317 -0.4497656 0.7737842 -0.4460592 -0.1775994 0.983949 -0.01740723 0.7076809 0.6116762 -0.35361 0.7077405 0.6116348 -0.3535623 0.7074936 0.6117267 -0.3538973 0.5908331 -0.6940827 -0.4112974 0.5909554 -0.6939312 -0.4113774 0.5910192 -0.6937599 -0.4115745 -0.2901508 -0.3309736 -0.8979249 -0.2902221 -0.3309089 -0.8979257 -0.290306 -0.3308051 -0.8979368 -0.919832 -0.3835355 0.08252143 -0.4611828 0.8664743 -0.1911358 -0.6494597 -0.09715646 -0.7541637 -0.3635704 0.7224775 0.5880841 0.04232841 0.3598785 -0.9320386 0.8286865 0.3835364 0.4076499 0.8286321 0.3836901 0.4076161 0.8286451 0.3838902 0.4074011 0.4001654 -0.3365246 -0.8524195 -0.4091508 -0.7997836 0.4392516 -0.495427 -0.5862333 -0.6410014 -0.4953606 -0.5861089 -0.6411664 -0.4954384 -0.5862451 -0.6409817 -0.8171708 0.5639401 -0.1191788 -0.6005963 0.2821776 -0.7481043 -0.6005944 0.282032 -0.7481607 -0.6005747 0.281955 -0.7482055 -0.03589034 0.9493077 0.3122927 0.3055006 0.1214666 -0.9444127 0.3880997 -0.9057632 0.1702111 0.3880861 -0.9056948 0.1706053 0.3880887 -0.9056922 0.1706131 0.06250685 -0.6620178 -0.7468771 0.0626446 -0.6622115 -0.7466938 0.06252592 -0.662097 -0.7468053 -0.6509872 -0.5183531 0.5545502 0.3605299 0.2100797 -0.9087821 0.3604565 0.2100658 -0.9088144 0.3605868 0.2100812 -0.9087591 0.2820222 -0.6849856 0.6717576 -0.4259377 -0.2835745 -0.8591639 -0.5628529 0.722943 0.4006872 -0.562852 0.7229918 0.4006002 -0.5628386 0.7229079 0.4007705 0.3240818 0.4563344 -0.8286917 0.8084339 -0.112881 0.5776613 0.8083068 -0.1130817 0.5778 0.8084132 -0.1129396 0.5776789 0.3865777 -0.7918194 -0.4728423 0.3379402 -0.8993135 -0.2775461 0.33819 -0.8993646 -0.277076 0.3380907 -0.8993698 -0.2771803 -0.6836301 -0.6921914 0.2313461 -0.327291 -0.1341602 -0.9353511 -0.3272615 -0.1341441 -0.9353637 -0.3273918 -0.1341875 -0.935312 -0.6436823 0.5420445 0.5402417 0.01401406 0.8108326 -0.5851104 0.01421123 0.8111153 -0.5847138 0.01373326 0.8107062 -0.5852923 0.6817613 0.235624 -0.6925914 0.681713 0.23553 -0.692671 0.6817495 0.2356058 -0.6926093 0.4199278 -0.9069197 0.03402054 0.1107473 -0.5576729 -0.8226396 0.1105729 -0.5578485 -0.822544 0.1108974 -0.557637 -0.8226438 -0.7459126 0.008511185 0.6659895 -0.7057613 0.5616791 -0.431761 0.1182203 0.7544448 0.6456292 0.2432668 0.2809356 -0.9283839 0.6078663 -0.3292615 0.7225549 0.6079382 -0.329189 0.7225274 0.6081464 -0.329127 0.7223805 -0.2832399 -0.4913529 -0.8236185 -0.2832236 -0.4911756 -0.8237299 -0.2833141 -0.4915031 -0.8235033 -0.9760326 -0.1298459 -0.174644 -0.7144019 0.5723086 -0.4026076 -0.7144089 0.5722991 -0.4026086 -0.7145556 0.5719894 -0.4027884 -0.4554642 0.4666317 -0.7581605 -0.4554041 0.4665777 -0.7582298 -0.4555516 0.4667697 -0.7580231 0.4380076 -0.8117534 0.3862716 0.4380643 -0.8117247 0.3862676 0.438287 -0.8116414 0.3861901 -0.12221 -0.2552133 -0.9591304 -0.1221898 -0.255253 -0.9591223 -0.1222148 -0.2552056 -0.9591318 -0.155278 0.7864155 -0.5978624 0.5483229 0.3215575 -0.7719733 0.4463367 0.6391507 0.6263145 0.5149082 -0.226879 -0.8266774 0.5149061 -0.2268801 -0.8266785 0.5149139 -0.2268762 -0.8266747</float_array>
          <technique_common>
            <accessor source="#Part__Feature012_003-mesh-normals-array" count="1162" stride="3">
              <param name="X" type="float"/>
              <param name="Y" type="float"/>
              <param name="Z" type="float"/>
            </accessor>
          </technique_common>
        </source>
        <vertices id="Part__Feature012_003-mesh-vertices">
          <input semantic="POSITION" source="#Part__Feature012_003-mesh-positions"/>
        </vertices>
        <triangles material="Part__Feature012_003-material" count="636">
          <input semantic="VERTEX" source="#Part__Feature012_003-mesh-vertices" offset="0"/>
          <input semantic="NORMAL" source="#Part__Feature012_003-mesh-normals" offset="1"/>
          <p>1 0 0 0 2 0 4 1 1 1 2 1 4 2 3 2 1 2 7 3 4 3 2 3 6 4 5 5 3 6 6 7 3 8 4 9 6 10 4 10 7 10 10 11 8 11 5 11 9 12 8 13 10 14 14 15 5 15 6 15 14 16 10 16 5 16 13 17 11 17 9 17 13 18 9 18 12 18 12 19 9 19 10 19 16 20 15 20 11 20 13 21 16 21 11 21 17 22 16 22 13 22 18 23 15 23 16 23 20 24 13 24 12 24 20 25 17 26 13 27 18 28 19 28 15 28 18 29 16 29 17 29 22 30 18 30 17 30 23 31 17 31 20 31 23 32 22 32 17 32 24 33 21 33 19 33 24 34 19 34 18 34 24 35 18 36 22 37 0 38 21 38 24 38 25 39 22 39 23 39 26 40 24 41 22 42 26 43 22 43 25 43 0 44 24 44 26 44 30 45 27 45 51 45 31 46 29 47 28 48 30 49 28 49 27 49 30 50 32 51 28 52 32 53 31 53 28 53 35 54 29 55 31 56 33 57 29 57 35 57 33 58 35 58 34 58 36 59 34 59 35 59 36 60 39 60 34 60 40 61 37 61 39 61 41 62 37 62 40 62 41 63 38 63 37 63 43 64 38 64 41 64 43 65 42 65 38 65 44 66 43 66 41 66 43 67 46 68 42 69 47 70 41 70 40 70 46 71 45 71 42 71 47 72 44 72 41 72 44 73 46 73 43 73 48 74 44 74 47 74 49 75 46 75 44 75 50 76 44 77 48 78 50 79 49 80 44 81 49 82 45 82 46 82 51 83 27 84 45 85 51 86 45 86 49 86 52 87 49 87 50 87 51 88 49 88 52 88 56 89 289 89 288 89 2 90 0 90 67 90 7 91 2 91 67 91 7 92 67 92 63 92 6 93 7 93 63 93 14 94 6 94 63 94 14 95 63 96 64 97 10 98 14 98 64 98 12 99 10 99 64 99 20 100 12 100 64 100 20 101 64 102 65 103 23 104 20 105 65 106 25 107 23 107 65 107 25 108 65 108 66 108 26 109 25 109 66 109 26 110 66 110 67 110 0 111 26 111 67 111 1 112 3 112 31 112 1 113 31 113 32 113 1 114 32 114 30 114 0 115 1 116 30 117 0 118 30 118 51 118 21 119 0 120 51 121 21 122 51 122 52 122 19 123 21 123 52 123 15 124 19 124 52 124 15 125 52 125 50 125 15 126 50 126 48 126 11 127 15 127 48 127 11 128 48 128 47 128 9 129 11 129 47 129 9 130 47 130 40 130 9 131 40 131 39 131 8 132 9 132 39 132 8 133 39 134 36 135 5 136 8 136 36 136 5 137 36 137 35 137 3 138 5 139 35 140 3 141 35 141 31 141 45 142 27 143 68 144 45 145 68 145 69 145 42 146 45 146 69 146 38 147 42 147 69 147 38 148 69 149 70 150 37 151 38 151 70 151 37 152 70 152 71 152 39 153 37 153 71 153 34 154 39 154 71 154 34 155 71 155 72 155 33 156 34 156 72 156 29 157 33 157 72 157 29 158 72 158 73 158 28 159 29 159 73 159 27 160 73 160 68 160 27 161 28 161 73 161 183 162 308 162 290 162 182 163 309 163 183 163 183 164 309 164 308 164 291 165 292 165 74 165 292 166 293 166 74 166 54 167 70 167 55 167 55 168 70 168 69 168 54 169 71 169 70 169 56 170 55 170 69 170 53 171 71 171 54 171 68 172 56 172 69 172 72 173 71 173 53 173 68 174 289 174 56 174 73 175 289 175 68 175 73 176 72 176 53 176 73 177 53 177 289 177 64 178 59 178 65 178 59 179 58 179 65 179 58 180 57 181 65 182 64 183 60 183 59 183 65 184 57 184 66 184 64 185 63 185 60 185 60 186 63 186 61 186 57 187 67 187 66 187 62 188 67 188 57 188 63 189 67 189 61 189 61 190 67 190 62 190 60 191 305 191 59 191 61 192 305 193 60 194 306 195 180 195 181 195 306 196 179 197 180 198 305 199 179 199 306 199 305 200 178 201 179 202 177 203 178 203 305 203 176 204 172 205 177 206 178 207 174 207 175 207 178 208 169 208 174 208 178 209 173 210 169 211 172 212 173 213 178 214 166 215 161 216 167 217 162 218 163 219 164 220 158 221 159 222 160 223 163 224 157 224 158 224 162 225 157 225 163 225 162 226 156 226 157 226 304 227 156 227 162 227 304 228 155 229 156 230 159 231 155 232 304 233 159 234 154 235 155 236 153 237 154 237 159 237 155 238 150 239 151 240 154 241 150 241 155 241 154 242 149 242 150 242 148 243 149 244 154 245 303 246 147 246 148 246 303 247 146 248 147 249 150 250 146 250 303 250 150 251 145 252 146 253 149 254 145 255 150 256 149 257 144 258 145 259 143 260 144 261 149 262 147 263 142 263 143 263 147 264 141 265 142 266 146 267 141 268 147 269 146 270 140 271 141 272 144 273 140 274 146 275 144 276 139 276 140 276 138 277 139 277 144 277 141 278 136 279 137 280 141 281 140 282 136 283 133 284 134 285 135 286 137 287 132 287 133 287 136 288 132 288 137 288 136 289 131 290 132 291 134 292 130 292 131 292 134 293 129 294 130 295 133 296 129 297 134 298 128 299 129 299 133 299 302 300 127 301 128 302 302 303 126 303 127 303 125 304 126 304 302 304 129 305 123 306 124 307 129 308 122 308 123 308 301 309 122 309 129 309 301 310 121 311 122 312 301 313 120 313 121 313 126 314 120 315 301 316 119 317 120 317 126 317 123 318 118 319 119 320 122 321 118 322 123 323 122 324 117 324 118 324 121 325 117 326 122 327 121 328 116 329 117 330 115 331 116 332 121 333 118 334 113 335 114 336 117 337 113 338 118 339 117 340 112 341 113 342 116 343 112 344 117 345 116 346 111 347 112 348 110 349 111 350 116 351 104 352 105 352 106 352 101 353 102 354 103 355 105 356 99 356 100 356 105 357 98 357 99 357 103 358 98 358 105 358 103 359 97 360 98 361 102 362 97 363 103 364 102 365 93 366 97 367 300 368 93 368 102 368 300 369 96 370 93 371 99 372 96 373 300 374 94 375 95 376 99 377 299 378 92 378 93 378 96 379 92 380 299 381 96 382 91 382 92 382 95 383 91 384 96 385 95 386 90 386 91 386 298 387 89 387 90 387 298 388 88 388 89 388 92 389 87 390 88 391 92 392 86 393 87 394 297 395 86 396 92 397 297 398 85 399 86 400 84 401 85 401 297 401 296 402 83 402 84 402 87 403 83 403 296 403 87 404 82 405 83 406 87 407 81 407 82 407 86 408 81 408 87 408 86 409 80 410 81 411 85 412 80 412 86 412 79 413 80 414 85 415 83 416 78 416 79 416 77 417 78 418 83 419 81 420 76 421 77 422 80 423 76 424 81 425 80 426 75 426 76 426 79 427 75 427 80 427 79 428 74 429 75 430 295 431 74 432 79 433 295 434 291 434 74 434 292 435 307 436 293 437 294 438 307 439 292 440 294 441 291 441 295 441 181 442 177 442 62 442 181 443 176 443 177 443 180 444 176 444 181 444 180 445 175 446 176 447 179 448 175 448 180 448 179 449 178 449 175 449 177 450 172 450 178 450 176 451 171 451 172 451 176 452 170 453 171 454 175 455 170 455 176 455 175 456 174 456 170 456 173 457 168 458 169 459 172 460 168 461 173 462 172 463 167 463 168 463 171 464 167 464 172 464 171 465 166 466 167 467 170 468 166 468 171 468 170 469 165 470 166 471 174 472 165 473 170 474 174 475 164 475 165 475 169 476 164 476 174 476 168 477 164 478 169 479 168 480 162 480 164 480 167 481 162 481 168 481 167 482 161 482 162 482 166 483 160 483 161 483 165 484 160 485 166 486 165 487 158 488 160 489 164 490 158 491 165 492 164 493 163 493 158 493 161 494 304 494 162 494 160 495 304 495 161 495 160 496 159 497 304 498 158 499 153 500 159 501 157 502 153 503 158 504 157 505 152 505 153 505 157 506 151 507 152 508 156 509 151 510 157 511 156 512 155 512 151 512 153 513 148 513 154 513 152 514 148 514 153 514 152 515 303 516 148 517 151 518 303 519 152 520 151 521 150 521 303 521 148 522 143 522 149 522 148 523 147 523 143 523 145 524 144 525 146 526 143 527 138 527 144 527 142 528 138 529 143 530 142 531 137 531 138 531 141 532 137 533 142 534 139 535 135 535 140 535 139 536 133 537 135 538 138 539 133 540 139 541 137 542 133 542 138 542 140 543 131 543 136 543 135 544 131 545 140 546 135 547 134 548 131 549 132 550 128 551 133 552 132 553 302 553 128 553 131 554 302 554 132 554 131 555 125 556 302 557 130 558 125 558 131 558 130 559 124 560 125 561 129 562 124 563 130 564 128 565 301 566 129 567 127 568 301 569 128 570 127 571 126 571 301 571 125 572 119 572 126 572 124 573 119 574 125 575 124 576 123 577 119 578 120 579 115 580 121 581 120 582 114 582 115 582 119 583 114 583 120 583 119 584 118 585 114 586 115 587 110 587 116 587 114 588 110 588 115 588 114 589 109 589 110 589 113 590 109 591 114 592 113 593 108 594 109 595 112 596 108 597 113 598 112 599 107 599 108 599 111 600 107 600 112 600 111 601 106 602 107 603 110 604 106 605 111 606 110 607 104 608 106 609 109 610 104 610 110 610 108 611 104 611 109 611 108 612 103 612 104 612 107 613 103 613 108 613 107 614 101 614 103 614 107 615 100 615 101 615 106 616 100 616 107 616 105 617 100 618 106 619 104 620 103 621 105 622 101 623 300 623 102 623 100 624 300 624 101 624 100 625 99 626 300 627 98 628 94 628 99 628 97 629 94 629 98 629 97 630 93 630 94 630 96 631 299 632 93 633 99 634 95 634 96 634 94 635 90 636 95 637 94 638 298 639 90 640 93 641 298 642 94 643 93 644 88 644 298 644 92 645 88 646 93 647 91 648 297 648 92 648 90 649 297 650 91 651 90 652 84 653 297 654 89 655 84 655 90 655 89 656 296 656 84 656 88 657 296 658 89 659 88 660 87 660 296 660 84 661 79 661 85 661 84 662 83 663 79 664 82 665 77 666 83 667 81 668 77 669 82 670 78 671 295 671 79 671 78 672 294 672 295 672 77 673 294 673 78 673 76 674 307 675 294 676 76 677 294 677 77 677 294 678 292 678 291 678 62 679 57 680 181 681 58 682 181 683 57 684 306 685 181 685 58 685 305 686 306 686 59 686 59 687 306 687 58 687 61 688 177 688 305 688 61 689 62 689 177 689 76 690 293 690 307 690 293 691 75 691 74 691 75 692 293 693 76 694 55 695 319 696 54 697 54 698 287 699 288 700 54 701 286 701 287 701 319 702 286 702 54 702 319 703 285 704 286 705 284 706 285 707 319 708 287 709 279 710 283 711 286 712 279 713 287 714 286 715 282 715 279 715 285 716 282 716 286 716 285 717 281 718 282 719 284 720 281 721 285 722 284 723 276 723 281 723 318 724 276 724 284 724 318 725 280 726 276 727 318 728 279 728 280 728 282 729 278 729 279 729 282 730 277 730 278 730 281 731 277 732 282 733 276 734 277 734 281 734 280 735 271 735 276 735 280 736 275 736 271 736 278 737 274 737 275 737 278 738 273 738 274 738 272 739 273 740 278 741 274 742 270 742 271 742 274 743 269 744 270 745 273 746 269 747 274 748 273 749 268 750 269 751 267 752 268 753 273 754 268 755 263 755 264 755 262 756 263 757 268 758 265 759 260 759 261 759 265 760 259 760 260 760 263 761 258 762 259 763 263 764 257 764 258 764 317 765 257 765 263 765 317 766 256 766 257 766 317 767 255 767 256 767 260 768 255 768 317 768 260 769 254 769 255 769 260 770 253 770 254 770 257 771 252 771 258 771 251 772 252 773 257 774 254 775 250 775 255 775 254 776 249 776 250 776 248 777 249 778 254 779 252 780 247 781 248 782 251 783 247 783 252 783 251 784 246 785 247 786 245 787 246 788 251 789 250 790 244 791 245 792 248 793 244 794 250 795 248 796 243 796 244 796 241 797 243 797 248 797 241 798 242 798 243 798 245 799 239 799 240 799 245 800 244 801 239 802 243 803 238 803 244 803 242 804 238 805 243 806 242 807 233 808 238 809 237 810 233 811 242 812 239 813 236 814 237 815 235 816 236 817 239 818 238 819 234 819 235 819 238 820 233 821 234 822 236 823 231 824 232 825 236 826 230 826 231 826 235 827 230 827 236 827 235 828 229 829 230 830 228 831 229 831 235 831 231 832 226 832 227 832 231 833 225 833 226 833 230 834 225 835 231 836 230 837 224 838 225 839 226 840 221 840 222 840 226 841 220 842 221 843 225 844 220 844 226 844 219 845 220 845 225 845 221 846 217 847 218 848 221 849 216 850 217 851 316 852 216 853 221 854 316 855 215 856 216 857 316 858 214 858 215 858 218 859 213 859 214 859 217 860 213 861 218 862 217 863 212 863 213 863 216 864 212 865 217 866 216 867 211 867 212 867 215 868 211 869 216 870 215 871 210 872 211 873 209 874 210 874 215 874 315 875 208 876 209 877 315 878 207 878 208 878 212 879 207 880 315 881 206 882 207 883 212 884 314 885 204 885 205 885 314 886 203 887 204 888 208 889 203 890 314 891 208 892 202 892 203 892 313 893 202 893 208 893 313 894 201 895 202 896 200 897 201 897 313 897 205 898 199 898 200 898 204 899 199 900 205 901 204 902 198 902 199 902 203 903 198 903 204 903 203 904 197 905 198 906 196 907 197 908 203 909 199 910 195 910 201 910 199 911 194 911 195 911 197 912 193 912 194 912 197 913 192 913 193 913 189 914 190 915 191 916 193 917 188 918 189 919 312 920 188 920 193 920 312 921 187 921 188 921 190 922 187 922 312 922 311 923 184 923 185 923 187 924 184 924 311 924 187 925 290 926 184 927 187 928 183 928 290 928 310 929 309 929 182 929 310 930 183 930 187 930 310 931 182 932 183 933 56 934 284 934 55 934 56 935 283 935 284 935 288 936 283 936 56 936 288 937 287 938 283 939 283 940 318 941 284 942 279 943 318 943 283 943 279 944 275 944 280 944 278 945 275 945 279 945 277 946 272 946 278 946 276 947 272 948 277 949 276 950 271 951 272 952 275 953 274 953 271 953 272 954 267 954 273 954 272 955 266 956 267 957 271 958 266 959 272 960 271 961 270 961 266 961 269 962 265 962 270 962 269 963 264 964 265 965 268 966 264 966 269 966 267 967 262 967 268 967 266 968 262 968 267 968 266 969 261 970 262 971 270 972 261 972 266 972 265 973 261 974 270 975 264 976 259 976 265 976 264 977 263 977 259 977 262 978 317 979 263 980 261 981 317 982 262 983 261 984 260 984 317 984 259 985 253 985 260 985 258 986 253 986 259 986 256 987 251 987 257 987 255 988 251 989 256 990 253 991 248 992 254 993 258 994 248 995 253 996 252 997 248 998 258 999 255 1000 245 1000 251 1000 250 1001 245 1001 255 1001 249 1002 248 1003 250 1004 247 1005 241 1006 248 1007 247 1008 240 1009 241 1010 246 1011 240 1012 247 1013 246 1014 245 1014 240 1014 241 1015 237 1016 242 1017 240 1018 237 1019 241 1020 240 1021 239 1022 237 1023 244 1024 235 1024 239 1024 238 1025 235 1025 244 1025 237 1026 232 1026 233 1026 236 1027 232 1028 237 1029 234 1030 228 1031 235 1032 233 1033 227 1034 228 1035 233 1036 228 1036 234 1036 232 1037 231 1038 227 1039 232 1040 227 1041 233 1042 229 1043 224 1044 230 1045 228 1046 224 1047 229 1048 228 1049 223 1050 224 1051 228 1052 222 1052 223 1052 227 1053 222 1053 228 1053 227 1054 226 1055 222 1056 224 1057 219 1058 225 1059 223 1060 219 1061 224 1062 223 1063 218 1064 219 1065 222 1066 218 1066 223 1066 221 1067 218 1068 222 1069 220 1070 316 1071 221 1072 220 1073 214 1074 316 1075 219 1076 214 1076 220 1076 219 1077 218 1077 214 1077 214 1078 209 1078 215 1078 213 1079 209 1079 214 1079 213 1080 315 1080 209 1080 212 1081 315 1082 213 1083 211 1084 206 1084 212 1084 210 1085 206 1085 211 1085 210 1086 205 1087 206 1088 210 1089 314 1089 205 1089 209 1090 314 1091 210 1092 208 1093 314 1093 209 1093 207 1094 313 1094 208 1094 206 1095 313 1096 207 1097 206 1098 200 1099 313 1100 205 1101 200 1101 206 1101 202 1102 196 1103 203 1104 201 1105 196 1105 202 1105 200 1106 199 1106 201 1106 198 1107 194 1108 199 1109 198 1110 197 1110 194 1110 196 1111 192 1112 197 1113 196 1114 191 1114 192 1114 201 1115 191 1116 196 1117 195 1118 191 1118 201 1118 195 1119 189 1120 191 1121 194 1122 189 1122 195 1122 194 1123 193 1124 189 1125 192 1126 312 1127 193 1128 191 1129 312 1129 192 1129 191 1130 190 1131 312 1132 189 1133 186 1133 190 1133 189 1134 185 1134 186 1134 188 1135 185 1135 189 1135 188 1136 311 1136 185 1136 187 1137 311 1138 188 1139 190 1140 310 1141 187 1142 186 1143 310 1143 190 1143 185 1144 310 1145 186 1146 185 1147 309 1148 310 1149 53 1150 288 1151 289 1152 53 1153 54 1154 288 1155 55 1156 284 1156 319 1156 184 1157 308 1157 309 1157 184 1158 309 1158 185 1158 308 1159 184 1160 290 1161</p>
        </triangles>
      </mesh>
    </geometry>
    <geometry id="Part__Feature006_003-mesh" name="Part__Feature006.003">
      <mesh>
        <source id="Part__Feature006_003-mesh-positions">
          <float_array id="Part__Feature006_003-mesh-positions-array" count="960">0.323584 0.6955034 0.3537761 0.3223603 0.6938962 0.3522992 0.3194815 0.6922132 0.3512966 0.3237509 0.6913055 0.3570073 0.3158947 0.6923844 0.3505967 0.31271 0.6942114 0.3519358 0.3213057 0.6901805 0.3536092 0.3163006 0.6906939 0.3524395 0.3115272 0.6954112 0.3546251 0.3113399 0.699523 0.3543252 0.3129619 0.7029676 0.352882 0.3127681 0.6912168 0.354436 0.3164817 0.7048417 0.3532091 0.3113779 0.692234 0.36063 0.3124969 0.6987634 0.3591595 0.315025 0.7009813 0.3597351 0.3213732 0.7040047 0.3517419 0.3138433 0.6931551 0.3640374 0.3193594 0.7030527 0.3572686 0.3188061 0.6986235 0.3624621 0.3162492 0.6951842 0.364232 0.3239257 0.699755 0.3526575 0.3226188 0.6995877 0.3586346 0.3189182 0.6916788 0.3652489 0.3219977 0.6935802 0.3632917 0.3237872 0.6930577 0.3603724 0.3223558 0.6051857 0.3546117 0.3189805 0.6054404 0.3525416 0.3236772 0.5995358 0.35286 0.3220095 0.602315 0.3518977 0.3153616 0.6056539 0.3528916 0.3117678 0.6036743 0.3556842 0.3195301 0.6036984 0.351322 0.3161879 0.6036656 0.3510777 0.3138107 0.6026691 0.3516765 0.3112498 0.6000852 0.3590173 0.3121077 0.6006665 0.3516543 0.3128568 0.6036019 0.363123 0.3159626 0.6025994 0.3649544 0.3117405 0.5952174 0.3547624 0.3184961 0.6046274 0.3653118 0.3127691 0.5989229 0.3611521 0.3166316 0.596483 0.3619245 0.3212483 0.6016755 0.3637965 0.3143584 0.5933135 0.3566622 0.3147498 0.5912787 0.3514021 0.3176098 0.5920542 0.35626 0.3236182 0.6021729 0.3606448 0.3202232 0.5938264 0.3583739 0.3239718 0.603182 0.3574365 0.3229561 0.5959342 0.3575059 0.3210685 0.5915656 0.351234 0.3239488 0.5961451 0.3517007 0.3181819 0.5949529 0.3180134 0.3154756 0.5957216 0.3181438 0.3156661 0.5988047 0.3180003 0.3192825 0.7006348 0.3178452 0.3200179 0.6984107 0.3179613 0.3191758 0.6969607 0.3182675 0.3157894 0.6973959 0.3182847 0.3151729 0.6992776 0.3180288 0.3215793 0.6932934 0.317754 0.3132278 0.6934571 0.317754 0.3113164 0.7008529 0.317754 0.3163245 0.7052882 0.317754 0.3238553 0.7017618 0.317754 0.3150222 0.5906006 0.317754 0.3110465 0.5989863 0.317754 0.3191733 0.6040783 0.317754 0.3242428 0.5949103 0.317754 0.319314 0.6966308 0.336692 0.3160055 0.6967928 0.3365939 0.3150398 0.6993386 0.3364548 0.3174955 0.7011345 0.3364889 0.318975 0.6968593 0.3357651 0.3151438 0.6974329 0.3357007 0.3165999 0.7011875 0.3354974 0.3189522 0.7007018 0.3356104 0.3199746 0.6986072 0.3354362 0.3183404 0.696426 0.3349463 0.3157544 0.6973137 0.3350751 0.3156737 0.6999194 0.3350153 0.3174364 0.7010301 0.3344666 0.3198369 0.6994649 0.3343164 0.3186812 0.6963133 0.3343582 0.3157684 0.6971188 0.3339844 0.315338 0.6989753 0.3343195 0.3166595 0.7010002 0.3336042 0.3199276 0.699999 0.3337543 0.3192643 0.6972407 0.3337764 0.3168201 0.6965325 0.3336437 0.3150292 0.6988166 0.3332715 0.318759 0.7007803 0.3331837 0.319917 0.6983721 0.3330892 0.3171076 0.6960797 0.3326456 0.3159287 0.7004357 0.3326064 0.3199767 0.6987828 0.3317929 0.3186806 0.6968379 0.3320354 0.3160498 0.6971727 0.3317363 0.3152117 0.6987469 0.3320377 0.3164438 0.7007035 0.3313125 0.3185063 0.7009578 0.3317996 0.319144 0.6968675 0.3308214 0.3163686 0.6967381 0.3308034 0.3151959 0.6985309 0.3305472 0.3163288 0.700675 0.3305612 0.3183377 0.7009154 0.3304332 0.3198151 0.6994001 0.3307447 0.317084 0.6964824 0.3300649 0.3160156 0.7004449 0.3297488 0.3183637 0.7012798 0.3298613 0.3198814 0.6987355 0.3299251 0.318607 0.696282 0.3295913 0.3156812 0.6972781 0.3290125 0.3153138 0.6995029 0.3294619 0.3169323 0.7009073 0.3288995 0.3191434 0.7005311 0.3288648 0.3196596 0.6978349 0.3287622 0.3176186 0.6963109 0.3285407 0.3155006 0.699795 0.3282254 0.3183816 0.7009618 0.3280329 0.3199962 0.6994659 0.3281663 0.3191834 0.6966038 0.3280043 0.3163198 0.6967682 0.3276636 0.3152481 0.6990381 0.3275365 0.3175572 0.701435 0.3275114 0.3200702 0.6993007 0.3273424 0.3193338 0.6974123 0.3271936 0.3170835 0.6964272 0.3272925 0.3152998 0.6981673 0.3268157 0.3164505 0.7009047 0.326937 0.3189032 0.7006934 0.326822 0.3198865 0.6985465 0.3262824 0.3176122 0.696005 0.3263212 0.3152357 0.6985907 0.3259207 0.31672 0.700878 0.3257874 0.3191072 0.7008091 0.3258648 0.3188824 0.6968469 0.3254669 0.3171277 0.6966278 0.3255252 0.3154108 0.6981092 0.3251739 0.3161413 0.7005017 0.3250004 0.3181971 0.7011532 0.3247842 0.3198789 0.6991858 0.3253344 0.3191906 0.6966164 0.3248612 0.3153468 0.6972287 0.3246306 0.3165299 0.7008805 0.3241428 0.319868 0.6990811 0.32399 0.3193405 0.6972287 0.3242973 0.317066 0.6965386 0.3241134 0.3154041 0.6980534 0.3240051 0.3162741 0.7007033 0.3234276 0.3191115 0.7007721 0.3234564 0.3201519 0.6981449 0.323341 0.3179103 0.6964839 0.3229659 0.3157095 0.6974306 0.3232295 0.3180794 0.7009773 0.3225184 0.3198158 0.6995152 0.3228595 0.3187613 0.6963559 0.3224448 0.3157854 0.6973466 0.3224787 0.3152801 0.6996499 0.3225188 0.3180338 0.701437 0.3219313 0.3198554 0.698768 0.321985 0.3186522 0.696676 0.3218382 0.3159855 0.6971274 0.3212033 0.3153368 0.6979684 0.3216761 0.3167838 0.7009418 0.3214141 0.3195317 0.6998868 0.3211577 0.3197465 0.6978672 0.3207018 0.3176816 0.6963577 0.3209843 0.3150989 0.6979545 0.3206207 0.3162076 0.7005614 0.3206946 0.318892 0.7006915 0.3200623 0.3200147 0.6972448 0.3201436 0.3161659 0.6968898 0.3197045 0.3153703 0.6993303 0.3195212 0.317442 0.7011525 0.3194174 0.3198505 0.6995447 0.3190711 0.3193152 0.697324 0.3195358 0.3170807 0.6961833 0.319179 0.3149496 0.6988598 0.3189935 0.3178024 0.7014515 0.3187548 0.3174452 0.7009783 0.3182445 0.3186342 0.5946734 0.3367111 0.3153946 0.5957668 0.3365745 0.3173567 0.5996922 0.3362761 0.3192595 0.5987779 0.3363902 0.3197157 0.5953735 0.3359996 0.3156976 0.595648 0.3355688 0.3161696 0.5990244 0.3357333 0.3190265 0.5989113 0.3356239 0.3198739 0.596359 0.3350514 0.3178106 0.5948446 0.3349002 0.3154211 0.597841 0.3350154 0.319549 0.5989448 0.3345732 0.3191985 0.5953492 0.3341748 0.3160587 0.5953508 0.3345289 0.3153254 0.5974513 0.3342698 0.3166462 0.5993927 0.3342526 0.319527 0.5983611 0.3339906 0.3200039 0.5961741 0.3336362 0.3177217 0.5948473 0.333275 0.3156502 0.5959968 0.3334605 0.3168084 0.5992763 0.3333709 0.3184245 0.5994665 0.3328962 0.3201884 0.5966507 0.3328543 0.315734 0.5957317 0.3323806 0.3155933 0.5985845 0.332752 0.3192079 0.5992747 0.3321601 0.319909 0.5967637 0.3318649 0.3177976 0.5946592 0.3322352 0.3152116 0.5970327 0.3319192 0.3157925 0.5984573 0.331382 0.3174968 0.5993952 0.331722 0.3199257 0.5983417 0.3313321 0.3194248 0.5960402 0.3311855 0.3177495 0.5947751 0.3309094 0.3148108 0.5971096 0.3309053 0.3181084 0.599469 0.3309102 0.3197486 0.5978342 0.3303579 0.3193366 0.5956978 0.3302113 0.316657 0.5946786 0.330261 0.3158863 0.5986651 0.3298063 0.3182829 0.5993984 0.3300949 0.3201896 0.5963236 0.329665 0.3169429 0.5949065 0.3296545 0.3153067 0.5967884 0.3297085 0.3163875 0.5992145 0.3289595 0.3189733 0.5988703 0.3290817 0.31979 0.5961899 0.3290624 0.316776 0.5949183 0.3285256 0.3153065 0.597061 0.3282853 0.3164196 0.5991206 0.3281735 0.3187745 0.5991823 0.3280866 0.3198344 0.5968211 0.3278682 0.318764 0.5950424 0.3281921 0.3161115 0.5954733 0.3276419 0.3153237 0.5978019 0.3274867 0.3182553 0.5994307 0.3272311 0.3201655 0.5977826 0.3273624 0.3191523 0.595367 0.3273851 0.3164601 0.5950181 0.3268777 0.315404 0.597619 0.3266766 0.317103 0.5997369 0.3267812 0.3198379 0.5978677 0.3263996 0.3190811 0.5952875 0.3266196 0.3148959 0.5974826 0.3261089 0.3174811 0.5994529 0.3261883 0.3198894 0.5980318 0.3255962 0.3187361 0.5951811 0.3258493 0.3167033 0.5948609 0.3258444 0.3153639 0.5962777 0.3251407 0.3161359 0.5988233 0.3253117 0.3198552 0.5961442 0.3247455 0.3169109 0.594832 0.3244859 0.315275 0.5982215 0.3243319 0.3185353 0.5993493 0.3247007 0.318735 0.5950219 0.3238129 0.31571 0.5957989 0.3236207 0.3156977 0.5990876 0.3236532 0.3184093 0.5994434 0.3232889 0.3200519 0.5970695 0.3237621 0.3168643 0.5948383 0.3227764 0.3153219 0.5967551 0.3232082 0.3164072 0.5995637 0.3227997 0.319792 0.5980466 0.3228243 0.3190456 0.5952361 0.3227976 0.3154111 0.5962044 0.3220223 0.3157677 0.5985621 0.322331 0.3187041 0.5992273 0.3221068 0.3198603 0.5969549 0.3219875 0.3184494 0.5949966 0.3218071 0.3154897 0.5959455 0.3212407 0.3162055 0.5993984 0.3212516 0.319103 0.5991492 0.321081 0.3197994 0.5971463 0.3209474 0.3190497 0.5953887 0.3210629 0.3148664 0.5971425 0.320573 0.3170303 0.5993437 0.3207005 0.3195809 0.5985196 0.3200726 0.3191143 0.5954293 0.319833 0.3169843 0.5947946 0.3203092 0.3152641 0.5969551 0.3199991 0.3186604 0.5993266 0.3191335 0.3181515 0.5945461 0.3192659 0.3157058 0.5959163 0.3192892 0.3158515 0.5988628 0.3192225 0.3199789 0.596627 0.3188978 0.3200662 0.597056 0.3179027 0.3161251 0.7002226 0.3367896 0.3198624 0.6992393 0.3363351 0.3180233 0.6967116 0.336326 0.3154148 0.6988853 0.3361163 0.3191719 0.7002545 0.3349709 0.3169126 0.6966898 0.333038 0.3191594 0.7002021 0.3325681 0.319492 0.6997246 0.329394 0.3164583 0.6970298 0.3266682 0.3173453 0.7008582 0.3263434 0.3181715 0.6966748 0.323619 0.3165306 0.6969019 0.3203072 0.3159831 0.7000823 0.3200941 0.3176522 0.6964737 0.3186098 0.3161513 0.7004744 0.3181298 0.315609 0.5983633 0.3365894 0.3197348 0.5967915 0.3364595 0.316195 0.5954307 0.3361852 0.3191305 0.595751 0.3355575 0.3178777 0.5992844 0.3350492 0.3196394 0.5977487 0.3332931 0.3194671 0.5981647 0.3325643 0.3162499 0.5954941 0.3314114 0.3154551 0.5971524 0.3305218 0.3161099 0.5955655 0.3290159 0.3192885 0.5958387 0.3252595 0.3170057 0.5991673 0.3239858 0.3172616 0.5992932 0.3215949 0.3168691 0.5991455 0.3200379 0.3180388 0.5949687 0.3186643 0.3154463 0.5970498 0.3186242 0.3182694 0.5994057 0.3180732</float_array>
          <technique_common>
            <accessor source="#Part__Feature006_003-mesh-positions-array" count="320" stride="3">
              <param name="X" type="float"/>
              <param name="Y" type="float"/>
              <param name="Z" type="float"/>
            </accessor>
          </technique_common>
        </source>
        <source id="Part__Feature006_003-mesh-normals">
          <float_array id="Part__Feature006_003-mesh-normals-array" count="3522">0.999786 -0.02068603 -5.64927e-6 0.9637622 -0.1375757 -0.2285504 0.8722915 -0.3630815 -0.3275356 0.8141019 -0.3335466 -0.4753786 0.09883475 -0.7217778 -0.6850318 0.0990113 -0.7217411 -0.685045 0.09906166 -0.7217354 -0.6850437 0.5046266 -0.4109305 -0.7592681 0.08975452 -0.7118743 -0.6965481 -0.5795026 -0.6598982 -0.4782377 -0.5796044 -0.6598271 -0.4782125 -0.5797498 -0.6597594 -0.4781294 -0.4657676 -0.5723078 -0.6749256 -0.4657447 -0.5723662 -0.6748918 -0.4657529 -0.5723412 -0.6749073 -0.921348 -0.2595118 -0.2894333 -0.8202423 0.5015159 0.2751083 -0.9404219 0.2196226 0.2595624 -0.4628977 0.8043484 0.3724908 -0.6565325 0.6483202 0.3855463 -0.9974991 -0.04914325 -0.05079972 0.2351011 0.9399093 0.2475839 -0.8146499 0.2567268 0.5200355 -0.5616301 0.462095 0.6863235 -0.1400857 0.8655949 0.4807509 0.006004154 0.7605466 0.6492556 -0.4645482 0.4794339 0.7445389 -0.2168901 0.5693282 0.7929843 0.6117303 0.711638 0.3454815 0.4443073 0.657723 0.6082693 0.8217788 0.53552 0.1946739 0.1370487 0.3708072 0.9185423 -0.1926599 0.1352369 0.9719019 0.5639738 0.46873 0.6798719 0.3350306 0.3555514 0.8725468 0.9501746 0.2268605 0.2137814 0.9501507 0.2269813 0.21376 0.9501133 0.2271106 0.2137889 0.8409152 0.2745665 0.466342 0.9755631 0.1368858 -0.1718692 0.8494716 0.3846565 -0.3611616 0.9060192 0.2279217 -0.3566246 0.4494724 0.6033682 -0.6587272 0.4494699 0.6033682 -0.658729 0.4494737 0.6033682 -0.6587263 0.4747417 0.5734345 -0.6676775 0.4748343 0.5733591 -0.6676765 0.4747942 0.5733886 -0.6676796 -0.6844652 0.3152863 -0.6573446 -0.03247779 0.6659725 -0.7452689 -0.03246361 0.6659882 -0.7452555 -0.03243196 0.6660373 -0.7452132 -0.4388887 0.7929574 -0.4226053 0.05349051 0.5839477 -0.8100272 -0.6647911 0.5707023 -0.4820287 -0.8460281 -0.1934085 0.4968195 -0.992883 0.03870332 -0.1126291 -0.833929 -0.4084555 0.3711155 -0.5554128 -0.3139564 0.7700311 -0.4339241 -0.4375844 0.7875468 -0.7142279 -0.5494261 0.4336006 0.1434476 -0.3428335 0.9283792 -0.5113541 -0.620402 0.5946583 -0.5113353 -0.6203904 0.5946866 -0.5113511 -0.6204 0.594663 0.1208295 -0.4299979 0.8947078 -0.2330604 -0.7850404 0.5739291 -0.2330472 -0.7850458 0.5739269 -0.2330313 -0.785053 0.5739236 -0.6738433 -0.7046049 0.2224122 0.0314604 -0.7847677 0.6189911 0.3293055 -0.5654309 0.7562049 -0.3067054 -0.8951597 0.3234518 0.591377 -0.5092094 0.6252833 0.7749006 -0.3477907 0.5277982 0.0484023 -0.9903843 0.1296005 0.3407361 -0.883911 0.3203129 0.3407392 -0.883913 0.3203042 0.3407559 -0.8839533 0.3201749 0.9935424 -0.07361793 0.08633714 0.6405293 -0.7070354 0.2997053 0.9701568 -0.1832514 0.1587916 0.9701792 -0.1831527 0.1587682 0.9701402 -0.1833148 0.1588198 0.8341771 -0.5375798 0.1231122 0.8341699 -0.5375776 0.12317 0.8341711 -0.5375789 0.1231566 0.03005337 0.1900774 0.9813091 0.02978634 0.1896286 0.981404 0.02935367 0.1895026 0.9814414 0.9966202 -0.08187156 -0.006716847 0.7989968 -0.6012877 -0.007571339 0.965039 -0.2593677 -0.03779286 0.5037191 -0.8638597 0.003685474 -0.04089909 -0.9985602 -0.03471225 -0.01959228 -0.9993259 -0.0310474 -0.4938592 -0.8694632 0.01170098 -0.7066418 -0.7075545 0.004906117 -0.9677088 -0.25011 -0.0313794 -0.998961 -0.04556202 -0.001014053 -0.9019575 0.431518 0.01627343 -0.6629326 0.748548 -0.01400816 -0.4709041 0.8820858 0.01319754 0.1720555 0.9850186 0.01164257 0.4239032 0.90525 -0.02878332 0.854233 0.519129 0.028126 0.2281457 0.006005346 -0.9736086 0.5226162 -0.003598988 -0.8525606 0.811205 0.003124713 -0.5847536 0.867933 -2.4438e-4 -0.4966813 0.9999245 0.002447187 -0.01205146 0.9939961 -0.00155586 0.1094047 0.9939975 -0.001621961 0.1093912 0.994033 -0.00185734 0.1090649 0.8525664 -1.9068e-5 0.5226189 0.7994979 -0.003219246 0.6006603 0.5362571 2.63801e-4 0.8440547 0.4809219 -0.001697838 0.8767619 -0.1407483 0.001398086 0.9900445 -0.230979 0.004446923 0.9729486 -0.508691 -0.003187179 0.8609433 -0.8105483 0.002948343 0.5856645 -0.9296965 -0.005153775 0.3682906 -0.9887737 0.003987729 -0.1493683 -0.9996471 -0.002925992 -0.0264042 -0.1895686 -0.01149553 -0.9818003 -0.1894738 -0.01215255 -0.9818106 -0.1892699 -0.01197278 -0.9818522 -0.6121101 -0.004280209 -0.7907609 -0.4919329 8.03363e-4 -0.8706329 -0.09650498 -0.004225373 -0.9953236 0.8449619 -0.5341572 0.02675157 0.4228894 -0.9047844 -0.05029684 0.04588001 -0.9987366 0.02050286 -0.7921689 -0.6102736 0.005887925 -0.9032662 -0.428251 -0.02667146 -0.9942298 -0.1069908 0.007749199 -0.6559997 0.7545729 -0.01686125 -0.7616981 0.6478855 -0.007786989 -0.7614085 0.64822 -0.008260846 -0.7614092 0.6482185 -0.008303284 -0.5306064 0.8462201 -0.04866874 -0.5306062 0.8462217 -0.04864293 -0.5302894 0.8463995 -0.04900276 -0.3915724 0.9198423 -0.02369356 -0.01064294 0.9998781 0.01143002 0.4863954 0.8737262 0.004716753 0.8641708 0.5005026 -0.05202114 0.8741226 0.4833625 -0.04765027 0.9969453 0.07788753 0.005804717 -0.04913377 -0.04654335 -0.9977073 -0.02840387 0.008070588 -0.999564 0.001755595 -0.1188752 -0.9929077 0.03231656 0.05578106 -0.9979199 -0.1468209 -0.1036676 -0.9837157 0.1337847 0.06343168 -0.9889784 -0.02532768 0.07817858 -0.9966177 -0.02533209 0.07807219 -0.9966259 -0.02533566 0.0780518 -0.9966273 0.05123537 -0.04959565 -0.9974544 -0.04196226 0.08976596 -0.9950786 -0.04285722 -0.01419353 -0.9989804 0.04993045 -0.07969862 -0.9955678 0.04521918 -0.076631 -0.9960336 0.04525762 -0.07657289 -0.9960364 0.04515796 -0.07687693 -0.9960175 -0.04963964 -0.02745193 -0.99839 -0.1453387 -0.03941518 -0.9885966 0.07099658 -0.08016991 -0.9942497 0.078965 0.01948684 -0.996687 -0.08679795 -0.07445585 -0.9934398 -0.08679842 -0.07442939 -0.9934417 -0.08679723 -0.07446581 -0.993439 0.0794081 0.02052342 -0.996631 0.2665214 -0.04360121 -0.9628424 -0.01306754 -0.02789986 -0.9995254 -0.006541311 -0.05428659 -0.9985041 0.002584099 0.1318758 -0.9912629 -0.08003109 0.01595789 -0.9966647 -0.07041275 0.01892441 -0.9973384 0.102356 -0.4660191 0.8788342 0.1026196 -0.4656068 0.879022 0.1022696 -0.4663723 0.8786569 0.06099265 0.4393165 0.8962594 -0.796126 0.3595039 -0.486765 -0.7961671 0.3594075 -0.4867692 -0.7961037 0.3595482 -0.4867691 -0.6276983 -0.589864 0.5079917 -0.4174119 -0.5018612 0.7575637 0.2594078 -0.7918896 0.5528277 0.5745602 -0.6753739 -0.4623319 0.5744621 -0.6753695 -0.4624602 0.574744 -0.6752862 -0.4622316 0.6114379 -0.0321092 0.7906408 0.7554718 0.5804373 -0.3039 0.2539054 0.7340601 0.6298317 0.2537226 0.7340497 0.6299175 0.2540275 0.7341136 0.62972 -0.4544572 0.8907667 -0.001827061 -0.5760989 0.298076 0.7610919 -0.1181073 0.9581404 0.2608021 -0.6552901 -0.1966553 0.7293297 -0.6553633 -0.1968423 0.7292133 -0.6553074 -0.1962522 0.7294225 0.1745468 -0.8003267 0.5735944 0.1744292 -0.800744 0.5730477 0.1745657 -0.8005774 0.5732388 0.9200606 -0.3903841 -0.03299683 0.9199841 -0.3905662 -0.03297621 0.9198789 -0.3908356 -0.03271836 0.2915163 0.1134577 0.9498135 0.2913994 0.1135632 0.9498369 0.2917443 0.1133846 0.9497522 0.5335114 0.8044167 -0.2613039 0.5334903 0.8042758 -0.2617799 0.5334764 0.8042979 -0.2617403 -0.2516107 0.499342 0.8290656 -0.2385811 -0.7664029 0.5964107 0.802333 -0.4269348 -0.4171192 0.8022013 -0.4271488 -0.4171534 0.8021171 -0.4274724 -0.4169839 0.6457593 0.07058089 0.760272 0.6456866 0.07071453 0.7603213 0.6458658 0.070504 0.7601885 0.2690172 0.7614988 -0.5897028 0.2689996 0.7613324 -0.5899255 0.2689846 0.7613693 -0.5898849 -0.681091 0.3464542 0.6450462 -0.6611636 0.3127324 0.6819541 -0.6612558 0.3130012 0.6817412 -0.6612405 0.3128245 0.6818371 -0.7492026 -0.5202518 -0.4099192 -0.7492099 -0.5200005 -0.4102246 -0.7493406 -0.5197273 -0.4103319 -0.1299132 -0.5403615 0.8313435 0.4620281 -0.8226084 -0.3314293 0.4620133 -0.822566 -0.3315556 0.4623157 -0.8226743 -0.3308644 0.7166104 -0.2927686 0.633053 0.7167649 -0.2926933 0.6329129 0.7165249 -0.2928821 0.6330973 0.913572 0.2059209 -0.3506891 0.9136059 0.2059142 -0.3506047 0.9136326 0.2059196 -0.350532 0.2812273 0.8283061 0.4845827 0.3163823 0.8613967 0.3973641 -0.8134232 0.4412067 0.3790507 -0.8821713 0.3375551 -0.3283754 -0.6140453 -0.6138812 0.4960829 -0.6144444 -0.6135285 0.4960251 -0.6142333 -0.6137584 0.4960023 0.9743179 0.2124091 0.07474786 0.3878952 0.9195027 -0.06365531 -0.3303756 0.2397375 0.9128953 -0.8806138 -0.3336752 -0.3364228 -0.8806957 -0.3335655 -0.3363172 -0.8808584 -0.333477 -0.3359786 0.001236736 -0.4283631 0.9036059 0.8588668 -0.1772675 0.4805456 0.6530153 0.6949993 -0.3009103 0.1567376 0.8052181 0.5718892 -0.2522755 0.9156734 -0.3128886 -0.2521905 0.9157263 -0.3128025 -0.2521128 0.9158408 -0.3125298 -0.5794785 0.2906028 0.7614163 -0.5798916 0.2905963 0.7611042 -0.5791741 0.2908309 0.7615608 -0.2359091 -0.507288 0.8288582 -0.23571 -0.5072917 0.8289125 -0.2361305 -0.5074048 0.8287236 0.8740844 -0.3304251 -0.356084 0.8739287 -0.3306958 -0.3562149 0.8738905 -0.3309386 -0.3560828 0.4313068 0.5262507 0.7328265 0.4313223 0.5262706 0.7328031 0.4312677 0.5261692 0.732908 0.1631681 0.819348 -0.5495864 0.1632318 0.8192324 -0.5497398 0.1633004 0.8191837 -0.549792 -0.2633336 0.6876901 0.6765632 -0.9666554 0.2552907 0.02010256 -0.5622743 -0.2611804 0.7846225 -0.04051101 -0.3269908 0.9441589 -0.04058587 -0.327068 0.9441288 -0.04072105 -0.3275038 0.9439719 0.7263982 0.6811603 0.09146726 0.7263526 0.6811937 0.09158104 0.7264198 0.6811508 0.09136712 -0.52763 0.482826 0.6989176 -0.3084754 -0.3623365 0.8795199 -0.08826851 -0.9945898 -0.05476999 0.5243019 -0.2567089 0.8119164 0.5243103 -0.2566488 0.8119299 0.5244648 -0.2573044 0.8116226 0.6996275 0.7144188 -0.01127421 0.6996308 0.7144107 -0.01158004 0.6996128 0.7144293 -0.01151901 -0.2204326 0.5816955 0.7829686 -0.2207028 0.5817413 0.7828585 -0.220075 0.5818628 0.7829449 -0.3449942 0.06050384 0.9366527 -0.3451222 0.0604453 0.9366093 -0.3449583 0.06053572 0.9366639 -0.5965726 -0.6667531 -0.4467008 -0.5964953 -0.6668362 -0.44668 -0.5963255 -0.666969 -0.4467085 -0.02819007 -0.707048 0.7066035 -0.02813977 -0.7070053 0.7066482 -0.02827137 -0.7072033 0.7064449 0.5769024 -0.5616615 -0.59306 0.5771719 -0.5616117 -0.5928449 0.5770238 -0.5616146 -0.5929863 0.1114704 0.8357922 -0.5376113 0.1114746 0.8357014 -0.5377513 0.1114885 0.8356716 -0.537795 -0.2806056 0.7051373 0.6511852 -0.2804618 0.7054477 0.6509107 -0.2805848 0.7052875 0.6510314 -0.9592815 0.2681148 0.0888462 -0.9592948 0.268144 0.08861315 -0.9593151 0.26788 0.08919036 -0.3549136 -0.3042407 0.8840102 0.3647781 0.3017589 0.8808398 0.3648872 0.3018791 0.8807533 0.3647649 0.3017243 0.880857 0.4126086 -0.114674 0.9036616 0.4125606 -0.114586 0.9036946 0.4128844 -0.1148993 0.9035069 -0.01146638 0.4770138 0.8788211 -0.8574796 0.4729297 -0.2026478 -0.9265022 -0.1906423 0.3244215 -0.8099066 -0.4912256 -0.3205444 -0.8097057 -0.4913987 -0.3207867 -0.8097723 -0.4913695 -0.3206635 0.04524749 -0.2572652 0.965281 0.7992815 -0.4880102 -0.3507067 0.7991726 -0.4880601 -0.3508854 0.799149 -0.4880785 -0.3509136 0.6825639 0.5063257 0.5270113 0.6825116 0.5062682 0.5271342 0.6826252 0.5063627 0.5268963 -0.3785241 0.5176229 0.767324 -0.9328889 0.2390694 -0.2693775 -0.6912866 -0.5875741 0.4205706 -0.9224123 0.2541204 0.2908239 -0.9224575 0.2540581 0.2907345 -0.9226056 0.2537772 0.2905099 -0.8123543 -0.5485599 -0.1978949 -0.1077064 -0.6179563 0.7788 0.4345772 0.05937141 0.8986756 0.3478007 -0.4284591 0.8339409 0.8007895 0.4924272 -0.3409571 0.8007612 0.492209 -0.3413386 0.8007713 0.4921567 -0.3413901 -0.006875455 0.6356078 0.7719816 -0.5233372 0.72668 -0.445033 -0.5230842 0.7267168 -0.4452704 -0.5228754 0.7268362 -0.4453208 -0.622363 -0.03579312 0.7819101 -0.6226972 -0.03591924 0.7816382 -0.6222333 -0.03564065 0.7820201 -0.8888003 -0.4199301 -0.1835564 -0.8888431 -0.4198795 -0.1834649 -0.8888781 -0.419862 -0.1833351 -0.04580461 -0.742806 0.6679381 0.006516456 -0.8724879 0.4885924 0.7910709 -0.5496907 -0.2684159 0.3330815 0.1935705 0.9228148 0.3330583 0.1935852 0.9228202 0.3333088 0.193535 0.9227402 0.734674 0.6210008 0.2731522 0.7349178 0.6207724 0.2730156 0.7349886 0.6206836 0.2730267 -0.2822193 0.9381858 0.2003992 -0.282271 0.9381887 0.2003124 -0.2821826 0.9381311 0.2007067 -0.3631969 0.627586 0.6886391 -0.8541173 0.2015285 -0.4794476 -0.5751761 -0.3063139 0.7585147 -0.2032852 -0.757609 -0.6202451 -0.2034813 -0.7573972 -0.6204394 -0.2037797 -0.7573607 -0.6203858 0.51637 -0.03438532 0.8556751 0.5165821 -0.03446888 0.8555437 0.5164013 -0.03438436 0.8556562 0.2896202 0.8131126 -0.5049438 -0.218995 0.6136841 0.7585731 -0.8729067 0.3151636 -0.3724326 0.5601395 -0.6110101 0.5593841 0.5598511 -0.6116055 0.559022 0.5599662 -0.6114611 0.5590648 0.8912159 0.01720494 -0.453253 -0.3777819 0.07581478 0.9227855 -0.3781693 0.07558077 0.922646 -0.3776488 0.07608419 0.9228177 -0.8987042 -0.4385505 -0.002073228 -0.1971728 -0.8339875 0.5153523 -0.1971203 -0.8340213 0.5153177 -0.1972591 -0.8338554 0.5155329 0.04820823 -0.3856952 0.9213659 0.04823499 -0.3856256 0.9213937 0.04819726 -0.3858737 0.9212918 0.7437742 -0.3202036 -0.586745 0.7187275 0.03819769 0.694242 0.1480013 0.9880405 -0.04326504 0.1481121 0.9880099 -0.04358184 0.1483557 0.9879636 -0.04380005 -0.8301156 0.402021 -0.3863769 -0.8732577 -0.4431344 0.202615 -0.5321812 -0.6184213 -0.5782199 -0.5319669 -0.6182841 -0.5785639 -0.5319894 -0.6183277 -0.5784964 -0.2582198 0.1830521 0.9485855 -0.2586069 0.1839799 0.9483005 -0.2584033 0.1832459 0.9484982 -0.1469434 -0.1037164 -0.9836924 0.04724949 0.9974473 0.05354052 0.137352 0.2571182 0.9565693 0.821843 0.3368679 0.45945 0.3534598 -0.4618155 0.8135065 0.287151 -0.4090871 0.8661363 -0.3121112 0.3550048 -0.8812254 -0.3119023 0.3547915 -0.8813853 -0.3118983 0.3547893 -0.8813876 -0.5114166 -0.6443193 -0.5685999 -0.5111987 -0.6441518 -0.5689855 -0.5112964 -0.6442984 -0.5687316 0.660887 -0.7502 0.02070122 0.6728492 -0.7308294 0.1147279 0.6728678 -0.7307975 0.114822 0.6728478 -0.7308499 0.1146052 0.6897628 0.1720681 -0.7032922 0.6932693 0.5815295 0.4256775 0.6931594 0.5817918 0.4254978 0.6934721 0.5813488 0.4255938 -0.1150569 0.4933835 -0.8621687 -0.1150497 0.4932335 -0.8622553 -0.1150217 0.4931247 -0.8623214 -0.7057086 0.02225714 -0.7081525 -0.7057734 0.02230054 -0.7080866 -0.7058599 0.02231311 -0.708 -0.4475634 -0.7688589 0.4566653 0.1282498 -0.6483592 -0.7504549 0.128051 -0.6481521 -0.7506676 0.1278556 -0.6480803 -0.7507629 0.6460382 -0.7197066 0.2542777 0.646264 -0.7196076 0.2539842 0.6458615 -0.719845 0.2543349 0.6416203 0.05906963 -0.7647445 0.641658 0.05899894 -0.7647184 0.6419311 0.05881512 -0.7645034 0.8300582 0.2325212 -0.5068898 -0.09585142 0.9946631 0.03818374 -0.09581083 0.9946691 0.03812682 -0.0957809 0.9946819 0.03786808 -0.09920585 0.6402897 -0.7617003 -0.09887593 0.640115 -0.76189 -0.09891676 0.6401204 -0.7618802 -0.9002833 0.001990973 -0.4353 -0.9004556 0.002363085 -0.4349415 -0.9003925 0.002132654 -0.4350733 -0.9037762 -0.2874367 0.3171259 -0.9039489 -0.2872939 0.316763 -0.9038349 -0.2874251 0.3169688 -0.09057176 -0.8271062 -0.5547 0.43436 -0.159366 -0.8865292 0.4340311 -0.1589757 -0.8867604 0.4342642 -0.159116 -0.8866211 0.4145021 0.7770192 0.4737396 0.4144558 0.7772647 0.4733772 0.4141278 0.7775655 0.4731702 -0.2651611 0.184964 -0.946297 -0.2648928 0.1849652 -0.9463719 -0.2647659 0.1850259 -0.9463956 0.2793521 0.6251727 -0.7287808 -0.7684348 -0.5318388 -0.3558871 -0.7680855 -0.5321308 -0.3562043 -0.7685752 -0.5316438 -0.3558754 0.3435422 -0.725732 -0.5960636 0.343625 -0.7256626 -0.5961005 0.3432211 -0.7263123 -0.5955416 0.3059269 0.9108177 0.2771642 0.3057732 0.9110003 0.2767333 0.3059946 0.9107761 0.2772259 -0.4734444 0.2681603 -0.8390116 -0.3085072 -0.5478352 -0.7776246 0.3703346 -0.7821674 0.5010653 0.370361 -0.7821055 0.5011426 0.3703369 -0.7823189 0.5008273 0.7184415 -0.08172053 -0.6907704 0.7182241 -0.08195966 -0.6909681 0.7181757 -0.08228653 -0.6909795 0.3259043 0.864348 -0.3830002 -0.5957258 0.8031806 0.003422915 -0.4270337 0.424189 -0.7985649 -0.9197058 -0.3699478 0.1314535 -0.2513439 -0.3921927 -0.8848792 -0.2512537 -0.3920169 -0.8849827 -0.2512484 -0.3919869 -0.8849976 0.02121961 -0.9722266 0.2330781 0.906255 -0.3498141 -0.2373441 0.9061961 -0.3498092 -0.2375758 0.9063659 -0.349679 -0.2371195 -0.4496074 -0.01984375 -0.8930059 -0.4495254 -0.01980149 -0.8930481 -0.4497221 -0.02000677 -0.8929445 0.2611107 -0.9211038 -0.2887716 0.2609889 -0.9211724 -0.2886629 0.2609598 -0.9211919 -0.288627 0.9177301 -0.258278 0.3017681 0.916276 -0.2566928 0.3074855 0.9163076 -0.2562816 0.307734 0.9163552 -0.2569986 0.3069935 0.5165853 0.4221074 -0.7449598 0.1250117 0.9202491 0.3708286 0.1249772 0.9202356 0.3708736 0.1251454 0.9204018 0.3704043 -0.1264532 0.9038959 -0.4086343 -0.1262939 0.9039286 -0.4086111 -0.1262533 0.9039432 -0.4085914 -0.7946308 0.3093734 -0.5223504 -0.7946283 0.3092996 -0.5223979 -0.7947386 0.3095681 -0.522071 -0.3975636 -0.5470425 -0.7366734 -0.3975676 -0.546597 -0.7370018 -0.3975933 -0.5465275 -0.7370395 0.3153417 -0.9253361 0.2105059 0.7846556 -0.5281566 -0.3246017 0.8959574 -0.2467626 0.3692812 0.6582726 0.6935222 -0.2927526 -0.08816695 0.4727698 -0.8767641 -0.8801215 0.3903356 0.27023 -0.9056776 -0.3548173 -0.2320623 -0.2595118 -0.2610871 -0.929778 -0.259614 -0.2608363 -0.92982 -0.25982 -0.2607341 -0.929791 -0.02815634 -0.9995988 -0.003088772 -0.02805864 -0.9995999 -0.003587186 -0.02813851 -0.9995992 -0.003117322 0.5532102 -0.5327726 -0.6403999 0.5532405 -0.5326615 -0.640466 0.5532425 -0.5326458 -0.6404774 0.79014 -0.5302687 -0.3073988 0.7900185 -0.5302615 -0.3077234 0.7901042 -0.5302243 -0.3075676 0.692225 0.6703017 0.2674328 0.6829352 0.6720231 0.2863295 0.1075649 0.4258447 -0.8983798 0.1076218 0.425839 -0.8983756 0.1073535 0.4258097 -0.8984216 -0.6929821 0.6255776 0.3583692 -0.7336903 -0.1712578 -0.657548 -0.7336001 -0.1712554 -0.6576492 -0.7335624 -0.1712421 -0.6576948 0.7967198 -0.3565748 0.4879468 0.840039 0.374601 -0.3924395 0.5417397 0.6877683 0.4832112 -0.2296648 0.1651768 -0.9591511 -0.6074619 -0.7390422 0.2912161 -0.6074219 -0.739247 0.2907791 -0.6074948 -0.738993 0.2912721 0.1788989 -0.5720041 -0.800504 0.1788833 -0.5718059 -0.8006489 0.1788661 -0.571756 -0.8006885 0.6481017 -0.6190828 0.4435097 0.6483877 -0.6190642 0.4431176 0.6480469 -0.6191095 0.4435526 0.6042022 0.3005068 -0.7379943 0.7298517 0.3110499 -0.60874 0.7298813 0.3110581 -0.6087005 0.7299516 0.3110584 -0.608616 -0.004710018 0.8835723 0.468271 -0.004708647 0.8835734 0.468269 -0.004663825 0.883687 0.468055 -0.3577449 0.5864722 -0.7266835 -0.3577564 0.5865162 -0.7266424 -0.3579953 0.5868395 -0.7262636 -0.9497105 0.2598443 0.174731 -0.7075983 -0.1091895 -0.6981277 -0.7075406 -0.1089271 -0.6982271 -0.7076268 -0.1087053 -0.6981745 -0.6690219 -0.6997958 0.2503911 -0.1633217 -0.9291757 -0.3316 0.3479331 -0.7710506 0.5333139 0.547542 -0.2130743 -0.8091953 0.5472043 -0.2129817 -0.8094483 0.5471498 -0.2129861 -0.8094839 -0.09777671 0.2705917 -0.957716 -0.09777909 0.2705683 -0.9577223 -0.09782505 0.270779 -0.9576581 -0.9275976 -0.1898334 0.3217546 -0.2029501 -0.5971064 -0.776064 -0.1445364 -0.7951202 -0.5889764 0.6769385 -0.6234771 0.3911914 0.668067 0.2517354 -0.7002255 0.2331783 0.899559 0.369353 -0.2550839 0.2596825 -0.9313954 -0.2550224 0.2595968 -0.9314361 -0.255315 0.2598096 -0.9312966 -0.8017335 -0.4869157 -0.3466075 0.06684583 -0.8428319 -0.5340096 0.3257658 -0.9351486 0.1391903 0.8660503 -0.4559502 -0.2051013 0.8661451 -0.4558528 -0.2049173 0.8661166 -0.4558759 -0.2049863 0.6949501 0.5248369 0.4915187 -0.04099881 0.9313037 -0.3619292 -0.04093772 0.9312976 -0.3619519 -0.04078954 0.9312503 -0.3620901 -0.3240884 -0.4824284 -0.8137749 -0.3241778 -0.482482 -0.8137075 -0.3243034 -0.4826571 -0.8135536 0.1199966 -0.9925875 0.01925706 0.8785896 -0.4629807 -0.1171726 0.878628 -0.4629456 -0.1170231 0.8786227 -0.4629486 -0.117051 0.7048717 -0.1615477 -0.6906941 0.8343916 0.5504027 0.02911376 0.8343596 0.5504639 0.02887237 0.8343974 0.5503929 0.02913165 0.1586695 0.9146204 -0.3718784 -0.0461784 0.99891 0.006814301 -0.04624301 0.9989061 0.006950378 -0.04616379 0.9989111 0.00674647 -0.8109286 0.5038459 -0.2975471 -0.8109329 0.5038189 -0.297581 -0.8109568 0.5039528 -0.2972891 0.2568799 -0.4742735 -0.8420673 0.2568773 -0.4742671 -0.8420718 0.2570151 -0.4744324 -0.8419367 -0.4652842 0.202655 -0.8616505 -0.8187444 -0.5539459 0.1510024 -0.06176912 -0.7375067 -0.6725091 -0.06190377 -0.7373744 -0.6726418 -0.0619679 -0.7371314 -0.6729022 0.5489032 0.04800832 -0.8345063 0.7975779 0.4853433 -0.3582058 -0.2465952 0.4669466 -0.8492065 -0.2466265 0.4668899 -0.8492286 -0.246577 0.4672486 -0.8490458 0.4283133 -0.184971 -0.8844962 0.5098983 0.5118769 0.6913651 0.5099549 0.5119634 0.6912595 0.5099505 0.5122089 0.6910808 -0.9700302 0.2340595 0.06525152 -0.9699915 0.2341833 0.06538164 -0.9699758 0.2342253 0.06546497 -0.4412499 -0.6139402 -0.6545044 -0.2916139 -0.9098852 0.295077 -0.2916066 -0.9100428 0.2945979 -0.2915878 -0.9099166 0.2950059 0.6112836 -0.5867816 -0.5310553 0.6112811 -0.5867922 -0.5310465 0.6113025 -0.5869737 -0.5308212 0.9725152 0.2310223 -0.02903258 0.97257 0.2307699 -0.029208 0.9725728 0.2307571 -0.02921134 0.2821578 0.9449767 -0.1655477 0.2821177 0.9449985 -0.1654921 0.2821043 0.9450066 -0.1654685 0.324983 0.9456929 0.007155537 -0.803681 0.2870009 -0.521275 -0.8038945 0.2869464 -0.5209754 -0.8038422 0.2869457 -0.5210567 -0.6074706 0.1369497 -0.7824476 -0.4695295 -0.7635317 0.4433526 -0.4695684 -0.763607 0.4431816 -0.4695309 -0.7635011 0.4434037 0.0360561 -0.487353 -0.8724604 0.0358445 -0.4871348 -0.872591 0.03562235 -0.4870827 -0.872629 0.2354803 0.7717093 -0.590774 -0.7881585 0.5137892 0.3388612 -0.7883135 0.513778 0.3385174 -0.7879729 0.5139333 0.3390744 -0.006526768 -0.2564573 -0.9665336 0.8228383 -0.2928137 0.4870291 0.8230086 -0.2925456 0.4869026 0.8228529 -0.2931278 0.4868153 0.259461 0.2206199 -0.9402164 0.1252316 0.8863568 0.4457453 0.2603529 0.04604274 -0.9644151 0.2600095 0.04626816 -0.964497 0.2601537 0.0462501 -0.964459 -0.2333282 -0.1274821 -0.9640053 0.5734378 -0.7884624 0.2224774 0.18845 -0.07144808 -0.9794804 -0.5131074 0.3760904 -0.771542 0.2746796 0.960825 0.0369662 -0.6303312 0.760145 -0.1576779 -0.6303088 0.7601689 -0.1576525 -0.6301807 0.760338 -0.1573478 -0.7209593 0.6571038 0.2200736 -0.7209118 0.6572006 0.2199401 -0.7209495 0.6571318 0.2200222 -0.7656918 -0.5632235 -0.3106369 -0.7656225 -0.5633491 -0.3105804 -0.7656138 -0.563367 -0.3105695 -0.852411 -0.4410711 0.2808055 -0.8525793 -0.4407345 0.2808234 -0.8526251 -0.4406065 0.2808851 0.1574807 -0.9787897 -0.1310366 0.4652411 -0.3691779 0.8045238 0.4654575 -0.369148 0.8044124 0.4651026 -0.3693006 0.8045474 0.8953669 -0.0542621 -0.4420109 0.4134427 0.5293319 0.7408595 0.4363666 0.7729563 0.4605678 0.4369094 0.7729726 0.4600256 0.4369939 0.7729473 0.4599879 -0.5845004 0.6082455 0.5370259 0.8295272 -0.02840411 0.5577436 0.7588132 0.5556736 -0.339749 0.7585321 0.5558567 -0.3400771 0.7586201 0.5558255 -0.3399318 -0.02700906 0.6558314 0.7544241 -0.0268619 0.6559618 0.754316 -0.02698379 0.6558704 0.7543911 -0.2164515 -0.9196279 0.3277704 0.7115862 -0.7016306 0.03687465 0.6402317 -0.4798733 0.5998542 0.6402097 -0.4799011 0.5998554 0.6402894 -0.4797853 0.5998631 0.7252312 0.6200688 0.2992566 0.725223 0.6200869 0.2992388 0.7252404 0.6198983 0.2995874 -0.389679 0.225408 0.8929398 -0.3896943 0.2252154 0.8929818 -0.389825 0.2258877 0.8927549 -0.1908679 -0.1306353 0.9728843 -0.1905921 -0.1307123 0.9729281 -0.1912937 -0.1307662 0.9727831 -0.08796441 -0.9956083 -0.03203725 -0.08798992 -0.9956083 -0.03196674 -0.08800363 -0.9956131 -0.03177887 0.546431 -0.1159076 0.8294448 0.155946 0.8165796 0.5557686 0.1559399 0.8165332 0.5558384 0.1559394 0.8166218 0.5557084 -0.8129159 0.3151221 -0.4897611 -0.8127295 0.3151717 -0.4900386 -0.8125804 0.3150199 -0.4903832 -0.8087674 0.5681527 0.1519799 -0.8087393 0.5683008 0.1515756 -0.8087692 0.5682342 0.151665 -0.8915207 -0.4519547 -0.03046244 -0.8914498 -0.4520936 -0.03047853 -0.891453 -0.4520872 -0.03047662 -0.2960757 -0.5791093 0.7595866 0.1487146 -0.8361142 -0.5280123 0.1486794 -0.8361546 -0.5279583 0.148646 -0.8363001 -0.5277372 0.5064354 -0.1863527 0.8419001 0.5065808 -0.1865961 0.8417588 0.5064725 -0.1863858 0.8418706 0.3216729 0.6970107 0.6408609 0.3220677 0.697184 0.640474 0.3218779 0.6971517 0.6406046 -0.1766473 0.9756816 -0.1297736 -0.7775368 0.5288773 0.3401843 -0.8906534 0.2401844 -0.3860673 -0.7703003 -0.4174433 0.4820567 -0.7702897 -0.4177828 0.4817796 -0.7704632 -0.4171102 0.4820847 -0.300939 -0.6821758 -0.6663873 0.1786604 -0.5086653 0.8422234 0.1787125 -0.5084859 0.8423206 0.1786585 -0.5088461 0.8421146 0.855231 -0.380867 -0.3514545 0.8550767 -0.3809539 -0.3517355 0.8549779 -0.3810651 -0.3518556 0.54144 0.2552788 0.8010465 -0.8548116 0.2225616 0.4687893 -0.7143028 -0.5743868 -0.3998142 -0.7141307 -0.5744344 -0.4000531 -0.7141495 -0.574437 -0.4000158 0.157195 -0.2090086 0.9651969 0.1573976 -0.2091028 0.9651435 0.1570804 -0.2090008 0.9652173 0.7386571 0.00909692 -0.6740201 0.7387967 0.008832514 -0.6738706 0.7390878 0.008657932 -0.6735535 -0.3066181 -0.5295659 0.7909143 0.3329162 -0.7939571 -0.5087229 0.3326981 -0.7937992 -0.5091119 0.3325109 -0.7937923 -0.5092449 0.02502918 0.4635726 0.8857054 -0.1138638 0.7146803 0.6901212 -0.1140077 0.7145649 0.6902168 -0.1137927 0.7148577 0.689949 -0.8398978 0.2996327 -0.4525395 -0.1902098 -0.6349653 0.7487586 -0.1902312 -0.635228 0.7485302 -0.1901997 -0.6349948 0.7487361 0.5744784 -0.7397131 -0.3504272 0.389483 0.1762567 0.9040114 0.3897577 0.1762843 0.9038876 0.390233 0.1766059 0.9036197 -0.155308 0.9856371 -0.06632393 -0.1554479 0.985591 -0.06668251 -0.1554369 0.9856059 -0.06648617 -0.8875285 0.2907948 0.3573954 -0.560079 -0.8275088 0.03925573 0.5947719 -0.5089001 0.622308 0.594891 -0.5088657 0.6222223 0.5943575 -0.5088254 0.6227647 -0.111154 0.9895185 -0.09218454 -0.1112666 0.9894651 -0.0926215 -0.1112326 0.989499 -0.0922991 -0.9210585 0.3867705 0.0453844 -0.2262496 -0.1866894 0.9560117 -0.2265092 -0.1866816 0.9559516 -0.2262809 -0.1866965 0.9560028 0.06598681 0.9145184 0.3991267 0.0659998 0.9145085 0.3991472 0.06594336 0.9145433 0.3990765 -0.8530242 0.4729855 -0.2205327 -0.8531112 0.4728848 -0.2204119 -0.8530851 0.4729117 -0.2204554 -0.1620236 0.6841636 -0.7111038 -0.5236327 -0.1655778 0.835699 0.6213274 -0.03517776 0.782761 0.7197452 0.6332814 -0.284467 0.7197304 0.633273 -0.2845232 0.719744 0.6334044 -0.2841961 -0.1139243 0.6132871 0.7816011 -0.3997149 0.9145252 0.06222403 -0.39987 0.9144936 0.06168878 -0.3998843 0.9144717 0.06192183 -0.7828484 -0.2426737 0.5729379 -0.8248506 -0.4669582 -0.3187028 0.1832122 -0.8150297 0.5496907 0.6535862 0.553506 0.5161939 -0.345996 0.9203863 0.1821424 -0.3460566 0.9203873 0.1820219 -0.3459714 0.9203085 0.1825817 -0.7189442 -0.6886674 -0.09410864 -0.7189435 -0.6886947 -0.09391456 -0.718948 -0.6886692 -0.0940681 0.5711793 -0.7982021 0.1913836 0.5711422 -0.7982197 0.1914206 0.5711926 -0.7981964 0.1913673 0.4772353 -0.4575042 0.7502908 0.4772136 -0.4579117 0.7500561 0.4772574 -0.45781 0.7500903 0.4115131 0.5191808 0.7490716 -0.2327501 -0.01129764 0.9724709 -0.4180577 -0.8203919 -0.3901089 -0.4181331 -0.8202671 -0.3902906 -0.4181458 -0.8202553 -0.3903016 0.4295206 -0.8692785 0.2446773 0.544666 0.09185135 0.833608 0.5447955 0.09192693 0.8335151 0.5449271 0.09215825 0.8334035 0.6038115 0.5856078 -0.5408099 0.6039079 0.5855703 -0.5407428 0.6040402 0.5855941 -0.5405693 -0.05690717 0.6458001 0.761383 -0.7081598 0.6734838 -0.2119657 -0.7081152 0.6735073 -0.21204 -0.7082747 0.673394 -0.211867 -0.2559813 -0.1824992 0.9492986 -0.2557558 -0.1825622 0.9493472 -0.2562899 -0.1825739 0.9492009 0.07535767 -0.8464729 -0.5270721 0.567318 -0.4926597 0.6598764 0.5675745 -0.492779 0.6595667 0.567254 -0.4926569 0.6599335 0.8036562 0.1156325 -0.5837517 -0.2864258 0.04607921 0.9569938 -0.2868467 0.0460512 0.9568691 -0.2863332 0.04612892 0.957019 -0.7244853 -0.4454962 -0.5259793 -0.7244072 -0.4454002 -0.5261681 -0.7244554 -0.4458016 -0.5257617 0.2403668 -0.8458278 0.4762342 0.2402711 -0.8463433 0.4753659 0.2404308 -0.8459321 0.4760166 -0.2403082 0.1533548 0.9585064 -0.2402648 0.1532381 0.9585358 -0.240427 0.1534962 0.9584538 -0.9752878 -0.2182466 0.03438234 -0.2121542 -0.7511073 0.6251628 -0.4740182 -0.8800389 0.02895838 0.9231483 -0.3203965 0.2124696 0.923142 -0.3204199 0.2124614 0.9231095 -0.3207142 0.2121585 0.4998418 -0.3333417 0.7994008 0.4998057 -0.3332518 0.7994607 0.499916 -0.3334127 0.7993248 0.9362955 0.3055208 -0.1732282 0.05678093 0.8636537 0.5008777 0.05661803 0.8637163 0.500788 0.05703949 0.8636547 0.5008465 -0.9923226 0.1041216 -0.066742 -0.1838341 -0.6908526 0.6992337 0.8139182 -0.5511333 0.1838183 0.8137974 -0.5514657 0.183356 0.8138515 -0.5513558 0.1834468 0.9195249 0.2873588 -0.2681397 0.9194576 0.2872693 -0.2684661 0.9193452 0.2873633 -0.2687504 -0.5071711 -0.3459441 0.7893671 -0.5074812 -0.3457561 0.7892501 -0.5074233 -0.3458171 0.7892605 -0.05283343 -0.8825774 -0.4671896 0.3677721 -0.641056 0.6736401 0.3676346 -0.641294 0.6734886 0.3677452 -0.641161 0.6735548 0.7475501 -0.0723325 -0.6602552 -0.02021759 0.7469837 0.6645349 -0.9520943 -0.1580886 0.2617717 -0.9522223 -0.1576331 0.2615812 -0.9522257 -0.1576086 0.2615832 -0.6169857 -0.03679776 0.7861136 -0.6170036 -0.03670454 0.786104 -0.6172671 -0.03638988 0.7859116 -0.4316909 -0.9016566 -0.02566313 0.004384756 -0.6354044 0.7721671 -0.1497057 0.1922709 0.9698558 -0.1499091 0.1930283 0.9696739 -0.1498172 0.1923789 0.9698171 0.3216321 0.9354894 -0.1463301 0.3216657 0.9354759 -0.1463428 0.3216571 0.9354792 -0.1463398 0.5582559 -0.7922579 -0.2463289 0.8594701 -0.07385772 0.5058224 0.4727034 0.113209 0.8739196 0.1972216 0.3681336 -0.9086151 0.197284 0.3679093 -0.9086924 0.197288 0.3679038 -0.9086937 -0.7217891 0.6664711 0.1866459 -0.7216355 0.6667072 0.1863969 -0.7217506 0.6665566 0.1864899 -0.8206799 0.1663033 -0.5466515 -0.8206856 0.1665844 -0.5465574 -0.8208104 0.1668617 -0.5462853 -0.8014494 -0.4278862 0.4178424 -0.1841746 -0.8273876 -0.5305746 0.1662754 -0.9771457 0.1324345 0.1662241 -0.9772441 0.131771 0.1663111 -0.9771556 0.132316 0.6309889 -0.4511645 -0.6311131 -0.3413136 0.6036575 -0.7204877 -0.3412094 0.6034897 -0.7206777 -0.3412439 0.6035115 -0.7206431 -0.9120417 0.1065663 0.3960097 -0.9121345 0.1065176 0.3958089 -0.9120064 0.1066133 0.3960783 -0.3617314 -0.5411275 -0.7591651 0.3608547 -0.3042343 -0.8816039 0.3608675 -0.3042359 -0.8815982 0.3610256 -0.3042243 -0.8815374 0.7025213 0.5887709 0.3997658 0.07056134 0.6808059 -0.7290573 0.07057398 0.6808255 -0.7290378 0.07061129 0.6809509 -0.728917 -0.2708923 -0.02998787 -0.9621425 -0.08769077 -0.9955145 -0.0355153 0.2697778 -0.288716 -0.9186202 0.9659104 -0.2003743 0.1639119 0.9659917 -0.2002809 0.1635469 0.965928 -0.2003359 0.1638556 0.3400159 0.9023951 -0.2647114 0.4895769 0.03997212 -0.8710435 -0.2332447 -0.5068929 0.8298533 0.2187983 -0.2227123 -0.950014 0.7422908 0.495764 0.4508022 0.2379658 0.7868773 -0.5693826 0.2380081 0.7867692 -0.5695142 0.238056 0.7867208 -0.5695611 -0.1782867 0.972393 0.1505514 -0.1783025 0.972373 0.1506625 -0.1782867 0.9723927 0.1505532 -0.8340515 0.5329027 -0.1427334 -0.3410539 -0.4056299 -0.8480252 -0.3408809 -0.4053958 -0.8482067 -0.3408975 -0.4054508 -0.8481737 0.1040388 -0.9787439 -0.1767382 0.1040459 -0.9787454 -0.1767258 0.1039595 -0.978679 -0.1771437 0.2224364 -0.666422 -0.7116207 0.2224932 -0.6658963 -0.7120948 0.2225409 -0.6660694 -0.7119179 0.8499122 -0.002590775 0.5269181 0.8500083 -0.002604782 0.526763 0.8501966 -0.002440392 0.5264598 0.7078928 0.3132506 -0.6330576 0.7078347 0.3130733 -0.6332104 0.7078493 0.3129681 -0.633246 0.1549839 0.7581745 0.6333652 0.154861 0.7581387 0.6334381 0.1552025 0.7583563 0.633094 -0.2906306 0.7665464 -0.5726609 -0.2906306 0.7665538 -0.5726509 -0.290704 0.7666866 -0.572436 -0.7908007 0.5167654 0.328006 -0.8082006 -0.3395483 -0.4811641 0.278724 -0.9079888 0.3128411 0.7936398 -0.2019761 -0.5738828 0.7935349 -0.2022957 -0.5739154 0.7935531 -0.2027177 -0.5737412 0.6112074 0.327714 0.7204368 0.08027052 0.4813179 -0.8728631 -0.4118535 0.9072798 0.08497202 -0.7241318 0.2946381 -0.6235557 -0.7240645 0.2946088 -0.6236475 -0.7243252 0.2945947 -0.6233515 -0.7044619 -0.2809872 0.6517512 -0.06821447 -0.6078556 -0.7911121 0.4106962 -0.06347912 -0.9095599 -0.9261682 0.3767132 0.01731157 -0.9261629 0.3767207 0.01743578 -0.9261645 0.3767201 0.01736319 -0.5338048 -0.8210819 -0.202181 -0.5339301 -0.8209854 -0.2022415 -0.5342 -0.8208209 -0.2021967 0.5770339 -0.743521 -0.3379476 0.6968743 0.2304506 -0.6791604 0.8234647 0.5567463 0.1092681 -0.1178029 0.9772579 -0.1763226 -0.426856 0.0481947 -0.9030345 -0.4109637 -0.7156233 0.5647939 -0.410751 -0.7156443 0.5649221 -0.4111744 -0.7156944 0.5645503 0.2006163 -0.4927852 -0.8467088 0.2006607 -0.4922802 -0.846992 0.2006825 -0.4923729 -0.846933 0.7569146 -0.6172571 0.2146487 0.7569832 -0.6173346 0.214183 0.7569775 -0.6172398 0.2144766 0.926329 0.3766544 0.006790518 0.918188 0.326021 0.2250361 0.9182958 0.3260724 0.2245215 0.9182131 0.3261203 0.2247896 -0.0132268 0.8564572 -0.5160487 -0.01319658 0.8563514 -0.5162249 -0.01338118 0.8565629 -0.5158693 -0.9135919 0.3842525 0.1330414 -0.913739 0.3840087 0.1327343 -0.9134726 0.3845298 0.1330594 -0.6025976 -0.198689 -0.7729159 -0.6025989 -0.1986886 -0.772915 -0.60277 -0.1987106 -0.7727758 -0.6502572 -0.7380114 0.180291 -0.6500645 -0.7381098 0.1805828 -0.6503553 -0.7379996 0.1799852 0.01448947 -0.9578367 -0.2869476 0.4254162 -0.6702176 0.6081359 0.7960899 -0.4521262 -0.4022724 0.8911819 0.3230292 0.3185077 0.8912871 0.3228904 0.318354 0.891211 0.3230025 0.3184531 0.8061282 0.5219852 -0.2787273 0.8061679 0.5218347 -0.2788944 0.8062149 0.5217426 -0.278931 0.032664 0.8572601 0.5138466 -0.5900707 0.2132423 -0.7786811 -0.909247 -0.4129787 0.05214083 -0.1139698 -0.954274 -0.276355 0.0304169 -0.9923366 0.1197614 0.878121 -0.4695168 0.0919649 0.609418 -0.05804556 -0.7907215 0.6091606 -0.05854928 -0.7908827 0.6092618 -0.0590316 -0.7907689 0.7694753 0.5618061 0.3037793 -0.08226156 0.5470439 -0.8330523 -0.08257436 0.5469152 -0.8331059 -0.08248692 0.5469761 -0.8330745 -0.08109009 -0.8134937 -0.5758928 0.8939872 -0.2934847 0.3386055 0.893899 -0.2935898 0.3387471 0.893946 -0.2935227 0.3386814 -0.3694632 0.8436157 0.3896278 -0.6176119 0.1717714 -0.7674961 -0.6149936 -0.4695295 0.6335022 -0.6148676 -0.4696225 0.6335555 -0.6153292 -0.4694704 0.6332201 0.2459755 -0.4711432 -0.8470657 0.2459274 -0.4711207 -0.8470922 0.2461378 -0.4711578 -0.8470103 0.9552611 -0.2926155 -0.04304301 0.9552955 -0.2924824 -0.04318469 0.9552402 -0.2926878 -0.04301291 0.8284294 0.4391551 -0.3476315 0.4641463 0.3128777 -0.8286591 -0.5626704 0.7943769 -0.2288395 -0.5624085 0.7945131 -0.2290106 -0.5623121 0.7945795 -0.2290169 -0.3179111 0.8557832 0.4081273 -0.9818865 0.1880646 0.02303999 -0.9818827 0.1880888 0.02299803 -0.9818825 0.1881163 0.02278077 -0.5382705 -0.2711748 -0.7979531 -0.5381693 -0.2708607 -0.7981281 -0.5382793 -0.2705584 -0.7981563 0.3895776 -0.5457666 0.7418681 0.389963 -0.5457829 0.7416535 0.3893059 -0.5459696 0.7418613 0.3804082 0.04957336 -0.9234892 0.5008854 0.6316024 0.5917704 -0.1293802 0.3719843 -0.9191782 -0.8766888 0.1625087 0.4527778 -0.8766781 0.1624591 0.4528166 -0.8768423 0.1627298 0.4524012 -0.2779772 -0.3049723 -0.9108901 -0.2778915 -0.3048409 -0.9109602 -0.2778635 -0.3047277 -0.9110066 0.411127 -0.4634207 -0.7849941 0.4110217 -0.4637023 -0.784883 0.4111082 -0.4640601 -0.7846264 0.2773422 0.4186871 0.8647442 0.2775661 0.4191355 0.8644551 0.2773346 0.4184519 0.8648604 -0.4364529 0.2878579 -0.8524359 -0.961827 -0.2581594 -0.09078925 -0.9617315 -0.2583721 -0.09119409 -0.961907 -0.2578991 -0.09068107 -0.6800981 -0.3857887 -0.6234049 0.2392176 -0.8464754 0.4756621 0.2391936 -0.8465112 0.4756106 0.2392153 -0.8466249 0.4753972 0.9969057 0.04042375 0.06741672 0.4430684 0.8779577 -0.1813303 0.4430426 0.878024 -0.1810721 0.4430369 0.8780038 -0.1811839 0.4734933 0.8721174 -0.1233515 0.4734895 0.8721442 -0.1231757 0.4734874 0.8721158 -0.123385 -0.6006032 0.7779096 -0.1847501 -0.60061 0.7779106 -0.1847236 -0.6006201 0.7779228 -0.184639 -0.3135533 0.213021 -0.9253682 -0.8146843 -0.5143868 0.2677606 -0.2223825 -0.3660636 -0.9036279 0.5373888 -0.2108822 -0.8165428 0.537021 -0.210676 -0.8168379 0.5369694 -0.2106647 -0.8168748 0.2613687 0.593975 -0.7608418 0.2616377 0.593859 -0.7608399 0.2618865 0.5939676 -0.7606695 -0.5059978 0.7603318 0.4072615 -0.5060211 0.7602885 0.4073132 -0.5059833 0.760446 0.4070663 -0.5632361 0.01084214 -0.826225 -0.5632353 0.01107263 -0.8262225 -0.5634177 0.01136982 -0.826094 0.07504725 0.7455509 0.6622098 -0.5042387 0.7335171 -0.4557367 -0.5042366 0.733513 -0.4557458 -0.504361 0.7335892 -0.4554854 -0.7980684 0.01148271 0.6024575 -0.7980844 0.01150071 0.6024359 -0.7982794 0.01156711 0.6021762 -0.307013 -0.2102455 -0.9281917 -0.1644183 -0.9789541 0.1208954 0.3807699 -0.6323392 -0.6746566 0.9432443 0.1880021 0.2737618 0.3049644 0.9383959 -0.162511 0.3048884 0.9384585 -0.1622928 0.3049057 0.9384382 -0.1623769 -0.0208168 0.6066737 -0.7946783 -0.5933735 0.7999608 0.08927887 -0.5934614 0.7998874 0.08935213 -0.5933061 0.8000316 0.08909291 -0.5620869 -0.001117408 -0.8270774 0.7629077 -0.07537454 -0.6420986 0.0317713 0.9504373 0.3092889 -0.03204673 -0.1891763 -0.98142 0.1057252 -0.3448559 -0.9326825 0.9782754 -0.051126 0.2009065 -0.8056334 -0.1729911 0.5665942 0.2804237 0.3319734 -0.9006421 -0.04505467 0.3087952 -0.9500609</float_array>
          <technique_common>
            <accessor source="#Part__Feature006_003-mesh-normals-array" count="1174" stride="3">
              <param name="X" type="float"/>
              <param name="Y" type="float"/>
              <param name="Z" type="float"/>
            </accessor>
          </technique_common>
        </source>
        <vertices id="Part__Feature006_003-mesh-vertices">
          <input semantic="POSITION" source="#Part__Feature006_003-mesh-positions"/>
        </vertices>
        <triangles material="Part__Feature006_003-material" count="636">
          <input semantic="VERTEX" source="#Part__Feature006_003-mesh-vertices" offset="0"/>
          <input semantic="NORMAL" source="#Part__Feature006_003-mesh-normals" offset="1"/>
          <p>3 0 21 0 25 0 3 1 0 1 21 1 6 2 1 2 0 2 6 3 0 3 3 3 7 4 4 5 2 6 2 7 1 7 6 7 7 8 2 8 6 8 5 9 4 10 7 11 11 12 5 13 7 14 8 15 5 15 11 15 14 16 10 16 9 16 14 17 9 17 13 17 15 18 12 18 10 18 15 19 10 19 14 19 13 20 9 20 8 20 18 21 16 21 12 21 17 22 14 22 13 22 15 23 14 23 17 23 15 24 18 24 12 24 19 25 18 25 15 25 20 26 15 26 17 26 20 27 19 27 15 27 22 28 16 28 18 28 19 29 22 29 18 29 21 30 16 30 22 30 23 31 19 31 20 31 23 32 20 32 17 32 24 33 22 33 19 33 23 34 24 34 19 34 25 35 21 36 22 37 25 38 22 38 24 38 52 39 28 39 49 39 29 40 49 40 28 40 29 41 26 41 49 41 32 42 27 43 26 44 29 45 32 46 26 47 33 48 31 48 30 48 27 49 33 50 30 51 34 52 31 52 33 52 32 53 33 53 27 53 36 54 31 54 34 54 41 55 37 55 35 55 35 56 31 56 36 56 39 57 41 57 35 57 41 58 38 58 37 58 42 59 38 59 41 59 44 60 41 60 39 60 43 61 40 61 38 61 44 62 42 63 41 64 43 65 38 65 42 65 46 66 42 67 44 68 45 69 44 69 39 69 48 70 42 70 46 70 48 71 43 71 42 71 45 72 46 72 44 72 50 73 43 73 48 73 50 74 47 74 43 74 45 75 51 75 46 75 51 76 48 77 46 78 52 79 49 79 47 79 51 80 50 80 48 80 52 81 47 82 50 83 52 84 50 85 51 86 59 87 58 88 57 89 65 90 21 90 0 90 61 91 0 91 1 91 61 92 65 92 0 92 61 93 1 93 2 93 61 94 2 94 4 94 62 95 61 95 4 95 62 96 4 96 5 96 62 97 5 97 8 97 63 98 62 98 8 98 63 99 8 99 9 99 63 100 9 100 10 100 64 101 63 101 10 101 64 102 10 102 12 102 64 103 12 103 16 103 65 104 64 104 16 104 65 105 16 105 21 105 27 106 7 106 6 106 26 107 27 107 6 107 26 108 6 108 3 108 49 109 26 109 3 109 49 110 3 110 25 110 47 111 49 112 25 113 47 114 25 114 24 114 43 115 47 115 24 115 43 116 24 116 23 116 40 117 43 117 23 117 38 118 40 118 23 118 38 119 23 119 17 119 37 120 38 120 17 120 37 121 17 121 13 121 35 122 37 122 13 122 31 123 35 123 13 123 31 124 13 124 8 124 31 125 8 126 11 127 30 128 31 128 11 128 30 129 11 129 7 129 27 130 30 130 7 130 69 131 52 131 51 131 66 132 69 132 51 132 66 133 51 133 45 133 66 134 45 134 39 134 67 135 66 135 39 135 67 136 39 136 35 136 67 137 35 137 36 137 67 138 36 139 34 140 68 141 67 142 34 143 68 144 34 144 33 144 68 145 33 145 32 145 68 146 32 146 29 146 69 147 29 147 28 147 69 148 68 148 29 148 69 149 28 149 52 149 304 150 303 150 185 150 304 151 183 151 303 151 182 152 183 152 304 152 70 153 71 153 288 153 70 154 288 154 73 154 67 155 54 155 66 155 54 156 53 157 66 158 67 159 55 159 54 159 66 160 53 160 69 160 53 161 287 161 69 161 67 162 68 162 55 162 55 163 68 164 319 165 287 166 68 166 69 166 319 167 68 167 287 167 302 168 63 168 64 168 60 169 63 169 302 169 56 170 302 171 64 172 60 173 62 173 63 173 59 174 62 174 60 174 56 175 64 175 65 175 65 176 57 176 56 176 61 177 62 177 59 177 61 178 59 178 57 178 61 179 57 179 65 179 181 180 302 181 56 182 301 183 58 183 59 183 176 184 57 185 58 186 180 187 57 187 176 187 180 188 181 188 57 188 180 189 302 189 181 189 179 190 302 191 180 192 179 193 59 193 302 193 178 194 59 194 179 194 178 195 301 196 59 197 177 198 301 198 178 198 177 199 176 199 301 199 172 200 177 200 173 200 172 201 171 202 177 203 170 204 300 205 171 206 169 207 300 208 170 209 169 210 299 211 300 212 168 213 299 214 169 215 168 216 167 216 299 216 165 217 170 217 166 217 164 218 170 219 165 220 164 221 163 222 170 223 162 224 168 225 163 226 161 227 168 227 162 227 161 228 166 229 168 230 160 231 166 232 161 233 160 234 165 234 166 234 159 235 165 236 160 237 159 238 164 239 165 240 158 241 164 242 159 243 157 244 164 244 158 244 157 245 162 245 164 245 157 246 161 246 162 246 156 247 161 247 157 247 156 248 155 249 161 250 154 251 158 251 159 251 153 252 158 252 154 252 152 253 156 253 153 253 151 254 156 255 152 256 151 257 150 257 156 257 149 258 154 258 150 258 148 259 154 259 149 259 148 260 298 260 154 260 147 261 298 262 148 263 147 264 146 265 298 266 141 267 145 268 146 269 144 270 149 271 145 272 144 273 148 274 149 275 143 276 148 277 144 278 143 279 147 279 148 279 142 280 147 280 143 280 142 281 141 281 147 281 136 282 135 283 142 284 133 285 138 286 134 287 133 288 132 288 138 288 131 289 297 289 132 289 130 290 297 290 131 290 130 291 129 292 297 293 128 294 296 295 129 296 128 297 127 298 296 299 126 300 131 301 127 302 125 303 131 304 126 305 125 306 130 307 131 308 125 309 124 310 130 311 122 312 128 313 123 314 122 315 127 316 128 317 121 318 127 319 122 320 121 321 120 321 127 321 113 322 118 323 119 324 114 325 113 326 115 327 112 328 117 328 113 328 111 329 117 329 112 329 111 330 295 330 117 330 110 331 295 332 111 333 110 334 109 334 295 334 104 335 114 336 109 337 108 338 114 339 104 340 102 341 111 341 108 341 107 342 111 342 102 342 107 343 106 343 111 343 96 344 107 345 102 346 101 347 107 347 96 347 101 348 100 348 107 348 99 349 98 349 100 349 95 350 99 350 101 350 94 351 98 352 99 353 94 354 97 354 98 354 93 355 97 356 94 357 93 358 294 359 97 360 92 361 294 362 93 363 92 364 95 364 294 364 87 365 95 365 92 365 91 366 95 366 87 366 91 367 293 368 95 369 90 370 293 371 91 372 89 373 293 374 90 375 89 376 93 376 293 376 88 377 93 377 89 377 88 378 92 378 93 378 87 379 92 380 88 381 86 382 85 383 87 384 84 385 90 385 85 385 84 386 89 386 90 386 83 387 89 387 84 387 81 388 86 389 82 390 80 391 86 391 81 391 78 392 292 393 79 394 77 395 292 395 78 395 76 396 292 397 77 398 76 399 81 400 292 401 75 402 81 402 76 402 75 403 80 403 81 403 74 404 80 405 75 406 289 407 78 407 74 407 289 408 77 408 78 408 73 409 77 410 289 411 70 412 289 413 290 414 73 415 289 415 70 415 290 416 71 416 70 416 290 417 291 417 71 417 71 418 291 418 72 418 73 419 291 419 77 419 72 420 291 420 73 420 176 421 58 422 301 423 175 424 180 425 176 426 174 427 180 427 175 427 174 428 179 429 180 430 173 431 179 431 174 431 173 432 178 433 179 434 177 435 178 436 173 437 171 438 176 439 177 440 171 441 175 441 176 441 300 442 175 443 171 444 300 445 174 446 175 447 299 448 174 449 300 450 299 451 173 451 174 451 299 452 172 453 173 454 167 455 172 456 299 457 166 458 172 459 167 460 166 461 171 462 172 463 170 464 171 464 166 464 163 465 169 466 170 467 163 468 168 469 169 470 166 471 167 472 168 473 164 474 162 474 163 474 155 475 160 476 161 477 159 478 160 479 155 480 153 481 157 482 158 483 156 484 157 484 153 484 150 485 155 485 156 485 150 486 159 487 155 488 154 489 159 490 150 491 298 492 153 492 154 492 298 493 152 493 153 493 146 494 152 494 298 494 146 495 151 495 152 495 145 496 151 497 146 498 145 499 150 499 151 499 149 500 150 501 145 502 141 503 146 504 147 505 140 506 145 507 141 508 139 509 145 509 140 509 139 510 144 511 145 512 138 513 144 513 139 513 138 514 143 515 144 516 137 517 143 518 138 519 142 520 143 521 137 522 135 523 141 524 142 525 135 526 140 526 141 526 134 527 140 527 135 527 134 528 139 528 140 528 134 529 138 529 139 529 132 530 137 530 138 530 132 531 142 531 137 531 132 532 136 532 142 532 297 533 136 534 132 535 297 536 135 537 136 538 129 539 135 540 297 541 129 542 134 543 135 544 296 545 134 545 129 545 296 546 133 546 134 546 127 547 133 548 296 549 127 550 132 550 133 550 131 551 132 552 127 553 124 554 129 554 130 554 123 555 129 555 124 555 123 556 128 556 129 556 120 557 126 557 127 557 120 558 125 559 126 560 119 561 125 562 120 563 119 564 124 565 125 566 118 567 123 567 119 567 119 568 123 569 124 570 118 571 122 572 123 573 117 574 122 575 118 576 117 577 121 577 122 577 116 578 121 579 117 580 116 581 120 581 121 581 115 582 120 582 116 582 115 583 119 583 120 583 113 584 119 585 115 586 117 587 118 588 113 589 295 590 116 590 117 590 109 591 116 591 295 591 109 592 115 592 116 592 109 593 114 593 115 593 108 594 113 594 114 594 108 595 112 595 113 595 111 596 112 597 108 598 106 599 110 599 111 599 105 600 110 600 106 600 105 601 109 601 110 601 105 602 104 603 109 604 103 605 108 605 104 605 103 606 102 607 108 608 100 609 106 610 107 611 100 612 105 612 106 612 100 613 104 614 105 615 98 616 104 616 100 616 98 617 103 618 104 619 97 620 103 620 98 620 97 621 102 622 103 623 96 624 102 625 97 626 99 627 100 628 101 629 294 630 96 630 97 630 294 631 101 631 96 631 294 632 95 633 101 634 293 635 99 635 95 635 293 636 94 636 99 636 93 637 94 638 293 639 85 640 91 640 87 640 85 641 90 642 91 643 83 644 88 645 89 646 82 647 88 647 83 647 82 648 87 649 88 650 86 651 87 652 82 653 80 654 85 655 86 656 80 657 84 658 85 659 79 660 84 660 80 660 79 661 83 662 84 663 292 664 83 664 79 664 292 665 82 666 83 667 81 668 82 669 292 670 74 671 79 671 80 671 74 672 78 673 79 674 291 675 76 675 77 675 291 676 75 677 76 678 290 679 75 679 291 679 290 680 74 680 75 680 71 681 72 682 288 683 57 684 181 684 56 684 72 685 73 685 288 685 302 686 59 686 60 686 289 687 74 687 290 687 317 688 53 688 54 688 286 689 53 690 317 691 286 692 287 693 53 694 286 695 319 696 287 697 282 698 319 699 286 700 285 701 319 701 282 701 285 702 318 703 319 704 284 705 318 705 285 705 284 706 317 706 318 706 283 707 317 708 284 709 286 710 317 710 283 710 281 711 284 711 285 711 280 712 284 713 281 714 280 715 279 716 284 717 277 718 316 718 278 718 276 719 316 719 277 719 276 720 281 721 316 722 280 723 281 724 276 725 275 726 274 727 280 728 273 729 277 730 274 731 272 732 277 733 273 734 272 735 271 735 277 735 270 736 275 737 271 738 270 739 274 740 275 741 269 742 274 743 270 744 268 745 274 746 269 747 268 748 315 748 274 748 267 749 315 750 268 751 267 752 266 753 315 754 261 755 270 756 266 757 265 758 270 758 261 758 265 759 269 759 270 759 264 760 269 760 265 760 264 761 268 762 269 763 263 764 268 764 264 764 263 765 267 766 268 767 262 768 267 769 263 770 262 771 261 771 267 771 260 772 264 772 265 772 259 773 264 774 260 775 258 776 262 777 259 778 257 779 262 780 258 781 255 782 314 782 260 782 254 783 314 784 255 785 249 786 313 786 250 786 248 787 313 788 249 789 247 790 313 790 248 790 246 791 251 792 247 793 245 794 251 794 246 794 245 795 249 796 251 797 244 798 248 799 249 800 244 801 243 801 248 801 242 802 246 802 243 802 241 803 246 804 242 805 239 806 244 807 240 808 238 809 244 809 239 809 238 810 237 811 244 812 234 813 239 814 235 815 234 816 233 817 239 818 228 819 234 819 229 819 228 820 227 820 234 820 225 821 312 821 226 821 224 822 312 823 225 824 224 825 228 825 312 825 223 826 228 827 224 828 223 829 227 829 228 829 222 830 227 830 223 830 222 831 221 831 227 831 220 832 224 832 225 832 219 833 224 834 220 835 217 836 222 837 218 838 216 839 222 840 217 841 216 842 311 843 222 844 216 845 215 845 311 845 213 846 217 846 214 846 212 847 217 848 213 849 212 850 211 850 217 850 210 851 310 852 211 853 209 854 310 855 210 856 209 857 214 857 310 857 208 858 214 859 209 860 207 861 212 862 208 863 206 864 212 864 207 864 206 865 210 866 212 867 205 868 210 868 206 868 204 869 309 870 209 871 203 872 309 873 204 874 202 875 206 876 203 877 199 878 308 879 200 880 198 881 308 881 199 881 197 882 308 882 198 882 197 883 202 883 308 883 197 884 201 885 202 886 196 887 201 888 197 889 195 890 201 890 196 890 195 891 194 892 201 893 193 894 198 894 194 894 193 895 197 895 198 895 192 896 196 897 197 898 192 899 195 900 196 901 189 902 307 903 190 904 188 905 307 905 189 905 188 906 192 907 307 908 187 909 192 909 188 909 186 910 306 910 187 910 185 911 189 912 186 913 186 914 189 915 306 916 184 917 189 917 185 917 184 918 188 918 189 918 182 919 304 920 305 921 305 922 183 923 182 924 303 925 188 925 184 925 183 926 188 926 303 926 305 927 188 927 183 927 279 928 283 929 284 930 279 931 286 932 283 933 278 934 286 935 279 936 278 937 282 937 286 937 316 938 282 938 278 938 316 939 285 940 282 941 316 942 281 942 285 942 274 943 279 944 280 945 274 946 278 947 279 948 277 949 278 949 274 949 271 950 276 951 277 952 271 953 280 953 276 953 275 954 280 955 271 956 315 957 273 957 274 957 315 958 272 958 273 958 266 959 272 959 315 959 266 960 271 961 272 962 270 963 271 963 266 963 261 964 266 964 267 964 259 965 263 965 264 965 262 966 263 966 259 966 257 967 261 967 262 967 256 968 261 969 257 970 256 971 265 972 261 973 256 974 260 974 265 974 314 975 259 976 260 977 314 978 258 979 259 980 254 981 258 982 314 983 254 984 257 985 258 986 253 987 257 988 254 989 253 990 256 991 257 992 252 993 256 994 253 995 252 996 260 996 256 996 255 997 260 997 252 997 251 998 254 998 255 998 250 999 254 1000 251 1001 250 1002 253 1002 254 1002 313 1003 253 1003 250 1003 313 1004 252 1004 253 1004 247 1005 252 1006 313 1007 247 1008 255 1008 252 1008 251 1009 255 1009 247 1009 249 1010 250 1010 251 1010 243 1011 247 1012 248 1013 246 1014 247 1015 243 1016 241 1017 245 1017 246 1017 240 1018 245 1018 241 1018 240 1019 249 1019 245 1019 240 1020 244 1020 249 1020 237 1021 243 1021 244 1021 237 1022 242 1023 243 1024 236 1025 242 1026 237 1027 236 1028 241 1029 242 1030 236 1031 240 1031 241 1031 235 1032 240 1033 236 1034 239 1035 240 1036 235 1037 233 1038 238 1039 239 1040 232 1041 238 1042 233 1043 232 1044 237 1045 238 1046 231 1047 237 1047 232 1047 231 1048 236 1048 237 1048 230 1049 236 1049 231 1049 230 1050 235 1051 236 1052 229 1053 235 1054 230 1055 229 1056 234 1056 235 1056 227 1057 233 1057 234 1057 227 1058 232 1058 233 1058 226 1059 232 1059 227 1059 226 1060 231 1060 232 1060 226 1061 230 1061 231 1061 312 1062 230 1063 226 1064 312 1065 229 1065 230 1065 228 1066 229 1067 312 1068 221 1069 226 1069 227 1069 225 1070 226 1071 221 1072 219 1073 223 1073 224 1073 218 1074 223 1074 219 1074 218 1075 222 1076 223 1077 311 1078 221 1079 222 1080 311 1081 225 1082 221 1083 311 1084 220 1084 225 1084 215 1085 220 1085 311 1085 214 1086 219 1087 215 1088 215 1089 219 1089 220 1089 214 1090 218 1091 219 1092 217 1093 218 1094 214 1095 211 1096 216 1097 217 1098 310 1099 216 1099 211 1099 310 1100 215 1100 216 1100 214 1101 215 1101 310 1101 208 1102 213 1103 214 1104 212 1105 213 1106 208 1107 210 1108 211 1109 212 1110 205 1111 209 1112 210 1113 309 1114 208 1114 209 1114 309 1115 207 1116 208 1117 203 1118 207 1118 309 1118 203 1119 206 1120 207 1121 201 1122 205 1122 206 1122 201 1123 209 1124 205 1125 200 1126 209 1127 201 1128 200 1129 204 1130 209 1131 308 1132 204 1132 200 1132 308 1133 203 1133 204 1133 202 1134 203 1134 308 1134 201 1135 206 1136 202 1137 194 1138 200 1139 201 1140 194 1141 199 1142 200 1143 198 1144 199 1145 194 1146 191 1147 194 1147 195 1147 190 1148 194 1149 191 1150 190 1151 193 1152 194 1153 307 1154 193 1154 190 1154 307 1155 197 1155 193 1155 192 1156 197 1156 307 1156 187 1157 195 1157 192 1157 187 1158 191 1159 195 1160 306 1161 191 1161 187 1161 306 1162 190 1163 191 1164 189 1165 190 1165 306 1165 305 1166 187 1166 188 1166 305 1167 186 1167 187 1167 184 1168 185 1168 303 1168 318 1169 55 1169 319 1169 55 1170 318 1170 54 1170 186 1171 304 1171 185 1171 317 1172 54 1172 318 1172 304 1173 186 1173 305 1173</p>
        </triangles>
      </mesh>
    </geometry>
    <geometry id="Part__Feature005_003-mesh" name="Part__Feature005.003">
      <mesh>
        <source id="Part__Feature005_003-mesh-positions">
          <float_array id="Part__Feature005_003-mesh-positions-array" count="24">0.01587498 0.511175 0.3048 0.669925 0.511175 0.00634998 0.01587498 0.511175 0.00634998 0.669925 0.511175 0.3048 0.669925 0.492125 0.00634998 0.669925 0.492125 0.3048 0.01587498 0.492125 0.00634998 0.01587498 0.492125 0.3048</float_array>
          <technique_common>
            <accessor source="#Part__Feature005_003-mesh-positions-array" count="8" stride="3">
              <param name="X" type="float"/>
              <param name="Y" type="float"/>
              <param name="Z" type="float"/>
            </accessor>
          </technique_common>
        </source>
        <source id="Part__Feature005_003-mesh-normals">
          <float_array id="Part__Feature005_003-mesh-normals-array" count="18">0 1 0 1 0 0 0 -1 0 -1 0 0 0 0 1 0 0 -1</float_array>
          <technique_common>
            <accessor source="#Part__Feature005_003-mesh-normals-array" count="6" stride="3">
              <param name="X" type="float"/>
              <param name="Y" type="float"/>
              <param name="Z" type="float"/>
            </accessor>
          </technique_common>
        </source>
        <vertices id="Part__Feature005_003-mesh-vertices">
          <input semantic="POSITION" source="#Part__Feature005_003-mesh-positions"/>
        </vertices>
        <triangles material="Part__Feature005_003-material" count="12">
          <input semantic="VERTEX" source="#Part__Feature005_003-mesh-vertices" offset="0"/>
          <input semantic="NORMAL" source="#Part__Feature005_003-mesh-normals" offset="1"/>
          <p>0 0 1 0 2 0 0 0 3 0 1 0 3 1 4 1 1 1 3 1 5 1 4 1 5 2 6 2 4 2 5 2 7 2 6 2 7 3 2 3 6 3 7 3 0 3 2 3 3 4 0 4 7 4 3 4 7 4 5 4 2 5 4 5 6 5 2 5 1 5 4 5</p>
        </triangles>
      </mesh>
    </geometry>
    <geometry id="Part__Feature004_003-mesh" name="Part__Feature004.003">
      <mesh>
        <source id="Part__Feature004_003-mesh-positions">
          <float_array id="Part__Feature004_003-mesh-positions-array" count="24">0.00793749 0.00793749 0.00634998 0.00793749 0.9064625 0.00317496 0.00793749 0.00793749 0.00317496 0.00793749 0.9064625 0.00634998 0.6778625 0.9064625 0.00634998 0.6778625 0.9064625 0.00317496 0.6778625 0.00793749 0.00317496 0.6778625 0.00793749 0.00634998</float_array>
          <technique_common>
            <accessor source="#Part__Feature004_003-mesh-positions-array" count="8" stride="3">
              <param name="X" type="float"/>
              <param name="Y" type="float"/>
              <param name="Z" type="float"/>
            </accessor>
          </technique_common>
        </source>
        <source id="Part__Feature004_003-mesh-normals">
          <float_array id="Part__Feature004_003-mesh-normals-array" count="18">-1 0 0 0 1 0 1 0 0 0 -1 0 0 0 1 0 0 -1</float_array>
          <technique_common>
            <accessor source="#Part__Feature004_003-mesh-normals-array" count="6" stride="3">
              <param name="X" type="float"/>
              <param name="Y" type="float"/>
              <param name="Z" type="float"/>
            </accessor>
          </technique_common>
        </source>
        <vertices id="Part__Feature004_003-mesh-vertices">
          <input semantic="POSITION" source="#Part__Feature004_003-mesh-positions"/>
        </vertices>
        <triangles material="Part__Feature004_003-material" count="12">
          <input semantic="VERTEX" source="#Part__Feature004_003-mesh-vertices" offset="0"/>
          <input semantic="NORMAL" source="#Part__Feature004_003-mesh-normals" offset="1"/>
          <p>0 0 1 0 2 0 0 0 3 0 1 0 1 1 4 1 5 1 3 1 4 1 1 1 4 2 6 2 5 2 4 2 7 2 6 2 6 3 0 3 2 3 7 3 0 3 6 3 4 4 0 4 7 4 4 4 3 4 0 4 1 5 5 5 2 5 2 5 5 5 6 5</p>
        </triangles>
      </mesh>
    </geometry>
    <geometry id="Part__Feature003_003-mesh" name="Part__Feature003.003">
      <mesh>
        <source id="Part__Feature003_003-mesh-positions">
          <float_array id="Part__Feature003_003-mesh-positions-array" count="48">0.01587498 0.9064625 0.00634998 0.669925 0.898525 0.00634998 0.01587498 0.898525 0.00634998 0.669925 0.9064625 0.00634998 0.669925 0.9064625 0.00317496 0.01587498 0.9064625 0.00317496 0.669925 0.898525 0.00317496 0.01587498 0.898525 0.00317496 0.01587498 0.9144 0 0.01587498 0.898525 0 0.01587498 0.9144 0.3048 0.01587498 0.898525 0.3048 0.669925 0.898525 0.3048 0.669925 0.9144 0 0.669925 0.9144 0.3048 0.669925 0.898525 0</float_array>
          <technique_common>
            <accessor source="#Part__Feature003_003-mesh-positions-array" count="16" stride="3">
              <param name="X" type="float"/>
              <param name="Y" type="float"/>
              <param name="Z" type="float"/>
            </accessor>
          </technique_common>
        </source>
        <source id="Part__Feature003_003-mesh-normals">
          <float_array id="Part__Feature003_003-mesh-normals-array" count="24">0 0 -1 0 -1 0 0 0 1 -1 0 0 -1 4.69155e-7 0 0 1 0 1 0 0 1 -3.84948e-6 0</float_array>
          <technique_common>
            <accessor source="#Part__Feature003_003-mesh-normals-array" count="8" stride="3">
              <param name="X" type="float"/>
              <param name="Y" type="float"/>
              <param name="Z" type="float"/>
            </accessor>
          </technique_common>
        </source>
        <vertices id="Part__Feature003_003-mesh-vertices">
          <input semantic="POSITION" source="#Part__Feature003_003-mesh-positions"/>
        </vertices>
        <triangles material="Part__Feature003_003-material" count="28">
          <input semantic="VERTEX" source="#Part__Feature003_003-mesh-vertices" offset="0"/>
          <input semantic="NORMAL" source="#Part__Feature003_003-mesh-normals" offset="1"/>
          <p>0 0 1 0 2 0 0 0 3 0 1 0 3 1 0 1 4 1 4 1 0 1 5 1 6 2 5 2 7 2 4 2 5 2 6 2 0 3 8 3 5 3 9 3 5 3 8 3 7 3 5 3 9 3 10 4 8 4 0 4 11 3 0 3 2 3 11 3 10 3 0 3 12 1 2 1 1 1 12 1 11 1 2 1 10 5 13 5 8 5 10 5 14 5 13 5 4 6 6 6 15 6 13 6 3 6 4 6 13 6 4 6 15 6 12 6 1 6 3 6 14 6 12 6 3 6 14 7 3 7 13 7 6 1 7 1 9 1 6 1 9 1 15 1 14 2 11 2 12 2 14 2 10 2 11 2 8 0 13 0 9 0 9 0 13 0 15 0</p>
        </triangles>
      </mesh>
    </geometry>
    <geometry id="Part__Feature002_003-mesh" name="Part__Feature002.003">
      <mesh>
        <source id="Part__Feature002_003-mesh-positions">
          <float_array id="Part__Feature002_003-mesh-positions-array" count="48">0.6778625 0.9064625 0.00634998 0.669925 0.9064625 0.00634998 0.6778625 0.9064625 0.00317496 0.669925 0.9064625 0.00317496 0.669925 0.00793749 0.00634998 0.6778625 0.00793749 0.00634998 0.6778625 0.00793749 0.00317496 0.669925 0.00793749 0.00317496 0.669925 0.9144 0.3048 0.6858 0.9144 0 0.669925 0.9144 0 0.6858 0.9144 0.3048 0.6858 0 0 0.6858 0 0.3048 0.669925 0 0 0.669925 0 0.3048</float_array>
          <technique_common>
            <accessor source="#Part__Feature002_003-mesh-positions-array" count="16" stride="3">
              <param name="X" type="float"/>
              <param name="Y" type="float"/>
              <param name="Z" type="float"/>
            </accessor>
          </technique_common>
        </source>
        <source id="Part__Feature002_003-mesh-normals">
          <float_array id="Part__Feature002_003-mesh-normals-array" count="24">0 -1 0 0 0 -1 -1 0 0 0 1 0 0 0 1 1 0 0 -1 3.84948e-6 0 -1 -3.84947e-6 0</float_array>
          <technique_common>
            <accessor source="#Part__Feature002_003-mesh-normals-array" count="8" stride="3">
              <param name="X" type="float"/>
              <param name="Y" type="float"/>
              <param name="Z" type="float"/>
            </accessor>
          </technique_common>
        </source>
        <vertices id="Part__Feature002_003-mesh-vertices">
          <input semantic="POSITION" source="#Part__Feature002_003-mesh-positions"/>
        </vertices>
        <triangles material="Part__Feature002_003-material" count="28">
          <input semantic="VERTEX" source="#Part__Feature002_003-mesh-vertices" offset="0"/>
          <input semantic="NORMAL" source="#Part__Feature002_003-mesh-normals" offset="1"/>
          <p>0 0 1 0 2 0 2 0 1 0 3 0 4 1 0 1 5 1 1 1 0 1 4 1 5 2 0 2 6 2 6 2 0 2 2 2 7 3 5 3 6 3 4 3 5 3 7 3 2 4 3 4 7 4 2 4 7 4 6 4 8 3 9 3 10 3 8 3 11 3 9 3 11 5 12 5 9 5 11 5 13 5 12 5 13 0 14 0 12 0 13 0 15 0 14 0 1 2 10 2 3 2 8 6 10 6 1 6 7 2 3 2 10 2 14 2 4 2 7 2 14 2 7 2 10 2 15 2 1 2 4 2 15 7 4 7 14 7 15 2 8 2 1 2 8 4 15 4 13 4 11 4 8 4 13 4 14 1 10 1 12 1 10 1 9 1 12 1</p>
        </triangles>
      </mesh>
    </geometry>
    <geometry id="Part__Feature001_004-mesh" name="Part__Feature001.004">
      <mesh>
        <source id="Part__Feature001_004-mesh-positions">
          <float_array id="Part__Feature001_004-mesh-positions-array" count="48">0.01587498 0.9064625 0.00317496 0.00793749 0.9064625 0.00634998 0.00793749 0.9064625 0.00317496 0.01587498 0.9064625 0.00634998 0.00793749 0.00793749 0.00317496 0.01587498 0.00793749 0.00317496 0.00793749 0.00793749 0.00634998 0.01587498 0.00793749 0.00634998 0.01587498 0 0.3048 0 0 0 0.01587498 0 0 0 0 0.3048 0 0.9144 0 0 0.9144 0.3048 0.01587498 0.9144 0 0.01587498 0.9144 0.3048</float_array>
          <technique_common>
            <accessor source="#Part__Feature001_004-mesh-positions-array" count="16" stride="3">
              <param name="X" type="float"/>
              <param name="Y" type="float"/>
              <param name="Z" type="float"/>
            </accessor>
          </technique_common>
        </source>
        <source id="Part__Feature001_004-mesh-normals">
          <float_array id="Part__Feature001_004-mesh-normals-array" count="27">0 -1 0 0 0 1 1 0 0 0 1 0 0 0 -1 -1 0 0 -1 0 0 1 4.69155e-7 0 1 -4.69155e-7 0</float_array>
          <technique_common>
            <accessor source="#Part__Feature001_004-mesh-normals-array" count="9" stride="3">
              <param name="X" type="float"/>
              <param name="Y" type="float"/>
              <param name="Z" type="float"/>
            </accessor>
          </technique_common>
        </source>
        <vertices id="Part__Feature001_004-mesh-vertices">
          <input semantic="POSITION" source="#Part__Feature001_004-mesh-positions"/>
        </vertices>
        <triangles material="Part__Feature001_004-material" count="28">
          <input semantic="VERTEX" source="#Part__Feature001_004-mesh-vertices" offset="0"/>
          <input semantic="NORMAL" source="#Part__Feature001_004-mesh-normals" offset="1"/>
          <p>0 0 1 0 2 0 3 0 1 0 0 0 0 1 2 1 4 1 0 1 4 1 5 1 1 2 6 2 2 2 2 2 6 2 4 2 6 3 7 3 4 3 4 3 7 3 5 3 1 4 3 4 6 4 6 4 3 4 7 4 8 0 9 0 10 0 8 0 11 0 9 0 11 5 12 5 9 5 11 6 13 6 12 6 13 3 14 3 12 3 13 3 15 3 14 3 7 2 10 2 5 2 8 7 10 7 7 7 14 2 3 2 0 2 14 2 0 2 5 2 14 2 5 2 10 2 15 2 7 2 3 2 15 8 3 8 14 8 15 2 8 2 7 2 13 1 11 1 8 1 15 1 13 1 8 1 9 4 12 4 10 4 12 4 14 4 10 4</p>
        </triangles>
      </mesh>
    </geometry>
    <geometry id="Part__Feature_005-mesh" name="Part__Feature.005">
      <mesh>
        <source id="Part__Feature_005-mesh-positions">
          <float_array id="Part__Feature_005-mesh-positions-array" count="432">0.04127496 0 0.4572 0.04127496 0.01905 0.4572 0.04002863 0.01905 0.4571694 0.04002863 0 0.4571694 0.03878533 0.01905 0.4570777 0.03878533 0 0.4570777 0.037548 0.01905 0.4569251 0.037548 0 0.4569251 0.03631967 0.01905 0.4567119 0.03631967 0 0.4567119 0.03510326 0.01905 0.4564388 0.03510326 0 0.4564388 0.03390175 0.01905 0.4561063 0.03390175 0 0.4561063 0.032718 0.01905 0.4557152 0.032718 0 0.4557152 0.03155481 0.01905 0.4552665 0.03155481 0 0.4552665 0.03041505 0.01905 0.4547613 0.03041505 0 0.4547613 0.02930152 0.01905 0.4542008 0.02930152 0 0.4542008 0.02821677 0.01905 0.4535863 0.02821677 0 0.4535863 0.0271635 0.01905 0.4529193 0.0271635 0 0.4529193 0.0261442 0.01905 0.4522015 0.0261442 0 0.4522015 0.02516138 0.01905 0.4514345 0.02516138 0 0.4514345 0.02421736 0.01905 0.4506201 0.02421736 0 0.4506201 0.02331447 0.01905 0.4497605 0.02331447 0 0.4497605 0.02245479 0.01905 0.4488576 0.02245479 0 0.4488576 0.02164053 0.01905 0.4479136 0.02164053 0 0.4479136 0.02087348 0.01905 0.4469308 0.02087348 0 0.4469308 0.02015566 0.01905 0.4459115 0.02015566 0 0.4459115 0.01948869 0.01905 0.4448582 0.01948869 0 0.4448582 0.01887416 0.01905 0.4437735 0.01887416 0 0.4437735 0.01831364 0.01905 0.4426599 0.01831364 0 0.4426599 0.01780843 0.01905 0.4415202 0.01780843 0 0.4415202 0.01735973 0.01905 0.440357 0.01735973 0 0.440357 0.01696866 0.01905 0.4391732 0.01696866 0 0.4391732 0.01663619 0.01905 0.4379717 0.01663619 0 0.4379717 0.01636302 0.01905 0.4367553 0.01636302 0 0.4367553 0.01614987 0.01905 0.4355269 0.01614987 0 0.4355269 0.01599729 0.01905 0.4342896 0.01599729 0 0.4342896 0.01590555 0.01905 0.4330463 0.01590555 0 0.4330463 0.01587498 0.01905 0.4318 0.01587498 0 0.4318 0.644525 0.01905 0.4572 0.644525 0 0.4572 0.01587498 0 0 0.669925 0 0 0.669925 0 0.4318 0.6457713 0 0.4571694 0.6696501 0 0.4355269 0.6470146 0 0.4570777 0.6698944 0 0.4330463 0.6698027 0 0.4342896 0.648252 0 0.4569251 0.6691638 0 0.4379717 0.669437 0 0.4367553 0.6518983 0 0.4561063 0.6506967 0 0.4564388 0.6494803 0 0.4567119 0.6684402 0 0.440357 0.6688313 0 0.4391732 0.6542452 0 0.4552665 0.653082 0 0.4557152 0.6669258 0 0.4437735 0.6679915 0 0.4415202 0.6674863 0 0.4426599 0.6656443 0 0.4459115 0.6663113 0 0.4448582 0.6606386 0 0.4514345 0.6553849 0 0.4547613 0.6564985 0 0.4542008 0.6575832 0 0.4535863 0.6586365 0 0.4529193 0.6596558 0 0.4522015 0.6633452 0 0.4488576 0.6649265 0 0.4469308 0.6641595 0 0.4479136 0.6615826 0 0.4506201 0.6624855 0 0.4497605 0.6457713 0.01905 0.4571694 0.6470146 0.01905 0.4570777 0.648252 0.01905 0.4569251 0.6494803 0.01905 0.4567119 0.6506967 0.01905 0.4564388 0.6518983 0.01905 0.4561063 0.653082 0.01905 0.4557152 0.6542452 0.01905 0.4552665 0.6553849 0.01905 0.4547613 0.6564985 0.01905 0.4542008 0.6575832 0.01905 0.4535863 0.6586365 0.01905 0.4529193 0.6596558 0.01905 0.4522015 0.6606386 0.01905 0.4514345 0.6615826 0.01905 0.4506201 0.6624855 0.01905 0.4497605 0.6633452 0.01905 0.4488576 0.6641595 0.01905 0.4479136 0.6649265 0.01905 0.4469308 0.6656443 0.01905 0.4459115 0.6663113 0.01905 0.4448582 0.6669258 0.01905 0.4437735 0.6674863 0.01905 0.4426599 0.6679915 0.01905 0.4415202 0.6684402 0.01905 0.440357 0.6688313 0.01905 0.4391732 0.6691638 0.01905 0.4379717 0.669437 0.01905 0.4367553 0.6696501 0.01905 0.4355269 0.6698027 0.01905 0.4342896 0.6698944 0.01905 0.4330463 0.669925 0.01905 0.4318 0.669925 0.01905 0.00634998 0.01587498 0.01905 0.00634998 0.669925 0.00793749 0.00634998 0.669925 0.00793749 0.00317496 0.669925 0.01905 0 0.669925 0.01905 0.00317496 0.01587498 0.00793749 0.00634998 0.01587498 0.00793749 0.00317496 0.01587498 0.01905 0.00317496 0.01587498 0.01905 0</float_array>
          <technique_common>
            <accessor source="#Part__Feature_005-mesh-positions-array" count="144" stride="3">
              <param name="X" type="float"/>
              <param name="Y" type="float"/>
              <param name="Z" type="float"/>
            </accessor>
          </technique_common>
        </source>
        <source id="Part__Feature_005-mesh-normals">
          <float_array id="Part__Feature_005-mesh-normals-array" count="423">-0.02454817 0 0.9996986 -0.07356637 0 0.9972903 -0.02446979 0 0.9997006 -0.1224271 0 0.9924775 -0.1709743 0 0.9852756 -0.2190522 0 0.9757132 -0.2667354 0 0.9637698 -0.2191269 0 0.9756965 -0.3137118 0 0.9495183 -0.2666627 0 0.96379 -0.3599071 0 0.9329882 -0.4052414 0 0.9142098 -0.4495643 0 0.8932481 -0.4496268 0 0.8932165 -0.492919 0 0.8700752 -0.4928597 0 0.8701089 -0.53503 0 0.8448331 -0.534974 0 0.8448686 -0.5757654 0 0.817615 -0.5758178 0 0.8175781 -0.6152563 0 0.7883272 -0.6152076 0 0.7883653 -0.6532068 0 0.7571796 -0.6895032 0 0.7242828 -0.6895443 0 0.7242435 -0.7242285 0 0.6895602 -0.7242657 0 0.689521 -0.7571868 0 0.6531984 -0.7572203 0 0.6531596 -0.7883226 0 0.6152622 -0.7883523 0 0.6152242 -0.8175953 0 0.5757935 -0.8448476 0 0.5350071 -0.8700694 0 0.4929295 -0.84487 0 0.5349716 -0.893224 0 0.4496122 -0.8700883 0 0.4928959 -0.9142028 0 0.405257 -0.9330022 0 0.3598706 -0.9495303 0 0.3136758 -0.9637728 0 0.2667247 -0.9757025 0 0.2190998 -0.9852791 0 0.1709535 -0.9924789 0 0.122417 -0.9972904 0 0.07356697 -0.9924799 0 0.1224075 -0.9996988 0 0.0245437 -0.9972907 0 0.07356119 0 0 1 0 -1 0 0.02454787 0 0.9996987 0.07356745 0 0.9972903 0.02446949 0 0.9997006 0.1224198 0 0.9924784 0.1709833 0 0.985274 0.2190522 0 0.9757132 0.2667148 0 0.9637755 0.2191269 0 0.9756965 0.3137314 0 0.9495118 0.2666419 0 0.9637957 0.3599001 0 0.9329909 0.405253 0 0.9142046 0.4495601 0 0.8932502 0.4496226 0 0.8932187 0.4929139 0 0.8700782 0.4928545 0 0.8701118 0.5350286 0 0.844834 0.5349726 0 0.8448694 0.5757583 0 0.81762 0.5758108 0 0.817583 0.61526 0 0.7883244 0.6152112 0 0.7883625 0.6532268 0 0.7571624 0.6895114 0 0.7242749 0.6895526 0 0.7242357 0.7241934 0 0.689597 0.7242307 0 0.6895578 0.7571795 0 0.653207 0.7572129 0 0.6531682 0.7883291 0 0.6152538 0.7883588 0 0.6152158 0.8176332 0 0.5757395 0.8448274 0 0.5350391 0.8700783 0 0.4929136 0.8448498 0 0.5350036 0.8932263 0 0.4496074 0.8700973 0 0.49288 0.9142034 0 0.4052557 0.9329957 0 0.3598875 0.9495289 0 0.3136798 0.9637678 0 0.2667427 0.9757009 0 0.219107 0.9852772 0 0.1709651 0.9924809 0 0.1223994 0.9972925 0 0.07353723 0.9924821 0 0.1223899 0.9996992 0 0.02452582 0.9972929 0 0.0735315 0 1 -5.96374e-6 0 1 0 0 1 -8.57888e-7 0 1 -1.19275e-5 0 1 2.98757e-6 0 1 4.99393e-7 0 1 -2.52038e-7 0 1 2.15875e-6 0 1 -7.96381e-6 0 1 -5.02864e-7 0 1 1.59357e-5 0 1 4.77099e-5 0 1 7.27489e-7 0 1 -3.17904e-5 0 1 -4.77099e-5 0 1 8.97086e-7 0 1 -4.76372e-5 0 1 -7.42069e-7 0 1 -3.18512e-5 0 1 4.76554e-5 0 1 1.98463e-6 0 1 0 0 1 0 0 1 9.57413e-6 0 1 -1.27926e-5 0 1 1.19229e-5 0 1 -7.95469e-6 0 1 4.77042e-5 0 1 -1.19252e-5 0 1 2.86252e-7 0 1 2.58342e-6 0 1 -3.13404e-7 0 1 2.85589e-7 0 1 4.76781e-5 0 1 -1.59124e-5 0 1 -2.38538e-5 0 1 -4.77555e-5 0 1 2.28702e-6 1 0 0 1 1.14126e-5 0 0 0 -1 -1 0 0 -1 0 0</float_array>
          <technique_common>
            <accessor source="#Part__Feature_005-mesh-normals-array" count="141" stride="3">
              <param name="X" type="float"/>
              <param name="Y" type="float"/>
              <param name="Z" type="float"/>
            </accessor>
          </technique_common>
        </source>
        <vertices id="Part__Feature_005-mesh-vertices">
          <input semantic="POSITION" source="#Part__Feature_005-mesh-positions"/>
        </vertices>
        <triangles material="Part__Feature_005-material" count="284">
          <input semantic="VERTEX" source="#Part__Feature_005-mesh-vertices" offset="0"/>
          <input semantic="NORMAL" source="#Part__Feature_005-mesh-normals" offset="1"/>
          <p>0 0 1 0 2 0 3 1 2 1 4 1 3 2 0 2 2 2 5 3 4 3 6 3 5 1 3 1 4 1 7 4 6 4 8 4 7 3 5 3 6 3 9 5 8 5 10 5 9 4 7 4 8 4 11 6 10 6 12 6 11 7 9 7 10 7 13 8 12 8 14 8 13 9 11 9 12 9 15 10 14 10 16 10 15 8 13 8 14 8 17 10 15 10 16 10 17 11 16 11 18 11 19 11 17 11 18 11 19 12 18 12 20 12 21 13 19 13 20 13 21 14 20 14 22 14 23 15 21 15 22 15 23 16 22 16 24 16 25 17 23 17 24 17 25 18 24 18 26 18 27 19 25 19 26 19 27 20 26 20 28 20 29 21 27 21 28 21 29 22 28 22 30 22 31 22 29 22 30 22 31 23 30 23 32 23 33 24 31 24 32 24 33 25 32 25 34 25 35 26 33 26 34 26 35 27 34 27 36 27 37 28 35 28 36 28 37 29 36 29 38 29 39 30 37 30 38 30 39 31 38 31 40 31 41 31 39 31 40 31 41 32 40 32 42 32 43 33 42 33 44 33 43 34 41 34 42 34 45 35 44 35 46 35 45 36 43 36 44 36 47 37 46 37 48 37 47 35 45 35 46 35 49 38 48 38 50 38 49 37 47 37 48 37 51 39 50 39 52 39 51 38 49 38 50 38 53 40 52 40 54 40 53 39 51 39 52 39 55 41 54 41 56 41 55 40 53 40 54 40 57 42 56 42 58 42 57 41 55 41 56 41 59 43 58 43 60 43 59 42 57 42 58 42 61 44 60 44 62 44 61 45 59 45 60 45 63 46 62 46 64 46 63 47 61 47 62 47 65 46 63 46 64 46 66 48 1 48 0 48 66 48 0 48 67 48 57 49 59 49 61 49 55 49 63 49 65 49 55 49 61 49 63 49 55 49 57 49 61 49 51 49 53 49 55 49 51 49 55 49 65 49 45 49 49 49 51 49 45 49 47 49 49 49 43 49 45 49 51 49 41 49 43 49 51 49 39 49 51 49 65 49 39 49 41 49 51 49 33 49 35 49 37 49 31 49 37 49 39 49 31 49 33 49 37 49 31 49 39 49 65 49 27 49 29 49 31 49 23 49 27 49 31 49 23 49 25 49 27 49 21 49 31 49 65 49 21 49 23 49 31 49 17 49 21 49 65 49 17 49 19 49 21 49 11 49 13 49 15 49 9 49 11 49 15 49 7 49 15 49 17 49 7 49 9 49 15 49 3 49 5 49 7 49 0 49 17 49 65 49 0 49 7 49 17 49 0 49 3 49 7 49 0 49 65 49 68 49 67 49 68 49 69 49 67 49 0 49 68 49 67 49 69 49 70 49 71 49 67 49 70 49 72 49 73 49 71 49 72 49 71 49 70 49 72 49 74 49 75 49 72 49 70 49 74 49 76 49 73 49 72 49 77 49 76 49 72 49 77 49 72 49 78 49 79 49 80 49 81 49 82 49 77 49 83 49 84 49 85 49 79 49 84 49 79 49 81 49 86 49 87 49 88 49 86 49 82 49 87 49 86 49 77 49 82 49 89 49 86 49 90 49 89 49 76 49 77 49 89 49 77 49 86 49 91 49 81 49 76 49 91 49 92 49 84 49 91 49 93 49 92 49 91 49 94 49 93 49 91 49 95 49 94 49 91 49 96 49 95 49 91 49 84 49 81 49 97 49 98 49 99 49 97 49 89 49 98 49 100 49 91 49 76 49 101 49 100 49 76 49 101 49 76 49 89 49 101 49 89 49 97 49 66 50 67 50 71 50 102 51 71 51 73 51 102 52 66 52 71 52 103 53 73 53 76 53 103 51 102 51 73 51 104 54 76 54 81 54 104 53 103 53 76 53 105 55 81 55 80 55 105 54 104 54 81 54 106 56 80 56 79 56 106 57 105 57 80 57 107 58 79 58 85 58 107 59 106 59 79 59 108 60 85 60 84 60 108 58 107 58 85 58 109 60 108 60 84 60 109 61 84 61 92 61 110 61 109 61 92 61 110 62 92 62 93 62 111 63 110 63 93 63 111 64 93 64 94 64 112 65 111 65 94 65 112 66 94 66 95 66 113 67 112 67 95 67 113 68 95 68 96 68 114 69 113 69 96 69 114 70 96 70 91 70 115 71 114 71 91 71 115 72 91 72 100 72 116 72 115 72 100 72 116 73 100 73 101 73 117 74 116 74 101 74 117 75 101 75 97 75 118 76 117 76 97 76 118 77 97 77 99 77 119 78 118 78 99 78 119 79 99 79 98 79 120 80 119 80 98 80 120 81 98 81 89 81 121 81 120 81 89 81 121 82 89 82 90 82 122 83 90 83 86 83 122 84 121 84 90 84 123 85 86 85 88 85 123 86 122 86 86 86 124 87 88 87 87 87 124 85 123 85 88 85 125 88 87 88 82 88 125 87 124 87 87 87 126 89 82 89 83 89 126 88 125 88 82 88 127 90 83 90 77 90 127 89 126 89 83 89 128 91 77 91 78 91 128 90 127 90 77 90 129 92 78 92 72 92 129 91 128 91 78 91 130 93 72 93 75 93 130 92 129 92 72 92 131 94 75 94 74 94 131 95 130 95 75 95 132 96 74 96 70 96 132 97 131 97 74 97 133 96 132 96 70 96 129 98 130 98 131 98 127 99 128 99 129 99 125 100 131 100 132 100 125 101 126 101 127 101 125 102 127 102 129 102 125 103 129 103 131 103 124 104 132 104 133 104 124 99 125 99 132 99 123 105 124 105 133 105 120 106 122 106 123 106 120 99 121 99 122 99 120 107 123 107 133 107 118 99 119 99 120 99 117 99 118 99 120 99 116 108 117 108 120 108 116 99 120 99 133 99 115 99 116 99 133 99 113 109 114 109 115 109 112 110 115 110 133 110 112 111 113 111 115 111 111 99 112 99 133 99 109 99 111 99 133 99 109 112 110 112 111 112 106 113 109 113 133 113 106 99 108 99 109 99 106 114 107 114 108 114 103 115 106 115 133 115 103 116 105 116 106 116 103 117 104 117 105 117 102 118 103 118 133 118 66 99 102 99 133 99 66 99 133 99 134 99 1 119 66 119 134 119 1 120 134 120 135 120 1 99 135 99 64 99 62 99 1 99 64 99 6 99 4 99 2 99 10 121 2 121 1 121 10 99 8 99 6 99 10 99 6 99 2 99 12 122 10 122 1 122 52 123 56 123 54 123 52 124 58 124 56 124 16 125 14 125 12 125 16 99 12 99 1 99 48 126 52 126 50 126 48 99 58 99 52 99 18 99 16 99 1 99 46 127 60 127 58 127 46 128 62 128 60 128 46 129 1 129 62 129 46 130 18 130 1 130 46 99 58 99 48 99 22 131 20 131 18 131 40 99 44 99 42 99 40 132 46 132 44 132 26 99 24 99 22 99 26 99 22 99 18 99 38 99 46 99 40 99 28 99 26 99 18 99 34 133 38 133 36 133 32 99 38 99 34 99 32 134 30 134 28 134 32 99 18 99 46 99 32 135 46 135 38 135 32 99 28 99 18 99 136 136 69 136 137 136 138 136 137 136 69 136 139 136 137 136 138 136 70 137 69 137 136 137 133 136 136 136 134 136 133 136 70 136 136 136 135 138 134 138 140 138 140 138 134 138 136 138 140 99 136 99 141 99 141 99 136 99 137 99 139 48 142 48 141 48 139 48 141 48 137 48 141 139 142 139 143 139 68 139 140 139 141 139 68 139 141 139 143 139 64 139 135 139 140 139 65 139 64 139 140 139 65 140 140 140 68 140 143 99 139 99 138 99 142 99 139 99 143 99 143 138 69 138 68 138 143 138 138 138 69 138</p>
        </triangles>
      </mesh>
    </geometry>
    <geometry id="Part__Feature023_002-mesh" name="Part__Feature023.002">
      <mesh>
        <source id="Part__Feature023_002-mesh-positions">
          <float_array id="Part__Feature023_002-mesh-positions-array" count="24">-0.00634998 0.90805 0.00634998 -0.00634998 0.1587499 0.00317496 -0.00634998 0.90805 0.00317496 -0.00634998 0.1587499 0.00634998 -0.52705 0.1587499 0.00634998 -0.52705 0.1587499 0.00317496 -0.52705 0.90805 0.00317496 -0.52705 0.90805 0.00634998</float_array>
          <technique_common>
            <accessor source="#Part__Feature023_002-mesh-positions-array" count="8" stride="3">
              <param name="X" type="float"/>
              <param name="Y" type="float"/>
              <param name="Z" type="float"/>
            </accessor>
          </technique_common>
        </source>
        <source id="Part__Feature023_002-mesh-normals">
          <float_array id="Part__Feature023_002-mesh-normals-array" count="18">1 0 0 0 -1 0 -1 0 0 0 1 0 0 0 1 0 0 -1</float_array>
          <technique_common>
            <accessor source="#Part__Feature023_002-mesh-normals-array" count="6" stride="3">
              <param name="X" type="float"/>
              <param name="Y" type="float"/>
              <param name="Z" type="float"/>
            </accessor>
          </technique_common>
        </source>
        <vertices id="Part__Feature023_002-mesh-vertices">
          <input semantic="POSITION" source="#Part__Feature023_002-mesh-positions"/>
        </vertices>
        <triangles material="Part__Feature023_002-material" count="12">
          <input semantic="VERTEX" source="#Part__Feature023_002-mesh-vertices" offset="0"/>
          <input semantic="NORMAL" source="#Part__Feature023_002-mesh-normals" offset="1"/>
          <p>0 0 1 0 2 0 0 0 3 0 1 0 1 1 4 1 5 1 3 1 4 1 1 1 4 2 6 2 5 2 4 2 7 2 6 2 6 3 0 3 2 3 7 3 0 3 6 3 0 4 7 4 4 4 0 4 4 4 3 4 6 5 2 5 5 5 5 5 2 5 1 5</p>
        </triangles>
      </mesh>
    </geometry>
    <geometry id="Part__Feature022_002-mesh" name="Part__Feature022.002">
      <mesh>
        <source id="Part__Feature022_002-mesh-positions">
          <float_array id="Part__Feature022_002-mesh-positions-array" count="24">-0.51435 0.5334 0.3048 -0.51435 0.5334 0.00634998 -0.51435 0.51435 0.00634998 -0.51435 0.51435 0.3048 -0.01905 0.5334 0.00634998 -0.01905 0.5334 0.3048 -0.01905 0.51435 0.3048 -0.01905 0.51435 0.00634998</float_array>
          <technique_common>
            <accessor source="#Part__Feature022_002-mesh-positions-array" count="8" stride="3">
              <param name="X" type="float"/>
              <param name="Y" type="float"/>
              <param name="Z" type="float"/>
            </accessor>
          </technique_common>
        </source>
        <source id="Part__Feature022_002-mesh-normals">
          <float_array id="Part__Feature022_002-mesh-normals-array" count="18">-1 0 0 0 1 0 1 0 0 0 -1 0 0 0 1 0 0 -1</float_array>
          <technique_common>
            <accessor source="#Part__Feature022_002-mesh-normals-array" count="6" stride="3">
              <param name="X" type="float"/>
              <param name="Y" type="float"/>
              <param name="Z" type="float"/>
            </accessor>
          </technique_common>
        </source>
        <vertices id="Part__Feature022_002-mesh-vertices">
          <input semantic="POSITION" source="#Part__Feature022_002-mesh-positions"/>
        </vertices>
        <triangles material="Part__Feature022_002-material" count="12">
          <input semantic="VERTEX" source="#Part__Feature022_002-mesh-vertices" offset="0"/>
          <input semantic="NORMAL" source="#Part__Feature022_002-mesh-normals" offset="1"/>
          <p>0 0 1 0 2 0 3 0 0 0 2 0 0 1 4 1 1 1 0 1 5 1 4 1 6 2 7 2 4 2 5 2 6 2 4 2 6 3 2 3 7 3 6 3 3 3 2 3 5 4 3 4 6 4 5 4 0 4 3 4 1 5 4 5 2 5 2 5 4 5 7 5</p>
        </triangles>
      </mesh>
    </geometry>
    <geometry id="Part__Feature021_002-mesh" name="Part__Feature021.002">
      <mesh>
        <source id="Part__Feature021_002-mesh-positions">
          <float_array id="Part__Feature021_002-mesh-positions-array" count="1197">-0.01079225 0.8636 0.05079996 -0.01258134 0.8601542 0.05042624 -0.01267552 0.8631536 0.05409669 -0.0126034 0.8669564 0.05159294 -0.01266306 0.8641702 0.04747188 -0.01905 0.8612895 0.04826796 -0.01905 0.8665975 0.04868245 -0.01905 0.8658801 0.05313771 -0.01905 0.8612936 0.05369234 -0.01079225 0.8636001 0.1524 -0.01267385 0.8605701 0.1538053 -0.01265287 0.8642792 0.1557321 -0.01267182 0.8669584 0.152269 -0.01267236 0.8641585 0.1490574 -0.0126872 0.8609063 0.1505421 -0.01905 0.8616291 0.1494569 -0.01905 0.867374 0.1518311 -0.01905 0.8615451 0.1555818 -0.01266503 0.8604373 0.2552033 -0.01079225 0.8636 0.254 -0.01262938 0.8646657 0.2573068 -0.01268684 0.8668578 0.2532904 -0.01254087 0.8628283 0.2506498 -0.01905 0.8611903 0.2516104 -0.01905 0.8655753 0.2511544 -0.01905 0.8666818 0.2554214 -0.01905 0.8614572 0.2570877 -0.0126298 0.8104515 0.04830044 -0.01079225 0.8128001 0.05079996 -0.01263964 0.8147956 0.05353075 -0.0126459 0.8103054 0.0530973 -0.01263171 0.8155189 0.04869365 -0.01905 0.8139243 0.04726004 -0.01905 0.8148936 0.05404132 -0.01905 0.8092349 0.05097788 -0.01267319 0.8097777 0.1538072 -0.01254892 0.8142768 0.1555239 -0.01267462 0.8154401 0.1501908 -0.01079225 0.8128001 0.1524 -0.01265263 0.8107094 0.1497204 -0.01905 0.8129227 0.14871 -0.01905 0.815951 0.1544351 -0.01905 0.809467 0.1540051 -0.01079225 0.8128001 0.254 -0.01266044 0.809913 0.2557469 -0.01270478 0.8133549 0.2572533 -0.01265943 0.8161638 0.254561 -0.01267582 0.8137621 0.2507545 -0.01269942 0.8101887 0.2519922 -0.01905 0.8106358 0.2514208 -0.01905 0.8158097 0.2518362 -0.01905 0.8140748 0.2572481 -0.01905 0.8097011 0.2554925 -0.01269686 0.7587025 0.05062204 -0.01079225 0.762 0.05079996 -0.0126788 0.7606511 0.05389189 -0.01269215 0.764255 0.05319726 -0.01264858 0.7613422 0.04746288 -0.01268202 0.7651525 0.0496118 -0.01905 0.7596309 0.04848909 -0.01905 0.7643544 0.04799431 -0.01905 0.7644949 0.05307656 -0.01905 0.7593145 0.05333358 -0.01079225 0.762 0.1524 -0.01268059 0.7587909 0.1514735 -0.0125752 0.7609828 0.1557279 -0.01264023 0.7654622 0.152595 -0.01266956 0.7621707 0.1490028 -0.01905 0.7625854 0.149079 -0.01905 0.765585 0.1533129 -0.01905 0.7608411 0.1555839 -0.01905 0.7585838 0.1514387 -0.01079225 0.762 0.254 -0.01266103 0.7611926 0.2572636 -0.01256006 0.7586949 0.2529729 -0.01262551 0.7653387 0.2548687 -0.01267778 0.7631445 0.2508416 -0.01905 0.7598358 0.2514207 -0.01905 0.7639278 0.2511727 -0.01905 0.7648409 0.2562655 -0.01905 0.7590962 0.2560878 -0.0126897 0.7079277 0.05125153 -0.01266264 0.7141252 0.0523774 -0.01266664 0.7105095 0.05411362 -0.01267284 0.7137609 0.04866284 -0.01079225 0.7112001 0.05079996 -0.01264321 0.7096823 0.04776793 -0.01905 0.7093349 0.04769015 -0.01905 0.7145034 0.04959779 -0.01905 0.7123367 0.0540921 -0.01905 0.7082841 0.05248337 -0.01269692 0.7083619 0.1540741 -0.01270192 0.714236 0.1535195 -0.01267915 0.7117078 0.155743 -0.01267707 0.7138509 0.1502891 -0.01079225 0.7112001 0.1524 -0.01262634 0.7089499 0.1497614 -0.01905 0.7106106 0.1488865 -0.01905 0.7145373 0.1517253 -0.01905 0.7112934 0.1561425 -0.01905 0.7078818 0.1523726 -0.01079225 0.7112001 0.254 -0.01265621 0.7079412 0.2529825 -0.01265716 0.7132712 0.256692 -0.01267921 0.7092869 0.2566822 -0.01265358 0.714232 0.2525557 -0.01269799 0.7111899 0.2507054 -0.01905 0.7087193 0.2516597 -0.01905 0.7142457 0.2518104 -0.01905 0.7126284 0.257097 -0.01905 0.7084121 0.2560043 -0.01267123 0.6570511 0.05108064 -0.01079225 0.6604 0.05079996 -0.01265758 0.6604487 0.05424767 -0.012699 0.6637294 0.05112004 -0.01268631 0.661896 0.0478183 -0.012699 0.6586963 0.04800558 -0.01905 0.6633899 0.04893863 -0.01905 0.6610578 0.05453014 -0.01905 0.6571761 0.04871773 -0.01079225 0.6604 0.1524 -0.01264709 0.6575872 0.1543278 -0.01269608 0.6616226 0.1554997 -0.01261806 0.6637248 0.1514997 -0.0126087 0.6587553 0.1493412 -0.01905 0.6590638 0.1489108 -0.01905 0.6638683 0.152082 -0.01905 0.6616823 0.1554417 -0.01905 0.6576567 0.1545875 -0.01079225 0.6604 0.254 -0.0126841 0.6617329 0.25703 -0.01257497 0.6574654 0.2558236 -0.01266443 0.66376 0.253673 -0.01257818 0.6595802 0.2506064 -0.01905 0.6577324 0.2520485 -0.01905 0.6625767 0.2509723 -0.01905 0.6626307 0.2566583 -0.01905 0.6576833 0.2562413 -0.01079225 0.6096001 0.05079996 -0.01264584 0.6061696 0.05090552 -0.01264941 0.6096422 0.05419206 -0.01270276 0.6125878 0.0520907 -0.01265883 0.6121907 0.04863744 -0.01269954 0.6086341 0.04764723 -0.01905 0.6090106 0.04728645 -0.01905 0.6128799 0.04999375 -0.01905 0.6103257 0.05438995 -0.01905 0.6062272 0.0512228 -0.01079225 0.6096001 0.1524 -0.01267772 0.6062913 0.1518789 -0.01259064 0.6086604 0.1556782 -0.01270473 0.612651 0.153777 -0.01269358 0.6122037 0.1504139 -0.01268237 0.6091225 0.1490678 -0.01905 0.6070936 0.1500356 -0.01905 0.612681 0.1502994 -0.01905 0.6107364 0.1556922 -0.01905 0.60674 0.1541477 -0.01256006 0.6065063 0.255577 -0.01079225 0.6096001 0.254 -0.01261895 0.6118006 0.2566391 -0.01268386 0.6122778 0.2519593 -0.0126754 0.6084191 0.2508569 -0.01905 0.60746 0.2511256 -0.01905 0.6134189 0.2535537 -0.01905 0.6076371 0.257153 -0.01079225 0.5588001 0.05079996 -0.01261806 0.5619933 0.05208802 -0.01269787 0.5556571 0.0517401 -0.01267975 0.558074 0.05405789 -0.0126779 0.5601706 0.04773718 -0.0126844 0.5563855 0.04849606 -0.01905 0.5606662 0.04791057 -0.01905 0.5620203 0.05161994 -0.01905 0.5585044 0.05435031 -0.01905 0.55541 0.04933762 -0.01266759 0.5556076 0.1513471 -0.01079225 0.5588001 0.1524 -0.01268666 0.5564965 0.154721 -0.01270568 0.5596547 0.1556357 -0.01268082 0.5621144 0.1527986 -0.01263594 0.559591 0.1490494 -0.01905 0.5609991 0.1499494 -0.01905 0.5618886 0.1542173 -0.01905 0.5568521 0.1552569 -0.01905 0.556217 0.1497517 -0.01269346 0.5557209 0.2528257 -0.01079225 0.5588001 0.254 -0.01263588 0.5567629 0.2567498 -0.01267784 0.5619766 0.2529841 -0.01269471 0.5609726 0.2565157 -0.01267874 0.5588176 0.2506201 -0.01905 0.5593855 0.250679 -0.01905 0.562339 0.2542653 -0.01905 0.5575473 0.2574417 -0.01905 0.5557222 0.2525177 -0.01270133 0.5048193 0.05003809 -0.01079225 0.508 0.05079996 -0.01269066 0.5090301 0.05389714 -0.01268625 0.5057904 0.05331623 -0.0126459 0.5114044 0.05092155 -0.01259917 0.507921 0.04736351 -0.01905 0.5109405 0.04829072 -0.01905 0.5088658 0.05420017 -0.01905 0.5042458 0.05042421 -0.01264202 0.5048897 0.1510454 -0.01079225 0.508 0.1524 -0.01269137 0.5056747 0.1546976 -0.01258307 0.5099123 0.1552963 -0.01254141 0.5098577 0.1494941 -0.01905 0.5058358 0.1498208 -0.01905 0.5100346 0.1496191 -0.01905 0.5103525 0.1553499 -0.01905 0.5048874 0.1538357 -0.01265454 0.5048212 0.2528299 -0.01079225 0.508 0.254 -0.01263791 0.506721 0.2571981 -0.01257598 0.5114416 0.254481 -0.0126627 0.5083558 0.2506687 -0.01905 0.5106943 0.2512377 -0.01905 0.5092747 0.2572481 -0.01905 0.5041984 0.2540633 -0.01079225 0.4572 0.05079996 -0.01269811 0.4579192 0.05398535 -0.01266771 0.4544077 0.05276316 -0.01265597 0.4604464 0.05166625 -0.01266819 0.4587517 0.04779499 -0.01268762 0.4547914 0.04849135 -0.01905 0.4563785 0.04733335 -0.01905 0.460739 0.05053472 -0.01905 0.4570831 0.05431991 -0.01905 0.4538694 0.05121737 -0.01079225 0.4572 0.1524 -0.01269596 0.4564517 0.1556063 -0.01264685 0.4600506 0.154268 -0.01269948 0.4599245 0.1506208 -0.01268583 0.457082 0.1490642 -0.01262378 0.4537343 0.1521769 -0.01905 0.4554554 0.1493782 -0.01905 0.460871 0.1515941 -0.01905 0.4569111 0.1558708 -0.01905 0.4539819 0.1531345 -0.01079225 0.4572 0.254 -0.01261597 0.4551672 0.2568103 -0.01267081 0.4600989 0.2558062 -0.01257181 0.4588108 0.2509389 -0.01268512 0.4544003 0.2521826 -0.01905 0.4574083 0.2504225 -0.01905 0.4606256 0.2543713 -0.01905 0.4573705 0.2574177 -0.01905 0.453689 0.2543513 -0.01079225 0.4064 0.05079996 -0.01268422 0.4037439 0.05280518 -0.01269704 0.4070634 0.05405086 -0.01270705 0.4096701 0.05154126 -0.01257014 0.4071034 0.04744976 -0.01270157 0.4033703 0.04955905 -0.01905 0.4095752 0.04913872 -0.01905 0.4068895 0.05445939 -0.01905 0.403085 0.04881173 -0.01267111 0.4037159 0.1503502 -0.01079225 0.4064 0.1524 -0.01261812 0.4042184 0.1550698 -0.01252716 0.4095824 0.1537448 -0.01267474 0.4076146 0.1492943 -0.01905 0.4032748 0.1505607 -0.01905 0.4094097 0.1502362 -0.01905 0.4064 0.1562094 -0.01079225 0.4064 0.254 -0.01267129 0.4031488 0.2546481 -0.01253914 0.4069487 0.2574254 -0.01269036 0.4096595 0.2530394 -0.01260614 0.4053074 0.2507383 -0.01905 0.4060791 0.2501478 -0.01905 0.4096895 0.2551053 -0.01905 0.4040204 0.2569839 -0.01079225 0.3556 0.05079996 -0.01266312 0.3522452 0.0511493 -0.01266032 0.3582283 0.05299603 -0.01269048 0.3544157 0.05384963 -0.01269131 0.3583472 0.04898476 -0.01265221 0.3546926 0.04752308 -0.01905 0.3529247 0.04873842 -0.01905 0.3573862 0.04776459 -0.01905 0.3582689 0.0532763 -0.01905 0.3529558 0.05301868 -0.01079225 0.3556 0.1524 -0.01268458 0.352339 0.1530479 -0.01266705 0.3553041 0.1557836 -0.01269519 0.358617 0.1537258 -0.01264029 0.3579356 0.1499125 -0.01266849 0.3536744 0.1496761 -0.01905 0.3543079 0.1492619 -0.01905 0.3589152 0.1510024 -0.01905 0.3571514 0.1553655 -0.01905 0.3523278 0.1540777 -0.01079225 0.3556 0.254 -0.01267665 0.3524335 0.2552164 -0.01258289 0.356867 0.2572241 -0.01258254 0.3584166 0.2520502 -0.01268172 0.3538491 0.2511274 -0.01905 0.354308 0.2508619 -0.01905 0.3588036 0.2524572 -0.01905 0.3568747 0.2572481 -0.01905 0.3522332 0.2551004 -0.01268291 0.3014256 0.05085331 -0.01079225 0.3048 0.05079996 -0.01269054 0.3067631 0.05352586 -0.01269406 0.3033385 0.05373197 -0.01269322 0.3080328 0.05034267 -0.0125932 0.304947 0.04734945 -0.01905 0.3026908 0.04815518 -0.01905 0.3078444 0.04872429 -0.01905 0.3065557 0.05367296 -0.01905 0.3018961 0.05288779 -0.01267623 0.301513 0.1517061 -0.01265865 0.3033915 0.1554695 -0.01268392 0.3069068 0.1548999 -0.0126695 0.308065 0.1515669 -0.01079225 0.3048 0.1524 -0.01265597 0.3047125 0.1490408 -0.01905 0.3030554 0.1493782 -0.01905 0.307642 0.1504624 -0.01905 0.3065607 0.1555702 -0.01905 0.3016874 0.1538358 -0.01258379 0.3026065 0.2566612 -0.01259344 0.3079714 0.2553341 -0.01265799 0.3061802 0.25094 -0.01079225 0.3048 0.254 -0.01268601 0.3023031 0.2517431 -0.01905 0.3063817 0.2507843 -0.01905 0.3078817 0.2554214 -0.01905 0.3041221 0.2573541 -0.01905 0.3012995 0.2532009 -0.01261711 0.250912 0.05223709 -0.01268953 0.2547181 0.05403894 -0.01262611 0.2574445 0.05067706 -0.01079225 0.254 0.05079996 -0.01258444 0.2531363 0.04746854 -0.01905 0.2552992 0.04732048 -0.01905 0.2569251 0.05262106 -0.01905 0.252128 0.05380696 -0.01905 0.2508912 0.04963928 -0.01264148 0.256222 0.1549366 -0.01261943 0.2511155 0.154366 -0.01269841 0.2570997 0.1513091 -0.01254361 0.2532393 0.1490293 -0.01079225 0.254 0.1524 -0.01905 0.252029 0.1494569 -0.01905 0.2577739 0.1518311 -0.01905 0.251945 0.1555817 -0.01079225 0.254 0.254 -0.01265597 0.2508538 0.2552993 -0.01262652 0.2551684 0.2572177 -0.01271313 0.2572807 0.2532821 -0.01255959 0.2532497 0.2506192 -0.01905 0.2566943 0.2512376 -0.01905 0.2552747 0.2572481 -0.01905 0.2501984 0.2540633 -0.01079225 0.2032 0.05079996 -0.01267063 0.1999672 0.05161362 -0.0126338 0.2033951 0.0541948 -0.01266396 0.2066034 0.05058467 -0.01267665 0.2037617 0.04752737 -0.01269441 0.2008361 0.0485661 -0.01905 0.2007404 0.04836082 -0.01905 0.2060295 0.04854357 -0.01905 0.2053092 0.05344474 -0.01905 0.20072 0.05330067 -0.01079225 0.2032 0.1524 -0.01266503 0.2000219 0.1535549 -0.01268863 0.2033553 0.1557334 -0.0126971 0.2061424 0.1538358 -0.01265394 0.2056394 0.1499925 -0.01268303 0.201322 0.1496382 -0.01905 0.2013357 0.1496655 -0.01905 0.2057603 0.1499027 -0.01905 0.205394 0.1551048 -0.01905 0.2000108 0.1541712 -0.01079225 0.2032 0.254 -0.01251959 0.2004433 0.2560653 -0.01259434 0.2061522 0.2558373 -0.01269376 0.2053307 0.2515246 -0.0126819 0.2016531 0.2509489 -0.01905 0.2017951 0.2508861 -0.01905 0.2070189 0.2535537 -0.01905 0.2025221 0.2573541 -0.01905 0.1998727 0.2543608 -0.01905 0.1566333 0.00158745 -0.00634998 0.1587499 0.00476247 -0.01905 0.1587499 0.00634998 -0.00634998 0.90805 0.00476247 -0.01905 0.91059 0.00317496 0 0.9144 0.3048 0 0.9144 0 -0.01905 0.9144 0.3048 0 0.1524 0 0 0.1524 0.3048 -0.01905 0.1524 0.3048</float_array>
          <technique_common>
            <accessor source="#Part__Feature021_002-mesh-positions-array" count="399" stride="3">
              <param name="X" type="float"/>
              <param name="Y" type="float"/>
              <param name="Z" type="float"/>
            </accessor>
          </technique_common>
        </source>
        <source id="Part__Feature021_002-mesh-normals">
          <float_array id="Part__Feature021_002-mesh-normals-array" count="3066">-0.7976272 0.4568418 -0.3938102 -0.8048269 -0.3147568 -0.5031719 -0.8051025 -0.314608 -0.5028238 -0.804992 -0.314646 -0.5029771 -0.7850264 -0.5078288 0.3547441 -0.7850273 -0.5078147 0.3547627 -0.7850282 -0.5078651 0.3546881 -0.7878655 0.3544404 0.5036271 0.1733448 0.9848612 6.88792e-5 0.1733127 0.9848669 7.79052e-5 0.1731022 0.984904 1.048e-4 -0.1634514 0.582432 0.7962768 0.1573921 -0.07688516 0.9845387 -0.2034117 -0.8097418 0.5504017 0.1257398 -0.9794458 -0.1577198 -0.1081558 -0.5452583 -0.8312616 0.09753704 -0.1194782 -0.9880343 -0.1818653 0.7591443 -0.625 -0.8162209 0.2699673 -0.5107848 -0.8092202 -0.4668129 -0.356719 -0.8119984 -0.440146 0.3833146 -0.8120815 -0.440123 0.3831652 -0.8120887 -0.4401192 0.3831542 -0.8299327 0.2348092 0.5060399 -0.8355335 0.5462289 0.05931317 -0.8355247 0.5462434 0.05930173 -0.8355008 0.5462828 0.05927568 0.154976 0.9878123 0.01446813 0.1548581 0.9878306 0.01448011 0.1548248 0.9878358 0.01448076 0.09516823 0.990369 0.10056 0.09531879 0.9903537 0.1005684 0.09549993 0.9903323 0.1006067 -0.1072738 0.4137436 0.9040513 -0.1073823 0.4137277 0.9040456 -0.1073775 0.4137289 0.9040457 0.2049305 -0.3738534 0.9045646 -0.0938065 -0.7504301 0.6542592 -0.009512126 -0.7912119 -0.6114682 -0.009709954 -0.7911849 -0.6115001 -0.009745061 -0.7911739 -0.6115137 0.2434754 -0.52484 -0.8156363 -0.1738355 0.4547589 -0.8734847 -0.8013811 0.2718171 -0.5328264 -0.8033978 -0.5274191 -0.2763713 -0.7934119 -0.3534659 0.4955395 -0.7774111 0.5652443 0.2759184 -0.777431 0.5652155 0.2759215 -0.7774488 0.5651909 0.2759213 0.1438342 0.9884756 -0.04720056 0.1437397 0.9884899 -0.04718911 0.1436676 0.9885005 -0.04718685 -0.1533942 0.876473 0.4563609 -0.1532908 0.8764783 0.4563856 -0.1533873 0.8764729 0.4563636 0.1198925 0.1026884 0.9874619 -0.166143 -0.5446785 0.8220232 0.1101657 -0.9620912 0.2494878 -0.1344069 -0.8706163 -0.4732463 0.1812943 -0.2988269 -0.9369285 -0.1892153 0.4386236 -0.8785254 -0.7954192 0.6058654 0.01534867 -0.7955419 0.6057059 0.01528847 -0.7954354 0.6058446 0.0153349 -0.8065446 0.05793732 -0.5883275 -0.8065968 0.05768376 -0.5882807 -0.8065535 0.05781543 -0.5883274 -0.7902581 -0.6058429 -0.09190458 -0.7824682 -0.04846233 0.6208019 0.2046448 0.6084802 0.7667284 0.2047683 0.608451 0.7667186 0.2047907 0.6084427 0.7667192 -0.1993699 -0.0758863 0.9769816 0.2097049 -0.9680442 0.137529 0.2095824 -0.9680716 0.1375236 0.2095819 -0.9680716 0.1375236 -0.0268929 -0.9887503 -0.1471388 -0.02684062 -0.9887513 -0.1471408 -0.026703 -0.9887518 -0.1471629 -0.07758146 0.09590542 -0.9923625 0.2071287 0.4662903 -0.8600413 0.2071183 0.4662953 -0.8600412 0.2068727 0.4663628 -0.8600637 -0.1743921 0.9842179 0.03004527 -0.1742578 0.9842413 0.03006047 -0.1743475 0.9842255 0.03005343 -0.7959865 0.235569 -0.5575956 -0.7958055 0.2358441 -0.5577376 -0.7957319 0.2359244 -0.5578088 -0.7567919 -0.6420868 -0.1224372 -0.7567931 -0.6420849 -0.1224389 -0.7567983 -0.6420773 -0.1224458 -0.7958551 -0.06357097 0.6021407 -0.8152593 0.5654851 0.1248161 -0.04057812 0.9742298 0.2218778 0.1993316 0.8208976 0.5351582 0.1993736 0.8208894 0.5351551 0.1994267 0.820876 0.5351559 -0.1882484 -0.09804248 0.9772156 0.2337856 -0.8594623 0.4546085 -0.212067 -0.9558301 -0.2035106 0.1810995 0.06508743 -0.9813086 -0.04634249 0.3572195 -0.9328702 -0.8246338 0.2181609 -0.5219051 -0.8247 0.2181329 -0.5218122 -0.8247287 0.2181089 -0.5217769 -0.8222648 -0.3868191 -0.4174348 -0.8050809 -0.5000771 0.3190106 -0.8234741 0.190535 0.5344033 -0.8244511 0.5637269 0.04992514 -0.03598749 0.9966426 0.07354265 0.04843002 0.9736382 0.2228974 0.04839205 0.9736397 0.222899 0.04845976 0.9736366 0.2228979 -0.06183826 0.3270152 0.9429937 0.1419944 -0.07922595 0.986692 -0.1781226 -0.8321154 0.5252202 -0.1780299 -0.8321349 0.525221 -0.1780937 -0.8321226 0.5252187 0.1799407 -0.9367182 -0.3003007 -0.07775187 -0.6889144 -0.7206606 -0.0775966 -0.6889053 -0.720686 -0.0777651 -0.688917 -0.7206567 0.04626971 0.4003209 -0.9152063 0.0459631 0.4003816 -0.9151951 0.0459038 0.4004085 -0.9151864 0.02456879 0.3723869 -0.9277524 -0.8222736 0.4910056 -0.287715 -0.8223573 0.490966 -0.287543 -0.8223537 0.4909686 -0.2875486 -0.82671 -0.109651 -0.5518398 -0.8266603 -0.1097359 -0.5518975 -0.8265957 -0.109793 -0.5519829 -0.8252939 -0.5472469 -0.1393225 -0.8096858 -0.2944737 0.507636 -0.8094783 -0.294629 0.5078766 -0.8094901 -0.2946232 0.5078611 -0.8147528 0.4513501 0.3639521 -0.8147143 0.4513852 0.3639949 -0.8146162 0.4514492 0.3641351 0.1230069 0.9902986 0.0646376 -0.1022499 0.7638987 0.6371842 -0.1021783 0.7638989 0.6371956 -0.1022363 0.763898 0.6371873 0.1304646 0.1032926 0.9860577 -0.1574127 -0.4861763 0.859566 0.1175166 -0.9927052 0.02695119 0.1174708 -0.9927108 0.02694582 0.1174376 -0.9927148 0.02694475 -0.03197968 -0.9696481 -0.2424046 -0.03197968 -0.9696481 -0.2424045 -0.03193771 -0.9696488 -0.2424073 0.01149255 -0.1892088 -0.9818696 0.09745651 -0.04930555 -0.9940178 -0.1342814 0.8518289 -0.5063163 -0.1342314 0.851836 -0.5063177 -0.1342429 0.8518345 -0.5063169 -0.7972679 0.5444071 -0.2607389 -0.763106 -0.377798 -0.5243454 -0.7924912 -0.446421 0.4155312 -0.8143243 0.3442617 0.4672898 -0.02358967 0.5904091 0.8067594 -0.02376788 0.5903793 0.8067761 -0.02379333 0.5903701 0.806782 0.04326033 0.5077733 0.860404 0.04322487 0.5077726 0.8604062 0.04327148 0.5077729 0.8604035 -0.03981256 -0.7365444 0.6752165 0.04904901 -0.8149949 0.5773886 -0.1021643 -0.5714207 -0.8142733 -0.1023055 -0.571388 -0.8142784 -0.1023205 -0.5713812 -0.8142813 0.02949935 -0.4315944 -0.9015854 -0.00858587 0.8784118 -0.4778274 -0.008661746 0.8784077 -0.4778338 -0.008576333 0.8784119 -0.4778273 -0.02641701 0.8885169 -0.4580829 -0.02637892 0.8885178 -0.4580833 -0.02623182 0.8885286 -0.4580709 -0.7890292 0.5229141 -0.3224806 -0.7889312 0.5227115 -0.3230487 -0.7889252 0.5228751 -0.3227981 -0.7944574 -0.2986613 -0.5288089 -0.8040776 -0.5176224 0.292449 -0.7895717 0.2476825 0.5614535 -0.7895997 0.2476592 0.5614243 -0.7895923 0.2476649 0.5614324 0.1350386 0.9785773 0.1554062 0.1350314 0.9785779 0.1554084 0.1349443 0.9785878 0.1554219 -0.1392658 0.4247955 0.8945132 0.05919986 0.06039232 0.9964177 -0.0826897 -0.8746555 0.4776404 0.1138945 -0.9777792 0.1759997 0.1138916 -0.9777796 0.1759998 0.1139706 -0.9777714 0.1759939 -0.148052 -0.4942172 -0.8566389 -0.1482408 -0.4941735 -0.8566313 -0.1482424 -0.4941729 -0.8566315 0.1712377 0.03045326 -0.984759 -0.1864199 0.8471804 -0.4975271 -0.8229224 0.4251605 -0.3768784 -0.8207545 -0.2464461 -0.5153897 -0.8207643 -0.2464957 -0.5153504 -0.8207671 -0.2465559 -0.5153171 -0.8268408 -0.5595249 0.05715072 -0.8162001 -0.1294713 0.5630762 -0.8232257 0.5113694 0.2465783 0.09578168 0.9723913 0.2127938 0.09590017 0.9723755 0.2128126 0.09589821 0.9723758 0.212812 -0.0538119 0.8923607 0.4481034 -0.05381208 0.8923607 0.4481034 -0.05373752 0.8923618 0.4481104 -2.44687e-4 -0.2143144 0.9767647 0.09677344 -0.3446439 0.9337321 -0.1010365 -0.9901367 0.09706175 -0.1010026 -0.9901403 0.09706026 -0.1010089 -0.9901397 0.09706026 0.1344136 -0.8927562 -0.4300226 0.1344615 -0.8927488 -0.4300229 0.1344838 -0.8927443 -0.4300253 -0.1199651 -0.4296383 -0.8949969 0.1081114 0.3668165 -0.9239901 -0.08767634 0.740016 -0.6668502 -0.8097388 0.5830081 0.06651985 -0.8097946 0.5829176 0.06663197 -0.8097959 0.5829156 0.06663393 -0.8246874 0.2559474 -0.5043628 -0.8317391 -0.3708425 -0.4131415 -0.8350874 -0.546967 0.05879032 -0.78821 -0.07394254 0.610948 0.1187748 0.7818673 0.6120263 -0.161365 -0.1072936 0.9810451 0.1186805 -0.5813506 0.8049513 0.1187011 -0.5813495 0.8049491 0.1187487 -0.5813498 0.8049418 -0.08015894 -0.9898453 0.1173921 0.1279736 -0.7993761 -0.5870441 -0.004133522 -0.6603994 -0.7509032 -0.08485472 0.4450941 -0.8914545 0.1227331 0.7358496 -0.6659294 -0.1099372 0.985065 0.1325172 -0.8226608 0.5326201 -0.1988594 -0.8198562 0.005942165 -0.5725388 -0.8161541 -0.5627197 -0.1312973 -0.8161458 -0.5627492 -0.1312227 -0.8161073 -0.5628455 -0.1310488 -0.8304705 -0.2805932 0.4812343 -0.8201478 0.3212892 0.4734244 0.1062006 0.9918896 0.06983107 0.1062189 0.9918877 0.06983143 0.1062473 0.9918845 0.06983405 -0.09930968 0.5702823 0.8154236 0.1587541 -0.02691525 0.9869512 -0.1002334 -0.5159736 0.85072 0.02426654 -0.9737833 -0.2261796 0.07737594 -0.953381 -0.291681 -0.06351464 0.003135085 -0.997976 -0.06349676 0.003135442 -0.9979771 -0.06347763 0.003134787 -0.9979783 0.06838572 0.2499251 -0.9658472 0.0683794 0.2499253 -0.9658476 0.06841534 0.2499259 -0.9658449 -0.09220314 0.9355875 -0.3408439 -0.7992771 0.4116191 -0.437865 -0.7992364 0.4117106 -0.4378534 -0.7991921 0.4117842 -0.4378653 -0.8014925 -0.417907 -0.4277426 -0.8232734 -0.4977504 0.2728839 -0.8232254 -0.4978261 0.2728904 -0.8232052 -0.4978547 0.2728995 -0.8355926 0.03553783 0.5481988 -0.8356053 0.03546154 0.5481848 -0.8355719 0.03560531 0.5482263 -0.8302293 0.4883412 0.2687792 -0.1559542 0.8703663 0.4670553 0.09758192 0.05777305 0.9935492 0.1652956 -0.03503674 0.9856215 -0.1190307 -0.8680766 0.4819488 -0.1190932 -0.8680731 0.4819397 -0.1190803 -0.8680734 0.4819425 0.1786909 -0.9079536 -0.3790646 0.1786534 -0.907958 -0.3790719 0.1786288 -0.9079616 -0.3790744 -0.09729325 -0.6873887 -0.7197436 0.03261566 0.6814104 -0.7311745 0.2167491 0.8118442 -0.5421521 -0.8140789 0.1528295 -0.5602845 -0.804019 -0.5197427 -0.2888271 -0.7630928 -0.2586848 0.5922598 -0.7812281 0.6091492 0.136455 -0.7813391 0.6090386 0.1363136 -0.7812568 0.6091244 0.1364018 0.02028977 0.9705415 0.2400784 0.02053457 0.9705205 0.2401425 0.02051103 0.9705241 0.2401298 0.03121632 0.9730523 0.2284622 0.03136938 0.9730389 0.2284983 0.0311926 0.973056 0.228449 -0.08011806 -0.3972336 0.9142137 0.06314283 -0.5493794 0.8331838 0.06308752 -0.549384 0.833185 0.06316488 -0.5493791 0.8331823 -0.06181901 -0.8830251 -0.4652369 -0.002887487 -0.8381707 -0.5454005 0.01088517 0.2075431 -0.9781654 -0.03591144 0.2782937 -0.9598245 -0.8111105 0.1398074 -0.5679383 -0.8210403 -0.4865625 -0.2985798 -0.775843 -0.383544 0.5009608 -0.7518481 0.6108827 0.2480866 0.0343874 0.9993441 0.01135456 0.03451353 0.9993395 0.01137912 0.03450304 0.9993399 0.01137506 -0.1780766 0.9117892 0.3700395 -0.177968 0.9118004 0.3700641 -0.1780677 0.9117895 0.370043 0.1537587 0.21428 0.9645945 -0.2240945 -0.5797668 0.7833595 -0.2240151 -0.5797846 0.7833691 -0.2240769 -0.5797722 0.7833606 0.1783624 -0.9839203 0.009363293 -0.09012871 -0.8523402 -0.5151632 0.06988024 0.0841161 -0.9940027 0.06983631 0.08411663 -0.9940057 0.06985592 0.08411711 -0.9940043 -0.05290442 0.2703931 -0.9612953 -0.7953676 0.4162057 -0.4406396 -0.8280741 -0.3354622 -0.4491755 -0.830708 -0.5541663 0.0531432 -0.8268437 -0.1422017 0.5441583 -0.8268493 -0.1418688 0.5442368 -0.8268286 -0.1420472 0.5442215 -0.8175596 0.4526958 0.3558973 0.03592014 0.8159656 0.5769835 0.01302301 0.797587 0.6030634 -0.07041943 -0.2667936 0.9611776 0.1115108 -0.570086 0.8139825 0.1115064 -0.5700874 0.8139821 0.111368 -0.5701132 0.8139829 -0.08283215 -0.9901609 0.1127845 0.1251776 -0.8580958 -0.4979983 0.1253053 -0.8580731 -0.4980054 0.1253196 -0.8580693 -0.4980082 -0.08694326 -0.5795971 -0.8102518 -0.03368484 0.6111196 -0.7908213 0.05088442 0.6865291 -0.7253196 -0.8081433 0.5078614 -0.2982976 -0.8081482 0.5078407 -0.2983192 -0.8081342 0.5079277 -0.2982089 -0.8088252 -0.2716168 -0.5215613 -0.830496 -0.5525583 0.07039892 -0.8305098 -0.5525377 0.07039761 -0.8305292 -0.5525081 0.07039886 -0.8337676 -0.2239824 0.504642 -0.8338506 -0.2238558 0.5045611 -0.8339179 -0.2236775 0.5045289 -0.8196544 0.4029489 0.4071841 0.1001571 0.9913434 0.08489394 0.1002033 0.9913385 0.08489674 0.100221 0.9913364 0.08489954 -0.1158215 0.6997428 0.7049436 0.1645649 -0.04604399 0.9852911 0.1647108 -0.04606622 0.9852657 0.1647229 -0.04607021 0.9852635 -0.04652839 -0.4000251 0.9153224 -0.07657164 -0.9884703 0.1306276 -0.07657337 -0.98847 0.1306275 -0.07650417 -0.9884747 0.1306326 0.1785444 -0.9256014 -0.3337423 -0.1398547 -0.4291439 -0.8923432 0.1131142 0.3578514 -0.9269022 0.1131706 0.3578535 -0.9268944 0.1131847 0.3578556 -0.926892 -0.1267647 0.8430073 -0.522752 -0.7676845 0.1182217 -0.6298288 -0.7675526 0.1178258 -0.6300636 -0.767575 0.1180379 -0.6299967 -0.7972733 -0.6015216 -0.05027222 -0.8193818 -0.1591321 0.5507182 -0.7795372 0.5736384 0.2515171 0.1647468 0.9859112 -0.02894181 -0.1224301 0.9189504 0.3748882 -0.122445 0.9189484 0.374888 -0.1223738 0.918956 0.3748927 0.09536916 -0.3756406 0.9218454 0.1882315 -0.2694086 0.9444511 -0.1990764 -0.9751688 -0.09702903 -0.1990306 -0.9751777 -0.09703379 -0.1990453 -0.9751747 -0.09703296 0.2645359 -0.5096631 -0.8186968 -0.2002943 0.190885 -0.9609605 -0.2001854 0.1909093 -0.9609785 -0.2002913 0.1908862 -0.960961 -0.8329367 0.3867193 -0.3958089 -0.832908 0.3867599 -0.3958296 -0.83292 0.3867433 -0.3958206 -0.8119687 -0.2518746 -0.5265607 -0.7966864 -0.5534693 0.2428219 -0.8226975 0.1131168 0.5571117 -0.8331013 0.5402937 0.1184279 -0.8330788 0.5403276 0.1184313 -0.8331048 0.5402883 0.1184271 -0.1197692 0.9687895 0.2170312 0.09904593 0.195779 0.9756334 0.09890878 0.1957529 0.9756525 0.09887886 0.1957384 0.9756585 0.04659312 0.2617322 0.9640153 -0.0610693 -0.9204396 0.3860849 -0.06105971 -0.9204403 0.3860849 -0.06102132 -0.9204418 0.3860874 -0.02887743 -0.9389766 0.342767 0.05482423 -0.6124343 -0.7886182 -0.07131111 -0.4466353 -0.8918698 -0.07112866 -0.4466111 -0.8918964 -0.07133173 -0.4466424 -0.8918645 0.01362675 0.6920481 -0.7217229 0.1633428 0.8394888 -0.5182448 -0.8312309 0.5365586 -0.145465 -0.8312264 0.5365653 -0.1454665 -0.8312522 0.536527 -0.1454597 -0.8333786 0.1491296 -0.5322035 -0.82406 -0.4244407 -0.3752001 -0.8042801 -0.4974005 0.3251562 -0.8031182 0.3024787 0.5133301 -0.1662356 0.4936926 0.8536003 0.1300182 -0.04097282 0.9906647 -0.1034603 -0.8257163 0.5545167 0.0799058 -0.9758346 0.2033767 -0.1184399 -0.7499557 -0.6507983 -0.1185157 -0.7499428 -0.6507995 -0.1185102 -0.7499441 -0.6507989 0.1461979 -0.1999696 -0.9688335 -0.06522196 0.2765928 -0.9587714 -0.06525886 0.2765929 -0.9587689 -0.06519883 0.2765937 -0.9587727 0.0326156 0.9666246 -0.2541126 0.03259319 0.9666255 -0.2541122 0.03266441 0.9666214 -0.2541186 0.1225779 0.9859195 -0.113743 -0.8189394 0.5575267 -0.1360233 -0.8144646 -0.04311501 -0.5786094 -0.8143766 -0.04322463 -0.578725 -0.8144164 -0.04316461 -0.5786734 -0.8261896 -0.5408629 -0.1577287 -0.821408 -0.3412982 0.4569513 -0.8214679 -0.3412507 0.4568789 -0.8214074 -0.3412989 0.456952 -0.8227434 0.3325636 0.4609717 -0.8227546 0.332566 0.46095 -0.8226948 0.3325218 0.4610885 -0.03931081 0.5797811 0.8138235 0.04818743 0.4480698 0.892699 -0.04595524 -0.5985177 0.7997904 0.08360981 -0.7689161 0.6338592 0.08361059 -0.7689161 0.6338592 0.08366167 -0.7689146 0.6338543 -0.1091279 -0.9560016 -0.2723087 0.1736659 -0.5441439 -0.8208214 -0.1139367 -0.05674928 -0.9918659 0.07694578 0.9348828 -0.3465162 0.01264113 0.9663693 -0.2568476 -0.8302848 0.5354166 -0.1547788 -0.8340287 0.09626793 -0.5432574 -0.8245779 -0.4361143 -0.3603827 -0.7885903 -0.4445574 0.4248459 -0.8185508 0.3903516 0.4214264 -0.01296198 0.6532338 0.7570454 0.268804 0.2924587 0.9177213 -0.228645 -0.6971518 0.6794857 0.2002885 -0.9244255 -0.3245339 -0.009535014 -0.7815516 -0.6237677 -0.05139416 0.1761901 -0.9830136 0.1944913 0.6207355 -0.7595135 -0.1033249 0.9536431 -0.2826461 -0.1033357 0.9536421 -0.2826457 -0.1032731 0.9536489 -0.2826456 -0.8268625 0.5473806 -0.1291237 -0.8268574 0.5473852 -0.1291374 -0.8268229 0.5474195 -0.129213 -0.8148005 0.1014611 -0.5707942 -0.7289798 -0.6845343 0.001202702 -0.7766126 0.2015897 0.5968538 -0.7764816 0.2017067 0.5969848 -0.7765228 0.2016586 0.5969474 0.09926378 0.9685822 0.2280251 0.099298 0.9685786 0.228025 0.09935998 0.9685714 0.2280288 -0.1366081 0.2977902 0.9448065 0.02047747 0.04842644 0.9986169 0.02042323 0.0484234 0.9986181 0.02048587 0.04842638 0.9986167 -0.02608662 -0.9981616 0.05470746 -0.02620989 -0.9981576 0.05472248 -0.02606636 -0.9981622 0.05470716 -0.06784278 -0.9976563 0.008902728 0.001299738 0.1392776 -0.9902526 0.001072168 0.1393303 -0.9902454 0.001037538 0.1393477 -0.990243 0.09724593 0.2660421 -0.9590438 0.09725189 0.2660393 -0.9590439 0.09710919 0.266074 -0.9590488 -0.09197449 0.9731605 -0.2109487 -0.09209656 0.9731525 -0.2109324 -0.09209632 0.9731525 -0.2109324 -0.7972056 0.5547261 -0.2382063 -0.7616751 -0.3156971 -0.5658504 -0.7921009 -0.4653471 0.3950039 -0.792101 -0.4653472 0.3950037 -0.7920888 -0.4653478 0.3950277 -0.8184231 0.2982784 0.4911351 -0.8184314 0.2983191 0.4910966 -0.8184342 0.2983636 0.4910649 0.1129665 0.5185102 0.8475764 0.2220505 0.3889167 0.8941127 -0.2216549 -0.7552703 0.6167948 -0.2217499 -0.7552616 0.6167714 -0.2217422 -0.7552617 0.6167742 0.2219195 -0.9488794 -0.2244543 0.2218968 -0.9488831 -0.2244611 0.2218286 -0.9488965 -0.2244719 -0.2004855 -0.4870358 -0.8500599 -0.2005532 -0.4870219 -0.8500518 -0.2005254 -0.4870291 -0.8500543 0.2008721 0.5206235 -0.8298202 -0.1638938 0.9047256 -0.3932055 -0.1639173 0.9047223 -0.3932031 -0.1638762 0.9047284 -0.3932063 -0.8259612 0.1789131 -0.5345823 -0.8323936 -0.3670901 -0.4151697 -0.8144406 -0.5307237 0.2345615 -0.8145016 -0.5306804 0.2344473 -0.8145186 -0.5306652 0.2344225 -0.8188997 0.1032873 0.5645664 -0.8100875 0.5836098 0.05619633 -0.1052083 0.990449 0.08911865 -0.1052921 0.9904391 0.08912897 -0.1052846 0.9904401 0.08912712 0.11009 0.8351264 0.5389288 0.1101328 0.8351213 0.5389279 0.11017 0.8351153 0.5389297 -0.134643 0.1722515 0.9758077 0.1596921 -0.5842027 0.7957423 -0.1122244 -0.9099254 0.3993013 -0.1122698 -0.9099214 0.3992977 -0.1122093 -0.9099271 0.3993018 0.08966225 -0.7163819 -0.6919232 0.0502156 -0.6757263 -0.7354403 -0.09253752 0.3265927 -0.9406244 0.115024 0.6902833 -0.7143378 0.1150156 0.6902856 -0.7143369 0.1148953 0.6903065 -0.7143362 -0.8093863 0.4518878 -0.3750885 -0.8248847 -0.1871075 -0.533438 -0.8283002 -0.5594103 0.03128772 -0.833644 -0.2683451 0.4827303 -0.8042916 0.3965733 0.4425434 0.08991116 0.9273364 0.3632675 0.09005254 0.9273167 0.3632829 0.09004855 0.9273175 0.3632819 -0.1362189 0.6732444 0.7267644 0.1410355 -0.374468 0.9164512 0.1412236 -0.3744942 0.9164115 0.1412227 -0.3744938 0.9164118 0.06275993 -0.4791447 0.8754894 -0.141881 -0.9892073 0.03659027 -0.1419634 -0.9891958 0.03658062 -0.1419631 -0.9891959 0.03658068 0.1863814 -0.7209021 -0.6675045 -0.06419253 -0.3466201 -0.9358065 -0.06403172 -0.3465996 -0.9358251 -0.06420952 -0.3466255 -0.9358034 0.03085708 0.7840186 -0.61997 0.03082746 0.7840195 -0.6199702 0.03093731 0.7840101 -0.6199767 -0.08204573 0.6807903 -0.7278689 -0.08199322 0.6807745 -0.7278896 -0.08231276 0.6808161 -0.7278147 -0.798232 0.5960545 -0.08686095 -0.7851701 -0.1316208 -0.6051315 -0.7851049 -0.1316977 -0.6051992 -0.7851373 -0.1316532 -0.6051669 -0.78772 -0.5993067 0.1425787 -0.8064759 0.1795647 0.5633411 0.1513288 0.7180628 0.6793273 0.1514227 0.7180429 0.6793274 0.1514331 0.7180395 0.6793287 -0.1349692 0.2718139 0.9528382 -0.1348692 0.2718001 0.9528563 -0.1349664 0.271813 0.9528388 0.1166829 -0.7694196 0.6279957 0.1169793 -0.7694263 0.6279325 0.1169787 -0.7694262 0.6279327 -0.1355761 -0.9583836 0.2512372 -0.1356085 -0.9583798 0.2512338 -0.1355683 -0.9583846 0.2512375 0.1071929 -0.6793658 -0.7259283 -0.1594541 -0.1982236 -0.9670997 -0.1593223 -0.1982078 -0.9671247 -0.1594367 -0.1982193 -0.9671035 0.1450756 0.6332174 -0.7602558 -0.1630994 0.9737966 -0.1584894 -0.1629736 0.9738196 -0.1584777 -0.163084 0.9737997 -0.1584861 -0.8335222 0.5493512 -0.05877143 -0.8286686 0.1938509 -0.5251001 -0.8263303 -0.3924925 -0.4038911 -0.8263102 -0.3925119 -0.4039135 -0.8262395 -0.3925566 -0.4040144 -0.7891765 -0.5319766 0.3069226 -0.7891488 -0.5320011 0.3069512 -0.7891744 -0.5319785 0.3069245 -0.811849 0.3086202 0.4956356 -0.1235727 0.4910284 0.8623346 -0.1235764 0.4910283 0.8623341 -0.1235038 0.4910356 0.8623403 0.2344111 -0.04891097 0.9709064 -0.1836931 -0.8354511 0.517956 0.1809953 -0.8779726 -0.4431759 -0.02732366 -0.6933527 -0.7200802 -0.06964933 0.3499422 -0.9341785 -0.06976073 0.349957 -0.9341646 -0.06977581 0.3499619 -0.9341617 0.255838 0.8017669 -0.5401083 -0.03118622 0.992977 -0.1141234 -0.7976482 0.6005714 -0.055422 -0.7977705 0.6004052 -0.05546319 -0.7976672 0.6005449 -0.05543506 -0.757884 -0.144307 -0.636229 -0.7938427 -0.5461461 0.2674666 -0.7937373 -0.5462152 0.2676381 -0.7937653 -0.546205 0.267576 -0.8185786 0.1494345 0.5546157 0.01380473 0.2610734 0.9652203 0.01378816 0.261073 0.9652206 0.01385611 0.2610796 0.9652179 0.160306 0.052621 0.9856638 0.1603313 0.05262011 0.9856597 0.1603888 0.0526129 0.9856507 -0.1926155 -0.8950804 0.4021573 0.2567801 -0.8631016 -0.434879 -0.2445042 -0.2286235 -0.9423105 0.2065245 0.8562996 -0.4733905 0.2064852 0.8563094 -0.4733902 0.2064644 0.8563135 -0.4733917 -0.07205402 0.991879 -0.1048066 -0.8021754 0.3705331 -0.4682093 -0.8022352 0.3704766 -0.4681517 -0.8022815 0.3704149 -0.4681209 -0.7790122 -0.5450221 -0.3099853 -0.7874973 -0.2999166 0.5384218 -0.8077416 0.5214878 0.274962 -0.8076487 0.5216389 0.2749481 -0.8076906 0.5215666 0.2749626 0.2300976 0.9319303 0.2802877 0.2302279 0.9318928 0.2803055 0.2302324 0.9318912 0.2803071 0.06031507 0.8734223 0.483214 -0.1358719 -0.4651275 0.8747544 0.1843498 -0.7946791 0.5783601 0.1843473 -0.7946801 0.5783596 0.184221 -0.7947143 0.5783528 -0.1708459 -0.8410659 -0.5132446 -0.1710345 -0.8410241 -0.5132504 -0.1710284 -0.8410259 -0.5132493 0.2016 -0.3080987 -0.9297487 -0.2085611 0.5824248 -0.785674 -0.2083609 0.5824677 -0.7856953 -0.2085379 0.5824322 -0.7856748 -0.8325455 0.4276106 -0.3521608 -0.821747 -0.1183112 -0.5574356 -0.8192272 -0.57337 -0.01066654 -0.8211247 -0.219516 0.5268462 -0.8109278 0.4861365 0.3256799 0.1084885 0.9940689 -0.007565796 0.1085558 0.9940616 -0.007558822 0.1085674 0.9940605 -0.0075562 -0.1219571 0.8228544 0.555011 0.1256604 0.2115572 0.9692538 -0.120892 -0.3697491 0.9212334 0.1181311 -0.9805965 0.1564466 0.1180584 -0.9806058 0.1564438 0.1180616 -0.9806053 0.1564437 -0.008009254 -0.9995046 -0.03043746 -0.007644712 -0.9995052 -0.03051263 -0.008064508 -0.9995049 -0.03041213 -0.04415404 -0.217941 -0.9749627 0.1185523 0.04809474 -0.9917824 -0.09642231 0.7753173 -0.6241682 -0.8188498 0.3918393 -0.4194607 -0.8210895 -0.306197 -0.4817214 -0.8246293 -0.5587897 0.08798229 -0.8142922 -0.0267837 0.579837 -0.8289974 0.5213068 0.2024907 0.05791723 0.9278717 0.3683744 0.05785834 0.927874 0.3683782 0.05800974 0.927873 0.3683567 0.06697636 0.9227941 0.3794277 -0.07009518 -0.05479252 0.9960345 0.1044933 -0.3510173 0.9305203 0.1045061 -0.351017 0.930519 0.1045567 -0.3510189 0.9305126 -0.120094 -0.9777366 0.1720712 -0.1199709 -0.9777525 0.1720672 -0.1200298 -0.9777453 0.1720671 0.116329 -0.9208211 -0.3722311 -0.09679329 -0.5257577 -0.8451094 0.1366428 0.255515 -0.9571002 -0.1191937 0.6736442 -0.7293809 -0.7954909 0.2638504 -0.5455065 -0.766768 -0.6149199 -0.1842289 -0.8015861 -0.1016283 0.5891786 -0.8087128 0.5555211 0.1933389 -0.03561478 0.9441038 0.327719 -0.03561061 0.9441039 0.327719 -0.03550672 0.9441097 0.3277134 0.04634481 0.897208 0.4391697 -0.05496209 -0.1965923 0.9789437 0.03927129 -0.3337103 0.9418573 0.03923189 -0.3337123 0.9418582 0.03929615 -0.3337105 0.9418562 -0.07517039 -0.9552431 -0.2861121 -0.00249058 -0.9276356 -0.3734785 -0.002865135 0.4199286 -0.9075527 0.00360912 0.4124609 -0.9109683 -0.8316127 0.4610579 -0.3095902 -0.8310354 -0.0325672 -0.5552653 -0.8305833 -0.5175027 -0.2057239 -0.8117734 -0.4199356 0.4058057 -0.7851929 0.4467228 0.4288487 0.124801 0.9784813 0.164314 -0.157 0.6986011 0.6980743 0.1602994 -0.1083447 0.9811043 -0.1592916 -0.690019 0.7060454 0.120989 -0.9219691 -0.3678786 0.02572584 -0.9674084 -0.2519112 -0.02112871 -0.06004792 -0.997972 0.09286147 0.1654505 -0.9818365 -0.1146556 0.8271785 -0.5501182 -0.8143267 0.5208199 -0.2561616 -0.8309418 -0.09477174 -0.5482283 -0.8309362 -0.0948823 -0.5482175 -0.8309149 -0.09499835 -0.5482299 -0.8305326 -0.5249942 -0.1860021 -0.8149323 -0.3508662 0.4612789 -0.8151416 0.3738045 0.4425094 0.1232444 0.9487092 0.2911388 -0.1244963 0.6355431 0.7619618 0.1102949 -0.2283087 0.9673211 0.1103906 -0.2283201 0.9673076 0.1103955 -0.2283214 0.9673067 -0.09784293 -0.5991476 0.7946377 0.100203 -0.9733914 -0.2060788 0.01681232 -0.9444899 -0.3281099 -0.09476923 -0.1595484 -0.9826307 -0.09475517 -0.1595482 -0.9826321 -0.0947346 -0.159549 -0.982634 0.1498108 0.3318169 -0.9313723 0.1497985 0.3318207 -0.931373 0.1497155 0.331835 -0.9313812 -0.1236224 0.8881002 -0.4427138 -0.7531393 -0.159242 -0.6382973 -0.7984746 -0.5534393 0.2369462 -0.7984176 -0.5535042 0.2369864 -0.7984336 -0.5534871 0.2369726 -0.8226837 0.1209911 0.5554753 -0.8226813 0.121087 0.5554578 -0.8226652 0.1212196 0.555453 -0.7870395 0.6165219 -0.02166926 -0.1683005 0.9840759 -0.05718028 0.1378214 0.4253281 0.8944839 -0.01744562 0.202939 0.979036 -0.03834521 -0.9251483 0.3776643 0.01736366 -0.9512109 0.3080529 0.01731413 -0.9512128 0.3080497 0.01736563 -0.9512108 0.3080529 -0.005672693 -0.45719 -0.8893511 -0.1584642 -0.2370494 -0.9584867 -0.158341 -0.2370306 -0.9585117 -0.1584652 -0.2370498 -0.9584864 0.1324508 0.8197839 -0.5571455 -0.8150191 0.2351868 -0.5295574 -0.8117841 -0.4457368 -0.3772606 -0.8117018 -0.4460414 -0.3770773 -0.8117175 -0.4459245 -0.3771818 -0.7653447 -0.3891807 0.5126266 -0.7711806 0.5789481 0.2647631 -0.1707094 0.8934083 0.415548 0.1343724 0.4609238 0.8772078 0.1343556 0.4609209 0.8772118 0.1342461 0.4609165 0.877231 -0.2135728 -0.5848454 0.7825232 0.1638068 -0.9431212 0.2892919 -0.1273079 -0.7691916 -0.6262084 0.1319631 -0.2378852 -0.962287 -0.1389892 0.4215713 -0.8960801 0.1110943 0.952744 -0.2827313 -0.7776471 0.06650018 -0.6251741 -0.8262099 -0.5503842 -0.1202272 -0.807853 -0.3233886 0.4927408 -0.7373776 0.6311424 0.2406938 0.1304452 0.9913622 0.01360213 -0.1471616 0.9197298 0.3639241 0.1306544 -0.3782237 0.9164476 0.1308722 -0.3782621 0.9164009 0.1308614 -0.3782575 0.9164043 0.01685583 -0.5079433 0.8612256 -0.1215067 -0.9650683 -0.2321191 -0.1215021 -0.9650689 -0.2321193 -0.1214488 -0.9650757 -0.2321187 0.2664728 -0.52154 -0.8105483 -0.1711177 0.1086854 -0.9792377 -0.7999867 0.2483263 -0.5462193 -0.8049392 -0.5300056 -0.2667714 -0.8049554 -0.5299406 -0.2668519 -0.8049482 -0.5299635 -0.2668282 -0.7932087 -0.3563944 0.4937642 -0.7721488 0.571826 0.2771309 -0.7721377 0.5718446 0.2771235 -0.7721618 0.5718052 0.2771373 -0.1761333 0.8776844 0.4456985 0.2865276 0.3821595 0.8785535 -0.2115321 -0.5443162 0.8117722 0.1620461 -0.9603616 -0.2268189 -0.01682311 -0.8811408 -0.4725547 0.004784286 0.5314402 -0.8470823 0.1339099 0.4018614 -0.9058563 -0.8122414 0.3556616 -0.4623515 -0.8125497 0.3552263 -0.4621442 -0.8123377 0.355499 -0.4623071 -0.7910634 -0.4605296 -0.4026556 -0.8147516 -0.4230021 0.3965464 -0.8369457 0.1876161 0.5141228 -0.8367559 0.5247558 0.1564317 -0.8367606 0.5247545 0.1564112 -0.8367779 0.5247555 0.1563155 0.1182734 0.9929726 0.004086375 -0.02333235 0.9613598 0.2743048 -0.03545367 0.3345668 0.9417049 0.1455025 -0.03416734 0.9887677 -0.1501973 -0.7236244 0.6736532 -0.1502604 -0.7236214 0.6736423 -0.1502424 -0.7236214 0.6736463 0.1341465 -0.9804291 -0.1440956 -0.1440777 -0.7402883 -0.6566695 0.1252098 0.03112381 -0.991642 -0.1386193 0.5966638 -0.7904284 -0.8205697 0.3090737 -0.4807689 -0.8204993 0.3091389 -0.4808474 -0.8205101 0.3091304 -0.4808344 -0.8313006 -0.3145309 -0.4582681 -0.8230136 -0.5643324 0.06463563 -0.8107096 -0.04247289 0.5839059 -0.8155658 0.5480723 0.1856594 0.02874135 0.9487334 0.3147681 0.003283083 0.9593826 0.2820892 0.004163563 -0.05320596 0.9985749 0.004313528 -0.05324131 0.9985724 0.004296243 -0.05323326 0.998573 -0.01554 -0.08169269 0.9965364 -0.0205686 -0.9913619 0.1295323 0.1031363 -0.992173 -0.0703966 0.1031364 -0.992173 -0.07039654 0.1029319 -0.9921914 -0.07043594 -0.09829056 -0.5602582 -0.8224657 0.1504555 0.1692522 -0.974021 0.1504237 0.1692576 -0.974025 0.1503924 0.1692599 -0.9740294 -0.0815078 0.5448518 -0.8345617 -0.7420984 -0.03644394 -0.6692995 -0.8091454 -0.5735216 0.1278938 -0.8256878 -0.08984512 0.5569269 -0.7732427 0.611162 0.1690472 -0.1446009 0.9618985 0.2320388 0.01473259 0.8750849 0.4837453 0.01468634 0.875084 0.4837484 0.0147314 0.8750849 0.4837453 -0.01891517 -0.4544172 0.8905882 -0.01873308 -0.4544667 0.8905668 -0.01875382 -0.4544554 0.890572 0.2646315 -0.1486119 0.9528298 0.2647803 -0.1486421 0.9527838 0.2645931 -0.1485897 0.952844 -0.1956646 -0.9625149 0.1878312 0.1805025 -0.6348987 -0.7512141 -0.2062227 -0.04173749 -0.9776145 0.106952 0.7445271 -0.6589695 -0.05070179 0.9126335 -0.4056224 -0.1244459 -0.002089142 0.9922242 -0.2425357 0 0.9701426 -0.1240347 0 -0.992278 0.1232084 -0.004190742 -0.992372 -0.1961155 0.9805808 0 0 0.9999203 -0.0126304 1 0 0 -0.217992 -0.9758555 -0.01362448 0 -1 0 -1 0 0 -1 0 0 -1 0 0 -1 0 0 -1 3.52978e-7 0 -1 0 0 -1 0 0 -1 0 0 -1 0 0 -1 0 0 -1 0 0 -1 0 0 -1 -2.91061e-7 0 -1 0 0 -1 0 0 -1 5.86089e-7 0 -1 0 0 -1 0 0 -1 0 0 -1 4.61956e-7 0 -1 -2.44977e-7 0 -1 0 0 -1 -1.88042e-7 0 -1 0 0 -1 0 0 -1 0 0 -1 0 0 -1 0 0 -1 0 0 -1 0 0 -1 0 0 -1 0 0 -1 0 0 -1 0 0 -1 0 0 -1 0 0 -1 0 0 -1 0 0 -1 0 0 -1 2.08537e-7 0 -1 0 0 -1 0 0 -1 0 0 -1 0 0 -1 0 0 -1 0 0 -1 0 0 -1 0 0 -1 -1.69448e-7 0 -1 0 0 -1 0 0 -1 0 0 -1 0 0 -1 0 0 -1 0 0 -1 0 0 -1 -6.57298e-7 0 -1 0 0 -1 0 0 -1 0 0 -1 0 0 -1 0 0 -1 -1.92242e-7 0 -1 0 0 -1 -2.4918e-7 0 -1 0 0 -1 0 0 -1 0 0 -1 0 0 -1 0 0 -1 -4.29721e-7 0 -1 0 0 -1 -3.30681e-7 0 -1 0 0 -1 5.5893e-7 0 -1 0 0 -1 0 0 -1 6.8652e-7 0 -1 -5.36659e-7 0 -1 4.54453e-7 0 -1 0 0 -1 0 0 -1 0 0 -1 4.29473e-7 0 -1 0 0 -1 4.61915e-7 0 -1 0 0 -1 0 0 -1 1.62545e-6 0 -1 0 0 -1 0 0 -1 0 0 -1 0 0 -1 0 0 -1 0 0 -1 0 0 -1 0 0 -1 -2.63877e-7 0 -1 0 0 -1 0 0 -1 0 0 -1 0 0 -1 0 0 -1 0 0 -1 0 0 -1 0 0 -1 0 0 -1 0 0 -1 0 0 -1 0 0 -1 0 0 -1 0 0 -1 0 0 -1 0 0 -1 0 0 -1 0 0 -1 0 0 -1 0 0 -1 0 0 -1 0 0 -1 0 0 0 0 1 -0.08304548 0 -0.9965458 -0.1648027 0.002076745 -0.9863244</float_array>
          <technique_common>
            <accessor source="#Part__Feature021_002-mesh-normals-array" count="1022" stride="3">
              <param name="X" type="float"/>
              <param name="Y" type="float"/>
              <param name="Z" type="float"/>
            </accessor>
          </technique_common>
        </source>
        <vertices id="Part__Feature021_002-mesh-vertices">
          <input semantic="POSITION" source="#Part__Feature021_002-mesh-positions"/>
        </vertices>
        <triangles material="Part__Feature021_002-material" count="794">
          <input semantic="VERTEX" source="#Part__Feature021_002-mesh-vertices" offset="0"/>
          <input semantic="NORMAL" source="#Part__Feature021_002-mesh-normals" offset="1"/>
          <p>1 0 2 0 0 0 0 1 2 2 3 3 0 4 3 5 4 6 4 7 1 7 0 7 8 8 1 9 5 10 1 11 4 11 5 11 5 12 4 12 6 12 4 13 3 13 6 13 6 14 3 14 7 14 3 15 2 15 7 15 7 16 2 16 8 16 2 17 1 17 8 17 10 18 11 18 9 18 11 19 12 19 9 19 12 20 13 21 9 22 13 23 14 23 9 23 14 24 10 25 9 26 17 27 10 28 15 29 10 30 14 31 15 32 14 33 13 34 15 35 15 36 13 36 16 36 13 37 12 37 16 37 12 38 11 39 16 40 16 41 11 41 17 41 11 42 10 42 17 42 18 43 20 43 19 43 20 44 21 44 19 44 21 45 22 45 19 45 22 46 18 47 19 48 26 49 18 50 23 51 18 52 22 53 23 54 23 55 22 55 24 55 22 56 21 56 24 56 24 57 21 57 25 57 21 58 20 58 25 58 25 59 20 59 26 59 20 60 18 60 26 60 27 61 30 62 28 63 30 64 29 65 28 66 29 67 31 67 28 67 31 68 27 68 28 68 34 69 27 70 32 71 27 72 31 72 32 72 32 73 31 74 33 75 31 76 29 77 33 78 29 79 30 79 33 79 33 80 30 81 34 82 30 83 27 84 34 85 35 86 36 87 38 88 36 89 37 90 38 91 37 92 39 92 38 92 39 93 35 93 38 93 35 94 39 94 42 94 42 95 39 96 40 97 39 98 37 98 40 98 40 99 37 99 41 99 37 100 36 100 41 100 41 101 36 101 42 101 36 102 35 102 42 102 44 103 45 104 43 105 45 106 46 106 43 106 43 107 46 107 47 107 47 108 48 108 43 108 48 109 44 109 43 109 44 110 48 110 52 110 52 111 48 112 49 113 48 114 47 114 49 114 49 115 47 115 50 115 47 116 46 117 50 118 50 119 46 119 51 119 46 120 45 121 51 122 45 123 44 124 51 125 51 126 44 126 52 126 53 127 55 128 54 129 54 130 55 131 56 132 56 133 58 133 54 133 58 134 57 135 54 136 54 137 57 138 53 139 62 140 53 140 59 140 53 141 57 142 59 143 59 144 57 144 60 144 57 145 58 145 60 145 60 146 58 147 61 148 58 149 56 150 61 151 56 152 55 152 61 152 61 153 55 153 62 153 55 154 53 155 62 156 64 157 65 157 63 157 63 158 65 158 66 158 66 159 67 159 63 159 67 160 64 160 63 160 64 161 67 162 71 163 71 164 67 165 68 166 67 167 66 167 68 167 68 168 66 168 69 168 66 169 65 170 69 171 69 172 65 172 70 172 70 173 65 174 71 175 65 176 64 177 71 178 74 179 73 180 72 181 73 182 75 182 72 182 72 183 75 183 76 183 72 184 76 185 74 186 80 187 74 188 77 189 74 190 76 190 77 190 77 191 76 191 78 191 76 192 75 192 78 192 78 193 75 194 79 195 75 196 73 197 79 198 79 199 73 199 80 199 73 200 74 200 80 200 81 201 83 201 85 201 83 202 82 203 85 204 82 205 84 205 85 205 84 206 86 206 85 206 86 207 81 207 85 207 90 208 81 209 87 210 81 211 86 212 87 213 86 214 84 214 87 214 87 215 84 215 88 215 84 216 82 217 88 218 88 219 82 220 89 221 82 222 83 222 89 222 89 223 83 223 90 223 83 224 81 224 90 224 96 225 91 226 95 227 95 228 91 228 93 228 95 229 93 229 92 229 92 230 94 230 95 230 94 231 96 231 95 231 100 232 96 232 97 232 96 233 94 233 97 233 97 234 94 235 98 236 94 237 92 237 98 237 98 238 92 238 99 238 92 239 93 239 99 239 93 240 91 240 99 240 99 241 91 241 100 241 91 242 96 242 100 242 102 243 104 243 101 243 104 244 103 244 101 244 103 245 105 246 101 247 105 248 106 248 101 248 106 249 102 249 101 249 110 250 102 251 107 252 102 253 106 253 107 253 107 254 106 254 108 254 106 255 105 255 108 255 105 256 103 256 108 256 108 257 103 257 109 257 103 258 104 259 109 260 109 261 104 262 110 263 104 264 102 264 110 264 111 265 113 266 112 267 113 268 114 268 112 268 114 269 115 270 112 271 115 272 116 273 112 274 116 275 111 275 112 275 111 276 116 276 119 276 116 277 115 277 119 277 119 278 115 278 117 278 115 279 114 280 117 281 117 282 114 283 118 284 114 285 113 285 118 285 113 286 111 286 118 286 118 287 111 287 119 287 121 288 122 288 120 288 122 289 123 289 120 289 123 290 124 290 120 290 124 291 121 292 120 293 128 294 121 295 125 296 121 297 124 298 125 299 124 300 123 300 125 300 125 301 123 302 126 303 123 304 122 304 126 304 126 305 122 305 127 305 127 306 122 306 128 306 122 307 121 307 128 307 131 308 130 308 129 308 130 309 132 309 129 309 132 310 133 310 129 310 133 311 131 311 129 311 137 312 131 313 134 314 131 315 133 316 134 317 134 318 133 318 135 318 133 319 132 320 135 321 135 322 132 322 136 322 132 323 130 323 136 323 136 324 130 325 137 326 130 327 131 327 137 327 139 328 140 328 138 328 140 329 141 329 138 329 141 330 142 330 138 330 142 331 143 332 138 333 143 334 139 334 138 334 147 335 139 335 144 335 139 336 143 336 144 336 143 337 142 337 144 337 144 338 142 339 145 340 142 341 141 341 145 341 145 342 141 343 146 344 141 345 140 345 146 345 146 346 139 346 147 346 140 347 139 347 146 347 148 348 149 349 150 350 150 351 151 351 148 351 151 352 152 353 148 354 152 355 153 356 148 357 153 358 149 358 148 358 157 359 149 360 154 361 149 362 153 362 154 362 154 363 153 364 155 365 153 366 152 366 155 366 152 367 151 368 155 369 155 370 151 370 156 370 151 371 150 371 156 371 156 372 150 373 157 374 150 375 149 375 157 375 158 376 160 377 159 378 160 379 161 379 159 379 159 380 161 380 162 380 162 381 158 381 159 381 165 382 158 382 163 382 158 383 162 384 163 385 163 386 162 386 164 386 162 387 161 387 164 387 161 388 160 389 164 390 164 391 160 391 165 391 160 392 158 393 165 394 168 395 169 396 166 397 169 398 167 398 166 398 167 399 170 399 166 399 170 400 171 400 166 400 171 401 168 402 166 403 168 404 171 404 175 404 171 405 170 406 175 407 175 408 170 408 172 408 170 409 167 410 172 411 172 412 167 412 173 412 173 413 167 413 174 413 167 414 169 415 174 416 169 417 168 417 174 417 174 418 168 418 175 418 176 419 178 420 177 421 178 422 179 422 177 422 179 423 180 423 177 423 180 424 181 424 177 424 177 425 181 425 176 425 176 426 181 426 185 426 185 427 181 427 182 427 181 428 180 428 182 428 182 429 180 429 183 429 180 430 179 431 183 432 183 433 179 433 184 433 179 434 178 435 184 436 178 437 176 438 184 439 184 440 176 440 185 440 187 441 186 441 188 441 188 442 190 443 187 444 190 445 189 445 187 445 189 446 191 447 187 448 187 449 191 450 186 451 186 452 191 452 195 452 195 453 191 453 192 453 191 454 189 454 192 454 192 455 189 456 193 457 189 458 190 458 193 458 193 459 190 459 194 459 190 460 188 460 194 460 194 461 188 461 195 461 188 462 186 462 195 462 196 463 199 463 197 463 199 464 198 464 197 464 198 465 200 465 197 465 200 466 201 466 197 466 201 467 196 467 197 467 196 468 201 468 204 468 204 469 201 469 202 469 201 470 200 470 202 470 202 471 200 471 203 471 200 472 198 472 203 472 198 473 199 473 203 473 203 474 199 474 204 474 199 475 196 476 204 477 205 478 207 479 206 480 207 481 208 481 206 481 208 482 209 482 206 482 209 483 205 484 206 485 213 486 205 487 210 488 205 489 209 489 210 489 210 490 209 491 211 492 211 493 209 494 212 495 209 496 208 496 212 496 208 497 207 498 212 499 212 500 207 501 213 502 207 503 205 504 213 505 214 506 216 506 215 506 216 507 217 507 215 507 217 508 218 509 215 510 218 511 214 512 215 513 214 514 218 514 221 514 221 515 218 515 219 515 218 516 217 517 219 518 219 519 217 520 220 521 217 522 216 523 220 524 220 525 216 525 221 525 216 526 214 527 221 528 224 529 223 529 222 529 222 530 223 530 225 530 225 531 226 532 222 533 226 534 227 534 222 534 227 535 224 535 222 535 224 536 227 537 231 538 231 539 227 540 228 541 227 542 226 542 228 542 228 543 226 543 229 543 226 544 225 545 229 546 229 547 225 547 230 547 225 548 223 548 230 548 223 549 224 549 230 549 230 550 224 551 231 552 237 553 233 553 232 553 233 554 234 554 232 554 234 555 235 555 232 555 235 556 236 556 232 556 236 557 237 557 232 557 241 558 237 559 238 560 237 561 236 561 238 561 238 562 236 563 239 564 236 565 235 565 239 565 235 566 234 567 239 568 239 569 234 569 240 569 234 570 233 571 240 572 233 573 237 574 240 575 240 576 237 577 241 578 246 579 243 579 242 579 243 580 244 581 242 582 244 583 245 583 242 583 242 584 245 584 246 584 250 585 246 586 247 587 246 588 245 589 247 590 247 591 245 592 248 593 245 594 244 595 248 596 248 597 244 597 249 597 244 598 243 599 249 600 249 601 243 601 250 601 243 602 246 603 250 604 256 605 252 605 251 605 252 606 253 606 251 606 251 607 253 608 254 609 254 610 255 611 251 612 255 613 256 613 251 613 256 614 255 615 259 616 259 617 255 617 257 617 255 618 254 618 257 618 257 619 254 619 258 619 254 620 253 620 258 620 253 621 252 622 258 623 258 624 252 624 259 624 252 625 256 625 259 625 260 626 262 627 261 628 262 629 263 629 261 629 263 630 264 631 261 632 264 633 260 633 261 633 260 634 264 635 265 636 265 637 264 638 266 639 264 640 263 640 266 640 266 641 263 641 267 641 263 642 262 642 267 642 267 643 262 644 265 645 262 646 260 646 265 646 269 647 270 648 268 649 270 650 271 650 268 650 271 651 272 651 268 651 272 652 269 653 268 654 275 655 269 656 273 657 269 658 272 658 273 658 272 659 271 659 273 659 273 660 271 661 274 662 271 663 270 664 274 665 274 666 270 666 275 666 270 667 269 668 275 669 276 670 277 670 279 670 279 671 278 671 276 671 276 672 278 672 280 672 280 673 281 673 276 673 281 674 277 674 276 674 285 675 277 676 282 677 277 678 281 678 282 678 282 679 281 679 283 679 281 680 280 680 283 680 283 681 280 682 284 683 280 684 278 685 284 686 278 687 279 687 284 687 284 688 279 688 285 688 279 689 277 689 285 689 287 690 288 690 286 690 288 691 289 691 286 691 286 692 289 692 290 692 286 693 290 693 291 693 291 694 287 694 286 694 287 695 291 696 295 697 295 698 291 698 292 698 291 699 290 699 292 699 292 700 290 701 293 702 290 703 289 704 293 705 293 706 289 706 294 706 289 707 288 707 294 707 294 708 288 708 295 708 288 709 287 709 295 709 297 710 298 710 296 710 298 711 299 711 296 711 299 712 300 712 296 712 300 713 297 713 296 713 297 714 300 715 304 716 304 717 300 717 301 717 300 718 299 718 301 718 301 719 299 720 302 721 299 722 298 722 302 722 302 723 298 723 303 723 303 724 298 724 304 724 298 725 297 725 304 725 306 726 305 726 308 726 308 727 307 727 306 727 307 728 309 728 306 728 306 729 309 729 310 729 310 730 305 730 306 730 314 731 305 731 311 731 305 732 310 732 311 732 311 733 310 733 312 733 310 734 309 734 312 734 309 735 307 735 312 735 312 736 307 736 313 736 307 737 308 737 313 737 313 738 308 738 314 738 308 739 305 739 314 739 315 740 316 740 319 740 319 741 316 742 317 743 319 744 317 744 318 744 318 745 320 745 319 745 320 746 315 746 319 746 324 747 315 747 321 747 315 748 320 748 321 748 321 749 320 750 322 751 320 752 318 752 322 752 322 753 318 753 323 753 318 754 317 754 323 754 317 755 316 756 323 757 323 758 316 759 324 760 316 761 315 761 324 761 328 762 325 762 326 762 326 763 327 764 328 765 327 766 329 767 328 768 328 769 329 769 325 769 325 770 329 770 333 770 333 771 329 771 330 771 329 772 327 772 330 772 327 773 326 773 330 773 330 774 326 775 331 776 331 777 326 777 332 777 326 778 325 779 332 780 332 781 325 781 333 781 334 782 335 782 337 782 335 783 336 784 337 785 336 786 338 786 337 786 338 787 334 787 337 787 334 788 338 788 342 788 342 789 338 790 339 791 338 792 336 792 339 792 339 793 336 793 340 793 336 794 335 794 340 794 340 795 335 795 341 795 335 796 334 796 341 796 341 797 334 797 342 797 344 798 343 798 347 798 347 799 343 799 345 799 345 800 346 800 347 800 346 801 344 801 347 801 350 802 344 802 348 802 344 803 346 803 348 803 348 804 346 805 349 806 346 807 345 807 349 807 345 808 343 809 349 810 349 811 343 811 350 811 343 812 344 812 350 812 352 813 353 813 351 813 353 814 354 815 351 816 354 817 355 817 351 817 351 818 355 819 352 820 352 821 355 821 358 821 358 822 355 822 356 822 355 823 354 823 356 823 356 824 354 824 357 824 354 825 353 825 357 825 357 826 353 826 358 826 353 827 352 827 358 827 360 828 361 829 359 830 361 831 362 831 359 831 362 832 363 832 359 832 363 833 364 833 359 833 359 834 364 835 360 836 368 837 360 837 365 837 360 838 364 838 365 838 364 839 363 839 365 839 365 840 363 840 366 840 363 841 362 842 366 843 366 844 362 844 367 844 362 845 361 845 367 845 367 846 361 846 368 846 361 847 360 847 368 847 370 848 371 849 369 850 371 851 372 851 369 851 369 852 372 852 373 852 369 853 373 853 374 853 374 854 370 854 369 854 370 855 374 855 378 855 378 856 374 856 375 856 375 857 374 858 376 859 374 860 373 860 376 860 373 861 372 861 376 861 376 862 372 863 377 864 372 865 371 865 377 865 377 866 371 867 378 868 371 869 370 869 378 869 380 870 381 870 379 870 381 871 382 871 379 871 382 872 383 872 379 872 383 873 380 873 379 873 380 874 383 874 387 874 387 875 383 876 384 877 384 878 383 879 385 880 383 881 382 882 385 883 382 884 381 884 385 884 385 885 381 885 386 885 381 886 380 886 386 886 386 887 380 887 387 887 390 888 389 888 388 888 391 889 392 889 388 889 391 890 388 890 389 890 390 891 391 891 389 891 392 892 391 892 390 892 393 893 394 893 392 893 395 894 393 894 392 894 393 895 396 895 394 895 393 895 397 895 396 895 398 896 388 896 396 896 397 897 398 897 396 897 7 898 392 898 6 898 33 899 5 899 32 899 33 900 8 900 5 900 60 898 34 898 32 898 16 901 392 901 7 901 16 902 7 902 8 902 15 898 16 898 8 898 61 898 34 898 60 898 61 898 33 898 34 898 41 903 15 903 40 903 40 904 8 904 33 904 40 898 15 898 8 898 87 905 88 905 59 905 87 906 59 906 60 906 88 898 62 898 59 898 41 898 17 898 15 898 89 898 62 898 88 898 69 907 40 907 68 907 69 898 42 898 40 898 24 908 16 908 17 908 68 898 40 898 33 898 68 909 33 909 61 909 119 898 117 898 87 898 68 910 61 910 62 910 117 911 90 911 87 911 23 898 24 898 17 898 118 898 90 898 117 898 71 898 68 898 62 898 23 912 17 912 41 912 395 913 24 913 25 913 395 898 16 898 24 898 395 914 392 914 16 914 26 898 395 898 25 898 144 915 145 915 119 915 97 898 98 898 71 898 97 916 62 916 89 916 97 898 71 898 62 898 50 898 23 898 41 898 50 898 26 898 23 898 49 917 50 917 41 917 49 918 41 918 42 918 146 919 119 919 145 919 97 920 89 920 90 920 51 898 26 898 50 898 97 921 90 921 118 921 99 898 71 898 98 898 99 898 70 898 71 898 146 898 118 898 119 898 51 898 395 898 26 898 125 898 126 898 97 898 172 922 147 922 144 922 126 898 100 898 97 898 125 923 97 923 118 923 78 924 42 924 69 924 78 898 49 898 42 898 78 925 69 925 70 925 173 898 147 898 172 898 79 926 49 926 78 926 79 898 52 898 49 898 77 898 78 898 70 898 125 927 118 927 146 927 77 928 70 928 99 928 126 898 99 898 100 898 127 898 99 898 126 898 174 929 147 929 173 929 174 898 146 898 147 898 79 898 51 898 52 898 79 898 395 898 51 898 80 898 395 898 79 898 155 898 125 898 146 898 108 898 77 898 99 898 108 930 80 930 77 930 202 931 175 931 172 931 155 898 128 898 125 898 154 898 155 898 146 898 107 898 108 898 99 898 107 932 99 932 127 932 156 898 128 898 155 898 109 898 80 898 108 898 203 933 175 933 202 933 203 898 174 898 175 898 109 898 395 898 80 898 228 934 229 934 204 934 182 935 146 935 174 935 182 898 154 898 146 898 135 898 107 898 127 898 228 898 204 898 202 898 183 936 154 936 182 936 185 898 182 898 174 898 183 898 157 898 154 898 135 898 110 898 107 898 135 937 127 937 128 937 136 898 110 898 135 898 185 938 174 938 203 938 134 898 135 898 128 898 230 939 204 939 229 939 230 940 203 940 204 940 136 941 109 941 110 941 211 898 185 898 203 898 164 942 128 942 156 942 164 943 134 943 128 943 257 944 231 944 228 944 163 898 164 898 156 898 212 945 185 945 211 945 259 898 257 898 228 898 164 898 137 898 134 898 210 898 211 898 203 898 212 898 184 898 185 898 163 946 156 946 157 946 258 947 231 947 257 947 163 948 157 948 183 948 258 898 230 898 231 898 165 949 137 949 164 949 193 950 163 950 192 950 192 898 163 898 183 898 239 898 210 898 203 898 239 951 203 951 230 951 239 898 213 898 210 898 238 898 239 898 230 898 284 952 259 952 283 952 192 953 183 953 184 953 193 898 165 898 163 898 195 954 192 954 184 954 284 898 258 898 259 898 240 898 213 898 239 898 194 898 165 898 193 898 266 955 230 955 258 955 266 898 238 898 230 898 219 956 184 956 212 956 219 898 195 898 184 898 312 898 282 898 283 898 266 898 241 898 238 898 312 898 285 898 282 898 265 898 266 898 258 898 219 898 194 898 195 898 267 957 241 957 266 957 220 958 194 958 219 958 313 898 285 898 312 898 265 959 258 959 284 959 221 960 212 960 213 960 221 898 219 898 212 898 267 898 240 898 241 898 248 898 221 898 247 898 247 961 213 961 240 961 247 898 221 898 213 898 293 898 265 898 284 898 339 898 314 898 311 898 292 898 293 898 284 898 340 898 314 898 339 898 292 962 284 962 285 962 293 898 267 898 265 898 292 963 285 963 313 963 294 898 267 898 293 898 249 964 221 964 248 964 249 898 220 898 221 898 273 898 250 898 247 898 366 965 342 965 339 965 322 898 295 898 292 898 273 966 240 966 267 966 273 898 247 898 240 898 322 967 292 967 313 967 274 898 250 898 273 898 321 898 322 898 313 898 321 968 313 968 314 968 323 898 295 898 322 898 366 969 341 969 342 969 367 898 341 898 366 898 390 970 365 970 366 970 274 971 249 971 250 971 275 898 249 898 274 898 368 972 365 972 390 972 349 973 314 973 340 973 349 898 321 898 314 898 302 898 273 898 267 898 302 974 267 974 294 974 349 975 340 975 341 975 302 898 275 898 273 898 349 898 324 898 321 898 348 898 349 898 341 898 301 976 302 976 294 976 301 977 294 977 295 977 303 898 275 898 302 898 301 978 295 978 323 978 350 898 324 898 349 898 330 898 304 898 301 898 330 979 301 979 323 979 376 898 348 898 341 898 376 980 341 980 367 980 331 898 304 898 330 898 376 898 350 898 348 898 376 981 367 981 368 981 375 898 376 898 368 898 377 898 350 898 376 898 330 982 323 982 324 982 333 983 330 983 324 983 332 984 304 984 331 984 378 898 375 898 368 898 378 985 368 985 390 985 332 898 303 898 304 898 378 986 390 986 388 986 356 898 333 898 324 898 356 987 324 987 350 987 357 988 333 988 356 988 358 898 356 898 350 898 357 898 332 898 333 898 385 989 350 989 377 989 385 898 358 898 350 898 384 898 385 898 377 898 384 990 377 990 378 990 386 991 358 991 385 991 387 898 384 898 378 898 386 992 357 992 358 992 398 898 387 898 378 898 398 993 378 993 388 993 398 994 332 994 357 994 398 995 386 995 387 995 398 996 303 996 332 996 398 997 357 997 386 997 398 898 395 898 136 898 136 998 395 998 109 998 398 999 136 999 137 999 398 1000 137 1000 165 1000 398 1001 165 1001 194 1001 398 1002 194 1002 220 1002 398 1003 220 1003 249 1003 398 1004 249 1004 275 1004 398 1005 275 1005 303 1005 392 1006 390 1006 312 1006 312 898 390 898 311 898 311 898 390 898 339 898 339 898 390 898 366 898 392 1007 312 1007 283 1007 392 1008 283 1008 259 1008 392 1009 259 1009 228 1009 392 1010 228 1010 202 1010 392 1011 202 1011 172 1011 392 1012 172 1012 144 1012 392 1013 144 1013 119 1013 392 1014 119 1014 87 1014 392 1015 87 1015 60 1015 392 1016 60 1016 32 1016 392 1017 32 1017 5 1017 392 1018 5 1018 6 1018 393 1019 395 1019 398 1019 393 1019 398 1019 397 1019 388 1020 394 1020 396 1020 392 1021 394 1021 388 1021</p>
        </triangles>
      </mesh>
    </geometry>
    <geometry id="Part__Feature020_002-mesh" name="Part__Feature020.002">
      <mesh>
        <source id="Part__Feature020_002-mesh-positions">
          <float_array id="Part__Feature020_002-mesh-positions-array" count="48">-0.51435 0.89535 0.00634998 -0.01905 0.90805 0.00634998 -0.01905 0.89535 0.00634998 -0.51435 0.90805 0.00634998 -0.01905 0.90805 0.00317496 -0.51435 0.90805 0.00317496 -0.51435 0.89535 0.00317496 -0.01905 0.89535 0.00317496 -0.01905 0.89535 0 -0.01905 0.9144 0 -0.01905 0.89535 0.3048 -0.01905 0.9144 0.3048 -0.51435 0.89535 0 -0.51435 0.89535 0.3048 -0.51435 0.9144 0 -0.51435 0.9144 0.3048</float_array>
          <technique_common>
            <accessor source="#Part__Feature020_002-mesh-positions-array" count="16" stride="3">
              <param name="X" type="float"/>
              <param name="Y" type="float"/>
              <param name="Z" type="float"/>
            </accessor>
          </technique_common>
        </source>
        <source id="Part__Feature020_002-mesh-normals">
          <float_array id="Part__Feature020_002-mesh-normals-array" count="24">0 0 -1 0 -1 0 0 0 1 1 0 0 1 1.27815e-7 0 -1 0 0 -1 -3.60889e-6 0 0 1 0</float_array>
          <technique_common>
            <accessor source="#Part__Feature020_002-mesh-normals-array" count="8" stride="3">
              <param name="X" type="float"/>
              <param name="Y" type="float"/>
              <param name="Z" type="float"/>
            </accessor>
          </technique_common>
        </source>
        <vertices id="Part__Feature020_002-mesh-vertices">
          <input semantic="POSITION" source="#Part__Feature020_002-mesh-positions"/>
        </vertices>
        <triangles material="Part__Feature020_002-material" count="28">
          <input semantic="VERTEX" source="#Part__Feature020_002-mesh-vertices" offset="0"/>
          <input semantic="NORMAL" source="#Part__Feature020_002-mesh-normals" offset="1"/>
          <p>0 0 1 0 2 0 3 0 1 0 0 0 1 1 3 1 4 1 4 1 3 1 5 1 4 2 5 2 6 2 4 2 6 2 7 2 4 3 7 3 8 3 9 3 4 3 8 3 1 3 4 3 9 3 10 3 2 3 1 3 11 3 10 3 1 3 11 4 1 4 9 4 7 1 6 1 12 1 7 1 12 1 8 1 10 1 0 1 2 1 10 1 13 1 0 1 3 5 14 5 5 5 12 5 5 5 14 5 6 5 5 5 12 5 15 6 14 6 3 6 13 5 3 5 0 5 13 5 15 5 3 5 14 7 11 7 9 7 15 7 11 7 14 7 11 2 15 2 13 2 11 2 13 2 10 2 14 0 9 0 12 0 12 0 9 0 8 0</p>
        </triangles>
      </mesh>
    </geometry>
    <geometry id="Part__Feature019_002-mesh" name="Part__Feature019.002">
      <mesh>
        <source id="Part__Feature019_002-mesh-positions">
          <float_array id="Part__Feature019_002-mesh-positions-array" count="801">-0.5226078 0.8636 0.05079996 -0.5207382 0.8616567 0.05352586 -0.5208424 0.8665363 0.05265986 -0.5208148 0.8607166 0.04890668 -0.5207107 0.8652789 0.04789638 -0.5143501 0.8598592 0.0500437 -0.5143501 0.8644757 0.05423909 -0.5143501 0.8665944 0.04849237 -0.5226078 0.8128001 0.05079996 -0.5207233 0.8159891 0.05184203 -0.5207584 0.8123018 0.0541715 -0.5207163 0.809457 0.0508477 -0.5207124 0.8115958 0.04768437 -0.520704 0.8149939 0.04832679 -0.5143501 0.8158386 0.04904562 -0.5143501 0.8106127 0.04796141 -0.5143501 0.810465 0.05349069 -0.5143501 0.8150113 0.05330562 -0.5226078 0.7620001 0.05079996 -0.5207601 0.763984 0.05358749 -0.5207234 0.7594132 0.05299395 -0.5207011 0.7589836 0.04957866 -0.5207466 0.7618465 0.04740566 -0.5207008 0.7650808 0.04961842 -0.5143501 0.7640565 0.04798913 -0.5143501 0.7595667 0.0484265 -0.5143501 0.7590658 0.0524941 -0.5143501 0.7643052 0.05374038 -0.5207055 0.7144768 0.05076533 -0.5207536 0.712455 0.05397826 -0.5207154 0.7084346 0.05265325 -0.5207168 0.7084771 0.04883074 -0.5226078 0.7112 0.05079996 -0.5207397 0.7125592 0.04770815 -0.5143501 0.7139015 0.04871821 -0.5143501 0.7096027 0.04774695 -0.5143501 0.7081302 0.0526759 -0.5143501 0.7135348 0.05344563 -0.5226078 0.6604 0.05079996 -0.5207352 0.6634743 0.052235 -0.5207155 0.6599996 0.05409252 -0.5207946 0.6569578 0.05085521 -0.5208808 0.6614658 0.04752397 -0.5143501 0.6591936 0.04720956 -0.5143501 0.6573154 0.05195134 -0.5143501 0.660782 0.0543214 -0.5143501 0.6638124 0.05054438 -0.5226078 0.6096001 0.05079996 -0.5208126 0.6108533 0.05403405 -0.5207214 0.6065254 0.05209654 -0.5208054 0.6080094 0.04773283 -0.520742 0.612635 0.04931139 -0.5143501 0.6099353 0.0474497 -0.5143501 0.6060659 0.05020707 -0.5143501 0.6096001 0.05433529 -0.5143501 0.6130945 0.05056732 -0.5226078 0.5588001 0.05079996 -0.5207091 0.5617935 0.05209505 -0.5206999 0.5592167 0.054129 -0.5207597 0.555514 0.05172771 -0.5207099 0.5571435 0.04792672 -0.5207406 0.5612004 0.0483638 -0.5143501 0.5603694 0.04786038 -0.5143501 0.5559424 0.04867249 -0.5143501 0.5574699 0.05418902 -0.5143501 0.5621833 0.05157214 -0.5226078 0.508 0.05079996 -0.5207055 0.511213 0.05153328 -0.5207509 0.5082795 0.05419951 -0.5207111 0.5049774 0.05210632 -0.5207288 0.5053391 0.04882228 -0.5207923 0.5095144 0.0477215 -0.5143501 0.5084185 0.04721957 -0.5143501 0.5046944 0.05021691 -0.5143501 0.5074229 0.05442422 -0.5143501 0.5113661 0.05113667 -0.5226078 0.4572 0.05079996 -0.5207098 0.4605073 0.05110484 -0.5207852 0.4574518 0.05423128 -0.5208707 0.4538068 0.05012345 -0.5207602 0.4583623 0.04760551 -0.5143501 0.460348 0.0494731 -0.5143501 0.4558709 0.04749453 -0.5143501 0.4539883 0.05187904 -0.5143501 0.4584121 0.05421775 -0.5226078 0.4064 0.05079996 -0.5207492 0.4038379 0.05298805 -0.5208126 0.4088306 0.05330002 -0.5207788 0.4041111 0.04823505 -0.5207321 0.4087297 0.04838514 -0.5143501 0.406594 0.04691255 -0.5143501 0.4032137 0.05223774 -0.5143501 0.4089334 0.05357623 -0.5226078 0.3556 0.05079996 -0.5207415 0.355871 0.05418819 -0.5208755 0.3521474 0.05053132 -0.520702 0.3556642 0.04749691 -0.5207859 0.3590305 0.05030953 -0.5143501 0.356088 0.04737055 -0.5143501 0.3520244 0.05056184 -0.5143501 0.3551265 0.05412828 -0.5143501 0.3591002 0.05156832 -0.5226078 0.3048 0.05079996 -0.5207063 0.3039357 0.0539298 -0.5207234 0.3015346 0.05160349 -0.5207557 0.3073775 0.05300885 -0.5207856 0.3037222 0.04752987 -0.5207052 0.3076227 0.04907619 -0.5143501 0.3057253 0.04751151 -0.5143501 0.301961 0.04899948 -0.5143501 0.3029806 0.05401253 -0.5143501 0.3082467 0.05158662 -0.5226078 0.254 0.05079996 -0.5207218 0.2566097 0.05278801 -0.5207274 0.2532759 0.05408066 -0.5207195 0.2506791 0.05115354 -0.5207157 0.2523237 0.04794073 -0.5207707 0.2566862 0.04860734 -0.5143501 0.2501207 0.05041176 -0.5143501 0.2551869 0.05406093 -0.5143501 0.2569944 0.04849237 -0.5207003 0.2031056 0.05408364 -0.5207545 0.2000965 0.05209583 -0.5207331 0.2060156 0.05256932 -0.5226078 0.2032 0.05079996 -0.5207422 0.2014952 0.04785341 -0.520717 0.2058065 0.04865139 -0.5143501 0.2007045 0.04801923 -0.5143501 0.2013987 0.05380338 -0.5143501 0.2071018 0.0509622 -0.5226078 0.8636 0.254 -0.5207499 0.8617492 0.25682 -0.5207492 0.8664872 0.255931 -0.5207006 0.8603585 0.2537216 -0.520726 0.8622986 0.2508749 -0.5207011 0.865978 0.2517267 -0.5143501 0.8603333 0.2528108 -0.5143501 0.8635056 0.2577865 -0.5143501 0.8663589 0.2512638 -0.5226078 0.8128001 0.254 -0.5207409 0.811695 0.2572219 -0.5207207 0.8156337 0.2557362 -0.5207313 0.8094813 0.253211 -0.520706 0.8123747 0.2507549 -0.5207111 0.8154665 0.2519676 -0.5143501 0.81457 0.2506844 -0.5143501 0.8090667 0.2545945 -0.5143501 0.8149285 0.2569093 -0.5226078 0.762 0.254 -0.5208892 0.7585386 0.2542019 -0.5207418 0.7627639 0.2573121 -0.5207809 0.7629506 0.2506674 -0.5207138 0.7652893 0.2543114 -0.5143501 0.7649252 0.252179 -0.5143501 0.7598716 0.2510907 -0.5143501 0.759562 0.2565416 -0.5143501 0.7642778 0.2565383 -0.5226078 0.7112001 0.254 -0.5207348 0.7117748 0.2573759 -0.5207236 0.7080397 0.2551035 -0.5207374 0.7094355 0.2510873 -0.5208317 0.7144259 0.2527225 -0.5143501 0.7146849 0.2538261 -0.5143501 0.7103587 0.2504503 -0.5143501 0.7079247 0.2544104 -0.5143501 0.7109917 0.2575775 -0.5226078 0.6604 0.254 -0.5207717 0.6636884 0.2550219 -0.5208346 0.6585212 0.2569254 -0.5207267 0.6578816 0.2516981 -0.5207092 0.6618767 0.2510323 -0.5143501 0.6627351 0.2514413 -0.5143501 0.6577248 0.2516784 -0.5143501 0.6586923 0.257199 -0.5143501 0.6633253 0.2556568 -0.5226078 0.6096 0.254 -0.520749 0.612985 0.2545045 -0.5208351 0.6085658 0.2573032 -0.520725 0.6064314 0.2528866 -0.5207478 0.610157 0.2506451 -0.5143501 0.611257 0.2507007 -0.5143501 0.6060103 0.2536708 -0.5143501 0.6112971 0.2574501 -0.5226078 0.5588001 0.254 -0.5207151 0.5566248 0.2565008 -0.5208246 0.5613968 0.2563247 -0.5207716 0.5557577 0.2524181 -0.5207722 0.5604583 0.2510168 -0.5143501 0.5601337 0.250836 -0.5143501 0.555321 0.2529269 -0.5143501 0.5580402 0.2573306 -0.5143501 0.5621137 0.2551135 -0.5226078 0.508 0.254 -0.5207101 0.507279 0.2572287 -0.5207343 0.5110326 0.2555963 -0.5207123 0.504787 0.2548243 -0.5207289 0.5061383 0.2511698 -0.5207279 0.5101632 0.2514688 -0.5143501 0.5103636 0.251135 -0.5143501 0.5047609 0.2526345 -0.5143501 0.5068001 0.2572971 -0.5143501 0.5106408 0.2559666 -0.5226078 0.4572 0.254 -0.5207379 0.4552464 0.256719 -0.5207042 0.4586965 0.2569195 -0.5208329 0.4544101 0.2519508 -0.5206949 0.4585557 0.2510291 -0.5207427 0.4605644 0.2538835 -0.5143501 0.4600719 0.2523099 -0.5143501 0.455871 0.2506945 -0.5143501 0.4543105 0.2562268 -0.5143501 0.4596997 0.2563981 -0.5226078 0.4064 0.254 -0.5208088 0.4039108 0.2563996 -0.5207618 0.4095592 0.2526152 -0.5207006 0.4083393 0.2566735 -0.5207632 0.4046454 0.2510226 -0.5143501 0.4053516 0.2506985 -0.5143501 0.4030752 0.2553369 -0.5143501 0.4077575 0.2571475 -0.5143501 0.4097104 0.252857 -0.5226078 0.3556001 0.254 -0.5207251 0.3536772 0.2567469 -0.5207764 0.3526568 0.2521969 -0.5207512 0.357242 0.2510498 -0.5208263 0.3584774 0.2559503 -0.5143501 0.3575941 0.2510225 -0.5143501 0.351695 0.2540325 -0.5143501 0.3578981 0.2568331 -0.52072 0.3065806 0.2568845 -0.5208196 0.3015769 0.2553374 -0.5226078 0.3048 0.254 -0.520713 0.3036993 0.2508177 -0.520747 0.3078759 0.2524838 -0.5143501 0.3080713 0.2525889 -0.5143501 0.3036978 0.2508074 -0.5143501 0.3013723 0.2551835 -0.5143501 0.3061575 0.2571475 -0.5226078 0.254 0.254 -0.5207839 0.2542908 0.2574265 -0.5207396 0.2506373 0.254373 -0.5208723 0.2540655 0.2505277 -0.5207181 0.2573345 0.2541285 -0.5143501 0.253386 0.2506788 -0.5143501 0.2504299 0.2549408 -0.5143501 0.2553576 0.2571475 -0.5143501 0.2573104 0.252857 -0.5226078 0.2032 0.254 -0.520717 0.2059866 0.2558791 -0.5207857 0.201345 0.2569315 -0.5207436 0.2004455 0.2519975 -0.5207914 0.2053202 0.2513059 -0.5143501 0.20591 0.2516874 -0.5143501 0.2008987 0.2514355 -0.5143501 0.2006086 0.2564448 -0.5143501 0.2054777 0.2565384 -0.52705 0.1587499 0.00476247 -0.5143501 0.15621 0.00317496 -0.52705 0.90805 0.00476247 -0.51435 0.90805 0.00634998 -0.5143501 0.9101667 0.00158745 -0.51435 0.1524 0.3048 -0.51435 0.9144 0.3048 -0.5334 0.1524 0.3048 -0.5334 0.1524 0 -0.5334 0.9144 0 -0.5334 0.9144 0.3048</float_array>
          <technique_common>
            <accessor source="#Part__Feature019_002-mesh-positions-array" count="267" stride="3">
              <param name="X" type="float"/>
              <param name="Y" type="float"/>
              <param name="Z" type="float"/>
            </accessor>
          </technique_common>
        </source>
        <source id="Part__Feature019_002-mesh-normals">
          <float_array id="Part__Feature019_002-mesh-normals-array" count="2190">0.7900603 -0.09114634 -0.6062155 0.7901231 -0.09106063 -0.6061465 0.7901067 -0.0910871 -0.6061639 0.8004288 0.5844491 -0.1331656 0.8002728 0.5846673 -0.1331458 0.8003252 0.5845919 -0.1331615 0.8010098 0.1119229 0.5880957 0.7898747 -0.5871777 0.1769762 0.7898872 -0.587151 0.177009 0.78989 -0.5871454 0.177015 0.1727504 -0.951154 0.2558583 -0.1354957 0.2171694 0.9666843 -0.1402222 0.2222352 0.9648571 0.1632207 0.9663558 -0.198785 0.1634001 0.9663202 -0.198811 0.1634024 0.9663196 -0.1988117 -0.2094191 0.6576468 -0.7236328 0.182315 -0.1680395 -0.9687745 -0.2090169 -0.9177016 -0.3378399 -0.2089679 -0.9177139 -0.3378368 -0.208926 -0.917723 -0.3378381 0.810463 -0.3181036 -0.4918943 0.8105331 -0.3180356 -0.4918226 0.8104687 -0.3180965 -0.4918894 0.8085199 0.4521042 -0.3766928 0.8230119 0.4703496 0.3184694 0.8229357 0.4704539 0.3185119 0.8229115 0.4704828 0.3185321 0.8310435 -0.104731 0.5462585 0.8310065 -0.104734 0.5463141 0.8310209 -0.1047319 0.5462924 0.8265404 -0.5403955 0.1574921 0.8265583 -0.5403031 0.1577146 0.8265449 -0.5403433 0.1576472 0.09657555 -0.9575397 0.2716447 -0.08346939 -0.202425 0.9757341 -0.0712862 -0.1851268 0.9801257 0.1030544 0.8239272 0.5572468 -0.1669824 0.9856081 0.02633762 0.1474351 0.7523356 -0.6420703 -0.1169978 -0.04038405 -0.9923108 0.1112859 -0.5315248 -0.8397005 -0.1062263 -0.9760444 -0.1898773 -0.1062996 -0.9760382 -0.1898678 -0.1063088 -0.9760377 -0.1898654 0.8162172 -0.5598909 -0.1425195 0.8023421 0.08319693 -0.5910378 0.8316612 0.551589 -0.06394803 0.8290888 0.3463304 0.4389386 0.8213527 -0.3294205 0.4656844 0.8213986 -0.3293845 0.4656289 0.8213986 -0.3293846 0.465629 -0.1485056 -0.9879736 0.04306262 -0.1485022 -0.9879741 0.04306399 -0.1483832 -0.9879909 0.043087 0.1195191 -0.561291 0.818943 0.1194313 -0.5612905 0.8189562 0.1194842 -0.5612894 0.8189492 -0.1233286 0.09622114 0.98769 0.0884453 0.6031229 0.7927297 -0.06883215 0.9902106 0.1214298 -0.06878906 0.9902138 0.1214274 -0.06878036 0.9902145 0.1214274 0.04428124 0.991247 -0.1243733 -0.06355935 0.2309416 -0.9708895 0.01719123 0.1288808 -0.9915111 0.05456328 -0.9626538 -0.2651807 0.8257601 -0.4825898 -0.2919374 0.8258932 -0.4823694 -0.2919253 0.8257892 -0.4825366 -0.2919431 0.8141392 0.1888275 -0.5491098 0.8141337 0.1888545 -0.5491089 0.8141278 0.1888774 -0.5491096 0.8233813 0.5674567 0.006025671 0.8125974 0.1587739 0.5607819 0.8286919 -0.4775573 0.2919055 0.8285262 -0.4778176 0.2919499 0.8286116 -0.4776786 0.2919349 0.09376448 -0.8438974 0.5282477 -0.1072718 -0.2191169 0.9697839 0.1163262 0.2639586 0.9574937 -0.119835 0.9513424 0.2838791 -0.1197967 0.9513475 0.2838781 -0.1197944 0.9513478 0.2838782 0.04772472 0.9987986 0.01112514 0.01835519 0.3131172 -0.9495372 -0.1055234 0.1402119 -0.9844824 0.09820449 -0.8432016 -0.5285518 0.09815007 -0.8432074 -0.5285527 0.09816658 -0.843206 -0.5285518 -0.1143983 -0.9904607 -0.07681572 0.8217331 -0.2650556 -0.5044803 0.8080636 0.4196345 -0.4134491 0.8080534 0.4196338 -0.4134696 0.8080051 0.419615 -0.4135832 0.7487222 0.403024 0.5262953 0.7487141 0.4030602 0.5262791 0.7487183 0.4030405 0.5262884 0.7831336 -0.5804926 0.2230027 0.783133 -0.5804943 0.2230003 0.7830712 -0.5806409 0.2228355 0.1498804 -0.911152 0.3838462 -0.1624488 -0.5781562 0.7995911 -0.1625017 -0.5781494 0.7995853 -0.1625677 -0.5781359 0.7995816 0.2392889 0.5795255 0.7790322 0.2394697 0.5795263 0.7789761 0.2394602 0.5795249 0.77898 -0.1134911 0.9237157 0.3658815 0.1085127 0.5605839 -0.8209573 0.1086133 0.5605946 -0.8209366 0.1084503 0.5605849 -0.8209648 -0.06494987 0.7280043 -0.682489 0.08927965 -0.4694898 -0.8784126 0.08926051 -0.4694912 -0.8784137 0.08924317 -0.4694916 -0.8784152 -0.1234358 -0.7740085 -0.6210271 0.784129 -0.584423 -0.2087861 0.7979052 0.2602314 -0.5437158 0.8038842 0.5674998 0.1780852 0.8039048 0.567482 0.1780483 0.8038123 0.5675694 0.1781875 0.7932164 -0.2065697 0.5728322 0.7931759 -0.2066532 0.5728583 0.7931362 -0.2067083 0.5728933 -0.08901387 -0.6999704 0.7086029 -0.0891487 -0.699948 0.708608 -0.08915185 -0.6999471 0.7086085 0.1370351 -0.3216046 0.9369055 -0.1361427 0.5749219 0.8068024 0.1610794 0.9355567 0.3143042 0.1608579 0.9356003 0.314288 0.1610683 0.9355595 0.3143019 -0.1367787 0.7530843 -0.6435494 -0.137072 0.7530212 -0.6435606 -0.1370865 0.7530165 -0.6435632 0.1212525 0.4077338 -0.9050144 -0.1098775 -0.7291542 -0.6754711 -0.1098086 -0.729162 -0.6754738 -0.1098152 -0.7291616 -0.6754733 0.1350651 -0.9275588 -0.3484138 0.1351019 -0.9275547 -0.3484102 0.1350404 -0.927562 -0.3484147 0.8335993 -0.3406507 -0.4348211 0.833553 -0.3407071 -0.4348656 0.8335392 -0.3407207 -0.4348815 0.8068703 0.3122069 -0.501485 0.8169251 0.526137 0.2362488 0.8183906 -0.05595183 0.5719322 0.8184597 -0.05579692 0.5718482 0.8183307 -0.05603772 0.5720095 0.8252491 -0.5588068 0.08184754 0.07324397 -0.9849076 0.1568195 0.07320541 -0.9849103 0.1568211 0.07314294 -0.984915 0.1568202 -0.08197116 -0.8956851 0.4370687 -0.08196049 -0.8956859 0.4370691 -0.08201956 -0.8956807 0.4370687 0.06432288 -0.1064103 0.9922397 -0.08099699 0.179842 0.9803552 0.1260789 0.9111602 0.3922897 -0.1883265 0.9463419 -0.2626216 -0.1882888 0.9463467 -0.2626318 -0.1881841 0.9463633 -0.2626467 0.1552342 0.5357597 -0.8299782 -0.1242951 -0.4813382 -0.8676775 -0.1244026 -0.4813475 -0.867657 -0.1244068 -0.4813485 -0.8676558 -0.02654939 -0.6194427 -0.7845929 0.8208922 -0.3910164 -0.416224 0.8230681 0.3111308 -0.4751384 0.8346818 0.5478944 0.05584192 0.8144553 0.1595399 0.5578617 0.8144162 0.159806 0.5578426 0.8143241 0.160075 0.5578999 0.8168064 -0.5336529 0.2191847 0.04730582 -0.9128044 0.405648 -0.08873003 -0.7958943 0.5988984 0.118123 0.2548325 0.9597435 -0.1063468 0.6234297 0.7746133 0.07640522 0.9911288 0.108748 -0.1233902 0.8324087 -0.5402507 -0.1233603 0.8324096 -0.5402561 -0.1233317 0.832412 -0.540259 0.1010333 0.5331323 -0.8399776 0.1008872 0.5331194 -0.8400032 0.1010415 0.5331343 -0.8399754 -0.05862605 -0.6388987 -0.7670539 -0.05881148 -0.6389205 -0.7670215 -0.05880242 -0.6389181 -0.7670242 -0.0299769 -0.6720616 -0.7398882 0.8106069 -0.4287804 -0.3988282 0.8105468 -0.4288237 -0.3989039 0.8105733 -0.4288067 -0.3988683 0.7610983 0.4772306 -0.4392955 0.7792278 0.2884045 0.5564413 0.7792214 0.2884467 0.5564283 0.7792155 0.2885006 0.5564087 0.8175494 -0.4958942 0.2927492 0.8175179 -0.4959359 0.2927663 0.8175444 -0.4959004 0.2927522 0.1117054 -0.8479524 0.5181686 -0.139886 -0.4002381 0.9056718 0.1977607 0.4705225 0.8599416 -0.1308 0.9111581 0.3907458 -0.1307917 0.9111601 0.3907441 -0.1306658 0.9111821 0.3907349 0.1564844 0.7374644 -0.6570076 0.156643 0.7374254 -0.6570136 0.1566385 0.7374271 -0.6570128 -0.07141989 0.4661832 -0.8818007 0.1048834 -0.7128251 -0.6934551 0.104844 -0.7128288 -0.6934573 0.1048299 -0.7128295 -0.6934586 -0.1192691 -0.919284 -0.3750891 0.7884824 0.04832613 -0.6131559 0.7968832 0.6034014 0.02972942 0.8022239 -0.0271852 0.5964041 0.8021557 -0.02715361 0.5964973 0.802137 -0.02715229 0.5965225 0.791419 -0.6107418 0.02550399 0.0150308 -0.9996829 0.02020686 0.0152772 -0.9996779 0.02026671 0.01531147 -0.9996771 0.02028518 -0.2327418 -0.917635 0.322145 0.213923 -0.0338822 0.9762628 -0.2109708 0.8252679 0.5238551 0.1034678 0.9930103 0.05679035 0.1034853 0.9930085 0.05678963 0.1034411 0.9930131 0.05678957 -0.0915786 0.2265648 -0.9696813 -0.09152781 0.2265657 -0.9696859 -0.09155178 0.2265644 -0.969684 0.04162013 0.06283748 -0.9971556 0.786616 -0.4742866 -0.3953323 0.77758 0.4261275 -0.4623686 0.8028876 0.3662318 0.470368 0.809707 -0.3642429 0.4601108 -0.104651 -0.8080101 0.5798001 0.05790817 -0.6392431 0.7668213 -0.02857714 0.6538053 0.756123 0.007959485 0.6176217 0.786435 0.01728928 0.7541849 -0.6564347 0.01734095 0.7541871 -0.6564306 0.0172857 0.7541849 -0.6564348 0.07454699 0.6973729 -0.7128211 -0.07078158 -0.539934 -0.838726 -0.07091569 -0.5399525 -0.8387028 -0.0709064 -0.5399496 -0.8387054 0.1309584 -0.7679055 -0.6270336 0.8301386 -0.1325567 -0.5415706 0.8302462 -0.1324017 -0.5414435 0.8301589 -0.132519 -0.5415488 0.8328647 0.3820341 -0.4004827 0.802513 0.5306707 0.2726935 0.8025242 0.5307127 0.2725785 0.8025211 0.5307074 0.2725981 0.8170214 -0.2269762 0.5300545 0.8215865 -0.569552 -0.02462273 0.8216674 -0.5694415 -0.02447915 0.8215612 -0.5695853 -0.02469694 0.1210728 -0.9908139 -0.06024467 -0.1233959 -0.8438879 0.5221368 0.117208 -0.3680843 0.9223754 -0.1110708 0.3653268 0.9242292 0.1324812 0.8740853 0.4673582 -0.1454303 0.969519 -0.1971876 0.1131182 0.6909514 -0.7139962 -0.02631092 -0.2587476 -0.9655866 -0.1433901 -0.4140796 -0.8988757 0.8175325 -0.5755322 -0.02008026 0.8294948 -0.20313 -0.520266 0.8218978 0.4272242 -0.3767805 0.828546 0.4980638 0.2558206 0.8285474 0.4980567 0.25583 0.8285506 0.4980272 0.255877 0.8095096 -0.07868832 0.5818097 0.02492743 -0.1506979 0.9882656 -0.2703495 0.2589379 0.9272877 0.1300087 0.8825545 0.4518798 -0.01170003 0.7479919 -0.6636047 -0.1749029 0.5754523 -0.798914 0.1049087 -0.359673 -0.9271621 -0.149042 -0.9405214 -0.3052967 0.04761415 -0.9986886 -0.01881128 0.8348975 -0.2458519 -0.492446 0.8349481 -0.2458223 -0.492375 0.8349191 -0.2458382 -0.4924162 0.8292137 0.2976092 -0.4731105 0.8070976 0.5600329 0.1869673 0.8092135 -0.1115205 0.5768333 0.8220165 -0.5684649 0.03371626 0.1805085 -0.9821353 0.05317121 -0.2376801 -0.4059624 0.8824414 -0.04793769 -0.1815351 0.9822154 0.1086862 0.9439952 0.311545 -0.1677027 0.9788141 -0.1174681 0.1102374 0.5464414 -0.8302105 -0.1573748 -0.4403493 -0.8839263 -0.1427823 -0.4584218 -0.8771904 -0.1429216 -0.4584413 -0.8771575 -0.1427468 -0.4584066 -0.877204 0.7944464 -0.1116446 -0.5969846 0.7944133 -0.1116466 -0.5970282 0.7943569 -0.1116641 -0.5971 0.8339353 0.5084933 -0.2144448 0.8339114 0.5085506 -0.2144024 0.8338929 0.508592 -0.2143757 0.8311507 0.463227 0.307586 0.8310838 0.4632589 0.3077192 0.8311207 0.4632443 0.3076412 0.8234477 -0.1336951 0.551416 0.823534 -0.1337004 0.5512858 0.8234407 -0.1336923 0.5514271 0.8132836 -0.5764659 0.07910043 0.06832969 -0.9902986 0.120995 0.06819689 -0.9903045 0.1210218 0.06835216 -0.9902983 0.1209845 0.0842666 -0.2252813 0.9706429 -0.2124726 0.2429962 0.9464716 0.08381325 0.8240576 0.5602717 0.08368492 0.8240759 0.560264 0.08381903 0.8240563 0.5602728 -0.0551353 0.9108831 -0.4089649 -0.0548858 0.9108774 -0.4090111 -0.05483198 0.9108704 -0.4090336 -0.1485471 0.8338533 -0.5316225 0.1952055 -0.1808934 -0.963936 -0.2966811 -0.8749294 -0.3827255 0.8132139 -0.2088143 -0.5432126 0.813166 -0.208955 -0.5432303 0.8131895 -0.2088716 -0.5432269 0.8030361 0.5223602 -0.2868327 0.8030921 0.5222553 -0.2868674 0.8031083 0.5222272 -0.2868724 0.8240626 0.3623869 0.435427 0.8332415 -0.2003272 0.5153421 0.8331757 -0.2006385 0.5153275 0.8331964 -0.2004934 0.5153506 0.8244174 -0.5653213 0.02734845 0.8244459 -0.5652871 0.02719449 0.8244399 -0.5652929 0.02725625 -0.1308069 -0.9904496 0.04358023 0.1351143 -0.3615995 0.9224912 -0.2106378 0.6337378 0.7443172 -0.1379733 0.5739861 0.8071576 -0.1379812 0.5739822 0.8071591 -0.137763 0.5740435 0.8071528 0.1595954 0.8641132 -0.4773236 0.159528 0.864121 -0.4773321 0.1595239 0.8641216 -0.4773324 -0.225371 0.3581722 -0.9060467 -0.225435 0.3581607 -0.9060353 -0.2254605 0.3581527 -0.9060322 0.1319431 -0.3504122 -0.9272553 -0.1202279 -0.9911045 0.05707275 0.8222532 -0.4391974 -0.3619467 0.7769252 0.3554254 -0.5196731 0.7491257 0.4030983 0.5256639 0.749128 0.4030997 0.5256596 0.7491366 0.4031046 0.5256435 0.8127065 -0.4968231 0.3044259 0.8125808 -0.4971072 0.3042975 0.8126146 -0.4970123 0.3043624 0.1310608 -0.8354263 0.5337471 -0.1629274 -0.2077146 0.9645255 0.2388918 0.6031702 0.7609971 0.2390175 0.6031629 0.7609634 0.2389934 0.6031621 0.7609716 -0.1738494 0.983186 0.05587375 0.19352 0.5772126 -0.793332 -0.1200225 -6.8248e-4 -0.9927709 0.1029051 -0.7615201 -0.6399201 -0.1052224 -0.9836589 -0.1460942 0.7652475 -0.5525926 -0.3302088 0.7651571 -0.5526592 -0.3303067 0.7652024 -0.5526291 -0.3302524 0.8091711 0.3074538 -0.5007138 0.8092198 0.3073278 -0.5007125 0.809114 0.3075569 -0.5007427 0.8130313 0.5507395 0.1888551 0.8131035 0.5506228 0.1888843 0.8130589 0.5506923 0.188874 0.7722457 -0.1848959 0.6078241 0.7722364 -0.1848896 0.6078379 0.7722258 -0.1848811 0.6078539 -0.108996 -0.6115295 0.7836782 0.1381728 -0.3063489 0.941838 0.1381865 -0.3063478 0.9418363 0.1381369 -0.3063492 0.9418432 -0.07077705 0.8499863 0.5220286 -0.07073855 0.8499894 0.522029 -0.07074731 0.8499888 0.5220286 0.0526483 0.9431015 0.3283103 0.05267864 0.9431003 0.328309 0.05259668 0.9431047 0.3283095 -0.06258034 0.716943 -0.6943173 0.09037661 0.5178313 -0.8506956 -0.06516712 -0.7117019 -0.6994525 -0.06504607 -0.7117077 -0.6994579 -0.06510519 -0.7117063 -0.6994538 0.118417 -0.8612216 -0.4942416 0.1184925 -0.8612146 -0.4942357 0.1183629 -0.8612285 -0.4942427 0.7572619 -0.233328 -0.6100103 0.7575747 -0.2329411 -0.6097697 0.7573283 -0.2332089 -0.6099732 0.7719243 0.6327357 -0.06147044 0.8176578 0.09114801 0.5684432 0.8090793 -0.5301623 0.2536116 0.8090409 -0.5301789 0.2536993 0.8090003 -0.5302104 0.253763 -0.06956714 -0.9878457 0.1390013 -0.06948518 -0.9878516 0.1390006 -0.06953835 -0.9878476 0.1390022 0.09570944 -0.905776 0.4128068 -0.07046091 0.04715353 0.9963994 0.007097601 0.1643573 0.9863753 0.02402389 0.9923095 -0.1214283 0.02403235 0.9923093 -0.1214281 0.02394127 0.9923123 -0.1214216 -0.01869887 0.9848799 -0.1722268 -0.01865494 0.9848802 -0.1722298 -0.01870924 0.9848796 -0.1722269 0.0757128 -0.3149141 -0.9460955 0.04866749 -0.3457659 -0.9370579 0.7763603 -0.3475032 -0.5258388 0.7765081 -0.3474667 -0.5256445 0.776324 -0.3475254 -0.5258776 0.7913153 0.5579883 -0.2499383 0.810262 0.3057455 0.4999952 0.7941715 -0.490092 0.3593069 0.7941735 -0.4900218 0.3593983 0.7941714 -0.4900413 0.3593764 -0.2575159 -0.9662609 0.005058884 -0.2577031 -0.9662108 0.005087137 -0.2577373 -0.9662016 0.005098879 0.1323737 -0.7995234 0.5858665 -0.09189981 0.4908291 0.8663956 -0.09184807 0.4908315 0.8663997 -0.09187352 0.4908312 0.8663972 -0.07121545 0.5138921 0.8548938 0.112106 0.8955896 -0.4305248 0.1120873 0.8955913 -0.4305264 0.1120379 0.8955968 -0.4305275 -0.221139 0.5666228 -0.7937481 -0.2211178 0.5666194 -0.7937565 -0.2209105 0.5666186 -0.7938148 0.2387648 -0.5224043 -0.8185873 0.2389061 -0.5224035 -0.8185465 0.2388796 -0.5224012 -0.8185558 0.7956547 -0.004105806 -0.6057366 0.8175424 0.560875 -0.1305518 0.8175529 0.560874 -0.1304908 0.8175559 0.5608779 -0.1304543 0.7925971 0.1744574 0.5842555 0.792567 0.1745215 0.5842773 0.792553 0.1745446 0.5842894 0.7653494 -0.6324472 0.1193777 0.1404244 -0.9747338 0.1737094 -0.03401124 -0.9069602 0.4198412 0.04140973 0.2860056 0.9573329 0.04139423 0.286006 0.9573334 0.04132509 0.2860028 0.9573373 -0.04552811 0.3980692 0.916225 0.08276319 0.9745904 -0.2081438 -0.1198326 0.8447331 -0.5215997 0.1365038 -0.03339439 -0.9900766 -0.1107023 -0.4751263 -0.8729261 0.8170867 -0.2254917 -0.5305873 0.8301751 0.386715 -0.4015733 0.8222075 0.5349819 0.1943436 0.8221558 0.5351042 0.1942249 0.8221788 0.5350418 0.1942996 0.8192089 -0.04221177 0.5719397 0.819202 -0.04221206 0.5719495 0.8192251 -0.0422123 0.5719164 0.814882 -0.566926 0.1206749 0.04163897 -0.9776077 0.2062754 0.04151093 -0.9776077 0.2063011 0.04165869 -0.9776087 0.2062665 0.05445247 -0.07400935 0.9957699 -0.1637446 0.2547256 0.9530491 -0.1637638 0.2547253 0.9530459 -0.1638014 0.254728 0.9530388 0.122137 0.9309743 0.3440487 0.1221984 0.9309693 0.3440405 0.1221836 0.9309701 0.3440435 -0.1330361 0.9079329 -0.3974409 -0.1330096 0.9079345 -0.3974463 -0.1329691 0.9079384 -0.3974508 0.059924 0.6930637 -0.7183814 -0.02019387 -0.3991456 -0.9166653 -0.02017074 -0.3991464 -0.9166654 -0.02024823 -0.3991378 -0.9166674 0.03469055 -0.3271431 -0.9443379 -0.06446242 -0.9962611 0.05751878 -0.06441277 -0.9962645 0.05751621 -0.06445592 -0.9962615 0.05751883 0.8295954 -0.470578 -0.3005459 0.829514 -0.4708874 -0.3002859 0.8295364 -0.470753 -0.3004346 0.8315681 0.02368795 -0.5549176 0.8314883 0.02384334 -0.5550305 0.8315089 0.02378904 -0.5550019 0.7953513 0.5941426 -0.1200461 0.8155859 0.09916448 0.5700756 0.8155732 0.09914261 0.5700975 0.8155688 0.09913563 0.5701049 0.8304663 -0.4489213 0.3298416 0.07867264 -0.814626 0.5746261 -0.1021134 -0.357032 0.9284939 0.1400606 0.2104383 0.967522 -0.1621745 0.9498322 0.2674292 -0.1621181 0.9498424 0.2674272 -0.1621074 0.9498441 0.2674276 0.1296421 0.9762697 -0.1734656 0.1296544 0.9762682 -0.1734658 0.1296076 0.9762741 -0.1734675 -0.06816911 0.0585395 -0.9959549 -0.08670681 0.03165775 -0.9957308 0.09093761 -0.8476577 -0.5226921 -0.09856915 -0.9910292 -0.09025204 0.8132078 -0.5538195 -0.1788222 0.8132556 -0.5537108 -0.178941 0.8132179 -0.5537906 -0.1788652 0.8082339 0.01667404 -0.5886256 0.7616751 0.6410982 0.09404438 0.7786061 -0.1939206 0.5967977 0.7787462 -0.1940392 0.5965763 0.7786332 -0.1939633 0.5967485 -0.02334648 -0.443673 0.8958846 0.08176606 -0.3072872 0.9480975 -0.0763635 0.8950923 0.4392933 0.148965 0.9795726 0.1350812 -0.1062012 0.3586203 -0.9274227 0.07972151 0.05959433 -0.9950342 -0.05239164 -0.9087003 -0.4141483 -0.05257976 -0.9087074 -0.4141092 -0.05256807 -0.9087059 -0.4141138 0.03343868 -0.9570022 -0.2881469 0.7938779 -0.08323633 -0.6023534 0.7998412 0.5836383 -0.1400735 0.7998235 0.5837153 -0.139853 0.7998194 0.5836945 -0.1399638 0.8004366 0.1408756 0.5826281 0.8005509 0.140822 0.582484 0.8004344 0.1408774 0.5826307 0.7858705 -0.5966687 0.1624625 -0.09600728 -0.9940547 0.05136108 -0.09630501 -0.9940224 0.0514298 -0.09628868 -0.9940243 0.05142199 0.05428457 -0.9680384 0.2448568 -0.009205996 0.2427245 0.9700517 -0.1832661 0.4468054 0.8756588 0.204685 0.9546837 -0.2160634 0.2047723 0.9546629 -0.2160722 0.2047645 0.9546649 -0.2160704 -0.2517446 0.3985477 -0.8819209 -0.2518407 0.3985237 -0.8819043 -0.2518575 0.3985165 -0.8819028 0.1192578 -0.1601029 -0.9798697 0.8026702 -0.570801 -0.172936 0.7713398 0.1739411 -0.6121924 0.7866065 0.5515481 0.2775698 0.8048285 -0.2144677 0.553403 0.8049062 -0.2144829 0.5532839 0.804836 -0.2144721 0.5533902 0.001425623 -0.3772456 0.9261122 -0.00394082 -0.3705401 0.9288082 9.63592e-4 0.8830488 0.4692803 0.03900635 0.9043896 0.424921 0.03873074 0.9044274 0.424866 0.03903698 0.9043819 0.4249347 -0.009997427 0.3796848 -0.9250619 0.05890482 0.2938148 -0.9540457 -0.04521447 -0.9210991 -0.3866938 0.03422033 -0.9588907 -0.281705 0.03391593 -0.9589189 -0.2816455 0.03425729 -0.9588845 -0.2817214 0.8065589 -0.4424882 -0.392004 0.8065439 -0.4422562 -0.3922966 0.8065288 -0.4423919 -0.3921747 0.7981291 0.3920352 -0.4574916 0.7981145 0.3918907 -0.4576406 0.7981262 0.391954 -0.457566 0.7817407 0.4786261 0.399748 0.7950378 -0.4654536 0.3889317 0.7949423 -0.4656397 0.3889042 0.794977 -0.4655578 0.3889314 0.1296756 -0.7372324 0.6630782 0.1298438 -0.7371991 0.6630823 0.1298528 -0.7371962 0.6630839 -0.0706309 -0.4840863 0.872165 0.07222074 0.8193545 0.5687201 0.07204222 0.8193945 0.568685 0.07206684 0.8193851 0.5686956 -0.03495347 0.7453728 0.6657309 0.08861041 0.6394005 -0.7637509 -0.1067206 0.406376 -0.9074522 0.09223878 -0.7323392 -0.674664 0.09238433 -0.7323462 -0.6746364 0.09238576 -0.7323464 -0.674636 -0.08584427 -0.9067992 -0.4127301 0.7966623 -0.144831 -0.5868164 0.786859 0.6082754 -0.1041828 0.7897088 0.09407526 0.606226 0.789768 0.09406799 0.60615 0.7897402 0.09407478 0.606185 0.8015515 -0.5933997 0.07343041 0.08188617 -0.9864134 0.1424199 -0.05447518 -0.050116 0.9972568 0.0767821 0.1407934 0.9870571 -0.06554931 0.9961803 0.05768972 0.09860682 0.9791359 -0.1776782 -0.07322299 0.01917165 -0.9971314 0.08291196 -0.221542 -0.9716197 -0.07024729 -0.9935921 -0.08854532 0.124035 0 -0.9922779 -0.1232093 0.004190683 -0.9923719 0.05070257 -0.9126352 -0.4056187 0.2425374 0 0.9701421 0.1244468 0.002089142 0.9922241 1 0 0 1 -3.6432e-7 0 1 1.55287e-6 0 1 1.45384e-6 0 1 7.30746e-7 0 1 -1.8317e-6 0 1 2.91167e-6 0 1 2.31282e-4 -2.46889e-4 1 3.39239e-4 -1.67936e-5 1 3.39529e-4 -9.42325e-6 1 -2.066e-6 -1.84654e-7 1 -1.55249e-5 -1.20947e-6 1 -5.83943e-7 0 1 2.68053e-7 0 1 -2.47665e-7 0 1 1.03134e-6 0 1 0 -1.28527e-6 1 0 -6.35719e-7 1 -2.1344e-6 0 1 -1.06908e-6 0 1 -2.26444e-6 0 1 0 -1.25082e-6 1 1.63048e-6 0 1 -1.42406e-6 0 1 1.28483e-6 0 1 6.48239e-7 0 1 -1.58543e-6 0 1 0 -1.27583e-6 1 1.18638e-6 0 1 -1.40214e-6 0 1 -1.2519e-6 0 1 1.31093e-6 0 1 -9.23941e-7 0 1 1.50125e-6 0 1 -1.1303e-6 0 1 -1.91866e-6 0 1 1.64369e-6 0 1 -2.76585e-6 0 1 1.07749e-6 0 1 1.13436e-6 0 1 -2.55251e-6 0 1 -1.56808e-7 0 1 2.58364e-7 0 1 -1.48432e-6 0 1 -1.73907e-6 0 1 1.82475e-6 0 1 1.47423e-6 0 1 6.70889e-7 0 1 -1.96382e-6 0 1 -1.48496e-6 0 1 7.60601e-7 0 1 -1.14574e-6 0 1 0 -8.47801e-7 1 -6.25269e-7 0 1 -2.50898e-6 0 1 8.02465e-7 0 1 -1.22853e-6 0 1 1.52734e-6 0 1 9.48536e-7 0 1 -1.25252e-6 0 1 -1.56654e-6 0 1 1.47421e-5 0 1 -2.78483e-6 0 1 -1.67264e-7 0 1 1.63901e-6 0 1 -1.71764e-6 0 1 -2.59957e-7 -1.2931e-6 1 3.02485e-5 -5.71759e-7 1 9.99014e-7 -3.64874e-7 1 4.75157e-7 -1.26383e-6 1 -4.32646e-7 -1.23239e-6 1 0 -1.156e-6 1 -2.12906e-6 0 1 0 -1.24262e-6 1 -2.88849e-7 -1.34068e-6 1 -7.15438e-7 -1.03349e-6 1 -4.77224e-7 -1.75572e-6 1 2.80001e-7 -1.50052e-6 1 -2.43492e-7 -1.26183e-6 1 7.02568e-7 -1.27715e-6 1 -6.27164e-7 -1.21752e-6 1 2.55434e-7 -1.30283e-6 1 0 9.5145e-7 1 1.69838e-6 1.36982e-6 1 -1.61809e-6 1.40978e-6 1 0 1.43441e-6 1 1.15299e-5 9.64068e-7 1 -1.88955e-6 1.33087e-6 1 0 1.82869e-6 1 8.13425e-7 0 1 -3.78949e-7 0 1 0 0 1 -8.20749e-7 0 1 4.34487e-7 0 1 6.26243e-7 0 1 -1.67859e-7 0 1 -2.52285e-7 0 1 2.7666e-6 0 1 -1.21405e-6 0 0.1961165 -0.9805807 0 0 -0.9999203 -0.01263076 -1 0 0 0.2179908 0.9758558 -0.01362448 0 1 0 0 0 1 0.08304572 0 -0.9965457 0.1648032 -0.002076745 -0.9863244</float_array>
          <technique_common>
            <accessor source="#Part__Feature019_002-mesh-normals-array" count="730" stride="3">
              <param name="X" type="float"/>
              <param name="Y" type="float"/>
              <param name="Z" type="float"/>
            </accessor>
          </technique_common>
        </source>
        <vertices id="Part__Feature019_002-mesh-vertices">
          <input semantic="POSITION" source="#Part__Feature019_002-mesh-positions"/>
        </vertices>
        <triangles material="Part__Feature019_002-material" count="530">
          <input semantic="VERTEX" source="#Part__Feature019_002-mesh-vertices" offset="0"/>
          <input semantic="NORMAL" source="#Part__Feature019_002-mesh-normals" offset="1"/>
          <p>0 0 2 1 1 2 1 3 3 4 0 5 3 6 4 6 0 6 4 7 2 8 0 9 2 10 4 10 7 10 4 11 3 11 7 11 7 12 3 12 5 12 3 13 1 14 5 15 5 16 1 16 6 16 1 17 2 17 6 17 6 18 2 19 7 20 9 21 10 22 8 23 8 24 10 24 11 24 11 25 12 26 8 27 12 28 13 29 8 30 13 31 9 32 8 33 9 34 13 34 14 34 14 35 13 35 15 35 13 36 12 36 15 36 12 37 11 37 15 37 15 38 11 38 16 38 11 39 10 39 16 39 16 40 10 40 17 40 10 41 9 41 17 41 17 42 9 43 14 44 23 45 19 45 18 45 19 46 20 46 18 46 20 47 21 47 18 47 21 48 22 48 18 48 18 49 22 50 23 51 27 52 23 53 24 54 23 55 22 56 24 57 24 58 22 58 25 58 22 59 21 59 25 59 25 60 21 61 26 62 21 63 20 63 26 63 26 64 20 64 27 64 20 65 19 65 27 65 19 66 23 66 27 66 28 67 29 68 32 69 29 70 30 71 32 72 32 73 30 73 31 73 31 74 33 74 32 74 33 75 28 76 32 77 28 78 33 78 34 78 34 79 33 79 35 79 33 80 31 80 35 80 35 81 31 82 36 83 31 84 30 84 36 84 30 85 29 85 36 85 36 86 29 86 37 86 29 87 28 88 37 89 37 90 28 90 34 90 39 91 40 91 38 91 38 92 40 93 41 94 38 95 41 96 42 97 42 98 39 99 38 100 39 101 42 101 46 101 46 102 42 103 43 104 42 105 41 106 43 107 43 108 41 108 44 108 44 109 41 110 45 111 41 112 40 112 45 112 40 113 39 114 45 115 45 116 39 116 46 116 51 117 48 117 47 117 48 118 49 118 47 118 49 119 50 120 47 121 47 122 50 123 51 124 55 125 51 126 52 127 51 128 50 128 52 128 52 129 50 129 53 129 50 130 49 131 53 132 53 133 49 134 54 135 49 136 48 136 54 136 54 137 48 138 55 139 48 140 51 141 55 142 57 143 58 144 56 145 58 146 59 146 56 146 59 147 60 147 56 147 60 148 61 149 56 150 56 151 61 151 57 151 57 152 61 153 65 154 65 155 61 156 62 157 61 158 60 158 62 158 62 159 60 159 63 159 60 160 59 160 63 160 63 161 59 162 64 163 59 164 58 164 64 164 64 165 58 166 65 167 58 168 57 168 65 168 67 169 68 169 66 169 68 170 69 170 66 170 69 171 70 171 66 171 70 172 71 173 66 174 71 175 67 175 66 175 67 176 71 176 75 176 75 177 71 177 72 177 71 178 70 178 72 178 72 179 70 179 73 179 70 180 69 180 73 180 73 181 69 182 74 183 69 184 68 185 74 186 74 187 68 188 75 189 68 190 67 190 75 190 77 191 78 192 76 193 78 194 79 194 76 194 76 195 79 196 80 197 80 198 77 199 76 200 77 201 80 201 81 201 81 202 80 202 82 202 80 203 79 203 82 203 82 204 79 205 83 206 79 207 78 208 83 209 83 210 78 210 84 210 78 211 77 212 84 213 84 214 77 214 81 214 85 215 87 215 86 215 86 216 88 216 85 216 88 217 89 218 85 219 89 220 87 220 85 220 87 221 89 222 92 223 92 224 89 224 90 224 89 225 88 225 90 225 90 226 88 226 91 226 88 227 86 228 91 229 91 230 86 231 92 232 86 233 87 233 92 233 97 234 94 234 93 234 93 235 94 235 95 235 93 236 95 236 96 236 96 237 97 237 93 237 101 238 97 238 98 238 97 239 96 239 98 239 96 240 95 240 98 240 98 241 95 241 99 241 99 242 95 243 100 244 95 245 94 245 100 245 100 246 94 247 101 248 94 249 97 249 101 249 105 250 103 251 102 252 103 253 104 253 102 253 104 254 106 255 102 256 106 257 107 257 102 257 102 258 107 259 105 260 105 261 107 261 111 261 111 262 107 262 108 262 107 263 106 263 108 263 108 264 106 264 109 264 106 265 104 265 109 265 109 266 104 266 110 266 104 267 103 267 110 267 103 268 105 268 110 268 110 269 105 269 111 269 117 270 113 270 112 270 113 271 114 271 112 271 114 272 115 272 112 272 112 273 115 274 116 275 116 276 117 276 112 276 117 277 116 277 120 277 120 278 116 278 118 278 116 279 115 279 118 279 115 280 114 280 118 280 118 281 114 281 119 281 114 282 113 282 119 282 119 283 113 283 120 283 113 284 117 284 120 284 123 285 121 286 124 287 121 288 122 288 124 288 122 289 125 289 124 289 125 290 126 290 124 290 124 291 126 291 123 291 123 292 126 292 129 292 129 293 126 293 127 293 126 294 125 294 127 294 125 295 122 295 127 295 127 296 122 296 128 296 122 297 121 297 128 297 128 298 121 298 129 298 121 299 123 300 129 301 130 302 132 303 131 304 131 305 133 306 130 307 133 308 134 309 130 310 134 311 135 312 130 313 135 314 132 314 130 314 132 315 135 316 138 317 135 318 134 318 138 318 138 319 134 319 136 319 134 320 133 321 136 322 133 323 131 324 136 325 136 326 131 326 137 326 131 327 132 327 137 327 137 328 132 328 138 328 141 329 140 330 139 331 140 332 142 333 139 334 142 335 143 335 139 335 143 336 144 337 139 338 139 339 144 340 141 341 141 342 144 342 145 342 144 343 143 343 145 343 143 344 142 344 145 344 145 345 142 346 146 347 142 348 140 349 146 350 146 351 140 352 147 353 140 354 141 354 147 354 147 355 141 355 145 355 152 356 150 356 148 356 150 357 149 357 148 357 148 358 149 359 151 360 151 361 152 362 148 363 152 364 151 364 153 364 153 365 151 365 154 365 151 366 149 367 154 368 154 369 149 369 155 369 149 370 150 370 155 370 155 371 150 371 156 371 150 372 152 372 156 372 156 373 152 373 153 373 161 374 158 375 157 376 158 377 159 378 157 379 159 380 160 381 157 382 157 383 160 384 161 385 162 386 161 386 163 386 161 387 160 388 163 389 163 390 160 391 164 392 160 393 159 394 164 395 164 396 159 396 165 396 159 397 158 397 165 397 165 398 158 399 162 400 158 401 161 402 162 403 167 404 168 405 166 406 168 407 169 407 166 407 166 408 169 408 170 408 170 409 167 410 166 411 174 412 167 413 171 414 167 415 170 415 171 415 171 416 170 416 172 416 170 417 169 417 172 417 169 418 168 419 172 420 172 421 168 422 173 423 173 424 167 424 174 424 168 425 167 425 173 425 176 426 177 427 175 428 177 429 178 429 175 429 178 430 179 430 175 430 179 431 176 432 175 433 182 434 176 435 180 436 176 437 179 437 180 437 180 438 179 439 181 440 179 441 178 441 181 441 178 442 177 443 181 444 181 445 177 446 182 447 177 448 176 449 182 450 185 451 184 451 183 451 183 452 184 453 186 454 186 455 187 456 183 457 187 458 185 458 183 458 185 459 187 459 191 459 191 460 187 460 188 460 187 461 186 462 188 463 188 464 186 464 189 464 186 465 184 465 189 465 189 466 184 466 190 466 184 467 185 467 190 467 190 468 185 468 191 468 192 469 194 469 193 469 193 470 195 470 192 470 195 471 196 472 192 473 196 474 197 475 192 476 197 477 194 477 192 477 194 478 197 479 198 480 197 481 196 481 198 481 198 482 196 483 199 484 196 485 195 486 199 487 199 488 195 489 200 490 195 491 193 491 200 491 193 492 194 493 200 494 200 495 194 495 201 495 201 496 194 497 198 498 207 499 204 500 202 501 204 502 203 503 202 504 203 505 205 505 202 505 205 506 206 507 202 508 206 509 207 509 202 509 207 510 206 510 208 510 208 511 206 511 209 511 206 512 205 512 209 512 209 513 205 514 210 515 205 516 203 517 210 518 203 519 204 519 210 519 210 520 204 520 211 520 204 521 207 521 211 521 211 522 207 522 208 522 214 523 215 524 212 525 215 526 213 526 212 526 213 527 216 527 212 527 216 528 214 529 212 530 220 531 214 531 217 531 214 532 216 532 217 532 217 533 216 533 218 533 216 534 213 534 218 534 218 535 213 535 219 535 213 536 215 536 219 536 219 537 215 538 220 539 215 540 214 540 220 540 225 541 222 541 221 541 222 542 223 543 221 544 223 545 224 546 221 547 224 548 225 548 221 548 228 549 225 550 226 551 225 552 224 552 226 552 224 553 223 553 226 553 226 554 223 554 227 554 223 555 222 556 227 557 227 558 222 559 228 560 222 561 225 561 228 561 233 562 229 562 231 562 229 563 230 563 231 563 230 564 232 564 231 564 232 565 233 566 231 567 234 568 232 568 235 568 233 569 232 569 234 569 235 570 232 570 236 570 232 571 230 572 236 573 236 574 230 574 237 574 230 575 229 575 237 575 237 576 229 576 234 576 229 577 233 578 234 579 242 580 239 581 238 582 239 583 240 584 238 585 240 586 241 586 238 586 241 587 242 588 238 589 242 590 241 591 246 592 246 593 241 593 243 593 243 594 241 595 244 596 241 597 240 597 244 597 240 598 239 598 244 598 244 599 239 599 245 599 239 600 242 601 245 602 245 603 242 603 246 603 248 604 249 604 247 604 249 605 250 605 247 605 247 606 250 607 251 608 247 609 251 609 248 609 248 610 251 610 252 610 252 611 251 611 253 611 251 612 250 612 253 612 253 613 250 613 254 613 250 614 249 614 254 614 254 615 249 615 255 615 249 616 248 616 255 616 255 617 248 617 252 617 258 618 259 618 256 618 256 619 259 619 257 619 259 620 258 620 260 620 260 621 258 621 256 621 260 622 256 622 257 622 128 623 257 623 127 623 118 623 129 623 127 623 119 624 129 624 118 624 119 623 128 623 129 623 108 623 109 623 120 623 110 625 120 625 109 625 110 623 119 623 120 623 99 623 111 623 108 623 98 626 99 626 108 626 100 627 111 627 99 627 100 628 110 628 111 628 90 623 101 623 98 623 253 629 257 629 128 629 91 623 101 623 90 623 252 623 253 623 128 623 261 630 253 631 254 632 261 633 257 633 253 633 91 623 100 623 101 623 92 623 100 623 91 623 255 634 261 634 254 634 244 635 252 635 243 635 83 623 92 623 90 623 83 636 90 636 82 636 243 623 252 623 128 623 243 637 128 637 119 637 244 623 255 623 252 623 84 638 92 638 83 638 244 639 261 639 255 639 245 640 261 640 244 640 73 623 81 623 72 623 236 623 246 623 235 623 235 641 246 641 243 641 72 623 81 623 82 623 235 623 243 623 119 623 235 642 119 642 110 642 73 623 84 623 81 623 74 643 84 643 73 643 236 623 245 623 246 623 237 623 245 623 236 623 237 644 261 644 245 644 63 623 75 623 72 623 227 645 234 645 235 645 226 646 227 646 235 646 226 647 110 647 100 647 226 623 235 623 110 623 62 623 63 623 72 623 226 648 100 648 92 648 64 623 75 623 63 623 227 623 237 623 234 623 64 623 74 623 75 623 228 649 237 649 227 649 228 650 261 650 237 650 218 651 226 651 217 651 53 623 65 623 62 623 52 623 53 623 62 623 217 623 226 623 92 623 218 623 228 623 226 623 217 652 92 652 84 652 54 653 65 653 53 653 54 623 64 623 65 623 219 654 228 654 218 654 43 623 55 623 52 623 209 623 220 623 217 623 210 655 220 655 209 655 209 656 217 656 84 656 44 623 55 623 43 623 209 657 84 657 74 657 210 623 219 623 220 623 44 623 54 623 55 623 45 658 54 658 44 658 35 623 46 623 43 623 199 659 208 659 209 659 36 623 46 623 35 623 198 660 199 660 209 660 198 623 209 623 74 623 199 623 211 623 208 623 198 661 74 661 64 661 200 623 211 623 199 623 36 623 45 623 46 623 188 662 189 662 198 662 188 623 198 623 64 623 25 663 34 663 35 663 24 623 25 623 35 623 26 664 34 664 25 664 26 623 37 623 34 623 189 623 201 623 198 623 188 665 64 665 54 665 190 623 201 623 189 623 190 623 200 623 201 623 27 623 37 623 26 623 180 623 181 623 188 623 181 623 191 623 188 623 180 666 188 666 54 666 15 667 27 667 24 667 16 668 27 668 15 668 180 669 54 669 45 669 182 670 191 670 181 670 182 671 190 671 191 671 172 623 180 623 45 623 172 672 182 672 180 672 171 623 172 623 45 623 173 623 182 623 172 623 171 673 45 673 36 673 5 623 17 623 14 623 6 674 17 674 5 674 6 675 7 675 259 675 164 676 171 676 163 676 163 623 171 623 36 623 164 623 174 623 171 623 163 677 36 677 37 677 165 678 174 678 164 678 165 623 173 623 174 623 154 623 162 623 163 623 154 679 37 679 27 679 154 680 163 680 37 680 155 681 162 681 154 681 155 623 165 623 162 623 145 682 146 682 153 682 145 623 153 623 154 623 145 683 27 683 16 683 145 623 154 623 27 623 145 684 16 684 17 684 146 623 156 623 153 623 147 623 156 623 146 623 138 685 136 685 145 685 138 686 17 686 6 686 138 623 145 623 17 623 136 687 147 687 145 687 137 623 147 623 136 623 138 688 6 688 259 688 262 689 147 689 137 689 262 690 259 690 260 690 262 691 137 691 138 691 262 692 156 692 147 692 262 693 155 693 156 693 262 694 165 694 155 694 262 695 138 695 259 695 262 696 261 696 228 696 262 697 228 697 219 697 262 698 219 698 210 698 262 699 210 699 211 699 262 700 211 700 200 700 262 701 200 701 190 701 262 702 190 702 182 702 262 703 182 703 173 703 262 704 173 704 165 704 257 705 259 705 43 705 43 706 259 706 35 706 35 707 259 707 24 707 24 708 259 708 15 708 15 709 259 709 14 709 14 710 259 710 5 710 5 711 259 711 7 711 257 712 43 712 52 712 257 713 52 713 62 713 257 714 62 714 72 714 257 715 72 715 82 715 257 716 82 716 90 716 257 717 90 717 98 717 257 718 98 718 108 718 257 719 108 719 120 719 257 720 120 720 118 720 257 721 118 721 127 721 263 722 264 722 257 722 261 723 263 723 257 723 263 724 265 724 264 724 263 724 266 724 265 724 262 725 260 725 265 725 266 726 262 726 265 726 262 727 266 727 263 727 262 727 263 727 261 727 265 728 260 728 264 728 264 729 260 729 257 729</p>
        </triangles>
      </mesh>
    </geometry>
    <geometry id="Part__Feature018_002-mesh" name="Part__Feature018.002">
      <mesh>
        <source id="Part__Feature018_002-mesh-positions">
          <float_array id="Part__Feature018_002-mesh-positions-array" count="48">-0.51435 0.17145 0.00634998 -0.01905 0.17145 0.00634998 -0.51435 0.1587499 0.00634998 -0.01905 0.1587499 0.00634998 -0.51435 0.1587499 0.00317496 -0.01905 0.1587499 0.00317496 -0.01905 0.17145 0.00317496 -0.51435 0.17145 0.00317496 -0.51435 0.17145 0 -0.51435 0.1524 0 -0.51435 0.17145 0.3048 -0.51435 0.1524 0.3048 -0.01905 0.17145 0 -0.01905 0.17145 0.3048 -0.01905 0.1524 0 -0.01905 0.1524 0.3048</float_array>
          <technique_common>
            <accessor source="#Part__Feature018_002-mesh-positions-array" count="16" stride="3">
              <param name="X" type="float"/>
              <param name="Y" type="float"/>
              <param name="Z" type="float"/>
            </accessor>
          </technique_common>
        </source>
        <source id="Part__Feature018_002-mesh-normals">
          <float_array id="Part__Feature018_002-mesh-normals-array" count="24">0 0 -1 0 1 0 0 0 1 -1 0 0 -1 3.60888e-6 0 1 0 0 1 -1.27815e-7 0 0 -1 0</float_array>
          <technique_common>
            <accessor source="#Part__Feature018_002-mesh-normals-array" count="8" stride="3">
              <param name="X" type="float"/>
              <param name="Y" type="float"/>
              <param name="Z" type="float"/>
            </accessor>
          </technique_common>
        </source>
        <vertices id="Part__Feature018_002-mesh-vertices">
          <input semantic="POSITION" source="#Part__Feature018_002-mesh-positions"/>
        </vertices>
        <triangles material="Part__Feature018_002-material" count="28">
          <input semantic="VERTEX" source="#Part__Feature018_002-mesh-vertices" offset="0"/>
          <input semantic="NORMAL" source="#Part__Feature018_002-mesh-normals" offset="1"/>
          <p>0 0 1 0 2 0 2 0 1 0 3 0 2 1 3 1 4 1 4 1 3 1 5 1 6 2 7 2 4 2 6 2 4 2 5 2 4 3 7 3 8 3 9 3 2 3 4 3 9 3 4 3 8 3 10 3 0 3 2 3 11 3 10 3 2 3 11 4 2 4 9 4 7 1 6 1 12 1 7 1 12 1 8 1 10 1 1 1 0 1 10 1 13 1 1 1 3 5 14 5 5 5 12 5 5 5 14 5 6 5 5 5 12 5 15 6 14 6 3 6 13 5 3 5 1 5 13 5 15 5 3 5 15 7 9 7 14 7 15 7 11 7 9 7 13 2 10 2 11 2 13 2 11 2 15 2 9 0 12 0 14 0 8 0 12 0 9 0</p>
        </triangles>
      </mesh>
    </geometry>
  </library_geometries>
  <library_visual_scenes>
    <visual_scene id="Scene" name="Scene">
      <node id="node23" name="node23" type="NODE">
        <matrix sid="transform">1 0 0 0 0 1 0 0 0 0 1 0 0 0 0 1</matrix>
        <instance_geometry url="#Part__Feature017_002-mesh" name="node23">
          <bind_material>
            <technique_common>
              <instance_material symbol="Part__Feature017_002-material" target="#Part__Feature017_002-material"/>
            </technique_common>
          </bind_material>
        </instance_geometry>
      </node>
      <node id="node22" name="node22" type="NODE">
        <matrix sid="transform">1 0 0 0 0 1 0 0 0 0 1 0 0 0 0 1</matrix>
        <instance_geometry url="#Part__Feature016_002-mesh" name="node22">
          <bind_material>
            <technique_common>
              <instance_material symbol="Part__Feature016_002-material" target="#Part__Feature016_002-material"/>
            </technique_common>
          </bind_material>
        </instance_geometry>
      </node>
      <node id="node21" name="node21" type="NODE">
        <matrix sid="transform">1 0 0 0 0 1 0 0 0 0 1 0 0 0 0 1</matrix>
        <instance_geometry url="#Part__Feature015_002-mesh" name="node21">
          <bind_material>
            <technique_common>
              <instance_material symbol="Part__Feature015_002-material" target="#Part__Feature015_002-material"/>
            </technique_common>
          </bind_material>
        </instance_geometry>
      </node>
      <node id="node20" name="node20" type="NODE">
        <matrix sid="transform">1 0 0 0 0 1 0 0 0 0 1 0 0 0 0 1</matrix>
        <instance_geometry url="#Part__Feature014_002-mesh" name="node20">
          <bind_material>
            <technique_common>
              <instance_material symbol="Part__Feature014_002-material" target="#Part__Feature014_002-material"/>
            </technique_common>
          </bind_material>
        </instance_geometry>
      </node>
      <node id="node19" name="node19" type="NODE">
        <matrix sid="transform">1 0 0 0 0 1 0 0 0 0 1 0 0 0 0 1</matrix>
        <instance_geometry url="#Part__Feature013_002-mesh" name="node19">
          <bind_material>
            <technique_common>
              <instance_material symbol="Part__Feature013_002-material" target="#Part__Feature013_002-material"/>
            </technique_common>
          </bind_material>
        </instance_geometry>
      </node>
      <node id="node18" name="node18" type="NODE">
        <matrix sid="transform">1 0 0 0 0 1 0 0 0 0 1 0 0 0 0 1</matrix>
        <instance_geometry url="#Part__Feature011_003-mesh" name="node18">
          <bind_material>
            <technique_common>
              <instance_material symbol="Part__Feature011_003-material" target="#Part__Feature011_003-material"/>
            </technique_common>
          </bind_material>
        </instance_geometry>
      </node>
      <node id="node17" name="node17" type="NODE">
        <matrix sid="transform">1 0 0 0 0 1 0 0 0 0 1 0 0 0 0 1</matrix>
        <instance_geometry url="#Part__Feature010_003-mesh" name="node17">
          <bind_material>
            <technique_common>
              <instance_material symbol="Part__Feature010_003-material" target="#Part__Feature010_003-material"/>
            </technique_common>
          </bind_material>
        </instance_geometry>
      </node>
      <node id="node16" name="node16" type="NODE">
        <matrix sid="transform">1 0 0 0 0 1 0 0 0 0 1 0 0 0 0 1</matrix>
        <instance_geometry url="#Part__Feature009_003-mesh" name="node16">
          <bind_material>
            <technique_common>
              <instance_material symbol="Part__Feature009_003-material" target="#Part__Feature009_003-material"/>
            </technique_common>
          </bind_material>
        </instance_geometry>
      </node>
      <node id="node15" name="node15" type="NODE">
        <matrix sid="transform">1 0 0 0 0 1 0 0 0 0 1 0 0 0 0 1</matrix>
        <instance_geometry url="#Part__Feature008_003-mesh" name="node15">
          <bind_material>
            <technique_common>
              <instance_material symbol="Part__Feature008_003-material" target="#Part__Feature008_003-material"/>
            </technique_common>
          </bind_material>
        </instance_geometry>
      </node>
      <node id="node14" name="node14" type="NODE">
        <matrix sid="transform">1 0 0 0 0 1 0 0 0 0 1 0 0 0 0 1</matrix>
        <instance_geometry url="#Part__Feature007_003-mesh" name="node14">
          <bind_material>
            <technique_common>
              <instance_material symbol="Part__Feature007_003-material" target="#Part__Feature007_003-material"/>
            </technique_common>
          </bind_material>
        </instance_geometry>
      </node>
      <node id="node13" name="node13" type="NODE">
        <matrix sid="transform">1 0 0 0 0 1 0 0 0 0 1 0 0 0 0 1</matrix>
        <instance_geometry url="#Part__Feature012_003-mesh" name="node13">
          <bind_material>
            <technique_common>
              <instance_material symbol="Part__Feature012_003-material" target="#Part__Feature012_003-material"/>
            </technique_common>
          </bind_material>
        </instance_geometry>
      </node>
      <node id="node12" name="node12" type="NODE">
        <matrix sid="transform">1 0 0 0 0 1 0 0 0 0 1 0 0 0 0 1</matrix>
        <instance_geometry url="#Part__Feature006_003-mesh" name="node12">
          <bind_material>
            <technique_common>
              <instance_material symbol="Part__Feature006_003-material" target="#Part__Feature006_003-material"/>
            </technique_common>
          </bind_material>
        </instance_geometry>
      </node>
      <node id="node11" name="node11" type="NODE">
        <matrix sid="transform">1 0 0 0 0 1 0 0 0 0 1 0 0 0 0 1</matrix>
        <instance_geometry url="#Part__Feature005_003-mesh" name="node11">
          <bind_material>
            <technique_common>
              <instance_material symbol="Part__Feature005_003-material" target="#Part__Feature005_003-material"/>
            </technique_common>
          </bind_material>
        </instance_geometry>
      </node>
      <node id="node10" name="node10" type="NODE">
        <matrix sid="transform">1 0 0 0 0 1 0 0 0 0 1 0 0 0 0 1</matrix>
        <instance_geometry url="#Part__Feature004_003-mesh" name="node10">
          <bind_material>
            <technique_common>
              <instance_material symbol="Part__Feature004_003-material" target="#Part__Feature004_003-material"/>
            </technique_common>
          </bind_material>
        </instance_geometry>
      </node>
      <node id="node9" name="node9" type="NODE">
        <matrix sid="transform">1 0 0 0 0 1 0 0 0 0 1 0 0 0 0 1</matrix>
        <instance_geometry url="#Part__Feature003_003-mesh" name="node9">
          <bind_material>
            <technique_common>
              <instance_material symbol="Part__Feature003_003-material" target="#Part__Feature003_003-material"/>
            </technique_common>
          </bind_material>
        </instance_geometry>
      </node>
      <node id="node8" name="node8" type="NODE">
        <matrix sid="transform">1 0 0 0 0 1 0 0 0 0 1 0 0 0 0 1</matrix>
        <instance_geometry url="#Part__Feature002_003-mesh" name="node8">
          <bind_material>
            <technique_common>
              <instance_material symbol="Part__Feature002_003-material" target="#Part__Feature002_003-material"/>
            </technique_common>
          </bind_material>
        </instance_geometry>
      </node>
      <node id="node7" name="node7" type="NODE">
        <matrix sid="transform">1 0 0 0 0 1 0 0 0 0 1 0 0 0 0 1</matrix>
        <instance_geometry url="#Part__Feature001_004-mesh" name="node7">
          <bind_material>
            <technique_common>
              <instance_material symbol="Part__Feature001_004-material" target="#Part__Feature001_004-material"/>
            </technique_common>
          </bind_material>
        </instance_geometry>
      </node>
      <node id="node6" name="node6" type="NODE">
        <matrix sid="transform">1 0 0 0 0 1 0 0 0 0 1 0 0 0 0 1</matrix>
        <instance_geometry url="#Part__Feature_005-mesh" name="node6">
          <bind_material>
            <technique_common>
              <instance_material symbol="Part__Feature_005-material" target="#Part__Feature_005-material"/>
            </technique_common>
          </bind_material>
        </instance_geometry>
      </node>
      <node id="node5" name="node5" type="NODE">
        <matrix sid="transform">1 0 0 0 0 1 0 0 0 0 1 0 0 0 0 1</matrix>
        <instance_geometry url="#Part__Feature023_002-mesh" name="node5">
          <bind_material>
            <technique_common>
              <instance_material symbol="Part__Feature023_002-material" target="#Part__Feature023_002-material"/>
            </technique_common>
          </bind_material>
        </instance_geometry>
      </node>
      <node id="node4" name="node4" type="NODE">
        <matrix sid="transform">1 0 0 0 0 1 0 0 0 0 1 0 0 0 0 1</matrix>
        <instance_geometry url="#Part__Feature022_002-mesh" name="node4">
          <bind_material>
            <technique_common>
              <instance_material symbol="Part__Feature022_002-material" target="#Part__Feature022_002-material"/>
            </technique_common>
          </bind_material>
        </instance_geometry>
      </node>
      <node id="node3" name="node3" type="NODE">
        <matrix sid="transform">1 0 0 0 0 1 0 0 0 0 1 0 0 0 0 1</matrix>
        <instance_geometry url="#Part__Feature021_002-mesh" name="node3">
          <bind_material>
            <technique_common>
              <instance_material symbol="Part__Feature021_002-material" target="#Part__Feature021_002-material"/>
            </technique_common>
          </bind_material>
        </instance_geometry>
      </node>
      <node id="node2" name="node2" type="NODE">
        <matrix sid="transform">1 0 0 0 0 1 0 0 0 0 1 0 0 0 0 1</matrix>
        <instance_geometry url="#Part__Feature020_002-mesh" name="node2">
          <bind_material>
            <technique_common>
              <instance_material symbol="Part__Feature020_002-material" target="#Part__Feature020_002-material"/>
            </technique_common>
          </bind_material>
        </instance_geometry>
      </node>
      <node id="node1" name="node1" type="NODE">
        <matrix sid="transform">1 0 0 0 0 1 0 0 0 0 1 0 0 0 0 1</matrix>
        <instance_geometry url="#Part__Feature019_002-mesh" name="node1">
          <bind_material>
            <technique_common>
              <instance_material symbol="Part__Feature019_002-material" target="#Part__Feature019_002-material"/>
            </technique_common>
          </bind_material>
        </instance_geometry>
      </node>
      <node id="node0" name="node0" type="NODE">
        <matrix sid="transform">1 0 0 0 0 1 0 0 0 0 1 0 0 0 0 1</matrix>
        <instance_geometry url="#Part__Feature018_002-mesh" name="node0">
          <bind_material>
            <technique_common>
              <instance_material symbol="Part__Feature018_002-material" target="#Part__Feature018_002-material"/>
            </technique_common>
          </bind_material>
        </instance_geometry>
      </node>
      <node id="Camera" name="Camera" type="NODE">
        <matrix sid="transform">0.6859207 -0.3240135 0.6515582 7.358891 0.7276763 0.3054208 -0.6141704 -6.925791 0 0.8953956 0.4452714 4.958309 0 0 0 1</matrix>
        <instance_camera url="#Camera-camera"/>
      </node>
      <node id="Light" name="Light" type="NODE">
        <matrix sid="transform">-0.2908646 -0.7711008 0.5663932 4.076245 0.9551712 -0.1998834 0.2183912 1.005454 -0.05518906 0.6045247 0.7946723 5.903862 0 0 0 1</matrix>
        <instance_light url="#Light-light"/>
      </node>
    </visual_scene>
  </library_visual_scenes>
  <scene>
    <instance_visual_scene url="#Scene"/>
  </scene>
</COLLADA>