<?xml version="1.0" encoding="utf-8"?>
<COLLADA xmlns="http://www.collada.org/2005/11/COLLADASchema" version="1.4.1" xmlns:xsi="http://www.w3.org/2001/XMLSchema-instance">
  <asset>
    <contributor>
      <author>Blender User</author>
      <authoring_tool>Blender 4.0.2 commit date:2023-12-05, commit time:07:41, hash:9be62e85b727</authoring_tool>
    </contributor>
    <created>2024-01-15T07:05:50</created>
    <modified>2024-01-15T07:05:50</modified>
    <unit name="meter" meter="1"/>
    <up_axis>Z_UP</up_axis>
  </asset>
  <library_cameras>
    <camera id="Camera-camera" name="Camera">
      <optics>
        <technique_common>
          <perspective>
            <xfov sid="xfov">39.59775</xfov>
            <aspect_ratio>1.777778</aspect_ratio>
            <znear sid="znear">0.1</znear>
            <zfar sid="zfar">100</zfar>
          </perspective>
        </technique_common>
      </optics>
      <extra>
        <technique profile="blender">
          <shiftx sid="shiftx" type="float">0</shiftx>
          <shifty sid="shifty" type="float">0</shifty>
          <dof_distance sid="dof_distance" type="float">10</dof_distance>
        </technique>
      </extra>
    </camera>
  </library_cameras>
  <library_lights>
    <light id="Light-light" name="Light">
      <technique_common>
        <point>
          <color sid="color">1000 1000 1000</color>
          <constant_attenuation>1</constant_attenuation>
          <linear_attenuation>0</linear_attenuation>
          <quadratic_attenuation>0</quadratic_attenuation>
        </point>
      </technique_common>
      <extra>
        <technique profile="blender">
          <type sid="type" type="int">0</type>
          <flag sid="flag" type="int">0</flag>
          <mode sid="mode" type="int">1</mode>
          <red sid="red" type="float">1</red>
          <green sid="green" type="float">1</green>
          <blue sid="blue" type="float">1</blue>
          <shadow_r sid="blender_shadow_r" type="float">0</shadow_r>
          <shadow_g sid="blender_shadow_g" type="float">0</shadow_g>
          <shadow_b sid="blender_shadow_b" type="float">0</shadow_b>
          <energy sid="blender_energy" type="float">1000</energy>
          <spotsize sid="spotsize" type="float">75</spotsize>
          <spotblend sid="spotblend" type="float">0.15</spotblend>
          <clipsta sid="clipsta" type="float">0.04999995</clipsta>
          <clipend sid="clipend" type="float">30.002</clipend>
          <bias sid="bias" type="float">1</bias>
          <radius sid="radius" type="float">0.1</radius>
          <area_shape sid="area_shape" type="int">1</area_shape>
          <area_size sid="area_size" type="float">0.1</area_size>
          <area_sizey sid="area_sizey" type="float">0.1</area_sizey>
          <area_sizez sid="area_sizez" type="float">1</area_sizez>
        </technique>
      </extra>
    </light>
  </library_lights>
  <library_effects>
    <effect id="Part__Feature001-effect">
      <profile_COMMON>
        <technique sid="common">
          <lambert>
            <emission>
              <color sid="emission">0 0 0 1</color>
            </emission>
            <diffuse>
              <color sid="diffuse">0.8431373 0.8156863 0.7529413 1</color>
            </diffuse>
            <index_of_refraction>
              <float sid="ior">1.45</float>
            </index_of_refraction>
          </lambert>
        </technique>
      </profile_COMMON>
    </effect>
    <effect id="Part__Feature-effect">
      <profile_COMMON>
        <technique sid="common">
          <lambert>
            <emission>
              <color sid="emission">0 0 0 1</color>
            </emission>
            <diffuse>
              <color sid="diffuse">0.9098039 0.4431373 0.03137255 1</color>
            </diffuse>
            <index_of_refraction>
              <float sid="ior">1.45</float>
            </index_of_refraction>
          </lambert>
        </technique>
      </profile_COMMON>
    </effect>
  </library_effects>
  <library_images/>
  <library_materials>
    <material id="Part__Feature001-material" name="Part__Feature001">
      <instance_effect url="#Part__Feature001-effect"/>
    </material>
    <material id="Part__Feature-material" name="Part__Feature">
      <instance_effect url="#Part__Feature-effect"/>
    </material>
  </library_materials>
  <library_geometries>
    <geometry id="Part__Feature001-mesh" name="Part__Feature001">
      <mesh>
        <source id="Part__Feature001-mesh-positions">
          <float_array id="Part__Feature001-mesh-positions-array" count="2340">0.006235063 0.28875 0.02806568 -0.001269936 0.305 0.02671569 -0.003068029 0.28875 0.0252816 -0.01193457 0.28875 0.01559489 -0.01283967 0.305 0.01331561 -0.01227748 0.28875 4.40633e-4 -0.01031988 0.305 -0.004033565 -0.002750098 0.28875 -0.01090455 0.001475811 0.305 -0.0124492 0.009839951 0.28875 -0.0131371 0.01562136 0.305 -0.01199728 0.01643276 0.305 0.02652382 0.02627837 0.305 0.01612079 0.02805006 0.305 0.006402373 0.02553784 0.305 -0.002619743 -0.01306664 0.28875 0.02285188 -7.28683e-4 0.28875 0.03123217 -0.01793587 0.28875 0.003627717 0.01244688 0.28875 0.0323832 0.01869988 0.28875 0.02519768 0.02792954 0.28875 0.02285188 -0.007642149 0.28875 -0.01332277 0.02711915 0.28875 0.01404619 0.03279876 0.28875 0.003627717 0.007431447 0.28875 -0.01778775 0.0270583 0.28875 -2.71525e-4 0.0225051 0.28875 -0.01332271 0.01863193 0.28875 -0.009910225 0.01301199 0.2799614 -0.01728767 8.84205e-4 0.2799579 -0.01686066 -0.009235978 0.2800106 -0.01154094 -0.01582294 0.2799667 -0.002284765 -0.01768183 0.2799614 0.01181542 -0.01038622 0.27995 0.02539789 0.003052532 0.279963 0.03252112 -0.04778295 0.2726922 0.003384709 -0.04774075 0.2721673 0.02039313 -0.04882365 0.2688939 0.0351935 -0.05488818 0.2678472 0.02510869 -0.05484998 0.2693099 0.009812057 -0.05476123 0.2672036 -0.01402372 -0.05463916 0.2685232 -0.005714416 -0.0545572 0.2659709 0.03473901 -0.04778039 0.271796 -0.006945371 -0.06355255 0.2102823 0.02319973 -0.06375443 0.215326 0.02734422 -0.06375771 0.2219885 0.02445918 -0.06353038 0.2241151 0.01698982 -0.06376671 0.2238311 0.01230847 -0.06379449 0.2204439 0.006935775 -0.06371617 0.2154406 0.005380094 -0.06377267 0.2099922 0.009684205 -0.06378298 0.2082456 0.01816123 -0.06188064 0.2317841 0.01076984 -0.06378483 0.2326838 0.01350253 -0.06376612 0.2383549 0.01119685 -0.06377488 0.2402689 0.004312098 -0.0637831 0.238091 -0.001999497 -0.06376093 0.2341328 -0.004063963 -0.06382453 0.2299838 -0.002762019 -0.06374621 0.2274041 0.002823114 -0.0637685 0.228311 0.009822905 -0.06235069 0.2287719 0.004819691 -0.06379693 0.2365849 -0.01155269 -0.06380951 0.2405406 -0.009834825 -0.06376576 0.2440332 -0.01191735 -0.06379348 0.2451989 -0.01750493 -0.06375902 0.2423306 -0.0227524 -0.06376165 0.2370163 -0.02192693 -0.06379473 0.2352237 -0.01625728 -0.0637198 0.2395977 -0.03369414 -0.06368422 0.239498 -0.03842663 -0.06368225 0.2313671 -0.03784388 -0.06371116 0.2355722 -0.04154515 -0.06196141 0.235869 -0.03988772 -0.0637713 0.2363998 -0.03046178 -0.06380754 0.2320298 -0.03184819 -0.0637471 0.2228332 -0.04668372 -0.06376463 0.2226403 -0.04956412 -0.06375581 0.2279548 -0.04508692 -0.06333309 0.2278242 -0.05115497 -0.06386947 0.2253038 -0.0529164 -0.06371533 0.2294659 -0.04835438 -0.06198608 0.2242795 -0.04938596 -0.06249219 0.2260148 -0.05111837 -0.06197255 0.227293 -0.04983139 -0.06193691 0.2273675 -0.0467574 -0.06195515 0.2364212 -0.03243374 -0.0619868 0.2384009 -0.03606116 -0.06200724 0.2108978 0.02072036 -0.06203424 0.2111172 0.01210719 -0.0623219 0.2134823 0.00818181 -0.06201112 0.2167488 0.007519006 -0.06209629 0.2202884 0.00967729 -0.06201732 0.2221066 0.01877838 -0.06194221 0.2190023 0.02434623 -0.06200599 0.2310976 -7.11609e-4 -0.06211304 0.2338458 -0.002203047 -0.06203103 0.236303 -7.41422e-4 -0.06209409 0.2384032 0.004897296 -0.06209099 0.2364031 0.01040351 -0.06208866 0.2369746 -0.01549965 -0.06211024 0.2422438 -0.01266622 -0.06197339 0.2394182 -0.02092522 -0.06200963 0.2417939 -0.02035456 -0.06222647 0.2434277 -0.01690644 -0.06204807 0.2395934 -0.0120244 -0.06197035 0.2333489 -0.03829109 -0.06199097 0.2329186 -0.03418058 -0.06203866 0.2146444 0.02487766 -0.06196194 0.07096576 0.00421983 -0.06378847 0.07119858 0.006301522 -0.06375992 0.07128387 -0.001315534 -0.0632354 0.07286095 0.003332078 -0.0637291 0.07327538 0.001255273 -0.0619663 0.07102602 4.5343e-4 -0.06377881 0.01401221 0.006351649 -0.06372404 0.01382374 -0.001283347 -0.06334811 0.0120514 0.003318369 -0.0637747 0.01147896 0.001421689 -0.06196892 0.05125278 -0.01715511 -0.06373494 0.05172854 -0.01522517 -0.06370794 0.05340147 -0.01881635 -0.06376188 0.05200439 -0.02237939 -0.0619722 0.05130445 -0.02046674 -0.06374341 0.01343613 -0.01514452 -0.06372135 0.01369214 -0.02245962 -0.06193101 0.01356786 -0.02043861 -0.06374049 0.01150113 -0.01949822 -0.06197035 0.03624862 -0.0370562 -0.06375789 0.03593921 -0.03478091 -0.06374806 0.03846031 -0.03771448 -0.0637691 0.01401805 -0.03478997 -0.06196987 0.03628647 -0.04046517 -0.06379687 0.03700959 -0.0423789 -0.0636813 0.01304233 -0.04208493 -0.06367975 0.01132506 -0.03890854 -0.06194996 0.0136637 0.003946781 -0.06196361 0.01373845 5.80731e-4 -0.06199067 0.01376843 -0.01708889 -0.06194943 0.01366943 -0.03719764 -0.06198352 0.01373875 -0.04058283 -0.0637933 0.1908921 0.02810657 -0.06190031 0.1912658 0.02560263 -0.06375676 0.191259 0.02036601 -0.06201106 0.1913732 0.02229219 -0.06374919 0.1931498 0.02588176 -0.06372809 0.1932584 0.02291017 -0.06381005 0.01407551 0.02811598 -0.06372696 0.01337009 0.02055227 -0.06369841 0.0116713 0.02521246 -0.06322824 0.0124033 0.02272105 -0.06197625 0.01363807 0.0256772 -0.0619632 0.01376909 0.02225458 -0.06373614 0.2453385 0.0446226 -0.06378239 0.2429268 0.04748809 -0.06372481 0.2438968 0.04008919 -0.06187301 0.2434918 0.04470199 -0.06207931 0.2429836 0.04143738 -0.06372046 0.0133869 0.04712402 -0.06372821 0.01382249 0.03983211 -0.06371402 0.01150453 0.04278916 -0.06195265 0.01367288 0.04509842 -0.06198352 0.01373875 0.04166799 0.04084628 0.1123641 0.06377846 0.04302161 0.110641 0.0637027 0.04303497 0.1122946 0.06199324 0.04082453 0.1652606 0.06378805 0.04683148 0.1124135 0.06202173 0.04290419 0.1670565 0.0636956 0.04802149 0.1112334 0.06369543 0.04811823 0.166267 0.06370729 0.0407868 0.05747902 0.06378328 0.0429576 0.05561769 0.06372207 0.0479865 0.05620598 0.06369036 0.04168725 0.09648215 0.06368148 0.04682028 0.05739182 0.06202739 0.04803353 0.09637635 0.06370162 0.04680061 0.09527045 0.06203126 0.04303026 0.05729693 0.06199163 0.04303359 0.09532761 0.06199204 0.04681974 0.1652323 0.06202727 0.0430389 0.1653274 0.06199306 0.04297035 0.1824342 0.06205606 0.04132908 0.1809989 0.06380319 0.04000997 0.244991 0.06379336 0.04780346 0.1813403 0.06373256 0.02329134 0.246194 0.06368291 0.04802042 0.2460317 0.06372231 0.02446234 0.247655 0.06201159 0.04421949 0.2500951 0.06373459 0.03916269 0.2519484 0.06378901 0.02459591 0.2502757 0.06211388 0.02326709 0.251747 0.06380009 0.03986126 0.2469196 0.06203359 0.04259592 0.2442204 0.06201237 0.04181629 0.24967 0.06201171 0.04646492 0.182601 0.06203699 0.0464707 0.2450765 0.06201511 0.04313224 0.01370453 0.06379365 0.04566347 0.01866978 0.06374955 0.04289102 0.02190214 0.06379061 -0.04147684 0.01598328 0.06207191 -0.04389458 0.01552087 0.0635184 -0.04065567 0.01352876 0.06385618 -0.04726189 0.01927411 0.06375861 -0.04743856 0.2409107 0.06375557 -0.03535318 0.02302098 0.06385385 -0.03637874 0.2437535 0.06379473 -0.04528743 0.2451439 0.06379544 -0.04069042 0.2459752 0.06369334 -0.04537338 0.0201115 0.06204295 -0.04473328 0.2430071 0.06200683 -0.03824579 0.2426593 0.06200116 0.04294854 0.01588493 0.06204944 -0.0342434 0.02036893 0.06206095 -0.03753823 0.02266144 0.06208127 0.04288667 0.01975739 0.06206154 -0.06173181 0.003173232 -0.06137341 -0.06227904 0.001202523 -0.05592817 -0.05949938 1.89778e-4 -0.05434912 -0.06269389 0.00302881 -0.0604133 -0.05604159 3.69113e-4 -0.05104541 -0.05956953 1.94134e-4 -0.0474072 -0.05421721 0.00223881 -0.0509088 -0.05058342 0.003150224 -0.05032628 -0.06075173 2.95853e-4 -0.03612244 -0.06335055 0.002588808 -0.03584003 -0.06385856 0.004181623 -0.04009377 -0.06258434 0.002970576 -0.04146409 -0.06174153 9.3447e-4 -0.04603242 -0.05064392 2.41621e-4 -0.04561901 -0.05102944 0.00172311 -0.04694527 -0.04329013 3.22892e-4 -0.03815841 -0.05961126 1.9828e-4 -0.02193951 -0.0382393 0.002923905 -0.03658151 -0.04159224 0.002235829 -0.03818041 -0.06074851 2.94993e-4 -0.01067399 -0.06308436 0.00217539 -0.01011669 -0.06393963 0.004467189 -0.01421719 -0.06275463 0.003203392 -0.0142973 -0.06262445 0.002840816 -0.01633024 -0.06242752 0.001345098 -0.02026033 -0.03802013 0.001655876 -0.03416097 -0.0384137 2.68805e-4 -0.03294503 -0.05960607 1.96351e-4 0.00351113 -0.02508991 0.003122031 -0.02544528 -0.03056108 3.27942e-4 -0.02546918 -0.02919024 0.001962304 -0.02540343 -0.06075423 2.97804e-4 0.01478701 -0.06354093 0.002929389 0.01478487 -0.063883 0.004163622 0.01013904 -0.06258493 0.002878427 0.009229481 -0.06242758 0.001345098 0.005195498 -0.02515578 2.38055e-4 -0.02014762 -0.01784777 3.14257e-4 -0.01269382 -0.0255773 0.001918554 -0.02169561 -0.05961012 1.9768e-4 0.02897053 -0.01267611 0.003228306 -0.01312226 -0.01643449 0.001977503 -0.01273131 -0.06054067 2.63174e-4 0.04004293 -0.06352961 0.002882838 0.0402798 -0.06364387 0.00365895 0.03556072 -0.06195259 0.002734065 0.03412508 -0.0623905 0.001327574 0.0306462 -0.01279699 2.88849e-4 -0.007582724 -0.01268512 0.001834094 -0.00886476 -0.002028167 0.00281769 -8.1493e-5 -0.005094766 3.97561e-4 3.99975e-5 -0.06196355 0.002344727 0.05889534 -0.05968564 2.31155e-4 0.05449038 -0.06235003 0.001131594 0.05561417 -0.05981206 0.003720879 0.06383454 -0.06379663 0.003915965 0.06031984 -0.06213319 0.003427684 0.06233358 -0.05480664 2.72788e-4 0.05992633 -0.05835336 0.002189218 0.06147122 -0.05626195 0.001424133 0.06238257 4.23453e-5 2.8722e-4 0.00514853 -3.50934e-5 0.002312421 0.003320693 0.007624506 3.41044e-4 0.01272159 0.01273781 0.003110706 0.01326525 0.009646892 0.002341628 0.01268154 -0.02935373 2.68447e-4 0.06015539 -0.04023802 3.05899e-4 0.06078743 -0.0310449 0.00181806 0.06291252 -0.03457278 0.002831161 0.06260174 -0.04012072 0.002984642 0.06355059 -0.0350638 0.003913462 0.0637905 0.01275879 3.11771e-4 0.01784133 0.02147948 0.001712441 0.02532058 0.01269918 0.001817584 0.01660531 0.02016556 2.43703e-4 0.025738 0.02514415 0.003101646 0.02659314 -0.003533482 1.86146e-4 0.05979204 -0.01553094 5.70258e-4 0.06172287 -0.005937993 0.001645147 0.06268185 -0.008730173 0.002723097 0.06222313 -0.01106333 0.004223465 0.06383818 -0.01277536 0.003131031 0.06294167 0.02550315 2.9509e-4 0.03061664 0.02544069 0.001754999 0.02931165 0.03303337 3.41374e-4 0.03821438 0.01067775 3.06438e-4 0.06078374 0.03814733 0.00305438 0.03672963 0.03467828 0.002102434 0.03812026 0.021923 1.85899e-4 0.05979144 0.01949471 0.001641988 0.06265836 0.01661694 0.002749979 0.06231296 0.01124137 0.003150701 0.06349712 0.01512199 0.004007637 0.06379091 0.03816062 3.45697e-4 0.04324012 0.0381748 0.002102196 0.04177236 0.04575884 3.06275e-4 0.05094105 0.04714816 0.001876413 0.05089414 0.04999786 0.003135263 0.05105257 0.04759353 1.61792e-4 0.05976098 0.0361883 3.26649e-4 0.06080055 0.04562002 0.001309454 0.06240093 0.03596997 0.00260359 0.0633465 0.0424568 0.002496898 0.06226813 0.03971737 0.004533171 0.06394869 0.03956729 0.003231704 0.06304943 0.06013101 0.002892911 0.06265521 0.05420953 1.5807e-4 0.05964893 0.05563867 0.001136422 0.06235313 0.05082708 0.001987934 0.05458062 0.05129331 2.09903e-4 0.05620104 -0.06376761 0.1946954 0.007028222 -0.06395614 0.09449577 0.008098065 -0.06387704 0.09729176 -0.04812645 -0.05785298 0.09477263 -0.04273235 -0.06381434 0.08480405 -0.03496354 -0.06007331 0.08669477 -0.030119 -0.06358164 0.08270406 -0.02211475 -0.06090134 0.08504718 -0.02185904 -0.0637108 0.08418101 -0.006899952 -0.06226307 0.08499097 -0.01197022 -0.06291025 0.08781808 -0.002548754 -0.06342673 0.09479045 0.006169199 -0.06235307 0.09869486 -0.04548943 -0.06362384 0.0919674 -0.04389292 -0.06025981 0.09415245 -0.04216057 -0.05928468 0.08987921 -0.03696882 -0.05822831 0.09862768 -0.04428762 -0.06266355 0.08997368 -0.03990703 -0.06237524 0.08530926 -0.02988737 -0.06359547 0.2027909 -0.001880943 -0.06357383 0.207008 -0.01466673 -0.06176841 0.2053686 -0.01614218 -0.06003165 0.20394 -0.0276249 -0.06389594 0.2074225 -0.03065717 -0.06262058 0.2055246 -0.02659392 -0.05942791 0.2015373 -0.03450775 -0.06373482 0.2008016 -0.0417276 -0.05894857 0.1983892 -0.03937011 -0.06376278 0.1918361 -0.04760575 -0.05790162 0.1941898 -0.04328727 -0.05747467 0.1900863 -0.04468542 -0.06217205 0.198082 -0.04180049 -0.06008124 0.1947818 -0.04300493 -0.06253433 0.2033714 -0.0334863 -0.06141483 0.1912872 -0.04480475 -0.05989927 0.2469832 0.0639289 -0.06215202 0.2481973 0.06268501 -0.06374734 0.2474821 0.06062155 -0.06374096 0.2367123 -0.06012344 -0.06372028 0.2527223 -0.03803646 -0.0624659 0.2460104 -0.05169564 -0.06347036 0.2598221 -0.02120375 -0.0639466 0.2627152 0.008450925 -0.06271404 0.2647207 0.004713594 -0.06308901 0.2619823 0.02883976 -0.06396067 0.2558854 0.04208123 -0.06283378 0.2560499 0.04832899 0.05272072 0.2639741 0.06215053 0.06219369 0.2586308 0.0625016 -0.04951864 0.2552657 0.06384301 -0.05276697 0.2559497 0.06211078 -0.03501832 0.2648246 0.0626738 -0.01445645 0.2689234 0.06385284 -0.01432973 0.2711841 0.06241887 0.0100584 0.2732179 0.06187278 0.01396542 0.2707772 0.06377959 0.03156161 0.2706368 0.06243354 0.03980797 0.2662543 0.06385219 0.06061309 0.2577903 0.0636996 -0.0497269 0.0985161 -0.04970747 -0.04774367 0.09310722 -0.04768162 -0.04362124 0.09010291 -0.04362702 -0.03870135 0.09083306 -0.03853946 -0.03459942 0.09696316 -0.0347259 -0.03446388 0.191425 -0.03440219 -0.0368328 0.1977068 -0.03702145 -0.0423336 0.200163 -0.04254502 -0.04747271 0.1972997 -0.04748266 -0.04971969 0.1914265 -0.04973953 -0.06387358 0.003943681 -0.05994731 -0.03769218 0.2744625 -0.01706069 -0.02465921 0.2753089 -0.02979981 -0.005934655 0.272007 -0.04789578 0.01574254 0.2725269 -0.04785323 0.03521442 0.2692013 -0.04840683 0.03465253 0.2660014 -0.05443471 -0.02044588 0.2692331 -0.04834663 -0.03420954 0.2710171 -0.03457862 -0.04771697 0.2693755 -0.02093011 0.02549415 0.2678075 -0.05480337 0.01138103 0.2691946 -0.05495095 -0.002444684 0.2688894 -0.05484479 -0.01393592 0.2673565 -0.05435055 -0.01371735 0.2735909 -0.04121941 0.02657657 0.2138068 -0.06374323 0.02392345 0.2103456 -0.0637964 0.02721875 0.2175033 -0.06380307 0.02339971 0.2204991 -0.06208342 0.01894283 0.2242918 -0.06376987 0.01102006 0.2233292 -0.06377702 0.0072878 0.2204033 -0.06358534 0.005410552 0.2161384 -0.06378132 0.007427871 0.2116227 -0.06379967 0.01002204 0.2102398 -0.06338316 0.01709961 0.2083199 -0.06378591 0.02465075 0.221641 -0.06375581 0.01349884 0.234039 -0.06380343 0.01112645 0.2384185 -0.06380259 0.006491065 0.2398616 -0.06361937 0.005577683 0.2381576 -0.06197333 3.46587e-4 0.2394425 -0.06379145 -0.004003226 0.2353896 -0.06379282 -0.002580702 0.229797 -0.06377661 0.004529714 0.2275495 -0.06349205 0.01101106 0.2288612 -0.06374275 -0.01125818 0.2436619 -0.0637685 -0.009922921 0.2393068 -0.0637893 -0.0162214 0.2452724 -0.06381118 -0.02106803 0.2439984 -0.0637542 -0.02309948 0.238838 -0.06372815 -0.01794302 0.235311 -0.06376862 -0.03828376 0.2396306 -0.06370937 -0.0371946 0.2327556 -0.06212073 -0.04128372 0.2362686 -0.06371051 -0.0407204 0.2328669 -0.06381374 -0.03043866 0.2345031 -0.06377464 -0.03223329 0.2387374 -0.06364667 -0.03436595 0.2311725 -0.06374192 -0.04948395 0.2226268 -0.06368583 -0.04499745 0.2238007 -0.06382489 -0.04428577 0.2268621 -0.0637542 -0.0468375 0.2289661 -0.06356215 -0.05241054 0.226234 -0.06368792 -0.04719239 0.2275826 -0.06194967 -0.05049222 0.2254272 -0.06197071 -0.0502448 0.2274103 -0.06231045 -0.0462467 0.2253056 -0.06198132 -0.03968876 0.2349092 -0.06197351 -0.03877496 0.23746 -0.0620203 -0.03244942 0.2364686 -0.06196498 -0.03531217 0.2383389 -0.06203556 0.01497608 0.2105953 -0.06200176 0.007403671 0.2158052 -0.06199264 0.009874522 0.2206056 -0.06213325 0.01608121 0.2223048 -0.06202566 0.02518516 0.2154642 -0.06205391 -0.001622438 0.2320225 -0.06204259 -0.0012452 0.2362458 -0.06208622 0.01138156 0.2348164 -0.06198549 -0.01236504 0.2387725 -0.0620051 -0.01379513 0.2355007 -0.06370514 -0.02102506 0.2397994 -0.06202262 -0.01915353 0.2378288 -0.06203669 -0.02011185 0.2425751 -0.06224018 -0.01302444 0.242401 -0.06194019 -0.04822522 0.2240404 -0.06207215 0.00381571 0.2293184 -0.06197154 0.02166736 0.211335 -0.06204628 0.006362199 0.07096058 -0.06378006 0.002960979 0.07357507 -0.06372427 -0.00116378 0.07165539 -0.06373929 0.006114482 0.01338315 -0.06376165 -0.001289486 0.01350378 -0.06378132 0.001224815 0.01183384 -0.06367373 -0.01486039 0.0509631 -0.06377524 -0.01919674 0.0517686 -0.06200587 -0.01749736 0.05340051 -0.06377518 -0.02238953 0.05287402 -0.06390446 -0.02122294 0.05086719 -0.06237876 -0.0169425 0.01384502 -0.06210952 -0.01509904 0.01336258 -0.06376922 -0.02250719 0.01350069 -0.06378543 -0.01998758 0.01183342 -0.06367391 -0.0349279 0.03629851 -0.06375467 -0.03841638 0.03856885 -0.06368196 -0.04231852 0.03658735 -0.0637381 -0.03719478 0.0136125 -0.06195926 -0.03501605 0.01336711 -0.06376743 -0.04239612 0.01351398 -0.06376141 -0.03847587 0.0114926 -0.06364679 0.004168212 0.01385921 -0.0620383 0.001890897 0.01301097 -0.06211066 0.002035319 0.07182264 -0.06199091 0.004223346 0.07107973 -0.06199932 2.44878e-4 0.01444166 -0.06195712 1.10026e-4 0.07059675 -0.06207209 -0.01698875 0.0510692 -0.06199282 -0.01920962 0.01312005 -0.06199908 -0.02106297 0.01450711 -0.06201666 -0.04074019 0.03602302 -0.06199115 -0.03738981 0.03651517 -0.06192827 -0.04055005 0.01379519 -0.06194919 0.02805393 0.1909788 -0.06378358 0.02554619 0.1932609 -0.06375879 0.02250254 0.1930814 -0.0637381 0.02040028 0.1911562 -0.06371665 0.02612513 0.01409095 -0.06209099 0.02780002 0.01335525 -0.06376725 0.02077299 0.01299136 -0.06366378 0.02353698 0.01159602 -0.06374883 0.02581697 0.1911941 -0.06197738 0.02369898 0.01312005 -0.06199908 0.02246874 0.1914103 -0.06193101 0.02184557 0.01450717 -0.06201666 0.04748433 0.2428983 -0.06377935 0.04312366 0.245366 -0.06361222 0.03976106 0.2431492 -0.06377595 0.04147613 0.2429838 -0.06202119 0.0450561 0.01361256 -0.06195926 0.04757332 0.01429629 -0.06379234 0.03985047 0.01351273 -0.06376475 0.04231476 0.01215696 -0.06343531 0.04513007 0.01183873 -0.06371319 0.04480493 0.2433826 -0.06192052 0.04170012 0.01379323 -0.06195127 0.06378495 0.1124066 0.04081296 0.06371814 0.110288 0.04381436 0.06368702 0.1664744 0.0416724 0.06202179 0.1124121 0.04683297 0.06367313 0.1118034 0.04827928 0.06201744 0.1651848 0.0468356 0.06371259 0.1664456 0.04803448 0.06366062 0.05620622 0.0416758 0.06369 0.05621355 0.04798322 0.06371122 0.0965662 0.04162216 0.06202316 0.05741769 0.04683512 0.06201893 0.095187 0.04683637 0.06370365 0.09646159 0.0480166 0.06198787 0.05730438 0.04302799 0.06199413 0.0953443 0.04307526 0.06199526 0.1122553 0.04306828 0.06199669 0.165342 0.04303616 0.06372451 0.1812477 0.04150336 0.06379216 0.2449865 0.04000234 0.06201893 0.2470459 0.03949439 0.06374561 0.181271 0.04776871 0.06373834 0.2457981 0.02409839 0.06368672 0.2448311 0.04821115 0.06379491 0.2485669 0.0219447 0.06227898 0.2504982 0.03836625 0.06376284 0.2484266 0.0463832 0.06385493 0.2521573 0.03996932 0.06370425 0.2517363 0.02398824 0.06202137 0.244511 0.04248917 0.06203079 0.2476161 0.02444267 0.06204515 0.1824163 0.04292809 0.06204313 0.2501963 0.02455097 0.06203067 0.1825856 0.04642188 0.06195777 0.2482342 0.04390943 0.06198555 0.245012 0.04644745 0.06377863 0.01508599 0.04487496 0.06383019 0.01343142 0.04204493 0.06205773 0.01977968 0.0428577 0.06376016 0.02040362 0.04486471 0.06382387 0.0220918 0.04228609 0.06372642 0.01860034 -0.0470038 0.06381279 0.01360899 -0.0405398 0.06384688 0.02303993 -0.0354321 0.06377983 0.2402848 -0.04750508 0.06379657 0.2447531 -0.04577523 0.06384831 0.244786 -0.03650033 0.06332951 0.2450147 -0.03881013 0.06199562 0.2432764 -0.04452782 0.06201517 0.0165832 -0.0422163 0.06204748 0.02004265 -0.04536056 0.06204748 0.2433857 -0.03854835 0.06205385 0.01581096 0.04292607 0.06207573 0.0204963 -0.03478783 0.06207752 0.02288687 -0.03764796 -0.05967956 0.003833115 -0.06388765 -0.06256407 0.004300773 -0.06254678 -0.05412042 1.34266e-4 -0.05960744 -0.05557721 8.87203e-4 -0.06188553 -0.06008845 0.002869188 -0.06257766 -0.05072665 2.9895e-4 -0.05612146 -0.0509783 0.002038538 -0.054497 -0.03638017 3.06823e-4 -0.0606296 -0.03569352 0.002555847 -0.06346786 -0.0394389 0.00322622 -0.06292819 -0.04099047 0.004016578 -0.0638262 -0.04786056 1.37841e-4 -0.05925768 -0.04254692 0.002484977 -0.06223642 -0.045982 0.001009047 -0.06203699 -0.0457524 2.88853e-4 -0.05090713 -0.04710978 0.001878261 -0.05090314 -0.03819817 2.80793e-4 -0.04334741 -0.03816914 0.002269625 -0.04155027 -0.01092475 3.06824e-4 -0.06062948 -0.0105648 0.002764105 -0.06347262 -0.01592838 0.003095865 -0.06292945 -0.01491904 0.004306316 -0.06390184 -0.02175897 2.1567e-4 -0.06012362 -0.01784366 0.002262651 -0.06159287 -0.01957315 0.001911759 -0.06295758 -0.03303515 3.09699e-4 -0.038127 -0.03467315 0.002141177 -0.03819817 -0.02557456 2.9857e-4 -0.03060871 -0.02540194 0.001978039 -0.02914881 0.01454651 3.14279e-4 -0.06065756 0.01498353 0.00266844 -0.06341707 0.01071262 0.003124594 -0.06262767 0.003103315 1.87464e-4 -0.05919635 0.009814202 0.003902316 -0.06380224 0.008162558 0.002433419 -0.06210184 0.004202961 6.76511e-4 -0.06162482 -0.02032452 3.3225e-4 -0.02546387 -0.02218633 0.002175927 -0.02546787 -0.01273119 2.61969e-4 -0.01794999 -0.01271218 0.001839518 -0.01654648 0.0402624 3.70545e-4 -0.06094032 0.04065036 0.002287387 -0.06313836 0.03684705 0.003172934 -0.06270056 0.0361396 0.004062771 -0.0637961 0.02855718 1.8698e-4 -0.05919396 0.03321731 0.002289533 -0.0617637 0.02984142 8.09744e-4 -0.06190115 -0.007620334 3.25674e-4 -0.01267397 -0.009417116 0.002296447 -0.01269483 1.49632e-5 0.002288281 -0.003329157 -3.44014e-5 2.89804e-4 -0.005174875 0.05440533 2.10478e-4 -0.05957031 0.06013476 0.002852499 -0.06277817 0.05602711 0.001344621 -0.06249588 0.06231367 0.002759933 -0.05991941 0.06278705 0.003901541 -0.06203484 0.06033414 0.004128634 -0.06385749 0.05993145 0.001011967 -0.05573606 0.06055134 2.04774e-4 -0.05442625 0.06377178 0.003349065 -0.05934381 0.005157351 2.96049e-4 9.25374e-5 0.003380596 0.002261817 -3.21637e-5 0.01275193 0.001950383 0.008981883 0.01255452 2.66366e-4 0.007485985 0.06084215 3.15614e-4 -0.04030132 0.06084603 0.001522898 -0.03159803 0.0608108 2.70763e-4 -0.02914655 0.0634647 0.00276637 -0.04038953 0.06365734 0.003587782 -0.03511571 0.06289368 0.003174126 -0.03637981 0.01796877 3.30314e-4 0.01287728 0.01594042 0.002330243 0.01267927 0.02543711 3.17582e-4 0.02032691 0.02549582 0.002337753 0.02222633 0.06117522 0.001761853 -0.006693542 0.06081092 2.7469e-4 -0.003740549 0.06114071 3.81337e-4 -0.01509451 0.06349956 0.002829194 -0.01487272 0.06291699 0.00318551 -0.01101672 0.06373733 0.003765225 -0.00984025 0.03057873 3.74928e-4 0.02541023 0.02852332 0.002387762 0.02539324 0.03821069 4.0429e-4 0.03309983 0.06088018 0.001556038 0.01924449 0.06079083 2.57836e-4 0.02178901 0.06111729 3.73451e-4 0.01037704 0.06279355 0.003218352 0.01413613 0.06381428 0.004123449 0.01463538 0.06338864 0.002537012 0.0102517 0.06315588 0.002482533 0.01838213 0.04340624 3.04712e-4 0.03800731 0.0420252 0.001936197 0.03842085 0.05110377 2.85527e-4 0.04570651 0.0508809 0.002300202 0.04760658 0.06235903 0.002890586 0.0418049 0.06113243 3.74582e-4 0.03581207 0.05991661 1.75474e-4 0.04745882 0.06234872 0.001242637 0.04588294 0.0634309 0.00275892 0.0359978 0.06375992 0.003951132 0.04035919 0.06195259 0.002525508 0.05916386 0.05977076 0.004007279 0.06389731 0.06318122 0.002334773 0.0576179 0.06392645 0.004225432 0.0599569 0.06245815 0.003603696 0.06222856 0.05614131 2.74952e-4 0.05064857 0.06045246 2.70411e-4 0.05483764 0.05451548 0.001997172 0.05108731 0.007868468 0.1914726 -0.06381529 0.007833778 0.09850591 -0.06380546 -0.04463076 0.09928524 -0.05746823 -0.03887385 0.08677399 -0.063829 -0.01855963 0.08460378 -0.06155431 -0.006366968 0.08622771 -0.06273591 0.003895699 0.09130322 -0.06369686 -0.04331785 0.09605526 -0.0581302 -0.0387724 0.09110611 -0.0588923 -0.04748672 0.09610885 -0.06379103 -0.03121292 0.08692103 -0.05966174 -0.0312891 0.08622622 -0.06191998 -0.02991139 0.08331429 -0.06371104 -0.04566138 0.09774637 -0.0625441 -0.04054152 0.09067302 -0.06247037 -0.02310419 0.08390027 -0.06259 -0.009544968 0.08211475 -0.06388521 -0.04446667 0.09801501 -0.06052333 0.003774702 0.1987501 -0.06366646 -0.01078939 0.2077023 -0.06387025 -0.01888024 0.2054076 -0.06179338 -0.008022069 0.2042737 -0.06255882 -0.02907073 0.2036101 -0.06015223 -0.03089892 0.2064909 -0.06373137 -0.03571707 0.2008628 -0.05964416 -0.04144734 0.1968507 -0.05760943 -0.04450947 0.1914985 -0.05752933 -0.04718488 0.1925099 -0.06363803 -0.02607941 0.2055979 -0.06247162 -0.04270589 0.2001581 -0.06376504 -0.03528773 0.20273 -0.06248694 -0.04218286 0.1979282 -0.06245052 -0.0420444 0.1959062 -0.0598095 -0.04474222 0.1911861 -0.06131601 -0.06247085 0.2367651 -0.06247413 -0.06054532 0.2359421 -0.06378823 0.06385064 0.2472487 -0.06036949 0.06234931 0.2482551 -0.06246989 0.06034588 0.247327 -0.06382906 -0.04958236 0.2438338 -0.06396847 -0.04499793 0.2498857 -0.06291502 -0.03257083 0.2546728 -0.06376963 -0.02734708 0.2595269 -0.06173527 -0.009979069 0.2626951 -0.06318134 0.008629262 0.2624935 -0.06395071 0.01191997 0.2646158 -0.06262326 0.03133779 0.2608091 -0.06358599 0.04725086 0.2573229 -0.06196337 0.05526059 0.2518904 -0.06326878 0.06233602 0.2581321 -0.04928898 0.0624597 0.2680302 0.0412833 0.06378573 0.2597118 -0.04189425 0.06300342 0.2653855 -0.03249144 0.06191933 0.2706424 -0.01788431 0.0638858 0.2694513 -0.009984076 0.06287699 0.2724179 0.002528429 0.06192737 0.2726765 0.01966309 0.06371808 0.2696367 0.02691507 0.06392216 0.2576405 0.06012797 0.06170988 0.2642092 0.05306899 -0.04674845 0.2640596 -0.03930687 0.03192168 0.2791313 0.03195935 -0.01013439 0.2785348 -0.02642279 0.01592433 0.2787677 -0.02946436 0.008435785 0.2773872 -0.03601878 0.02620327 0.2799485 -0.009715795 0.04027187 0.2764502 -0.02707612 0.04361736 0.2785615 -0.005303442 0.0326004 0.2799623 0.004309177 0.04894822 0.2686046 -0.04107874 0.04711288 0.2780483 0.01829069 0.03069543 0.2799518 0.01712441 0.04473489 0.2738456 0.04583126 0.009813129 0.2304093 -0.0622012 -0.03351056 0.2333815 -0.06199771 -0.06197059 0.2247413 -0.04670846 -0.06377983 0.2255863 -0.04404455 0.02105158 0.2799576 0.02915847 0.0187146 0.2780796 0.04674738 -0.005229771 0.2785893 0.0435338 -0.01950466 0.2761138 0.04629397 -0.02915465 0.2778986 0.02695941 -0.03189367 0.2783238 0.01124405 -0.044128 0.2674092 0.04868155 -0.03062963 0.2783306 -0.003783345</float_array>
          <technique_common>
            <accessor source="#Part__Feature001-mesh-positions-array" count="780" stride="3">
              <param name="X" type="float"/>
              <param name="Y" type="float"/>
              <param name="Z" type="float"/>
            </accessor>
          </technique_common>
        </source>
        <source id="Part__Feature001-mesh-normals">
          <float_array id="Part__Feature001-mesh-normals-array" count="4845">-0.2863002 -0.05274909 0.9566869 -0.7374662 0.02203047 0.6750246 -0.7559818 0.04944568 0.6527225 -0.9983685 -0.05244123 0.02258974 -0.9864931 0.07938891 -0.1432793 -0.7630534 -0.08451044 -0.6407867 -0.5792163 0.07346022 -0.8118572 -0.1743996 -0.04813134 -0.983498 0.03187865 0.05864739 -0.9977697 0 1 0 0 1 1.98582e-6 0 1 -6.26439e-6 0 1 7.2664e-6 0 1 1.54581e-6 0 1 -4.07767e-6 0 1 2.38333e-6 0 1 9.36275e-6 0 1 2.68108e-6 0 1 -3.25036e-6 0 1 -2.96448e-6 0 1 1.99151e-6 0 1 1.19823e-5 0 1 -7.28406e-6 0 1 -4.43908e-7 0 1 -4.07288e-6 0 1 7.04616e-6 -0.03505468 -0.07894843 -0.9962623 -0.2822995 0.1097275 -0.9530304 -0.4635666 -0.09506809 -0.8809474 -0.8144485 0.03039497 -0.5794392 -0.8460312 0.142329 -0.5137838 -0.9803771 -0.1488021 -0.1293015 -0.9504297 0.1968006 0.2407341 -0.8734896 -0.1303457 0.4690693 -0.4670665 -0.07171195 0.8813094 -0.5605709 0.06803315 0.8253071 -0.08652162 0.1080458 0.9903738 -0.6655839 0.457733 -0.5894731 0.98913 0.1149476 -0.09169971 -0.6740786 -0.7047698 -0.2211734 0.9730293 -0.2279665 -0.03528708 -0.6863879 -0.6135755 0.3903803 -0.6903482 -0.2246426 0.6877172 -0.6745531 0.7232667 0.1478629 -0.6744397 0.7233644 0.1479027 -0.6744073 0.7233893 0.1479285 -0.6761473 0.6932987 -0.2493228 -0.6229836 0.5026038 -0.5994006 -0.6230538 0.5025949 -0.5993351 -0.6231182 0.5025737 -0.5992857 -0.6988174 -0.6893933 -0.1907646 -0.733699 -0.3174477 0.6007602 -0.7132866 0.2197744 0.6655235 -0.7884609 0.2693822 0.5529581 -0.6169161 0.7802714 -0.1029138 -0.6169893 0.7802303 -0.1027862 -0.616896 0.780276 -0.1029996 -0.6829646 -0.3677674 -0.6311153 -0.6529688 0.7274631 -0.210783 -0.7179975 -0.682077 -0.1387469 -0.677475 -0.6472843 0.3493574 -0.8144537 -0.1472557 0.5612317 -0.6051465 0.1224836 0.7866355 -0.7434601 0.6389006 0.1976691 -0.5556351 -0.8313266 0.01287835 -0.555686 -0.8312929 0.01285582 -0.5557748 -0.8312337 0.01283735 -0.7933996 -0.5099738 0.3323309 -0.7933477 -0.5099354 0.3325134 -0.7934052 -0.5100739 0.332164 -0.5382591 -0.5219358 0.6617101 -0.6364772 0.507134 0.5811299 -0.3715669 0.497829 0.7836481 -0.74778 0.6607166 0.06541246 -0.5411579 0.8345617 -0.1032242 -0.541176 0.8345507 -0.1032171 -0.5413184 0.8344592 -0.1032106 -0.6745527 0.7368394 -0.04523652 -0.7281923 0.6760799 -0.1124811 -0.728173 0.6760875 -0.1125599 -0.7281959 0.6760806 -0.1124538 0.8251778 -0.4309082 0.3652394 -0.7217038 -0.3230209 0.61221 -0.6922988 -0.3085478 0.6523194 -0.7776581 0.4801596 0.405826 -0.5384898 0.511487 0.6696341 -0.6088072 -0.7178454 0.3377156 -0.771716 -0.6355015 0.02433913 -0.5645403 -0.7464844 -0.3522151 -0.9430776 0.05276376 0.3283606 -0.7812699 -0.5505322 -0.2941626 -0.7813009 -0.5504901 -0.2941592 -0.7812392 -0.5505771 -0.2941605 -0.8382421 0.5450407 0.01676356 -0.8381636 0.5451591 0.01683861 -0.8381819 0.5451312 0.01682841 -0.8017409 0.4841319 0.3504681 -0.5695559 0.5131471 0.6420952 -0.8207853 0.187586 0.5395584 -0.9815937 0.1230348 0.1460698 -0.8144049 -0.3162702 0.4865369 -0.9993239 -0.0334115 0.01534903 -0.8672478 -0.4867295 0.1047656 -0.827602 -0.5562109 0.07552826 -0.8285441 -0.4937199 -0.2641123 -0.9987691 -0.04679673 -0.016447 -0.9885705 0.1507498 0.001780748 -0.8095824 0.5573375 0.1842588 -0.809503 0.5574448 0.1842833 -0.8095766 0.5573449 0.1842625 -0.7204644 0.6256832 0.2990847 -0.7464801 -0.3215987 0.5825306 -0.9979753 -0.004438936 0.06344699 -0.768965 -0.601852 0.2155622 -0.7581872 -0.6160697 0.213566 -0.7825284 -0.5853427 -0.2121872 -0.7567548 -0.6347003 -0.156454 -0.8241696 0.5227414 0.2179131 -0.7660331 -0.5981971 0.2352738 -0.9928681 -0.1190663 -0.006017446 -0.99998 -4.57202e-4 -0.006325364 -0.9999864 -9.91282e-4 -0.005122482 -0.9999262 0.004623472 0.01123696 -0.8068044 0.2702743 -0.5253746 -0.7194626 0.2154463 -0.6602701 -0.606091 -0.5605938 -0.5642591 -0.9999106 0.01289612 0.003549933 -0.9999155 0.006173372 0.01144576 -0.8272339 1.36847e-4 -0.5618577 -0.696744 -0.2830174 -0.6591275 -0.999636 -0.009173572 -0.02537459 -0.9999076 0.003037869 -0.01325553 -0.9995401 -0.01743561 0.02481466 -0.8016669 -0.1583783 -0.5764083 -0.9999444 -0.004866182 -0.009367942 -0.9996963 -0.02141815 0.01219487 -0.8301172 -0.08155035 -0.5515931 -0.6585662 -0.2815554 -0.6978662 -0.9999949 0.002638697 -0.001804828 -0.9999951 -3.53659e-4 0.003123164 -0.9998956 0.001594603 0.01436597 -0.999511 0.01909935 -0.02475893 -0.8263303 -0.05012458 -0.5609509 -0.5795739 -0.3240693 -0.7477121 -0.7754415 -0.6286686 0.05887448 0.6191672 -0.728702 -0.2926179 -0.585574 -0.6374157 0.5008038 -0.5420798 0.6685234 -0.5091425 -0.7270379 -6.90439e-5 0.6865974 -0.7021 0.001549303 0.7120767 -0.7587538 0.6511412 0.01754748 -0.7823991 0.6226627 -0.01195549 0.6412312 0.6827387 -0.350272 -0.5445734 0.6387765 0.5435112 -0.5788605 -0.7374798 -0.3479141 -0.7738229 -0.6333365 -0.009117841 -0.6067648 -0.7368614 0.2981138 -0.748601 -0.002181529 0.6630173 -0.730236 -2.87762e-4 0.6831949 -0.763005 0.6442844 -0.0521636 -0.529483 0.7750685 -0.344843 -0.5223678 0.6871159 0.504979 -0.7783811 -0.6277523 -0.007081985 -0.5707718 -0.7823486 0.2492995 -0.4993823 0.720124 -0.4817041 -0.6639934 0.005968153 0.7477147 -0.7238883 -0.003161013 0.6899099 -0.8113841 0.5841671 0.02012389 -0.6159141 0.6928905 0.3749034 -0.8282591 -0.5602883 -0.007997572 -0.9999998 6.05848e-4 -1.46269e-4 -0.9999491 -9.902e-4 0.01004302 -0.573614 -0.6202849 -0.5349894 -0.7864001 6.57483e-4 -0.6177172 -0.7975639 0.003038585 -0.6032269 -0.999999 -0.001090824 9.68392e-4 -0.9998408 5.48026e-4 -0.01783585 -0.7426512 -0.00124669 -0.6696773 -0.737834 -7.6506e-4 -0.6749818 -0.9999918 -3.81861e-5 0.004057407 -0.9999993 -2.14394e-4 0.001164615 -0.6154459 -0.6333145 -0.46919 -0.7517026 -7.048e-4 -0.659502 -0.7957803 0.00271964 -0.6055794 -0.7136312 -0.7005207 0.00115627 -0.7438063 -0.6677358 -0.02968549 -0.5363272 -0.6606795 0.5252198 -0.5669605 0.6236395 -0.5381726 -0.6945354 6.37319e-4 0.7194584 -0.7409644 -3.41724e-4 0.6715443 -0.7294411 0.6836435 0.02339589 -0.7571015 0.6514915 0.04853987 0.3229624 0.8898113 0.3223836 -0.5793028 0.6866163 0.4392795 -0.9994415 -2.76234e-4 0.0334177 -0.9999929 4.25729e-4 -0.003782272 -0.6320674 -0.5376142 -0.5580877 -0.7992566 4.35859e-5 -0.60099 -0.797706 8.76995e-5 -0.6030466 -0.5869069 -0.6147746 -0.5268706 -0.6130665 -0.7533166 0.2380412 -0.6989523 -0.6985597 0.153232 -0.6990414 -0.6984768 0.1532036 -0.6990082 -0.6985065 0.1532196 -0.7248932 -7.58933e-4 0.6888609 -0.6335942 5.13462e-4 0.7736654 -0.7858202 0.6181651 0.01893889 -0.5179976 0.7843201 -0.341351 -0.5228509 0.6696475 0.527446 -0.9980059 -3.53609e-4 0.06312137 -0.9999595 3.61926e-4 0.009001612 -0.7534851 8.39429e-4 -0.6574645 -0.8248142 -6.89513e-4 -0.5654036 -0.02970087 0.8068529 0.5900055 -0.08389103 0.7165499 0.6924729 -0.1224362 -0.7999991 0.5873762 -0.02410984 -0.7023841 0.7113898 -0.7915921 0.001259863 0.6110486 -0.8150742 -2.41756e-4 0.5793566 -0.08747136 0.7810644 0.6182939 -0.02453243 0.7179419 0.6956707 -0.01558691 -0.8283699 0.5599647 -0.01840519 -0.8322513 0.5540931 -0.8047995 7.75985e-4 0.5935464 -0.8188996 -4.84437e-4 0.5739367 0.5252004 -0.5759361 0.6264681 0.5092843 0.6165757 0.6003866 0.5293887 0.5976144 0.6021667 -0.01041376 -9.67027e-6 0.9999459 -0.009422779 -1.07859e-4 0.9999556 0.7820203 -7.45664e-5 0.6232531 0.623359 -0.01235139 0.7818382 -0.007510602 3.29971e-6 0.9999719 -0.009047091 -1.06674e-4 0.9999591 0.6297042 -4.49539e-5 0.7768351 0.6320728 1.19216e-4 0.774909 -0.03485649 0.7880454 0.6146295 0.04371887 0.6752249 0.7363153 -0.7839024 0.00272715 0.6208782 -0.488109 -0.4940537 0.7194863 -0.4697889 -0.4417527 0.7642992 -0.2760493 -0.7701246 0.5750696 0.7812254 -0.009755671 0.6241729 -0.02297168 -0.7622035 0.6469299 0.008268177 -0.6090447 0.7930929 0.03439587 0.7403739 0.6713148 -0.03380018 0.7883992 0.6142348 -0.03459751 0.7883125 0.6143016 -0.03438276 0.7882934 0.6143382 -0.7405189 3.03947e-4 0.6720355 0.5730857 0.576046 0.5828756 0.004549503 -0.03924179 0.9992195 -0.001014471 0.008675217 0.9999619 0.005415558 7.3998e-4 0.9999851 -7.90615e-4 3.50387e-4 0.9999997 8.38997e-4 -0.007015287 0.9999752 0.004184782 0.004981338 0.9999789 0.5680161 0.004023849 0.8230077 0.7225936 0.01500183 0.6911103 0.8426843 -0.06381744 0.5346126 -0.7390978 0.381718 0.5550009 -0.5225617 -0.01101636 0.8525303 0.3094652 0.6247003 0.7169246 0.2894241 0.3174579 -0.903025 0.5084041 0.4075881 0.7585495 -0.007369995 -0.5621601 0.8269956 -0.004982054 -0.6276054 0.7785156 0.6856338 -0.354408 0.635847 -0.6918539 -0.003021061 0.7220313 -0.6298254 -0.00174278 0.7767348 0.1287612 -0.6166581 0.7766295 -0.3316974 -0.6116814 0.7182081 -0.3315156 -0.6116057 0.7183565 -0.3315669 -0.6116409 0.7183027 0.4142264 0.3967322 0.8191581 -0.02542877 -0.4681377 0.8832896 -0.02541857 -0.4681193 0.8832998 -0.0255382 -0.4686883 0.8829945 9.35398e-4 0.624724 0.7808451 -6.29448e-4 0.5878599 0.8089625 -0.4288921 -0.6222125 0.6549071 -0.5838651 -0.5088133 0.6326221 -3.25487e-5 -0.003125011 0.9999951 2.6816e-4 0.002048254 0.9999979 0.00367254 -0.003568351 0.9999869 -0.005488693 0.001835286 0.9999833 -0.00494796 1.7606e-4 0.9999879 8.99638e-4 3.67026e-4 0.9999995 0.543635 -0.001425385 0.8393206 0.6722952 5.46094e-4 0.740283 -0.1295355 -0.9224868 -0.3636463 -0.6517798 -0.7215578 -0.2335326 0.5838878 -0.6089458 0.5368986 -0.7596909 -0.6335664 -0.1465038 -0.4865274 -0.8278468 0.2792145 -0.06091362 -0.9158183 0.3969466 -0.5701903 -0.5738235 -0.5878857 -0.5289043 -0.6383113 -0.5593022 -0.7186663 -0.6599783 -0.2189691 -0.7249872 -0.684593 0.07567054 -0.5404675 -0.7949865 0.275484 -0.1716328 -0.923561 0.3428955 -0.5875158 -0.5553738 -0.588545 0.5334193 -0.6380863 -0.5552565 -0.7399923 -0.6615917 -0.1212766 -0.5745745 -0.7722426 0.2711191 -0.1703717 -0.923272 0.3443 -0.5638133 -0.5975032 -0.5701794 -0.5388106 -0.6398673 -0.5479536 -0.5539654 -0.8235467 -0.1220383 -0.1668307 -0.9066301 0.3875427 -0.1379669 -0.9120758 0.3861125 -0.5671277 -0.5956271 -0.5688537 0.5970501 -0.5373793 -0.5956129 0.5764142 -0.5795 0.5761305 -0.4322926 -0.8280319 0.3570523 -0.1594927 -0.9196857 0.3588041 -0.3220756 -0.9451514 -0.05437117 -0.5224066 -0.8203538 0.2326177 -0.4060215 -0.8960677 0.1794698 -0.2698253 -0.776799 0.5690147 -0.588156 -0.5541414 -0.589067 0.564764 -0.6043775 0.5619339 -0.2872959 -0.8994482 0.3293235 -0.2711182 -0.7648458 0.5843852 0.09854882 -0.7152382 0.6918978 -0.5615795 -0.6095532 -0.5595296 0.5543978 -0.6453073 -0.5255678 0.5600084 -0.2227947 -0.7979682 -0.3772304 -0.9142634 0.1477149 -0.3848645 -0.8840247 0.2652919 0.05931597 -0.6871566 0.7240839 -0.5600287 -0.6108709 -0.5596469 0.5828164 -0.5750675 -0.5741275 0.552116 -0.6301969 0.545912 -0.370922 -0.9162713 0.151208 -0.3727681 -0.858093 0.3531579 0.1022969 -0.7041306 0.7026632 -0.5607168 -0.6135528 -0.5560122 0.5956019 -0.5446403 -0.5904451 0.1663818 -0.5734609 0.8021596 -0.3531617 -0.925292 0.1382443 -0.3285878 -0.8235986 0.4622938 0.07506978 -0.5727118 0.8163123 -0.5406751 -0.6396715 -0.5463432 -0.5545478 -0.592472 -0.5843405 0.556957 -0.6769022 -0.481251 0.2244802 -0.6920875 0.68602 0.3514095 -0.924336 0.1487095 -0.9642972 -0.001013159 -0.2648205 0.1194753 0.3814426 0.9166391 -0.8896436 0.2575365 0.3771064 -0.672672 0.5841087 0.454235 -0.503018 0.8558644 0.1202871 -0.6590079 0.7380119 0.1450763 -0.6778149 0.7312176 -0.07673287 -0.6511321 0.7541477 -0.08537179 -0.5181603 0.7007319 -0.4903926 -0.9497459 0.2145925 -0.227888 -0.2343719 0.5020649 0.8324667 -0.5803406 0.2901943 0.7609153 -0.3294458 0.8523069 0.4062492 -0.4623235 0.8232234 0.3294852 -0.6980891 0.704516 0.127785 -0.8885596 0.4190183 -0.1867769 -0.6380344 0.6160914 0.4618913 -0.04562562 0.7670736 0.6399347 -0.5067853 0.6164776 0.6025978 -0.8908141 0.4015762 0.2125717 -0.5133855 -0.8576665 0.02904522 -0.7457189 -0.6323552 -0.2098343 -0.6526851 -0.756469 0.04191547 -0.4240998 -0.8659456 0.2650996 -0.8323671 -0.5542196 0.00240153 -0.673693 -0.403734 0.6189803 -0.09511905 -0.6915847 0.7160049 -0.1331682 -0.4131543 0.9008718 -0.129453 -0.331846 0.934409 -0.008372783 -0.4553216 0.8902876 -0.4243294 -0.8658066 0.2651858 -0.8311083 -0.4849019 0.2722668 -0.3161619 -0.8102883 0.4934317 -0.3015556 -0.81035 0.5023914 -0.468982 -0.5494772 0.69147 -0.7535034 -0.3342717 0.5661228 -0.9169583 -0.3839524 0.1084806 -0.8404268 -0.4703909 0.2691012 -0.8654198 -0.001713514 0.5010448 -0.7660679 0.003009974 0.6427527 -0.2797853 -0.004263639 0.9600531 -0.02888345 0.004585444 0.9995723 -0.3408991 -0.9400956 -0.002856433 -0.3270581 -0.9449719 -0.007835328 -0.8128134 -0.5818321 0.02838712 -0.8685406 -0.4955741 0.00659728 -0.4835931 -5.1297e-4 0.8752928 -0.5428996 -0.001247525 0.8397967 -0.7909801 -9.39436e-4 0.6118412 -0.7710468 -6.32652e-4 0.6367782 -0.02236837 -0.9102574 0.4134383 0.01911014 -0.7182626 0.6955097 -0.008212208 -0.5433827 0.839445 0.003811955 -0.2694631 0.9630033 -0.7774045 0.4776049 -0.4093113 -0.8015622 0.5953655 0.05511868 -0.9679927 0.2460362 0.04956108 -0.8825964 0.4464134 0.1474409 -0.931189 0.3278766 0.1593236 -0.7252638 0.5889327 0.3565821 -0.8979181 0.3567821 -0.2577784 -0.8948205 0.4426996 -0.05756062 0.2884295 0.5622704 0.7750229 -0.2881065 0.3702519 0.8831242 -0.1115049 0.2855705 0.9518489 -0.1543347 0.5353692 0.8303979 0.06169384 0.673939 0.7362066 -0.3369184 0.4683726 0.81677 -0.2997968 0.550108 0.7794249 -0.03282946 0.5366455 0.843169 -0.0305854 0.5844966 0.8108195 0.072335 0.4277673 0.90099 0.2101473 0.6358305 0.7426694 0.1960132 0.4662692 0.8626541 0.5375739 2.49301e-4 0.8432167 0.5461098 -8.56768e-4 0.8377132 0.5039011 0.3649134 0.7828933 0.451065 0.4533265 0.7687883 0.4210223 0.6371711 0.6455642 0.1825737 0.8696196 0.458725 0.1707581 0.8858184 0.4314712 -0.2083104 0.9761369 0.06134736 -0.04635816 0.9805089 0.1909273 -0.2747732 0.9609642 -0.03236907 -0.5151541 0.8105489 -0.2786157 -0.6438831 0.6656022 -0.3773438 -0.7044856 0.5333202 -0.4682624 -0.8173956 0.002164483 -0.5760728 -0.8163019 0.003150582 -0.5776171 -0.7345078 -0.4778839 -0.4817938 -0.3466223 -0.9353343 -0.07072985 -0.7195007 -0.5070172 -0.4746077 -0.1227775 -0.9869477 0.1042112 -0.4463385 -0.8688435 -0.2142263 0.1171044 -0.907154 0.4041761 0.3061035 -0.7850914 0.5384536 0.08199185 -0.9386857 0.3348827 0.4476708 -0.5476996 0.7068352 0.4462394 -0.4646301 0.764846 0.5590434 -0.2146995 0.8008587 0.004918158 -0.005933761 0.9999703 0.002467572 -7.10829e-4 0.9999968 0.009001016 -0.004818975 0.999948 7.52266e-4 -0.004447162 0.9999899 -0.002864778 -3.23575e-4 0.9999959 0.002429544 0.002264201 0.9999946 -0.008222401 -0.02113032 0.9997429 0.001659452 1.52678e-4 0.9999987 -0.006604611 1.79001e-5 0.9999782 -0.002495229 -0.001729667 0.9999955 0.01119327 -0.001443862 0.9999364 0.01125127 -0.006444692 0.999916 9.35942e-4 -0.003126025 0.9999947 0.0465182 -0.002452373 0.9989145 -0.06203192 -0.07497972 0.9952539 0.001777768 0.002336859 0.9999958 0.002040505 -0.004087507 0.9999896 0.02143383 0.004262924 0.9997613 0.00901848 -9.28419e-4 0.999959 0.00747013 -0.01321506 0.9998849 0.002214431 -2.19018e-4 0.9999976 0.001404047 4.17869e-4 0.9999989 -0.003189861 -0.001196324 0.9999942 0.03128999 -0.004445195 0.9995006 0.01550674 6.16338e-4 0.9998796 0.006062567 0.002020359 0.9999797 0.0298773 0.001972496 0.9995517 -0.009776949 8.11461e-4 0.9999519 -0.01347911 4.05793e-4 0.9999091 -0.01870024 -2.57758e-4 0.9998251 -0.00830084 0.002090275 0.9999635 -8.12569e-4 0.00929445 0.9999565 0.002974748 0.01579183 0.999871 -0.006828725 0.01944029 0.9997877 -2.57179e-4 0.002615272 0.9999966 0.007671475 -0.00569868 0.9999544 0.01392388 2.49128e-5 0.9999032 -0.001884579 -0.007925689 0.9999669 -0.04184174 -0.03115344 0.9986385 0.001753807 0.003467381 0.9999926 0.0065279 -3.85551e-4 0.9999787 7.51343e-4 -0.0024544 0.9999967 0.001837372 0.003907561 0.9999907 8.12006e-4 2.53678e-4 0.9999997 3.60102e-4 2.69577e-4 1 -8.63656e-4 -9.34255e-4 0.9999993 0.001201152 -1.81205e-4 0.9999994 -0.600866 -0.5212194 -0.6060448 -0.351055 -0.8718276 -0.3415803 -0.03420877 -0.9986744 -0.03846311 0.1992285 -0.9578362 0.2070218 0.5808455 -0.575644 0.5755454 -0.5856201 -0.5539851 -0.5917346 -0.3855143 -0.8428511 -0.3754742 -0.121694 -0.9845175 -0.1261582 0.2579636 -0.9277007 0.2698634 0.482222 -0.7411826 0.4670228 0.6497755 -0.3970691 0.6481728 -0.6016097 -0.5093345 -0.6153408 -0.2011013 -0.96276 -0.1806976 -0.09391152 -0.9914285 -0.09083038 0.3860294 -0.8355093 0.3910315 0.6084895 -0.5371202 0.5841597 -0.3056563 -0.9123451 -0.2723978 -0.2806556 -0.9302061 -0.2365356 0.1829523 -0.9688586 0.1668576 0.3578438 -0.8568035 0.3712623 0.5919125 -0.5748976 0.5649181 0.6110742 -0.5229332 0.5942469 -0.4174717 -0.8161324 -0.3995565 -0.0389561 -0.9965743 -0.07295364 0.1979116 -0.9481226 0.2487863 0.5905016 -0.5737288 0.5675766 -0.6400111 -0.3957539 -0.6586081 -0.3981166 -0.8269132 -0.3971371 -0.2375656 -0.9387621 -0.2495767 0.1280551 -0.9798685 0.1531652 0.162569 -0.9695165 0.1833282 0.5875076 -0.5631892 0.5810791 0.5875093 -0.5631894 0.5810772 0.5871087 -0.5634848 0.5811957 0.6012032 -0.5267069 0.6009448 -0.3378698 -0.8825049 -0.3271533 0.01780122 -0.9997669 0.01222693 0.2639856 -0.923302 0.2789714 0.5788111 -0.5797668 0.5734529 0.6009569 -0.5281781 0.599899 -0.6162842 -0.4759268 -0.6274453 -0.3056322 -0.9046767 -0.2968989 0.04393965 -0.9984074 0.03538364 0.3287495 -0.8835254 0.3336264 0.5627174 -0.6112608 0.5565154 0.6103602 -0.5048699 0.6103826 -0.5686302 -0.5916247 -0.5715243 -0.3641871 -0.8559446 -0.3670513 -0.1012727 -0.9909733 -0.0878399 0.3022458 -0.9048241 0.2999015 0.5350494 -0.6509322 0.5385252 0.0507093 -0.9987128 0.001139342 0.002160429 -0.999996 0.001899778 0.003925144 -0.9999874 0.003177344 7.90988e-4 -0.9999971 -0.002263009 0.007352471 -0.9999497 0.006831586 0.0042575 -0.9999727 0.006048679 -0.003934383 -0.9999696 -0.006741583 0.003279864 -0.9999848 0.004465162 -0.002228677 -0.9999747 -0.006774187 7.39362e-4 -0.9999757 -0.006938934 0.002527952 -0.9999616 0.008401155 -8.0544e-4 -0.9998967 -0.01435035 0.009864449 -0.9999514 2.3259e-5 -0.00367099 -0.9999921 -0.00149703 0.008158087 -0.9999571 0.004385352 0.003855228 -0.99999 0.002270758 0.01971709 -0.9996326 0.01859974 -0.009168028 -0.999958 -2.02052e-5 -0.3138979 -0.9493139 0.01647299 -0.6602914 -0.750199 -0.03488224 -0.8781839 -0.478148 0.01294738 -0.9852254 -0.1712087 -0.004303097 -0.3645553 -0.9309018 0.02283626 -0.6863858 -0.7268541 -0.02361768 -0.8689609 -0.4947082 0.01306861 -0.9675147 -0.2527818 0.004084765 -0.3652157 -0.9306403 0.02294117 -0.6291995 -0.7770962 -0.01514947 -0.8797539 -0.4752789 0.0119633 -0.9355682 -0.3531394 -0.002226352 -0.3652597 -0.9306223 0.02296978 -0.6627271 -0.7485805 -0.02049845 -0.8875359 -0.460467 0.01581984 -0.9529862 -0.3030136 3.58315e-4 0.005190312 -0.9412078 0.3377884 -0.01404154 -0.9207921 0.3898013 -0.009862303 -0.462633 0.8864951 -0.003269731 -0.4376638 0.8991327 -0.02209985 -0.8988058 0.4377896 0.01559078 -0.7446308 0.6672945 -0.02569788 -0.2519938 0.9673876 0.003318548 -0.4268055 0.9043375 -0.02276778 -0.8999388 0.4354214 0.02651101 -0.6927588 0.7206819 -0.006302356 -0.4196062 0.9076843 -9.32361e-4 -0.3205336 0.9472368 -0.03447788 -0.8801058 0.473524 0.02337092 -0.5221997 0.852503 0.003090918 -0.3814021 0.9244042 -0.999675 0.02068042 0.01490944 -0.9999983 -9.2538e-4 0.001606583 -0.9999166 -0.003100037 0.01254522 -0.999969 -0.002508044 -0.007470786 -0.9999988 -8.06686e-4 0.001339852 -0.9999227 0.009559512 -0.00795859 -0.9999565 0.008057594 -0.004718184 -0.9999189 0.003832697 0.01215499 -0.9986762 0.0445109 -0.02578407 -0.999705 0.01794952 -0.01636606 -0.9998419 0.015778 0.008192896 -0.9999939 -0.00113064 -0.003303349 -0.9997743 -0.01964449 0.008098959 -0.9996873 0.01759397 -0.01777243 -0.999932 0.009958267 -0.006073176 -0.9999217 -0.01228636 0.002389132 -0.9999993 6.57545e-4 0.00108391 -0.999967 0.00812 5.44599e-4 -0.9999024 0.004675447 -0.01316434 -0.9999903 2.20076e-4 0.004418134 -0.9994573 0.002030074 0.03288006 -0.9999816 7.96982e-4 0.006022632 -0.9999158 -0.003377079 -0.01253128 -0.9999922 -0.003153204 0.002387225 -0.9999895 -0.004097342 0.00209397 -0.9995012 -0.008033514 -0.0305432 -0.9999649 -0.008073151 0.002292692 -0.999976 0.003295004 -0.006115496 -0.9999729 -0.006920099 0.002538263 -0.9999716 -0.007501304 -8.09539e-4 -0.9997642 0.01875913 0.01094245 -0.999996 0.002576053 -0.001205384 -0.9999655 -0.004581153 0.006930291 -0.9997844 0.004570424 0.02025765 -0.9999297 -0.008307695 -0.008467257 -0.9992699 -0.01151108 -0.03643018 -0.9999526 -0.0081321 -0.005364239 -0.9999532 -0.008570253 -0.004519402 -0.9999818 0.004694283 -0.003790676 -0.9999904 0.001827418 0.004019975 -0.9995007 0.0209226 0.02367919 -0.9999487 -0.008597493 -0.005358159 -0.9999957 -0.001728415 -0.002388894 -0.9994692 -0.02285838 0.02321344 -0.9999977 -0.002107322 4.1701e-4 -0.9998111 -0.01896262 -0.004269242 -0.9999802 -0.004675149 0.004229426 -0.9997856 -0.02032923 0.003966212 -0.9998928 -0.001162707 -0.01459759 -0.9999974 -1.5495e-4 0.002322614 -0.9985919 -0.03153502 -0.04266029 -0.999853 0.002609789 -0.0169456 -0.9999985 2.61573e-4 0.001741945 -0.9999179 -0.01104664 0.006500601 -0.9999993 -1.17879e-4 -0.001237988 -0.9999989 -0.001487255 4.29473e-4 -0.9999361 -7.33273e-5 0.01131767 -0.9999555 -0.005976438 -0.007316172 -0.999994 -4.66088e-4 0.003463983 -0.9998229 0.001002728 -0.01879793 -0.9999974 0.001895427 0.001301109 -0.9998117 0.00261867 -0.01923125 -0.9999361 -0.002090275 0.01112145 -0.9978125 0.004958748 0.06592172 -0.9998025 0.00570631 0.01903927 -0.9999004 0.005759596 0.01288777 -0.9999989 -0.001453101 3.80538e-4 -0.9999639 1.27243e-4 -0.00849992 -0.9999763 0.003653585 -0.00582689 -0.9999545 0.006740808 0.006766378 -0.9999718 0.003466486 -0.006666541 -0.9999968 0.001409232 -0.002148211 -0.999819 -0.01029348 -0.0160008 -0.9999079 -0.006266057 -0.01204645 -0.9999828 -7.74652e-4 0.00582391 -0.9999029 -0.004661023 0.01313883 -0.9996551 0.02289193 0.01287078 -0.9997975 0.02011978 5.1564e-4 -0.9999924 5.09505e-4 0.003888428 -0.9992899 -0.03756844 0.002879202 -0.9999852 0.004451751 -0.003169476 -0.9996671 0.02558559 -0.003360092 -0.9996628 0.02574098 -0.003415644 -0.9997333 0.02084642 -0.009936511 -0.9999991 2.23046e-4 0.001389145 -0.9997472 0.02247565 7.66624e-4 -0.9997589 0.0219472 7.04601e-4 -0.9999496 0.008560836 -0.005241394 -0.9998377 0.01784121 0.002546787 -0.9999169 0.01219326 0.004203259 -0.9999369 0.007096707 0.00871104 -0.9999154 -0.0111345 0.006740093 -0.9999398 0.00547713 0.009516596 -0.9999691 -0.007760345 -0.001285135 -0.9995028 -0.02726483 -0.01583701 -0.9999122 -0.01264017 0.00401175 -0.9999809 -5.45647e-4 -0.006165504 -0.9999885 5.66264e-4 -0.004763305 -0.9999961 0.001194894 0.002542912 -0.9999989 -0.001060605 0.001053094 -0.9999994 -6.24227e-4 -9.15054e-4 -0.9999934 -1.65006e-4 0.003644645 -0.9999839 8.44476e-6 0.005675852 -0.9999982 0.001552999 -0.001156866 -0.9999963 -2.74288e-4 0.002764821 -0.9999842 2.09456e-4 -0.005623936 -0.9998482 -1.49071e-4 0.01742511 -0.9998041 -0.005733013 -0.01895028 -0.9999756 9.50808e-5 0.006983041 -0.4280673 0.8885214 0.165191 -0.4579511 0.8694849 0.1851406 -0.4750437 0.8760775 0.08259546 -0.409824 0.9116988 0.02914899 -0.4685361 0.8819681 -0.05105161 -0.4406703 0.8943002 -0.07769656 -0.4462485 0.8848249 -0.1339678 -0.4275364 0.8904269 -0.1560537 -0.3975635 0.9038272 -0.1582397 -0.2951707 0.9246696 -0.2405424 -0.3603444 0.8991176 -0.2484745 -0.2291071 0.9060324 -0.3558305 -0.225934 0.9113966 -0.3439621 -0.160016 0.9021874 -0.4005656 -0.1549282 0.8826103 -0.4438428 -0.1367632 0.8763487 -0.4618537 -0.02096027 0.908209 -0.4179918 -0.02326935 0.9103853 -0.4131069 0.09126108 0.8786814 -0.4686048 0.1420097 0.9000797 -0.4119345 0.1886821 0.8600051 -0.4741204 -0.4887986 0.3867003 -0.7820096 0.08886146 -0.7262832 -0.6816278 0.4291765 -0.5921428 -0.6820371 0.1315413 -0.1032017 0.9859242 0.6255441 -0.2412407 -0.7419552 0.6644861 0.2996266 -0.6846037 0.2121578 0.6244137 0.7517291 -0.2114091 0.7086346 -0.6731591 -0.6062425 -0.3682054 -0.7049077 -0.3065084 -0.6636096 -0.6824039 -0.6796019 -0.3680106 -0.6345941 -0.6798542 -0.3678033 -0.6344439 -0.6796513 -0.3679359 -0.6345843 -0.2210134 -0.6137299 -0.7579504 -0.01562523 -0.1751883 0.9844111 0.06811869 -0.7118199 -0.699051 0.7391278 0.1861224 -0.6473397 0.007870972 0.1500654 0.9886447 -0.5648077 0.56124 -0.6049809 -0.2185449 -0.6915273 -0.688497 -0.2184814 -0.6915405 -0.6885039 -0.2184825 -0.6915403 -0.6885038 0.1663022 -0.664213 -0.7288104 0.1659606 -0.6643558 -0.7287582 0.1660964 -0.664327 -0.7287535 0.6785421 -0.2705617 -0.682918 0.6836256 -0.2778288 -0.6748832 0.4347528 0.6428498 -0.6306618 -0.3340827 -0.5405094 -0.7721648 -0.1252557 -0.8805224 -0.4571558 0.1561223 -0.6283604 -0.7620952 0.6280974 -0.5625788 -0.5375862 0.6276269 -0.5622254 -0.5385045 0.6280955 -0.5625785 -0.5375888 0.6173714 -0.234946 -0.7507684 0.7834606 0.1480754 -0.6035423 0.3873275 0.5014433 -0.7736486 0.2365327 0.8685751 -0.4354649 -0.08265262 0.6370925 -0.7663431 -0.2294795 0.8138071 -0.5339074 -0.5277567 -0.5837479 -0.6170181 0.3185606 0.5758471 -0.7529404 0.6026899 -0.2072026 -0.770605 0.6742932 0.5467723 -0.4963556 0.4374688 -0.8959024 0.07733082 0.1183245 -0.7661725 -0.6316481 0.1183702 -0.7662762 -0.6315135 0.1183504 -0.7662122 -0.6315948 0.1254175 -0.1824144 -0.97519 0.1255468 -0.1823814 -0.9751796 0.1254226 -0.182412 -0.9751898 -0.06898158 0.574898 -0.8153122 0.1474636 0.6918369 -0.7068354 0.2304513 0.3365535 -0.9130301 0.338389 0.3748633 -0.8631166 0.4867976 -0.2752228 -0.8290238 0.4870731 -0.2751446 -0.8288879 0.4869273 -0.2752237 -0.8289474 0.1673949 -0.5600829 -0.8113484 -0.1382024 -0.5334511 -0.834464 -0.1452252 0.6394355 -0.7550046 -0.1531674 0.6079106 -0.7790921 0.2445166 0.686964 -0.6843187 0.2680234 0.5176738 -0.812513 0.5380129 -0.05675041 -0.8410242 0.5494181 -0.5894543 -0.5921853 0.1611506 -0.5257616 -0.8352277 -0.2605531 -0.4494602 -0.8544576 -0.06288439 0.4816766 -0.87409 -0.01306021 0.5624203 -0.8267485 0.4463326 0.428948 -0.7853603 0.4466846 0.4289589 -0.7851541 0.4463832 0.428936 -0.7853382 0.04005193 -0.09083038 -0.9950608 0.04004001 -0.09082406 -0.9950617 0.04020267 -0.09100759 -0.9950385 0.02298188 -0.5276936 -0.8491239 0.02579385 0.001736104 -0.9996659 -0.009052991 0.01829874 -0.9997916 0.03265392 0.004232048 -0.9994578 -0.05707985 0.002131581 -0.9983674 -0.7867438 -0.3174423 -0.5294001 -0.5435512 0.1954883 -0.8162944 0.02924174 0.02601635 -0.9992338 -0.0200144 0.04036599 -0.9989846 -0.5531452 -0.2183253 -0.803968 -0.5531716 -0.2183119 -0.8039535 -0.5532534 -0.2182895 -0.8039033 -0.736118 0.1861316 -0.6507576 0.002118945 0.01827198 -0.9998309 0.006099283 0.01293849 -0.9998977 -0.6759278 -0.1098067 -0.7287415 -0.5575541 -0.1670522 -0.8131587 -0.001990318 1.9428e-4 -0.999998 0.01758843 -0.003708899 -0.9998385 0.007587492 -0.01101827 -0.9999105 -0.5703149 0.2649165 -0.7775347 0.003315925 -0.004675209 -0.9999836 -0.008493602 -0.002443253 -0.999961 -0.006496727 -0.001427829 -0.999978 -0.002452135 -0.001809835 -0.9999954 0.02947348 -0.04442471 -0.9985779 -0.5233863 -0.1904568 -0.8305377 -0.7102107 0.1121274 -0.6950024 -0.507941 -0.6487163 -0.5667126 0.349113 -0.7457171 -0.5674735 -0.2156817 -0.6267317 -0.7487916 0.4087743 -0.5962305 -0.6909507 0.7655825 -0.001189231 -0.6433367 0.7948049 6.6635e-4 -0.6068648 -0.2658459 0.8093022 -0.5237901 -0.2896768 0.8198255 -0.4939368 0.4384852 0.6181715 -0.6523764 0.4461614 0.5858906 -0.6765148 -0.5386373 -0.582737 -0.6085124 0.100461 -0.7775829 -0.6207033 0.1003627 -0.7776558 -0.6206279 0.1004386 -0.7776032 -0.6206813 0.3456006 -0.4322878 -0.832879 -0.1926016 -0.6221612 -0.7588282 0.775401 -0.002877652 -0.6314628 0.7917006 -0.004212021 -0.6108947 -0.2630441 0.8080782 -0.5270839 -0.286247 0.819458 -0.4965395 0.4314562 0.6074013 -0.6670151 0.4392294 0.5781808 -0.6875933 -0.465422 -0.6977035 -0.5446029 0.3769658 -0.726057 -0.5750983 -0.403087 0.7065706 -0.5816175 0.7006463 -0.001636624 -0.713507 0.742823 0.005093097 -0.6694687 0.03088837 0.6110033 -0.7910252 0.4019169 0.7496758 -0.5257843 -0.005708158 0.1001695 -0.9949541 0.04337668 -0.001940965 -0.9990569 0.1848634 -0.008974373 -0.9827233 0.1049875 -0.614921 -0.7815688 0.0190097 -0.001723289 -0.9998179 -0.002925217 0.001328825 -0.9999949 -0.6389121 -0.004399001 -0.7692672 -0.5956513 0.002736568 -0.8032386 0.00589919 -5.81961e-6 -0.9999827 -0.02204 0.003106534 -0.9997523 -0.03123968 -0.05438882 -0.9980311 -0.6688781 0.001499354 -0.7433707 -0.6419252 0.003951966 -0.766757 -0.004015266 -4.62764e-4 -0.9999919 -0.02057552 7.00877e-4 -0.9997881 -0.6397898 0.001140296 -0.7685492 -0.662563 0.002611577 -0.7490017 -0.5414572 -0.58847 -0.6004393 -0.05304074 -0.6555254 -0.7533082 -0.0531857 -0.6555994 -0.7532336 -0.05302017 -0.6555186 -0.7533156 0.03868043 -0.7339884 -0.6780597 0.5572816 -0.6147786 -0.558108 0.8373093 0.001589357 -0.5467274 0.6535925 -0.001935899 -0.7568444 -0.3017165 0.7246598 -0.6195446 0.3317273 0.695949 -0.6368768 -0.3150975 0.72992 -0.6065727 0.40228 0.5280301 -0.7479004 -0.01382696 5.32858e-4 -0.9999043 -0.01731395 6.11169e-4 -0.9998499 -0.02136188 -0.04121011 -0.9989222 -0.7075572 -7.77812e-4 -0.7066557 -0.6281583 8.26457e-4 -0.7780852 -0.4524251 -0.7688673 -0.4518349 0.4824532 -0.6921806 -0.5367729 -0.5818452 0.5594243 -0.5903395 0.7000692 2.37905e-4 -0.714075 0.7151617 4.85708e-4 -0.6989589 0.03478306 0.6785283 -0.7337504 0.009323954 0.7032592 -0.7108724 0.453543 0.6861758 -0.5687369 0.1388638 0.4648745 0.874419 0.09568524 -0.5977678 -0.7959384 0.03027474 -2.75362e-4 -0.9995416 -0.002374589 1.662e-4 -0.9999971 -0.5885768 -5.06965e-4 -0.8084413 -0.5700244 -1.75083e-4 -0.8216279 0.5570635 0.6725749 0.4871582 0.7579807 0.6514687 -0.03246563 0.5307877 0.8041565 -0.267576 0.6126701 -0.7895179 -0.03601253 0.5531868 -0.8330358 -0.005990922 0.5794218 -0.004069566 -0.8150178 0.6588897 9.25954e-5 -0.7522395 0.5872516 0.8093962 -0.003669559 0.5314351 0.8465638 -0.03011018 0.6192218 -0.7843496 -0.0368821 0.5725774 -0.8197517 -0.01273924 0.5734957 4.83768e-4 -0.8192085 0.5673041 9.16806e-5 -0.8235085 0.9999783 -1.55356e-4 -0.006600856 0.9999572 1.12329e-4 -0.009262561 0.6287549 2.44847e-4 0.7776036 0.6464093 -0.001053869 0.7629901 0.9999851 -2.99588e-5 -0.005462348 0.9999751 8.34984e-5 -0.00705868 0.6323837 -0.01116716 0.7745749 0.7833209 3.55818e-4 0.6216176 0.5683431 0.8227767 -0.004969954 0.7200232 0.005497992 -0.6939283 0.626357 0.4705992 0.6214606 0.6549257 -0.353437 -0.6679481 0.7541908 -0.4023001 -0.5189901 0.6102918 -0.6885442 -0.3917282 0.7965211 -0.5744795 -0.1884874 0.6129761 -0.4156873 0.6719111 0.6806352 -0.7326093 0.004385948 0.719416 -0.6944841 0.01151287 0.574452 0.6249979 0.5285665 0.7540883 0.6560421 0.03097862 0.7535932 0.6565802 0.0316236 0.7540787 0.6560484 0.03107881 0.7311414 0.681715 0.02640223 0.6257796 0.7792041 -0.03522974 0.6257535 0.7792183 -0.03537869 0.6257109 0.7792776 -0.03482097 0.9850571 -0.1717321 -0.01306611 0.6179898 7.68333e-4 -0.7861858 0.9999883 -0.004796683 6.06949e-4 0.9996514 0.02546125 0.006985843 0.9999914 4.12639e-4 0.004131913 0.9999597 7.18469e-4 0.008946359 0.9998251 0.01610386 0.009506046 0.9999188 0.01011955 0.007755875 0.8133592 0.01283377 0.5816204 0.6491931 0.005625545 0.760603 0.821478 -0.02782475 0.5695611 0.7623899 0.001400351 -0.6471164 0.7465525 -0.0121842 -0.6652149 0.6017794 0.6360087 0.4830678 0.6837457 -0.6181471 -0.3877964 0.8198266 -0.5725722 -0.006742 0.7465907 -0.624437 -0.229523 0.6619001 -0.7460865 0.07241028 -0.4241046 -0.9055961 0.0055691 0.7931305 0.4055706 0.4543749 0.7861706 -0.6179934 0.004478037 0.8015363 0.5979452 0.001116454 0.8547417 0.5190359 0.004319369 0.6778488 0.6400045 -0.3618224 0.7520439 -0.003179907 -0.6591054 0.7815196 -0.002440989 -0.6238761 0.6560013 -0.5793195 -0.4837885 0.7940218 -0.6078651 -0.005426108 0.9999535 -0.009644687 -3.42008e-4 0.9999679 -0.006449818 -0.004750251 0.9998968 -0.01435691 -5.84511e-4 0.9999995 -9.68154e-4 2.22755e-4 0.999992 2.47205e-4 -0.003989994 0.9999624 1.00999e-4 -0.008673846 0.8581859 9.53956e-4 0.5133383 0.6983706 -0.002507567 0.715732 0.6863051 -0.2648143 0.6773911 0.5676607 0.510782 0.6456494 -0.3981546 -0.6751069 -0.6210505 -0.4440117 -0.7574861 -0.4786109 -0.654136 -0.631514 -0.4162886 -0.3952373 -0.9171959 -0.05039173 -0.2327768 -0.7472111 -0.6224874 -0.5595794 -0.5987282 0.5730581 -0.5569226 -0.6084733 0.5653296 0.5764181 -0.5974811 0.5574573 -0.2173658 -0.8877477 -0.4057785 0.02248489 -0.730883 -0.6821324 0.3248191 -0.8197369 -0.4717245 0.3935905 -0.9190213 -0.02205693 -0.6051915 -0.5183516 0.6041978 0.587591 -0.5472037 0.5960746 0.540434 -0.6517599 0.5321093 -0.1176832 -0.5604345 -0.819795 0.2394359 -0.7215372 -0.6496573 0.5163916 -0.8263065 0.2248497 0.2957183 -0.9028081 -0.312231 0.5808834 -0.5672067 0.5838245 0.5855694 -0.5563291 0.5895816 -0.1761841 -0.8774033 -0.4462316 0.09248286 -0.796182 -0.5979475 0.3264725 -0.8487193 -0.4160425 0.4055451 -0.9140751 -4.3977e-4 -0.5999183 -0.5277401 0.6013224 0.5936559 -0.5388832 0.5976434 0.5785896 -0.5731818 0.5802558 -0.2503774 -0.8242688 -0.5078309 0.02224016 -0.7689484 -0.638924 0.3999719 -0.8934426 -0.2044088 0.4020774 -0.9153908 -0.01983737 -0.5937762 -0.5475772 -0.5895668 0.5864687 -0.5573092 0.5877594 0.1883941 -0.6509809 -0.7353445 0.1884099 -0.650974 -0.7353466 0.1884643 -0.6509554 -0.7353492 0.3283362 -0.9277076 -0.1776348 0.4642096 -0.8187115 -0.337966 0.4280365 -0.8318969 -0.3531748 0.4294497 -0.621365 -0.6553461 -0.1660915 -0.8726603 -0.4592142 0.4471451 -0.8572529 -0.2553017 -0.3573169 -0.8611403 -0.3616107 -0.5850163 -0.5656322 -0.5812197 0.5689897 -0.5881669 0.5747265 0.5728983 -0.5808271 0.578297 0.2865124 -0.948199 0.1372201 0.08623528 -0.8877397 -0.4521966 0.5450338 -0.8365753 -0.05549699 -0.4122383 -0.8089502 -0.4191174 -0.5567796 -0.6194852 -0.5533846 0.5657122 -0.5966948 0.5691443 0.4221319 -0.8946281 0.1464422 0.1710574 -0.8882826 -0.4262554 0.5984039 -0.8008745 -0.02265119 -0.4339608 -0.7820094 -0.4473695 0.5771919 -0.5721741 0.5826374 0.5819903 -0.781111 0.2261704 0.1900687 -0.8772101 -0.4408813 0.3084347 -0.9324992 -0.1879183 0.700363 -0.6908506 -0.1794916 -0.4009734 -0.8102422 -0.4274669 -0.5680406 -0.5970625 0.566433 -0.5564424 -0.6131384 0.5607434 0.5684601 -0.5924484 0.5708398 -0.4738159 -0.6963412 -0.5390803 0.1310079 -0.902952 -0.4092857 0.4139459 -0.8773983 -0.242531 0.6869341 -0.7125213 0.1429507 0.3251289 -0.6550889 0.6820189 0.2215381 -0.930751 0.290901 0.7147877 -0.6374929 0.2875437 -0.5275996 -0.6644392 0.5293007 0.3078804 -0.8832529 0.3536581 -0.5337147 -0.6435926 0.5485776 0.5077308 -0.6705056 -0.5409545 0.3250241 -0.898947 -0.2936899 -0.1329414 -0.9880942 0.07743728 -0.2984091 -0.9061513 0.2997362 -0.5950117 -0.536135 0.5987658 -0.5939591 -0.5378558 0.5982673 0.6081774 -0.530098 -0.5908607 0.6325058 -0.4329473 -0.6422562 0.277384 -0.9200031 -0.2768619 0.2685562 -0.9267958 -0.2625399 -0.2930945 -0.9067754 0.3030744 -0.3634184 -0.8619832 0.3534291 -0.5713122 -0.5756527 0.5850011 0.6201895 -0.4957198 -0.6079696 0.4662149 -0.765603 -0.4432786 0.2578908 -0.9222186 -0.2881066 -0.1342987 -0.9751998 0.1759243 -0.3128313 -0.8997499 0.3042807 -0.6030732 -0.5157103 0.6085603 -0.6252107 -0.4744184 0.6197087 0.6019092 -0.5409883 -0.5873987 0.6294814 -0.4209009 -0.6531428 0.349456 -0.8788353 -0.3248524 0.3317195 -0.8900912 -0.31257 -0.159012 -0.9791148 0.1266868 -0.2817758 -0.9089087 0.3073883 -0.6014231 -0.5307856 0.597124 0.5797442 -0.5768378 -0.5754606 0.602532 -0.5453552 -0.5827032 0.03527408 -0.9928562 -0.1139844 0.2755281 -0.9196195 -0.2799721 -0.2712311 -0.9233429 0.2717934 -0.1409111 -0.9883648 0.05726563 0.613079 -0.4382865 -0.6572969 0.2552692 -0.9484491 -0.187835 0.3586713 -0.8596307 -0.3638542 -0.2893616 -0.887027 0.3597958 -0.2366247 -0.9307461 0.2787842 0.6054653 -0.5131874 -0.6083178 0.3885027 -0.8287953 -0.402696 0.2264037 -0.9568945 -0.181919 -0.2099361 -0.9611666 0.1791245 -0.4197444 -0.7959541 0.4362016 0.6001773 -0.5186155 -0.6089541 0.4451641 -0.7821351 -0.4359973 0.1725646 -0.9587585 -0.2258397 -0.1424295 -0.9736374 0.178169 -0.5329177 -0.6878104 0.4928648 -0.5755908 -0.5829141 0.5735037 0.6123586 -0.486962 -0.6228042 0.45019 -0.7636607 -0.4627647 0.3576907 -0.8722392 -0.3335509 -0.1689636 -0.9730989 0.1566203 -0.1976146 -0.959963 0.1985439 -0.5933389 -0.5429326 0.5942838 -0.5940349 -0.5418192 0.5946046 0.6052697 -0.5204576 -0.602306 0.5654917 -0.5833038 -0.5830747 0.282193 -0.9147862 -0.2890211 0.296116 -0.9042143 -0.3077533 -0.1025136 -0.9855216 0.1350497 -0.2720839 -0.9290243 0.2507671 -0.6056162 -0.5085561 0.6120456 -0.6218723 -0.4780711 0.6202604 0.5045946 0.4685174 -0.725173 0.9118195 0.3941807 -0.1149211 0.3736783 0.2611948 -0.8900235 0.4436284 0.8522724 -0.2771747 0.1291368 0.9465487 -0.2955832 0.08901542 0.5520527 -0.8290442 0.0965082 0.5738571 -0.8132492 0.03965115 0.7662916 -0.6412684 -0.3099961 0.4703966 -0.8262139 0.8780894 0.477525 -0.0304777 0.7097979 0.5086891 -0.4872601 0.4264172 0.8484467 -0.313539 0.2371166 0.587897 -0.7734035 0.0352109 0.7480943 -0.6626577 -0.1377417 0.3638464 -0.9212182 0.6444336 0.6531075 -0.3976883 0.2502585 0.4122902 -0.8760067 0.6049717 -0.777933 0.1697925 -0.3331289 -0.5592439 -0.7591255 0.03787904 -0.7823608 -0.6216726 0.2966139 -0.4323844 -0.8515069 0.8676256 -0.4967224 -0.02220231 0.8594247 -0.3831974 -0.3384513 0.5465698 -0.33652 -0.766822 -0.03230977 -0.3797078 -0.9245422 -0.06408137 -0.9019597 0.4270392 0.2734099 -0.8757323 -0.3979196 0.8698737 -0.4931088 -0.01278418 0.03974431 -0.7371158 -0.6745967 0.3003162 -0.8174408 -0.491529 0.1442596 -0.4584875 -0.8769142 0.5189577 -0.7483355 -0.4131307 0.338277 -0.6269515 -0.7017838 0.5304904 -0.6594253 -0.5326709 0.5406563 -0.329481 -0.7740369 0.9986298 0.003397464 0.05222147 0.9981221 -0.001353561 -0.0612418 0.8609177 -0.001782178 -0.5087414 0.5643486 -4.5655e-4 -0.8255365 0.6897566 0.002731144 -0.7240362 0.007922589 -0.5209371 -0.8535584 -0.005783081 -0.567579 -0.8232987 0.007027328 -0.948114 -0.3178529 0.01668196 -0.9572442 -0.2887998 -0.8797948 1.41795e-4 -0.4753539 -0.8931007 4.98645e-4 -0.4498566 -0.5635636 4.84148e-4 -0.8260725 -0.421697 -0.001184463 -0.9067361 0.561385 6.97507e-5 -0.8275548 0.5964109 -3.6078e-4 -0.8026792 0.8136379 4.22339e-4 -0.5813718 0.9389805 -0.001750111 -0.3439659 0.9622461 -0.2720851 0.007224798 0.6825334 -0.7307654 -0.01140701 0.6918323 -0.7220073 -0.008580446 0.334259 0.4726011 -0.8154259 -0.3615851 0.4541643 -0.8142426 -0.2880074 0.6169137 -0.7324407 -0.0386697 0.1809629 -0.9827295 0.1940493 0.4902781 -0.8496895 0.09783041 0.2279603 -0.9687432 -0.2771067 0.364643 -0.8889586 -0.1797191 0.2992544 -0.9370955 -0.1655983 0.5274486 -0.8332919 -0.0281254 0.5610479 -0.8273054 0.04925739 0.4736441 -0.8793378 0.8086459 0.4711778 -0.3522545 0.7820404 0.560255 -0.2729968 0.95686 0.2770423 -0.08755904 0.9502381 0.3115125 0.002754509 0.9292625 0.3492386 0.1204311 0.7533647 0.5822363 0.3056839 0.8871229 0.3840561 -0.255957 0.83801 0.5302731 -0.128646 0.7588618 0.6447659 -0.09168344 0.8201124 0.5710157 0.03683739 0.6699095 0.7290877 0.140187 0.8284556 0.5151504 0.2197305 0.8398806 -3.52076e-4 0.5427711 0.8084192 2.08265e-4 0.5886072 0.6041259 -2.26599e-4 0.796889 0.5274041 -0.001088619 0.8496139 0.8312129 -7.25425e-4 0.5559539 0.8358882 1.24634e-4 0.5488998 -0.3875058 0.6598141 -0.6438049 0.06738704 0.9763771 -0.2052973 -0.5484446 0.2880266 -0.7850156 0.4569294 0.8709428 0.1807602 -0.3870418 0.6608706 -0.6429998 -0.1584041 0.9093259 -0.3847527 0.1706442 0.983312 -0.06307381 0.488717 0.8383678 0.2414444 0.6906064 0.5647042 0.4518539 0.7687107 0.451521 0.4530041 0.8064554 0.2149044 0.5508593 -0.5653824 0.00363779 -0.8248209 -0.5706004 1.25738e-4 -0.8212279 0.7545308 -0.4241886 0.5007469 0.7507494 -0.4668216 0.4673897 0.6168223 -0.6795693 0.3971347 0.3960711 -0.9108657 0.1159797 0.386905 -0.915262 0.11225 0.1622545 -0.9842297 -0.0704658 -0.07281202 -0.9362135 -0.3438063 -0.1223751 -0.9191492 -0.3744186 -0.382309 -0.6942188 -0.6098363 -0.4710506 -0.4848927 -0.7368788 -0.5457056 -0.2908989 -0.7858647 0.9999408 0.008484005 -0.006809771 0.9999052 -0.01288372 0.00484842 0.9998484 -0.01715296 -0.003042638 0.9999677 -0.007780671 0.002060949 0.9999471 -0.005916833 -0.008415162 0.9997534 0.02147156 0.005665183 0.9999674 0.003463745 -0.007309257 0.9999781 0.00470215 -0.00466293 0.9996978 -1.82135e-4 0.02458328 0.9999632 0.002669811 -0.008158445 0.9999949 -0.001250207 0.002953946 0.9997994 -0.003647565 0.01969712 0.9999731 -0.004353165 0.005914211 0.9999992 -6.8945e-4 0.001172542 0.9999536 0.001829743 0.009457528 0.9999918 -3.06296e-4 0.004053711 0.9999855 -2.2885e-4 0.005379199 0.9999841 -0.004859805 0.002872109 0.9999821 0.002175629 -0.005583345 0.9999933 -2.2543e-4 0.003664791 0.9999911 -0.002576291 -0.003365278 0.9999893 -0.002300024 -0.004036545 0.9999883 0.002755224 -0.003977477 0.9999984 2.72929e-4 0.001809656 0.999992 -0.003534972 0.001873254 0.9990849 -0.03704202 -0.02138859 0.9999935 -0.001142144 -0.003439188 0.9999864 0.0025779 0.004532516 0.9980826 -0.01074093 0.06095778 0.9996415 0.02480381 -0.01007992 0.9999817 2.17431e-4 -0.006065964 0.9997826 -0.02072745 0.002303063 0.9997945 -0.02018094 0.001936316 0.9997808 0.001072585 -0.02090865 0.9998462 2.8822e-5 -0.01754248 0.9999974 -0.002235889 -4.68666e-4 0.9995625 -8.55381e-4 -0.02956521 0.9999938 0.002040743 -0.002892911 0.9997764 -3.22227e-4 -0.02114558 0.9999997 -2.41013e-6 8.15137e-4 0.9999912 0.001751363 0.003817737 0.9999967 -0.002543568 -4.84372e-4 0.9999885 0.004792273 3.54971e-4 0.999965 -0.008380472 -2.29028e-4 0.9999637 0.007883906 -0.003259539 0.2614666 -0.9314169 0.2531754 0.1170003 -0.9862226 0.1169441 -0.2752768 -0.9199041 -0.2792836 -0.4678904 -0.7541631 -0.4607784 0.5789614 -0.5673802 0.5855626 0.1921811 -0.9639369 0.1840977 0.1095905 -0.9881072 0.1078616 -0.298452 -0.9054642 -0.3017632 -0.4440011 -0.7824835 -0.4365574 -0.572118 -0.5890486 -0.5707038 0.5203657 -0.6853289 0.5094547 0.1874462 -0.9622164 0.1974934 -0.1855305 -0.9600775 -0.2093551 -0.4468671 -0.7878695 -0.4237588 -0.6588311 -0.395482 -0.6399497 0.5910075 -0.5178967 0.6184604 0.06916409 -0.9969779 0.03537642 0.1882866 -0.9423568 0.2766081 -0.2320542 -0.9298354 -0.2855817 -0.6536694 -0.4649614 -0.5970991 0.6007681 -0.4974704 0.6257804 0.2572681 -0.9395242 0.2260696 0.2750674 -0.9315936 0.2376368 -0.1985319 -0.9631645 -0.1813817 -0.3730453 -0.8443991 -0.3844833 -0.6050773 -0.5462401 -0.5792264 -0.6134353 -0.5223748 -0.5923021 0.6350179 -0.4264405 0.644128 0.162333 -0.9779912 0.1310777 -0.06807565 -0.9956161 -0.06414359 -0.3517156 -0.8654335 -0.3568208 -0.5844618 -0.5758249 -0.5716905 -0.5939258 -0.5538709 -0.5835059 0.3066713 -0.9033415 0.2998783 0.2730378 -0.9253998 0.2628412 -0.1278766 -0.9841086 -0.1231988 -0.2973682 -0.9054039 -0.3030118 -0.576449 -0.5833641 -0.5721827 -0.584025 -0.5695531 -0.5783807 0.3517474 -0.8687479 0.3486415 0.2977127 -0.906823 0.2983942 -0.2382363 -0.9418665 -0.2369198 -0.2464972 -0.937797 -0.2444912 -0.591309 -0.5531877 -0.5868024 0.5861907 -0.5578635 0.5875108 -0.01289683 -0.9996631 -0.02252942 0.3203761 -0.8820988 0.3453418 -0.1006729 -0.9891171 -0.1072956 -0.5763832 -0.5835564 -0.572053 -0.002184629 -0.9987811 0.0493111 -0.001483917 -0.9999958 -0.002530038 0.005954384 -0.9999525 0.007724106 -0.001923263 -0.9999942 -0.002837598 -0.01044529 -0.999905 -0.008995592 -0.004928469 -0.9999784 -0.004372656 -0.008397102 -0.9999431 -0.006588101 -8.14271e-4 -0.9999995 -6.72306e-4 -0.008077442 -0.9999585 -0.004216611 3.98401e-4 -0.9999989 -0.001464247 -0.006159603 -0.9999788 -0.002154111 -0.0145809 -0.9997968 0.01392221 0.003232657 -0.9999784 -0.005723774 0.004957437 -0.9999541 0.008204102 0.00123018 -0.999996 0.002597332 0.003359317 -0.9999705 0.006922423 4.51634e-5 -0.9999985 -0.001754343 0.00618577 -0.9999511 0.007723212 -0.001089811 -0.4379938 -0.8989775 0.02155029 -0.2987257 -0.9540957 -0.01856464 -0.7519068 -0.6590081 0.02331703 -0.9364208 -0.3501033 0.001991212 -0.2903514 -0.9569181 0.0198729 -0.5316936 -0.8467036 -0.02839839 -0.7582391 -0.651358 0.01389527 -0.9758721 -0.2179003 -5.23709e-4 -0.2695028 -0.9629995 0.01937657 -0.582301 -0.8127424 -0.02468252 -0.754795 -0.6554963 0.01131463 -0.9812356 -0.1924807 -1.63982e-4 -0.2387925 -0.9710707 0.01358729 -0.3895477 -0.9209061 -0.01154696 -0.7823497 -0.6227325 0.01215767 -0.8621063 -0.5065817 0.9315172 -0.3636863 -0.002825975 0.8725714 -0.4882091 -0.01646441 0.5803442 -0.8136379 0.03455436 0.3926706 -0.9195279 -0.01668417 0.96373 -0.266879 2.48793e-4 0.921369 -0.3886008 -0.00828725 0.7199682 -0.694007 -3.52155e-4 0.6771631 -0.7357599 -0.01037079 0.9652941 -0.2611641 7.877e-4 0.6884311 -0.7245802 -0.03234469 0.7559912 -0.654475 -0.01182699 0.9709796 -0.2391586 -0.001393079 0.7208595 -0.6927827 -0.02034145 0.7477467 -0.6638696 -0.01233232 0.003217518 0.007297217 -0.9999682 0.03543901 0.01206111 -0.9992991 -0.05838686 0.04357081 -0.9973428 -0.001517176 0.00725311 -0.9999727 -0.003014802 0.01016986 -0.9999437 0.1145621 0.1070446 -0.987632 0.006753623 9.86671e-4 -0.9999767 -0.02391844 0.01416289 -0.9996137 -0.001445651 5.62449e-4 -0.9999989 -0.001027286 0.01462209 -0.9998926 0.1830413 0.2137665 -0.9595832 -0.01720595 -0.00243771 -0.999849 0.004141628 0.00696367 -0.9999673 -0.01790255 0.004506647 -0.9998297 -0.01433354 0.03250521 -0.9993689 0.006862223 0.006955087 -0.9999523 -8.77125e-4 -1.54742e-4 -0.9999997 1.91058e-4 0.006598174 -0.9999783 -0.004089534 -5.66799e-4 -0.9999915 -0.005925834 -0.001403808 -0.9999815 0.01585912 -0.00289911 -0.9998701 0.00884211 -1.21233e-4 -0.9999609 -0.01106756 -0.003154873 -0.9999338 1.64411e-4 0.003254652 -0.9999948 0.009621322 -4.58214e-4 -0.9999536 0.01725238 0.01061546 -0.9997948 -0.008297801 0.004303038 -0.9999563 0.0276494 -0.01148831 -0.9995518 -0.01716893 -0.015145 -0.999738 -0.002573668 0.01364123 -0.9999037 9.82165e-4 0.001085042 -0.999999 0.009387075 -0.00643146 -0.9999353 0.007381677 -0.008041024 -0.9999405 0.01344001 8.3858e-4 -0.9999094 -0.01460826 0.002317607 -0.9998907 -0.0286768 6.10489e-4 -0.9995886 0.008043944 0.005952656 -0.9999499 -0.02042436 -0.004643976 -0.9997806 -0.02956902 -0.005396187 -0.9995482 0.004001498 -0.002143561 -0.9999897 0.01296031 5.29038e-4 -0.999916 0.0195806 0.00607717 -0.9997898 0.002851724 -0.02679306 -0.999637 0.007474124 -0.01435178 -0.9998691 -0.05591481 0.02330368 -0.9981636 -0.02119004 -0.03122216 -0.9992879 0.06898522 0.04168379 -0.9967465 -0.009773612 0.02534955 -0.9996309 0.007381081 6.09072e-4 -0.9999726 -0.006820976 -0.001385867 -0.9999759 -0.007002532 -0.0015679 -0.9999743 0.01730376 -0.01511234 -0.9997361 0.007868826 -1.08798e-4 -0.9999691 0.007385075 -0.01921564 -0.9997881 0.002098977 -0.0558921 -0.9984346 -2.34079e-4 0.01111894 -0.9999383 2.41611e-4 0.003743767 -0.999993 -0.01989638 0.02178752 -0.9995647 0.01213407 -0.009818732 -0.9998782 -0.01971393 -0.004751026 -0.9997944 -0.03637027 -1.99632e-5 -0.9993384 0.009386777 -0.00748986 -0.999928 0.007722616 -0.03681838 -0.9992921 0.001699566 8.12922e-4 -0.9999983 0.005408287 -0.001218199 -0.9999846 -0.008866786 -0.01100277 -0.9999002 0.007476389 0.006610512 -0.9999503 8.83649e-4 0.003909766 -0.999992 0.01350182 0.03906357 -0.9991456 0.004067599 0.002726972 -0.999988 -0.009016633 -0.005199909 -0.9999458 0.002617478 0.001879513 -0.9999949 -0.007157444 0.006183326 -0.9999553 -0.009101867 -0.01284563 -0.9998762 -0.00647825 -0.005432009 -0.9999644 -8.62398e-4 -0.002282381 -0.9999971 -0.003935158 -0.002421975 -0.9999894 -2.18466e-4 5.79634e-4 -0.9999998 1.51367e-4 0.006195425 -0.9999808 0.02038377 -2.6412e-4 -0.9997922 -0.008794069 0.001199185 -0.9999607 -0.007958531 -0.007888734 -0.9999372 0.004073739 -0.01397675 -0.999894 -0.01060372 0.001525819 -0.9999427 -1.21552e-4 -0.00686568 -0.9999765 -0.001631736 -0.006322145 -0.9999787 -0.009345889 0.00562936 -0.9999406 0.001532912 -0.002012312 -0.9999969 0.001876592 -0.002394318 -0.9999955 8.2479e-4 6.39073e-4 -0.9999995 0.001914203 -0.005954265 -0.9999805 0.01747137 0.01908659 -0.9996653 0.03161567 0.02582669 -0.9991664 -0.01688438 0.03782868 -0.9991416 -0.01175934 -0.007273912 -0.9999044 0.004554808 4.45418e-4 -0.9999896 0.01623529 0.00153619 -0.9998671 -0.007983744 -0.002999126 -0.9999637 0.001537382 7.19804e-4 -0.9999986 0.006667315 -3.48042e-4 -0.9999777 2.10493e-4 -4.86184e-5 -1 0.001070916 -9.34771e-5 -0.9999995 0.003444075 -6.26063e-4 -0.9999939 -0.07511854 -0.003097355 -0.9971699 -0.005061089 5.49678e-5 -0.9999872 -0.003903508 1.17247e-4 -0.9999924 0.009113609 -2.77584e-4 -0.9999585 0.00358808 -0.001113712 -0.999993 -0.4719835 0.7399639 -0.4792547 -0.505901 0.6548438 -0.5614659 -0.2165661 0.8400642 -0.4973845 -0.1948557 0.8286705 -0.5247251 -0.135277 0.8499215 -0.5092481 -0.0581268 0.8257578 -0.5610218 -0.02287912 0.8577738 -0.5135179 0.08961749 0.8580117 -0.5057515 0.1321225 0.8161901 -0.5624745 0.1841679 0.8247527 -0.5346637 0.2321954 0.807487 -0.5422638 0.4313033 0.7222048 -0.5407382 -0.04521733 0.9943659 -0.09587401 -0.145141 0.9484447 -0.2817565 -0.02301079 0.9923654 -0.1211677 -0.08559107 0.9424039 -0.3233405 -0.09369063 0.9508827 -0.2950326 -0.0291118 0.9843052 -0.1740572 -0.003757417 0.9951344 -0.09845542 -0.3289127 0.8370256 -0.4372696 -0.3056095 0.8467319 -0.4354859 -0.3908239 0.7760837 -0.4949251 -0.02129876 0.9201263 -0.3910421 0.05009204 0.9950724 -0.08556765 0.1218547 0.933977 -0.3359146 0.1480681 0.9251611 -0.3495037 0.1162303 0.94192 -0.315083 0.1078317 0.9874759 -0.1151683 0.1050412 0.9881449 -0.1119644 0.08989238 0.9950666 -0.04197603 0.2323167 0.9028128 -0.3618814 0.377812 0.879763 -0.2885744 0.3573144 0.8916037 -0.2781535 0.4181397 0.8277891 -0.3740648 0.2886039 0.8323902 -0.4731114 0.3489626 0.8123711 -0.4672027 0.2934537 0.83288 -0.4692505 0.2929565 0.8330368 -0.4692827 0.2931687 0.8330297 -0.4691629 0.3112378 0.9401136 -0.1389879 0.3381481 0.9360514 -0.09728288 0.411776 0.7361843 -0.537097 0.1283292 0.9917283 0.002558112 0.3132944 0.9493064 -0.02576929 0.1139068 0.993333 0.01774823 0.3405027 0.9402319 0.004688084 0.3188353 0.928236 0.19163 0.06290507 0.99677 0.04992741 0.1118478 0.9926761 0.04565203 0.2175495 0.9619036 0.1655711 0.3464313 0.9224185 0.1706737 0.3670038 0.8777731 0.3079329 -0.05029505 0.06667453 -0.9965064 -0.6207523 0.2571639 -0.7406305 -0.4541037 0.3853856 -0.8032856 -0.3483133 0.5965853 -0.7230241 -0.5464437 0.6390242 -0.5413386 -0.8399552 0.4380524 -0.3202894 -0.8396072 0.5084747 -0.191084 -0.8091668 0.4334231 -0.3967286 -0.5991628 0.550334 -0.5814951 -0.6804888 0.2900628 -0.6729031 0.1806604 -0.1779671 0.9673105 0.5139846 0.1967998 0.834919 0.770286 -0.159739 0.6173677 0.9593672 0.1434117 0.2429972 0.9890741 -0.01092648 0.147014 0.9085828 -0.0526461 -0.4143741 0.845718 0.1448802 -0.5135861 0.492471 -0.1447729 -0.8582035 0.2817938 0.1248019 -0.9513238 0.3439977 -0.05664181 -0.9372606 0.6865181 -0.040672 -0.7259743 0.7517333 0.05486929 -0.6571806 0.9620814 0.05130743 -0.2678934 0.9982383 -0.05918151 -0.0042423 0.9833999 0.02799493 0.1792793 0.7975795 -0.03560882 0.602162 0.7255567 0.04518818 0.6866771 0.2239674 -0.0481913 0.9734044 0.01079499 0.0877366 0.9960853 0.4277341 0.7874758 0.443763 -0.5466731 0.7990368 0.2503774 -0.516361 0.8370602 0.1808359 -0.5635889 0.7131612 0.4168557 -0.5535778 0.8284049 0.08542329 -0.5400691 0.8379254 0.07878106 -0.4785467 0.8765847 -0.05091476 -0.5619775 0.8156009 -0.1377549 -0.58301 0.8036926 -0.11907 -0.4991735 0.8302383 -0.2480533 -0.526999 0.7425996 -0.4133012 0.1642192 0.962679 0.2151309 0.0465517 0.9925987 0.1121649 0.2810436 0.87586 0.3922803 0.3401843 0.8690436 0.3592184 0.1633064 0.9364194 0.3105636 0.02063769 0.993843 0.1088585 0.1021444 0.9285351 0.3569162 0.004092514 0.9919186 0.1268103 -0.0708819 0.9397813 0.3343454 -0.01938319 0.9550274 0.2958835 -0.04772531 0.9949561 0.08823078 -0.101362 0.9418242 0.3204574 -0.09964478 0.9897196 0.1025964 -0.1038281 0.9929835 0.05659908 -0.1386699 0.9774199 0.1594399 -0.1162104 0.9921073 0.04709964 -0.3469197 0.9207969 0.1782695 -0.3033567 0.9230326 0.2366129 -0.3301922 0.9188448 0.2160962 -0.2721086 0.8989785 0.3432124 -0.2793812 0.8894914 0.3615953 -0.3198068 0.9439896 0.08128559 -0.4555072 0.8536223 0.2526701 -0.4555035 0.8536229 0.2526747 -0.4555529 0.8536202 0.2525948 -0.3469776 0.9374004 0.02978855 -0.1138757 0.9933871 -0.01464074 -0.4164876 0.8062672 0.4200848 -0.4886879 0.7934827 0.3627252 -0.5006782 0.8154721 0.2903907 -0.3222022 0.946295 -0.02667546 -0.1089485 0.9940093 -0.008713841 -0.3417398 0.9362704 -0.08131182 -0.3396746 0.9360305 -0.09202194 -0.1027258 0.9923556 -0.06839489 -0.1108685 0.9896196 -0.09144097 -0.17994 0.9715265 -0.1541357 -0.2212461 0.9615913 -0.1624574 -0.4965879 0.8264668 -0.2652419 -0.5427711 0.7767167 -0.3195477 -0.3850581 0.880931 -0.27512</float_array>
          <technique_common>
            <accessor source="#Part__Feature001-mesh-normals-array" count="1615" stride="3">
              <param name="X" type="float"/>
              <param name="Y" type="float"/>
              <param name="Z" type="float"/>
            </accessor>
          </technique_common>
        </source>
        <vertices id="Part__Feature001-mesh-vertices">
          <input semantic="POSITION" source="#Part__Feature001-mesh-positions"/>
        </vertices>
        <triangles material="Part__Feature001-material" count="1560">
          <input semantic="VERTEX" source="#Part__Feature001-mesh-vertices" offset="0"/>
          <input semantic="NORMAL" source="#Part__Feature001-mesh-normals" offset="1"/>
          <p>2 0 0 0 1 0 3 1 2 1 1 1 3 2 1 2 4 2 5 3 3 3 4 3 5 4 4 4 6 4 7 5 5 5 6 5 7 6 6 6 8 6 9 7 7 7 8 7 9 8 8 8 10 8 6 9 1 9 11 9 6 10 4 10 1 10 13 9 11 9 12 9 13 11 8 11 6 11 13 9 6 9 11 9 14 9 8 9 13 9 10 12 8 12 14 12 2 13 3 13 15 13 2 9 15 9 16 9 3 14 17 14 15 14 0 15 2 15 16 15 0 16 16 16 18 16 5 17 17 17 3 17 19 18 0 18 18 18 19 9 18 9 20 9 5 9 21 9 17 9 7 19 21 19 5 19 20 9 22 9 19 9 23 20 22 20 20 20 24 21 21 21 7 21 24 22 7 22 9 22 23 23 25 23 22 23 26 9 24 9 9 9 26 9 9 9 27 9 26 24 25 24 23 24 26 25 27 25 25 25 24 26 28 26 29 26 21 27 24 27 29 27 21 28 29 28 30 28 21 29 30 29 31 29 17 30 21 30 31 30 17 31 31 31 32 31 15 32 17 32 32 32 15 33 32 33 33 33 16 34 33 34 34 34 16 35 15 35 33 35 18 36 16 36 34 36 44 37 45 37 109 37 44 38 52 38 45 38 47 39 94 39 46 39 48 40 47 40 46 40 48 41 49 41 93 41 50 42 92 42 49 42 52 43 90 44 51 45 52 46 44 46 89 46 54 47 53 48 61 49 56 50 99 50 55 50 58 51 97 51 57 51 59 52 97 52 58 52 59 53 96 53 97 53 62 54 60 55 61 56 64 57 65 57 102 57 69 58 63 58 101 58 66 59 105 59 65 59 67 60 104 60 66 60 67 61 103 61 104 61 68 62 103 62 67 62 69 63 101 63 68 63 71 64 88 65 70 66 71 67 74 68 88 69 73 70 74 70 71 70 72 71 74 71 73 71 74 72 72 72 107 72 72 73 108 73 107 73 76 74 108 75 72 76 77 77 83 77 78 77 77 78 770 79 83 80 81 81 80 81 82 81 80 82 84 82 85 82 84 83 80 83 81 83 81 84 78 84 84 84 84 85 78 85 83 85 82 86 80 86 85 86 82 87 85 87 86 87 82 88 86 88 79 88 85 89 84 89 83 89 88 90 87 91 70 92 89 93 90 94 52 95 90 96 91 96 51 96 51 97 91 97 50 97 50 98 91 98 92 98 92 99 91 99 90 99 92 100 93 100 49 100 94 101 93 101 92 101 94 102 48 102 93 102 94 103 47 103 48 103 46 104 94 104 95 104 100 105 99 105 53 105 62 106 53 106 96 106 62 107 96 108 60 109 60 110 96 110 59 110 97 111 98 111 57 111 98 112 97 112 96 112 98 113 99 113 57 113 57 114 99 114 56 114 99 115 100 115 55 115 65 116 105 116 102 116 101 117 103 117 68 117 104 118 105 118 66 118 105 119 104 119 102 119 88 120 74 120 107 120 88 121 107 121 108 121 87 122 88 122 108 122 108 123 76 123 87 123 76 124 75 124 87 124 75 125 70 125 87 125 86 126 83 126 770 126 86 127 85 127 83 127 770 128 771 128 86 128 771 129 79 129 86 129 104 130 103 130 101 130 102 131 104 131 101 131 106 132 102 132 101 132 106 133 64 133 102 133 99 134 98 134 96 134 99 135 96 135 53 135 53 136 54 136 100 136 54 137 55 137 100 137 94 138 92 138 90 138 94 139 90 139 89 139 95 140 94 140 89 140 95 141 89 141 109 141 109 142 45 142 95 142 45 143 46 143 95 143 114 144 115 144 113 144 111 145 114 145 113 145 112 146 115 146 114 146 116 147 137 147 118 147 112 148 117 148 138 148 115 149 112 149 138 149 118 150 137 150 138 150 118 151 138 151 119 151 118 152 119 152 116 152 117 153 119 153 138 153 122 154 120 154 121 154 122 155 124 155 120 155 123 156 124 156 122 156 123 157 126 157 127 157 124 158 123 158 127 158 128 159 139 159 127 159 139 160 128 160 125 160 126 161 128 161 127 161 131 162 133 162 129 162 134 163 133 163 131 163 132 164 140 164 136 164 134 165 135 165 141 165 133 166 134 166 141 166 140 167 141 167 136 167 135 168 136 168 141 168 110 169 113 169 115 169 129 170 133 170 141 170 129 171 141 171 140 171 130 172 131 172 129 172 129 173 132 173 130 173 129 174 140 174 132 174 120 175 124 175 127 175 120 176 127 176 139 176 121 177 139 177 125 177 120 178 139 178 121 178 115 179 138 179 137 179 110 180 115 180 137 180 111 181 113 181 110 181 110 182 116 182 111 182 110 183 137 183 116 183 146 184 145 184 143 184 146 185 147 185 145 185 144 186 145 186 147 186 148 187 152 187 150 187 144 188 149 188 153 188 145 189 144 189 153 189 151 190 152 190 153 190 150 191 152 191 151 191 150 192 151 192 149 192 149 193 151 193 153 193 143 194 145 194 153 194 143 195 153 195 152 195 142 196 146 196 143 196 142 197 152 197 148 197 143 198 152 198 142 198 157 199 155 199 154 199 154 200 156 200 158 200 154 201 158 202 157 203 156 204 160 204 163 204 158 205 156 205 163 205 161 206 162 206 163 206 161 207 159 207 162 207 160 208 161 208 163 208 157 209 158 209 163 209 157 210 163 210 162 210 155 211 162 211 159 211 157 212 162 212 155 212 166 213 170 213 168 213 166 214 165 214 170 214 181 215 171 215 169 215 181 216 169 216 182 216 170 217 171 217 181 217 168 218 170 218 181 218 173 219 174 219 176 219 179 220 173 220 176 220 178 221 177 221 175 221 178 222 175 222 180 222 174 223 177 223 178 223 176 224 174 224 178 224 167 225 182 225 169 225 165 226 166 226 164 226 173 227 179 227 172 227 178 228 180 228 179 228 178 229 179 229 176 229 180 230 175 230 179 230 179 231 175 231 172 231 182 232 166 232 168 232 181 233 182 233 168 233 182 234 167 234 166 234 166 235 167 235 164 235 183 236 184 236 186 236 187 237 185 237 194 237 197 238 186 238 188 238 188 239 196 239 198 239 190 240 196 240 188 240 191 241 196 241 190 241 192 242 193 242 187 242 196 243 193 243 192 243 196 244 191 244 193 244 189 245 187 245 194 245 197 246 183 247 186 248 198 249 197 249 188 249 185 250 195 250 194 250 196 251 192 251 189 251 196 252 189 252 194 252 195 253 183 253 197 253 198 254 195 254 197 254 198 255 194 255 195 255 198 256 196 256 194 256 195 257 185 257 183 257 183 258 185 258 184 258 189 259 192 259 187 259 200 260 214 260 199 260 214 261 200 261 217 261 204 262 202 262 203 262 204 263 203 263 205 263 205 264 203 264 211 264 201 265 207 265 215 265 217 266 201 266 215 266 206 267 212 267 209 267 207 268 208 268 213 268 216 269 207 269 213 269 210 270 209 270 212 270 208 271 210 272 213 273 202 274 211 274 203 274 210 275 212 276 213 277 214 278 202 278 199 278 202 279 204 279 199 279 207 280 216 280 215 280 201 281 217 281 200 281 217 282 215 282 214 282 215 283 202 283 214 283 215 284 216 284 202 284 216 285 211 285 202 285 216 286 212 286 211 286 216 287 213 287 212 287 212 288 206 288 211 288 211 289 206 289 205 289 221 290 220 290 219 290 397 291 221 291 219 291 223 292 222 292 224 292 229 293 227 293 228 293 229 294 228 294 230 294 229 295 230 295 223 295 226 296 227 296 232 296 226 297 232 297 231 297 239 298 240 298 238 298 241 299 240 299 239 299 241 300 239 300 242 300 241 301 242 301 234 301 237 302 238 302 244 302 244 303 243 303 247 303 252 304 250 304 251 304 252 305 251 305 253 305 252 306 253 306 245 306 249 307 250 307 256 307 249 308 256 308 254 308 262 309 263 309 261 309 264 310 263 310 262 310 263 311 264 311 257 311 260 312 261 312 265 312 265 313 266 313 268 313 269 314 270 314 268 314 269 315 273 315 271 315 270 316 269 316 271 316 277 317 274 317 276 317 269 318 274 318 273 318 277 319 276 319 275 319 272 320 274 320 277 320 275 321 279 321 278 321 287 322 284 322 280 322 285 323 286 323 283 323 288 324 286 324 285 324 288 325 287 325 286 325 283 326 286 326 289 326 289 327 290 327 292 327 295 328 299 328 298 328 297 329 294 329 296 329 298 330 297 330 296 330 299 331 297 331 298 331 294 332 297 332 300 332 300 333 305 333 302 333 309 334 303 334 302 334 308 335 306 335 307 335 310 336 308 336 307 336 310 337 309 337 308 337 306 338 308 338 311 338 311 339 314 339 313 339 321 340 319 340 322 340 320 341 316 341 318 341 318 342 321 342 320 342 322 343 320 343 321 343 320 344 326 344 327 344 316 345 320 345 327 345 327 346 323 346 324 346 325 347 323 347 688 347 325 348 324 348 323 348 339 349 329 349 328 349 344 350 342 350 331 350 340 351 330 351 341 351 341 352 332 352 345 352 333 353 346 353 335 353 335 354 346 354 334 354 336 355 337 355 334 355 337 356 335 356 334 356 338 357 336 357 329 357 339 358 338 358 329 358 340 359 342 359 344 359 341 360 342 360 340 360 345 361 346 361 343 361 346 362 333 362 343 362 346 363 332 363 334 363 336 364 338 364 337 364 345 365 342 365 341 365 343 366 331 366 342 366 343 367 342 367 345 367 346 368 345 368 332 368 349 369 352 369 350 369 347 370 348 370 349 370 352 371 349 371 348 371 361 372 353 372 350 372 352 373 348 373 351 373 356 374 359 374 354 374 357 375 355 375 360 375 360 376 359 376 362 376 362 377 358 377 357 377 362 378 357 378 360 378 352 379 361 379 350 379 354 380 359 380 361 380 361 381 355 381 353 381 359 382 355 382 361 382 355 383 359 383 360 383 359 384 356 384 362 384 361 385 352 385 351 385 354 386 361 386 351 386 356 387 330 387 340 387 362 388 356 388 340 388 362 389 340 389 344 389 358 390 362 390 344 390 219 391 220 391 223 391 219 392 223 392 230 392 219 393 230 393 228 393 397 394 219 394 228 394 272 395 363 395 364 395 274 396 272 396 364 396 274 397 364 397 365 397 273 398 274 398 365 398 277 399 275 399 284 399 277 400 284 400 287 400 272 401 277 401 287 401 272 402 287 402 288 402 368 403 729 403 366 403 370 404 372 404 371 404 372 405 370 405 373 405 374 406 372 406 373 406 365 407 374 407 373 407 365 408 364 408 374 408 368 409 366 409 367 409 369 410 370 410 371 410 375 411 386 411 376 411 377 412 364 412 363 412 379 413 377 413 380 413 380 414 381 414 379 414 384 415 382 415 383 415 377 416 378 416 364 416 377 417 379 417 378 417 383 418 381 418 380 418 383 419 382 419 381 419 385 420 384 420 383 420 385 421 375 421 384 421 386 422 375 422 385 422 387 423 396 423 344 423 396 424 358 424 344 424 344 425 331 425 387 425 387 426 331 426 388 426 331 427 343 427 388 427 343 428 389 428 388 428 343 429 333 429 389 429 389 430 335 430 390 430 333 431 335 431 389 431 335 432 337 432 390 432 337 433 338 433 390 433 390 434 338 434 391 434 391 435 338 435 339 435 328 436 391 436 339 436 392 437 391 437 328 437 328 438 393 438 392 438 393 439 349 439 394 439 328 440 347 440 393 440 349 441 350 441 394 441 393 442 347 442 349 442 394 443 353 443 395 443 395 444 353 444 355 444 394 445 350 445 353 445 355 446 357 446 395 446 395 447 357 447 396 447 357 448 358 448 396 448 385 449 190 449 386 449 190 450 188 450 386 450 385 451 191 451 190 451 385 452 193 452 191 452 383 453 193 453 385 453 383 454 380 454 193 454 193 455 380 455 187 455 188 456 186 456 386 456 187 457 184 457 185 457 186 458 169 458 171 458 186 459 171 459 386 459 184 460 169 460 186 460 377 461 208 461 380 461 184 462 167 462 169 462 377 463 210 463 208 463 187 464 208 464 184 464 380 465 208 465 187 465 377 466 209 466 210 466 363 467 209 467 377 467 209 468 363 468 206 468 171 469 170 469 386 469 165 470 177 470 170 470 165 471 175 471 177 471 164 472 175 472 165 472 201 473 200 473 174 473 173 474 201 474 174 474 172 475 201 475 173 475 170 476 688 476 386 476 177 477 688 477 170 477 174 478 688 478 177 478 200 479 688 479 174 479 200 480 199 480 688 480 199 481 321 481 688 481 199 482 310 482 321 482 175 483 207 483 172 483 164 484 207 484 175 484 363 485 205 485 206 485 204 486 288 486 298 486 205 487 288 487 204 487 205 488 272 488 288 488 363 489 272 489 205 489 199 490 204 490 310 490 310 491 204 491 298 491 207 492 201 492 172 492 208 493 207 493 167 493 208 494 167 494 184 494 167 495 207 495 164 495 289 496 286 496 291 496 291 497 286 497 281 497 286 498 287 498 281 498 281 499 287 499 282 499 282 500 287 500 280 500 300 501 297 501 301 501 301 502 297 502 293 502 297 503 299 503 293 503 293 504 299 504 290 504 299 505 295 505 290 505 290 506 295 506 292 506 311 507 308 507 312 507 312 508 308 508 304 508 308 509 309 509 304 509 304 510 309 510 305 510 305 511 309 511 302 511 320 512 322 512 326 512 326 513 322 513 315 513 322 514 319 514 315 514 315 515 319 515 314 515 319 516 317 516 314 516 314 517 317 517 313 517 232 518 227 518 225 518 227 519 229 519 225 519 225 520 229 520 224 520 229 521 223 521 224 521 244 522 238 522 243 522 243 523 238 523 235 523 238 524 240 524 235 524 235 525 240 525 236 525 240 526 241 526 236 526 241 527 234 528 236 529 236 530 234 530 233 530 256 531 250 531 246 531 250 532 252 532 246 532 246 533 252 533 248 533 252 534 245 534 248 534 248 535 245 535 247 535 265 536 261 536 266 536 266 537 261 537 258 537 261 538 263 538 258 538 258 539 263 539 259 539 263 540 257 540 259 540 259 541 257 541 255 541 275 542 276 542 279 542 276 543 274 543 279 543 279 544 274 544 267 544 274 545 269 545 267 545 267 546 269 546 268 546 223 547 220 547 222 547 275 548 278 548 284 548 284 549 278 549 280 549 260 550 268 550 270 550 260 551 265 551 268 551 254 552 255 552 249 552 249 553 255 553 257 553 244 554 247 554 237 554 237 555 247 555 245 555 226 556 233 556 234 556 226 557 231 557 233 557 327 558 324 558 316 558 306 559 311 559 317 559 317 560 311 560 313 560 294 561 300 561 303 561 303 562 300 562 302 562 283 563 289 563 295 563 289 564 292 564 295 564 260 565 270 565 271 565 261 566 260 566 271 566 261 567 271 567 273 567 262 568 261 568 273 568 249 569 257 569 264 569 250 570 249 570 264 570 250 571 264 571 262 571 251 572 250 572 262 572 237 573 245 573 253 573 238 574 237 574 253 574 238 575 253 575 251 575 239 576 238 576 251 576 226 577 234 577 242 577 227 578 226 578 242 578 227 579 242 579 239 579 228 580 227 580 239 580 325 581 316 581 324 581 318 582 316 582 325 582 321 583 325 583 688 583 321 584 318 584 325 584 307 585 306 585 317 585 307 586 317 586 319 586 307 587 319 587 321 587 310 588 307 588 321 588 296 589 294 589 303 589 296 590 303 590 309 590 298 591 296 591 309 591 298 592 309 592 310 592 285 593 283 593 295 593 285 594 295 594 298 594 288 595 285 595 298 595 81 596 82 596 366 596 366 597 82 597 367 597 367 598 73 598 71 598 71 599 70 599 367 599 82 600 73 600 367 600 79 601 73 601 82 601 771 602 73 602 79 602 771 603 72 603 73 603 771 604 76 604 72 604 67 605 66 605 369 605 367 606 67 606 369 606 70 607 67 607 367 607 77 608 76 608 771 608 369 609 66 609 370 609 75 610 67 610 70 610 66 611 65 611 370 611 75 612 68 612 67 612 76 613 68 613 75 613 65 614 64 614 370 614 78 615 356 615 354 615 81 616 356 616 78 616 78 617 354 617 77 617 354 618 351 618 77 618 57 619 56 619 64 619 63 620 57 620 64 620 366 621 356 621 81 621 64 622 56 622 370 622 77 623 351 623 76 623 63 624 58 624 57 624 56 625 55 625 370 625 63 626 59 626 58 626 69 627 59 627 63 627 76 628 348 628 68 628 351 629 348 629 76 629 68 630 348 630 69 630 55 631 54 631 370 631 69 632 348 632 59 632 348 633 347 633 59 633 60 634 49 634 61 634 49 635 48 635 61 635 59 636 49 636 60 636 347 637 49 637 59 637 61 638 48 638 54 638 347 639 50 639 49 639 48 640 46 640 54 640 370 641 156 641 373 641 54 642 156 642 370 642 156 643 154 643 373 643 50 644 347 644 51 644 54 645 46 645 156 645 155 646 373 646 154 646 347 647 328 647 51 647 46 648 45 648 156 648 155 649 365 649 373 649 51 650 328 650 52 650 328 651 144 651 52 651 144 652 147 652 52 652 147 653 146 653 52 653 52 654 146 654 45 654 146 655 142 655 45 655 328 656 329 656 144 656 341 657 134 657 332 657 134 658 131 658 332 658 330 659 134 659 341 659 332 660 123 660 334 660 123 661 122 661 334 661 131 662 123 662 332 662 334 663 112 663 336 663 122 664 121 664 334 664 112 665 114 665 336 665 334 666 121 666 112 666 131 667 130 667 123 667 114 668 111 668 336 668 336 669 111 669 329 669 330 670 397 670 134 670 397 671 135 671 134 671 135 672 228 672 136 672 397 673 228 673 135 673 132 674 126 674 130 674 136 675 126 675 132 675 136 676 128 676 126 676 228 677 128 677 136 677 228 678 239 678 128 678 128 679 239 679 125 679 125 680 117 680 121 680 125 681 119 681 117 681 239 682 119 682 125 682 119 683 251 683 116 683 239 684 251 684 119 684 116 685 251 685 149 685 251 686 150 686 149 686 148 687 262 687 160 687 251 688 262 688 150 688 160 689 262 689 161 689 150 690 262 690 148 690 262 691 159 691 161 691 262 692 273 692 159 692 366 693 397 693 330 693 366 694 330 694 356 694 126 695 123 695 130 695 117 696 112 696 121 696 111 697 116 697 149 697 160 698 156 698 142 698 142 699 156 699 45 699 155 700 159 700 365 700 365 701 159 701 273 701 149 702 144 702 329 702 149 703 329 703 111 703 142 704 148 704 160 704 36 705 38 705 37 705 37 706 38 706 42 706 36 707 39 707 38 707 35 708 39 708 36 708 35 709 41 709 39 709 43 710 41 710 35 710 43 711 40 711 41 711 43 712 406 712 40 712 398 713 406 713 43 713 399 714 405 714 398 714 398 715 405 715 406 715 411 716 405 716 399 716 411 717 404 717 405 717 411 718 400 718 404 718 400 719 410 719 404 719 400 720 409 720 410 720 401 721 409 721 400 721 401 722 408 722 409 722 401 723 407 723 408 723 401 724 402 724 407 724 402 725 403 725 407 725 413 726 463 726 412 726 417 727 416 727 462 727 417 728 461 728 418 728 418 729 419 729 417 729 419 730 418 730 460 730 419 731 460 731 420 731 420 732 421 732 422 732 475 733 413 733 422 733 423 734 414 734 415 734 416 735 423 735 415 735 424 736 466 737 425 738 426 739 425 739 427 739 428 740 425 740 426 740 428 741 426 741 427 741 430 742 429 742 464 742 432 743 430 743 431 743 468 744 467 744 434 744 435 745 433 746 472 747 436 748 435 749 471 750 436 751 471 751 437 751 437 752 471 752 469 752 438 753 437 753 470 753 444 754 457 754 458 754 439 755 444 755 458 755 439 756 458 756 456 756 441 757 439 758 456 759 441 760 456 760 455 760 455 761 442 761 441 761 440 762 442 762 455 762 445 763 442 763 440 763 445 764 440 764 769 764 447 765 446 765 473 765 449 766 448 766 451 766 446 767 452 767 473 767 450 768 453 768 452 768 450 769 452 769 446 769 453 770 450 770 449 770 453 771 449 772 451 773 451 774 452 775 453 776 422 777 459 777 475 777 421 778 459 778 422 778 459 779 421 779 460 779 460 780 421 780 420 780 418 781 461 782 460 783 417 784 462 784 461 784 415 785 462 785 416 785 432 786 474 786 768 786 431 787 474 787 432 787 430 788 474 788 431 788 430 789 464 789 474 789 429 790 465 790 464 790 428 791 465 791 429 791 428 792 427 792 465 792 425 793 466 793 427 793 468 794 470 794 467 794 438 795 470 795 468 795 437 796 469 797 470 798 471 799 472 800 469 801 435 802 472 802 471 802 769 803 458 803 457 803 440 804 456 804 458 804 440 805 458 805 769 805 455 806 456 806 440 806 444 807 443 807 457 807 457 808 443 808 769 808 473 809 451 809 454 809 452 810 451 810 473 810 451 811 448 812 454 813 448 814 447 814 454 814 470 815 472 815 467 815 470 816 469 816 472 816 472 817 433 817 467 817 433 818 434 818 467 818 474 819 427 819 466 819 474 820 465 820 427 820 464 821 465 821 474 821 424 822 432 822 466 822 475 823 415 823 463 823 475 824 462 824 415 824 459 825 462 825 475 825 460 826 462 826 459 826 460 827 461 827 462 827 415 828 414 828 463 828 414 829 412 829 463 829 477 830 476 830 501 830 477 831 500 831 478 831 477 832 501 832 500 832 478 833 500 833 503 833 478 834 502 834 480 834 478 835 503 835 502 835 479 836 481 836 498 836 498 837 481 837 499 837 480 838 499 838 481 838 480 839 502 839 499 839 484 840 482 840 504 840 485 841 484 842 483 843 485 844 483 844 486 844 483 845 484 845 504 845 486 846 506 846 489 846 485 847 486 847 489 847 488 848 490 848 487 848 487 849 490 849 505 849 489 850 505 850 490 850 489 851 506 851 505 851 492 852 491 852 508 852 493 853 492 853 507 853 495 854 497 854 494 854 493 855 509 855 496 855 493 856 507 856 509 856 497 857 509 857 494 857 496 858 509 858 497 858 498 859 499 859 502 859 503 860 500 860 502 860 486 861 483 861 506 861 492 862 508 862 507 862 509 863 507 863 508 863 509 864 508 864 494 864 508 865 495 865 494 865 491 866 495 866 508 866 506 867 483 867 504 867 506 868 504 868 487 868 506 869 487 869 505 869 504 870 488 870 487 870 482 871 488 871 504 871 502 872 500 872 501 872 502 873 501 873 498 873 476 874 498 874 501 874 476 875 479 875 498 875 511 876 510 876 518 876 511 877 518 878 520 879 511 880 520 880 512 880 513 881 512 881 520 881 513 882 521 882 516 882 513 883 520 883 521 883 515 884 517 884 514 884 517 885 516 885 519 885 517 886 519 886 514 886 516 887 521 887 519 887 521 888 520 888 518 888 521 889 518 889 514 889 521 890 514 890 519 890 518 891 515 891 514 891 510 892 515 892 518 892 522 893 531 893 523 893 524 894 523 894 525 894 527 895 530 895 526 895 524 896 532 896 528 896 524 897 525 897 532 897 529 898 532 898 526 898 530 899 529 899 526 899 528 900 532 900 529 900 529 901 530 901 528 901 523 902 531 902 525 902 532 903 525 903 531 903 532 904 531 904 526 904 531 905 527 905 526 905 522 906 527 906 531 906 533 907 548 907 534 907 548 908 536 908 534 908 534 909 536 909 537 909 539 910 538 910 549 910 539 911 549 911 535 911 537 912 538 912 539 912 537 913 536 913 538 913 540 914 543 914 541 914 540 915 546 915 543 915 545 916 544 916 547 916 545 917 547 917 542 917 541 918 544 918 545 918 541 919 543 919 544 919 544 920 546 920 547 920 544 921 543 921 546 921 540 922 542 922 546 922 542 923 547 923 546 923 538 924 548 924 549 924 538 925 536 925 548 925 535 926 549 926 533 926 533 927 549 927 548 927 550 928 563 928 553 928 553 929 567 929 555 929 556 930 562 930 554 930 558 931 555 931 567 931 558 932 567 932 566 932 559 933 558 933 566 933 559 934 566 934 557 934 560 935 564 935 556 935 557 936 564 936 560 936 559 937 557 937 560 937 552 938 561 938 551 938 551 939 554 940 552 941 554 942 562 942 552 942 553 943 563 944 565 945 557 946 566 946 564 946 553 947 565 947 567 947 552 948 562 948 564 948 566 949 552 949 564 949 561 950 565 950 563 950 567 951 565 951 561 951 567 952 552 952 566 952 567 953 561 953 552 953 551 954 561 954 550 954 550 955 561 955 563 955 556 956 564 956 562 956 568 957 570 957 571 957 568 958 584 958 570 958 574 959 573 959 581 959 572 960 571 960 570 960 572 961 585 961 575 961 579 962 578 962 583 962 579 963 580 963 577 963 578 964 579 964 577 964 573 965 582 965 581 965 583 966 580 966 579 966 569 967 574 967 584 967 574 968 581 968 584 968 569 969 584 969 568 969 578 970 575 970 583 970 575 971 586 971 583 971 585 972 586 972 575 972 572 973 570 973 585 973 582 974 586 974 581 974 586 975 585 975 581 975 585 976 584 976 581 976 585 977 570 977 584 977 582 978 580 978 586 978 583 979 586 979 580 979 576 980 580 980 573 980 573 981 580 981 582 981 576 982 577 982 580 982 221 983 591 983 218 983 588 984 587 984 591 984 221 985 588 985 591 985 397 986 588 986 221 986 590 987 589 987 591 987 591 988 587 988 590 988 591 989 589 989 592 989 591 990 592 990 593 990 598 991 599 991 592 991 597 992 595 992 596 992 599 993 597 993 596 993 599 994 600 994 597 994 600 995 599 995 598 995 602 996 601 996 603 996 610 997 604 997 603 997 609 998 610 998 603 998 607 999 608 999 606 999 607 1000 611 1000 608 1000 609 1001 607 1001 610 1001 611 1002 607 1002 609 1002 621 1003 615 1003 614 1003 619 1004 621 1004 614 1004 618 1005 620 1005 617 1005 620 1006 618 1006 621 1006 621 1007 622 1007 620 1007 619 1008 622 1008 621 1008 623 1009 625 1009 626 1009 632 1010 626 1010 625 1010 631 1011 632 1011 625 1011 630 1012 628 1012 629 1012 630 1013 629 1013 632 1013 633 1014 630 1014 632 1014 631 1015 633 1015 632 1015 627 1016 634 1016 635 1016 638 1017 636 1017 637 1017 640 1018 643 1019 639 1020 638 1021 640 1021 639 1021 646 1022 641 1022 642 1022 642 1023 641 1023 639 1023 639 1024 643 1024 642 1024 645 1025 644 1025 641 1025 646 1026 645 1026 641 1026 644 1027 645 1027 647 1027 644 1028 647 1028 648 1028 651 1029 654 1029 649 1029 651 1030 649 1030 650 1030 654 1031 655 1031 656 1031 652 1032 655 1032 653 1032 656 1033 655 1033 652 1033 652 1034 653 1034 657 1034 652 1035 657 1035 658 1035 663 1036 664 1036 659 1036 664 1037 666 1037 665 1037 661 1038 666 1038 662 1038 666 1039 661 1039 665 1039 661 1040 662 1040 667 1040 672 1041 675 1041 669 1041 673 1042 675 1042 674 1042 670 1043 676 1043 671 1043 673 1044 676 1044 670 1044 674 1045 676 1045 673 1045 670 1046 671 1046 677 1046 677 1047 679 1047 680 1047 678 1048 677 1048 680 1048 682 1049 685 1049 679 1049 692 1050 681 1050 683 1050 686 1051 684 1051 683 1051 681 1052 686 1052 683 1052 681 1053 685 1053 686 1053 691 1054 688 1054 323 1054 687 1055 689 1055 691 1055 691 1056 689 1056 690 1056 687 1057 694 1057 693 1057 693 1058 689 1058 687 1058 694 1059 692 1059 693 1059 268 1060 266 1060 267 1060 266 1061 258 1061 267 1061 267 1062 258 1062 636 1062 258 1063 635 1063 636 1063 635 1064 634 1064 636 1064 636 1065 634 1065 637 1065 255 1066 254 1066 259 1066 254 1067 256 1067 259 1067 259 1068 256 1068 258 1068 256 1069 246 1069 258 1069 246 1070 624 1070 258 1070 258 1071 624 1071 626 1071 624 1072 623 1072 626 1072 247 1073 243 1073 248 1073 243 1074 235 1074 248 1074 248 1075 235 1075 246 1075 235 1076 613 1076 246 1076 246 1077 613 1077 615 1077 613 1078 612 1078 615 1078 615 1079 612 1079 614 1079 233 1080 231 1080 236 1080 231 1081 232 1081 236 1081 232 1082 225 1082 236 1082 236 1083 225 1083 235 1083 235 1084 225 1084 604 1084 225 1085 602 1085 604 1085 604 1086 602 1086 603 1086 220 1087 221 1087 222 1087 222 1088 221 1088 224 1088 221 1089 218 1089 224 1089 224 1090 218 1090 225 1090 225 1091 218 1091 593 1091 218 1092 591 1092 593 1092 327 1093 326 1093 323 1093 323 1094 326 1094 691 1094 326 1095 315 1095 691 1095 691 1096 315 1096 687 1096 315 1097 694 1097 687 1097 311 1098 312 1098 314 1098 314 1099 312 1099 315 1099 312 1100 304 1100 315 1100 315 1101 304 1101 680 1101 304 1102 678 1102 680 1102 300 1103 301 1103 305 1103 301 1104 293 1104 305 1104 305 1105 293 1105 304 1105 293 1106 668 1106 304 1106 304 1107 668 1107 669 1107 668 1108 667 1108 669 1108 289 1109 291 1109 290 1109 290 1110 291 1110 293 1110 291 1111 281 1111 293 1111 293 1112 281 1112 660 1112 281 1113 658 1113 660 1113 658 1114 657 1114 660 1114 660 1115 657 1115 659 1115 278 1116 279 1116 280 1116 280 1117 279 1117 282 1117 282 1118 279 1118 281 1118 279 1119 267 1119 281 1119 267 1120 648 1120 281 1120 281 1121 648 1121 649 1121 648 1122 647 1122 649 1122 649 1123 647 1123 650 1123 698 1124 704 1124 709 1124 702 1125 712 1125 697 1125 709 1126 704 1126 708 1126 703 1127 705 1127 706 1127 706 1128 705 1128 699 1128 707 1129 706 1129 710 1129 706 1130 699 1130 710 1130 710 1131 711 1131 707 1131 700 1132 701 1132 711 1132 709 1133 712 1133 702 1133 709 1134 708 1134 712 1134 709 1135 703 1135 706 1135 707 1136 698 1136 706 1136 710 1137 699 1137 711 1137 699 1138 700 1138 711 1138 703 1139 709 1139 702 1139 706 1140 698 1140 709 1140 727 1141 719 1141 720 1141 716 1142 714 1142 713 1142 715 1143 717 1143 723 1143 725 1144 726 1144 724 1144 727 1145 720 1145 721 1145 726 1146 727 1146 728 1146 722 1147 726 1147 728 1147 723 1148 714 1148 716 1148 723 1149 716 1149 715 1149 725 1150 723 1150 717 1150 721 1151 728 1151 727 1151 714 1152 723 1152 718 1152 719 1153 725 1153 717 1153 725 1154 718 1154 723 1154 726 1155 725 1155 719 1155 724 1156 718 1156 725 1156 727 1157 726 1157 719 1157 722 1158 724 1158 726 1158 728 1159 697 1159 712 1159 728 1160 721 1160 697 1160 728 1161 712 1161 708 1161 722 1162 708 1162 704 1162 722 1163 728 1163 708 1163 587 1164 597 1164 600 1164 590 1165 587 1165 600 1165 589 1166 590 1166 600 1166 598 1167 589 1167 600 1167 397 1168 366 1168 729 1168 588 1169 397 1169 729 1169 588 1170 729 1170 730 1170 587 1171 588 1171 730 1171 643 1172 733 1172 732 1172 642 1173 643 1173 732 1173 642 1174 732 1174 731 1174 646 1175 642 1175 731 1175 646 1176 655 1176 654 1176 646 1177 654 1177 651 1177 645 1178 646 1178 651 1178 743 1179 732 1179 733 1179 735 1180 730 1180 729 1180 737 1181 736 1181 735 1181 739 1182 736 1182 738 1182 743 1183 741 1183 742 1183 733 1184 741 1184 743 1184 735 1185 734 1185 730 1185 736 1186 734 1186 735 1186 736 1187 737 1187 738 1187 739 1188 738 1188 740 1188 741 1189 739 1189 740 1189 744 1190 731 1190 732 1190 747 1191 746 1191 744 1191 749 1192 746 1192 747 1192 749 1193 750 1193 752 1193 753 1194 752 1194 745 1194 754 1195 376 1195 753 1195 744 1196 746 1196 731 1196 749 1197 747 1197 748 1197 749 1198 748 1198 750 1198 752 1199 750 1199 751 1199 745 1200 752 1200 751 1200 753 1201 745 1201 754 1201 691 1202 690 1202 753 1202 691 1203 753 1203 376 1203 691 1204 376 1204 386 1204 688 1205 691 1205 386 1205 721 1206 396 1206 697 1206 697 1207 396 1207 387 1207 701 1208 390 1208 391 1208 699 1209 389 1209 390 1209 696 1210 701 1210 391 1210 389 1211 705 1211 388 1211 701 1212 700 1212 390 1212 700 1213 699 1213 390 1213 699 1214 705 1214 389 1214 705 1215 703 1215 388 1215 703 1216 702 1216 388 1216 702 1217 387 1217 388 1217 702 1218 697 1218 387 1218 392 1219 696 1219 391 1219 695 1220 696 1220 392 1220 721 1221 720 1221 396 1221 396 1222 720 1222 395 1222 720 1223 719 1223 395 1223 719 1224 394 1224 395 1224 719 1225 717 1225 394 1225 717 1226 715 1226 394 1226 394 1227 715 1227 393 1227 715 1228 716 1228 393 1228 716 1229 713 1229 393 1229 713 1230 392 1230 393 1230 713 1231 695 1231 392 1231 646 1232 573 1232 574 1232 646 1233 574 1233 655 1233 574 1234 666 1234 655 1234 674 1235 569 1235 686 1235 569 1236 690 1236 686 1236 568 1237 690 1237 569 1237 568 1238 571 1238 690 1238 540 1239 541 1239 572 1239 572 1240 541 1240 571 1240 571 1241 541 1241 690 1241 575 1242 542 1242 540 1242 542 1243 533 1243 534 1243 575 1244 533 1244 542 1244 542 1245 534 1245 545 1245 534 1246 537 1246 545 1246 646 1247 731 1247 573 1247 731 1248 576 1248 573 1248 731 1249 577 1249 576 1249 577 1250 746 1250 578 1250 731 1251 746 1251 577 1251 550 1252 553 1252 535 1252 535 1253 553 1253 539 1253 746 1254 749 1254 578 1254 578 1255 554 1255 550 1255 749 1256 554 1256 578 1256 749 1257 556 1257 554 1257 554 1258 551 1258 550 1258 749 1259 752 1259 556 1259 556 1260 752 1260 560 1260 560 1261 753 1261 559 1261 752 1262 753 1262 560 1262 559 1263 753 1263 558 1263 558 1264 753 1264 555 1264 555 1265 753 1265 553 1265 753 1266 690 1266 539 1266 753 1267 539 1267 553 1267 539 1268 690 1268 537 1268 537 1269 690 1269 545 1269 545 1270 690 1270 541 1270 575 1271 578 1271 533 1271 533 1272 578 1272 535 1272 535 1273 578 1273 550 1273 572 1274 575 1274 540 1274 574 1275 569 1275 666 1275 666 1276 569 1276 674 1276 649 1277 654 1277 281 1277 654 1278 656 1278 281 1278 281 1279 656 1279 658 1279 656 1280 652 1280 658 1280 659 1281 664 1281 660 1281 660 1282 664 1282 293 1282 664 1283 665 1283 293 1283 293 1284 665 1284 668 1284 665 1285 661 1285 668 1285 668 1286 661 1286 667 1286 669 1287 675 1287 304 1287 675 1288 673 1288 304 1288 304 1289 673 1289 678 1289 673 1290 670 1290 678 1290 678 1291 670 1291 677 1291 679 1292 685 1292 680 1292 685 1293 681 1293 680 1293 680 1294 681 1294 315 1294 315 1295 681 1295 694 1295 694 1296 681 1296 692 1296 592 1297 599 1297 593 1297 593 1298 599 1298 225 1298 599 1299 596 1299 225 1299 596 1300 595 1300 225 1300 225 1301 595 1301 602 1301 595 1302 594 1302 602 1302 602 1303 594 1303 601 1303 610 1304 607 1304 604 1304 604 1305 607 1305 235 1305 607 1306 606 1306 235 1306 235 1307 606 1307 613 1307 606 1308 605 1308 613 1308 613 1309 605 1309 612 1309 621 1310 618 1310 615 1310 615 1311 618 1311 246 1311 618 1312 617 1312 246 1312 246 1313 617 1313 624 1313 624 1314 617 1314 623 1314 617 1315 616 1315 623 1315 626 1316 632 1316 258 1316 632 1317 629 1317 258 1317 258 1318 629 1318 635 1318 629 1319 628 1319 635 1319 628 1320 627 1320 635 1320 638 1321 639 1321 636 1321 639 1322 641 1322 636 1322 636 1323 641 1323 267 1323 267 1324 641 1324 648 1324 641 1325 644 1325 648 1325 589 1326 598 1326 592 1326 647 1327 651 1327 650 1327 647 1328 645 1328 651 1328 634 1329 627 1329 637 1329 627 1330 638 1330 637 1330 623 1331 616 1331 625 1331 616 1332 631 1332 625 1332 612 1333 605 1333 614 1333 605 1334 619 1334 614 1334 601 1335 594 1335 603 1335 594 1336 609 1336 603 1336 692 1337 683 1337 693 1337 677 1338 682 1338 679 1338 677 1339 671 1339 682 1339 667 1340 672 1340 669 1340 667 1341 662 1341 672 1341 657 1342 663 1342 659 1342 657 1343 653 1343 663 1343 630 1344 643 1344 640 1344 628 1345 630 1345 640 1345 627 1346 628 1346 640 1346 627 1347 640 1347 638 1347 617 1348 620 1348 630 1348 617 1349 630 1349 633 1349 616 1350 617 1350 633 1350 616 1351 633 1351 631 1351 606 1352 608 1352 620 1352 606 1353 620 1353 622 1353 605 1354 606 1354 622 1354 605 1355 622 1355 619 1355 595 1356 597 1356 608 1356 595 1357 608 1357 611 1357 594 1358 595 1358 611 1358 594 1359 611 1359 609 1359 686 1360 690 1360 689 1360 684 1361 686 1361 689 1361 684 1362 689 1362 693 1362 683 1363 684 1363 693 1363 674 1364 686 1364 685 1364 676 1365 674 1365 685 1365 676 1366 685 1366 682 1366 671 1367 676 1367 682 1367 666 1368 674 1368 675 1368 666 1369 675 1369 672 1369 662 1370 666 1370 672 1370 655 1371 666 1371 664 1371 655 1372 664 1372 663 1372 653 1373 655 1373 663 1373 587 1374 496 1374 597 1374 496 1375 497 1375 597 1375 497 1376 495 1376 597 1376 495 1377 489 1377 597 1377 489 1378 608 1378 597 1378 489 1379 490 1379 608 1379 587 1380 493 1380 496 1380 490 1381 488 1381 608 1381 495 1382 491 1382 489 1382 488 1383 480 1383 608 1383 481 1384 620 1384 480 1384 479 1385 620 1385 481 1385 480 1386 620 1386 608 1386 492 1387 485 1387 491 1387 516 1388 517 1388 620 1388 479 1389 516 1389 620 1389 488 1390 482 1390 480 1390 517 1391 630 1391 620 1391 515 1392 630 1392 517 1392 704 1393 698 1393 493 1393 493 1394 698 1394 492 1394 587 1395 704 1395 493 1395 492 1396 698 1396 485 1396 515 1397 528 1397 630 1397 528 1398 530 1398 630 1398 698 1399 707 1399 485 1399 707 1400 711 1400 485 1400 485 1401 711 1401 484 1401 527 1402 643 1402 530 1402 530 1403 643 1403 630 1403 484 1404 478 1404 482 1404 711 1405 478 1405 484 1405 478 1406 711 1406 477 1406 711 1407 701 1407 477 1407 477 1408 701 1408 476 1408 701 1409 696 1409 476 1409 724 1410 450 1410 446 1410 722 1411 450 1411 724 1411 446 1412 447 1412 724 1412 724 1413 447 1413 718 1413 722 1414 730 1414 450 1414 450 1415 730 1415 449 1415 730 1416 734 1416 449 1416 442 1417 445 1417 448 1417 449 1418 442 1418 448 1418 734 1419 442 1419 449 1419 734 1420 441 1420 442 1420 448 1421 445 1421 447 1421 447 1422 445 1422 718 1422 718 1423 445 1423 714 1423 445 1424 443 1424 714 1424 441 1425 734 1425 439 1425 695 1426 513 1426 696 1426 695 1427 512 1427 513 1427 439 1428 734 1428 444 1428 443 1429 437 1429 438 1429 443 1430 438 1430 714 1430 444 1431 436 1431 443 1431 443 1432 436 1432 437 1432 713 1433 419 1433 420 1433 713 1434 420 1434 695 1434 714 1435 419 1435 713 1435 734 1436 436 1436 444 1436 420 1437 422 1437 695 1437 695 1438 422 1438 512 1438 436 1439 736 1439 435 1439 734 1440 736 1440 436 1440 438 1441 430 1441 714 1441 468 1442 430 1442 438 1442 714 1443 430 1443 419 1443 468 1444 429 1444 430 1444 430 1445 432 1445 419 1445 419 1446 432 1446 417 1446 434 1447 429 1447 468 1447 512 1448 422 1448 511 1448 422 1449 413 1449 511 1449 736 1450 739 1450 435 1450 434 1451 428 1451 429 1451 417 1452 432 1452 416 1452 413 1453 412 1453 511 1453 511 1454 412 1454 510 1454 432 1455 424 1455 416 1455 435 1456 739 1456 433 1456 433 1457 739 1457 434 1457 434 1458 739 1458 428 1458 428 1459 739 1459 425 1459 423 1460 524 1460 414 1460 416 1461 524 1461 423 1461 424 1462 524 1462 416 1462 425 1463 524 1463 424 1463 425 1464 739 1464 524 1464 739 1465 741 1465 524 1465 524 1466 741 1466 523 1466 523 1467 733 1467 522 1467 741 1468 733 1468 523 1468 587 1469 730 1469 704 1469 704 1470 730 1470 722 1470 485 1471 489 1471 491 1471 478 1472 480 1472 482 1472 479 1473 476 1473 516 1473 524 1474 528 1474 515 1474 524 1475 515 1475 510 1475 524 1476 510 1476 414 1476 414 1477 510 1477 412 1477 527 1478 522 1478 643 1478 643 1479 522 1479 733 1479 513 1480 516 1480 696 1480 696 1481 516 1481 476 1481 755 1482 735 1482 368 1482 735 1483 729 1483 368 1483 410 1484 737 1484 404 1484 410 1485 738 1485 737 1485 409 1486 738 1486 410 1486 409 1487 740 1487 738 1487 408 1488 740 1488 409 1488 407 1489 740 1489 408 1489 407 1490 741 1490 740 1490 407 1491 403 1491 741 1491 403 1492 742 1492 741 1492 744 1493 732 1493 743 1493 29 1494 757 1494 30 1494 399 1495 757 1495 411 1495 29 1496 758 1496 757 1496 411 1497 759 1497 400 1497 757 1498 759 1498 411 1498 758 1499 759 1499 757 1499 28 1500 758 1500 29 1500 404 1501 737 1501 405 1501 405 1502 737 1502 755 1502 755 1503 737 1503 735 1503 400 1504 759 1504 401 1504 760 1505 758 1505 28 1505 758 1506 761 1506 759 1506 401 1507 761 1507 402 1507 759 1508 761 1508 401 1508 760 1509 762 1509 758 1509 762 1510 761 1510 758 1510 763 1511 762 1511 760 1511 761 1512 764 1512 402 1512 747 1513 764 1513 748 1513 748 1514 764 1514 761 1514 744 1515 764 1515 747 1515 764 1516 742 1516 402 1516 744 1517 742 1517 764 1517 402 1518 742 1519 403 1520 761 1521 762 1521 748 1521 748 1522 762 1522 750 1522 743 1523 742 1523 744 1523 763 1524 765 1524 762 1524 762 1525 765 1525 750 1525 766 1526 765 1526 763 1526 750 1527 765 1527 751 1527 751 1528 765 1528 745 1528 772 1529 756 1529 766 1529 766 1530 756 1530 765 1530 767 1531 765 1531 756 1531 765 1532 767 1532 745 1532 745 1533 767 1533 754 1533 768 1534 474 1534 466 1534 432 1535 768 1535 466 1535 475 1536 463 1536 413 1536 447 1537 473 1537 454 1537 443 1538 445 1538 769 1538 63 1539 106 1539 101 1539 53 1540 62 1540 61 1540 109 1541 89 1541 44 1541 771 1542 770 1542 77 1542 64 1543 106 1543 63 1543 18 1544 34 1544 772 1544 20 1545 18 1545 772 1545 20 1546 772 1546 766 1546 23 1547 20 1547 766 1547 23 1548 766 1548 763 1548 23 1549 763 1549 760 1549 26 1550 23 1550 760 1550 26 1551 760 1551 28 1551 24 1552 26 1552 28 1552 27 1553 9 1553 10 1553 25 1554 10 1554 14 1554 25 1555 27 1555 10 1555 25 1556 14 1556 13 1556 22 1557 25 1557 13 1557 22 1558 13 1558 12 1558 19 1559 22 1559 12 1559 19 1560 12 1560 11 1560 0 1561 19 1561 11 1561 0 1562 11 1562 1 1562 754 1563 375 1563 376 1563 42 1564 372 1564 374 1564 38 1565 372 1565 42 1565 374 1566 364 1566 378 1566 38 1567 371 1567 372 1567 39 1568 371 1568 38 1568 41 1569 371 1569 39 1569 41 1570 369 1570 371 1570 40 1571 369 1571 41 1571 406 1572 369 1572 40 1572 367 1573 755 1573 368 1573 756 1574 773 1574 767 1574 772 1575 773 1575 756 1575 375 1576 767 1576 384 1576 754 1577 767 1577 375 1577 767 1578 773 1578 384 1578 34 1579 773 1579 772 1579 384 1580 773 1580 382 1580 34 1581 774 1581 773 1581 382 1582 774 1582 381 1582 773 1583 774 1583 382 1583 33 1584 774 1584 34 1584 774 1585 775 1585 381 1585 33 1586 776 1586 774 1586 32 1587 776 1587 33 1587 774 1588 776 1588 775 1588 32 1589 777 1589 776 1589 37 1590 776 1590 36 1590 776 1591 778 1591 775 1591 37 1592 778 1592 776 1592 381 1593 778 1593 379 1593 775 1594 778 1594 381 1594 776 1595 777 1595 36 1595 42 1596 778 1597 37 1598 36 1599 777 1599 35 1599 31 1600 777 1600 32 1600 379 1601 778 1601 378 1601 378 1602 778 1602 374 1602 374 1603 778 1603 42 1603 777 1604 779 1604 35 1604 31 1605 779 1605 777 1605 35 1606 779 1606 43 1606 43 1607 779 1607 398 1607 30 1608 779 1608 31 1608 757 1609 779 1609 30 1609 399 1610 779 1610 757 1610 398 1611 779 1611 399 1611 406 1612 755 1612 369 1612 369 1613 755 1613 367 1613 405 1614 755 1614 406 1614</p>
        </triangles>
      </mesh>
    </geometry>
    <geometry id="Part__Feature-mesh" name="Part__Feature">
      <mesh>
        <source id="Part__Feature-mesh-positions">
          <float_array id="Part__Feature-mesh-positions-array" count="609">-0.009116888 0.307 0.02333217 -0.005011618 0.307 0.02669697 -0.01312333 0.307 0.01776552 8.23665e-4 0.307 0.02946847 -0.01503658 0.307 0.01197338 0.007603228 0.307 0.03038036 -0.0155251 0.307 0.006285727 0.01438575 0.307 0.02936154 -0.01431602 0.307 1.24651e-4 0.01986801 0.307 0.02668696 -0.0119394 0.307 -0.004875063 0.02373987 0.307 0.02357816 -0.008582174 0.307 -0.008986592 -0.003902196 0.307 -0.01255416 0.0279141 0.307 0.01793223 0.003050684 0.307 -0.01515394 0.03024876 0.307 0.0102908 0.01103949 0.307 -0.0152902 0.03010976 0.307 0.004013121 0.02839225 0.307 -0.002026379 0.01685911 0.307 -0.0134626 0.02509915 0.307 -0.007182002 0.02129322 0.307 -0.01086866 0.006681084 0.29075 -0.01553183 6.69041e-4 0.29075 -0.01449143 -0.003528356 0.29075 -0.012694 -0.008349239 0.29075 -0.00930953 -0.01252871 0.29075 -0.003894209 -0.01498776 0.29075 0.002314329 -0.0154618 0.29075 0.009147047 -0.0144298 0.29075 0.01434427 -0.01235693 0.29075 0.01905471 -0.009265542 0.29075 0.0231449 -0.005492329 0.29075 0.02638715 1.11019e-4 0.29075 0.02921968 0.005879461 0.29075 0.03030711 -0.01185953 0.29075 0.02693206 -0.007613062 0.29075 0.03036785 -0.01492357 0.29075 0.02329289 -0.01736575 0.29075 0.01915812 -0.001523852 0.29075 0.03341859 -0.01900023 0.29075 0.01469063 -0.01988106 0.29075 0.00996983 0.004532098 0.29075 0.03468811 0.009288072 0.29075 0.0347988 -0.0198425 0.29075 0.004507482 0.01198798 0.29075 0.02997124 0.01532745 0.29075 0.03372728 -0.0189076 0.29075 -1.57007e-4 -0.01719766 0.29075 -0.004644274 0.01841098 0.29075 0.02759313 0.02039015 0.29075 0.03158521 -0.01348751 0.29075 -0.01039898 0.02438205 0.29075 0.02899748 0.02226805 0.29075 0.02489054 0.02536839 0.29075 0.02173566 0.0278697 0.29075 0.02569645 -0.00842303 0.29075 -0.01495271 0.03073579 0.29075 0.02189952 0.02878051 0.29075 0.01600515 -0.003043591 0.29075 -0.01794743 0.03288412 0.29075 0.01760452 0.03427875 0.29075 0.01305651 0.002859055 0.29075 -0.01961499 0.03032469 0.29075 0.009146988 0.03488302 0.29075 0.006952464 0.007602453 0.29075 -0.01997846 0.03009796 0.29075 0.004014909 0.01403927 0.29075 -0.01460552 0.01375484 0.29075 -0.01931822 0.03406059 0.29075 8.50674e-4 0.02880191 0.29075 -9.55924e-4 0.03195661 0.29075 -0.004910886 0.02011758 0.29075 -0.01688891 0.02541023 0.29075 -0.006906151 0.02468496 0.29075 -0.013893 0.02036374 0.29075 -0.01153689 0.0285682 0.29075 -0.01005154 0.004696726 0.28275 -0.01989722 -0.00130254 0.28275 -0.01856392 -0.00688976 0.28275 -0.01600438 -0.01185953 0.28275 -0.01206916 -0.01492351 0.28275 -0.008430004 -0.01736575 0.28275 -0.004295229 -0.01938086 0.28275 0.0015226 -0.01999807 0.28275 0.007625162 -0.01928937 0.28275 0.01374113 -0.0169928 0.28275 0.01995301 -0.01272618 0.28275 0.02613508 -0.007287621 0.28275 0.03057807 -0.001121044 0.28275 0.03355389 0.005574822 0.28275 0.0347988 -0.01152437 0.28275 0.02441436 -0.00778377 0.28275 0.02778106 -0.01543879 0.28275 0.01866388 -0.00360763 0.28275 0.03035455 0.002386808 0.28275 0.03238624 -0.0177741 0.28275 0.01123058 0.009970664 0.28275 0.03280681 0.0110343 0.28275 0.03462404 -0.01765906 0.28275 0.002803087 0.01567393 0.28275 0.03357321 0.01732087 0.28275 0.03089183 -0.01465404 0.28275 -0.005319535 0.02011746 0.28275 0.03175187 0.0239849 0.28275 0.02684634 0.02468496 0.28275 0.02875596 -0.00988543 0.28275 -0.01123172 0.02889031 0.28275 0.02454429 0.02880394 0.28275 0.02123522 -0.005278944 0.28275 -0.0145837 0.03215193 0.28275 0.01933622 0.03108859 0.28275 0.01671606 -2.52168e-4 0.28275 -0.01683181 0.03386318 0.28275 0.01469051 0.03248757 0.28275 0.01184946 0.03480166 0.28275 0.009482443 0.007230341 0.28275 -0.0180816 0.03283536 0.28275 0.006343364 0.01152229 0.28275 -0.01970887 0.03463453 0.28275 0.004022538 0.03220814 0.28275 0.001776397 0.0159685 0.28275 -0.01661175 0.0335853 0.28275 -8.3863e-4 0.01664543 0.28275 -0.01838392 0.03055101 0.28275 -0.003209531 0.03110533 0.28275 -0.006474018 0.02097833 0.28275 -0.01642012 0.02367687 0.28275 -0.01224189 0.02796882 0.28275 -0.007529258 0.02647113 0.28275 -0.01239323 0.007272899 0.28875 0.03283977 0.01228743 0.28875 0.03241473 0.01887983 0.28875 0.03019434 0.02460223 0.28875 0.02621734 0.02906972 0.28875 0.02088516 0.03146624 0.28875 0.01567393 0.03266036 0.28875 0.01078504 0.03277426 0.28875 0.005532264 0.03192317 0.28875 5.40501e-4 0.03011387 0.28875 -0.004019081 0.02744793 0.28875 -0.008287429 0.02295029 0.28875 -0.01274055 0.01805281 0.28875 -0.01567107 0.01266098 0.28875 -0.01747632 0.007589876 0.28875 -0.01797688 -0.006418228 0.28875 0.02312505 -0.01097285 0.28875 0.02510166 -0.01019805 0.28875 0.01881772 -0.004197418 0.28875 0.03011459 -0.01560968 0.28875 0.01830893 -0.002130806 0.28875 0.02608335 -0.01268732 0.28875 0.01325488 0.004300594 0.28875 0.02820348 0.002390146 0.28875 0.03236967 -0.01775383 0.28875 0.01122754 -0.01356196 0.28875 0.007073462 -0.0177741 0.28875 0.003632247 0.01055204 0.28875 0.02813553 -0.01232725 0.28875 4.12399e-4 0.01654583 0.28875 0.02635782 -0.01575964 0.28875 -0.003032803 -0.009380519 0.28875 -0.005099713 -0.01247364 0.28875 -0.008442342 0.022188 0.28875 0.02232837 -0.007783532 0.28875 -0.01297068 -0.004401981 0.28875 -0.009925067 0.02564793 0.28875 0.01776766 -0.002862513 0.28875 -0.01581883 0.001259863 0.28875 -0.01257622 0.02789211 0.28875 0.01210141 0.002575397 0.28875 -0.01755177 0.00674659 0.28875 -0.01352578 0.02831119 0.28875 0.005504965 0.013462 0.28875 -0.01268035 0.02676135 0.28875 -7.16767e-4 0.01923406 0.28875 -0.009879767 0.02348792 0.28875 -0.006041467 0.009516179 0.305 0.02826535 0.01359611 0.305 0.02741646 0.01883459 0.305 0.02508687 0.02381223 0.305 0.02049475 0.02627968 0.305 0.01650828 0.02767258 0.305 0.01273804 0.02839922 0.305 0.007593512 0.02774554 0.305 0.002411305 0.02592331 0.305 -0.002454042 0.02277487 0.305 -0.006805121 0.01952612 0.305 -0.009644329 0.01508909 0.305 -0.01207983 0.00967276 0.305 -0.01339292 -0.006191134 0.305 0.02340883 -0.009940564 0.305 0.01909655 -2.32327e-4 0.305 0.02695846 -0.01190751 0.305 0.01542311 -0.01322162 0.305 0.0109139 0.004976212 0.305 0.02821207 -0.01341599 0.305 0.005182445 -0.01222687 0.305 2.76384e-4 -0.01024717 0.305 -0.003799915 -0.006819367 0.305 -0.007927298 0.00430876 0.305 -0.01328635 -0.001674413 0.305 -0.01147699</float_array>
          <technique_common>
            <accessor source="#Part__Feature-mesh-positions-array" count="203" stride="3">
              <param name="X" type="float"/>
              <param name="Y" type="float"/>
              <param name="Z" type="float"/>
            </accessor>
          </technique_common>
        </source>
        <source id="Part__Feature-mesh-normals">
          <float_array id="Part__Feature-mesh-normals-array" count="915">0 1 0 0 1 -2.99348e-6 0 1 9.08958e-7 0 1 -3.60223e-6 0 1 -3.25269e-6 -1.89267e-6 0.9999999 4.7938e-4 1.36404e-5 0.9999999 4.79189e-4 -1.68789e-6 0.9999999 4.79381e-4 0 1 3.31976e-5 0 1 -2.71269e-6 0 1 3.68464e-5 1.13892e-5 1 3.10494e-4 3.95774e-5 1 3.08351e-4 1.38683e-6 1 3.1068e-4 0 1 -1.06551e-6 0 1 -3.33011e-5 0 1 2.09993e-6 0 1 1.03117e-6 -0.01704877 0.0194385 -0.9996657 -0.1705018 -0.01517987 -0.9852405 -0.3936491 -0.001145243 -0.9192601 -0.3502023 0.01314151 -0.9365819 -0.574572 -0.006174445 -0.8184309 -0.6062264 0.007114887 -0.7952603 -0.7745811 0.001466512 -0.6324729 -0.7916187 -0.008167624 -0.6109609 -0.9031319 0.006841063 -0.4293088 -0.9296758 -0.01118916 -0.368209 -0.98118 0.01461154 -0.192542 -0.9974732 -0.01607072 -0.06920266 -0.9962695 0.01118642 0.08556842 -0.9808186 -0.008207798 0.1947497 -0.9494879 0.01030707 0.3136344 -0.9152362 -0.01121175 0.402762 -0.8116152 0.00806421 0.5841369 -0.7977733 3.50196e-4 0.6029574 -0.6517241 -0.002777695 0.7584511 -0.6338998 0.004008293 0.7734048 -0.4511327 -0.003667771 0.8924494 -0.4290178 0.004985153 0.9032823 -0.1852433 -0.006920993 0.9826683 -0.1332976 0.009672462 0.991029 0 1 -9.62498e-6 0 1 1.02568e-5 0 1 8.22366e-6 0 1 4.88974e-6 0 1 -8.95531e-6 0 1 -8.146e-6 0 1 7.26085e-6 0 1 -7.55162e-6 0 1 5.88925e-6 0 1 -1.08022e-5 0 1 -5.27461e-6 0 1 -8.48052e-6 0 1 -4.08122e-6 0 1 7.02266e-6 0 1 8.32568e-6 0 1 7.23409e-6 0 1 -9.56357e-6 -0.07638382 0.01762461 -0.9969227 -0.2169244 -0.01539474 -0.976067 -0.2718341 0.01498818 -0.9622275 -0.4163987 -0.02057904 -0.9089492 -0.4862955 0.02162742 -0.8735268 -0.6207005 -0.01591724 -0.7838861 -0.6684961 0.01917922 -0.7434683 -0.7648012 -0.02120202 -0.6439176 -0.8403388 0.0174964 -0.5417792 -0.8610129 -0.004098355 -0.5085666 -0.9448444 -0.01281285 -0.3272689 -0.9344449 0.004098236 -0.3560842 -0.9803636 0.01674526 -0.1964868 -0.9947285 -0.01985841 -0.1006024 -0.9998357 0.01669377 -0.007061541 -0.9931703 -0.01920145 0.1150823 -0.9829425 0.01376038 0.1833982 -0.9379084 -0.009272694 0.346759 -0.939099 -0.006835818 0.3435791 -0.8609755 0.01038908 0.5085403 -0.822776 -0.02425163 0.5678482 -0.7648385 0.0186991 0.6439507 -0.6289669 -0.009311795 0.7773763 -0.6326574 -0.005390167 0.7744131 -0.447928 0.005269467 0.8940541 -0.4346081 -0.006647288 0.9005953 -0.1827732 -0.01022249 0.983102 -0.2051667 0.006226718 0.9787073 -0.02326148 0.0107969 0.9996711 0 -1 2.23747e-6 0 -1 2.22115e-5 0 -1 0 0 -1 -2.23791e-5 0 -1 9.44204e-6 0 -1 -4.61456e-6 0 -1 1.64818e-5 0 -1 6.7974e-6 0 -1 1.91072e-5 0 -1 -5.26925e-6 0 -1 1.37319e-5 0 -1 1.899e-6 0 -1 7.03209e-6 0 -1 -2.31026e-6 0 -1 -1.30581e-5 0 -1 1.36598e-5 0 -1 -2.8783e-6 0 -1 -9.75794e-6 0 -1 9.74686e-6 0 -1 -1.03547e-5 0 -1 1.07876e-5 0 -1 6.17658e-6 0 -1 -1.97446e-5 0 -1 -5.92121e-6 0 -1 1.38987e-5 0 -1 -1.95401e-5 0 -1 7.12549e-7 0 -1 2.91735e-6 0 -1 2.58469e-5 0 -1 2.68877e-6 0 -1 8.42504e-6 -0.08442002 -0.03248488 -0.9959007 -0.2519736 0.03409141 -0.9671335 -0.3190682 -0.02722162 -0.9473408 -0.5186008 0.0354399 -0.8542817 -0.570485 -0.02736425 -0.8208521 -0.7664698 0.01153039 -0.6421769 -0.758617 -0.004419803 -0.651522 -0.8923639 0.01319676 -0.4511238 -0.9084233 -0.01538598 -0.4177686 -0.9610023 0.01249986 -0.2762582 -0.9713441 -0.01412165 -0.2372581 -0.9978578 0.01755148 -0.06302309 -0.9996791 -0.01310878 -0.02167725 -0.9906672 0.00830394 0.1360502 -0.9857015 -0.01220023 0.168059 -0.9487721 0.01989102 0.3153344 -0.9293463 -0.01794695 0.3687729 -0.8481152 0.009688198 0.5297235 -0.8583032 -0.009685814 0.5130517 -0.7391762 0.02089214 0.6731881 -0.7033357 -0.02613747 0.7103772 -0.4928617 0.03491514 0.8694069 -0.5134514 0.009130835 0.8580701 -0.3172469 -0.03834313 0.9475676 -0.1656692 0.0505917 0.9848829 -0.09822911 -0.01147925 0.9950977 0 -1 -6.4274e-6 0 -1 -1.69204e-6 0 -1 -1.53644e-5 0 -1 -5.48075e-6 0 -1 -3.98877e-6 0 -1 -8.40053e-6 0 -1 -3.69809e-6 0 -1 -7.69765e-6 0 -1 4.72871e-6 0 -1 -4.69851e-6 0 -1 -8.03247e-6 0 -1 -8.93769e-6 0 -1 3.97561e-6 0 -1 9.23068e-7 0 -1 2.61541e-6 0 -1 1.93253e-6 0 -1 4.09362e-6 0 -1 -3.30309e-6 0 -1 -8.39457e-6 -0.01087093 0.007294535 -0.9999144 -0.2036903 -0.00516349 -0.9790219 -0.28433 0.01084333 -0.9586653 -0.4062966 -0.01423007 -0.9136306 -0.5810782 0.01820695 -0.8136441 -0.6779938 -0.01515811 -0.7349113 -0.7966318 0.01143121 -0.6043569 -0.8502708 -0.007729947 -0.5262889 -0.9297075 0.007608175 -0.3682202 -0.9380328 9.0423e-4 -0.3465453 -0.9901406 -0.007897198 -0.1398548 -0.9978964 0.01355528 -0.06339603 -0.9920809 -0.01070857 0.1251438 -0.9702761 0.01223856 0.2416914 -0.9364229 -0.01079684 0.3507075 -0.8518326 0.01205778 0.5236755 -0.8101215 -0.007998645 0.5862076 -0.6698991 0.005495548 0.7424318 -0.658044 9.17517e-4 0.752979 -0.481179 -0.004052281 0.8766131 -0.436505 0.01046067 0.8996412 -0.235585 -0.0123229 0.9717757 -0.1248913 0.01437842 0.9920663 0 -1 -1.54462e-5 0 -1 2.52617e-5 0 -1 5.71944e-5 0 -1 -4.01328e-5 0 -1 -4.84225e-6 0 -1 -2.50901e-6 0 -1 2.02343e-5 0 -1 -8.26689e-6 0 -1 7.51501e-7 0 -1 1.09075e-5 0 -1 1.54036e-6 0 -1 6.57557e-6 0 -1 -2.56941e-6 0 -1 8.11922e-7 0 -1 6.11084e-5 0 -1 3.30375e-6 0 -1 -1.5753e-5 0.0198546 -0.01174896 0.9997339 0.1705111 0.0110653 0.9852936 0.2894393 -0.01247966 0.9571151 0.4240132 0.0153104 0.9055266 0.5678043 -0.01670771 0.8229939 0.6958905 0.01525568 0.7179859 0.7692577 -0.0100761 0.6388593 0.881855 0.009321331 0.4714285 0.8995245 -0.001899421 0.4368664 0.9718536 -0.004031002 0.2355511 0.9831749 0.01237452 0.182247 0.999342 -0.01292228 -0.03388983 0.9900611 0.01237201 -0.1400931 0.9600251 -0.0087381 -0.2797776 0.9127274 0.01069748 -0.4084293 0.8815638 -0.005867004 -0.4720284 0.7516286 0.001017868 -0.6595858 0.7546366 -6.96975e-4 -0.6561427 0.5679153 0.006439745 -0.823062 0.5117261 -0.01352143 -0.8590423 0.3130465 0.01456856 -0.949626 0.233989 -0.009213626 -0.9721957 0.01172447 4.2747e-5 -0.9999313 0.0844438 -0.02244561 0.9961755 0.1646097 0.04068779 0.9855192 0.3035099 -0.02874726 0.9523946 0.4081497 0.02349227 0.9126127 0.5007805 -0.0235641 0.8652536 0.5881419 0.02822166 0.8082653 0.69417 -0.03480553 0.7189692 0.7776231 0.04385125 0.6271997 0.8539719 -0.04034173 0.5187529 0.9371042 0.04055225 0.3466864 0.9570102 -0.02162468 0.2892474 0.9997576 0.01728075 0.01364606 0.9999908 -0.003382325 -0.002671062 0.9539826 0.009446382 -0.2997133 0.9570848 -0.003384768 -0.2897885 0.8258792 -0.009821712 -0.5637616 0.8266013 -0.01152908 -0.56267 0.6687873 0.02364343 -0.7430779 0.5942236 -0.042818 -0.8031594 0.5245495 0.01751601 -0.8511998 0.3209896 -0.006327211 -0.9470616 0.3238738 -0.002794444 -0.9460962 0.05534511 0.03036832 -0.9980053 0.09583765 -0.002803623 -0.9953931 0.03198653 -0.01484686 0.9993781 0.1746702 0.01662337 0.9844866 0.2208793 -0.009210884 0.9752576 0.3792705 -0.001388907 0.9252849 0.3896576 0.005904495 0.920941 0.5484642 -0.004481494 0.836162 0.5439468 -0.00105822 0.8391191 0.7075835 -0.01147753 0.7065365 0.6874059 0.004097998 0.7262619 0.798047 0.01505988 0.602407 0.8473464 -0.02003139 0.5306625 0.8942557 0.01498031 0.4473059 0.9383076 -0.01106184 0.345625 0.9560125 0.0102204 0.293148 0.9840418 -0.01489412 0.1773136 0.9949155 0.02102828 0.09849441 0.9993354 -0.01983553 -0.03058379 0.9908758 0.01813805 -0.1335517 0.9774003 -0.01352161 -0.2109642 0.9391985 0.01662397 -0.3429723 0.9151346 -0.01868718 -0.402715 0.8347932 0.01868772 -0.5502464 0.787126 -0.02594655 -0.6162463 0.7030777 0.02373802 -0.7107167 0.5911437 -0.01917904 -0.8063382 0.5484384 0.01001805 -0.836131 0.4127857 -0.008951604 -0.9107842 0.3566156 0.01977306 -0.934042 0.2503234 -0.02258712 -0.9678989 0.02757698 -0.02016013 -0.9994164 0.1066836 0.0187788 -0.9941157 0.0548911 -0.01032358 0.9984391 0.1485219 0.01518374 0.9887926 0.3471728 -0.0160464 0.9376639 0.4384453 0.01080358 0.898693 0.5738297 -0.005782246 0.8189544 0.6260696 0.006267547 0.7797421 0.7132229 -0.007994294 0.7008917 0.8040282 0.01317536 0.5944453 0.859121 -0.0148561 0.5115568 0.9562314 0.01634001 0.292155 0.9755194 -0.01090103 0.2196434 0.9990251 -7.31102e-4 -0.04414027 0.9997357 0.006230115 -0.02213603 0.9676505 -7.31104e-4 -0.2522935 0.9618443 0.006229102 -0.2735264 0.8687284 -0.01071923 -0.4951727 0.8427384 0.006993889 -0.5382779 0.6957558 0.001124858 -0.7182776 0.6760805 -0.008371889 -0.7367803 0.5049266 0.006613552 -0.863137 0.4364958 -0.01246869 -0.89962 0.299585 0.01511013 -0.9539501 0.1248825 -0.01874291 -0.9919945</float_array>
          <technique_common>
            <accessor source="#Part__Feature-mesh-normals-array" count="305" stride="3">
              <param name="X" type="float"/>
              <param name="Y" type="float"/>
              <param name="Z" type="float"/>
            </accessor>
          </technique_common>
        </source>
        <vertices id="Part__Feature-mesh-vertices">
          <input semantic="POSITION" source="#Part__Feature-mesh-positions"/>
        </vertices>
        <triangles material="Part__Feature-material" count="402">
          <input semantic="VERTEX" source="#Part__Feature-mesh-vertices" offset="0"/>
          <input semantic="NORMAL" source="#Part__Feature-mesh-normals" offset="1"/>
          <p>5 0 7 0 3 0 4 0 8 0 6 0 1 1 8 1 0 1 0 2 8 2 2 2 3 3 8 3 1 3 2 4 8 4 4 4 3 0 7 0 8 0 9 5 11 6 7 7 8 8 12 8 10 8 7 9 12 9 8 9 12 10 15 10 13 10 14 11 16 12 11 13 12 0 17 0 15 0 7 0 17 0 12 0 11 14 17 14 7 14 16 0 18 0 11 0 17 15 22 15 20 15 19 0 21 0 18 0 11 16 21 16 17 16 17 0 21 0 22 0 18 17 21 17 11 17 15 18 17 18 23 18 15 19 23 19 24 19 13 20 24 20 25 20 13 21 15 21 24 21 13 22 25 22 26 22 12 23 13 23 26 23 10 24 12 24 26 24 10 25 26 25 27 25 8 26 10 26 27 26 8 27 27 27 28 27 6 28 8 28 28 28 6 29 28 29 29 29 4 30 6 30 29 30 4 31 29 31 30 31 2 32 4 32 30 32 2 33 30 33 31 33 0 34 2 34 31 34 0 35 31 35 32 35 0 36 32 36 33 36 1 37 0 37 33 37 1 38 33 38 34 38 3 39 1 39 34 39 3 40 34 40 35 40 5 41 3 41 35 41 37 42 33 42 36 42 36 43 33 43 32 43 36 0 32 0 38 0 32 0 31 0 38 0 38 0 31 0 39 0 37 44 34 44 33 44 40 0 34 0 37 0 31 45 30 45 39 45 39 0 30 0 41 0 41 0 30 0 42 0 30 0 29 0 42 0 40 46 35 46 34 46 43 0 35 0 40 0 44 0 35 0 43 0 42 0 29 0 45 0 44 47 46 47 35 47 29 0 28 0 45 0 47 0 46 0 44 0 45 0 28 0 48 0 48 0 28 0 49 0 47 48 50 48 46 48 28 49 27 49 49 49 51 0 50 0 47 0 49 50 27 50 52 50 53 0 50 0 51 0 53 51 54 51 50 51 27 0 26 0 52 0 53 0 55 0 54 0 53 52 56 52 55 52 26 0 57 0 52 0 56 0 58 0 55 0 26 53 25 53 57 53 58 0 59 0 55 0 25 0 60 0 57 0 58 0 61 0 59 0 24 0 60 0 25 0 61 0 62 0 59 0 24 0 63 0 60 0 23 54 63 54 24 54 59 55 62 55 64 55 62 0 65 0 64 0 23 0 66 0 63 0 64 0 65 0 67 0 68 0 69 0 23 0 23 56 69 56 66 56 65 0 70 0 67 0 67 0 70 0 71 0 70 0 72 0 71 0 68 0 73 0 69 0 71 57 72 57 74 57 76 0 73 0 68 0 76 0 75 0 73 0 72 0 77 0 74 0 74 0 75 0 76 0 74 58 77 58 75 58 63 59 66 59 78 59 63 60 78 60 79 60 60 61 63 61 79 61 60 62 79 62 80 62 57 63 60 63 80 63 57 64 80 64 81 64 52 65 57 65 81 65 52 66 81 66 82 66 49 67 52 67 82 67 49 68 82 68 83 68 48 69 83 69 84 69 48 70 49 70 83 70 45 71 48 71 84 71 45 72 84 72 85 72 42 73 45 73 85 73 42 74 85 74 86 74 41 75 42 75 86 75 39 76 86 76 87 76 39 77 41 77 86 77 38 78 39 78 87 78 38 79 87 79 88 79 36 80 38 80 88 80 37 81 36 81 88 81 37 82 88 82 89 82 40 83 37 83 89 83 40 84 89 84 90 84 43 85 90 85 91 85 43 86 40 86 90 86 44 87 43 87 91 87 88 88 93 88 89 88 92 89 93 89 88 89 87 90 94 90 88 90 88 90 94 90 92 90 93 91 95 91 89 91 89 92 95 92 90 92 86 93 94 93 87 93 95 94 96 94 90 94 86 95 97 95 94 95 90 96 96 96 91 96 85 97 97 97 86 97 96 98 98 98 91 98 91 90 98 90 99 90 85 99 100 99 97 99 84 90 100 90 85 90 99 90 98 90 101 90 98 100 102 100 101 100 84 101 83 101 100 101 83 90 103 90 100 90 101 102 102 102 104 102 102 103 105 103 104 103 82 90 103 90 83 90 104 90 105 90 106 90 81 90 107 90 82 90 82 90 107 90 103 90 105 90 108 90 106 90 105 104 109 104 108 104 81 105 80 105 107 105 107 106 80 106 110 106 109 107 111 107 108 107 112 108 111 108 109 108 110 90 79 90 113 90 80 90 79 90 110 90 112 109 114 109 111 109 115 90 114 90 112 90 79 110 78 110 113 110 115 111 116 111 114 111 113 112 78 112 117 112 118 90 116 90 115 90 78 113 119 113 117 113 118 114 120 114 116 114 121 90 120 90 118 90 117 90 119 90 122 90 121 90 123 90 120 90 119 115 124 115 122 115 125 90 123 90 121 90 125 90 126 90 123 90 124 116 127 116 122 116 122 90 127 90 128 90 129 117 126 117 125 117 127 90 130 90 128 90 129 90 130 90 126 90 128 118 130 118 129 118 131 119 132 119 98 119 98 120 132 120 102 120 132 121 133 121 102 121 102 122 133 122 105 122 133 123 134 123 105 123 134 124 135 124 105 124 105 125 135 125 109 125 109 126 135 126 112 126 135 127 136 127 112 127 112 128 136 128 115 128 136 129 137 129 115 129 115 130 137 130 118 130 137 131 138 131 118 131 118 132 138 132 121 132 138 133 139 133 121 133 121 134 139 134 125 134 139 135 140 135 125 135 140 136 141 136 125 136 125 137 141 137 129 137 129 138 141 138 128 138 141 139 142 139 128 139 128 140 143 140 122 140 142 141 143 141 128 141 143 142 144 142 122 142 122 143 144 143 117 143 144 144 145 144 117 144 147 90 148 90 146 90 147 145 146 145 149 145 150 146 148 146 147 146 146 90 151 90 149 90 150 90 152 90 148 90 151 147 153 147 149 147 149 90 153 90 154 90 155 90 152 90 150 90 155 90 156 90 152 90 154 148 153 148 131 148 157 90 156 90 155 90 153 149 158 149 131 149 131 90 158 90 132 90 157 90 159 90 156 90 158 90 160 90 132 90 161 90 159 90 157 90 132 90 160 90 133 90 161 90 162 90 159 90 163 150 162 150 161 150 133 90 164 90 134 90 160 90 164 90 133 90 163 90 165 90 162 90 162 151 165 151 166 151 164 152 135 152 134 152 167 90 135 90 164 90 165 153 168 153 166 153 166 90 168 90 169 90 170 90 136 90 167 90 167 90 136 90 135 90 168 154 171 154 169 154 170 155 137 155 136 155 169 156 171 156 172 156 171 157 145 157 172 157 173 90 137 90 170 90 173 90 138 90 137 90 145 90 144 90 172 90 172 158 144 158 174 158 173 159 139 159 138 159 175 90 139 90 173 90 144 90 143 90 174 90 175 90 140 90 139 90 174 160 143 160 176 160 143 90 142 90 176 90 175 90 141 90 140 90 177 161 141 161 175 161 176 162 142 162 177 162 142 163 141 163 177 163 153 164 178 164 158 164 178 165 179 165 158 165 158 166 179 166 160 166 179 167 180 167 160 167 160 168 180 168 164 168 180 169 181 169 164 169 164 170 181 170 167 170 181 171 182 171 167 171 167 172 182 172 170 172 182 173 183 173 170 173 183 174 184 174 170 174 170 175 184 175 173 175 184 176 185 176 173 176 173 177 185 177 175 177 185 178 186 178 175 178 175 179 186 179 177 179 186 180 187 180 177 180 177 181 187 181 176 181 187 182 188 182 176 182 188 183 189 183 176 183 176 184 189 184 174 184 189 185 190 185 174 185 174 186 190 186 172 186 192 187 196 187 191 187 191 90 196 90 193 90 194 188 196 188 192 188 196 189 179 189 178 189 196 90 180 90 179 90 199 190 200 190 198 190 196 191 181 191 180 191 194 192 181 192 196 192 198 90 202 90 197 90 200 193 202 193 198 193 197 194 182 194 195 194 194 195 182 195 181 195 195 196 182 196 194 196 197 197 184 197 182 197 182 198 184 198 183 198 202 199 184 199 197 199 202 200 185 200 184 200 190 201 189 201 201 201 201 90 185 90 202 90 201 202 189 202 185 202 189 90 187 90 185 90 188 90 187 90 189 90 185 203 187 203 186 203 190 204 201 204 172 204 172 205 201 205 169 205 201 206 202 206 169 206 169 207 202 207 166 207 202 208 200 208 166 208 166 209 200 209 162 209 200 210 199 210 162 210 162 211 199 211 159 211 199 212 198 212 159 212 198 213 197 213 159 213 159 214 197 214 156 214 197 215 195 215 156 215 156 216 195 216 152 216 195 217 194 217 152 217 152 218 194 218 148 218 194 219 192 219 148 219 148 220 191 220 146 220 192 221 191 221 148 221 146 222 191 222 151 222 191 223 193 223 151 223 151 224 193 224 153 224 193 225 196 225 153 225 196 226 178 226 153 226 145 227 171 227 117 227 117 228 171 228 113 228 171 229 168 229 113 229 113 230 168 230 110 230 168 231 165 231 110 231 110 232 165 232 107 232 165 233 163 233 107 233 107 234 163 234 103 234 163 235 161 235 103 235 103 236 161 236 100 236 161 237 157 237 100 237 100 238 157 238 97 238 157 239 155 239 97 239 97 240 150 240 94 240 155 241 150 241 97 241 150 242 147 242 94 242 94 243 147 243 92 243 92 244 147 244 93 244 147 245 149 245 93 245 93 246 149 246 95 246 95 247 149 247 96 247 149 248 154 248 96 248 96 249 131 249 98 249 154 250 131 250 96 250 44 251 91 251 99 251 47 252 44 252 99 252 47 253 99 253 101 253 47 254 101 254 104 254 51 255 47 255 104 255 53 256 104 256 106 256 53 257 51 257 104 257 56 258 106 258 108 258 56 259 53 259 106 259 58 260 56 260 108 260 58 261 108 261 111 261 61 262 58 262 111 262 61 263 111 263 114 263 62 264 61 264 114 264 62 265 114 265 116 265 65 266 62 266 116 266 65 267 116 267 120 267 70 268 65 268 120 268 70 269 120 269 123 269 72 270 70 270 123 270 72 271 123 271 126 271 77 272 72 272 126 272 77 273 126 273 130 273 75 274 77 274 130 274 75 275 130 275 127 275 73 276 75 276 127 276 73 277 127 277 124 277 69 278 73 278 124 278 69 279 124 279 119 279 66 280 119 280 78 280 66 281 69 281 119 281 5 282 35 282 46 282 7 283 5 283 46 283 7 284 46 284 50 284 9 285 7 285 50 285 9 286 50 286 54 286 11 287 9 287 54 287 11 288 54 288 55 288 14 289 11 289 55 289 14 290 55 290 59 290 16 291 14 291 59 291 16 292 59 292 64 292 18 293 64 293 67 293 18 294 16 294 64 294 18 295 67 295 71 295 19 296 18 296 71 296 19 297 71 297 74 297 21 298 19 298 74 298 22 299 21 299 74 299 22 300 74 300 76 300 20 301 22 301 76 301 20 302 76 302 68 302 17 303 20 303 68 303 17 304 68 304 23 304</p>
        </triangles>
      </mesh>
    </geometry>
  </library_geometries>
  <library_visual_scenes>
    <visual_scene id="Scene" name="Scene">
      <node id="node1" name="node1" type="NODE">
        <matrix sid="transform">1 0 0 0 0 -0.003241696 -0.9999948 0 0 0.9999948 -0.003241696 0 0 0 0 1</matrix>
        <instance_geometry url="#Part__Feature001-mesh" name="node1">
          <bind_material>
            <technique_common>
              <instance_material symbol="Part__Feature001-material" target="#Part__Feature001-material"/>
            </technique_common>
          </bind_material>
        </instance_geometry>
      </node>
      <node id="node0" name="node0" type="NODE">
        <matrix sid="transform">1 0 0 0 0 -4.37114e-8 -1 0 0 1 -4.37114e-8 0 0 0 0 1</matrix>
        <instance_geometry url="#Part__Feature-mesh" name="node0">
          <bind_material>
            <technique_common>
              <instance_material symbol="Part__Feature-material" target="#Part__Feature-material"/>
            </technique_common>
          </bind_material>
        </instance_geometry>
      </node>
      <node id="Camera" name="Camera" type="NODE">
        <matrix sid="transform">0.6859207 -0.3240135 0.6515582 7.358891 0.7276763 0.3054208 -0.6141704 -6.925791 0 0.8953956 0.4452714 4.958309 0 0 0 1</matrix>
        <instance_camera url="#Camera-camera"/>
      </node>
      <node id="Light" name="Light" type="NODE">
        <matrix sid="transform">-0.2908646 -0.7711008 0.5663932 4.076245 0.9551712 -0.1998834 0.2183912 1.005454 -0.05518906 0.6045247 0.7946723 5.903862 0 0 0 1</matrix>
        <instance_light url="#Light-light"/>
      </node>
    </visual_scene>
  </library_visual_scenes>
  <scene>
    <instance_visual_scene url="#Scene"/>
  </scene>
</COLLADA>