<?xml version="1.0" encoding="utf-8"?>
<COLLADA xmlns="http://www.collada.org/2005/11/COLLADASchema" version="1.4.1" xmlns:xsi="http://www.w3.org/2001/XMLSchema-instance">
  <asset>
    <contributor>
      <author>Blender User</author>
      <authoring_tool>Blender 4.0.2 commit date:2023-12-05, commit time:07:41, hash:9be62e85b727</authoring_tool>
    </contributor>
    <created>2024-01-15T15:34:53</created>
    <modified>2024-01-15T15:34:53</modified>
    <unit name="meter" meter="1"/>
    <up_axis>Z_UP</up_axis>
  </asset>
  <library_cameras>
    <camera id="Camera-camera" name="Camera">
      <optics>
        <technique_common>
          <perspective>
            <xfov sid="xfov">39.59775</xfov>
            <aspect_ratio>1.777778</aspect_ratio>
            <znear sid="znear">0.1</znear>
            <zfar sid="zfar">100</zfar>
          </perspective>
        </technique_common>
      </optics>
      <extra>
        <technique profile="blender">
          <shiftx sid="shiftx" type="float">0</shiftx>
          <shifty sid="shifty" type="float">0</shifty>
          <dof_distance sid="dof_distance" type="float">10</dof_distance>
        </technique>
      </extra>
    </camera>
  </library_cameras>
  <library_effects>
    <effect id="Part__Feature001_013-effect">
      <profile_COMMON>
        <technique sid="common">
          <lambert>
            <emission>
              <color sid="emission">0 0 0 1</color>
            </emission>
            <diffuse>
              <color sid="diffuse">1 1 1 1</color>
            </diffuse>
            <index_of_refraction>
              <float sid="ior">1.45</float>
            </index_of_refraction>
          </lambert>
        </technique>
      </profile_COMMON>
    </effect>
    <effect id="Part__Feature_021-effect">
      <profile_COMMON>
        <technique sid="common">
          <lambert>
            <emission>
              <color sid="emission">0 0 0 1</color>
            </emission>
            <diffuse>
              <color sid="diffuse">0.8 0.8 0.8 1</color>
            </diffuse>
            <index_of_refraction>
              <float sid="ior">1.45</float>
            </index_of_refraction>
          </lambert>
        </technique>
      </profile_COMMON>
    </effect>
  </library_effects>
  <library_images/>
  <library_materials>
    <material id="Part__Feature001_013-material" name="Part__Feature001.013">
      <instance_effect url="#Part__Feature001_013-effect"/>
    </material>
    <material id="Part__Feature_021-material" name="Part__Feature.021">
      <instance_effect url="#Part__Feature_021-effect"/>
    </material>
  </library_materials>
  <library_geometries>
    <geometry id="Part__Feature001_013-mesh" name="Part__Feature001.013">
      <mesh>
        <source id="Part__Feature001_013-mesh-positions">
          <float_array id="Part__Feature001_013-mesh-positions-array" count="12">0.1899999 0.01999998 0.02499997 -0.1899999 0.23 0.02499997 -0.1899999 0.01999998 0.02499997 0.1899999 0.23 0.02499997</float_array>
          <technique_common>
            <accessor source="#Part__Feature001_013-mesh-positions-array" count="4" stride="3">
              <param name="X" type="float"/>
              <param name="Y" type="float"/>
              <param name="Z" type="float"/>
            </accessor>
          </technique_common>
        </source>
        <source id="Part__Feature001_013-mesh-normals">
          <float_array id="Part__Feature001_013-mesh-normals-array" count="3">0 0 1</float_array>
          <technique_common>
            <accessor source="#Part__Feature001_013-mesh-normals-array" count="1" stride="3">
              <param name="X" type="float"/>
              <param name="Y" type="float"/>
              <param name="Z" type="float"/>
            </accessor>
          </technique_common>
        </source>
        <vertices id="Part__Feature001_013-mesh-vertices">
          <input semantic="POSITION" source="#Part__Feature001_013-mesh-positions"/>
        </vertices>
        <triangles material="Part__Feature001_013-material" count="2">
          <input semantic="VERTEX" source="#Part__Feature001_013-mesh-vertices" offset="0"/>
          <input semantic="NORMAL" source="#Part__Feature001_013-mesh-normals" offset="1"/>
          <p>0 0 1 0 2 0 3 0 1 0 0 0</p>
        </triangles>
      </mesh>
    </geometry>
    <geometry id="Part__Feature_021-mesh" name="Part__Feature.021">
      <mesh>
        <source id="Part__Feature_021-mesh-positions">
          <float_array id="Part__Feature_021-mesh-positions-array" count="2055">0.2225 0.006251335 0.01293939 0.21 0.006436765 0.01376444 0.2225 0.006575703 0.01404505 0.2225 0.007132291 0.01494497 0.21 0.007159054 0.01496827 0.21 0.008274018 0.01586657 0.2225 0.008357405 0.0159108 0.21 0.009718418 0.01625621 0.2225 0.009876251 0.01626646 0.21 0.01117521 0.01609355 0.2225 0.01138216 0.01602172 0.21 0.01224642 0.01550978 0.2225 0.01265245 0.01517689 0.21 0.01298594 0.01479899 0.2225 0.01336216 0.01419091 0.21 0.01352274 0.01381206 0.2225 0.0137307 0.01303225 0.21 0.01376563 0.01268798 -0.21 0.0137307 0.01303225 -0.2225 0.01376217 0.01271754 -0.2225 0.01355153 0.01372134 -0.21 0.01332366 0.01427614 -0.2225 0.0130968 0.01464736 -0.21 0.01244902 0.01537185 -0.2225 0.01194906 0.01574838 -0.21 0.01096451 0.0161634 -0.2225 0.01053214 0.01622563 -0.21 0.00946778 0.01622563 -0.2225 0.009035468 0.0161634 -0.21 0.008221447 0.01582896 -0.2225 0.007475495 0.01531463 -0.21 0.007197499 0.0150119 -0.2225 0.006475925 0.01388305 -0.21 0.006444871 0.01379388 -0.2225 0.006237089 0.01243525 -0.1899999 0.01999998 0.02499997 -0.2076486 0.2455588 0.02499687 -0.1899999 0.23 0.02499997 -0.1673507 0.2478916 0.0249837 -0.1670915 0.2313979 0.02502149 0.1899999 0.01999998 0.02499997 0.1598976 0.2313855 0.02501904 0.1596468 0.2478929 0.02498322 0.1899999 0.23 0.02499997 0.1671136 0.2314029 0.0250197 -0.2090334 0.002008557 0 -0.207987 9.73383e-4 0 -0.2067701 3.05247e-4 0 -0.209673 0.003197312 0 -0.2099976 0.004495561 0 -0.2054978 1.43129e-5 0 -0.1899999 0.01999998 0 -0.2099975 0.2453548 0 -0.2096798 0.2468478 0 -0.2086958 0.248403 0 -0.1899999 0.23 0 -0.2074391 0.2493845 0 -0.2057824 0.2499742 0 0.2057964 4.05232e-5 0 0.2071425 4.7086e-4 0 0.2081509 0.001102447 0 0.1899999 0.01999998 0 0.2090266 0.002012968 0 0.2096951 0.00323075 0 0.2099986 0.004591941 0 0.1899999 0.23 0 0.2099975 0.2453548 0 0.2096918 0.2468098 0 0.2056987 0.2499812 0 0.20729 0.2494643 0 0.2086705 0.2484413 0 0.2099958 0.004671275 0.02265805 0.2098505 0.00379306 0.02280342 0.2078816 9.11859e-4 0.0227161 0.2071323 4.77013e-4 0.02266716 0.2063143 1.753e-4 0.02273929 0.205375 1.52907e-5 0.02274572 0.21 0.01313024 0.01040166 0.21 0.01200145 0.009283602 0.21 0.01362133 0.01148104 0.21 0.01058965 0.008782982 0.21 0.009281635 0.008794665 0.21 0.008062481 0.009273588 0.21 0.007132291 0.01005494 0.21 0.006546974 0.01101392 0.21 0.006238579 0.01218789 0.2054174 0.2499842 0.0226978 0.2063285 0.2498219 0.02271527 0.2070946 0.2495363 0.02274554 0.2077778 0.2491521 0.02284115 0.2086265 0.2484444 0.02271503 0.2094925 0.2471675 0.02286201 0.2096862 0.2467102 0.02284711 -0.2054871 0.2499726 0.02279704 -0.209996 0.2452289 0.02266347 -0.2098684 0.2461673 0.02269184 -0.2094482 0.2472963 0.02280771 -0.2090091 0.2479647 0.02286732 -0.2071043 0.2495204 0.02288562 -0.2063537 0.2498144 0.02273279 -0.21 0.007528781 0.009654879 -0.21 0.006704688 0.01067161 -0.21 0.008479535 0.009061992 -0.21 0.006241023 0.01209324 -0.21 0.009654164 0.008741557 -0.21 0.0113244 0.008950769 -0.21 0.01272284 0.009886264 -0.21 0.01371598 0.01193988 -0.21 0.01344227 0.01097875 -0.2061035 1.4096e-4 0.02288645 -0.2066485 2.87619e-4 0.02280771 -0.2084765 0.001401901 0.02269303 -0.2097465 0.003417611 0.02267944 -0.2099914 0.004552423 0.02269363 -0.2225 0.006399631 0.01141881 -0.2225 0.006967842 0.01024138 -0.2225 0.008168518 0.009199798 -0.2225 0.009594202 0.008747518 -0.2225 0.010809 0.008828878 -0.2225 0.01180058 0.00919342 -0.2225 0.01298075 0.01016211 -0.2225 0.0136305 0.0115087 0.2225 0.01371598 0.01193988 0.2225 0.01344227 0.01097875 0.2225 0.01284092 0.0100317 0.2225 0.01211625 0.009396016 0.2225 0.01108366 0.008884608 0.2225 0.009906291 0.008743166 0.2225 0.008890211 0.008902251 0.2225 0.007936835 0.009357511 0.2225 0.007159054 0.01003164 0.2225 0.006411373 0.0112943 -0.1619982 0.2343347 0.02718842 -0.1620135 0.2452335 0.02727878 -0.1596988 0.2452316 0.04201215 0.162009 0.2452089 0.02726781 0.1620293 0.2342036 0.02733373 0.1619935 0.2451165 0.03979778 0.1650018 0.2343348 0.02718836 0.1627494 0.2343478 0.04498517 -0.1649906 0.2452099 0.02726864 -0.164996 0.2343626 0.02733081 -0.1649768 0.2343008 0.04278278 -0.1641043 0.2335053 0.0429731 -0.1617943 0.2335054 0.04206502 -0.1601276 0.233509 0.04279619 0.1604354 0.2335123 0.04271996 0.1618311 0.2335037 0.04198706 0.1627683 0.2335072 0.0405128 -0.1638002 0.2459926 0.04354977 -0.1641784 0.2459873 0.04288935 0.1640788 0.2459944 0.04300779 0.1622322 0.2459921 0.04146569 0.1642108 0.2459908 0.02726608 0.1605361 0.2320198 0.02518939 0.1664798 0.2320354 0.02518934 0.1657502 0.232435 0.0254327 0.1613036 0.2325475 0.02550405 0.1650385 0.2329339 0.02588719 0.1624828 0.233246 0.02635329 0.1644968 0.2332676 0.02641069 0.1627942 0.2335051 0.02718609 0.1641513 0.2334964 0.02714645 0.1650595 0.2452549 0.02689617 0.1651444 0.2341202 0.02662289 0.1652585 0.2455106 0.02636295 0.1654623 0.2337097 0.02602279 0.1655691 0.2459504 0.02589529 0.1659516 0.232804 0.02550446 0.1667684 0.2478079 0.02508646 0.1672806 0.2479064 0.0249862 0.1600879 0.2477748 0.02505546 0.1605428 0.2474203 0.02520138 0.1609346 0.2327481 0.0254321 0.1613345 0.2462568 0.02576458 0.1619071 0.2453104 0.02676296 0.1662327 0.247368 0.02525144 0.1612372 0.2470246 0.0254485 0.1652578 0.246665 0.0257647 0.1625949 0.2461643 0.02657288 0.1643092 0.2460924 0.02676469 -0.1657627 0.2470246 0.0254485 -0.1622698 0.2463948 0.02612543 -0.1643409 0.2460957 0.02673542 -0.1626908 0.2460924 0.02676469 -0.1618556 0.2341202 0.02662295 -0.1619134 0.2454461 0.02673405 -0.1617415 0.2455105 0.02636301 -0.1615376 0.2337096 0.02602279 -0.1614308 0.2459504 0.02589529 -0.1610483 0.232804 0.02550446 -0.1609762 0.2467616 0.02544915 -0.1605202 0.2320354 0.02518934 -0.1601947 0.2477239 0.02508473 -0.1597045 0.2476565 0.02500188 -0.1598863 0.2314029 0.0250197 -0.1663686 0.2472311 0.02525162 -0.1660655 0.2327481 0.0254321 -0.1656655 0.2462568 0.02576458 -0.1650928 0.2453104 0.02676302 -0.1650876 0.2342008 0.02677118 -0.1664639 0.2320198 0.02518939 -0.1612498 0.232435 0.0254327 -0.1656963 0.2325475 0.02550399 -0.1620492 0.2329243 0.02588623 -0.1648716 0.2331355 0.02614289 -0.164301 0.2334091 0.02676033 0.1618793 0.2451642 0.04030382 0.161692 0.245135 0.04072421 0.1613019 0.2451715 0.04126006 0.1610151 0.2342893 0.04151159 0.1608665 0.2452573 0.04162096 0.1597192 0.2451648 0.04200255 0.1631757 0.2343339 0.04490423 0.1636811 0.2343079 0.04469954 0.1640529 0.2343009 0.04445081 0.1649127 0.2343513 0.04314303 0.1649747 0.2342396 0.04269105 -0.1603062 0.2451664 0.04188537 -0.1609037 0.245209 0.04159128 -0.1614084 0.2451597 0.0411455 -0.1617575 0.2451661 0.04061007 -0.1619948 0.2452086 0.03989398 -0.1649022 0.2343665 0.04320794 -0.1645332 0.2343239 0.043962 -0.1634059 0.2343348 0.04482519 -0.1628105 0.2343463 0.04498147 -0.1627905 0.2451854 0.04497992 -0.1614765 0.233279 0.0258705 -0.1616498 0.2329769 0.02582687 -0.1618139 0.2336667 0.02634024 -0.1620125 0.2333936 0.02632075 -0.1624137 0.233274 0.02640354 -0.1619884 0.2338898 0.02675086 -0.1622466 0.2336238 0.02681934 -0.1626494 0.2334489 0.02688455 -0.1620619 0.2341185 0.02725565 -0.1623435 0.2336621 0.02706998 -0.1627038 0.2335293 0.02733445 -0.1621617 0.233937 0.02727639 -0.1623414 0.2337361 0.02736186 -0.1598297 0.2336226 0.04250174 -0.1597502 0.2337956 0.04227858 -0.1606922 0.2335816 0.04238921 -0.1598502 0.2340697 0.04207551 -0.1597132 0.2343051 0.04200583 -0.1605479 0.2336925 0.04220861 -0.1605194 0.2339336 0.04198455 -0.1602929 0.2342613 0.04189747 -0.1610735 0.2338092 0.04179245 -0.161664 0.2335702 0.04176843 -0.1616448 0.2336869 0.04150259 -0.1610268 0.2343721 0.04150474 -0.1610161 0.2340585 0.04161643 -0.1616648 0.2338629 0.0411778 -0.1622985 0.2335752 0.04089915 -0.1614401 0.2340697 0.04122525 -0.1620439 0.2337475 0.04075688 -0.1627348 0.2335148 0.04025411 -0.1618008 0.2342796 0.04053145 -0.1615647 0.2343371 0.04093533 -0.1619856 0.2339748 0.04043793 -0.1623814 0.2336868 0.04001033 -0.162186 0.2338982 0.03976154 -0.1619635 0.2343435 0.03999292 -0.1620126 0.2342552 0.03978216 0.1624691 0.2336285 0.03983271 0.1622399 0.2337292 0.04030829 0.1620906 0.2340248 0.03993463 0.1622354 0.2335542 0.04114395 0.1620017 0.2343316 0.03974175 0.1619715 0.2337397 0.04091364 0.1618832 0.2343841 0.04028767 0.1618175 0.234066 0.04067993 0.1616712 0.2336657 0.04149049 0.161204 0.2335906 0.0420767 0.1616429 0.2343296 0.04081779 0.1615352 0.2339403 0.04121929 0.1612124 0.2338404 0.04163843 0.1613479 0.2342984 0.04120719 0.1601051 0.2336088 0.04250931 0.1606281 0.233745 0.04210966 0.1607456 0.2341151 0.04174834 0.1598826 0.2337889 0.0422706 0.1602513 0.2339466 0.0420593 0.1603906 0.2342839 0.04185742 0.1597474 0.2341343 0.04205453 0.1598253 0.2344062 0.04199039 0.1618007 0.2328813 0.02581673 0.1614949 0.2330995 0.02581453 0.161538 0.2336187 0.02600681 0.1622604 0.23338 0.02647668 0.1619652 0.2332263 0.0261529 0.1617688 0.2336125 0.02626067 0.1624345 0.233575 0.02699363 0.1620778 0.2337094 0.02670961 0.1619234 0.2341085 0.02677172 0.1621621 0.2338339 0.02704817 0.1624822 0.2336349 0.02733641 0.162236 0.2338417 0.02736216 0.1644236 0.2335798 0.02724564 0.1648383 0.233937 0.02727633 0.16468 0.2336441 0.02696251 0.1646299 0.2334786 0.02671718 0.164938 0.2341185 0.02725559 0.1650115 0.2338898 0.02675086 0.1648874 0.2332688 0.02626067 0.1651425 0.2335944 0.02635222 0.1654005 0.2329948 0.02581453 0.1655235 0.233279 0.02587044 0.1646579 0.2337356 0.02736169 0.1647384 0.2338213 0.04267334 0.1644095 0.2335892 0.04283457 0.1640697 0.2335038 0.04297178 0.1647943 0.2340252 0.0431748 0.1646283 0.2343509 0.04382753 0.1646115 0.2337937 0.04318821 0.1645158 0.2339789 0.04375177 0.1641973 0.2341126 0.0442456 0.1641887 0.233589 0.04343938 0.1642605 0.2337299 0.04373353 0.1639509 0.2338141 0.04420363 0.1634946 0.2339926 0.04466545 0.1637381 0.2335538 0.04389393 0.1634185 0.2336511 0.04433757 0.1629576 0.2337318 0.04461109 0.1627397 0.2339543 0.04484069 0.1631049 0.2335044 0.04404908 0.1627451 0.2335736 0.04437482 -0.1626828 0.2339788 0.04485595 -0.1627141 0.2336263 0.04450643 -0.1632055 0.2340723 0.04481101 -0.1631127 0.2337753 0.04461723 -0.1639298 0.2342907 0.04454493 -0.1636403 0.2338514 0.04447448 -0.1630451 0.2335061 0.04407924 -0.1634734 0.2336042 0.04420632 -0.1642298 0.2339869 0.04412126 -0.1640086 0.2337131 0.04401564 -0.1645495 0.2339825 0.04368299 -0.1648193 0.234156 0.04328578 -0.1638383 0.2335348 0.04368454 -0.1643377 0.2336462 0.04340493 -0.1646084 0.2337819 0.04317373 -0.1648253 0.2339287 0.04272711 -0.1644999 0.2336304 0.04268682 -0.1642001 0.2335115 0.02733933 -0.1651993 0.2328813 0.02581673 -0.1655051 0.2330995 0.02581447 -0.165462 0.2336187 0.02600687 -0.1647396 0.23338 0.02647662 -0.1651838 0.2335532 0.02628302 -0.1644548 0.233536 0.02700394 -0.1650214 0.23387 0.02671718 -0.1647229 0.2336549 0.02691322 -0.1648378 0.2338435 0.02706992 -0.1645203 0.2336364 0.02733588 -0.1647638 0.2338414 0.02736181 -0.1649203 0.2340773 0.02724629 -0.1627882 0.2459905 0.02726709 -0.1607673 0.247368 0.02525144 -0.1621339 0.2455376 0.02722054 -0.1621285 0.2457216 0.02687746 -0.162395 0.2459884 0.02679562 -0.1617375 0.2460312 0.02616667 -0.1620843 0.2462176 0.02625626 -0.1614695 0.2463241 0.02583867 -0.1617422 0.246665 0.02576464 -0.161331 0.2469934 0.02548307 -0.1624307 0.2458406 0.02732008 -0.1597843 0.2455638 0.0421614 -0.1599094 0.2457793 0.04235029 -0.1604049 0.2455521 0.04200297 -0.1600474 0.2459203 0.04257243 -0.1600983 0.2459902 0.04280149 -0.1606433 0.245801 0.04217362 -0.1610219 0.2455884 0.04172098 -0.1612274 0.2459442 0.04217773 -0.16141 0.2455405 0.04134255 -0.1614392 0.2457892 0.04165232 -0.1617881 0.2454853 0.04081255 -0.1619716 0.2457153 0.04080808 -0.1620594 0.2459454 0.04137593 -0.1621266 0.2455338 0.03993803 -0.1620436 0.2459952 0.04187893 -0.1624146 0.2459095 0.04050445 -0.1624083 0.2458347 0.03998267 -0.1628053 0.2459921 0.04016226 0.162086 0.2454308 0.03970098 0.1622807 0.2457107 0.03981894 0.1620056 0.24544 0.04021 0.1625633 0.2459094 0.03976017 0.1623167 0.2458306 0.0403735 0.1620305 0.2456657 0.0406056 0.1616433 0.2454193 0.0409798 0.1626938 0.2459832 0.04034578 0.1616613 0.2456579 0.04119592 0.1619758 0.2458593 0.04116654 0.1612312 0.2455193 0.0414952 0.1615509 0.2459092 0.04179728 0.161125 0.2457115 0.04177546 0.1603302 0.2452373 0.04188549 0.1604 0.2456021 0.04204601 0.1613617 0.245981 0.04218739 0.1597163 0.245526 0.04213154 0.1605135 0.2458504 0.04229432 0.1602716 0.2459821 0.04272115 0.1599199 0.2458322 0.04242199 0.1623528 0.2457839 0.02730739 0.1627682 0.2459851 0.02730572 0.1610049 0.2466689 0.02548223 0.1616346 0.2458748 0.02613908 0.1616759 0.2465304 0.02583867 0.1621436 0.2464385 0.02604591 0.161912 0.2456736 0.0265702 0.1620161 0.2461005 0.0263192 0.1620376 0.2455863 0.02687883 0.1623481 0.2458761 0.02696245 0.1626672 0.2460374 0.02694958 0.1621083 0.2454745 0.02731353 0.1649848 0.2452346 0.02730041 0.1656689 0.2469933 0.02548307 0.1660237 0.2467616 0.02544915 0.1648755 0.2463666 0.02613759 0.1655304 0.2463241 0.02583867 0.1652625 0.2460311 0.02616667 0.1645553 0.2460429 0.02671879 0.1650097 0.2457011 0.02667057 0.1647384 0.2458577 0.02688497 0.164866 0.2455377 0.02722054 0.1645693 0.2458406 0.02732008 0.1649678 0.2451712 0.04293346 0.1648355 0.2455591 0.04268872 0.164467 0.2458856 0.04283404 0.163993 0.2459745 0.04347914 0.1647666 0.2454276 0.04336428 0.1645506 0.2457528 0.04323977 0.1644164 0.2455804 0.04382503 0.164039 0.2458006 0.04395002 0.1637029 0.2459067 0.04402744 0.1646716 0.2451558 0.04374128 0.1630658 0.2459918 0.04409706 0.1638212 0.2457045 0.04430341 0.1642294 0.2452293 0.04429483 0.1628902 0.2458827 0.04446458 0.1635747 0.2455646 0.04457968 0.1637248 0.2451997 0.04466933 0.1628534 0.2456316 0.04476225 0.163271 0.2452867 0.04485511 0.1627471 0.2452446 0.04497468 -0.1628239 0.2455648 0.04482102 -0.1628512 0.2458571 0.04450875 -0.1627693 0.245994 0.04414021 -0.1635966 0.245948 0.0440005 -0.16324 0.2455874 0.04469984 -0.1634318 0.2457478 0.04446762 -0.1632118 0.2452111 0.04488343 -0.1640054 0.2457509 0.04408091 -0.1636025 0.2452129 0.04473185 -0.1638492 0.2455669 0.0444101 -0.1642058 0.2455102 0.04414516 -0.1641792 0.2458496 0.04367506 -0.1640357 0.2451996 0.04446154 -0.1643745 0.2451642 0.04414683 -0.1645065 0.2456758 0.04352045 -0.1645174 0.2458447 0.04289168 -0.1646248 0.2452639 0.04378509 -0.1647694 0.2454442 0.04329615 -0.1648099 0.2455844 0.04280829 -0.164869 0.2451517 0.04328715 -0.1649781 0.2451882 0.04278713 -0.1642315 0.2459856 0.02730268 -0.1659951 0.2466689 0.02548223 -0.1653653 0.2458748 0.02613908 -0.1653241 0.2465304 0.02583867 -0.1648564 0.2464385 0.02604591 -0.1650429 0.2455553 0.02671873 -0.1649839 0.2461005 0.0263192 -0.1648576 0.2457385 0.02688497 -0.1646236 0.2460063 0.02674925 -0.1645377 0.245866 0.02722054 -0.1648404 0.2455694 0.0273205 0.1667479 0.2486752 0.02481621 0.1602658 0.2488928 0.02468353 0.1603139 0.2494282 0.02419537 0.1666464 0.2495988 0.02396398 0.1669816 0.2497878 0.02355438 0.1668721 0.2499801 0.02292162 0.1602323 0.2483142 0.02496612 0.1672312 0.2484304 0.02483701 0.1597395 0.2485412 0.02478498 0.1597567 0.2490084 0.02450656 0.1597843 0.2494726 0.02405667 0.1600522 0.2497525 0.02363264 0.1601513 0.2498931 0.02329385 0.1602469 0.2499937 0.02276778 0.1672534 0.248941 0.02455407 0.1667239 0.2492145 0.02441966 0.1671733 0.249394 0.02415513 -0.1602062 0.2481319 0.02501362 -0.1597542 0.248191 0.02492111 -0.1602265 0.2486091 0.02484095 -0.1602707 0.2491852 0.0244534 -0.1597424 0.2487586 0.02467221 -0.1597904 0.2492825 0.02427643 -0.1600535 0.2496382 0.02384543 -0.1600607 0.249884 0.02330476 -0.1599895 0.2499915 0.02278345 0.2099877 0.2453333 0.02276986 0.2098492 0.245492 0.02333164 0.2098863 0.2460318 0.0227859 0.209607 0.2456893 0.02380585 0.2096151 0.2465187 0.02335947 0.2093902 0.2455255 0.02412188 0.2091112 0.2454443 0.02440243 0.2092181 0.2467008 0.0239619 0.2086514 0.2452873 0.02472579 0.2091765 0.2473751 0.02349323 0.2091267 0.2477961 0.02289408 0.2088515 0.2462304 0.02448689 0.2086873 0.2482149 0.02328073 0.2088773 0.2474718 0.02387535 0.2080485 0.2456113 0.0249347 0.2084327 0.2462591 0.02472776 0.2080332 0.2488608 0.02320456 0.2075875 0.2457116 0.02499723 0.2084965 0.2474755 0.02426868 0.2083157 0.2481799 0.02388274 0.2081449 0.2485135 0.02369076 0.2082738 0.2471534 0.02457362 0.2078359 0.2467466 0.02486777 0.207806 0.2482938 0.02422237 0.2072064 0.2492669 0.02352631 0.2076876 0.247884 0.02456068 0.207184 0.2467416 0.02499294 0.2062803 0.2497465 0.02318847 0.2071518 0.2487658 0.02422255 0.206608 0.2494373 0.02368187 0.2073634 0.2474945 0.02482813 0.2053878 0.2498772 0.02327877 0.2068374 0.2477791 0.02487951 0.2062661 0.2491704 0.02418541 0.2065742 0.2486733 0.02451765 0.2058051 0.2495456 0.02385002 0.2054921 0.2489924 0.02449899 0.2057299 0.2485327 0.02476066 0.2053124 0.2494983 0.02401345 0.2057452 0.248149 0.02490174 0.2056909 0.247669 0.02499377 -0.1667121 0.2491108 0.02452462 -0.1666594 0.2496198 0.02393555 0.2054278 1.06879e-4 0.02320623 0.2060145 2.33492e-4 0.02333831 0.2053396 3.6971e-4 0.02380698 0.2053635 7.40625e-4 0.0242753 0.2070396 5.12155e-4 0.02313882 0.2066048 5.20891e-4 0.02360087 0.2058852 6.17659e-4 0.02405655 0.2053229 0.001326084 0.02471596 0.2077954 9.59503e-4 0.02319604 0.2065982 8.34759e-4 0.02406662 0.2062217 0.001154184 0.02448904 0.2073029 9.43005e-4 0.02377325 0.2084584 0.001532912 0.02326172 0.2053822 0.001899838 0.02492523 0.2080014 0.001330792 0.02362942 0.2061561 0.00178945 0.02484095 0.2072689 0.001330733 0.02424693 0.2087242 0.001667499 0.02285426 0.2058407 0.002354502 0.02499312 0.2080546 0.001880526 0.02418398 0.2070726 0.002012252 0.02474331 0.2090088 0.002324521 0.02347803 0.2093949 0.002611815 0.02278602 0.2075253 0.00192368 0.02453184 0.2084502 0.002045154 0.02396166 0.2096031 0.003243744 0.02314412 0.2069103 0.002512991 0.02492362 0.2088516 0.002670228 0.02400946 0.2093163 0.003012776 0.02360761 0.2085544 0.002885222 0.02441143 0.2079491 0.002785086 0.02470868 0.2096752 0.003710925 0.02339446 0.2093261 0.003597557 0.02396094 0.2078333 0.003264009 0.02487629 0.2098772 0.004689276 0.02328109 0.2085383 0.003385603 0.0245915 0.2096979 0.004496634 0.02366584 0.209069 0.003778159 0.02429723 0.2073088 0.003445923 0.0249958 0.2093519 0.00461477 0.02418196 0.2088407 0.004488468 0.02460563 0.2083791 0.004364371 0.02482908 0.2078957 0.004487872 0.02496761 -0.1668596 0.2478383 0.02506136 -0.1667771 0.2484555 0.02491414 -0.167279 0.2486434 0.02473968 -0.167242 0.2491911 0.02435553 -0.1672107 0.2495408 0.02395761 -0.1669858 0.2498462 0.02341628 -0.1670064 0.2499848 0.02286726 -0.2098654 0.004611968 0.02329522 -0.2097898 0.003805577 0.0231139 -0.2095576 0.004582345 0.02392327 -0.209571 0.003671884 0.02360445 -0.2095054 0.002863645 0.02286523 -0.2090807 0.004779279 0.02444767 -0.2093269 0.003820419 0.02403229 -0.2092994 0.002835392 0.02347326 -0.209106 0.002152085 0.02279055 -0.2090221 0.003917574 0.02437883 -0.2089951 0.002230286 0.02334517 -0.2090702 0.003086328 0.02402412 -0.2085571 0.00426191 0.02474546 -0.2084738 0.001501858 0.02315539 -0.2080488 0.004442453 0.02493828 -0.208817 0.002467751 0.02389633 -0.2084338 0.001839041 0.02377671 -0.2086054 0.003315687 0.0245254 -0.2079452 9.6966e-4 0.02279829 -0.2073863 0.003598928 0.02499693 -0.2084101 0.002423942 0.02428907 -0.2079057 0.003352284 0.02487063 -0.2076226 8.84785e-4 0.02329826 -0.2073622 5.97075e-4 0.02274578 -0.2076647 0.001100659 0.02367258 -0.2080445 0.002681076 0.02462965 -0.2068245 4.80897e-4 0.02333348 -0.2076259 0.001468122 0.02414292 -0.2070022 7.15494e-4 0.02365309 -0.2073345 0.0018121 0.02455604 -0.2068747 0.001083552 0.02421241 -0.2071534 0.002477586 0.02487927 -0.2053865 3.0592e-5 0.02292209 -0.206222 4.30805e-4 0.0236622 -0.2054575 3.16506e-4 0.0237115 -0.2064588 0.00177443 0.02478969 -0.2060216 8.27015e-4 0.02425706 -0.2060729 0.00126177 0.02458965 -0.2060495 0.00213921 0.02494764 -0.2053423 6.71564e-4 0.02420222 -0.2056428 0.002360224 0.02499669 -0.2052865 0.001120865 0.02458775 -0.2053483 0.001717269 0.02487987 -0.2053048 0.2498761 0.02328389 -0.2054836 0.2494922 0.02400809 -0.205489 0.248987 0.02450323 -0.2053208 0.2486075 0.02474075 -0.2059645 0.2497404 0.0234434 -0.2065796 0.2494933 0.02359205 -0.2078672 0.249096 0.02275067 -0.207375 0.2491751 0.02349752 -0.2062597 0.249076 0.02429181 -0.2079946 0.2489175 0.02314531 -0.2070892 0.2491024 0.02386879 -0.2085523 0.2485109 0.02277678 -0.2056397 0.2481612 0.02490419 -0.2082716 0.248556 0.02344888 -0.2067256 0.2488116 0.02435916 -0.206409 0.2483061 0.02476316 -0.2076081 0.2487068 0.02397346 -0.2070875 0.2481942 0.02464312 -0.2076162 0.2482457 0.02438157 -0.2089591 0.24777 0.02343308 -0.2062679 0.2477142 0.02495932 -0.2083826 0.2480626 0.02393841 -0.2094212 0.2471969 0.0231232 -0.2084162 0.2475264 0.02430021 -0.2088773 0.2473109 0.02399879 -0.2096539 0.2464467 0.02332484 -0.2092778 0.24691 0.0237351 -0.2071678 0.247482 0.02487552 -0.2079013 0.2474916 0.0246315 -0.2098849 0.2456174 0.02318561 -0.2062035 0.2475847 0.02499383 -0.2088661 0.2466992 0.02432644 -0.2097643 0.245505 0.02353316 -0.2093477 0.2461412 0.02403718 -0.2078959 0.2468708 0.02482372 -0.2084491 0.2466865 0.02462422 -0.2074351 0.2467092 0.02496224 -0.2094366 0.2452664 0.0240935 -0.2084784 0.2457084 0.02478796 -0.2089131 0.2455465 0.02455383 -0.2080246 0.245797 0.02492994</float_array>
          <technique_common>
            <accessor source="#Part__Feature_021-mesh-positions-array" count="685" stride="3">
              <param name="X" type="float"/>
              <param name="Y" type="float"/>
              <param name="Z" type="float"/>
            </accessor>
          </technique_common>
        </source>
        <source id="Part__Feature_021-mesh-normals">
          <float_array id="Part__Feature_021-mesh-normals-array" count="6324">-0.006487667 -0.9921694 0.1247318 0.004343926 -0.9595518 0.2814989 -0.002356767 -0.8504701 0.5260183 -8.73509e-4 -0.8575121 0.514463 0.001351237 -0.6191115 0.785302 1.11542e-4 -0.6273702 0.7787212 0.002081692 -0.2279725 0.9736654 -0.001679062 -0.2604339 0.9654902 0.003020167 0.1604155 0.9870449 -0.002215087 0.1109331 0.9938254 -0.002872288 0.4785591 0.8780506 0.004185318 0.5537568 0.832668 -0.003309369 0.6929346 0.7209929 0.003992557 0.8116073 0.5841899 -0.003195166 0.8784629 0.4778001 0.003055989 0.9529528 0.3031038 -0.003086388 0.9774429 0.2111779 -0.002705097 0.9786775 0.205385 0.003522872 0.9504017 0.3110053 -0.003199398 0.8976107 0.4407775 0.004343628 0.7815325 0.6238496 -0.005951523 0.6922488 0.7216345 0.007760405 0.4704825 0.8823752 -0.006323695 0.319195 0.947668 -0.003536581 -0.04153704 0.9991307 0.003536581 0.04153674 0.9991307 0.005745708 -0.3032453 0.9528953 -0.007623553 -0.4779235 0.8783684 0.005057871 -0.6237227 0.7816294 -0.004369258 -0.8199054 0.5724825 0.001635968 -0.8506895 0.5256661 -0.001289486 -0.9866633 0.1627696 0.003569066 -0.9928854 0.1190207 1.75613e-5 -2.03197e-4 1 -1.73692e-4 0 1 -1.75953e-4 1.78804e-7 1 6.97642e-4 9.92138e-4 0.9999994 2.56704e-4 5.85079e-4 0.9999999 -0.001077353 0.002273976 0.9999969 8.66072e-6 -1.94898e-4 1 0 -3.89197e-4 1 -9.29776e-4 -0.001223146 0.9999989 2.03819e-6 0.001097679 0.9999995 5.68082e-5 0.002173483 0.9999977 9.86145e-4 0.00202167 0.9999976 -1.9397e-4 5.24469e-4 0.9999999 1.54826e-4 0 1 2.35343e-4 -6.22876e-6 1 -7.73965e-4 0.001038312 0.9999992 0.004151523 0.005805552 0.9999746 0 -0.01406311 0.9999012 -1.39752e-4 0.02134251 0.9997723 1.20513e-6 -0.01408803 0.9999008 2.5954e-4 -0.01962977 0.9998073 0 0 -1 0.9866074 -0.1631118 6.94612e-4 0.9759545 -0.2179707 -0.001281797 0.9759545 -0.2179707 -0.001285076 0.9760286 -0.2176364 -0.00162059 0.9330165 -0.3598251 0.002514362 0.8766113 -0.4811968 -0.001525402 0.815303 -0.579031 0.002036571 0.7207415 -0.6932035 -9.40572e-4 0.6675524 -0.744561 0.00166434 0.530834 -0.8474755 -8.19575e-4 0.5018894 -0.8649317 4.60428e-4 0.3460789 -0.9382054 4.10269e-4 0.3045138 -0.9525071 -0.001289188 0.1679551 -0.9857926 0.002017855 0.9999998 1.70379e-4 -7.00342e-4 0.9999998 1.70326e-4 -7.03783e-4 0.9999998 1.70284e-4 -7.05577e-4 1 4.83449e-6 -1.3704e-4 1 9.10329e-6 -4.80679e-6 1 7.43276e-5 -2.08192e-4 1 1.11722e-5 -1.28358e-6 1 3.43529e-5 4.29335e-4 1 2.01448e-5 -1.56829e-4 1 5.32762e-5 1.13487e-5 1 -5.38609e-5 -1.30283e-4 1 5.15834e-5 2.82165e-5 1 -1.23216e-4 -1.13693e-4 1 1.67521e-4 -1.08111e-4 1 1.67644e-4 -9.19046e-5 1 -1.03946e-4 2.31946e-4 1 -3.27245e-4 -7.50871e-5 0.9999998 8.21213e-5 7.24839e-4 0.9999988 7.91807e-4 0.001401424 0.9999984 -0.001793801 1.31975e-4 0.999999 -0.001433968 1.84499e-4 0.9999998 -5.99188e-4 3.57535e-4 1 -3.66199e-4 4.36552e-4 1 -1.45348e-4 5.45123e-4 0.9999998 3.31425e-5 6.27146e-4 1 5.10475e-5 5.30894e-5 0.1754335 0.9844884 0.002380132 0.1750971 0.9845491 0.002042233 0.1750972 0.9845491 0.0020383 0.3491744 0.9370579 2.97243e-5 0.3089463 0.9510776 -0.001892864 0.4901449 0.8716399 0.001447975 0.5953665 0.8034525 -0.001731514 0.6405013 0.7679563 0.001134276 0.7914856 0.6111863 0.001448333 0.864379 0.5028408 -3.28449e-4 0.8477879 0.5303319 -0.0019266 0.847788 0.5303318 -0.001937687 0.8476071 0.5306197 -0.002273261 0.9207757 0.3900876 0.001929223 0.959197 0.2827347 0.001471996 0.9896256 0.1436691 5.60848e-4 0.9786391 0.2055817 -0.001330316 -3.17283e-4 1 7.21934e-5 -9.42081e-4 0.999999 0.001126348 -1.08249e-4 1 -1.34136e-4 0.001972436 0.9999924 0.003386855 -1.70928e-5 0.9999998 -7.27377e-4 -6.82117e-6 1 -5.58e-4 -0.9908903 0.1346672 0.001149356 -0.9908456 0.1349979 8.23852e-4 -0.9908456 0.134998 8.1152e-4 -0.9781044 0.2081063 -0.001889407 -0.9372718 0.3485894 0.002662301 -0.8356827 0.5492119 -9.19793e-4 -0.8450517 0.5346812 -0.001933455 -0.7669574 0.6416957 0.001794457 -0.649444 0.7604093 4.92052e-4 -0.6159362 0.7877945 -0.001586914 -0.6159361 0.7877946 -0.001575291 -0.615556 0.7880905 -0.002066254 -0.486428 0.8737187 0.001929044 -0.3647304 0.9311132 -1.9029e-4 -0.3352824 0.942116 -0.001803934 -0.1797295 0.9837132 0.002396523 -1 -1.89805e-4 -1.77957e-4 -1 -1.2725e-4 -2.06489e-4 -0.9999999 -3.85415e-4 3.36792e-4 -1 1.88219e-5 -1.42043e-4 -1 1.84088e-5 -1.5718e-4 -1 -5.85942e-5 -2.34922e-4 -1 3.44391e-5 -2.94515e-4 -0.9999999 3.7991e-4 -5.44023e-4 -0.9999959 -0.002868235 3.46467e-4 -0.9999991 -0.001163661 7.15015e-4 -0.9999995 -6.73423e-4 8.73454e-4 -0.9999994 -3.48852e-4 0.001064836 -0.9999992 7.45076e-5 0.001365482 -0.9999945 -0.003301858 2.80126e-4 -0.9999955 0.00180602 0.002408921 -0.9999943 0.001947402 0.002759039 -0.9999943 0.001947522 0.002751469 -1 5.8667e-7 -2.41572e-4 -1 1.10344e-5 -1.45249e-7 -1 1.03065e-5 -3.03306e-6 -1 8.91199e-6 -6.89374e-6 -1 1.45526e-5 6.6488e-5 -1 1.69208e-5 1.34099e-5 -1 1.5954e-5 5.59013e-6 -0.9999994 -1.88966e-5 0.001147925 -0.1521961 -0.9883493 0.001440942 -0.2599131 -0.9656318 6.38934e-4 -0.2229053 -0.97484 -5.04909e-4 -0.3979077 -0.9174245 0.001411736 -0.4813089 -0.8765502 -0.001282989 -0.5384762 -0.8426403 8.48208e-4 -0.6312522 -0.775577 0.001028954 -0.7032656 -0.7109252 -0.001745641 -0.7659183 -0.6429361 0.001609086 -0.8719961 -0.4895129 3.04733e-4 -0.8806348 -0.4737956 -4.58544e-4 -0.9170029 -0.3988795 9.00924e-4 -0.9701327 -0.2425737 -7.9031e-4 -0.9774966 -0.2109487 0.001129806 -0.9774268 -0.2112732 7.84504e-4 -0.9774268 -0.2112733 7.90217e-4 6.37264e-5 -0.9999994 -0.001108109 -3.69459e-5 -0.9999998 7.1037e-4 1 0 0 0 1 0 -1 0 0 0 -1 0 -0.004008889 -0.9874468 -0.1579015 0.004668712 -0.9506934 -0.3100972 -0.003996789 -0.9006092 -0.4346116 0.005319535 -0.7768795 -0.6296268 -0.006037533 -0.6552751 -0.7553663 0.003810822 -0.5291162 -0.848541 -0.002985656 -0.3023707 -0.9531858 7.99115e-4 -0.2631855 -0.964745 -7.9913e-4 0.0668087 -0.9977656 0.004551291 0.1243066 -0.9922334 -0.005075335 0.3450729 -0.9385622 0.005045115 0.5560162 -0.8311563 -0.003964543 0.634422 -0.7729768 0.005097746 0.83516 -0.5499835 -0.004859507 0.9006261 -0.4345679 0.002872884 0.9617577 -0.2738869 -0.003061771 0.994117 -0.1082687 0.002857983 0.9999054 -0.01346117 -1 1.50483e-4 0 -1 1.64029e-5 0 -1 -3.43851e-5 0 -1 -1.67802e-5 0 -1 3.541e-5 0 -1 1.21755e-4 0 -1 -5.20779e-6 0 -1 2.20773e-5 0 -1 -1.05227e-5 0 -1 -3.77665e-6 0 -1 8.40672e-5 0 0.003163337 0.9999045 -0.0134589 -0.003161728 0.9929271 -0.1186843 0.002771556 0.9617576 -0.2738885 -0.003601908 0.9102123 -0.4141263 0.003673136 0.8442015 -0.5360135 -0.004741847 0.7037045 -0.7104771 7.06773e-4 0.6593974 -0.7517942 0.003984272 0.4438552 -0.8960897 -0.005548536 0.3341876 -0.9424903 0.003355205 0.1192624 -0.9928571 -0.003674089 -0.008903563 -0.9999536 0.003659248 -0.1546685 -0.9879598 -0.003439068 -0.3656247 -0.9307561 0.00172913 -0.4309434 -0.9023774 -0.001321852 -0.6432191 -0.7656812 -9.47226e-6 -0.6549395 -0.7556813 8.88945e-4 -0.8604579 -0.5095208 0.002424478 -0.8535556 -0.5209962 -0.004795134 -0.9671722 -0.2540768 0.006835222 -0.9952785 -0.09682005 1 8.0197e-6 0 1 -1.0217e-4 0 1 -9.56966e-5 0 1 -2.03409e-6 0 1 3.68429e-6 0 1 1.81201e-5 0 1 4.16332e-6 0 1 -8.99599e-5 0 1 -5.96654e-6 0 1 -1.24806e-5 0 1 -2.33984e-5 0 0.9999981 -0.001630306 0.001130282 0.999998 0.001413166 -0.001473724 -2.97262e-5 0.001130878 -0.9999995 -4.85354e-5 5.73868e-4 -0.9999999 -0.9999959 -0.001862347 -0.002203702 -0.9999989 -7.58068e-4 -0.001242399 0.9999973 0.001545667 0.001759767 0.9999993 6.02139e-4 0.001088082 1.60509e-5 1.44664e-4 1 -1.12566e-5 9.60306e-4 0.9999997 -0.9999996 5.06204e-4 8.08262e-4 -0.9999992 -1.10719e-4 0.001242578 2.52957e-4 -0.9999999 5.13071e-4 0.001584947 -0.9999979 0.001348972 -0.001652181 -0.9999892 -0.004344701 0.006088972 -0.9999815 -4.32402e-4 0.01193547 -0.9999282 -0.001095831 -0.004514932 -0.999985 0.003084719 -1.28478e-4 -1 3.63605e-4 8.40766e-4 -0.999998 -0.001819312 -0.006452083 -0.9999793 1.4373e-4 -0.003454685 -0.999994 4.50599e-4 -5.60161e-6 -0.9999974 -0.002273917 8.80023e-6 -0.9999822 -0.005977392 -0.005807995 0.9999746 -0.004134833 -0.005802035 0.9999746 -0.004135429 -0.005847573 0.9999744 -0.004132688 -0.001388251 0.9999991 3.44251e-4 -0.001367926 0.9999991 3.37864e-4 -0.001437366 0.999999 3.54112e-4 -0.003761112 0.999993 -1.3126e-4 0.002196907 0.9999964 0.001616656 0.002051115 0.9999966 0.001639246 0.002209126 0.9999963 0.001612603 -0.003673553 0.9999933 -1.03831e-4 -0.003420472 0.9999942 -1.2823e-4 -0.001287698 0.9999891 -0.004494547 -0.01002228 0.9999443 0.003300666 -0.001802742 0.9999982 6.67795e-4 0.004063248 0.9999718 -0.006328165 -0.003983616 0.9999921 1.23784e-4 -0.00755161 0.9999715 -2.94258e-4 6.42808e-6 0.9999958 -0.002938628 2.34595e-5 0.9999743 -0.007180571 5.41648e-4 -0.2598102 0.9656596 6.83941e-4 -0.2583678 0.9660464 0.001368224 -0.5183957 0.8551398 7.9007e-4 -0.5129723 0.8584048 -0.005343079 -0.677556 0.7354518 -0.004912555 -0.6797288 0.7334471 0.001243412 -0.8278085 0.5610095 -0.006102621 -0.846045 0.5330766 0.001804828 -0.955048 0.2964456 0.002539038 -0.9545602 0.2980074 0.9833387 -3.35986e-4 0.1817826 0.9697797 0.001402795 0.2439784 0.9371066 -0.001423239 0.3490406 0.8839229 0.001800298 0.4676293 0.8839232 0.001782715 0.467629 0.8841519 0.001323938 0.4671978 0.8338587 -0.00151968 0.5519761 0.8336697 -0.001185238 0.5522623 0.8338587 -0.001523196 0.5519761 0.7278555 7.90271e-4 0.6857302 0.7011365 -7.95051e-4 0.7130268 0.5132287 7.5001e-4 0.8582516 0.4403616 -0.002205312 0.8978179 0.2599396 0.001538932 0.9656237 0.1921799 4.93027e-5 0.9813598 -0.1617611 -3.14068e-4 0.98683 -0.305855 -6.10441e-4 0.952078 -0.258513 8.56184e-4 0.9660074 -0.51968 -4.40981e-4 0.854361 -0.5198785 -4.47783e-4 0.8542402 -0.6501794 5.50723e-4 0.7597806 -0.6917364 0.002707004 0.722145 -0.7806519 -5.85097e-4 0.6249659 -0.9151144 0.002772212 0.4031849 -0.9154093 0.003644406 0.402508 -0.9151129 0.002799987 0.4031879 -0.8928022 -9.40915e-4 0.450448 -0.9802817 -0.001263916 0.1976016 -0.9826492 -7.02996e-4 0.1854728 0.001957297 0.255146 0.9669007 -0.004947006 0.3563823 0.9343271 -0.002646327 0.5263952 0.850236 -0.002886474 0.5289611 0.8486412 -0.001314401 0.651964 0.7582489 0.01006805 0.7213924 0.6924533 -4.07295e-4 0.7809692 0.6245694 0.008107304 0.8898854 0.4561121 -0.005959868 0.9177 0.3972294 -0.005868315 0.9176986 0.3972339 -0.005971133 0.9177005 0.3972284 0.004080593 0.9479048 0.3185277 -0.01073998 0.9804369 0.196541 4.37746e-5 0.9893929 0.1452646 -0.006462216 0.3015843 0.9534176 0.005555808 0.4357032 0.9000733 -0.002887487 0.5289614 0.848641 -0.001315355 0.6519423 0.7582674 0.01004624 0.721136 0.6927208 0.01006942 0.7211354 0.692721 0.01006716 0.7211354 0.6927211 -0.004727423 0.8037191 0.5949903 0.001448273 0.8957762 0.4445031 0.001509308 0.8957774 0.4445006 0.00152558 0.8957785 0.4444982 -0.005630612 0.9048295 0.4257371 -0.00559467 0.9048308 0.4257348 -0.005677878 0.9048284 0.4257388 -0.001555204 0.9800812 0.1985912 0.00134325 0.9816939 0.190461 0.9832589 0.003228068 0.1821854 0.9833175 0.003570616 0.1818629 0.983259 0.003234207 0.1821855 0.9695793 -6.72911e-4 0.2447764 0.9072762 5.06573e-4 0.4205352 0.883869 0.001802504 0.4677312 0.8838692 0.001781344 0.4677309 0.8841438 0.001227915 0.4672135 0.8338553 -0.001520395 0.551981 0.8336665 -0.001183271 0.5522672 0.8338553 -0.001523911 0.551981 0.7278522 7.90295e-4 0.6857337 0.7011331 -7.95261e-4 0.71303 0.5132277 7.50028e-4 0.8582523 0.4254475 -0.002792537 0.9049788 0.2594944 0.0010553 0.9657441 0.1665936 -7.80986e-4 0.9860254 -0.1562585 -1.93075e-4 0.9877162 -0.3629735 -0.001540958 0.9317982 -0.2591927 0.001246392 0.9658249 -0.2591884 0.001286029 0.965826 -0.2596523 8.40102e-4 0.9657018 -0.5199707 -2.38057e-4 0.8541842 -0.5257467 -4.04626e-4 0.8506411 -0.6501892 5.54381e-4 0.7597723 -0.6917232 0.002708196 0.7221577 -0.7806304 -5.86873e-4 0.6249928 -0.9151124 0.002775609 0.4031895 -0.9154072 0.003647744 0.4025126 -0.915111 0.002803325 0.4031925 -0.8979999 -1.01848e-4 0.439996 -0.9801903 -3.17426e-4 0.1980578 -0.9869545 0.001417994 0.1609935 4.16494e-4 -0.2610552 0.9653239 6.84274e-4 -0.2583762 0.9660441 0.00136888 -0.5183881 0.8551445 7.90776e-4 -0.5129933 0.8583924 -0.005628943 -0.6846958 0.7288073 -0.006961703 -0.6780291 0.7350022 -0.002854466 -0.7873998 0.6164361 -0.011873 -0.832327 0.5541579 0.009567141 -0.917196 0.3983213 0.009585678 -0.9171968 0.3983193 0.009605884 -0.9171978 0.3983164 -0.002933919 -0.9402155 0.3405677 0.01083904 -0.9851331 0.1714509 0.01077258 -0.9851338 0.1714507 0.01082247 -0.9851334 0.1714504 0.01232659 -0.9840626 0.1773951 -0.9754734 -2.16338e-5 -0.2201179 -0.9772177 3.57665e-4 -0.212239 -0.9134254 2.78598e-4 -0.4070065 -0.9108052 5.63904e-4 -0.4128363 -0.8087441 -0.001397073 -0.588159 -0.8084645 -9.44116e-4 -0.5885443 -0.8087446 -0.001431107 -0.5881585 -0.7967511 -4.08511e-4 -0.6043075 -0.7967512 -4.04793e-4 -0.6043074 -0.7970348 -9.14685e-4 -0.6039327 -0.674968 7.32874e-4 -0.7378467 -0.6383158 -9.72053e-4 -0.769774 -0.4844362 0.002161145 -0.8748239 -0.4423485 -1.39514e-4 -0.8968432 -0.2284501 0.001214385 -0.9735549 -0.2284564 0.00116676 -0.9735535 -0.2287873 9.00555e-4 -0.973476 -0.1880959 -7.44049e-4 -0.9821504 0.1864658 9.83366e-4 0.982461 0.2223839 0.002440512 0.9749562 0.3753895 8.93787e-4 0.9268667 0.3790078 0.001048028 0.9253929 0.5561369 0.002880632 0.8310859 0.5960188 -1.63084e-4 0.8029705 0.7348596 -0.002186119 0.6782158 0.7813976 0.001846015 0.624031 0.9234578 -6.37776e-4 0.3836997 0.9388555 0.001885771 0.3443064 0.9906473 -0.002402722 0.1364269 0.2043746 -8.38018e-4 -0.9788924 0.1837204 3.22943e-4 -0.9829785 0.4717812 -4.0406e-4 -0.8817157 0.4417199 0.002146959 -0.8971504 0.6620615 -0.001535892 -0.749448 0.7268386 0.002841293 -0.6868025 0.8379569 -0.001497745 -0.5457344 0.8376904 -0.001012861 -0.5461444 0.8379569 -0.00149697 -0.5457344 0.8633379 2.1274e-4 -0.5046262 0.9492022 -0.001500129 -0.3146635 0.9574307 1.29773e-4 -0.2886634 0.9574297 6.31192e-5 -0.2886669 0.9572681 -4.47021e-4 -0.2892017 0.9737832 5.63231e-4 -0.2274775 0.9737759 6.81954e-4 -0.2275081 0.9738848 2.65053e-4 -0.2270432 -0.9849399 -1.79591e-4 0.1728972 -0.976988 0.001446545 0.2132896 -0.8978381 -4.65756e-4 0.4403256 -0.8982157 -4.15526e-4 0.4395549 -0.8222945 0.00243014 0.5690571 -0.8223007 0.0023579 0.5690484 -0.8220242 0.002803504 0.5694457 -0.6948767 -0.002089381 0.7191259 -0.6808317 -0.00103718 0.7324392 -0.680832 -0.001029789 0.7324389 -0.6805925 -6.76096e-4 0.7326619 -0.5293644 0.001342773 0.8483934 -0.4716464 -9.58738e-4 0.8817873 -0.3617197 0.001463472 0.9322858 -0.2538569 -6.48456e-4 0.9672417 -0.2228776 5.44687e-4 0.9748464 -0.222878 5.32146e-4 0.9748463 -0.2232137 8.87516e-4 0.9747692 0.1655714 -0.2746337 0.9471866 0.4677743 -0.2348847 0.8520659 0.3280782 -0.5893902 0.7382303 0.1928299 -0.7445026 0.6391655 0.3407759 -0.7823858 0.5212911 0.4133176 -0.7717728 0.4832552 0.8459234 -0.4289389 0.316899 0.8460384 -0.4286617 0.3169673 0.8460615 -0.4285731 0.3170256 0.4699913 -0.8573158 0.2100428 0.368085 -0.3361944 0.8668834 0.3575744 -0.3624736 0.8606703 0.3575587 -0.3625317 0.8606525 0.3575224 -0.3626045 0.8606369 0.1904044 -0.4814926 0.8555179 0.1905615 -0.4815143 0.8554708 0.1902151 -0.4815623 0.855521 0.5327668 -0.4122413 0.7390648 0.5237132 -0.4330313 0.7336269 0.738133 -0.3067691 0.6008765 0.8480529 -0.2216455 0.4813311 0.8480358 -0.2216784 0.4813462 0.8480873 -0.2215895 0.4812962 0.6578236 -0.5174415 0.5472865 0.6578036 -0.517457 0.5472959 0.6577237 -0.5175077 0.5473439 0.6637016 -0.5001505 0.5561922 0.6630858 -0.5007175 0.5564164 0.6632804 -0.5005087 0.5563724 0.8833705 -0.3184456 0.3438737 0.883456 -0.3182765 0.3438103 0.8834004 -0.3183747 0.3438621 0.950364 -0.2074838 0.2318597 0.9503726 -0.2074114 0.231889 0.950288 -0.2078523 0.2318411 0.471104 -0.8560838 0.2125595 0.471308 -0.8560165 0.2123784 0.4710781 -0.8560913 0.2125871 0.7568408 -0.1194948 0.6425831 0.7569448 -0.1195018 0.6424592 0.7570087 -0.1195548 0.6423742 0.7225021 -0.6257229 0.2940437 0.7224757 -0.6257462 0.294059 0.7223556 -0.6258338 0.2941674 0.638211 -0.6852716 0.3508414 0.638021 -0.6854931 0.3507544 0.6381382 -0.6853702 0.3507812 0.4204158 -0.8586544 0.2931952 0.4204825 -0.8586092 0.293232 0.420452 -0.8586308 0.2932118 0.7674409 -0.6226434 0.1528062 0.7675222 -0.6224879 0.1530318 0.7674641 -0.6225911 0.1529027 0.9591484 -0.2829028 -6.89798e-4 0.8994907 -0.4369381 0.001254856 0.8998665 -0.4361654 3.95547e-4 0.899866 -0.4361664 4.36787e-4 0.8765596 -0.4812904 0.001755416 0.8765605 -0.4812886 0.001783609 0.876325 -0.4817188 0.001323938 0.745155 -0.6668912 -6.23804e-4 0.7341104 -0.6790301 -3.29089e-4 0.4377275 -0.8991076 5.16598e-4 0.4373523 -0.8992903 2.89982e-4 0.4372953 -0.8993181 1.2754e-4 0.4960737 -0.8682786 -0.001797318 0.4960741 -0.8682783 -0.001810967 0.4957767 -0.8684474 -0.002154886 0.08269816 -0.9548922 -0.2852054 0.08280944 -0.9548909 -0.2851771 0.08298414 -0.9549095 -0.2850642 0.08246403 -0.8017031 -0.5920067 0.1020755 -0.8818901 -0.4602723 0.1830734 -0.8922246 -0.4128189 0.2203556 -0.6779141 -0.7013387 0.2188769 -0.5280283 -0.8205358 0.1979102 -0.3819441 -0.902746 0.197918 -0.3820449 -0.9027017 0.1979171 -0.382053 -0.9026985 0.1997709 -0.3782622 -0.9038857 0.1441715 -0.8903453 -0.4318562 0.1153678 -0.9798125 -0.163272 0.1153805 -0.9797868 -0.1634172 0.1153718 -0.9797933 -0.1633849 0.3747453 -0.654192 -0.6569619 0.3747612 -0.6541923 -0.6569525 0.3747649 -0.6541925 -0.6569502 0.249463 -0.8931874 -0.3741452 0.4318132 -0.7159699 -0.5485658 0.4320172 -0.7158004 -0.5486266 0.4319339 -0.7158839 -0.5485831 0.4318326 -0.4982078 -0.7518708 0.3793334 -0.5905636 -0.7122787 0.3792403 -0.5905166 -0.7123672 0.3792629 -0.590534 -0.7123407 0.4164986 -0.2923387 -0.8608525 0.4009272 -0.795072 -0.4551022 0.4007835 -0.7949981 -0.4553579 0.4008246 -0.7950537 -0.4552247 0.1773192 -0.9748868 -0.134736 0.1773749 -0.9748783 -0.1347233 0.1773568 -0.9748812 -0.1347263 0.4480155 -0.8299766 -0.3322968 0.4481369 -0.830092 -0.3318443 0.4480527 -0.8300852 -0.3319752 0.5529734 -0.5617214 -0.6153776 0.5984745 -0.5074541 -0.6199344 0.598466 -0.5074514 -0.6199448 0.5985143 -0.5074729 -0.6198807 0.5125728 -0.814994 -0.2702852 0.6561138 -0.2332377 -0.7177151 0.4179834 -0.8597175 -0.2935571 0.6402286 -0.6581248 -0.3962059 0.6400464 -0.6582299 -0.3963258 0.6402695 -0.6581175 -0.3961521 0.6388131 -0.5782065 -0.5075383 0.6390028 -0.5779477 -0.5075942 0.6387715 -0.5783312 -0.5074484 0.6890444 -0.360422 -0.62874 0.8642143 -0.1252985 -0.487272 0.4942098 -0.8556156 -0.1538789 0.4942243 -0.8556134 -0.1538443 0.4942207 -0.855614 -0.1538532 0.8285777 -0.3747674 -0.4159427 0.6244184 -0.6854027 -0.3745996 0.6244448 -0.6853947 -0.3745701 0.624396 -0.6854115 -0.3746209 0.3476698 -0.9257462 -0.1487274 0.3476699 -0.9257462 -0.1487269 0.3476697 -0.925746 -0.1487289 0.7475296 -0.5977624 -0.2896199 0.7474766 -0.5978343 -0.2896082 0.7475361 -0.5977544 -0.2896198 0.6608356 -0.7422043 -0.1114854 0.6606831 -0.7423442 -0.1114585 0.6606235 -0.7423936 -0.111483 0.8616781 -0.4528972 -0.2288994 0.8616564 -0.4528098 -0.2291542 0.8616625 -0.4528772 -0.228998 0.9537736 0.1231129 -0.2741519 0.953778 0.123055 -0.2741627 0.9537859 0.1229813 -0.274168 0.8831714 -0.4169066 -0.2149357 0.8831508 -0.4169811 -0.2148757 0.8831652 -0.416927 -0.2149215 2.54921e-5 -0.2294867 -0.9733119 -5.63483e-6 -0.2836662 -0.9589231 5.14951e-5 -0.5304012 -0.8477468 -3.26576e-5 -0.5952376 -0.8035498 -3.19299e-5 -0.7988384 -0.6015457 3.6877e-4 -0.7987585 -0.6016517 1.09926e-4 -0.7988293 -0.6015577 -1.9768e-5 -0.790241 -0.6127963 -9.00326e-5 -0.9090098 -0.4167748 -2.40744e-4 -0.90902 -0.4167526 -4.82164e-4 -0.9090948 -0.4165893 4.9468e-4 -0.932826 -0.3603269 1.59573e-4 -0.9327595 -0.3604995 -3.24228e-5 -0.9327507 -0.3605221 -0.1917607 -0.9773325 -0.08971607 -0.1919668 -0.9773371 -0.08922457 -0.1917981 -0.9773485 -0.0894621 -0.7328641 -0.644768 -0.21722 -0.7328613 -0.6447863 -0.2171751 -0.7328613 -0.6447861 -0.2171757 -0.6537658 -0.7399284 -0.1584181 -0.4519072 -0.8726376 -0.1851579 -0.9154015 -0.3678894 -0.1633939 -0.7223451 -0.6526852 -0.2285162 -0.722316 -0.6526845 -0.2286105 -0.7222313 -0.6527193 -0.2287782 -0.3373244 -0.9161326 -0.2165954 -0.7470363 -0.5818728 -0.3214979 -0.7470806 -0.5818428 -0.3214493 -0.7469879 -0.58191 -0.321543 -0.3587526 -0.8838177 -0.3002714 -0.3588259 -0.8838171 -0.3001857 -0.3587825 -0.8838189 -0.3002319 -0.9212713 -0.2121352 -0.325972 -0.9212331 -0.2120867 -0.3261118 -0.9212515 -0.212118 -0.3260393 -0.1543287 -0.9791165 -0.1323394 -0.1548042 -0.9790452 -0.1323106 -0.1545257 -0.9790954 -0.1322647 -0.8429675 -0.3405002 -0.4164918 -0.8429941 -0.3404476 -0.4164809 -0.8430399 -0.3403435 -0.4164735 -0.5996086 -0.692915 -0.4004226 -0.5994636 -0.6930469 -0.4004116 -0.5995689 -0.6929558 -0.4004117 -0.6187826 -0.6290169 -0.4705803 -0.4270884 -0.7891674 -0.4413733 -0.8205677 -0.284269 -0.4958425 -0.4452165 -0.7310572 -0.5170471 -0.4407953 -0.7759665 -0.4511934 -0.4408413 -0.775932 -0.4512079 -0.4408068 -0.7759573 -0.4511981 -0.7172495 -0.3942385 -0.5745689 -0.7172428 -0.3942087 -0.5745975 -0.7172536 -0.3942714 -0.5745409 -0.1746727 -0.9305042 -0.3219497 -0.1746054 -0.9304477 -0.3221492 -0.1746243 -0.9304825 -0.3220384 -0.6866068 -0.3799353 -0.6198552 -0.6866657 -0.3798851 -0.6198205 -0.6866178 -0.3799249 -0.6198493 -0.5961265 -0.4499478 -0.6649664 -0.1169441 -0.9593013 -0.2570315 -0.1167333 -0.9593211 -0.2570531 -0.116263 -0.9594411 -0.2568186 -0.2527864 -0.8382984 -0.4830682 -0.2527431 -0.8382835 -0.4831168 -0.2526139 -0.8382673 -0.4832124 -0.2416127 -0.7769722 -0.5813239 -0.2417731 -0.7769759 -0.5812522 -0.2419081 -0.7770839 -0.5810518 -0.4774777 -0.5314349 -0.6997086 -0.4331662 -0.4162799 -0.7994236 -0.1575198 -0.8534291 -0.4968363 -0.24312 -0.6369064 -0.731603 -0.4393926 -0.4074389 -0.8005797 -0.439361 -0.4076408 -0.8004942 -0.4393684 -0.4076706 -0.800475 -0.2045693 -0.5792361 -0.7890735 -0.2043839 -0.5792692 -0.7890973 -0.2044757 -0.5792639 -0.7890775 -0.4181163 -0.3333382 -0.8450233 -0.2068628 -0.575827 -0.7909685 -0.1617611 -0.456871 -0.8747012 -0.2572526 -0.1512312 -0.9544371 -0.9604672 -0.278392 8.44621e-4 -0.9604912 -0.2783086 0.001077294 -0.9606513 -0.2777539 0.001401484 -0.8683122 -0.4960072 -0.003294587 -0.8680747 -0.4964258 -0.002782583 -0.8680744 -0.4964266 -0.002798438 -0.7230364 -0.6908079 0.001702845 -0.6431735 -0.7657189 -0.001547634 -0.6428011 -0.7660324 -0.001106619 -0.6428 -0.7660333 -0.00108093 -0.3843305 -0.9231947 -0.00135827 -0.3847784 -0.9230087 -8.14943e-4 -0.3847443 -0.923023 -6.84196e-4 -0.3745394 -0.9272109 -5.86382e-4 -0.2744837 -0.1655399 0.9472356 -0.1828832 -0.8127387 0.5531813 -0.1828177 -0.8127786 0.5531445 -0.182811 -0.8127834 0.5531398 -0.2853746 -0.8610196 0.4209592 -0.7256413 -0.3710243 0.5794701 -0.8391845 -0.4873628 0.2413438 -0.8391885 -0.4873557 0.2413446 -0.8392677 -0.4872245 0.241334 -0.2862402 -0.3924769 0.8740872 -0.3627206 -0.3583829 0.8602299 -0.3627186 -0.358396 0.8602254 -0.3627228 -0.3583287 0.8602517 -0.4110262 -0.2864992 0.8654338 -0.390641 -0.5401268 0.7454279 -0.4420527 -0.442489 0.7802518 -0.3679772 -0.6641284 0.6507891 -0.6627449 -0.4940476 0.5627487 -0.6782266 -0.4143036 0.6069278 -0.6783975 -0.4142861 0.6067487 -0.6781507 -0.4141948 0.6070867 -0.376439 -0.8350708 0.4011864 -0.3763837 -0.8351043 0.4011683 -0.3764723 -0.8350526 0.401193 -0.6061731 -0.6552502 0.4507787 -0.6061784 -0.6552453 0.4507788 -0.6061053 -0.6553081 0.4507857 -0.58654 -0.7027688 0.4026001 -0.5863335 -0.7029079 0.4026581 -0.5870995 -0.7022861 0.4026269 -0.8561554 -0.4710297 0.212436 -0.8561456 -0.4710732 0.2123789 -0.8561679 -0.470952 0.2125578 -0.2672622 -0.604127 0.750734 -0.2673313 -0.6042425 0.7506165 -0.2672759 -0.6041632 0.7507001 -0.729795 -0.1834 0.6586074 -0.7297902 -0.1833304 0.6586322 -0.7297844 -0.1832917 0.6586493 -0.8523983 -0.3850311 0.3537912 -0.6487448 -0.7291185 0.2179825 -0.6487502 -0.7291078 0.2180024 -0.6487482 -0.7291118 0.2179952 -0.2916244 -0.9347532 0.2029572 -0.2913586 -0.9348968 0.2026773 -0.2908495 -0.9351014 0.2024647 -0.624424 -0.7632571 0.1659316 -0.6243584 -0.7632817 0.1660653 -0.6244028 -0.7632634 0.1659831 0.3493739 -0.8358253 0.4234787 0.3493239 -0.8358779 0.4234158 0.3492064 -0.8359657 0.4233397 0.8460505 -0.4285813 0.3170438 0.8460695 -0.4285081 0.3170923 0.845955 -0.4288125 0.3169859 0.2712221 -0.6594541 0.7011128 0.4677121 -0.2349338 0.8520866 0.1655629 -0.2746312 0.9471889 0.459928 -0.8597497 0.2220289 0.4602584 -0.8596817 0.2216072 0.4601322 -0.8597176 0.2217299 0.1960751 -0.9459891 0.2581846 0.1960262 -0.9460001 0.2581815 0.1960679 -0.9459906 0.2581846 0.9503211 -0.2077544 0.2317924 0.9503419 -0.2076288 0.23182 0.9502208 -0.2081515 0.2318481 0.8833134 -0.3185091 0.3439616 0.8833879 -0.3183334 0.3439329 0.8833333 -0.3184514 0.343964 0.1937604 -0.8454559 0.4976559 0.6932784 -0.4494464 0.56335 0.692529 -0.4500396 0.563798 0.6928356 -0.4497475 0.5636543 0.5508187 -0.5957927 0.5844911 0.4752799 -0.7712647 0.423391 0.4752674 -0.7715055 0.422966 0.4752147 -0.7714236 0.4231743 0.8560793 -0.2389483 0.4582926 0.7337915 -0.3130892 0.6029306 0.3868259 -0.5176175 0.7631763 0.3868716 -0.5175668 0.7631873 0.3867901 -0.5176735 0.7631564 0.5794944 -0.3916444 0.7147033 0.2470141 -0.4359179 0.8654245 0.358699 -0.3629045 0.8600206 0.3586843 -0.3629995 0.8599867 0.3586242 -0.3631395 0.8599526 0.3726584 -0.3315758 0.8667083 0.3726276 -0.3315688 0.8667242 0.3726516 -0.3315739 0.8667119 0.7693253 -0.612061 0.1830848 0.7693979 -0.6119033 0.1833068 0.7693493 -0.6119964 0.1831998 0.5863415 -0.7216464 0.3680083 0.5863636 -0.7216305 0.3680044 0.5861279 -0.7218266 0.3679953 0.6816217 -0.6741632 0.2844222 0.6817625 -0.6740265 0.2844088 0.6815435 -0.6742323 0.2844455 0.2528117 -0.6674468 0.7004293 0.2527629 -0.6674486 0.700445 0.2528516 -0.6674411 0.7004203 0.7337813 -0.1310324 0.6666301 0.7339122 -0.1309931 0.6664937 0.7339907 -0.1310074 0.6664044 0.9591476 -0.282906 -5.73131e-5 0.8766465 -0.4811324 0.001651883 0.8766474 -0.4811305 0.001681149 0.8766475 -0.4811303 0.001692473 0.8706313 -0.4919291 0.00262475 0.8702982 -0.4925217 0.001928925 0.8702979 -0.4925219 0.001941025 0.7449064 -0.667169 -1.78856e-4 0.5770796 -0.8166858 0.001877486 0.5768251 -0.816866 0.001666724 0.5768073 -0.8168788 0.001580297 0.5535567 -0.8328106 0.001186013 0.5535832 -0.8327933 0.001069545 0.5531898 -0.8330551 5.23933e-4 0.2445562 -0.9696327 0.002196609 0.2441179 -0.9697437 0.00189203 0.2440894 -0.9697512 0.001775145 0.2923945 -0.9562975 7.94675e-4 0.2924175 -0.9562906 6.87134e-4 0.2928487 -0.9561588 3.65458e-4 0.9261978 -0.3163617 0.2051171 0.8639426 -0.4926499 0.1043992 0.8639715 -0.4925963 0.1044123 0.8638976 -0.4927365 0.104363 0.7795692 -0.6056294 0.1596407 0.7795939 -0.6056409 0.159476 0.7795872 -0.6056314 0.159545 0.8848103 -0.2864049 0.3675362 0.8848527 -0.2864038 0.3674354 0.8848966 -0.2863901 0.3673401 0.8578625 -0.3385338 0.3866095 0.8578355 -0.3385624 0.3866443 0.8578786 -0.3385146 0.3865904 0.6075922 -0.7869212 0.1076413 0.6075896 -0.7869151 0.1077013 0.6075943 -0.7869218 0.1076264 0.7531289 -0.5763013 0.3172913 0.5163954 -0.8354247 0.1881527 0.6454691 -0.6863377 0.3351272 0.7448936 -0.3418961 0.572923 0.7315846 -0.160871 0.6624987 0.5392789 -0.803183 0.2531313 0.2808521 -0.9543231 0.10193 0.2807442 -0.9543361 0.1021043 0.2810341 -0.9542841 0.1017927 0.6060903 -0.5773429 0.5471103 0.5860549 -0.6374995 0.5001342 0.3893128 -0.8641096 0.3189832 0.5174703 -0.4172234 0.7470939 0.2022263 -0.9712671 0.1254788 0.2022137 -0.9712833 0.1253738 0.2022138 -0.9712838 0.1253694 0.4019357 -0.8182197 0.4110528 0.4019104 -0.8182197 0.4110776 0.4019615 -0.8182177 0.4110316 0.5030793 -0.5131022 0.6954404 0.5084637 -0.3842551 0.7705925 0.3678655 -0.6853813 0.6284326 0.09920626 -0.991047 0.08935403 0.3622789 -0.8209926 0.441277 0.3447201 -0.3002125 0.8894046 0.2716619 -0.6973179 0.6632855 0.2260471 -0.4078438 0.8846277 0.1643025 -0.3436446 0.9246151 0.1501762 -0.9373192 0.3144519 0.1497383 -0.9374038 0.3144083 0.1499593 -0.9373488 0.3144672 0.210603 -0.5942099 0.7762481 0.2107261 -0.5943071 0.7761402 0.2106483 -0.5942357 0.776216 0.1251403 -0.9326459 0.3383959 0.1258933 -0.9324102 0.3387657 0.1255769 -0.9324766 0.3387005 0.126514 -0.8732462 0.4705693 2.01743e-5 -0.3232135 0.9463261 -9.04188e-6 -0.3447442 0.9386968 -1.94828e-5 -0.7042058 0.709996 8.69664e-6 -0.7179254 0.6961202 3.77325e-4 -0.8308078 0.5565595 1.91998e-4 -0.8307607 0.5566297 9.04857e-5 -0.8307548 0.5566388 -4.63615e-5 -0.9627452 0.2704105 -2.46862e-4 -0.9627271 0.2704746 -1.17262e-4 -0.9627431 0.2704178 1.04931e-4 -0.9781649 0.2078307 2.60235e-4 -0.9781451 0.2079237 1.39012e-5 -0.9781675 0.2078183 -0.1442424 -0.3643022 0.9200424 -0.242439 -0.235889 0.9410525 -0.1716588 -0.575372 0.7996753 -0.0637269 -0.6998193 0.7114716 -0.2894468 -0.5848449 0.7577447 -0.41574 -0.3623706 0.8341749 -0.420642 -0.4071486 0.8107345 -0.1748394 -0.8447798 0.5057452 -0.1753876 -0.8446367 0.5057944 -0.1751371 -0.8446635 0.5058367 -0.2647058 -0.7855775 0.5592844 -0.5313857 -0.4638418 0.7088584 -0.6741178 -0.2843367 0.6817023 -0.6740773 -0.2843506 0.6817364 -0.6740916 -0.284345 0.6817246 -0.1108397 -0.9309396 0.3479456 -0.1103516 -0.9309054 0.348192 -0.1105834 -0.9309046 0.3481209 -0.5003495 -0.6318694 0.5919387 -0.5003938 -0.6318966 0.5918723 -0.5003789 -0.6318855 0.5918966 -0.3426999 -0.7874028 0.5123999 -0.7359622 -0.4069868 0.5410375 -0.1510969 -0.9604508 0.2338889 -0.1514559 -0.9605024 0.2334446 -0.1512899 -0.9604554 0.2337455 -0.8859283 -0.1922012 0.4221253 -0.8859305 -0.192207 0.4221181 -0.8859343 -0.1922178 0.422105 -0.6037296 -0.6600621 0.4470221 -0.8433765 -0.3152367 0.4351343 -0.2991505 -0.8959816 0.3282166 -0.2991814 -0.8959743 0.3282082 -0.2991166 -0.8959886 0.3282282 -0.5928359 -0.7010902 0.3962553 -0.7888844 -0.5352706 0.3019055 -0.06939429 -0.9953258 0.06716436 -0.9337198 -0.2907822 0.2088376 -0.3609395 -0.8858515 0.2915303 -0.6391451 -0.687545 0.3446382 -0.9032582 -0.3940928 0.1697518 -0.9032637 -0.3940929 0.169722 -0.9032565 -0.3940925 0.1697613 -0.8190228 -0.5283005 0.2238311 -0.8190227 -0.5283002 0.2238318 -0.8190261 -0.5283071 0.2238036 -0.2941852 -0.9440488 0.1490873 -0.5368564 -0.8320477 0.1395782 -0.5368232 -0.832118 0.1392861 -0.536872 -0.8320585 0.1394533 -0.6680328 -0.7396641 0.0814203 -0.3671259 -0.9244189 0.1032887 -0.9665228 -0.2565809 -3.04925e-4 -0.9666464 -0.2561148 2.18286e-4 -0.9666421 -0.2561308 3.06413e-4 -0.9257994 -0.3780097 0.002040266 -0.925801 -0.3780061 0.001998007 -0.9259807 -0.3775623 0.002543151 -0.8331559 -0.5530377 -6.69536e-4 -0.8329089 -0.5534102 -9.02629e-6 -0.8328916 -0.5534363 -1.26198e-4 -0.6439881 -0.7650335 0.001770973 -0.6760765 -0.7368311 6.53356e-4 -0.676078 -0.7368299 6.17718e-4 -0.6757265 -0.7371517 0.001089096 -0.3634323 -0.9316205 -5.49659e-4 -0.3640671 -0.9313727 1.20119e-4 -0.3640671 -0.9313727 1.14742e-4 -0.3030456 -0.9529755 0.001092076 -0.3031445 -0.9529437 0.001332402 -0.3025192 -0.953141 0.002144396 -0.2744805 -0.1655458 0.9472355 -0.5047353 -0.588935 0.6311877 -0.1755685 -0.913999 0.3657617 -0.175619 -0.9139907 0.365758 -0.1757925 -0.9139788 0.3657045 -0.4861999 -0.7309426 0.478887 -0.3830065 -0.895924 0.2250027 -0.3829942 -0.8958795 0.2252006 -0.3828334 -0.8958995 0.2253948 -0.9180294 -0.3151867 0.2405812 -0.917907 -0.3154574 0.240694 -0.9178885 -0.3154903 0.2407211 -0.3624265 -0.3584057 0.8603443 -0.4110223 -0.2864724 0.8654446 -0.3717627 -0.5134252 0.7734255 -0.3662263 -0.5302433 0.7646701 -0.3691664 -0.6740487 0.6398239 -0.6981588 -0.3621168 0.617613 -0.6982872 -0.3621178 0.6174672 -0.6980889 -0.3620368 0.6177389 -0.4914219 -0.7281746 0.4777721 -0.4916619 -0.7279224 0.4779095 -0.4914146 -0.728186 0.4777625 -0.6921525 -0.4348376 0.5760566 -0.6920828 -0.4346978 0.5762459 -0.6919591 -0.4346949 0.5763966 -0.8343251 -0.2473425 0.4926695 -0.4463335 -0.876897 0.1784322 -0.4462735 -0.8769446 0.1783488 -0.4472301 -0.8762921 0.1791577 -0.9350132 -0.2306209 0.2693777 -0.9350338 -0.2305856 0.2693367 -0.9349063 -0.2309046 0.2695057 -0.8594029 -0.4644021 0.2139098 -0.8593844 -0.4644554 0.2138686 -0.8594511 -0.4642347 0.2140796 -0.7141926 -0.1900381 0.6736576 -0.7141895 -0.1900278 0.6736638 -0.7141836 -0.1900107 0.6736748 -0.6801799 -0.6672175 0.3036053 -0.763484 -0.5381275 0.357087 -0.7634781 -0.5381344 0.3570894 -0.7635753 -0.5380343 0.3570322 -0.6833791 -0.6662322 0.2985426 -0.6833302 -0.6662056 0.2987138 -0.6833713 -0.6662302 0.298565 -0.3583095 -0.9111005 0.2037408 -0.357853 -0.9113171 0.2035737 -0.3572005 -0.9115571 0.2036455 -0.6271848 -0.7634767 0.1540871 -0.6271236 -0.7635036 0.1542024 -0.6271649 -0.7634842 0.1541307 0.1741688 0.1738277 0.9692519 0.8219382 0.4964979 0.2791193 0.6775996 0.2549763 0.6898158 0.6780148 0.1782535 0.713107 0.1422031 0.6799881 0.7193015 0.1421247 0.6800685 0.719241 0.1419976 0.6802567 0.719088 0.2378767 0.2260624 0.9446219 0.1076008 0.2745091 0.9555454 0.2925787 0.9149797 0.2778667 0.3429924 0.9053354 0.2504479 0.3430586 0.9053439 0.2503264 0.3430151 0.9053361 0.2504141 0.4911416 0.6628735 0.565136 0.4909019 0.6629476 0.5652573 0.4909082 0.6629447 0.5652552 0.8119586 0.4265725 0.3984464 0.8848742 0.1580009 0.4382162 0.8850501 0.1577075 0.4379668 0.8850611 0.1576975 0.4379481 0.2296211 0.8126336 0.5356314 0.4699723 0.5375868 0.7000904 0.3579657 0.7673766 0.5319716 0.3579972 0.7673285 0.5320199 0.3579236 0.7674213 0.5319354 0.4445998 0.4563961 0.7707358 0.5060665 0.1801555 0.8434696 0.4243867 0.5028851 0.7529957 0.298534 0.4243822 0.8548551 0.3169475 0.3568037 0.8787692 0.8605374 0.4008932 0.3142613 0.8605432 0.4007709 0.3144014 0.8605465 0.4007913 0.3143664 0.7258679 0.6013798 0.3338537 0.64648 0.7218453 0.2469878 0.6463341 0.7219291 0.2471246 0.6464095 0.7218896 0.2470429 0.9266228 0.3759921 -6.20907e-4 0.9266237 0.3759897 -5.87384e-4 0.9267485 0.3756827 -2.9363e-4 0.9297574 0.3681714 -0.001096069 0.9300026 0.3675528 -3.77786e-4 0.9299994 0.3675609 -3.07367e-4 0.714183 0.6999585 -9.37349e-4 0.7298723 0.6835836 -2.14756e-4 0.3867571 0.9221814 -7.28463e-4 0.3863233 0.9223634 -3.14041e-4 0.3863195 0.9223651 -2.63186e-4 0.3693288 0.9292989 1.4717e-4 0.3693642 0.9292848 2.81776e-4 0.3688396 0.9294927 9.45403e-4 0.1596499 0.3250614 -0.9321197 0.2134761 0.4458574 -0.8692751 0.2134615 0.4458565 -0.8692792 0.2132668 0.4457666 -0.8693731 0.1636059 0.7022895 -0.6928367 0.1917732 0.6732809 -0.714084 0.4052261 0.3599575 -0.8403704 0.1376673 0.8727083 -0.4684315 0.1383905 0.8723917 -0.468808 0.1381739 0.8724399 -0.4687822 0.4262868 0.4086492 -0.8070226 0.1970611 0.8186213 -0.5394684 0.1963747 0.8188554 -0.5393634 0.1967625 0.8186511 -0.5395322 0.1085835 0.9574541 -0.2673786 0.1086355 0.9574608 -0.2673336 0.1084944 0.9573922 -0.2676366 0.3209988 0.7251419 -0.6092036 0.4143454 0.6399409 -0.6471427 0.6065914 0.4197613 -0.6751648 0.2199845 0.9080479 -0.3564492 0.5939425 0.3717041 -0.7134904 0.2263147 0.8518681 -0.4723372 0.7614085 0.3004029 -0.5744697 0.43606 0.7213569 -0.5380483 0.4359502 0.7215747 -0.5378452 0.4360203 0.7214771 -0.5379194 0.09841322 0.9900131 -0.1009414 0.0983904 0.9900036 -0.1010557 0.09839254 0.9899902 -0.1011842 0.7729079 0.3914224 -0.4994017 0.7728677 0.3913825 -0.4994952 0.7729489 0.3914386 -0.4993255 0.6677973 0.521991 -0.5306339 0.6677049 0.521924 -0.530816 0.6677463 0.5219343 -0.5307537 0.3875411 0.8301887 -0.4007477 0.3877621 0.8301349 -0.4006453 0.388072 0.8299809 -0.4006643 0.6268653 0.635362 -0.4509491 0.3577383 0.8832556 -0.3031221 0.3579281 0.8832609 -0.3028823 0.3578805 0.8832488 -0.3029742 0.9184356 0.2708833 -0.2882677 0.8647757 0.3927534 -0.3129026 0.5266324 0.8130778 -0.2481191 0.7462304 0.5893323 -0.3095604 0.6929741 0.6831856 -0.2303137 0.4665161 0.8763505 -0.1198858 0.4664261 0.876387 -0.1199696 0.4666718 0.8762738 -0.1198408 0.1513986 0.9832344 -0.1016303 0.1513886 0.9832366 -0.1016238 0.15115 0.983282 -0.1015401 0.3248673 0.9344634 -0.1457381 0.3251108 0.9344168 -0.1454939 0.3256303 0.9342446 -0.1454375 0.314133 0.9402363 -0.1314399 0.3140919 0.9402413 -0.1315009 0.3141217 0.9402374 -0.1314584 4.21142e-5 0.3362593 -0.9417695 -3.66723e-5 0.4097729 -0.9121876 7.76871e-6 0.659249 -0.7519249 4.88396e-5 0.6881629 -0.7255563 -1.95186e-5 0.8439458 -0.5364286 7.28961e-5 0.8439498 -0.5364223 2.47574e-4 0.8439811 -0.5363731 1.25071e-4 0.8943386 -0.447391 2.78769e-4 0.8942973 -0.4474734 3.54697e-5 0.894344 -0.4473802 -4.88763e-5 0.9564203 -0.291994 -1.54603e-5 0.9564206 -0.2919929 5.07293e-5 0.9564232 -0.2919839 -0.9596011 0.2341206 -0.1560556 -0.9596234 0.2340763 -0.1559848 -0.9596158 0.2340899 -0.1560114 -0.9110543 0.3371402 -0.2373113 -0.9110852 0.3371469 -0.2371829 -0.911023 0.3371019 -0.2374855 -0.786022 0.6034649 -0.1341629 -0.7862831 0.6030302 -0.1345863 -0.7862228 0.6031494 -0.1344044 -0.5884033 0.7974106 -0.1338584 -0.5883787 0.7974274 -0.133867 -0.5884052 0.7974093 -0.1338579 -0.8308284 0.5043011 -0.2353818 -0.9008893 0.1943707 -0.3880961 -0.9010185 0.194469 -0.387747 -0.9009725 0.1943638 -0.3879066 -0.5754912 0.8062558 -0.1369736 -0.8755214 0.2632501 -0.4051686 -0.8754979 0.263176 -0.4052677 -0.8754907 0.2631158 -0.4053221 -0.3766221 0.9257951 -0.0325458 -0.3766489 0.9257872 -0.03246122 -0.3766096 0.9257962 -0.03265923 -0.7076123 0.6320385 -0.3159308 -0.7489751 0.4744377 -0.462542 -0.7489219 0.4744802 -0.4625845 -0.7487996 0.4746157 -0.4626435 -0.7359297 0.3784764 -0.5613939 -0.7358185 0.3784363 -0.5615667 -0.7358837 0.3784477 -0.5614737 -0.6485409 0.6977962 -0.3040971 -0.3800906 0.9038044 -0.1966439 -0.3799991 0.903854 -0.1965933 -0.3799767 0.9038671 -0.1965755 -0.5316365 0.7832704 -0.322258 -0.7223283 0.2804926 -0.6321121 -0.3219973 0.9362653 -0.1404464 -0.3220037 0.936264 -0.1404395 -0.3220137 0.9362624 -0.1404282 -0.5854603 0.5675956 -0.5788536 -0.5854511 0.5676014 -0.5788573 -0.5854512 0.5676014 -0.5788573 -0.5394639 0.3935496 -0.7443772 -0.5188959 0.7507144 -0.4088702 -0.5902925 0.5438084 -0.5965126 -0.2265194 0.9472246 -0.2268362 -0.2264434 0.9471242 -0.2273306 -0.2264727 0.9471305 -0.227275 -0.3653068 0.8335541 -0.4144135 -0.3655372 0.8334797 -0.41436 -0.3656973 0.8334089 -0.4143611 -0.5934869 0.5408967 -0.59599 -0.5934858 0.5409058 -0.5959828 -0.5934939 0.5408557 -0.5960203 -0.254845 0.9214645 -0.2931849 -0.2547479 0.9214554 -0.2932978 -0.2547203 0.9213823 -0.2935512 -0.4000357 0.4909132 -0.7739352 -0.3715369 0.43284 -0.8213465 -0.3714776 0.4328138 -0.8213869 -0.3713164 0.4325996 -0.8215727 -0.3305713 0.7387771 -0.5873083 -0.3810127 0.8586087 -0.3429583 -0.1918225 0.8677361 -0.4585177 -0.1916781 0.8677316 -0.4585864 -0.1917761 0.8677325 -0.4585438 -0.2151011 0.3268537 -0.9202707 -0.15872 0.4227792 -0.8922252 -0.1641496 0.7341985 -0.6587924 -0.1873186 0.9033388 -0.3858639 -0.1877226 0.903221 -0.3859432 -0.1876171 0.903244 -0.3859409 -0.164177 0.7341157 -0.6588779 -0.1026217 0.932748 -0.3456157 -0.1027204 0.9327557 -0.3455656 -0.1025349 0.9327329 -0.3456817 -0.9592512 0.2825513 0.00137639 -0.9593881 0.282088 9.43324e-4 -0.9593831 0.2821047 0.001032948 -0.9369287 0.3495203 -5.23554e-4 -0.9369307 0.349515 -4.66716e-4 -0.9367632 0.3499628 -9.2661e-4 -0.8205623 0.5715554 -0.001386225 -0.7847438 0.6198198 7.8905e-4 -0.7847439 0.6198198 7.82869e-4 -0.7844386 0.6202065 3.02404e-4 -0.5749782 0.8181665 0.001952707 -0.5745916 0.8184391 0.00139296 -0.5745869 0.8184425 0.00144267 -0.4354972 0.9001886 -0.001695156 -0.4354972 0.9001886 -0.001701951 -0.4359327 0.8999766 -0.002179503 -0.4833708 0.8754118 -0.002628028 -0.2092066 0.2268557 0.9511935 -0.1925879 0.6600768 0.7260913 -0.1923341 0.6602513 0.7259998 -0.1924429 0.6601964 0.726021 -0.8753186 0.235989 0.4220506 -0.8752536 0.2362654 0.4220307 -0.8753175 0.2359955 0.4220492 -0.4090998 0.8382833 0.3604423 -0.4090831 0.8382925 0.36044 -0.4091662 0.8382418 0.3604635 -0.3570356 0.3165712 0.8788107 -0.4245471 0.2981697 0.8549004 -0.4826663 0.3897369 0.7843076 -0.2999358 0.4129785 0.8599345 -0.5671344 0.3722999 0.7346777 -0.595065 0.5101715 0.6209853 -0.7127804 0.3362186 0.6155495 -0.7758008 0.4495728 0.4427385 -0.5737668 0.6346523 0.5176951 -0.5735531 0.6347323 0.5178338 -0.5737508 0.6346527 0.5177124 -0.1226571 0.8335072 0.5387216 -0.6511867 0.546019 0.5270856 -0.6511417 0.546108 0.5270491 -0.6511803 0.5460301 0.5270821 -0.9208378 0.302013 0.2466695 -0.9208643 0.3020685 0.2465028 -0.9208404 0.3020257 0.2466444 -0.9132636 0.3331577 0.2344266 -0.9132677 0.3331525 0.2344173 -0.9132655 0.3331553 0.2344224 -0.4211695 0.8727243 0.2469186 -0.4210685 0.8727537 0.2469866 -0.4210655 0.8727545 0.246989 -0.6967737 0.6905019 0.1941999 -0.7512185 0.5988838 0.2775053 -0.7513572 0.5987468 0.277425 -0.7510365 0.5990834 0.2775666 -0.4302267 0.8708622 0.2377057 -0.4306959 0.8706291 0.2377098 -0.4304468 0.8707607 0.2376797 0.05343425 0.2929083 0.9546463 0.2378398 0.2260645 0.9446306 0.6780725 0.1782625 0.7130501 0.6776 0.2549635 0.6898202 0.8234927 0.3265399 0.4639306 0.9119434 0.2617565 0.3159788 0.3169273 0.3567593 0.8787946 0.2985707 0.4244242 0.8548214 0.3894846 0.4819852 0.7848517 0.5060609 0.1802145 0.8434603 0.3842318 0.5100346 0.7695654 0.4899466 0.6184936 0.6143437 0.2631792 0.7739404 0.5759801 0.5059328 0.5827767 0.6359272 0.5059313 0.5827775 0.6359277 0.5059526 0.5827669 0.6359205 0.6025727 0.7731689 0.1977781 0.8181641 0.1969578 0.5401993 0.8181701 0.1969491 0.5401934 0.8180667 0.1971561 0.5402745 0.3422529 0.9055076 0.2508364 0.3423218 0.9055154 0.2507144 0.3422771 0.9055082 0.2508015 0.5658598 0.7850854 0.25188 0.5663069 0.7847382 0.2519574 0.5656139 0.785353 0.2515983 0.2418982 0.9211968 0.3047651 0.2419666 0.9211663 0.3048031 0.2419072 0.9211924 0.3047711 0.6653085 0.6501566 0.366962 0.7282474 0.6125903 0.307228 0.8974045 0.4001637 0.1858335 0.8973932 0.4001052 0.1860143 0.8973915 0.4001039 0.1860255 0.9458483 0.3246012 0.002276778 0.9458619 0.3245624 0.002169728 0.9459538 0.3242905 0.002677321 0.9309423 0.3651639 0.001332879 0.7143637 0.6997745 4.41752e-4 0.6636943 0.7480006 0.002205133 0.386594 0.9222498 -6.09574e-4 0.3861557 0.9224336 -1.96136e-4 0.3861519 0.9224352 -1.48737e-4 0.2703658 0.9627555 0.002114772 0.2703995 0.9627457 0.002242267 0.2708283 0.9626244 0.002531886 0.6812949 0.7255355 0.09713649 0.3089129 0.9461538 0.09677714 0.3091089 0.9461143 0.0965377 0.3092219 0.9461144 0.0961737 0.781055 0.593088 0.1954474 0.7810886 0.5930659 0.1953807 0.7810108 0.5931242 0.1955146 0.4353791 0.8782316 0.1978748 0.4353694 0.8781607 0.1982105 0.4353109 0.8783243 0.1976132 0.05319511 0.9972376 0.05184179 0.8942079 0.4134321 0.1716571 0.4540833 0.84921 0.2695384 0.4541003 0.8492736 0.2693091 0.4540032 0.8494131 0.2690327 0.3489021 0.8895887 0.2947871 0.3488083 0.8896048 0.2948495 0.3487044 0.8896359 0.2948783 0.7167626 0.6073226 0.3426524 0.7168284 0.6072248 0.3426882 0.716791 0.6072828 0.3426635 0.5557348 0.7542765 0.3496083 0.9271658 0.1516296 0.3425962 0.9271527 0.151681 0.3426091 0.927159 0.1516577 0.3426021 0.5524337 0.6531019 0.5179527 0.1518778 0.9679499 0.2000156 0.151737 0.9679246 0.2002445 0.1519051 0.9680202 0.1996543 0.7923159 0.3820943 0.4756464 0.792241 0.3821965 0.4756892 0.7923013 0.3821119 0.4756567 0.7553696 0.3439086 0.5578025 0.3619545 0.8188784 0.4454519 0.3619895 0.8189244 0.4453386 0.3620027 0.8190831 0.4450358 0.6020483 0.5058572 0.6177753 0.1620321 0.922482 0.3503895 0.1617186 0.92256 0.3503286 0.1617847 0.9225473 0.3503316 0.2455292 0.82897 0.502518 0.2456183 0.8289517 0.5025047 0.2456995 0.8289417 0.5024814 0.5401673 0.4510512 0.7104732 0.2494022 0.7557738 0.6054788 0.5307891 0.401501 0.7463644 0.5307691 0.4014768 0.7463917 0.5307998 0.4015179 0.7463478 0.2307009 0.7295128 0.6438852 0.4118031 0.3736673 0.8311383 0.2543287 0.5260531 0.8115326 0.2543178 0.5260508 0.8115376 0.2543306 0.5260535 0.8115318 0.1662921 0.4391842 0.8828728 -5.54956e-5 0.3863086 0.9223697 5.95005e-5 0.4813297 0.8765398 -4.03587e-5 0.7643647 0.6447842 3.53951e-5 0.7300004 0.6834468 4.4572e-5 0.9586999 0.2844196 1.84001e-4 0.9586912 0.2844489 9.21821e-5 0.9586989 0.2844229 -2.12138e-4 0.937055 0.3491819 -8.85473e-5 0.937049 0.3491978 -2.71165e-5 0.9370483 0.3491998 -0.1071977 0.9393375 0.3258124 -0.1074313 0.9393156 0.3257988 -0.1070457 0.9393669 0.3257778 -0.0774945 0.9880919 0.1329256 -0.1598097 0.713592 0.6820904 -0.1841676 0.7310187 0.6570343 -0.1960613 0.8743858 0.4438574 -0.1865392 0.3655877 0.911893 -0.2339619 0.4120751 0.8805999 -0.3086648 0.8300058 0.4645608 -0.3310031 0.3935995 0.8576226 -0.3593258 0.6022408 0.7128752 -0.3957126 0.4516606 0.7996339 -0.3955461 0.4516932 0.7996979 -0.3956658 0.4516758 0.7996484 -0.3894187 0.7128654 0.5832462 -0.3469017 0.8664134 0.3591478 -0.2802945 0.934377 0.219942 -0.2800326 0.9344465 0.2199806 -0.2795843 0.9346096 0.2198582 -0.5010192 0.364077 0.7851291 -0.501055 0.3640852 0.7851026 -0.5010076 0.3640757 0.7851372 -0.3004006 0.9394869 0.1646938 -0.3004366 0.9394865 0.1646304 -0.3004767 0.939495 0.1645081 -0.5875583 0.3967647 0.7052326 -0.5875685 0.397005 0.7050888 -0.5875754 0.3968297 0.7051818 -0.5351693 0.6035076 0.5910774 -0.5351005 0.6035327 0.5911141 -0.535135 0.6035219 0.591094 -0.6614714 0.3254886 0.6756574 -0.6615203 0.3254604 0.6756229 -0.6615265 0.3254575 0.6756184 -0.6154928 0.6362493 0.4651402 -0.6155548 0.6362153 0.4651047 -0.6156112 0.6361947 0.4650583 -0.5720325 0.7064423 0.4167951 -0.3811562 0.9107314 0.1590231 -0.3811264 0.9107239 0.1591374 -0.3811445 0.9107296 0.1590611 -0.7204934 0.3541857 0.5961894 -0.7128697 0.5128777 0.4783027 -0.7125932 0.5130752 0.4785025 -0.7127223 0.5130005 0.4783904 -0.5383728 0.8115367 0.2270749 -0.5381802 0.8116021 0.2272978 -0.5382199 0.8115993 0.2272139 -0.6826877 0.7026248 0.2006387 -0.7742382 0.4842861 0.4074581 -0.749177 0.6172387 0.2403128 -0.7493928 0.6171207 0.2399429 -0.7487798 0.6176155 0.2405828 -0.8834336 0.2896652 0.3682921 -0.8834345 0.2896467 0.3683046 -0.883434 0.2896552 0.368299 -0.9079872 0.3766634 0.1835319 -0.9080353 0.3766863 0.1832469 -0.9080049 0.3766854 0.1833993 -0.924494 0.3083401 0.2241371 -0.924492 0.3083403 0.224145 -0.9244929 0.3083403 0.2241411 -0.9205201 0.3906919 0.001626372 -0.9203904 0.3909987 0.001307249 -0.9203902 0.3909991 0.001290321 -0.9227128 0.3854854 0.001447558 -0.6652565 0.7466126 0.001875758 -0.6994179 0.7147127 6.56094e-4 -0.6994264 0.7147045 5.76844e-4 -0.6997582 0.7143797 2.07456e-4 -0.387744 0.9217656 0.001692831 -0.3872959 0.9219547 0.00121051 -0.3872959 0.9219547 0.001211464 -0.3636609 0.9315298 0.001780807 -0.3636723 0.9315251 0.001853466 -0.3641037 0.9313576 0.001257896 -0.2877054 0.06670749 0.955393 -0.2261118 0.2372608 0.944765 -0.1925215 0.660072 0.7261133 -0.1923106 0.6602182 0.7260362 -0.1924015 0.6601718 0.7260543 -0.2717518 0.9077411 0.3196206 -0.3570932 0.3165488 0.8787954 -0.424575 0.2981538 0.854892 -0.4826158 0.3897067 0.7843539 -0.299756 0.4132693 0.8598576 -0.2996337 0.4132393 0.8599146 -0.2997396 0.4132674 0.8598642 -0.5671605 0.3723097 0.7346527 -0.5958176 0.5157321 0.6156476 -0.7748397 0.261735 0.5754289 -0.7993146 0.4091015 0.4401503 -0.2243266 0.7953455 0.5631191 -0.5066598 0.6495677 0.5668843 -0.472534 0.6905055 0.547644 -0.4725547 0.6904892 0.5476466 -0.4726372 0.6904371 0.5476411 -0.9052509 0.3424417 0.2515044 -0.9052217 0.3425914 0.2514061 -0.9052426 0.3424764 0.251487 -0.7849195 0.5659518 0.2521905 -0.7844606 0.5665728 0.2522242 -0.785343 0.5655314 0.2518147 -0.9211046 0.2424306 0.3046209 -0.921083 0.2424784 0.3046479 -0.9211017 0.2424365 0.3046249 -0.6242488 0.7103458 0.3251497 -0.6122862 0.7286611 0.3068528 -0.6122883 0.7286607 0.3068497 -0.6123052 0.7286564 0.3068263 -0.4095348 0.8775455 0.2493899 0.005473196 0.2976363 0.9546636 -0.003653049 0.438699 0.8986267 -0.003637909 0.4386993 0.8986266 -0.003637373 0.4386993 0.8986266 0.003377735 0.5929293 0.8052475 0.00338459 0.5929295 0.8052473 0.003375172 0.5929291 0.8052476 -0.003380119 0.6739257 0.7387914 0.00294578 0.7646808 0.6444025 -0.005005121 0.8653827 0.5010866 1.06585e-4 0.9079131 0.4191586 -3.78937e-4 0.9236438 0.3832522 0.00368905 0.9569025 0.2903861 0.003698825 0.9569025 0.2903859 0.003730416 0.9569032 0.2903831 -0.00233668 0.9822691 0.1874625 -0.1533389 0.2013678 0.9674391 0.1101086 0.2977802 0.9482632 0.1102221 0.2977729 0.9482524 0.1099706 0.2978461 0.9482586 -0.1091316 0.1911082 0.9754835 -0.1092078 0.1910033 0.9754955 -0.1092618 0.1908299 0.9755234 -0.1976282 0.3123455 0.9291843 -0.1231342 0.4411225 0.8889595 -0.1230909 0.4412562 0.8888992 -0.1231074 0.4411779 0.8889358 -0.1773656 0.5085921 0.8425411 -0.1006185 0.6752971 0.7306503 -0.1272733 0.6942163 0.7084245 -0.06465017 0.8509909 0.5211861 -0.06486451 0.8509237 0.5212693 -0.06481736 0.8509327 0.5212603 0.1316683 0.2828404 0.9500867 0.1030255 0.5922548 0.799137 0.2001593 0.4682206 0.8606426 0.1606826 0.6681339 0.7264835 0.06720519 0.7683691 0.6364688 0.0672025 0.7683519 0.6364899 0.0672149 0.7684022 0.6364278 0.1444765 0.8482924 0.5094375 0.1445415 0.8482939 0.5094166 0.1444871 0.8482931 0.5094335 -1.74861e-5 0.9821557 0.1880696 -5.64211e-5 0.9821566 0.1880651 2.11343e-6 0.9821556 0.1880702 -2.10521e-5 0.9793851 0.2020025 -7.25714e-5 0.9233801 0.3838871 -1.88315e-4 0.923388 0.383868 -1.37957e-5 0.9233791 0.3838895 -4.99769e-5 0.9103952 0.41374 6.82528e-5 0.8345097 0.5509933 -2.1005e-5 0.771312 0.6364573 7.99079e-5 0.6959578 0.7180827 -5.76853e-5 0.6026266 0.7980234 4.49213e-5 0.5120019 0.8589844 -5.01458e-5 0.4016163 0.9158081 8.69435e-5 0.2923651 0.9563069 -5.28283e-5 0.1493812 0.9887797 9.39154e-4 0.9834074 0.181409 9.29398e-4 0.9834074 0.1814087 0.001281738 0.9834678 0.1810783 -0.001243829 0.9567942 0.2907636 3.89304e-5 0.9564763 0.29181 -7.53794e-5 0.9564726 0.2918223 0.001220762 0.8887005 0.4584868 -2.50386e-4 0.8362738 0.5483123 7.85679e-4 0.6926109 0.721311 1.92304e-4 0.6609187 0.7504577 4.48078e-4 0.4846834 0.8746896 5.86462e-4 0.4948691 0.8689674 0.001180887 0.2738652 0.9617674 -1.17718e-4 0.3451901 0.9385328 9.68766e-4 0.188093 0.9821508 0.1862828 0.1636974 0.9687632 0.1755865 0.1738252 0.9689965 0.1455079 0.3417795 0.9284473 0.1455257 0.3417921 0.9284398 0.1455496 0.3418121 0.9284287 0.1932089 0.3906877 0.9000186 0.11302 0.5605527 0.8203703 0.1649158 0.6039795 0.779751 0.06531584 0.7889059 0.6110331 0.9701756 0.1364126 0.2003774 0.9702007 0.1362554 0.2003624 0.9702038 0.1362245 0.2003684 0.9407785 0.2072131 0.2683255 0.9407874 0.2071747 0.268324 0.9407882 0.2071712 0.2683241 0.9396243 0.2567728 0.2262169 0.9040389 0.1962271 0.3797481 0.9040756 0.1961625 0.3796943 0.9040492 0.1962103 0.3797323 0.8917748 0.369173 0.2616275 0.8414834 0.249661 0.4791401 0.8665472 0.3964015 0.3032521 0.8260502 0.3551455 0.4376218 0.8260576 0.3552021 0.437562 0.8260521 0.3551685 0.4375995 0.8395503 0.4748838 0.2638955 0.7584276 0.1959385 0.6216074 0.7584167 0.1959521 0.6216164 0.7584336 0.1959306 0.6216027 0.5514988 0.09312587 0.8289612 0.5514466 0.09325766 0.8289812 0.5515017 0.09311008 0.8289611 0.6796823 0.1474596 0.7185316 0.7127789 0.1960282 0.6734383 0.7555137 0.6313242 0.1750105 0.7692281 0.3959829 0.5014836 0.7692328 0.3959077 0.5015358 0.7692327 0.3959232 0.5015236 0.7846938 0.5360191 0.3113506 0.5012688 0.1110346 0.8581381 0.7263157 0.5332884 0.4336693 0.726412 0.5332076 0.4336075 0.7264004 0.5332193 0.4336124 0.6734833 0.7073567 0.2146316 0.6462402 0.7490019 0.1461842 0.364916 0.08018273 0.9275813 0.3649162 0.08005732 0.927592 0.3649196 0.08008074 0.9275887 0.6307048 0.304858 0.7136338 0.6696557 0.3683171 0.644906 0.6971067 0.5484584 0.4617747 0.6972609 0.5482991 0.4617309 0.6971909 0.5483789 0.4617418 0.666257 0.5976309 0.446026 0.6390346 0.6876184 0.3446967 0.6390306 0.6876215 0.3446977 0.6390188 0.6876311 0.3447006 0.5914101 0.2997664 0.7485815 0.4969279 0.2324143 0.8360899 0.6278641 0.4918121 0.6032475 0.3145526 0.114512 0.9423077 0.3916872 0.2232185 0.8926112 0.3916462 0.2232561 0.8926197 0.3917098 0.2232019 0.8926053 0.5103957 0.8095456 0.2900559 0.4836338 0.4017974 0.7775971 0.5540168 0.5049339 0.6618967 0.5256912 0.7450447 0.4105573 0.5254507 0.7451377 0.4106964 0.5255776 0.7450966 0.4106084 0.1473302 0.06184989 0.9871516 0.451931 0.8612017 0.2325725 0.5293074 0.6100816 0.589605 0.4979366 0.4617624 0.7340537 0.4979319 0.4617689 0.7340527 0.4979566 0.461737 0.734056 0.1870907 0.09272927 0.9779563 0.3371978 0.9236999 0.1818683 0.3372011 0.9236989 0.1818671 0.3371774 0.9237061 0.1818752 0.4671682 0.6997107 0.5405173 0.4671331 0.6997254 0.5405285 0.4671829 0.6997053 0.5405115 0.3694713 0.893269 0.2560503 0.369556 0.8932381 0.2560354 0.3697231 0.89319 0.2559618 0.4776299 0.6617076 0.5779384 0.3516615 0.2696274 0.8964571 0.3607033 0.3050066 0.881399 0.3368396 0.8822202 0.3289785 0.3584846 0.7441663 0.5636537 0.3771156 0.5223477 0.7648117 0.169075 0.9676177 0.1874294 0.1690828 0.9676168 0.187427 0.1690309 0.9676231 0.1874414 0.1595776 0.9723168 0.1706901 0.1596297 0.9723118 0.1706697 0.1596013 0.9723147 0.17068 0.1857516 0.1686239 0.9680199 0.1846827 0.1675823 0.9684051 0.3109351 0.7360912 0.6012396 0.2860664 0.369111 0.8842643 0.2067276 0.8849866 0.417208 0.3271524 0.5050212 0.798702 0.1730189 0.9009027 0.3980437 0.172914 0.9008818 0.3981366 0.1729928 0.9008965 0.398069 0.2639088 0.6432596 0.7187275 0.2637551 0.6432874 0.7187591 0.2640944 0.6432728 0.7186475 0.2704225 0.4284656 0.862142 0.2261014 0.7887465 0.5716269 0.1689797 0.6179751 0.7678235 0.06920838 0.8835038 0.463283 0.06918764 0.883496 0.4633013 0.06926763 0.8835316 0.4632213 0.187004 0.4152938 0.8902588 0.1418806 0.7508381 0.6450676 0.1466003 0.5454593 0.8252167 0.1363648 0.3467836 0.9279795 0.1185346 0.7091718 0.6950001 0.08525454 0.1364009 0.9869785 0.08054864 0.178798 0.9805831 0.982383 -5.39617e-5 0.186879 0.9709294 6.27747e-5 0.2393661 0.8906203 7.10603e-5 0.4547479 0.9063224 1.67955e-5 0.4225871 0.8245164 1.00882e-5 0.5658382 0.8306638 -1.04402e-5 0.5567744 0.7091324 6.30585e-5 0.7050753 0.6381622 -6.70981e-5 0.769902 0.5751689 4.41691e-5 0.8180348 0.4356836 -1.06473e-4 0.9000999 0.3275013 3.50041e-5 0.9448508 0.2751273 -1.64602e-5 0.9614078 0.2751356 3.65128e-5 0.9614055 0.2751262 -4.32992e-5 0.9614081 0.1344094 4.98496e-5 0.9909259 0.04813444 -6.13284e-5 0.9988409 -0.003276884 0.232509 0.9725888 0.002517223 0.34029 0.9403173 -0.002392351 0.5111202 0.8595059 0.002716124 0.5583133 0.8296258 -0.001520991 0.7566763 0.653788 0.005938351 0.8008721 0.598806 0.003108382 0.9103646 0.4137955 0.00142759 0.9170098 0.3988625 0.001471519 0.9792659 0.2025739 0.001449823 0.9792662 0.2025728 0.001416921 0.9792672 0.2025683 -0.001342177 0.9695793 0.2447742 0.1665519 -0.9705661 0.1739595 0.168945 -0.9692893 0.1787063 0.1028512 -0.9056719 0.411315 0.2977175 -0.924307 0.2387906 0.3534303 -0.9251722 0.13836 0.1660804 -0.8567978 0.4881751 0.1958069 -0.8496351 0.4896733 0.3044718 -0.9028593 0.3035492 0.07392865 -0.7835764 0.6168814 0.4876393 -0.8583066 0.1597427 0.4919425 -0.853256 0.1730517 0.2371265 -0.8040391 0.5452451 0.1446241 -0.6743443 0.7241157 0.4020817 -0.8263052 0.3943986 0.40206 -0.8263293 0.39437 0.4020317 -0.8263724 0.3943087 0.453843 -0.8133389 0.3640143 0.08785754 -0.595138 0.7988066 0.1995769 -0.6877518 0.6979733 0.3396658 -0.7776973 0.5289745 0.6419764 -0.7472009 0.171922 0.6317908 -0.7519674 0.1881105 0.5058509 -0.7589843 0.4099482 0.1305015 -0.4700677 0.8729295 0.5957581 -0.7273709 0.3405932 0.5957794 -0.7273638 0.3405714 0.5957703 -0.7273666 0.3405811 0.3611539 -0.7086955 0.6060681 0.2740827 -0.6336387 0.7234506 0.4845342 -0.659545 0.5746539 0.05251896 -0.3469812 0.9364005 0.4951246 -0.6403303 0.5872214 0.2035513 -0.4582476 0.865203 0.7469937 -0.5984829 0.2895147 0.2745246 -0.5131924 0.813185 0.6409745 -0.6158169 0.4581718 0.2795882 -0.5113329 0.8126311 0.07452398 -0.2203322 0.9725739 0.5653545 -0.6123386 0.5526443 0.8030266 -0.5547015 0.2178415 0.6764532 -0.5905368 0.4400878 0.4328401 -0.5355601 0.7251379 0.8481848 -0.4434113 0.289774 0.8481351 -0.4435335 0.2897327 0.848093 -0.4437001 0.2896008 0.9283778 -0.3594151 0.09452754 0.8462312 -0.4358434 0.3064855 0.6979058 -0.4881965 0.524015 0.09425079 -0.2095159 0.9732522 0.1697283 -0.2847836 0.9434462 0.7505298 -0.4297548 0.502012 0.7505125 -0.4297835 0.5020132 0.7504803 -0.4298481 0.5020059 0.5721371 -0.4411169 0.6914297 0.4764599 -0.4127573 0.7762845 0.3403995 -0.3468685 0.8739625 0.8671129 -0.3324978 0.3708915 0.9322817 -0.2717912 0.238706 0.5971212 -0.434924 0.6740086 0.08078366 -0.1111242 0.9905178 0.4570838 -0.3890656 0.799814 0.7474006 -0.352918 0.5628866 0.7474166 -0.3528725 0.5628939 0.747401 -0.352917 0.5628867 0.2543061 -0.2537277 0.9332474 0.67668 -0.3112043 0.6672751 0.6766856 -0.3111982 0.6672723 0.6766974 -0.311186 0.667266 0.8393275 -0.2914059 0.4589248 0.2663537 -0.2604749 0.9280133 0.9515505 -0.1664418 0.2585514 0.9515168 -0.1665903 0.2585799 0.9515268 -0.1665518 0.2585676 0.9733051 -0.1299202 0.1892039 0.9733054 -0.1299077 0.1892108 0.9733058 -0.1298969 0.1892161 0.460049 -0.2874445 0.8400777 0.922675 -0.1497699 0.3553025 0.9226747 -0.1497701 0.3553034 0.9226854 -0.1497616 0.3552789 0.6725815 -0.3011208 0.6759885 0.8521453 -0.1925349 0.4865993 0.1705489 -0.1481966 0.9741411 0.6051863 -0.2521829 0.755085 0.8062032 -0.1450688 0.5735778 0.740612 -0.1604938 0.6524842 0.3977394 -0.2163364 0.8916289 0.3976665 -0.2163797 0.8916509 0.3976258 -0.2163943 0.8916655 0.5692019 -0.1664944 0.8051639 0.5691999 -0.1665118 0.8051618 0.5691981 -0.1665579 0.8051534 0.3930412 -0.1560513 0.9061824 0.4612608 -0.1377414 0.8765078 0.6507244 -0.1166687 0.7502974 0.194002 -0.08280014 0.9775006 0.2543808 -0.08482086 0.9633774 4.72288e-5 -0.9807909 0.1950622 -6.09091e-5 -0.9402306 0.3405383 2.54826e-5 -0.9161632 0.4008055 2.14043e-5 -0.7838862 0.6209045 -3.13369e-5 -0.8101802 0.5861809 -2.54752e-5 -0.6511104 0.7589831 5.10263e-5 -0.6013643 0.798975 -6.05939e-5 -0.4399189 0.8980376 4.86002e-5 -0.3426617 0.939459 6.50094e-6 -0.1476597 0.9890383 -2.91842e-5 -0.1787241 0.9838993 -0.1256242 0.2462748 0.9610241 -0.1256719 0.2462019 0.9610365 -0.1257042 0.2460752 0.9610649 -0.2020918 0.3197445 0.925701 -0.1025466 0.5154201 0.8507799 -0.1026296 0.515425 0.8507668 -0.102631 0.5154253 0.8507666 -0.1688925 0.5736945 0.8014674 -0.08167439 0.7518046 0.6543081 -0.0914545 0.7571732 0.6467803 -0.09153497 0.7571644 0.6467794 -0.09154093 0.757164 0.6467789 -0.1086799 0.8843958 0.4539085 -0.9663649 -0.1391612 0.216271 -0.9730803 -0.2114595 0.0916503 -0.9731208 -0.211349 0.09147495 -0.9730969 -0.2114222 0.09155964 -0.9165695 -0.1675875 0.3630631 -0.8916956 -0.1376223 0.4312068 -0.8917012 -0.1375843 0.4312071 -0.8917227 -0.1374766 0.4311972 -0.9206982 -0.3321197 0.2049664 -0.8879302 -0.3476208 0.3012307 -0.828019 -0.1743791 0.5328944 -0.8964484 -0.3362427 0.2886542 -0.8964139 -0.3363401 0.2886475 -0.896476 -0.3361744 0.2886481 -0.7160992 -0.1039161 0.6902198 -0.7275589 -0.1236515 0.6748099 -0.8387698 -0.4773294 0.2619581 -0.8363333 -0.4943122 0.2370696 -0.8046847 -0.3378655 0.4881901 -0.804675 -0.3378933 0.4881868 -0.8046907 -0.3378469 0.4881931 -0.7880524 -0.281724 0.5473621 -0.6914905 -0.2489081 0.6781488 -0.6913991 -0.2488926 0.6782476 -0.6913641 -0.2488961 0.678282 -0.5673267 -0.1038819 0.8169143 -0.7486907 -0.6470237 0.1443006 -0.7596531 -0.6054442 0.2374124 -0.7578247 -0.4146922 0.5037185 -0.7578479 -0.4146728 0.5036993 -0.757788 -0.4147184 0.5037521 -0.7563739 -0.4755577 0.4491587 -0.6416047 -0.2693243 0.7181977 -0.6419559 -0.7487164 0.1652773 -0.6418686 -0.7487863 0.1652994 -0.6419098 -0.7487542 0.1652842 -0.7177101 -0.5246884 0.4578148 -0.5318882 -0.1660625 0.8303723 -0.7061253 -0.6022803 0.3723515 -0.6146462 -0.3250668 0.7187083 -0.6581519 -0.4010255 0.6371927 -0.6295911 -0.4973692 0.5968577 -0.3213821 -0.1006057 0.9415902 -0.5952667 -0.7620806 0.2547371 -0.4271847 -0.1841585 0.8852114 -0.5162827 -0.8347496 0.1914297 -0.6020205 -0.6849038 0.4104609 -0.5872138 -0.72801 0.35381 -0.5133746 -0.3230932 0.7950204 -0.4215303 -0.2284847 0.8775575 -0.4215802 -0.2284367 0.877546 -0.4214716 -0.2285293 0.877574 -0.4468652 -0.8622364 0.2384533 -0.5408006 -0.6403982 0.5453669 -0.5408152 -0.6403769 0.5453775 -0.5407878 -0.6404185 0.5453557 -0.5405558 -0.541896 0.6435436 -0.4043716 -0.8939315 0.1933141 -0.4384632 -0.425302 0.7917502 -0.4332532 -0.8243947 0.3642325 -0.4499534 -0.7945793 0.407659 -0.4631121 -0.492626 0.7367814 -0.1964849 -0.08639782 0.9766929 -0.4126851 -0.7009338 0.5817069 -0.4020311 -0.7201264 0.5654988 -0.3249081 -0.3402294 0.8824278 -0.3153933 -0.262224 0.9120119 -0.2847536 -0.9266611 0.245387 -0.2437648 -0.9201217 0.3065206 -0.3621162 -0.5746865 0.7338987 -0.3118414 -0.8403076 0.4434389 -0.1718836 -0.1377379 0.9754407 -0.1717988 -0.137691 0.9754622 -0.1718266 -0.1377028 0.9754557 -0.1596485 -0.9325002 0.323969 -0.287252 -0.7687892 0.5713574 -0.1602657 -0.9325973 0.3233842 -0.2546057 -0.3655751 0.8952826 -0.2599502 -0.7609463 0.5944633 -0.1567174 -0.7968227 0.5835351 -0.2569612 -0.5401565 0.801375 -0.2229037 -0.6087482 0.7614064 -0.2426424 -0.5057116 0.8278771 -0.1318557 -0.7881716 0.6011652 -0.09917318 -0.1241865 0.9872905 -0.1384248 -0.258552 0.9560281 -0.06778985 -0.09564286 0.9931048 -0.1077203 -0.6120358 0.7834593 -0.08560937 -0.6425549 0.7614423 -0.09494704 -0.423088 0.9011003 -0.07753843 -0.4450572 0.892139 -0.09270012 -0.306163 0.9474551 -0.01720273 -0.1863194 0.9823387 -6.66873e-4 0.9807997 0.1950168 -5.50561e-4 0.9808039 0.1949967 -6.25167e-4 0.9808002 0.1950144 -9.00687e-5 0.9695802 0.2447742 -9.2944e-4 0.8836425 0.4681615 -4.57565e-4 0.8709636 0.4913473 -8.26397e-5 0.7511968 0.6600785 -9.75463e-4 0.6999921 0.71415 9.92932e-5 0.5742877 0.8186536 -4.75829e-4 0.5302978 0.8478114 -2.97363e-4 0.3440843 0.9389387 1.99635e-4 0.3087036 0.9511584 -9.62447e-4 0.1545444 0.9879854 -0.9780088 1.06661e-4 0.2085636 -0.9780259 2.8962e-4 0.2084839 -0.9780067 6.52803e-6 0.2085737 -0.9787459 1.3949e-5 0.2050765 -0.9448317 1.70669e-4 0.3275564 -0.9448359 1.0563e-4 0.3275441 -0.9448364 7.28581e-5 0.3275426 -0.8979831 -5.76916e-5 0.44003 -0.863251 7.70036e-5 0.5047749 -0.7394939 -1.04209e-4 0.6731632 -0.7395057 2.43199e-5 0.6731504 -0.7394953 -6.00745e-5 0.6731618 -0.6603413 1.28794e-4 0.7509656 -0.4944461 -3.89052e-5 0.8692083 -0.4742574 -1.83111e-7 0.8803862 -0.3546007 -4.88328e-5 0.9350179 -0.2982368 8.35325e-5 0.954492 -0.2982416 1.24469e-4 0.9544905 -0.2982362 6.29181e-5 0.9544922 -0.1752116 5.16965e-5 0.9845309 -0.08831083 -9.53503e-5 0.996093 -0.1904217 0.960195 0.2043653 -0.07326936 0.888543 0.4529054 -0.1389166 0.9601845 0.2423797 -0.3051107 0.9154301 0.262479 -0.3046741 0.9158374 0.2615638 -0.3842063 0.8662009 0.319502 -0.384138 0.8662406 0.3194767 -0.3839177 0.8664008 0.319307 -0.2013682 0.8216685 0.5332092 -0.2012041 0.8217219 0.5331885 -0.2010181 0.8218445 0.5330699 -0.5035846 0.8363372 0.2166626 -0.5033798 0.8364586 0.2166699 -0.50389 0.8361877 0.2165293 -0.2156888 0.7919417 0.5712327 -0.215726 0.7919059 0.5712682 -0.2157111 0.791919 0.5712557 -0.4908474 0.83367 0.2531074 -0.4905979 0.833822 0.2530899 -0.4907909 0.8337094 0.2530871 -0.3774012 0.809962 0.4489208 -0.1141791 0.6960509 0.7088557 -0.2721249 0.7666161 0.5815907 -0.6405361 0.7559424 0.1351479 -0.5357821 0.7444172 0.3984729 -0.5356803 0.7444775 0.3984971 -0.5354461 0.744669 0.398454 -0.3052209 0.702238 0.6431967 -0.3052533 0.7022117 0.6432101 -0.3052206 0.7022384 0.6431965 -0.164799 0.5378539 0.8267736 -0.164698 0.5378586 0.8267907 -0.1649255 0.5378899 0.826725 -0.4594849 0.7350205 0.4986168 -0.4594537 0.7350609 0.4985858 -0.4593952 0.7351514 0.4985063 -0.1175832 0.48882 0.8644242 -0.5228332 0.7215456 0.4538915 -0.1870436 0.5391003 0.8212099 -0.6686718 0.7065949 0.2315204 -0.6685478 0.7067499 0.2314057 -0.6686053 0.7066862 0.2314339 -0.3664798 0.6551613 0.6606484 -0.3664606 0.65517 0.6606504 -0.3664034 0.6552019 0.6606505 -0.09191441 0.3996742 0.9120374 -0.2310156 0.5149889 0.8254806 -0.7197206 0.6449063 0.2570956 -0.7198567 0.6447889 0.2570092 -0.7197942 0.6448485 0.2570348 -0.3753947 0.618013 0.6907524 -0.7252515 0.6286643 0.2806984 -0.7252799 0.628636 0.2806882 -0.7252194 0.6286987 0.2807041 -0.07321429 0.2227411 0.9721245 -0.5591769 0.6438937 0.522228 -0.3279686 0.5465033 0.7705652 -0.8219885 0.5192087 0.2340025 -0.6812475 0.5870991 0.4372832 -0.5079799 0.5759051 0.6405388 -0.8153594 0.5213062 0.2518512 -0.8154795 0.5211631 0.2517586 -0.8153979 0.5212559 0.2518303 -0.1203395 0.2863025 0.9505521 -0.7000353 0.5015308 0.5083478 -0.5199329 0.4999683 0.6926048 -0.923598 0.3359162 0.1847353 -0.9235879 0.3359643 0.1846987 -0.9235904 0.3359533 0.1847059 -0.8080066 0.4379754 0.3940851 -0.8079838 0.4380235 0.3940782 -0.807986 0.4380193 0.3940786 -0.9291986 0.3280177 0.1702774 -0.9292367 0.3279658 0.1701692 -0.9292389 0.3279635 0.1701619 -0.6264177 0.4626433 0.6273452 -0.2169378 0.3248434 0.9205514 -0.2168605 0.324575 0.9206642 -0.216938 0.3248388 0.920553 -0.7588186 0.4470022 0.4736911 -0.7589546 0.446856 0.4736113 -0.7590205 0.446799 0.4735594 -0.3705377 0.4154383 0.8307304 -0.1594586 0.276067 0.9478186 -0.8541866 0.3647761 0.3705452 -0.8540776 0.3649507 0.3706246 -0.8541567 0.3648319 0.3705591 -0.4670414 0.4322291 0.7713952 -0.9484261 0.2269945 0.2212728 -0.1394349 0.1897045 0.9718899 -0.6226413 0.3605611 0.6944879 -0.2945774 0.3263238 0.8981855 -0.9849916 0.130731 0.1126998 -0.9849915 0.1306889 0.1127488 -0.9849917 0.1307344 0.1126949 -0.7190502 0.3094921 0.6222391 -0.7189704 0.3096371 0.6222591 -0.7192885 0.3093013 0.6220585 -0.2998284 0.2797682 0.9120486 -0.8405342 0.2625948 0.4738631 -0.906892 0.1896558 0.3762683 -0.9069015 0.1897321 0.3762064 -0.9069671 0.1898222 0.376003 -0.4954574 0.3297255 0.8036189 -0.4955216 0.3295145 0.8036658 -0.4954949 0.3296289 0.8036353 -0.4043824 0.2672786 0.8746641 -0.7285106 0.3130612 0.6093151 -0.1367059 0.1570199 0.9780882 -0.5440565 0.3204395 0.775449 -0.8650777 0.202875 0.4587833 -0.2227892 0.1846921 0.9572114 -0.2228405 0.1847773 0.9571831 -0.2229856 0.184873 0.9571308 -0.834341 0.1191291 0.5382226 -0.8343161 0.119061 0.5382762 -0.8343195 0.1190685 0.5382694 -0.6465186 0.172933 0.7430396 -0.5678329 0.1815299 0.8028779 -0.5129922 0.1566433 0.8439798 -0.2454187 0.124535 0.9613848 -0.05406844 0.04005557 0.9977336 -0.6901475 0.1161242 0.714291 -0.3824159 0.1636924 0.9093751 -0.3193411 0.131428 0.9384818 -0.3190276 0.1314157 0.9385901 -0.3191908 0.1314656 0.9385276 -0.1405811 0.05583554 0.9884935</float_array>
          <technique_common>
            <accessor source="#Part__Feature_021-mesh-normals-array" count="2108" stride="3">
              <param name="X" type="float"/>
              <param name="Y" type="float"/>
              <param name="Z" type="float"/>
            </accessor>
          </technique_common>
        </source>
        <vertices id="Part__Feature_021-mesh-vertices">
          <input semantic="POSITION" source="#Part__Feature_021-mesh-positions"/>
        </vertices>
        <triangles material="Part__Feature_021-material" count="1374">
          <input semantic="VERTEX" source="#Part__Feature_021-mesh-vertices" offset="0"/>
          <input semantic="NORMAL" source="#Part__Feature_021-mesh-normals" offset="1"/>
          <p>1 0 85 0 0 0 1 1 0 1 2 1 1 2 2 2 3 2 4 3 1 3 3 3 5 4 3 4 6 4 5 5 4 5 3 5 7 6 6 6 8 6 7 7 5 7 6 7 9 8 8 8 10 8 9 9 7 9 8 9 11 10 9 10 10 10 11 11 10 11 12 11 13 12 11 12 12 12 13 13 12 13 14 13 15 14 13 14 14 14 15 15 14 15 16 15 17 16 15 16 16 16 18 17 19 17 20 17 21 18 18 18 20 18 21 19 20 19 22 19 23 20 21 20 22 20 23 21 22 21 24 21 25 22 23 22 24 22 25 23 24 23 26 23 27 24 26 24 28 24 27 25 25 25 26 25 29 26 27 26 28 26 29 27 28 27 30 27 31 28 29 28 30 28 31 29 30 29 32 29 33 30 31 30 32 30 33 31 32 31 34 31 103 32 33 32 34 32 35 33 620 33 641 33 37 34 620 34 35 34 37 35 36 35 620 35 674 36 36 36 37 36 38 37 674 37 37 37 38 38 37 38 39 38 569 39 35 39 641 39 40 40 35 40 569 40 589 41 40 41 569 41 41 42 194 42 195 42 42 43 194 43 41 43 43 44 170 44 44 44 548 45 170 45 43 45 525 46 43 46 40 46 525 47 40 47 589 47 525 48 548 48 43 48 534 49 548 49 525 49 37 50 43 50 44 50 37 51 44 51 41 51 37 52 41 52 195 52 37 53 195 53 39 53 45 54 47 54 46 54 45 54 50 54 47 54 48 54 50 54 45 54 48 54 49 54 50 54 49 54 51 54 50 54 53 54 54 54 52 54 52 54 55 54 49 54 49 54 55 54 51 54 54 54 56 54 52 54 56 54 57 54 52 54 52 54 57 54 55 54 51 54 58 54 50 54 58 54 60 54 59 54 51 54 61 54 58 54 60 54 63 54 62 54 58 54 63 54 60 54 61 54 64 54 58 54 58 54 64 54 63 54 55 54 68 54 65 54 57 54 68 54 55 54 68 54 66 54 65 54 61 54 66 54 64 54 65 54 66 54 61 54 68 54 69 54 66 54 66 54 69 54 67 54 69 54 70 54 67 54 64 55 71 55 72 55 63 56 64 57 72 58 63 59 72 59 573 59 62 60 63 60 573 60 62 61 573 61 568 61 60 62 62 62 568 62 60 63 568 63 73 63 59 64 60 64 73 64 59 65 73 65 74 65 59 66 74 66 75 66 58 67 59 67 75 67 58 68 75 68 76 68 64 69 77 70 78 71 66 72 77 72 64 72 66 73 79 73 77 73 78 74 80 74 64 74 66 75 17 75 79 75 508 76 17 76 66 76 80 77 81 77 64 77 508 78 15 78 17 78 81 79 82 79 64 79 508 80 13 80 15 80 82 81 83 81 64 81 83 82 84 83 64 84 84 85 85 85 64 85 9 86 71 86 7 86 11 87 71 87 9 87 85 88 71 88 64 88 1 89 71 89 85 89 4 90 71 90 1 90 5 91 71 91 4 91 7 92 71 92 5 92 508 93 71 93 11 93 508 94 11 94 13 94 68 95 86 96 87 97 69 98 87 98 88 98 69 99 68 99 87 99 69 100 88 100 89 100 70 101 69 101 89 101 70 102 89 102 90 102 70 103 90 103 518 103 67 104 518 104 91 104 67 105 70 106 518 107 67 108 91 108 92 108 67 109 92 109 510 109 66 110 510 110 508 110 66 111 67 111 510 111 93 112 600 112 57 112 600 113 507 113 57 113 86 114 68 114 487 114 487 115 68 115 495 115 68 116 57 116 507 116 68 117 507 117 495 117 52 118 94 119 95 120 53 121 52 121 95 121 53 122 95 122 96 122 54 123 96 123 97 123 54 124 53 124 96 124 54 125 97 125 655 125 54 126 655 126 650 126 56 127 54 128 650 129 56 130 650 130 98 130 56 131 98 131 99 131 57 132 56 132 99 132 57 133 99 133 93 133 49 134 101 134 100 134 100 135 102 135 49 135 49 136 103 137 101 138 102 139 104 139 49 139 104 140 105 140 49 140 105 141 106 141 49 141 103 142 113 142 33 142 33 143 113 143 31 143 31 144 113 144 29 144 29 145 113 145 27 145 27 146 113 146 25 146 49 147 113 147 103 147 113 148 23 149 25 150 106 151 52 151 49 151 18 152 52 152 107 152 107 153 52 153 108 153 108 154 52 154 106 154 18 155 94 155 52 155 23 156 94 156 21 156 21 157 94 157 18 157 113 158 94 158 23 158 50 159 633 159 109 159 47 160 109 160 110 160 47 161 50 161 109 161 47 162 110 162 624 162 46 163 47 163 624 163 46 164 624 164 619 164 46 165 619 165 111 165 45 166 46 166 111 166 45 167 111 167 609 167 45 168 609 168 605 168 48 169 45 169 605 169 48 170 605 170 112 170 49 171 48 171 112 171 49 172 112 173 113 174 58 175 76 175 50 175 50 176 76 176 633 176 37 177 51 177 55 177 37 177 35 177 51 177 35 178 61 178 51 178 35 178 40 178 61 178 40 179 65 179 61 179 40 179 43 179 65 179 65 180 43 180 37 180 65 180 37 180 55 180 103 181 34 181 114 181 101 182 103 182 114 182 101 183 114 183 115 183 100 184 101 184 115 184 100 185 115 185 116 185 102 186 100 186 116 186 102 187 116 187 117 187 104 188 102 188 117 188 104 189 117 189 118 189 105 190 104 190 118 190 105 191 118 191 119 191 106 192 105 192 119 192 106 193 119 193 120 193 108 194 106 194 120 194 108 195 120 195 121 195 107 196 108 196 121 196 107 197 121 197 19 197 18 198 107 198 19 198 20 199 19 199 121 199 116 200 118 200 117 200 24 201 20 201 121 201 24 179 22 179 20 179 114 202 118 202 116 202 114 203 116 203 115 203 28 179 26 179 24 179 32 204 114 204 34 204 32 205 121 205 120 205 32 179 120 179 119 179 32 206 119 206 118 206 32 207 118 207 114 207 32 179 24 179 121 179 32 208 28 208 24 208 30 209 28 209 32 209 17 210 16 210 122 210 79 211 17 211 122 211 79 212 122 212 123 212 77 213 79 213 123 213 77 214 123 214 124 214 78 215 77 215 124 215 78 216 124 216 125 216 78 217 125 217 126 217 80 218 78 218 126 218 80 219 126 219 127 219 81 220 80 220 127 220 81 221 127 221 128 221 82 222 81 222 128 222 82 223 128 223 129 223 83 224 82 224 129 224 83 225 129 225 130 225 83 226 130 226 131 226 84 227 83 227 131 227 85 228 84 228 131 228 85 229 131 229 0 229 6 177 12 177 10 177 6 230 10 230 8 230 123 177 16 177 14 177 123 231 122 231 16 231 125 232 124 232 123 232 0 233 12 233 6 233 0 177 123 177 14 177 0 234 14 234 12 234 0 235 6 235 3 235 0 236 125 236 123 236 0 237 3 237 2 237 131 238 126 238 125 238 131 239 127 239 126 239 131 177 125 177 0 177 129 240 128 240 127 240 130 177 127 177 131 177 130 177 129 177 127 177 222 241 265 241 132 241 222 242 132 242 133 242 134 243 212 243 287 243 134 244 287 244 245 244 270 245 135 245 136 245 270 246 137 246 135 246 217 247 138 247 420 247 431 248 217 248 420 248 449 249 227 249 226 249 449 250 226 250 139 250 470 251 140 251 141 251 470 252 141 252 142 252 144 253 335 253 143 253 145 254 335 254 144 254 258 255 144 255 143 255 346 256 258 256 143 256 238 257 258 257 346 257 147 258 327 258 146 258 313 259 327 259 147 259 148 260 313 260 147 260 162 261 148 261 161 261 162 262 313 262 148 262 327 263 335 263 145 263 327 264 145 264 146 264 149 265 384 266 150 267 452 268 384 269 149 270 384 271 387 271 150 271 452 272 374 273 384 274 387 275 471 275 150 275 387 276 359 276 471 276 406 277 441 277 403 277 441 278 152 278 403 278 441 279 151 279 152 279 151 280 395 280 152 280 395 281 153 281 409 281 151 282 153 282 395 282 452 283 441 283 374 283 374 284 441 284 406 284 41 285 44 285 154 285 44 286 155 286 154 286 155 287 156 287 154 287 154 288 156 288 157 288 156 289 158 289 157 289 157 290 158 290 288 290 288 291 158 291 159 291 158 292 160 292 159 292 160 293 161 293 159 293 160 294 162 294 161 294 420 295 138 295 163 295 138 296 164 296 163 296 163 297 164 297 165 297 164 298 166 299 165 300 165 301 166 302 167 303 166 304 168 304 167 304 167 305 168 305 422 305 168 306 155 306 422 306 422 307 155 307 169 307 155 308 44 308 169 308 169 309 44 309 170 309 42 310 41 310 171 310 171 311 154 311 172 311 41 312 154 312 171 312 154 313 173 313 172 313 172 314 173 314 410 314 410 315 173 315 174 315 173 316 290 316 174 316 174 317 290 317 411 317 411 318 290 319 175 320 290 321 296 321 175 321 175 322 296 322 135 322 296 323 136 323 135 323 488 324 172 324 169 324 169 325 172 325 176 325 172 326 177 326 176 326 176 327 177 327 421 327 421 328 177 328 178 328 177 329 413 329 178 329 178 330 413 330 423 330 413 331 179 331 423 331 423 332 179 333 180 334 179 335 418 335 180 335 180 336 418 336 153 336 418 337 409 337 153 337 499 338 594 338 360 338 594 339 181 339 360 339 360 340 181 340 368 340 368 341 181 341 367 341 181 342 475 343 367 344 367 345 475 345 182 345 475 346 183 347 182 348 182 349 183 350 184 351 184 352 183 352 359 352 183 353 471 353 359 353 133 354 185 355 186 356 132 357 185 357 133 357 186 358 185 358 187 358 185 359 188 360 187 361 187 362 188 363 189 364 188 365 190 365 189 365 189 366 190 366 191 366 190 367 192 367 191 367 191 368 192 368 193 368 192 369 195 369 193 369 193 370 195 370 194 370 38 371 39 371 594 371 594 372 201 372 196 372 39 373 201 374 594 375 201 376 197 376 196 376 196 377 197 377 472 377 472 378 197 378 198 378 197 379 349 379 198 379 198 380 349 380 473 380 473 381 349 382 199 383 349 384 200 384 199 384 199 385 200 385 140 385 200 386 141 386 140 386 39 387 195 387 201 387 195 388 192 388 201 388 192 389 202 389 201 389 201 390 202 390 203 390 202 391 204 391 203 391 203 392 204 392 347 392 347 393 204 393 205 393 204 394 232 394 205 394 205 395 232 396 206 397 232 398 235 398 206 398 206 399 235 400 346 401 235 402 238 402 346 402 137 403 272 403 207 403 270 404 272 404 137 404 207 405 272 405 208 405 272 406 276 406 208 406 208 407 276 408 209 409 276 410 279 411 209 412 279 413 210 413 209 413 209 414 210 414 211 414 210 415 285 415 211 415 211 416 285 416 401 416 285 417 287 418 401 419 401 420 287 420 212 420 449 421 139 421 213 421 448 422 449 422 213 422 448 423 213 423 214 423 446 424 448 424 214 424 443 425 214 425 215 425 443 426 446 426 214 426 443 427 215 427 315 427 440 428 443 428 315 428 440 429 315 429 216 429 431 430 440 430 216 430 431 431 216 431 217 431 134 432 248 432 218 432 245 433 248 433 134 433 248 434 252 434 218 434 218 435 252 435 219 435 219 436 252 436 220 436 252 437 260 437 220 437 220 438 260 439 221 440 260 441 259 441 221 441 221 442 259 442 222 442 259 443 264 444 222 445 264 446 265 447 222 448 470 449 142 449 223 449 469 450 470 450 223 450 466 451 469 451 223 451 466 452 223 452 224 452 463 453 466 454 224 455 463 456 224 456 333 456 462 457 463 458 333 459 458 460 462 460 333 460 458 461 333 461 225 461 456 462 458 462 225 462 456 463 225 463 226 463 227 464 456 465 226 466 190 467 202 467 192 467 188 468 228 468 190 468 231 469 232 469 229 469 204 470 229 470 232 470 234 471 232 471 231 471 234 472 235 472 232 472 239 473 233 474 236 475 237 476 238 476 235 476 228 477 229 477 190 477 202 478 190 479 229 480 229 481 204 482 202 483 228 484 231 484 229 484 228 485 230 485 231 485 230 486 188 486 185 486 230 487 185 488 233 489 234 490 231 491 230 492 234 493 230 494 233 495 233 496 185 497 132 498 233 499 132 500 236 501 240 502 238 503 237 504 228 505 188 506 230 507 239 508 234 509 233 510 239 511 237 512 234 513 237 514 235 515 234 516 237 517 239 518 240 519 236 520 132 520 265 520 239 521 265 522 263 523 239 524 236 525 265 526 240 527 239 527 263 527 240 528 263 528 262 528 238 529 262 530 258 531 238 532 240 533 262 534 243 535 241 536 145 537 247 538 242 538 241 538 246 539 241 539 243 539 243 540 145 540 144 540 246 541 247 541 241 541 244 542 242 542 247 542 248 543 245 544 244 545 248 546 244 546 247 546 249 547 246 547 243 547 250 548 243 549 144 550 249 551 247 552 246 553 251 554 243 554 250 554 251 555 249 556 243 557 253 558 248 558 247 558 253 559 247 560 249 561 252 562 248 562 253 562 254 563 249 564 251 565 255 566 250 567 144 568 251 569 250 570 255 571 256 572 253 572 249 572 256 573 249 574 254 575 255 576 144 576 258 576 252 577 253 577 256 577 257 578 251 578 255 578 254 579 251 580 257 581 259 582 256 583 254 584 260 585 252 585 256 585 260 586 256 586 259 586 262 587 257 588 255 589 261 590 259 590 254 590 261 591 254 592 257 593 262 594 255 595 258 596 261 597 257 598 262 599 263 600 261 601 262 602 265 603 259 604 261 605 265 606 264 607 259 608 265 609 261 610 263 611 245 612 287 612 286 612 244 613 245 613 286 613 244 614 286 614 283 614 242 615 244 615 283 615 242 616 283 617 280 618 241 619 242 619 280 619 145 620 280 621 146 622 145 623 241 624 280 625 269 626 266 627 148 628 267 629 268 630 266 631 269 632 267 632 266 632 271 633 267 633 269 633 272 634 270 634 268 634 273 635 268 636 267 637 147 638 269 638 148 638 273 639 267 640 271 641 274 642 271 643 269 644 272 645 268 646 273 647 275 648 269 649 147 650 276 651 272 652 273 653 277 654 271 655 274 656 277 657 273 657 271 657 274 658 269 658 275 658 276 659 273 659 277 659 278 660 277 660 274 660 278 661 274 662 275 663 279 664 276 665 277 666 146 667 275 668 147 669 279 670 277 671 278 672 210 673 279 673 278 673 280 674 275 675 146 676 281 677 278 678 275 679 280 680 281 681 275 682 282 683 278 683 281 683 282 684 210 684 278 684 283 685 281 685 280 685 282 686 281 686 284 686 285 687 210 688 282 689 283 690 284 691 281 692 284 693 285 693 282 693 286 694 284 694 283 694 286 695 285 695 284 695 287 696 285 696 286 696 268 697 270 698 136 699 268 700 136 701 299 702 266 703 268 703 299 703 266 704 299 705 298 706 266 707 298 708 161 709 148 710 266 710 161 710 157 711 173 711 154 711 159 712 291 713 292 714 159 715 294 715 291 715 295 716 296 716 293 716 297 717 136 718 296 719 288 720 289 720 157 720 173 721 157 722 289 723 289 724 290 724 173 724 292 725 289 725 288 725 293 726 289 726 292 726 295 727 292 727 291 727 295 728 293 728 292 728 293 729 296 730 290 731 294 732 159 733 161 734 295 735 291 736 294 737 295 738 294 739 297 740 299 741 136 742 297 743 292 744 288 745 159 746 293 747 290 748 289 749 297 750 296 750 295 750 294 751 298 752 297 753 298 754 294 755 161 756 297 757 298 758 299 759 160 760 303 761 162 762 305 763 304 764 301 765 158 766 306 766 160 766 168 767 166 767 309 767 168 768 156 768 155 768 302 769 310 770 300 771 303 772 300 773 162 774 305 775 138 776 304 777 305 778 164 779 138 780 306 781 303 781 160 781 302 782 307 783 305 784 307 785 303 785 306 785 307 786 302 787 303 788 307 789 164 789 305 789 307 790 166 790 164 790 306 791 308 792 307 793 309 794 307 794 308 794 308 795 158 795 156 795 156 796 168 797 308 798 168 799 309 800 308 801 302 802 301 803 310 804 302 805 300 806 303 807 301 808 302 809 305 810 158 811 308 812 306 813 309 814 166 815 307 816 304 817 138 817 217 817 301 818 304 819 217 820 301 821 217 822 311 823 310 824 301 824 311 824 310 825 311 826 312 827 300 828 310 829 312 830 162 831 312 832 313 833 162 834 300 835 312 836 314 837 217 837 216 837 314 838 311 839 217 840 316 841 311 842 314 843 315 844 314 845 216 846 317 847 314 848 315 849 312 850 311 851 316 852 316 853 314 853 317 853 319 854 312 854 316 854 320 855 316 855 317 855 318 856 317 856 315 856 318 857 315 857 215 857 320 858 319 858 316 858 313 859 312 860 319 861 321 862 317 862 318 862 321 863 320 863 317 863 323 864 319 864 320 864 322 865 318 865 215 865 323 866 313 867 319 868 323 869 320 870 321 871 322 872 321 872 318 872 214 873 322 873 215 873 324 874 321 874 322 874 327 875 313 875 323 875 324 876 323 876 321 876 322 877 214 877 213 877 325 878 324 878 322 878 326 879 322 879 213 879 139 880 326 880 213 880 327 881 323 882 324 883 326 884 325 885 322 886 327 887 324 888 328 889 328 890 324 890 325 890 326 891 226 891 329 891 326 892 139 892 226 892 326 893 329 893 330 893 325 894 326 894 330 894 328 895 325 896 330 897 328 898 330 899 335 900 327 901 328 902 335 903 331 904 329 904 226 904 225 905 331 905 226 905 332 906 329 906 331 906 332 907 330 907 329 907 334 908 332 908 331 908 333 909 331 909 225 909 334 910 331 910 333 910 336 911 330 912 332 913 336 914 332 914 334 914 337 915 334 915 333 915 337 916 333 917 224 918 335 919 330 920 336 921 338 922 334 923 337 924 338 925 336 925 334 925 339 926 337 926 224 926 341 927 335 928 336 929 340 930 224 931 223 932 339 933 338 933 337 933 340 934 339 934 224 934 341 935 336 936 338 937 342 938 338 938 339 938 343 939 339 939 340 939 143 940 335 940 341 940 142 941 340 941 223 941 342 942 341 942 338 942 343 943 342 943 339 943 344 944 340 945 142 946 344 947 343 948 340 949 143 950 341 950 342 950 345 951 342 952 343 953 345 954 343 954 344 954 345 955 143 955 342 955 142 956 141 957 358 958 344 959 142 960 358 961 344 962 358 963 357 964 344 965 357 965 356 965 345 966 344 967 356 968 345 969 356 970 346 971 143 972 345 973 346 974 203 975 197 975 201 975 350 976 351 976 205 976 206 977 352 978 350 979 354 980 350 980 352 980 346 981 352 982 206 983 141 984 200 985 358 986 347 720 348 720 203 720 197 987 203 987 348 987 348 988 349 988 197 988 205 989 348 989 347 989 205 990 351 990 348 990 350 991 205 991 206 991 351 992 200 993 349 994 354 995 351 996 350 997 354 998 353 999 351 1000 351 1001 353 1001 200 1001 352 1002 356 1003 354 1004 358 1005 200 1006 353 1007 357 1008 358 1009 355 1010 351 1011 349 1012 348 1013 355 1014 353 1014 354 1014 355 1015 358 1016 353 1017 354 1018 356 1019 355 1020 356 1021 352 1022 346 1023 355 1024 356 1025 357 1026 360 1027 193 1027 499 1027 362 1028 361 1028 186 1028 189 1029 364 1029 187 1029 189 1030 366 1030 364 1030 367 1031 182 1032 365 1033 368 1034 191 1034 360 1034 191 1035 193 1035 360 1035 184 1036 369 1036 363 1036 184 1037 359 1038 369 1039 365 1040 363 1041 362 1042 365 1043 362 1043 186 1043 364 1044 186 1045 187 1046 363 1047 182 1047 184 1047 364 1048 365 1048 186 1048 365 1049 182 1050 363 1051 366 1052 365 1052 364 1052 366 1053 189 1053 191 1053 366 1054 367 1054 365 1054 191 1055 367 1055 366 1055 191 1056 368 1056 367 1056 361 1057 133 1058 186 1059 369 1060 361 1060 362 1060 369 1061 362 1062 363 1063 383 1064 222 1065 133 1066 383 1067 133 1068 361 1069 386 1070 361 1070 369 1070 386 1071 383 1071 361 1071 386 1072 369 1073 359 1074 387 1075 386 1076 359 1077 372 1078 134 1078 218 1078 372 1079 370 1080 134 1081 371 1082 370 1082 372 1082 375 1083 371 1083 372 1083 376 1084 372 1084 218 1084 373 1085 371 1086 375 1087 376 1088 218 1088 219 1088 377 1089 373 1090 375 1091 377 1092 374 1093 373 1094 375 1095 372 1095 376 1095 379 1096 375 1096 376 1096 376 1097 219 1097 378 1097 379 1098 377 1098 375 1098 378 1099 219 1099 220 1099 384 1100 374 1100 377 1100 380 1101 378 1101 220 1101 378 1102 379 1103 376 1104 382 1105 384 1106 377 1107 380 1108 220 1109 221 1110 381 1111 378 1112 380 1113 382 1114 377 1115 379 1116 381 1117 379 1117 378 1117 382 1118 379 1119 381 1120 222 1121 380 1121 221 1121 383 1122 380 1122 222 1122 385 1123 382 1123 381 1123 386 1124 381 1124 380 1124 386 1125 380 1125 383 1125 385 1126 381 1127 386 1128 384 1129 382 1130 385 1131 387 1132 384 1133 385 1134 387 1135 385 1136 386 1137 404 1138 212 1138 134 1138 404 1139 134 1139 370 1139 404 1140 370 1140 371 1140 407 1141 404 1141 371 1141 407 1142 371 1143 373 1144 406 1145 407 1146 373 1147 406 1148 373 1149 374 1150 390 1151 388 1152 137 1153 390 1154 137 1155 207 1156 389 1157 388 1158 390 1159 392 1160 391 1161 389 1162 393 1163 389 1163 390 1163 394 1164 207 1165 208 1166 392 1167 389 1167 393 1167 394 1168 390 1169 207 1170 395 1171 391 1172 392 1173 394 1174 393 1174 390 1174 393 1175 394 1176 396 1177 209 1178 394 1179 208 1180 397 1181 392 1181 393 1181 395 1182 392 1183 397 1184 396 1185 397 1185 393 1185 398 1186 394 1186 209 1186 152 1187 395 1188 397 1189 398 1190 396 1191 394 1192 211 1193 398 1193 209 1193 399 1194 397 1194 396 1194 400 1195 396 1195 398 1195 152 1196 397 1197 399 1198 400 1199 399 1200 396 1201 400 1202 398 1203 211 1204 403 1205 152 1206 399 1207 400 1208 211 1208 401 1208 402 1209 400 1210 401 1211 405 1212 400 1212 402 1212 403 1213 399 1213 400 1213 405 1214 403 1215 400 1216 212 1217 404 1217 401 1217 404 1218 402 1218 401 1218 407 1219 405 1219 402 1219 406 1220 403 1221 405 1222 407 1223 402 1223 404 1223 406 1224 405 1225 407 1226 135 1227 137 1228 388 1229 419 1230 135 1231 388 1232 408 1233 388 1233 389 1233 408 1234 419 1235 388 1236 408 1237 389 1238 391 1239 409 1240 408 1241 391 1242 409 1243 391 1243 395 1243 410 1244 177 1244 172 1244 415 1245 413 1246 412 1247 175 1248 416 1249 414 1250 179 1251 417 1252 418 1253 177 1254 410 1254 174 1254 412 1255 177 1255 174 1255 412 1256 174 1256 411 1256 412 1257 413 1257 177 1257 412 1258 411 1258 415 1258 415 1259 411 1259 414 1259 414 1260 411 1260 175 1260 415 1261 414 1261 416 1261 417 1262 413 1263 415 1264 417 1265 179 1265 413 1265 417 1266 415 1267 416 1268 175 1269 135 1270 419 1271 419 1272 416 1273 175 1274 408 1275 409 1276 418 1277 408 1278 417 1278 416 1278 419 1279 408 1280 416 1281 408 1282 418 1283 417 1284 422 1285 169 1285 176 1285 421 1286 422 1286 176 1286 167 1287 424 1287 425 1287 165 1288 167 1288 425 1288 163 1289 165 1289 427 1289 163 1290 427 1290 429 1290 422 1291 421 1291 178 1291 424 1292 422 1292 178 1292 424 1293 178 1293 423 1293 424 1294 167 1294 422 1294 424 1295 423 1295 425 1295 425 1296 423 1296 426 1296 426 1297 423 1297 180 1297 427 1298 425 1299 426 1300 427 1301 426 1301 428 1301 427 1302 165 1303 425 1304 180 1305 153 1306 430 1307 430 1308 428 1309 426 1310 430 1311 426 1312 180 1313 429 1314 427 1314 428 1314 430 1315 429 1315 428 1315 429 1316 420 1317 163 1318 432 1319 431 1320 420 1321 432 1322 420 1322 429 1322 432 1323 429 1323 430 1323 433 1324 432 1324 430 1324 433 1325 430 1326 153 1327 151 1328 433 1329 153 1330 436 1331 432 1331 433 1331 434 1332 433 1333 151 1334 435 1335 432 1336 436 1337 436 1338 433 1339 434 1340 434 1341 151 1341 441 1341 435 1342 431 1342 432 1342 438 1343 436 1344 434 1345 439 1346 438 1347 434 1348 435 1349 436 1350 437 1351 437 1352 436 1352 438 1352 440 1353 431 1354 435 1355 442 1356 437 1356 438 1356 439 1357 434 1358 441 1359 440 1360 435 1361 437 1362 443 1363 440 1363 437 1363 442 1364 438 1365 439 1366 443 1367 437 1367 442 1367 444 1368 439 1369 441 1370 444 1371 442 1372 439 1373 445 1374 443 1374 442 1374 445 1375 442 1375 444 1375 446 1376 443 1377 445 1378 447 1379 445 1379 444 1379 448 1380 446 1380 445 1380 448 1381 445 1382 447 1383 449 1384 448 1384 447 1384 450 1385 227 1385 449 1385 450 1386 449 1386 447 1386 450 1387 447 1387 444 1387 451 1388 450 1388 444 1388 452 1389 444 1390 441 1391 452 1392 451 1393 444 1394 451 1395 452 1396 453 1397 453 1398 452 1398 149 1398 454 1399 450 1399 451 1399 454 1400 451 1400 455 1400 455 1401 451 1401 453 1401 456 1402 227 1402 450 1402 456 1403 450 1403 454 1403 457 1404 455 1404 453 1404 458 1405 456 1405 454 1405 459 1406 454 1406 455 1406 459 1407 458 1408 454 1409 459 1410 455 1410 457 1410 461 1411 457 1411 453 1411 461 1412 453 1413 149 1414 462 1415 458 1416 459 1417 150 1418 461 1419 149 1420 462 1421 459 1422 460 1423 460 1424 459 1425 457 1426 463 1427 462 1428 460 1429 464 1430 460 1431 457 1432 464 1433 457 1433 461 1433 465 1434 461 1435 150 1436 466 1437 463 1437 460 1437 466 1438 460 1439 464 1440 464 1441 461 1442 465 1443 468 1444 464 1444 465 1444 467 1445 466 1445 464 1445 467 1446 464 1447 468 1448 469 1449 466 1450 467 1451 470 1452 467 1453 468 1454 470 1455 469 1456 467 1457 140 1458 470 1459 468 1460 481 1461 140 1461 468 1461 480 1462 468 1462 465 1462 480 1463 481 1464 468 1465 471 1466 465 1467 150 1468 471 1469 480 1470 465 1471 181 1472 594 1472 196 1472 472 1473 181 1473 196 1473 477 1474 475 1475 474 1476 183 1477 479 1477 480 1477 181 1478 472 1478 198 1478 474 1479 181 1479 198 1479 474 1480 198 1480 473 1480 474 1481 475 1482 181 1483 474 1484 473 1484 477 1484 477 1485 473 1485 476 1485 476 1486 473 1486 199 1486 477 1487 476 1487 478 1487 479 1488 183 1488 475 1488 479 1489 475 1489 477 1489 478 1490 479 1491 477 1492 199 1493 140 1494 481 1495 481 1496 478 1497 476 1498 481 1499 476 1500 199 1501 480 1502 479 1502 478 1502 481 1503 480 1504 478 1505 480 1506 471 1506 183 1506 488 1507 169 1507 482 1507 483 1508 488 1509 482 1510 483 1511 482 1512 497 1513 484 1514 483 1514 497 1514 484 1515 497 1515 485 1515 493 1516 484 1516 485 1516 493 1517 485 1517 486 1517 494 1518 493 1518 486 1518 494 1519 486 1520 487 1521 495 1522 494 1522 487 1522 172 1523 488 1523 171 1523 169 1524 489 1525 482 1526 488 1527 42 1528 171 1529 488 1530 490 1530 42 1530 483 1531 490 1532 488 1533 483 1534 491 1534 490 1534 484 1535 491 1535 483 1535 484 1536 492 1536 491 1536 493 1537 492 1538 484 1539 170 1540 489 1540 169 1540 496 1541 497 1541 482 1541 496 1542 482 1542 489 1542 498 1543 497 1543 496 1543 498 1544 485 1545 497 1546 486 1547 485 1548 498 1549 494 1550 495 1551 507 1552 494 1553 507 1553 506 1553 493 1554 494 1555 506 1556 493 1557 506 1557 505 1557 492 1558 493 1558 505 1558 492 1559 505 1559 504 1559 491 1560 492 1560 504 1560 491 1561 504 1561 503 1561 490 1562 491 1562 503 1562 490 1563 503 1563 500 1563 42 1564 490 1564 500 1564 42 1565 500 1565 194 1565 539 1566 86 1567 487 1568 539 1569 487 1570 486 1571 546 1572 539 1572 486 1572 546 1573 486 1573 498 1573 544 1574 546 1574 498 1574 544 1575 498 1575 496 1575 545 1576 496 1576 489 1576 545 1577 544 1577 496 1577 545 1578 489 1578 170 1578 547 1579 545 1579 170 1579 548 1580 547 1580 170 1580 500 1581 193 1581 194 1581 500 1582 499 1582 193 1582 500 1583 501 1584 499 1585 503 1586 501 1586 500 1586 503 1587 502 1587 501 1587 504 1588 502 1588 503 1588 504 1589 505 1589 502 1589 509 1590 508 1591 510 1592 512 1593 509 1594 510 1595 512 1596 510 1596 92 1596 512 1597 511 1598 509 1599 91 1600 512 1600 92 1600 515 1601 511 1601 512 1601 517 1602 512 1602 91 1602 517 1603 515 1604 512 1605 517 1606 91 1606 518 1606 515 1607 513 1608 511 1609 519 1610 516 1611 514 1612 519 1613 514 1613 513 1613 519 1614 513 1614 515 1614 520 1615 518 1615 90 1615 521 1616 515 1617 517 1618 520 1619 517 1619 518 1619 523 1620 516 1620 519 1620 521 1621 517 1622 520 1623 524 1624 520 1624 90 1624 89 1625 524 1625 90 1625 522 1626 516 1627 523 1628 526 1629 519 1629 515 1629 526 1630 515 1630 521 1630 527 1631 521 1632 520 1633 528 1634 527 1634 520 1634 528 1635 520 1636 524 1637 529 1638 519 1638 526 1638 523 1639 519 1639 529 1639 527 1640 526 1640 521 1640 530 1641 522 1641 523 1641 530 1642 523 1643 529 1644 532 1645 524 1645 89 1645 533 1646 529 1646 526 1646 531 1647 526 1647 527 1647 532 1648 528 1649 524 1650 525 1651 522 1651 534 1651 532 1652 89 1652 88 1652 531 1653 527 1653 528 1653 531 1654 533 1655 526 1656 534 1657 522 1657 530 1657 535 1658 88 1659 87 1660 536 1661 528 1662 532 1663 535 1664 532 1665 88 1666 536 1667 531 1667 528 1667 538 1668 530 1668 529 1668 538 1669 529 1669 533 1669 537 1670 532 1670 535 1670 537 1671 536 1671 532 1671 533 1672 531 1672 536 1672 539 1673 87 1674 86 1675 539 1676 535 1677 87 1678 540 1679 530 1679 538 1679 534 1680 530 1680 540 1680 541 1681 536 1681 537 1681 540 1682 538 1682 533 1682 543 1683 537 1683 535 1683 542 1684 533 1684 536 1684 543 1685 535 1686 539 1687 542 1688 536 1689 541 1690 540 1691 533 1691 542 1691 543 1692 541 1692 537 1692 544 1693 542 1693 541 1693 546 1694 543 1695 539 1696 545 1697 540 1697 542 1697 546 1698 541 1698 543 1698 544 1699 545 1699 542 1699 547 1700 540 1700 545 1700 544 1701 541 1701 546 1701 548 1702 534 1702 540 1702 548 1703 540 1703 547 1703 585 1704 71 1704 508 1704 585 1705 508 1705 509 1705 587 1706 509 1706 511 1706 587 1707 585 1707 509 1707 590 1708 511 1708 513 1708 590 1709 587 1709 511 1709 590 1710 513 1710 514 1710 591 1711 590 1711 514 1711 591 1712 514 1712 516 1712 592 1713 591 1713 516 1713 592 1714 516 1714 522 1714 593 1715 592 1716 522 1717 593 1718 522 1718 525 1718 589 1719 593 1719 525 1719 595 1720 594 1720 499 1720 595 1721 499 1721 501 1721 549 1722 595 1722 501 1722 549 1723 501 1723 502 1723 550 1724 549 1724 502 1724 550 1725 502 1725 505 1725 550 1726 505 1726 506 1726 599 1727 550 1727 506 1727 600 1728 506 1729 507 1730 600 1731 599 1731 506 1731 75 1732 551 1732 76 1732 552 1733 551 1733 75 1733 553 1734 551 1734 552 1734 555 1735 552 1735 75 1735 555 1736 75 1736 74 1736 557 1737 553 1737 552 1737 556 1738 557 1738 552 1738 556 1739 552 1739 555 1739 557 1740 554 1740 553 1740 73 1741 555 1741 74 1741 559 1742 555 1742 73 1742 560 1743 557 1743 556 1743 561 1744 554 1744 557 1744 562 1745 556 1746 555 1747 559 1748 562 1748 555 1748 561 1749 558 1749 554 1749 561 1750 557 1750 560 1750 562 1751 560 1751 556 1751 563 1752 73 1752 568 1752 563 1753 559 1753 73 1753 565 1754 562 1754 559 1754 566 1755 558 1755 561 1755 563 1756 565 1757 559 1758 567 1759 560 1759 562 1759 567 1760 561 1760 560 1760 565 1761 567 1761 562 1761 564 1762 558 1762 566 1762 570 1763 567 1763 565 1763 571 1764 566 1764 561 1764 572 1765 563 1765 568 1765 571 1766 561 1766 567 1766 575 1767 565 1767 563 1767 574 1768 571 1768 567 1768 566 1769 569 1769 564 1769 575 1770 570 1770 565 1770 572 1771 568 1771 573 1771 572 1772 575 1772 563 1772 570 1773 574 1773 567 1773 576 1774 572 1775 573 1776 576 1777 573 1777 72 1777 579 1778 572 1778 576 1778 578 1779 575 1779 572 1779 569 1780 566 1780 577 1780 577 1781 566 1781 571 1781 579 1782 578 1783 572 1784 580 1785 570 1785 575 1785 580 1786 574 1786 570 1786 581 1787 571 1787 574 1787 582 1788 579 1788 576 1788 582 1789 576 1789 72 1789 580 1790 575 1790 578 1790 589 1791 569 1791 577 1791 581 1792 574 1792 580 1792 583 1793 578 1794 579 1795 584 1796 577 1796 571 1796 583 1797 580 1798 578 1799 583 1800 579 1800 582 1800 584 1801 571 1801 581 1801 585 1802 582 1803 72 1804 585 1805 72 1806 71 1807 586 1808 581 1808 580 1808 587 1809 582 1810 585 1811 588 1812 580 1812 583 1812 587 1813 583 1813 582 1813 589 1814 577 1814 584 1814 586 1815 580 1815 588 1815 590 1816 583 1816 587 1816 590 1817 588 1817 583 1817 584 1818 581 1819 586 1820 591 1821 586 1822 588 1823 592 1824 584 1824 586 1824 592 1825 586 1825 591 1825 590 1826 591 1826 588 1826 593 1827 589 1827 584 1827 592 1828 593 1828 584 1828 633 1829 76 1829 551 1829 635 1830 633 1830 551 1830 635 1831 551 1831 553 1831 640 1832 553 1832 554 1832 640 1833 635 1833 553 1833 642 1834 640 1834 554 1834 642 1835 554 1835 558 1835 643 1836 642 1836 558 1836 643 1837 558 1837 564 1837 641 1838 564 1838 569 1838 641 1839 643 1839 564 1839 595 1840 38 1841 594 1842 595 1843 596 1843 38 1843 549 1844 596 1845 595 1846 549 1847 597 1847 596 1847 550 1848 598 1848 597 1848 550 1849 597 1850 549 1851 550 1852 599 1852 598 1852 602 1853 601 1853 113 1853 602 1854 113 1855 112 1856 604 1857 601 1857 602 1857 604 1858 603 1859 601 1860 605 1861 602 1861 112 1861 605 1862 604 1862 602 1862 607 1863 603 1863 604 1863 608 1864 604 1865 605 1866 610 1867 606 1867 603 1867 610 1868 603 1868 607 1868 611 1869 608 1869 605 1869 611 1870 605 1870 609 1870 612 1871 604 1872 608 1873 612 1874 607 1874 604 1874 610 1875 607 1876 612 1877 613 1878 606 1878 610 1878 111 1879 614 1879 609 1879 614 1880 611 1880 609 1880 616 1881 612 1882 608 1883 616 1884 608 1884 611 1884 618 1885 610 1885 612 1885 619 1886 614 1887 111 1888 617 1889 616 1889 611 1889 618 1890 613 1890 610 1890 614 1891 617 1891 611 1891 621 1892 618 1892 612 1892 616 1893 621 1893 612 1893 621 1894 616 1894 617 1894 622 1895 615 1895 613 1895 623 1896 614 1896 619 1896 622 1897 613 1897 618 1897 624 1898 623 1898 619 1898 625 1899 617 1899 614 1899 625 1900 614 1900 623 1900 626 1901 618 1901 621 1901 626 1902 622 1903 618 1904 627 1905 623 1905 624 1905 628 1906 617 1907 625 1908 628 1909 621 1909 617 1909 110 1910 627 1910 624 1910 630 1911 626 1911 621 1911 629 1912 623 1912 627 1912 629 1913 625 1913 623 1913 630 1914 621 1914 628 1914 620 1915 615 1915 622 1915 631 1916 628 1916 625 1916 629 1917 631 1917 625 1917 632 1918 626 1918 630 1918 622 1919 626 1919 632 1919 109 1920 627 1920 110 1920 634 1921 627 1921 109 1921 631 1922 630 1922 628 1922 634 1923 629 1923 627 1923 620 1924 622 1925 632 1926 633 1927 634 1927 109 1927 631 1928 629 1928 634 1928 635 1929 634 1929 633 1929 636 1930 632 1930 630 1930 637 1931 631 1931 634 1931 635 1932 637 1932 634 1932 638 1933 630 1933 631 1933 638 1934 631 1934 637 1934 636 1935 630 1935 638 1935 640 1936 637 1936 635 1936 639 1937 620 1937 632 1937 639 1938 632 1938 636 1938 641 1939 620 1939 639 1939 642 1940 638 1940 637 1940 642 1941 637 1941 640 1941 643 1942 636 1942 638 1942 643 1943 638 1943 642 1943 643 1944 639 1944 636 1944 643 1945 641 1945 639 1945 600 1946 93 1947 644 1948 599 1949 600 1949 644 1949 599 1950 644 1950 645 1950 598 1951 599 1951 645 1951 597 1952 598 1952 645 1952 597 1953 645 1953 646 1953 596 1954 597 1954 646 1954 596 1955 646 1955 647 1955 596 1956 647 1956 656 1956 38 1957 596 1957 656 1957 38 1958 656 1958 674 1958 673 1959 94 1960 113 1961 673 1962 113 1962 601 1962 676 1963 673 1964 601 1965 676 1966 601 1966 603 1966 681 1967 676 1967 603 1967 681 1968 603 1969 606 1970 683 1971 681 1971 606 1971 683 1972 606 1972 613 1972 682 1973 683 1973 613 1973 682 1974 613 1974 615 1974 684 1975 682 1976 615 1977 36 1978 684 1978 615 1978 36 1979 615 1979 620 1979 648 1980 93 1980 99 1980 648 1981 645 1981 644 1981 648 1982 644 1982 93 1982 98 1983 648 1983 99 1983 649 1984 648 1984 98 1984 651 1985 649 1986 98 1987 649 1988 645 1989 648 1990 653 1991 98 1992 650 1993 652 1994 645 1995 649 1996 653 1997 651 1998 98 1999 654 2000 649 2000 651 2000 652 2001 646 2001 645 2001 654 2002 652 2002 649 2002 653 2003 650 2003 655 2003 657 2004 651 2005 653 2006 658 2007 652 2008 654 2009 659 2010 646 2011 652 2012 660 2013 654 2014 651 2015 659 2016 647 2016 646 2016 660 2017 651 2017 657 2017 659 2018 652 2018 658 2018 657 2019 653 2020 655 2021 660 2022 658 2023 654 2024 656 2025 647 2025 659 2025 661 2026 659 2026 658 2026 97 2027 657 2028 655 2029 662 2030 658 2030 660 2030 663 2031 657 2032 97 2033 664 2034 674 2034 656 2034 665 2035 660 2035 657 2035 661 2036 658 2036 662 2036 666 2037 97 2037 96 2037 665 2038 657 2038 663 2038 665 2039 662 2039 660 2039 663 2040 97 2041 666 2042 664 2043 656 2043 659 2043 668 2044 665 2044 663 2044 667 2045 662 2045 665 2045 669 2046 666 2047 96 2048 670 2049 663 2050 666 2051 95 2052 669 2053 96 2054 668 2055 667 2055 665 2055 671 2056 659 2057 661 2058 670 2059 668 2060 663 2061 672 2062 661 2062 662 2062 671 2063 664 2063 659 2063 669 2064 670 2065 666 2066 672 2067 662 2067 667 2067 673 2068 669 2068 95 2068 674 2069 664 2069 671 2069 667 2070 668 2070 675 2070 671 2071 661 2071 672 2071 673 2072 95 2073 94 2074 677 2075 668 2076 670 2077 678 2078 671 2078 672 2078 677 2079 670 2079 669 2079 676 2080 669 2081 673 2082 679 2083 672 2084 667 2085 679 2086 678 2086 672 2086 677 2087 675 2087 668 2087 674 2088 671 2088 680 2088 679 2089 667 2089 675 2089 677 2090 669 2090 676 2090 680 2091 671 2092 678 2093 681 2094 677 2095 676 2096 683 2097 675 2097 677 2097 683 2098 679 2098 675 2098 682 2099 679 2099 683 2099 684 2100 680 2100 678 2100 36 2101 674 2101 680 2101 681 2102 683 2102 677 2102 682 2103 678 2103 679 2103 682 2104 684 2105 678 2106 36 2107 680 2107 684 2107</p>
        </triangles>
      </mesh>
    </geometry>
  </library_geometries>
  <library_visual_scenes>
    <visual_scene id="Scene" name="Scene">
      <node id="node1" name="node1" type="NODE">
        <matrix sid="transform">1 0 0 0 0 1 0 0 0 0 1 0 0 0 0 1</matrix>
        <instance_geometry url="#Part__Feature001_013-mesh" name="node1">
          <bind_material>
            <technique_common>
              <instance_material symbol="Part__Feature001_013-material" target="#Part__Feature001_013-material"/>
            </technique_common>
          </bind_material>
        </instance_geometry>
      </node>
      <node id="node0" name="node0" type="NODE">
        <matrix sid="transform">1 0 0 0 0 1 0 0 0 0 1 0 0 0 0 1</matrix>
        <instance_geometry url="#Part__Feature_021-mesh" name="node0">
          <bind_material>
            <technique_common>
              <instance_material symbol="Part__Feature_021-material" target="#Part__Feature_021-material"/>
            </technique_common>
          </bind_material>
        </instance_geometry>
      </node>
      <node id="Camera" name="Camera" type="NODE">
        <matrix sid="transform">0.6859207 -0.3240135 0.6515582 7.358891 0.7276763 0.3054208 -0.6141704 -6.925791 0 0.8953956 0.4452714 4.958309 0 0 0 1</matrix>
        <instance_camera url="#Camera-camera"/>
      </node>
    </visual_scene>
  </library_visual_scenes>
  <scene>
    <instance_visual_scene url="#Scene"/>
  </scene>
</COLLADA>