<?xml version="1.0" encoding="utf-8"?>
<COLLADA xmlns="http://www.collada.org/2005/11/COLLADASchema" version="1.4.1" xmlns:xsi="http://www.w3.org/2001/XMLSchema-instance">
  <asset>
    <contributor>
      <author>Blender User</author>
      <authoring_tool>Blender 4.0.2 commit date:2023-12-05, commit time:07:41, hash:9be62e85b727</authoring_tool>
    </contributor>
    <created>2024-01-15T07:15:32</created>
    <modified>2024-01-15T07:15:32</modified>
    <unit name="meter" meter="1"/>
    <up_axis>Z_UP</up_axis>
  </asset>
  <library_cameras>
    <camera id="Camera-camera" name="Camera">
      <optics>
        <technique_common>
          <perspective>
            <xfov sid="xfov">39.59775</xfov>
            <aspect_ratio>1.777778</aspect_ratio>
            <znear sid="znear">0.1</znear>
            <zfar sid="zfar">100</zfar>
          </perspective>
        </technique_common>
      </optics>
      <extra>
        <technique profile="blender">
          <shiftx sid="shiftx" type="float">0</shiftx>
          <shifty sid="shifty" type="float">0</shifty>
          <dof_distance sid="dof_distance" type="float">10</dof_distance>
        </technique>
      </extra>
    </camera>
  </library_cameras>
  <library_lights>
    <light id="Light-light" name="Light">
      <technique_common>
        <point>
          <color sid="color">1000 1000 1000</color>
          <constant_attenuation>1</constant_attenuation>
          <linear_attenuation>0</linear_attenuation>
          <quadratic_attenuation>0</quadratic_attenuation>
        </point>
      </technique_common>
      <extra>
        <technique profile="blender">
          <type sid="type" type="int">0</type>
          <flag sid="flag" type="int">0</flag>
          <mode sid="mode" type="int">1</mode>
          <red sid="red" type="float">1</red>
          <green sid="green" type="float">1</green>
          <blue sid="blue" type="float">1</blue>
          <shadow_r sid="blender_shadow_r" type="float">0</shadow_r>
          <shadow_g sid="blender_shadow_g" type="float">0</shadow_g>
          <shadow_b sid="blender_shadow_b" type="float">0</shadow_b>
          <energy sid="blender_energy" type="float">1000</energy>
          <spotsize sid="spotsize" type="float">75</spotsize>
          <spotblend sid="spotblend" type="float">0.15</spotblend>
          <clipsta sid="clipsta" type="float">0.04999995</clipsta>
          <clipend sid="clipend" type="float">30.002</clipend>
          <bias sid="bias" type="float">1</bias>
          <radius sid="radius" type="float">0.1</radius>
          <area_shape sid="area_shape" type="int">1</area_shape>
          <area_size sid="area_size" type="float">0.1</area_size>
          <area_sizey sid="area_sizey" type="float">0.1</area_sizey>
          <area_sizez sid="area_sizez" type="float">1</area_sizez>
        </technique>
      </extra>
    </light>
  </library_lights>
  <library_effects>
    <effect id="Part__Feature007-effect">
      <profile_COMMON>
        <technique sid="common">
          <lambert>
            <emission>
              <color sid="emission">0 0 0 1</color>
            </emission>
            <diffuse>
              <color sid="diffuse">0.7921569 0.8196079 0.9333333 1</color>
            </diffuse>
            <index_of_refraction>
              <float sid="ior">1.45</float>
            </index_of_refraction>
          </lambert>
        </technique>
      </profile_COMMON>
    </effect>
    <effect id="Part__Feature006-effect">
      <profile_COMMON>
        <technique sid="common">
          <lambert>
            <emission>
              <color sid="emission">0 0 0 1</color>
            </emission>
            <diffuse>
              <color sid="diffuse">0.7921569 0.8196079 0.9333333 1</color>
            </diffuse>
            <index_of_refraction>
              <float sid="ior">1.45</float>
            </index_of_refraction>
          </lambert>
        </technique>
      </profile_COMMON>
    </effect>
    <effect id="Part__Feature005-effect">
      <profile_COMMON>
        <technique sid="common">
          <lambert>
            <emission>
              <color sid="emission">0 0 0 1</color>
            </emission>
            <diffuse>
              <color sid="diffuse">0.7921569 0.8196079 0.9333333 1</color>
            </diffuse>
            <index_of_refraction>
              <float sid="ior">1.45</float>
            </index_of_refraction>
          </lambert>
        </technique>
      </profile_COMMON>
    </effect>
    <effect id="Part__Feature004-effect">
      <profile_COMMON>
        <technique sid="common">
          <lambert>
            <emission>
              <color sid="emission">0 0 0 1</color>
            </emission>
            <diffuse>
              <color sid="diffuse">0.7921569 0.8196079 0.9333333 1</color>
            </diffuse>
            <index_of_refraction>
              <float sid="ior">1.45</float>
            </index_of_refraction>
          </lambert>
        </technique>
      </profile_COMMON>
    </effect>
    <effect id="Part__Feature003-effect">
      <profile_COMMON>
        <technique sid="common">
          <lambert>
            <emission>
              <color sid="emission">0 0 0 1</color>
            </emission>
            <diffuse>
              <color sid="diffuse">0.7921569 0.8196079 0.9333333 1</color>
            </diffuse>
            <index_of_refraction>
              <float sid="ior">1.45</float>
            </index_of_refraction>
          </lambert>
        </technique>
      </profile_COMMON>
    </effect>
    <effect id="Part__Feature002-effect">
      <profile_COMMON>
        <technique sid="common">
          <lambert>
            <emission>
              <color sid="emission">0 0 0 1</color>
            </emission>
            <diffuse>
              <color sid="diffuse">0.7921569 0.8196079 0.9333333 1</color>
            </diffuse>
            <index_of_refraction>
              <float sid="ior">1.45</float>
            </index_of_refraction>
          </lambert>
        </technique>
      </profile_COMMON>
    </effect>
    <effect id="Part__Feature001_001-effect">
      <profile_COMMON>
        <technique sid="common">
          <lambert>
            <emission>
              <color sid="emission">0 0 0 1</color>
            </emission>
            <diffuse>
              <color sid="diffuse">0.7921569 0.8196079 0.9333333 1</color>
            </diffuse>
            <index_of_refraction>
              <float sid="ior">1.45</float>
            </index_of_refraction>
          </lambert>
        </technique>
      </profile_COMMON>
    </effect>
    <effect id="Part__Feature012-effect">
      <profile_COMMON>
        <technique sid="common">
          <lambert>
            <emission>
              <color sid="emission">0 0 0 1</color>
            </emission>
            <diffuse>
              <color sid="diffuse">0.6666667 0.6980392 0.7686275 1</color>
            </diffuse>
            <index_of_refraction>
              <float sid="ior">1.45</float>
            </index_of_refraction>
          </lambert>
        </technique>
      </profile_COMMON>
    </effect>
    <effect id="Part__Feature011-effect">
      <profile_COMMON>
        <technique sid="common">
          <lambert>
            <emission>
              <color sid="emission">0 0 0 1</color>
            </emission>
            <diffuse>
              <color sid="diffuse">0.6666667 0.6980392 0.7686275 1</color>
            </diffuse>
            <index_of_refraction>
              <float sid="ior">1.45</float>
            </index_of_refraction>
          </lambert>
        </technique>
      </profile_COMMON>
    </effect>
    <effect id="Part__Feature010-effect">
      <profile_COMMON>
        <technique sid="common">
          <lambert>
            <emission>
              <color sid="emission">0 0 0 1</color>
            </emission>
            <diffuse>
              <color sid="diffuse">0.7921569 0.8196079 0.9333333 1</color>
            </diffuse>
            <index_of_refraction>
              <float sid="ior">1.45</float>
            </index_of_refraction>
          </lambert>
        </technique>
      </profile_COMMON>
    </effect>
    <effect id="Part__Feature009-effect">
      <profile_COMMON>
        <technique sid="common">
          <lambert>
            <emission>
              <color sid="emission">0 0 0 1</color>
            </emission>
            <diffuse>
              <color sid="diffuse">0.7921569 0.8196079 0.9333333 1</color>
            </diffuse>
            <index_of_refraction>
              <float sid="ior">1.45</float>
            </index_of_refraction>
          </lambert>
        </technique>
      </profile_COMMON>
    </effect>
    <effect id="Part__Feature008-effect">
      <profile_COMMON>
        <technique sid="common">
          <lambert>
            <emission>
              <color sid="emission">0 0 0 1</color>
            </emission>
            <diffuse>
              <color sid="diffuse">0.7921569 0.8196079 0.9333333 1</color>
            </diffuse>
            <index_of_refraction>
              <float sid="ior">1.45</float>
            </index_of_refraction>
          </lambert>
        </technique>
      </profile_COMMON>
    </effect>
    <effect id="Part__Feature_001-effect">
      <profile_COMMON>
        <technique sid="common">
          <lambert>
            <emission>
              <color sid="emission">0 0 0 1</color>
            </emission>
            <diffuse>
              <color sid="diffuse">0.7921569 0.8196079 0.9333333 1</color>
            </diffuse>
            <index_of_refraction>
              <float sid="ior">1.45</float>
            </index_of_refraction>
          </lambert>
        </technique>
      </profile_COMMON>
    </effect>
  </library_effects>
  <library_images/>
  <library_materials>
    <material id="Part__Feature007-material" name="Part__Feature007">
      <instance_effect url="#Part__Feature007-effect"/>
    </material>
    <material id="Part__Feature006-material" name="Part__Feature006">
      <instance_effect url="#Part__Feature006-effect"/>
    </material>
    <material id="Part__Feature005-material" name="Part__Feature005">
      <instance_effect url="#Part__Feature005-effect"/>
    </material>
    <material id="Part__Feature004-material" name="Part__Feature004">
      <instance_effect url="#Part__Feature004-effect"/>
    </material>
    <material id="Part__Feature003-material" name="Part__Feature003">
      <instance_effect url="#Part__Feature003-effect"/>
    </material>
    <material id="Part__Feature002-material" name="Part__Feature002">
      <instance_effect url="#Part__Feature002-effect"/>
    </material>
    <material id="Part__Feature001_001-material" name="Part__Feature001.001">
      <instance_effect url="#Part__Feature001_001-effect"/>
    </material>
    <material id="Part__Feature012-material" name="Part__Feature012">
      <instance_effect url="#Part__Feature012-effect"/>
    </material>
    <material id="Part__Feature011-material" name="Part__Feature011">
      <instance_effect url="#Part__Feature011-effect"/>
    </material>
    <material id="Part__Feature010-material" name="Part__Feature010">
      <instance_effect url="#Part__Feature010-effect"/>
    </material>
    <material id="Part__Feature009-material" name="Part__Feature009">
      <instance_effect url="#Part__Feature009-effect"/>
    </material>
    <material id="Part__Feature008-material" name="Part__Feature008">
      <instance_effect url="#Part__Feature008-effect"/>
    </material>
    <material id="Part__Feature_001-material" name="Part__Feature.001">
      <instance_effect url="#Part__Feature_001-effect"/>
    </material>
  </library_materials>
  <library_geometries>
    <geometry id="Part__Feature007-mesh" name="Part__Feature007">
      <mesh>
        <source id="Part__Feature007-mesh-positions">
          <float_array id="Part__Feature007-mesh-positions-array" count="111">0.1409286 -0.05000174 -0.32 0.1407569 -0.05002921 -0.32 0.1405799 -0.05009126 -0.32 0.1404107 -0.05019062 -0.32 0.1402643 -0.0503211 -0.32 0.1401461 -0.05047732 -0.32 0.1400606 -0.05065393 -0.32 0.1400042 -0.05088049 -0.32 0.1409345 -0.05499839 -0.32 0.1400056 -0.05412733 -0.32 0.145 -0.055 -0.32 0.145 -0.04999995 -0.32 0.1407652 -0.05497318 -0.32 0.1400606 -0.05434602 -0.32 0.14058 -0.05490869 -0.32 0.1401461 -0.05452263 -0.32 0.1404107 -0.05480933 -0.32 0.1402643 -0.05467885 -0.32 0.1400016 -0.05406564 -0.02499997 0.1400267 -0.05423438 -0.02499997 0.140091 -0.05441945 -0.02499997 0.1401904 -0.05458891 -0.02499997 0.1403212 -0.05473583 -0.02499997 0.1404443 -0.05483144 -0.02499997 0.1405643 -0.0549013 -0.02499997 0.1407483 -0.05496895 -0.02499997 0.1409215 -0.05499738 -0.02499997 0.145 -0.055 -0.02499997 0.145 -0.04999995 -0.02499997 0.1409264 -0.05000239 -0.02499997 0.1407567 -0.05002844 -0.02499997 0.1405643 -0.05009865 -0.02499997 0.1403542 -0.05023241 -0.02499997 0.1401904 -0.05041104 -0.02499997 0.140091 -0.0505805 -0.02499997 0.1400267 -0.05076557 -0.02499997 0.1400024 -0.0509262 -0.02499997</float_array>
          <technique_common>
            <accessor source="#Part__Feature007-mesh-positions-array" count="37" stride="3">
              <param name="X" type="float"/>
              <param name="Y" type="float"/>
              <param name="Z" type="float"/>
            </accessor>
          </technique_common>
        </source>
        <source id="Part__Feature007-mesh-normals">
          <float_array id="Part__Feature007-mesh-normals-array" count="216">0.001025319 0 -0.9999995 3.98074e-4 -2.80819e-5 -1 3.98949e-4 -9.56762e-6 -1 3.97745e-4 -4.70504e-5 -1 0 0 -1 1.2897e-4 -1.9826e-5 -1 1.28715e-4 1.09131e-5 -1 1.28522e-4 5.0145e-6 -1 -2.73537e-4 0 -1 -3.35179e-4 1.61543e-5 -1 -3.35477e-4 -7.84498e-6 -1 -3.35301e-4 -1.33909e-5 -1 0.003514349 2.25083e-5 -0.9999939 0.003513216 -8.05128e-6 -0.9999939 0.003512322 6.22601e-6 -0.9999939 -0.9890668 -0.1474688 1.72888e-5 -0.9698158 -0.2438388 -1.90939e-5 -0.9445139 -0.3284716 1.57309e-5 -0.9445139 -0.3284716 1.57019e-5 -0.9445139 -0.3284716 1.57338e-5 -0.900133 -0.4356153 -1.58057e-5 -0.900133 -0.4356154 -1.58027e-5 -0.900133 -0.4356153 -1.57737e-5 -0.8622202 -0.5065339 1.57906e-5 -0.8622202 -0.5065339 1.57505e-5 -0.8622202 -0.5065339 1.57948e-5 -0.797618 -0.603163 -1.57707e-5 -0.7469778 -0.664849 1.58178e-5 -0.6650646 -0.7467858 -1.58116e-5 -0.6132742 -0.7898702 1.0676e-5 -0.506402 -0.8622976 -5.27797e-6 -0.5033802 -0.8640651 -7.45626e-6 -0.3286348 -0.9444572 -5.25118e-6 -0.3449485 -0.9386216 5.26399e-6 -0.1472626 -0.9890975 -3.31336e-6 -0.1622964 -0.9867421 4.87167e-6 -3.95853e-4 -1 0 -6.30244e-4 -0.9999999 3.2414e-6 -4.30957e-4 1 0 -5.91687e-4 0.9999998 2.20393e-6 -0.1581364 0.9874173 -2.76642e-6 -0.1516526 0.9884339 1.04773e-6 -0.330779 0.9437083 -2.79489e-6 -0.3428859 0.9393771 5.35729e-6 -0.5064861 0.8622481 -5.27924e-6 -0.5370714 0.8435368 1.65635e-5 -0.6650218 0.7468239 -2.1703e-5 -0.7976247 0.6031543 -1.57424e-5 -0.7371905 0.6756851 2.1581e-5 -0.9001942 0.4354887 -1.5925e-5 -0.9001942 0.4354887 -1.57581e-5 -0.9001942 0.4354887 -1.5787e-5 -0.8621467 0.5066589 1.57935e-5 -0.8621467 0.5066589 1.58337e-5 -0.8621467 0.5066589 1.60273e-5 -0.9703598 0.2416647 -2.00057e-5 -0.9445489 0.3283711 1.56878e-5 -0.9445489 0.3283711 1.57081e-5 -0.9445489 0.3283711 1.58044e-5 -0.9887298 0.1497108 1.71319e-5 -1 -4.35602e-4 -1.35977e-5 -1 2.57434e-4 -6.12278e-6 -1.41286e-5 0 1 4.14182e-5 0 1 -1.21095e-4 0 1 0 0 1 -1.14469e-6 0 1 1.57797e-6 0 1 -7.94155e-5 1.58114e-4 1 -1.20952e-5 0 1 4.86697e-5 0 1 1 0 0</float_array>
          <technique_common>
            <accessor source="#Part__Feature007-mesh-normals-array" count="72" stride="3">
              <param name="X" type="float"/>
              <param name="Y" type="float"/>
              <param name="Z" type="float"/>
            </accessor>
          </technique_common>
        </source>
        <vertices id="Part__Feature007-mesh-vertices">
          <input semantic="POSITION" source="#Part__Feature007-mesh-positions"/>
        </vertices>
        <triangles material="Part__Feature007-material" count="70">
          <input semantic="VERTEX" source="#Part__Feature007-mesh-vertices" offset="0"/>
          <input semantic="NORMAL" source="#Part__Feature007-mesh-normals" offset="1"/>
          <p>1 0 3 0 2 0 3 1 6 2 4 3 4 4 6 4 5 4 0 5 7 6 1 7 1 4 7 4 3 4 3 8 7 8 6 8 7 4 8 4 9 4 10 4 8 4 11 4 11 4 8 4 0 4 0 4 8 4 7 4 8 9 12 10 9 11 9 4 15 4 13 4 12 4 16 4 9 4 14 4 16 4 12 4 9 4 16 4 15 4 16 12 17 13 15 14 19 15 18 15 9 15 19 16 9 16 13 16 20 17 19 18 13 19 20 20 13 21 15 22 21 23 20 24 15 25 21 26 15 26 17 26 22 27 21 27 17 27 22 28 17 28 16 28 23 29 22 29 16 29 24 30 16 30 14 30 24 31 23 31 16 31 25 32 14 32 12 32 25 33 24 33 14 33 26 34 12 34 8 34 26 35 25 35 12 35 27 36 8 36 10 36 26 37 8 37 27 37 0 38 28 38 11 38 0 39 29 39 28 39 30 40 0 40 1 40 30 41 29 41 0 41 30 42 1 42 2 42 31 43 30 43 2 43 31 44 2 44 3 44 32 45 31 45 3 45 32 46 3 46 4 46 33 47 4 47 5 47 33 48 32 48 4 48 34 49 5 50 6 51 34 52 33 53 5 54 35 55 6 55 7 55 35 56 34 57 6 58 36 59 35 59 7 59 9 60 18 60 7 60 7 61 18 61 36 61 32 62 29 62 30 62 32 63 30 63 31 63 35 64 33 64 34 64 35 65 29 65 32 65 35 65 32 65 33 65 36 65 29 65 35 65 26 65 36 65 18 65 26 65 27 65 28 65 26 66 28 66 29 66 26 67 29 67 36 67 19 65 26 65 18 65 22 68 23 68 24 68 22 65 26 65 19 65 22 69 25 69 26 69 22 70 24 70 25 70 22 65 20 65 21 65 22 65 19 65 20 65 27 71 10 71 28 71 28 71 10 71 11 71</p>
        </triangles>
      </mesh>
    </geometry>
    <geometry id="Part__Feature006-mesh" name="Part__Feature006">
      <mesh>
        <source id="Part__Feature006-mesh-positions">
          <float_array id="Part__Feature006-mesh-positions-array" count="111">0.1409286 0.009998202 -0.32 0.1405799 0.009908676 -0.32 0.1407568 0.009970724 -0.32 0.1404107 0.009809315 -0.32 0.1402642 0.00967884 -0.32 0.1401461 0.009522616 -0.32 0.1400606 0.009346067 -0.32 0.1400042 0.009119451 -0.32 0.1409346 0.005001604 -0.32 0.1400056 0.005872607 -0.32 0.145 0.004999995 -0.32 0.145 0.00999999 -0.32 0.1400606 0.005653917 -0.32 0.1407652 0.005026817 -0.32 0.1405799 0.005091249 -0.32 0.1401461 0.005477309 -0.32 0.1404107 0.00519067 -0.32 0.1402642 0.005321085 -0.32 0.1400016 0.005934298 -0.02499997 0.1400268 0.005765557 -0.02499997 0.140091 0.005580484 -0.02499997 0.1401904 0.005411028 -0.02499997 0.1403213 0.005264103 -0.02499997 0.1404443 0.005168497 -0.02499997 0.1405642 0.0050987 -0.02499997 0.1407483 0.005031049 -0.02499997 0.1409215 0.005002558 -0.02499997 0.145 0.004999995 -0.02499997 0.145 0.00999999 -0.02499997 0.1409264 0.009997546 -0.02499997 0.1407566 0.009971499 -0.02499997 0.1405642 0.009901285 -0.02499997 0.1403542 0.009767532 -0.02499997 0.1401904 0.009588897 -0.02499997 0.140091 0.009419441 -0.02499997 0.1400268 0.009234368 -0.02499997 0.1400024 0.009073734 -0.02499997</float_array>
          <technique_common>
            <accessor source="#Part__Feature006-mesh-positions-array" count="37" stride="3">
              <param name="X" type="float"/>
              <param name="Y" type="float"/>
              <param name="Z" type="float"/>
            </accessor>
          </technique_common>
        </source>
        <source id="Part__Feature006-mesh-normals">
          <float_array id="Part__Feature006-mesh-normals-array" count="216">0 0 -1 -0.00114423 0 -0.9999994 0.001544356 0 -0.9999989 9.57683e-4 4.55895e-5 -0.9999997 9.57545e-4 4.83968e-5 -0.9999997 9.5732e-4 5.26672e-5 -0.9999997 -1.01385e-4 0 -1 7.73121e-4 2.20236e-5 -0.9999997 7.73113e-4 2.38684e-5 -0.9999998 7.7294e-4 2.60623e-5 -0.9999997 -3.62442e-4 0 -1 -6.71123e-4 -4.30387e-6 -0.9999998 -6.71053e-4 1.06312e-5 -0.9999998 -6.71127e-4 3.67913e-6 -0.9999998 -0.9890697 -0.1474493 1.72986e-5 -0.9697949 -0.2439221 -1.90532e-5 -0.944689 -0.3279678 1.57135e-5 -0.8999727 -0.4359462 -1.57462e-5 -0.8621704 -0.5066186 1.58088e-5 -0.8621704 -0.5066186 1.57687e-5 -0.8621704 -0.5066186 1.58129e-5 -0.7977228 -0.6030244 -1.57517e-5 -0.7469099 -0.6649253 1.58164e-5 -0.6650417 -0.7468063 -1.58309e-5 -0.6131626 -0.7899569 1.06237e-5 -0.5065055 -0.8622368 -5.24775e-6 -0.50331 -0.8641059 -7.47467e-6 -0.3286856 -0.9444394 -5.26681e-6 -0.3449716 -0.9386132 5.26837e-6 -0.1472219 -0.9891036 -3.29565e-6 -0.1622787 -0.986745 4.8527e-6 -3.95287e-4 -1 0 -6.30362e-4 -0.9999998 3.24142e-6 -4.30737e-4 1 0 -5.91454e-4 0.9999999 2.22208e-6 -0.1581343 0.9874176 -2.79458e-6 -0.1517075 0.9884255 1.06904e-6 -0.3308964 0.9436671 -2.78442e-6 -0.3429532 0.9393525 5.38113e-6 -0.5065073 0.8622357 -5.27524e-6 -0.5370622 0.8435426 1.64902e-5 -0.6650509 0.746798 -2.17297e-5 -0.7979841 0.6026785 -1.59086e-5 -0.7979841 0.6026785 -1.57428e-5 -0.7979841 0.6026785 -1.57715e-5 -0.7370883 0.6757964 2.15858e-5 -0.9001217 0.4356387 -1.58325e-5 -0.9001217 0.4356387 -1.57156e-5 -0.9001217 0.4356387 -1.57359e-5 -0.862279 0.5064336 1.57945e-5 -0.862279 0.5064336 1.58233e-5 -0.862279 0.5064336 1.59616e-5 -0.9704799 0.2411826 -2.01344e-5 -0.9704799 0.2411826 -1.99679e-5 -0.9704798 0.2411826 -1.99562e-5 -0.944684 0.3279818 1.57299e-5 -0.9887087 0.1498509 1.71449e-5 -1 -4.35603e-4 -1.35977e-5 -1 2.57435e-4 -6.12277e-6 0 0 1 3.95845e-6 0 1 -1.42719e-6 0 1 1.14399e-6 0 1 -2.36692e-6 0 1 -2.76045e-5 0 1 -3.51105e-5 0 1 -1.58938e-4 1.58201e-4 1 1.27263e-5 0 1 1.20333e-4 0 1 1.62415e-5 0 1 -4.08291e-5 0 1 1 0 0</float_array>
          <technique_common>
            <accessor source="#Part__Feature006-mesh-normals-array" count="72" stride="3">
              <param name="X" type="float"/>
              <param name="Y" type="float"/>
              <param name="Z" type="float"/>
            </accessor>
          </technique_common>
        </source>
        <vertices id="Part__Feature006-mesh-vertices">
          <input semantic="POSITION" source="#Part__Feature006-mesh-positions"/>
        </vertices>
        <triangles material="Part__Feature006-material" count="70">
          <input semantic="VERTEX" source="#Part__Feature006-mesh-vertices" offset="0"/>
          <input semantic="NORMAL" source="#Part__Feature006-mesh-normals" offset="1"/>
          <p>0 0 1 0 2 0 1 0 4 0 3 0 4 1 7 1 5 1 5 2 7 2 6 2 0 0 7 0 1 0 1 0 7 0 4 0 7 0 8 0 9 0 10 0 8 0 11 0 11 0 8 0 0 0 0 0 8 0 7 0 13 0 14 0 8 0 9 3 15 4 12 5 8 6 17 6 9 6 9 7 17 8 15 9 14 10 16 10 8 10 16 11 17 12 8 13 19 14 18 14 9 14 19 15 9 15 12 15 20 16 19 16 12 16 20 17 12 17 15 17 21 18 20 19 15 20 21 21 15 21 17 21 22 22 21 22 17 22 22 23 17 23 16 23 23 24 22 24 16 24 24 25 16 25 14 25 24 26 23 26 16 26 25 27 14 27 13 27 25 28 24 28 14 28 26 29 13 29 8 29 26 30 25 30 13 30 27 31 8 31 10 31 26 32 8 32 27 32 0 33 28 33 11 33 0 34 29 34 28 34 30 35 0 35 2 35 30 36 29 36 0 36 30 37 2 37 1 37 31 38 30 38 1 38 31 39 1 39 3 39 32 40 31 40 3 40 32 41 3 41 4 41 33 42 4 43 5 44 33 45 32 45 4 45 34 46 5 47 6 48 34 49 33 50 5 51 35 52 6 53 7 54 35 55 34 55 6 55 36 56 35 56 7 56 9 57 18 57 7 57 7 58 18 58 36 58 31 59 29 59 30 59 32 59 29 59 31 59 34 59 32 59 33 59 35 60 29 60 32 60 35 59 32 59 34 59 36 59 29 59 35 59 26 59 36 59 18 59 26 61 27 61 28 61 26 62 28 62 29 62 26 63 29 63 36 63 19 64 26 64 18 64 24 65 25 65 26 65 22 66 23 66 24 66 22 67 24 67 26 67 22 68 20 68 21 68 22 69 26 69 19 69 22 70 19 70 20 70 27 71 10 71 28 71 28 71 10 71 11 71</p>
        </triangles>
      </mesh>
    </geometry>
    <geometry id="Part__Feature005-mesh" name="Part__Feature005">
      <mesh>
        <source id="Part__Feature005-mesh-positions">
          <float_array id="Part__Feature005-mesh-positions-array" count="111">0.1409286 0.0699982 -0.32 0.1407568 0.06997066 -0.32 0.1405799 0.06990873 -0.32 0.1404107 0.06980931 -0.32 0.145 0.06999999 -0.32 0.145 0.06499999 -0.32 0.1402642 0.06967884 -0.32 0.1401461 0.06952261 -0.32 0.1400606 0.06934607 -0.32 0.1400042 0.06911951 -0.32 0.1409344 0.0650016 -0.32 0.1400056 0.0658726 -0.32 0.1407651 0.06502681 -0.32 0.1400606 0.06565392 -0.32 0.14058 0.06509125 -0.32 0.1401461 0.06547737 -0.32 0.1402643 0.06532102 -0.32 0.1404107 0.06519067 -0.32 0.1400016 0.0659343 -0.02499997 0.1400267 0.06576555 -0.02499997 0.140091 0.06558048 -0.02499997 0.1401904 0.06541109 -0.02499997 0.1403542 0.06523245 -0.02499997 0.1405643 0.0650987 -0.02499997 0.1407482 0.06503105 -0.02499997 0.1409214 0.06500256 -0.02499997 0.145 0.06499999 -0.02499997 0.145 0.06999999 -0.02499997 0.1409264 0.06999754 -0.02499997 0.1407566 0.0699715 -0.02499997 0.1405643 0.06990128 -0.02499997 0.1403968 0.06979894 -0.02499997 0.1402525 0.06966596 -0.02499997 0.1401685 0.06955558 -0.02499997 0.140091 0.0694195 -0.02499997 0.1400267 0.06923437 -0.02499997 0.1400024 0.06907373 -0.02499997</float_array>
          <technique_common>
            <accessor source="#Part__Feature005-mesh-positions-array" count="37" stride="3">
              <param name="X" type="float"/>
              <param name="Y" type="float"/>
              <param name="Z" type="float"/>
            </accessor>
          </technique_common>
        </source>
        <source id="Part__Feature005-mesh-normals">
          <float_array id="Part__Feature005-mesh-normals-array" count="252">-0.001027464 0 -0.9999995 0 0 -1 7.79842e-5 -1.74003e-6 -1 7.80765e-5 -1.54425e-7 -1 7.80415e-5 6.15342e-7 -1 1.48226e-5 -3.86125e-5 -1 1.56166e-5 -3.83515e-5 -1 1.52807e-5 -3.84061e-5 -1 0.001545131 0 -0.9999988 -3.34981e-4 -1.98553e-5 -1 -3.35391e-4 1.09016e-5 -1 -3.35531e-4 4.98867e-6 -1 -1.93093e-5 0 -1 0.00258851 2.33226e-5 -0.9999967 0.002587795 6.6561e-5 -0.9999967 0.002586364 1.09067e-4 -0.9999967 1.45441e-4 0 -1 -0.9890701 -0.1474465 1.72873e-5 -0.9698649 -0.2436437 -1.90894e-5 -0.9443606 -0.3289121 1.57583e-5 -0.9443606 -0.3289121 1.57177e-5 -0.9443606 -0.3289121 1.57624e-5 -0.9001798 -0.4355186 -1.5744e-5 -0.9001798 -0.4355185 -1.5741e-5 -0.9001798 -0.4355186 -1.5712e-5 -0.8621591 -0.5066378 1.58212e-5 -0.8621591 -0.5066378 1.57812e-5 -0.8621591 -0.5066378 1.58254e-5 -0.7976527 -0.6031169 -1.57662e-5 -0.7371147 -0.6757677 2.16151e-5 -0.6650335 -0.7468135 -2.16982e-5 -0.5064584 -0.8622645 -5.30918e-6 -0.5373898 -0.843334 1.65217e-5 -0.5373898 -0.843334 1.64524e-5 -0.5373898 -0.843334 1.66447e-5 -0.3286361 -0.9444567 -5.25333e-6 -0.3450065 -0.9386004 5.24979e-6 -0.1473478 -0.9890848 -3.2773e-6 -0.1623973 -0.9867255 4.88845e-6 -3.97675e-4 -1 0 -6.32059e-4 -0.9999999 3.19296e-6 -4.30048e-4 1 0 -5.90765e-4 0.9999998 2.22812e-6 -0.1582735 0.9873954 -2.79977e-6 -0.1517755 0.988415 1.06936e-6 -0.3308013 0.9437004 -2.76435e-6 -0.34294 0.9393573 5.36069e-6 -0.5064584 0.8622644 -5.24635e-6 -0.5216366 0.8531678 5.31102e-6 -0.5216366 0.8531678 5.34032e-6 -0.5216366 0.8531678 5.30464e-6 -0.664969 0.7468711 -5.24927e-6 -0.678039 0.735026 5.28163e-6 -0.7976523 0.6031176 -5.22616e-6 -0.795876 0.6054598 -7.3164e-6 -0.7958759 0.6054598 -7.32742e-6 -0.795876 0.6054598 -7.30273e-6 -0.9001726 0.4355335 -1.59109e-5 -0.9001726 0.4355334 -1.5744e-5 -0.9001726 0.4355335 -1.57729e-5 -0.8686361 0.4954506 1.06208e-5 -0.8686361 0.4954507 1.07162e-5 -0.8686361 0.4954506 1.08466e-5 -0.9703608 0.241661 -1.99921e-5 -0.9445713 0.3283063 1.57162e-5 -0.9445714 0.3283063 1.57364e-5 -0.9445713 0.3283063 1.58328e-5 -0.9887299 0.1497108 1.71319e-5 -1 -4.35601e-4 -1.35977e-5 -1 2.57437e-4 -6.12276e-6 6.05034e-5 0 1 -2.91806e-5 0 1 0 2.14308e-5 1 -1.07112e-6 0 1 -8.01025e-5 -3.70494e-5 1 1.22465e-5 0 1 0 0 1 -5.7269e-7 0 1 2.76045e-5 0 1 -1.21168e-4 0 1 6.31233e-5 0 1 -1.60179e-5 0 1 -4.80843e-6 0 1 1 0 0</float_array>
          <technique_common>
            <accessor source="#Part__Feature005-mesh-normals-array" count="84" stride="3">
              <param name="X" type="float"/>
              <param name="Y" type="float"/>
              <param name="Z" type="float"/>
            </accessor>
          </technique_common>
        </source>
        <vertices id="Part__Feature005-mesh-vertices">
          <input semantic="POSITION" source="#Part__Feature005-mesh-positions"/>
        </vertices>
        <triangles material="Part__Feature005-material" count="70">
          <input semantic="VERTEX" source="#Part__Feature005-mesh-vertices" offset="0"/>
          <input semantic="NORMAL" source="#Part__Feature005-mesh-normals" offset="1"/>
          <p>1 0 3 0 2 0 4 1 5 1 0 1 1 2 7 3 3 4 3 5 7 6 6 7 1 1 9 1 7 1 7 8 9 8 8 8 0 9 9 10 1 11 9 12 10 12 11 12 5 1 10 1 0 1 0 1 10 1 9 1 10 1 12 1 11 1 13 13 16 14 15 15 11 1 16 1 13 1 17 1 16 1 14 1 12 16 16 16 11 16 14 1 16 1 12 1 19 17 18 17 11 17 19 18 11 18 13 18 20 19 19 20 13 21 20 22 13 23 15 24 21 25 20 26 15 27 21 28 15 28 16 28 22 29 21 29 16 29 22 30 16 30 17 30 23 31 17 31 14 31 23 32 22 33 17 34 24 35 14 35 12 35 24 36 23 36 14 36 25 37 12 37 10 37 25 38 24 38 12 38 26 39 10 39 5 39 25 40 10 40 26 40 0 41 27 41 4 41 0 42 28 42 27 42 29 43 0 43 1 43 29 44 28 44 0 44 29 45 1 45 2 45 30 46 29 46 2 46 30 47 2 47 3 47 31 48 30 49 3 50 31 51 3 51 6 51 32 52 31 52 6 52 32 53 6 53 7 53 33 54 32 55 7 56 34 57 7 58 8 59 34 60 33 61 7 62 35 63 8 63 9 63 35 64 34 65 8 66 36 67 35 67 9 67 11 68 18 68 9 68 9 69 18 69 36 69 32 70 30 70 31 70 32 71 29 71 30 71 35 72 33 72 34 72 35 73 28 73 29 73 35 74 32 74 33 74 35 75 29 75 32 75 36 76 28 76 35 76 25 76 36 76 18 76 25 76 26 76 27 76 25 77 27 77 28 77 25 76 28 76 36 76 19 78 25 78 18 78 21 79 19 79 20 79 22 80 19 80 21 80 22 81 25 81 19 81 22 82 24 82 25 82 22 76 23 76 24 76 26 83 5 83 27 83 27 83 5 83 4 83</p>
        </triangles>
      </mesh>
    </geometry>
    <geometry id="Part__Feature004-mesh" name="Part__Feature004">
      <mesh>
        <source id="Part__Feature004-mesh-positions">
          <float_array id="Part__Feature004-mesh-positions-array" count="111">-0.2659215 -0.05499738 -0.32 -0.2657568 -0.05497068 -0.32 -0.2655799 -0.05490869 -0.32 -0.2653342 -0.05474758 -0.32 -0.2654444 -0.05483144 -0.32 -0.265173 -0.05456757 -0.32 -0.2650761 -0.05438268 -0.32 -0.2650309 -0.05425089 -0.32 -0.2650018 -0.05407154 -0.32 -0.27 -0.04999995 -0.32 -0.2659265 -0.05000239 -0.32 -0.27 -0.055 -0.32 -0.2650057 -0.05087238 -0.32 -0.2650607 -0.05065381 -0.32 -0.2655798 -0.05009132 -0.32 -0.2657653 -0.05002677 -0.32 -0.265173 -0.05043238 -0.32 -0.2653734 -0.05021667 -0.32 -0.2655642 -0.05490118 -0.02499997 -0.2657566 -0.05497151 -0.02499997 -0.2653213 -0.05473589 -0.02499997 -0.2654444 -0.05483144 -0.02499997 -0.2659346 -0.05499839 -0.02499997 -0.2651593 -0.05454707 -0.02499997 -0.2650267 -0.0542342 -0.02499997 -0.2650761 -0.05438268 -0.02499997 -0.2650024 -0.05407363 -0.02499997 -0.2659286 -0.05000174 -0.02499997 -0.2650017 -0.05093437 -0.02499997 -0.27 -0.04999995 -0.02499997 -0.27 -0.055 -0.02499997 -0.2650267 -0.05076575 -0.02499997 -0.2657484 -0.050031 -0.02499997 -0.2655642 -0.05009877 -0.02499997 -0.2651593 -0.05045282 -0.02499997 -0.2650761 -0.05061727 -0.02499997 -0.2653543 -0.05023235 -0.02499997</float_array>
          <technique_common>
            <accessor source="#Part__Feature004-mesh-positions-array" count="37" stride="3">
              <param name="X" type="float"/>
              <param name="Y" type="float"/>
              <param name="Z" type="float"/>
            </accessor>
          </technique_common>
        </source>
        <source id="Part__Feature004-mesh-normals">
          <float_array id="Part__Feature004-mesh-normals-array" count="270">-0.003834664 5.38421e-5 -0.9999927 -0.003834962 2.55812e-5 -0.9999927 -0.003834545 6.07722e-5 -0.9999927 4.09064e-4 -5.01627e-5 -1 4.09758e-4 -6.88303e-6 -1 4.09914e-4 -1.62993e-5 -1 0 0 -1 -0.001703023 0 -0.9999986 7.89811e-4 2.06189e-5 -0.9999997 7.90587e-4 -1.97173e-6 -0.9999998 7.90539e-4 1.77268e-6 -0.9999997 1.14315e-5 0 -1 -1.1429e-5 0 -1 1.97821e-5 0 -1 7.21761e-4 0 -0.9999998 -1.02537e-4 0 -1 -4.78039e-4 -3.58741e-5 -0.9999999 -4.786e-4 -2.73964e-5 -0.9999999 -4.78622e-4 -2.70184e-5 -0.9999999 1.59337e-4 1.58442e-4 1 2.25591e-5 0 1 -4.62335e-5 0 1 -9.09643e-4 5.96611e-5 0.9999997 -9.09667e-4 6.50799e-5 0.9999996 -9.09653e-4 6.24262e-5 0.9999997 0 0 1 3.54183e-5 0 1 5.73312e-7 0 1 -3.12792e-6 0 1 -5.86825e-4 -6.50675e-5 0.9999998 -5.86877e-4 -5.96375e-5 0.9999998 -5.86859e-4 -6.24112e-5 0.9999998 2.75593e-5 0 1 -2.18608e-5 0 1 0.9999993 0.001231491 -1.33817e-5 1 -2.5745e-4 2.2208e-6 0.9891929 0.1466209 1.74193e-5 0.9891929 0.1466209 1.73562e-5 0.9891929 0.1466209 1.74623e-5 0.9699411 0.2433396 -1.89999e-5 0.9699411 0.2433395 -1.90152e-5 0.9699411 0.2433396 -1.90184e-5 0.9486329 0.3163791 1.06507e-5 0.9486329 0.3163791 1.0555e-5 0.9486329 0.3163791 1.06824e-5 0.8917505 0.4525275 -9.95564e-6 0.8923258 0.451392 -9.21287e-6 0.7324436 0.6808277 -1.12445e-5 0.7491828 0.6623633 1.1233e-5 0.5194216 0.8545182 -5.82165e-6 0.5194216 0.8545182 -5.89718e-6 0.5194216 0.8545182 -6.02511e-6 0.5371865 0.8434635 1.0047e-5 0.3286817 0.9444409 -5.24465e-6 0.3451082 0.9385629 5.28165e-6 0.1496762 0.9887351 -1.09654e-6 0.1604021 0.9870519 4.96623e-6 5.9169e-4 0.9999998 -2.22558e-6 4.30966e-4 1 0 6.30256e-4 -0.9999998 -3.24146e-6 3.94944e-4 -1 0 0.1599947 -0.9871179 -2.77049e-6 0.1492832 -0.9887945 3.37045e-6 0.3309406 -0.9436517 -2.76303e-6 0.343015 -0.9393299 5.41579e-6 0.4956073 -0.8685469 -4.5131e-6 0.4956073 -0.8685469 -4.50783e-6 0.4956073 -0.8685469 -4.47267e-6 0.6057586 -0.7956485 0 0.5033361 -0.8640909 0 0.613264 -0.789878 4.47272e-6 0.7448554 -0.667226 -6.09843e-6 0.7586563 -0.6514913 1.00339e-5 0.8861502 -0.4633981 -8.87451e-6 0.8861503 -0.4633982 -8.86275e-6 0.8861503 -0.4633981 -8.80345e-6 0.9457073 -0.3250196 0 0.9457073 -0.3250196 5.74481e-7 0.9457073 -0.3250196 0 0.8923053 -0.4514327 0 0.9486608 -0.3162953 4.46025e-6 0.9486608 -0.3162953 4.41258e-6 0.9486608 -0.3162953 4.45929e-6 0.9869582 -0.1609769 -4.82169e-6 0.9869582 -0.160977 -4.83273e-6 0.9869582 -0.1609769 -4.88258e-6 0.9888397 -0.148984 1.1295e-6 0.9888397 -0.148984 1.14394e-6 0.9888397 -0.148984 1.13039e-6 -1 0 0</float_array>
          <technique_common>
            <accessor source="#Part__Feature004-mesh-normals-array" count="90" stride="3">
              <param name="X" type="float"/>
              <param name="Y" type="float"/>
              <param name="Z" type="float"/>
            </accessor>
          </technique_common>
        </source>
        <vertices id="Part__Feature004-mesh-vertices">
          <input semantic="POSITION" source="#Part__Feature004-mesh-positions"/>
        </vertices>
        <triangles material="Part__Feature004-material" count="70">
          <input semantic="VERTEX" source="#Part__Feature004-mesh-vertices" offset="0"/>
          <input semantic="NORMAL" source="#Part__Feature004-mesh-normals" offset="1"/>
          <p>2 0 3 1 4 2 1 3 3 4 2 5 5 6 8 6 6 6 6 7 8 7 7 7 0 8 8 9 1 10 1 6 8 6 3 6 3 6 8 6 5 6 9 11 10 11 11 11 11 12 10 12 0 12 8 13 10 13 12 13 0 6 10 6 8 6 15 6 14 6 10 6 13 14 17 14 16 14 10 15 17 15 12 15 12 16 17 17 13 18 14 6 17 6 10 6 20 19 18 19 21 19 20 20 22 20 19 20 20 21 19 21 18 21 24 22 23 23 25 24 24 25 22 25 20 25 24 26 20 26 23 26 26 25 22 25 24 25 27 25 26 25 28 25 27 25 29 25 30 25 27 27 30 27 22 27 27 28 22 28 26 28 31 25 27 25 28 25 34 29 31 30 35 31 36 25 27 25 31 25 36 32 32 32 27 32 36 33 33 33 32 33 36 25 31 25 34 25 12 34 28 34 8 34 8 35 28 35 26 35 31 36 28 37 12 38 31 39 12 40 13 41 35 42 31 43 13 44 34 45 13 45 16 45 34 46 35 46 13 46 36 47 16 47 17 47 36 48 34 48 16 48 33 49 17 50 14 51 33 52 36 52 17 52 32 53 14 53 15 53 32 54 33 54 14 54 27 55 15 55 10 55 27 56 32 56 15 56 9 57 27 57 10 57 9 58 29 58 27 58 22 59 11 59 0 59 30 60 11 60 22 60 19 61 0 61 1 61 19 62 22 62 0 62 19 63 1 63 2 63 18 64 19 64 2 64 18 65 2 66 4 67 21 68 4 68 3 68 21 69 18 69 4 69 20 70 21 70 3 70 20 71 3 71 5 71 23 72 20 72 5 72 23 73 5 74 6 75 25 76 6 77 7 78 25 79 23 79 6 79 24 80 25 81 7 82 24 83 7 84 8 85 26 86 24 87 8 88 29 89 9 89 30 89 30 89 9 89 11 89</p>
        </triangles>
      </mesh>
    </geometry>
    <geometry id="Part__Feature003-mesh" name="Part__Feature003">
      <mesh>
        <source id="Part__Feature003-mesh-positions">
          <float_array id="Part__Feature003-mesh-positions-array" count="111">-0.2659214 0.06500256 -0.32 -0.2657567 0.06502926 -0.32 -0.2655799 0.06509131 -0.32 -0.2653342 0.06525236 -0.32 -0.2654444 0.06516849 -0.32 -0.265173 0.06543242 -0.32 -0.2650607 0.06565386 -0.32 -0.2650042 0.06588029 -0.32 -0.2650057 0.06912761 -0.32 -0.27 0.06999999 -0.32 -0.2659264 0.06999754 -0.32 -0.27 0.06499999 -0.32 -0.2657651 0.06997311 -0.32 -0.2650607 0.06934612 -0.32 -0.2655798 0.06990861 -0.32 -0.265173 0.06956762 -0.32 -0.2653343 0.06974762 -0.32 -0.2654444 0.06983143 -0.32 -0.2658807 0.06500422 -0.02499997 -0.2654778 0.0651459 -0.02499997 -0.2656546 0.06506037 -0.02499997 -0.2653214 0.06526404 -0.02499997 -0.2651593 0.06545287 -0.02499997 -0.2650267 0.06576573 -0.02499997 -0.2650761 0.06561732 -0.02499997 -0.2650024 0.06592631 -0.02499997 -0.2659286 0.0699982 -0.02499997 -0.2650017 0.06906557 -0.02499997 -0.27 0.06999999 -0.02499997 -0.27 0.06499999 -0.02499997 -0.2650267 0.06923419 -0.02499997 -0.2657483 0.06996887 -0.02499997 -0.2655641 0.06990122 -0.02499997 -0.2651593 0.06954711 -0.02499997 -0.2650761 0.06938266 -0.02499997 -0.2653214 0.06973594 -0.02499997 -0.2654444 0.06983143 -0.02499997</float_array>
          <technique_common>
            <accessor source="#Part__Feature003-mesh-positions-array" count="37" stride="3">
              <param name="X" type="float"/>
              <param name="Y" type="float"/>
              <param name="Z" type="float"/>
            </accessor>
          </technique_common>
        </source>
        <source id="Part__Feature003-mesh-normals">
          <float_array id="Part__Feature003-mesh-normals-array" count="255">0.001274287 0 -0.9999993 -5.493e-4 0 -0.9999999 0 0 -1 -6.9544e-4 0 -0.9999998 0.001125991 0 -0.9999994 3.34941e-4 2.05118e-5 -1 3.35404e-4 -1.05067e-5 -1 3.35533e-4 -4.85778e-6 -1 -1.26678e-5 0 -1 4.9401e-4 0 -1 -3.3552e-4 -5.70214e-6 -1 -3.35218e-4 -1.53309e-5 -1 -3.35549e-4 3.63274e-6 -1 0 0 1 1.78801e-5 0 1 6.9453e-4 6.44731e-5 0.9999998 6.94358e-4 4.739e-5 0.9999998 6.94534e-4 6.01184e-5 0.9999998 -3.54158e-5 0 1 -2.81843e-7 0 1 1.64226e-6 0 1 -4.7932e-4 -6.50353e-5 0.9999999 -4.79397e-4 -5.96162e-5 0.9999999 -4.7937e-4 -6.23845e-5 0.9999999 0 -1.58606e-4 1 2.31267e-5 0 1 -3.24929e-5 0 1 1 4.35543e-4 -1.35457e-5 1 -2.25271e-4 -6.12395e-6 0.9892143 0.1464755 1.74262e-5 0.9892143 0.1464754 1.73361e-5 0.9892143 0.1464754 1.74876e-5 0.9699411 0.2433396 -1.89794e-5 0.9699411 0.2433395 -1.89946e-5 0.9699411 0.2433396 -1.89978e-5 0.94864 0.3163577 1.06746e-5 0.94864 0.3163577 1.05789e-5 0.94864 0.3163577 1.07063e-5 0.892054 0.4519287 -9.79119e-6 0.892054 0.4519287 -9.84386e-6 0.892054 0.4519287 -9.93316e-6 0.8924238 0.4511981 -9.2145e-6 0.7447996 0.6672883 -6.1226e-6 0.7587007 0.6514395 1.00439e-5 0.6055712 0.7957912 0 0.6132569 0.7898835 4.44736e-6 0.4953238 0.8687086 -4.48232e-6 0.4953237 0.8687086 -4.5114e-6 0.4953238 0.8687085 -4.54652e-6 0.503593 0.8639411 0 0.3287351 0.9444222 -5.28027e-6 0.3451244 0.938557 5.30023e-6 0.1498078 0.9887152 -1.05805e-6 0.1604694 0.9870409 4.9599e-6 5.90775e-4 0.9999998 -2.2032e-6 4.30051e-4 1 0 6.32067e-4 -0.9999998 5.4668e-6 0.001023709 -0.9999995 0 0.1601513 -0.9870925 -1.65907e-5 0.330985 -0.943636 -1.52051e-5 0.2413522 -0.9704376 1.86648e-5 0.2413522 -0.9704376 1.87617e-5 0.2413522 -0.9704376 1.86245e-5 0.4954319 -0.8686469 -1.07598e-5 0.495432 -0.8686469 -1.05946e-5 0.4954319 -0.8686469 -1.0666e-5 0.4354784 -0.9001992 1.58395e-5 0.6057075 -0.7956874 7.4818e-6 0.6027367 -0.7979403 5.31699e-6 0.7448133 -0.6672729 -6.12246e-6 0.7587388 -0.651395 1.00572e-5 0.8921115 -0.4518154 -9.97171e-6 0.8921115 -0.4518154 -9.95999e-6 0.8921115 -0.4518153 -9.87075e-6 0.8923909 -0.4512633 -9.30368e-6 0.9704229 -0.2414113 -2.02e-5 0.970423 -0.2414113 -1.99998e-5 0.9704229 -0.2414113 -1.99861e-5 0.9486562 -0.3163095 1.04709e-5 0.9486561 -0.3163096 1.05528e-5 0.9486561 -0.3163096 1.06644e-5 0.9888194 -0.1491188 1.71869e-5 0.9888194 -0.1491188 1.72595e-5 0.9888194 -0.1491188 1.71622e-5 -1 0 0</float_array>
          <technique_common>
            <accessor source="#Part__Feature003-mesh-normals-array" count="85" stride="3">
              <param name="X" type="float"/>
              <param name="Y" type="float"/>
              <param name="Z" type="float"/>
            </accessor>
          </technique_common>
        </source>
        <vertices id="Part__Feature003-mesh-vertices">
          <input semantic="POSITION" source="#Part__Feature003-mesh-positions"/>
        </vertices>
        <triangles material="Part__Feature003-material" count="70">
          <input semantic="VERTEX" source="#Part__Feature003-mesh-vertices" offset="0"/>
          <input semantic="NORMAL" source="#Part__Feature003-mesh-normals" offset="1"/>
          <p>2 0 3 0 4 0 1 1 3 1 2 1 1 2 7 2 3 2 3 3 7 3 5 3 5 4 7 4 6 4 0 5 7 6 1 7 0 2 8 2 7 2 9 2 10 2 11 2 11 2 10 2 0 2 0 8 10 8 8 8 10 9 12 9 8 9 8 2 15 2 13 2 12 2 15 2 8 2 12 10 16 11 15 12 17 2 16 2 14 2 14 2 16 2 12 2 19 13 18 13 20 13 21 14 18 14 19 14 23 15 22 16 24 17 23 18 21 18 22 18 23 13 18 13 21 13 25 13 18 13 23 13 26 13 25 13 27 13 26 13 28 13 29 13 26 19 29 19 18 19 26 20 18 20 25 20 30 13 26 13 27 13 33 21 30 22 34 23 35 13 30 13 33 13 35 24 36 24 32 24 35 13 26 13 30 13 35 25 31 25 26 25 35 26 32 26 31 26 8 27 27 27 7 27 7 28 27 28 25 28 30 29 27 30 8 31 30 32 8 33 13 34 34 35 30 36 13 37 33 38 13 39 15 40 33 41 34 41 13 41 35 42 15 42 16 42 35 43 33 43 15 43 36 44 16 44 17 44 36 45 35 45 16 45 32 46 17 47 14 48 32 49 36 49 17 49 31 50 14 50 12 50 31 51 32 51 14 51 26 52 12 52 10 52 26 53 31 53 12 53 9 54 26 54 10 54 9 55 28 55 26 55 18 56 11 56 0 56 29 57 11 57 18 57 18 58 0 58 1 58 20 59 1 59 2 59 20 60 18 61 1 62 19 63 2 64 4 65 19 66 20 66 2 66 19 67 4 67 3 67 21 68 19 68 3 68 21 69 3 69 5 69 22 70 21 70 5 70 22 71 5 72 6 73 24 74 22 74 6 74 23 75 6 76 7 77 23 78 24 79 6 80 25 81 23 82 7 83 28 84 9 84 29 84 29 84 9 84 11 84</p>
        </triangles>
      </mesh>
    </geometry>
    <geometry id="Part__Feature002-mesh" name="Part__Feature002">
      <mesh>
        <source id="Part__Feature002-mesh-positions">
          <float_array id="Part__Feature002-mesh-positions-array" count="111">-0.2659215 0.005002558 -0.32 -0.2655799 0.005091309 -0.32 -0.2657568 0.005029261 -0.32 -0.2653343 0.005252361 -0.32 -0.2654444 0.005168497 -0.32 -0.265173 0.005432307 -0.32 -0.2650309 0.005749046 -0.32 -0.2650761 0.00561726 -0.32 -0.2650018 0.005928397 -0.32 -0.27 0.00999999 -0.32 -0.2658831 0.009994983 -0.32 -0.27 0.004999995 -0.32 -0.2650057 0.009127557 -0.32 -0.2650607 0.009346127 -0.32 -0.265671 0.009945452 -0.32 -0.265173 0.009567618 -0.32 -0.2654927 0.009863018 -0.32 -0.2653343 0.009747624 -0.32 -0.2655642 0.00509876 -0.02499997 -0.2657566 0.005028426 -0.02499997 -0.2659347 0.005001604 -0.02499997 -0.2653214 0.005263984 -0.02499997 -0.2654444 0.005168497 -0.02499997 -0.2651593 0.005452811 -0.02499997 -0.2650267 0.005765736 -0.02499997 -0.2650761 0.00561726 -0.02499997 -0.2650024 0.005926311 -0.02499997 -0.2650017 0.009065568 -0.02499997 -0.27 0.00999999 -0.02499997 -0.27 0.004999995 -0.02499997 -0.2650267 0.009234189 -0.02499997 -0.2650761 0.009382665 -0.02499997 -0.2656546 0.00993961 -0.02499997 -0.2658807 0.009995758 -0.02499997 -0.2651593 0.009547114 -0.02499997 -0.2653214 0.009735941 -0.02499997 -0.2654778 0.009854078 -0.02499997</float_array>
          <technique_common>
            <accessor source="#Part__Feature002-mesh-positions-array" count="37" stride="3">
              <param name="X" type="float"/>
              <param name="Y" type="float"/>
              <param name="Z" type="float"/>
            </accessor>
          </technique_common>
        </source>
        <source id="Part__Feature002-mesh-normals">
          <float_array id="Part__Feature002-mesh-normals-array" count="276">0 0 -1 0.00548321 -1.47222e-4 -0.999985 0.005489289 -1.2836e-6 -0.9999849 0.005487978 -2.94307e-5 -0.999985 -6.69802e-4 -4.2314e-5 -0.9999998 -6.70103e-4 -3.72477e-5 -0.9999998 -6.70073e-4 -3.77772e-5 -0.9999998 -2.48027e-4 0 -1 -3.35545e-4 -3.95811e-6 -1 -3.35548e-4 3.70002e-6 -1 -3.35192e-4 -1.58906e-5 -1 -1.14349e-5 0 -1 5.11013e-5 0 -1 1.86649e-4 0 -1 -0.001176476 0 -0.9999994 -4.64418e-5 0 1 1.59261e-4 1.58367e-4 1 -1.20828e-5 0 1 -2.64404e-4 5.96491e-5 1 -2.64275e-4 6.50726e-5 1 -2.64358e-4 6.24162e-5 1 7.89632e-6 0 1 -3.54087e-5 0 1 -2.85916e-5 0 1 5.27193e-6 0 1 0 0 1 0 0 1 -6.9388e-4 -8.11564e-5 0.9999998 -6.93777e-4 -8.2869e-5 0.9999998 -6.94242e-4 -7.10412e-5 0.9999998 -6.04961e-5 0 1 2.49596e-5 0 1 -1.78271e-5 0 1 7.08109e-5 0 1 0.9999994 0.001231551 -1.33817e-5 1 -2.57451e-4 2.22081e-6 0.9892296 0.1463719 1.74198e-5 0.9892297 0.1463719 1.73117e-5 0.9892297 0.1463719 1.74936e-5 0.9699454 0.243323 -1.90054e-5 0.9699454 0.2433229 -1.90207e-5 0.9699454 0.243323 -1.90239e-5 0.9486281 0.3163934 1.06721e-5 0.9486281 0.3163933 1.05764e-5 0.9486281 0.3163934 1.07038e-5 0.8919774 0.4520803 -9.75542e-6 0.8919774 0.4520803 -9.83073e-6 0.8919773 0.4520801 -9.95829e-6 0.8921939 0.4516527 -9.29627e-6 0.8921939 0.4516528 -9.20919e-6 0.8921939 0.4516528 -9.34784e-6 0.7447636 0.6673284 -6.13572e-6 0.7588711 0.6512409 1.00324e-5 0.588697 0.8083538 -5.26487e-6 0.6028395 0.7978625 5.22231e-6 0.4197027 0.9076617 -5.27706e-6 0.4353507 0.900261 5.2661e-6 0.2274274 0.9737951 -4.35362e-6 0.241032 0.9705172 5.8966e-6 0.001210689 0.9999994 -2.60257e-6 0.001024603 0.9999995 0 6.30248e-4 -0.9999998 -3.2384e-6 3.95178e-4 -1 0 0.160067 -0.9871063 -2.80133e-6 0.1492722 -0.9887962 3.40482e-6 0.3309184 -0.9436594 -2.80131e-6 0.3431045 -0.9392973 5.41138e-6 0.4955126 -0.8686009 -4.48367e-6 0.4955126 -0.8686009 -4.47846e-6 0.4955126 -0.8686009 -4.4433e-6 0.6055797 -0.7957848 0 0.5032759 -0.8641259 0 0.613242 -0.7898951 4.50435e-6 0.7448632 -0.6672173 -6.06805e-6 0.7588728 -0.651239 1.00409e-5 0.885948 -0.4637845 -8.87551e-6 0.8859481 -0.4637846 -8.8587e-6 0.8859481 -0.4637846 -8.77393e-6 0.9458563 -0.3245857 0 0.8921856 -0.451669 0 0.8921856 -0.451669 0 0.8921856 -0.451669 0 0.9486864 -0.3162186 4.46055e-6 0.9486864 -0.3162186 4.42083e-6 0.9486864 -0.3162186 4.45974e-6 0.9869464 -0.1610496 -4.81564e-6 0.9869464 -0.1610496 -4.82853e-6 0.9869464 -0.1610496 -4.88665e-6 0.9888789 -0.1487236 1.1202e-6 0.9888789 -0.1487237 1.14494e-6 0.9888789 -0.1487237 1.12172e-6 -1 0 0</float_array>
          <technique_common>
            <accessor source="#Part__Feature002-mesh-normals-array" count="92" stride="3">
              <param name="X" type="float"/>
              <param name="Y" type="float"/>
              <param name="Z" type="float"/>
            </accessor>
          </technique_common>
        </source>
        <vertices id="Part__Feature002-mesh-vertices">
          <input semantic="POSITION" source="#Part__Feature002-mesh-positions"/>
        </vertices>
        <triangles material="Part__Feature002-material" count="70">
          <input semantic="VERTEX" source="#Part__Feature002-mesh-vertices" offset="0"/>
          <input semantic="NORMAL" source="#Part__Feature002-mesh-normals" offset="1"/>
          <p>0 0 1 0 2 0 1 0 3 0 4 0 1 0 5 0 3 0 5 1 6 2 7 3 5 4 8 5 6 6 0 7 8 7 1 7 1 8 8 9 5 10 9 0 10 0 11 0 11 11 10 11 0 11 8 0 10 0 12 0 0 12 10 12 8 12 10 0 14 0 12 0 14 13 15 13 12 13 12 14 15 14 13 14 16 0 17 0 14 0 14 0 17 0 15 0 18 15 20 15 19 15 21 16 18 16 22 16 21 17 20 17 18 17 24 18 23 19 25 20 24 21 20 21 21 21 24 22 21 22 23 22 26 23 20 23 24 23 33 24 26 24 27 24 33 25 28 25 29 25 33 26 29 26 20 26 33 25 20 25 26 25 30 25 33 25 27 25 34 27 30 28 31 29 35 30 36 30 32 30 35 31 32 31 33 31 35 32 33 32 30 32 35 33 30 33 34 33 12 34 27 34 8 34 8 35 27 35 26 35 30 36 27 37 12 38 30 39 12 40 13 41 31 42 30 43 13 44 34 45 13 46 15 47 34 48 31 49 13 50 35 51 15 51 17 51 35 52 34 52 15 52 36 53 17 53 16 53 36 54 35 54 17 54 32 55 16 55 14 55 32 56 36 56 16 56 33 57 14 57 10 57 33 58 32 58 14 58 9 59 33 59 10 59 9 60 28 60 33 60 20 61 11 61 0 61 29 62 11 62 20 62 19 63 0 63 2 63 19 64 20 64 0 64 19 65 2 65 1 65 18 66 19 66 1 66 18 67 1 68 4 69 22 70 4 70 3 70 22 71 18 71 4 71 21 72 22 72 3 72 21 73 3 73 5 73 23 74 21 74 5 74 23 75 5 76 7 77 25 78 7 78 6 78 25 79 23 80 7 81 24 82 25 83 6 84 24 85 6 86 8 87 26 88 24 89 8 90 28 91 9 91 29 91 29 91 9 91 11 91</p>
        </triangles>
      </mesh>
    </geometry>
    <geometry id="Part__Feature001_001-mesh" name="Part__Feature001.001">
      <mesh>
        <source id="Part__Feature001_001-mesh-positions">
          <float_array id="Part__Feature001_001-mesh-positions-array" count="843">0.1490229 -0.09808796 -0.02499997 0.1426359 -0.0943191 -0.02499997 0.1464965 -0.09986144 -0.02499997 0.1441985 -0.09275889 -0.02499997 0.1499571 -0.09585201 -0.02499997 0.1449436 -0.090972 -0.02499997 0.1406511 -0.09497541 -0.02499997 0.1498314 0.09660786 -0.02499997 0.1448485 0.09152615 -0.02499997 0.143383 0.09373182 -0.02499997 0.1484029 0.09869587 -0.02499997 0.146404 0.09987223 -0.02499997 0.141282 0.09489387 -0.02499997 -0.2664859 -0.0948565 -0.02499997 -0.2688854 -0.09324127 -0.02499997 -0.2711207 -0.09991919 -0.02499997 -0.2729616 -0.09905821 -0.02499997 -0.2743253 -0.09759289 -0.02499997 -0.2749686 -0.09573292 -0.02499997 -0.269939 -0.09101063 -0.02499997 -0.2749595 0.09579658 -0.02499997 -0.2698487 0.09152567 -0.02499997 -0.2684407 0.09367108 -0.02499997 -0.2710925 0.09992808 -0.02499997 -0.2663349 0.09489083 -0.02499997 -0.274358 0.09751456 -0.02499997 -0.273064 0.09899079 -0.02499997 0.1455367 -0.09996068 -0.3158318 0.1459668 -0.09963726 -0.3174627 0.145406 -0.09915554 -0.3190827 0.1459719 -0.09794658 -0.3210027 0.1458219 -0.09688836 -0.3221981 0.1458202 -0.09554988 -0.3232882 0.1457828 -0.09405577 -0.3241286 0.1457699 -0.09194558 -0.3247884 0.1456131 -0.09073889 -0.324963 0.1454476 0.09088104 -0.3249626 0.1457857 0.09238862 -0.3246768 0.1456623 0.09367746 -0.3242864 0.1458207 0.09504336 -0.3235905 0.1457458 0.09630715 -0.3227384 0.1454122 0.09726166 -0.3218817 0.1457214 0.09867662 -0.3199807 0.1454312 0.09963744 -0.3176769 0.1456854 0.099949 -0.3158639 -0.2749941 -0.09514933 -0.3166548 -0.2749876 -0.09265375 -0.3199352 -0.2749895 0.09499377 -0.3174156 -0.2749919 0.09276747 -0.3198288 0.1499875 0.09506481 -0.3174503 -0.2656098 -0.09496712 -0.3153901 0.1403276 -0.09498637 -0.3153336 -0.2654114 -0.0948317 -0.3162793 -0.2655038 -0.09437757 -0.3174194 -0.2655416 -0.09349548 -0.3185753 -0.2652842 -0.09216457 -0.3195413 -0.2656832 0.09035563 -0.3199676 0.1406357 0.09079265 -0.3199411 -0.2656161 0.09160459 -0.3197314 0.140418 0.09219926 -0.319494 -0.2654444 0.09277635 -0.3191611 -0.26559 0.09387278 -0.3181686 -0.2653068 0.09467524 -0.3168008 0.1464354 0.09070235 -0.3247993 0.1478377 0.09106421 -0.3240966 0.1471754 0.09235537 -0.3242337 0.1488512 0.09059762 -0.3232095 0.1468697 0.09386718 -0.3238542 0.1479201 0.09390711 -0.3232078 0.1484035 0.09261822 -0.3232971 0.1496098 0.09074401 -0.3219477 0.1492387 0.09198516 -0.3224321 0.1472346 0.09522759 -0.3229405 0.1489806 0.09349852 -0.3222911 0.1499801 0.0918911 -0.3204156 0.1471212 0.09636294 -0.3221281 0.1467009 0.09740304 -0.3213154 0.1482107 0.09556698 -0.3219022 0.1497096 0.0933156 -0.320907 0.1464285 0.09902644 -0.3189076 0.1475695 0.09749811 -0.3205546 0.1492391 0.09464955 -0.3211148 0.1486353 0.09634834 -0.320626 0.1472936 0.0989179 -0.3182396 0.1481684 0.09798508 -0.3189473 0.1491228 0.09660232 -0.3193314 0.1467195 0.09965145 -0.31626 0.149675 0.09541141 -0.3191983 0.1476612 0.09922021 -0.3159721 0.149057 0.0975821 -0.3174669 0.1485531 0.09846991 -0.3163297 0.1497921 0.0963062 -0.3167476 0.1493824 0.09742677 -0.3156068 0.1470896 -0.0995453 -0.3159684 0.1484901 -0.09859085 -0.3158971 0.1475177 -0.09886062 -0.3180137 0.1465192 -0.0989018 -0.3190684 0.1494594 -0.09720987 -0.3164506 0.1474077 -0.09774935 -0.3203537 0.1486346 -0.09811556 -0.3174363 0.1481359 -0.09760046 -0.3197128 0.1498155 -0.09624952 -0.3165675 0.1491255 -0.09685766 -0.3189052 0.1474153 -0.09648281 -0.3218535 0.1499925 -0.09506142 -0.3174743 0.1488327 -0.09604793 -0.3206208 0.1475258 -0.09547168 -0.3225825 0.1497302 -0.09518021 -0.3193045 0.1475477 -0.09439516 -0.32326 0.1489353 -0.09497874 -0.3214637 0.1472834 -0.09320408 -0.3239164 0.1498573 -0.09423863 -0.3196173 0.1468255 -0.09143465 -0.3245977 0.1482024 -0.09252935 -0.323503 0.1490144 -0.09352743 -0.3222109 0.1496735 -0.0929163 -0.3212081 0.1490281 -0.09205847 -0.3227341 0.1477384 -0.09071624 -0.3241813 0.1487218 -0.09064835 -0.3233525 0.1495393 -0.09070497 -0.3221201 0.1499674 -0.0911656 -0.3206508 -0.2748975 0.09100705 -0.320996 -0.2745346 0.09149831 -0.3220342 -0.2738263 0.09087437 -0.3232359 -0.2746898 0.09306883 -0.3210781 -0.2726538 0.09112775 -0.3242205 -0.2734054 0.09297376 -0.3231635 -0.2741822 0.09384232 -0.3218098 -0.2747203 0.0948143 -0.3196786 -0.2715843 0.09104567 -0.3247198 -0.2726551 0.09379315 -0.3234604 -0.2705966 0.09065032 -0.3249639 -0.2735055 0.09461045 -0.3222615 -0.271911 0.09304594 -0.3241505 -0.2706918 0.09243601 -0.3246931 -0.2747222 0.09624016 -0.3175756 -0.273854 0.09623861 -0.3203859 -0.2743465 0.09592479 -0.3196401 -0.2729483 0.09572017 -0.3220435 -0.2716829 0.09521538 -0.3232303 -0.2708461 0.09439224 -0.323949 -0.2705938 0.09572154 -0.3232081 -0.2727898 0.09755414 -0.3202441 -0.2748522 0.0962547 -0.3156664 -0.2723534 0.09714543 -0.3211646 -0.2717449 0.09635436 -0.322338 -0.2741544 0.09724116 -0.3179473 -0.2731923 0.09816551 -0.3185774 -0.2707145 0.09722393 -0.3218783 -0.2715254 0.09789884 -0.3207865 -0.2735611 0.09824687 -0.3172839 -0.2740746 0.09795331 -0.3155834 -0.2716312 0.09884721 -0.319126 -0.2704077 0.09833753 -0.320544 -0.2725653 0.09928989 -0.3159717 -0.2716875 0.09942179 -0.3174857 -0.2704908 0.09935247 -0.3185403 -0.2711904 0.09985268 -0.3157253 -0.2703059 0.09993988 -0.3163056 -0.2748429 -0.09624207 -0.3161913 -0.2744387 -0.09730184 -0.315997 -0.2738432 -0.0981481 -0.3162111 -0.273177 -0.09885448 -0.3158542 -0.2744879 -0.0967766 -0.3176925 -0.2749277 -0.09438681 -0.3190254 -0.2722602 -0.09943598 -0.3161108 -0.2746573 -0.09527522 -0.319418 -0.2733624 -0.09819841 -0.3180551 -0.2739547 -0.09667062 -0.3196368 -0.2708643 -0.09991908 -0.3160108 -0.2725124 -0.09862732 -0.318601 -0.2715843 -0.09938585 -0.3176944 -0.2732006 -0.09727084 -0.3201097 -0.2739563 -0.09532809 -0.3211187 -0.274689 -0.09374135 -0.3206753 -0.2715722 -0.09882497 -0.3192226 -0.2703782 -0.09969669 -0.3174399 -0.2722504 -0.09758031 -0.3207244 -0.2704966 -0.09916806 -0.3189941 -0.2740937 -0.0938543 -0.3219022 -0.2748737 -0.0904293 -0.3212509 -0.2707975 -0.09826809 -0.320589 -0.2725634 -0.09615176 -0.3220449 -0.2745724 -0.09221768 -0.321739 -0.2730683 -0.09489732 -0.3225453 -0.2711383 -0.09748458 -0.3214672 -0.2736027 -0.09302443 -0.3229438 -0.2708007 -0.09675586 -0.3223462 -0.2716811 -0.09485203 -0.3234422 -0.2740933 -0.09110355 -0.3228461 -0.2729458 -0.09290534 -0.32363 -0.2704418 -0.09540188 -0.3234173 -0.27157 -0.09306997 -0.3242975 -0.2732424 -0.09061175 -0.3238317 -0.2705131 -0.0937705 -0.3242644 -0.2716843 -0.09084409 -0.3247161 -0.2705805 -0.09129101 -0.3249254 0.141577 -0.09476065 -0.3153982 0.1430931 -0.09390717 -0.3157882 0.1440061 -0.09300547 -0.3152771 0.144959 -0.0907157 -0.3154636 0.1407598 -0.09477466 -0.3164145 0.1419698 -0.09440684 -0.3163906 0.1404106 -0.09461122 -0.3169304 0.14274 -0.09359765 -0.3172175 0.1437898 -0.09292513 -0.3165237 0.1416047 -0.09396487 -0.3176351 0.1445131 -0.09211742 -0.315661 0.1405798 -0.09402167 -0.3179685 0.1442826 -0.09161853 -0.3171159 0.1421597 -0.09303462 -0.318373 0.1432947 -0.09233486 -0.3179995 0.1447393 -0.09088575 -0.3164734 0.1407969 -0.09306597 -0.3189232 0.1419126 -0.09201997 -0.3192125 0.1442961 -0.09046328 -0.317571 0.1433176 -0.09084033 -0.3187143 0.140573 -0.09172606 -0.319691 0.1425963 -0.09054154 -0.3192833 0.1408767 -0.09065204 -0.3199322 0.1419664 0.09056735 -0.3195906 0.1428736 0.09088993 -0.3190406 0.1438015 0.09082239 -0.3182293 0.1442568 0.09055995 -0.3176103 0.1447254 0.09070336 -0.3165699 0.1449463 0.09085434 -0.3154803 0.1444836 0.09219074 -0.3155903 0.1440683 0.09218341 -0.3170319 0.1439427 0.09300804 -0.3159019 0.1433385 0.09369403 -0.3157368 0.1429228 0.0921362 -0.3185135 0.1415995 0.09184235 -0.319397 0.1425824 0.09426772 -0.3155878 0.1428689 0.09343153 -0.3173226 0.141718 0.09306627 -0.3186125 0.141718 0.09448587 -0.3165169 0.1414963 0.09477186 -0.315555 0.1416458 0.09410279 -0.3174055 0.1403308 0.09498542 -0.3153368 0.140361 0.09328979 -0.3187775 0.1406462 0.09425991 -0.317623 0.1404032 0.09483253 -0.3162767 -0.2669035 0.09097099 -0.3195767 -0.2677187 0.0903688 -0.3192095 -0.2686108 0.09083724 -0.3184201 -0.2665113 0.09264999 -0.3189985 -0.2693247 0.09084343 -0.3174554 -0.2676172 0.09224635 -0.3186648 -0.2696742 0.09090346 -0.3166369 -0.2699659 0.09046292 -0.3156127 -0.2686378 0.09219467 -0.3176855 -0.2673395 0.09344804 -0.3178478 -0.2696792 0.09183073 -0.3153537 -0.2693217 0.09219783 -0.3163216 -0.2684609 0.09331595 -0.3165911 -0.266192 0.0944944 -0.3169229 -0.2672721 0.0940169 -0.3169817 -0.2688831 0.09310764 -0.3157666 -0.2672591 0.09442687 -0.3158138 -0.2655023 0.09495973 -0.3155961 -0.268257 0.09380269 -0.3153864 -0.2662957 0.09482455 -0.315455 -0.2665931 -0.09460407 -0.3162688 -0.2667415 -0.09398508 -0.3175321 -0.266844 -0.09282594 -0.3187428 -0.2668707 -0.09464633 -0.3152983 -0.2665997 -0.09195613 -0.3193727 -0.267747 -0.09311544 -0.3178493 -0.2679838 -0.09359592 -0.316903 -0.2680177 -0.09399092 -0.3154904 -0.2659446 -0.09067314 -0.3199197 -0.2688378 -0.09317356 -0.3158335 -0.2679482 -0.09205353 -0.3185127 -0.2690942 -0.09233635 -0.3167665 -0.2688106 -0.09161365 -0.3178629 -0.2683055 -0.09070414 -0.3187444 -0.2675809 -0.09031474 -0.319301 -0.2696217 -0.09095078 -0.3167802 -0.2696334 -0.09188622 -0.315411 -0.2693321 -0.09038442 -0.3175118 -0.2699544 -0.09064698 -0.3156093</float_array>
          <technique_common>
            <accessor source="#Part__Feature001_001-mesh-positions-array" count="281" stride="3">
              <param name="X" type="float"/>
              <param name="Y" type="float"/>
              <param name="Z" type="float"/>
            </accessor>
          </technique_common>
        </source>
        <source id="Part__Feature001_001-mesh-normals">
          <float_array id="Part__Feature001_001-mesh-normals-array" count="1998">0 0 1 -4.58921e-7 0 1 0 0 1 -9.65818e-7 0 1 3.94619e-7 0 1 0 0 1 1.04648e-6 0 1 -1.12655e-6 0 1 -9.66821e-7 0 1 1.96362e-6 0 1 -5.30757e-7 0 1 -3.26888e-5 -0.9881063 -0.1537725 1.29329e-4 -0.9809036 -0.1944946 -4.01114e-5 -0.9467408 -0.3219967 1.212e-4 -0.9585056 -0.2850737 -7.84092e-5 -0.8709123 -0.4914388 1.23946e-4 -0.8462308 -0.5328166 -6.28338e-5 -0.7579631 -0.6522976 -2.45056e-6 -0.7487778 -0.6628212 7.47558e-5 -0.6314781 -0.7753937 2.26762e-5 -0.620401 -0.7842849 9.60578e-5 -0.4902709 -0.8715702 -2.64723e-5 -0.4608475 -0.8874794 -8.70638e-5 -0.2576062 -0.9662501 1.06626e-4 -0.2984245 -0.9544333 1.00524e-4 -0.1431748 -0.9896975 1.3839e-4 -1 -3.0653e-7 -1.00114e-4 -1 3.4176e-4 -2.18579e-5 1 4.05174e-5 1.33772e-4 1 2.63518e-4 -8.02503e-5 0.1499235 -0.9886977 5.95673e-5 0.1862474 -0.9825029 7.03977e-5 0.2899122 -0.9570534 -1.47052e-4 0.3555147 -0.9346707 5.73755e-5 0.4539912 -0.8910062 -9.1825e-6 0.4868482 -0.8734866 1.49086e-4 0.5590164 -0.8291566 -9.9751e-5 0.6679511 -0.7442052 -6.62993e-5 0.6627998 -0.7487967 -7.49336e-5 0.76775 -0.6407495 1.54558e-4 0.8021662 -0.597101 -1.15207e-4 0.8920823 -0.451873 1.66641e-4 0.9229608 -0.3848941 -1.34906e-4 0.9671443 -0.2542287 1.58336e-4 0.9855489 -0.1693912 -8.99045e-5 -2.11476e-4 -1 3.05667e-6 1.97184e-6 -1 -0.9999995 -2.36876e-5 0.001034557 -1 4.78913e-5 1.025e-4 -1 2.42531e-5 8.74159e-5 -0.9999982 1.64743e-5 -0.001949906 0.9999997 6.5339e-4 5.30436e-4 1 2.59933e-5 1.2092e-4 0.9999684 -5.9064e-5 -0.007962465 0.9999969 2.63065e-5 -0.002525627 2.58862e-5 0.9885953 0.1505969 -7.38633e-5 0.9813508 0.1922253 8.89591e-5 0.9290196 0.3700307 -3.336e-5 0.9533005 0.3020235 -9.44591e-5 0.8695625 0.4938229 1.23514e-4 0.7949584 0.606664 -1.41434e-4 0.7067831 0.7074303 7.2142e-5 0.5874025 0.8092949 -2.17243e-4 0.4970971 0.8676949 -1.15018e-4 0.2461909 0.9692215 1.71134e-5 0.2462171 0.9692147 -2.80444e-5 0.2462142 0.9692155 1.22901e-4 0.2191566 0.9756898 2.92085e-4 1 -3.80127e-4 4.74321e-5 1 -3.78521e-5 6.35257e-5 -1 -2.3691e-4 7.49414e-6 -1 -3.15474e-4 1.35701e-4 -0.1858162 0.9825845 -1.62582e-4 -0.3025864 0.953122 -1.30217e-4 -0.3025834 0.953123 -1.12941e-4 -0.302583 0.9531231 1.5909e-4 -0.4373236 0.8993042 1.15817e-4 -0.4373211 0.8993055 1.30424e-4 -0.4373214 0.8993054 -9.52445e-5 -0.5491139 0.8357475 1.48171e-4 -0.6710959 0.7413705 -1.34444e-4 -0.7655614 0.643363 1.4244e-4 -0.8625378 0.5059928 -1.48699e-4 -0.9202288 0.3913809 8.05064e-5 -0.9732347 0.2298132 -4.00119e-5 -0.9870334 0.1605151 -6.55361e-5 2.6498e-4 1 3.08276e-5 4.86591e-5 1 0.9999999 -4.94389e-4 -4.01725e-4 1 6.34185e-5 -5.31446e-5 -1 -7.0148e-5 -5.31074e-5 -0.9999998 -5.2114e-4 -3.35466e-4 0.9878096 0.1556674 -2.94063e-4 0.939024 0.3438513 -4.82001e-4 0.8250764 0.5650212 3.14177e-4 0.8250764 0.5650212 3.15822e-4 0.8250764 0.5650212 3.13619e-4 0.7825586 0.622577 -8.11565e-5 0.7825946 0.6225316 -3.0749e-4 0.7825627 0.6225718 -1.58233e-4 0.6436578 0.7653133 -2.61655e-4 0.5071948 0.8618316 2.60196e-4 0.4164179 0.9091734 -2.38168e-4 0.2763264 0.9610638 -4.29201e-4 0.1865152 0.1424525 -0.9720696 0.3026327 0.1845025 -0.9350788 0.4198872 0.1198583 -0.899627 0.2787584 0.3027762 -0.9113838 0.2966993 0.2887736 -0.9102634 0.2966827 0.288715 -0.9102874 0.2967016 0.2887797 -0.9102607 0.2471978 0.4172874 -0.8745082 0.2471519 0.4172341 -0.8745465 0.2471325 0.4172056 -0.8745656 0.4908121 0.3042075 -0.8164321 0.684659 0.1205263 -0.7188293 0.5653607 0.2051625 -0.7989215 0.5494248 0.2610402 -0.7937194 0.7618926 0.1413892 -0.6320829 0.3179499 0.4683654 -0.8243433 0.2898867 0.5467762 -0.7854945 0.4685674 0.4024836 -0.7864169 0.8532828 0.05213558 -0.5188357 0.8533101 0.05217432 -0.5187867 0.85326 0.0521118 -0.5188754 0.3127827 0.5731468 -0.7574099 0.7716481 0.1878036 -0.6076917 0.7717248 0.1877416 -0.6076134 0.771739 0.1877336 -0.6075978 0.6873557 0.3034763 -0.659882 0.2248361 0.6932004 -0.6847788 0.2825747 0.6589002 -0.6971386 0.5783215 0.4394402 -0.6873402 0.5249643 0.5293037 -0.666521 0.9135138 0.1216394 -0.3881962 0.181254 0.7745313 -0.6060101 0.9533569 0.08070266 -0.2908567 0.6848646 0.3726826 -0.6261535 0.8787292 0.1905907 -0.4376187 0.4560956 0.6550008 -0.6024541 0.7518336 0.3810417 -0.5381017 0.554019 0.5922289 -0.5850881 0.3504325 0.7925543 -0.4990538 0.7567348 0.4144605 -0.5055442 0.8714949 0.2408288 -0.427198 0.5927746 0.5838776 -0.5547118 0.3540682 0.7950552 -0.4924662 0.1070203 0.9223724 -0.3711817 0.4335203 0.7902753 -0.4330417 0.6480521 0.6275001 -0.4315927 0.8260858 0.4060789 -0.3907459 0.4857289 0.769742 -0.4142037 0.8666542 0.3636062 -0.3416155 0.2636691 0.9319234 -0.2489932 0.9094341 0.2717009 -0.314815 0.2021563 0.9600815 -0.1933303 0.7071219 0.5944483 -0.3828967 0.3085685 0.9176154 -0.2505344 0.9798097 0.135276 -0.1472186 0.4561896 0.8693887 -0.1898795 0.7491757 0.5968487 -0.2872411 0.9793884 0.136981 -0.1484403 0.9793801 0.1371555 -0.1483339 0.9793806 0.1371135 -0.1483695 0.6166623 0.7528556 -0.2300788 0.6915214 0.6852428 -0.2285618 0.5827104 0.7878119 -0.1995024 0.8989633 0.3958643 -0.1875008 0.9658908 0.2249559 -0.1282576 0.9659058 0.2247684 -0.1284725 0.9658886 0.2249131 -0.128349 0.8930149 0.4105697 -0.1842737 0.8098796 0.5791338 -0.09326982 0.8877782 0.4448602 -0.1181073 0.9600679 -1.07184e-4 -0.2797671 0.97197 2.34584e-4 -0.235105 0.8570067 1.56489e-4 -0.5153052 0.83332 -1.58742e-4 -0.552791 0.6586681 1.23414e-4 -0.7524337 0.6446882 6.38279e-6 -0.7644457 0.6446881 1.18057e-5 -0.7644457 0.6446878 2.19127e-5 -0.764446 0.4151176 -1.17641e-4 -0.9097678 0.4477137 1.44692e-4 -0.894177 0.4477205 9.63833e-5 -0.8941736 0.4477128 1.69133e-4 -0.8941774 0.2879216 -4.43243e-4 -0.9576539 0.2879613 -2.80872e-4 -0.957642 0.2879262 -3.85798e-4 -0.9576526 0.1631414 1.50614e-4 -0.9866027 0.2460566 -0.9610691 -0.125708 0.3716836 -0.9009778 -0.2238088 0.2127994 -0.9139914 -0.3454508 0.3438686 -0.8928827 -0.2907143 0.5617345 -0.8127657 -0.1544876 0.2009501 -0.8547347 -0.4785891 0.2009359 -0.8547365 -0.478592 0.2010333 -0.8547183 -0.4785836 0.6089063 -0.7722423 -0.1813153 0.4546816 -0.7960735 -0.399414 0.3327243 -0.8047735 -0.4915632 0.7919976 -0.6003403 -0.1110467 0.6318439 -0.7146351 -0.3001164 0.5014377 -0.7721623 -0.3902889 0.7169517 -0.629504 -0.2995081 0.3164348 -0.6902416 -0.6507192 0.8197064 -0.5406762 -0.1890784 0.3683022 -0.7112381 -0.5987435 0.5856758 -0.6207416 -0.5212138 0.3119751 -0.5997056 -0.7369021 0.7345224 -0.5566595 -0.3880813 0.3351892 -0.5748127 -0.7464842 0.9157017 -0.3610864 -0.1763719 0.6275073 -0.5833035 -0.515744 0.9637877 -0.236899 -0.1224427 0.9637901 -0.2368176 -0.1225809 0.9637495 -0.2371067 -0.1223409 0.9126574 -0.3702655 -0.1730895 0.3497723 -0.5040773 -0.7896617 0.6485164 -0.5086522 -0.5663034 0.63994 -0.4941736 -0.5884465 0.3199346 -0.45843 -0.8291465 0.8601378 -0.3887269 -0.3302341 0.3434888 -0.3937639 -0.8526228 0.3436568 -0.3939754 -0.8524573 0.3436008 -0.3939368 -0.8524977 0.9762476 -0.1744015 -0.1285497 0.6503409 -0.4140322 -0.6368941 0.8640535 -0.3601536 -0.3517118 0.2875848 -0.278404 -0.9163985 0.3014426 -0.2828605 -0.9105616 0.6749142 -0.366518 -0.6404339 0.565513 -0.2985447 -0.7688083 0.5655052 -0.2985729 -0.7688031 0.565527 -0.2984668 -0.7688282 0.669375 -0.3221086 -0.6694648 0.8933995 -0.2757899 -0.354651 0.2277312 -0.1101289 -0.9674762 0.2277168 -0.1101689 -0.9674751 0.2277031 -0.1102231 -0.9674721 0.5148054 -0.188749 -0.8362711 0.8719066 -0.2608194 -0.41443 0.871914 -0.2607838 -0.4144368 0.87191 -0.2608024 -0.4144337 0.9299737 -0.2226455 -0.2925373 0.7308135 -0.2350501 -0.64083 0.5208498 -0.1786245 -0.8347507 0.520896 -0.1784919 -0.8347504 0.5208837 -0.1785196 -0.834752 0.9940165 -0.06511706 -0.08769935 0.6447155 -0.1175585 -0.7553291 0.717045 -0.1433589 -0.6821251 0.8681043 -0.1735309 -0.4650613 0.8680936 -0.1735765 -0.4650644 0.868086 -0.1736212 -0.4650617 0.9751523 -0.1015701 -0.1968797 0.9751212 -0.1012434 -0.1972019 0.9751219 -0.101417 -0.1971089 0.8845434 -0.1309784 -0.4476915 0.8306346 -0.06240558 -0.5533099 0.8306344 -0.06236034 -0.5533151 0.8306341 -0.0624215 -0.5533089 0.9523779 -0.06508624 -0.297893 0.9890621 -0.1475 -2.79231e-4 0.9227023 -0.3855134 2.20278e-4 0.9375879 -0.3477485 1.87082e-5 0.8184245 -0.5746139 -5.05614e-4 0.5745426 -0.8184747 3.62699e-4 0.563145 -0.8263581 2.49984e-4 0.2583907 -0.9660404 -5.22935e-4 -0.9940678 0.108763 -9.17731e-5 -0.994081 0.1086417 7.58914e-5 -0.9940659 0.1087795 -1.95543e-4 -0.9438328 0.3304237 1.72589e-4 -0.9092336 0.4162864 -2.5836e-4 -0.7519965 0.6591671 2.6163e-4 -0.6630498 0.7485752 -3.67054e-4 -0.4293429 0.9031416 1.92207e-4 -0.3788048 0.9254767 -1.12539e-4 -0.09832078 0.9951547 -2.2513e-4 -0.9523892 0.08424276 -0.2930154 -0.9728024 0.0894702 -0.2136606 -0.8056294 0.1753398 -0.5658774 -0.7989073 0.179965 -0.5738988 -0.6547524 0.1567458 -0.739412 -0.8858777 0.1745513 -0.4298288 -0.8857435 0.1747776 -0.430013 -0.8858168 0.1746826 -0.4299008 -0.9691663 0.1437998 -0.2000961 -0.9691602 0.1437562 -0.2001568 -0.9691568 0.1437101 -0.2002068 -0.5620934 0.2265774 -0.7954332 -0.7372635 0.2909556 -0.6097437 -0.4034657 0.1889156 -0.8952801 -0.9003115 0.2626112 -0.3470945 -0.5251099 0.2331632 -0.8184709 -0.1853581 0.1376775 -0.9729786 -0.9819022 0.1396846 -0.1278926 -0.9725921 0.1921017 -0.131002 -0.9725889 0.1920767 -0.1310633 -0.9726008 0.1921157 -0.1309162 -0.3057392 0.2141019 -0.9277306 -0.6424281 0.3393857 -0.6870979 -0.8795011 0.308317 -0.3625171 -0.8794419 0.3085959 -0.3624231 -0.8794884 0.3084421 -0.3624415 -0.7768943 0.3968424 -0.4888266 -0.8413042 0.3567248 -0.4061462 -0.8413112 0.3567904 -0.4060739 -0.8413187 0.3565791 -0.4062441 -0.5752783 0.4261764 -0.6981608 -0.5752619 0.4261891 -0.6981666 -0.5752407 0.4262037 -0.6981753 -0.3795923 0.3948054 -0.836683 -0.3409908 0.3972696 -0.8519989 -0.7100682 0.4610894 -0.5321651 -0.2421501 0.3281949 -0.9130452 -0.5019582 0.4614513 -0.7315058 -0.9229739 0.3181462 -0.2165694 -0.2183945 0.5064052 -0.8341808 -0.6336205 0.5690254 -0.5241518 -0.9771901 0.2010945 -0.06826782 -0.9771869 0.2011324 -0.06820172 -0.9771887 0.2011592 -0.06809765 -0.4555047 0.5335256 -0.7126472 -0.599724 0.5862396 -0.5446599 -0.7985623 0.5156921 -0.3104194 -0.881072 0.4165866 -0.2239816 -0.4731489 0.5970028 -0.6478564 -0.7572327 0.5659772 -0.3259884 -0.6950842 0.6042696 -0.3895078 -0.2570398 0.5871007 -0.7676219 -0.257045 0.5870952 -0.7676244 -0.256985 0.5871809 -0.767579 -0.208696 0.6387615 -0.7405605 -0.3362618 0.690794 -0.6401029 -0.7512403 0.609791 -0.2525731 -0.297565 0.6972994 -0.6520956 -0.8814368 0.4596289 -0.1086756 -0.4267255 0.734097 -0.5282111 -0.8073861 0.5719221 -0.145028 -0.9061135 0.4180297 -0.06488192 -0.1724668 0.775392 -0.6074722 -0.4813951 0.7788921 -0.4019774 -0.4143933 0.7786602 -0.4711334 -0.5611931 0.800498 -0.2103933 -0.2225982 0.840401 -0.4941421 -0.520031 0.8226463 -0.2298279 -0.4692999 0.8282425 -0.3062222 -0.671905 0.7367603 -0.07568418 -0.1572937 0.8783473 -0.4514033 -0.2364491 0.9144508 -0.3284385 -0.3564037 0.9258013 -0.1259706 -0.1552051 0.9585067 -0.2391162 -0.2103309 0.9616558 -0.1760088 -0.9962754 2.64196e-5 -0.08622968 -0.9967467 -1.78453e-5 -0.08059829 -0.9440343 3.3991e-4 -0.3298474 -0.8982996 -2.17339e-4 -0.4393836 -0.8616251 1.7442e-4 -0.5075453 -0.8616235 2.21547e-4 -0.507548 -0.8616102 3.12711e-4 -0.5075705 -0.7568274 -2.89869e-4 -0.6536148 -0.6431385 4.44566e-4 -0.7657497 -0.4933927 -2.74915e-4 -0.8698067 -0.4933949 -3.05055e-4 -0.8698055 -0.4933925 -2.60324e-4 -0.8698068 -0.4233119 2.12227e-4 -0.9059841 -0.4233118 2.20406e-4 -0.9059841 -0.4233112 2.37077e-4 -0.9059844 -0.2403565 1.12747e-4 -0.9706847 -0.2403529 1.71377e-4 -0.9706856 -0.2403249 2.8548e-4 -0.9706925 -0.1864548 -2.24269e-4 -0.9824635 -0.9253535 -0.368886 -0.08743023 -0.981842 -0.1708701 -0.08240056 -0.8260511 -0.5446935 -0.1447371 -0.957913 -0.2524792 -0.1365904 -0.9633089 -0.2420293 -0.1160081 -0.6776778 -0.7183832 -0.1570942 -0.7927213 -0.5789173 -0.1909135 -0.9971534 -0.05904799 -0.04688876 -0.5633835 -0.8035542 -0.1920934 -0.7894347 -0.5618935 -0.2471205 -0.8777506 -0.4007666 -0.2625643 -0.5441358 -0.8126053 -0.2087798 -0.4724864 -0.8511798 -0.2285817 -0.3122368 -0.9359393 -0.1628677 -0.7065181 -0.6224867 -0.3366637 -0.8596162 -0.3791027 -0.3425508 -0.596525 -0.7128496 -0.3687867 -0.9717311 -0.1352088 -0.1935388 -0.956684 -0.1960755 -0.215198 -0.3926316 -0.862353 -0.3196684 -0.2004544 -0.955402 -0.2168529 -0.88275 -0.3086052 -0.3542813 -0.5186154 -0.7396714 -0.428864 -0.5184993 -0.7396761 -0.4289963 -0.5185597 -0.7396661 -0.4289405 -0.2202202 -0.9151414 -0.3376675 -0.7109122 -0.5215782 -0.4717627 -0.1768333 -0.9358432 -0.3048399 -0.4531162 -0.7761019 -0.438579 -0.8708858 -0.2915647 -0.3956616 -0.6640349 -0.5314601 -0.5259355 -0.9644262 -0.09771549 -0.2456296 -0.3286374 -0.7947678 -0.5102368 -0.5569066 -0.6263027 -0.5455274 -0.1806743 -0.8707766 -0.45728 -0.8857682 -0.2182158 -0.40963 -0.6647736 -0.4918386 -0.5622909 -0.7342512 -0.3708491 -0.5686354 -0.7342265 -0.3709387 -0.5686089 -0.7342193 -0.3709573 -0.5686061 -0.3101342 -0.7659944 -0.5630892 -0.9647529 -0.09559673 -0.2451799 -0.3698269 -0.6730679 -0.6404746 -0.3399142 -0.6557183 -0.6741601 -0.7210543 -0.334778 -0.6066337 -0.8226396 -0.1870794 -0.5369036 -0.06184321 -0.756564 -0.6509889 -0.8220058 -0.1825395 -0.5394312 -0.4642273 -0.4830023 -0.7424297 -0.6523209 -0.3311599 -0.6817703 -0.4900517 -0.3934696 -0.7778375 -0.9035559 -0.03569954 -0.4269805 -0.7023054 -0.14394 -0.6971718 -0.3264343 -0.5804204 -0.7460247 -0.4413145 -0.3657611 -0.8194269 -0.2347568 -0.5639573 -0.7917332 -0.2347877 -0.5640473 -0.79166 -0.2347802 -0.5640152 -0.7916852 -0.7093048 -0.1521794 -0.6882791 -0.1862223 -0.4591818 -0.8686043 -0.2424641 -0.4074515 -0.8804513 -0.4467719 -0.1874518 -0.8747895 -0.5044984 -0.1401082 -0.851969 -0.2571513 -0.1913336 -0.9472407 -0.1412165 -0.2584378 -0.9556505 -0.1411975 -0.2584694 -0.9556448 -0.1413007 -0.258351 -0.9556615 -0.9905541 -0.137123 -1.87832e-4 -0.9450792 -0.3268416 1.6352e-4 -0.9343734 -0.3562953 7.71733e-6 -0.8177984 -0.575505 -2.56854e-4 -0.7275584 -0.6860458 1.03453e-4 -0.7320063 -0.681298 6.51584e-5 -0.5356546 -0.8444373 -1.94616e-4 -0.4236887 -0.9058079 1.54793e-4 -0.3270191 -0.9450177 -2.88659e-4 -0.1778139 0.9840641 1.6094e-4 -0.3139497 0.9494396 -2.98787e-4 -0.4904407 0.8714745 4.63402e-4 -0.7029214 0.7112676 -1.39676e-4 -0.7029234 0.7112657 -9.88657e-5 -0.7029064 0.7112824 -2.21097e-4 -0.7065507 0.7076625 -1.32558e-4 -0.8682058 0.4962045 3.65897e-5 -0.8681952 0.4962231 1.55052e-4 -0.8681963 0.496221 1.14814e-4 -0.9229765 0.3848564 -1.49768e-4 -0.9529657 0.3030783 2.16879e-4 -0.1702749 0.9776366 0.1234226 -0.4605849 0.8779529 0.1306153 -0.2877358 0.9324559 0.2184814 -0.5177934 0.8006825 0.3013267 -0.7390587 0.6517761 0.170236 -0.4137373 0.8127969 0.4101007 -0.2745766 0.8778669 0.3923742 -0.819653 0.544721 0.1773358 -0.1934846 0.8739172 0.4459064 -0.6497799 0.6937016 0.3107479 -0.2563903 0.8578532 0.4453672 -0.8455073 0.4495388 0.2881533 -0.4342918 0.7044349 0.5613932 -0.6740015 0.5796712 0.4579337 -0.9470774 0.2788156 0.1590796 -0.7514843 0.4858014 0.4463951 -0.558412 0.6000397 0.572825 -0.9051456 0.3370763 0.2590194 -0.2832442 0.6940284 0.6618893 -0.2525824 0.7119629 0.6552182 -0.5219109 0.4647346 0.7152838 -0.3218232 0.5558354 0.7664705 -0.3218264 0.5558471 0.7664606 -0.3218293 0.555856 0.7664529 -0.7470608 0.296104 0.5951661 -0.5667004 0.3625451 0.7398728 -0.8866018 0.1783902 0.4267485 -0.7752602 0.2392941 0.5845597 -0.2073998 0.4599866 0.8633642 -0.5206507 0.2793915 0.806761 -0.3565908 0.2087047 0.910651 -0.3565908 0.2087019 0.9106517 -0.3565909 0.2087253 0.9106463 -0.2670534 0.2825181 0.9213393 -0.254717 -2.91274e-4 0.9670156 -0.3533943 3.54249e-4 0.9354743 -0.3533939 3.393e-4 0.9354746 -0.3533944 3.61574e-4 0.9354744 -0.5183038 -3.51684e-4 0.8551965 -0.6582489 -7.80754e-7 0.7528005 -0.6194389 -4.46038e-4 0.7850448 -0.7595967 3.69754e-4 0.6503944 -0.7595909 3.16336e-4 0.6504011 -0.7595902 2.86955e-4 0.6504021 -0.8055028 -4.54626e-5 0.592592 -0.9117935 -1.08071e-4 0.4106492 -0.9272265 1.28111e-4 0.3745013 -0.9800633 3.04159e-5 0.1986858 -0.9771441 -4.88264e-5 0.2125783 -0.9256381 -0.3011734 0.2291045 -0.9256381 -0.3011705 0.2291082 -0.9256361 -0.3012121 0.2290616 -0.9094492 -0.321514 0.2636871 -0.8687018 -0.2527102 0.4260221 -0.826582 -0.271676 0.4929042 -0.8485683 -0.4679304 0.2469274 -0.8485815 -0.4679323 0.2468781 -0.8485795 -0.4679325 0.2468845 -0.6438966 -0.2763202 0.7134734 -0.7311523 -0.3642299 0.5768475 -0.4330368 -0.2558172 0.8643128 -0.4733996 -0.3271989 0.8178226 -0.7132361 -0.6015633 0.3597441 -0.6685847 -0.518186 0.5333646 -0.2833632 -0.2231603 0.9326869 -0.6750174 -0.6691964 0.3106889 -0.5095008 -0.5937728 0.6227704 -0.4198752 -0.4606306 0.7820002 -0.1738414 -0.3226067 0.9304322 -0.5289239 -0.7980342 0.2887579 -0.5342797 -0.7853747 0.312621 -0.2223998 -0.5107895 0.8304411 -0.4231033 -0.6997267 0.5756443 -0.4105104 -0.895561 0.1716154 -0.1892296 -0.5460831 0.8160794 -0.4644133 -0.7989338 0.3821324 -0.2522829 -0.7414847 0.6217345 -0.2522782 -0.7415286 0.621684 -0.2522685 -0.7415632 0.6216468 -0.1996028 -0.7253228 0.6588366 -0.207544 -0.9497082 0.2344781 -0.22676 -0.8875539 0.4010337 -0.1763142 -0.916865 0.3581508 -0.1515219 -0.977417 0.1473001 -0.1802061 -0.9836289 2.80183e-4 -0.4210077 -0.9070572 7.05175e-5 -0.4839931 -0.8750718 -2.80262e-4 -0.6044009 -0.7966804 1.96058e-4 -0.7504321 -0.6609476 2.00752e-4 -0.8329197 -0.553394 -2.25433e-4 -0.8338454 -0.5519982 -2.15558e-4 -0.9449856 -0.3271115 4.38371e-4 0.1679854 -0.9857895 2.47546e-4 0.3814808 -0.9243769 2.62382e-4 0.5012233 -0.865318 -2.12364e-4 0.530271 -0.8478283 -4.89846e-5 0.7429698 -0.6693249 1.66489e-4 0.8360367 -0.5486736 -2.08892e-4 0.8485913 -0.5290492 -6.06662e-5 0.9787057 -0.2052688 3.55538e-4 0.2094345 -0.192636 0.9586598 0.209446 -0.192686 0.9586473 0.2094532 -0.1927086 0.9586412 0.5544201 -0.2704811 0.7870568 0.2887524 -0.3713586 0.8824482 0.1865091 -0.4518672 0.8723706 0.3916146 -0.380056 0.837971 0.5559607 -0.2546777 0.7912314 0.7676689 -0.2931569 0.5698629 0.6581276 -0.3481856 0.6675589 0.1892246 -0.6450395 0.74035 0.4214504 -0.5744426 0.7017089 0.2885366 -0.6769651 0.6771004 0.956959 -0.2335554 0.1722832 0.9569706 -0.2335523 0.1722226 0.9569627 -0.2335556 0.1722624 0.5963661 -0.5407468 0.5932458 0.5963821 -0.5407399 0.5932359 0.5963758 -0.5407425 0.5932399 0.8359469 -0.3533166 0.4199526 0.8593612 -0.3293585 0.3911793 0.9246778 -0.3070437 0.225156 0.9246975 -0.3070256 0.2250996 0.9246611 -0.307051 0.2252144 0.7729923 -0.5013761 0.3887224 0.6322467 -0.5899642 0.5022016 0.1101328 -0.8670736 0.4858543 0.2903318 -0.7925627 0.5362386 0.2902957 -0.7926207 0.5361724 0.2903074 -0.7925989 0.5361985 0.8597432 -0.49384 0.1302445 0.7935209 -0.5461758 0.2683595 0.5593077 -0.7121585 0.4242702 0.3270139 -0.8013367 0.5009207 0.5533986 -0.7878098 0.2703807 0.6837484 -0.7094199 0.1709142 0.3712697 -0.8773955 0.3038684 0.1603748 -0.9545029 0.2514042 0.5828834 -0.7828559 0.2176778 0.29743 -0.926773 0.2294061 0.2974292 -0.9267747 0.2294005 0.2973778 -0.926823 0.2292719 0.202835 -0.9521784 0.228505 0.3048761 -1.87892e-4 0.9523921 0.3540133 7.97413e-5 0.9352405 0.3540139 1.00076e-4 0.9352402 0.3540076 3.40606e-5 0.9352426 0.4107981 -1.48284e-4 0.9117264 0.6087244 -1.2486e-4 0.7933818 0.608694 6.44494e-5 0.7934052 0.6086972 0 0.7934027 0.6623113 -4.82298e-5 0.7492288 0.6622891 -1.64766e-4 0.7492485 0.6622864 -2.22374e-4 0.7492508 0.7684169 1.48982e-4 0.6399497 0.8034715 -2.14757e-4 0.5953432 0.8034715 -2.16511e-4 0.5953432 0.8034715 -2.13942e-4 0.5953432 0.9298631 -1.52841e-4 0.3679058 0.9196585 -4.3833e-5 0.3927192 0.9619165 6.25963e-5 0.2733438 0.96174 6.59434e-5 0.2739637 0.1801068 0.9187618 0.3513382 0.187407 0.9639913 0.1886779 0.2429916 0.8822632 0.4031957 0.242943 0.8822734 0.4032027 0.2429266 0.8822764 0.4032061 0.1944377 0.7828302 0.591076 0.2787538 0.7053743 0.6517235 0.2527801 0.9607691 0.1141268 0.1914827 0.5520248 0.8115437 0.3935374 0.6804749 0.6181281 0.4379758 0.826561 0.3535171 0.1746439 0.5448278 0.8201599 0.4670038 0.8674999 0.1713227 0.4767624 0.7298658 0.4898914 0.4931892 0.8346486 0.2452064 0.5086691 0.5234378 0.6835706 0.168906 0.3123982 0.9348145 0.1688914 0.3123801 0.9348232 0.1688972 0.3123875 0.9348197 0.6405178 0.735454 0.2210077 0.4629105 0.4308877 0.7746288 0.6911585 0.5597127 0.457189 0.6707671 0.4802028 0.5652228 0.503014 0.2739754 0.8197038 0.6995117 0.5000563 0.5105167 0.723335 0.6007818 0.3403643 0.3833031 0.18962 0.9039486 0.4961466 0.2604444 0.8282557 0.6662656 0.294119 0.6852622 0.8415771 0.3246746 0.4316648 0.8619664 0.4714933 0.1863011 0.7785117 0.1567311 0.6077459 0.8401782 0.2141246 0.4982483 0.9052978 0.34709 0.2448766 0.9411858 0.2751862 0.196066 0.2466307 0.9691095 3.74825e-4 0.4961405 0.8682423 -2.88451e-5 0.558407 0.829567 -4.72587e-4 0.7058499 0.7083615 2.80598e-4 0.8507058 0.5256422 2.61753e-4 0.9042275 0.4270511 -3.3611e-4 0.96804 0.2507958 2.62312e-4</float_array>
          <technique_common>
            <accessor source="#Part__Feature001_001-mesh-normals-array" count="666" stride="3">
              <param name="X" type="float"/>
              <param name="Y" type="float"/>
              <param name="Z" type="float"/>
            </accessor>
          </technique_common>
        </source>
        <vertices id="Part__Feature001_001-mesh-vertices">
          <input semantic="POSITION" source="#Part__Feature001_001-mesh-positions"/>
        </vertices>
        <triangles material="Part__Feature001_001-material" count="558">
          <input semantic="VERTEX" source="#Part__Feature001_001-mesh-vertices" offset="0"/>
          <input semantic="NORMAL" source="#Part__Feature001_001-mesh-normals" offset="1"/>
          <p>0 0 1 0 2 0 4 0 3 0 0 0 0 1 3 1 1 1 4 0 5 0 3 0 1 0 6 0 2 0 5 2 7 2 8 2 4 3 7 3 5 3 7 4 9 4 8 4 10 0 9 0 7 0 10 0 11 0 9 0 9 0 11 0 12 0 6 5 15 5 2 5 6 0 13 0 15 0 13 0 14 0 15 0 15 0 14 0 16 0 14 6 17 6 16 6 14 7 18 7 17 7 19 0 18 0 14 0 19 8 20 8 18 8 22 0 20 0 21 0 21 0 20 0 19 0 24 0 23 0 22 0 22 0 25 0 20 0 23 9 26 9 22 9 22 10 26 10 25 10 11 0 23 0 12 0 12 0 23 0 24 0 27 11 169 11 176 11 28 12 27 12 176 12 29 13 176 13 178 13 29 14 28 14 176 14 29 15 178 15 181 15 30 16 29 16 181 16 30 17 181 17 187 17 31 18 30 18 187 18 32 19 31 19 187 19 32 20 187 20 191 20 33 21 32 21 191 21 33 22 191 22 194 22 34 23 194 23 196 23 34 24 33 24 194 24 35 25 34 25 196 25 15 26 169 26 2 26 2 27 169 27 27 27 158 28 23 28 44 28 44 29 23 29 11 29 36 30 131 30 134 30 37 31 36 31 134 31 38 32 37 32 134 32 38 33 134 33 140 33 39 34 38 34 140 34 39 35 140 35 141 35 40 36 39 36 141 36 41 37 40 37 141 37 41 38 141 38 148 38 41 39 148 39 153 39 42 40 41 40 153 40 42 41 153 41 156 41 43 42 42 42 156 42 43 43 156 43 158 43 44 44 43 44 158 44 131 45 35 45 196 45 131 46 36 46 35 46 46 47 47 47 48 47 20 48 47 48 18 48 18 49 47 49 45 49 45 50 47 50 46 50 49 51 7 51 4 51 49 52 4 52 104 52 74 53 104 53 120 53 74 54 49 54 104 54 50 55 51 55 52 55 51 56 201 56 52 56 52 57 203 57 53 57 201 58 203 58 52 58 203 59 208 59 53 59 53 60 208 60 54 60 208 61 213 61 54 61 54 62 213 62 55 62 213 63 217 63 55 63 55 64 219 65 270 66 217 67 219 67 55 67 50 68 13 68 6 68 50 69 6 69 51 69 24 70 259 70 238 70 24 71 238 71 12 71 56 72 57 72 58 72 57 73 59 74 58 75 58 76 59 77 60 78 59 79 239 79 60 79 60 80 239 80 61 80 239 81 240 81 61 81 61 82 240 82 62 82 240 83 241 83 62 83 62 84 241 84 259 84 241 85 238 85 259 85 57 86 56 86 270 86 57 87 270 87 219 87 249 88 21 88 19 88 249 89 19 89 280 89 5 90 225 90 200 90 8 91 225 91 5 91 7 92 49 92 91 92 7 93 91 93 92 93 10 94 7 95 92 96 10 97 92 98 90 99 10 100 90 100 88 100 11 101 10 101 88 101 11 102 88 102 86 102 11 103 86 103 44 103 37 104 63 104 36 104 65 105 63 105 37 105 65 106 64 106 63 106 67 107 37 107 38 107 67 108 65 109 37 110 67 111 38 112 39 113 68 114 65 114 67 114 69 115 66 115 64 115 69 116 64 116 65 116 69 117 65 117 68 117 71 118 66 118 69 118 72 119 67 119 39 119 40 120 72 120 39 120 72 121 68 121 67 121 70 122 66 123 71 124 75 125 72 125 40 125 73 126 71 127 69 128 73 129 69 129 68 129 76 130 40 130 41 130 76 131 75 131 40 131 77 132 68 132 72 132 77 133 72 133 75 133 78 134 70 134 71 134 42 135 76 135 41 135 74 136 70 136 78 136 77 137 73 137 68 137 73 138 78 138 71 138 80 139 75 139 76 139 81 140 73 140 77 140 80 141 77 141 75 141 80 142 76 142 42 142 82 143 81 143 77 143 78 144 73 144 81 144 80 145 82 145 77 145 80 146 42 146 79 146 43 147 79 147 42 147 83 148 80 148 79 148 84 149 82 149 80 149 85 150 81 150 82 150 84 151 80 151 83 151 87 152 81 152 85 152 86 153 79 153 43 153 87 154 78 154 81 154 86 155 43 155 44 155 85 156 82 156 84 156 83 157 79 157 86 157 49 158 74 158 78 158 88 159 83 159 86 159 89 160 85 160 84 160 49 161 78 162 87 163 90 164 84 164 83 164 89 165 84 165 90 165 88 166 90 166 83 166 91 167 87 167 85 167 91 168 49 169 87 170 91 171 85 171 89 171 92 172 89 172 90 172 92 173 91 173 89 173 70 174 120 174 119 174 70 175 74 175 120 175 66 176 70 176 119 176 66 177 119 177 118 177 64 178 66 178 118 178 64 179 118 180 117 181 63 182 117 182 112 182 63 183 64 184 117 185 63 186 112 187 35 188 36 189 63 189 35 189 28 190 93 190 27 190 95 191 93 191 28 191 96 192 28 192 29 192 96 193 95 193 28 193 95 194 94 194 93 194 30 195 96 196 29 197 99 198 94 198 95 198 98 199 95 199 96 199 98 200 96 200 30 200 99 201 97 201 94 201 100 202 99 202 95 202 100 203 95 203 98 203 102 204 99 204 100 204 103 205 30 205 31 205 102 206 97 206 99 206 103 207 98 207 30 207 103 208 100 208 98 208 32 209 103 209 31 209 105 210 102 210 100 210 106 211 103 211 32 211 101 212 97 212 102 212 105 213 100 213 103 213 104 214 101 215 107 216 107 217 101 217 102 217 108 218 106 218 32 218 109 219 105 219 103 219 109 220 103 220 106 220 108 221 32 221 33 221 107 222 102 222 105 222 110 223 108 224 33 225 111 226 104 226 107 226 108 227 109 227 106 227 109 228 107 228 105 228 112 229 110 229 33 229 112 230 33 230 34 230 114 231 109 231 108 231 113 232 108 233 110 234 113 235 114 235 108 235 115 236 107 236 109 236 112 237 34 238 35 239 112 240 113 240 110 240 115 241 109 242 114 243 115 244 111 244 107 244 116 245 114 245 113 245 117 246 113 247 112 248 120 249 104 249 111 249 118 250 113 250 117 250 118 251 116 251 113 251 115 252 114 253 116 254 120 255 111 256 115 257 119 258 115 258 116 258 119 259 116 260 118 261 120 262 115 262 119 262 101 263 104 263 4 263 97 264 4 264 0 264 97 265 101 265 4 265 94 266 97 266 0 266 94 267 0 267 2 267 93 268 94 268 2 268 27 269 93 269 2 269 143 270 47 271 20 272 143 273 20 273 25 273 151 274 143 274 25 274 151 275 25 275 26 275 154 276 151 276 26 276 154 277 26 277 23 277 157 278 154 278 23 278 158 279 157 279 23 279 124 280 122 280 121 280 48 281 124 281 121 281 127 282 123 282 122 282 126 283 123 283 127 283 126 284 125 284 123 284 127 285 122 286 124 287 128 288 124 289 48 290 130 291 125 291 126 291 132 292 126 292 127 292 133 293 129 293 125 293 128 294 127 294 124 294 133 295 125 295 130 295 134 296 131 296 129 296 47 297 128 297 48 297 135 298 128 299 47 300 134 301 129 301 133 301 132 302 130 302 126 302 137 303 127 304 128 305 136 306 132 306 127 306 136 307 127 308 137 309 138 310 130 311 132 312 139 313 133 313 130 313 140 314 133 314 139 314 138 315 132 315 136 315 140 316 134 316 133 316 139 317 130 317 138 317 135 318 137 318 128 318 141 319 140 319 139 319 142 320 138 320 136 320 143 321 135 322 47 323 145 324 139 324 138 324 142 325 144 325 138 325 136 326 137 326 146 326 146 327 137 327 135 327 144 328 145 328 138 328 147 329 136 329 146 329 147 330 142 330 136 330 141 331 139 332 145 333 148 334 141 334 145 334 149 335 145 335 144 335 150 336 147 336 146 336 149 337 148 337 145 337 151 338 146 338 135 338 149 339 144 339 142 339 151 340 150 340 146 340 151 341 135 341 143 341 153 342 148 342 149 342 152 343 142 343 147 343 152 344 149 344 142 344 154 345 147 345 150 345 152 346 153 346 149 346 155 347 147 347 154 347 155 348 152 348 147 348 151 349 154 349 150 349 156 350 153 350 152 350 156 351 152 351 155 351 157 352 155 352 154 352 158 353 156 353 155 353 158 354 155 354 157 354 180 355 46 355 48 355 180 356 48 356 121 356 180 357 121 357 122 357 189 358 180 358 122 358 189 359 122 360 123 361 193 362 189 362 123 362 193 363 123 363 125 363 195 364 193 365 125 366 195 367 125 368 129 369 195 370 129 371 131 372 196 373 195 373 131 373 163 374 160 374 159 374 164 375 159 375 45 375 161 376 160 376 163 376 164 377 163 377 159 377 166 378 163 378 164 378 167 379 162 379 161 379 167 380 161 380 163 380 164 381 45 381 46 381 167 382 165 382 162 382 168 383 167 383 163 383 168 384 163 384 166 384 170 385 165 385 167 385 171 386 165 386 170 386 171 387 169 387 165 387 172 388 167 388 168 388 173 389 168 389 166 389 172 390 170 390 167 390 174 391 164 391 46 391 174 392 166 392 164 392 175 393 171 393 170 393 176 394 169 394 171 394 173 395 166 395 174 395 177 396 170 397 172 398 178 399 171 399 175 399 172 400 168 400 173 400 178 401 176 401 171 401 175 402 170 402 177 402 179 403 173 403 174 403 182 404 172 404 173 404 183 405 174 405 46 405 181 406 175 406 177 406 177 407 172 407 182 407 178 408 175 408 181 408 179 409 174 409 183 409 184 410 182 410 173 410 184 411 173 412 179 413 185 414 181 414 177 414 183 415 46 415 180 415 185 416 177 416 182 416 187 417 185 417 182 417 186 418 184 418 179 418 186 419 179 419 183 419 187 420 181 420 185 420 189 421 186 421 183 421 188 422 182 422 184 422 186 423 190 423 184 423 188 424 184 424 190 424 189 425 183 425 180 425 189 426 190 426 186 426 188 427 187 427 182 427 192 428 188 428 190 428 191 429 187 430 188 431 193 432 190 432 189 432 194 433 191 433 188 433 192 434 194 434 188 434 195 435 192 435 190 435 195 436 190 436 193 436 196 437 192 437 195 437 196 438 194 439 192 440 18 441 45 441 159 441 17 442 18 442 159 442 17 443 159 443 160 443 17 444 160 444 161 444 17 445 161 445 162 445 16 446 17 446 162 446 16 447 162 447 165 447 15 448 16 448 165 448 15 449 165 449 169 449 51 450 6 450 197 450 6 451 1 451 197 451 197 452 1 452 198 452 198 453 1 454 199 455 1 456 3 456 199 456 199 457 3 458 207 459 3 460 5 460 207 460 207 461 5 461 200 461 197 462 201 462 51 462 197 463 198 463 202 463 197 464 202 464 201 464 198 465 204 465 202 465 199 466 205 466 198 466 204 467 206 467 202 467 202 468 206 468 201 468 199 469 207 469 205 469 206 470 208 470 201 470 198 471 205 471 204 471 201 472 208 472 203 472 207 473 209 473 205 473 204 474 210 474 206 474 205 475 211 475 204 475 200 476 212 476 207 476 205 477 209 477 211 477 204 478 211 478 210 478 207 479 212 479 209 479 210 480 213 480 206 480 206 481 213 481 208 481 211 482 214 482 210 482 210 483 214 484 213 485 209 486 216 486 211 486 211 487 216 487 214 487 212 488 215 488 209 488 215 489 216 489 209 489 214 490 217 490 213 490 216 491 218 491 214 491 218 492 219 493 214 494 214 495 219 495 217 495 57 496 219 496 220 496 219 497 218 498 220 499 220 500 218 500 221 500 221 501 218 501 222 501 218 502 216 502 222 502 216 503 215 504 222 505 222 506 215 506 223 506 223 507 215 507 224 507 215 508 212 508 224 508 224 509 212 509 225 509 212 510 200 510 225 510 225 511 226 512 224 513 226 514 227 514 224 514 224 515 227 515 223 515 227 516 222 516 223 516 226 517 228 518 227 519 222 520 230 520 221 520 227 521 230 521 222 521 221 522 231 522 220 522 221 523 230 523 231 523 228 524 233 524 227 524 227 525 233 525 230 525 220 526 231 526 57 526 228 527 229 527 233 527 233 528 234 528 230 528 230 529 234 529 231 529 231 530 59 530 57 530 229 531 235 531 233 531 232 532 235 532 229 532 234 533 59 533 231 533 233 534 237 534 234 534 236 535 235 535 232 535 234 536 239 536 59 536 233 537 235 537 237 537 237 538 240 539 234 540 240 541 239 541 234 541 236 542 241 542 235 542 235 543 240 543 237 543 235 544 241 544 240 544 236 545 238 545 241 545 238 546 236 546 12 546 236 547 232 547 12 547 12 548 232 548 9 548 232 549 229 549 9 549 229 550 228 550 9 550 9 551 228 551 8 551 228 552 226 552 8 552 226 553 225 553 8 553 259 554 24 554 261 554 261 555 24 555 258 555 24 556 22 556 258 556 258 557 22 557 260 557 260 558 22 558 257 558 22 559 21 559 257 559 257 560 21 560 252 560 252 561 21 561 249 561 58 562 242 563 56 564 242 565 244 565 243 565 58 566 245 566 242 566 60 567 245 567 58 567 245 568 247 568 242 568 242 569 247 569 244 569 244 570 250 570 246 570 247 571 250 571 244 571 60 572 61 572 245 572 245 573 251 573 247 573 61 574 251 574 245 574 248 575 252 576 249 577 247 578 251 579 250 580 250 581 253 581 246 581 246 582 253 582 248 582 248 583 253 584 252 585 250 586 254 586 253 586 251 587 254 587 250 587 61 588 62 588 255 588 61 589 255 590 251 591 253 592 257 592 252 592 254 593 257 593 253 593 251 594 256 594 254 594 255 595 256 595 251 595 256 596 258 596 254 596 254 597 260 597 257 597 255 598 258 598 256 598 62 599 259 599 255 599 254 600 258 600 260 600 255 601 261 602 258 603 255 604 259 604 261 604 56 605 242 605 270 605 270 606 242 607 276 608 242 609 243 609 276 609 276 610 243 611 275 612 243 613 244 614 275 615 275 616 244 616 279 616 244 617 246 618 279 619 279 620 246 620 277 620 246 621 248 621 277 621 277 622 248 622 280 622 248 623 249 623 280 623 53 624 262 624 52 624 52 625 262 625 50 625 53 626 263 627 262 628 54 629 263 629 53 629 54 630 264 630 263 630 262 631 265 631 50 631 55 632 266 632 54 632 264 633 267 633 263 633 263 634 268 634 262 634 54 635 266 635 264 635 262 636 269 636 265 636 267 637 268 637 263 637 268 638 269 638 262 638 264 639 272 639 267 639 55 640 270 641 266 642 271 643 269 643 268 643 264 644 266 644 272 644 267 645 273 645 268 645 272 646 274 646 267 646 266 647 275 647 272 647 274 648 273 648 267 648 268 649 273 649 271 649 270 650 276 650 266 650 266 651 276 651 275 651 272 652 275 652 274 652 274 653 277 653 273 653 273 654 278 654 271 654 275 655 279 655 274 655 274 656 279 656 277 656 277 657 278 657 273 657 277 658 280 658 278 658 50 659 265 659 13 659 265 660 269 660 13 660 13 661 269 661 14 661 269 662 271 662 14 662 271 663 278 663 14 663 14 664 278 664 19 664 278 665 280 665 19 665</p>
        </triangles>
      </mesh>
    </geometry>
    <geometry id="Part__Feature012-mesh" name="Part__Feature012">
      <mesh>
        <source id="Part__Feature012-mesh-positions">
          <float_array id="Part__Feature012-mesh-positions-array" count="699">-0.269931 -0.04149687 -0.3134799 -0.2684569 -0.04995983 -0.02673447 -0.2684413 -0.04995006 -0.3133807 -0.2658135 -0.05055874 -0.3134569 -0.2649387 -0.05179041 -0.313873 0.1398484 -0.06346428 -0.02656924 0.1384821 -0.06486153 -0.02675092 0.144882 -0.04988616 -0.3138242 0.1448535 -0.04984915 -0.02606469 0.1449409 -0.0400564 -0.3135974 0.1447616 -0.04023623 -0.02584737 0.1412114 -0.04008013 -0.3135047 0.1300305 -0.05501395 -0.02651941 0.1300394 -0.05501902 -0.3135372 -0.255037 -0.05501908 -0.0264706 -0.2550736 -0.05504179 -0.3137199 -0.255196 -0.05065071 -0.3138272 -0.2631769 -0.04084151 -0.02622187 -0.2607503 -0.04201042 -0.02630174 -0.2555947 -0.04900062 -0.02613371 -0.255138 -0.05135077 -0.02619689 -0.263774 -0.05102109 -0.02505677 0.1388673 -0.0512799 -0.02509647 0.1411488 -0.04889869 -0.02508831 -0.2658011 -0.04142558 -0.3149389 -0.2600729 -0.04383319 -0.3149123 0.1382868 -0.06304246 -0.3149805 0.1316877 -0.05014955 -0.3149622 0.1124517 -0.05639541 -0.05310505 -0.2292182 -0.05615866 -0.04497021 -0.2286666 -0.0613566 -0.0451371 -0.2375211 -0.0564084 -0.2860661 -0.2373276 -0.06149184 -0.286159 0.1047719 -0.05627673 -0.2949114 0.1103442 -0.06298369 -0.05347853 0.1083289 -0.05652451 -0.2932355 0.110795 -0.06110399 -0.2906373 0.1108759 -0.05644714 -0.290668 0.1124852 -0.05622458 -0.2869311 0.1123254 -0.06113612 -0.2869183 0.1110468 -0.06112706 -0.04981398 0.1111963 -0.0563848 -0.04987633 0.109821 -0.05641376 -0.04808658 0.1093093 -0.06103563 -0.04769408 0.1062793 -0.05638509 -0.04563122 0.1038548 -0.05628663 -0.04497528 -0.2312643 -0.06112688 -0.0457412 -0.2314582 -0.05650478 -0.04572153 -0.2338875 -0.06128573 -0.04735898 -0.2343035 -0.05617213 -0.04746878 -0.235618 -0.05654788 -0.04906755 -0.2355763 -0.06133115 -0.04920125 -0.2369613 -0.05636817 -0.05143904 -0.2374975 -0.05651557 -0.05383867 -0.2366982 -0.06137299 -0.288789 -0.2367845 -0.05656641 -0.2889135 -0.2350406 -0.05612105 -0.2918243 -0.2353054 -0.06120884 -0.2912148 -0.2324731 -0.06126821 -0.2936662 -0.2324191 -0.05655932 -0.2938125 -0.2290447 -0.05667752 -0.2949436 0.141951 -0.0496422 -0.3142485 0.1418028 -0.05003648 -0.3133948 0.1411805 -0.04873514 -0.3149451 0.1404633 -0.05091387 -0.3134672 0.1406034 -0.05023485 -0.3142684 0.1394718 -0.05162125 -0.3144663 0.1399874 -0.05201989 -0.3135089 0.1388566 -0.05060672 -0.3149472 0.1436914 -0.04869931 -0.3149255 0.137957 -0.06422662 -0.314612 0.1391791 -0.06354224 -0.3144885 0.1382675 -0.06488931 -0.3134911 0.1395277 -0.0639823 -0.3134067 0.139924 -0.06282842 -0.3136458 0.1437951 -0.04120492 -0.3149393 -0.2633277 -0.06322771 -0.3149594 -0.2642201 -0.06330412 -0.314509 -0.2648446 -0.06331902 -0.3136647 -0.2631207 -0.06430429 -0.3145087 -0.263544 -0.06482493 -0.3134865 0.1393514 -0.04083669 -0.3144055 0.1390399 -0.04202568 -0.3149683 0.1382531 -0.04074454 -0.3134418 0.1353382 -0.04312568 -0.3146179 0.1328761 -0.04641431 -0.3149161 0.1352948 -0.04228746 -0.3135253 0.133156 -0.04427546 -0.3136721 0.1312323 -0.04719066 -0.3137984 0.1305387 -0.05102086 -0.3143777 0.1301174 -0.05059778 -0.3134483 -0.2637791 -0.05093979 -0.3149453 0.1311156 -0.05612236 -0.3148843 -0.2652577 -0.05054157 -0.3142817 -0.2644527 -0.05033451 -0.3148345 -0.2669225 -0.04997056 -0.313661 -0.2667725 -0.04934066 -0.3145661 -0.2663884 -0.04855853 -0.3149676 -0.2563084 -0.05630421 -0.3149296 -0.2686316 -0.04948866 -0.3142943 -0.268671 -0.0485956 -0.3148831 -0.2560698 -0.05003678 -0.3146986 -0.2574478 -0.04768353 -0.3149811 -0.2693722 -0.04943674 -0.3135192 -0.2698726 -0.04850763 -0.3137589 -0.2564605 -0.04690551 -0.3139977 -0.2581417 -0.04425841 -0.3136448 -0.2626317 -0.04173696 -0.3145957 -0.2607136 -0.04202592 -0.3136763 -0.2636616 -0.04059046 -0.3134207 -0.2660785 -0.04019272 -0.313916 -0.268458 -0.04040217 -0.3142068 -0.2699176 -0.04849845 -0.02642083 -0.2693938 -0.04143774 -0.3143968 -0.2684964 -0.04136812 -0.3149069 -0.2646974 -0.0516175 -0.02576714 -0.2650047 -0.0520296 -0.02662336 -0.2654109 -0.05102074 -0.02653193 -0.2654862 -0.05013227 -0.02553915 -0.2659032 -0.04868304 -0.02504169 -0.2666152 -0.05006217 -0.0265128 -0.2667257 -0.04947936 -0.02553713 -0.2692895 -0.04952943 -0.02659845 -0.2682864 -0.0496487 -0.02582508 -0.2692773 -0.04892766 -0.02562093 -0.2684089 -0.04850959 -0.02504831 -0.2693275 -0.04049545 -0.3134818 -0.2683144 -0.04003804 -0.3133987 -0.2648386 -0.06347644 -0.02652889 -0.2644883 -0.06338697 -0.02578288 -0.2635453 -0.06290078 -0.02504092 -0.269914 -0.04135769 -0.02657884 -0.2693359 -0.04134196 -0.02555191 -0.2686728 -0.04162156 -0.02508205 -0.2633715 -0.06383651 -0.02523535 -0.2633653 -0.06482821 -0.02629053 -0.2691516 -0.04037648 -0.02647358 -0.2682927 -0.04056656 -0.02556049 -0.2683617 -0.04004842 -0.02656805 0.1377835 -0.06470835 -0.02590382 0.138315 -0.06346213 -0.0250653 0.1387589 -0.06426912 -0.02579182 0.1394919 -0.06294786 -0.02565389 -0.2563733 -0.05017197 -0.02510166 -0.2573239 -0.04518061 -0.02638274 -0.2578202 -0.04541307 -0.02556377 -0.2590867 -0.04547673 -0.02500921 -0.2608464 -0.04289793 -0.02527266 -0.2659031 -0.04013049 -0.0263822 -0.2659342 -0.04063534 -0.02555757 -0.2647476 -0.04174244 -0.02503734 -0.2561051 -0.05609732 -0.02512305 0.1414241 -0.04987585 -0.0259571 0.1416561 -0.0500757 -0.02670317 0.1398881 -0.05071091 -0.02546948 0.1403945 -0.05103904 -0.02651375 0.1399227 -0.05195993 -0.02617371 0.1310336 -0.05604612 -0.02513957 0.1435892 -0.04860156 -0.02505695 0.1430717 -0.04118067 -0.02506917 0.141049 -0.04017919 -0.02613914 0.1386335 -0.04070252 -0.02621251 0.1380401 -0.04203099 -0.02510392 0.1359104 -0.04187941 -0.02637213 0.1347949 -0.04340881 -0.02550768 0.1331887 -0.04419976 -0.02640998 0.1337841 -0.04562222 -0.02503556 0.1325516 -0.04587107 -0.02554899 0.1312608 -0.04706925 -0.02637326 0.131021 -0.04888862 -0.02561998 0.1315649 -0.05034267 -0.02504259 0.1302078 -0.05066055 -0.02610075 -0.2300092 -0.05509096 -0.04394251 -0.2323307 -0.05538958 -0.04535919 -0.2361591 -0.05509251 -0.04757738 -0.2370739 -0.055453 -0.05015313 -0.2388564 -0.05504131 -0.05264109 -0.2380253 -0.05551683 -0.05330204 -0.2380846 -0.05543947 -0.2870207 -0.2388014 -0.05502408 -0.288761 -0.2368105 -0.05544877 -0.290267 -0.2349957 -0.0550704 -0.2935807 -0.2319588 -0.05574136 -0.294482 -0.2306278 -0.0551055 -0.2959349 -0.2286351 -0.05565619 -0.2954168 0.1130307 -0.0555197 -0.05333459 0.1137438 -0.05505192 -0.05225819 0.1121191 -0.05544519 -0.05018371 0.1106587 -0.05512005 -0.04729878 0.1079968 -0.05610823 -0.0464363 0.1068795 -0.05520391 -0.04475408 0.105694 -0.05500245 -0.04341852 0.1037019 -0.05529189 -0.04413682 0.1034065 -0.05551624 -0.2955533 0.1055955 -0.05502015 -0.2964119 0.1067076 -0.05525785 -0.2952569 0.1074912 -0.05578881 -0.2941811 0.1100738 -0.05557382 -0.2923761 0.1110225 -0.05504506 -0.2928234 0.1117122 -0.05562406 -0.2902157 0.1135912 -0.05504357 -0.2884243 0.1132416 -0.05535709 -0.2863459 -0.235765 -0.0629087 -0.2869976 -0.2352998 -0.06240278 -0.2899046 -0.2331359 -0.06212621 -0.292673 -0.232886 -0.06292289 -0.2913669 -0.2291803 -0.06154793 -0.2947621 -0.2290144 -0.06290227 -0.2933384 0.1045358 -0.06260448 -0.2937826 0.1040982 -0.06127309 -0.2948487 -0.2291403 -0.06263583 -0.04622197 -0.2314371 -0.06226164 -0.04653745 -0.2297961 -0.06298673 -0.0473634 -0.2333433 -0.06269448 -0.04833263 -0.2366286 -0.06113272 -0.05098569 -0.2361621 -0.06221121 -0.05122983 -0.2351421 -0.06297588 -0.05211895 -0.2374036 -0.0611124 -0.05369454 -0.2367272 -0.06234455 -0.05397665 0.1074718 -0.06131732 -0.2936652 0.1065278 -0.06299412 -0.2920977 0.1085246 -0.0623517 -0.2920982 0.1108908 -0.06207621 -0.2894641 0.1104438 -0.0629096 -0.2879697 0.1118928 -0.0621488 -0.2861138 0.1116377 -0.06242477 -0.05375415 0.1122978 -0.06128716 -0.05307751 0.1102212 -0.06263095 -0.05033999 0.1080746 -0.06214332 -0.04731678 0.107015 -0.06099653 -0.04605561 0.1058956 -0.06296527 -0.04740303 0.1044728 -0.06223773 -0.04577469 0.103932 -0.06112241 -0.04511469</float_array>
          <technique_common>
            <accessor source="#Part__Feature012-mesh-positions-array" count="233" stride="3">
              <param name="X" type="float"/>
              <param name="Y" type="float"/>
              <param name="Z" type="float"/>
            </accessor>
          </technique_common>
        </source>
        <source id="Part__Feature012-mesh-normals">
          <float_array id="Part__Feature012-mesh-normals-array" count="1950">0.03338086 0.9994428 -2.36562e-4 0.06901371 0.9976158 4.74476e-5 -0.9999999 4.93847e-4 -1.56527e-4 -0.9999653 -0.008335769 6.32496e-5 -0.05545216 -0.9984613 -2.59189e-4 -0.01351612 -0.9999088 -3.49232e-5 -0.4685593 -0.883432 2.19638e-4 -0.6223792 -0.7827159 -3.91974e-4 -0.6223791 -0.7827159 -3.8704e-4 -0.6223791 -0.7827159 -3.88692e-4 -0.8152649 -0.5790882 2.11477e-4 -0.9276651 -0.3734129 -5.24119e-4 -0.9998949 -0.01450616 1.26987e-5 -0.9999666 -0.008174955 -2.36601e-4 -0.6760737 -0.736834 4.12337e-4 -0.7568062 -0.6536393 -3.42784e-4 -8.28905e-5 -1 -1.137e-5 -1.60224e-4 -1 9.7129e-5 0.9455735 -0.3254083 -4.3271e-4 0.9455766 -0.3253994 -3.59836e-4 0.9455731 -0.3254095 -4.69447e-4 0.7146326 -0.6994999 4.64376e-4 0.7146341 -0.6994985 4.19203e-4 0.7146328 -0.6994997 4.47238e-4 0.584443 -0.8114347 -3.40197e-4 0.5844434 -0.8114345 -3.51259e-4 0.5844435 -0.8114345 -3.5849e-4 0.9999791 -0.006475746 2.26159e-4 0.9999828 -0.005865812 2.50434e-4 0.9183378 -0.3957976 2.82732e-4 0.918338 -0.3957973 2.69154e-4 0.9183378 -0.3957976 2.89133e-4 0.8900131 -0.4559348 1.43904e-5 0.6068688 -0.794802 -2.013e-4 0.5479288 -0.836525 1.6581e-4 0.07065254 -0.997501 1.35325e-4 0.04873609 -0.9988118 -1.11792e-4 0.9999541 0.009561121 6.29384e-4 0.9999821 -0.005997538 9.96242e-5 0.01531398 0.9998825 6.34372e-4 -0.006360113 0.9999797 3.41019e-4 -0.9596005 0.2813662 -2.35313e-5 -0.9503996 0.3110316 3.66884e-4 -0.8300558 0.5576804 -1.53147e-4 -0.834649 0.5507822 -5.00664e-5 -0.6808059 0.7324638 -1.15454e-4 -0.6487767 0.7609789 3.09392e-4 -0.4624456 0.8866476 -2.68648e-4 -0.3967336 0.9179337 3.91283e-4 -0.2117558 0.9773226 2.17094e-4 -0.2191159 0.9756989 1.47582e-4 -0.9991729 0.04066258 3.23188e-4 -0.9998446 0.01763021 -3.14575e-5 0.00118035 0.9999964 -0.002422749 0.009517848 0.9999421 0.005034089 0.001493215 0.9999989 7.32795e-5 -9.65497e-4 0.9999995 -7.89068e-5 0.006169319 0.9999698 -0.004729986 0.005729258 0.9999744 -0.004293739 -1.38554e-5 0.9999915 -0.004133045 -2.65174e-4 0.9999994 0.001060068 0.01138675 0.9998117 -0.01571917 -0.01212012 0.9999074 0.006193995 0.002338588 0.9999915 0.003403663 -0.001060664 0.9999995 2.82392e-4 -2.54305e-4 1 -2.9692e-4 -6.08418e-5 0.9999933 0.003667116 -0.002303361 0.9999974 -1.77556e-5 -0.001437604 0.9999991 3.62268e-5 0.9996116 0.02786982 -1.33639e-4 0.9996212 0.02752476 -1.29429e-4 0.2523418 0.9676381 4.20021e-4 0.1624431 0.9867179 -3.12548e-4 0.4339914 0.900917 5.51343e-5 0.4377866 0.899079 7.49008e-6 0.6791409 0.734008 4.72105e-5 0.6555178 0.7551795 5.58223e-4 0.8440914 0.536199 -6.81642e-4 0.9110065 0.4123921 2.61528e-4 0.9474533 0.3198938 -5.21473e-4 0.9816429 0.1907286 2.66472e-4 0.009651958 0.001518785 0.9999523 0.006445229 -0.003326416 0.9999738 -0.01124602 0.004464268 0.9999268 0.007803142 -0.0151692 0.9998545 -0.002650499 -1.87739e-4 0.9999965 -0.004846811 1.78369e-4 0.9999883 -0.001214146 -0.007547378 0.9999709 7.47674e-5 0.01008391 0.9999492 4.09643e-5 0.01202899 0.9999276 -0.00725317 0.002888917 0.9999696 0.005137979 -0.0174759 0.9998342 0.006181597 -0.009353637 0.9999372 0.005377709 -0.004020869 0.9999775 0.01023948 0.006909012 0.9999237 -0.006776034 -7.93744e-4 0.9999768 -0.01293945 7.41678e-4 0.999916 0.003011405 0.001255214 -0.9999947 -0.03693753 -0.002395629 -0.9993147 -0.00240457 -0.006296336 -0.9999774 -0.01175016 0.004991114 -0.9999185 0.006113469 0.003519535 -0.9999752 0.008659839 1.19825e-4 -0.9999626 -0.01098078 0.01036584 -0.999886 1.15153e-4 0.004187881 -0.9999912 -5.89446e-5 0.01383948 -0.9999043 -0.01037049 0.003149628 -0.9999413 0.0012483 -0.01316112 -0.9999126 0.00281316 0.01142263 -0.9999308 0.003257751 -0.002512216 -0.9999915 0.003244936 -0.002617597 -0.9999914 0.003256976 -0.002550482 -0.9999915 -0.006812095 -0.002316594 -0.9999741 0.006363272 -0.00143367 -0.9999787 0.007796168 -0.001949548 -0.9999678 -0.9995057 0.03143948 -1.20415e-4 -0.9994708 0.0325309 -9.67176e-5 -2.95722e-6 0.0320869 -0.9994851 4.6973e-5 0.02881705 -0.9995848 0.9992774 0.03801017 -8.37602e-5 0.999791 0.02044641 2.931e-4 -1.11827e-4 0.01255804 0.9999212 2.29062e-4 0.03723287 0.9993066 -0.01050257 0.9998932 -0.01016426 -6.87575e-4 0.9999998 2.8787e-4 0.001710474 0.9999985 3.4892e-4 -6.39347e-5 1 -1.18142e-4 2.72599e-4 1 3.44202e-4 0.004582822 0.9999895 3.18011e-4 -0.02140682 0.9997708 -1.73281e-4 -0.3298316 0.05629241 0.94236 -0.4264618 -0.004818081 0.9044928 -0.6744121 0.05460399 0.7363333 -0.7101034 0.01697516 0.7038928 -0.9186878 0.01855289 0.3945485 -0.924221 0.03107708 0.3805914 -0.9329464 0.02732402 -0.3589769 -0.9317214 0.02462184 -0.3623384 -0.7929206 0.01700264 -0.6090878 -0.7723526 0.03162622 -0.6344062 -0.6698208 0.01110416 -0.7424398 -0.5797467 0.05312144 -0.8130633 -0.4263964 0.01520645 -0.9044087 -0.293184 0.04112964 -0.9551709 -0.2601739 0.0236715 -0.9652716 0.3155391 0.01727867 -0.9487554 0.2308217 0.05568218 -0.9714015 0.5252121 0.0244624 -0.8506197 0.5236233 0.02559983 -0.8515653 0.7659022 0.04853707 -0.6411225 0.7365837 0.02529978 -0.6758731 0.8706002 0.02130901 -0.4915295 0.8619192 0.01196658 -0.5069044 0.9756776 0.01307004 -0.2188205 0.960702 0.04096502 -0.2745428 0.968175 0.02383261 0.2491371 0.9716718 0.03268378 0.2340638 0.8555245 0.02875185 0.5169634 0.8666962 0.01462775 0.4986219 0.6060952 0.01775032 0.7951942 0.6540952 0.05632096 0.7543126 0.318543 0.02644282 0.9475396 0.3176518 0.02580565 0.9478563 0.3841339 -0.8617056 -0.3315186 0.3840751 -0.8617079 -0.3315809 0.383985 -0.8617262 -0.3316376 0.4901237 -0.7054834 -0.5119295 0.4901882 -0.705251 -0.5121881 0.49018 -0.7053737 -0.5120269 0.3581303 -0.798166 -0.4844315 0.7504588 -0.5631072 -0.3460086 0.3172228 -0.3934266 -0.8628936 0.3174694 -0.3934142 -0.8628085 0.3174367 -0.393427 -0.8628148 0.390515 -0.1901088 -0.9007535 0.7756609 -0.3131414 -0.5479897 0.8803104 8.8228e-4 -0.4743974 0.8803291 0.001071989 -0.4743623 0.8806241 0.00151211 -0.4738134 0.7564383 -0.01769179 -0.6538258 0.7562425 -0.01753664 -0.6540563 0.7562137 -0.01741832 -0.6540929 0.4742983 -0.01937878 -0.8801509 0.6020585 -0.01329654 -0.7983413 -0.01447653 -0.9068067 -0.4212982 0.0148099 -0.6010627 -0.7990648 0.05594593 -0.6483998 -0.7592417 0.2897375 -0.3572592 -0.8879291 0.289695 -0.3572826 -0.8879336 0.2898076 -0.3572015 -0.8879295 0.4512543 -0.707799 -0.5434982 0.5386952 -0.7053059 -0.4608158 0.5385385 -0.7053903 -0.4608699 0.5386394 -0.7053293 -0.4608452 0.8291674 -0.371599 -0.4176073 0.8292108 -0.3715212 -0.4175904 0.8292168 -0.3715093 -0.4175888 0.7559639 0.01056891 -0.6545281 0.6732917 -0.01067775 -0.7392999 -1.43814e-4 -0.8608252 -0.5089008 5.55448e-5 -0.8910714 -0.4538631 -1.62792e-4 -0.3856519 -0.9226444 -2.63264e-4 -0.3856601 -0.922641 -1.95386e-4 -0.3856527 -0.922644 8.68407e-5 -0.2971342 -0.9548357 -0.02035075 0.7859036 -0.6180141 -0.01385194 0.7654697 -0.643323 -0.3803595 -0.4184382 -0.8247643 -0.5630415 -0.6188475 -0.5477336 -0.5630473 -0.6188399 -0.5477364 -0.5630182 -0.6188769 -0.5477244 -0.6348801 -0.6051889 -0.4802851 -0.07081848 0.4418603 -0.8942843 -0.2134574 0.9191036 -0.3311869 -0.2193827 0.4640146 -0.8582317 -0.2193244 0.4640617 -0.8582212 -0.2191652 0.4641386 -0.8582203 -0.1513512 0.2010502 -0.967818 -0.3854257 0.7669059 -0.51313 -0.3852846 0.7670546 -0.5130136 -0.3853502 0.7669675 -0.5130947 -0.3834505 0.7253845 -0.5716495 -0.5636153 0.6447585 -0.5163568 -0.563573 0.6447822 -0.5163733 -0.5634747 0.6448239 -0.5164287 -0.5481899 0.4729456 -0.6897901 -0.6376717 0.4479437 -0.6266748 -0.5543959 0.1861193 -0.8111751 -0.55438 0.1863424 -0.8111346 -0.55429 0.1858434 -0.8113107 -0.6185332 0.2266434 -0.7523626 -0.6187288 0.2265348 -0.7522345 -0.6183442 0.2266801 -0.7525069 -0.8445175 0.2259758 -0.4855153 -0.8444563 0.2259024 -0.485656 -0.844441 0.2258941 -0.4856864 -0.8035015 -0.01728832 -0.5950518 -0.803501 -0.01730132 -0.595052 -0.8036934 -0.01764154 -0.5947823 -0.6782163 -0.001254498 -0.7348613 -0.6785659 -0.001835644 -0.7345374 -0.6785316 -0.001961112 -0.7345686 -0.4493969 -0.01548284 -0.893198 -0.9062984 0.02446842 -0.4219295 -0.7924441 -0.02912223 -0.609249 -0.4733716 0.0338608 -0.8802118 -0.4667933 -0.3735613 -0.8015961 -0.4667776 -0.3734705 -0.8016474 -0.4667775 -0.373468 -0.8016486 -0.7673783 -0.3676567 -0.5253183 -0.7673663 -0.3676761 -0.5253221 -0.767394 -0.3676328 -0.5253121 -0.4553682 -0.3798162 -0.8052201 -0.5320299 -0.7597474 -0.3738023 -0.5321372 -0.7596672 -0.3738126 -0.5320436 -0.7597382 -0.3738017 -0.2963874 -0.7602289 -0.5781061 -0.2963935 -0.7602357 -0.578094 -0.2963966 -0.7602389 -0.5780882 -0.4016129 -0.4954016 -0.7702496 -0.6723529 -0.7377891 -0.06007307 -0.6722702 -0.7378817 -0.05986213 -0.6722869 -0.7378794 -0.05970245 -0.1430361 -0.3954189 -0.9072953 2.54791e-4 0.7736947 -0.6335586 -2.40332e-4 0.6919862 -0.7219107 -0.09214764 -0.8964164 -0.4335278 -0.01857101 -0.8192169 -0.5731832 -0.07758027 -0.5511887 -0.8307662 -0.02584123 -0.4464086 -0.8944562 0.6999792 -3.24142e-4 -0.7141632 0.7068976 0.002419114 -0.7073118 0.2440345 0.02603226 -0.9694172 0.2442212 0.02626895 -0.9693637 0.2442502 0.02644222 -0.9693518 -0.4152223 -0.8439821 -0.3395361 -0.4152534 -0.8439415 -0.3395992 -0.4152138 -0.8439915 -0.339523 -0.6438117 -0.4968473 -0.581936 -0.6276524 -0.4474807 -0.637035 -0.6276913 -0.4473545 -0.6370853 -0.6276351 -0.4475691 -0.63699 0.7635457 0.2299688 -0.6034172 0.7634927 0.2299779 -0.6034809 0.7635598 0.2299699 -0.603399 0.5792208 0.2458572 -0.7772114 0.5791853 0.2459143 -0.7772199 0.5792205 0.2458577 -0.7772116 0.5025618 0.3562428 -0.7877328 0.5026026 0.3562152 -0.7877191 0.5025644 0.3562409 -0.787732 0.557895 0.4471479 -0.6991509 0.5578813 0.4472514 -0.6990956 0.5578921 0.4470934 -0.699188 0.5273731 0.5990313 -0.6025273 0.415495 0.6092399 -0.675419 0.132035 0.3032097 -0.9437323 0.1324347 0.303433 -0.9436046 0.1322274 0.303249 -0.9436928 0.3505792 0.8051425 -0.478372 0.144652 0.6508701 -0.7452811 0.2448598 0.792452 -0.5586265 0.03673195 0.6433367 -0.7647018 0.03668141 0.6433196 -0.7647187 0.03650623 0.6431974 -0.7648296 -0.09270846 -0.9366287 0.3378341 -0.001430571 -0.8585433 0.5127393 -0.08938294 -0.5676851 0.8183791 -0.0369001 -0.5001552 0.8651493 -0.4828847 -0.875684 -5.62882e-5 -0.459269 -0.8882973 -1.54707e-4 -0.8544853 -0.5194756 7.79624e-5 -0.85448 -0.5194843 2.17566e-4 -0.8544848 -0.5194765 1.22187e-4 -0.880414 -0.4742061 -1.22707e-4 -0.8630718 0.01290214 -0.5049165 -0.6838557 -0.01949077 -0.7293569 -0.4939499 0.00909537 -0.8694428 -0.4939514 0.009145379 -0.8694415 -0.4939499 0.009093701 -0.8694428 -0.03076457 0.913329 -0.406059 0.002912163 0.5867767 -0.8097437 -0.4177709 -0.3510122 0.8380083 -0.4178379 -0.351083 0.8379452 -0.4178043 -0.3510526 0.8379747 -0.4355262 -0.4018089 0.8055226 -0.8055813 -0.3665208 0.4655119 -0.7959259 -0.4801023 0.3687871 -0.7959328 -0.480111 0.3687609 -0.7959274 -0.4801044 0.368781 -0.1921983 -0.3676236 0.9098972 -0.5148876 -0.657844 0.5496655 -0.4202837 -0.7991411 0.4298084 -0.3806227 -0.8507354 0.3624578 -0.4533953 -0.7564703 0.4713656 -0.7768851 -0.5319477 0.3368698 -0.7768725 -0.5319384 0.3369134 -0.7768642 -0.5319283 0.3369484 -0.2480163 -0.5638583 0.7877511 -0.4482125 0.5362243 -0.7152407 -0.77582 0.466787 -0.4245153 -0.5481699 0.602151 -0.5804515 -0.5481783 0.6021295 -0.5804659 -0.5481818 0.6021217 -0.5804707 -0.3655224 0.8712658 -0.3275505 -0.3655251 0.8713278 -0.3273826 -0.3655502 0.8711943 -0.3277099 -0.9393165 -0.01074182 0.3428835 -0.9393348 -0.0105654 0.342839 -0.9395163 -0.01022756 0.3423514 -0.9042401 -0.01712274 0.4266812 -0.9040353 -0.01659214 0.4271358 -0.9040338 -0.01662456 0.4271377 -0.6048916 -0.0118134 0.7962202 -0.6148881 -0.01078766 0.7885406 -0.8711871 0.01124143 0.4908226 -0.8711858 0.01128643 0.4908236 -0.8711873 0.01123613 0.4908221 -0.7837049 -0.01169401 0.6210233 -0.5814984 -0.01189416 0.8134607 -0.5447863 -0.0167706 0.8384072 -0.4114918 0.9114134 -1.25653e-4 -0.3830856 0.9237129 -8.24383e-5 -0.3830832 0.9237139 -4.72047e-5 -0.383083 0.923714 -2.83026e-5 -0.7896594 0.6135456 2.29601e-4 -0.8569817 0.515347 -2.02681e-4 -0.8569817 0.515347 -1.98124e-4 -0.8569817 0.515347 -1.98787e-4 -0.6567379 -0.6477419 0.3861681 -0.5083207 -0.2647247 0.8194699 -0.5323556 -0.6184151 0.5780661 -0.7413668 0.5318024 0.4093429 -0.7413429 0.5318155 0.4093694 -0.7413595 0.5318061 0.4093513 -0.3573187 0.4895347 0.7954114 -0.4798041 0.6520086 0.5870884 -0.2951887 0.8413187 0.4528206 1.22372e-4 -0.9840303 0.1780015 -4.42548e-4 -0.7287063 0.6848263 1.69165e-4 -0.558279 0.8296533 -2.24796e-4 -0.2034669 0.9790819 -0.004905343 0.8891569 0.4575763 0.02420634 0.8522112 0.5226377 0.002328693 0.4123579 0.911019 0.3306666 -0.8426335 0.4250043 0.6798819 -0.695165 0.2334658 0.6799585 -0.6950924 0.2334588 0.6798536 -0.6951947 0.2334597 0.1812907 -0.6010171 0.7784036 0.7151492 -0.4519031 0.5332404 0.715141 -0.4518775 0.5332731 0.7151162 -0.4518294 0.5333471 0.5409627 -0.3785616 0.751033 0.7210121 0.1217959 0.6821345 0.7431526 0.3726733 0.5557328 0.7431566 0.3726661 0.5557323 0.7431569 0.3726655 0.5557322 0.6078451 0.2577453 0.7510604 0.3844407 0.2042796 0.900264 0.3844052 0.2043775 0.9002569 0.3844228 0.2043362 0.9002588 0.3634149 0.3367306 0.8686439 0.5832221 0.6168653 0.5285161 0.5561345 0.6029664 0.5719669 0.3539236 0.6916447 0.6295758 0.1110513 0.1757087 0.9781585 0.2284778 0.6093679 0.7592553 0.1872032 0.8346379 0.5180103 0.2243313 0.6005257 0.7674924 0.2241549 0.6005591 0.7675177 0.2246117 0.6006025 0.7673502 0.01157939 0.4354083 0.9001587 0.9280548 -0.01878583 0.3719697 0.7158646 0.005445957 0.6982179 0.7155511 0.005163848 0.6985414 0.7155237 0.005015075 0.6985705 0.4535676 -0.01828432 0.8910344 0.7925642 -0.02363824 0.6093302 0.6779941 0.02802741 0.7345328 0.5318308 -0.5118823 0.6746351 0.4956418 -0.4949172 0.71372 0.5319904 -0.6995239 0.4771295 0.5319105 -0.6995804 0.4771357 0.5320842 -0.6994436 0.4771427 0.5976732 -0.7082007 0.3758174 0.597725 -0.7081972 0.3757415 0.5977265 -0.7081973 0.3757388 0.5062336 -0.412805 0.7571789 0.5062957 -0.4126131 0.7572418 0.5062711 -0.412665 0.7572301 0.8376506 -0.2503618 0.4854488 0.8376553 -0.2503108 0.4854671 0.8376492 -0.250393 0.4854353 6.52778e-5 0.8007694 0.5989728 -7.65794e-5 0.7808337 0.624739 0.01577061 -0.9645914 0.2632769 0.02869677 -0.6596436 0.7510306 0.06133687 -0.5888179 0.8059351 -0.8164813 -0.02222663 0.576944 -0.6207476 0.04451787 0.7827456 0.6160207 -0.0119099 0.78764 0.4043549 0.02970319 0.9141197 -0.168042 0.6747621 0.7186501 -0.1092177 0.6143077 0.7814714 -0.3348492 0.6873958 0.6444867 -0.3573729 0.6433461 0.6770453 -0.2451364 0.3080239 0.9192548 -0.5844892 0.6784161 0.4451113 -0.58399 0.6786369 0.4454298 -0.584346 0.6785145 0.4451493 -0.5984686 0.5352378 0.5961174 -0.4199373 0.3686714 0.8292974 -0.7461534 0.506832 0.4317134 -0.4093926 0.1865146 0.8930902 -0.4093361 0.186598 0.8930987 -0.4092741 0.186792 0.8930866 -0.7117931 0.347145 0.610607 -0.712032 0.3469727 0.6104266 -0.7119305 0.3470739 0.6104872 -0.4187264 0.1955263 0.8868132 -0.865031 0.2849766 0.4129283 -0.6240665 0.07538747 0.777726 -0.04672384 0.6836897 0.7282757 0.2623645 0.7629964 -0.5907635 0.2198632 0.4527181 -0.8641217 0.5046259 0.1277384 -0.8538358 0.473322 0.5839525 -0.6595193 0.4734704 0.5839772 -0.6593909 0.4733591 0.5839523 -0.6594929 0.4169561 0.6530597 -0.6321873 0.7034239 0.2935246 -0.6473316 0.4938842 0.8196944 -0.2901372 0.717119 0.5959553 -0.3613553 0.7171301 0.5959072 -0.3614124 0.717126 0.5959209 -0.3613981 0.6119395 0.7238745 -0.3186468 0.8405325 0.4732321 -0.2637358 0.8403931 0.4733748 -0.2639238 0.8404734 0.4732823 -0.263834 0.404752 0.9035074 -0.1408907 0.4048042 0.9034745 -0.1409525 0.404804 0.9034746 -0.1409522 0.8108525 0.5446203 -0.2142592 0.8108375 0.5446316 -0.2142873 0.8108217 0.5446427 -0.2143191 0.8844411 0.466652 -1.61924e-4 0.8844679 0.4666011 2.69572e-5 0.8844714 0.4665946 1.28695e-4 0.8638753 0.5037057 -5.71921e-5 0.8640076 0.5034783 -7.67677e-4 0.8638905 0.5036796 -3.0934e-4 0.5011214 0.865377 1.59352e-4 0.4967063 0.8679187 1.79074e-4 2.5551e-4 0.6935735 -0.7203859 -5.70029e-5 0.6445072 -0.7645983 3.40313e-4 0.927192 -0.3745864 0.772857 0.6126204 0.1654942 0.7729216 0.6124457 0.1658387 0.7729254 0.6124593 0.1657714 0.285665 0.9520846 0.1092268 0.2857124 0.9520744 0.1091912 0.2857527 0.9520649 0.10917 0.844942 0.4204493 0.3305989 0.8449152 0.4204043 0.3307245 0.8449306 0.4201527 0.3310048 0.6465944 0.5942611 0.4782986 0.618537 0.6672641 0.4149344 0.4300063 0.8398227 0.3313494 0.4299902 0.8399499 0.331048 0.4300362 0.8398537 0.3312323 0.6103006 0.2674295 0.745664 0.6102223 0.2674416 0.7457237 0.6104419 0.2673577 0.7455741 0.3244612 0.8080733 0.4916733 0.340299 0.7062335 0.6208308 0.291018 0.5025746 0.8140808 0.2907065 0.502339 0.8143374 0.2907791 0.502359 0.8142991 0.2485145 0.3233221 0.9130735 0.1138924 0.867594 0.4840551 -0.8361188 0.4863377 -0.2537345 -0.8361427 0.4863017 -0.253725 -0.8360885 0.4863877 -0.2537385 -0.3930562 0.9095242 -0.1351771 -0.3929814 0.9095313 -0.1353459 -0.3930464 0.9095219 -0.13522 -0.7288227 0.6223797 -0.2854139 -0.6725661 0.6161374 -0.4099143 -0.7117437 0.5604395 -0.4234721 -0.5993767 0.6620678 -0.4499043 -0.4418523 0.6576381 -0.6101464 -0.4412019 0.6348116 -0.6343148 -0.2724785 0.8858744 -0.3754757 -0.2162258 -0.6841456 -0.6965568 -0.2373574 0.7810749 -0.577567 -0.1660729 0.6205171 -0.7664062 -0.06722289 0.9760547 -0.2068777 -8.46735e-4 0.6437946 0.7651979 -6.9901e-4 0.6438127 0.7651829 -4.59909e-4 0.6439455 0.7650712 2.62688e-4 0.4207863 0.9071598 3.92804e-4 0.4207584 0.9071727 1.95819e-4 0.4207898 0.9071581 1.09091e-5 0.6852704 0.7282888 4.91523e-4 0.8653038 0.5012475 -0.8344461 0.5510897 2.83061e-4 -0.8344452 0.5510908 3.24387e-4 -0.8344388 0.5511007 4.06145e-4 -0.753678 0.6572439 -2.2346e-4 -0.5485861 0.836094 8.69408e-5 -0.6661459 0.7458213 4.56772e-4 -0.1168351 0.509855 0.8522896 -0.1165936 0.5097503 0.8523854 -0.1167342 0.5097942 0.8523397 -0.2929453 0.7553865 0.5861521 -0.1007138 0.9508861 0.2926986 -0.3061304 0.6006182 0.7386082 -0.5577817 0.3386679 0.757749 -0.3822213 0.6873657 0.6176045 -0.3018256 0.8338059 0.4622434 -0.5915066 0.5707128 0.5695673 -0.3215404 0.8776093 0.3555471 -0.7167906 0.4241572 0.5534455 -0.3571879 0.8873769 0.2915115 -0.5420321 0.7785825 0.3162446 -0.7464565 0.6010099 0.2856394 -0.7464852 0.6010439 0.2854927 -0.7464706 0.6010149 0.285592 -0.8093909 0.5137924 0.2844363 -0.3623397 0.9286804 0.07913655 0.7148274 0.6696138 0.2015916 0.7148088 0.6696663 0.2014834 0.7148095 0.6696606 0.2014995 0.6893022 0.6870355 0.2298801 0.7342768 0.5029435 0.4559448 0.7341973 0.5029927 0.4560182 0.7341427 0.5030362 0.4560583 0.6076573 0.588598 0.5332026 0.6078519 0.5883234 0.5332838 0.6076852 0.5885706 0.5332011 0.3271956 0.9207284 0.2126088 0.6197515 0.3400309 0.7073098 0.6196724 0.3399655 0.7074105 0.6198014 0.3401234 0.7072216 0.4231842 0.8072603 0.4113953 0.2361633 0.849018 0.4726473 0.2952559 0.6166629 0.7297608 0.2406169 0.71711 0.6541077 0.3707418 0.9287358 -7.17386e-4 0.6719737 0.7405744 9.82091e-4 0.8765853 0.4812464 -4.99282e-4 -8.22048e-4 0.9741898 0.2257294 -6.63348e-4 0.9742129 0.2256301 -5.67438e-4 0.974216 0.2256168 2.7101e-4 0.7245722 0.6891989 -3.1255e-4 0.6249703 0.7806486 0.2360273 0.533834 -0.8119806 0.203348 0.5883982 -0.7825837 0.4431385 0.4691199 -0.7639077 0.4429805 0.4692102 -0.7639438 0.4430422 0.4691826 -0.763925 0.2022618 0.8810877 -0.4275218 0.202145 0.8811151 -0.4275206 0.2019845 0.8811924 -0.427437 0.4599108 0.6182147 -0.6374109 0.1789684 0.9068381 -0.3815954 0.5807844 0.6026301 -0.5472902 0.1162236 0.9848859 -0.1284205 0.5861462 0.6676942 -0.4589304 0.7945972 0.4386513 -0.4197624 0.4203882 0.868016 -0.2642384 0.8685802 0.4308336 -0.2448489 0.8685519 0.4309262 -0.2447859 0.8685607 0.4309003 -0.2448005 0.8396415 0.5060381 -0.197301 0.5088694 0.8483945 -0.1458727 -0.2709813 0.5458081 0.7928826 -0.3227189 0.6756602 0.6628241 -0.2645741 0.822764 0.5030507 -0.6383512 0.3720703 0.6738483 -0.6381229 0.3722298 0.6739766 -0.6382015 0.3721949 0.6739213 -0.6432914 0.5628913 0.5189698 -0.2955423 0.9188301 0.2615457 -0.4577638 0.8276862 0.3246352 -0.8657988 0.3482898 0.3592866 -0.801691 0.5422393 0.2515317 -0.6522936 0.7280414 0.2108765 -9.57847e-5 0.9558684 -0.2937953 -5.41804e-4 0.9128412 -0.4083147 2.50847e-4 0.6467489 -0.762703 -3.00549e-4 0.5091645 -0.8606693 -0.3966487 0.9179705 1.21918e-4 -0.4653637 0.8851195 5.40135e-4 -0.8650763 0.5016403 -4.29681e-4 -0.8650527 0.5016809 -5.72611e-4 -0.8650794 0.501635 -3.54087e-4 -0.9195749 0.3929148 1.45477e-4 -0.7512514 0.5997795 -0.275474 -0.7767853 0.5398699 -0.3242608 -0.4149366 0.9022082 -0.1176792 -0.6442674 0.5304702 -0.5509274 -0.6414583 0.5420403 -0.5428845 -0.5420519 0.3428829 -0.76721 -0.154821 0.9810689 -0.116338 -0.315814 0.8756128 -0.3654637 -0.3450687 0.5317265 -0.7734305 -0.2839466 0.3826124 -0.8791941 -0.2677901 0.7706264 -0.5782936</float_array>
          <technique_common>
            <accessor source="#Part__Feature012-mesh-normals-array" count="650" stride="3">
              <param name="X" type="float"/>
              <param name="Y" type="float"/>
              <param name="Z" type="float"/>
            </accessor>
          </technique_common>
        </source>
        <vertices id="Part__Feature012-mesh-vertices">
          <input semantic="POSITION" source="#Part__Feature012-mesh-positions"/>
        </vertices>
        <triangles material="Part__Feature012-material" count="462">
          <input semantic="VERTEX" source="#Part__Feature012-mesh-vertices" offset="0"/>
          <input semantic="NORMAL" source="#Part__Feature012-mesh-normals" offset="1"/>
          <p>148 0 110 0 138 0 138 1 110 1 127 1 131 2 104 2 112 2 131 3 0 3 104 3 95 4 120 4 1 4 95 5 1 5 2 5 95 6 3 6 120 6 120 7 3 8 117 9 3 10 4 10 117 10 117 11 4 11 116 11 116 12 78 12 128 12 116 13 4 13 78 13 80 14 135 14 128 14 78 15 80 15 128 15 6 16 135 16 80 16 72 17 6 17 80 17 73 18 74 19 5 20 73 21 5 22 6 23 72 24 73 25 6 26 67 27 156 27 5 27 67 28 5 28 74 28 67 29 64 30 156 31 156 32 64 32 155 32 155 33 64 33 153 33 64 34 62 34 153 34 7 35 8 35 153 35 7 36 153 36 62 36 9 37 10 37 8 37 9 38 8 38 7 38 10 39 9 39 160 39 160 40 9 40 11 40 88 41 171 41 168 41 88 42 90 42 171 42 88 43 168 43 165 43 87 44 88 44 165 44 86 45 87 45 165 45 86 46 165 46 163 46 83 47 86 47 163 47 83 48 163 48 161 48 11 49 161 49 160 49 11 50 83 50 161 50 171 51 90 51 12 51 12 52 90 52 13 52 14 53 172 53 174 53 174 54 176 54 14 54 176 55 179 55 14 55 179 56 15 56 14 56 181 57 15 57 179 57 181 58 183 58 15 58 14 59 12 59 172 59 172 60 12 60 191 60 191 61 12 61 188 61 12 62 186 62 188 62 198 63 13 63 194 63 200 64 13 64 198 64 194 65 13 65 183 65 183 66 13 66 15 66 12 67 13 67 186 67 186 68 13 68 200 68 16 69 20 69 15 69 15 70 20 70 14 70 109 71 148 71 17 71 109 72 110 72 148 72 109 73 17 73 18 73 108 74 109 74 18 74 108 75 18 75 144 75 106 76 108 76 144 76 105 77 106 77 144 77 105 78 144 78 19 78 16 79 105 79 19 79 16 80 19 80 20 80 151 81 21 81 130 81 143 82 21 82 151 82 150 83 133 83 125 83 146 84 21 84 143 84 150 85 125 85 119 85 146 86 150 86 119 86 146 87 119 87 21 87 157 88 130 88 140 88 157 89 151 89 130 89 22 90 157 90 140 90 22 91 170 91 157 91 23 92 170 92 22 92 23 93 166 93 170 93 162 94 166 94 23 94 159 95 162 95 23 95 159 96 23 96 158 96 91 97 98 97 76 97 100 98 114 98 97 98 91 99 102 99 98 99 114 100 24 100 97 100 24 101 25 101 97 101 97 102 25 102 91 102 91 103 25 103 102 103 98 104 92 104 76 104 76 105 92 105 26 105 92 106 68 106 26 106 27 107 68 107 92 107 85 108 68 108 27 108 68 109 82 110 63 111 85 112 82 112 68 112 82 113 75 113 63 113 63 114 75 114 69 114 28 115 38 115 226 115 226 116 38 116 39 116 29 117 45 117 30 117 30 118 45 118 232 118 31 119 53 119 32 119 32 120 53 120 217 120 33 121 60 121 209 121 209 122 60 122 206 122 202 123 207 123 205 123 216 124 207 124 202 124 212 125 207 125 216 125 230 126 220 126 212 126 212 127 220 127 207 127 34 128 223 128 230 128 230 129 223 129 220 129 209 130 219 130 33 130 33 131 219 131 35 131 219 132 36 132 35 132 35 133 36 133 37 133 37 134 36 134 38 134 36 135 39 135 38 135 226 136 40 136 28 136 28 137 40 137 41 137 41 138 40 138 42 138 40 139 43 139 42 139 42 140 43 140 189 140 43 141 229 141 189 141 189 142 229 142 44 142 229 143 232 143 44 143 44 144 232 144 45 144 29 145 46 145 47 145 30 146 46 146 29 146 47 147 48 147 49 147 46 148 48 148 47 148 49 149 48 149 50 149 48 150 51 150 50 150 50 151 51 151 52 151 51 152 214 152 52 152 52 153 217 153 53 153 214 154 217 154 52 154 31 155 54 155 55 155 32 156 54 156 31 156 55 157 54 157 56 157 54 158 57 158 56 158 56 159 58 159 59 159 57 160 58 160 56 160 59 161 206 161 60 161 58 162 206 162 59 162 65 163 61 164 62 165 64 166 65 167 62 168 68 169 61 169 65 169 66 170 65 170 64 170 63 171 61 172 68 173 68 174 65 174 66 174 66 175 64 175 67 175 66 176 67 177 74 178 66 179 74 180 71 181 68 182 71 182 26 182 68 183 66 183 71 183 7 184 62 184 61 184 69 185 61 185 63 185 69 186 7 186 61 186 71 187 70 188 26 189 71 190 72 190 70 190 73 191 72 192 71 193 74 194 73 195 71 196 75 197 9 197 7 197 75 198 7 198 69 198 70 199 72 199 80 199 70 200 80 200 79 200 70 201 79 202 76 203 26 204 70 204 76 204 81 205 11 205 9 205 81 206 9 206 75 206 79 207 77 207 76 207 80 208 77 209 79 210 80 211 78 211 77 211 82 212 81 212 75 212 83 213 11 213 81 213 84 214 81 215 82 216 85 217 84 217 82 217 86 218 83 219 81 220 86 221 81 221 84 221 87 222 86 223 84 224 87 225 84 225 85 225 88 226 87 226 85 226 89 227 85 228 27 229 88 230 85 231 89 232 89 233 90 234 88 235 77 236 78 237 4 238 77 239 4 240 91 241 76 242 77 242 91 242 13 243 90 243 89 243 92 244 13 244 89 244 92 245 89 245 27 245 94 246 91 247 4 248 93 249 4 250 3 251 93 252 94 252 4 252 96 253 93 254 3 255 96 256 3 257 95 258 97 259 94 259 93 259 97 260 91 261 94 262 96 263 97 263 93 263 15 264 13 264 92 264 98 265 15 265 92 265 95 266 2 266 99 266 96 267 95 267 99 267 96 268 99 268 100 268 97 269 96 269 100 269 101 270 15 270 98 270 101 271 16 271 15 271 102 272 101 273 98 274 103 275 99 276 2 277 104 278 99 278 103 278 100 279 99 280 104 281 105 282 16 283 101 284 105 285 101 286 102 287 25 288 105 289 102 290 106 291 105 292 25 293 108 294 106 294 25 294 108 295 25 295 107 295 24 296 107 297 25 298 109 299 108 299 107 299 110 300 107 300 24 300 110 301 109 301 107 301 111 302 110 303 24 304 123 305 1 305 120 305 123 306 120 306 121 306 125 307 123 307 121 307 125 308 121 308 119 308 103 309 2 309 1 309 103 310 1 310 122 310 103 311 122 312 112 313 104 314 103 314 112 314 104 315 0 315 113 315 100 316 104 316 113 316 100 317 113 318 114 319 111 320 127 320 110 320 114 321 111 321 24 321 115 322 21 323 118 324 119 325 118 325 21 325 117 326 116 326 115 326 118 327 117 328 115 329 118 330 119 330 121 330 120 331 117 331 118 331 120 332 118 332 121 332 123 333 122 333 1 333 124 334 122 334 123 334 112 335 122 336 124 337 125 338 124 338 123 338 111 339 114 339 113 339 126 340 113 340 0 340 126 341 111 342 113 343 127 344 111 345 126 346 115 347 116 348 128 349 115 350 128 351 129 352 21 353 115 353 129 353 21 354 129 354 130 354 132 355 131 356 112 357 132 358 112 358 124 358 133 359 132 359 124 359 133 360 124 360 125 360 136 361 127 361 126 361 136 362 138 363 127 364 131 365 136 365 126 365 131 366 126 367 0 368 135 369 129 369 128 369 134 370 130 370 129 370 135 371 134 371 129 371 132 372 136 373 131 374 137 375 132 375 133 375 137 376 136 376 132 376 138 377 136 377 137 377 135 378 6 378 139 378 134 379 135 379 139 379 134 380 139 380 140 380 130 381 134 381 140 381 148 382 138 382 137 382 149 383 148 383 137 383 150 384 137 384 133 384 141 385 139 385 6 385 141 386 6 387 5 388 140 389 139 389 141 389 142 390 141 391 5 392 140 393 141 393 142 393 19 394 143 394 20 394 145 395 19 396 144 397 145 398 143 398 19 398 146 399 143 400 145 401 147 402 146 402 145 402 18 403 145 403 144 403 147 404 145 404 18 404 147 405 18 405 17 405 150 406 146 406 147 406 149 407 147 407 17 407 149 408 17 408 148 408 150 409 147 410 149 411 149 412 137 412 150 412 142 413 5 413 156 413 142 414 156 415 22 416 140 417 142 417 22 417 151 418 14 418 20 418 151 419 20 419 143 419 154 420 23 420 22 420 154 421 152 421 23 421 155 422 152 423 154 424 155 425 153 426 152 427 156 428 154 429 22 430 156 431 155 432 154 433 157 434 12 434 14 434 157 435 14 435 151 435 152 436 153 436 8 436 23 437 152 437 8 437 23 438 8 438 158 438 171 439 12 439 157 439 170 440 171 440 157 440 158 441 8 441 10 441 158 442 10 442 159 442 162 443 160 443 161 443 162 444 159 444 160 444 162 445 161 445 163 445 164 446 162 446 163 446 166 447 162 447 164 447 165 448 164 449 163 450 167 451 164 451 165 451 167 452 166 452 164 452 167 453 165 453 168 453 169 454 166 455 167 456 169 457 167 458 168 459 170 460 166 460 169 460 169 461 168 461 171 461 170 462 169 462 171 462 10 463 160 463 159 463 173 464 172 464 29 464 173 465 29 465 47 465 174 466 172 466 173 466 49 467 173 468 47 469 174 470 173 470 49 470 175 471 49 471 50 471 175 472 174 472 49 472 52 473 175 474 50 475 176 476 174 476 175 476 177 477 175 478 52 479 177 480 176 481 175 482 177 483 52 484 53 485 177 486 53 487 31 488 177 489 31 490 178 491 177 492 178 492 179 492 176 493 177 493 179 493 45 494 29 494 172 494 192 495 45 495 172 495 191 496 192 496 172 496 178 497 31 498 55 499 180 500 179 501 178 502 180 503 178 504 55 505 180 506 55 506 56 506 56 507 181 507 180 507 181 508 179 509 180 510 182 511 56 512 59 513 181 514 56 514 182 514 183 515 181 515 182 515 182 516 59 517 60 518 184 519 182 519 60 519 183 520 182 520 184 520 187 521 185 522 28 523 187 524 186 525 185 526 187 527 28 527 41 527 188 528 186 528 187 528 188 529 187 529 41 529 188 530 41 530 42 530 189 531 188 531 42 531 190 532 188 532 189 532 191 533 188 533 190 533 45 534 189 534 44 534 190 535 189 535 45 535 192 536 190 536 45 536 191 537 190 537 192 537 60 538 33 539 193 540 184 541 60 542 193 543 183 544 184 544 193 544 183 545 193 545 194 545 38 546 28 547 185 548 201 549 38 549 185 549 201 550 185 550 186 550 200 551 201 551 186 551 195 552 193 553 33 554 196 555 195 555 33 555 195 556 194 556 193 556 196 557 33 557 35 557 197 558 196 558 35 558 198 559 195 559 196 559 198 560 194 560 195 560 37 561 197 561 35 561 197 562 198 562 196 562 199 563 197 563 37 563 198 564 197 564 199 564 200 565 198 565 199 565 38 566 199 567 37 568 201 569 199 569 38 569 200 570 199 570 201 570 202 571 54 572 32 573 202 574 203 574 54 574 54 575 203 576 57 577 57 578 203 579 204 580 202 581 205 581 203 581 204 582 58 583 57 584 203 585 205 585 204 585 205 586 207 586 204 586 204 587 206 587 58 587 204 588 207 588 206 588 216 589 202 589 218 589 202 590 32 590 218 590 218 591 32 591 217 591 220 592 208 593 207 594 207 595 208 595 206 595 208 596 209 596 206 596 30 597 211 597 46 597 210 598 211 598 30 598 211 599 48 600 46 601 210 602 213 603 211 604 211 605 213 605 48 605 212 606 213 606 210 606 48 607 213 607 51 607 212 608 216 608 213 608 213 609 215 609 51 609 51 610 215 610 214 610 213 611 216 611 215 611 214 612 215 613 217 614 215 615 218 615 217 615 215 616 216 616 218 616 209 617 208 617 219 617 208 618 221 618 219 618 208 619 220 619 221 619 221 620 36 621 219 622 221 623 222 623 36 623 220 624 223 624 221 624 221 625 223 625 222 625 222 626 39 626 36 626 222 627 224 627 39 627 222 628 223 628 224 628 212 629 210 629 230 629 230 630 210 630 231 630 210 631 30 631 231 631 231 632 30 632 232 632 34 633 225 633 223 633 223 634 225 634 224 634 225 635 226 636 224 637 224 638 226 638 39 638 225 639 227 639 226 639 227 640 40 640 226 640 34 641 227 641 225 641 40 642 228 642 43 642 227 643 228 643 40 643 228 644 229 644 43 644 34 645 230 645 227 645 227 646 230 646 228 646 228 647 231 647 229 647 231 648 232 648 229 648 228 649 230 649 231 649</p>
        </triangles>
      </mesh>
    </geometry>
    <geometry id="Part__Feature011-mesh" name="Part__Feature011">
      <mesh>
        <source id="Part__Feature011-mesh-positions">
          <float_array id="Part__Feature011-mesh-positions-array" count="699">-0.269931 0.01850306 -0.31348 -0.2684523 0.01005113 -0.0266093 -0.2683222 0.01005178 -0.3135076 -0.2668386 0.009982526 -0.3135002 -0.2656384 0.009261965 -0.3134332 -0.2650105 0.008131444 -0.313492 -0.2630137 -0.004928529 -0.02651935 -0.2640763 -0.004433333 -0.02649515 -0.2648836 -0.003282546 -0.02651095 0.1383122 -0.004896938 -0.02663272 0.139945 0.007784008 -0.3136278 0.1418473 0.009970009 -0.3134018 0.1449359 0.01006114 -0.3136132 0.1448535 0.01015079 -0.02606469 0.1449409 0.01994353 -0.3135974 0.1447616 0.0197637 -0.02584737 0.1406731 0.01986604 -0.3135895 0.1315107 0.01349377 -0.02636867 0.1300305 0.004985988 -0.02651941 0.1300394 0.004980921 -0.3135372 -0.255037 0.004980862 -0.0264706 -0.2550736 0.004958152 -0.3137199 -0.255196 0.009349226 -0.3138272 -0.264208 0.01957947 -0.02662128 -0.2615889 0.01848834 -0.0264796 -0.2593255 0.01680648 -0.02603876 -0.2569333 0.01399528 -0.02607738 -0.2550752 0.009083926 -0.02669465 -0.2637855 0.009436428 -0.02503508 -0.2662323 0.01149106 -0.02502322 0.1389046 0.008635818 -0.02509409 -0.2630864 -0.003509342 -0.3149529 -0.26275 0.01737308 -0.3149989 0.1382264 -0.002961158 -0.314988 0.1385134 0.01786184 -0.3149607 0.1125284 0.003817379 -0.05336338 -0.2291292 0.003912091 -0.04493522 -0.2286782 -0.001556515 -0.04519617 -0.2375667 0.003769159 -0.2859683 -0.2373526 -0.001308619 -0.2863657 0.1040269 0.003587663 -0.2949851 0.1043535 -0.001044332 -0.294864 0.106756 0.003760874 -0.2941737 0.1076681 -0.001375973 -0.2935151 0.108658 0.003623127 -0.2929927 0.1101182 0.003465473 -0.2915838 0.1105731 -8.50928e-4 -0.2909552 0.1111346 0.003950655 -0.290446 0.1123159 -0.001070499 -0.2871742 0.1124702 0.003681659 -0.286858 0.1115038 0.003897786 -0.05025613 0.1093233 0.003814399 -0.04744988 0.1091397 -0.001270711 -0.04756706 0.1062764 0.003438293 -0.04567688 0.1041637 -0.00144279 -0.04520797 0.1038064 0.003767728 -0.04495388 -0.2306443 -9.66346e-4 -0.04550009 -0.2306714 0.003344118 -0.04546004 -0.2339154 -0.001354515 -0.04735726 -0.2325598 0.00387752 -0.04615527 -0.2355579 0.003585577 -0.04886531 -0.2373452 -0.001236259 -0.05328297 -0.2375469 0.003692328 -0.05403596 -0.2367365 -9.3322e-4 -0.2888875 -0.2368861 0.003415167 -0.2886258 -0.2355621 0.003604948 -0.2910513 -0.2351025 -0.001363873 -0.2914299 -0.2338019 0.003524363 -0.2928716 -0.2319211 -0.001172065 -0.2939727 -0.2322806 0.003653705 -0.2939076 -0.2288147 -0.001018524 -0.2949125 0.1417568 0.01045668 -0.3144261 0.140455 0.009064912 -0.3132948 0.1412304 0.01148641 -0.314979 0.1404817 0.009812116 -0.314407 0.1394553 0.008203029 -0.3144633 0.1388418 0.009322643 -0.3149391 0.143858 0.01114088 -0.3148956 0.1378846 -0.004053115 -0.3147428 0.1382818 -0.004856407 -0.3136251 0.1389783 -0.0035398 -0.3146311 0.1398603 -0.003103971 -0.3137623 0.1395543 -0.003963232 -0.3134006 0.1438832 0.01884412 -0.3148905 0.1410433 0.01920497 -0.3145907 -0.2643477 -0.003162384 -0.3144878 -0.2649359 -0.003068685 -0.3133797 -0.2633649 -0.004452347 -0.3142581 -0.2641642 -0.00441122 -0.3134751 -0.2628849 -0.004938244 -0.313537 0.1373515 0.01886975 -0.3135645 0.1373966 0.01816946 -0.3146224 0.1341301 0.01493704 -0.3149382 0.134836 0.01729285 -0.313743 0.1331122 0.01559245 -0.313896 0.132036 0.01322156 -0.3144721 0.1315455 0.01009374 -0.3149404 0.1308838 0.01217114 -0.3136491 0.1301589 0.008503854 -0.3139027 -0.2644705 0.008005023 -0.3144153 -0.2636361 0.008616805 -0.3149537 0.1313087 0.003687679 -0.3150134 -0.2650412 0.009354054 -0.3143936 -0.264849 0.01077079 -0.3149723 -0.2666044 0.01035696 -0.3143059 -0.2659801 0.01082491 -0.314777 -0.2563084 0.003695726 -0.3149296 -0.2685469 0.01071339 -0.314525 -0.2686287 0.01178497 -0.3149617 -0.2560698 0.009963154 -0.3146986 -0.2574478 0.0123164 -0.3149811 -0.269295 0.01048702 -0.3135568 -0.2698037 0.01136523 -0.3138912 -0.2564605 0.01309442 -0.3139977 -0.2597047 0.01632881 -0.3146136 -0.2584009 0.01608431 -0.3135671 -0.2622018 0.01810097 -0.3145481 -0.2618759 0.01868641 -0.3135869 -0.2649592 0.0191887 -0.3144605 -0.268406 0.01870578 -0.3149215 -0.2658832 0.01991105 -0.3134021 -0.2684254 0.01964718 -0.3141586 -0.2693763 0.01056826 -0.02652335 -0.2694033 0.01857233 -0.3143812 -0.2644661 0.008415639 -0.02549511 -0.2650286 0.008231163 -0.02650755 -0.2654454 0.009762704 -0.02560693 -0.2658305 0.009491682 -0.02638608 -0.266642 0.01049703 -0.02553027 -0.266828 0.009989023 -0.02646964 -0.2685769 0.01051449 -0.02569288 -0.269823 0.01139175 -0.02613979 -0.2686073 0.01147735 -0.02509218 -0.2693275 0.01950448 -0.3134818 -0.26834 0.01996898 -0.3132928 -0.2643809 -0.003376126 -0.02562701 -0.269914 0.01864224 -0.02657884 -0.269297 0.0183168 -0.02542793 -0.2630799 -0.004468798 -0.02564436 -0.2633172 -0.003410577 -0.02506154 -0.2692223 0.01948732 -0.02620106 -0.2685444 0.01957112 -0.02581077 -0.2681787 0.0199694 -0.02639448 0.1379114 -0.004471361 -0.02561074 0.1382135 -0.003409743 -0.02505266 0.1392046 -0.004132091 -0.02605003 0.1389996 -0.003017723 -0.02527511 0.1398683 -0.003139138 -0.02626818 -0.2555447 0.00867927 -0.02558273 -0.2566802 0.01049739 -0.0250656 -0.2557666 0.01149064 -0.0261476 -0.2589356 0.01467943 -0.02504032 -0.2625936 0.0174883 -0.02503365 -0.2635406 0.01884108 -0.02557516 -0.2681678 0.01894509 -0.02513498 -0.2561051 0.003902673 -0.02512305 0.1406673 0.01115566 -0.02505481 0.1420408 0.01030617 -0.02583897 0.1402305 0.009939372 -0.02540743 0.1418444 0.009960234 -0.02670884 0.1409516 0.009608149 -0.02625328 0.1401928 0.008756577 -0.02621251 0.1399488 0.007909297 -0.0263192 0.1310336 0.003953814 -0.02513957 0.1435976 0.01139032 -0.02506053 0.1433438 0.01854455 -0.02502977 0.1413414 0.01992958 -0.02649182 0.1405323 0.01911145 -0.02536576 0.1387553 0.0193758 -0.02625375 0.1360221 0.016532 -0.02500915 0.1362119 0.01810848 -0.02594822 0.1339766 0.01655727 -0.02619546 0.1323225 0.01353007 -0.02538198 0.1315484 0.009595692 -0.02504581 0.1302196 0.009347617 -0.02608627 -0.2292501 0.004907846 -0.04381513 -0.2316849 0.004641473 -0.04500752 -0.2346764 0.00492382 -0.04609906 -0.2357804 0.004508793 -0.04823195 -0.238609 0.004966497 -0.05121123 -0.2370797 0.00378859 -0.05167406 -0.2380952 0.004629015 -0.05224668 -0.2385023 0.004914402 -0.2881751 -0.2372594 0.004340827 -0.2890197 -0.2354355 0.004586696 -0.2922845 -0.2352589 0.004972696 -0.2938665 -0.232365 0.004434168 -0.2944276 -0.2292891 0.003682136 -0.2949746 -0.2303868 0.00493437 -0.2961332 -0.2294854 0.004423201 -0.2954419 0.1135752 0.004895806 -0.05269992 0.1116082 0.00494939 -0.0478481 0.1101244 0.004674673 -0.0471 0.1068909 0.004376173 -0.04540443 0.1077044 0.004942536 -0.04476606 0.1041054 0.004879772 -0.04392755 0.1038403 0.004419088 -0.2954788 0.1051647 0.004893898 -0.2959909 0.1089152 0.004647374 -0.2937604 0.1112948 0.00475198 -0.2916752 0.1110345 0.004982531 -0.2934458 0.1131647 0.004630267 -0.2870693 0.1138763 0.004956722 -0.2870934 -0.2366096 -0.00241512 -0.2861822 -0.2353717 -0.002970576 -0.2870066 -0.2359087 -0.002352774 -0.2889065 -0.2339109 -0.002865791 -0.2906532 -0.2329981 -0.00215429 -0.2927109 -0.2304972 -0.002940237 -0.2927898 -0.2289784 -0.002255797 -0.2942742 0.1038331 -0.002950847 -0.2931942 0.1042236 -0.002033352 -0.2943994 -0.229221 -0.002889871 -0.04668921 -0.2320584 -0.001957893 -0.04652583 -0.2328574 -0.002916395 -0.04845106 -0.2360793 -0.001139342 -0.04988551 -0.2355973 -0.002247512 -0.05028259 -0.2367853 -0.002152204 -0.05308347 -0.2355398 -0.002932846 -0.05276483 0.1075607 -0.002605855 -0.2924369 0.1094399 -0.001853287 -0.2917412 0.1112458 -0.001946628 -0.2890305 0.1095363 -0.002942264 -0.2895157 0.1113841 -0.002661168 -0.2861347 0.1105019 -0.002873003 -0.05192983 0.1117489 -0.002291083 -0.05352544 0.1123522 -0.001075387 -0.05314826 0.111112 -0.001425087 -0.05003255 0.1092183 -0.002457141 -0.048747 0.1071037 -0.00295329 -0.04805505 0.1071456 -0.001430094 -0.04623144 0.1044833 -0.002457678 -0.04601192 0.1045211 -0.002968668 -0.04718035</float_array>
          <technique_common>
            <accessor source="#Part__Feature011-mesh-positions-array" count="233" stride="3">
              <param name="X" type="float"/>
              <param name="Y" type="float"/>
              <param name="Z" type="float"/>
            </accessor>
          </technique_common>
        </source>
        <source id="Part__Feature011-mesh-normals">
          <float_array id="Part__Feature011-mesh-normals-array" count="1932">0.02357828 0.999722 -1.45918e-5 -0.999921 -0.0125693 -6.58457e-5 -0.9998412 -0.01782923 6.78484e-5 -0.0381782 -0.999271 2.40854e-5 -0.04661142 -0.9989132 -2.34385e-5 -0.5147286 -0.8573532 3.85346e-5 -0.4462348 -0.8949159 4.17422e-4 -0.8437595 -0.5367215 -1.35193e-4 -0.8742251 -0.4855209 1.13614e-4 -0.9999207 -0.01259058 1.72821e-4 -0.9999779 -0.006662547 -6.06152e-5 -0.3809282 -0.9246047 -1.39721e-4 -0.4224238 -0.9063985 5.9338e-5 -0.8186058 -0.5743557 2.06216e-4 -0.8669803 -0.4983426 -2.1357e-4 7.87202e-5 -1 3.38996e-5 2.03974e-4 -1 -1.41249e-4 0.9417952 -0.3361871 1.82009e-5 0.9418094 -0.3361477 1.80116e-4 0.9417935 -0.3361922 -6.53951e-5 0.8314146 -0.5556522 6.85306e-4 0.6506144 -0.7594083 3.45521e-4 0.5745369 -0.8184787 -1.76356e-4 0.9999736 -0.00728029 -9.7914e-6 0.9999698 -0.007780551 -2.87324e-5 0.9289077 -0.3703114 1.11547e-4 0.9289122 -0.3703004 3.66512e-5 0.9289072 -0.3703128 1.49454e-4 0.9609225 -0.2768171 5.80196e-4 0.7465854 -0.6652896 -3.28593e-5 0.3674146 -0.9300566 0.001124262 0.5450174 -0.8384248 -2.31011e-5 0.06312268 -0.9980058 3.29134e-4 0.02949798 -0.9995649 -3.37315e-5 0.9999541 0.009560942 6.29384e-4 0.9999999 -5.13894e-4 2.86473e-4 0.04831463 0.998832 6.54337e-4 -0.01816117 0.9998351 -1.79055e-4 -0.981016 0.1939268 -3.61572e-4 -0.9547615 0.2973721 7.1461e-4 -0.8379589 0.5457328 -6.83826e-4 -0.7790062 0.6270164 2.37792e-4 -0.7022406 0.7119398 -2.77611e-4 -0.5701644 0.8215305 3.97497e-4 -0.5311594 0.847272 1.38037e-4 -0.4459146 0.8950753 6.02302e-4 -0.2872863 0.9578447 -2.83306e-4 -0.2093659 0.9778374 2.70871e-4 -0.9990612 0.04332196 8.37919e-5 -0.9994257 0.03388851 -3.17318e-5 0.006230413 0.9999744 0.003554999 0.002900123 0.9999958 1.00619e-4 5.45873e-4 0.9999998 -2.19484e-4 0.002763092 0.9999962 -7.93951e-5 -0.006999075 0.999956 0.00625348 0.005136966 0.9999697 -0.005858957 -1.38667e-5 0.9999911 -0.00423187 8.21552e-5 0.9999806 -0.00622642 -0.001857757 0.9999983 -1.1108e-4 -0.01399898 0.9997934 0.01474517 0.007351994 0.9999405 -0.00806576 -0.01067954 0.9998912 -0.01018124 0.002975404 0.9999919 0.002735495 1.18462e-4 0.999987 0.005127191 -5.97866e-5 0.999999 0.001435816 -0.005452513 0.9999852 -1.78569e-5 -0.001077175 0.9999994 2.58323e-4 0.9996122 0.02784627 -3.94566e-4 0.9999567 0.00931245 -1.28033e-4 0.09776222 0.9952096 5.79635e-4 0.2922301 0.956348 -6.01287e-4 0.3845553 0.923102 2.52493e-4 0.5964316 0.8026639 -4.23538e-5 0.599383 0.8004625 -8.29789e-5 0.7615892 0.6480596 8.21358e-4 0.8388128 0.5444198 -3.26024e-4 0.9064847 0.4222387 1.67311e-4 0.9611233 0.2761198 -1.48997e-4 0.9474563 0.3198851 -5.01835e-4 0.01023918 -0.001687169 0.9999462 -0.02907067 0.007437586 0.9995497 0.005520939 -0.008235156 0.999951 -0.01528608 0.01101958 0.9998225 0.004806101 -0.003448486 0.9999825 0.002152979 4.37873e-4 0.9999976 0.003203928 -0.001966238 0.999993 -2.22487e-5 0.01178079 0.9999307 4.14405e-5 0.008369266 0.999965 -0.008099198 0.003905355 0.9999596 0.004342973 -0.01701158 0.9998459 0.005418539 -0.008774578 0.9999468 -0.004533052 -0.012407 0.9999128 0.004158198 -0.004898548 0.9999794 0.002277612 -0.004217088 0.9999886 0.003367364 9.06518e-5 -0.9999943 -7.84689e-4 -0.006081581 -0.9999813 -0.01223045 0.006193399 -0.9999061 -0.003593444 -0.002900063 -0.9999893 -0.001417756 -0.005026042 -0.9999864 0.005165696 -0.005697309 -0.9999704 -2.16249e-4 0.003450334 -0.9999941 -8.19062e-5 -0.003904163 -0.9999924 -0.02205133 0.01220339 -0.9996824 -0.002229273 0.00724405 -0.9999713 -0.005500912 5.26873e-4 -0.9999848 0.01164543 0.007833421 -0.9999015 0.03180921 5.5721e-4 -0.9994939 -0.9993519 0.03599774 2.28224e-4 -0.999474 0.03243285 1.55669e-4 -3.52717e-5 0.04765594 -0.9988638 -5.21431e-5 0.04870688 -0.9988132 0.9991126 0.04212021 -7.12931e-5 0.9991641 0.04088234 -4.45597e-5 3.90453e-5 0.0261476 0.9996581 -1.44642e-4 0.01319682 0.999913 -0.007808208 0.9999691 0.001046478 0.05295747 0.9973509 0.04986739 -0.006419122 0.9999794 -1.65571e-4 -0.006638467 0.999978 -1.70175e-4 0.001546978 0.9997549 0.02208495 2.36155e-4 1 7.16438e-5 3.15712e-5 1 -2.0477e-4 -0.01617246 0.9998692 -2.25951e-4 -0.001551747 0.9999988 7.66412e-5 -0.2852721 0.00495243 0.9584338 -0.3718867 0.05280315 0.9267751 -0.5266554 0.01547497 0.849938 -0.6896167 0.06115967 0.7215873 -0.6645458 0.03864043 0.7462479 -0.7493598 0.01742094 0.6619339 -0.9051139 0.06120938 0.4207401 -0.9369771 0.007173418 0.3493173 -0.9296297 0.01729321 -0.3680891 -0.9477444 0.05657029 -0.3139752 -0.7897 0.0323947 -0.6126375 -0.7788758 0.04253846 -0.625734 -0.5582117 0.03925067 -0.8287698 -0.5037084 0.008472502 -0.8638324 -0.324425 0.04968196 -0.9446058 -0.2773957 0.02781593 -0.960353 0.3185738 0.01081317 -0.9478364 0.1703527 0.06097513 -0.9834948 0.4926763 0.01118099 -0.8701409 0.3717116 0.1153056 -0.9211597 0.6707347 -0.003402113 -0.7416896 0.7608882 0.0556249 -0.6464945 0.8794035 0.005749762 -0.4760424 0.9346398 0.06270593 -0.3500236 0.9808627 0.01043081 -0.1944215 0.969165 0.01855379 0.2457135 0.9704275 0.02209836 0.2403795 0.8777011 0.001369237 0.4792068 0.8435076 0.03720939 0.5358269 0.719094 0.01358652 0.6947801 0.6206253 0.06533378 0.7813807 0.5608097 0.03060406 0.827379 0.3358375 0.01229751 0.9418398 0.2874153 0.04165214 0.9569001 0.4040793 -0.8118982 -0.4213563 0.4474767 -0.7472704 -0.4912755 0.4475099 -0.7471864 -0.4913731 0.4474736 -0.7472888 -0.4912502 0.1835474 -0.3907825 -0.9019975 0.1838175 -0.3908382 -0.9019184 0.1837914 -0.3908398 -0.901923 0.804511 -0.5020151 -0.3174005 0.8045629 -0.5019198 -0.3174196 0.8045492 -0.5019468 -0.3174118 0.3945575 -0.4500618 -0.8011047 0.3945699 -0.4499801 -0.8011445 0.3945385 -0.4498552 -0.8012302 0.8086656 -0.1758725 -0.5613635 0.8087257 -0.1756427 -0.5613487 0.8086053 -0.1760051 -0.5614088 0.1326535 -0.1650199 -0.9773288 0.1324809 -0.164884 -0.9773752 0.1323893 -0.1645253 -0.977448 0.354721 -0.1942411 -0.9145728 0.8623575 -4.22924e-4 -0.5062997 0.8623766 -2.74893e-4 -0.5062674 0.8625976 1.4125e-5 -0.5058908 0.7062177 -0.01858282 -0.7077509 0.5981716 -0.01324325 -0.8012586 0.5983155 -0.01301318 -0.8011549 0.5979568 -0.01236999 -0.8014329 0.4179754 -0.01732039 -0.9082933 0.007607281 0.003965079 -0.9999633 0.007712543 0.003723859 -0.9999634 0.006826579 0.004098534 -0.9999684 -0.002700924 -0.9033446 -0.428907 0.08409172 -0.7263183 -0.6821953 -0.03633469 -0.4866688 -0.8728306 -0.03652548 -0.4866966 -0.8728072 -0.0363655 -0.4866687 -0.8728295 0.227005 -0.2804258 -0.9326468 0.3831004 -0.6801636 -0.6249893 0.5565379 -0.6697819 -0.4915869 0.5564597 -0.6699259 -0.4914792 0.5564674 -0.6699056 -0.4914983 0.7264165 -0.4695921 -0.5017991 0.7263721 -0.4695937 -0.5018619 0.7263851 -0.4695917 -0.501845 0.773775 6.17306e-4 -0.6334603 0.7646723 -0.002071321 -0.6444161 4.63777e-5 -0.8293169 -0.5587787 1.02922e-4 -0.8120104 -0.5836431 -3.81999e-4 -0.5934747 -0.8048526 -4.19377e-4 -0.5934736 -0.8048534 -4.93407e-4 -0.5934642 -0.8048603 2.14062e-4 -0.2191199 -0.9756979 -0.01513779 0.7678517 -0.6404488 0.05023342 0.84189 -0.537306 -0.416113 -0.4566131 -0.7863553 -0.4161148 -0.4566392 -0.7863391 -0.416115 -0.4566606 -0.7863266 -0.8091421 -0.437254 -0.3925533 -0.5956789 -0.5573952 -0.5783402 -0.5956791 -0.5573951 -0.5783401 -0.5957892 -0.5573246 -0.5782945 -0.3727009 -0.86538 -0.3349801 -0.05277585 0.3569822 -0.9326191 -0.05277907 0.3570204 -0.9326043 -0.05278134 0.3570335 -0.9325991 -0.1287993 0.4823885 -0.8664365 -0.1291677 0.4820342 -0.8665789 -0.1290048 0.4821364 -0.8665462 -0.2153398 0.7764373 -0.5922617 -0.2450871 0.8035505 -0.542438 -0.2016814 0.2950765 -0.9339457 -0.4302648 0.7441452 -0.5109993 -0.433121 0.510299 -0.7429678 -0.4330925 0.5103257 -0.7429661 -0.4331924 0.5102205 -0.7429801 -0.4297338 0.5031127 -0.7498043 -0.5072425 0.4136745 -0.7560282 -0.5071158 0.4138069 -0.7560408 -0.5070746 0.4138948 -0.7560202 -0.3617575 0.1932193 -0.9120295 -0.3617458 0.1930844 -0.9120627 -0.3616617 0.1929098 -0.912133 -0.7534942 0.4570699 -0.4725819 -0.7536306 0.4567689 -0.4726555 -0.7535513 0.4569079 -0.4726476 -0.6886823 0.2121556 -0.6933302 -0.6887851 0.2120035 -0.6932746 -0.688521 0.2122645 -0.693457 -0.7173486 0.1879683 -0.6708793 -0.7174702 0.1878206 -0.6707905 -0.7174117 0.1878781 -0.6708369 -0.8838044 -0.01054668 -0.4677377 -0.8838048 -0.01057177 -0.4677366 -0.8835585 -0.01106035 -0.4681904 -0.8635135 -0.006215989 -0.5042876 -0.5418767 7.4529e-5 -0.840458 -0.5423762 -6.07e-4 -0.8401355 -0.5423128 -8.01721e-4 -0.8401763 -0.3493139 -0.01594901 -0.93687 -0.3493293 -0.01605659 -0.9368625 -0.3498715 -0.01648753 -0.9366526 -0.7743777 -0.03924787 -0.6315053 -0.6220486 0.03190648 -0.7823284 -0.8301478 -0.3445258 -0.4383567 -0.8301048 -0.3445435 -0.4384242 -0.8301147 -0.344541 -0.4384074 -0.7621493 -0.3959285 -0.5122199 -0.7621114 -0.3959503 -0.5122596 -0.7619357 -0.3960976 -0.512407 -0.4406807 -0.1729649 -0.8808426 -0.4406614 -0.1728463 -0.8808755 -0.440676 -0.172943 -0.8808493 -0.4772958 -0.2759822 -0.8342798 -0.5123155 -0.764214 -0.3918032 -0.43155 -0.7633369 -0.4807095 -0.4314143 -0.7634132 -0.4807101 -0.431299 -0.7635049 -0.480668 -0.1756072 -0.3517123 -0.9194894 -0.3203964 -0.4254076 -0.8463892 -0.3202843 -0.4254587 -0.8464059 -0.3203344 -0.4254396 -0.8463965 -0.1637658 -0.6021125 -0.7814355 2.6802e-4 0.7522735 -0.658851 -1.41783e-4 0.6919334 -0.7219614 -0.0399273 -0.9016541 -0.430611 -0.09535121 -0.8440003 -0.5277988 -0.04209309 -0.6797971 -0.7321913 -0.04188698 -0.6798945 -0.7321127 -0.04221159 -0.6797736 -0.7322064 -0.07374054 -0.3806675 -0.9217671 -0.07394343 -0.3806414 -0.9217618 -0.07378488 -0.3806558 -0.9217684 0.6999571 -3.24153e-4 -0.7141849 0.7068972 0.002419114 -0.7073122 0.244127 0.02603167 -0.9693939 0.2443137 0.0262683 -0.9693405 0.2443427 0.02644151 -0.9693284 -0.3434342 -0.8200815 -0.4577326 -0.34336 -0.8201677 -0.457634 -0.3433642 -0.8201613 -0.4576423 -0.5852442 -0.5624474 -0.5840737 -0.5853372 -0.5625197 -0.583911 -0.5853592 -0.5625301 -0.5838789 -0.559949 -0.3489218 -0.7514724 0.7635282 0.2297427 -0.6035255 0.7633367 0.2298624 -0.6037223 0.7634438 0.229777 -0.6036192 0.579163 0.2458066 -0.7772705 0.5791223 0.2458718 -0.7772802 0.5791627 0.2458069 -0.7772707 0.5033025 0.3548894 -0.7878708 0.5034207 0.3547731 -0.7878475 0.5033289 0.3548608 -0.7878667 0.6019674 0.4820101 -0.6366329 0.6019553 0.4820897 -0.6365842 0.601967 0.4819541 -0.6366758 0.1883963 0.1941479 -0.9627116 0.2414708 0.3735737 -0.8956197 0.2414203 0.3735909 -0.8956261 0.241522 0.3735501 -0.8956157 0.5241567 0.6962604 -0.490389 0.4654664 0.6769485 -0.5701594 0.145142 0.4392281 -0.8865735 0.1451165 0.4392371 -0.8865733 0.145121 0.4392354 -0.8865734 0.2865139 0.7720074 -0.567375 0.07343107 0.3646889 -0.9282295 0.07325184 0.3647722 -0.928211 0.07357281 0.3645241 -0.928283 0.2535161 0.8876302 -0.3845025 0.01563727 0.6301247 -0.7763366 0.01561582 0.6301236 -0.7763379 0.01564109 0.6301248 -0.7763364 0.06703799 0.8503699 -0.5218975 -0.07504153 -0.8708235 0.4858347 -0.04552268 -0.8939615 0.4458257 -0.07576179 -0.5294886 0.8449273 -0.02339708 -0.4466377 0.894409 -0.4083738 -0.9128149 -1.87344e-4 -0.4884065 -0.8726163 1.08725e-4 -0.8794223 -0.4760426 -1.1469e-4 -0.8793917 -0.4760992 2.12951e-4 -0.879419 -0.4760488 -4.65195e-6 -0.8653286 -0.5012051 -1.17344e-5 -0.8633489 0.01365739 -0.5044227 -0.6707908 -0.013148 -0.7415301 -0.4787822 0.02044206 -0.8776957 -0.4787809 0.02042549 -0.8776969 -0.4787811 0.02042764 -0.8776966 0.006567895 0.9371079 -0.348978 -0.3517795 -0.1794971 0.9187121 -0.2821193 -0.3411726 0.8966661 -0.7136744 -0.5018648 0.4886724 -0.7136743 -0.5017959 0.4887433 -0.7136755 -0.5018802 0.4886549 -0.7114555 -0.4753507 0.5175643 -0.7117961 -0.4756623 0.5168092 -0.7115627 -0.4755942 0.5171931 -0.3582007 -0.6532603 0.6670407 -0.4362244 -0.7609406 0.4802892 -0.4206374 -0.7605423 0.4946107 -0.4298905 -0.8279161 0.3602073 -0.6046143 -0.5814923 0.544342 -0.5647302 -0.4495829 0.6920658 -0.4516133 0.5561464 -0.6976723 -0.4516168 0.5561838 -0.6976403 -0.4516188 0.5561961 -0.6976292 -0.778005 0.4676099 -0.4195823 -0.7780234 0.4676082 -0.4195502 -0.778023 0.4676081 -0.4195507 -0.535188 0.6086178 -0.5857971 -0.5352043 0.6085748 -0.5858269 -0.5352135 0.6085546 -0.5858394 -0.3594657 0.885743 -0.2936731 -0.3594843 0.8857859 -0.2935208 -0.3594773 0.8856828 -0.2938402 -0.8696661 -0.01176685 0.4935002 -0.8693515 -0.01115751 0.4940685 -0.869351 -0.01107478 0.4940711 -0.8734248 -0.01184535 0.486815 -0.8734267 -0.01182073 0.4868122 -0.8731601 -0.01117974 0.4873055 -0.4696817 -0.01326406 0.8827362 -0.537899 -0.0216012 0.8427325 -0.5379876 -0.02145963 0.8426796 -0.537742 -0.02100467 0.8428478 -0.8789281 0.0177555 0.4766237 -0.8789314 0.01772606 0.4766187 -0.8789262 0.01778447 0.4766263 -0.6513822 -0.02846682 0.7582156 -0.2619608 0.02094924 0.9648512 -0.4256668 0.9048801 2.38113e-4 -0.4193362 0.907831 2.07792e-4 -0.7738801 0.6333322 3.21129e-4 -0.8569819 0.5153466 -2.02666e-4 -0.8569819 0.5153466 -1.98133e-4 -0.8569819 0.5153466 -1.9878e-4 -0.7607262 -0.5285505 0.3767362 -0.5187275 -0.6268205 0.581393 -0.3779824 -0.8310375 0.4080517 -0.4169764 -0.5084295 0.7534123 -0.7606377 0.3908729 0.5183135 -0.4696678 0.5072528 0.7225696 -0.4783676 0.494703 0.7255574 -0.4785828 0.4944846 0.7255643 -0.4784173 0.4946314 0.7255734 -0.3272337 0.863415 0.3839698 -0.3272104 0.8635228 0.3837471 -0.3272156 0.8634468 0.3839138 1.81277e-4 -0.9231196 0.3845131 -4.4561e-5 -0.8852515 0.4651129 -7.70886e-5 -0.4653165 0.8851444 -1.8457e-5 -0.4823965 0.875953 0.1581531 0.7667525 0.6221561 0.3710857 -0.7965887 0.477223 0.3936995 -0.5130055 0.7627754 0.4454089 -0.4548701 0.7711707 0.4450595 -0.4551441 0.7712107 0.4452841 -0.4550108 0.7711597 0.692902 -0.3213919 0.6454411 0.8880805 0.1568995 0.432083 0.6515366 0.1987708 0.7321136 0.6516312 0.1986139 0.7320719 0.6516115 0.1986621 0.7320764 0.6059194 0.2611982 0.7514235 0.5142622 0.2724313 0.8132132 0.5269058 0.4383567 0.7281578 0.3469473 0.4498835 0.8229413 0.4015466 0.6963166 0.594898 0.3482273 0.5481584 0.7604343 0.3359293 0.8570696 0.3906192 0.1128304 0.8442699 0.5239062 0.0951448 0.4266009 0.8994216 0.07719141 0.773845 0.6286537 0.7603397 -0.002533555 0.6495206 0.752398 -0.004098594 0.6586962 0.2780671 -0.01265156 0.9604784 0.9168246 0.0302788 0.3981405 0.7967754 -0.03542262 0.6032365 0.4563091 0.03203535 0.8892446 0.2847104 -0.3598271 0.8885182 0.2900764 -0.780962 0.5531312 0.5720158 -0.4111949 0.7097301 0.458702 -0.8564101 0.2369689 0.5691084 -0.4749757 0.6712033 0.6061384 -0.4606432 0.6483857 0.6448329 -0.2754969 0.712946 6.52923e-5 0.80077 0.5989721 -7.65684e-5 0.780836 0.6247361 -0.02124512 -0.927366 0.3735518 0.02975624 -0.6108179 0.7912117 0.0520116 -0.630648 0.7743242 -0.8163781 -0.0219165 0.577102 -0.6209766 0.04365116 0.7826128 0.6172368 -0.01187628 0.7866879 0.4907039 0.01365804 0.8712194 -0.1332167 0.8448616 0.5181333 -0.06547725 0.2480985 0.9665195 -0.2497652 0.6698261 0.6992499 -0.2313168 0.518276 0.8233362 -0.4302262 0.4996988 0.7518023 -0.4301509 0.4998264 0.7517605 -0.4301568 0.4998195 0.7517617 -0.443696 0.450612 0.77465 -0.6727961 0.5113208 0.5346931 -0.1969189 0.1218704 0.9728158 -0.7478633 0.2741577 0.6045975 -0.7479153 0.2739952 0.6046068 -0.7478889 0.2740925 0.6045954 -0.6270478 0.1879745 0.7559608 -0.06453341 0.8288029 0.5558069 0.01064372 0.5483847 0.8361586 0.3352082 -0.03996884 -0.941296 0.3353327 -0.04001319 -0.9412497 0.3354746 -0.04021471 -0.9411906 0.22899 0.7396537 -0.6328318 0.2248933 0.7233263 -0.6528569 0.3390849 0.4914456 -0.8021862 0.3106231 0.6648694 -0.67931 0.5227938 0.5640047 -0.6392069 0.5228164 0.5640053 -0.6391879 0.5228134 0.564005 -0.6391906 0.4034633 0.8361695 -0.3715347 0.5664011 0.702977 -0.4301317 0.5664488 0.7030324 -0.4299783 0.5664703 0.7028035 -0.4303238 0.792733 0.4632458 -0.3962043 0.7927533 0.4632573 -0.3961504 0.7927023 0.4630323 -0.396515 0.7071881 0.5894414 -0.3904407 0.7072319 0.5894858 -0.3902941 0.7071818 0.5893043 -0.390659 0.3112078 0.9382147 -0.1513378 0.6821255 0.712688 -0.1636486 0.6820642 0.7127382 -0.163685 0.682101 0.7127087 -0.1636604 0.863073 0.5050792 9.36801e-5 0.7749336 0.6320425 -5.72575e-4 0.5490546 0.8357865 6.35452e-5 2.52909e-4 0.6781911 -0.7348856 -1.61049e-4 0.7473636 -0.6644154 0.8867828 0.4298542 0.1698282 0.5223568 0.8271631 0.2072311 0.5224525 0.8271234 0.2071484 0.5224699 0.8271151 0.2071374 0.7474499 0.4916206 0.4467974 0.7474423 0.4916832 0.4467412 0.7474495 0.4916226 0.446796 0.7521314 0.4757711 0.4560048 0.5726683 0.7486422 0.3340451 0.5727242 0.7487298 0.3337522 0.5727173 0.7486531 0.3339365 0.3410475 0.9037789 0.2585933 0.5865459 0.6029891 0.5407107 0.5864019 0.6030829 0.5407624 0.5865025 0.6030105 0.5407339 0.5080438 0.3451516 0.7891527 0.5076407 0.5150619 0.6906607 0.2244139 0.9406557 0.2545689 0.2534327 0.8085342 0.5310784 0.2751117 0.5535322 0.7860761 0.2763281 0.5634577 0.7785617 0.2761729 0.5634936 0.7785906 0.2762135 0.5634807 0.7785857 0.1597042 0.8817569 0.4438459 -0.625961 0.7464723 -0.2257256 -0.6614711 0.6973901 -0.2758679 -0.3435193 0.866029 -0.3633023 -0.5710406 0.7036789 -0.4227868 -0.4769324 0.5186529 -0.7096018 -0.3937619 0.7732461 -0.4970332 -0.4021743 0.6405524 -0.6541778 -0.2904117 0.8688985 -0.4008449 -0.2087959 0.3965007 -0.8939751 -0.2361709 0.6925723 -0.6815915 -0.1423233 0.8234666 -0.549224 1.71991e-4 0.5101939 0.8600595 2.02428e-4 0.5101947 0.860059 2.62776e-4 0.5102013 0.860055 1.00251e-4 0.5334366 0.8458402 7.57108e-5 0.8040623 0.5945451 -1.99572e-4 0.7334966 0.6796932 -0.8068748 0.5907225 -1.4215e-4 -0.7176874 0.6963653 4.68104e-4 -0.4169691 0.9089206 -2.99539e-4 0.1347477 0.5281258 0.838407 -0.240719 0.7147548 0.656643 -0.2408044 0.7147946 0.6565683 -0.2407378 0.7147604 0.65663 -0.3804566 0.5975955 0.705785 -0.3839934 0.6136058 0.6899544 -0.2035942 0.875075 0.4390822 -0.5488015 0.5857237 0.5964434 -0.5488238 0.5857134 0.5964331 -0.5488903 0.585678 0.5964065 -0.6926759 -0.1842806 0.6973097 -0.1764419 0.9724176 0.152553 -0.5256891 0.7422066 0.4156687 -0.5257637 0.7422756 0.4154511 -0.5257032 0.7422086 0.4156473 -0.721901 0.6189571 0.3094369 -0.3663747 0.9142612 0.1729052 -0.7301468 0.6052216 0.3171631 -0.404609 0.8956536 0.1846515 0.8320091 0.4818659 0.2748929 0.8319728 0.4818663 0.2750024 0.8319895 0.4818704 0.2749446 0.7937588 0.5680709 0.2173532 0.7937498 0.568074 0.2173785 0.7937532 0.5680728 0.2173693 0.4833911 0.8634564 0.1441395 0.7835571 0.4511848 0.427166 0.3913286 0.9019391 0.1826685 0.5707076 0.6860792 0.4512076 0.5491834 0.6839884 0.4801641 0.5779508 0.3269105 0.7477316 0.2837427 0.8603662 0.4233912 0.3001964 0.6114469 0.7321304 0.2554296 0.7517636 0.6079535 0.2438786 0.4189442 0.8746479 0.4094208 0.9123458 1.46936e-4 0.5311811 0.8472582 -5.5544e-4 0.8532202 0.521551 5.46271e-5 0.8302425 0.5574024 -1.99445e-4 5.35968e-4 0.9079155 0.4191529 -3.03663e-4 0.7957191 0.6056659 5.62796e-5 0.4251931 0.9051027 -9.37491e-5 0.4584805 0.8887044 0.2722627 0.4764871 -0.8359624 0.189198 0.6972227 -0.6914367 0.4592767 0.2320058 -0.8574604 0.2415418 0.8249669 -0.5109668 0.4691752 0.697312 -0.541877 0.6820853 0.490907 -0.5420056 0.5079525 0.6977912 -0.5050462 0.8165633 0.4734681 -0.330231 0.3777186 0.8947343 -0.2382839 0.836658 0.4412971 -0.3244387 0.8366513 0.4412888 -0.3244672 0.8366563 0.4412952 -0.3244455 0.5568111 0.8039557 -0.2088456 0.5567844 0.8039495 -0.2089409 0.5568076 0.8039557 -0.2088553 -0.3012695 0.4377596 0.8471146 -0.3012728 0.4377558 0.8471154 -0.301303 0.4377151 0.8471257 -0.3032616 0.6430086 0.7032583 -0.1878579 0.8098846 0.5556945 -0.4779079 0.6022806 0.6394233 -0.6681839 0.192066 0.7187774 -0.6678958 0.1920299 0.7190548 -0.6680853 0.1920921 0.718862 -0.1305359 0.9710353 0.2001277 -0.7408415 0.4386761 0.5086426 -0.4654628 0.7868045 0.4053183 -0.4654372 0.7867923 0.4053717 -0.4654844 0.7868774 0.4051522 -0.8867205 0.1933162 0.4199471 -0.5439081 0.7442299 0.3876674 -0.5438924 0.7442685 0.3876152 -0.5438982 0.7442567 0.3876299 -0.5374016 0.8124412 0.2261393 -0.7921228 0.5827158 0.181615 -3.73341e-4 0.9162172 -0.4006822 3.86245e-4 0.7458033 -0.6661662 -2.39933e-4 0.6208834 -0.7839031 -0.1510004 0.9885336 3.25324e-4 -0.423707 0.905799 -7.76685e-4 -0.8626886 0.5057353 5.48242e-4 -0.8959203 0.444215 1.16581e-4 -0.8959155 0.4442246 5.8309e-5 -0.8959209 0.4442136 1.46209e-4 -0.8250906 0.494769 -0.2728174 -0.8250374 0.4947813 -0.2729558 -0.8250607 0.4947797 -0.2728887 -0.6837497 0.6693933 -0.2905153 -0.6838858 0.6693557 -0.2902814 -0.683773 0.669395 -0.2904564 -0.6178789 0.7081382 -0.3417105 -0.6557949 0.5100789 -0.5565543 -0.2955211 0.9246979 -0.2400028 -0.4762671 0.6039991 -0.6390265 -0.3626752 0.7193101 -0.592503 -0.3305385 0.7280629 -0.6005571 -0.27481 0.5423635 -0.7939279 -0.141023 0.9053778 -0.4005043</float_array>
          <technique_common>
            <accessor source="#Part__Feature011-mesh-normals-array" count="644" stride="3">
              <param name="X" type="float"/>
              <param name="Y" type="float"/>
              <param name="Z" type="float"/>
            </accessor>
          </technique_common>
        </source>
        <vertices id="Part__Feature011-mesh-vertices">
          <input semantic="POSITION" source="#Part__Feature011-mesh-positions"/>
        </vertices>
        <triangles material="Part__Feature011-material" count="462">
          <input semantic="VERTEX" source="#Part__Feature011-mesh-vertices" offset="0"/>
          <input semantic="NORMAL" source="#Part__Feature011-mesh-normals" offset="1"/>
          <p>142 0 120 0 134 0 136 1 112 1 131 1 136 2 0 2 112 2 3 3 129 3 1 3 3 4 1 4 2 4 3 5 4 5 129 5 129 6 4 6 127 6 127 7 4 7 125 7 4 8 5 8 125 8 125 9 86 9 8 9 125 10 5 10 86 10 88 11 89 11 6 11 88 12 6 12 7 12 88 13 7 13 8 13 86 14 88 14 8 14 9 15 6 15 89 15 79 16 9 16 89 16 82 17 81 18 147 19 82 20 147 20 145 20 82 21 145 21 9 21 79 22 82 22 9 22 10 23 162 23 147 23 10 24 147 24 81 24 10 25 72 26 162 27 162 28 72 28 161 28 161 29 72 29 160 29 160 30 72 30 159 30 72 31 11 31 159 31 12 32 13 32 159 32 12 33 159 33 11 33 14 34 15 34 13 34 14 35 13 35 12 35 15 36 14 36 166 36 166 37 14 37 16 37 97 38 98 38 174 38 97 39 174 39 17 39 94 40 97 40 17 40 94 41 17 41 171 41 93 42 94 42 171 42 93 43 171 43 170 43 90 44 93 44 170 44 90 45 170 45 168 45 16 46 90 46 168 46 16 47 168 47 166 47 174 48 98 48 18 48 18 49 98 49 19 49 177 50 179 50 20 50 20 51 175 51 177 51 179 52 182 52 20 52 182 53 21 53 20 53 185 54 21 54 182 54 185 55 188 55 21 55 20 56 18 56 175 56 175 57 18 57 195 57 194 58 18 58 191 58 195 59 18 59 194 59 18 60 190 60 191 60 200 61 19 61 197 61 202 62 19 62 200 62 197 63 19 63 188 63 188 64 19 64 21 64 18 65 19 65 190 65 190 66 19 66 202 66 22 67 27 67 21 67 21 68 27 68 20 68 120 69 142 69 23 69 117 70 120 70 23 70 117 71 23 71 24 71 117 72 24 72 25 72 115 73 117 73 25 73 115 74 25 74 26 74 113 75 115 75 26 75 113 76 26 76 150 76 22 77 150 77 27 77 22 78 113 78 150 78 155 79 28 79 139 79 154 80 132 80 29 80 149 81 28 81 155 81 152 82 154 82 29 82 151 83 28 83 149 83 151 84 152 84 29 84 151 85 29 85 28 85 163 86 139 86 144 86 163 87 155 87 139 87 30 88 163 88 144 88 30 89 173 89 163 89 30 90 169 90 173 90 169 91 30 91 156 91 165 92 169 92 156 92 165 93 156 93 164 93 100 94 106 94 31 94 100 95 110 95 106 95 119 96 32 96 108 96 108 97 32 97 103 97 100 98 32 98 110 98 103 99 32 99 100 99 106 100 101 100 31 100 31 101 101 101 33 101 96 102 92 102 101 102 101 103 92 103 73 103 92 104 34 104 73 104 34 105 83 105 73 105 73 106 83 106 77 106 35 107 49 107 226 107 226 108 49 108 48 108 36 109 55 109 37 109 37 110 55 110 54 110 38 111 62 111 39 111 39 112 62 112 61 112 40 113 187 113 41 113 41 114 187 114 70 114 214 115 212 115 218 115 204 116 208 116 206 116 218 117 208 117 204 117 212 118 208 118 218 118 229 119 224 119 232 119 232 120 210 120 212 120 212 121 210 121 208 121 224 122 222 122 232 122 232 123 222 123 210 123 40 124 41 124 42 124 41 125 43 125 42 125 42 126 43 126 44 126 44 127 43 127 45 127 43 128 46 128 45 128 45 129 46 129 47 129 46 130 48 130 47 130 47 131 48 131 49 131 226 132 227 132 35 132 35 133 227 133 50 133 50 134 227 134 51 134 227 135 52 135 51 135 52 136 230 136 51 136 51 137 230 137 53 137 230 138 54 138 53 138 53 139 54 139 55 139 36 140 56 140 57 140 37 141 56 141 36 141 56 142 58 142 57 142 57 143 58 143 59 143 59 144 58 144 60 144 58 145 215 145 60 145 60 146 215 146 180 146 215 147 61 147 180 147 180 148 61 148 62 148 38 149 63 149 64 149 39 150 63 150 38 150 64 151 63 151 65 151 63 152 66 152 65 152 65 153 66 153 67 153 66 154 68 154 67 154 67 155 68 155 69 155 69 156 68 156 187 156 68 157 70 157 187 157 74 158 71 158 11 158 74 159 11 160 72 161 73 162 71 163 74 164 75 165 74 166 72 167 73 168 74 169 76 170 10 171 75 172 72 173 76 174 101 175 73 176 76 177 74 177 75 177 75 178 10 179 81 180 75 181 81 181 80 181 76 182 75 183 80 184 76 185 80 185 33 185 101 186 76 187 33 188 12 189 11 189 71 189 77 190 12 190 71 190 77 191 71 192 73 193 80 194 78 194 33 194 80 195 79 195 78 195 82 196 79 197 80 198 82 199 80 200 81 201 83 202 14 202 12 202 83 203 12 203 77 203 79 204 89 204 87 204 78 205 79 205 87 205 78 206 87 207 31 208 33 209 78 209 31 209 16 210 14 210 83 210 84 211 16 211 83 211 87 212 85 213 31 214 88 215 86 215 85 215 87 216 88 217 85 218 89 219 88 219 87 219 84 220 83 221 34 222 91 223 84 224 34 225 16 226 84 226 91 226 90 227 16 227 91 227 91 228 34 228 92 228 93 229 90 229 91 229 94 230 91 231 92 232 93 233 91 233 94 233 94 234 92 235 95 236 96 237 95 238 92 239 97 240 94 241 95 242 97 243 95 244 96 245 98 246 97 247 96 248 85 249 86 250 5 251 85 252 5 252 99 252 85 253 99 254 100 255 31 256 85 257 100 258 101 259 19 259 98 259 101 260 98 260 96 260 99 261 5 262 102 263 4 264 102 265 5 266 100 267 99 268 102 269 103 270 100 270 102 270 104 271 102 271 4 271 3 272 104 273 4 274 105 275 103 275 102 275 105 276 102 277 104 278 108 279 103 279 105 279 21 280 19 280 101 280 106 281 21 281 101 281 104 282 3 282 2 282 104 283 2 283 107 283 105 284 104 285 107 286 105 287 107 288 108 289 109 290 21 290 106 290 109 291 22 291 21 291 110 292 109 293 106 294 111 295 107 296 2 297 112 298 107 299 111 300 108 301 107 301 112 301 113 302 22 303 109 304 113 305 109 306 110 307 114 308 113 309 110 310 115 311 113 312 114 313 114 314 110 314 32 314 116 315 114 316 32 317 117 318 115 318 114 318 117 319 114 319 116 319 118 320 116 321 32 322 117 323 116 323 118 323 118 324 32 325 119 326 120 327 117 327 118 327 121 328 118 329 119 330 120 331 118 331 121 331 1 332 129 332 128 332 130 333 1 333 128 333 132 334 130 334 128 334 132 335 128 335 29 335 111 336 2 336 1 336 111 337 1 337 122 337 111 338 122 339 131 340 112 341 111 341 131 341 112 342 0 342 123 342 108 343 112 343 123 343 108 344 123 345 119 346 121 347 134 347 120 347 126 348 124 348 28 348 128 349 28 349 29 349 127 350 125 351 124 352 126 353 127 354 124 355 126 356 28 356 128 356 127 357 126 357 128 357 129 358 127 358 128 358 130 359 122 359 1 359 131 360 122 360 130 360 132 361 131 361 130 361 121 362 119 363 123 364 133 365 123 366 0 367 133 368 121 369 123 370 134 371 121 372 133 373 125 374 8 375 135 376 124 377 125 378 135 379 124 380 135 380 139 380 28 381 124 382 139 383 137 384 136 385 131 386 137 387 131 387 132 387 154 388 137 388 132 388 142 389 134 389 133 389 140 390 142 390 133 390 136 391 140 391 133 391 136 392 133 393 0 394 135 395 8 395 7 395 138 396 135 396 7 396 6 397 138 397 7 397 139 398 135 398 138 398 140 399 136 399 137 399 154 400 140 400 137 400 141 401 140 402 154 403 142 404 140 405 141 406 6 407 9 407 143 407 138 408 6 408 143 408 138 409 143 409 144 409 139 410 138 410 144 410 154 411 142 411 141 411 145 412 143 412 9 412 145 413 144 413 143 413 146 414 144 415 145 416 147 417 146 417 145 417 150 418 148 418 27 418 149 419 148 420 150 421 26 422 149 422 150 422 151 423 149 423 26 423 25 424 151 424 26 424 152 425 151 425 25 425 153 426 25 426 24 426 153 427 152 427 25 427 153 428 24 428 23 428 142 429 153 429 23 429 154 430 152 430 153 430 154 431 153 431 142 431 147 432 162 432 30 432 146 433 147 433 30 433 144 434 146 434 30 434 20 435 27 435 148 435 155 436 20 436 148 436 155 437 148 437 149 437 157 438 156 438 158 438 158 439 160 439 157 439 158 440 156 440 30 440 160 441 159 441 157 441 161 442 160 442 158 442 30 443 161 443 158 443 162 444 161 444 30 444 163 445 18 445 20 445 163 446 20 446 155 446 157 447 159 447 13 447 157 448 13 448 164 448 156 449 157 449 164 449 174 450 18 450 163 450 173 451 174 451 163 451 164 452 13 452 15 452 164 453 15 453 165 453 168 454 167 454 166 454 169 455 165 455 167 455 170 456 167 456 168 456 169 457 167 457 170 457 169 458 170 459 171 460 172 461 169 461 171 461 172 462 171 462 17 462 173 463 169 463 172 463 174 464 172 465 17 466 173 467 172 467 174 467 15 468 166 468 167 468 15 469 167 469 165 469 59 470 36 471 57 472 176 473 175 473 36 473 176 474 36 474 59 474 177 475 175 475 176 475 177 476 176 476 59 476 178 477 59 478 60 479 177 480 59 480 178 480 179 481 177 482 178 483 180 484 178 485 60 486 181 487 178 488 180 489 181 490 179 490 178 490 181 491 180 492 62 493 181 494 62 494 38 494 181 495 38 495 182 495 179 496 181 496 182 496 195 497 55 497 36 497 195 498 36 498 175 498 64 499 183 499 38 499 183 500 182 501 38 502 183 503 64 504 65 505 184 506 183 506 65 506 185 507 182 508 183 509 184 510 185 510 183 510 67 511 184 512 65 513 69 514 184 514 67 514 186 515 184 515 69 515 185 516 184 516 186 516 188 517 185 517 186 517 187 518 186 518 69 518 189 519 186 520 187 521 188 522 186 522 189 522 50 523 190 523 35 523 191 524 190 524 50 524 192 525 191 525 50 525 192 526 50 526 51 526 193 527 51 527 53 527 194 528 191 528 192 528 193 529 192 529 51 529 194 530 192 530 193 530 55 531 193 531 53 531 195 532 193 532 55 532 195 533 194 533 193 533 187 534 40 535 196 536 189 537 187 537 196 537 188 538 189 538 196 538 188 539 196 539 197 539 201 540 49 540 35 540 201 541 35 541 190 541 202 542 201 542 190 542 197 543 196 543 40 543 42 544 197 545 40 546 198 547 197 547 42 547 198 548 42 548 44 548 198 549 200 549 197 549 199 550 198 551 44 552 47 553 44 553 45 553 199 554 200 554 198 554 47 555 199 556 44 557 201 558 199 558 47 558 201 559 200 559 199 559 201 560 47 560 49 560 202 561 200 561 201 561 39 562 205 563 63 564 203 565 205 566 39 567 204 568 205 568 203 568 205 569 66 569 63 569 204 570 206 570 205 570 205 571 206 571 66 571 66 572 206 572 207 572 207 573 68 573 66 573 206 574 208 574 207 574 207 575 209 575 68 575 207 576 208 576 209 576 68 577 209 577 70 577 204 578 203 578 218 578 218 579 203 579 217 579 217 580 203 580 61 580 203 581 39 581 61 581 208 582 210 582 209 582 210 583 211 583 209 583 211 584 41 584 209 584 209 585 41 585 70 585 37 586 213 586 56 586 212 587 213 587 37 587 56 588 213 588 58 588 212 589 214 589 213 589 214 590 58 590 213 590 58 591 216 591 215 591 214 592 216 592 58 592 215 593 216 593 217 593 214 594 218 594 216 594 215 595 217 596 61 597 216 598 218 599 217 600 211 601 43 602 41 603 211 604 219 604 43 604 210 605 219 605 211 605 219 606 220 606 43 606 43 607 220 608 46 609 219 610 210 610 222 610 220 611 221 611 46 611 219 612 222 613 220 614 221 615 48 615 46 615 220 616 222 617 221 618 222 619 223 619 221 619 221 620 223 620 48 620 232 621 212 621 231 621 212 622 37 622 231 622 231 623 37 623 54 623 222 624 224 624 223 624 224 625 225 625 223 625 223 626 225 626 48 626 225 627 226 628 48 629 225 630 227 631 226 632 225 633 224 634 227 635 224 636 228 636 227 636 227 637 228 637 52 637 224 638 229 638 228 638 228 639 230 639 52 639 228 640 229 640 230 640 229 641 231 641 230 641 231 642 54 642 230 642 229 643 232 643 231 643</p>
        </triangles>
      </mesh>
    </geometry>
    <geometry id="Part__Feature010-mesh" name="Part__Feature010">
      <mesh>
        <source id="Part__Feature010-mesh-positions">
          <float_array id="Part__Feature010-mesh-positions-array" count="471">0.2100092 -0.04990345 0.008814752 0.2163222 -0.03775346 0.008708477 0.2150405 -0.03899633 0.009282171 0.2178379 -0.03719067 0.00957328 0.2149983 -0.03973174 0.009802281 0.2141915 -0.03959852 0.008828401 0.217715 -0.0381487 0.009983539 0.2127273 -0.04150241 0.009138166 0.2130515 -0.04300653 0.009987652 0.212113 -0.04315143 0.009597182 0.2112576 -0.04400014 0.008863985 0.210295 -0.04707765 0.008955419 0.2111863 -0.04598891 0.009772896 0.211239 -0.04873722 0.009990692 0.2105131 -0.04932558 0.009678602 0.2209621 -0.0355488 0.01188999 0.2257691 -0.03499376 0.009942471 0.2231685 -0.03511756 0.01039427 0.2242368 -0.06500637 0.009944319 0.2268313 -0.06488257 0.01039236 0.2200669 -0.05103886 -0.004999995 0.221149 -0.05328518 -0.004999995 0.2218119 -0.05393171 0 0.2230822 -0.05465263 -0.004999995 0.2240846 -0.05495738 0 0.2256736 -0.05504179 -0.004999995 0.2273108 -0.05460047 0 0.228278 -0.05384278 -0.004999995 0.2296482 -0.05200403 0 0.2298227 -0.05157607 -0.004999995 0.2299211 -0.0488767 -0.004999995 0.2394804 -0.05456781 0 0.23899 -0.05546313 0.00887674 0.2357653 -0.06058377 0 0.2351574 -0.06106477 0.008766412 0.2308171 -0.06392019 0 0.2249553 -0.06508696 0 0.2199042 -0.06416112 0 0.2202944 -0.06421345 0.01069641 0.2160071 -0.06207591 0 0.2123593 -0.0582534 0 0.2119262 -0.05731338 0.00891602 0.2107775 -0.05478012 0.008798658 0.2101222 -0.05260777 0 0.2210442 -0.06447172 0.01186591 0.2289077 -0.03552031 0.01185554 0.2321696 -0.03795808 0.009969949 0.2375453 -0.04433417 0.01000064 0.2320386 -0.06197369 0.009999513 0.2105196 -0.04543209 0 0.2142347 -0.03941619 0 0.2191827 -0.03607976 0 0.2250446 -0.034913 0 0.2300958 -0.03583878 0 0.2298102 -0.03583556 0.01068824 0.2339929 -0.03792405 0 0.2356767 -0.03944939 0.00885123 0.2376406 -0.04174649 0 0.2376418 -0.04193228 0.008844614 0.238695 -0.04399651 0.009047985 0.2398778 -0.04739218 0 0.2398872 -0.04850405 0.00907725 0.217823 -0.06189912 0.009985268 0.2292204 -0.04722499 0 0.2269425 -0.04528385 0 0.2300192 -0.0494976 0 0.2231214 -0.04521292 0 0.2205041 -0.04764854 0 0.219988 -0.05110037 0 0.2200487 -0.06150996 0.01883369 0.2200478 -0.03848975 0.01882928 0.229928 -0.03843414 0.01890259 0.2299001 -0.06163513 0.01899033 0.2186678 -0.03729766 0.01020747 0.2196226 -0.03682553 0.01108717 0.2193321 -0.06304508 0.0107308 0.219983 -0.0632736 0.01195907 0.2200425 -0.03652292 0.01211887 0.230668 -0.03695493 0.01073068 0.2300174 -0.03672713 0.011958 0.2299379 -0.06349456 0.01220488 0.2204964 -0.03585743 0.01203495 0.2297286 -0.03623408 0.01240092 0.2205302 -0.03780186 0.01909393 0.2211534 -0.03754502 0.01926928 0.2213431 -0.03812396 0.01984059 0.221302 -0.03868091 0.01998728 0.2295046 -0.03789395 0.01921129 0.2288447 -0.03749877 0.01916098 0.2205452 -0.06419605 0.0119633 0.2203456 -0.0384826 0.01944673 0.2208248 -0.03838247 0.0198031 0.229671 -0.0386219 0.01944702 0.2288498 -0.0378834 0.0196532 0.2289302 -0.03851372 0.01994544 0.2289542 -0.06447064 0.01186078 0.2295181 -0.06415408 0.01192468 0.2204405 -0.06205773 0.01916587 0.2210261 -0.06247365 0.01916706 0.2203908 -0.06143397 0.01952648 0.2290418 -0.06250321 0.01905643 0.2211135 -0.06154364 0.0199421 0.2212136 -0.06219422 0.01959413 0.2289045 -0.06212359 0.01965367 0.2295134 -0.06170612 0.01953583 0.2288954 -0.06144666 0.01995497 0.2285814 -0.04638797 -0.004999995 0.2260407 -0.04505735 -0.004999995 0.2230575 -0.04528385 -0.004999995 0.2203176 -0.04788732 -0.004999995 0.2322784 -0.06313103 0.008776605 0.2339618 -0.06175035 0.009362161 0.2310329 -0.0629729 0.01036453 0.2323948 -0.06245911 0.009700298 0.2313938 -0.06337851 0.009642064 0.2303122 -0.06341236 0.01110017 0.2299196 -0.06412696 0.01053446 0.2345073 -0.06044995 0.00989449 0.2358816 -0.05979377 0.00952202 0.2372197 -0.05864834 0.008996069 0.2363358 -0.05791646 0.009990692 0.2377002 -0.05708479 0.009650468 0.2381803 -0.05489718 0.00991708 0.2393445 -0.05352872 0.00937736 0.2389788 -0.05025732 0.009977877 0.2393535 -0.05160689 0.009712159 0.2399054 -0.0514509 0.008995652 0.2388456 -0.04609245 0.009775698 0.2392553 -0.04543483 0.008976161 0.237717 -0.04302644 0.009668707 0.2355358 -0.04043203 0.009881675 0.2361316 -0.04057323 0.009589552 0.2345411 -0.0388357 0.009477674 0.2302938 -0.03645795 0.01093846 0.2294965 -0.03580623 0.01194959 0.233414 -0.0375936 0.008783638 0.2314781 -0.03730064 0.0101298 0.2313614 -0.03643471 0.009211838 0.2319614 -0.03700816 0.009511828 0.2200457 -0.0637502 0.01159256 0.2162155 -0.06215947 0.008806109 0.2195158 -0.06365585 0.01052504 0.2185218 -0.06269931 0.0101298 0.2181771 -0.06303095 0.009598255 0.2187063 -0.0635997 0.009239614 0.2101652 -0.05183058 0.009063482 0.2106226 -0.05316448 0.009477317 0.2114233 -0.05351185 0.009940803 0.2114926 -0.05568742 0.009520053 0.2129692 -0.05797809 0.009745299 0.2132552 -0.05710273 0.009999096 0.2136911 -0.05988287 0.008888661 0.2151558 -0.06092685 0.009461224 0.2154445 -0.06035375 0.009913086 0.218532 -0.03651171 0.009278535 0.2192996 -0.03654336 0.0103867 0.2199017 -0.03593045 0.01029992</float_array>
          <technique_common>
            <accessor source="#Part__Feature010-mesh-positions-array" count="157" stride="3">
              <param name="X" type="float"/>
              <param name="Y" type="float"/>
              <param name="Z" type="float"/>
            </accessor>
          </technique_common>
        </source>
        <source id="Part__Feature010-mesh-normals">
          <float_array id="Part__Feature010-mesh-normals-array" count="1215">-0.5202596 0.736261 0.4327237 -0.4237281 0.5391199 0.7278766 -0.2953076 0.4078745 0.863963 -0.6352629 0.7464921 0.1979668 -0.6641111 0.5862807 0.4639305 -0.664281 0.5858982 0.4641705 -0.6642116 0.5861338 0.4639723 -0.5756675 0.493928 0.6516457 -0.1492134 0.1440657 0.9782538 -0.5328654 0.4051245 0.742919 -0.532796 0.4052591 0.7428953 -0.5327875 0.4055697 0.7427319 -0.4054095 0.2900618 0.8668953 -0.793707 0.4185234 0.4414378 -0.7715528 0.2871414 0.5676763 -0.4017781 0.186726 0.8964976 -0.8083862 0.2684463 0.5238783 -0.2278113 0.07256346 0.9709978 -0.7536882 0.1338709 0.6434537 -0.4366015 0.06272542 0.8974657 -0.8804314 0.06567156 0.469604 -0.9007416 -0.433915 -0.01955604 -0.8399481 -0.5410863 0.04138994 -0.5772624 -0.8160439 -0.02899295 -0.4111917 -0.9111518 0.02690821 -0.1484233 -0.9884539 -0.03048843 0.1098082 -0.99261 0.05164843 0.4175044 -0.9069061 -0.05666947 0.7425521 -0.6684491 0.04233527 0.8262085 -0.5630317 -0.0193578 0.9889805 -0.1464049 0.02198314 0.9990454 -0.03641593 -0.02412903 0.9999809 0.006178379 -2.88058e-4 0.9980788 -0.05526781 -0.02800238 0.9743383 -0.2229093 0.0312469 0.9743385 -0.2229071 0.03125751 0.9743373 -0.2229014 0.03133654 0.874074 -0.4857925 -6.98562e-4 0.8505808 -0.5252729 -0.02451056 0.7597351 -0.6500103 0.01701182 0.5830404 -0.8124327 -0.004152059 0.5589655 -0.8289842 -0.01851993 0.3990395 -0.9167943 0.01600223 0.3491634 -0.9369931 0.01135557 0.2019062 -0.9792541 -0.01718789 0.1951943 -0.9806522 -0.01485294 0.04569214 -0.9988906 0.01139599 -0.1675686 -0.9858519 -0.004119336 -0.1802826 -0.9835788 -0.008424043 -0.3363695 -0.9416989 0.007669568 -0.3675161 -0.9299751 0.008859753 -0.4717621 -0.8816933 -0.007589161 -0.501046 -0.865413 0.003651678 -0.6695303 -0.7427327 0.008802175 -0.7233286 -0.6902651 -0.01816165 -0.8240223 -0.5662161 0.01966845 -0.9107357 -0.4129891 -6.96024e-4 -0.9294523 -0.3683033 -0.02170515 -0.9784775 -0.2051532 0.02222615 -0.9967948 -0.0791682 0.01150965 -9.36803e-4 -0.9624762 0.2713648 8.21452e-5 -0.964533 0.2639622 3.02872e-4 -0.9645956 0.2637335 3.057e-4 -0.9632723 0.2685266 0.003207445 0.959591 0.2813802 -0.002287089 0.9631794 0.2688503 -0.002124488 0.9652328 0.2613832 -0.002327978 0.9652861 0.2611848 -0.01442337 -0.007337927 0.9998691 6.95792e-4 0.001434624 0.9999988 0.001046657 0.001226365 0.9999987 -0.9948731 0.1009293 -0.006397902 -0.9980286 0.05526393 -0.02974849 -0.9536692 0.2992482 0.03107398 -0.8613454 0.5079152 -0.01032251 -0.8506544 0.5253298 -0.02039331 -0.7919682 0.6105002 0.008732497 -0.6541662 0.756249 0.01241797 -0.5589013 0.8288785 -0.02428466 -0.4910722 0.8710975 0.006110131 -0.3998267 0.9164742 0.01462173 -0.3532834 0.9354465 0.01143515 -0.3530036 0.9355568 0.01104837 -0.3530042 0.9355566 0.01104414 -0.2031356 0.9789961 -0.01739633 -0.1951962 0.9806559 -0.01458042 -0.0455631 0.998896 0.01143777 0.167956 0.9857855 -0.004226207 0.1802802 0.9835799 -0.008355855 0.3398085 0.9404537 0.008790254 0.3682123 0.9296927 0.009552061 0.4717686 0.8816882 -0.007780015 0.4915981 0.8708223 -3.57755e-4 0.6338632 0.7733413 0.01268649 0.7233222 0.6902589 -0.01864588 0.7840825 0.6205219 0.01293402 0.8903248 0.4552279 0.009449005 0.9295403 0.3683409 -0.01672935 0.9314547 0.3635607 -0.01469326 0.9790254 0.2023475 0.023763 2.4425e-5 8.14593e-4 0.9999997 -8.61433e-4 8.01789e-4 0.9999994 0.003118515 8.65984e-5 0.9999952 2.46777e-7 -3.73453e-7 -1 -1.46343e-7 -1.71733e-7 -1 -2.63419e-7 0 -1 0 0 -1 0 0 -1 -7.31823e-7 0 -1 0 2.31509e-7 -1 0 0 -1 1.44053e-7 0 -1 4.01299e-7 1.57375e-7 -1 2.03545e-7 2.06827e-7 -1 0 0 -1 0 0 -1 0 0 -1 0 0 -1 -1.90208e-7 -2.10877e-7 -1 -1.3879e-7 0 -1 -4.20951e-7 -1.45152e-7 -1 0 -2.45815e-7 -1 0 0 -1 7.36445e-7 -1.84857e-7 -1 0 0 -1 0 1.24185e-7 -1 2.71345e-7 0 -1 0 0 -1 -1.94439e-7 4.16024e-7 -1 0.005473196 4.09138e-4 0.9999849 -0.001634955 -0.001961886 0.9999969 -0.9999543 -3.97193e-5 0.009570717 -0.9999966 0.002215325 0.001435458 0.9999219 -0.002858757 0.01217049 0.9999821 -0.0011819 0.005890369 -0.2279421 -9.65328e-4 0.9736743 -0.2045087 -0.001817226 0.9788631 -0.5954791 9.65535e-4 0.8033704 -0.6769599 -0.002505123 0.7360157 -0.8831644 0.003437638 0.4690511 -0.8831643 0.003431379 0.4690514 -0.8833231 0.003078758 0.4687548 -0.9261824 -1.92746e-4 0.3770758 0.2252654 -2.8455e-5 0.9742975 0.3387786 0.002727031 0.9408622 0.594901 -0.002967834 0.8037935 0.7140318 1.41138e-4 0.7001132 0.7142683 -1.66992e-4 0.699872 0.7140311 1.62876e-4 0.7001141 0.8829575 -0.005346179 0.4694226 0.8829573 -0.005339384 0.4694228 0.8831171 -0.004989326 0.469126 0.9471054 1.45983e-4 0.3209231 0.2781575 0.7643875 0.5816701 -0.8357263 0.5268105 0.155024 -0.8357256 0.5267947 0.1550812 -0.8357257 0.5268079 0.155036 -0.8058196 0.5699016 0.1608324 -0.4270825 0.871224 0.2420113 -0.4831747 0.8419083 0.2402765 0.003929495 0.7879698 0.6157013 -0.004695713 0.701641 0.7125152 0.009127497 0.4215427 0.9067626 -2.78273e-4 0.2546311 0.9670383 0.8988323 0.4228025 0.1154934 0.8191922 0.5504132 0.1611507 0.8191979 0.5503907 0.1611989 0.8191913 0.5504205 0.1611301 0.5560961 0.8030902 0.2140175 0.4865943 0.8421864 0.2322674 -0.8178178 0.4233592 0.3897961 -0.8178532 0.4233207 0.3897637 -0.8177843 0.423403 0.3898189 -0.4358285 0.5991089 0.6716563 -0.3502019 0.5973275 0.7214974 -0.5825897 0.4930176 0.6461601 -0.5825866 0.4930977 0.6461019 -0.5825912 0.4931489 0.6460586 -0.1996516 0.2632254 0.9438493 0.7983232 0.3427817 0.4951575 0.5555902 0.3677691 0.745698 0.5555369 0.3677707 0.7457368 0.5554888 0.3677773 0.7457695 0.392239 0.726774 0.5638689 0.5138111 0.4139479 0.751429 -0.9840909 -0.1695793 0.05299085 -0.984082 -0.1695804 0.05315339 -0.9840452 -0.1697056 0.05343478 -0.8459565 -0.5093309 0.1579234 -0.7273421 -0.6607048 0.1855874 -0.5641618 -0.7937225 0.227434 -0.4340663 -0.8692075 0.2367801 -0.8966492 -2.26414e-4 0.4427419 -0.9007195 4.70126e-5 0.4344012 -0.5964974 0.001633524 0.8026135 -0.5965023 0.001691877 0.8026098 -0.5968801 0.002092003 0.8023278 -0.4986574 -0.001346528 0.8667982 -0.4989493 -9.91149e-4 0.8666307 -0.4989473 -9.67192e-4 0.8666319 -0.3594363 0.001121282 0.933169 0.9041984 5.2778e-4 0.4271126 0.8156158 -0.003365993 0.5785841 0.8156177 -0.003416359 0.5785812 0.8160076 -0.004016578 0.5780274 0.5581969 -1.38595e-4 0.8297086 0.5578026 -5.60309e-4 0.8299735 0.5577998 -6.07053e-4 0.8299754 0.5611873 -5.08722e-4 0.8276887 0.7995771 -0.5780577 0.1628673 0.7040575 -0.6801167 0.2043145 0.7040587 -0.6801137 0.20432 0.7040657 -0.6800929 0.2043651 0.4565563 -0.8595919 0.2294737 -0.8333925 -0.3254393 0.4467061 -0.833377 -0.3254535 0.4467245 -0.8333851 -0.3254462 0.4467148 -0.4553156 -0.6404241 0.6185019 -0.4551339 -0.6402508 0.6188151 -0.4552189 -0.6403725 0.6186266 -0.4939418 -0.4645839 0.7349717 -0.4939547 -0.4645512 0.7349837 -0.4939827 -0.4644556 0.7350254 -0.4902125 -0.4685915 0.7349243 -0.4902099 -0.4685999 0.7349206 -0.4902091 -0.4686026 0.7349196 0.6689366 -0.6315162 0.3920601 0.545997 -0.644482 0.5352854 0.5459672 -0.6444329 0.5353748 0.546007 -0.6445303 0.5352168 0.4121757 -0.3656364 0.8345187 0.4121377 -0.3656656 0.8345245 0.412196 -0.3656235 0.8345142 -0.002487599 -0.4719178 0.8816391 0.003551602 -0.4066632 0.9135712 0.003464519 -0.8375067 0.5464161 0.004297852 -0.8434508 0.5371894 0.9431723 0.3315305 0.02266216 0.8800483 0.4737252 -0.03315842 0.6479535 0.7603799 0.04448533 0.463503 0.8850271 -0.04349929 0.01855343 0.9989493 0.04190665 -0.07570338 0.9970433 -0.01318764 -0.688832 0.7249195 -0.001489222 -0.6812217 0.7320148 -0.009557962 -0.9885697 0.147789 0.02980375 -0.9967411 0.07930785 -0.01475632 0 0 -1 0 0 -1 -1.30135e-7 0 -1 0 0 -1 0.4755179 -0.8714377 0.1203293 0.4838431 -0.1736504 0.8577538 0.5218359 -0.6058 0.6005779 0.5217892 -0.6059205 0.6004969 0.5217783 -0.6059376 0.6004891 0.3834705 -0.467946 0.7962267 0.5320018 -0.7841715 0.3194514 0.7654142 -0.3172764 0.5598901 0.7650908 -0.3175678 0.5601668 0.7652667 -0.3174767 0.5599783 0.6029317 -0.6716866 0.430477 0.6029276 -0.6713483 0.4310103 0.6029078 -0.6713237 0.4310762 0.5993862 -0.683117 0.4172379 0.7757006 -0.5942761 0.2124252 0.7780162 -0.5885351 0.2198119 0.5679006 -0.790183 0.2304341 0.3881225 -0.483901 0.7843473 0.2607089 -0.3606835 0.8955101 0.6040343 -0.6323117 0.4851027 0.6039824 -0.6323758 0.4850837 0.6039109 -0.6325468 0.4849497 0.1172398 -0.1220341 0.9855772 0.4387193 -0.4918974 0.7520389 0.6826012 -0.6194257 0.3877724 0.3838008 -0.3100326 0.8698142 0.6353083 -0.4560728 0.6232023 0.4047868 -0.3124927 0.859358 0.7948981 -0.4252338 0.432797 0.7948276 -0.4254906 0.4326742 0.7948623 -0.4254133 0.4326865 0.3438035 -0.1875927 0.9201132 0.7350529 -0.293434 0.6112232 0.735331 -0.2932484 0.6109777 0.7352227 -0.2933623 0.6110534 0.6165101 -0.2271753 0.7538613 0.08508425 -0.02769297 0.9959889 0.9564825 -0.2237955 0.1872348 0.551835 -0.145612 0.8211428 0.3771739 -0.07699996 0.9229361 0.798776 -0.1068732 0.59206 0.7930536 -0.01187968 0.609036 0.7930506 -0.01195073 0.6090386 0.7930633 -0.01210957 0.6090189 0.6655501 0.03804016 0.7453832 0.6449377 0.05771303 0.7620528 0.6447916 0.0579881 0.7621557 0.6448924 0.05784696 0.7620812 0.804912 0.1842988 0.5640485 0.2416347 0.05474966 0.9688216 0.7533206 0.26334 0.6026276 0.3951675 0.1769139 0.9014123 0.6965794 0.2794712 0.6608124 0.7479404 0.431759 0.5041522 0.7481718 0.4315183 0.5040149 0.7481196 0.4315933 0.5040282 0.320462 0.1933024 0.9273287 0.6911532 0.4645197 0.5536503 0.7129198 0.5631334 0.417883 0.4779217 0.3348271 0.8120848 0.4778476 0.3350444 0.8120387 0.477889 0.3349722 0.8120442 0.6102663 0.5924976 0.5258533 0.07779455 0.07038468 0.9944818 0.4751493 0.4823354 0.7359251 0.5875511 0.7291996 0.3507873 0.5189583 0.7248057 0.4531434 0.519118 0.7247902 0.4529855 0.5192583 0.7247337 0.4529149 0.3423002 0.4679435 0.8147758 0.3308535 0.4200455 0.8450431 0.4243247 0.9015254 0.08485674 0.4244502 0.9014763 0.08475136 0.424396 0.9014961 0.08481043 0.9148108 0.2527236 0.3150429 0.9147566 0.2528121 0.3151292 0.9148506 0.2526863 0.3149574 0.7586399 0.6206152 0.1982485 0.8135863 0.4685307 0.3443205 0.7439003 0.6463027 0.1700151 0.6306535 0.1557173 0.7602818 0.6316216 0.1562876 0.7593604 0.6309841 0.1557162 0.7600076 0.6754447 0.3038318 0.6719083 0.6753611 0.303784 0.6720139 0.6755021 0.3039791 0.671784 0.5771336 0.760124 0.2985438 0.5770057 0.7603677 0.2981703 0.5770025 0.7603248 0.2982857 0.6042019 0.6538639 0.4554144 0.6041668 0.6536786 0.4557268 0.6041678 0.6537483 0.4556253 0.5114071 0.7523463 0.4152563 0.5857958 0.4526311 0.6722859 -0.4653815 -0.878953 0.1042193 -0.7183483 -0.6789731 0.151563 -0.8397946 -0.3960085 0.371379 -0.5995924 -0.7665978 0.2298196 -0.8407599 -0.3821586 0.383507 -0.6406729 -0.3924033 0.6599681 -0.6406718 -0.3923826 0.6599815 -0.6406517 -0.3925643 0.659893 -0.6499139 -0.4099254 0.639979 -0.6504599 -0.410132 0.6392917 -0.6500332 -0.4099115 0.6398667 -0.5955868 -0.7260447 0.3437086 -0.5954182 -0.726206 0.3436596 -0.5957359 -0.7259569 0.3436355 -0.5779069 -0.74615 0.3305812 -0.5780202 -0.7460101 0.3306986 -0.5780412 -0.7459775 0.3307354 -0.5063614 -0.7449951 0.4342586 -0.6187043 -0.420486 0.6636239 -0.8624969 -0.004469096 0.5060427 -0.7541761 -0.0557875 0.6542981 -0.7541993 -0.0556693 0.6542816 -0.7543512 -0.0554803 0.6541225 -0.5192446 -0.0595079 0.8525514 -0.3781295 -0.02426052 0.9254349 -0.9240726 -0.219924 0.3126075 -0.8342248 -0.2796223 0.4752687 -0.05649006 -0.01260733 0.9983236 -0.5490683 -0.1755173 0.8171401 -0.8492381 -0.3674929 0.3791353 -0.8493189 -0.3671807 0.3792568 -0.8492725 -0.3674017 0.3791467 -0.422444 -0.1850492 0.8872981 -0.3392466 -0.1580044 0.927333 -0.7130332 -0.403214 0.5735871 -0.7117938 -0.4942165 0.4990988 -0.6020617 -0.5059586 0.6176792 -0.2499161 -0.1934087 0.9487544 -0.44392 -0.406135 0.7987424 -0.629332 -0.7097425 0.3165546 -0.6295876 -0.7095775 0.3164164 -0.6295093 -0.7096433 0.3164246 -0.5117955 -0.7026898 0.4942596 -0.08396768 -0.0828256 0.9930204 -0.3575333 -0.4604694 0.8124887 -0.2785275 -0.3876259 0.8787313 -0.5265529 0.390872 0.7549577 -0.5590394 0.2830906 0.7793168 -0.5232867 0.7275252 0.4437095 -0.5481043 0.7342092 0.4006475 -0.7125494 0.4732052 0.5180254 -0.7124868 0.4733218 0.5180048 -0.7126662 0.4728785 0.5181632 -0.6084641 0.6604196 0.4400198 -0.608693 0.6602498 0.439958 -0.6088613 0.6600283 0.4400575 -0.9164255 -0.07093763 0.3938683 -0.6655222 0.692972 0.2772548 -0.5159429 0.8448898 0.141295 -0.7861335 0.5671605 0.2456082</float_array>
          <technique_common>
            <accessor source="#Part__Feature010-mesh-normals-array" count="405" stride="3">
              <param name="X" type="float"/>
              <param name="Y" type="float"/>
              <param name="Z" type="float"/>
            </accessor>
          </technique_common>
        </source>
        <vertices id="Part__Feature010-mesh-vertices">
          <input semantic="POSITION" source="#Part__Feature010-mesh-positions"/>
        </vertices>
        <triangles material="Part__Feature010-material" count="310">
          <input semantic="VERTEX" source="#Part__Feature010-mesh-vertices" offset="0"/>
          <input semantic="NORMAL" source="#Part__Feature010-mesh-normals" offset="1"/>
          <p>2 0 3 0 1 0 4 1 3 1 2 1 6 2 3 2 4 2 5 3 2 3 1 3 7 4 2 5 5 6 7 7 4 7 2 7 8 8 6 8 4 8 9 9 4 10 7 11 8 12 4 12 9 12 10 13 9 13 7 13 12 14 9 14 10 14 8 15 9 15 12 15 11 16 12 16 10 16 13 17 8 17 12 17 14 18 12 18 11 18 13 19 12 19 14 19 14 20 11 20 0 20 68 21 20 21 21 21 22 22 68 22 21 22 22 23 21 23 23 23 24 24 22 24 23 24 24 25 23 25 25 25 26 26 24 26 25 26 26 27 25 27 27 27 28 28 26 28 27 28 28 29 27 29 29 29 65 30 28 30 29 30 65 31 29 31 30 31 60 32 61 32 126 32 31 33 60 33 126 33 31 34 126 35 32 36 31 37 32 37 119 37 33 38 31 38 119 38 33 39 119 39 34 39 33 40 34 40 110 40 35 41 33 41 110 41 35 42 110 42 116 42 35 43 116 43 95 43 36 44 95 44 19 44 36 45 35 45 95 45 36 46 19 46 18 46 36 47 18 47 44 47 37 48 36 48 44 48 37 49 44 49 38 49 37 50 38 50 144 50 39 51 37 51 144 51 39 52 144 52 140 52 39 53 140 53 151 53 40 54 39 54 151 54 40 55 151 55 41 55 40 56 41 56 42 56 43 57 40 57 42 57 43 58 42 58 145 58 43 59 145 59 0 59 95 60 18 60 19 60 98 61 44 61 100 61 100 62 44 62 95 62 44 63 18 63 95 63 17 64 15 64 16 64 16 65 15 65 45 65 45 66 84 66 88 66 15 67 84 67 45 67 124 68 47 68 46 68 48 69 120 69 124 69 48 70 124 70 46 70 49 71 0 71 11 71 49 72 43 72 0 72 49 73 11 73 10 73 49 74 10 74 7 74 50 75 49 75 7 75 50 76 7 76 5 76 50 77 5 77 1 77 51 78 50 78 1 78 51 79 1 79 154 79 51 80 154 80 156 80 51 81 156 82 15 83 52 84 15 84 17 84 52 85 51 85 15 85 52 86 17 86 16 86 52 87 16 87 45 87 53 88 52 88 45 88 53 89 45 89 54 89 53 90 54 90 137 90 55 91 53 91 137 91 55 92 137 92 135 92 55 93 135 93 56 93 57 94 55 94 56 94 57 95 56 95 58 95 57 96 58 96 59 96 60 97 57 97 59 97 60 98 59 98 128 98 60 99 128 99 61 99 150 100 6 100 8 100 150 101 8 101 13 101 150 102 62 102 6 102 57 103 63 103 55 103 63 104 64 104 55 104 55 105 64 105 53 105 60 106 63 106 57 106 60 107 65 107 63 107 53 108 64 108 52 108 64 109 66 109 52 109 31 110 65 110 60 110 31 111 28 111 65 111 52 112 66 112 51 112 33 113 28 113 31 113 51 114 66 114 50 114 33 115 26 115 28 115 66 116 67 116 50 116 33 117 35 117 26 117 67 118 49 118 50 118 68 119 49 119 67 119 35 120 36 120 26 120 26 121 36 121 24 121 68 122 43 122 49 122 36 123 37 123 24 123 68 124 40 124 43 124 24 125 37 125 22 125 37 126 39 126 22 126 22 127 40 127 68 127 22 128 39 128 40 128 86 129 105 129 94 129 101 130 105 130 86 130 69 131 70 131 76 131 76 132 70 132 77 132 71 133 80 133 79 133 71 134 72 134 80 134 6 135 62 135 73 135 62 136 142 136 73 136 142 137 75 137 73 137 73 138 75 138 74 138 75 139 76 140 74 141 74 142 76 142 77 142 46 143 136 143 48 143 48 144 136 144 112 144 136 145 78 145 112 145 112 146 78 147 115 148 78 149 79 150 115 151 115 152 79 152 80 152 82 153 134 153 45 153 77 154 70 155 83 156 81 157 77 157 83 157 81 158 83 158 84 158 15 159 81 159 84 159 93 160 88 160 84 160 93 161 84 161 85 161 94 162 93 162 85 162 94 163 85 163 86 163 71 164 79 164 82 164 87 165 71 166 82 167 87 168 82 168 45 168 88 169 87 169 45 169 90 170 83 171 70 172 91 173 84 173 83 173 91 174 85 174 84 174 90 175 91 176 83 177 86 178 85 178 91 178 87 179 92 179 71 179 94 180 92 181 87 182 93 183 87 183 88 183 93 184 94 184 87 184 69 185 76 186 139 187 97 188 69 188 139 188 97 189 139 189 89 189 98 190 97 190 89 190 98 191 89 191 44 191 90 192 69 192 99 192 90 193 70 193 69 193 91 194 90 195 99 196 91 197 99 198 101 199 86 200 91 200 101 200 72 201 71 201 92 201 104 202 72 203 92 204 104 205 92 206 94 207 105 208 104 208 94 208 96 209 80 209 72 209 96 210 72 211 100 212 95 213 96 213 100 213 97 214 99 215 69 216 102 217 97 218 98 219 101 220 99 221 97 222 102 223 101 224 97 225 104 226 100 226 72 226 104 227 103 228 100 229 105 230 103 231 104 232 103 233 101 233 102 233 103 234 105 234 101 234 103 235 102 235 98 235 100 236 103 236 98 236 63 237 65 237 30 237 63 238 30 238 106 238 64 239 63 239 106 239 64 240 106 240 107 240 66 241 64 241 107 241 66 242 107 242 108 242 66 243 108 243 109 243 67 244 66 244 109 244 68 245 67 245 109 245 68 246 109 246 20 246 21 247 109 247 108 247 21 248 20 248 109 248 23 248 21 248 108 248 23 249 108 249 107 249 29 248 106 248 30 248 27 248 25 248 23 248 27 248 106 248 29 248 27 250 107 250 106 250 27 248 23 248 107 248 116 251 96 251 95 251 48 252 112 252 113 252 112 253 114 254 113 255 111 256 113 256 114 256 110 257 111 257 114 257 112 258 115 259 114 260 116 261 114 262 115 263 110 264 114 264 116 264 116 265 115 265 96 265 96 266 115 266 80 266 111 267 110 267 34 267 117 268 113 268 111 268 117 269 48 269 113 269 118 270 111 271 34 272 120 273 48 273 117 273 117 274 111 274 118 274 119 275 118 275 34 275 120 276 117 276 118 276 121 277 118 277 119 277 121 278 120 278 118 278 121 279 119 280 32 281 120 282 121 282 122 282 123 283 121 284 32 285 122 286 121 286 123 286 124 287 120 287 122 287 123 288 32 288 126 288 125 289 122 289 123 289 124 290 122 290 125 290 126 291 125 291 123 291 61 292 125 293 126 294 124 295 125 295 61 295 127 296 124 297 61 298 127 299 61 299 128 299 127 300 47 300 124 300 59 301 127 301 128 301 47 302 127 302 129 302 129 303 127 303 59 303 129 304 59 305 58 306 130 307 47 307 129 307 131 308 129 308 58 308 56 309 131 309 58 309 130 310 129 311 131 312 132 313 131 313 56 313 46 314 47 314 130 314 130 315 131 315 132 315 135 316 132 316 56 316 132 317 135 318 138 319 132 320 138 320 46 320 130 321 132 321 46 321 54 322 45 323 134 324 79 325 133 326 82 327 133 328 134 328 82 328 78 329 133 329 79 329 54 330 134 330 133 330 136 331 133 332 78 333 136 334 138 335 133 336 138 337 137 338 54 339 138 340 54 341 133 342 138 343 135 343 137 343 46 344 138 344 136 344 38 345 44 345 89 345 139 346 38 346 89 346 75 347 139 347 76 347 139 348 141 348 38 348 141 349 139 349 75 349 142 350 143 351 141 352 142 353 141 354 75 355 141 356 144 357 38 358 143 359 144 360 141 361 143 362 140 362 144 362 143 363 142 363 62 363 145 364 14 364 0 364 146 365 14 366 145 367 147 368 14 368 146 368 147 369 13 369 14 369 146 370 145 370 42 370 148 371 146 371 42 371 147 372 150 372 13 372 147 373 146 373 148 373 41 374 148 375 42 376 149 377 147 377 148 377 150 378 147 378 149 378 149 379 148 379 41 379 151 380 149 380 41 380 152 381 149 381 151 381 153 382 150 382 149 382 153 383 149 383 152 383 152 384 151 385 140 386 152 387 140 387 143 387 62 388 150 388 153 388 153 389 152 389 143 389 153 390 143 390 62 390 6 391 73 391 3 391 73 392 155 392 3 392 154 393 1 393 3 393 154 394 3 394 155 394 155 395 73 396 74 397 156 398 154 399 155 400 155 401 74 401 77 401 77 402 156 402 155 402 156 403 81 403 15 403 156 404 77 404 81 404</p>
        </triangles>
      </mesh>
    </geometry>
    <geometry id="Part__Feature009-mesh" name="Part__Feature009">
      <mesh>
        <source id="Part__Feature009-mesh-positions">
          <float_array id="Part__Feature009-mesh-positions-array" count="471">0.216201 0.01214826 0.008800625 0.2153694 0.01079809 0.009717345 0.2177709 0.01274961 0.009585738 0.2141906 0.01037466 0.008936166 0.2177338 0.01186043 0.009981215 0.2128435 0.008461236 0.009322822 0.2119209 0.007413268 0.008808434 0.2131048 0.007450401 0.009953439 0.2115812 0.005557596 0.00963521 0.2107375 0.004492759 0.009034693 0.211222 0.001913011 0.009996592 0.2101608 0.002009451 0.008992671 0.2105371 0.001592397 0.009646654 0.2209621 0.0144509 0.01189094 0.2257632 0.01500636 0.009944379 0.2231686 0.01488256 0.01039242 0.2242238 -0.015006 0.009938418 0.2268285 -0.01488226 0.01039826 0.2200074 -8.80656e-4 0 0.2200669 -0.001038849 -0.004999995 0.221149 -0.003285169 -0.004999995 0.2211858 -0.003311276 0 0.2235822 -0.004885017 0 0.2239027 -0.004996299 -0.004999995 0.2273108 -0.004600465 0 0.2277116 -0.004356324 -0.004999995 0.2296482 -0.002004027 0 0.2298227 -0.001576066 -0.004999995 0.2299211 0.001123249 -0.004999995 0.2399962 7.70599e-4 0.008784115 0.2394804 -0.004567861 0 0.2397593 -0.002640187 0.008868515 0.2381004 -0.007279872 0.008907735 0.2357653 -0.01058375 0 0.2308172 -0.01392018 0 0.2249553 -0.01508694 0 0.2199041 -0.0141611 0 0.2202923 -0.01421457 0.01068437 0.2160071 -0.01207596 0 0.2123593 -0.008253395 0 0.2127022 -0.008431494 0.009187877 0.2113201 -0.006162822 0.008793234 0.2101222 -0.002607762 0 0.2105911 -0.003940343 0.009104013 0.2101009 -0.001330196 0.009060263 0.2210918 -0.01447951 0.01185518 0.2289077 0.01447963 0.01185548 0.2105196 0.004567861 0 0.2142347 0.01058375 0 0.2191827 0.01392018 0 0.2250446 0.01508694 0 0.2300959 0.0141611 0 0.2297075 0.01421463 0.0106846 0.2339929 0.0120759 0 0.233803 0.0121296 0.008885204 0.2358046 0.01041328 0.00877887 0.2376406 0.008253395 0 0.2378628 0.007699728 0.008905947 0.2398778 0.002607762 0 0.2392637 0.004772067 0.008718252 0.2178244 -0.01191127 0.009983897 0.2288988 0.003158986 0 0.2269425 0.004716098 0 0.2299901 0.001008987 0 0.2241251 0.004961609 0 0.2218763 0.00398308 0 0.2202948 0.001846194 0 0.2200487 -0.01151001 0.01883375 0.2200478 0.01151019 0.01882928 0.2299129 0.01168948 0.0188601 0.229911 -0.01168745 0.01888865 0.2187411 0.01283383 0.01023435 0.2196226 0.01317441 0.01108717 0.2193321 -0.01304507 0.0107308 0.219983 -0.01327359 0.01195907 0.2200425 0.01347702 0.01211887 0.2321723 0.01194524 0.009980261 0.2303774 -0.01317441 0.01108729 0.230668 0.01304501 0.01073068 0.2300174 0.01327276 0.011958 0.2299448 -0.01352155 0.01212382 0.2204964 0.01414251 0.01203489 0.2297286 0.01376581 0.01240092 0.2204372 0.01198554 0.01928406 0.2211261 0.01246225 0.01925325 0.2212074 0.01150858 0.01996064 0.2290415 0.01243275 0.01922678 0.2202714 -0.01376587 0.0124008 0.2210972 0.01202082 0.01969957 0.2204236 0.01146125 0.01957273 0.2296533 0.01140624 0.01946562 0.2292667 0.01197749 0.01957315 0.2289023 0.01141589 0.01995736 0.2286266 0.01202315 0.01974844 0.228998 -0.01445317 0.01190567 0.2205867 -0.01216882 0.01926678 0.2212313 -0.01247674 0.01925635 0.2204127 -0.01145923 0.0195477 0.2211706 -0.01131737 0.01997482 0.2290096 -0.0124185 0.01929354 0.2211856 -0.01181763 0.01984697 0.2293008 -0.01202553 0.01948559 0.2287396 -0.01160693 0.01995301 0.2297432 -0.01154965 0.01930725 0.2293482 -0.01130807 0.01974976 0.2285814 0.003611981 -0.004999995 0.2260407 0.004942595 -0.004999995 0.2230575 0.004716098 -0.004999995 0.2203176 0.002112627 -0.004999995 0.2320585 -0.01216948 0.00996977 0.2337511 -0.01218706 0.008767127 0.2295137 -0.01418584 0.01189935 0.2335543 -0.01209342 0.009267449 0.2311651 -0.01274406 0.01033222 0.231398 -0.01310336 0.009937047 0.231054 -0.01371264 0.009360849 0.2307128 -0.01374208 0.009889066 0.2304524 -0.01356559 0.01067525 0.2346042 -0.01071637 0.009750604 0.2360954 -0.01008415 0.008945882 0.2363122 -0.008243322 0.009978413 0.2368109 -0.008871436 0.009346723 0.2381044 -0.006402611 0.009590268 0.2391247 -0.004927337 0.00899899 0.2384197 -0.003731787 0.009971916 0.239165 -0.002336978 0.009813308 0.2397485 -0.001223802 0.009310305 0.2394705 0.001427888 0.009648859 0.2395122 0.002961695 0.009302258 0.2384749 0.003404319 0.009984254 0.2385314 0.005554914 0.009544312 0.2372165 0.006851792 0.009956657 0.2367598 0.0088979 0.009425044 0.2352514 0.009332418 0.009983539 0.2348849 0.01069182 0.009620249 0.2302662 0.01349842 0.01103782 0.2295007 0.01419496 0.01193881 0.2304939 0.01372379 0.01036369 0.2314781 0.0126993 0.0101298 0.2313615 0.01356518 0.009211778 0.2319986 0.01291441 0.009582698 0.2204993 -0.01419496 0.01193881 0.2198648 -0.01358175 0.01129305 0.215994 -0.01200366 0.008848488 0.2195158 -0.01365584 0.01052498 0.2185218 -0.0126993 0.0101298 0.2181771 -0.01303094 0.009598255 0.2186385 -0.01356518 0.009211778 0.2109162 -0.00264126 0.009800255 0.212072 -0.004949271 0.009983122 0.2119221 -0.006328284 0.009659767 0.2135748 -0.009714007 0.008851289 0.2146002 -0.00947237 0.009950518 0.2150919 -0.01083695 0.009492814 0.2192478 0.01385104 0.009519994 0.2196015 0.01385468 0.01024293 0.2195271 0.01355886 0.01064693</float_array>
          <technique_common>
            <accessor source="#Part__Feature009-mesh-positions-array" count="157" stride="3">
              <param name="X" type="float"/>
              <param name="Y" type="float"/>
              <param name="Z" type="float"/>
            </accessor>
          </technique_common>
        </source>
        <source id="Part__Feature009-mesh-normals">
          <float_array id="Part__Feature009-mesh-normals-array" count="1212">-0.5201019 0.6750822 0.523219 -0.5200304 0.6751273 0.5232319 -0.5203238 0.6750015 0.5231026 -0.277225 0.4000579 0.8735559 -0.561133 0.6728884 0.4820281 -0.5916376 0.5379135 0.6005116 -0.5917606 0.5376362 0.6006387 -0.5917049 0.5378062 0.6005414 -0.1974815 0.2012477 0.9594271 -0.7819504 0.5907348 0.1989623 -0.4720091 0.3755464 0.7976042 -0.5642427 0.3267612 0.7581935 -0.5642943 0.3266975 0.7581825 -0.5643833 0.3266299 0.7581453 -0.7411731 0.3814476 0.5524131 -0.7411134 0.381547 0.5524245 -0.7413781 0.3812557 0.5522704 -0.7983304 0.3606457 0.4822897 -0.7984266 0.3605266 0.4822195 -0.798552 0.3604395 0.482077 -0.3510514 0.1265995 0.9277584 -0.8002439 0.1762061 0.5732024 -0.8002411 0.1762459 0.5731942 -0.8002642 0.1761047 0.5732054 -0.7176358 0.1908994 0.6697435 -0.4999634 0.1341103 0.8555999 -0.8590738 0.02602368 0.51119 -0.8591366 0.0261498 0.511078 -0.8591203 0.0261259 0.5111064 -0.9011147 -0.4335713 0.002913832 -0.9011176 -0.4335647 0.00297451 -0.9011179 -0.433564 0.003000855 -0.8998195 -0.4362409 0.00433886 -0.5489066 -0.8358836 -3.30154e-4 -0.5277523 -0.8492674 -0.01491844 0.07605957 -0.9967358 0.02706855 0.1656029 -0.9855766 -0.03484976 0.7429355 -0.668823 0.02688521 0.7961958 -0.6045644 -0.02396225 0.9933131 -0.1127092 0.02501726 0.9992296 -0.03642266 -0.01462328 0.9981577 -0.05527615 -0.02501618 0.997438 -0.06967496 -0.0162152 0.9636426 -0.2657788 0.02747255 0.9163849 -0.3997858 0.02025216 0.8505002 -0.5252211 -0.02814984 0.8134789 -0.5815893 0.002460539 0.6669205 -0.7449351 0.01699125 0.5589072 -0.8289063 -0.02317607 0.4934581 -0.869743 0.006802022 0.3518174 -0.9359937 0.01185363 0.2059041 -0.9784097 -0.01783341 0.1951995 -0.9806625 -0.01407682 0.04543232 -0.9989016 0.01147884 -0.1683674 -0.9857146 -0.004365563 -0.1802831 -0.9835793 -0.008357226 -0.3238697 -0.9460756 0.007034063 -0.3723043 -0.9280683 0.00888431 -0.471771 -0.8816868 -0.007779598 -0.5090799 -0.8606964 0.0062747 -0.6873848 -0.7262769 0.004912018 -0.7233729 -0.6903037 -0.01457548 -0.8242012 -0.5659511 0.01979124 -0.8554763 -0.5173788 0.02190047 -0.9294402 -0.3682994 -0.02228528 -0.9500622 -0.3120434 0.003263533 -0.9826103 -0.184167 0.02365821 0.005954384 -0.9640901 0.265509 0.001551389 -0.9652888 0.2611805 0.001507878 -0.9636511 0.2671596 -0.003533244 -0.9604333 0.2784879 0.002618134 0.9598861 0.2803779 -0.002282857 0.9630812 0.2692018 0.00448358 0.963553 0.2674804 -0.002328574 0.9653858 0.2608159 0.04407835 0.02408349 0.9987378 -0.002300143 -0.001451075 0.9999964 -0.003345131 -0.001704752 0.999993 -0.005936026 0.004221916 0.9999735 2.43424e-4 -4.37406e-4 1 -0.9998293 0.0178309 -0.004866361 -0.9981805 0.05527371 -0.02409547 -0.97386 0.2257278 0.02537184 -0.9258183 0.3771098 0.02547103 -0.8503294 0.5251285 -0.03435063 -0.7938682 0.6080027 0.01030969 -0.6609623 0.7502831 0.0142942 -0.5589256 0.8289132 -0.02248007 -0.4895666 0.8719123 0.009676635 -0.3415002 0.9398338 0.00949198 -0.3412027 0.9399456 0.00910604 -0.3412044 0.9399452 0.009096026 -0.2033843 0.9789434 -0.01746004 -0.1951998 0.9806555 -0.01455956 -0.04569137 0.9988906 0.0113967 0.1676473 0.9858384 -0.004124224 0.1802835 0.9835793 -0.008357167 0.3237637 0.9461119 0.007030069 0.3723085 0.9280666 0.008885383 0.4717662 0.8816895 -0.007779657 0.5074207 0.86168 0.005640268 0.6511899 0.7588575 0.009334146 0.7233282 0.6902554 -0.018543 0.7962062 0.6047654 0.01773577 0.9021563 0.431388 0.004314243 0.9293566 0.3682696 -0.02595955 0.9832891 0.1803984 0.02447491 -0.01029473 7.37521e-5 0.9999471 -0.005379676 -6.48177e-4 0.9999854 0.01860135 0.001470863 0.999826 0.01205325 -4.72322e-4 0.9999274 2.41685e-7 -4.094e-7 -1 -1.48459e-7 -1.86519e-7 -1 0 0 -1 -2.91009e-7 0 -1 0 0 -1 -7.29835e-7 0 -1 0 2.33836e-7 -1 0 0 -1 1.40539e-7 0 -1 3.9612e-7 1.99719e-7 -1 0 0 -1 1.96959e-7 2.00423e-7 -1 0 0 -1 0 0 -1 0 0 -1 0 0 -1 -2.08296e-7 -2.06299e-7 -1 -4.11123e-7 -1.35561e-7 -1 -1.46557e-7 0 -1 0 -2.31883e-7 -1 0 0 -1 7.09179e-7 -1.38814e-7 -1 0 0 -1 0 0 -1 3.20006e-7 0 -1 1.36868e-7 2.08418e-7 -1 -2.47312e-7 4.35418e-7 -1 4.26764e-4 -1.92325e-4 0.9999999 0.002909958 6.17278e-4 0.9999956 -0.9999542 -3.97193e-5 0.009570777 -0.9999966 0.002215325 0.001435458 0.9998911 -0.002617955 0.01453179 0.9999875 -7.65328e-5 0.005023479 -0.243039 -8.16434e-4 0.9700163 -0.2072105 -0.002227962 0.9782939 -0.5952448 0.001818954 0.8035425 -0.6951469 -0.002064585 0.7188648 -0.6949049 -0.001740157 0.7190997 -0.6951451 -0.002032637 0.7188666 -0.883322 0.003414332 0.4687543 -0.9261816 -1.91768e-4 0.3770779 0.2091147 -0.001413106 0.9778901 0.3744302 0.002770423 0.927251 0.5954677 -9.34371e-4 0.8033788 0.6916013 0.002163946 0.7222762 0.6913577 0.001827836 0.7225103 0.6916013 0.002152562 0.7222763 0.883269 -0.003414332 0.4688543 0.9228791 -1.17263e-4 0.3850901 0.2886698 0.7683942 0.5711745 -0.8321853 0.531935 0.1565657 -0.8053783 0.5699139 0.1629852 -0.5459523 0.8042279 0.2348482 -0.4839568 0.8420418 0.2382259 0.004994034 0.7845498 0.6200457 -0.00477916 0.7111678 0.7030061 -0.005922079 0.4530429 0.8914691 0.004344224 0.3270887 0.9449837 0.8978762 0.4259446 0.1113091 0.6840755 0.6998851 0.2054305 0.6840766 0.6998758 0.2054586 0.6840761 0.6998665 0.2054916 0.5567475 0.8029485 0.2128518 -0.2883808 -0.768368 0.5713556 -0.42619 0.6569848 0.6218787 -0.4262335 0.657052 0.6217778 -0.4262062 0.6570179 0.6218326 -0.8523389 0.2694897 0.4482117 -0.8523107 0.269518 0.4482485 -0.8522992 0.2695284 0.4482642 -0.4977714 0.4281401 0.7542678 -0.4343667 0.3330801 0.8368891 0.75178 0.4118466 0.5149846 0.6880295 0.6231523 0.3718825 0.5374606 0.2100026 0.8167222 0.2417269 0.6604169 0.7109274 0.2673622 0.4194034 0.8675358 0.2674708 0.4193953 0.8675062 0.2675189 0.4193996 0.8674893 0.2428415 -0.4482593 0.8602858 -0.8992363 -0.4215881 0.1167806 -0.8992374 -0.421596 0.1167433 -0.8992323 -0.4216307 0.1166576 -0.8145831 -0.5555917 0.1666507 -0.5571379 -0.8028184 0.2123208 -0.4147 -0.8763662 0.2449619 -0.8909267 -6.81397e-5 0.4541471 -0.8924222 5.08283e-5 0.4512013 -0.4908954 -7.16736e-4 0.8712183 -0.4436767 0.001272261 0.8961861 0.9189441 8.78363e-4 0.3943868 0.9282729 3.76419e-4 0.3718997 0.7452391 -0.001610398 0.6667954 0.7452597 -0.00149703 0.6667727 0.7455552 -0.002157211 0.6664406 0.5478145 0.003586053 0.8365921 0.547411 0.003111839 0.8368582 0.547411 0.003102958 0.8368582 0.317822 -0.002425372 0.9481473 0.6694679 -0.7161049 0.1975005 0.6640394 -0.721125 0.1975613 -0.8148623 -0.3754718 0.4416114 -0.8148177 -0.3755052 0.441665 -0.8148838 -0.375453 0.4415873 -0.4907838 -0.4216876 0.7624375 -0.4908478 -0.4216648 0.7624089 -0.4908264 -0.4216712 0.762419 -0.4433797 -0.233587 0.8653621 -0.4433984 -0.233578 0.865355 -0.4433902 -0.2335819 0.8653581 -0.2984707 -0.6485645 0.7001996 -0.2984724 -0.6485636 0.7001996 -0.2984615 -0.6485687 0.7001996 0.6793208 -0.6601405 0.3205276 0.7298099 -0.5061171 0.4595901 0.7298923 -0.50605 0.4595331 0.7296486 -0.506316 0.4596272 0.2385233 -0.5634204 0.7909895 0.6210777 -0.3061439 0.7214835 0.6210774 -0.3061437 0.7214839 0.6210396 -0.3061195 0.7215268 0.442751 -0.3353736 0.8315626 0.4427464 -0.3353476 0.8315755 0.442748 -0.3353555 0.8315714 -0.006682813 -0.2478184 0.9687834 0.008153617 -0.6670171 0.7449979 0.001013398 -0.6304194 0.7762542 0.880531 0.4739868 -0.001320421 0.8915861 0.4525833 -0.01558196 0.6224488 0.7820326 0.03134518 0.4635043 0.8850263 -0.04350036 0.08678305 0.9957917 0.02945882 -0.07566606 0.9965942 -0.03278249 -0.3986837 0.9162097 0.0401386 -0.6877427 0.7237638 -0.05635547 -0.8034741 0.5946803 0.02801108 -0.9944911 0.1048164 0.00103563 -0.9967476 0.07929319 -0.0143857 0 0 -1 1.22861e-7 0 -1 0 0 -1 1.33995e-7 0 -1 -4.65104e-7 0 -1 3.93779e-7 0 -1 0.560528 -0.4212722 0.7129783 0.5605342 -0.4212527 0.7129849 0.5605432 -0.4210999 0.7130681 0.5269997 -0.7966923 0.2958935 0.5183835 -0.7802891 0.3498965 0.6741091 -0.3036029 0.6733515 0.7376466 -0.4180403 0.5302073 0.7376398 -0.4180524 0.5302072 0.7378153 -0.4175896 0.5303279 0.6220083 -0.6943574 0.3619027 0.9283698 -0.1699901 0.3305042 0.7977672 -0.4753516 0.370956 0.7579223 -0.5877583 0.2830094 0.7578584 -0.5878278 0.2830359 0.7578578 -0.5878284 0.2830363 0.7364469 -0.5075239 0.4472868 0.4595751 -0.8846309 0.07886189 0.4155704 -0.3236742 0.8500214 0.4731943 -0.5587638 0.6810802 0.3778162 -0.5495269 0.7451679 0.2167775 -0.2369505 0.9470281 0.6046126 -0.7054603 0.3698235 0.5596528 -0.619737 0.5501955 0.5654032 -0.5397453 0.6236941 0.4796197 -0.4030379 0.7794392 0.7818135 -0.5551317 0.2838954 0.7172727 -0.4298747 0.5483864 0.5302655 -0.3538175 0.7704752 0.8033237 -0.3679421 0.4682838 0.3762531 -0.1744461 0.9099463 0.708603 -0.221615 0.669902 0.516075 -0.1805811 0.8372916 0.802325 -0.1903321 0.5657281 0.8085772 -0.1693098 0.5635045 0.8085953 -0.1692634 0.5634923 0.8085708 -0.1693287 0.563508 0.9727884 -0.06241846 0.2231297 0.9727782 -0.06220442 0.2232339 0.9728447 -0.06262177 0.2228268 0.8628603 0.02601474 0.5047729 0.6774324 -0.02284634 0.7352302 0.2140694 -0.003345131 0.9768127 0.8781991 0.08258795 0.4711112 0.9726895 0.1809318 0.1453921 0.9728159 0.1805464 0.1450257 0.9727706 0.1807334 0.1450957 0.3426902 0.01323103 0.9393554 0.6108832 0.1586707 0.775658 0.8333753 0.2697854 0.4823915 0.8333671 0.2700126 0.4822785 0.83338 0.2699077 0.4823151 0.5702841 0.1502345 0.8075926 0.8410757 0.3775952 0.3873161 0.8411622 0.3773128 0.3874032 0.8411097 0.3775128 0.3873225 0.4424884 0.1685645 0.8807894 0.705819 0.3950071 0.5880383 0.5582329 0.3227726 0.7643259 0.5581001 0.3228915 0.7643727 0.558465 0.3227044 0.7641851 0.7637162 0.5915889 0.2583801 0.7636498 0.5917093 0.2583003 0.7636065 0.5918579 0.2580881 0.4078995 0.3138162 0.8574015 0.6292757 0.604662 0.4882582 0.6293027 0.604633 0.4882593 0.6295568 0.6044501 0.4881582 0.4108072 0.3371748 0.8470836 0.5998908 0.672782 0.4330074 0.2665807 0.3153049 0.9107786 0.5027955 0.6623131 0.555462 0.3027208 0.4076635 0.8614933 0.4218735 0.9027591 0.08395731 0.4219622 0.9027293 0.08383256 0.4219208 0.9027419 0.08390527 0.9151378 0.2571863 0.3104481 0.7483714 0.6496849 0.1336033 0.7714993 0.6087937 0.1848221 0.8061918 0.4862049 0.3371345 0.5977506 0.6775637 0.4284877 0.5881407 -0.02748191 0.8082917 0.5892866 -0.02680104 0.8074795 0.5885298 -0.02746778 0.8080089 0.6991134 0.5736559 0.4268014 0.6991779 0.5735582 0.4268271 0.6993858 0.5731017 0.4270995 0.5944406 0.7249915 0.3478905 0.5819362 0.3970419 0.7097239 0.5747517 0.749424 0.3286705 0.5747914 0.7493422 0.3287875 0.5748009 0.749315 0.3288329 0.4966952 0.7424833 0.449458 0.5826777 0.3956483 0.7098938 -0.4217923 -0.9028197 0.0837121 -0.9162001 -0.2761479 0.2903791 -0.7730335 -0.6074643 0.1827746 -0.7560853 -0.6404436 0.1347852 -0.8222348 -0.4467473 0.3526288 -0.5942416 -0.7287563 0.340281 -0.8248327 -0.3870668 0.4121048 -0.6402891 -0.3926001 0.6602234 -0.649879 -0.4100654 0.6399248 -0.6503621 -0.410239 0.6393224 -0.6499876 -0.4100511 0.6398235 -0.593691 -0.7262692 0.3465026 -0.5794725 -0.7429366 0.3350476 -0.5795927 -0.7427853 0.3351753 -0.5796056 -0.7427647 0.3351986 -0.5013518 -0.7478376 0.4351844 -0.6167705 -0.4228965 0.6638922 -0.4519755 -0.008107125 0.8919935 -0.7035916 -0.03721624 0.7096294 -0.703618 -0.03712308 0.7096081 -0.7037761 -0.03695672 0.70946 -0.7762944 -0.1351892 0.6157036 -0.7762355 -0.1352907 0.6157557 -0.7763725 -0.1351066 0.6156234 -0.2105014 -0.0279926 0.9771927 -0.673934 -0.210844 0.7080662 -0.8032439 -0.332522 0.4941947 -0.8032123 -0.332605 0.4941905 -0.8032303 -0.3325617 0.4941901 -0.452038 -0.1567904 0.8781108 -0.7873266 -0.3977254 0.4710959 -0.3167874 -0.183777 0.9305224 -0.5123475 -0.3644914 0.7775899 -0.6399624 -0.5704972 0.5147631 -0.5308655 -0.4351915 0.7271796 -0.6479189 -0.6849749 0.3331824 -0.5031956 -0.6821075 0.530588 -0.3151985 -0.4019306 0.8597103 -0.3077859 -0.3950598 0.8655609 -0.540085 0.3606238 0.7604333 -0.5400909 0.3606767 0.760404 -0.5400663 0.360567 0.7604735 -0.5258142 0.4370785 0.7297136 -0.5119843 0.714935 0.4761723 -0.5676152 0.7765014 0.2736029 -0.5675758 0.7766534 0.2732533 -0.5675969 0.77662 0.2733042 -0.7274873 0.6105722 0.3129917 -0.7046824 0.452286 0.5466811 -0.7046571 0.452323 0.5466831 -0.7048845 0.4518506 0.5467805 -0.9302195 0.1517046 0.334182 -0.7497205 0.5921294 0.2954691 -0.6862984 0.6468501 0.332535 -0.5207926 0.8445674 0.1244229 -0.7716683 0.563555 0.2948458</float_array>
          <technique_common>
            <accessor source="#Part__Feature009-mesh-normals-array" count="404" stride="3">
              <param name="X" type="float"/>
              <param name="Y" type="float"/>
              <param name="Z" type="float"/>
            </accessor>
          </technique_common>
        </source>
        <vertices id="Part__Feature009-mesh-vertices">
          <input semantic="POSITION" source="#Part__Feature009-mesh-positions"/>
        </vertices>
        <triangles material="Part__Feature009-material" count="310">
          <input semantic="VERTEX" source="#Part__Feature009-mesh-vertices" offset="0"/>
          <input semantic="NORMAL" source="#Part__Feature009-mesh-normals" offset="1"/>
          <p>1 0 2 1 0 2 1 3 4 3 2 3 3 4 1 4 0 4 5 5 1 6 3 7 7 8 4 8 1 8 5 9 3 9 6 9 7 10 1 10 5 10 8 11 7 12 5 13 8 14 5 15 6 16 9 17 8 18 6 19 10 20 7 20 8 20 12 21 9 22 11 23 12 24 8 24 9 24 12 25 10 25 8 25 11 26 44 27 12 28 18 29 19 30 20 31 21 32 18 32 20 32 22 33 21 33 20 33 22 34 20 34 23 34 24 35 22 35 23 35 24 36 23 36 25 36 26 37 24 37 25 37 26 38 25 38 27 38 63 39 26 39 27 39 63 40 27 40 28 40 30 41 58 41 29 41 30 42 29 42 31 42 30 43 31 43 123 43 30 44 123 44 32 44 33 45 30 45 32 45 33 46 32 46 119 46 33 47 119 47 110 47 34 48 33 48 110 48 34 49 110 49 115 49 34 50 115 50 94 50 35 51 94 51 17 51 35 52 34 52 94 52 35 53 17 53 16 53 35 54 16 54 45 54 36 55 35 55 45 55 36 56 45 56 37 56 36 57 37 57 147 57 38 58 36 58 147 58 38 59 147 59 143 59 38 60 143 60 151 60 39 61 38 61 151 61 39 62 151 62 40 62 39 63 40 63 41 63 42 64 39 64 41 64 42 65 41 65 43 65 42 66 43 66 44 66 99 67 96 67 94 67 96 68 45 68 94 68 45 69 16 69 94 69 94 70 16 70 17 70 15 71 13 71 14 71 14 72 13 72 46 72 46 73 84 73 86 73 13 74 84 74 46 74 129 75 131 75 133 75 124 76 133 76 76 76 124 77 129 77 133 77 109 78 120 78 124 78 109 79 124 79 76 79 42 80 44 80 11 80 47 81 42 81 11 81 47 82 11 82 9 82 47 83 9 83 6 83 48 84 47 84 6 84 48 85 6 85 3 85 48 86 3 86 0 86 49 87 48 87 0 87 49 88 0 88 154 88 49 89 154 90 13 91 50 92 13 92 15 92 50 93 49 93 13 93 50 94 15 94 14 94 50 95 14 95 46 95 51 96 50 96 46 96 51 97 46 97 52 97 51 98 52 98 139 98 53 99 51 99 139 99 53 100 139 100 54 100 53 101 54 101 55 101 56 102 53 102 55 102 56 103 55 103 57 103 56 104 57 104 59 104 58 105 56 105 59 105 58 106 59 106 29 106 152 107 60 107 4 107 152 108 4 108 7 108 152 109 7 109 10 109 152 110 10 110 149 110 56 111 61 111 53 111 61 112 62 112 53 112 56 113 63 113 61 113 53 114 62 114 51 114 58 115 63 115 56 115 51 116 62 116 50 116 62 117 64 117 50 117 30 118 63 118 58 118 30 119 26 119 63 119 50 120 64 120 49 120 64 121 65 121 49 121 33 122 26 122 30 122 49 123 65 123 48 123 33 124 24 124 26 124 66 125 48 125 65 125 33 126 34 126 24 126 66 127 47 127 48 127 34 128 35 128 24 128 18 129 47 129 66 129 24 130 35 130 22 130 18 131 42 131 47 131 35 132 36 132 22 132 18 133 39 133 42 133 21 134 39 134 18 134 36 135 38 135 22 135 22 136 38 136 21 136 21 137 38 137 39 137 85 138 102 138 92 138 98 139 102 139 85 139 67 140 68 140 74 140 74 141 68 141 75 141 69 142 80 142 79 142 69 143 70 143 80 143 4 144 60 144 71 144 60 145 145 145 71 145 145 146 73 146 71 146 71 147 73 148 72 149 73 150 74 150 72 150 72 151 74 151 75 151 76 152 138 152 109 152 109 153 138 153 113 153 138 154 78 154 113 154 113 155 78 156 77 157 78 158 79 158 77 158 77 159 79 159 80 159 82 160 136 160 46 160 75 161 68 161 83 161 81 162 75 162 83 162 81 163 83 163 84 163 13 164 81 164 84 164 93 165 86 165 84 165 93 166 84 166 88 166 93 167 88 167 85 167 92 168 93 168 85 168 69 169 79 169 82 169 86 170 69 171 82 172 86 173 82 173 46 173 87 174 141 174 45 174 83 175 88 176 84 177 89 178 83 179 68 180 89 181 88 181 83 181 85 182 88 182 89 182 91 183 90 183 69 183 91 184 69 184 86 184 91 185 92 185 90 185 93 186 91 186 86 186 93 187 92 188 91 189 94 190 111 190 80 190 67 191 74 192 87 193 95 194 67 194 87 194 95 195 87 195 45 195 96 196 95 196 45 196 89 197 67 197 97 197 89 198 68 198 67 198 89 199 97 199 98 199 85 200 89 200 98 200 103 201 69 201 90 201 103 202 70 202 69 202 104 203 103 204 90 205 104 206 90 207 92 208 102 209 104 209 92 209 80 210 70 210 99 210 94 211 80 211 99 211 95 212 97 213 67 214 100 215 97 216 95 217 100 218 98 219 97 220 100 221 95 222 96 223 101 224 99 224 70 224 103 225 101 226 70 227 102 228 99 228 101 228 104 229 101 230 103 231 104 232 102 233 101 234 102 235 98 235 100 235 102 236 100 236 96 236 99 237 102 237 96 237 63 238 28 238 105 238 61 239 63 239 105 239 62 240 61 240 105 240 62 241 105 241 106 241 64 242 62 242 106 242 64 243 106 243 107 243 65 244 64 244 107 244 65 245 107 245 108 245 66 246 65 246 108 246 18 247 66 247 108 247 18 248 108 248 19 248 106 249 108 249 107 249 20 249 19 249 108 249 105 250 108 250 106 250 105 251 20 251 108 251 28 249 20 249 105 249 28 252 23 252 20 252 27 253 23 253 28 253 25 254 23 254 27 254 114 255 109 256 113 257 116 258 115 258 112 258 115 259 110 259 112 259 117 260 114 260 113 260 117 261 113 262 77 263 116 264 114 264 117 264 117 265 77 265 80 265 116 266 117 266 111 266 80 267 111 268 117 269 115 270 116 270 94 270 116 271 111 271 94 271 109 272 114 272 112 272 112 273 114 273 116 273 118 274 109 274 112 274 120 275 109 275 118 275 119 276 112 276 110 276 119 277 118 277 112 277 121 278 118 278 119 278 120 279 118 279 121 279 32 280 121 280 119 280 122 281 121 281 32 281 122 282 120 282 121 282 122 283 32 283 123 283 124 284 120 284 122 284 125 285 122 285 123 285 125 286 124 286 122 286 125 287 123 287 31 287 126 288 125 289 31 290 126 291 31 292 29 293 127 294 126 294 29 294 127 295 125 295 126 295 129 296 124 296 125 296 128 297 127 297 29 297 128 298 29 299 59 300 129 301 125 301 127 301 130 302 127 302 128 302 130 303 128 304 59 305 129 306 127 306 130 306 57 307 130 308 59 309 131 310 129 310 130 310 132 311 130 311 57 311 131 312 130 313 132 314 55 315 132 316 57 317 133 318 131 318 132 318 134 319 132 320 55 321 134 322 133 322 132 322 54 323 134 323 55 323 76 324 133 324 134 324 134 325 54 325 140 325 76 326 134 326 140 326 52 327 46 328 136 329 79 330 135 330 82 330 135 331 52 331 136 331 135 332 136 332 82 332 78 333 135 333 79 333 135 334 137 334 52 334 138 335 135 336 78 337 138 338 137 339 135 340 137 341 139 341 52 341 138 342 140 342 137 342 140 343 139 344 137 345 140 346 54 346 139 346 140 347 138 347 76 347 37 348 45 348 141 348 74 349 142 349 87 349 142 350 141 350 87 350 142 351 37 351 141 351 73 352 142 352 74 352 142 353 144 353 37 353 144 354 142 354 73 354 145 355 146 355 144 355 145 356 144 357 73 358 144 359 147 359 37 359 146 360 147 361 144 362 146 363 143 363 147 363 146 364 145 364 60 364 148 365 10 365 12 365 148 366 12 367 44 368 148 369 44 370 43 371 149 372 10 372 148 372 150 373 148 373 43 373 150 374 43 375 41 376 149 377 148 377 150 377 40 378 150 378 41 378 152 379 149 379 150 379 152 380 150 380 40 380 153 381 40 381 151 381 152 382 40 382 153 382 143 383 153 383 151 383 153 384 143 384 146 384 152 385 153 385 146 385 152 386 146 386 60 386 2 387 4 388 71 389 71 390 155 390 2 390 154 391 0 391 2 391 155 392 154 393 2 394 156 395 155 395 71 395 156 396 71 397 72 398 156 399 72 399 75 399 75 400 155 400 156 400 13 401 154 401 155 401 155 402 81 402 13 402 155 403 75 403 81 403</p>
        </triangles>
      </mesh>
    </geometry>
    <geometry id="Part__Feature008-mesh" name="Part__Feature008">
      <mesh>
        <source id="Part__Feature008-mesh-positions">
          <float_array id="Part__Feature008-mesh-positions-array" count="471">0.214669 0.06089478 0.008913874 0.2175396 0.06302136 0.008762776 0.2154536 0.06088066 0.009706079 0.2177709 0.06274956 0.009585738 0.2177322 0.06187796 0.009976208 0.214814 0.05933886 0.009990572 0.2123553 0.05802839 0.00899446 0.2126979 0.05770474 0.009687304 0.2108879 0.0550431 0.008972704 0.211894 0.05482721 0.009973883 0.211006 0.05356985 0.009708404 0.2101135 0.05164408 0.009033024 0.2110965 0.05013424 0.009984374 0.2104153 0.05012375 0.009575188 0.2209736 0.06445127 0.01192432 0.2257632 0.06500637 0.009944319 0.2231637 0.06488513 0.01035118 0.2242211 0.0349943 0.009945094 0.2268311 0.03511774 0.01039612 0.2200533 0.05130279 0 0.2200669 0.0489611 -0.004999995 0.2202832 0.04819315 0 0.221149 0.04671478 -0.004999995 0.2218119 0.04606825 0 0.2239027 0.04500365 -0.004999995 0.2240846 0.04504257 0 0.2273108 0.04539948 0 0.2277116 0.04564362 -0.004999995 0.2296482 0.04799592 0 0.2298227 0.04842388 -0.004999995 0.2299211 0.05112326 -0.004999995 0.2399851 0.04888319 0 0.23902 0.04440158 0 0.23899 0.04453682 0.00887674 0.2357653 0.03941619 0 0.2351574 0.03893512 0.008766412 0.2308171 0.03607976 0 0.2249553 0.034913 0 0.2199043 0.03583878 0 0.220198 0.03582739 0.0106585 0.2160071 0.03792405 0 0.2141069 0.03968107 0.008795797 0.2123593 0.04174655 0 0.2108548 0.04494923 0.008768677 0.2101222 0.04739218 0 0.2100992 0.04825598 0.008812606 0.2286983 0.03752392 0.01927 0.2210901 0.03552073 0.01185423 0.2289558 0.06447172 0.01186591 0.2287851 0.06245094 0.01930719 0.2320602 0.03785669 0.009970068 0.2105196 0.05456787 0 0.2142347 0.06058377 0 0.2191827 0.06392019 0 0.2250446 0.06508696 0 0.2300958 0.06416112 0 0.2297071 0.0642147 0.01068508 0.2339929 0.06207591 0 0.2355737 0.06067031 0.008750438 0.2376406 0.0582534 0 0.2387561 0.05590796 0.008958876 0.2397543 0.05308508 0 0.2399508 0.05140608 0.008764624 0.2178244 0.03808867 0.009983897 0.2288988 0.05315893 0 0.2269425 0.05471611 0 0.2299901 0.05100899 0 0.2241251 0.05496162 0 0.2218763 0.05398309 0 0.2201083 0.03848677 0.01910483 0.2200478 0.0615102 0.01882928 0.229928 0.06156581 0.01890259 0.2299304 0.03853338 0.01898711 0.2187411 0.06283384 0.01023435 0.2196226 0.06317442 0.01108717 0.2193321 0.03695487 0.0107308 0.219983 0.03672635 0.01195907 0.2200546 0.06351244 0.01213651 0.2308993 0.03722298 0.01053148 0.230668 0.06304502 0.01073068 0.2302575 0.03672689 0.01130104 0.2299535 0.06353473 0.01205992 0.2299357 0.03649336 0.01219564 0.2205342 0.06419014 0.01195293 0.2294547 0.06419605 0.01196318 0.220411 0.06211793 0.01895564 0.2210566 0.06250756 0.01910758 0.221228 0.06149512 0.01996529 0.2294844 0.06211525 0.01923018 0.2202714 0.03623408 0.01240074 0.2209952 0.06214928 0.01958566 0.2203378 0.06154668 0.01942986 0.2208334 0.06158304 0.01980751 0.229671 0.06137806 0.01944702 0.2289584 0.06141257 0.01994746 0.2288413 0.06182444 0.01983726 0.2290221 0.03554832 0.01189255 0.2205707 0.03786152 0.01928836 0.2211534 0.03754502 0.01926928 0.2208181 0.03850382 0.01983058 0.2294311 0.03779685 0.01918315 0.2213225 0.03866922 0.01998764 0.2213431 0.03812396 0.01984059 0.228861 0.03810948 0.0198071 0.2295026 0.0385313 0.01960247 0.2289173 0.03861606 0.01995682 0.2285814 0.05361199 -0.004999995 0.2256736 0.05504179 -0.004999995 0.222338 0.05435633 -0.004999995 0.2202059 0.05170017 -0.004999995 0.2322783 0.03686892 0.008776605 0.2339618 0.03824955 0.009362161 0.2295566 0.03586518 0.01193356 0.231838 0.03724777 0.009848773 0.2312552 0.03649181 0.009575426 0.2306575 0.0366072 0.01053994 0.2299742 0.03588819 0.01048022 0.2352796 0.04074162 0.009992063 0.2353916 0.03984969 0.009662687 0.2372197 0.04135155 0.008996069 0.2377002 0.04291516 0.009650468 0.2379829 0.04505378 0.009983062 0.2393445 0.04647123 0.00937736 0.2390409 0.04776799 0.009874939 0.2396434 0.04956644 0.009532451 0.2399054 0.04854905 0.008995652 0.2388845 0.05232757 0.009947657 0.239611 0.05316507 0.009059667 0.238567 0.05484837 0.009760797 0.2378041 0.05698823 0.009580194 0.2374666 0.05831748 0.008936703 0.2365581 0.05765134 0.009982228 0.2359479 0.05931907 0.009767651 0.2348216 0.06093466 0.009477317 0.2321506 0.0619679 0.009988903 0.2302662 0.06349843 0.01103782 0.2334139 0.06240636 0.008783638 0.2304939 0.0637238 0.01036375 0.2314781 0.06269931 0.0101298 0.2313613 0.06356531 0.009211897 0.2319986 0.06291443 0.009582698 0.2205035 0.03580617 0.01194965 0.2197491 0.03642857 0.01100021 0.2178309 0.03681361 0.008856654 0.2185218 0.03730064 0.0101298 0.2189947 0.03642791 0.00982207 0.2176923 0.0373339 0.009592115 0.2104954 0.04719859 0.009371757 0.2110007 0.04724884 0.009830057 0.2117526 0.04385042 0.009595513 0.2127338 0.04352802 0.009977996 0.2123691 0.04192757 0.008893013 0.2136968 0.04085415 0.009645223 0.215598 0.03847211 0.009259819 0.2154498 0.03980702 0.009965777 0.2197049 0.06401824 0.009904086 0.2193571 0.06358975 0.01033115</float_array>
          <technique_common>
            <accessor source="#Part__Feature008-mesh-positions-array" count="157" stride="3">
              <param name="X" type="float"/>
              <param name="Y" type="float"/>
              <param name="Z" type="float"/>
            </accessor>
          </technique_common>
        </source>
        <source id="Part__Feature008-mesh-normals">
          <float_array id="Part__Feature008-mesh-normals-array" count="1257">-0.5328875 0.7475092 0.3965613 -0.5177118 0.6756995 0.5247902 -0.2796267 0.4027983 0.8715289 -0.2280009 0.2673322 0.9362421 -0.6360398 0.5291777 0.5616266 -0.6025689 0.5192614 0.6060349 -0.3679762 0.3141279 0.875167 -0.2664232 0.168932 0.9489367 -0.754398 0.3668657 0.5443283 -0.6817138 0.2823793 0.6749283 -0.5716377 0.2378996 0.7852605 -0.8258748 0.1975185 0.5281263 -0.3689106 0.06475818 0.9272063 -0.7266432 0.09827536 0.6799498 -0.5147219 0.0551573 0.8555812 -0.004294633 0.9655213 0.2602887 -0.9967719 -0.07372206 0.0317946 -0.9005768 -0.4338154 -0.02767467 -0.8113375 -0.5836969 0.03208881 -0.5273854 -0.8486924 -0.03982436 -0.4112474 -0.9112567 0.02206093 0.109953 -0.9939298 0.003742039 0.1656014 -0.9855769 -0.03484821 0.7429435 -0.6688139 0.02688825 0.7961942 -0.6045667 -0.02395838 0.993313 -0.1127098 0.02501767 0.9992295 -0.03642255 -0.0146231 0.9998497 -0.01522541 0.008288621 0.9775866 -0.2105323 8.37322e-4 0.9748793 -0.2226338 0.006692051 0.8741978 -0.4854596 0.01035517 0.8372295 -0.5465631 -0.01776814 0.7597279 -0.6500187 0.01701158 0.5830429 -0.8124309 -0.004152536 0.5589615 -0.8289868 -0.01851975 0.401289 -0.9158197 0.01553905 0.3507404 -0.9364071 0.01109719 0.2043808 -0.9787332 -0.01760262 0.1951938 -0.9806596 -0.01435834 0.04523664 -0.99891 0.01151007 -0.1683992 -0.9857093 -0.004370331 -0.1802814 -0.9835796 -0.008353114 -0.3348947 -0.9422197 0.00822401 -0.3909192 -0.9203729 0.00979191 -0.4717409 -0.8816356 -0.01339018 -0.5936324 -0.8044521 0.0213887 -0.6330357 -0.7739171 0.01783943 -0.7233235 -0.6902648 -0.01837503 -0.7906094 -0.6121756 0.01333314 -0.8941388 -0.4476763 0.01009792 -0.9293837 -0.3682711 -0.02494949 -0.9746332 -0.2229737 0.01930832 -0.9999855 0.004446983 -0.00304991 -0.002727031 -0.9659915 0.2585595 -0.003145992 -0.9597665 0.2807818 0.002079784 -0.9647007 0.2633404 0.002047359 -0.9631548 0.26894 -5.03788e-4 0.9631872 0.2688313 2.9849e-4 0.9650457 0.2620816 -5.65062e-4 0.9652845 0.2612001 -0.008459568 -0.01018816 0.9999123 0.0111193 0.003488659 0.9999322 -0.0198422 0.01452094 0.9996977 -0.001251935 -7.77366e-4 0.999999 -0.9981076 0.05526292 -0.02697002 -0.9745231 0.2225044 0.02822101 -0.8973919 0.4410286 0.01348108 -0.8504852 0.5252272 -0.02848386 -0.7778285 0.6282736 0.01597648 -0.5952172 0.8035644 9.62654e-4 -0.5589587 0.8289597 -0.01978027 -0.4239745 0.9055753 0.01338779 -0.3348848 0.9422223 0.008324146 -0.207091 0.9781458 -0.01855415 -0.1951967 0.9806591 -0.01436167 -0.04482293 0.9989306 0.01133501 0.1675693 0.9858517 -0.004118382 0.1802814 0.983579 -0.008425831 0.334044 0.9425283 0.007421314 0.3722924 0.928073 0.008885681 0.4717631 0.881691 -0.00777924 0.4915894 0.8708271 -3.5774e-4 0.6265669 0.7792757 0.01198291 0.7233141 0.6902355 -0.0197941 0.7786922 0.6273155 0.01066857 0.8815364 0.4719147 0.01378607 0.9254686 0.3784804 -0.01614695 0.954501 0.2979474 0.01245939 0.982246 0.1870876 0.01382845 0.9822459 0.1870879 0.01382619 0.9822459 0.1870886 0.01382136 0.9984238 0.05485236 -0.01188451 0.01859885 -0.0157296 0.9997033 -0.003887832 0.00289154 0.9999883 0.002037942 -4.57137e-4 0.9999979 -0.007411897 2.93965e-4 0.9999725 0.003376483 -8.21767e-4 0.999994 2.42068e-7 -4.08541e-7 -1 -1.4787e-7 -1.85777e-7 -1 0 0 -1 -2.91774e-7 0 -1 0 0 -1 -7.29944e-7 0 -1 0 0 -1 0 2.35699e-7 -1 0 0 -1 0 0 -1 3.90391e-7 2.02114e-7 -1 0 0 -1 0 1.42042e-7 -1 0 0 -1 0 0 -1 0 0 -1 0 0 -1 -2.23748e-7 -2.00067e-7 -1 -4.07591e-7 -1.36959e-7 -1 0 -2.34337e-7 -1 0 0 -1 0 0 -1 7.04357e-7 -1.76026e-7 -1 0 1.19419e-7 -1 0 0 -1 3.46508e-7 0 -1 0 0 -1 -2.16878e-7 4.66404e-7 -1 0.002313017 4.06816e-4 0.9999973 0.004063487 9.95082e-4 0.9999913 -0.9998328 -0.002412438 0.01813328 -0.9999964 0.00267142 -2.13444e-4 0.9999936 -6.40965e-4 0.003543615 0.9999998 1.05564e-4 7.46793e-4 -0.2473515 -6.46236e-4 0.9689257 -0.2072026 -0.002227604 0.9782956 -0.5952394 0.001818358 0.8035464 -0.6952453 -0.002060234 0.7187697 -0.6948994 -0.001596808 0.7191052 -0.6952426 -0.002014636 0.7187724 -0.8831658 0.003437638 0.4690486 -0.8831656 0.00343132 0.4690489 -0.8833244 0.003078758 0.4687523 -0.9246883 -5.13336e-5 0.3807251 0.2034714 -0.001528382 0.9790797 0.4337314 0.004349648 0.9010317 0.4334254 0.00402528 0.9011805 0.4337297 0.004322707 0.9010327 0.5954861 -8.63402e-4 0.8033651 0.7670763 0.001865804 0.6415534 0.7673823 0.001447439 0.6411882 0.7670738 0.001912534 0.6415561 0.8801247 -0.003425002 0.4747303 0.8801243 -0.003445625 0.4747309 0.8802865 -0.003112494 0.4744324 0.9408674 0.00107932 0.3387734 -0.8621786 0.4855978 0.1443708 -0.8621784 0.4855967 0.1443758 -0.8621788 0.4855986 0.1443667 -0.783924 0.5989528 0.1634587 -0.5418929 0.8084492 0.2297001 -0.485399 0.8425126 0.2335819 -0.009604752 0.8008024 0.5988516 0.002267599 0.6460264 0.7633118 -0.007066369 0.5000566 0.8659639 0.005004525 0.2597859 0.9656533 0.8130174 0.5587273 0.1637882 0.7741759 0.6093676 0.1712393 0.7741991 0.6093649 0.1711443 0.774182 0.6093692 0.1712055 0.4413307 0.863154 0.2453413 0.4316959 0.8679364 0.2456115 -0.2773428 -0.7640482 0.5825045 -0.2773974 -0.764063 0.5824592 -0.2772071 -0.7640494 0.5825675 -0.5357245 0.7070899 0.4615445 -0.5357303 0.7070904 0.4615369 -0.53574 0.7070917 0.4615236 -0.8281274 0.4170334 0.3745509 -0.6292338 0.5425459 0.5565149 -0.2565342 0.4152871 0.8727697 -0.5656123 0.4360622 0.6999518 -0.5656586 0.4360117 0.6999458 -0.565586 0.4360851 0.6999588 0.7960916 0.3472511 0.4956359 0.5478012 0.3600449 0.7551699 0.5477405 0.3600534 0.7552099 0.5477038 0.3600621 0.7552325 0.5499933 0.3583717 0.7543721 0.3730751 0.6185229 0.6915522 0.2242689 -0.4874142 0.8438786 -0.8998524 -0.4195896 0.1192067 -0.8998547 -0.4196005 0.1191514 -0.8998482 -0.4196498 0.1190257 -0.8153952 -0.55445 0.1664808 -0.8153957 -0.5544452 0.1664951 -0.8153952 -0.55445 0.1664807 -0.5566189 -0.802768 0.2138667 -0.4575689 -0.8567856 0.2378006 -0.9005621 0.002832531 0.4347184 -0.7148961 -0.003077745 0.699224 -0.7151352 -0.002741277 0.6989809 -0.7151351 -0.002747893 0.6989809 -0.60574 0.001207828 0.7956618 -0.6057405 0.001224994 0.7956615 -0.6061286 0.00167638 0.795365 -0.37115 0.001174271 0.9285723 -0.2971973 -2.98259e-4 0.9548162 0.904044 0.001661837 0.4274362 0.8208301 -0.002162754 0.5711684 0.8208301 -0.002166807 0.5711684 0.8211069 -0.002644777 0.5707684 0.5747858 0.001811742 0.8183019 0.5743941 0.001351296 0.8185779 0.5743938 0.00133115 0.8185781 0.517821 -5.82993e-4 0.8554887 0.8363814 -0.5247939 0.1582965 0.6774991 -0.7126408 0.1820389 0.6775237 -0.7126398 0.1819515 0.6775341 -0.7126468 0.181885 0.3639307 -0.8956062 0.2558203 -0.6775131 -0.3047206 0.6694188 -0.6774998 -0.3047286 0.6694285 -0.6774949 -0.3047314 0.6694322 -0.3099529 -0.6144713 0.7255027 -0.3809623 -0.5066319 0.7734286 -0.3809085 -0.506622 0.7734618 -0.3809684 -0.5066326 0.7734253 -0.2075675 -0.2619163 0.942505 0.3321441 -0.6862826 0.6470677 0.3321404 -0.6862827 0.6470695 0.3321506 -0.6862823 0.6470646 0.7615185 -0.3753432 0.5284005 0.7615873 -0.3752937 0.5283365 0.7614712 -0.3753887 0.5284364 0.5293126 -0.458942 0.7135828 0.4622843 -0.2988272 0.8348626 0.4623836 -0.2988096 0.8348139 0.462419 -0.298799 0.834798 0.002094745 -0.2602314 0.9655441 0.00372976 -0.2838186 0.9588708 0.001981794 -0.6762569 0.7366632 -0.002031147 -0.7020847 0.7120906 0.8805317 0.4739854 -0.001321077 0.891599 0.4525576 -0.0155853 0.6228235 0.7817343 0.03134649 0.6228236 0.781735 0.03132891 0.6228226 0.7817339 0.03137016 0.4406147 0.8961037 -0.05344939 0.08674198 0.9953103 0.04281675 -0.2010538 0.9784719 -0.04658401 -0.3984982 0.9166246 0.03160089 -0.398508 0.916623 0.03152126 -0.3985091 0.9166228 0.03151702 -0.779606 0.625761 -0.02525812 -0.8266978 0.5623103 0.01944696 -0.9983653 0.05066394 -0.02645897 -1.38495e-7 0 -1 1.47437e-7 0 -1 0 0 -1 4.71097e-7 0 -1 1.4901e-7 0 -1 0.5564169 -0.3528947 0.7522404 0.4324017 -0.5822888 0.6884537 0.5780169 -0.2161142 0.7868871 0.5343979 -0.7847509 0.3139826 0.8211863 -0.3130616 0.4771221 0.8211519 -0.3136674 0.4767835 0.8210552 -0.3142821 0.476545 0.6160199 -0.6406322 0.4583774 0.6242378 -0.6307135 0.4610072 0.624324 -0.6302787 0.4614849 0.6243253 -0.6302871 0.4614717 0.6468906 -0.4480691 0.617063 0.7034771 -0.6844946 0.1912777 0.8191716 -0.3140934 0.4798993 0.4982737 -0.8572822 0.1295795 0.8178563 -0.5557476 0.1491836 0.5681554 -0.7900287 0.2303348 0.5679455 -0.7902365 0.2301398 0.5680347 -0.7901651 0.2301648 0.3462781 -0.3028735 0.887896 0.3463616 -0.3028414 0.8878743 0.3464682 -0.3028243 0.8878386 0.355385 -0.4693698 0.8083276 0.6040505 -0.6312139 0.48651 0.6040219 -0.6312546 0.4864929 0.6039635 -0.6314098 0.486364 0.2664138 -0.3042799 0.9145696 0.6597322 -0.605363 0.4452968 0.6115341 -0.4579638 0.6452096 0.3754516 -0.2792212 0.8837826 0.7949773 -0.4251558 0.4327285 0.7948734 -0.4255214 0.4325596 0.7949231 -0.4254127 0.4325753 0.2983214 -0.1850628 0.9363527 0.7350781 -0.2932943 0.61126 0.7352752 -0.2931595 0.6110875 0.7351993 -0.2932413 0.6111395 0.5417387 -0.1875751 0.8193503 0.5920306 -0.1996872 0.7807847 0.9564841 -0.2237881 0.1872351 0.7064344 -0.1032932 0.7002007 0.7986393 -0.1067807 0.5922612 0.1303808 -0.01133632 0.9913992 0.9119668 0.01863884 0.4098404 0.4874542 0.002754628 0.8731442 0.4874922 0.002607464 0.8731235 0.4876817 0.002386391 0.8730183 0.8490267 0.07631039 0.5228102 0.7236313 0.09613865 0.6834583 0.7236147 0.09624522 0.6834608 0.7236728 0.0960164 0.6834315 0.6975464 0.1399502 0.7027396 0.7963546 0.2681377 0.5421453 0.74275 0.314679 0.5910158 0.2495961 0.1028196 0.9628759 0.7800003 0.4222083 0.4618873 0.7802808 0.4219459 0.4616528 0.7802027 0.4220535 0.4616868 0.4031228 0.2187204 0.8886244 0.4211878 0.265667 0.867192 0.6401422 0.4603052 0.6150912 0.6646114 0.5726325 0.4799832 0.664691 0.5725526 0.4799682 0.6644715 0.5728389 0.4799305 0.649681 0.547681 0.5272192 0.1912243 0.1937603 0.9622319 0.5909171 0.7285283 0.3465021 0.5195268 0.7168139 0.4650483 0.5196804 0.7168097 0.464883 0.5198239 0.716758 0.4648024 0.3121051 0.3744946 0.8731232 0.3238549 0.4165751 0.8494605 0.4648468 0.8792114 0.104427 0.4648113 0.8792229 0.1044879 0.4647505 0.8792334 0.1046703 0.7400799 0.6542398 0.1557309 0.7649735 0.6080337 0.2123932 0.7998166 0.5565329 0.224866 0.5977779 0.677546 0.4284777 0.5881347 -0.02758574 0.8082925 0.5892674 -0.02690035 0.8074901 0.5885157 -0.02756756 0.8080157 0.6991774 0.573648 0.4267072 0.6992429 0.5735474 0.4267352 0.6994643 0.5730546 0.4270343 0.5946825 0.7247313 0.3480194 0.5945744 0.7247575 0.3481491 0.5947269 0.7248286 0.3477408 0.582101 0.3967193 0.7097691 0.5819836 0.3967149 0.709868 0.5822025 0.3968132 0.7096334 0.5748024 0.7493972 0.3286429 0.5748401 0.7493158 0.3287624 0.5748508 0.7492822 0.3288204 0.5102241 0.7447165 0.4301964 0.5814592 0.3979179 0.7096242 -0.4247468 -0.9012073 0.08611452 -0.4249311 -0.9011318 0.08599418 -0.4248564 -0.9011609 0.08605903 -0.9154484 -0.2626623 0.3048979 -0.7594996 -0.6199201 0.1971284 -0.8136464 -0.4686564 0.3440069 -0.7429367 -0.6486772 0.1651154 -0.6148402 -0.6831249 0.3940964 -0.7071816 -0.5431256 0.4526686 -0.7072192 -0.5430841 0.4526597 -0.7072044 -0.5431011 0.4526625 -0.6177069 -0.08839219 0.7814251 -0.6184746 -0.08890545 0.7807593 -0.6179535 -0.08841472 0.7812275 -0.4816182 -0.5118147 0.7113998 -0.6493371 -0.4758905 0.5932029 -0.6494855 -0.4756058 0.5932688 -0.6494261 -0.4756758 0.5932776 -0.5698798 -0.7176658 0.4002411 -0.5246068 -0.3180487 0.7897043 -0.9009921 -0.0243529 0.4331516 -0.8631672 -0.05851054 0.5015166 -0.8631753 -0.05842906 0.5015121 -0.8632605 -0.05821889 0.50139 -0.5143421 -0.02874702 0.8571032 -0.6668777 -0.06998628 0.7418734 -0.6668834 -0.06994754 0.7418719 -0.6668829 -0.06995147 0.741872 -0.9420138 -0.2192218 0.2540711 -0.9422323 -0.2187845 0.2536371 -0.9421696 -0.2189756 0.2537052 -0.8098737 -0.2689375 0.5213226 -0.809882 -0.2691479 0.5212013 -0.8098915 -0.26905 0.5212369 -0.6486029 -0.194387 0.7358859 -0.6486242 -0.1943271 0.7358829 -0.6486096 -0.1943706 0.7358843 -0.1834886 -0.04641872 0.9819254 -0.4017683 -0.1512231 0.9031689 -0.8362259 -0.4037937 0.3710483 -0.8362969 -0.4035718 0.3711299 -0.8362544 -0.403729 0.3710545 -0.6833462 -0.4336649 0.5873438 -0.4237965 -0.2605964 0.8674595 -0.7020986 -0.5620453 0.4372215 -0.3034706 -0.2245498 0.9260038 -0.6329678 -0.5868813 0.5048981 -0.4182611 -0.4605014 0.7829406 -0.4812451 -0.7558454 0.4439606 -0.3796618 -0.4650937 0.7997154 -0.2952771 -0.3989133 0.8681473 -0.5392886 0.3640733 0.7593539 -0.5423486 0.3438502 0.766567 -0.5481821 0.7360789 0.3970948 -0.5563456 0.7678462 0.3176348 -0.5563256 0.7679661 0.31738 -0.5563606 0.7678955 0.3174894 -0.6949154 0.4995017 0.5172916 -0.6948383 0.4996367 0.5172649 -0.6950317 0.4992257 0.5174019 -0.9299129 0.06466972 0.3620498 -0.6270449 0.7428439 0.2345162 -0.5077721 0.8600304 0.05015295 -0.7346263 0.6036679 0.3096923</float_array>
          <technique_common>
            <accessor source="#Part__Feature008-mesh-normals-array" count="419" stride="3">
              <param name="X" type="float"/>
              <param name="Y" type="float"/>
              <param name="Z" type="float"/>
            </accessor>
          </technique_common>
        </source>
        <vertices id="Part__Feature008-mesh-vertices">
          <input semantic="POSITION" source="#Part__Feature008-mesh-positions"/>
        </vertices>
        <triangles material="Part__Feature008-material" count="310">
          <input semantic="VERTEX" source="#Part__Feature008-mesh-vertices" offset="0"/>
          <input semantic="NORMAL" source="#Part__Feature008-mesh-normals" offset="1"/>
          <p>0 0 3 0 1 0 2 1 3 1 0 1 2 2 4 2 3 2 5 3 4 3 2 3 7 4 0 4 6 4 7 5 2 5 0 5 7 6 5 6 2 6 9 7 5 7 7 7 8 8 7 8 6 8 10 9 7 9 8 9 10 10 9 10 7 10 10 11 8 11 11 11 12 12 9 12 10 12 13 13 10 13 11 13 13 14 12 14 10 14 16 15 14 15 15 15 21 16 19 16 20 16 21 17 20 17 22 17 23 18 21 18 22 18 23 19 22 19 24 19 25 20 23 20 24 20 26 21 25 21 24 21 26 22 24 22 27 22 28 23 26 23 27 23 28 24 27 24 29 24 66 25 28 25 29 25 66 26 29 26 30 26 31 27 62 27 125 27 32 28 31 28 125 28 32 29 125 29 33 29 32 30 33 30 119 30 34 31 32 31 119 31 34 32 119 32 35 32 34 33 35 33 110 33 36 34 34 34 110 34 36 35 110 35 116 35 36 36 116 36 96 36 37 37 96 37 18 37 37 38 36 38 96 38 37 39 18 39 17 39 37 40 17 40 47 40 38 41 37 41 47 41 38 42 47 42 39 42 38 43 39 43 143 43 40 44 38 44 143 44 40 45 143 45 153 45 40 46 153 46 41 46 42 47 40 47 41 47 42 48 41 48 151 48 42 49 151 49 43 49 44 50 42 50 43 50 44 51 43 51 45 51 44 52 45 52 11 52 46 53 98 53 96 53 96 54 17 54 18 54 98 55 47 55 96 55 47 56 17 56 96 56 15 57 14 57 48 57 48 58 86 58 49 58 14 59 86 59 48 59 126 60 131 60 134 60 121 61 126 61 134 61 50 62 117 62 121 62 50 63 121 63 134 63 51 64 44 64 11 64 51 65 11 65 8 65 51 66 8 66 6 66 52 67 51 67 6 67 52 68 6 68 0 68 52 69 0 69 1 69 53 70 52 70 1 70 53 71 1 71 155 71 53 72 155 72 14 72 54 73 14 73 16 73 54 74 53 74 14 74 54 75 16 75 15 75 54 76 15 76 48 76 55 77 54 77 48 77 55 78 48 78 56 78 55 79 56 79 139 79 57 80 55 80 139 80 57 81 139 81 136 81 57 82 136 82 58 82 59 83 57 83 58 83 59 84 58 84 130 84 59 85 130 85 60 85 61 86 59 86 60 86 61 87 60 87 127 87 61 88 127 89 62 90 31 91 61 91 62 91 9 92 4 92 5 92 12 93 4 93 9 93 150 94 4 94 12 94 154 95 63 95 4 95 154 96 4 96 150 96 59 97 64 97 57 97 64 98 65 98 57 98 59 99 66 99 64 99 57 100 65 100 55 100 61 101 66 101 59 101 55 102 65 102 54 102 31 103 66 103 61 103 65 104 67 104 54 104 31 105 28 105 66 105 32 106 28 106 31 106 54 107 67 107 53 107 67 108 68 108 53 108 34 109 28 109 32 109 53 110 68 110 52 110 34 111 26 111 28 111 19 112 52 112 68 112 34 113 36 113 26 113 19 114 51 114 52 114 36 115 37 115 26 115 26 116 37 116 25 116 19 117 44 117 51 117 21 118 44 118 19 118 37 119 38 119 25 119 25 120 38 120 23 120 21 121 42 121 44 121 38 122 40 122 23 122 23 123 42 123 21 123 23 124 40 124 42 124 87 125 105 125 94 125 101 126 105 126 87 126 69 127 70 127 76 127 76 128 70 128 77 128 71 129 82 129 81 129 71 130 72 130 82 130 4 131 63 131 73 131 63 132 144 132 73 132 144 133 75 133 73 133 73 134 75 135 74 136 75 137 76 138 74 139 74 140 76 140 77 140 134 141 138 141 50 141 50 142 138 143 78 144 138 145 79 145 78 145 78 146 79 147 80 148 79 149 81 150 80 151 80 152 81 152 82 152 77 153 70 154 85 155 83 156 77 156 85 156 83 157 85 157 86 157 14 158 83 158 86 158 49 159 86 159 90 159 95 160 49 160 90 160 95 161 90 161 87 161 94 162 95 162 87 162 88 163 71 163 81 163 88 164 81 165 84 166 49 167 88 167 84 167 49 168 84 168 48 168 89 169 141 170 47 171 90 172 86 173 85 174 91 175 85 175 70 175 90 176 85 176 91 176 87 177 90 177 92 177 91 178 92 179 90 180 88 181 93 181 71 181 94 182 93 183 88 184 95 185 94 185 88 185 95 186 88 186 49 186 96 187 112 187 82 187 69 188 76 189 89 190 97 191 69 192 89 193 97 194 89 194 47 194 98 195 97 195 47 195 91 196 70 196 69 196 91 197 69 198 99 199 92 200 91 201 99 202 87 203 92 203 99 203 87 204 99 204 101 204 72 205 71 205 93 205 104 206 72 207 93 208 104 209 93 210 94 211 105 212 104 212 94 212 82 213 72 213 100 213 96 214 82 215 100 216 96 217 100 217 46 217 99 218 69 219 97 220 102 221 97 221 98 221 102 222 99 223 97 224 102 225 101 225 99 225 103 226 46 227 100 228 104 229 100 230 72 231 104 232 103 232 100 232 105 233 103 234 104 235 105 236 101 236 102 236 103 237 105 237 102 237 46 238 103 238 102 238 46 239 102 239 98 239 66 240 30 240 106 240 64 241 66 241 106 241 65 242 64 243 106 244 65 245 106 245 107 245 67 246 65 246 107 246 67 247 107 247 108 247 68 248 67 249 108 250 68 251 108 251 109 251 19 252 68 252 109 252 19 253 109 253 20 253 22 254 109 254 108 254 22 255 108 255 107 255 22 256 20 256 109 256 24 256 22 256 107 256 29 257 106 257 30 257 27 256 106 256 29 256 27 258 107 258 106 258 27 256 24 256 107 256 78 259 113 259 50 259 111 260 113 260 114 260 78 261 115 261 113 261 110 262 111 262 114 262 80 263 115 264 78 265 114 266 113 266 115 266 116 267 114 268 115 269 116 270 110 270 114 270 116 271 115 271 112 271 112 272 115 272 80 272 116 273 112 273 96 273 112 274 80 274 82 274 111 275 110 276 35 277 111 278 50 279 113 280 118 281 50 281 111 281 118 282 111 283 35 284 118 285 117 285 50 285 119 286 118 286 35 286 120 287 118 287 119 287 120 288 117 288 118 288 120 289 119 290 33 291 121 292 117 292 120 292 122 293 120 294 33 295 123 296 120 296 122 296 123 297 121 297 120 297 122 298 33 298 125 298 124 299 123 299 122 299 125 300 124 300 122 300 126 301 121 301 123 301 124 302 125 302 62 302 126 303 123 304 124 305 127 306 124 306 62 306 126 307 124 308 127 309 128 310 126 310 127 310 128 311 127 311 60 311 129 312 128 312 60 312 131 313 126 313 128 313 129 314 60 315 130 316 131 317 128 317 129 317 132 318 131 318 129 318 132 319 129 319 130 319 133 320 130 321 58 322 133 323 132 323 130 323 134 324 131 324 132 324 136 325 133 325 58 325 133 326 136 327 140 328 134 329 132 329 133 329 134 330 133 330 140 330 56 331 48 332 84 333 135 334 56 334 84 334 135 335 84 335 81 335 79 336 135 336 81 336 135 337 137 337 56 337 138 338 135 339 79 340 138 341 137 342 135 343 137 344 139 345 56 346 138 347 140 348 137 349 140 350 139 351 137 352 140 353 136 353 139 353 140 354 138 354 134 354 39 355 47 356 141 357 76 358 142 358 89 358 142 359 141 359 89 359 75 360 142 360 76 360 39 361 141 361 142 361 145 362 39 362 142 362 144 363 145 364 142 365 144 366 142 367 75 368 144 369 146 369 145 369 143 370 39 371 145 372 145 373 146 373 143 373 146 374 144 374 63 374 13 375 11 375 45 375 147 376 13 377 45 378 148 379 12 379 13 379 148 380 13 381 147 382 147 383 45 384 43 385 149 386 147 387 43 388 149 389 148 390 147 391 150 392 12 392 148 392 150 393 148 393 149 393 151 394 149 395 43 396 152 397 149 397 151 397 152 398 150 398 149 398 152 399 151 399 41 399 154 400 150 400 152 400 153 401 152 401 41 401 154 402 152 402 153 402 153 403 143 403 146 403 154 404 153 404 146 404 154 405 146 405 63 405 3 406 4 406 73 406 73 407 156 407 3 407 1 408 3 408 155 408 156 409 155 410 3 411 156 412 73 413 74 414 156 415 74 415 77 415 14 416 155 416 156 416 156 417 83 417 14 417 156 418 77 418 83 418</p>
        </triangles>
      </mesh>
    </geometry>
    <geometry id="Part__Feature_001-mesh" name="Part__Feature.001">
      <mesh>
        <source id="Part__Feature_001-mesh-positions">
          <float_array id="Part__Feature_001-mesh-positions-array" count="3207">-0.2571758 -0.165 -0.3452908 -0.2580112 -0.15 -0.3448957 -0.2673399 -0.15 -0.3393472 -0.2663944 -0.165 -0.3400557 -0.2706236 -0.165 -0.3286992 -0.2701519 -0.15 -0.3289884 -0.2662968 -0.15 -0.3195181 -0.2632452 -0.165 -0.3170003 -0.2571411 -0.15 -0.3149661 -0.2543023 -0.15 -0.3097198 -0.2437909 -0.165 -0.3129531 -0.2440451 -0.15 -0.3130397 -0.2357709 -0.15 -0.3228213 -0.2360925 -0.165 -0.3227567 -0.2356404 -0.165 -0.3372277 -0.2356458 -0.15 -0.3357984 -0.2407763 -0.15 -0.3443489 -0.2457482 -0.165 -0.3480452 -0.2512552 -0.15 -0.3500482 -0.2554901 -0.165 -0.3501339 0.2626115 -0.165 -0.343706 0.2484138 -0.165 -0.3439701 0.2556518 -0.15 -0.3456642 0.2422955 -0.15 -0.3389759 0.2412096 -0.165 -0.3363583 0.2399587 -0.165 -0.3273479 0.240067 -0.15 -0.3264624 0.245776 -0.165 -0.3176121 0.2448031 -0.15 -0.318831 0.2520991 -0.15 -0.3150185 0.2588336 -0.165 -0.3149443 0.2592854 -0.15 -0.3102598 0.2670589 -0.165 -0.3133966 0.2704834 -0.15 -0.3165412 0.2751501 -0.165 -0.3264654 0.275428 -0.1499992 -0.331009 0.2719901 -0.165 -0.341508 0.2690818 -0.15 -0.3449189 0.2615535 -0.165 -0.3491097 0.2573523 -0.15 -0.3500556 0.2572724 -0.165 -0.03757631 0.2522021 -0.15 -0.03763759 0.2452513 -0.165 -0.03472435 0.2410677 -0.15 -0.0296427 0.2400856 -0.165 -0.02500647 0.2407824 -0.15 -0.01692003 0.2414048 -0.165 -0.01509642 0.2459657 -0.15 -0.01037132 0.2498024 -0.165 -0.00821942 0.2562956 -0.15 -0.006938755 0.2610348 -0.165 -0.008183777 0.2559762 -0.1499993 -0.002198874 0.2670589 -0.165 -0.005896568 0.2690817 -0.15 -0.007580995 0.2751501 -0.165 -0.01896542 0.275428 -0.1499994 -0.02149093 0.2719901 -0.165 -0.03400796 0.2704833 -0.15 -0.03595882 0.261091 -0.165 -0.04180705 0.2602376 -0.15 -0.04193377 -0.2610348 -0.165 -0.03681612 -0.252824 -0.15 -0.03779077 -0.265995 -0.15 -0.03358781 -0.2682005 -0.165 -0.02982616 -0.2703424 -0.165 -0.02057737 -0.2702206 -0.15 -0.02237558 -0.2669191 -0.15 -0.01283341 -0.2649781 -0.165 -0.01100558 -0.2560307 -0.15 -0.007035672 -0.2557641 -0.165 -0.007187962 -0.2508229 -0.1500002 -0.002688407 -0.2499992 -0.165 -0.002864122 -0.2412383 -0.15 -0.007668435 -0.2393857 -0.165 -0.009397923 -0.2352014 -0.15 -0.01781034 -0.2348825 -0.165 -0.02048689 -0.2367155 -0.15 -0.03168457 -0.2373644 -0.165 -0.03287613 -0.2460669 -0.15 -0.04067021 -0.2505589 -0.165 -0.04268068 0.2199138 -0.04936254 0 0.2196813 -0.0499559 -0.004999995 0.221244 -0.05360341 0 0.2222219 -0.05430144 -0.004999995 0.2275067 -0.05488973 0 0.2264454 -0.05497956 -0.004999995 0.2301537 -0.05117624 -0.004999995 0.2301116 -0.04961669 0 0.2196054 5.85089e-4 -0.004999995 0.221244 -0.003603398 0 0.2225263 -0.004542469 -0.004999995 0.2275067 -0.004889726 0 0.2280057 -0.004408657 -0.004999995 0.2301151 0.00130248 -0.004999995 0.2300886 0.001431763 0 0.221244 0.04639649 0 0.2225263 0.04545748 -0.004999995 0.2275067 0.04511022 0 0.2280056 0.04559129 -0.004999995 0.2301151 0.05130243 -0.004999995 0.2301116 0.05038326 0 0.16 0.1108773 -0.01601845 0.15 0.1100049 -0.01562875 0.16 0.1084387 -0.01239866 0.15 0.1089871 -0.01027214 0.16 0.1111397 -0.008856773 0.15 0.1145278 -0.008987784 -0.285 0.1117662 -0.01629078 -0.285 0.1087802 -0.01388901 -0.275 0.1086162 -0.0129866 -0.285 0.1095284 -0.0100063 -0.275 0.1100628 -0.009443879 -0.285 0.1131884 -0.008595526 -0.275 0.1151355 -0.009250879 0.16 -0.114975 -0.01549953 0.15 -0.1161905 -0.01447033 0.16 -0.1163973 -0.01191258 0.15 -0.1149284 -0.009402632 0.16 -0.1138387 -0.008821904 0.15 -0.1097998 -0.009335756 -0.285 -0.1130478 -0.01635003 -0.285 -0.116003 -0.01422291 -0.275 -0.1163874 -0.01285642 -0.285 -0.1155422 -0.00985974 -0.275 -0.1142354 -0.008818864 -0.285 -0.1099188 -0.009207606 -0.2717342 -0.15 -0.3418677 -0.2621263 -0.15 -0.3488235 -0.2675431 -0.15 -0.3137661 -0.2690817 -0.15 -0.03741896 -0.2752292 -0.1499996 -0.326983 -0.2568144 -0.15 -0.04266214 0.2373947 -0.15 -0.01233559 0.2453501 -0.15 -0.004779875 0.2348287 -0.15 -0.0260567 0.2407763 -0.15 -0.3156511 0.2412383 -0.15 -0.03733152 0.2356458 -0.15 -0.3242016 0.2493705 -0.15 -0.3105961 0.2508229 -0.15 -0.04231154 0.2353742 -0.15 -0.3351683 0.2438016 -0.15 -0.3473386 -0.2704833 -0.15 -0.00904113 -0.2602376 -0.15 -0.003066182 -0.275428 -0.1499994 -0.02350902 0.1790362 0.1029214 7.07921e-4 0.175 0.1 4.60674e-4 0.184095 0.1034744 7.97521e-4 0.1864467 0.1040391 7.15909e-4 0.1873668 0.10659 7.09524e-4 0.1824517 0.1115131 8.24818e-4 0.1787345 0.10548 7.31884e-4 0.1805253 0.1059837 7.33766e-4 0.1854448 0.1099748 6.23529e-4 0.1791133 0.1161293 7.17742e-4 0.1815932 0.1180191 8.0814e-4 0.195562 0.1019601 0.000999987 0.1861257 0.1026055 7.29814e-4 0.1936886 0.1050317 7.8866e-4 0.1899249 0.1064332 7.60684e-4 0.175 0.125 5.40541e-4 0.1816658 0.1200813 6.96721e-4 0.1958529 0.1066887 7.76e-4 0.1869521 0.1134142 6.91011e-4 0.1852552 0.1146036 7.34043e-4 0.1898919 0.1111361 7.96875e-4 0.1845607 0.1173419 6.8239e-4 0.1892842 0.1163052 8.13953e-4 0.2009577 0.1025708 9.42857e-4 0.1947736 0.1108092 8.46154e-4 0.1936854 0.1135313 7.5e-4 0.1971242 0.1107852 6.77165e-4 0.1981915 0.1045863 7.83333e-4 0.1958552 0.1151874 7.70161e-4 0.1888048 0.1187771 7.77778e-4 0.2074806 0.1112091 8.29412e-4 0.211582 0.1025 6.36364e-4 0.2053278 0.106056 6.03448e-4 0.2013447 0.1158375 9.03509e-4 0.1979222 0.1136901 6.82432e-4 0.2115009 0.1064001 7.86408e-4 0.2111988 0.1133363 7.05479e-4 0.2039262 0.1202484 7.32258e-4 0.2031957 0.1174368 7.47863e-4 0.2080259 0.1154708 6.875e-4 0.186396 0.1206523 7.8481e-4 0.222875 0.1025 8.84615e-4 0.2148713 0.1079655 8.44828e-4 0.2061981 0.1175795 7.09677e-4 0.2117823 0.1173654 7.08861e-4 0.221 0.107875 5.90909e-4 0.2280321 0.1029149 7.83333e-4 0.225625 0.1065 7.69231e-4 0.2303416 0.1034481 7.38095e-4 0.225625 0.10925 7.5e-4 0.2347504 0.1034418 7.57426e-4 0.2370471 0.1029218 7.83784e-4 0.2231401 0.1205636 9.08163e-4 0.2413457 0.1116576 7.13235e-4 0.2345576 0.1110781 5.88235e-4 0.2447595 0.1028657 7.09091e-4 0.2302729 0.1196782 7.89216e-4 0.2280373 0.12025 7.1875e-4 0.2468816 0.1038026 8.11403e-4 0.2485621 0.1037334 7.5e-4 0.2508713 0.102913 7.5641e-4 0.2552351 0.1024531 8.33333e-4 0.2596232 0.1027646 8.91892e-4 0.2470008 0.1196023 7.88889e-4 0.2446172 0.12025 9.02439e-4 0.2433542 0.1170729 7.3622e-4 0.2395572 0.12023 6.85e-4 0.2617767 0.1033931 6.83908e-4 0.266551 0.1033665 7.56755e-4 0.26875 0.10275 7.22222e-4 0.2725 0.1 1.96721e-4 0.2664678 0.1195867 8.375e-4 0.2686707 0.1202015 6.29032e-4 0.2725 0.125 3.2e-4 0.2620189 0.1204913 6e-4 0.2519258 0.1205 6.15385e-4 0.2095987 0.1201975 8.09524e-4 0.2566953 0.109 5.83333e-4 -0.2749361 -0.1216741 0 -0.2718226 -0.1247906 0 -0.2749406 0.1216364 0 -0.2718929 0.1247642 0 0.1499114 -0.121894 0 0.1466076 -0.1248314 0 0.2222822 -0.04555279 0 0.227673 -0.0454576 0 0.2246356 0.0054726 0 0.2199351 0.001199901 0 0.1471895 0.124692 0 0.2199351 0.05119991 0 0.2228118 0.05464136 0 0.1499643 0.1213505 0 0.227673 0.05454236 0 0.2998309 -0.07810974 -0.03502964 0.2998007 -0.08281528 -0.04332059 0.2997947 -0.07651388 -0.06487256 0.2997838 -0.07695108 -0.0800535 0.2999135 -0.07787656 -0.09480971 0.2997835 -0.07687473 -0.1100683 0.2998082 -0.07586783 -0.1248044 0.2999898 -0.07947248 -0.1548794 0.299936 -0.08082205 -0.186735 0.299808 -0.07601952 -0.1848164 0.2997944 0.07694453 -0.05006486 0.2997795 0.08192378 -0.03891408 0.2997922 -0.07652288 -0.2001265 0.2999729 -0.08318829 -0.1941685 0.2999874 0.08327841 -0.07016855 0.2998033 0.08246415 -0.04474622 0.2997763 -0.07726591 -0.2450039 0.2997338 -0.08274936 -0.2225781 0.2999877 0.07826805 -0.09460443 0.2997999 0.07671856 -0.08010756 0.29992 0.08141028 -0.0774607 0.299929 0.08275991 -0.09950423 0.299817 0.07712435 -0.1249223 0.2997773 0.07720375 -0.1100046 0.299813 0.08217424 -0.1054949 0.2997997 -0.08064317 -0.3071452 0.2999513 -0.0777986 -0.2902626 0.2997264 -0.08005356 -0.2884386 0.2997964 0.07692527 -0.1400725 0.2998303 0.08283489 -0.13335 0.299785 -0.0770834 -0.3200371 0.2999317 0.08316546 -0.1612959 0.29982 0.0763238 -0.1701579 0.2997272 0.08271205 -0.1935247 0.2997883 0.07729399 -0.2000002 0.2997684 0.07650357 -0.2301123 0.2998749 0.08292329 -0.2511582 0.2999033 0.07676053 -0.2603341 0.2997897 0.07717418 -0.2749726 0.300011 0.08210891 -0.2575036 0.2999246 0.08212131 -0.2783121 0.2997994 0.07674849 -0.2901017 0.2997955 0.08168423 -0.286477 0.299759 0.08281844 -0.2827346 0.2999534 0.0835157 -0.3128192 0.299941 0.1299608 -0.35 0.2999461 0.07800287 -0.320295 -0.2998923 -0.1283794 -0.002076029 -0.2998547 -0.1316844 -0.35 -0.2972571 -0.1363135 -0.001564025 -0.294122 -0.1406812 -9.592e-4 -0.2909774 -0.1444682 -0.35 -0.2890118 -0.1455697 -0.001268267 -0.2797576 -0.1499081 -0.35 -0.2828436 -0.148681 -0.001499056 -0.2771198 -0.1499278 -0.001905858 -0.2997902 -0.08171963 -0.3163557 -0.2997576 -0.07691401 -0.3200495 -0.2999152 -0.08308935 -0.2835069 -0.2999637 -0.07851964 -0.2901725 -0.2998106 -0.07842957 -0.3055117 -0.2999269 -0.07868856 -0.2599688 -0.2998035 -0.07728081 -0.2449755 -0.2999403 -0.08269083 -0.2495754 -0.2997813 -0.07724058 -0.2300018 -0.2997602 -0.08094304 -0.1975228 -0.2997823 -0.07736659 -0.199982 -0.299963 -0.07828176 -0.1702751 -0.2998083 0.07631063 -0.3048413 -0.2997932 0.07991963 -0.3185659 -0.299937 -0.08234018 -0.1363918 -0.2998049 -0.07643419 -0.1548587 -0.299966 -0.08167183 -0.1573038 -0.2997438 -0.07709693 -0.140008 -0.299804 0.07669997 -0.2901061 -0.2997738 0.08278006 -0.2831215 -0.2997891 -0.07722997 -0.124986 -0.2998859 -0.08178251 -0.1282768 -0.2997716 -0.07729375 -0.1099888 -0.2997636 0.07623499 -0.2601399 -0.3000004 0.07862788 -0.2745901 -0.299845 0.08200067 -0.2787787 -0.299807 0.08268827 -0.2543854 -0.2998088 -0.08127605 -0.07711273 -0.2999063 -0.08241522 -0.09888809 -0.2999291 -0.0776413 -0.08026993 -0.2999776 -0.08351063 -0.07265299 -0.2997634 0.07635778 -0.2301224 -0.2997912 0.07691913 -0.2449307 -0.2997691 0.07646739 -0.2148809 -0.2998064 -0.08103394 -0.06757265 -0.2997878 -0.07655739 -0.05011373 -0.2997834 -0.08275568 -0.04359316 -0.299943 0.07785874 -0.200236 -0.2999629 -0.08108919 -0.03663223 -0.2999569 0.08181136 -0.1971291 -0.2997969 -0.07642608 -0.03485876 -0.2997797 0.07694417 -0.1849428 -0.2998867 0.08156567 -0.16719 -0.2999197 0.07796978 -0.1401702 -0.2999486 0.07847541 -0.1549531 -0.2997896 0.08227157 -0.1596717 -0.2999342 0.07829827 -0.12497 -0.2998569 0.07821893 -0.1097804 -0.2997725 0.07601529 -0.09483557 -0.2998305 0.08051615 -0.09693187 -0.2997792 0.07915598 -0.07903492 -0.2998881 0.08290839 -0.1008905 -0.2997803 0.07700669 -0.06495481 -0.2999464 0.07765376 -0.05031442 -0.2999677 0.08008718 -0.06592601 -0.2997871 0.08251219 -0.04455447 -0.2997583 0.08206576 -0.03912121 -0.2777151 0.149679 -0.001171708 -0.2844635 0.1488211 -0.35 -0.284023 0.1483507 -0.001912653 -0.288833 0.1457013 -0.001439154 -0.2945528 0.1406314 -0.001628577 -0.2964372 0.1383367 -0.35 -0.298171 0.1344363 -0.001934885 -0.2997565 0.1284806 -0.00145626 -0.2999816 0.1280071 -0.35 0.2985999 0.1331969 -0.001573204 0.2957985 0.1388724 -0.001836895 0.2922223 0.1436963 -0.35 0.2910133 0.1442322 -0.001587212 0.2847921 0.1479287 -0.001577019 0.2786727 0.1497684 -0.001742243 0.2800546 0.1496945 -0.35 0.2785611 -0.1499569 -0.35 0.2925264 -0.1437097 -0.35 0.2892681 -0.1454234 -0.001205384 0.2944068 -0.1406666 -0.001575291 0.2974718 -0.1359981 -0.001790106 0.2999601 -0.1291431 -0.35 0.2998268 -0.1284477 -0.001702666 -0.2707846 -0.1248793 -0.02122354 -0.270985 -0.1030589 -0.02518898 -0.2711692 -0.1001641 -0.028005 0.1467964 -0.09974187 -0.3210902 -0.2711117 0.09631878 -0.3248257 -0.271116 0.1001644 -0.0280739 -0.2711332 0.102908 -0.02520871 -0.2709872 0.1216056 -0.02479475 0.1499339 -0.1009905 -0.02152591 0.15 -0.1115393 -0.01627331 0.15 -0.1089338 -0.01400321 0.1499231 0.1017615 -0.02153259 0.1499233 -0.09636694 -0.02697312 0.1498401 0.09751313 -0.02536481 0.15 0.1163481 -0.01337832 0.1497585 0.1214405 -0.02153599 0.15 0.1139075 -0.01608628 0.1496542 0.0969758 -0.321263 -0.275 -0.1091126 -0.01438117 -0.275 -0.1132521 -0.0165674 -0.275 -0.1092101 -0.0101757 -0.275 0.116003 -0.01422291 -0.275 0.1118532 -0.0165624 -0.285 -0.1091696 -0.01473045 0.16 -0.1087998 -0.01044487 0.16 -0.1106232 -0.01608723 -0.285 0.1155918 -0.01505094 -0.285 0.1160825 -0.01105976 0.16 0.1156122 -0.009844183 0.16 0.1153619 -0.01543408 -0.2976433 -0.07872283 -0.3187885 -0.29753 0.07833379 -0.3188669 -0.2975783 0.08181941 -0.3100122 -0.297645 -0.08033949 -0.2775385 -0.2975345 0.07761734 -0.2891083 -0.2982414 -0.08184349 -0.2556979 -0.2979832 0.07656925 -0.2451916 -0.2975323 -0.07887989 -0.258556 -0.2977181 -0.08211678 -0.2507004 -0.2976413 -0.07894963 -0.2463496 -0.2976273 0.07674962 -0.2595722 -0.2976781 0.07639932 -0.215322 -0.2975142 -0.0800594 -0.2272539 -0.2977463 -0.07700353 -0.2296307 -0.2976031 -0.08184808 -0.2199907 -0.2976403 -0.07705128 -0.2154548 -0.2976757 0.08141458 -0.2189612 -0.2977385 0.07729095 -0.1854279 -0.2976733 -0.08138173 -0.1960683 -0.2976493 -0.07695996 -0.1995664 -0.2976509 0.08233577 -0.1923008 -0.2976161 0.08021748 -0.1874766 -0.2975304 -0.07750707 -0.1690722 -0.2976806 0.08184975 -0.1651104 -0.2975279 0.08174967 -0.160631 -0.2979257 0.0763908 -0.1251947 -0.2975113 -0.07854914 -0.1386964 -0.2976959 -0.07969403 -0.1268551 -0.2977167 -0.07691961 -0.1253661 -0.2976358 0.07643973 -0.1396521 -0.2975027 -0.08194673 -0.1036486 -0.2976489 -0.07706594 -0.09544998 -0.2976453 0.07638186 -0.06534326 -0.2976595 -0.08003342 -0.07779127 -0.2977131 -0.0820502 -0.07474523 -0.2977749 -0.07700455 -0.07964724 -0.2976039 -0.08210718 -0.07074695 -0.2976868 0.08054542 -0.07734924 -0.2982059 0.07728713 -0.03524166 -0.2976788 -0.08224695 -0.04392367 -0.2975455 -0.07835334 -0.04895722 -0.2977505 -0.08186119 -0.03972655 -0.2976052 -0.07667654 -0.03542488 -0.2975378 0.07738804 -0.04911381 -0.2975116 0.081689 -0.04456907 -0.2976424 0.08066517 -0.03789162 -0.2975521 0.07758861 -0.03588426 0.2976329 -0.07566678 -0.3052975 0.2976308 0.08225327 -0.3134391 0.2976543 0.07567268 -0.319719 0.2976691 0.07985836 -0.3069481 0.2976621 -0.07686972 -0.3195931 0.2976503 -0.0814225 -0.3160116 0.2977193 -0.07658123 -0.2753199 0.2976223 0.07849174 -0.2759182 0.2976419 -0.07648897 -0.2896377 0.2976312 -0.0812295 -0.278615 0.2981512 -0.07651472 -0.2451332 0.297594 0.07808065 -0.2590562 0.2976078 0.08142226 -0.2490776 0.2976477 -0.07617408 -0.2596835 0.2976304 -0.08191591 -0.2547683 0.2976818 -0.08202165 -0.2503753 0.2976619 0.0808475 -0.2268973 0.2976045 0.07622998 -0.2296288 0.2976823 0.081546 -0.2191763 0.2976478 -0.07594829 -0.2296975 0.2976431 -0.08098793 -0.2267274 0.2981545 -0.07722067 -0.1852456 0.2977554 0.07720553 -0.1995968 0.2976551 -0.07638281 -0.1553369 0.2975143 0.07806307 -0.1688203 0.2977084 -0.0813471 -0.1586803 0.2976904 0.07706624 -0.1395851 0.2977082 0.07987815 -0.126951 0.2976153 -0.0812183 -0.1362484 0.2976774 -0.08229631 -0.1332139 0.2976323 -0.08012104 -0.1273542 0.2980707 -0.07702457 -0.09522724 0.2976223 0.08066445 -0.1070784 0.2976989 0.07637703 -0.1096981 0.2976666 0.07847541 -0.09606462 0.2976967 0.07594686 -0.09526318 0.2980806 -0.07741969 -0.06529694 0.297713 0.07673841 -0.07964342 0.2977391 0.08167374 -0.06934636 0.2976263 -0.08025026 -0.06751352 0.2975141 0.07818645 -0.04870265 0.2975272 0.08208626 -0.04256564 0.2975087 -0.08108848 -0.04585719 0.2976189 -0.07858693 -0.03621655 -0.2734434 0.1214061 -0.02359765 -0.274807 0.1218629 -0.02068698 -0.2713191 0.1241016 -0.02276486 -0.2731803 0.1237995 -0.02146917 -0.2707515 0.1249191 -0.02090209 -0.2729777 0.103048 -0.02424335 0.1485823 0.1235335 -0.02079117 0.1460959 0.1249051 -0.02065372 -0.2706667 -0.1231984 -0.02393567 -0.2729328 -0.1219952 -0.02382022 -0.2728098 -0.1240519 -0.02148783 -0.2712299 -0.1208747 -0.02486443 -0.2748398 -0.1213603 -0.02123129 -0.2743297 0.1023866 -0.02290213 -0.2737231 0.09989839 -0.02573156 -0.2730111 0.09916639 -0.02864837 -0.2749722 0.1022276 -0.02096664 -0.2749507 0.09641242 -0.025806 -0.2744956 0.09752565 -0.02755814 0.14713 0.1214573 -0.02458131 0.1464793 0.1239345 -0.02307271 0.1489504 0.1032239 -0.0232743 0.1466698 0.1035796 -0.0249446 -0.2730136 -0.09918648 -0.02828425 -0.2744147 -0.09776222 -0.02720111 -0.2739372 -0.1007412 -0.02464783 -0.2749156 -0.09682232 -0.02587568 -0.2734104 -0.1032802 -0.02391296 -0.2749145 -0.1020049 -0.02154839 -0.2735841 0.09660005 -0.3233971 -0.2709111 0.09858834 -0.3234921 -0.2746427 0.09714132 -0.3210391 -0.2716005 0.09974461 -0.3213341 0.1481972 0.100566 -0.02580082 0.148734 0.09863036 -0.02807718 0.1460101 0.1013551 -0.02638435 0.1463783 0.099972 -0.0287677 0.1466927 0.09979474 -0.3208643 -0.2711362 -0.09977763 -0.321571 -0.2712948 -0.09790825 -0.3240254 -0.2732503 -0.09862822 -0.3219274 -0.2720273 -0.09584504 -0.3247081 -0.2747488 -0.09644532 -0.3215165 0.1485635 0.09609133 -0.3235024 0.1464395 0.09631544 -0.3247646 0.1463794 0.09871232 -0.3233628 0.149641 -0.09685957 -0.3215422 0.1455493 -0.09913116 -0.3229104 0.1478887 -0.09678989 -0.3239548 0.1462994 -0.09671759 -0.3247057 0.1488337 -0.09861791 -0.02757644 0.1463353 -0.1000938 -0.0281769 0.1473634 -0.1005515 -0.02663069 0.1493482 -0.1023144 -0.02282142 0.1463338 -0.1032189 -0.02508223 0.1478955 -0.102683 -0.02442044 0.1461624 -0.124885 -0.02083474 0.1487865 -0.1232492 -0.02117681 0.1469352 -0.1241143 -0.02244699 0.1497606 -0.1208796 -0.02199107 0.146753 -0.1229031 -0.02395188 0.1466196 -0.1207652 -0.02480131 -0.2988789 -0.1300454 -6.15205e-4 -0.2974063 -0.1315509 -2.91062e-5 -0.2899588 -0.1428843 -2.26059e-5 -0.2796126 -0.1483861 -1.79591e-4 0.2794966 -0.1484515 -1.5637e-4 0.279649 -0.1497398 -0.001884043 0.2859944 -0.1467552 -6.58612e-4 0.2937844 -0.1392909 -7.66393e-5 0.2981819 -0.1305732 -1.64103e-4 -0.2814023 0.1479424 -1.59068e-4 -0.2914037 0.1422234 -1.40536e-4 -0.2964269 0.1351013 -1.33778e-4 -0.2982582 0.1286044 -1.13992e-4 0.2983188 0.1298901 -1.869e-4 0.2999018 0.1268175 -0.001644074 0.2949287 0.137924 -1.72726e-4 0.2915659 0.1424763 -4.19808e-4 0.2865297 0.1456235 -1.08197e-4 0.2787396 0.1485171 -1.78563e-4 0.225 0.05544531 -0.004999995 0.2196054 0.05058503 -0.004999995 0.225 0.005445301 -0.004999995 0.2285987 -0.04631018 -0.004999995 0.2234273 -0.04490125 -0.004999995 0.1974616 0.102657 5e-4 0.1941325 0.1028013 5e-4 0.2352215 0.1197407 5.11111e-4 0.2381486 0.118804 7.13115e-4 0.2374398 0.1120515 8.15534e-4 0.2388431 0.11382 5e-4 0.239251 0.1164371 0.000999987 0.2976709 0.07814848 -0.3191474 0.2980077 0.08124309 -0.316707 0.297862 0.08204466 -0.3101596 0.2977069 0.07649898 -0.3053137 0.2980248 -0.07884168 -0.3059729 0.2976489 -0.08086603 -0.3082209 0.2981486 -0.08227664 -0.3105939 0.2976091 -0.08225733 -0.3132428 0.2980207 -0.0793178 -0.3186334 0.2979353 0.07685506 -0.2897441 0.2980813 0.08064401 -0.2875813 0.2974902 0.07870781 -0.2884457 0.2976282 0.08227199 -0.2833719 0.297937 0.08182501 -0.2793656 0.2979872 0.07713192 -0.2752898 0.2979677 -0.07922297 -0.2763698 0.2979763 -0.08241569 -0.2817291 0.2976184 -0.08193945 -0.2847278 0.2980356 -0.08002024 -0.2881903 0.2980992 0.07665896 -0.2598347 0.2981986 0.08111995 -0.256995 0.297586 0.08161139 -0.2550606 0.2980587 0.08254981 -0.25224 0.2979322 0.07948976 -0.2465546 0.2976688 0.07656776 -0.24535 0.2976264 -0.07786774 -0.2458156 0.2978179 -0.08039629 -0.2474454 0.297706 -0.08047014 -0.2573764 0.2980927 -0.07877808 -0.2589742 0.2981624 0.07851999 -0.2291705 0.2979676 0.08199316 -0.225165 0.2977052 0.0823062 -0.2221309 0.2976062 0.07921576 -0.2165043 0.2979073 0.07727313 -0.2153397 0.2981232 -0.07760566 -0.215338 0.297542 -0.07764554 -0.2159259 0.2980741 -0.08119308 -0.2182224 0.297604 -0.08204787 -0.2207678 0.2980156 -0.08234608 -0.2239486 0.2980139 -0.07826703 -0.2292608 0.2976484 0.08054786 -0.1973259 0.2982558 0.0826593 -0.1928409 0.2975174 0.08200013 -0.1929446 0.2976914 0.08126771 -0.1887184 0.2979806 0.07950842 -0.1865438 0.2976791 0.07665491 -0.1853587 0.2976306 -0.07853132 -0.1860232 0.2976496 -0.08159053 -0.1892507 0.2980133 -0.08250755 -0.1929476 0.2976354 -0.08115839 -0.1964722 0.2979758 -0.0792104 -0.1986376 0.2976839 -0.07656532 -0.1996616 0.298062 0.07699918 -0.169772 0.2980394 0.08008253 -0.1679817 0.2978149 0.08163267 -0.165747 0.2979967 0.08250939 -0.1626809 0.2975781 0.08198893 -0.1603931 0.2981558 0.08041542 -0.157284 0.2975501 0.07788485 -0.1559358 0.2980674 0.07714575 -0.1552589 0.2979997 -0.07866603 -0.1559923 0.2976948 -0.082372 -0.1629456 0.2976602 -0.08107447 -0.1666281 0.2979758 -0.0792104 -0.1686376 0.2976863 -0.07656323 -0.1696634 0.2979643 0.08061057 -0.1375197 0.297626 0.08179771 -0.1352064 0.2975187 0.08192491 -0.1315962 0.2979111 0.08238387 -0.1309688 0.2977377 0.07649248 -0.1252956 0.2977447 -0.07717853 -0.125404 0.2980542 -0.0820505 -0.1298469 0.2980482 -0.07943356 -0.138593 0.2976825 -0.07631123 -0.139692 0.297998 0.0787397 -0.1089757 0.2977375 0.08237135 -0.1033797 0.2977744 0.0814163 -0.09870386 0.2975371 -0.0784223 -0.09624826 0.2981157 -0.08055114 -0.09741353 0.2976822 -0.08208245 -0.1005695 0.2975277 -0.08124756 -0.1056895 0.2980832 -0.08221268 -0.1048393 0.298021 -0.07947623 -0.1085246 0.2975004 -0.07772612 -0.108973 0.2981865 -0.07645153 -0.1098869 0.2976216 0.08078712 -0.07688522 0.2982335 0.07913911 -0.07879412 0.2977111 0.08235359 -0.07340359 0.2980086 0.0797221 -0.06665992 0.2975108 0.07793992 -0.06617462 0.2980009 0.07650482 -0.06517666 0.2975783 -0.07695472 -0.06570631 0.2977086 -0.0819602 -0.06999349 0.2979183 -0.08238011 -0.07349359 0.2976666 -0.08138424 -0.07602345 0.2975288 -0.07826006 -0.07877659 0.2980515 -0.08008235 -0.07799923 0.2980931 -0.07679164 -0.0798195 0.2995179 0.07753711 -0.3198155 0.2996028 0.08133625 -0.3169187 0.2994217 0.08270585 -0.3121904 0.2995359 0.08114075 -0.3078901 0.2998379 0.08010876 -0.3064063 0.2997705 0.07641899 -0.3048748 0.2997835 -0.07651996 -0.3048785 0.2995303 -0.07876199 -0.3058675 0.2999296 -0.08315092 -0.3110576 0.2993049 -0.08264106 -0.311434 0.2997413 -0.08181983 -0.3162278 0.2994946 -0.08003908 -0.3182064 0.2996108 0.07957309 -0.2887396 0.2993983 0.08166408 -0.278847 0.2993816 0.07948952 -0.276344 0.2997522 -0.07706731 -0.2749793 0.2998164 -0.08030343 -0.2768077 0.2995582 -0.0814836 -0.278432 0.2995512 -0.0826826 -0.2817526 0.2999671 -0.08334928 -0.2834097 0.2994044 -0.08177083 -0.2860829 0.2995517 -0.07648706 -0.2900087 0.2993248 0.07746738 -0.2597935 0.2995228 0.08089733 -0.2573534 0.2992837 0.08258581 -0.253649 0.2993705 0.08185505 -0.2492267 0.2996202 0.08035004 -0.2470028 0.2998018 0.07725363 -0.2449868 0.2993456 -0.08025616 -0.2469367 0.2999471 -0.08168947 -0.247671 0.2988719 -0.08261293 -0.2515712 0.2997283 -0.08276212 -0.2521785 0.29947 -0.08172243 -0.2562478 0.2999157 -0.08170378 -0.2571812 0.2996813 -0.07873523 -0.2592632 0.2997996 -0.07638972 -0.2601416 0.2997722 0.079925 -0.2285724 0.2998306 0.08225703 -0.2254406 0.2995851 0.08268332 -0.222558 0.2997767 0.08209747 -0.2192504 0.2997694 0.0798484 -0.2163626 0.2997912 0.07641828 -0.2148629 0.2998062 -0.0766744 -0.2148863 0.2995101 -0.07965105 -0.2163479 0.2997957 -0.08189469 -0.218738 0.2997494 -0.08185929 -0.2261773 0.299938 -0.07851928 -0.2301087 0.2995592 -0.07986092 -0.2284063 0.2994168 -0.07683444 -0.2299163 0.299396 0.07946187 -0.1986625 0.299789 0.08149415 -0.1968169 0.2995965 0.08229732 -0.1901956 0.2998228 0.08135104 -0.188037 0.299467 0.07934576 -0.1862289 0.2997837 0.07722568 -0.1849851 0.2994212 -0.07957279 -0.1863137 0.2997589 -0.08257246 -0.1904878 0.299555 -0.08234143 -0.194673 0.2999826 -0.08062309 -0.1988131 0.2995674 -0.08018678 -0.1982565 0.2994409 0.07946252 -0.1687232 0.2999631 0.08171272 -0.1676458 0.2995172 0.08241534 -0.1647936 0.2993385 0.08206355 -0.1595058 0.2997331 0.0799216 -0.156464 0.2998049 0.07661718 -0.1548779 0.2995082 -0.07618927 -0.1549732 0.2996271 -0.07966846 -0.1563045 0.2995191 -0.08207207 -0.159591 0.2997772 -0.08281505 -0.1627614 0.2996335 -0.08164972 -0.1664015 0.2997508 -0.07962071 -0.168727 0.2997999 -0.07679384 -0.1700934 0.2994287 0.07860654 -0.139213 0.299735 0.08136546 -0.136931 0.2993544 0.08250749 -0.1313349 0.2997741 0.08166551 -0.1284325 0.2995159 0.07869732 -0.125801 0.299514 -0.07899028 -0.1259328 0.2998307 -0.08088773 -0.127215 0.2997785 -0.08269083 -0.1311865 0.2995262 -0.08232659 -0.134689 0.2999047 -0.08143764 -0.1375526 0.2994444 -0.08041775 -0.1379081 0.2997816 -0.07688564 -0.1400681 0.2995822 0.08013159 -0.108258 0.2994933 0.08264189 -0.1016079 0.2993677 0.08071827 -0.09739851 0.2995283 0.07699131 -0.09507352 0.299365 -0.0765289 -0.09506088 0.299456 -0.07960683 -0.09638291 0.2999604 -0.08348107 -0.1011757 0.2994455 -0.08247381 -0.100474 0.299465 -0.08202534 -0.1056478 0.2997844 -0.08056479 -0.108081 0.2995758 0.07988077 -0.07849282 0.2995529 0.08243513 -0.07450556 0.2995283 0.08231228 -0.06999325 0.2997967 0.07988679 -0.06646472 0.2997431 0.07691717 -0.06495946 0.2997764 -0.07939773 -0.06605166 0.2995283 -0.08122974 -0.06801056 0.299798 -0.08280402 -0.07189244 0.299756 -0.08240485 -0.07488983 0.2995142 -0.08025175 -0.07810711 0.2996178 0.08038508 -0.04803204 0.2997798 0.08271467 -0.04184579 0.2997425 0.07995033 -0.0365051 0.2997811 0.07662403 -0.03489357 0.2996019 -0.07874876 -0.03574961 0.2996782 -0.08182495 -0.03876572 0.2998003 -0.08089244 -0.04768091 0.2997637 -0.07704359 -0.05003154 0.2979831 0.07651412 -0.04982024 0.2978952 -0.07641619 -0.03520208 0.2979373 -0.08063954 -0.03764694 0.2976872 -0.08196121 -0.04015958 0.2979266 -0.08240282 -0.04312056 0.2981742 -0.08141905 -0.04652845 0.2979336 -0.07894486 -0.04880189 0.2976636 -0.0763936 -0.04966938 0.2980081 0.08065801 -0.04755049 0.2981674 0.08248406 -0.04345899 0.2980498 0.08172303 -0.03896039 0.2976569 0.07914328 -0.03644579 0.2977021 0.07623982 -0.03528445 -0.2979702 -0.07700437 -0.04972678 -0.2981325 -0.08036619 -0.04780894 -0.2980086 -0.07951563 -0.03647661 -0.2981042 0.0820502 -0.039918 -0.2979969 0.08246171 -0.042867 -0.2979841 0.08131361 -0.04657572 -0.2981633 0.07767307 -0.04966032 -0.2994473 -0.07942587 -0.04874151 -0.2998088 -0.08134841 -0.04712027 -0.2994523 -0.08218181 -0.03977644 -0.2994526 -0.07951253 -0.03630524 -0.2997953 0.07752972 -0.03502005 -0.2994418 0.07953608 -0.03632229 -0.2993475 0.0825414 -0.04137539 -0.2997941 0.08095163 -0.04750162 -0.2993885 0.07737666 -0.04980587 -0.298091 -0.08145266 -0.06868875 -0.2976293 -0.07900458 -0.06640321 -0.2979639 -0.07667589 -0.06520795 -0.2978517 0.07899105 -0.06623911 -0.2976794 0.08093166 -0.06822407 -0.2981395 0.08231472 -0.0707491 -0.2976447 0.08221399 -0.07374727 -0.2977032 0.07718473 -0.0795657 -0.2993251 -0.0776987 -0.07971566 -0.299483 -0.08239132 -0.07447189 -0.2993554 -0.08234065 -0.07032424 -0.2999001 -0.0786696 -0.06520473 -0.2994081 -0.07720381 -0.06515353 -0.2995406 0.08066886 -0.06730639 -0.2999752 0.08315694 -0.07063585 -0.2994191 0.08239632 -0.07067239 -0.2997882 0.08250981 -0.07468199 -0.2997942 0.08105266 -0.07741665 -0.2997923 0.07649022 -0.08012998 -0.2980549 -0.08022415 -0.1080158 -0.2976329 -0.07697087 -0.1095505 -0.2982381 -0.08232849 -0.1042911 -0.2981194 -0.0823034 -0.100661 -0.2977808 -0.08051198 -0.09747064 -0.2978885 0.07726436 -0.09535676 -0.2975224 0.07792764 -0.09605067 -0.2981035 0.08053308 -0.09737008 -0.2975466 0.08134084 -0.09949719 -0.2980189 0.08247935 -0.1014783 -0.2976518 0.08182311 -0.1050797 -0.2975804 0.08004564 -0.1077425 -0.2979565 0.07738971 -0.1096618 -0.2997986 -0.08101946 -0.1075083 -0.2997597 -0.08274865 -0.1035286 -0.2994444 -0.08160108 -0.09860515 -0.2995616 -0.07937812 -0.09623908 -0.2998003 -0.07729876 -0.09498322 -0.2995195 0.07864981 -0.09576731 -0.2992451 0.08267927 -0.101644 -0.2998987 0.08231484 -0.1060715 -0.2993819 0.08145093 -0.106577 -0.2995124 0.076806 -0.109952 -0.2980879 -0.07650876 -0.1398547 -0.2979816 -0.08002388 -0.1381206 -0.2977572 -0.08215469 -0.1343543 -0.297711 -0.08204734 -0.1302274 -0.2975071 0.07871729 -0.1265066 -0.2980184 0.07936763 -0.126376 -0.2979984 0.08168745 -0.129135 -0.2976512 0.08224171 -0.1317052 -0.297555 0.08112198 -0.1360655 -0.298203 0.08215826 -0.1349163 -0.2979717 0.0793581 -0.1386626 -0.2994584 -0.08086717 -0.1375147 -0.2993232 -0.08260917 -0.1332106 -0.2998772 -0.08296227 -0.1317707 -0.2995764 -0.08032292 -0.1269301 -0.2994542 0.07762736 -0.1252267 -0.2997438 0.08112895 -0.1277295 -0.2997812 0.08279216 -0.1315962 -0.2997803 0.0820434 -0.1358734 -0.2994771 0.07960695 -0.1385958 -0.299236 0.07667964 -0.139893 -0.2981113 -0.07700806 -0.169784 -0.2981003 -0.08012121 -0.1679741 -0.2976303 -0.08149653 -0.1656937 -0.2981721 -0.08253931 -0.1632089 -0.2976033 -0.08170801 -0.1596627 -0.2981311 -0.08000767 -0.1568651 -0.2976882 -0.07705783 -0.1554263 -0.2976803 0.07688117 -0.1553887 -0.297892 0.08041912 -0.1573371 -0.2979959 0.08244991 -0.1613345 -0.2975388 0.07877993 -0.1685255 -0.2982007 0.08006173 -0.1680973 -0.2979646 0.07681834 -0.1697658 -0.2995105 -0.07720941 -0.1698833 -0.2994972 -0.08061063 -0.1677027 -0.299739 -0.08232182 -0.165022 -0.2997653 -0.08276295 -0.1619949 -0.2995717 -0.08167213 -0.1586516 -0.2994838 -0.07893657 -0.1559492 -0.2994986 0.076761 -0.1550486 -0.2995196 0.08043062 -0.1570238 -0.2998119 0.0828135 -0.16253 -0.2992531 0.08155483 -0.1663684 -0.2998159 0.07841694 -0.1695396 -0.2995378 0.07622939 -0.1700338 -0.2980379 -0.07938301 -0.1986238 -0.2977355 -0.08232879 -0.1931026 -0.2975837 -0.08176881 -0.1897168 -0.2981476 -0.08087337 -0.1877569 -0.2977454 -0.07724988 -0.1854185 -0.2988553 0.08177185 -0.1891206 -0.298031 0.08209311 -0.1950169 -0.2980338 0.07976865 -0.1983176 -0.2974923 0.07908153 -0.1982977 -0.2980079 0.07648253 -0.1998339 -0.2998111 -0.0826072 -0.1942027 -0.299492 -0.08259093 -0.1916481 -0.2999431 -0.08239865 -0.1887965 -0.2992848 -0.0810424 -0.1877999 -0.2997807 -0.07720988 -0.1849901 -0.2997907 0.08082509 -0.1872051 -0.2997717 0.08282494 -0.1921703 -0.2993481 0.08130502 -0.1968615 -0.2994054 0.07735925 -0.1998131 -0.2979411 -0.08089435 -0.2271784 -0.2979616 -0.08247005 -0.2232613 -0.2980642 -0.07985037 -0.2167375 -0.2979314 0.07953995 -0.2165616 -0.297521 0.08193546 -0.2218877 -0.2980549 0.08256077 -0.22271 -0.2976938 0.08093708 -0.2268921 -0.2980079 0.07648253 -0.2298339 -0.297604 0.07871925 -0.2287192 -0.2997512 -0.08033442 -0.2282139 -0.2995458 -0.08199107 -0.225705 -0.2997232 -0.08274132 -0.2215164 -0.2997965 -0.08115684 -0.2176734 -0.2997401 -0.07746094 -0.2150613 -0.2998048 0.07968407 -0.2162537 -0.2996202 0.08223199 -0.2196376 -0.2997946 0.08272194 -0.2236469 -0.2996137 0.08121138 -0.2270768 -0.2998231 0.07942301 -0.2290382 -0.2980041 -0.07660043 -0.2598226 -0.298011 -0.07973372 -0.2583025 -0.2977116 -0.08221739 -0.254016 -0.2980217 -0.08106863 -0.2481502 -0.2977238 -0.07637745 -0.2452873 -0.2976069 0.07863146 -0.2461716 -0.2980248 0.08183956 -0.249238 -0.2975127 0.08190643 -0.2519976 -0.2980897 0.08244323 -0.2536274 -0.2976725 0.08108913 -0.2565085 -0.2981169 0.078929 -0.2589578 -0.2994068 -0.07718467 -0.2598578 -0.2995007 -0.08043587 -0.2578631 -0.2999082 -0.08277237 -0.2548375 -0.2993283 -0.08246886 -0.2542688 -0.2993821 -0.08197945 -0.2493122 -0.2995216 -0.07925027 -0.2461239 -0.2997979 0.08072733 -0.2471135 -0.2994632 0.08168333 -0.2487835 -0.2994439 0.08265858 -0.2524334 -0.2993969 0.07983434 -0.2584624 -0.2999525 0.08007878 -0.2589214 -0.2981506 -0.07630783 -0.2898928 -0.2975025 -0.07765936 -0.2889758 -0.2980849 -0.07970714 -0.2883981 -0.2976366 -0.08161693 -0.2854947 -0.2980974 -0.08252412 -0.2828932 -0.2977335 -0.08185428 -0.2798022 -0.2977514 -0.07717251 -0.2753987 -0.2976252 0.07704806 -0.2754684 -0.2979333 0.0803976 -0.2772357 -0.2974788 0.08193653 -0.2826834 -0.2980884 0.08231276 -0.2808068 -0.2980815 0.082228 -0.2846674 -0.2979627 0.08007794 -0.2880298 -0.2981034 0.07664746 -0.2898304 -0.2994934 -0.07712244 -0.2898865 -0.2996227 -0.08069491 -0.2877094 -0.2994819 -0.08233726 -0.2847358 -0.2998418 -0.08243298 -0.2799121 -0.2996531 -0.08061802 -0.2770668 -0.2997899 -0.07683044 -0.2749204 -0.2996261 0.07763111 -0.2751604 -0.2994897 0.08097743 -0.2777339 -0.2998074 0.08173263 -0.2863979 -0.2995709 0.07980531 -0.2885334 -0.2978963 -0.07609367 -0.3198322 -0.2976924 -0.08152431 -0.3159665 -0.297898 -0.08249771 -0.3121383 -0.2976258 -0.08141386 -0.3089848 -0.2981153 -0.07926315 -0.3063189 -0.2976482 -0.07661998 -0.3053782 -0.2979837 0.07648259 -0.3051835 -0.2975833 0.07835394 -0.3060435 -0.2981086 0.07981342 -0.3066647 -0.2980443 0.08248126 -0.3117586 -0.2978708 0.08191061 -0.3152546 -0.2978428 0.07960021 -0.31842 -0.2981298 0.07628029 -0.3198925 -0.2997742 -0.08012598 -0.3183417 -0.2995403 -0.08258074 -0.3136243 -0.2997938 -0.08256977 -0.3105813 -0.2996057 -0.08117705 -0.3079106 -0.2995532 -0.0763697 -0.3049749 -0.2997639 0.0791819 -0.3059267 -0.299776 0.08200448 -0.3090395 -0.299453 0.08254832 -0.31428 -0.2999736 0.08331555 -0.3140694 -0.299759 0.07670253 -0.32008 -0.2719901 -0.165 -0.01099199 -0.261091 -0.165 -0.003192901 -0.2751501 -0.165 -0.02603453 -0.2436415 -0.165 -0.01178479 -0.2670589 -0.165 -0.03910338 -0.2397741 -0.165 -0.02351582 -0.2490673 -0.165 -0.03657394 -0.2426498 -0.165 -0.03122901 -0.2451996 -0.15 -0.01082038 -0.2407032 -0.15 -0.01756775 -0.2400684 -0.15 -0.02551853 -0.2439759 -0.15 -0.03289639 0.240391 -0.165 -0.03651905 0.2499993 -0.165 -0.04213583 0.2351233 -0.165 -0.02651804 0.2358341 -0.165 -0.01623213 0.2673693 -0.165 -0.03186923 0.2425115 -0.165 -0.006291449 0.2544838 -0.165 -0.002289652 0.2699873 -0.165 -0.0185517 0.2680426 -0.15 -0.01422762 0.2700321 -0.15 -0.02489131 0.264563 -0.15 -0.03469651 0.2457483 -0.165 -0.3119547 0.2377482 -0.165 -0.3194577 0.2346774 -0.165 -0.3305068 0.2554902 -0.165 -0.3098661 0.2399376 -0.165 -0.3439759 0.2682271 -0.165 -0.3223633 0.2516496 -0.165 -0.3499241 0.2700982 -0.165 -0.3326621 0.2624499 -0.15 -0.3165833 0.2703305 -0.15 -0.3270325 0.2671211 -0.15 -0.339339 -0.2670589 -0.165 -0.3466034 -0.2751501 -0.165 -0.3335346 -0.2719901 -0.165 -0.3184919 -0.2436866 -0.165 -0.3408534 -0.258538 -0.165 -0.309764 -0.239789 -0.165 -0.3279666 -0.2527278 -0.165 -0.3149237 -0.2444614 -0.165 -0.3190172 -0.2461314 -0.15 -0.3172204 -0.2399508 -0.15 -0.3274735 -0.2409667 -0.15 -0.3356383 -0.2472598 -0.15 -0.3434064</float_array>
          <technique_common>
            <accessor source="#Part__Feature_001-mesh-positions-array" count="1069" stride="3">
              <param name="X" type="float"/>
              <param name="Y" type="float"/>
              <param name="Z" type="float"/>
            </accessor>
          </technique_common>
        </source>
        <source id="Part__Feature_001-mesh-normals">
          <float_array id="Part__Feature_001-mesh-normals-array" count="7191">0.5111864 0.005833089 0.8594502 0.4937894 -0.009944677 0.8695247 0.9362804 0.0425449 0.3486673 0.9647666 -0.02528882 0.2618896 0.9255903 -0.03637027 -0.3767756 0.8429618 0.08225142 -0.5316486 0.4443942 -0.0596286 -0.8938446 0.1934301 0.05413699 -0.9796194 0.2109469 -0.06244575 0.975501 0.3079276 0.01071256 0.9513496 0.7633752 0.01666593 0.6457403 0.7864126 -0.01420432 0.6175382 0.9992855 -0.02129369 0.03122586 0.9999535 -5.47793e-4 0.009634613 0.8564451 0.04927909 -0.5138809 0.728679 -0.07374614 -0.6808734 0.4769788 0.0580095 -0.8769985 0.2093348 -0.05352067 -0.9763783 -0.01846754 0.1209964 0.9924812 0.4448274 -0.1143203 0.8882902 0.7246454 0.06722176 0.6858355 0.9893745 -0.04765117 0.1373597 0.9843602 -0.01746118 0.1753008 0.8581858 0.02407228 -0.5127747 0.8496078 0.01225906 -0.5272725 0.4627296 -0.04194396 -0.8855066 0.1994507 0.08472192 -0.9762386 0.2915392 -0.04869365 0.9553188 0.4879936 0.07097005 0.8699572 0.8472716 -0.08346319 0.5245615 0.9432151 0.0801633 0.3223649 0.9754917 -0.08014416 -0.2049221 0.9067406 0.08173239 -0.4136924 0.5873258 -0.06948626 -0.8063623 0.4005572 0.05450755 -0.9146491 0.08188939 -0.03986406 -0.995844 0.2300669 0.08173078 0.9697367 0.5796001 -0.1118084 0.8071943 0.8796554 0.08692896 0.4675999 0.9980404 -0.05843329 0.02238029 0.9909437 0.02507847 -0.1319161 0.7833922 -0.04287594 -0.6200472 0.6327558 0.05100071 -0.7726701 0.314855 -0.05539613 -0.9475218 0.003160119 0.08370935 -0.9964853 0.2755627 -0.03322988 0.9607087 0.3793657 0.05257081 0.9237522 0.8489277 -0.05546361 0.5255908 0.908508 0.05295109 0.4144992 0.9772815 -0.05267447 -0.2052959 0.9449347 0.05291938 -0.3229519 0.5812811 -0.04725867 -0.8123294 0.5036463 0.02136224 -0.8636459 0.02962493 -0.01333433 -0.9994722 0.04009568 -0.006156682 -0.9991769 0.3023557 -0.1039401 0.9475113 0.6962187 0.07661527 0.7137295 0.9705789 -0.08634477 0.2247697 0.9351894 0.03465926 0.3524481 0.9439979 -0.04682308 -0.3266125 0.8711091 0.05323761 -0.4881954 0.4694812 -0.04668951 -0.8817073 0.3827232 0.01618194 -0.9237213 0.4610143 0.01492035 0.8872674 0.5239431 -0.03341919 0.8510975 0.8583369 0.04710304 0.5109198 0.9254745 -0.04738765 0.3758343 0.9932839 0.04046297 -0.1083968 0.9801667 -0.02680504 -0.196354 0.6926077 0.02729862 -0.7207977 0.5949389 -0.07085371 -0.8006419 0.1816943 0.07698529 -0.9803369 0.9511304 0.2983446 -0.07963371 0.8591404 0.5022884 0.09789931 0.2002397 0.9749393 -0.09694117 0.1583174 0.9860537 -0.05132067 -0.7091341 0.6914182 0.1380937 -0.8871999 0.4382823 -0.1441705 0.9603225 0.2620158 -0.09554356 0.9603243 0.2620171 -0.09552097 0.9603277 0.2620164 -0.09548908 0.8616769 0.4908414 0.1287927 0.1994465 0.9710818 -0.1312296 -0.02431178 0.9953378 0.09333711 -0.9361957 0.3462921 -0.06016218 -0.9362516 0.3461941 -0.05985558 -0.9362378 0.3462238 -0.05989938 -0.9256585 0.3780754 -0.01467275 0.9604127 0.2616927 -0.09552258 0.8616765 0.4908424 0.1287928 0.199446 0.9710822 -0.1312276 -0.02431166 0.9953377 0.09333813 -0.936357 0.3458564 -0.06015896 -0.8936544 0.4414705 0.08053463 0.02853763 0.1163951 0.992793 -0.05051767 0.8283022 0.5579997 0.09315907 0.9781521 0.1858496 -0.08503359 0.7922869 -0.6041945 0.0889182 0.2249256 -0.9703103 0.01570487 0.6266884 0.7791117 -0.04835063 0.7404958 0.6703196 0.0331549 0.9813982 -0.1890987 -0.02820807 0.9254282 -0.3778716 0.03324043 0.3597694 -0.9324491 0.03330963 0.3597618 -0.9324494 0.03331381 0.3597609 -0.9324497 -0.07269555 0.03790968 -0.9966335 -0.03068614 0.1337732 0.9905369 0.05196207 0.3609486 0.931137 -0.07483804 0.9269804 0.3675687 0.08161175 0.9671218 -0.2408629 -0.04685354 0.769445 -0.6369923 0.05655789 0.01302117 -0.9983144 0.02956116 0.58395 0.8112514 -0.05872136 0.7625451 0.6442646 0.05250984 0.993097 -0.1048868 -0.06621932 0.880693 -0.4690362 -0.06623423 0.880692 -0.4690361 -0.06625318 0.8806902 -0.4690366 0.0879985 0.1147513 -0.989489 -0.009274005 -0.9999548 -0.002151846 -0.004772782 -0.9999669 -0.006592988 -0.002936959 -0.9995738 -0.02904653 -0.003286778 -0.9995822 -0.02871656 -0.00328958 -0.9995822 -0.02871668 -4.99286e-5 -1 -2.443e-7 -8.13276e-5 -1 4.23727e-7 0 -1 0 0 -1 0 0 -1 4.07852e-6 0 -1 0 3.16118e-7 -1 -5.78533e-5 0 -1 -1.59911e-6 0 -1 0 0 -1 0 0 -1 0 0 -1 0 0 -1 -2.88211e-6 0 -1 0 0 -1 7.31458e-7 0 -1 0 0 -1 -1.08369e-6 0 -1 1.01099e-6 1.13755e-4 -1 -8.36709e-7 1.59721e-4 -1 0 1.55995e-6 -1 2.40185e-4 0.01061379 -0.9996066 0.02596426 0.019773 -0.9997642 0.008982121 -0.003823876 -0.9999713 0.006557762 -0.007980227 -0.9999645 0.002693533 -0.001592516 -0.9992403 0.03894025 -0.05012637 -0.01526427 0.9986262 -0.006443202 -0.07548761 0.997126 0.03730642 -0.01095348 0.9992439 0.003969132 -0.01784658 0.9998329 0.001752793 0.02639281 0.9996501 0.04976755 -0.0337755 0.9981896 -0.07843625 0.004114747 0.9969107 -0.02880853 0.002352297 0.9995822 8.33399e-4 0.02658396 0.9996463 -0.03487557 -0.002039611 0.9993897 -0.02492505 0.05348372 0.9982576 -0.007619738 -5.0167e-4 0.9999709 -0.02761495 0.01467287 0.999511 0.02579122 0.005965471 0.9996495 -0.04990619 -0.003190696 0.9987489 -0.01320713 0.0138483 0.999817 -0.003086328 0.011671 0.9999272 -0.002251327 -0.007711112 0.9999678 0.04946428 0.03137683 0.998283 -0.04239726 -0.008286535 0.9990665 0.001408398 0.08082276 0.9967275 -0.01929485 0.005597531 0.9997982 -0.01143205 -0.02001541 0.9997344 -0.007938027 0.03213113 0.9994522 0.01344341 -0.001722693 0.9999082 0.0717253 0.001805841 0.9974229 0.01450276 0.01961886 0.9997025 0.003755569 -0.017093 0.9998469 0.009464681 0.01646751 0.9998196 -0.03099256 0.03652054 0.9988523 -0.01529049 0.01449036 0.9997782 0.03870308 -0.6213325 0.7825906 0.02750581 -0.1505578 0.9882185 -0.01486611 -0.07892835 0.9967694 -0.07643312 0.01918941 0.9968901 -0.01331365 -0.03364938 0.9993451 -0.0301997 0.01034647 0.9994904 -0.0309754 0.05687111 0.9979009 0.002700567 0.003182291 0.9999913 0.04554724 0.04440659 0.9979748 0.02474212 0.03010815 0.9992404 0.00300014 1.037e-4 0.9999955 -0.02197062 -0.02489811 0.9994485 -0.02131485 0.2437555 0.9696025 0.01269418 4.86987e-4 0.9999194 -0.0222941 0.01069301 0.9996943 -0.03230822 0.003840267 0.9994707 0.004557788 0.06800127 0.9976748 0.04231673 0.06922447 0.9967032 0.01832705 0.01623755 0.9997003 0.01616907 0.01478898 0.9997599 0.0111252 0.006992399 0.9999138 -0.01978498 0.007959604 0.9997727 -0.006189227 -0.0402857 0.9991691 -0.02025383 0.02163511 0.9995608 0.03829312 -0.005558907 0.9992512 -0.02914345 0.009230613 0.9995326 -0.008679747 0.01234573 0.9998862 0.009708225 0.003298282 0.9999475 -0.04094105 -0.01636797 0.9990275 -0.01548004 0.001497626 0.9998791 -0.04276704 -0.03523689 0.9984635 0.03008764 -0.0641489 0.9974867 0.01807355 -0.1638321 0.9863227 0.01606917 0.04411077 0.9988974 0.003294467 -0.2293988 0.973327 0.008981704 -0.09109818 0.9958015 -0.09678846 -0.8254997 0.5560417 0.002643167 -0.2161824 0.9763495 -0.005759179 -0.2297499 0.9732327 1.0117e-4 -0.1958011 0.9806436 0.01432728 -0.004903912 0.9998854 0.1430438 0.005935251 0.9896987 0.09262597 0.005738139 0.9956845 0.08655411 -0.004912614 0.9962351 -0.001503586 0.0654639 0.9978538 0.001571893 0.05834275 0.9982954 0.002256035 0.07211774 0.9973936 -0.01400893 -0.04497969 0.9988897 -0.014862 0.292135 0.9562616 0.02712672 -0.1712465 0.9848548 0.003021895 0.05553179 0.9984524 -0.04150164 0.3579951 0.9328008 0.04345941 -0.1337091 0.9900673 5.28364e-4 -0.0384317 0.9992611 -0.001357495 -0.00315541 0.9999942 0.001522362 -0.002155661 0.9999966 0.09510916 0.003538072 0.9954606 -0.0146501 0.01844149 0.9997226 -0.01827591 -0.006184041 0.9998139 -0.003778755 -0.002822339 0.9999889 -0.01554256 0.00154215 0.9998781 -6.24256e-4 -6.23657e-4 0.9999997 -0.001200616 -2.1541e-4 0.9999994 0.009463191 -0.01073473 0.9998976 -0.00143665 3.21582e-4 0.9999989 -0.004888594 0 0.9999881 -0.003669381 0.004079759 0.999985 -0.003905355 0.003703236 0.9999855 -0.003847718 0.00374937 0.9999856 -0.001677691 0.006174266 0.9999796 -7.42893e-7 -0.007610738 0.9999711 -4.2333e-5 -0.006858229 0.9999765 9.80651e-4 -0.001102924 0.999999 -0.01774889 0.01898241 0.9996623 0 0 1 9.7524e-4 -0.001129388 0.999999 0.001314222 -9.41022e-4 0.9999988 0.001518547 -7.50205e-4 0.9999986 0.002412021 1.0873e-6 0.9999971 1.18172e-6 0.006863057 0.9999765 0.009637773 -2.79104e-4 0.9999535 -0.01839417 4.00349e-6 0.9998309 0.005373597 -0.004491746 0.9999756 0.0145592 0.003967165 0.9998862 0.004554748 -0.002591013 0.9999864 -2.11331e-4 -0.01037836 0.9999462 -0.01925343 -0.0159887 0.9996868 -0.0211203 -0.003193914 0.9997718 -7.95494e-4 -0.001653492 0.9999983 -0.00464338 2.18224e-6 0.9999892 0.002707123 -0.006996989 0.9999719 -0.002752065 -0.001613616 0.9999949 -0.02063268 0.1213608 0.992394 0.002261459 0.02059537 0.9997854 0.01476418 7.97493e-5 0.9998911 0.02056229 -0.004930019 0.9997764 0.01848584 0.006036698 0.9998109 -0.001053988 0.02147465 0.9997689 0.01645183 0.009566903 0.9998189 2.72689e-5 0.007343947 0.9999731 0.9995636 -0.01636868 -0.02459257 0.9995309 0.0209527 0.02233827 0.9999691 0.007845103 -7.00962e-4 0.9999691 0.007845163 -6.77411e-4 0.9999714 0.007496833 -0.001023948 0.9999826 -0.005648255 -0.001758813 0.9999361 0.01103335 0.002485573 1 -1.69672e-5 -9.59615e-5 1 4.85906e-4 -9.57713e-5 0.9999585 0.003039419 0.008599877 0.9999696 -4.77358e-4 0.007798135 0.9922666 0.1240975 0.002637565 0.9999465 0.008854389 0.005344688 0.999996 0.00151956 0.002399325 0.9979836 0.06345754 0.001349151 0.9998703 -0.01476883 -0.006451845 0.9999918 0.00355941 0.00192213 0.9998274 -0.01740288 -0.006520569 0.9994608 0.03171437 0.008506417 0.9982425 -0.05923438 -0.001812934 0.995143 -0.09843993 3.46026e-4 0.9999996 9.28224e-4 -4.51834e-5 0.999867 -0.01197272 0.01108032 0.9996647 0.02440452 0.008650898 0.9952341 -0.09750318 -0.001508533 0.9996632 0.02588242 0.001915156 0.9485226 0.3167023 0.002146601 0.9999998 3.21042e-4 6.06636e-4 0.9999979 -1.99278e-4 0.002085328 0.9999092 0.00568813 -0.0122193 0.999927 -0.009215295 0.007824599 0.9999949 -2.93078e-4 -0.003187 0.9999973 -0.002280652 -5.33744e-4 0.999898 -0.01103419 0.009069442 0.9999397 0.005130052 -0.009707331 0.9997937 -0.018588 -0.008189797 0.9989166 0.0465359 4.7242e-4 0.9999941 3.34171e-4 -0.003444075 0.9997991 -0.01974928 -0.003406584 0.9974997 -0.06958347 -0.0123471 0.9999412 -0.008316218 0.006973981 0.9999356 -0.008974134 0.006953239 0.9994844 0.02764815 -0.0163328 0.9990521 0.04292517 -0.007235646 0.9989017 -0.04602009 0.008820593 0.9735045 -0.2285565 0.007144451 0.9998311 -0.01838123 -1.77317e-4 0.9999164 -1.00596e-4 0.01293951 0.999961 -4.87083e-4 0.008821666 0.9994731 -0.03099709 0.009631097 0.9998945 0.01447176 0.001296341 1 -2.53246e-4 3.93894e-4 0.9999987 3.89661e-5 0.001681268 0.9997971 0.01981484 -0.003643512 0.999744 0.0222333 -0.004209458 0.9986331 0.052253 -0.001321077 0.9999965 -5.50881e-5 0.002655327 0.9999312 0.01144522 0.002593934 0.9999823 -0.00573951 -0.001573026 0.998721 -0.05055975 -5.78326e-4 0.9867521 -0.162203 -0.00323528 0.999971 0.007047593 -0.002898812 0.999771 0.02050703 -0.006129801 0.991128 0.1254496 -0.04390698 0.9999923 -0.003301918 0.002168655 0.999997 0.002420544 3.77729e-4 0.9997304 -0.02229636 0.00649482 0.9999855 0.00538963 -1.87576e-4 0.9983395 -0.05109918 0.02659308 0.9955726 -0.09374511 0.006856083 0.9988461 0.04796755 0.002402901 0.9974356 0.07156544 -8.41275e-4 0.9998955 0.009804069 -0.01062566 0.9999975 0.001799523 -0.001345217 0.9999035 0.001184999 0.01384449 0.9999999 -9.64308e-5 5.71662e-4 0.9992244 0.02582693 -0.02972763 0.9999068 0.01365137 2.85696e-4 0.9997797 0.0209251 -0.001641273 0.9968822 -0.07869851 0.005720019 0.9983868 -0.0567044 0.002948999 0.9999569 -0.001883149 0.009108901 0.9999998 -1.31376e-4 5.47726e-4 0.999997 1.56584e-4 -0.002442657 0.9999247 -0.01186102 -0.003172576 0.9997025 -0.02352213 -0.006459832 0.9991851 0.03964745 -0.007576942 0.9999996 2.46134e-5 9.5077e-4 1 9.86437e-5 1.90717e-4 0.9999803 0.006286501 -1.73732e-4 0.9999992 6.31632e-4 -0.001056313 0.9999915 -0.004091382 -6.59719e-4 0.9999415 0.001094102 -0.01076555 0.9999976 -1.65322e-4 0.002237617 0.9999956 -0.002072274 0.002141594 0.9993543 -0.03513544 0.007520973 0.9999349 -0.01132386 0.001427233 0.999995 -2.4335e-4 -0.003184437 0.9999696 -6.87172e-4 -0.007773876 0.9998416 -0.0157991 -0.008200109 0.9995397 -0.03005248 -0.004167973 0.9808355 0.1948041 -0.003621041 0.980901 0.1944676 -0.003959476 0.980901 0.1944676 -0.003959596 0.9999342 8.45702e-5 -0.0114755 0.9999977 9.85512e-4 -0.001972734 0.9998204 -0.01888912 -0.001529157 0.9999973 -8.39295e-4 0.00219208 0.9994189 0.03408086 -5.68177e-4 0.9997243 -0.02271974 0.005933463 0.9999976 -0.001042306 -0.001998424 0.9999997 -3.23828e-4 -7.33201e-4 0.9999837 7.36553e-5 0.005716323 0.9999959 0.002304017 0.001764833 0.9960841 -0.07364726 -0.04891598 0.999963 0.005544126 0.006590008 0.9997164 0.02193593 0.00927633 0.9999958 0.002333462 0.001781404 0.9999982 -0.00191003 9.52697e-5 0.9998781 0.01514929 0.003804504 0.999944 0.01026445 0.002598881 0.9991526 -0.03976207 -0.01064276 0.9996223 0.02590411 0.009182214 0.9999856 -0.005333065 -6.93231e-4 -0.949077 -0.3150312 0.00289005 -0.8122801 -0.5832652 -0.001693427 -0.8213789 -0.5703817 -0.001211762 -0.6911966 -0.722665 0.00161308 -0.4362743 -0.8998137 -3.83222e-4 -0.4503852 -0.892834 -8.44508e-4 -0.2127317 -0.9771094 0.001556634 -0.02071619 -0.9997855 1.00294e-4 -0.04266417 -0.9990895 -2.75304e-5 -0.9999803 0.004350244 -0.00454849 -0.9999987 0.001556515 -4.04516e-4 -0.999989 0.003494739 -0.003139376 -0.9999179 0.008112907 -0.009932041 -0.999833 -0.01763087 -0.004822194 -0.999979 0.004768788 -0.004392921 -0.9988645 -0.03890109 0.02750253 -0.9998509 0.01569527 -0.007217049 -0.9999637 -0.008067727 -0.002757072 -0.9999888 0.003956794 -0.00259453 -0.9999189 0.01108747 -0.006271302 -0.9999594 -0.008891582 0.00150454 -0.9997854 0.01960897 0.006689012 -0.9999209 0.009908914 0.007755875 -0.9998165 -0.01753813 0.007705688 -0.9999862 -0.004926383 0.001854896 -0.9994363 0.03354167 0.001446425 -0.9998461 0.01730906 -0.002902388 -0.9992359 -0.03896647 -0.003028452 -0.9999309 0.0112971 -0.003277242 -0.99922 0.03831094 -0.009585678 -0.9989908 -0.04406273 0.008717954 -0.9933373 0.1149539 0.008169293 -0.9933369 0.1149557 0.00819242 -0.9932961 0.1152865 0.008489847 -0.8593348 -0.5114122 -0.001249313 -0.9999927 -0.003583788 0.001405835 -0.9999948 -8.49865e-6 0.003256976 -0.9999503 5.76735e-5 -0.009979665 -0.9999782 -4.88546e-4 0.006602525 -0.9999514 -0.007834434 -0.005982458 -0.9994873 -0.02016687 -0.02486974 -0.9979834 0.03966921 0.04955375 -0.9995575 0.02965742 0.002332389 -0.9991453 0.04091042 0.00592935 -0.98635 -0.1646167 -0.00389558 -0.9999995 0.001028537 2.68107e-4 -0.9998807 0.0154547 -1.12472e-4 -0.9999967 0.001048505 -0.002366065 -0.9999817 -0.00587958 -0.001457929 -0.9993847 0.0350635 -9.65768e-4 -0.9999909 -0.004281997 2.10907e-4 -0.9998186 0.01872152 0.003514528 -0.999967 0.008039712 0.001200616 -0.9999195 -0.01181107 0.004636943 -0.9997872 -0.02017503 0.004312098 -0.9999587 0.001044213 -0.009038686 -0.9998685 -0.001388192 0.01615798 -0.9986391 -0.05156272 0.007830262 -0.9989999 0.04469996 -0.001081764 -0.9984468 0.05571395 -1.46709e-5 -0.996289 0.08606737 -8.74114e-4 -0.9999793 -0.006327152 -0.001173436 -0.9998315 0.01801782 0.003537654 -0.9990913 -0.04150032 -0.009708702 -0.9970854 0.07629173 4.78308e-4 -0.999999 1.1743e-4 0.00148046 -0.9999983 7.98206e-5 0.001876652 -0.9998019 -0.01987814 0.001119792 -0.9999952 -0.002688586 -0.001589894 -0.999952 0.009779095 -6.91102e-4 -0.9999951 -0.003146946 4.05789e-4 -0.9999955 -0.002998888 4.05644e-4 -0.9999961 -1.84569e-4 -0.002793371 -0.9992437 -0.03887832 -7.12792e-4 -0.9999459 0.008291244 0.006276726 -0.9998186 -0.01904499 -4.08212e-4 -0.9993907 0.02890098 0.0195769 -0.9997879 -0.01958805 -0.006380975 -0.9979438 -0.05795985 -0.02736884 -0.9999932 0.003484606 0.001211166 -0.9999974 0.002326488 -1.30119e-4 -0.997947 0.06048852 0.02104568 -0.9999203 0.01195055 0.004070043 -0.9999738 -0.006603062 -0.002989411 -0.9999302 -0.001054286 -0.01177519 -0.9996163 -0.01730155 -0.02163463 -0.999825 -0.01555663 -0.01039731 -0.9999613 0.00298351 -0.008286952 -0.9991816 0.02288728 0.033351 -0.9998994 -0.01258242 -0.006552577 -0.9838328 0.1790896 1.30029e-4 -0.9999973 7.40727e-6 -0.002349555 -0.9999237 9.96011e-4 -0.01231127 -0.9999902 -0.003997266 -0.001967489 -0.9998032 -0.01941853 -0.004070639 -0.999985 -0.002153337 -0.005045652 -0.9999858 -0.002498209 -0.004722237 -0.9999858 -0.002498447 -0.004708468 -0.9979034 0.06470918 -0.001328527 -0.9999977 -9.26619e-4 0.001923799 -0.9999912 -0.001129984 0.004057466 -0.9995138 0.03103232 0.003015995 -0.9990824 0.04282271 8.04755e-4 -0.9991596 -0.0409879 7.42105e-7 -0.9999784 -0.006489872 9.97759e-4 -0.9999746 -0.006979525 0.001465737 -0.9999785 -0.006490409 0.001012623 -0.9999992 -5.49862e-4 0.001164138 -0.9999867 -9.33457e-4 0.005086481 -0.9998788 -0.01474815 0.005013704 -0.9983137 0.05713492 -0.0102688 -0.9993838 -0.03470826 -0.005248546 -0.9987514 0.04982334 -0.00366491 -0.9999617 1.90319e-4 -0.008745551 -0.9999988 8.88369e-4 -0.001378357 -0.9999109 -0.0133205 -9.19463e-4 -0.9999886 0.003615498 0.003141522 -0.9999504 -0.009738802 0.002125978 -0.9997957 -0.02007395 0.002410352 -0.9999886 -0.002963721 0.003765463 -0.9999708 -0.001017808 0.007579565 -0.999935 7.87668e-4 -0.01138472 -0.9979512 -0.06340968 -0.008524358 -0.9991835 0.03969264 0.007548809 -0.9998977 0.01120448 0.008892238 -0.9999378 -0.008700013 0.006996154 -0.9999959 7.02365e-6 -0.002896964 -0.9999793 -0.005255699 0.003730535 -0.9999797 -0.003999531 0.004980444 -0.9999573 -0.005957961 0.007063746 -0.9999999 5.27808e-4 3.5333e-4 -0.9999814 0.003879725 -0.004734575 -0.9931723 0.09899067 -0.06172227 -0.999938 0.01057177 -0.00352025 -0.9999971 -0.002318799 6.48883e-4 -0.999996 -0.002749025 7.3708e-4 -0.9999812 0.005998313 -0.001354038 -0.999997 -0.002280771 9.89785e-4 -0.2062278 0.9785028 0.001583158 -0.4823293 0.8759883 0.00179398 -0.6632781 0.7483713 -0.001616597 -0.658768 0.7523449 -0.001392304 -0.8635398 0.5042791 0.001349151 -0.9458651 0.3245584 -0.001074731 -0.966338 0.2572761 2.74486e-4 -0.001547098 0.9999958 -0.002429544 -1.60856e-4 1 -2.12868e-4 0.9798078 0.1999328 0.001914322 0.8967259 0.4425859 -6.59094e-4 0.8717767 0.4898988 -0.002167046 0.7459863 0.6659595 0.001564264 0.510824 0.8596853 4.50309e-4 0.4421535 0.8969383 -0.001466393 0.2878746 0.9576677 9.39087e-4 0.06139713 -0.9981135 -8.00473e-7 0.01695424 -0.9998561 5.70456e-4 0.4083391 -0.9128302 -7.06737e-4 0.4094368 -0.9123383 -6.57697e-4 0.6794189 -0.7337456 0.002741754 0.8359366 -0.548826 2.81882e-4 0.8907179 -0.4545494 -0.002583682 0.9546388 -0.2977651 9.59659e-4 0.002043366 -0.9999871 -0.004667699 0.003675997 -0.999992 -0.001623094 -2.44727e-6 0 -1 -0.001697957 -0.001871168 -0.9999969 -9.94311e-4 -4.84639e-7 -0.9999995 0 0 -1 -1.87372e-4 1.40348e-4 -1 0.002627849 -0.002702832 -0.999993 5.9324e-6 0 -1 -1.44684e-5 1.86769e-4 -1 -1.76639e-7 1.61241e-4 -1 1.69759e-4 1.72679e-4 -1 0.001303791 0 -0.9999992 1.76383e-5 0.9999914 -0.004180073 9.76123e-5 0.9999968 -0.002574086 -2.37178e-4 0.3692204 0.9293419 -2.26474e-4 0.3710923 0.928596 -5.26784e-4 0.7790054 0.627017 -1.37937e-5 0.8499951 0.5267908 -3.89636e-4 0.902274 0.431163 -2.48811e-4 0.01821649 0.9998341 -1.5523e-4 0.01600331 0.999872 8.38768e-5 0.6972832 0.7167958 1.74117e-4 0.7036443 0.7105523 -8.71383e-5 0.9999992 0.001316547 -1.67878e-4 0.9999993 0.001201152 -1.46421e-4 3.05335e-4 1 -4.63413e-6 6.11999e-4 0.9999998 -4.58402e-4 -0.9999989 0.00143218 1.19174e-4 -0.9999999 6.06927e-4 4.35659e-4 -0.8648882 0.5019645 -7.397e-4 -0.7222557 0.6916258 3.42781e-4 -0.5434144 0.8394646 -5.18192e-4 -0.02213001 0.999755 -5.99388e-4 -0.02030062 0.9997938 -2.52988e-4 -0.9281019 0.3723264 -7.00515e-5 -0.9157015 0.4018594 3.19388e-4 -0.6309235 0.7758451 -6.20385e-4 -0.52026 0.8540077 -1.72178e-4 -0.9999725 -0.007420837 -2.73824e-5 -0.9999468 -0.0103144 -0.999952 0.009516775 -0.002369523 -0.9999565 1.22422e-4 -0.009327769 -0.999269 0.03725594 0.008571147 -0.9996224 0.009934484 0.02562159 -0.9999817 -0.003987371 0.004577517 -0.9995554 0.008036196 0.02871805 -0.9999473 -0.01010203 -0.001873433 -0.999994 -1.47386e-5 -0.003449201 -0.9999577 2.1766e-4 -0.009203433 -0.9999879 0.001116991 -0.004808485 -0.9999855 -5.30458e-5 0.005385339 -0.9999768 2.9122e-5 0.006810784 -0.9997645 -5.24257e-5 0.0217036 -0.9999987 -4.42079e-4 0.001567006 -0.9999625 0.008545339 0.001502275 -0.9999625 0.008539497 0.001475512 -0.9999623 0.008550167 0.001548767 -0.9999933 -0.003378093 -0.001399695 -0.9999366 0.001311123 0.01119303 -0.9994339 -0.03230011 0.009417831 -0.9996592 -0.01939415 0.01748079 -0.9994291 -0.0083521 0.03273755 -0.9999997 -4.34557e-4 6.28917e-4 -0.9999997 6.6861e-5 9.58043e-4 0.9999822 0.005272805 -0.002808094 0.9999527 -0.002544224 -0.009390473 0.9997008 0.02397125 0.004885494 0.9998487 0.01329219 0.01123106 0.9996297 0.004294276 0.02687072 0.9999607 -0.004143238 0.007836997 0.9999241 -0.01232916 -2.85601e-4 0.9997721 0.01381874 0.01627701 0.99998 2.09562e-5 -0.006315052 0.9999805 1.89957e-5 -0.006262004 0.9999783 2.54886e-4 -0.006596684 0.9999955 -9.73705e-6 0.003022789 0.9999848 1.79532e-4 0.00551939 0.9999926 0.003873944 -2.23176e-4 0.9999531 0.009092986 -0.003362834 0.9999569 0.008555531 -0.003643989 0.9999567 0.00855726 -0.003667235 0.9999963 0.002042472 0.001851022 0.9996367 -0.008769571 0.02548825 0.9991438 -0.04075598 -0.00710982 0.9997428 -0.0111407 0.01975393 0.9998177 -0.01803946 0.00625956 0.9999998 -5.49365e-4 5.63711e-4 0.9999994 1.80594e-4 0.001043915 1 0 0 1 8.38648e-6 0 -0.074781 -0.2599447 -0.9627236 0.05712276 -0.9893053 -0.1342087 0.006501555 -0.9997109 -0.02315199 -0.02821123 -0.4671261 0.8837406 -0.02831482 -0.4671103 0.8837456 -0.02830415 -0.4671133 0.8837444 0.01219058 -0.3853271 0.9226996 -0.07470762 -0.3057298 -0.9491829 0.0778436 -0.9802362 -0.1818721 -0.09622371 -0.9471338 0.3060697 0.04610216 -0.6562147 0.7531646 -1 -3.96793e-6 0 -1 -1.47539e-6 0 -1 4.54279e-6 0 1 4.43722e-6 0 1 -8.8853e-6 0 1 4.19419e-6 0 0.0761072 -0.6464104 -0.7591848 -0.06208491 -0.9832172 -0.1715502 0.03069418 -0.9920566 0.1219901 -0.05186712 -0.4907249 0.8697695 -0.05195659 -0.490712 0.8697714 -0.05195128 -0.4907134 0.869771 0.02850556 -0.3081832 0.9509 -0.06014001 -0.2151963 -0.9747173 0.06722146 -0.9216634 -0.3821229 -0.08897322 -0.9950366 0.04456645 0.06423366 -0.7412976 0.6680958 -0.04583323 -0.1290839 0.990574 -1 -2.33562e-6 0 -1 0 0 -0.2539286 0.3356594 0.9071125 -0.1234461 0.4663856 0.8759256 -0.3065367 0.6781708 0.6679219 -0.185344 0.7671623 0.6140927 -0.1449161 0.9397746 0.309553 -0.2518712 0.9410603 0.2257577 -0.04394412 0.9990077 -0.007260084 -0.06040364 0.9455657 -0.3197767 -0.3679943 0.8348414 -0.4094143 -0.2573766 0.7284395 -0.6349278 -0.03669512 0.6556948 -0.7541339 -0.2487382 0.363488 -0.8977783 -0.1657257 0.268033 -0.9490488 -0.1142747 2.17891e-4 0.9934492 -0.1161071 1.95733e-4 0.9932368 -0.1311739 -0.4068945 -0.9040079 -0.27341 -0.3364129 -0.9011512 -0.01679009 -0.7407196 -0.6716045 -0.2994078 -0.7967622 -0.5249048 -0.2098956 -0.9315161 -0.2970215 0.1229246 -0.9878656 -0.09492826 -0.2949643 -0.9452462 0.1396635 -0.02048814 -0.8515281 0.5239087 -0.1737504 -0.796174 0.5795843 -0.1363068 -0.4230557 0.8957927 -0.2028504 -0.3822976 0.9014989 -0.1843647 5.51706e-4 -0.9828578 -0.2070219 7.9032e-4 -0.978336 -0.9998868 0.01481026 -0.002682328 -0.9998812 -0.01196706 0.009720325 -0.9999999 4.1648e-4 -4.27603e-4 -0.9999911 7.19432e-4 -0.004156529 -0.999986 -0.003315687 -0.004150152 -0.2310851 0.3878785 0.8922724 0.04929322 0.518454 0.8536836 -0.2565762 0.7888321 0.5584915 -0.138356 0.8641523 0.4838372 -0.2470895 0.9277331 0.2797467 0.09822696 0.9947958 0.02707231 -0.2519814 0.9514957 -0.1765263 -0.2013673 0.8318086 -0.5172481 -0.2379605 0.8114835 -0.5337316 -0.2628657 0.534106 -0.8035126 -0.1214742 0.4860543 -0.8654451 -0.1600321 -3.53096e-4 0.9871118 0.00381869 0.001435101 0.9999917 -0.2662902 -0.4688301 -0.8421925 0.02622693 -0.6100937 -0.7918952 -0.1773172 -0.8704914 -0.4591333 -0.4808545 -0.702564 -0.5245788 -0.02962243 -0.9837574 -0.1770422 -0.2931235 -0.9558556 0.02046364 -0.03222072 -0.9519196 0.3046489 -0.3916569 -0.7042338 0.5921652 -0.02557373 -0.8426024 0.5379287 -0.1967118 -0.4493467 0.8714311 -0.1571086 -0.4367829 0.8857413 -0.1525768 -0.001373946 -0.9882907 -0.2284372 -2.53565e-4 -0.9735586 -0.9995675 0.02885347 -0.005690693 -0.9996101 -0.02172297 -0.01754486 -0.9998313 8.10247e-4 -0.01835668 -0.9999779 -2.12321e-4 -0.006655216 -0.9997533 0.02145797 -0.005749642 -0.2004224 0.4280063 0.8812727 0.00500065 0.5228512 0.8524094 -0.1841458 0.7716722 0.6087794 0.1369299 0.8650061 0.4827159 -0.1890124 0.9442752 0.2694786 -0.1489859 0.9883753 -0.03029394 1.43523e-4 0.9951611 -0.09825807 -0.2553386 0.8832001 -0.3933953 0.04514229 0.7598699 -0.6485059 -0.1924462 0.6552704 -0.7304691 -0.1689877 0.3715872 -0.912889 -0.3181352 0.4431561 -0.8380947 -0.2565945 -9.47893e-4 0.9665188 -0.02579432 0.00177735 0.9996657 -0.2049321 -0.3893494 -0.8980033 -0.1023587 -0.4948002 -0.8629575 -0.3600221 -0.668718 -0.6505385 -0.06630367 -0.8601955 -0.5056357 0.0234338 -0.9658671 -0.2579761 -0.264467 -0.9559222 -0.1275545 -0.1465221 -0.9891322 0.01219922 -0.2901272 -0.881592 0.3723195 -0.04823344 -0.8205485 0.5695381 -0.241258 -0.7056856 0.666185 0.04837948 -0.4260039 0.903427 -0.1757525 -0.3034822 0.9364879 -0.1427789 2.99116e-4 -0.9897546 -0.1483997 3.67164e-4 -0.9889275 -0.9990859 0.04185992 -0.008676648 -0.9996005 0.02812337 -0.002811968 -0.9995572 -0.02833795 -0.00908178 -0.9982671 -0.04049104 0.04269945 -0.9998939 6.71184e-4 -0.01455843 -0.9999986 -5.99965e-4 0.001609861 -0.9996812 0.02517247 -0.002010762 -0.2112755 0.4875077 0.8471713 -0.2974289 0.5196785 0.8009184 -0.05964368 0.8307443 0.5534497 -0.2811878 0.8908286 0.3568727 0.02406132 0.983875 0.1772318 -0.2918449 0.9449897 -0.1477203 -0.1128233 0.9178402 -0.380579 -0.3099712 0.7899684 -0.5290254 0.005963802 0.5770816 -0.8166648 -0.2470738 0.4343718 -0.8661847 -0.1622422 0.001030147 0.9867504 -0.1795263 7.93583e-4 0.9837529 -0.2031129 -0.3736177 -0.9050718 -0.1785088 -0.3879032 -0.9042487 -0.1608241 -0.7693804 -0.6182148 -0.1227657 -0.7896004 -0.6012154 -0.2995653 -0.9204325 -0.2511268 -0.02724903 -0.9923892 -0.1200883 -0.2832373 -0.8831263 0.3739851 -0.1652068 -0.9241235 0.3445326 -0.163177 -0.6312526 0.7582172 -0.3119351 -0.6852549 0.6581202 -0.2355952 -0.3281555 0.9147726 -0.1171626 -0.4259514 0.8971279 -0.2063901 0.001107871 -0.9784691 -0.1843487 8.05066e-4 -0.9828606 -0.9999293 0.003100335 -0.01147925 -0.9975117 -0.07013082 0.007219135 -0.9953316 -0.08209371 0.05075162 -0.9999721 -2.52593e-4 0.007472693 -0.9999853 9.45314e-4 -0.005362033 -0.9999724 -0.004058182 -0.006226658 -0.9944099 0.0996766 -0.03483706 -0.2467347 0.3854417 0.8891325 0.01346373 0.5665933 0.8238876 -0.2744667 0.7380535 0.6163968 -0.1222455 0.8880302 0.4432364 -0.2752689 0.9174659 0.2871993 -0.1386764 0.9902765 0.01102519 -0.2631754 0.9536471 -0.1459316 -0.115787 0.8904265 -0.4401524 -0.02314132 0.9278943 -0.3721246 -0.05652254 0.5855504 -0.8086631 -0.1620407 0.5477094 -0.8208272 0.01598608 0.001780509 0.9998707 -0.1911814 -6.0534e-4 0.9815546 -0.1187961 -0.5002916 -0.8576688 -0.2526208 -0.5477878 -0.7975659 -0.2887063 -0.7947836 -0.5338237 -0.2321909 -0.9388093 -0.2544103 -0.2163746 -0.9692895 0.1168762 0.1208378 -0.9410907 0.3158273 -0.3025979 -0.779155 0.5489556 0.1805092 -0.5908492 0.7863293 -0.2429106 -0.4079839 0.8800816 -0.231235 2.99738e-4 -0.9728979 -0.2059848 -5.01039e-5 -0.9785552 -0.9907485 0.1338557 0.02236652 -0.9907564 0.1338267 0.02218908 -0.9907524 0.1338383 0.02229619 -0.9997335 0.017407 0.01516199 -0.9995597 -0.0287432 -0.007370829 -0.999977 4.42986e-5 -0.006783902 -0.9998194 0.001160562 -0.01896697 -0.9993964 0.03145778 -0.01474249 -0.9993819 -0.03426903 -0.007841527 -0.1324013 0.49785 0.8570971 -0.02551579 0.5394777 0.8416132 -0.1848099 0.8242483 0.5352197 -0.1622968 0.8383072 0.5204814 -0.2521957 0.9106889 0.3271742 -0.02920579 0.989162 0.1438944 -0.2690128 0.9464105 -0.1787162 -0.136936 0.9440385 -0.3000667 -0.2611511 0.802233 -0.5368635 0.07282865 0.6997242 -0.7106913 -0.2241412 0.4542067 -0.8622395 -0.1328769 0.3816072 -0.9147238 -0.1679597 4.31702e-5 0.985794 -0.07087415 9.66312e-4 0.9974848 -0.1688141 -0.483212 -0.8590739 -0.1321458 -0.470393 -0.8725067 -0.0927301 -0.8886778 -0.4490581 -0.38615 -0.7753593 -0.499706 -0.07427704 -0.9798862 -0.1852191 -0.2753188 -0.9527356 0.1284312 -0.06368434 -0.9509972 0.3025702 -0.2721431 -0.8040203 0.5286678 0.1146932 -0.7162376 0.6883671 -0.2894841 -0.4544327 0.842431 -0.07945901 -0.2292651 0.9701154 -0.1838434 -8.51104e-4 -0.9829552 -0.2589525 2.49071e-4 -0.96589 -0.9995436 0.0297057 0.005511283 -0.9999046 -0.007950305 -0.0113011 -0.9999332 5.36426e-5 -0.01156514 -0.9999421 -1.64768e-5 -0.01077085 -0.9961383 -0.08171004 0.03212624 -0.9997002 0.02334386 -0.007391989 -0.2318695 0.4247075 0.8751344 0.02606505 0.552808 0.832901 -0.2745072 0.8298285 0.4858297 0.00486499 0.926989 0.3750571 -0.2931671 0.9558176 -0.0215826 -0.4235789 0.9039571 0.05867278 -0.03114169 0.8783565 -0.4769906 -0.2440415 0.7957827 -0.5542325 -0.121843 0.4686667 -0.8749319 -0.2283628 0.5068122 -0.8312591 -0.1489396 -8.68983e-4 0.988846 -0.09202766 -4.40837e-4 0.9957564 -0.2742855 -0.3620781 -0.8908799 0.04873216 -0.5781271 -0.8144903 -0.2648156 -0.7371251 -0.6217068 -0.02407169 -0.9184433 -0.3948194 -0.2544407 -0.9376997 -0.2365998 -0.2463868 -0.9668199 0.06747555 -0.03290951 -0.9844917 0.1723172 -0.2848778 -0.7761476 0.5625298 -0.09421825 -0.747025 0.6580856 -0.02668178 -0.4068299 0.9131142 -0.1890962 -0.3347847 0.9231262 0.01965057 -0.001596391 -0.9998056 -0.1805377 8.53427e-4 -0.9835677 -0.9983876 0.05584734 -0.01015931 -0.9998843 -0.01000928 0.01145923 -0.9998796 8.08412e-4 -0.01550257 -0.9985553 0.04246032 -0.03293389 -0.9998783 0.00123316 -0.01555263 -0.9999506 -7.41572e-4 0.009924113 -0.9996871 -0.0210945 0.01344418 -0.2435193 0.4394665 0.86462 -0.01054233 0.5541945 0.8323205 -0.2509432 0.8480379 0.4667539 -0.05319428 0.9156785 0.3983759 -0.2652243 0.9641847 0.002009391 0.1472364 0.9611561 -0.2334536 -0.2505245 0.8552434 -0.4536478 -0.009839773 0.7285341 -0.684939 -0.2575929 0.4960688 -0.8291934 -0.2352579 0.4825413 -0.843687 -0.1834558 3.24121e-4 0.9830279 -0.2007746 1.03994e-4 0.9796376 -0.04249268 -0.3295045 -0.9431974 -0.2359173 -0.5208443 -0.820405 -0.201624 -0.5424632 -0.8155253 -0.08879071 -0.8994257 -0.42796 -0.09910494 -0.899622 -0.4252747 -0.1797026 -0.9708517 0.1586003 -3.79715e-4 -0.9703674 0.241634 -0.2838348 -0.8010202 0.5270716 -0.08081591 -0.6956456 0.7138249 -0.2831756 -0.5350694 0.7959349 -0.1266524 -0.149917 0.980553 -0.2672442 9.7648e-4 -0.9636284 -0.2120566 2.61042e-4 -0.9772574 -0.9996149 -0.02772116 -0.001317203 -0.9980816 -0.0604037 0.01358181 -0.9999991 8.10964e-4 -0.001125276 -0.9999874 2.76979e-4 0.005010306 -0.9999866 -0.002570509 0.004496872 -0.2592787 0.4973969 0.8278714 -0.09104907 0.5939291 0.7993488 -0.296498 0.7986998 0.5236102 -0.1138992 0.9101067 0.3984131 -0.1863832 0.9822916 0.01909255 -0.134042 0.9909436 -0.007976055 -0.2044824 0.9178289 -0.3402605 -0.06516921 0.8972139 -0.4367611 -0.2735282 0.6834619 -0.676803 -0.04811042 0.5369687 -0.8422293 -0.18931 0.4267154 -0.8843505 -0.2606264 -3.89449e-4 0.9654397 -0.04523706 0.002547085 0.998973 -0.2619984 -0.3318601 -0.9062151 -0.004705607 -0.540089 -0.8415948 -0.2431874 -0.6829585 -0.6887871 -0.1040905 -0.8801569 -0.4631296 -0.08392745 -0.885303 -0.4573783 -0.06227433 -0.997789 0.02321767 -0.1297808 -0.9914121 -0.01610243 -0.2256916 -0.8829556 0.4116466 -0.3108503 -0.8385246 0.4474915 -0.1778535 -0.6395239 0.7479154 -0.294504 -0.5251422 0.7984316 -0.1228075 -0.3765789 0.9182085 -0.1787476 8.36317e-4 -0.9838946 -0.03737252 -8.0551e-4 -0.9993011 -0.9996391 0.02686291 2.25089e-4 -0.9986119 -0.04544436 0.0266323 -0.9993883 -0.03449511 0.005773067 -0.9998993 -0.004084587 0.01359128 -0.9999399 -1.77658e-4 0.01096493 -0.9999915 4.62568e-4 0.004097521 -0.9998852 0.0148974 -0.002820551 -0.9999799 -0.005089581 0.003783941 -0.08854633 0.4212797 0.902598 -0.2438318 0.4894061 0.8372741 -0.07074916 0.6507867 0.7559572 -0.3105713 0.840852 0.4432982 -0.163814 0.9158465 0.3665925 -0.2476946 0.9643771 -0.0928682 -0.179825 0.9749369 -0.1310004 -0.1332223 0.7985876 -0.5869496 -0.07045841 0.7907602 -0.6080576 -0.1065007 0.412185 -0.9048542 -0.1935381 0.3648846 -0.9107152 -0.1178739 -5.74041e-4 0.9930285 -0.2085303 -0.001414656 0.978015 -0.1946189 -0.5096829 -0.8380615 -0.3264456 -0.5490955 -0.7693682 -0.1088098 -0.743564 -0.6597524 -0.2516843 -0.8247699 -0.5063692 -0.1177242 -0.9671003 -0.2255177 -0.2145259 -0.9662458 -0.142646 -0.0423237 -0.9989912 0.01501518 -0.2915563 -0.9140563 0.2819504 -0.06259334 -0.8819522 0.4671641 -0.2568968 -0.6173589 0.7435536 0.03039014 -0.5390664 0.8417149 -0.138219 -0.001036465 -0.9904012 -0.2500685 1.7659e-4 -0.9682282 -0.9987318 0.04563647 -0.02126419 -0.9996702 0.02457761 -0.007453441 -0.9999901 3.30901e-4 -0.004449903 -0.9999995 4.88414e-5 -0.001084268 -0.9996062 0.02302098 -0.01604932 -0.9995569 -0.02975934 -6.31775e-4 0.2739759 0.2323567 -0.9332457 0.04297333 0.3991437 -0.9158808 0.02786868 0.5643756 -0.8250476 0.2628595 0.6947073 -0.6695421 0.1512767 0.8633698 -0.4813607 -0.01946908 0.9071565 -0.420343 0.2685782 0.9620765 -0.04769289 0.03909289 0.98429 0.1721778 0.2073178 0.9357711 0.2852228 0.2068216 0.7399083 0.6401255 0.1858596 0.7532653 0.6309103 0.01088696 0.5257425 0.8505742 0.2258775 0.3840397 0.8952614 0.1911517 -1.97511e-4 -0.9815605 0.2080174 4.17427e-5 -0.9781252 0.267179 -0.218479 0.9385533 0.07570451 -0.622526 0.7789289 0.1394939 -0.6023837 0.7859233 0.09570211 -0.9478412 0.3040367 0.04740798 -0.9589518 0.2795785 0.2972327 -0.9513232 -0.08146816 -0.04533398 -0.9391191 -0.340588 0.2835169 -0.8005527 -0.5279523 0.2360137 -0.7745636 -0.5868125 0.2652946 -0.4194079 -0.868168 0.1783024 -0.3800024 -0.9076379 0.05090737 8.2679e-4 0.9987031 0.204573 -0.001049399 0.9788508 0.9999756 -0.006908953 0.001119911 0.9999284 0.01187324 -0.001514852 0.9999488 0.009220361 -0.004174292 0.9999933 -4.86899e-4 -0.003617346 0.999998 5.28438e-5 0.00204271 0.9997574 0.01193439 0.01851671 0.9998878 -0.01445841 -0.003915548 0.9999962 0.002025425 0.00187695 0.2401992 0.3779261 -0.8941344 0.08186304 0.4914773 -0.8670344 0.2528131 0.702269 -0.6655102 0.1603612 0.78624 -0.5967505 0.1544176 0.9291775 -0.3358341 0.1524454 0.9290711 -0.3370273 0.1675329 0.9765674 0.1350883 0.06223356 0.9770691 0.2036247 0.294483 0.8203539 0.4902036 0.1031131 0.7970055 0.5951051 0.1406558 0.4046823 0.9035753 0.1752535 0.3900672 0.9039546 0.1652017 -9.46653e-5 -0.9862599 0.1733184 6.15348e-7 -0.9848659 0.1475213 -0.4216045 0.8946995 0.2879441 -0.4830904 0.8268688 0.004402101 -0.7313221 0.6820182 0.2944083 -0.8802533 0.3721265 0.1561853 -0.9448451 0.2878785 0.2820741 -0.9508388 -0.1278272 -0.004402577 -0.9585072 -0.2850342 0.1477242 -0.747114 -0.6480727 0.2413946 -0.7085795 -0.6630564 0.01585936 -0.4159543 -0.9092472 0.1628141 -0.4814 -0.8612465 0.1884056 3.20764e-4 0.9820913 0.190745 2.87006e-4 0.9816396 0.9996721 -0.02315503 -0.01093697 0.9999444 5.84874e-4 -0.01053041 0.9999849 0.001019239 -0.005398988 0.9999833 -0.005611181 -0.001448571 0.9998717 -0.0150426 -0.005501866 0.2389393 0.3618326 -0.9011023 0.1718024 0.5171794 -0.8384566 0.2208825 0.540131 -0.8120772 0.0821712 0.869859 -0.4864086 -0.01149189 0.8917887 -0.452306 0.248066 0.9620807 0.1134199 0.09220373 0.9661355 0.2409995 0.2906141 0.8332656 0.4703317 0.01913428 0.6841127 0.7291254 0.1090181 0.702367 0.7034173 0.1595046 0.3391395 0.9271153 0.2270319 0.2918882 0.9291168 0.07878684 -0.00116378 -0.9968909 0.1678379 8.171e-5 -0.9858146 0.23493 -0.4012655 0.8853214 0.1398646 -0.5746617 0.806351 0.1205242 -0.5800685 0.8056021 -0.04142087 -0.9101611 0.4121783 0.3476342 -0.8950383 0.279387 -0.1532759 -0.9754437 -0.1581649 0.2029918 -0.9311048 -0.3030484 0.1512005 -0.8106874 -0.5656186 0.2248672 -0.7593817 -0.6105525 0.05389851 -0.5426206 -0.8382469 0.27448 -0.3875252 -0.8800483 -0.03433656 0.00108987 0.9994098 0.2080265 -0.00157088 0.978122 0.9999726 0.006632387 -0.003318786 0.9999719 0.006648778 -0.003497421 0.9999724 0.006641626 -0.003356516 0.9999482 0.00916022 -0.004451215 0.9977962 0.04139029 0.05186176 0.9999849 -2.58621e-4 -0.005490422 0.9999987 3.41685e-4 0.001576125 0.99984 -0.01326769 -0.01200658 0.9999434 0.01027798 0.002788364 -0.003133833 0.4410224 -0.8974906 0.3308424 0.5885685 -0.7376519 0.09588408 0.7314041 -0.6751698 0.2615972 0.8993515 -0.3503339 0.1337172 0.9668915 -0.2173486 0.2697166 0.9613552 -0.05521947 0.03623455 0.9700828 0.2400549 0.2610322 0.8806315 0.395412 0.1365039 0.7433676 0.6548063 0.2586998 0.6391272 0.7242864 -0.03607827 0.4448094 0.8948983 0.2250285 0.2145204 0.9504437 0.2590497 3.50308e-4 -0.965864 0.2454333 1.71928e-4 -0.9694135 0.2408811 -0.2465695 0.9387118 0.01942384 -0.410341 0.9117253 0.2895582 -0.6361872 0.7151377 0.06448644 -0.8375639 0.5425204 0.1979008 -0.7879578 0.5830592 0.1613369 -0.9742025 0.1577972 0.2211976 -0.9679412 0.1190025 0.1537436 -0.9714013 -0.1809485 0.2392318 -0.9407808 -0.2402077 0.1732957 -0.744699 -0.6445092 0.2616294 -0.7617859 -0.5926487 0.1967989 -0.481518 -0.8540555 0.05021023 -0.399826 -0.9152149 0.2180845 -3.78476e-4 0.9759299 0.123232 9.85502e-4 0.9923774 0.999942 -0.008641421 -0.006430208 0.9998005 -0.0198009 0.002635776 0.9996443 -0.02603894 0.005788922 0.9999691 0.003294944 0.00713998 1 -4.08835e-4 -3.63443e-5 0.9999703 2.80915e-4 0.007712364 0.9999534 0.004950881 0.008290112 -0.04639184 0.3921762 -0.9187197 0.1297358 0.4670307 -0.874672 0.2971494 0.6938685 -0.6559335 0.03758198 0.8129184 -0.5811638 0.3151316 0.9279157 -0.1991593 -0.04351657 0.9974148 0.05718439 0.2606719 0.9106316 0.320625 0.04500484 0.8560818 0.5148773 0.2667361 0.6952793 0.6674118 -0.001964032 0.360804 0.9326396 0.1852267 0.4377017 0.8798342 0.2512608 6.49551e-5 -0.9679194 0.1751067 -0.001055657 -0.984549 0.1901194 -0.4904229 0.850494 0.2790821 -0.5335425 0.798402 0.1291313 -0.6802341 0.7215308 0.2995637 -0.878192 0.3728811 0.1926277 -0.9191354 0.3436347 -0.02230906 -0.9919739 -0.124459 0.2865194 -0.9189531 -0.2709831 0.1662762 -0.8965868 -0.4104686 0.2305173 -0.7413012 -0.6303447 0.08132892 -0.6753523 -0.7329972 0.1492414 -0.3926421 -0.9075017 0.2739964 -0.4559041 -0.8468043 0.1946761 -5.03446e-4 0.9808676 0.2153808 -7.96277e-4 0.9765299 0.999576 0.01512861 0.0248816 0.9981822 -0.03698116 -0.04758894 0.9981746 -0.03701817 -0.04771822 0.9981749 -0.03701686 -0.04771572 0.9991745 0.04003429 0.006902217 0.9999857 -3.35873e-4 0.005345344 0.9999926 -4.66439e-4 0.003837585 0.9999189 -0.01244604 -0.002708911 0.9999898 0.001801848 0.004163444 0.1543892 0.2940742 -0.9432309 0.04177808 0.3583191 -0.932664 0.2767022 0.6652263 -0.6934767 0.02581554 0.806495 -0.5906772 0.2618218 0.938214 -0.2262827 0.221015 0.9533848 -0.2054503 0.1739362 0.939837 0.2940286 0.230799 0.9183741 0.3214358 0.1412016 0.7424335 0.65487 0.1969501 0.703169 0.6832013 0.132027 0.3706804 0.9193286 0.2247223 0.4209045 0.8788284 0.1925839 -1.88776e-5 -0.9812806 0.2142289 1.93089e-4 -0.9767835 0.04189354 -0.4111694 0.9105958 0.2301003 -0.4874294 0.8422983 -0.03540056 -0.7986315 0.6007784 0.05517715 -0.8178192 0.5728241 0.286799 -0.9254322 0.2476323 -0.1594443 -0.9846581 -0.07089525 0.1395577 -0.9707624 -0.1953046 0.2745032 -0.8364549 -0.4743323 0.04626244 -0.8139191 -0.5791335 0.2640096 -0.5130093 -0.8167744 0.06637918 -0.4306036 -0.900097 0.2144609 1.66264e-4 0.9767326 0.1994215 3.86418e-4 0.9799137 0.999946 -0.009976863 -0.002913594 0.9997628 -0.01583164 -0.0149576 0.999996 6.69825e-4 -0.002766311 0.9999971 0.001099944 0.002162039 0.9999946 -0.001779556 -0.002779126 0.9999541 0.009363174 0.002057969 0.06104516 0.3341511 -0.9405406 0.2931227 0.5203821 -0.8020485 0.2485245 0.570455 -0.7828261 0.3058759 0.7772359 -0.5498587 0.01680052 0.9103404 -0.4135192 0.2766445 0.9556799 -0.1007162 0.09312331 0.9909834 0.09633284 0.2683364 0.9094647 0.3176 0.08423483 0.8580229 0.506657 0.2291197 0.7536926 0.6159965 -0.0473659 0.5244101 0.8501474 0.2566788 0.3474975 0.9018656 0.2786256 6.89547e-4 -0.9603996 0.1769629 -7.68636e-4 -0.9842172 0.1783918 -0.4166765 0.8913794 0.2672143 -0.5005216 0.8234529 0.01626628 -0.6383666 0.7695607 0.03031551 -0.8874759 0.4598563 0.2618578 -0.895282 0.3604173 0.3494123 -0.9310343 0.1052908 0.0466504 -0.9876664 -0.1494621 0.01116073 -0.9599172 -0.2800616 0.3483188 -0.8031686 -0.483316 0.0402764 -0.664798 -0.7459366 0.2754501 -0.4203036 -0.8645648 0.2836604 -0.425711 -0.859248 0.2254031 -6.90173e-4 0.9742653 0.176362 1.14455e-5 0.9843254 0.9998084 0.01875907 -0.00558716 0.9888959 0.1466202 0.02423763 0.9999692 0.007245421 -0.003023028 0.9999946 4.79243e-5 -0.003312051 0.9999906 -4.87237e-5 -0.004358053 0.9987345 -0.03731989 -0.03371602 0.9999696 0.005327761 0.005713403 0.9994046 -0.0339033 -0.006411731 -0.03267776 0.3936204 -0.9186921 0.2689758 0.5099985 -0.8170396 -0.1347489 0.8116018 -0.5684589 0.2166535 0.8662958 -0.4501031 0.2171605 0.9760909 -0.009372293 -0.08440458 0.9927364 0.0857352 0.2316944 0.7828838 0.5774173 0.3526316 0.7811728 0.5151892 0.02337682 0.40948 0.9120197 0.2201589 0.4625784 0.8588081 0.1274439 7.82917e-5 -0.9918459 0.103146 -1.9144e-4 -0.9946663 0.2589755 -0.3122468 0.9140207 0.05768805 -0.5085911 0.8590734 0.2515212 -0.6541082 0.7133581 0.1321999 -0.8023217 0.582068 0.314866 -0.8654887 0.3896009 0.02993804 -0.9921005 0.1218209 0.3349993 -0.9226362 -0.191097 -0.05644321 -0.9074435 -0.4163659 0.2958738 -0.6439777 -0.7055151 0.0308358 -0.5280835 -0.8486324 0.2601899 -0.2889203 -0.9213178 0.1461811 -7.5571e-4 0.9892576 0.1127739 -4.06697e-4 0.9936206 0.9983904 -0.05350565 -0.01881092 0.9998362 0.01809626 -4.19427e-4 0.9990838 -0.04102981 -0.0121724 0.9999273 0.01205444 5.10268e-4 0.9991316 -0.02399551 -0.03406333 0.9999995 -0.001034617 1.19878e-4 0.9999949 -0.001301944 -0.002954244 0.9991824 0.04042577 -6.69775e-4 0.0292533 0.3781338 -0.9252886 0.3049548 0.5563718 -0.7729509 0.1849171 0.7059846 -0.6836603 0.2691795 0.7970272 -0.5406386 0.03489309 0.9269713 -0.373506 0.2962961 0.9502353 -0.09623694 0.1117619 0.9852399 0.1296595 0.2633525 0.9062929 0.3305733 0.1084769 0.8299219 0.5472317 0.1359491 0.8148967 0.5634371 0.119656 0.4793801 0.869412 0.1646952 0.491021 0.8554378 0.2398844 8.82654e-4 -0.9708011 0.1238129 -5.2059e-4 -0.9923055 -0.03110748 -0.3273736 0.9443828 0.1914722 -0.4355637 0.8795583 0.2334893 -0.6977546 0.6772159 0.05338561 -0.8406919 0.5388759 0.2717246 -0.8802309 0.3890493 0.02803152 -0.9992414 -0.02703619 0.279772 -0.9465481 -0.160544 0.08627295 -0.8179311 -0.5688109 0.1377 -0.7947188 -0.5911521 0.1377456 -0.4498016 -0.8824425 0.2077311 -0.4099602 -0.8881332 0.2170806 -5.82117e-4 0.9761536 0.1371253 3.34105e-4 0.9905537 0.9967666 -0.07784497 -0.01991343 0.9987294 -0.05030381 -0.003044843 0.9998179 0.01314204 0.01383537 0.9991365 0.04144155 -0.002992033 0.9998879 4.81492e-4 0.01496624 0.9999926 -0.001209855 -0.003675639 0.9988362 0.04823231 -1.31713e-4 0.9998294 0.01762169 -0.005553722 0.5321583 0.5420261 -0.6503963 0.2411776 0.3855276 -0.8906188 0.2312489 0.5801261 -0.7810108 0.01812022 0.7002218 -0.7136954 0.2709048 0.8405586 -0.4691181 0.08014106 0.9744747 -0.2097057 0.2000049 0.9713047 -0.1287069 0.2349321 0.9291967 0.2853076 -0.010356 0.9149342 0.4034705 0.2766339 0.6646437 0.6940623 0.0315811 0.5211678 0.8528698 0.2599583 0.3353816 0.9055059 0.08833199 -4.2601e-4 -0.9960911 0.184615 9.23943e-4 -0.9828105 0.2267201 -0.4689335 0.8536388 0.1710451 -0.4946706 0.8520825 0.01640856 -0.8453426 0.5339726 0.288929 -0.8783689 0.3807733 0.05585265 -0.9946967 0.08636587 0.287743 -0.945499 -0.1524329 0.1181795 -0.9587233 -0.2586185 0.1062075 -0.7699862 -0.6291593 0.2498086 -0.6951219 -0.6740929 0.1411529 -0.4303213 -0.8915714 0.2359887 -0.357705 -0.9035246 0.1699849 1.79619e-4 0.9854468 0.133688 6.98471e-4 0.9910233 0.9998174 0.008791804 -0.0169661 0.9998147 0.0152077 -0.01180213 0.9999935 9.45562e-4 0.003477036 0.9999009 -4.52782e-4 -0.01407456 0.9993885 -0.03488719 -0.002367734 0.9985542 0.04814708 -0.02390599 0.7161953 -0.6978935 -0.003016531 0.7622806 -0.647033 -0.01663869 0.4154972 -0.9094547 0.01594799 0.402744 -0.5446789 0.7356101 0.7685025 -0.4703097 0.433835 0.520859 -0.5985404 0.6086505 0.3449033 -0.893658 0.2870841 0.798898 0.6013365 0.01250886 0.7074254 0.7067404 -0.008206605 0.376536 0.9262878 0.0145421 0.9493133 -0.01246064 0.3140847 0.903632 -0.02647733 0.4274906 0.7059788 -0.007000684 0.7081984 0.4393629 -0.02044278 0.898077 0.4621921 -0.02323466 0.8864755 -0.8708004 -0.4915968 0.006269931 -0.7689164 -0.6391499 -0.01597237 -0.7689161 -0.6391512 -0.01593726 -0.7692385 -0.6387749 -0.01545822 -0.4822437 -0.8758817 0.01649856 0.2653224 0.8143201 0.5162237 0.4006495 0.6975945 0.594005 0.2633991 0.412405 0.8720913 0.7432275 0.5209357 0.4198082 0.743215 0.5209335 0.4198331 0.7432029 0.5209288 0.4198604 0.2941456 -0.6894046 0.6619667 0.621779 -0.4500411 0.6409789 0.7341128 -0.4243568 0.5300942 0.7341521 -0.4242205 0.5301488 0.7341405 -0.4242726 0.5301232 0.3678122 -0.876766 0.3098314 0.9277625 -0.2366842 0.2885091 0.8399416 -0.3053638 0.4486103 0.9424657 -0.3326224 0.03348064 0.7985586 -0.5082395 0.3224852 -0.6516654 -0.5119989 0.5596333 -0.6591773 -0.5521097 0.5105489 -0.4537708 -0.84957 0.2689292 0.846624 0.01197952 0.5320568 0.8074806 0.023584 0.5894227 0.8074812 0.02359044 0.5894215 0.8074794 0.02356725 0.5894249 0.514328 0.01737129 0.8574177 0.4648861 0.009735763 0.885317 0.9256645 -0.3783457 3.17019e-5 0.7417106 -0.6707201 5.06764e-4 0.6502566 -0.7597129 0.001633048 0.4658476 -0.8848648 4.9704e-4 -0.875769 -0.007041454 0.4826791 -0.8757989 -0.007217943 0.4826223 -0.8757938 -0.007150053 0.4826326 -0.7567819 -0.02874433 0.6530351 -0.590987 -0.001179993 0.8066803 0.3661847 0.8182763 0.4430947 0.36618 0.8182913 0.4430708 0.3662273 0.8182012 0.4431979 0.5691512 0.5916532 0.5709758 0.7868645 0.4694539 0.4005714 0.4154439 0.3313881 0.8471059 0.9458808 0.2848485 0.1554703 0.8488823 0.3390491 0.4055178 0.8488221 0.3391873 0.4055284 0.8488667 0.3390924 0.4055143 0.8702894 0.2948029 0.3945727 0.3931688 -0.4914177 0.7771274 0.5193555 -0.6730543 0.5265622 0.6110108 -0.6662232 0.4275659 0.6110068 -0.6662569 0.427519 0.6110084 -0.6662382 0.4275459 -0.9194391 -0.2533432 0.3007475 -0.7560709 -0.3257599 0.5676596 -0.7561134 -0.3256341 0.5676752 -0.7559657 -0.3259105 0.5677133 -0.5663408 -0.4778447 0.6715078 -0.3730478 -0.4236181 0.8254594 -0.8773571 -0.4473621 0.1735273 -0.4093385 -0.7404317 0.5331069 -0.5391364 -0.7619335 0.3588725 0.8831323 0.4691228 0.001096606 0.8245787 0.5657451 0.001595377 0.7131753 0.7009854 7.57798e-4 0.4681693 0.8836379 0.001302421 0.4774966 0.8786329 0.001210331 0.912159 -0.00151056 0.409834 0.7609903 0.001780331 0.6487609 0.7609922 0.001751005 0.6487587 0.7607739 0.001397192 0.6490156 0.5001484 -0.001853168 0.8659378 -1.30434e-4 -0.5048409 0.8632124 -1.16531e-4 -0.5066211 0.8621688 1.15538e-4 -0.8814294 0.472316 -3.36583e-4 -0.9175724 0.3975687 -0.7127285 -0.701438 0.00172162 -0.6893157 -0.7244586 0.001924693 -0.4948884 -0.8689566 -5.39187e-6 0.320513 0.7634381 0.5607441 0.5798833 0.4340239 0.6894626 0.6805267 0.345963 0.6459048 0.6805266 0.3459672 0.6459026 0.6805267 0.3460055 0.6458821 -0.6368716 -0.5589877 0.5309683 -0.4907671 -0.4488808 0.7467622 -0.4907792 -0.4488546 0.74677 -0.4907546 -0.4489147 0.7467501 -0.6113367 -0.6951419 0.3782135 -0.6113321 -0.6951431 0.3782185 -0.6113446 -0.6951398 0.3782045 -4.47394e-4 0.9479723 0.3183526 7.13351e-4 0.7955474 0.6058909 -3.9485e-4 0.5968952 0.8023193 6.50186e-4 0.3143737 0.9492991 -0.8989397 -5.6987e-4 0.4380723 -0.8088721 0.001452088 0.5879828 -0.8090697 0.001116514 0.5877116 -0.8088722 0.00144428 0.5879828 -0.510892 -2.2887e-4 0.8596449 -0.4271353 5.85989e-4 0.9041876 -0.5978301 0.661131 0.4533267 -0.4567072 0.7007817 0.5480178 -0.3090584 0.6275691 0.7145907 -0.9001033 0.4356766 1.33857e-4 -0.7115516 0.7026304 0.002248406 -0.5086759 0.860958 2.33921e-4 -0.8879555 0.3497965 0.2986261 -0.5202757 0.6604287 0.5414309 -0.9524013 0.1820057 0.2445523 -0.3739768 0.6210235 0.6888187 -0.3739233 0.6211599 0.6887248 -0.373722 0.6213186 0.6886909 -0.6809223 0.5406687 0.493986 -0.4785768 0.5716434 0.6664745 -0.6025649 0.5617039 0.5669254 -0.910544 -0.001736402 0.4134086 -0.7416382 0.01352131 0.670664 -0.6658138 0.03127759 0.7454621 -0.3925868 0.008328855 0.9196774 -0.5067405 0.8467605 0.1618975 -0.6295785 0.5662698 0.5319489 -0.6818968 0.47226 0.5585583 -0.6407983 0.248574 0.7263529 -0.9216842 0.3871871 0.02418088 -0.6647609 0.7469512 -0.01252919 -0.6643958 0.7472838 -0.01205009 -0.6647593 0.746952 -0.0125696 -0.5281234 0.849119 0.009101748 -0.9083286 -0.2821127 0.3087906 -0.9084865 -0.2819153 0.3085064 -0.9084387 -0.2820116 0.308559 -0.5156558 -0.2572455 0.8172662 -0.5156797 -0.2571033 0.8172957 -0.5157614 -0.2574648 0.8171305 -0.5953295 -0.2905324 0.7491153 -0.5953717 -0.2902301 0.749199 -0.5953717 -0.2904294 0.7491217 -0.3184814 -0.2087514 0.9246581 -0.4332283 -0.5008928 0.7492794 -0.4335973 -0.5008121 0.7491199 -0.4334707 -0.5008743 0.7491517 -0.240841 -0.4770238 0.8452479 -0.2627025 -0.5781035 0.7725179 -0.1428257 -0.8319727 0.5361178 -0.1430841 -0.8320051 0.5359986 -0.1430078 -0.8320102 0.536011 2.25742e-4 -0.7456938 0.6662889 -1.18621e-4 -0.8016528 0.5977901 2.39028e-4 -0.7802987 0.6254069 -8.46306e-5 -0.9960267 0.08905512 2.51035e-4 -0.995997 0.0893867 -8.83509e-5 -0.9960267 0.08905512 -0.3705889 -9.10628e-4 0.9287965 -0.6672578 1.57991e-4 0.7448269 -0.8219619 -0.001266896 0.569541 -0.8218967 -0.001056671 0.5696357 -0.8218885 -9.40014e-4 0.5696477 0.2461788 -0.7662126 0.5935608 0.2461407 -0.7662082 0.5935823 0.2463942 -0.7663363 0.5933116 0.3947592 -0.9048164 0.159601 0.1300165 -0.2112213 0.9687525 0.3015989 -0.3828385 0.8731968 0.521368 -0.5101035 0.6840832 0.5214518 -0.510025 0.684078 0.5214138 -0.5100637 0.6840779 0.6552206 -0.4005715 0.6404908 0.6552494 -0.4005419 0.6404799 0.655261 -0.4005309 0.6404749 0.6086372 -0.2996804 0.7346785 0.608597 -0.2998036 0.7346615 0.6086254 -0.3001111 0.7345124 0.8174432 -0.2609105 0.5135294 -0.2337345 0.8099656 0.5378885 -0.3206931 0.6968604 0.6415151 -0.2945151 0.5176471 0.8033072 -0.5687563 0.621544 0.5387017 -0.5463768 0.3860694 0.7432516 -0.728145 0.3976626 0.5582735 -0.7398363 0.247157 0.6257441 -0.7398073 0.2472474 0.6257427 -0.7397862 0.2474526 0.6256865 -0.6638143 0.1893123 0.723541 0.6769657 -2.91389e-4 0.7360146 0.6833536 -3.68131e-4 0.7300876 -4.87569e-4 0.5045389 0.8633888 5.15197e-4 0.7808049 0.6247748 0.8192619 0.161082 0.5503296 0.6170483 0.2590695 0.7430575 0.7137516 0.3794404 0.5887137 0.7137171 0.3790385 0.5890143 0.7137644 0.3793832 0.5887349 0.6057332 0.5124558 0.6086677 0.6925731 0.537695 0.4808604 0.1723192 0.1798552 0.9684824 0.4121538 0.5908548 0.693556 0.4107538 0.6896411 0.5963863 0.2313455 0.6404989 0.7322844 0.2314375 0.6404796 0.7322723 0.2316578 0.6404936 0.7321904 0.2142851 0.7671117 0.6046666 -0.8588925 -0.5036087 -0.09317767 -0.6179978 -0.7622559 0.1924704 -0.6179782 -0.7622475 0.1925661 -0.6179606 -0.7622486 0.1926185 -0.02007097 -0.9857051 -0.1672797 0.6598386 -0.7316806 0.1710455 0.6598573 -0.7316803 0.1709745 0.659866 -0.7316853 0.1709201 0.7669515 -0.6410827 0.02825909 0 0 1 0 0 1 -0.6293004 -0.7769814 0.01676219 -0.5949226 -0.8028374 -0.03897786 0.6684262 -0.7419046 0.05276453 0.6719089 -0.7391672 0.04658609 -1.73827e-7 0 1 0 0 1 0 0 1 -0.9489648 -0.3032577 0.08660626 -0.860328 -0.5044495 -0.07325601 -0.2611228 -0.9584203 0.1150882 0.01751601 -0.991971 -0.1252466 0.7989142 -0.5920654 0.105805 0.8490325 -0.5278329 0.02315998 -1.51842e-7 0 1 0 0 1 -0.0525338 0.02144491 0.998389 -0.01931303 0.01110601 0.9997519 0.03419291 0.002035975 0.9994132 -0.007289826 -0.09460139 0.9954886 -0.02047449 -0.007837474 0.9997597 -0.03969258 0.002848684 0.9992079 -0.01772856 1.82325e-4 0.9998429 -0.03820252 -0.002864241 0.999266 0.001532495 -0.00918436 0.9999567 0.04656869 -0.03998982 0.9981144 0.02807641 0.00389111 0.9995983 -0.002838611 -0.0402022 0.9991876 -0.025101 0.01248896 0.999607 -0.02572715 0.009640514 0.9996226 -0.01477938 -0.02273327 0.9996324 -0.01594984 -0.02208393 0.999629 0.05411756 0.05197024 0.9971812 -0.07938182 0.05656433 0.9952383 0.07221174 0.06402778 0.9953321 0.005598485 -0.01950693 0.9997941 0.03428137 -0.01122868 0.9993492 -0.3336932 0.2593308 -0.9063093 0.02339529 0.5399071 0.8413994 0.4258134 0.1989759 -0.8826617 -0.003011286 -0.06949365 0.9975779 0.09013134 -0.1101633 0.9898185 -0.0997706 -0.1075253 0.9891836 -0.02743053 -0.03899753 0.9988628 0.02918684 0.06056708 0.9977374 0.165513 -0.1121116 0.9798145 0.07632178 -0.07548284 0.994222 0.01539897 0.03130906 0.9993912 -0.005677878 -1.69845e-5 0.999984 0.008809566 -0.02873468 0.9995483 -0.01274955 -0.02156484 0.9996862 -0.01379817 -0.02020364 0.9997007 0.1016919 -0.0209012 0.9945964 0.01260924 0.002273499 0.999918 -0.02485847 0.0458976 0.9986369 -0.03645187 0.006988108 0.999311 -0.02837097 -0.02020275 0.9993933 0.04090458 -0.03186839 0.9986547 0.003137171 0.1343778 0.9909252 0.04921567 -0.6921198 0.7201029 -0.04748171 0.06655997 0.996652 0.001594185 0.01813906 0.9998342 0.0560522 0.004593849 0.9984173 0.0408973 -0.002974092 0.9991589 0.001979827 -0.232949 0.972487 -0.0195406 -0.04542988 0.9987765 0.04044812 0.1443071 0.988706 -0.06713867 0.02066802 0.9975296 -0.004352092 0.02204054 0.9997476 -1.15006e-4 0.08503425 0.9963781 -0.004337608 0.03150308 0.9994943 0.4466158 0.1002564 -0.8890911 0.487136 -0.2365356 0.840684 -0.06443893 0.01382189 0.9978259 -0.0867176 0.02420723 0.9959388 -0.1825651 0.03406453 0.9826035 0.02885615 -0.1728801 0.9845201 -0.007635712 -0.01367849 0.9998774 0.03656011 0.001147985 0.9993309 -0.01578509 -0.1119574 0.9935876 0.01837491 0.2567877 0.9662932 0.03320538 0.01098603 0.9993882 0.04016309 -0.02729678 0.9988203 -0.01528412 -0.005055844 0.9998705 0.008603334 0.2933008 0.9559815 -0.05216342 0.005639553 0.9986227 -0.1623472 0.07378435 0.9839712 0.0505355 0.02685201 0.9983612 0.9497429 -0.2509554 0.1871092 0.9750571 -0.2063064 -0.08186203 0.9295612 0.1828439 -0.3201315 0.8128785 0.5595993 -0.1614843 0.9018907 0.2656572 0.3406161 0.372793 -0.4707837 0.7996176 0.8919942 -0.3809632 0.2433378 0.9766822 -0.1918914 -0.09627932 0.9766926 -0.1917314 -0.09649211 0.9766198 -0.1922753 -0.09614586 0.9452702 -0.001582205 0.3262847 0.8634491 -0.001405954 -0.5044342 0.9173592 0.2185053 -0.3327275 0.9188424 0.3917636 -0.0474357 0.9538993 0.1986026 0.2250182 0.8313636 -0.4156246 0.3689051 0.153413 -0.9450444 0.2887138 0.9117822 -0.4103507 -0.01629585 0.942074 -0.1964327 -0.2718654 0.9420316 -0.1963971 -0.272038 0.9419317 -0.1964537 -0.2723428 0.8371965 -0.00193274 0.5468987 0.7911535 0.001626849 -0.6116157 0.9777616 0.1611911 -0.1341634 0.9776404 0.1614634 -0.1347176 0.9776993 0.161396 -0.1343706 0.4577583 0.8889321 0.01604133 0.8263209 0.2745424 0.4917521 0.8260681 0.2751271 0.4918503 0.8261286 0.2748911 0.4918804 0.8220679 -0.2974308 0.4855301 0.8981696 -0.4226167 0.1211879 0.8981377 -0.4227581 0.1209315 0.8979783 -0.4231473 0.1207538 0.710811 9.6047e-4 -0.7033825 0.7108106 9.77272e-4 -0.7033829 0.7108106 9.83383e-4 -0.7033829 0.9675624 -9.18998e-4 -0.2526305 0.9675046 -0.001328229 -0.2528501 0.9675116 -0.00116831 -0.2528241 0.6004816 0.4960545 -0.6271777 0.9095556 0.3132141 -0.2731404 0.9082961 0.4107978 0.07901483 0.908744 0.2112817 0.3599228 0.6216043 -0.7378111 0.2631404 0.6699743 -0.7263472 -0.1534736 0.9259976 -0.2239643 -0.303922 0.9259927 -0.2236676 -0.3041551 0.9259027 -0.2244022 -0.303888 0.8276447 0.002144694 -0.5612484 0.95064 0.3098476 0.01667779 0.9039196 0.2374804 0.3557142 0.4724109 -0.4399625 0.7637152 0.865391 -0.3668144 0.3413878 0.9902651 -0.1289712 0.05235934 0.9902656 -0.1288294 0.05269724 0.9902611 -0.128957 0.05247175 0.9023082 -0.4256553 0.06824666 0.847805 -0.3927625 -0.3563205 0.3261992 -0.504137 -0.7996499 0.8658995 -0.001764297 0.5002151 0.7936024 -0.001822233 -0.6084342 0.9143223 0.2329461 -0.3312866 0.9143013 0.2331756 -0.3311831 0.9141918 0.2335097 -0.3312502 0.9003902 0.2392795 0.3633773 0.9432095 -0.2186455 0.2501003 0.727621 -0.6844509 0.04576832 0.8714889 -0.4346827 -0.2270642 0.9205747 0.3683439 -0.1298657 0.9205719 0.3684865 -0.129481 0.9204679 0.3688462 -0.1291961 0.9122145 0.2268795 0.3411604 0.8779277 -0.2381111 0.4153867 0.7984785 0.001804113 0.6020206 0.8851138 0.002054393 -0.4653703 0.2309669 0.5146825 -0.8256853 0.2310336 0.51496 -0.8254936 0.2309498 0.5148038 -0.8256145 0.8582096 0.4055368 -0.3146685 0.840196 0.5386717 0.06247967 0.4456228 0.7223238 0.5288371 0.8608524 0.3505693 0.3688284 0.4526613 0.3452799 0.8221191 0.4529024 0.3449764 0.8221137 0.4527348 0.3451349 0.8221394 0.7536885 -0.3583139 0.5509672 0.8807896 -0.3366834 -0.3329474 0.5260607 -0.357116 -0.7718344 0.8785359 0.001626789 0.4776737 0.6323453 9.3257e-4 -0.7746862 0.8970736 -9.44867e-4 -0.4418804 0.7590865 0.3214698 -0.5660785 0.9548218 0.2963886 0.02166485 0.8032205 0.4133917 0.4288871 0.3474966 0.4509674 0.8221158 0.3473656 0.4509617 0.8221744 0.3474351 0.4509696 0.8221406 0.8409931 -0.3398016 0.4210292 -0.8902604 -0.3659497 0.2711406 -0.8902012 -0.36633 0.2708212 -0.890194 -0.3662276 0.2709838 0.8783654 -0.4489591 0.1640431 0.8782553 -0.4491147 0.164206 0.8782933 -0.4490557 0.1641649 0.6304657 -0.6901532 -0.3552488 0.6304961 -0.6901957 -0.3551122 0.6306411 -0.6901878 -0.3548699 -0.872963 -0.4654491 -0.1459211 -0.8728855 -0.4656352 -0.1457906 -0.8726978 -0.4659888 -0.1457842 0.7461682 3.3185e-4 0.6657574 0.7461585 4.71342e-4 0.6657681 0.7460831 7.26398e-4 0.6658524 -0.6324385 0.3709451 -0.6800157 -0.6321941 0.3709297 -0.6802513 -0.6325117 0.3710215 -0.679906 0.7106294 0.6028132 -0.3627979 0.5498127 0.8135292 0.1894108 -0.8484241 0.3364848 0.4086009 -0.9509846 -0.1835454 0.2488764 0.7238939 -0.6768119 -0.1338035 0.7971103 -0.4585386 -0.3928837 0.7971075 -0.4585332 -0.3928958 0.7972092 -0.4585552 -0.3926634 -0.3213966 -0.5236728 -0.7889683 -0.3213838 -0.5239616 -0.788782 -0.3212231 -0.5234295 -0.7892004 0.535405 -3.5323e-4 0.8445954 -0.7943602 0.544444 -0.2693931 0.1507995 0.9298055 -0.3357403 0.15076 0.9296957 -0.3360619 0.1512672 0.9298768 -0.3353322 0.905373 0.4205666 0.05851227 0.9054966 0.420336 0.05825555 0.9054386 0.4204399 0.05840784 -0.3140736 0.78707 0.5309226 0.9071471 0.2057332 0.367094 0.9072505 0.2053087 0.3670762 0.9075713 0.2046959 0.3666252 0.2405509 -0.4578136 0.8558868 0.8791512 -0.3088491 0.3629125 0.8791005 -0.309131 0.3627952 0.879131 -0.3090161 0.3628196 0.9147859 -0.342013 0.2149279 0.02712881 -0.9914478 0.127653 0.0270881 -0.9914296 0.1278032 0.02734965 -0.9914632 0.1274867 0.8049097 -0.5827144 -0.1120913 -0.2693116 -0.811438 -0.5186904 -0.2692232 -0.8115382 -0.5185794 -0.2689636 -0.8116797 -0.5184927 -0.9738464 -0.1618327 -0.1594786 -0.9738161 -0.1613194 -0.1601822 -0.9738053 -0.1615828 -0.159982 0.6831332 4.56131e-4 0.7302937 0.1987957 0.5116494 -0.83588 0.7931293 0.5063095 -0.3385214 0.005175769 0.9727624 -0.2317472 0.3907935 0.89747 0.2045192 0.8414754 0.3531928 0.4088693 -0.9142487 0.181746 0.362102 -0.9152095 -0.4025485 -0.0186153 -0.9152393 -0.4024887 -0.01844173 -0.9150851 -0.4028209 -0.01882731 0.3473665 8.31406e-5 0.9377295 0.3475557 2.66018e-4 0.9376593 0.3475826 4.0117e-4 0.9376493 -0.89729 0.2632486 -0.3543596 0.256816 0.7304338 0.6328602 0.2568795 0.7305651 0.6326829 0.2568979 0.7302839 0.633 0.8940875 0.2329232 0.3825631 -0.5267452 -0.5133798 0.6774811 -0.9052708 -0.4157609 -0.08733737 -0.6140495 -0.465676 -0.6372512 0.1476894 0.3705895 -0.9169794 0.1476317 0.3704296 -0.9170534 0.1479489 0.3707769 -0.9168618 0.8643044 0.4389714 -0.2455242 0.9012441 0.4328488 -0.02002483 0.7645402 0.5635429 0.3128862 0.8473485 0.4538633 0.2756968 0.8473364 0.4537742 0.2758804 0.8473465 0.4537999 0.2758074 0.8532511 0.1946059 0.4838298 -0.05646067 -0.4206301 0.9054737 -0.05640333 -0.4203519 0.9056065 -0.05609655 -0.4200653 0.9057585 0.9207081 -0.3203582 0.2228615 -0.1122684 -0.9686581 0.2215793 -0.1118174 -0.9688037 0.2211706 -0.1119075 -0.9687412 0.2213984 0.8793941 -0.4760912 -0.001846671 0.87923 -0.4763954 -0.001521766 0.8793475 -0.4761779 -0.001670897 -0.1573548 -0.8170104 -0.5547374 -0.1572719 -0.817108 -0.5546171 -0.1570054 -0.8172364 -0.5545035 0.1927075 2.37679e-4 -0.9812563 0.9560533 0.1324386 -0.2615762 0.9560453 0.1324407 -0.2616047 0.9560192 0.132463 -0.2616887 0.9007719 0.3358634 -0.2753288 0.9007706 0.3360123 -0.2751513 0.90078 0.3359118 -0.2752429 -0.8534782 0.4876539 -0.1837629 -0.9828127 0.1607377 0.0907889 -0.9830054 0.159443 0.09098494 -0.982868 0.1602335 0.09108072 -0.6137309 -0.461651 0.6404786 -0.3097466 -0.9242144 -0.2233492 -0.6796863 -0.4528412 -0.577028 -0.6795517 -0.4526453 -0.5773403 -0.6795616 -0.4527583 -0.5772399 -0.7362557 0.2904387 -0.6112063 -0.736293 0.2903023 -0.611226 -0.7361087 0.2906319 -0.6112913 -0.7055648 0.6978223 0.1233793 0.8438619 0.4706655 0.2576256 0.3861705 0.4541089 0.8029056 -0.9533683 -0.1988795 0.2270153 -0.9533858 -0.1991736 0.2266833 -0.9533595 -0.1990217 0.2269273 -0.2161705 -0.9713477 0.09876239 -0.2162625 -0.9712927 0.09910118 -0.2156575 -0.9714993 0.09839218 0.8958095 -0.41374 -0.1623108 0.1383184 -0.7292106 -0.6701641 0.9091802 -0.1912307 -0.3698948 0.9092532 -0.1910892 -0.3697886 0.9093232 -0.1910386 -0.3696429 0.7136273 5.8157e-4 -0.7005253 0.4152512 -5.16644e-4 -0.9097067 0.8272361 0.2422376 -0.5069532 -0.4821892 0.6557602 -0.5809234 -0.4822764 0.6559022 -0.5806909 -0.4822002 0.6558375 -0.5808272 0.632157 0.6337969 -0.4457345 0.9009341 0.4319754 0.04141443 0.9010173 0.4318111 0.04131823 0.9009459 0.4319514 0.04140543 -0.7190507 0.6334444 0.285857 -0.4374638 -0.4334591 0.7878698 -0.4374933 -0.4332559 0.7879651 -0.4373943 -0.4331142 0.788098 0.9009714 -0.3628775 0.2378457 0.9008869 -0.3629404 0.2380695 0.9009441 -0.3628821 0.237942 -0.548909 -0.8085017 0.2121887 0.9027063 -0.4302039 -0.006789267 0.8101057 -0.4525719 -0.3727031 -0.9184786 0.3401271 -0.2017688 -0.9581449 0.1993677 0.2054532 -0.9812913 -0.1324186 0.1397599 -0.9812067 -0.1329567 0.1398433 -0.9812322 -0.1327172 0.1398915 0.2620359 0.6790672 -0.685715 0.2616289 0.6792632 -0.6856763 0.2618325 0.6792082 -0.685653 0.921253 -0.001541554 0.3889611 0.9101868 0.3223052 -0.2601529 0.9101839 0.322429 -0.2600095 0.9101244 0.3226436 -0.2599514 0.9372909 0.3477275 0.02390837 0.6258411 0.7360615 0.2579467 0.7247878 0.5030354 0.4707846 0.9410295 0.1940208 0.2771634 0.9411512 0.1941587 0.2766533 0.9410519 0.1941405 0.2770032 0.3458823 -0.4523642 0.8220293 0.9484745 -0.268339 0.1684945 0.9484922 -0.2682006 0.1686152 0.9484822 -0.2682578 0.1685804 0.7385566 -0.6258998 0.2505667 0.3673315 -0.9185935 -0.1457869 0.9375834 -0.3050035 -0.1670637 0.937431 -0.3054651 -0.1670758 0.9375017 -0.3052157 -0.1671344 0.9644262 0.001322031 -0.2643495 0.9643377 0.00168097 -0.2646697 0.9644386 0.001077532 -0.2643048 -1.0746e-4 0.4955139 0.8686 -0.8537423 0.4225544 0.3042563 -0.9465603 0.2211086 -0.2348076 -0.9465287 0.2210397 -0.235 -0.9464437 0.2210756 -0.2353081 -0.7005298 -0.001883983 -0.7136208 -0.6576975 7.90307e-4 0.7532818 -0.876503 -0.001301467 0.4813947 -0.4876947 -0.4873237 -0.7243408 -0.4877817 -0.487217 -0.724354 -0.4876201 -0.4873785 -0.7243542 -0.9131802 -0.399798 -0.07914257 -0.9132374 -0.3995919 -0.07952243 -0.9131814 -0.399765 -0.07929491 -0.8955348 -0.4351006 -0.09330099 -0.439799 -0.8583627 0.2641785 -0.4398698 -0.8582444 0.264445 -0.4398027 -0.8583169 0.2643212 -0.9219227 -0.2788365 0.2689031 -0.9219503 -0.278696 0.2689538 -0.9219505 -0.2786948 0.2689545 -0.6958278 -0.4437442 0.5647255 -0.6958331 -0.4437451 0.5647182 -0.6958125 -0.4437425 0.5647456 0.7113623 0.3703641 0.5973225 0.7114061 0.3701567 0.5973989 0.7111337 0.3706842 0.5973961 0.6115542 0.7728839 -0.1692691 -0.899487 0.3463369 -0.2664093 -0.4863168 0.325902 -0.8107305 -0.4863765 0.3259906 -0.8106592 -0.4865788 0.32609 -0.8104977 -0.6735916 2.69554e-4 0.7391038 0.7456488 -0.4502379 -0.4912165 0.5648089 -0.8221994 -0.07056462 -0.7150672 -0.4345424 0.5475874 -0.7150894 -0.4345244 0.5475726 -0.7150661 -0.4345432 0.5475881 -0.8118344 0.4728726 -0.3425148 -0.9620295 0.001338601 -0.2729421 -0.9619597 0.001764833 -0.2731862 -0.9619681 0.001594603 -0.2731574 -0.9588915 -0.1566411 -0.2366236 -0.9589158 -0.156853 -0.2363847 -0.9587721 -0.1565952 -0.2371372 -0.851925 -0.5088917 -0.123503 -0.5397661 0.5418224 0.6442678 -0.4026392 0.8243843 0.3978343 -0.9005742 0.4341408 0.02209037 -0.9006282 0.4340222 0.02221751 -0.9006071 0.4340696 0.02214944 -0.0576263 0.8981559 -0.4358843 -0.05759328 0.8980733 -0.4360589 -0.05762195 0.8981079 -0.4359841 -0.8864301 0.3095369 -0.3441348 0.09949749 0.001714944 -0.9950364 0.09921371 0.001975297 -0.9950643 0.09953826 0.001521825 -0.9950326 -0.6761382 -6.88668e-5 0.7367749 -0.9195294 -0.1679881 -0.3553106 -0.5274678 -0.7121224 -0.4633136 -0.7742797 -0.5512357 -0.310854 -0.8046045 -0.5910344 0.05735737 -0.9527596 0.2217306 0.2075685 -0.9526741 0.221953 0.207723 -0.9527418 0.2217923 0.2075847 -0.6528557 0.6728823 0.3478633 -0.6528328 0.6728313 0.3480048 -0.6528411 0.6728687 0.3479171 -0.4669693 0.8842262 0.009161055 -0.9003036 0.4133041 -0.1365041 -0.9952835 0.07452833 -0.06210017 -0.884015 -0.001090586 -0.4674573 -0.9807645 -0.001453042 0.1951895 -0.980718 -0.001922369 0.195419 -0.9807236 -0.001743555 0.195393 -0.5024233 -0.4772899 -0.7209475 -0.5024788 -0.4771668 -0.7209903 -0.5022771 -0.4774296 -0.7209569 -0.8519229 -0.3750677 -0.3654475 -0.3312881 -0.8500208 -0.4095279 -0.9121937 -0.4093599 -0.01808732 -0.9121447 -0.4094813 -0.01781547 -0.9119895 -0.4098368 -0.01757782 -0.858477 0.5089116 -0.0634545 -0.8584135 0.5090277 -0.06337994 -0.8584366 0.5089867 -0.0633977 -0.632259 0.5487837 -0.5468867 0.6869111 0.4318388 -0.584524 0.4425843 -6.34557e-4 0.8967267 0.4423905 -8.17003e-4 0.8968223 0.4423624 -9.5788e-4 0.896836 0.6841005 -0.3006159 -0.6645574 -0.6697653 -0.639805 -0.3769138 -0.2149679 -0.9702242 0.1115971 -0.8006346 -0.5758166 0.1655885 -0.3736408 -0.6246979 0.6856712 -0.2563636 0.4213546 0.8699069 -0.8812435 0.3869695 0.2714123 -0.9522591 -0.00107038 -0.3052894 -0.9522147 -0.00124526 -0.3054271 -0.9522653 -9.56797e-4 -0.3052705 -0.8937782 0.002047896 0.4485048 -0.589172 -0.3138405 -0.7445674 -0.7497482 -0.5038675 -0.4289465 -0.7497403 -0.5038049 -0.4290339 -0.7497408 -0.5038335 -0.4289997 -0.9250727 -0.3257781 -0.1952156 -0.7574063 -0.6362549 0.1466815 -0.2410699 -0.7844277 0.571453 -0.9347098 -0.2058357 0.2897403 0.2038598 0.5505585 0.8095224 0.2037088 0.5508648 0.8093521 0.2037138 0.5507416 0.8094346 -0.8735111 0.441044 0.2060549 -0.8735051 0.4410852 0.2059924 -0.8735206 0.4411283 0.2058339 -0.2655521 0.9550159 0.1320105 -0.9497739 0.2957725 -0.1022166 0.6509183 0.4357439 -0.6216372 0.6507426 0.4355461 -0.6219595 0.6507606 0.4356636 -0.6218584 -0.472288 -3.49832e-4 -0.8814442 -0.4722752 -2.51709e-4 -0.8814512 -0.4721785 -8.89181e-5 -0.8815029 -0.3745231 3.79269e-4 0.9272176 -0.3747196 1.28569e-4 0.9271382 -0.3744957 5.4346e-4 0.9272286 -0.7962735 -0.3939748 -0.459056 0.2603207 -0.7047436 0.659977 0.2603838 -0.7047975 0.6598946 0.2601333 -0.7047126 0.6600839 -0.7881338 -0.3024496 0.5360686 -0.5330039 0.4236333 0.7324218 -0.5328912 0.4238477 0.7323799 -0.5329169 0.4237641 0.7324095 -0.8540751 0.3484388 0.3861947 -0.8653118 0.5007759 0.02142673 -0.8850055 0.3046261 -0.3520913 -0.774511 6.63261e-4 0.6325601 -0.945374 -0.001348674 0.325985 -0.9453826 -0.001191794 0.3259606 -0.9453126 -0.001591563 0.3261617 -0.9740646 -0.1507711 -0.1687198 -0.974086 -0.1508458 -0.168529 -0.9740035 -0.1508253 -0.1690239 -0.5651131 -0.7413877 -0.3619275 -0.8387975 -0.5441959 0.0164259 -0.7292155 -0.5236871 0.4404506 -0.33637 -0.4500339 0.8272393 -0.8940743 0.2394713 0.3785299 -0.8940632 0.2394469 0.3785712 -0.894041 0.239248 0.3787497 0.6227551 0.6327976 0.4601559 -0.6675786 0.7183459 -0.1957499 -0.6675895 0.7184005 -0.1955123 -0.6677209 0.718145 -0.1960018 -0.9171539 0.2946118 -0.2683892 0.1751056 0.4118912 -0.8942504 0.1750672 0.4123316 -0.8940549 0.1747882 0.4114989 -0.8944931 -0.2108259 -7.91785e-4 -0.9775234 -0.2107822 -5.89254e-4 -0.9775329 -0.2104787 -3.28384e-4 -0.9775984 0.8654485 -0.003163397 0.500988 -0.6558828 6.25293e-4 0.7548625 -0.6558606 4.58739e-4 0.7548819 -0.6556975 2.05567e-4 0.7550238 -0.8966718 -0.2137982 -0.3876468 0.5367736 -0.6659919 -0.5180048 0.5365926 -0.6660262 -0.5181482 0.5368222 -0.6660121 -0.5179286 -0.3378394 -0.9078023 0.248515 -0.7192102 -0.4253906 0.5493447 -0.7193955 -0.425315 0.5491605 -0.7192457 -0.4253681 0.5493155 -0.8963181 0.2780892 0.3453696 -0.842898 0.354725 -0.4045904 -0.9473241 -0.001813292 0.3202717 -0.9473331 -0.001650154 0.3202459 -0.9472601 -0.002060472 0.3204595 -0.5282757 -0.7788226 -0.338172 -0.9266409 -0.3401598 0.1600877 -0.7267686 -0.5612915 0.3959286 -0.4949286 -0.3672807 0.7874965 0.211127 0.9769309 -0.03211694 0.21107 0.9769446 -0.0320723 0.2107255 0.9770222 -0.03197699 -0.83302 0.5273295 -0.1673364 0.002320587 0.5914263 -0.8063557 -0.6178042 6.47042e-4 0.7863318 0.1725449 -0.9138982 -0.3674485 -0.6735084 -0.7188674 0.1720936 -0.7664624 -0.3985826 0.5036541 -0.6456225 -0.4516688 0.6157653 -0.6460272 -0.4515772 0.615408 -0.6457837 -0.4517028 0.6155713 -0.6940333 0.4084342 0.5928739 -0.8690314 0.4605645 0.1807345 -0.9618269 0.2682928 0.05392599 -0.9618183 0.2683271 0.05390888 -0.9617271 0.2686568 0.0538935 -0.913879 0.2751653 -0.2985118 -0.9395803 -0.001266419 0.3423265 -0.9395878 -0.00114572 0.342306 -0.9395264 -0.001443982 0.3424735 -0.9572078 -0.169969 -0.2342303 -0.9571988 -0.170006 -0.2342404 -0.9570984 -0.1702681 -0.2344599 -0.6293508 -0.7586759 -0.1683108 -0.8343469 -0.5343479 0.1354165 0.9647154 0.2490404 0.08545845 0.986254 -0.1533063 -0.06164711 0.930437 -0.3147112 0.1877339 -0.2901574 0.4182489 0.8607419 -0.7624537 0.535346 0.3634131 -0.7688935 0.5284433 0.3599315 -0.7689869 0.5281464 0.3601676 -0.7689059 0.5283443 0.3600502 -0.8859685 0.3820465 -0.2628695 -0.885875 0.3823826 -0.262696 -0.8858835 0.3822914 -0.2628 -0.9327186 -0.001476109 -0.3606018 -0.9326605 -0.001654565 -0.3607518 -0.932727 -0.001355946 -0.360581 -0.9361052 0.001725316 0.351716 -0.9380409 -0.2960469 -0.1800991 -0.9376814 -0.2966452 -0.180984 -0.9378265 -0.2964765 -0.1805084 -0.4891625 -0.8650049 -0.1117433 -0.8416877 -0.5253011 0.1249818 -0.848208 -0.3113445 0.4284947 -0.8736995 0.2725203 0.4029665 0.1325963 0.7758772 0.6167925 0.1326338 0.7757647 0.616926 0.1323372 0.7760151 0.6166747 -0.6931299 0.612652 0.3797742 -0.4515425 0.8920957 -0.01657497 -0.4513708 0.8921731 -0.01708006 -0.4515181 0.8921043 -0.01677381 -0.7718001 0.6319169 -0.07075077 -0.536772 0.6292382 -0.5620812 0.7767285 0.3963612 -0.4894801 0.7767491 0.3964709 -0.4893586 0.776579 0.3963341 -0.4897389 -0.2124642 0.001303195 0.9771681 -0.212437 0.001169323 0.9771742 -0.2122457 9.86845e-4 0.977216 0.8230169 -0.5481655 -0.1488553 0.7868565 -0.5972405 -0.1554373 -0.627043 -0.6663544 0.4034711 -0.6270278 -0.6663146 0.4035609 -0.6270373 -0.66633 0.4035202 -0.6795244 -0.2518902 0.6890558 -0.6795229 -0.2518772 0.6890621 -0.6795214 -0.2518615 0.6890693 -0.4308351 0.3563321 0.829101 -0.4308446 0.3562013 0.8291524 -0.4307359 0.3559606 0.8293122 -0.8645159 0.3481674 0.3624802 -0.886657 0.4624087 0.004193246 -0.9968061 0.07868087 -0.01368111 -0.7853724 2.33404e-4 0.6190236 -0.7853077 -1.23385e-5 0.6191059 -0.785315 7.81782e-5 0.6190966 -0.8163702 3.24659e-4 0.577529 -0.9797396 -0.1560945 -0.1254787 -0.9797217 -0.1563345 -0.1253196 -0.9796581 -0.1567501 -0.1252971 -0.8768712 -0.4383605 -0.1973244 -0.8769486 -0.4382157 -0.1973024 -0.8769547 -0.4382057 -0.1972975 -0.4836227 -0.8750844 0.01834517 -0.8966572 -0.386695 0.2155758 -0.9555114 -0.2408778 0.1702231 -0.3376801 -0.4261069 0.8392885 -0.337733 -0.4260911 0.8392753 -0.3377024 -0.4260994 0.8392833 -0.911255 0.2378454 0.3362202 0.7805755 0.5181517 0.3496009 -0.1291893 0.8654447 0.4840615 -0.9036455 0.4241996 -0.05898857 0.9839398 0.1135789 -0.137704 -0.8359575 3.36047e-5 -0.5487941 -0.5199542 1.69802e-4 0.8541942 -0.9386366 -0.1852147 -0.2909588 -0.9386251 -0.1851815 -0.2910166 -0.9386317 -0.1851989 -0.2909848 -0.3355081 -0.7274454 -0.5985462 -0.335605 -0.7273535 -0.5986036 -0.3358237 -0.7272362 -0.5986235 0.9259893 -0.223759 0.3040983 0.925854 -0.2239047 0.3044028 0.9259337 -0.2238606 0.3041929 -0.9736461 0.227994 0.005674779 -0.869002 0.2952845 -0.3970423 -0.8691353 0.2948984 -0.3970375 -0.8691506 0.2947837 -0.3970891 -0.905345 -0.001443684 -0.4246744 -0.8622207 -0.001120924 0.5065316 -0.9714784 0.001005411 0.237126 -0.9714164 0.001263082 0.237379 -0.9714875 8.22188e-4 0.2370895 -0.0539658 -0.4074352 -0.9116383 -0.7952563 -0.4561908 -0.3993211 -0.8629845 -0.5036925 0.0393908 -0.9877161 -0.1471595 0.05254548 -0.9279758 -0.3048514 0.2143048 -0.2432047 -0.375612 0.894297 0.8748265 0.4791979 0.07105022 0.8748148 0.4791927 0.07122725 0.8747158 0.4793423 0.07143884 0.9523151 0.2378291 -0.1911374 0.8991467 0.002204954 -0.4376417 0.8989338 0.002622365 -0.4380768 0.8991779 0.001884937 -0.4375794 -0.8361438 -0.5379002 -0.1073639 -0.6960033 -0.5861548 0.4147313 0 -1 4.246e-6 0 -1 -3.46523e-6 0 -1 -2.07318e-6 0 -1 -1.47517e-6 0 -1 -2.00921e-6 0 -1 1.68481e-6 0 -1 -3.92704e-6 0 -1 1.27916e-6 0 -1 1.76519e-6 -0.2110826 -0.08682447 -0.9736045 -0.3925201 0.0501945 -0.9183728 -0.8489283 -0.05546575 -0.5255897 -0.9085078 0.05294913 -0.4144998 -0.9772815 -0.05267459 0.2052959 -0.9449348 0.05291533 0.3229525 -0.581282 -0.04725652 0.8123289 -0.5036466 0.02136093 0.8636457 -0.02962529 -0.01333582 0.9994722 -0.0400967 -0.006157398 0.9991769 -0.3545554 0.003194153 -0.9350296 -0.3297582 0.02641803 -0.9436958 -0.8310871 -0.05072027 -0.5538248 -0.9476994 0.06518447 -0.3124372 -0.9963737 -0.03017616 -0.0795558 -0.9366206 0.02824258 0.3492052 -0.8834086 -0.02609354 0.4678766 -0.6397061 0.02882021 0.7680791 -0.4834285 -0.05017948 0.8739445 -0.02017301 0.07581561 0.9969179 0 -1 7.15742e-7 0 -1 -1.46758e-6 0 -1 2.44219e-6 0 -1 -1.94656e-6 0 -1 4.01004e-6 0 -1 4.83232e-6 0 -1 -2.06068e-6 0 -1 8.91055e-6 0 -1 -1.66693e-6 0 -1 -9.22282e-6 0 -1 1.81546e-6 0 -1 2.80742e-6 -0.461015 0.01492023 -0.887267 -0.5045876 -0.01825022 -0.8631677 -0.8691254 0.0223391 -0.4940872 -0.8847709 -0.003048479 -0.4660165 -0.9973865 -0.02170675 0.06891363 -0.9815018 0.05443716 0.1835503 -0.8286918 -0.05838137 0.5566523 -0.6875364 0.05716234 0.7238966 -0.3168113 -0.03556013 0.9478217 -0.2359935 0.01759731 0.9715953 -0.5248206 -0.09560835 -0.8458265 -0.7538152 0.08991289 -0.6509058 -0.9803166 -0.07436782 -0.1828902 -0.97774 0.08415442 0.1922047 -0.8711047 -0.07139045 0.4858808 -0.490793 0.07184302 0.8683092 -0.2308354 -0.07406121 0.9701701 0 -1 -2.01385e-6 0 -1 -5.23315e-7 0 -1 -2.39276e-6 0 -1 -5.0428e-7 0 -1 4.12426e-6 0 -1 2.25884e-6 0 -1 1.80321e-6 0 -1 1.01612e-6 0 -1 -4.42173e-6 0 -1 2.06364e-6 0 -1 -1.20379e-6 -0.1961675 0.06600064 -0.9783468 -0.4512671 -0.08294743 -0.8885256 -0.8192399 0.08386069 -0.5672861 -0.929225 -0.06960964 -0.3628987 -0.9982318 0.05405557 0.02472662 -0.9622625 -0.0502876 0.267436 -0.8567121 0.04249936 0.514041 -0.6833281 -0.04695278 0.7286002 -0.506489 0.04431217 0.8611071 -0.2094839 -0.03791755 0.9770767 -0.03387588 0.03478264 0.9988206 -0.1490937 -0.0718193 -0.9862115 -0.6185546 0.06354141 -0.7831684 -0.7961252 -0.07526439 -0.6004331 -0.9805779 0.08204632 -0.178144 -0.9645761 -0.07946807 0.2515506 -0.8247256 0.0851773 0.5590819 -0.4800361 -0.1090983 0.8704383 0 -1 9.3865e-7 0 -1 1.49378e-6 0 -1 -3.03679e-6 0 -1 2.88887e-6 0 -1 1.62015e-6 0 -1 -1.14806e-6 0 -1 -1.65329e-6 0 -1 -1.29989e-6 0 -1 1.75503e-6 0 -1 2.7324e-7 -0.1118643 0.03726017 -0.9930247 -0.2915835 -0.04552674 -0.9554614 -0.5848682 0.07275807 -0.8078587 -0.8461158 -0.09833633 -0.5238494 -0.9691865 0.09427917 -0.2275722 -0.9742574 -0.09452891 0.2046628 -0.8603402 0.09743112 0.5003219 -0.5414329 -0.1024002 0.8344847 -0.2913236 0.07945358 0.9533194 -0.2002195 -0.06167489 -0.977808 -0.4430274 0.05783945 -0.8946403 -0.8856329 -0.04322141 -0.4623704 -0.8564054 0.007736444 -0.5162463 -0.9922397 -0.01476061 0.123461 -0.9546456 0.07271629 0.2887288 -0.7746639 -0.07772612 0.6275782 -0.311307 0.086905 0.9463274 -0.1371408 -0.03371304 0.9899778 0 -1 -1.74892e-6 0 -1 0</float_array>
          <technique_common>
            <accessor source="#Part__Feature_001-mesh-normals-array" count="2397" stride="3">
              <param name="X" type="float"/>
              <param name="Y" type="float"/>
              <param name="Z" type="float"/>
            </accessor>
          </technique_common>
        </source>
        <vertices id="Part__Feature_001-mesh-vertices">
          <input semantic="POSITION" source="#Part__Feature_001-mesh-positions"/>
        </vertices>
        <triangles material="Part__Feature_001-material" count="2134">
          <input semantic="VERTEX" source="#Part__Feature_001-mesh-vertices" offset="0"/>
          <input semantic="NORMAL" source="#Part__Feature_001-mesh-normals" offset="1"/>
          <p>1 0 2 0 0 0 0 1 2 1 3 1 3 2 2 2 4 2 2 3 5 3 4 3 5 4 6 4 4 4 4 5 6 5 7 5 6 6 8 6 7 6 7 7 8 7 1063 7 9 8 1061 8 10 8 11 9 9 9 10 9 12 10 11 10 10 10 12 11 10 11 13 11 12 12 13 12 14 12 15 13 12 13 14 13 16 14 15 14 14 14 16 15 14 15 17 15 18 16 16 16 17 16 18 17 17 17 19 17 20 18 22 18 21 18 22 19 23 19 21 19 21 20 23 20 24 20 24 21 23 21 25 21 23 22 26 22 25 22 25 23 26 23 27 23 26 24 28 24 27 24 28 25 29 25 27 25 27 26 29 26 30 26 31 27 1049 27 32 27 33 28 31 28 32 28 33 29 32 29 34 29 35 30 33 30 34 30 35 31 34 31 36 31 37 32 35 32 36 32 37 33 36 33 38 33 39 34 37 34 38 34 39 35 38 35 1052 35 40 36 41 36 42 36 41 37 43 37 42 37 42 38 43 38 44 38 43 39 45 39 44 39 44 40 45 40 46 40 45 41 47 41 46 41 46 42 47 42 48 42 47 43 49 43 48 43 48 44 49 44 50 44 51 45 1041 45 52 45 53 46 51 46 52 46 53 47 52 47 54 47 55 48 53 48 54 48 55 49 54 49 56 49 57 50 55 50 56 50 57 51 56 51 58 51 59 52 57 52 58 52 139 53 58 53 1036 53 139 54 59 54 58 54 61 55 62 55 60 55 60 56 62 56 63 56 63 57 62 57 64 57 62 58 65 58 64 58 65 59 66 59 64 59 64 60 66 60 67 60 66 61 68 61 67 61 67 62 68 62 69 62 72 63 70 63 71 63 72 64 71 64 73 64 74 65 72 65 73 65 74 66 73 66 75 66 76 67 74 67 75 67 76 68 75 68 77 68 78 69 76 69 77 69 78 70 77 70 79 70 131 71 78 71 79 71 80 72 82 72 81 72 81 73 82 73 83 73 82 74 84 74 83 74 83 75 84 75 85 75 85 76 84 76 86 76 84 77 87 77 86 77 232 78 89 79 88 80 88 81 89 81 90 81 89 82 91 82 90 82 90 83 91 83 92 83 92 84 91 85 93 86 91 87 94 87 93 87 234 88 95 88 577 88 577 89 95 89 96 89 95 90 97 90 96 90 96 91 97 91 98 91 98 92 97 92 99 92 97 93 100 93 99 93 390 94 102 94 101 94 101 95 102 95 103 95 102 96 104 96 103 96 103 97 104 97 105 97 104 98 106 98 105 98 107 99 108 99 396 99 396 100 108 100 109 100 108 101 110 101 109 101 109 102 110 102 111 102 110 103 112 104 111 105 111 106 112 106 113 106 399 107 383 107 114 107 383 108 115 108 114 108 114 109 115 109 116 109 115 110 117 110 116 110 116 111 117 111 118 111 117 112 119 112 118 112 120 113 121 113 393 113 393 114 121 114 122 114 121 115 123 115 122 115 122 116 123 117 124 118 123 119 125 119 124 119 291 120 126 120 130 120 127 121 126 121 291 121 291 122 18 123 127 124 130 125 128 125 129 125 130 126 129 126 144 126 128 127 131 127 129 127 9 128 131 128 128 128 9 127 78 127 131 127 11 127 78 127 9 127 11 127 76 127 78 127 12 127 76 127 11 127 133 129 72 129 132 129 132 130 72 130 74 130 133 131 70 131 72 131 134 127 132 127 74 127 134 132 74 132 76 132 137 127 136 127 134 127 137 133 135 133 136 133 137 134 76 134 12 134 137 135 134 135 76 135 138 136 136 136 135 136 138 127 139 127 136 127 140 137 137 137 12 137 31 138 139 138 138 138 140 139 12 139 15 139 31 127 59 127 139 127 33 127 57 127 59 127 33 127 59 127 31 127 140 140 15 140 16 140 141 127 140 127 16 127 141 141 16 141 18 141 18 142 39 142 141 142 35 143 55 143 57 143 35 144 57 144 33 144 51 145 70 145 133 145 562 146 51 146 53 146 55 147 562 147 53 147 143 148 293 148 142 148 144 149 142 149 293 149 70 150 293 150 143 150 151 151 146 151 145 151 157 152 145 152 146 152 149 153 147 153 148 153 150 154 151 154 152 154 153 155 147 155 149 155 153 156 150 156 152 156 154 157 146 157 151 157 154 158 151 158 150 158 153 159 152 159 147 159 155 160 154 160 150 160 158 161 157 161 156 161 158 162 159 162 157 162 156 163 157 163 146 163 155 164 150 164 164 164 160 165 146 165 154 165 160 166 154 166 161 166 162 167 159 167 158 167 162 168 165 168 159 168 166 169 155 169 164 169 167 170 163 170 165 170 168 171 172 171 156 171 185 172 160 172 161 172 169 173 165 173 162 173 170 174 165 174 169 174 170 175 167 175 165 175 171 176 169 176 162 176 171 177 162 177 172 177 173 178 167 178 170 178 173 179 174 179 167 179 175 180 172 180 168 180 175 181 171 181 172 181 176 182 156 182 146 182 176 183 168 183 156 183 178 184 173 184 179 184 178 185 179 185 171 185 178 186 171 186 175 186 181 187 177 187 180 187 182 188 173 188 178 188 182 189 174 189 173 189 175 190 183 190 178 190 184 191 183 191 175 191 182 192 185 192 174 192 186 193 187 193 176 193 186 194 176 194 146 194 184 195 188 195 183 195 187 196 181 196 180 196 189 197 181 197 187 197 182 198 160 198 185 198 190 199 187 199 186 199 192 200 186 200 191 200 193 201 192 201 191 201 193 202 194 202 192 202 197 203 189 203 187 203 197 204 221 204 189 204 198 205 199 205 195 205 202 206 197 206 194 206 202 207 194 207 201 207 198 208 195 208 196 208 198 209 196 209 200 209 203 210 198 210 200 210 208 211 210 211 198 211 209 212 211 212 210 212 208 213 209 213 210 213 215 214 214 214 207 214 215 215 191 215 186 215 215 216 207 216 206 216 215 217 200 217 196 217 215 218 206 218 205 218 215 219 186 219 146 219 215 220 205 220 200 220 215 221 196 221 191 221 216 222 213 222 214 222 217 223 214 223 215 223 217 224 216 224 214 224 218 225 217 225 215 225 218 226 219 226 217 226 218 227 220 227 219 227 218 228 160 228 221 228 221 229 160 229 182 229 218 230 221 230 197 230 218 231 197 231 202 231 218 232 202 232 211 232 218 233 211 233 209 233 218 234 209 234 220 234 180 235 176 235 187 235 193 236 201 236 194 236 222 237 219 237 220 237 212 238 219 238 207 238 207 239 219 239 206 239 206 240 208 240 205 240 205 241 208 241 204 241 203 242 208 242 198 242 224 243 223 243 559 243 223 244 558 244 559 244 224 245 559 245 560 245 569 246 558 246 223 246 225 247 569 247 223 247 225 248 568 248 569 248 225 249 567 249 568 249 567 250 225 250 226 250 566 251 567 251 226 251 228 252 224 252 560 252 561 253 228 253 560 253 561 254 227 254 228 254 565 255 561 255 564 255 84 256 82 256 227 256 80 256 227 256 82 256 84 257 227 257 561 257 84 258 561 258 565 258 87 259 84 259 565 259 89 256 80 256 229 256 91 256 89 256 229 256 232 256 227 256 80 256 232 256 80 256 89 256 91 256 229 256 230 256 91 256 230 256 87 256 94 256 91 256 87 256 94 260 87 260 565 260 95 256 232 256 231 256 97 256 95 256 231 256 233 261 566 261 226 261 97 256 231 256 94 256 146 262 232 262 95 262 146 263 236 263 227 263 146 264 234 264 235 264 146 265 95 265 234 265 146 266 227 266 232 266 100 256 97 256 94 256 237 267 146 267 235 267 160 268 233 268 236 268 160 269 236 269 146 269 215 270 94 270 565 270 215 271 100 271 94 271 215 272 146 272 237 272 215 273 237 273 100 273 575 274 233 274 160 274 575 275 160 275 218 275 570 276 215 276 565 276 570 277 218 277 215 277 572 278 218 278 570 278 574 279 575 279 218 279 574 280 218 280 572 280 575 281 566 281 233 281 796 282 238 282 373 282 239 283 796 283 373 283 788 284 786 285 797 286 240 287 797 287 786 287 240 288 798 288 797 288 788 289 797 289 239 289 788 290 239 290 373 290 242 291 241 291 789 291 777 292 242 292 789 292 777 293 789 293 788 293 777 294 788 294 373 294 765 295 243 295 780 295 765 296 780 296 777 296 766 297 765 297 777 297 244 298 243 298 765 298 766 299 777 299 373 299 245 300 770 300 768 300 755 301 245 301 768 301 755 302 768 302 766 302 755 303 766 303 373 303 246 304 758 304 757 304 246 305 757 305 755 305 742 306 246 306 755 306 247 307 758 307 246 307 251 308 742 308 755 308 794 309 373 309 238 309 248 310 798 310 240 310 571 311 794 311 793 311 571 312 793 312 249 312 571 313 373 313 794 313 571 314 249 314 792 314 571 315 792 315 253 315 728 316 744 316 730 316 730 317 744 317 251 317 728 318 250 318 744 318 785 319 248 319 240 319 784 320 248 320 785 320 252 321 248 321 784 321 252 322 253 322 248 322 252 323 571 323 253 323 258 324 571 324 252 324 254 325 732 325 715 325 715 326 732 326 731 326 717 327 715 327 731 327 717 328 731 328 255 328 256 329 257 329 241 329 256 330 241 330 242 330 256 331 258 331 257 331 259 332 258 332 256 332 259 333 571 333 258 333 261 334 243 334 244 334 702 335 721 335 719 335 701 336 721 336 702 336 705 337 702 337 719 337 260 338 261 338 244 338 762 339 261 339 260 339 762 340 262 340 261 340 267 341 262 341 762 341 267 342 259 342 262 342 267 343 571 343 259 343 372 344 730 344 251 344 372 345 255 345 730 345 372 346 705 346 719 346 372 347 755 347 373 347 372 348 251 348 755 348 372 349 717 349 255 349 372 350 719 350 717 350 263 351 264 351 265 351 694 352 263 352 265 352 694 353 265 353 705 353 692 354 264 354 263 354 694 355 705 355 372 355 751 356 770 356 245 356 751 357 266 357 770 357 696 358 694 358 372 358 751 359 760 359 266 359 750 360 760 360 751 360 750 361 267 361 760 361 269 362 267 362 750 362 268 363 696 363 372 363 270 364 758 364 247 364 740 365 270 365 247 365 738 366 270 366 740 366 738 367 747 367 270 367 271 368 747 368 738 368 272 369 250 369 728 369 727 370 272 370 728 370 726 371 272 371 727 371 726 372 736 372 272 372 725 373 736 373 726 373 273 374 732 374 254 374 713 375 273 375 254 375 713 376 722 376 273 376 713 377 723 377 722 377 274 378 723 378 713 378 276 379 721 379 701 379 276 380 275 380 721 380 276 381 277 381 275 381 278 382 277 382 276 382 278 383 274 384 277 385 691 386 264 386 692 386 691 387 279 387 264 387 690 388 279 388 691 388 690 389 280 389 279 389 690 390 281 390 280 390 282 391 281 391 690 391 283 392 284 392 268 392 283 393 282 393 284 393 283 394 268 394 372 394 283 395 274 395 278 395 283 396 278 396 281 396 283 397 281 397 282 397 283 398 725 398 723 398 283 399 723 399 274 399 283 400 571 400 267 400 283 401 267 401 269 401 283 402 269 402 747 402 283 403 747 403 271 403 283 404 271 404 736 404 283 405 736 405 725 405 287 406 285 406 286 406 288 407 287 407 286 407 288 408 286 408 289 408 290 409 288 409 289 409 290 410 289 410 291 410 292 411 290 411 291 411 293 412 292 412 291 412 293 413 291 413 130 413 144 414 293 414 130 414 294 415 1013 415 286 415 1015 416 294 416 286 416 295 417 286 417 1013 417 297 418 298 418 1015 418 296 419 297 419 1015 419 296 420 1015 420 286 420 993 421 296 421 286 421 299 422 995 422 993 422 967 423 299 423 993 423 967 424 993 424 286 424 301 425 967 425 286 425 944 426 302 426 300 426 944 427 300 427 301 427 946 428 944 428 301 428 946 429 301 429 286 429 304 430 947 430 303 430 926 431 303 431 947 431 304 432 948 432 947 432 926 433 947 433 946 433 926 434 946 434 286 434 305 435 930 435 928 435 906 436 305 436 928 436 907 437 906 438 928 439 907 440 928 440 926 440 907 441 926 441 286 441 1022 442 286 442 295 442 306 443 298 443 297 443 359 444 286 444 1022 444 359 445 1022 445 307 445 359 446 307 446 1021 446 359 447 1021 447 1019 447 308 448 309 448 310 448 311 449 309 449 308 449 308 450 310 450 907 450 312 451 306 451 297 451 312 452 1018 452 306 452 998 453 1018 453 312 453 998 454 1019 454 1018 454 313 455 1019 455 998 455 313 456 359 456 1019 456 860 457 314 457 315 457 316 458 314 458 860 458 861 459 860 459 315 459 861 460 315 460 883 460 317 461 995 461 299 461 317 462 318 462 995 462 975 463 318 463 317 463 975 464 319 464 318 464 320 465 319 465 975 465 320 466 313 466 319 466 320 467 359 467 313 467 321 468 864 468 322 468 323 469 864 469 321 469 324 470 321 470 322 470 325 471 300 471 302 471 325 472 326 472 300 472 953 473 326 473 325 473 953 474 971 474 326 474 951 475 971 475 953 475 951 476 320 476 971 476 951 477 359 477 320 477 327 478 948 478 304 478 820 479 839 479 328 479 329 480 839 480 820 480 330 481 820 481 328 481 285 482 328 482 324 482 285 483 308 483 907 483 285 484 322 484 861 484 285 485 330 485 328 485 285 486 907 486 286 486 285 487 883 487 308 487 285 488 861 488 883 488 285 489 324 489 322 489 331 490 327 490 304 490 332 491 330 491 285 491 331 492 949 492 327 492 333 493 949 493 331 493 334 494 332 494 285 494 333 495 951 495 949 495 932 496 951 496 333 496 914 497 335 497 930 497 914 498 930 498 305 498 914 499 931 499 335 499 336 500 931 500 914 500 336 501 932 502 931 503 912 504 932 504 336 504 337 505 338 505 309 505 337 506 309 506 311 506 888 507 338 507 337 507 888 508 339 508 338 508 888 509 912 509 339 509 887 510 912 511 888 512 341 513 314 513 316 513 341 514 340 514 314 514 867 515 340 515 341 515 867 516 886 516 340 516 867 517 887 517 886 517 345 518 887 518 867 518 342 519 864 519 323 519 846 520 342 520 323 520 846 521 343 521 342 521 344 522 343 522 846 522 845 523 343 523 344 523 845 524 345 524 343 524 844 525 345 525 845 525 347 526 839 526 329 526 347 527 346 527 839 527 347 528 348 528 346 528 826 529 348 529 347 529 826 530 842 530 348 530 349 531 842 531 826 531 823 532 334 532 285 532 358 533 345 533 844 533 358 534 349 534 350 534 358 535 842 535 349 535 358 536 823 536 285 536 358 537 350 537 823 537 358 538 844 538 842 538 358 539 887 539 345 539 358 540 359 540 951 540 358 541 951 541 932 541 358 542 932 542 912 542 358 543 912 543 887 543 353 544 351 544 352 544 354 545 353 545 352 545 355 546 354 546 352 546 355 547 352 547 356 547 357 548 355 548 356 548 357 549 356 549 359 549 358 550 357 550 359 550 366 551 352 551 351 551 365 552 366 552 351 552 360 553 571 553 283 553 361 554 360 554 283 554 361 555 283 555 362 555 363 556 361 556 362 556 364 557 363 557 362 557 364 558 362 558 366 558 365 559 364 559 366 559 562 560 55 560 35 560 562 561 35 561 367 561 562 562 367 562 368 562 369 563 562 563 368 563 370 564 369 564 368 564 371 565 370 565 368 565 371 566 368 566 372 566 373 567 371 567 372 567 367 568 37 568 39 568 367 569 35 569 37 569 286 570 291 570 289 570 286 571 18 571 291 571 286 572 359 572 18 572 356 573 352 573 359 573 359 574 352 574 18 574 39 575 372 575 367 575 367 576 372 576 368 576 18 577 366 577 39 577 352 578 366 578 18 578 366 579 283 579 39 579 39 580 283 580 372 580 366 573 362 573 283 573 224 581 551 581 374 581 228 582 551 582 224 582 556 583 506 583 555 583 506 584 503 584 555 584 555 585 503 585 553 585 503 586 374 586 553 586 553 587 374 587 551 587 506 588 549 588 375 588 556 589 549 589 506 589 376 590 375 590 549 590 376 591 549 591 546 591 376 592 377 592 533 592 546 593 377 593 376 593 539 594 378 594 544 594 544 595 378 595 536 595 527 596 531 596 379 596 532 597 531 597 527 597 379 598 531 598 530 598 380 599 379 599 530 599 380 600 530 600 517 600 380 601 514 601 381 601 517 602 514 602 380 602 502 603 499 603 515 603 499 604 497 604 515 604 497 605 381 605 515 605 515 606 381 606 514 606 499 607 233 607 226 607 502 608 233 608 499 608 117 609 115 609 227 609 227 610 119 610 117 610 115 611 554 611 227 611 115 612 383 612 554 612 384 613 382 613 383 613 383 614 382 614 554 614 119 615 382 615 384 615 119 616 236 616 104 616 227 617 236 617 119 617 236 618 106 618 104 618 119 619 385 619 382 619 104 620 385 620 119 620 385 621 387 621 382 621 382 622 387 622 386 622 102 623 385 624 104 625 236 626 388 626 106 626 102 627 390 627 385 627 236 628 389 628 388 628 388 629 389 629 390 629 390 630 389 630 385 630 387 631 391 631 386 631 386 632 391 632 541 632 122 633 124 633 223 633 394 634 223 634 124 634 507 635 122 635 223 635 507 636 393 636 122 636 523 637 393 637 507 637 523 638 392 638 393 638 523 639 394 639 392 639 521 640 394 640 523 640 225 641 394 641 111 641 225 642 223 642 394 642 113 643 225 643 111 643 512 644 111 644 394 644 512 645 394 645 521 645 511 646 111 646 512 646 511 647 109 648 111 649 511 650 396 650 109 650 496 651 396 651 511 651 496 652 113 652 395 652 496 653 395 653 396 653 496 654 225 654 113 654 526 655 521 655 537 655 526 656 512 656 521 656 125 657 123 657 121 657 125 658 121 658 120 658 397 657 125 657 120 657 124 659 125 659 394 659 125 660 397 660 394 660 394 661 397 661 392 661 392 662 397 663 393 664 397 665 120 665 393 665 118 666 119 666 398 666 119 667 384 667 398 667 398 668 384 668 399 668 384 669 383 669 399 669 116 670 398 670 114 670 118 671 398 671 116 671 398 672 399 672 114 672 107 657 400 657 108 657 108 673 401 673 110 673 110 674 401 674 112 674 400 675 401 675 108 675 112 676 401 676 113 676 113 677 401 677 395 677 401 678 400 678 395 678 395 679 400 680 396 681 400 682 107 682 396 682 105 683 106 683 402 683 106 684 388 684 402 684 402 685 388 685 403 685 388 686 390 686 403 686 403 687 390 687 101 687 402 688 403 688 101 688 402 689 101 689 103 689 402 689 103 689 105 689 1000 690 295 690 404 690 295 691 1013 691 404 691 404 692 1013 692 1001 692 1013 693 294 693 1001 693 294 694 1014 694 1001 694 1001 695 1014 695 1002 695 1014 696 1015 696 1002 696 1002 697 1016 697 1003 697 1015 698 1016 698 1002 698 1003 699 1016 699 1004 699 1016 700 298 700 1004 700 1004 701 298 701 1005 701 298 702 1017 702 1005 702 1012 703 1022 703 1000 703 1000 704 1022 704 295 704 1006 705 306 705 1008 705 306 706 1018 706 1008 706 1018 707 1019 707 1008 707 1008 708 1019 708 406 708 406 709 1019 709 1009 709 1019 710 1020 710 1009 710 1009 711 1020 711 1010 711 1020 712 307 712 1010 712 1010 713 307 713 1011 713 307 714 1022 714 1011 714 1011 715 1022 715 1012 715 306 716 1006 716 1017 716 1017 717 1006 717 1005 717 1005 718 404 718 1001 718 1005 719 1001 719 1003 719 1007 720 404 720 1005 720 1007 721 405 721 404 721 406 722 405 722 1007 722 976 723 990 723 978 723 990 724 991 724 978 724 978 725 991 725 979 725 991 726 992 726 979 726 979 727 992 727 980 727 992 728 993 728 980 728 980 729 993 729 981 729 993 730 994 730 981 730 981 731 994 731 407 731 407 732 994 732 982 732 994 733 995 733 982 733 989 734 312 734 976 734 976 735 312 735 990 735 983 736 996 736 984 736 996 737 997 737 984 737 984 738 997 738 986 738 997 739 319 739 986 739 319 740 313 740 986 740 986 741 313 741 987 741 313 742 998 742 987 742 998 743 999 743 987 743 987 744 999 744 988 744 988 745 999 745 989 745 999 746 312 746 989 746 996 747 983 747 995 747 995 748 983 748 982 748 407 749 977 749 979 749 982 750 977 750 407 750 983 751 977 751 982 751 983 752 408 752 977 752 985 753 408 753 983 753 954 754 965 754 955 754 965 755 966 755 955 755 955 756 966 756 409 756 966 757 968 757 409 757 409 758 968 758 956 758 956 759 968 759 412 759 968 760 969 760 412 760 412 761 969 761 957 761 969 762 970 762 957 762 957 763 970 763 413 763 413 764 970 764 958 764 970 765 300 765 958 765 414 766 317 766 954 766 954 767 317 767 965 767 410 768 326 768 959 768 326 769 971 769 959 769 959 770 971 770 960 770 971 771 972 771 960 771 972 772 973 772 960 772 960 773 973 773 962 773 973 774 320 774 962 774 962 775 320 775 963 775 320 776 974 776 963 776 963 777 974 777 964 777 974 778 317 778 964 778 964 779 317 779 414 779 326 780 410 780 300 780 300 781 410 781 958 781 413 782 411 782 956 782 413 783 956 783 412 783 958 784 411 784 413 784 961 785 963 785 414 785 959 786 411 786 958 786 959 787 414 787 411 787 961 788 414 788 959 788 302 789 944 789 417 789 417 790 944 790 935 790 944 791 945 791 935 791 935 792 945 792 936 792 945 793 946 793 936 793 936 794 946 794 418 794 946 795 947 795 418 795 418 796 947 796 937 796 947 797 948 797 937 797 937 798 948 798 419 798 942 799 325 799 417 799 417 800 325 800 302 800 415 801 327 801 938 801 327 802 949 802 938 802 938 803 949 803 420 803 949 804 950 804 420 804 420 805 950 805 940 805 950 806 951 806 940 806 951 807 952 807 940 807 940 808 952 808 941 808 941 809 952 809 943 809 952 810 953 810 943 810 953 811 325 811 943 811 943 812 325 812 942 812 327 813 415 813 948 813 948 814 415 814 419 814 419 815 416 815 418 815 419 816 417 816 416 816 939 817 941 817 943 817 415 818 417 818 419 818 415 819 943 819 417 819 420 820 943 820 415 820 420 821 939 821 943 821 423 822 304 822 916 822 304 823 303 823 916 823 916 824 303 824 422 824 303 825 926 825 422 825 422 826 926 826 917 826 926 827 927 827 917 827 917 828 927 828 918 828 918 829 929 829 919 829 927 830 929 830 918 830 929 831 930 831 919 831 919 832 930 832 920 832 925 833 934 833 423 833 423 834 934 834 304 834 335 835 931 835 421 835 421 836 931 836 425 836 425 837 931 837 921 837 921 838 932 838 424 838 424 839 932 839 922 839 932 840 933 840 922 840 922 841 933 841 923 841 933 842 934 842 923 842 923 843 934 843 925 843 335 844 421 844 930 844 930 845 421 845 920 845 918 846 422 847 917 848 918 849 423 849 422 849 920 850 423 850 918 850 421 851 423 851 920 851 421 852 924 852 423 852 425 853 924 853 421 853 425 854 424 854 924 854 891 855 904 855 892 855 904 856 905 856 892 856 892 857 905 857 893 857 905 858 906 858 893 858 893 859 906 859 894 859 906 860 907 860 894 860 894 861 907 861 895 861 907 862 908 862 895 862 895 863 908 863 896 863 908 864 909 864 896 864 896 865 909 865 897 865 909 866 309 866 897 866 903 867 915 867 891 867 891 868 915 868 904 868 898 869 911 869 899 869 910 870 911 870 898 870 899 871 911 871 900 871 911 872 339 872 900 872 339 873 912 873 900 873 900 874 912 874 427 874 912 875 913 875 427 875 427 876 913 876 902 876 913 877 914 877 902 877 902 878 914 878 903 878 914 879 915 879 903 879 910 880 898 880 309 880 309 881 898 881 897 881 895 882 426 882 893 882 897 883 426 883 895 883 898 884 426 884 897 884 898 885 901 885 426 885 428 886 427 886 901 886 428 887 901 887 898 887 870 888 311 888 871 888 311 889 881 889 871 889 871 890 881 890 872 890 881 891 882 891 872 891 872 892 882 892 873 892 882 893 883 893 873 893 883 894 884 894 873 894 873 895 884 895 431 895 431 896 884 896 432 896 884 897 314 897 432 897 433 898 890 898 870 898 870 899 890 899 311 899 429 900 885 900 875 900 885 901 886 901 875 901 875 902 886 902 876 902 886 903 887 903 876 903 876 904 887 904 877 904 877 905 887 905 879 905 887 906 888 906 879 906 879 907 888 907 880 907 888 908 889 908 880 908 889 909 890 909 880 909 880 910 890 910 433 910 885 911 429 911 314 911 314 912 429 912 432 912 431 913 430 913 872 913 431 914 872 914 873 914 432 915 430 915 431 915 877 916 878 916 433 916 874 917 430 917 432 917 874 918 433 918 430 918 874 919 877 919 433 919 848 920 316 920 847 920 316 921 860 921 847 921 847 922 860 922 849 922 860 923 861 923 849 923 849 924 861 924 850 924 861 925 862 925 850 925 850 926 862 926 851 926 862 927 863 927 851 927 851 928 863 928 435 928 863 929 864 929 435 929 859 930 869 930 848 930 848 931 869 931 316 931 342 932 865 932 852 932 852 933 865 933 854 933 865 934 343 934 854 934 854 935 866 935 856 935 343 936 866 936 854 936 856 937 866 937 857 937 866 938 868 938 857 938 857 939 868 939 858 939 868 940 341 940 858 940 858 941 341 941 859 941 341 942 869 942 859 942 342 943 852 943 864 943 864 944 852 944 435 944 435 945 848 945 434 945 855 946 857 946 858 946 853 947 848 947 435 947 853 948 858 948 848 948 853 949 855 949 858 949 439 950 836 950 437 950 836 951 321 951 437 951 437 952 321 952 438 952 321 953 837 953 438 953 438 954 837 954 440 954 837 955 838 955 440 955 440 956 838 956 828 956 838 957 328 957 828 957 828 958 328 958 829 958 328 959 840 959 829 959 829 960 840 960 830 960 835 961 846 961 439 961 439 962 846 962 836 962 436 963 346 963 831 963 346 964 841 964 831 964 831 965 841 965 832 965 832 966 841 966 833 966 841 967 843 967 833 967 833 968 843 968 834 968 843 969 844 969 834 969 834 970 845 970 441 970 844 971 845 971 834 971 845 972 344 972 441 972 441 973 344 973 835 973 344 974 846 974 835 974 346 975 436 975 840 975 840 976 436 976 830 976 829 977 437 977 438 977 829 978 438 978 440 978 829 979 439 979 437 979 834 980 441 980 835 980 436 981 439 981 829 981 436 982 835 982 439 982 832 983 834 983 835 983 832 984 835 984 436 984 329 985 819 985 812 985 812 986 819 986 813 986 819 987 820 987 813 987 813 988 820 988 443 988 820 989 330 989 443 989 443 990 330 990 445 990 330 991 821 991 445 991 445 992 821 992 814 992 821 993 822 993 814 993 822 994 334 994 814 994 814 995 334 995 446 995 818 996 827 996 812 996 812 997 827 997 329 997 823 998 824 998 442 998 442 999 824 999 449 999 824 1000 350 1000 449 1000 449 1001 350 1001 815 1001 350 1002 825 1002 815 1002 815 1003 825 1003 816 1003 825 1004 349 1004 816 1004 816 1005 349 1005 817 1005 349 1006 826 1006 817 1006 817 1007 826 1007 818 1007 826 1008 827 1008 818 1008 823 1009 442 1009 334 1009 334 1010 442 1010 446 1010 446 1011 443 1011 445 1011 446 1012 444 1012 443 1012 450 1013 444 1013 446 1013 450 1014 447 1014 444 1014 449 1015 448 1015 447 1015 449 1016 447 1016 450 1016 451 1017 692 1017 592 1017 692 1018 693 1018 592 1018 693 1019 263 1019 592 1019 592 1020 263 1020 593 1020 593 1021 263 1021 594 1021 263 1022 695 1022 594 1022 594 1023 695 1023 595 1023 695 1024 696 1024 595 1024 595 1025 696 1025 456 1025 696 1026 697 1026 456 1026 456 1027 697 1027 596 1027 697 1028 268 1028 596 1028 596 1029 268 1029 455 1029 591 1030 692 1030 451 1030 591 1031 691 1031 692 1031 453 1032 686 1032 588 1032 588 1033 686 1033 589 1033 686 1034 687 1034 589 1034 589 1035 687 1035 452 1035 687 1036 688 1036 452 1036 452 1037 688 1037 590 1037 688 1038 689 1038 590 1038 590 1039 689 1039 454 1039 689 1040 690 1040 454 1040 454 1041 690 1041 591 1041 690 1042 691 1042 591 1042 686 1043 453 1043 455 1043 686 1044 455 1044 268 1044 454 1045 453 1045 588 1045 454 1046 588 1046 452 1046 591 1047 453 1047 454 1047 451 1048 453 1048 591 1048 451 1049 455 1049 453 1049 595 1050 456 1050 455 1050 593 1051 595 1051 455 1051 593 1052 455 1052 451 1052 457 1053 701 1053 603 1053 701 1054 702 1054 603 1054 603 1055 702 1055 460 1055 702 1056 703 1056 460 1056 703 1057 704 1057 460 1057 460 1058 704 1058 604 1058 604 1059 704 1059 605 1059 704 1060 706 1060 605 1060 605 1061 706 1061 606 1061 706 1062 265 1062 606 1062 265 1063 707 1063 606 1063 606 1064 707 1064 459 1064 602 1065 701 1065 457 1065 602 1066 276 1066 701 1066 279 1067 698 1067 597 1067 597 1068 698 1068 598 1068 698 1069 280 1069 598 1069 598 1070 280 1070 600 1070 280 1071 281 1071 600 1071 600 1072 281 1072 601 1072 281 1073 699 1073 601 1073 699 1074 700 1074 601 1074 601 1075 700 1075 458 1075 458 1076 700 1076 602 1076 700 1077 276 1077 602 1077 279 1078 597 1078 459 1078 279 1079 459 1079 707 1079 458 1080 599 1080 600 1080 457 1081 599 1081 458 1081 457 1082 459 1082 599 1082 460 1083 605 1083 459 1083 460 1084 459 1084 457 1084 461 1085 254 1085 613 1085 254 1086 714 1086 613 1086 613 1087 714 1087 614 1087 614 1088 714 1088 466 1088 714 1089 716 1089 466 1089 716 1090 717 1090 465 1090 717 1091 718 1091 465 1091 465 1092 718 1092 615 1092 615 1093 718 1093 616 1093 718 1094 720 1094 616 1094 720 1095 721 1095 616 1095 616 1096 721 1096 464 1096 612 1097 254 1097 461 1097 612 1098 713 1098 254 1098 607 1099 708 1099 462 1099 462 1100 708 1100 608 1100 708 1101 709 1101 608 1101 709 1102 710 1102 608 1102 608 1103 710 1103 610 1103 710 1104 711 1104 610 1104 610 1105 711 1105 463 1105 711 1106 712 1106 463 1106 463 1107 712 1107 611 1107 712 1108 713 1108 611 1108 611 1109 713 1109 612 1109 708 1110 607 1110 464 1110 708 1111 464 1111 721 1111 463 1112 462 1113 609 1114 612 1115 462 1115 463 1115 465 1116 615 1116 464 1116 613 1117 462 1117 612 1117 613 1118 464 1118 462 1118 466 1119 465 1119 464 1119 466 1120 464 1120 613 1120 728 1121 729 1121 622 1121 622 1122 729 1122 624 1122 729 1123 730 1123 624 1123 624 1124 730 1124 625 1124 730 1125 255 1125 625 1125 625 1126 255 1126 626 1126 255 1127 731 1127 626 1127 626 1128 731 1128 471 1128 731 1129 733 1129 471 1129 471 1130 733 1130 627 1130 733 1131 734 1131 627 1131 627 1132 734 1132 470 1132 621 1133 728 1133 622 1133 621 1134 727 1134 728 1134 468 1135 273 1135 617 1135 273 1136 722 1136 617 1136 617 1137 722 1137 467 1137 467 1138 722 1138 618 1138 722 1139 723 1139 618 1139 723 1140 724 1140 618 1140 618 1141 724 1141 619 1141 724 1142 725 1142 619 1142 619 1143 725 1143 469 1143 469 1144 725 1144 620 1144 725 1145 726 1145 620 1145 620 1146 726 1146 621 1146 726 1147 727 1147 621 1147 273 1148 468 1148 470 1148 273 1149 470 1149 734 1149 619 1150 468 1150 467 1150 469 1151 468 1151 619 1151 620 1152 468 1152 469 1152 625 1153 471 1153 470 1153 623 1154 468 1154 620 1154 623 1155 470 1155 468 1155 625 1156 470 1156 623 1156 247 1157 741 1157 472 1157 472 1158 741 1158 634 1158 634 1159 741 1159 635 1159 741 1160 742 1160 635 1160 635 1161 742 1161 636 1161 742 1162 743 1162 636 1162 636 1163 743 1163 637 1163 743 1164 745 1164 637 1164 637 1165 745 1165 638 1165 638 1166 745 1166 639 1166 745 1167 250 1167 639 1167 633 1168 247 1168 472 1168 633 1169 740 1169 247 1169 272 1170 735 1170 473 1170 473 1171 735 1171 628 1171 735 1172 736 1172 628 1172 628 1173 736 1173 629 1173 736 1174 271 1174 629 1174 271 1175 737 1175 629 1175 629 1176 737 1176 631 1176 737 1177 738 1177 631 1177 631 1178 738 1178 632 1178 738 1179 739 1179 632 1179 632 1180 739 1180 633 1180 739 1181 740 1181 633 1181 272 1182 473 1182 639 1182 272 1183 639 1183 250 1183 630 1184 473 1184 628 1184 633 1185 630 1186 631 1187 633 1188 473 1188 630 1188 634 1189 473 1189 633 1189 634 1190 639 1190 473 1190 635 1191 637 1191 639 1191 635 1192 639 1192 634 1192 474 1193 752 1193 648 1193 752 1194 753 1194 648 1194 648 1195 753 1195 476 1195 753 1196 754 1196 476 1196 476 1197 754 1197 649 1197 754 1198 755 1198 649 1198 755 1199 756 1199 649 1199 649 1200 756 1200 650 1200 756 1201 757 1201 650 1201 650 1202 757 1202 651 1202 651 1203 757 1203 652 1203 757 1204 758 1204 652 1204 647 1205 752 1205 474 1205 647 1206 751 1206 752 1206 270 1207 746 1207 640 1207 640 1208 746 1208 641 1208 746 1209 748 1209 641 1209 641 1210 748 1210 642 1210 642 1211 748 1211 643 1211 748 1212 749 1212 643 1212 643 1213 749 1213 644 1213 644 1214 749 1214 645 1214 749 1215 750 1215 645 1215 645 1216 750 1216 647 1216 750 1217 751 1217 647 1217 270 1218 640 1218 652 1218 270 1219 652 1219 758 1219 646 1220 475 1220 644 1220 649 1221 650 1221 652 1221 474 1222 475 1222 646 1222 474 1223 652 1223 475 1223 476 1224 649 1224 652 1224 476 1225 652 1225 474 1225 244 1226 764 1226 658 1226 658 1227 764 1227 481 1227 764 1228 765 1228 481 1228 481 1229 765 1229 659 1229 765 1230 766 1230 659 1230 659 1231 766 1231 480 1231 766 1232 767 1232 480 1232 480 1233 767 1233 479 1233 767 1234 769 1234 479 1234 479 1235 769 1235 660 1235 769 1236 770 1236 660 1236 660 1237 770 1237 661 1237 657 1238 244 1238 658 1238 657 1239 260 1239 244 1239 266 1240 759 1240 477 1240 477 1241 759 1241 653 1241 759 1242 760 1242 653 1242 653 1243 267 1243 654 1243 760 1244 267 1244 653 1244 654 1245 267 1245 656 1245 267 1246 761 1246 656 1246 761 1247 762 1247 656 1247 656 1248 762 1248 478 1248 762 1249 763 1249 478 1249 478 1250 763 1250 657 1250 763 1251 260 1251 657 1251 266 1252 477 1252 661 1252 266 1253 661 1253 770 1253 478 1254 477 1254 654 1254 478 1255 654 1255 655 1255 657 1256 477 1256 478 1256 658 1257 477 1257 657 1257 658 1258 661 1258 477 1258 480 1259 479 1259 661 1259 481 1260 480 1260 661 1260 481 1261 661 1261 658 1261 775 1262 776 1262 482 1262 482 1263 776 1263 666 1263 776 1264 778 1264 666 1264 666 1265 778 1265 667 1265 667 1266 778 1266 669 1266 778 1267 779 1267 669 1267 669 1268 779 1268 670 1268 779 1269 780 1269 670 1269 670 1270 780 1270 672 1270 780 1271 243 1271 672 1271 486 1272 775 1272 482 1272 486 1273 774 1273 775 1273 484 1274 261 1274 662 1274 261 1275 771 1275 662 1275 662 1276 771 1276 483 1276 771 1277 262 1277 483 1277 483 1278 262 1278 663 1278 262 1279 772 1279 663 1279 663 1280 772 1280 664 1280 772 1281 773 1281 664 1281 664 1282 773 1282 485 1282 773 1283 774 1283 485 1283 485 1284 774 1284 486 1284 261 1285 484 1285 672 1285 261 1286 672 1286 243 1286 485 1287 663 1287 664 1287 485 1288 484 1288 483 1288 485 1289 483 1289 663 1289 486 1290 484 1290 485 1290 667 1291 668 1291 671 1291 665 1292 484 1292 486 1292 665 1293 671 1293 484 1293 665 1294 667 1294 671 1294 240 1295 786 1295 487 1295 487 1296 786 1296 490 1296 786 1297 787 1297 490 1297 490 1298 787 1298 680 1298 787 1299 788 1299 680 1299 680 1300 788 1300 681 1300 788 1301 789 1301 681 1301 681 1302 789 1302 682 1302 789 1303 790 1303 682 1303 682 1304 790 1304 684 1304 684 1305 790 1305 685 1305 790 1306 241 1306 685 1306 678 1307 240 1307 487 1307 678 1308 785 1308 240 1308 488 1309 781 1309 674 1309 257 1310 781 1310 488 1310 674 1311 781 1311 673 1311 781 1312 782 1312 673 1312 673 1313 782 1313 675 1313 782 1314 783 1314 675 1314 675 1315 783 1315 489 1315 783 1316 784 1316 489 1316 489 1317 784 1317 676 1317 784 1318 785 1318 676 1318 676 1319 785 1319 678 1319 257 1320 488 1320 685 1320 257 1321 685 1321 241 1321 677 1322 675 1322 489 1322 677 1323 673 1323 675 1323 677 1324 488 1324 673 1324 680 1325 682 1325 683 1325 679 1326 488 1326 677 1326 679 1327 683 1327 488 1327 490 1328 680 1328 683 1328 490 1329 683 1329 679 1329 238 1330 795 1330 800 1330 800 1331 795 1331 494 1331 494 1332 795 1332 801 1332 795 1333 796 1333 801 1333 801 1334 796 1334 802 1334 796 1335 239 1335 802 1335 802 1336 239 1336 803 1336 803 1337 239 1337 804 1337 239 1338 797 1338 804 1338 804 1339 797 1339 805 1339 797 1340 798 1340 805 1340 805 1341 798 1341 806 1341 811 1342 238 1342 800 1342 811 1343 794 1343 238 1343 799 1344 248 1344 807 1344 248 1345 791 1345 807 1345 791 1346 253 1346 807 1346 807 1347 253 1347 808 1347 253 1348 792 1348 808 1348 808 1349 792 1349 809 1349 792 1350 249 1350 809 1350 249 1351 793 1351 809 1351 809 1352 793 1352 810 1352 793 1353 794 1353 810 1353 810 1354 794 1354 811 1354 248 1355 806 1355 798 1355 248 1356 799 1356 806 1356 811 1357 492 1357 810 1357 811 1358 491 1358 492 1358 494 1359 806 1359 491 1359 494 1360 491 1360 811 1360 494 1361 493 1361 806 1361 802 1362 493 1362 494 1362 225 1363 496 1363 226 1363 496 1364 498 1364 226 1364 498 1365 499 1365 226 1365 497 1366 495 1366 381 1366 495 1367 498 1367 496 1367 495 1368 497 1368 498 1368 499 1369 498 1369 497 1369 507 1370 223 1370 505 1370 223 1371 224 1371 505 1371 505 1372 224 1372 374 1372 511 1373 508 1373 496 1373 496 1374 508 1374 495 1374 508 1375 500 1375 495 1375 495 1376 500 1376 381 1376 500 1377 380 1377 381 1377 389 1378 236 1378 501 1378 236 1379 233 1380 501 1381 501 1382 233 1382 502 1382 503 1383 505 1383 374 1383 503 1384 504 1384 505 1384 503 1385 506 1385 504 1385 504 1386 507 1387 505 1388 380 1389 500 1389 379 1389 500 1390 509 1390 379 1390 508 1391 509 1392 500 1393 509 1394 510 1394 379 1394 511 1395 512 1395 508 1395 508 1396 512 1396 509 1396 512 1397 513 1397 509 1397 509 1398 513 1398 510 1398 389 1399 515 1399 514 1399 501 1400 515 1400 389 1400 501 1401 502 1401 515 1401 523 1402 507 1402 522 1402 507 1403 504 1404 522 1405 504 1406 506 1406 522 1406 522 1407 506 1407 375 1407 512 1408 526 1408 513 1408 513 1409 526 1409 510 1409 526 1410 527 1410 510 1410 510 1411 527 1411 379 1411 385 1412 389 1413 516 1414 389 1415 514 1415 516 1415 516 1416 514 1416 517 1416 518 1417 520 1418 376 1419 376 1420 520 1420 375 1420 518 1421 519 1421 520 1421 520 1422 522 1422 375 1422 521 1423 520 1423 519 1423 521 1424 523 1425 520 1426 520 1427 523 1427 522 1427 378 1428 525 1428 524 1428 525 1429 527 1429 524 1429 524 1430 527 1431 526 1432 516 1433 387 1433 385 1433 528 1434 387 1435 516 1436 516 1437 517 1437 528 1437 530 1438 528 1438 517 1438 528 1439 529 1439 387 1439 530 1440 529 1440 528 1440 530 1441 531 1441 529 1441 521 1442 519 1442 537 1442 537 1443 519 1443 535 1443 519 1444 518 1444 535 1444 518 1445 376 1445 535 1445 535 1446 376 1446 533 1446 526 1447 537 1447 524 1447 537 1448 536 1449 524 1450 524 1451 536 1451 378 1451 539 1452 540 1452 378 1452 378 1453 540 1453 525 1453 525 1454 540 1454 527 1454 540 1455 532 1455 527 1455 387 1456 529 1456 391 1456 391 1457 529 1457 532 1457 529 1458 531 1458 532 1458 534 1459 535 1459 533 1459 536 1460 535 1460 534 1460 536 1461 537 1462 535 1463 391 1464 540 1464 538 1464 538 1465 540 1466 539 1467 532 1468 540 1469 391 1470 377 1471 542 1471 533 1471 533 1472 542 1472 534 1472 542 1473 544 1473 534 1473 534 1474 544 1474 536 1474 391 1475 538 1475 541 1475 541 1476 538 1477 543 1478 538 1479 539 1479 543 1479 543 1480 539 1480 544 1480 541 1481 543 1481 377 1481 377 1482 543 1482 542 1482 543 1483 544 1483 542 1483 386 1484 541 1484 545 1484 541 1485 377 1485 545 1485 545 1486 377 1486 546 1486 545 1487 382 1487 386 1487 545 1488 546 1488 547 1488 545 1489 548 1489 382 1489 545 1490 547 1491 550 1492 550 1493 548 1493 545 1493 547 1494 549 1494 550 1494 546 1495 549 1495 547 1495 382 1496 548 1496 554 1496 548 1497 550 1497 554 1497 554 1498 550 1498 556 1498 550 1499 549 1499 556 1499 551 1500 552 1500 553 1500 553 1501 552 1501 555 1501 552 1502 554 1502 555 1502 554 1503 556 1503 555 1503 554 1504 552 1504 227 1504 227 1505 552 1506 228 1507 552 1508 551 1508 228 1508 557 1509 285 1510 287 1511 288 1512 557 1513 287 1514 288 1515 558 1516 557 1517 559 1518 558 1518 288 1518 559 1519 288 1520 290 1521 560 1522 559 1522 290 1522 560 1523 290 1523 292 1523 560 1524 292 1525 293 1526 562 1527 560 1527 293 1527 562 1528 561 1528 560 1528 51 1529 562 1529 293 1529 51 1530 293 1531 70 1532 557 1533 558 1533 569 1533 557 1534 569 1534 358 1534 285 1535 557 1536 358 1537 563 1538 561 1539 562 1540 563 1541 562 1541 369 1541 564 1542 561 1542 563 1542 564 1543 563 1543 369 1543 564 1544 369 1545 370 1546 371 1547 564 1548 370 1549 565 1550 564 1551 371 1552 565 1553 371 1553 373 1553 353 1554 566 1554 351 1554 354 1555 566 1555 353 1555 567 1556 566 1556 354 1556 567 1557 354 1557 355 1557 568 1558 567 1558 355 1558 568 1559 355 1559 357 1559 358 1560 568 1561 357 1562 569 1563 568 1563 358 1563 571 1564 570 1564 565 1564 571 1565 565 1565 373 1565 351 1566 566 1566 575 1566 351 1567 575 1567 365 1567 570 1568 571 1568 360 1568 572 1569 570 1569 360 1569 361 1570 572 1571 360 1572 572 1573 361 1573 363 1573 573 1574 572 1574 363 1574 574 1575 572 1575 573 1575 574 1576 573 1576 363 1576 574 1577 363 1577 364 1577 575 1578 574 1579 364 1580 575 1581 364 1581 365 1581 100 1582 237 1582 99 1582 99 1583 237 1584 576 1585 237 1586 235 1586 576 1586 576 1587 235 1588 577 1589 235 1590 234 1590 577 1590 576 1591 577 1591 96 1591 576 1592 96 1592 98 1592 99 256 576 256 98 256 93 1593 94 1593 578 1593 94 1594 231 1594 578 1594 578 1595 231 1595 88 1595 231 1596 232 1596 88 1596 578 1597 88 1597 90 1597 93 1598 578 1598 90 1598 93 1599 90 1599 92 1599 86 1600 87 1600 579 1600 87 1601 230 1601 579 1601 579 1602 230 1602 580 1602 230 1603 229 1603 580 1603 580 1604 229 1604 81 1604 229 1605 80 1605 81 1605 580 256 81 256 83 256 579 256 580 256 83 256 579 1606 85 1606 86 1606 579 1607 83 1607 85 1607 157 1608 149 1608 148 1608 159 1609 149 1609 157 1609 148 1610 147 1610 157 1610 157 1611 147 1611 145 1611 165 1612 149 1612 159 1612 165 1613 153 1613 149 1613 147 1614 152 1614 145 1614 165 1615 163 1615 153 1615 152 1616 151 1616 145 1616 163 1617 150 1617 153 1617 163 1618 164 1618 150 1618 167 1619 164 1619 163 1619 167 1620 166 1620 164 1620 174 1621 166 1621 167 1621 185 1622 166 1622 174 1622 185 1623 161 1623 166 1623 166 1624 161 1624 155 1624 155 1625 161 1625 154 1625 170 1626 169 1626 171 1626 173 1627 170 1627 171 1627 179 1628 173 1628 171 1628 156 1629 172 1629 581 1629 156 1630 581 1630 582 1630 158 1631 156 1631 582 1631 162 1632 582 1632 581 1632 162 1633 158 1633 582 1633 172 1634 162 1634 581 1634 180 1635 177 1635 176 1635 177 1636 168 1636 176 1636 177 1637 175 1637 168 1637 181 1638 175 1638 177 1638 181 1639 184 1639 175 1639 189 1640 184 1640 181 1640 189 1641 221 1641 184 1641 184 1642 221 1642 188 1642 221 1643 182 1643 188 1643 183 1644 182 1644 178 1644 188 1645 182 1645 183 1645 192 1646 190 1646 186 1646 194 1647 190 1647 192 1647 194 1648 197 1648 190 1648 197 1649 187 1649 190 1649 211 1650 202 1650 201 1650 211 1651 201 1651 583 1651 584 1652 211 1652 583 1652 210 1653 211 1653 584 1653 199 1654 583 1654 201 1654 193 1655 199 1655 201 1655 198 1656 585 1656 199 1656 210 1657 584 1657 586 1657 198 1658 586 1658 585 1658 198 1659 210 1659 586 1659 195 1660 199 1660 193 1660 196 1661 193 1661 191 1661 196 1662 195 1662 193 1662 587 1663 586 1663 584 1663 587 1664 585 1664 586 1664 584 1665 583 1665 199 1665 584 1666 199 1666 585 1666 584 1667 585 1667 587 1667 200 1668 204 1668 203 1668 200 1669 205 1669 204 1669 204 1670 208 1670 203 1670 212 1671 214 1671 213 1671 207 1672 214 1672 212 1672 222 1673 220 1673 208 1673 208 1674 220 1674 209 1674 213 1675 216 1675 212 1675 216 1676 217 1676 219 1676 219 1677 212 1677 216 1677 206 1678 219 1678 222 1678 208 1679 206 1679 222 1679 588 1680 589 1680 452 1680 590 1681 454 1681 452 1681 451 1682 592 1682 593 1682 593 1683 594 1683 595 1683 456 1684 596 1684 455 1684 597 1685 598 1685 599 1685 598 1686 600 1686 599 1686 601 1687 458 1688 600 1689 597 1690 599 1690 459 1690 602 1691 457 1691 458 1691 457 1692 603 1692 460 1692 460 1693 604 1693 605 1693 606 1694 459 1694 605 1694 462 1695 608 1695 609 1695 608 1696 610 1696 609 1696 609 1697 610 1697 463 1697 463 1698 611 1699 612 1700 607 1701 462 1701 464 1701 461 1702 613 1702 612 1702 614 1703 466 1704 613 1705 716 1706 465 1706 466 1706 616 1707 464 1708 615 1709 617 1710 467 1710 468 1710 467 1711 618 1712 619 1713 622 1714 623 1715 621 1716 621 1717 623 1718 620 1719 622 1720 624 1720 623 1720 624 1721 625 1721 623 1721 625 1722 626 1722 471 1722 627 1723 470 1723 471 1723 628 1724 629 1724 630 1724 630 1725 629 1725 631 1725 632 1726 633 1727 631 1728 472 1729 634 1729 633 1729 635 1730 636 1730 637 1730 638 1731 639 1731 637 1731 640 1732 641 1732 475 1732 475 1733 641 1733 642 1733 475 1734 642 1735 644 1736 642 1737 643 1737 644 1737 644 1738 645 1738 646 1738 645 1739 647 1739 646 1739 640 1740 475 1740 652 1740 647 1741 474 1741 646 1741 474 1742 648 1743 476 1744 651 1745 652 1745 650 1745 653 1746 654 1746 477 1746 654 1747 656 1747 655 1747 656 1748 478 1748 655 1748 481 1749 659 1750 480 1751 660 1752 661 1752 479 1752 662 1753 483 1753 484 1753 672 1754 484 1754 671 1754 482 1755 665 1755 486 1755 482 1756 666 1757 665 1758 665 1759 666 1759 667 1759 667 1760 669 1760 668 1760 669 1761 670 1761 668 1761 670 1762 671 1762 668 1762 670 1763 672 1764 671 1765 488 1766 674 1766 673 1766 489 1767 676 1767 677 1767 676 1768 678 1768 677 1768 685 1769 488 1769 683 1769 487 1770 679 1770 678 1770 678 1771 679 1771 677 1771 679 1772 487 1772 490 1772 680 1773 681 1773 682 1773 682 1774 684 1774 683 1774 684 1775 685 1776 683 1777 687 1778 686 1778 284 1778 687 1779 284 1780 282 1781 688 1782 687 1783 282 1784 690 1785 688 1786 282 1787 690 1788 689 1789 688 1790 268 1791 284 1792 686 1793 693 1794 692 1795 263 1796 695 1797 263 1797 694 1797 695 1798 694 1798 696 1798 697 1799 696 1799 268 1799 698 1800 279 1800 280 1800 699 1801 281 1801 278 1801 700 1802 699 1803 278 1804 700 1805 278 1806 276 1807 707 1808 264 1808 279 1808 703 1809 702 1809 705 1809 704 1810 703 1811 705 1812 706 1813 704 1814 705 1815 706 1816 705 1816 265 1816 707 1817 265 1818 264 1819 708 1820 275 1820 277 1820 709 1821 708 1822 277 1823 710 1824 709 1824 277 1824 710 1825 277 1826 274 1827 711 1828 710 1828 274 1828 712 1829 711 1830 274 1831 712 1832 274 1833 713 1834 721 1835 275 1835 708 1835 714 1836 254 1836 715 1836 716 1837 714 1837 715 1837 717 1838 716 1838 715 1838 719 1839 718 1839 717 1839 720 1840 718 1840 719 1840 721 1841 720 1841 719 1841 724 1842 723 1843 725 1844 734 1845 732 1846 273 1847 729 1848 728 1848 730 1848 733 1849 731 1850 732 1851 734 1852 733 1852 732 1852 736 1853 735 1853 272 1853 737 1854 271 1854 738 1854 740 1855 739 1855 738 1855 741 1856 247 1857 246 1858 742 1859 741 1859 246 1859 743 1860 742 1860 251 1860 744 1861 743 1861 251 1861 745 1862 743 1863 744 1864 250 1865 745 1865 744 1865 747 1866 746 1867 270 1868 748 1869 746 1869 747 1869 748 1870 747 1871 269 1872 749 1873 748 1874 269 1875 750 1876 749 1877 269 1878 751 1879 245 1879 752 1879 753 1880 752 1881 245 1882 754 1883 753 1884 245 1885 754 1886 245 1886 755 1886 757 1887 756 1888 755 1889 760 1890 759 1890 266 1890 761 1891 267 1891 762 1891 763 1892 762 1893 260 1894 764 1895 244 1896 765 1897 768 1898 767 1898 766 1898 769 1899 767 1899 768 1899 770 1900 769 1900 768 1900 262 1901 771 1902 261 1903 772 1904 262 1905 259 1906 773 1907 772 1907 259 1907 773 1908 259 1908 256 1908 774 1909 773 1910 256 1911 774 1912 256 1912 242 1912 774 1913 242 1913 775 1913 776 1914 775 1914 242 1914 777 1915 776 1916 242 1917 778 1918 776 1918 777 1918 779 1919 778 1920 777 1921 780 1922 779 1922 777 1922 258 1923 781 1924 257 1925 782 1926 781 1927 258 1928 252 1929 782 1929 258 1929 783 1930 782 1930 252 1930 784 1931 783 1931 252 1931 788 1932 787 1932 786 1932 241 1933 790 1933 789 1933 791 1934 248 1935 253 1936 796 1937 795 1938 238 1939 799 1940 491 1940 806 1940 494 1941 801 1942 802 1943 802 1944 803 1944 493 1944 803 1945 804 1945 493 1945 804 1946 805 1946 493 1946 493 1947 805 1948 806 1949 799 1950 807 1950 491 1950 807 1951 492 1952 491 1953 807 1954 808 1954 492 1954 808 1955 809 1955 492 1955 809 1956 810 1957 492 1958 800 1959 494 1960 811 1961 813 1962 444 1962 812 1962 813 1963 443 1963 444 1963 445 1964 814 1965 446 1966 442 1967 450 1967 446 1967 818 1968 444 1968 447 1968 812 1969 444 1969 818 1969 442 1970 449 1971 450 1972 449 1973 816 1974 448 1975 815 1976 816 1976 449 1976 816 1977 817 1978 448 1979 448 1980 817 1981 447 1982 817 1983 818 1984 447 1985 819 1986 329 1987 820 1988 821 1989 330 1989 332 1989 822 1990 821 1990 332 1990 334 1991 822 1992 332 1993 827 1994 347 1994 329 1994 350 1995 824 1995 823 1995 349 1996 825 1996 350 1996 827 1997 826 1998 347 1999 440 2000 828 2000 829 2000 830 2001 436 2002 829 2003 831 2004 832 2005 436 2006 832 2007 833 2007 834 2007 836 2008 323 2008 321 2008 837 2009 321 2009 324 2009 838 2010 837 2011 324 2012 838 2013 324 2014 328 2015 840 2016 328 2016 839 2016 840 2017 839 2018 346 2019 846 2020 323 2020 836 2020 841 2021 346 2021 348 2021 842 2022 841 2022 348 2022 843 2023 841 2023 842 2023 844 2024 843 2024 842 2024 847 2025 434 2026 848 2027 847 2028 849 2029 434 2030 849 2031 850 2031 434 2031 850 2032 851 2032 434 2032 434 2033 851 2033 435 2033 852 2034 853 2034 435 2034 859 2035 848 2036 858 2037 852 2038 854 2039 853 2040 854 2041 855 2041 853 2041 854 2042 856 2042 855 2042 855 2043 856 2044 857 2045 862 2046 861 2047 322 2048 863 2049 862 2049 322 2049 864 2050 863 2050 322 2050 869 2051 341 2052 316 2053 343 2054 865 2054 342 2054 866 2055 343 2055 345 2055 866 2056 345 2056 867 2056 868 2057 866 2057 867 2057 868 2058 867 2058 341 2058 870 2059 871 2059 430 2059 430 2060 871 2060 872 2060 429 2061 874 2062 432 2063 870 2064 430 2064 433 2064 429 2065 875 2065 874 2065 875 2066 876 2067 874 2068 874 2069 876 2069 877 2069 877 2070 879 2070 878 2070 879 2071 880 2071 878 2071 880 2072 433 2072 878 2072 881 2073 311 2074 308 2075 882 2076 881 2077 308 2078 883 2079 882 2079 308 2079 884 2080 883 2080 315 2080 884 2081 315 2082 314 2083 314 2084 340 2085 885 2086 890 2087 337 2088 311 2089 885 2090 340 2090 886 2090 889 2091 888 2092 337 2093 890 2094 889 2094 337 2094 891 2095 892 2096 426 2097 892 2098 893 2098 426 2098 893 2099 894 2099 895 2099 896 2100 897 2100 895 2100 891 2101 426 2101 903 2101 903 2102 426 2103 901 2104 899 2105 428 2106 898 2107 899 2108 900 2108 428 2108 428 2109 900 2109 427 2109 902 2110 901 2110 427 2110 902 2111 903 2111 901 2111 905 2112 904 2113 305 2114 905 2115 305 2115 906 2115 908 2116 907 2117 310 2118 909 2119 908 2119 310 2119 909 2120 310 2121 309 2122 309 2123 338 2124 910 2125 915 2126 914 2126 305 2126 915 2127 305 2128 904 2129 911 2130 910 2130 338 2130 911 2131 338 2132 339 2133 336 2134 913 2134 912 2134 914 2135 913 2136 336 2137 916 2138 422 2138 423 2138 919 2139 920 2139 918 2139 925 2140 423 2141 924 2142 921 2143 424 2143 425 2143 424 2144 922 2144 924 2144 923 2145 924 2145 922 2145 923 2146 925 2146 924 2146 928 2147 927 2148 926 2149 929 2150 927 2150 928 2150 930 2151 929 2151 928 2151 934 2152 331 2152 304 2152 921 2153 931 2153 932 2153 333 2154 933 2154 932 2154 934 2155 333 2155 331 2155 933 2156 333 2157 934 2158 417 2159 935 2159 416 2159 935 2160 936 2160 416 2160 416 2161 936 2162 418 2163 937 2164 419 2164 418 2164 942 2165 417 2166 943 2167 415 2168 938 2169 420 2170 420 2171 940 2171 939 2171 939 2172 940 2172 941 2172 946 2173 945 2173 944 2173 951 2174 950 2174 949 2174 953 2175 952 2175 951 2175 954 2176 955 2176 411 2176 955 2177 956 2177 411 2177 955 2178 409 2179 956 2180 957 2181 413 2182 412 2183 410 2184 959 2185 958 2186 954 2187 411 2187 414 2187 960 2188 961 2189 959 2190 960 2191 962 2191 961 2191 961 2192 962 2192 963 2192 964 2193 414 2193 963 2193 966 2194 965 2194 299 2194 966 2195 299 2196 967 2197 968 2198 966 2198 967 2198 301 2199 968 2200 967 2201 969 2202 968 2202 301 2202 969 2203 301 2203 970 2203 970 2204 301 2205 300 2206 317 2207 299 2208 965 2209 320 2210 972 2210 971 2210 973 2211 972 2211 320 2211 974 2212 320 2213 975 2214 317 2215 974 2216 975 2217 976 2218 978 2219 977 2220 978 2221 979 2221 977 2221 980 2222 981 2222 979 2222 979 2223 981 2223 407 2223 989 2224 976 2225 408 2226 976 2227 977 2227 408 2227 983 2228 984 2229 985 2230 984 2231 986 2232 985 2233 986 2234 987 2234 985 2234 987 2235 988 2235 985 2235 988 2236 408 2236 985 2236 988 2237 989 2238 408 2239 991 2240 990 2240 297 2240 296 2241 991 2241 297 2241 992 2242 991 2242 296 2242 993 2243 992 2243 296 2243 995 2244 994 2244 993 2244 995 2245 318 2245 996 2245 312 2246 297 2246 990 2246 997 2247 996 2248 318 2249 319 2250 997 2251 318 2252 999 2253 998 2254 312 2255 1001 2256 1002 2256 1003 2256 1003 2257 1004 2258 1005 2259 1006 2260 1007 2260 1005 2260 1012 2261 1000 2261 405 2261 1000 2262 404 2263 405 2264 1006 2265 1008 2265 1007 2265 1007 2266 1008 2266 406 2266 1009 2267 1010 2267 406 2267 1010 2268 405 2268 406 2268 1010 2269 1011 2269 405 2269 1011 2270 1012 2270 405 2270 1015 2271 1014 2272 294 2273 1016 2274 1015 2274 298 2274 1017 2275 298 2276 306 2277 1020 2278 1019 2278 1021 2278 1020 2279 1021 2279 307 2279 67 2280 1024 2280 1023 2280 64 2281 67 2281 1023 2281 69 127 1024 127 67 127 64 127 1023 127 1025 127 69 127 71 127 1024 127 63 2282 64 2282 1025 2282 1026 2283 71 2283 69 2283 1026 127 73 127 71 127 63 127 1025 127 1027 127 60 127 63 127 1027 127 75 2284 73 2284 1026 2284 75 2285 1026 2285 1028 2285 79 2286 60 2286 1027 2286 79 127 1029 127 60 127 77 127 75 127 1028 127 77 2287 1028 2287 1030 2287 77 2288 1029 2288 79 2288 77 127 1030 127 1029 127 131 2289 79 2289 1027 2289 129 2290 131 2290 1027 2290 129 2291 1027 2291 1025 2291 144 2292 129 2292 1025 2292 144 2293 1025 2293 1023 2293 142 2294 144 2294 1023 2294 142 2295 1023 2295 1024 2295 143 2296 142 2296 1024 2296 70 2297 1024 2297 71 2297 70 2298 143 2298 1024 2298 69 2299 68 2299 1026 2299 68 2300 1031 2300 1026 2300 1031 2301 1032 2301 1026 2301 1026 2302 1032 2302 1028 2302 1032 2303 1033 2303 1028 2303 1028 2304 1033 2304 1030 2304 1033 2305 1034 2305 1030 2305 1030 2306 1034 2306 1029 2306 1034 2307 61 2307 1029 2307 1029 2308 61 2308 60 2308 62 127 66 127 65 127 62 2309 1031 2309 68 2309 62 127 68 127 66 127 1032 127 1031 127 62 127 61 2310 1032 2310 62 2310 1034 2311 1033 2311 1032 2311 1034 2312 1032 2312 61 2312 1036 127 42 127 1035 127 1035 2313 42 2313 1037 2313 42 127 44 127 1037 127 1036 127 40 127 42 127 58 2314 40 2314 1036 2314 44 127 46 127 1037 127 1037 2315 46 2315 1038 2315 58 127 1039 127 40 127 1038 127 46 127 1040 127 56 127 1039 127 58 127 48 127 1040 127 46 127 48 2316 1041 2316 1040 2316 56 127 54 127 1039 127 1039 2317 54 2317 1042 2317 50 127 1041 127 48 127 50 2318 52 2318 1041 2318 54 2319 52 2319 1042 2319 1042 2320 52 2320 50 2320 136 2321 139 2321 1036 2321 136 2322 1036 2322 1035 2322 134 2323 136 2323 1035 2323 134 2324 1035 2324 1037 2324 134 2325 1037 2325 1038 2325 132 2326 134 2326 1038 2326 132 2327 1038 2327 1040 2327 133 2328 132 2328 1040 2328 133 2329 1040 2329 1041 2329 51 2330 133 2330 1041 2330 49 2331 1043 2331 50 2331 50 2332 1043 2332 1042 2332 1043 2333 1044 2333 1042 2333 1042 2334 1044 2334 1039 2334 1044 2335 1045 2335 1039 2335 1039 2336 1045 2336 40 2336 1045 2337 41 2337 40 2337 1043 2338 49 2338 47 2338 1043 127 47 127 45 127 1043 2339 45 2339 43 2339 1044 127 1043 127 43 127 1045 127 1044 127 43 127 1045 127 43 127 41 127 27 127 1046 127 1047 127 25 127 27 127 1047 127 25 2340 1047 2340 1048 2340 30 2341 1046 2341 27 2341 30 2342 1049 2342 1046 2342 24 2343 25 2343 1048 2343 30 127 32 127 1049 127 24 127 1048 127 1050 127 21 2344 24 2344 1050 2344 1051 127 32 127 30 127 34 2345 32 2345 1051 2345 1052 127 21 127 1050 127 34 127 1051 127 1053 127 1052 127 20 127 21 127 38 2346 20 2346 1052 2346 36 2347 34 2347 1053 2347 36 127 1053 127 20 127 36 2348 20 2348 38 2348 141 2349 39 2349 1052 2349 141 2350 1052 2350 1050 2350 140 2351 141 2351 1050 2351 140 2352 1050 2352 1048 2352 137 2353 140 2353 1048 2353 137 2354 1048 2354 1047 2354 135 2355 137 2355 1047 2355 135 2356 1047 2356 1046 2356 138 2357 135 2357 1046 2357 138 2358 1046 2358 1049 2358 31 2359 138 2359 1049 2359 29 2360 1054 2360 30 2360 30 2361 1054 2361 1051 2361 1054 2362 1055 2362 1051 2362 1051 2363 1055 2363 1053 2363 1055 2364 1056 2364 1053 2364 1053 2365 1056 2365 20 2365 1056 2366 22 2366 20 2366 1054 127 29 127 28 127 1054 2367 28 2367 26 2367 1055 2368 1054 2368 26 2368 1055 127 26 127 23 127 1056 2369 1055 2369 23 2369 1056 2370 23 2370 22 2370 1057 127 0 127 3 127 1057 127 3 127 1058 127 3 2371 4 2371 1058 2371 19 127 0 127 1057 127 17 2372 0 2372 19 2372 1058 2373 4 2373 1059 2373 17 127 1060 127 0 127 4 127 7 127 1059 127 17 127 14 127 1060 127 7 127 1061 127 1059 127 1060 2374 14 2374 1062 2374 1063 2375 1061 2375 7 2375 14 127 13 127 1062 127 1063 127 10 127 1061 127 1064 127 10 127 1063 127 1062 127 13 127 1064 127 13 2376 10 2376 1064 2376 127 2377 18 2377 19 2377 127 2378 19 2378 1057 2378 126 2379 127 2379 1057 2379 126 2380 1057 2380 1058 2380 130 2381 126 2381 1058 2381 130 2382 1058 2382 1059 2382 128 2383 130 2383 1059 2383 128 2384 1059 2384 1061 2384 9 2385 128 2385 1061 2385 8 2386 1065 2386 1063 2386 1063 2387 1065 2387 1064 2387 1064 2388 1065 2388 1062 2388 1065 2389 1066 2389 1062 2389 1066 2390 1067 2390 1062 2390 1062 2391 1067 2391 1060 2391 1067 2392 1068 2392 1060 2392 1060 2393 1068 2393 0 2393 1068 2394 1 2394 0 2394 2 2395 6 2395 5 2395 1 127 6 127 2 127 1 127 8 127 6 127 1067 127 1066 127 1065 127 1068 2396 8 2396 1 2396 1068 127 1065 127 8 127 1068 127 1067 127 1065 127</p>
        </triangles>
      </mesh>
    </geometry>
  </library_geometries>
  <library_visual_scenes>
    <visual_scene id="Scene" name="Scene">
      <node id="node12" name="node12" type="NODE">
        <matrix sid="transform">1 0 0 0 0 1 0 0 0 0 1 0 0 0 0 1</matrix>
        <instance_geometry url="#Part__Feature007-mesh" name="node12">
          <bind_material>
            <technique_common>
              <instance_material symbol="Part__Feature007-material" target="#Part__Feature007-material"/>
            </technique_common>
          </bind_material>
        </instance_geometry>
      </node>
      <node id="node11" name="node11" type="NODE">
        <matrix sid="transform">1 0 0 0 0 1 0 0 0 0 1 0 0 0 0 1</matrix>
        <instance_geometry url="#Part__Feature006-mesh" name="node11">
          <bind_material>
            <technique_common>
              <instance_material symbol="Part__Feature006-material" target="#Part__Feature006-material"/>
            </technique_common>
          </bind_material>
        </instance_geometry>
      </node>
      <node id="node10" name="node10" type="NODE">
        <matrix sid="transform">1 0 0 0 0 1 0 0 0 0 1 0 0 0 0 1</matrix>
        <instance_geometry url="#Part__Feature005-mesh" name="node10">
          <bind_material>
            <technique_common>
              <instance_material symbol="Part__Feature005-material" target="#Part__Feature005-material"/>
            </technique_common>
          </bind_material>
        </instance_geometry>
      </node>
      <node id="node9" name="node9" type="NODE">
        <matrix sid="transform">1 0 0 0 0 1 0 0 0 0 1 0 0 0 0 1</matrix>
        <instance_geometry url="#Part__Feature004-mesh" name="node9">
          <bind_material>
            <technique_common>
              <instance_material symbol="Part__Feature004-material" target="#Part__Feature004-material"/>
            </technique_common>
          </bind_material>
        </instance_geometry>
      </node>
      <node id="node8" name="node8" type="NODE">
        <matrix sid="transform">1 0 0 0 0 1 0 0 0 0 1 0 0 0 0 1</matrix>
        <instance_geometry url="#Part__Feature003-mesh" name="node8">
          <bind_material>
            <technique_common>
              <instance_material symbol="Part__Feature003-material" target="#Part__Feature003-material"/>
            </technique_common>
          </bind_material>
        </instance_geometry>
      </node>
      <node id="node7" name="node7" type="NODE">
        <matrix sid="transform">1 0 0 0 0 1 0 0 0 0 1 0 0 0 0 1</matrix>
        <instance_geometry url="#Part__Feature002-mesh" name="node7">
          <bind_material>
            <technique_common>
              <instance_material symbol="Part__Feature002-material" target="#Part__Feature002-material"/>
            </technique_common>
          </bind_material>
        </instance_geometry>
      </node>
      <node id="node6" name="node6" type="NODE">
        <matrix sid="transform">1 0 0 0 0 1 0 0 0 0 1 0 0 0 0 1</matrix>
        <instance_geometry url="#Part__Feature001_001-mesh" name="node6">
          <bind_material>
            <technique_common>
              <instance_material symbol="Part__Feature001_001-material" target="#Part__Feature001_001-material"/>
            </technique_common>
          </bind_material>
        </instance_geometry>
      </node>
      <node id="node5" name="node5" type="NODE">
        <matrix sid="transform">1 0 0 0 0 1 0 0 0 0 1 0 0 0 0 1</matrix>
        <instance_geometry url="#Part__Feature012-mesh" name="node5">
          <bind_material>
            <technique_common>
              <instance_material symbol="Part__Feature012-material" target="#Part__Feature012-material"/>
            </technique_common>
          </bind_material>
        </instance_geometry>
      </node>
      <node id="node4" name="node4" type="NODE">
        <matrix sid="transform">1 0 0 0 0 1 0 0 0 0 1 0 0 0 0 1</matrix>
        <instance_geometry url="#Part__Feature011-mesh" name="node4">
          <bind_material>
            <technique_common>
              <instance_material symbol="Part__Feature011-material" target="#Part__Feature011-material"/>
            </technique_common>
          </bind_material>
        </instance_geometry>
      </node>
      <node id="node3" name="node3" type="NODE">
        <matrix sid="transform">1 0 0 0 0 1 0 0 0 0 1 0 0 0 0 1</matrix>
        <instance_geometry url="#Part__Feature010-mesh" name="node3">
          <bind_material>
            <technique_common>
              <instance_material symbol="Part__Feature010-material" target="#Part__Feature010-material"/>
            </technique_common>
          </bind_material>
        </instance_geometry>
      </node>
      <node id="node2" name="node2" type="NODE">
        <matrix sid="transform">1 0 0 0 0 1 0 0 0 0 1 0 0 0 0 1</matrix>
        <instance_geometry url="#Part__Feature009-mesh" name="node2">
          <bind_material>
            <technique_common>
              <instance_material symbol="Part__Feature009-material" target="#Part__Feature009-material"/>
            </technique_common>
          </bind_material>
        </instance_geometry>
      </node>
      <node id="node1" name="node1" type="NODE">
        <matrix sid="transform">1 0 0 0 0 1 0 0 0 0 1 0 0 0 0 1</matrix>
        <instance_geometry url="#Part__Feature008-mesh" name="node1">
          <bind_material>
            <technique_common>
              <instance_material symbol="Part__Feature008-material" target="#Part__Feature008-material"/>
            </technique_common>
          </bind_material>
        </instance_geometry>
      </node>
      <node id="node0" name="node0" type="NODE">
        <matrix sid="transform">1 0 0 0 0 1 0 0 0 0 1 0 0 0 0 1</matrix>
        <instance_geometry url="#Part__Feature_001-mesh" name="node0">
          <bind_material>
            <technique_common>
              <instance_material symbol="Part__Feature_001-material" target="#Part__Feature_001-material"/>
            </technique_common>
          </bind_material>
        </instance_geometry>
      </node>
      <node id="Camera" name="Camera" type="NODE">
        <matrix sid="transform">0.6859207 -0.3240135 0.6515582 7.358891 0.7276763 0.3054208 -0.6141704 -6.925791 0 0.8953956 0.4452714 4.958309 0 0 0 1</matrix>
        <instance_camera url="#Camera-camera"/>
      </node>
      <node id="Light" name="Light" type="NODE">
        <matrix sid="transform">-0.2908646 -0.7711008 0.5663932 4.076245 0.9551712 -0.1998834 0.2183912 1.005454 -0.05518906 0.6045247 0.7946723 5.903862 0 0 0 1</matrix>
        <instance_light url="#Light-light"/>
      </node>
    </visual_scene>
  </library_visual_scenes>
  <scene>
    <instance_visual_scene url="#Scene"/>
  </scene>
</COLLADA>