<?xml version="1.0" encoding="utf-8"?>
<COLLADA xmlns="http://www.collada.org/2005/11/COLLADASchema" version="1.4.1" xmlns:xsi="http://www.w3.org/2001/XMLSchema-instance">
  <asset>
    <contributor>
      <author>Blender User</author>
      <authoring_tool>Blender 4.0.2 commit date:2023-12-05, commit time:07:41, hash:9be62e85b727</authoring_tool>
    </contributor>
    <created>2024-01-15T15:37:32</created>
    <modified>2024-01-15T15:37:32</modified>
    <unit name="meter" meter="1"/>
    <up_axis>Z_UP</up_axis>
  </asset>
  <library_cameras>
    <camera id="Camera-camera" name="Camera">
      <optics>
        <technique_common>
          <perspective>
            <xfov sid="xfov">39.59775</xfov>
            <aspect_ratio>1.777778</aspect_ratio>
            <znear sid="znear">0.1</znear>
            <zfar sid="zfar">100</zfar>
          </perspective>
        </technique_common>
      </optics>
      <extra>
        <technique profile="blender">
          <shiftx sid="shiftx" type="float">0</shiftx>
          <shifty sid="shifty" type="float">0</shifty>
          <dof_distance sid="dof_distance" type="float">10</dof_distance>
        </technique>
      </extra>
    </camera>
  </library_cameras>
  <library_effects>
    <effect id="Part__Feature002_011-effect">
      <profile_COMMON>
        <technique sid="common">
          <lambert>
            <emission>
              <color sid="emission">0 0 0 1</color>
            </emission>
            <diffuse>
              <color sid="diffuse">0.8 0.8 0.8 1</color>
            </diffuse>
            <index_of_refraction>
              <float sid="ior">1.45</float>
            </index_of_refraction>
          </lambert>
        </technique>
      </profile_COMMON>
    </effect>
    <effect id="Part__Feature001_014-effect">
      <profile_COMMON>
        <technique sid="common">
          <lambert>
            <emission>
              <color sid="emission">0 0 0 1</color>
            </emission>
            <diffuse>
              <color sid="diffuse">0.8 0.8 0.8 1</color>
            </diffuse>
            <index_of_refraction>
              <float sid="ior">1.45</float>
            </index_of_refraction>
          </lambert>
        </technique>
      </profile_COMMON>
    </effect>
    <effect id="Part__Feature_022-effect">
      <profile_COMMON>
        <technique sid="common">
          <lambert>
            <emission>
              <color sid="emission">0 0 0 1</color>
            </emission>
            <diffuse>
              <color sid="diffuse">0.8 0.8 0.8 1</color>
            </diffuse>
            <index_of_refraction>
              <float sid="ior">1.45</float>
            </index_of_refraction>
          </lambert>
        </technique>
      </profile_COMMON>
    </effect>
    <effect id="Part__Feature005_007-effect">
      <profile_COMMON>
        <technique sid="common">
          <lambert>
            <emission>
              <color sid="emission">0 0 0 1</color>
            </emission>
            <diffuse>
              <color sid="diffuse">0.7921569 0.8196079 0.9333333 1</color>
            </diffuse>
            <index_of_refraction>
              <float sid="ior">1.45</float>
            </index_of_refraction>
          </lambert>
        </technique>
      </profile_COMMON>
    </effect>
    <effect id="Part__Feature004_007-effect">
      <profile_COMMON>
        <technique sid="common">
          <lambert>
            <emission>
              <color sid="emission">0 0 0 1</color>
            </emission>
            <diffuse>
              <color sid="diffuse">0.7921569 0.8196079 0.9333333 1</color>
            </diffuse>
            <index_of_refraction>
              <float sid="ior">1.45</float>
            </index_of_refraction>
          </lambert>
        </technique>
      </profile_COMMON>
    </effect>
    <effect id="Part__Feature003_009-effect">
      <profile_COMMON>
        <technique sid="common">
          <lambert>
            <emission>
              <color sid="emission">0 0 0 1</color>
            </emission>
            <diffuse>
              <color sid="diffuse">1 0 0 1</color>
            </diffuse>
            <index_of_refraction>
              <float sid="ior">1.45</float>
            </index_of_refraction>
          </lambert>
        </technique>
      </profile_COMMON>
    </effect>
  </library_effects>
  <library_images/>
  <library_materials>
    <material id="Part__Feature002_011-material" name="Part__Feature002.011">
      <instance_effect url="#Part__Feature002_011-effect"/>
    </material>
    <material id="Part__Feature001_014-material" name="Part__Feature001.014">
      <instance_effect url="#Part__Feature001_014-effect"/>
    </material>
    <material id="Part__Feature_022-material" name="Part__Feature.022">
      <instance_effect url="#Part__Feature_022-effect"/>
    </material>
    <material id="Part__Feature005_007-material" name="Part__Feature005.007">
      <instance_effect url="#Part__Feature005_007-effect"/>
    </material>
    <material id="Part__Feature004_007-material" name="Part__Feature004.007">
      <instance_effect url="#Part__Feature004_007-effect"/>
    </material>
    <material id="Part__Feature003_009-material" name="Part__Feature003.009">
      <instance_effect url="#Part__Feature003_009-effect"/>
    </material>
  </library_materials>
  <library_geometries>
    <geometry id="Part__Feature002_011-mesh" name="Part__Feature002.011">
      <mesh>
        <source id="Part__Feature002_011-mesh-positions">
          <float_array id="Part__Feature002_011-mesh-positions-array" count="825">0.05801451 -0.1118057 0.2242663 0.05680936 0.08965933 0.2239673 0.04714924 0.1015257 0.2527688 0.0571649 -0.1185446 0.233411 0.05127531 -0.1218245 0.2407065 0.04110205 -0.116653 0.2323074 0.04937702 -0.1232663 0.2481141 0.06548529 -0.1235468 0.2527697 0.04382687 -0.1229137 0.2527689 0.03472745 -0.1211115 0.2458904 0.02985006 -0.1178104 0.238898 0.026937 -0.1127569 0.2311373 0.01354914 -0.1113019 0.2368349 0.01505899 -0.1146329 0.2434595 0.005940377 -0.1039975 0.2309851 -0.003919363 -0.103901 0.2410163 -0.01003086 -0.09390282 0.2318674 -0.01941168 -0.0916475 0.2411098 -0.02296763 -0.08161765 0.2319467 -0.03219419 -0.07727241 0.2410977 -0.03419536 -0.06640076 0.2319365 -0.04029756 -0.06445878 0.2410873 -0.04322803 -0.05469775 0.2368844 -0.04681938 -0.05427706 0.2468383 -0.04963541 -0.03902822 0.2388831 -0.04662865 -0.03682631 0.2320823 -0.05210101 -0.03744882 0.2453851 -0.05371636 -0.02058011 0.2412639 -0.04906338 -0.02167361 0.2319253 -0.0532214 -0.005362749 0.23894 -0.04975944 -0.008631408 0.232137 -0.05497956 -0.001182913 0.2460554 -0.04809099 0.008315026 0.2320943 -0.05009448 0.01506334 0.2388864 -0.05218142 0.0151782 0.2455441 -0.0438413 0.02365106 0.2317553 -0.04709923 0.0278244 0.2411956 -0.04185396 0.03990316 0.2412445 -0.03617507 0.04113787 0.2319526 -0.03162825 0.05460947 0.2388441 -0.02608859 0.05520999 0.2312063 -0.03324431 0.05584126 0.2454212 -0.02060943 0.06630337 0.2370938 -0.0225166 0.0685833 0.2463992 -0.007384657 0.07585543 0.2343073 -0.01121997 0.07677447 0.2412675 9.49065e-4 0.08508926 0.2412353 0.004686295 0.08197134 0.2318015 0.01425379 0.0916602 0.2413175 0.01903569 0.08887088 0.2320775 0.02904337 0.09575968 0.2390006 0.03761452 0.09549951 0.2345203 0.0186659 0.09489876 0.2467234 0.03696298 0.09965837 0.2461299 0.0468167 0.1000484 0.2419906 0.04832392 0.09441512 0.2305356 0.05916363 0.09986603 0.2400835 0.05965518 0.09497433 0.2309667 0.05654555 0.1017167 0.2484347 0.03433799 -0.1092274 0.2242627 0.01923066 -0.117451 0.2527688 0.01809269 -0.1036488 0.2240325 0.0143693 -0.115177 0.2480916 0.005451917 -0.09723693 0.2239928 -0.007216215 -0.08829623 0.2239893 -0.003646433 -0.1058781 0.2481794 -0.004451394 -0.105521 0.2527695 -0.01882231 -0.09416961 0.2481563 -0.02029424 -0.09303641 0.2527695 -0.03098195 -0.05969476 0.2240478 -0.03146505 -0.08064323 0.2481235 -0.03340655 -0.07835358 0.2527695 -0.04064863 -0.04972386 0.2297424 -0.03996515 -0.06801897 0.2481228 -0.04405266 -0.06100231 0.25277 -0.04287898 -0.0229929 0.2240583 -0.05172294 -0.04100006 0.2527695 -0.05531454 -0.0208407 0.2480483 -0.04226291 0.006164014 0.2241759 -0.05546146 -0.01954233 0.2527692 -0.03714901 0.02444618 0.2240143 -0.05459249 0.006837487 0.2527697 -0.04889494 0.02730309 0.2482048 -0.04783433 0.0305531 0.2527695 -0.01761174 0.05617272 0.2237607 -0.0418753 0.04298573 0.248146 -0.04044008 0.04575282 0.2527698 -0.01156544 0.06866937 0.2295473 -0.02881568 0.06234943 0.2527695 -0.005160033 0.06798309 0.2239597 0.007947564 0.07675564 0.2239187 -0.01459598 0.07614082 0.2527692 -0.01155477 0.07830876 0.2481399 2.36017e-5 0.08640265 0.2527698 2.04255e-4 0.08629786 0.2481952 0.02674025 0.0850206 0.2240417 0.03030103 0.09078013 0.2297372 0.02105396 0.09611719 0.2527697 0.03920567 0.08775508 0.2238199 0.1044661 -0.09716343 0.2222941 0.1036245 -0.09998351 0.2239988 0.120904 -0.08386558 0.2214234 0.1324658 -0.07211041 0.2215466 0.1222623 -0.07855463 0.2203071 0.1465628 -0.05477905 0.223107 0.1398069 -0.05728495 0.2205594 0.1499864 -0.04528903 0.2227808 0.1472447 -0.04071247 0.2206284 0.1538202 -0.01988881 0.2214602 0.1473507 -0.03083807 0.2199095 0.1529453 0.003540039 0.2214656 0.1502571 0.001833558 0.2202961 0.1479429 0.02276909 0.2214213 0.1406723 0.02763968 0.2198705 0.1387717 0.04313886 0.2219398 0.12946 0.05033242 0.2205551 0.1233698 0.06102675 0.221857 0.111547 0.06371444 0.2199093 0.1057984 0.07392793 0.2218307 0.09414899 0.07989215 0.2221202 0.08193236 0.08076578 0.2205348 0.0743798 0.08701384 0.2230131 0.06006562 0.08586078 0.221406 0.05783492 0.08115607 0.2199068 0.04386019 0.08548074 0.2216258 0.03515422 0.07907599 0.2199449 0.02882075 0.08186185 0.2214471 0.01106768 0.07514625 0.2217611 0.01252079 0.06912368 0.2199041 0.1034335 -0.09390491 0.2206417 0.1153275 -0.09287941 0.2240781 0.1023484 -0.09040164 0.2198821 0.1248135 -0.08484059 0.2237947 0.1267496 -0.07040256 0.2198702 0.1354723 -0.07385402 0.2240101 0.1454315 -0.0643931 0.2271335 0.1547694 -0.03459531 0.2239921 0.1569806 -0.02175444 0.2240498 0.1488156 -0.009273111 0.2199302 0.1577282 -0.00701946 0.224264 0.1558638 0.006055474 0.2238063 0.1529697 0.01930451 0.2241123 0.1460714 0.03637361 0.2242177 0.1331188 0.05538958 0.2244088 0.1189823 0.06863224 0.2243325 0.101615 0.07978111 0.2245051 0.08603817 0.07597088 0.2198783 0.086438 0.08518517 0.2240039 0.01049911 0.07083737 0.2203635 0.07065111 0.1010141 0.2527685 0.08227825 0.09647399 0.2389013 0.07319033 0.09474366 0.2322859 0.07596749 0.09985965 0.2459008 0.09032768 0.09065902 0.2322245 0.09663903 0.09307801 0.2416001 0.1091918 0.08246296 0.2324025 0.1142219 0.08458858 0.2415764 0.1216893 0.0772559 0.2368785 0.1328376 0.06825071 0.2373027 0.1308005 0.07379931 0.2457576 0.1441043 0.05497318 0.2364296 0.1448764 0.05829983 0.2437528 0.1525201 0.04425263 0.2389418 0.1541615 0.03338181 0.2318784 0.1565268 0.04101246 0.2453011 0.1600852 0.02601581 0.2370477 0.1653153 0.01942873 0.2459684 0.1647755 0.01251202 0.2388771 0.1619868 0.008532226 0.2319251 0.1686092 0.001946508 0.2459175 0.1671792 -0.006967425 0.2389034 0.1635928 -0.009240329 0.2317826 0.1692482 -0.01572173 0.2454952 0.1664882 -0.02364015 0.2388935 0.1626367 -0.02327108 0.2314617 0.1608763 -0.03698015 0.2325961 0.1654087 -0.03633886 0.2418201 0.1605829 -0.04873353 0.2389419 0.1560037 -0.05069154 0.2318391 0.1602945 -0.05520242 0.2459317 0.1538476 -0.06356513 0.2389252 0.1488467 -0.0700125 0.2364513 0.1525436 -0.07015395 0.2461107 0.1402297 -0.08199059 0.2369405 0.1429803 -0.08332192 0.2461054 0.1313912 -0.08738434 0.2319908 0.1281894 -0.09515768 0.2388921 0.1297344 -0.09589362 0.2435055 0.1223247 -0.09512853 0.231761 0.1144117 -0.1039906 0.2368257 0.1168897 -0.1061259 0.2464633 0.106063 -0.1104875 0.2408096 0.1006395 -0.108402 0.2321318 0.092875 -0.1161454 0.2412288 0.08533221 -0.1138997 0.2320449 0.07785785 -0.1202495 0.2416654 0.07096338 -0.1167587 0.2321205 0.068587 -0.120517 0.2388799 0.06116765 -0.1231504 0.2457867 0.09849059 0.08564984 0.2296988 0.08795475 0.09747207 0.2527696 0.09569752 0.09492176 0.2481622 0.1093498 0.08917909 0.25277 0.1228001 0.07100337 0.229619 0.1148459 0.08573436 0.2482278 0.1363593 0.0581178 0.2297431 0.1303011 0.0748012 0.2527692 0.1372967 0.06798076 0.2481158 0.1479256 0.04185211 0.2296403 0.1423535 0.06269007 0.2527698 0.148595 0.05466645 0.2482073 0.1527233 0.04875826 0.2527695 0.1622735 0.02964407 0.2527695 0.1628369 0.02764922 0.2481511 0.168653 0.005956828 0.2527697 0.1695511 -0.01921147 0.2527692 0.1687061 -0.02502852 0.2480927 0.1660295 -0.03973692 0.2527695 0.1653855 -0.04154032 0.2481206 0.1601449 -0.05650091 0.2527695 0.13959 -0.07595121 0.2297246 0.1520342 -0.07160949 0.2527695 0.1374182 -0.09030508 0.2527701 0.1314102 -0.0954433 0.2482256 0.1090925 -0.1022549 0.2297629 0.113217 -0.1089519 0.2527695 0.08728384 -0.1068807 0.2240417 0.1028245 -0.1137546 0.248113 0.08983367 -0.1188591 0.2527695 0.07481747 -0.1096154 0.2238199 0.08678042 -0.1195753 0.2482098 0.06961387 -0.1228359 0.2484198 -9.21004e-4 0.0670818 0.2215248 -0.007829666 0.05485844 0.2199157 -0.01505917 0.05375927 0.2213576 -0.02824854 0.04089224 0.2232018 -0.02569168 0.03572195 0.2205733 -0.03143721 0.01710587 0.2199798 -0.03486955 0.02064061 0.2215281 -0.03880375 0.002830147 0.2213622 -0.04252588 -0.009447693 0.2230553 -0.03517848 -0.008980751 0.219929 -0.03873783 -0.01889902 0.2210576 -0.03985428 -0.03357613 0.2229632 -0.03461921 -0.03621321 0.2205597 -0.03520268 -0.04886937 0.2232043 -0.02555656 -0.05308789 0.2200108 -0.02707725 -0.05864918 0.2213337 -0.02210229 -0.07127588 0.2230514 -0.01467782 -0.07359158 0.2206553 -0.01374161 -0.08099627 0.2230643 0.004184067 -0.08680671 0.2199104 0.001803755 -0.09052091 0.2213878 0.01547151 -0.09855544 0.2214749 0.02758508 -0.1002036 0.2203133 0.0336219 -0.1051921 0.22146 0.05177676 -0.1098536 0.2227735 0.05328577 -0.1057114 0.2205568 0.07016313 -0.1073411 0.2216259 0.06967025 -0.1022881 0.2198995 0.08520221 -0.1037223 0.2214471 -0.03116351 -0.03559082 0.2198836 -0.01020956 -0.07296818 0.219883 0.03847616 -0.1003144 0.2198705 0.08673727 -0.09862315 0.2200146 0.02222156 -0.05787122 0.2214389 0.05499172 0.004986524 0.2222225 0.05867934 0.02357351 0.2220996 0.02471047 -0.00748831 0.2221078 0.005406558 0.03374302 0.2209784 0.05710268 -0.02606046 0.2222235 0.0598275 -0.06725937 0.2215418 0.08931285 -0.01437193 0.2221078 0.1012975 0.0335831 0.2212443 0.1086168 -0.05560338 0.2209784</float_array>
          <technique_common>
            <accessor source="#Part__Feature002_011-mesh-positions-array" count="275" stride="3">
              <param name="X" type="float"/>
              <param name="Y" type="float"/>
              <param name="Z" type="float"/>
            </accessor>
          </technique_common>
        </source>
        <source id="Part__Feature002_011-mesh-normals">
          <float_array id="Part__Feature002_011-mesh-normals-array" count="1548">-0.07294845 -0.8862895 -0.4573504 -0.02949535 -0.9797073 -0.1982513 -0.001218199 -0.9984344 -0.05592334 -0.02919435 -0.9987385 0.0408563 -0.1370753 -0.908982 -0.3936522 -0.1457659 -0.9300132 -0.3373837 -0.1949516 -0.8537737 -0.4827674 -0.2823991 -0.848906 -0.4467766 -0.2755998 -0.9291539 -0.24641 -0.3031992 -0.8773088 -0.3720211 -0.4374438 -0.7938981 -0.4223372 -0.4337524 -0.8407983 -0.3239094 -0.4890812 -0.7324068 -0.4736877 -0.5692653 -0.7166568 -0.4029147 -0.6114177 -0.6408501 -0.4641978 -0.6844314 -0.6089391 -0.4009326 -0.7110973 -0.5249926 -0.4676789 -0.7705787 -0.4876516 -0.4103711 -0.7917975 -0.4261211 -0.4375817 -0.871353 -0.3898652 -0.2979077 -0.8394781 -0.284191 -0.4631545 -0.8935675 -0.3260208 -0.3086224 -0.9116155 -0.3094762 -0.2705214 -0.8880534 -0.1399334 -0.4379267 -0.8920269 -0.1477558 -0.4271492 -0.934729 -0.1662405 -0.3140792 -0.8961794 -0.03835338 -0.442031 -0.8982912 -0.04084217 -0.4374986 -0.9714233 -0.004643499 -0.2373083 -0.8710442 0.08454 -0.483875 -0.9046504 0.1374273 -0.4033877 -0.9436087 0.1436677 -0.2982656 -0.9356836 0.1500449 -0.3193479 -0.850792 0.2252644 -0.4747726 -0.8631018 0.2787878 -0.4211091 -0.9178885 0.2683482 -0.2923525 -0.8220053 0.3587486 -0.4422746 -0.8158216 0.3627355 -0.4503979 -0.7780755 0.4736755 -0.4125894 -0.7225925 0.492192 -0.4853938 -0.8065291 0.5127846 -0.2942156 -0.6826363 0.5758984 -0.4498319 -0.7171322 0.6316532 -0.2945091 -0.7180156 0.6276111 -0.3009288 -0.5884546 0.6934084 -0.4158198 -0.6458829 0.7003178 -0.3039579 -0.5207945 0.7607098 -0.3874197 -0.4768448 0.7607398 -0.4403342 -0.3984536 0.8121188 -0.4262604 -0.3816738 0.8114945 -0.4424952 -0.3028373 0.8576389 -0.4156262 -0.233452 0.8368195 -0.4952106 -0.298146 0.9062809 -0.2996062 -0.2518714 0.9391031 -0.2337653 -0.1608898 0.9185271 -0.3611406 -0.1711332 0.9319841 -0.3195609 -0.0254234 0.8803134 -0.4737108 -0.01662141 0.7995466 -0.600374 -0.05577731 0.8930355 -0.4465159 -0.07653903 0.8907009 -0.4481 -0.01993042 0.974782 -0.2222678 -0.0534653 -0.8014967 -0.5956044 -0.08334136 -0.7662057 -0.6371681 -0.1689883 -0.7909886 -0.5880306 -0.1097537 -0.969999 -0.2169243 -0.1326306 -0.9876576 -0.08331781 -0.216709 -0.9757428 0.03103822 -0.2423518 -0.7320114 -0.63673 -0.3180886 -0.7720253 -0.5502696 -0.3101098 -0.7534191 -0.5798204 -0.2919077 -0.9437334 -0.1554262 -0.2918472 -0.9439299 -0.154343 -0.3461803 -0.6864356 -0.6395041 -0.44916 -0.6577949 -0.6046166 -0.4528999 -0.6419676 -0.6186755 -0.4498729 -0.893043 -0.009410917 -0.4580366 -0.8878223 0.04443198 -0.4585175 -0.8609812 -0.220166 -0.4526228 -0.8753048 -0.1702183 -0.5500602 -0.5691395 -0.6111579 -0.5498545 -0.5751094 -0.6057304 -0.5822229 -0.5016258 -0.6398343 -0.6055892 -0.7639566 -0.2227827 -0.6189352 -0.7854288 -0.004551351 -0.5993403 -0.7772066 -0.1916796 -0.6101739 -0.7909621 -0.04546463 -0.6377044 -0.4709358 -0.6095512 -0.640324 -0.4365838 -0.6319651 -0.7289332 -0.6814749 -0.06517934 -0.7183639 -0.6718716 -0.1803941 -0.7457703 -0.6659969 0.01657789 -0.7263388 -0.6460648 -0.2345899 -0.7055954 -0.3242049 -0.6301003 -0.7192012 -0.3567441 -0.5962242 -0.7645484 -0.3656848 -0.5307922 -0.8181945 -0.2892104 -0.4969058 -0.8273895 -0.5570971 -0.07120066 -0.8161031 -0.5495033 -0.1789471 -0.8234749 -0.5209548 -0.2247113 -0.8516724 -0.5225543 0.03989166 -0.7342045 -0.2241535 -0.6408581 -0.7384545 -0.2345765 -0.6321858 -0.8718308 -0.4524009 -0.1877356 -0.8868303 -0.4515218 -0.09828591 -0.7659901 -0.1543466 -0.6240482 -0.7898926 -0.1331214 -0.598622 -0.9332957 -0.3578914 0.02954667 -0.9470045 -0.3057327 -0.09853959 -0.7830673 -0.02560335 -0.6214099 -0.7883681 -0.03210502 -0.6143656 -0.9821988 -0.1839279 -0.03816163 -0.7783415 0.05798989 -0.6251574 -0.9850246 -0.1716179 0.0165497 -0.7929669 0.07654875 -0.6044368 -0.9612352 -0.1487642 -0.2321555 -0.973278 -0.006684064 -0.229533 -0.7630246 0.1978369 -0.6153488 -0.7508013 0.2044612 -0.6280869 -0.9986534 0.03289538 -0.04011911 -0.9992394 0.02039831 0.03323447 -0.7311943 0.3273073 -0.5985189 -0.9769503 0.1627658 -0.1381136 -0.69144 0.3427813 -0.6359338 -0.9641574 0.2648478 -0.01600515 -0.9613275 0.2739486 0.02831345 -0.9294269 0.2992884 -0.2158524 -0.6592835 0.4402312 -0.6095423 -0.898221 0.3908698 -0.2010473 -0.6168428 0.4529291 -0.6437083 -0.8977544 0.401161 -0.1819533 -0.9100408 0.4070441 -0.07836425 -0.8991057 0.4373888 0.01732754 -0.8298773 0.5084801 -0.2296777 -0.6042367 0.585353 -0.5406107 -0.583164 0.5562835 -0.5920037 -0.8189903 0.5736253 -0.01445561 -0.8349164 0.5461958 -0.06771051 -0.5135264 0.5524781 -0.6565507 -0.5768432 0.6570656 -0.4853008 -0.7554259 0.6449037 -0.1158925 -0.4480836 0.6667287 -0.5955619 -0.4466902 0.6499465 -0.6148474 -0.4581409 0.6605425 -0.594803 -0.6961454 0.7177639 0.0140233 -0.654686 0.7518674 -0.07798439 -0.6327544 0.7486209 -0.197961 -0.5522892 0.8074967 -0.2071855 -0.5745035 0.8184809 0.005884826 -0.3330238 0.7171029 -0.6122571 -0.5500093 0.8109359 -0.1996818 -0.5613616 0.8265499 -0.04109287 -0.3076376 0.7089394 -0.634637 -0.2535918 0.7548907 -0.6048399 -0.4244562 0.9046725 -0.03747987 -0.4351944 0.8833592 -0.1740185 -0.4268485 0.8821851 -0.1988719 -0.4192907 0.907687 -0.01731002 -0.2414261 0.8495289 -0.4690566 -0.1748545 0.7448494 -0.6439141 -0.1322175 0.7877229 -0.6016737 -0.1357545 0.8011386 -0.5828788 -0.0765748 0.757999 -0.6477452 -0.2534897 0.9627705 -0.09389281 -0.2028136 0.9785572 0.03595149 -0.08662146 0.9857288 -0.1443454 -0.08973968 0.9886537 -0.1204604 0.2538497 -0.3722526 -0.8927421 0.2797469 -0.265467 -0.9226424 0.2278351 -0.1765792 -0.9575547 0.4254159 -0.2682062 -0.8643418 0.403962 -0.176581 -0.8975711 0.4058672 -0.1784226 -0.8963467 0.4837059 -0.118097 -0.8672266 0.3458188 -0.0718255 -0.9355483 0.2503603 -0.01081407 -0.9680925 0.3909474 0.01480877 -0.920294 0.3494241 0.08875465 -0.9327515 0.2591378 0.08037298 -0.9624904 0.3090481 0.1629936 -0.9369752 0.2645964 0.1594282 -0.9510897 0.3767377 0.320342 -0.8691661 0.2097672 0.2349951 -0.9490917 0.2209007 0.2989767 -0.9283404 0.123867 0.2503569 -0.9601971 0.1446019 0.3277506 -0.9336326 0.1464501 0.5126072 -0.8460416 0.06571489 0.4355332 -0.8977709 0.02963602 0.290705 -0.9563537 -0.07136559 0.3428354 -0.9366809 0.3443277 -0.5588094 -0.754434 0.3121387 -0.4409461 -0.8415082 0.3709651 -0.466065 -0.8032237 0.07854145 -0.09640884 -0.9922382 0.4047272 -0.3894063 -0.8273805 0.4299693 -0.4012885 -0.8087608 0.4828888 -0.3193647 -0.8153678 0.2283585 -0.1770065 -0.9573512 0.5803851 -0.3717457 -0.7245401 0.1077835 -0.05513805 -0.9926442 0.8196319 -0.3122003 -0.4803486 0.1725765 -0.07336539 -0.9822601 0.4836553 -0.1180914 -0.8672555 0.5951075 -0.0988959 -0.7975379 0.6264031 -0.02045285 -0.779231 0.5378678 0.0202775 -0.8427854 0.4591573 -0.03034305 -0.8878368 0.5944749 0.05669194 -0.8021132 0.5435962 0.1395093 -0.8276717 0.5392298 0.1369798 -0.830944 0.09815794 0.02004534 -0.994969 0.5814465 0.2397859 -0.7774463 0.4845601 0.2395858 -0.8413087 0.5980031 0.4142249 -0.6861561 0.4270815 0.3638952 -0.8277571 0.09221184 0.07551413 -0.992872 0.4814048 0.5097953 -0.7129926 0.341238 0.4631064 -0.8179787 0.373537 0.5929248 -0.7133796 0.2616263 0.5495254 -0.7934568 0.2463809 0.6231116 -0.742313 0.1101828 0.2268444 -0.9676784 0.1475189 0.515343 -0.8441919 0.04394012 0.5841403 -0.8104626 0.02830111 0.1593603 -0.9868147 -0.06113493 0.6253594 -0.7779385 -0.1321498 0.5347187 -0.8346332 -0.2463199 0.5717133 -0.782605 0.1845729 -0.2471387 -0.9512388 0.1240314 -0.173437 -0.9770036 -0.02414333 0.5445836 -0.8383591 -0.02020853 0.3122448 -0.9497867 -0.02814739 0.2893735 -0.9568023 -0.1292957 0.5771602 -0.8063305 -0.2154239 0.5311796 -0.8194149 -0.07503306 0.17467 -0.981764 -0.1143486 0.2574256 -0.9595085 -0.1231538 0.3208423 -0.9390918 0.02167266 0.9956259 0.09088176 0.1136264 0.9118054 -0.3945884 0.1191682 0.9316682 -0.3432103 0.1997125 0.8453539 -0.4954714 0.2631341 0.9399426 -0.2174128 0.2823996 0.86563 -0.413443 0.3589847 0.8164267 -0.4523026 0.3965216 0.8223962 -0.4079648 0.4748321 0.7637376 -0.4373094 0.5723153 0.7676338 -0.2884329 0.6002007 0.7273617 -0.332722 0.7012292 0.6183655 -0.3548265 0.6952272 0.6662622 -0.2697294 0.7793105 0.5355144 -0.3254222 0.7264428 0.4481884 -0.5209683 0.8140969 0.5267377 -0.2445276 0.8305073 0.3861994 -0.4013822 0.8555588 0.3902348 -0.3402 0.8965972 0.3569772 -0.2620704 0.9042761 0.2691909 -0.3313925 0.850043 0.2311344 -0.4732906 0.9518563 0.180067 -0.2480837 0.8990087 0.1103639 -0.423796 0.879099 0.08319783 -0.469322 0.934639 0.1148808 -0.3365299 0.9675628 0.04095047 -0.2492896 0.8971918 -0.03692144 -0.4400951 0.8857361 -0.04979991 -0.4615103 0.9375863 -0.03865367 -0.3455981 0.8746755 -0.1504496 -0.4607688 0.8886265 -0.1734009 -0.4245883 0.9615788 -0.1366244 -0.2381178 0.8767325 -0.2452678 -0.4137438 0.8410559 -0.2731028 -0.4669473 0.9218301 -0.302689 -0.2420926 0.8231745 -0.3733431 -0.4277835 0.8609178 -0.3906005 -0.3259626 0.7668908 -0.4032571 -0.4992619 0.8572604 -0.447458 -0.254727 0.8046399 -0.5031209 -0.3153159 0.7653008 -0.5632745 -0.3115068 0.7710757 -0.5598667 -0.303301 0.6334518 -0.6430354 -0.4304003 0.6867633 -0.6611069 -0.3021489 0.6715373 -0.6630886 -0.3306832 0.5775499 -0.6620005 -0.4776939 0.5306081 -0.7248678 -0.4393423 0.545843 -0.7795538 -0.3071667 0.5467494 -0.7767288 -0.3126621 0.407306 -0.7969366 -0.4460873 0.4890952 -0.8165442 -0.3066619 0.3468136 -0.8393999 -0.4184834 0.3034432 -0.8377055 -0.4540615 0.2300295 -0.8847812 -0.4052762 0.172424 -0.8783699 -0.4457984 0.1569113 -0.8855595 -0.4372222 0.07062643 -0.8821436 -0.4656552 0.08172196 0.7706816 -0.6319584 0.07390898 0.7795312 -0.6219878 0.1672571 0.7677456 -0.61854 0.182846 0.7762145 -0.6033725 0.06804305 0.9783453 -0.1954761 0.08124893 0.9912807 -0.1037366 0.2758628 0.7151897 -0.6421865 0.2634055 0.7408093 -0.6179152 0.2005338 0.9796414 -0.009440958 0.2529287 0.96153 -0.1071782 0.2608143 0.9384971 -0.2262724 0.3579835 0.8140077 -0.4574269 0.3637521 0.7183999 -0.5929468 0.3599156 0.9285491 0.09087038 0.4174587 0.6599711 -0.6246331 0.4808051 0.6994035 -0.5288301 0.4334504 0.6629813 -0.6103905 0.4268942 0.8846867 -0.1873257 0.4250541 0.884518 -0.1922421 0.4276189 0.8901104 -0.1576246 0.5588251 0.6687086 -0.4904523 0.5300141 0.5621322 -0.6348956 0.5814165 0.6065919 -0.5422186 0.5436024 0.5660523 -0.6197429 0.56483 0.8230774 0.05925118 0.5688132 0.7999436 -0.1911591 0.5901594 0.803992 -0.07286214 0.6527507 0.5855078 -0.4807258 0.6774228 0.733416 -0.05656361 0.6248371 0.4321447 -0.6502536 0.676073 0.4842553 -0.5553577 0.6370908 0.45695 -0.6207352 0.774466 0.4536807 -0.4408813 0.7084727 0.7050255 0.03171002 0.694932 0.6661353 -0.2708013 0.7583175 0.6427443 -0.1087856 0.7594648 0.6438266 -0.09327787 0.8012825 0.596413 0.04730862 0.7081214 0.3609865 -0.6068384 0.7123345 0.2918218 -0.6382943 0.8131412 0.525591 -0.2501109 0.785833 0.2463981 -0.5672341 0.7937911 0.2489297 -0.5549141 0.8506433 0.5158035 -0.1017487 0.8945262 0.4469445 -0.007983565 0.7581466 0.1800805 -0.6267256 0.9076881 0.4140768 -0.06813734 0.8824787 0.3496044 -0.3146557 0.7817869 0.08987873 -0.617034 0.7970435 0.07682383 -0.5990157 0.9655798 0.2600498 0.005453765 0.9600582 0.2716706 0.06695884 0.7822625 -0.03908365 -0.6217218 0.7914834 -0.03127974 -0.61039 0.9762312 0.1842664 -0.1140987 0.7750718 -0.1306903 -0.6182101 0.7860011 -0.1505531 -0.5996133 0.9990639 0.0356484 -0.02450531 0.9989324 0.03679478 -0.0279349 0.760125 -0.2367107 -0.6051266 0.993581 -0.08014851 -0.07983231 0.7139765 -0.2618204 -0.6493749 0.9548105 -0.1301834 -0.267188 0.9850868 -0.1690117 0.03223538 0.9681029 -0.1949575 -0.1573796 0.9786325 -0.1969116 -0.05919736 0.7136484 -0.3403946 -0.6122397 0.7535513 -0.4031021 -0.5192969 0.9202985 -0.3033497 -0.2470416 0.9435526 -0.3312152 -0.002239584 0.9384403 -0.3425599 -0.04452788 0.6960184 -0.4728966 -0.5403028 0.6947218 -0.5200751 -0.4968737 0.6320981 -0.4593663 -0.6240471 0.8854113 -0.4598145 -0.06795406 0.8805008 -0.4726772 -0.03598058 0.5787443 -0.5367191 -0.6139933 0.63786 -0.5618225 -0.5267734 0.5676562 -0.5385171 -0.6227086 0.5251337 -0.5968095 -0.6066739 0.7877594 -0.6158633 0.0121476 0.8073559 -0.5863152 -0.06641548 0.4931952 -0.6040492 -0.6260057 0.7033904 -0.6963533 -0.1425979 0.6955044 -0.6954648 -0.1805614 0.4637173 -0.7139115 -0.5246872 0.4473685 -0.6620832 -0.6012547 0.402051 -0.6551932 -0.6395913 0.4139224 -0.7614442 -0.49887 0.6079506 -0.7890394 0.08839118 0.5936939 -0.8045551 -0.0147866 0.597743 -0.7899212 -0.1368488 0.3470907 -0.7123598 -0.6099768 0.3004173 -0.7156678 -0.6305308 0.2745853 -0.7551249 -0.5953063 0.4507245 -0.8721454 -0.1902888 0.4617203 -0.8782217 -0.1246644 0.3770597 -0.8962144 -0.2337214 0.3889043 -0.9179046 0.07877087 0.1780266 -0.760925 -0.6239389 0.3356164 -0.9278157 -0.1628484 0.3395135 -0.9371796 -0.08015638 0.1526265 -0.7830228 -0.6029765 0.08426815 -0.774286 -0.6272002 0.2491405 -0.9374647 -0.2430821 0.0492165 -0.8062304 -0.589551 0.188981 -0.9815922 0.02762192 0.1827642 -0.9717928 -0.1490508 0.1867808 -0.9822587 0.01675748 0.1042302 -0.9614131 -0.2545998 0.06357008 -0.9284099 -0.3660792 0.006106317 -0.9365354 -0.3505199 0.06755536 -0.9928778 -0.09813302 0.06076401 0.8809033 -0.4693797 0.1095297 -0.9655506 -0.2360408 -0.170912 0.2229424 -0.9597322 -0.2175487 0.1700328 -0.9611251 -0.3803054 0.2627376 -0.8867564 -0.4490258 0.2184084 -0.8664143 -0.3002236 0.1228194 -0.9459288 -0.3372907 0.08324033 -0.9377133 -0.2560697 0.03860598 -0.9658871 -0.4444198 0.01120704 -0.8957486 -0.3329791 0.01220548 -0.9428553 -0.5808072 -0.06121039 -0.8117366 -0.2322548 -0.02728843 -0.9722721 -0.4493982 -0.08131831 -0.8896228 -0.476849 -0.1586698 -0.8645456 -0.4092612 -0.1685096 -0.8967217 -0.31345 -0.1377828 -0.9395557 -0.3703926 -0.2669665 -0.8896844 -0.2454844 -0.160295 -0.9560559 -0.3814541 -0.32924 -0.8637673 -0.2983098 -0.3291844 -0.8959069 -0.2080141 -0.2435106 -0.9473293 -0.1566413 -0.2767409 -0.9480918 -0.1259438 -0.2488838 -0.9603099 -0.1392779 -0.3788647 -0.9149116 -0.05145996 -0.2824647 -0.9578965 -0.0528469 -0.4561356 -0.8883398 0.06501376 -0.3169229 -0.9462204 0.1758462 -0.400322 -0.8993445 -0.3121106 0.4878695 -0.815212 -0.3441107 0.5104806 -0.788034 -0.1015525 0.1440759 -0.9843421 -0.38381 0.4185275 -0.8231189 -0.4505771 0.3437864 -0.823888 -0.1052321 0.06411588 -0.9923787 -0.5099757 0.2351094 -0.8274348 -0.007566452 0.003031909 -0.9999669 -0.5941416 0.1592218 -0.7884442 -0.5481171 0.1287774 -0.8264286 -0.5894975 0.06771296 -0.8049271 -0.4940399 -0.05139231 -0.8679191 -0.1873049 -0.02658945 -0.9819419 -0.1803199 -0.06491762 -0.9814634 -0.5030966 -0.260366 -0.8240773 -0.0303179 -0.01698005 -0.9993961 -0.487707 -0.3035072 -0.8185508 -0.153954 -0.1125361 -0.9816485 -0.3451601 -0.4151893 -0.841714 -0.1472085 -0.1550328 -0.97688 -0.3514772 -0.4983414 -0.7925401 -0.2727802 -0.473109 -0.8377104 -0.2712897 -0.5397731 -0.7968983 -0.1896554 -0.5168079 -0.8348296 -0.1888489 -0.5825708 -0.7905362 -0.04144948 -0.1022869 -0.993891 -0.0899989 -0.5788577 -0.8104469 -0.08246415 -0.7581544 -0.6468397 -0.0418685 -0.2382766 -0.9702944 -0.008513867 -0.1490885 -0.9887873 0.06088846 -0.6256436 -0.7777292 0.1321542 -0.5347132 -0.8346359 0.2312831 -0.5529156 -0.8004952 0.0172075 -0.0487743 -0.9986616 -0.2011851 0.3261345 -0.9236671 -0.3826619 0.4164402 -0.8247105 -0.2259566 0.2515978 -0.9410856 0.009921848 -0.4746117 -0.8801394 0.02431803 -0.5570915 -0.8300951 0.02901363 -0.3206202 -0.9467635 0.1292966 -0.5771766 -0.8063186 0.06846886 -0.2888667 -0.9549179 0.2166485 -0.5304769 -0.8195472 0.08895426 -0.1846845 -0.978764 0.1208606 -0.302025 -0.9456076 0.006980597 0.01700466 -0.9998311 -0.02468603 -0.00171101 -0.9996939 -0.002601206 0.01001608 -0.9999465 0.01087307 0.01273792 -0.9998598 0.03290867 0.03225469 -0.9989379 0.007084965 -0.008014738 -0.9999428 0.01467502 -0.0332964 -0.9993378 0.01736342 -0.01925313 -0.9996639 0.02409267 -0.03518259 -0.9990904 0.01012343 -0.0379036 -0.9992302 0.003961861 0.0479415 -0.9988424 0.01321196 0.04197621 -0.9990313 0.01575762 0.04294753 -0.9989531 0.0380038 0.02132058 -0.9990502 0.003695428 2.18101e-4 -0.9999932 0.03606921 0.01148557 -0.9992833 0.03183263 0.006506204 -0.9994721 0.0366103 -0.01023131 -0.9992773 0.04743629 -0.02052909 -0.9986634 -0.01682209 -0.01379805 -0.9997634 -0.01723611 -0.0384038 -0.9991137 -0.009367287 0.01592338 -0.9998294 -0.01626551 0.01976722 -0.9996724 -0.03083169 0.0370227 -0.9988387 -0.01107621 -0.03821367 -0.9992082 -0.007422864 -0.03487938 -0.999364 -0.03949892 -0.03081434 -0.9987444 -0.01991468 0.03506731 -0.9991865 -0.01594024 0.04235523 -0.9989755 -0.002715587 -0.002409398 -0.9999935 -0.03579753 -0.009047985 -0.9993181 -0.03632104 -0.009627699 -0.9992938 -0.03741449 0.009853839 -0.9992513 7.71469e-5 9.54036e-4 -0.9999997 -0.04653334 0.01777702 -0.9987586</float_array>
          <technique_common>
            <accessor source="#Part__Feature002_011-mesh-normals-array" count="516" stride="3">
              <param name="X" type="float"/>
              <param name="Y" type="float"/>
              <param name="Z" type="float"/>
            </accessor>
          </technique_common>
        </source>
        <vertices id="Part__Feature002_011-mesh-vertices">
          <input semantic="POSITION" source="#Part__Feature002_011-mesh-positions"/>
        </vertices>
        <triangles material="Part__Feature002_011-material" count="516">
          <input semantic="VERTEX" source="#Part__Feature002_011-mesh-vertices" offset="0"/>
          <input semantic="NORMAL" source="#Part__Feature002_011-mesh-normals" offset="1"/>
          <p>5 0 3 0 4 0 6 1 4 1 198 1 6 2 198 2 7 2 6 3 7 3 8 3 10 4 5 4 4 4 9 5 10 5 4 5 10 6 11 6 5 6 10 7 12 7 11 7 13 8 10 8 9 8 13 9 12 9 10 9 15 10 14 10 12 10 13 11 15 11 12 11 15 12 16 12 14 12 17 13 16 13 15 13 17 14 18 14 16 14 19 15 18 15 17 15 19 16 20 16 18 16 21 17 20 17 19 17 21 18 22 18 20 18 23 19 22 19 21 19 24 20 25 20 22 20 23 21 24 21 22 21 26 22 24 22 23 22 27 23 25 23 24 23 27 24 28 24 25 24 26 25 27 25 24 25 29 26 28 26 27 26 29 27 30 27 28 27 31 28 29 28 27 28 29 29 32 29 30 29 33 30 32 30 29 30 34 31 33 31 29 31 34 32 29 32 31 32 33 33 35 33 32 33 36 34 35 34 33 34 34 35 36 35 33 35 37 36 35 36 36 36 37 37 38 37 35 37 39 38 38 38 37 38 39 39 40 39 38 39 41 40 39 40 37 40 39 41 42 41 40 41 41 42 42 42 39 42 43 43 42 43 41 43 45 44 44 44 42 44 43 45 45 45 42 45 46 46 44 46 45 46 46 47 47 47 44 47 48 48 47 48 46 48 48 49 49 49 47 49 50 50 49 50 48 50 50 51 51 51 49 51 52 52 50 52 48 52 53 53 50 53 52 53 54 54 51 54 50 54 53 55 54 55 50 55 55 56 56 56 57 56 55 57 57 57 1 57 54 58 56 58 55 58 54 59 55 59 51 59 58 60 56 60 54 60 5 61 0 61 3 61 5 62 59 62 0 62 11 63 59 63 5 63 6 64 9 64 4 64 9 65 6 65 8 65 9 66 8 66 60 66 11 67 61 67 59 67 14 68 11 68 12 68 14 69 61 69 11 69 62 70 9 70 60 70 62 71 13 71 9 71 14 72 63 72 61 72 16 73 63 73 14 73 16 74 64 74 63 74 65 75 60 75 66 75 65 76 62 76 60 76 65 77 15 77 13 77 65 78 13 78 62 78 18 79 250 79 64 79 18 80 64 80 16 80 18 81 248 81 250 81 67 82 17 82 15 82 67 83 66 83 68 83 67 84 15 84 65 84 67 85 65 85 66 85 20 86 248 86 18 86 20 87 69 87 248 87 70 88 67 88 68 88 70 89 17 89 67 89 70 90 68 90 71 90 70 91 19 91 17 91 72 92 245 92 69 92 72 93 69 93 20 93 72 94 20 94 22 94 72 95 22 95 25 95 73 96 70 96 71 96 73 97 19 97 70 97 73 98 21 98 19 98 73 99 71 99 74 99 25 100 245 100 72 100 25 101 243 101 245 101 23 102 21 102 73 102 23 103 73 103 74 103 25 104 75 104 243 104 28 105 75 105 25 105 23 106 74 106 76 106 26 107 23 107 76 107 30 108 240 108 75 108 30 109 75 109 28 109 77 110 26 110 76 110 30 111 78 111 240 111 77 112 76 112 79 112 32 113 78 113 30 113 77 114 27 114 26 114 77 115 31 115 27 115 35 116 78 116 32 116 35 117 80 117 78 117 77 118 79 118 81 118 31 119 77 119 81 119 38 120 80 120 35 120 34 121 31 121 81 121 38 122 235 122 80 122 82 123 34 123 81 123 82 124 81 124 83 124 82 125 36 125 34 125 40 126 235 126 38 126 82 127 37 127 36 127 40 128 84 128 235 128 85 129 37 129 82 129 85 130 82 130 83 130 85 131 83 131 86 131 85 132 41 132 37 132 87 133 40 133 42 133 87 134 84 134 40 134 41 135 86 135 88 135 41 136 85 136 86 136 87 137 89 137 84 137 87 138 42 138 44 138 43 139 41 139 88 139 87 140 90 140 89 140 47 141 90 141 87 141 47 142 87 142 44 142 43 143 88 143 91 143 92 144 43 144 91 144 92 145 45 145 43 145 92 146 46 146 45 146 92 147 91 147 93 147 49 148 90 148 47 148 94 149 46 149 92 149 94 150 92 150 93 150 49 151 95 151 90 151 96 152 95 152 49 152 52 153 94 153 93 153 52 154 48 154 46 154 52 155 46 155 94 155 52 156 93 156 97 156 96 157 49 157 51 157 96 158 98 158 95 158 55 159 98 159 96 159 55 160 96 160 51 160 55 161 1 161 98 161 53 162 52 162 97 162 53 163 97 163 2 163 58 164 53 164 2 164 54 165 53 165 58 165 101 166 99 166 129 166 103 167 102 167 101 167 105 168 102 168 103 168 105 169 104 169 102 169 106 170 104 170 105 170 107 171 106 171 105 171 108 172 106 172 107 172 109 173 108 173 107 173 111 174 108 174 109 174 111 175 110 175 108 175 111 176 112 176 110 176 113 177 112 177 111 177 113 178 114 178 112 178 115 179 114 179 113 179 116 180 114 180 115 180 117 181 116 181 115 181 118 182 116 182 117 182 120 183 118 183 117 183 120 184 119 184 118 184 121 185 119 185 120 185 122 186 121 186 120 186 123 187 122 187 120 187 125 188 126 188 124 188 130 189 100 189 99 189 130 190 99 190 101 190 132 191 130 191 101 191 133 192 103 192 131 192 132 193 101 193 102 193 134 194 132 194 102 194 134 195 102 195 104 195 133 196 105 196 103 196 104 197 135 197 134 197 109 198 105 198 133 198 106 199 136 199 104 199 109 200 107 200 105 200 136 201 106 201 108 201 137 202 136 202 108 202 139 203 137 203 108 203 139 204 108 204 110 204 138 205 111 205 109 205 140 206 139 206 110 206 140 207 110 207 112 207 141 208 140 208 112 208 113 209 111 209 138 209 142 210 141 210 112 210 142 211 112 211 114 211 114 212 143 212 142 212 143 213 114 213 116 213 117 214 115 214 113 214 116 215 144 215 143 215 144 216 116 216 118 216 118 217 145 217 144 217 145 218 118 218 119 218 147 219 145 219 119 219 146 220 120 220 117 220 147 221 119 221 121 221 1 222 121 222 122 222 123 223 120 223 146 223 98 224 1 224 124 224 95 225 98 225 124 225 90 226 95 226 127 226 103 227 101 227 129 227 103 228 129 228 131 228 124 229 1 229 122 229 123 230 124 230 122 230 123 231 125 231 124 231 126 232 95 232 124 232 127 233 95 233 126 233 125 234 128 234 148 234 125 235 127 235 126 235 125 236 148 236 127 236 58 237 2 237 149 237 150 238 151 238 56 238 152 239 150 239 56 239 150 240 153 240 151 240 154 241 150 241 152 241 154 242 153 242 150 242 154 243 155 243 153 243 156 244 155 244 154 244 157 245 155 245 156 245 159 246 157 246 156 246 159 247 158 247 157 247 161 248 160 248 158 248 161 249 158 249 159 249 161 250 162 250 160 250 162 251 163 251 160 251 164 252 162 252 161 252 165 253 163 253 162 253 164 254 165 254 162 254 166 255 165 255 164 255 166 256 167 256 165 256 167 257 168 257 165 257 169 258 167 258 166 258 170 259 168 259 167 259 170 260 171 260 168 260 169 261 170 261 167 261 172 262 170 262 169 262 173 263 171 263 170 263 173 264 174 264 171 264 172 265 173 265 170 265 173 266 175 266 174 266 176 267 175 267 173 267 176 268 173 268 172 268 177 269 175 269 176 269 177 270 178 270 175 270 179 271 177 271 176 271 180 272 178 272 177 272 179 273 180 273 177 273 180 274 181 274 178 274 182 275 180 275 179 275 182 276 181 276 180 276 184 277 183 277 181 277 184 278 181 278 182 278 186 279 185 279 183 279 187 280 183 280 184 280 187 281 186 281 183 281 186 282 188 282 185 282 189 283 188 283 186 283 187 284 189 284 186 284 190 285 189 285 187 285 191 286 192 286 189 286 190 287 191 287 189 287 193 288 192 288 191 288 193 289 194 289 192 289 195 290 194 290 193 290 195 291 196 291 194 291 197 292 196 292 195 292 197 293 3 293 196 293 151 294 121 294 1 294 151 295 1 295 57 295 151 296 147 296 121 296 153 297 147 297 151 297 152 298 56 298 58 298 152 299 58 299 149 299 199 300 145 300 147 300 199 301 147 301 153 301 152 302 149 302 200 302 201 303 152 303 200 303 201 304 154 304 152 304 199 305 153 305 155 305 155 306 145 306 199 306 201 307 200 307 202 307 155 308 144 308 145 308 203 309 155 309 157 309 203 310 144 310 155 310 201 311 156 311 154 311 204 312 156 312 201 312 204 313 201 313 202 313 203 314 157 314 158 314 203 315 143 315 144 315 205 316 203 316 158 316 205 317 143 317 203 317 204 318 202 318 206 318 159 319 156 319 204 319 159 320 204 320 206 320 205 321 158 321 160 321 207 322 159 322 206 322 208 323 142 323 143 323 208 324 205 324 160 324 208 325 143 325 205 325 208 326 160 326 163 326 207 327 206 327 209 327 207 328 161 328 159 328 210 329 161 329 207 329 210 330 207 330 209 330 210 331 209 331 211 331 163 332 142 332 208 332 163 333 141 333 142 333 210 334 164 334 161 334 168 335 141 335 163 335 168 336 163 336 165 336 164 337 210 337 211 337 164 338 211 338 212 338 168 339 140 339 141 339 213 340 164 340 212 340 213 341 166 341 164 341 168 342 139 342 140 342 171 343 139 343 168 343 213 344 212 344 214 344 166 345 213 345 214 345 174 346 139 346 171 346 174 347 137 347 139 347 169 348 166 348 214 348 174 349 136 349 137 349 175 350 136 350 174 350 172 351 214 351 215 351 172 352 169 352 214 352 178 353 136 353 175 353 216 354 172 354 215 354 178 355 104 355 136 355 216 356 176 356 172 356 216 357 215 357 217 357 218 358 176 358 216 358 218 359 216 359 217 359 135 360 104 360 178 360 135 361 178 361 181 361 218 362 179 362 176 362 218 363 217 363 219 363 179 364 218 364 219 364 220 365 135 365 181 365 220 366 181 366 183 366 220 367 134 367 135 367 182 368 179 368 219 368 182 369 219 369 221 369 185 370 134 370 220 370 185 371 220 371 183 371 185 372 132 372 134 372 188 373 132 373 185 373 184 374 221 374 222 374 184 375 182 375 221 375 188 376 130 376 132 376 223 377 184 377 222 377 223 378 187 378 184 378 224 379 188 379 189 379 224 380 130 380 188 380 224 381 100 381 130 381 224 382 189 382 192 382 223 383 222 383 225 383 190 384 223 384 225 384 190 385 187 385 223 385 192 386 100 386 224 386 192 387 226 387 100 387 194 388 226 388 192 388 227 389 191 389 190 389 227 390 190 390 225 390 227 391 193 391 191 391 227 392 225 392 228 392 194 393 229 393 226 393 230 394 193 394 227 394 230 395 227 395 228 395 196 396 229 396 194 396 196 397 0 397 229 397 230 398 195 398 193 398 196 399 3 399 0 399 230 400 228 400 7 400 231 401 195 401 230 401 231 402 230 402 7 402 198 403 197 403 195 403 198 404 4 404 3 404 198 405 3 405 197 405 231 406 7 406 198 406 151 407 57 407 56 407 198 408 195 408 231 408 233 409 232 409 148 409 236 410 234 410 233 410 236 411 235 411 234 411 236 412 238 412 235 412 237 413 238 413 236 413 239 414 238 414 237 414 241 415 239 415 237 415 242 416 240 416 239 416 241 417 242 417 239 417 242 418 243 418 240 418 244 419 242 419 241 419 244 420 243 420 242 420 244 421 245 421 243 421 247 422 245 422 244 422 246 423 247 423 244 423 249 424 248 424 247 424 249 425 247 425 246 425 249 426 250 426 248 426 252 427 250 427 249 427 251 428 252 428 249 428 251 429 253 429 252 429 254 430 253 430 251 430 254 431 255 431 253 431 257 432 255 432 254 432 257 433 256 433 255 433 259 434 260 434 258 434 129 435 99 435 260 435 127 436 232 436 90 436 89 437 90 437 232 437 233 438 148 438 128 438 84 439 89 439 232 439 84 440 234 440 235 440 237 441 236 441 233 441 80 442 235 442 238 442 237 443 233 443 241 443 78 444 80 444 238 444 78 445 238 445 239 445 240 446 78 446 239 446 75 447 240 447 243 447 261 448 244 448 241 448 246 449 244 449 261 449 69 450 245 450 247 450 246 451 261 451 262 451 69 452 247 452 248 452 262 453 249 453 246 453 64 454 250 454 252 454 262 455 251 455 249 455 63 456 64 456 252 456 63 457 252 457 253 457 61 458 63 458 253 458 61 459 253 459 255 459 59 460 61 460 255 460 263 461 254 461 251 461 256 462 59 462 255 462 256 463 0 463 59 463 263 464 257 464 254 464 259 465 257 465 263 465 229 466 0 466 258 466 226 467 229 467 258 467 100 468 226 468 99 468 264 469 259 469 131 469 232 470 127 470 148 470 232 471 234 471 84 471 233 472 234 472 232 472 258 473 256 473 257 473 258 474 0 474 256 474 257 475 259 475 258 475 260 476 226 476 258 476 264 477 260 477 259 477 99 478 226 478 260 478 264 479 131 479 129 479 264 480 129 480 260 480 270 481 271 481 265 481 266 482 267 482 270 482 128 483 125 483 123 483 268 484 270 484 265 484 265 485 251 485 262 485 268 486 267 486 266 486 269 487 128 487 267 487 269 488 267 488 268 488 269 489 233 489 128 489 267 490 128 490 123 490 263 491 271 491 259 491 263 492 265 492 271 492 265 493 263 493 251 493 262 494 261 494 265 494 266 495 270 495 268 495 241 496 268 496 265 496 241 497 265 497 261 497 269 498 268 498 241 498 241 499 233 499 269 499 272 500 267 500 273 500 273 501 146 501 117 501 272 502 271 502 270 502 274 503 271 503 272 503 274 504 133 504 131 504 273 505 267 505 123 505 273 506 123 506 146 506 113 507 273 507 117 507 271 508 274 508 131 508 271 509 131 509 259 509 270 510 267 510 272 510 138 511 272 511 273 511 138 512 273 512 113 512 274 513 272 513 138 513 138 514 109 514 133 514 138 515 133 515 274 515</p>
        </triangles>
      </mesh>
    </geometry>
    <geometry id="Part__Feature001_014-mesh" name="Part__Feature001.014">
      <mesh>
        <source id="Part__Feature001_014-mesh-positions">
          <float_array id="Part__Feature001_014-mesh-positions-array" count="516">-0.04743236 -0.01048249 0.2289198 -0.0474267 -0.01093012 0.2289111 -0.06298828 -0.01056927 0.2289124 -0.04745286 -0.01002436 0.2289522 -0.06298828 -0.009558677 0.229004 -0.04747384 -0.009713888 0.2289854 -0.04751586 -0.009251892 0.2290514 -0.06298828 -0.008787155 0.2291423 -0.04759347 -0.00864464 0.2291743 -0.06298828 -0.008028566 0.2293395 -0.04769301 -0.008052408 0.2293334 -0.04781609 -0.007463037 0.2295298 -0.06298828 -0.00728631 0.2295968 -0.04795944 -0.006892383 0.2297617 -0.06298828 -0.006416082 0.2299823 -0.04811882 -0.006349384 0.2300204 -0.04829883 -0.005815804 0.2303168 -0.06298828 -0.005386471 0.2305828 -0.04849708 -0.005298197 0.2306463 -0.04870313 -0.004820466 0.2309934 -0.06298828 -0.004580557 0.2311834 -0.04893165 -0.004345059 0.2313833 -0.06298828 -0.003987014 0.2317117 -0.049142 -0.003952026 0.2317483 -0.04935055 -0.003592729 0.2321144 -0.06298828 -0.00345546 0.2322657 -0.04964333 -0.00314033 0.232638 -0.06298828 -0.002967715 0.232859 -0.049923 -0.002756595 0.2331496 -0.06298828 -0.002505183 0.2335215 -0.05018955 -0.002425909 0.2336465 -0.06298828 -0.002112925 0.2341903 -0.05063337 -0.001951277 0.2344974 -0.06298828 -0.001771867 0.2348904 -0.0510922 -0.001558244 0.2354171 -0.06298828 -0.001483261 0.2356262 -0.05143243 -0.001324534 0.2361246 -0.06298828 -0.00120908 0.2365472 -0.0517717 -0.001142203 0.236854 -0.06298828 -0.001026272 0.2375177 -0.05218231 -9.91402e-4 0.2377747 -0.06298828 -9.44891e-4 0.2383286 -0.05256736 -9.30788e-4 0.2386835 -0.06298828 -9.30882e-4 0.2391285 -0.05285578 -9.40479e-4 0.239396 -0.06298828 -9.77016e-4 0.2398918 -0.05310547 -9.92703e-4 0.2400383 -0.06298828 -0.001084148 0.2406677 -0.05333572 -0.001082718 0.2406538 -0.05355346 -0.001208603 0.2412588 -0.06298828 -0.001307845 0.2416509 -0.05370563 -0.001326322 0.2416971 -0.0538516 -0.001461148 0.2421289 -0.06298828 -0.001618027 0.2425604 -0.05403715 -0.001673817 0.242699 -0.06298828 -0.001931548 0.2432773 -0.0542159 -0.001930475 0.2432725 -0.05438345 -0.002224564 0.2438348 -0.06298828 -0.002399027 0.2441359 -0.05450075 -0.002471208 0.2442446 -0.05461293 -0.002738356 0.2446479 -0.06298828 -0.002951025 0.2449416 -0.05474972 -0.00312227 0.2451614 -0.06298828 -0.003455042 0.2455559 -0.05487495 -0.003542542 0.2456529 -0.06298828 -0.003995835 0.2461192 -0.05498379 -0.003978073 0.2461003 -0.0550816 -0.004440426 0.2465211 -0.06298828 -0.004585027 0.2466419 -0.05517029 -0.004938244 0.2469182 -0.06298828 -0.005212068 0.2471169 -0.05524909 -0.005463182 0.2472862 -0.06298828 -0.005881965 0.2475447 -0.05532008 -0.006030619 0.2476303 -0.06298828 -0.00655812 0.2479065 -0.05536663 -0.006474912 0.2478638 -0.05540871 -0.006934821 0.2480792 -0.06298828 -0.00745213 0.2482928 -0.05545598 -0.007568061 0.2483307 -0.05549496 -0.008239388 0.2485439 -0.06298828 -0.008413076 0.2485904 -0.0555247 -0.008934676 0.2487117 -0.06298828 -0.00916779 0.2487558 -0.05554515 -0.009649395 0.2488304 -0.06298828 -0.009936749 0.248863 -0.05555802 -0.01053583 0.2489066 -0.06298828 -0.01073062 0.2489113 -0.05555731 -0.01134544 0.2489036 -0.06298828 -0.01151329 0.2488955 -0.0555498 -0.01197123 0.2488577 -0.06298828 -0.01229739 0.2488188 -0.0555346 -0.0126177 0.2487691 -0.06298828 -0.01308047 0.2486783 -0.05551135 -0.01326495 0.2486362 -0.06298828 -0.01384818 0.2484778 -0.05547243 -0.01403725 0.248419 -0.06298828 -0.01476079 0.2481531 -0.05542099 -0.01477301 0.2481448 -0.05535829 -0.01547682 0.2478206 -0.06298828 -0.0157954 0.2476532 -0.05528306 -0.01613795 0.2474495 -0.06298828 -0.01679664 0.247015 -0.05521494 -0.01663529 0.2471247 -0.05513888 -0.01710784 0.2467762 -0.06298828 -0.0177055 0.2462726 -0.05505579 -0.01754885 0.2464081 -0.0549643 -0.01796561 0.2460193 -0.06298828 -0.01851433 0.2454364 -0.05486369 -0.01835799 0.2456076 -0.05474752 -0.01874464 0.2451529 -0.06298828 -0.01925462 0.2444618 -0.05460339 -0.01914751 0.2446126 -0.05442363 -0.0195561 0.2439722 -0.06298828 -0.01976782 0.2435933 -0.05427271 -0.01983517 0.2434608 -0.05411475 -0.02008277 0.242944 -0.06298828 -0.02010637 0.2428899 -0.05389332 -0.02035647 0.2422543 -0.06298828 -0.02038669 0.2421677 -0.05366122 -0.0205726 0.2415674 -0.06298828 -0.02061033 0.2414255 -0.05344331 -0.02071982 0.2409511 -0.06298828 -0.02077627 0.2406624 -0.05326217 -0.02081006 0.2404559 -0.06298828 -0.02088284 0.2399021 -0.05307132 -0.02087599 0.23995 -0.05279111 -0.02092707 0.239233 -0.06298828 -0.02093499 0.2388846 -0.05246239 -0.02092021 0.2384316 -0.06298828 -0.02088171 0.2379115 -0.05213141 -0.02085351 0.2376587 -0.06298828 -0.02073645 0.2369312 -0.05178231 -0.0207228 0.2368775 -0.05145955 -0.02055233 0.2361824 -0.06298828 -0.02049911 0.2360019 -0.05110692 -0.02031368 0.2354477 -0.06298828 -0.02023977 0.2352543 -0.05062532 -0.01990163 0.2344822 -0.06298828 -0.0198338 0.2343487 -0.05018782 -0.01943266 0.2336439 -0.06298828 -0.01935124 0.2335158 -0.04988223 -0.01905202 0.2330745 -0.06298828 -0.01877957 0.2327075 -0.04959559 -0.01864922 0.2325526 -0.04933643 -0.01824426 0.2320896 -0.06298828 -0.01800554 0.2318378 -0.0490722 -0.01778316 0.2316263 -0.06298828 -0.01727783 0.2311818 -0.04881888 -0.01728707 0.2311905 -0.04858773 -0.01677942 0.2307984 -0.06298828 -0.01664578 0.2307041 -0.04836529 -0.01622581 0.2304265 -0.06298828 -0.01597112 0.2302726 -0.04816114 -0.015643 0.2300903 -0.06298828 -0.01527523 0.2299027 -0.04798251 -0.0150519 0.2297984 -0.06298828 -0.01457297 0.2295963 -0.04786294 -0.01459062 0.2296051 -0.0477882 -0.01426875 0.2294849 -0.06298828 -0.01381522 0.2293343 -0.04772055 -0.0139454 0.2293765 -0.04766005 -0.01362097 0.2292799 -0.04760658 -0.01329588 0.2291949 -0.06298828 -0.01304793 0.2291368 -0.04756021 -0.01297062 0.2291215 -0.04751944 -0.01263201 0.229057 -0.06298828 -0.01228898 0.2290025 -0.04748606 -0.01229226 0.2290043 -0.04746013 -0.0119518 0.2289634 -0.06298828 -0.01152682 0.2289273 -0.0474416 -0.01161098 0.2289343 -0.04743045 -0.01127034 0.2289169</float_array>
          <technique_common>
            <accessor source="#Part__Feature001_014-mesh-positions-array" count="172" stride="3">
              <param name="X" type="float"/>
              <param name="Y" type="float"/>
              <param name="Z" type="float"/>
            </accessor>
          </technique_common>
        </source>
        <source id="Part__Feature001_014-mesh-normals">
          <float_array id="Part__Feature001_014-mesh-normals-array" count="534">3.63529e-4 0.0193417 -0.9998129 -6.16612e-4 0.09029495 -0.9959149 7.94147e-5 0.07063502 -0.9975022 -1.35428e-4 0.105997 -0.9943665 -1.38073e-4 0.105997 -0.9943665 -1.3951e-4 0.1059971 -0.9943665 2.27291e-4 0.1415804 -0.9899268 -4.82353e-4 0.176419 -0.984315 2.05732e-4 0.1984093 -0.9801194 -3.13555e-4 0.2515972 -0.967832 1.2415e-5 0.2592551 -0.9658089 1.10487e-4 0.3162915 -0.9486621 -3.56519e-4 0.3275402 -0.9448372 2.94379e-4 0.3764523 -0.926436 -5.83913e-4 0.4049882 -0.9143218 3.86707e-4 0.4302896 -0.9026908 6.5235e-5 0.4856029 -0.8741796 -9.17562e-4 0.5038349 -0.8637995 4.21234e-4 0.5370322 -0.8435617 -4.07038e-5 0.5878602 -0.8089626 -6.32422e-4 0.5975837 -0.8018063 3.65765e-4 0.6342555 -0.7731235 -5.1854e-4 0.6648271 -0.7469971 2.13266e-4 0.6805033 -0.7327451 -4.1969e-4 0.7215804 -0.6923306 4.47498e-5 0.7137875 -0.7003624 -5.28184e-4 0.7724347 -0.635094 3.63152e-4 0.7567258 -0.6537323 -5.14191e-4 0.8199616 -0.5724186 4.14751e-4 0.8001308 -0.5998255 2.53009e-4 0.8325464 -0.5539554 -4.03251e-4 0.8625646 -0.5059468 6.74339e-4 0.8734646 -0.4868874 -8.77179e-4 0.8989996 -0.4379487 8.66512e-4 0.9197012 -0.3926181 -5.51005e-4 0.930947 -0.3651542 4.75998e-4 0.9496219 -0.3133976 -8.58314e-4 0.9584425 -0.2852849 8.37662e-4 0.9702394 -0.2421464 -7.95434e-4 0.9827113 -0.1851429 6.52008e-4 0.9868903 -0.1613914 -8.36456e-4 0.9950012 -0.09985965 9.02616e-4 0.9978083 -0.06616491 -7.56763e-4 0.9998464 -0.01751416 5.81665e-4 0.9999041 0.01383626 -6.47409e-4 0.9981787 0.06032478 3.78815e-4 0.996699 0.08118528 -4.5541e-4 0.9905992 0.1367959 6.42608e-5 0.9894623 0.1447911 1.51641e-4 0.9790308 0.2037125 -0.00104016 0.9750751 0.2218732 6.2935e-4 0.9657086 0.2596278 4.13844e-4 0.95449 0.2982431 -0.001004338 0.9464699 0.3227905 4.23944e-4 0.9369138 0.3495605 -4.96589e-4 0.9162282 0.4006565 1.16194e-4 0.9127337 0.408555 1.47687e-4 0.8860818 0.4635291 -0.001070797 0.8782441 0.4782115 6.80322e-4 0.856719 0.5157831 -0.001127779 0.8249844 0.5651544 2.35598e-6 0.8335216 0.5524871 1.65744e-5 0.8335214 0.5524873 -4.08436e-6 0.8335217 0.5524868 6.70156e-4 0.8008046 0.5989255 -8.49101e-4 0.773068 0.6343227 4.22993e-4 0.7600086 0.6499128 -5.00751e-4 0.7213497 0.6925709 5.24431e-5 0.716517 0.6975697 -7.10373e-4 0.6636735 0.7480221 2.49824e-4 0.6730934 0.7395574 -8.99123e-4 0.6037998 0.7971356 5.3794e-4 0.6235396 0.7817917 7.12247e-4 0.5738577 0.8189548 -9.65145e-4 0.5382223 0.8428025 5.07778e-4 0.5185191 0.855066 -6.97907e-4 0.4717395 0.8817377 -1.29485e-4 0.4652067 0.8852021 -0.001206398 0.3967427 0.9179291 4.36513e-4 0.4241813 0.9055772 0.001008331 0.3689493 0.929449 -9.30482e-4 0.2958096 0.9552465 -1.21943e-4 0.3028402 0.9530414 -9.13471e-4 0.2140126 0.9768306 5.93866e-4 0.2344442 0.9721294 7.0969e-4 0.1639313 0.9864715 -9.97227e-4 0.1381362 0.9904127 0.001057565 0.08553969 0.9963343 -9.55385e-4 0.06070083 0.9981555 7.37781e-4 -0.003588378 0.9999934 -6.40387e-4 -0.02015775 0.9997966 5.61575e-4 -0.07320338 0.9973169 -9.33684e-4 -0.09742915 0.9952421 7.66736e-4 -0.135816 0.9907339 -0.001020789 -0.176604 0.9842815 5.54255e-4 -0.2011235 0.9795658 -7.84875e-4 -0.2526717 0.9675518 7.15292e-4 -0.2706698 0.9626721 -0.001063346 -0.3351833 0.9421524 4.70276e-4 -0.3492692 0.9370223 -0.001593351 -0.4350653 0.9003975 3.28633e-4 -0.4182432 0.908335 0.001297056 -0.4893714 0.8720746 -0.001603305 -0.5374974 0.8432639 -4.65081e-4 -0.5468349 0.8372403 9.54947e-4 -0.5934078 0.8049014 -0.001525998 -0.6326084 0.7744704 -4.64498e-4 -0.6408609 0.767657 9.77485e-4 -0.6820828 0.7312744 -0.001353085 -0.7188076 0.6952078 -6.07896e-4 -0.7239534 0.6898486 9.96807e-4 -0.7616987 0.6479307 -0.001448571 -0.7963083 0.6048893 -5.12616e-4 -0.801716 0.5977051 0.001087427 -0.8429055 0.5380607 -0.001222789 -0.8609105 0.508755 5.06627e-4 -0.8777651 0.4790911 -3.98152e-4 -0.9018536 0.4320417 -2.47864e-4 -0.9010598 0.4336951 2.24538e-4 -0.9294626 0.3689163 -3.4697e-4 -0.9322465 0.361824 3.07747e-4 -0.9538613 0.3002476 -5.21269e-4 -0.9574831 0.2884891 -6.4623e-4 -0.9771545 0.2125296 3.94563e-4 -0.9726153 0.2324206 -4.90622e-4 -0.9903203 0.1388007 3.9466e-4 -0.9837726 0.1794196 6.38797e-5 -0.9916141 0.1292351 -9.73634e-4 -0.99869 0.05116045 3.47696e-4 -0.9974614 0.07120978 0.001051485 -0.9999669 -0.008081376 -9.54741e-4 -0.9985044 -0.05466282 5.8881e-4 -0.9963182 -0.08573108 -8.45944e-4 -0.9892026 -0.1465518 4.13193e-4 -0.9863131 -0.164883 -5.94816e-4 -0.9689015 -0.247446 4.37585e-5 -0.9712254 -0.2381627 -5.38656e-4 -0.9447663 -0.3277446 4.46823e-4 -0.9511451 -0.308744 -5.84703e-4 -0.9125075 -0.4090595 6.65281e-4 -0.919853 -0.3922629 4.87452e-4 -0.8728433 -0.4880005 -4.88963e-4 -0.8652364 -0.5013641 2.68721e-4 -0.8314418 -0.555612 -8.02931e-4 -0.8164787 -0.577375 6.45327e-4 -0.7917892 -0.6107941 -2.87137e-4 -0.7525756 -0.6585059 -7.96551e-4 -0.7469663 -0.6648616 6.13346e-4 -0.708983 -0.7052254 -5.8701e-4 -0.6696216 -0.7427022 3.73155e-5 -0.6600122 -0.7512549 9.10792e-5 -0.6112785 -0.7914156 -3.67373e-4 -0.6028484 -0.7978557 2.60386e-4 -0.5577183 -0.8300303 -5.16892e-4 -0.5388732 -0.8423867 4.1675e-4 -0.499786 -0.8661489 -4.65769e-4 -0.4693259 -0.8830249 3.5903e-4 -0.4429049 -0.8965685 -4.20201e-4 -0.3998726 -0.9165707 8.07634e-5 -0.3865152 -0.9222831 -3.86866e-4 -0.3268164 -0.9450879 1.33338e-4 -0.3499391 -0.9367725 -8.92695e-5 -0.3177961 -0.9481591 2.15749e-4 -0.285412 -0.9584049 -3.55815e-4 -0.2493202 -0.9684211 -2.32188e-4 -0.2526791 -0.9675502 1.40104e-4 -0.2203989 -0.9754098 -3.95469e-4 -0.1741618 -0.984717 -3.49102e-5 -0.1871413 -0.9823331 7.64457e-5 -0.1532609 -0.9881858 8.64799e-5 -0.1192836 -0.9928603 -3.74937e-4 -0.09849739 -0.9951373 -3.74342e-4 -0.09849739 -0.9951372 -3.77117e-4 -0.09849739 -0.9951373 -1.64154e-5 -0.08508741 -0.9963735 1.70773e-4 -0.05102521 -0.9986974 -4.16068e-4 -0.01562201 -0.9998779 -4.78102e-4 -0.01703143 -0.9998549</float_array>
          <technique_common>
            <accessor source="#Part__Feature001_014-mesh-normals-array" count="178" stride="3">
              <param name="X" type="float"/>
              <param name="Y" type="float"/>
              <param name="Z" type="float"/>
            </accessor>
          </technique_common>
        </source>
        <vertices id="Part__Feature001_014-mesh-vertices">
          <input semantic="POSITION" source="#Part__Feature001_014-mesh-positions"/>
        </vertices>
        <triangles material="Part__Feature001_014-material" count="172">
          <input semantic="VERTEX" source="#Part__Feature001_014-mesh-vertices" offset="0"/>
          <input semantic="NORMAL" source="#Part__Feature001_014-mesh-normals" offset="1"/>
          <p>0 0 1 0 2 0 3 1 2 1 4 1 3 2 0 2 2 2 5 3 3 4 4 5 6 6 5 6 4 6 6 7 4 7 7 7 8 8 6 8 7 8 8 9 7 9 9 9 10 10 8 10 9 10 11 11 10 11 9 11 11 12 9 12 12 12 13 13 11 13 12 13 13 14 12 14 14 14 15 15 13 15 14 15 16 16 15 16 14 16 16 17 14 17 17 17 18 18 16 18 17 18 19 19 18 19 17 19 19 20 17 20 20 20 21 21 19 21 20 21 21 22 20 22 22 22 23 23 21 23 22 23 24 24 22 24 25 24 24 25 23 25 22 25 26 26 25 26 27 26 26 27 24 27 25 27 28 28 27 28 29 28 28 29 26 29 27 29 30 30 28 30 29 30 30 31 29 31 31 31 32 32 30 32 31 32 32 33 31 33 33 33 34 34 32 34 33 34 34 35 33 35 35 35 36 36 34 36 35 36 36 37 35 37 37 37 38 38 36 38 37 38 38 39 37 39 39 39 40 40 38 40 39 40 40 41 39 41 41 41 42 42 40 42 41 42 42 43 41 43 43 43 44 44 42 44 43 44 44 45 43 45 45 45 46 46 44 46 45 46 46 47 45 47 47 47 48 48 46 48 47 48 49 49 48 49 47 49 49 50 47 50 50 50 51 51 49 51 50 51 52 52 51 52 50 52 52 53 50 53 53 53 54 54 52 54 53 54 54 55 53 55 55 55 56 56 54 56 55 56 57 57 56 57 55 57 57 58 55 58 58 58 59 59 57 59 58 59 60 60 58 60 61 60 60 61 59 62 58 63 62 64 60 64 61 64 62 65 61 65 63 65 64 66 62 66 63 66 64 67 63 67 65 67 66 68 64 68 65 68 67 69 65 69 68 69 67 70 66 70 65 70 69 71 68 71 70 71 69 72 67 72 68 72 71 73 69 73 70 73 71 74 70 74 72 74 73 75 71 75 72 75 73 76 72 76 74 76 75 77 73 77 74 77 76 78 74 78 77 78 76 79 75 79 74 79 78 80 76 80 77 80 79 81 77 81 80 81 79 82 78 82 77 82 81 83 80 83 82 83 81 84 79 84 80 84 83 85 81 85 82 85 83 86 82 86 84 86 85 87 83 87 84 87 85 88 84 88 86 88 87 89 85 89 86 89 87 90 86 90 88 90 89 91 87 91 88 91 89 92 88 92 90 92 91 93 89 93 90 93 91 94 90 94 92 94 93 95 91 95 92 95 93 96 92 96 94 96 95 97 93 97 94 97 95 98 94 98 96 98 97 99 95 99 96 99 98 100 96 100 99 100 98 101 97 101 96 101 100 102 98 102 99 102 100 103 99 103 101 103 102 104 100 104 101 104 103 105 102 105 101 105 103 106 101 106 104 106 105 107 103 107 104 107 106 108 105 108 104 108 106 109 104 109 107 109 108 110 106 110 107 110 109 111 108 111 107 111 109 112 107 112 110 112 111 113 109 113 110 113 112 114 111 114 110 114 112 115 110 115 113 115 114 116 112 116 113 116 115 117 114 117 113 117 115 118 113 118 116 118 117 119 115 119 116 119 117 120 116 120 118 120 119 121 117 121 118 121 119 122 118 122 120 122 121 123 120 123 122 123 121 124 119 124 120 124 123 125 122 125 124 125 123 126 121 126 122 126 125 127 123 127 124 127 126 128 124 128 127 128 126 129 125 129 124 129 128 130 126 130 127 130 128 131 127 131 129 131 130 132 128 132 129 132 130 133 129 133 131 133 132 134 130 134 131 134 133 135 131 135 134 135 133 136 132 136 131 136 135 137 134 137 136 137 135 138 133 138 134 138 137 139 136 139 138 139 137 140 135 140 136 140 139 141 137 141 138 141 139 142 138 142 140 142 141 143 139 143 140 143 141 144 140 144 142 144 143 145 141 145 142 145 144 146 143 146 142 146 144 147 142 147 145 147 146 148 144 148 145 148 146 149 145 149 147 149 148 150 146 150 147 150 149 151 148 151 147 151 149 152 147 152 150 152 151 153 149 153 150 153 151 154 150 154 152 154 153 155 151 155 152 155 153 156 152 156 154 156 155 157 153 157 154 157 155 158 154 158 156 158 157 159 155 159 156 159 158 160 156 160 159 160 158 161 157 161 156 161 160 162 158 162 159 162 161 163 160 163 159 163 162 164 159 164 163 164 162 165 161 165 159 165 164 166 162 166 163 166 165 167 163 167 166 167 165 168 164 168 163 168 167 169 165 169 166 169 168 170 167 170 166 170 168 171 166 172 169 173 170 174 168 174 169 174 171 175 170 175 169 175 171 176 169 176 2 176 1 177 171 177 2 177</p>
        </triangles>
      </mesh>
    </geometry>
    <geometry id="Part__Feature_022-mesh" name="Part__Feature.022">
      <mesh>
        <source id="Part__Feature_022-mesh-positions">
          <float_array id="Part__Feature_022-mesh-positions-array" count="2757">0.05878007 0.00739032 0.2226986 0.05761212 0.04295986 0.2220886 0.09423416 0.01213592 0.2223121 0.04297256 0.07972031 0.220427 0.07069128 0.079445 0.2203847 0.0569126 -0.05681258 0.222221 0.1038776 0.03934717 0.2214555 0.1212969 0.05396997 0.2203676 0.0915085 -0.05736994 0.2219465 0.08463203 -0.0173074 0.222636 0.05702954 -0.02647584 0.2227174 0.1251402 -0.07176238 0.2203747 0.08921557 -0.09634786 0.220376 0.07105046 -0.1015806 0.220427 0.1370857 0.03298807 0.2203715 0.1208372 -0.02750641 0.2215964 0.1462009 0.009684801 0.2203716 0.1471562 -0.02664142 0.2203779 0.0345413 -0.06187331 0.2219941 0.04333215 -0.1013053 0.2203847 0.0552392 0.007246792 0.2226979 0.006286501 -0.01419496 0.2221556 -0.00668013 -0.0764237 0.2203683 0.02727663 0.01857918 0.2223392 -0.01031756 0.05081713 0.2203822 0.02480798 0.07448768 0.220376 0.03512835 -0.01965188 0.2226737 -0.003356277 -0.05521011 0.2211487 -0.02297294 -0.05497598 0.2203709 -0.0106405 0.01304858 0.221311 -0.03217756 -0.0315448 0.2203716 -0.03313297 0.004780769 0.2203779 -0.03080344 -0.05825853 0.2239825 -0.02916967 -0.05727678 0.2225849 -0.02278149 -0.06566441 0.221942 -0.01616328 -0.06942141 0.220794 -0.01018679 -0.07934617 0.2215126 -0.01263272 -0.079665 0.222536 -9.18305e-4 -0.08479017 0.2207962 0.003098607 -0.09146445 0.2219973 0.01714169 -0.09700506 0.2211061 0.01813489 -0.101781 0.2232003 0.03035205 -0.1039903 0.2219681 0.03376466 -0.1017702 0.2208067 0.0425837 -0.1064484 0.2218425 0.05599069 -0.1047067 0.2207868 0.05428868 -0.1074481 0.2218403 0.06612169 -0.1074066 0.2219886 0.08552837 -0.1046241 0.2225558 0.08237278 -0.1024358 0.2211076 0.09566289 -0.09629368 0.2207922 0.09998404 -0.09746479 0.2218731 0.1111128 -0.09118074 0.2219315 0.1105217 -0.08646124 0.2205204 0.1227442 -0.08194202 0.221929 0.1250122 -0.07543712 0.2207826 0.1347718 -0.06889021 0.2219929 0.1401276 -0.056046 0.2209883 0.1465941 -0.05348825 0.2234264 0.1491545 -0.04005205 0.2218325 0.1483959 -0.03197342 0.2207829 0.1523715 -0.02613931 0.2218016 0.1518452 -0.009537935 0.2210939 0.1554715 -0.007721602 0.2229654 0.1518665 0.007599771 0.2218837 0.1482137 0.01159429 0.2208259 0.149096 0.01799857 0.2218166 0.1495336 0.02303773 0.2230247 0.1428567 0.03278243 0.2217475 0.1405312 0.03206527 0.2208585 0.1442001 0.03516429 0.2230679 0.1500534 0.02902084 0.2256082 0.1438727 0.03862148 0.2242627 -0.02618819 -0.06644237 0.2242562 -0.01808899 -0.0770803 0.2242039 -0.007353901 -0.08764237 0.2243924 0.003639817 -0.09575593 0.2243735 0.016487 -0.09326571 0.2204208 0.01918566 -0.1047272 0.2254147 0.03154385 -0.1077724 0.2243898 0.04458117 -0.110449 0.2244462 0.0568903 -0.1111134 0.2244149 0.06881463 -0.1105538 0.2245362 0.07828563 -0.1087274 0.2243314 0.08929115 -0.10578 0.2244153 0.1038352 -0.0994386 0.2242674 0.1183346 -0.09021055 0.2244175 0.1286543 -0.08096313 0.2244055 0.1393167 -0.06851267 0.2245778 0.1381307 -0.05353379 0.220421 0.1521106 -0.04265761 0.2244013 0.1563529 -0.02441728 0.2243952 0.1580641 -0.007582485 0.2254226 0.1561748 0.002258241 0.2242615 0.1539781 0.01406425 0.2243425 0.1340519 0.04396355 0.221004 0.1377407 0.04402941 0.222492 0.1242102 0.05748593 0.2215126 0.126656 0.05780488 0.2225359 0.1149418 0.06292974 0.2207962 0.1109243 0.06960445 0.2219973 0.09688144 0.07514482 0.2211061 0.0958305 0.08043032 0.223508 0.08367091 0.08213019 0.2219681 0.08025908 0.07990986 0.2208067 0.07143926 0.08458811 0.2218424 0.0580331 0.0828464 0.2207868 0.05973517 0.08558773 0.2218403 0.04790049 0.08554625 0.2219886 0.02849483 0.08276379 0.2225558 0.03165 0.08057534 0.2211076 0.01836043 0.07443338 0.2207922 0.01403945 0.07560461 0.2218731 0.002910673 0.06932055 0.2219315 0.003501176 0.06460064 0.2205204 -0.008721053 0.06008148 0.221929 -0.01098889 0.05357682 0.2207826 -0.02074837 0.04703015 0.2219929 -0.02610415 0.03418606 0.2209884 -0.03185307 0.02997475 0.2225582 -0.03513121 0.01819133 0.2218325 -0.0343725 0.01011323 0.2207829 -0.03834813 0.004278779 0.2218016 -0.03782176 -0.01232254 0.2210939 -0.04144817 -0.01413857 0.2229654 -0.0378431 -0.02946043 0.2218838 -0.03419023 -0.03345459 0.2208259 -0.03403574 -0.04063022 0.2215 -0.03627729 -0.04246681 0.22297 -0.02673459 -0.05510699 0.2210484 -0.03603059 -0.05088555 0.2256109 0.1402087 0.04458671 0.2242563 0.1321111 0.05522143 0.2242039 0.1178259 0.06875938 0.2243857 0.1048865 0.07715064 0.2244817 0.09753656 0.07140535 0.2204208 0.08415192 0.0856502 0.2245512 0.0694831 0.08859163 0.2244547 0.05653321 0.08932805 0.224481 0.04520499 0.08868974 0.2245337 0.0357384 0.08686733 0.2243315 0.02473205 0.08391964 0.2244153 0.01018983 0.07757878 0.2242671 -0.00430417 0.06835633 0.2244179 -0.01571875 0.05823206 0.2245554 -0.02578109 0.04559981 0.2244121 -0.03330105 0.03239351 0.2243834 -0.02410751 0.03167313 0.220421 -0.03892779 0.01809978 0.2243613 -0.04192173 0.004433989 0.2243475 -0.04317426 -0.005473256 0.2245185 -0.04288178 -0.02134251 0.2245777 -0.03995525 -0.03592163 0.2243424 0.05669206 0.09484922 0.2315301 0.05693584 0.09778714 0.2367829 0.07092434 0.09794908 0.239 0.07281458 0.0941832 0.2322739 0.05492955 0.09975218 0.2415628 0.06582659 0.1008505 0.248121 0.0535677 0.101046 0.2479431 0.05302017 0.1013377 0.252744 0.06656014 0.09978634 0.243206 0.08353096 0.09719246 0.2436652 0.0855413 0.09498816 0.2390814 0.09021574 0.09143394 0.234538 0.09760969 0.09102469 0.2390791 0.09921997 0.09264904 0.2459578 0.10811 0.08363515 0.2343357 0.1113258 0.08439719 0.2390084 0.1141278 0.08452636 0.2435764 0.1215395 0.07347214 0.2321994 0.123809 0.07714092 0.2410906 0.1364319 0.06498843 0.2391071 0.1355327 0.0626623 0.2345594 0.1367651 0.06674331 0.2436639 0.1469096 0.04831165 0.2346963 0.1487439 0.04937893 0.23914 0.147143 0.05427163 0.243771 0.1556929 0.04060304 0.2436725 0.1557044 0.03196978 0.234543 0.1575675 0.03318667 0.2390728 0.1635313 0.02143287 0.2436521 0.1630743 0.01721972 0.2391129 0.1619473 0.0129255 0.2345314 0.1662616 4.46599e-4 0.2391377 0.1679378 0.003148853 0.2458705 0.1641588 -0.002130568 0.2345558 0.1644272 -0.01744961 0.2345272 0.1664481 -0.02034258 0.2391368 0.1682111 -0.009628236 0.24366 0.167395 -0.02539962 0.2436463 0.1612879 -0.0375207 0.2345325 0.1630855 -0.0392183 0.2391069 0.1627252 -0.04583609 0.2436535 0.1544616 -0.05626481 0.2343049 0.1565351 -0.05724221 0.2389659 0.1543671 -0.06478923 0.2434124 0.1448254 -0.07313781 0.2345629 0.1463334 -0.07479584 0.2390854 0.1447098 -0.0802735 0.2458423 0.1332628 -0.08693069 0.2346976 0.1346201 -0.0885719 0.2391409 0.13175 -0.09341424 0.2435876 0.1244066 -0.09646987 0.2370933 0.1120216 -0.1034146 0.2345368 0.1126545 -0.1055859 0.2390738 0.1223582 -0.1017914 0.2462988 0.1083163 -0.1096245 0.2436217 0.09712642 -0.1107115 0.2345483 0.09763789 -0.1135753 0.2406908 0.08435523 -0.114938 0.2345609 0.08450746 -0.1171591 0.2390975 0.08481925 -0.1186994 0.243695 0.07268464 -0.1173369 0.2346271 0.06927448 -0.119955 0.2389246 0.07147669 -0.1218754 0.2463865 0.05724042 -0.1166215 0.2313858 0.05688315 -0.1185889 0.2347517 0.05841791 -0.1220039 0.2429713 0.06690943 -0.1227054 0.2527488 0.0571857 -0.12305 0.2486035 0.05037707 -0.1230572 0.2527483 0.0783357 0.09939301 0.2527481 0.08969628 0.08859831 0.2300045 0.08366632 0.09794962 0.2482419 0.1067695 0.08117163 0.2299329 0.1009137 0.09245574 0.2527491 0.1103427 0.08772337 0.248144 0.1199438 0.08208215 0.2527481 0.1331586 0.06100809 0.2300169 0.124628 0.07844221 0.2482051 0.1381869 0.06680727 0.2527481 0.143186 0.04855221 0.2300568 0.1384508 0.06624341 0.2482051 0.1512373 0.0348432 0.2300149 0.1508312 0.0504505 0.2483206 0.152414 0.04828274 0.2527475 0.1565088 0.02154827 0.2300339 0.1598413 0.03387624 0.2482439 0.1598662 0.00866127 0.2299845 0.1616435 0.02986085 0.2527483 0.1617176 -0.00962162 0.229935 0.1660049 0.0153582 0.2482036 0.1662709 0.01449179 0.2527483 0.1688739 -9.93038e-4 0.2527483 0.1602559 -0.02842068 0.2299815 0.1691122 -0.01460999 0.2481611 0.1687493 -0.02218276 0.2527483 0.1555762 -0.04642623 0.2300126 0.1670919 -0.03194862 0.2482049 0.1646498 -0.04295879 0.2527483 0.148662 -0.06144529 0.2299614 0.1626059 -0.04876607 0.2482439 0.1405287 -0.0740903 0.2300013 0.1564933 -0.06307888 0.2527491 0.153808 -0.06756424 0.2481416 0.1290807 -0.08691745 0.2299819 0.1449147 -0.08079367 0.2527475 0.1173202 -0.09650939 0.2300527 0.1359785 -0.09051489 0.248323 0.1343105 -0.09222388 0.2527478 0.1065467 -0.1031059 0.2299557 0.1223583 -0.1022635 0.2527481 0.1136507 -0.1077268 0.2482416 0.09243845 -0.1095237 0.23004 0.1025726 -0.1136438 0.2527504 0.09836214 -0.1150984 0.2482347 0.07534885 -0.1139665 0.2299178 0.08505642 -0.1194383 0.2482377 0.08251756 -0.1202459 0.2527475 -0.04769873 -0.01365321 0.2302331 -0.04794907 -0.00731939 0.2306247 0.0432322 -0.1198246 0.238983 0.04123771 -0.1160472 0.2322707 0.0474562 -0.1216505 0.243223 0.03047466 -0.1190487 0.2436652 0.02379715 -0.113291 0.2345381 0.0284686 -0.1168448 0.2390812 0.01639419 -0.1128773 0.2390791 0.01477473 -0.1144977 0.245958 0.005898416 -0.1054874 0.2343356 0.002672851 -0.1062435 0.2390084 -1.38283e-4 -0.1063665 0.2435762 -0.007532298 -0.09532034 0.2321997 -0.009821534 -0.09897428 0.2410911 -0.02244013 -0.08681613 0.2391074 -0.02153086 -0.08450031 0.2345601 -0.02278405 -0.08856058 0.2436643 -0.03290694 -0.07014071 0.2346965 -0.03475034 -0.07119387 0.23914 -0.03316164 -0.07607358 0.2437705 -0.04170769 -0.06239056 0.2436726 -0.04169791 -0.0537917 0.2345432 -0.04132217 -0.05953991 0.2390808 -0.04633486 -0.04784178 0.2390735 -0.04974138 -0.0423507 0.2433779 -0.04475146 -0.04058974 0.2318444 -0.05021333 -0.03129559 0.2374786 -0.05366945 -0.02265661 0.2436742 -0.05502349 -0.01095569 0.2477354 -0.05323469 -0.01162034 0.2401899 -0.05097067 1.29206e-4 0.2364872 -0.0537852 9.2016e-6 0.2438651 -0.04909181 0.01350694 0.2370129 -0.05098927 0.01593989 0.2437505 -0.04712563 0.02360373 0.2389938 -0.04239761 0.02992534 0.2342987 -0.04475188 0.03254115 0.241321 -0.03345698 0.04734909 0.2345587 -0.03505134 0.04891747 0.239082 -0.03773331 0.04752558 0.2436708 -0.02386981 0.06001013 0.2346563 -0.02386379 0.06330484 0.2391406 -0.02820825 0.06057143 0.2437726 -0.01298552 0.07066196 0.2343912 -0.01723533 0.07193678 0.2434659 -0.0125615 0.07390594 0.2390341 0.002046048 0.08157485 0.2345313 0.001431584 0.08375883 0.2390729 -0.0050323 0.08139777 0.2437723 0.005739092 0.08777976 0.2436211 0.01689678 0.08885121 0.2345485 0.01638519 0.09171491 0.2406908 0.02966737 0.09307754 0.2345611 0.02951425 0.09529834 0.2390975 0.02920418 0.09683907 0.2436949 0.04145461 0.09691232 0.2372024 0.04254662 0.1000148 0.2463859 0.04686856 -0.1225466 0.2477934 0.02432215 -0.1104573 0.2300047 0.03116738 -0.1201434 0.2527482 0.03033447 -0.1198045 0.2482421 0.00724703 -0.1030284 0.229933 0.01307201 -0.1143003 0.2527491 0.003640711 -0.1095623 0.248144 -0.005971848 -0.103908 0.2527481 -0.0191459 -0.08285695 0.2300167 -0.01065397 -0.1002653 0.2482053 -0.01827108 -0.09409552 0.2527482 -0.02917313 -0.07039731 0.2300569 -0.02448034 -0.08804833 0.2482053 -0.02910745 -0.08298122 0.2527475 -0.03722333 -0.05668514 0.2300155 -0.03686004 -0.07223111 0.2483209 -0.04090309 -0.06592226 0.2527482 -0.04586178 -0.05563664 0.2482445 -0.04646801 -0.02776658 0.2302454 -0.05036437 -0.04414582 0.252749 -0.05149656 -0.03890973 0.2480727 -0.05023676 -0.01142525 0.2341426 -0.04745101 -0.01004624 0.2298799 -0.05448889 -0.0232833 0.2491952 -0.05464065 -0.02227705 0.252748 -0.04655092 0.006957352 0.2305251 -0.05495345 -0.001503527 0.2527458 -0.04299747 0.01993763 0.2300345 -0.05445665 0.001410424 0.249253 -0.03789305 0.03325486 0.2299228 -0.05141586 0.01766854 0.2481603 -0.05042171 0.02184879 0.2527492 -0.02753853 0.05108833 0.2300732 -0.04560166 0.03415614 0.248169 -0.04208147 0.04191088 0.252748 -0.03707808 0.05012977 0.2482458 -0.01435834 0.06564462 0.2299463 -0.03069007 0.05919432 0.2527467 -0.02540308 0.06507939 0.2483223 -0.003260493 0.07467454 0.2300526 -0.01982551 0.07081127 0.2527486 -0.0138877 0.07587283 0.2481734 0.007488846 0.08125168 0.2299554 -0.007708907 0.08082288 0.2527475 4.76866e-4 0.08592194 0.2482386 0.0215848 0.08766347 0.23004 0.01146912 0.09179109 0.2527504 0.01566123 0.09323817 0.2482347 0.03866732 0.09210401 0.2299166 0.02896708 0.09757804 0.2482376 0.03150594 0.09838569 0.2527475 -0.005387663 0.08542823 0.2528528 -0.0179817 0.0758261 0.2528539 -0.0292021 0.06484842 0.2528542 -0.04157096 0.04789417 0.2528538 -0.05078184 0.02856683 0.2528545 -0.05649685 0.00633502 0.2528544 -0.05774605 -0.0123347 0.2528492 -0.05523234 -0.03516966 0.2528409 -0.04985195 -0.05267316 0.2528538 -0.04171693 -0.06951475 0.2528538 -0.02909499 -0.08685588 0.2528538 -0.0171709 -0.09839046 0.2528542 -0.004314899 -0.1079548 0.2528529 0.009910464 -0.1154941 0.2528541 0.02485978 -0.1211189 0.252853 0.04022467 -0.1243683 0.252854 0.0551235 -0.1256574 0.2528515 0.06905978 -0.1250491 0.2528535 0.08726143 -0.1216428 0.252854 0.1034421 -0.115836 0.2528543 0.1194113 -0.1072884 0.2528527 0.132004 -0.09768742 0.2528544 0.143225 -0.08670926 0.252853 0.1555943 -0.06975466 0.2528538 0.164782 -0.05048471 0.2528538 0.1702508 -0.02979838 0.2528538 0.171656 -0.01361101 0.2528539 0.1710512 0.002266407 0.2528538 0.1666176 0.02321058 0.2528538 0.1605903 0.03828346 0.2528538 0.1528829 0.05222105 0.2528538 0.1394856 0.06892609 0.2528537 0.1249633 0.08152478 0.2528544 0.1085749 0.09164202 0.2528538 0.08916181 0.09925907 0.252853 0.07379317 0.102509 0.252854 0.05871617 0.1037656 0.2528513 0.04480916 0.1031655 0.2528535 0.02676206 0.09978258 0.252854 0.0105822 0.09397619 0.2528543 0.05447703 0.09215205 0.2238632 0.0685389 -0.1123637 0.2226839 0.05845409 0.09802389 0.2318778 0.07309013 0.1000281 0.2380955 0.07484441 0.09745967 0.2334758 0.06138485 0.1034784 0.2470436 0.06017851 0.1022368 0.241367 0.08090585 0.1002767 0.2429358 0.09346431 0.09507894 0.2380782 0.09273433 0.0927872 0.2331644 0.09893757 0.0946902 0.2429175 0.1077582 0.08798897 0.2360303 0.1101354 0.09033083 0.245939 0.1215426 0.08071744 0.2380548 0.1202577 0.07867908 0.2331455 0.1244364 0.08060002 0.2428183 0.1351145 0.06624418 0.2333315 0.1378289 0.06685274 0.2381587 0.1399604 0.06690442 0.2430382 0.1478818 0.0508092 0.2334384 0.1520329 0.04875493 0.2382267 0.1529654 0.05016481 0.2430341 0.1566648 0.03494447 0.2332479 0.1608101 0.03131562 0.2380856 0.161571 0.03364402 0.2429634 0.1630206 0.01767081 0.2333202 0.165544 0.016891 0.2381727 0.1675393 0.01594805 0.2430298 0.1685919 4.22865e-4 0.238196 0.1664873 -0.002510607 0.2333139 0.1706092 -0.005059838 0.2430251 0.1687535 -0.02056825 0.2381966 0.1663303 -0.02052384 0.2333325 0.1697169 -0.0263037 0.2430261 0.1644161 -0.03322291 0.2333422 0.1652594 -0.04010897 0.2381672 0.1604019 -0.04789525 0.2333251 0.1649152 -0.04692435 0.2430335 0.1604993 -0.05378216 0.2381386 0.1520094 -0.06599098 0.2333407 0.1537698 -0.06758332 0.238141 0.1564739 -0.0661202 0.2430467 0.1413639 -0.08130246 0.2334839 0.1445984 -0.08080059 0.2381888 0.1472349 -0.08118778 0.245939 0.1342765 -0.09217029 0.2381657 0.1365512 -0.09224689 0.2430248 0.1276849 -0.09495919 0.2333078 0.1200453 -0.1036245 0.2381691 0.1253494 -0.1025215 0.2456154 0.1111453 -0.1064476 0.233327 0.1113976 -0.1108165 0.2430266 0.1038221 -0.1127862 0.2380951 0.09234303 -0.1147617 0.2330737 0.09621453 -0.1175763 0.2429319 0.08532214 -0.1194258 0.2381829 0.0744419 -0.1193712 0.2334992 0.0805695 -0.1222409 0.2432356 0.06840956 -0.1224228 0.2381908 0.0657593 -0.1179173 0.2293923 0.05549919 -0.1199267 0.2319583 0.05645316 -0.1142709 0.2242076 0.06039762 -0.1243272 0.2419841 0.06061482 -0.1253571 0.2475072 0.07326567 0.09456014 0.2285459 0.06404012 0.0905525 0.2224014 0.07567769 0.08925491 0.2226179 0.08705264 0.09145921 0.2285523 0.08668476 0.08665239 0.2226675 0.07963991 0.1014231 0.2479056 0.1014092 0.08616286 0.2285493 0.1015546 0.08082908 0.2225903 0.09640783 0.09666544 0.2479812 0.1139588 0.07930392 0.228565 0.1152459 0.0726422 0.2225451 0.1258866 0.07059735 0.2284901 0.1236637 0.0660597 0.2225435 0.1227986 0.08294272 0.2478799 0.1315494 0.05833715 0.2224448 0.139306 0.05714756 0.2285653 0.1378028 0.05106347 0.2225199 0.1348525 0.07308006 0.247978 0.1463185 0.0403319 0.2236767 0.1493003 0.04276871 0.2286134 0.1433427 0.06436616 0.2479401 0.1557013 0.02963262 0.2284858 0.1513902 0.0268163 0.222324 0.1539776 0.05023902 0.2478923 0.1555399 0.01551902 0.2226869 0.1599596 0.01714074 0.2285913 0.163049 0.03254437 0.2479378 0.1627827 0.00355643 0.2285404 0.1578582 0.002796649 0.2224622 0.1593021 -0.00971812 0.2229393 0.1680237 0.01733571 0.2479394 0.163666 -0.01039111 0.2285181 0.1629611 -0.0239551 0.2285429 0.1707784 0.002643525 0.2478997 0.158232 -0.02242225 0.2225562 0.1565679 -0.03204345 0.2224616 0.1715419 -0.01608645 0.2478959 0.1592168 -0.04193764 0.2285704 0.1538555 -0.04257959 0.222596 0.1486716 -0.05563634 0.2225906 0.169391 -0.03309392 0.2479391 0.1519016 -0.05993765 0.2285724 0.1649495 -0.04959273 0.2479762 0.1399074 -0.06995433 0.2224156 0.1433129 -0.07376909 0.2286166 0.1327467 -0.08004409 0.2231236 0.1559603 -0.06884485 0.2479767 0.1343556 -0.08449804 0.2285809 0.1252759 -0.09294146 0.2285864 0.1166114 -0.0940665 0.2229352 0.1134058 -0.1016209 0.2285684 0.1364457 -0.0935412 0.247936 0.1038423 -0.1013426 0.2224632 0.09680449 -0.1099414 0.2284563 0.1153699 -0.1095557 0.2479405 0.08682429 -0.1083526 0.2224738 0.08157056 -0.1148003 0.228581 0.1024015 -0.1160807 0.2478977 0.09127026 -0.1202288 0.2479316 0.07484465 -0.1241696 0.2478318 -0.04998052 -0.01619493 0.2291787 -0.04469567 -0.02144753 0.222846 -0.04934024 -0.0133748 0.2281415 -0.04477208 -0.006773114 0.2224909 -0.04917049 -0.01064956 0.2278681 -0.04974323 -0.006521284 0.2287899 0.04761219 -0.1231845 0.2396448 0.03917872 -0.1193214 0.2334783 0.05086451 -0.1252586 0.2472999 0.03558754 -0.1208798 0.2381563 0.03311818 -0.1221376 0.242937 0.02055776 -0.1169387 0.238078 0.02128863 -0.1146471 0.233164 0.01508569 -0.1165504 0.2429173 0.006263852 -0.1098487 0.2360305 0.003886699 -0.1121904 0.2459388 -0.007519841 -0.1025773 0.2380549 -0.006234467 -0.1005392 0.2331455 -0.01041322 -0.1024602 0.2428183 -0.02109163 -0.088104 0.2333316 -0.02380597 -0.08871257 0.2381588 -0.02593708 -0.0887646 0.2430381 -0.03385812 -0.0726698 0.2334384 -0.0380097 -0.07061493 0.2382268 -0.03894233 -0.07202464 0.2430341 -0.0426414 -0.05680477 0.2332479 -0.0467863 -0.05317687 0.2380856 -0.04754751 -0.05550438 0.2429631 -0.04679799 -0.04283368 0.2313185 -0.05200135 -0.03732591 0.2383717 -0.0502246 -0.02805554 0.2313388 -0.05089783 -0.01840108 0.2307713 -0.05198127 -0.04555922 0.2462071 -0.05412435 -0.02186954 0.2372798 -0.05333691 -0.0214551 0.235513 -0.05253839 -0.02076691 0.2338552 -0.05470359 -0.02198743 0.2387144 -0.05485612 -0.03244066 0.2439183 -0.05647099 -0.02636843 0.2478761 -0.05015504 0.006272733 0.2312534 -0.043271 0.007939934 0.2226766 -0.05189722 -0.001859784 0.2325875 -0.05310255 -5.86265e-4 0.2350134 -0.05434983 6.93809e-5 0.237822 -0.05490547 0.009438157 0.2434033 -0.05128419 0.01821905 0.2382249 -0.05668377 0.003091812 0.2483728 -0.04689615 0.0283882 0.2357342 -0.05545336 0.01088595 0.2480204 -0.05019211 0.0267843 0.2428492 -0.03798639 0.04413002 0.2333408 -0.03974705 0.04572188 0.2381409 -0.04245048 0.04425984 0.2430465 -0.02734065 0.05944192 0.2334837 -0.03057545 0.05893969 0.2381887 -0.03321176 0.05932718 0.245939 -0.02025252 0.07031053 0.2381656 -0.02252829 0.07038605 0.2430248 -0.01366174 0.07309883 0.233308 -0.006022036 0.08176404 0.238169 -0.01132744 0.0806601 0.2456151 0.00287795 0.08458733 0.2333271 0.00262618 0.08895641 0.2430266 0.01020097 0.09092581 0.2380951 0.02168011 0.09290134 0.2330737 0.01780891 0.09571605 0.2429319 0.02870112 0.09756553 0.238183 0.03958851 0.09751194 0.2334989 0.03345322 0.1003805 0.2432354 0.04690748 0.1013085 0.239653 0.04765969 0.09601473 0.2294054 0.05255997 0.1034976 0.2477711 0.04077053 -0.116424 0.2285479 0.04999375 -0.1124169 0.2224043 0.03834718 -0.1111155 0.2226179 0.02697056 -0.1133194 0.2285523 0.02733898 -0.108513 0.2226676 0.03438246 -0.1232833 0.2479062 0.01261389 -0.108023 0.2285492 0.01246869 -0.1026895 0.2225904 0.01761573 -0.1185258 0.2479811 6.409e-5 -0.1011639 0.2285651 -0.00122255 -0.09450244 0.2225451 -0.01186287 -0.09245795 0.2284902 -0.009640276 -0.08792006 0.2225435 -0.00877583 -0.1048026 0.2478799 -0.01752561 -0.08019781 0.2224448 -0.02528226 -0.07900834 0.2285653 -0.02377915 -0.07292419 0.2225199 -0.02082973 -0.09493976 0.247978 -0.02949798 -0.06504267 0.2227646 -0.03527647 -0.06462967 0.2286134 -0.02932 -0.08622574 0.2479402 -0.03327488 -0.05775499 0.2224186 -0.04167777 -0.05149334 0.2284858 -0.03736835 -0.04867261 0.222324 -0.03995424 -0.07209932 0.2478923 -0.04155349 -0.03730326 0.2227031 -0.04792988 -0.05683803 0.2479385 -0.04434478 0.02254539 0.2285816 -0.03825736 0.02536725 0.2225672 -0.03787821 0.03807729 0.2285723 -0.03255134 0.03763562 0.2225962 -0.05078375 0.02797019 0.2476035 -0.02588367 0.04809457 0.2224156 -0.02928912 0.05190932 0.2286165 -0.01872307 0.05818384 0.2231234 -0.04193675 0.04698473 0.2479768 -0.01684111 0.06631457 0.2285291 -0.002587795 0.07220637 0.2229353 6.17375e-4 0.07976049 0.2285685 -0.02242207 0.07168108 0.2479361 0.01018118 0.07948237 0.2224631 0.0172193 0.08808141 0.2284564 -0.00134629 0.08769553 0.2479404 0.02719879 0.08649224 0.2224739 0.03245323 0.09294003 0.228581 0.01162296 0.09422087 0.2478977 0.04473668 0.09022337 0.2225068 0.02275341 0.09836858 0.2479315 0.03917908 0.1023092 0.2478311 0.1374176 0.0343613 0.2179633 0.1384225 0.03010255 0.2178515 0.1393459 0.03830063 0.2188527 0.1400924 0.04260849 0.220287 0.1296041 0.05120784 0.2186747 0.1293516 0.05711561 0.2204676 0.1157297 0.0630055 0.2183721 0.1141268 0.06737124 0.2192059 0.1126685 0.0710538 0.2203875 0.09258353 0.07676619 0.2183728 0.09596455 0.07896637 0.2197073 0.08146893 0.08390206 0.2197196 0.06505781 0.08453923 0.2187538 0.06443524 0.0879969 0.2204358 0.04939234 0.08436274 0.2187294 0.04389142 0.08736228 0.2204365 0.036628 0.08239167 0.2186675 0.02328693 0.0815972 0.219956 0.01328068 0.07411819 0.2186973 0.004703402 0.07320398 0.2203943 7.71906e-4 0.06499034 0.2183708 -0.005203723 0.06340819 0.2192302 -0.01156455 0.06193912 0.220946 -0.0174492 0.04893922 0.2186806 -0.02421784 0.0457822 0.2203994 -0.02906787 0.03508228 0.2195463 -0.02921217 0.02810454 0.2183853 -0.03549653 0.02143198 0.2197369 -0.03961354 0.003841698 0.219573 -0.03638595 0.002678871 0.2183743 -0.04205965 -0.01488149 0.2204195 -0.03844386 -0.01649999 0.2187043 -0.03546047 -0.03575736 0.2187251 -0.04007661 -0.0308901 0.2204555 -0.03573632 -0.04606056 0.2204599 -0.02895206 -0.05665069 0.2194056 -0.02614635 -0.05603229 0.2184221 -0.02825456 -0.06162017 0.220455 -0.02220994 -0.05585604 0.2178368 0.1252866 0.0496391 0.217867 0.1074174 0.06607192 0.2179313 0.08005404 0.07754844 0.217874 0.05641293 0.08041703 0.2178778 0.02867388 0.07629781 0.217885 5.7162e-4 0.06173837 0.2179318 -0.0161671 0.04354143 0.2178618 -0.02922135 0.01929134 0.2178599 -0.03427243 -0.005993425 0.2178896 -0.03341716 -0.02832669 0.2179315 -0.02538508 -0.05160301 0.2179428 -0.0134316 -0.07538247 0.2186292 -0.01532816 -0.07897603 0.2204676 -1.03632e-4 -0.08923137 0.2192059 0.001354634 -0.09291392 0.2203875 0.009688079 -0.0926693 0.2183704 0.01805889 -0.1008267 0.2197073 0.0393806 -0.1039997 0.2183578 0.03255486 -0.1057626 0.2197196 0.04935795 -0.1074972 0.2192197 0.0495876 -0.1098571 0.2204357 0.06463146 -0.106223 0.2187294 0.07013219 -0.1092224 0.2204364 0.07739466 -0.1042521 0.2186675 0.09073644 -0.1034575 0.219956 0.1007425 -0.09597855 0.2186973 0.1093196 -0.0950644 0.2203942 0.1132512 -0.08685088 0.2183708 0.1192271 -0.08526855 0.2192302 0.1255877 -0.08379954 0.2209459 0.1314728 -0.07079917 0.2186806 0.1382417 -0.06764191 0.2203994 0.1430912 -0.05694264 0.2195463 0.1432355 -0.04996508 0.2183853 0.1495202 -0.04329168 0.2197369 0.1536371 -0.02570158 0.219573 0.1504093 -0.02453917 0.2183743 0.156083 -0.006978929 0.2204194 0.1524673 -0.005360841 0.2187043 0.1518881 0.01263463 0.2195748 0.1464132 0.02008187 0.218386 0.1497577 0.02420717 0.2204602 0.1445451 0.03182697 0.219497 0.1453817 0.0375899 0.221633 -0.01126313 -0.07149946 0.217867 0.006605863 -0.08793222 0.2179313 0.0339694 -0.09940874 0.217874 0.05761069 -0.1022773 0.2178778 0.08534914 -0.09815818 0.217885 0.1134514 -0.08359891 0.2179318 0.1301904 -0.06540179 0.2178618 0.1432448 -0.04115158 0.2178599 0.1482958 -0.01586675 0.2178896 0.1474406 0.00646609 0.2179315 -0.05167156 -0.01968532 0.2321747 -0.04934096 -0.008574008 0.2281351 -0.05023705 -0.004963696 0.2296207 -0.05094313 -0.003377199 0.2308523 -0.05254793 -0.001105904 0.2338656 -0.05382609 -1.21448e-4 0.23659 -0.05478334 1.25352e-4 0.2389171 -0.05543953 -7.50295e-6 0.2406957 -0.05612683 -5.63479e-4 0.2427968 -0.05661612 -0.00143814 0.2446021 -0.05690407 -0.002245843 0.2457698 -0.05718863 -0.003433167 0.247062 -0.0575447 -0.006453037 0.2490374 -0.05743861 -0.005223155 0.2484315 -0.05763095 -0.007720708 0.2494996 -0.05766785 -0.00911343 0.249836 -0.05769342 -0.01104557 0.249983 -0.05766546 -0.01278036 0.249823 -0.05761396 -0.01444816 0.2494094 -0.05747056 -0.01633822 0.2485744 -0.05728775 -0.01782941 0.2475651 -0.05702763 -0.01919323 0.2462853 -0.05652385 -0.02064007 0.2442649 -0.05603307 -0.021393 0.2425292 -0.05540347 -0.02186983 0.2406023 0.05686241 -0.02054703 0.2202252 0.0574615 -0.04570257 0.2200156 0.0390895 -0.02489364 0.220171 0.05526494 0.006784796 0.2202014 0.04279732 0.04556381 0.2194091 0.05821079 0.01935285 0.2201117 8.17593e-4 -0.03700852 0.2192874 0.04165977 -0.07399719 0.2191238 0.02676463 0.005066573 0.2200111 0.004875183 0.03375077 0.2189585 -2.74502e-4 -0.01315796 0.2194425 0.07493388 0.003033339 0.220171 0.071226 -0.06742405 0.2194091 0.1132057 0.01514828 0.2192874 0.07236355 0.05213695 0.2191238 0.08725863 -0.02692693 0.2200111 0.1091482 -0.05561113 0.2189585 0.1142978 -0.008702158 0.2194425 -0.06223791 -0.01485276 0.2491896 -0.06252938 -0.01698666 0.2479684 -0.06232649 -0.02010446 0.2449801 -0.06234389 -0.02119386 0.2427641 -0.0622887 -0.02182614 0.2404296 -0.06236433 -0.02187079 0.2384063 -0.06233543 -0.02158212 0.236275 -0.06243252 -0.02093017 0.2344895 -0.06229543 -0.02013885 0.2329286 -0.06246316 -0.01861828 0.2311414 -0.06233519 -0.01700162 0.2297669 -0.06236213 -0.01555502 0.2289744 -0.06228482 -0.00889343 0.2281106 -0.06228953 -0.005853414 0.2291482 -0.06220614 -0.00285834 0.2313897 -0.06232684 -2.7443e-4 0.2362356 -0.0623362 4.058e-5 0.2387663 -0.06226432 -1.89411e-4 0.2413311 -0.06232577 -0.00791037 0.2494759 -0.06295466 -5.81917e-4 0.2396261 -0.062967 -0.01962101 0.2333803 -0.06290268 -0.01622748 0.2298421 -0.06236082 -0.01379686 0.2283357 -0.06240528 -0.01131743 0.227951 -0.06295067 -0.009699463 0.2286312 -0.06271302 -0.007891416 0.2285827 -0.06296312 -0.004921376 0.2305088 -0.06297272 -0.001433193 0.2348405 -0.06279194 -0.02139949 0.236951 -0.06281399 -0.02088546 0.2352186 -0.06270331 -0.01965957 0.2326746 -0.06286859 -0.01825428 0.2313764 -0.062927 -0.01435536 0.2290105 -0.0627883 -0.0119971 0.2283124 -0.0628128 -0.007028818 0.2290366 -0.06262296 -0.004709482 0.2300749 -0.06264352 -0.003109395 0.231468 -0.06286525 -0.002659261 0.2323977 -0.06236124 -0.001446366 0.2334122 -0.06269079 -9.79527e-4 0.2348107 -0.06275153 -3.1946e-4 0.2376486 -0.06268638 -3.5625e-4 0.2409366 -0.06250834 -0.00119698 0.2438563 -0.06296217 -0.002079725 0.2442517 -0.06228971 -0.002039313 0.2453631 -0.06229871 -0.00446695 0.2477904 -0.06234955 -0.005971074 0.2486827 -0.06295877 -0.00798583 0.2488106 -0.06230014 -0.01158082 0.2499051 -0.06296932 -0.01309359 0.2490376 -0.06235653 -0.0182355 0.2470927 -0.0629509 -0.01702415 0.2472654 -0.06294226 -0.01884937 0.245673 -0.0629456 -0.02101963 0.2413469 -0.06293165 -0.02137422 0.2386602 -0.06277734 -9.39859e-4 0.242641 -0.06243616 -0.003019928 0.2464506 -0.06278938 -0.002795338 0.245762 -0.06290191 -0.004521369 0.247214 -0.06281995 -0.006072163 0.2483531 -0.06260883 -0.008868217 0.2495361 -0.06284141 -0.01039725 0.249462 -0.06264656 -0.0127865 0.2495682 -0.06275534 -0.01553601 0.2485616 -0.06265074 -0.0196976 0.2452034 -0.06280463 -0.02069103 0.2430943 -0.06266283 -0.02152442 0.2408365 -0.06298828 -0.01765561 0.2328095 -0.06298828 -0.01310843 0.2299787 -0.06298828 -0.01954698 0.2361329 -0.06298828 -0.01994138 0.2401925 -0.06298828 -0.007359266 0.2305212 -0.06298828 -0.01769655 0.2450992 -0.06298828 -0.002990245 0.2342833 -0.06298828 -0.01386594 0.247459 -0.06298828 -0.01027196 0.2479757 -0.06298828 -0.001877486 0.2397758 -0.06298828 -0.005954861 0.2465329 -0.06298828 -0.003163218 0.2435624 -0.05058479 -0.009633004 0.2299492 -0.05141025 -0.005803167 0.2313929 -0.05350053 -0.002395927 0.2355462 -0.05570596 -0.002077579 0.2410796 -0.05679333 -0.00405538 0.2448042 -0.05727779 -0.006707668 0.2469159 -0.0574758 -0.01002126 0.2479275 -0.05742383 -0.01321339 0.2476543 -0.05715644 -0.01610416 0.2463446 -0.05630087 -0.01912528 0.24296 -0.05425542 -0.01994681 0.2372304 -0.05197519 -0.01736032 0.2324694 -0.05073374 -0.01350617 0.230201 -0.05610853 -0.006949305 0.2414035 -0.05412763 -0.007390737 0.2363087 -0.05601638 -0.01493012 0.2412814 -0.05635017 -0.01491612 0.2422862 -0.05399537 -0.01367646 0.2359572 -0.06096148 -0.01493012 0.2421542 -0.06096339 -0.006930112 0.2421398 -0.05698829 -0.01083749 0.2414819 -0.05998826 -0.01493012 0.2412814 -0.05998831 -0.00970292 0.2411331 -0.05998826 -0.006930112 0.2412814 -0.0609883 -0.006930112 0.2362814 -0.05998826 -0.006930112 0.2362814 -0.0609883 -0.01493012 0.2362814 -0.05998826 -0.01493012 0.2362814 -0.06098836 -0.009636938 0.2411755 -0.05998826 -0.008858978 0.2395444 -0.0609883 -0.008911073 0.2393597 -0.06098824 -0.01002478 0.2377284 -0.05998826 -0.009633541 0.2380799 -0.05998831 -0.01105248 0.237612 -0.06098824 -0.01239299 0.2382501 -0.05998826 -0.01234871 0.2383505 -0.05998831 -0.01281672 0.2397708 -0.0609883 -0.01274579 0.2399723 -0.06098824 -0.01181668 0.2413183 -0.05998826 -0.01199042 0.2411437</float_array>
          <technique_common>
            <accessor source="#Part__Feature_022-mesh-positions-array" count="919" stride="3">
              <param name="X" type="float"/>
              <param name="Y" type="float"/>
              <param name="Z" type="float"/>
            </accessor>
          </technique_common>
        </source>
        <source id="Part__Feature_022-mesh-normals">
          <float_array id="Part__Feature_022-mesh-normals-array" count="5655">-0.1926348 0.01050031 0.9812144 0.008566737 0.01742655 0.9998115 0.001981794 0.04594224 0.9989421 0.007670462 -0.0163865 0.9998363 0.0157023 0.02590143 0.9995412 0.02359008 0.04619228 0.998654 0.01684486 0.04061865 0.9990327 0.008194625 -0.01580137 0.9998416 0.02873349 -0.04193007 0.9987073 0.01465249 -0.04111546 0.999047 0.02506715 -0.01290118 0.9996026 0.002811431 4.073e-4 0.9999961 0.009858906 0.007783949 0.9999211 0.04232257 0.02388995 0.9988184 -5.00768e-4 -1.89791e-4 1 0.04620206 0.001389205 0.9989312 0.0469886 -0.02300095 0.9986306 0.03640502 -0.02404171 0.9990479 0.007322251 -0.03773075 0.9992612 0.02912276 0.001497685 0.9995747 0.03765583 0.00722897 0.9992647 0.03815317 0.01793092 0.9991111 -0.006448805 -0.0163322 0.9998459 -0.001935124 -0.04121083 0.9991487 0.1365922 0.00782293 0.9905965 -0.001006364 -0.04035776 0.9991849 -0.006976544 -0.01599657 0.9998478 -0.02094554 -0.01579922 0.9996559 -0.02317798 -0.0459274 0.998676 -0.005756616 0.01743876 0.9998314 -0.02090263 0.03627616 0.9991232 -0.00504291 0.007742643 0.9999573 -0.01696556 0.005264043 0.9998423 -0.03996235 -0.03048175 0.9987362 -0.02555453 -0.01852989 0.9995017 -0.01012337 0.0066697 0.9999265 -0.03980094 -0.01566594 0.9990848 -0.02899265 0.01297038 0.9994955 -0.04709881 0.001702964 0.9988888 -0.04099059 -0.001252233 0.9991587 -0.05060291 0.02498745 0.9984063 -0.0208351 0.03686285 0.9991031 -0.00184375 4.78801e-4 0.9999982 -0.02797996 -0.03237247 0.9990842 -0.03946113 -0.01525074 0.9991048 -0.03071904 0.02483737 0.9992194 0.2663813 0.1798978 0.9469307 0.3384735 0.283423 0.8972776 0.300315 0.2475331 0.9211615 0.1793687 0.1780635 0.9675332 0.3145357 0.3796362 0.8700252 0.2580879 0.3194274 0.9117876 0.2251941 0.4301571 0.8742154 0.1671558 0.271196 0.9478986 0.1665725 0.4248124 0.8898247 0.1095953 0.323246 0.9399473 0.08192694 0.3601918 0.9292739 0.03845477 0.2845725 0.957883 0.02943438 0.342583 0.9390264 -0.01294344 0.3656725 0.9306536 -0.03649848 0.2888648 0.9566739 -0.09110802 0.4548615 0.8858896 -0.148885 0.3873787 0.9098193 -0.1381515 0.3465754 0.927793 -0.1616689 0.2775253 0.9470179 -0.1577452 0.2646749 0.9513484 -0.2038578 0.2569072 0.9446909 -0.1970459 0.2363833 0.9514704 -0.2908098 0.2634882 0.9197846 -0.2343782 0.1725537 0.956709 -0.4255184 0.2455453 0.8710004 -0.4096627 0.1840551 0.8934765 -0.2660865 0.09957653 0.9587922 -0.3642033 0.08627313 0.927315 -0.4675126 0.0228486 0.8836912 -0.2912465 0.03152388 0.9561285 -0.442042 -0.04074609 0.8960684 -0.3211974 -0.04319888 0.9460266 -0.3687591 -0.09227973 0.9249331 -0.4261874 -0.1757166 0.8874052 -0.6307842 -0.3061464 0.7130117 0.485747 0.3072305 0.8183271 0.5031322 0.3107189 0.8064192 0.4691619 0.3532213 0.809396 0.1724801 0.1099743 0.9788546 0.1012073 0.07676303 0.9918995 0.4555805 0.4764568 0.7519543 0.1636502 0.1624764 0.9730468 0.3467857 0.4241549 0.8365599 0.3602162 0.4862319 0.79613 0.0694068 0.09857654 0.9927061 0.2715232 0.4921762 0.8270658 0.3223155 0.6395341 0.6979318 0.1178521 0.1989273 0.9729023 0.003876626 0.008455336 0.9999567 0.2179109 0.6348626 0.7412588 0.07269263 0.1920797 0.9786835 0.1256845 0.5844774 0.8016169 0.1115386 0.5605701 0.820561 0.03782218 0.1218355 0.9918295 0.04811942 0.5616173 0.8259967 0.03392297 0.5904698 0.8063466 0.03157609 0.2324309 0.9721003 -0.01229429 0.5688871 0.8223238 -0.03667211 0.6096315 0.7918362 -3.63353e-4 0.1160528 0.993243 -0.09367692 0.5767806 0.8115103 -0.1019961 0.5412312 0.834665 -0.03612059 0.284252 0.958069 -0.1760249 0.6358873 0.7514405 -0.04630047 0.1703292 0.9842989 -0.2300848 0.5464792 0.8052463 -0.2283459 0.5384079 0.8111568 -0.06483525 0.1905888 0.9795266 -0.2741012 0.4776734 0.8346837 -0.3395839 0.5208247 0.7832142 -0.06496345 0.1255331 0.9899602 -0.3448072 0.4343336 0.8321432 -0.02112448 0.03091877 0.9992988 -0.4071859 0.4554255 0.7916991 -0.1040908 0.1133233 0.9880906 -0.4104442 0.3741652 0.8315864 -0.4781973 0.3986968 0.7825397 -0.1601493 0.1144261 0.9804382 -0.4903096 0.3001941 0.8182176 -0.148981 0.103668 0.9833909 -0.5366277 0.1995212 0.8198916 -0.1870247 0.07259458 0.9796693 -0.01098924 0.005290925 0.9999256 -0.1296524 0.0450977 0.9905335 -0.579438 0.1350379 0.8037514 -0.5814256 0.136221 0.8021147 -0.5578953 0.04152661 0.8288718 -0.6883884 0.02573144 0.7248858 -0.226458 0.02131795 0.9737877 -0.6858649 -0.04598349 0.7262747 -0.1385654 -0.003471255 0.9903473 -0.2002298 -0.02198797 0.9795023 -0.5849321 -0.1143423 0.8029821 -0.5469495 -0.1499394 0.8236289 -0.6847225 -0.2379737 0.6888568 -0.6074636 -0.2698397 0.7471109 -0.1556856 -0.06089043 0.9859282 -0.470331 -0.2099118 0.8571615 0.3753838 0.2168355 0.901149 0.4181763 0.3388715 0.8427899 0.1839033 0.5704938 0.8004477 -0.5469515 -0.06979703 0.8342496 -0.5409903 -0.1387839 0.829499 -0.1628174 -0.06266838 0.984664 -0.2842606 -0.108202 0.9526218 -0.3187509 -0.13013 0.9388632 -0.3391263 -0.2805857 0.8979226 -0.1688516 -0.159475 0.9726545 -0.3145297 -0.3796324 0.870029 -0.2581002 -0.3194311 0.9117829 -0.2287355 -0.4400834 0.8683356 -0.1671523 -0.2711914 0.9479005 -0.1727868 -0.4357675 0.8833184 -0.1095908 -0.3232502 0.9399464 -0.08192682 -0.360188 0.9292754 -0.03845679 -0.2845654 0.9578851 -0.0294274 -0.3425847 0.9390259 0.01294195 -0.3656778 0.9306516 0.03649723 -0.2888563 0.9566766 0.09111481 -0.4548544 0.8858925 0.1488916 -0.3873823 0.9098167 0.1381503 -0.3465754 0.927793 0.1616777 -0.2775325 0.9470143 0.1577402 -0.2646711 0.9513503 0.2038558 -0.2569093 0.9446907 0.1970496 -0.2363832 0.9514697 0.2908048 -0.263488 0.9197863 0.2343931 -0.1725572 0.9567047 0.4167149 -0.2422855 0.8761544 0.3663827 -0.1583916 0.9168838 0.2660967 -0.09957659 0.9587894 0.3641992 -0.08627247 0.9273166 0.4675073 -0.0228458 0.8836941 0.2912255 -0.03152275 0.956135 0.4420403 0.04074764 0.8960693 0.3212073 0.04320043 0.9460231 0.3711369 0.09476524 0.92373 0.4265814 0.1875441 0.8847913 -0.5254796 -0.3219376 0.7875452 -0.5038848 -0.3149096 0.804321 -0.3629785 -0.2054382 0.9088684 -0.4852795 -0.3655739 0.7942668 -0.1200411 -0.09015589 0.9886668 -0.4598816 -0.4951611 0.7371056 -0.1901457 -0.1810228 0.9649225 -0.3423768 -0.4180672 0.8414261 -0.3349955 -0.5255005 0.7820661 -0.06804466 -0.09576153 0.993076 -0.2656969 -0.4865785 0.8322539 -0.1178516 -0.1989322 0.9729014 -0.003815472 -0.008251309 0.9999587 -0.07269102 -0.1920803 0.9786834 -0.1209217 -0.5764982 0.8081014 -0.1256823 -0.5844566 0.8016324 -0.03782141 -0.1218379 0.9918292 -0.04816657 -0.5622153 0.8255871 -0.03218173 -0.5946984 0.8033047 -0.03157889 -0.2324314 0.9721 0.01229077 -0.5696699 0.8217818 0.03799414 -0.6089194 0.7923218 3.64297e-4 -0.1160514 0.9932432 0.09369504 -0.576723 0.811549 0.1019998 -0.5412407 0.8346584 0.03612029 -0.2842618 0.9580661 0.1760231 -0.6358897 0.7514388 0.04630219 -0.1703304 0.9842987 0.2300771 -0.5464884 0.8052423 0.2283347 -0.5383837 0.8111759 0.0648362 -0.1905886 0.9795266 0.2741013 -0.4776665 0.8346876 0.3395264 -0.5207963 0.7832581 0.06496745 -0.1255303 0.9899603 0.3448227 -0.434342 0.8321325 0.02136486 -0.03144186 0.9992772 0.4159288 -0.4582716 0.7854874 0.1070501 -0.1172192 0.9873196 0.4109579 -0.374644 0.831117 0.4868302 -0.396619 0.7782608 0.1496555 -0.1062272 0.9830154 0.5080091 -0.304049 0.8059039 0.4788529 -0.2744832 0.8338818 0.1478983 -0.1045401 0.983462 0.5879515 -0.2326496 0.7747175 0.5462984 -0.2020369 0.8128587 0.1870211 -0.07259738 0.9796698 0.009422659 -0.004766941 0.9999443 0.1296527 -0.04509711 0.9905334 0.552264 -0.1218216 0.8247206 0.5711461 -0.133863 0.8098598 0.5775204 -0.05895566 0.8142448 0.5501936 -0.03989863 0.8340835 0.226481 -0.0213198 0.9737823 0.7112702 0.01573002 0.7027427 0.13856 0.003471493 0.990348 0.2002354 0.02198773 0.9795011 0.5974488 0.1070975 0.7947233 0.6808537 0.23731 0.6929085 0.5976296 0.2558695 0.7598485 0.1745231 0.06853181 0.9822654 -0.4031937 -0.259137 0.8776576 -0.3034306 -0.1766759 0.9363309 -0.1660789 -0.1024237 0.9807789 -0.3538862 -0.2875964 0.8899736 -0.4182837 -0.3392766 0.8425736 -0.1809661 -0.5656703 0.80453 0.5595988 0.07338827 0.825508 0.4675225 0.1293173 0.8744712 0.5480989 0.1349239 0.8254594 0.1603293 0.06532722 0.9848994 0.249728 0.09589266 0.9635562 0.4102336 0.1735942 0.8953064 0.5437187 0.2400325 0.8042106 -0.04344165 -0.7860437 0.6166427 -0.06750333 -0.8694341 0.4894155 -0.05818861 -0.8779528 0.4751979 -0.01847565 -0.9806452 0.1949201 -0.01677787 -0.9981333 0.0587235 -0.1527892 -0.9539424 0.2581657 -0.1805077 -0.8789697 0.4413947 -0.1970987 -0.8602695 0.4702007 -0.187307 -0.9148259 0.3577845 -0.2873744 -0.8752511 0.3890393 -0.2971163 -0.9048739 0.3048367 -0.304865 -0.9084711 0.2858982 -0.3440904 -0.8021751 0.4879722 -0.3957678 -0.8234068 0.4066562 -0.4137937 -0.8595721 0.2998511 -0.4233574 -0.86029 0.2840242 -0.4890952 -0.7425026 0.4576854 -0.5054934 -0.7444459 0.4362072 -0.514481 -0.7881307 0.3378748 -0.5893068 -0.6826472 0.4320999 -0.5907615 -0.6649823 0.4569457 -0.6309685 -0.7073853 0.318567 -0.7107043 -0.5593569 0.4266371 -0.710232 -0.5592976 0.4275007 -0.7370684 -0.6108407 0.2891432 -0.7337835 -0.5780182 0.3570109 -0.8178613 -0.5134594 0.2597354 -0.7891291 -0.4288175 0.4397623 -0.7916699 -0.4331864 0.4308228 -0.8100428 -0.4430091 0.3841531 -0.9013105 -0.3687716 0.2272598 -0.8538305 -0.2933955 0.4299916 -0.8409246 -0.2759494 0.4655082 -0.8789381 -0.3022082 0.3689689 -0.9071323 -0.1718025 0.3841807 -0.9418601 -0.193679 0.2745692 -0.9359421 -0.1773971 0.3042085 -0.8723537 -0.1273673 0.4719921 -0.9051495 -0.01665145 0.4247674 -0.9177128 -0.008250653 0.3971592 -0.9616305 -0.06661492 0.2661378 -0.924874 -0.008313596 0.3801831 -0.9647784 0.04969495 0.2583279 -0.8728661 0.1366466 0.4684362 -0.897307 0.1591945 0.4117005 -0.9133194 0.1621075 0.3735891 -0.9463898 0.2163388 0.2398833 -0.8456487 0.3026328 0.4396496 -0.8433135 0.3030123 0.4438536 -0.8679905 0.3124368 0.3859738 -0.8919889 0.3904601 0.2278085 -0.77686 0.4503993 0.4400331 -0.7803267 0.4564148 0.427523 -0.7914459 0.4626841 0.3994209 -0.8049905 0.5404661 0.2447174 -0.6856904 0.579124 0.4409581 -0.6880719 0.5867611 0.4269291 -0.7200067 0.6135038 0.3243509 -0.7098327 0.6560859 0.2562986 -0.6043253 0.6695109 0.43191 -0.6141737 0.6995146 0.3653358 -0.5075873 0.7474728 0.4285318 -0.5832508 0.7527186 0.3053411 -0.5446481 0.7728853 0.3255867 -0.5075819 0.8250111 0.2484297 -0.3945907 0.8061837 0.4408695 -0.3920025 0.8208613 0.4153563 -0.4086768 0.8402548 0.3563077 -0.2840963 0.8597096 0.4244866 -0.2859218 0.856817 0.4290844 -0.285444 0.9027508 0.3218117 -0.178676 0.8812994 0.4374773 -0.1690516 0.8956169 0.4114512 -0.174371 0.9300505 0.3234205 -0.165506 0.9421951 0.2913353 -0.04306185 0.7828399 0.6207314 -0.06102901 0.8732061 0.4835148 -0.02916961 0.9211352 0.3881486 -0.07226687 0.8644064 0.4975731 -0.02126294 0.9992233 -0.03317809 -0.0605939 -0.7995274 0.5975654 -0.04845851 -0.9307931 0.3623205 -0.04615211 -0.9320927 0.3592677 -0.02648192 -0.9778237 0.2077485 -0.1584618 -0.7699525 0.6181126 -0.07614177 -0.9914001 -0.1064339 -0.1769773 -0.7792487 0.6012076 -0.1993539 -0.8203697 0.5359586 -0.1533643 -0.9702802 0.1871784 -0.1593722 -0.9732099 0.1657205 -0.1600729 -0.9792479 0.1242995 -0.260679 -0.7132537 0.6506271 -0.3345359 -0.7812646 0.5269834 -0.3122947 -0.7238587 0.6152241 -0.3349362 -0.7751353 0.535708 -0.3231505 -0.7048183 0.6315101 -0.2934554 -0.9550835 -0.04122436 -0.2964668 -0.9407855 0.1644086 -0.3153395 -0.9475715 0.05166512 -0.4200628 -0.6549277 0.6281856 -0.4164738 -0.905789 0.07807743 -0.4533866 -0.7118626 0.5363696 -0.4384277 -0.6621433 0.6077397 -0.432618 -0.8667505 0.2481638 -0.4771826 -0.8753819 -0.0774824 -0.5195356 -0.5569196 0.6480149 -0.5245239 -0.5955128 0.608473 -0.5732047 -0.6267666 0.5278258 -0.5580411 -0.8025316 0.2110288 -0.5418919 -0.8333566 0.1089498 -0.5403205 -0.8307656 0.1337257 -0.6369836 -0.7419923 0.209044 -0.6412478 -0.765858 -0.0475707 -0.6745892 -0.5298981 0.5139431 -0.6582544 -0.5282006 0.5363817 -0.6161922 -0.4660487 0.6349062 -0.6201222 -0.4972766 0.6067656 -0.6530603 -0.7400032 0.1609581 -0.660706 -0.7486618 0.05452698 -0.6673055 -0.4092196 0.6222884 -0.682767 -0.4028517 0.6095407 -0.7172728 -0.4229483 0.5537461 -0.7653273 -0.4164845 0.4907289 -0.752342 -0.6242188 0.2105531 -0.6814514 -0.3485124 0.643555 -0.7817689 -0.611957 0.1197752 -0.7930022 -0.6090416 -0.01469182 -0.7867392 -0.6165164 0.03080475 -0.7490935 -0.2961731 0.5925711 -0.7675347 -0.303526 0.5645905 -0.8235955 -0.516854 0.2335647 -0.7247935 -0.2446944 0.6440489 -0.8321343 -0.2730743 0.4826833 -0.8756105 -0.4763785 0.07981199 -0.8745474 -0.4758582 0.09341204 -0.7679833 -0.2024061 0.6076459 -0.7991833 -0.2103632 0.5630749 -0.8932945 -0.4475458 -0.04156565 -0.7503619 -0.1440414 0.6451427 -0.8906309 -0.3644527 0.271939 -0.8528711 -0.1244482 0.5070735 -0.792187 -0.0807144 0.6049173 -0.7932499 -0.08196228 0.6033548 -0.8180282 -0.08437693 0.5689557 -0.9442466 -0.314495 0.09742319 -0.9446063 -0.3146084 0.09349191 -0.9575374 -0.2883071 0.001080572 -0.8729873 -0.0162037 0.487474 -0.9475805 -0.1979364 0.2508235 -0.9858292 -0.1657079 0.02610826 -0.7679058 0.03903311 0.6393724 -0.9859715 -0.1629748 0.03604906 -0.8076919 0.06424832 0.5860939 -0.7961965 0.06339246 0.6017081 -0.8717524 0.1364722 0.4705563 -0.993234 -0.05231428 0.103679 -0.988133 -0.04646646 0.1464037 -0.9975823 0.005863964 -0.06924706 -0.7446472 0.1734091 0.6445385 -0.7834338 0.2046324 0.5868195 -0.7675842 0.200551 0.6087642 -0.9672712 0.04983097 0.248804 -0.8331048 0.2977388 0.4661417 -0.9882643 0.1154109 0.1000695 -0.986971 0.1152883 0.1122367 -0.9794256 0.1932607 -0.05810397 -0.7067417 0.3023954 0.6395883 -0.7121224 0.3257116 0.6219274 -0.7387027 0.3380777 0.583114 -0.9445548 0.2159227 0.2473739 -0.9607902 0.2565286 0.1052389 -0.9568588 0.2555552 0.1382489 -0.6574368 0.3688006 0.6570868 -0.7559039 0.439126 0.4855695 -0.6953292 0.4490042 0.5611708 -0.6733503 0.43498 0.5978226 -0.9248602 0.3749321 -0.06371384 -0.892338 0.390631 0.2261424 -0.8999398 0.4205574 0.1150647 -0.8971014 0.4190999 0.1398726 -0.659236 0.5575689 0.5045047 -0.5879153 0.4946301 0.6400756 -0.6219648 0.5542622 0.5531304 -0.5923365 0.5277345 0.608797 -0.8114593 0.5408336 0.2214338 -0.8362212 0.5465646 -0.04473602 -0.8170014 0.5726858 0.06737643 -0.5088919 0.5687354 0.6461959 -0.5662193 0.6522379 0.5039658 -0.5021407 0.620116 0.6027529 -0.5329546 0.6573799 0.5327392 -0.7503678 0.6571141 0.07175964 -0.7123368 0.6630405 0.2301167 -0.4998999 0.7077535 0.4991843 -0.7330309 0.6800583 -0.01366513 -0.4156996 0.6426855 0.6435443 -0.4120047 0.6637101 0.6242926 -0.434164 0.7007511 0.5660827 -0.6422654 0.7646329 0.05321407 -0.6416456 0.7649542 0.05600053 -0.6435138 0.7573556 0.1109164 -0.3792732 0.7750073 0.5054854 -0.552895 0.8310273 0.06083536 -0.3416694 0.7583843 0.5550814 -0.3228862 0.7178938 0.6167438 -0.3017898 0.7070832 0.6394969 -0.5075629 0.8254513 0.2470024 -0.4967013 0.863535 -0.08715111 -0.2717694 0.8226836 0.4993328 -0.4306535 0.893041 0.1304433 -0.4315235 0.8948572 0.1140976 -0.2074151 0.7568444 0.619811 -0.2100251 0.7921071 0.5731109 -0.2033096 0.7652383 0.6107991 -0.3907322 0.8942993 0.218076 -0.3180955 0.9229183 0.2168808 -0.1320806 0.7567199 0.6402576 -0.1706946 0.8444153 0.5077658 -0.3126816 0.9498395 -0.005929648 -0.3100485 0.950567 -0.01710236 -0.3056284 0.9371424 0.1683905 -0.06952333 0.802125 0.5930953 -0.07715672 0.8309161 0.5510223 -0.18557 0.9800595 0.07104295 -0.1962096 0.9661657 0.1674084 -0.1556298 0.987667 0.01713156 -0.05435878 0.9838004 0.170827 -0.06932407 0.9943847 0.07995867 -0.08020532 0.9593515 0.2705768 0.772207 0.0166012 0.6351542 0.7783749 0.008011341 0.6277487 0.7908447 -0.0225889 0.6115999 0.04394298 0.7849357 0.618017 0.0334599 0.92515 0.3781244 0.08031666 0.8568146 0.5093309 0.05783289 0.8772706 0.4764996 0.03300559 0.9813303 0.189477 0.1528742 0.9538508 0.2584537 0.1970889 0.8602346 0.4702684 0.1803705 0.8791283 0.4411349 0.1870231 0.9148128 0.3579665 0.2875187 0.8752186 0.3890058 0.2972506 0.9048029 0.3049162 0.305064 0.9084306 0.2858144 0.3441777 0.8020996 0.4880347 0.3959687 0.8233575 0.4065601 0.413977 0.8594602 0.2999189 0.4236633 0.8601814 0.2838966 0.4891749 0.7423826 0.4577949 0.5057462 0.7443369 0.4361002 0.5147431 0.7879064 0.3379987 0.5895363 0.6823796 0.4322094 0.5909599 0.6649132 0.4567897 0.6313165 0.7071651 0.3183664 0.710806 0.5590669 0.4268477 0.7105721 0.5590335 0.4272809 0.7340747 0.5777035 0.3569214 0.7373953 0.6103656 0.2893131 0.8182078 0.5128943 0.2597605 0.7756991 0.4214983 0.4697128 0.7850087 0.4448689 0.4311069 0.8137698 0.4606869 0.3543252 0.8464239 0.3629376 0.3896704 0.8749116 0.3750939 0.3063238 0.8982059 0.3637062 0.2468684 0.8325916 0.2891497 0.4724233 0.8661956 0.2450191 0.4355121 0.8877761 0.2456207 0.389261 0.9450311 0.1844264 0.2700059 0.973142 0.03356915 0.2277454 0.9721125 -0.02758157 0.2328873 0.9253976 -0.1437518 0.3506775 0.9331768 -0.1614695 0.3211057 0.9069018 -0.2439941 0.3435056 0.8323419 -0.2582951 0.4903985 0.9181429 -0.3085815 0.2485785 0.8500521 -0.3321974 0.4087252 0.802788 -0.4182768 0.4249422 0.8022906 -0.416818 0.4273087 0.8264243 -0.441824 0.3490197 0.7141229 -0.5441432 0.4403825 0.7188667 -0.5606593 0.4109646 0.7380014 -0.5752945 0.35269 0.7741999 -0.5674504 0.2803831 0.6263891 -0.6285853 0.460996 0.6979681 -0.666818 0.2611405 0.6269587 -0.6643397 0.4069097 0.6369701 -0.675369 0.3716797 0.5198016 -0.7218493 0.4568807 0.5199986 -0.7401884 0.4262895 0.5375369 -0.7648172 0.3551181 0.5843197 -0.7626524 0.277366 0.4944061 -0.8281889 0.2639427 0.3944756 -0.8061539 0.4410272 0.3918355 -0.8209313 0.4153755 0.4086266 -0.840415 0.3559874 0.2840972 -0.8597131 0.4244788 0.2859323 -0.8568043 0.4291027 0.285453 -0.9027538 0.3217955 0.1882416 -0.8795676 0.436951 0.1769833 -0.9295471 0.3234491 0.1636734 -0.9403602 0.2982179 0.04719477 -0.7868996 0.6152736 0.04452538 -0.894451 0.4449439 0.09981757 -0.9462062 0.3077829 0.26892 -0.8458753 0.460627 0.06174999 0.7990505 0.5980848 0.03611165 0.9797893 0.1967461 0.03835344 0.9310979 0.3627478 0.1555562 0.7707164 0.6178985 0.04294526 0.9964585 0.0722931 0.1993308 0.8204147 0.5358983 0.1771742 0.7796231 0.600664 0.1499682 0.9886816 -0.004290401 0.1534159 0.9657886 0.2090842 0.2326407 0.7264927 0.6465963 0.1646028 0.9853928 0.04367053 0.1657177 0.9721649 0.1656295 0.3346188 0.7811835 0.5270509 0.3244318 0.7512478 0.574779 0.3350093 0.7751778 0.5356009 0.307251 0.9515141 0.01475864 0.343855 0.6719794 0.6559021 0.296697 0.9407059 0.1644489 0.3155806 0.9474963 0.05157297 0.4167867 0.9056373 0.0781669 0.4418891 0.6727949 0.5933642 0.4534726 0.7117409 0.5364584 0.4634332 0.6264818 0.6266979 0.4328766 0.8666102 0.248203 0.4775725 0.8751503 -0.07769459 0.5295783 0.5987169 0.6009035 0.5307524 0.5509438 0.6440208 0.5733925 0.6267184 0.527679 0.5583629 0.8023312 0.21094 0.5407225 0.8305043 0.1337229 0.5422865 0.8330835 0.1090757 0.6235711 0.7816035 -0.01597219 0.63734 0.7416505 0.2091703 0.6582671 0.5280291 0.5365349 0.6748299 0.5297442 0.5137857 0.6201732 0.4971489 0.6068181 0.6162338 0.4660471 0.6348668 0.6535438 0.7396332 0.1606965 0.6593369 0.7461867 0.09208887 0.7151285 0.6972509 -0.04932194 0.6741636 0.4009386 0.6202837 0.717283 0.4227769 0.5538636 0.6778187 0.3998005 0.6170263 0.7655571 0.4162446 0.490574 0.7526747 0.6237323 0.2108054 0.6862587 0.3451224 0.6402652 0.782674 0.6117393 0.1148768 0.7822592 0.6113775 0.1195337 0.8210741 0.5677415 -0.05922132 0.7670906 0.2939895 0.5702126 0.7582488 0.288199 0.5848078 0.8239192 0.516274 0.2337061 0.739344 0.2470126 0.6263827 0.8749951 0.4750725 0.09321981 0.872255 0.4737152 0.1215125 0.7744411 0.1793198 0.6067004 0.8362032 0.1766749 0.5191822 0.9126428 0.3965225 -0.09926199 0.7562077 0.1414809 0.638853 0.8907731 0.3611551 0.2758448 0.8047772 0.07069253 0.5893525 0.8697488 0.07626932 0.4875656 0.9406235 0.318086 0.1185274 0.9394321 0.3177851 0.1283752 0.9572077 0.1876016 0.2203612 0.8376855 -0.004052817 0.5461381 0.8366111 0.003196835 0.5477882 0.9813374 0.1918921 -0.01243352 0.981508 0.1897603 -0.02516448 0.9709818 0.1741633 0.163895 0.7796081 -0.08785402 0.6200751 0.7963021 -0.07380008 0.6003804 0.8958832 -0.03300207 0.4430624 0.8418586 -0.07872384 0.5339257 0.8619008 -0.04769444 0.5048289 0.9325339 -0.06793087 0.3546351 0.865522 -0.1404562 0.4807741 0.7553709 -0.1661282 0.6338899 0.9862976 0.06092536 0.1533142 0.9989901 0.01503604 -0.04233938 0.9984726 0.04678058 0.0293976 0.7684525 -0.1872377 0.611901 0.8230381 -0.2052943 0.5295873 0.8330126 -0.258799 0.488992 0.9939575 -0.05707043 0.09376323 0.9882695 -0.06240981 0.1393862 0.7360315 -0.276935 0.6177093 0.7684375 -0.2897486 0.5705695 0.7163221 -0.2829683 0.6378179 0.9826786 -0.1847602 -0.01436954 0.9723691 -0.1695052 0.1605188 0.9809366 -0.1903526 -0.03910839 0.9713661 -0.1705562 0.1654045 0.6790085 -0.3879971 0.6232221 0.7733025 -0.4041001 0.4885759 0.7012545 -0.4120717 0.5817552 0.6866078 -0.4037566 0.6046076 0.9244272 -0.3160972 0.2133467 0.9255297 -0.3264833 0.1918429 0.9385033 -0.3310073 0.09821295 0.921741 -0.3831915 -0.05964642 0.8717288 -0.4416005 0.2123155 0.698606 -0.5326732 0.4777122 0.592039 -0.4789488 0.6481497 0.8757324 -0.4678695 0.1191264 0.8732171 -0.4666267 0.1405403 0.6012025 -0.5392299 0.5897344 0.6085717 -0.5460199 0.5757629 0.6111198 -0.6119613 0.5020318 0.8325102 -0.5487042 -0.07648837 0.7878506 -0.5769159 0.2155448 0.5092671 -0.5653569 0.6488595 0.7817942 -0.6111742 0.1235483 0.7820178 -0.6113361 0.1213111 0.4995718 -0.6210815 0.6038923 0.5173081 -0.6424307 0.5653983 0.5099345 -0.7086555 0.487621 0.7298983 -0.6826187 -0.03578054 0.702787 -0.6722443 0.232762 0.4156146 -0.6426541 0.6436306 0.6796314 -0.7234129 0.1215527 0.6821554 -0.7266608 0.08141374 0.4340501 -0.7010423 0.5658094 0.4118455 -0.6638874 0.6242091 0.6367502 -0.7706263 -0.02615845 0.5936093 -0.7729169 0.2241151 0.3791157 -0.7749539 0.5056855 0.5685201 -0.8134632 0.1227291 0.5692512 -0.8144395 0.1124343 0.3416453 -0.758411 0.5550598 0.3228369 -0.7178692 0.6167984 0.3017891 -0.7070843 0.639496 0.4982745 -0.8354891 0.2316905 0.4948717 -0.8652673 -0.08009159 0.2717692 -0.8226848 0.499331 0.4303473 -0.8930916 0.1311063 0.4312894 -0.8950386 0.1135587 0.2074118 -0.7568436 0.619813 0.2100503 -0.7921282 0.5730724 0.2033276 -0.7652006 0.6108405 0.3906067 -0.8943544 0.2180755 0.3180949 -0.9229177 0.2168835 0.1651772 -0.8510317 0.4984593 0.1320023 -0.7567113 0.6402841 0.3056238 -0.9371421 0.1684008 0.3100449 -0.9505736 -0.01679342 0.3126233 -0.949859 -0.005889832 0.08165591 -0.8459134 0.5270323 0.06912773 -0.8023356 0.5928566 0.1961972 -0.9661684 0.1674082 0.1855529 -0.9800621 0.07105243 0.1359155 -0.9905608 -0.01778662 0.08314478 -0.9940848 0.06987547 0.06147885 -0.9755607 0.2109548 0.8778401 0.06949907 0.4738848 0.9166877 0.08702367 0.3900134 0.8707359 0.2219377 0.4388197 0.01814389 -0.03199428 0.9993234 0.02842193 -0.03716623 0.9989048 0.02502882 -0.03019124 0.9992308 0.03211086 -0.03278183 0.9989466 0.02802854 -0.02638059 0.999259 0.04067426 -0.02969729 0.9987311 0.03091597 -0.02031469 0.9993155 0.04524916 -0.02152591 0.9987439 0.03353953 -0.01388269 0.999341 0.05041134 -0.01296716 0.9986444 0.03503638 -0.006940603 0.999362 0.0513854 -0.003711938 0.998672 0.03457725 6.26708e-4 0.9994019 0.04847615 0.0049721 0.998812 0.02963411 0.005841195 0.9995439 0.04670983 0.01508539 0.9987946 0.03291368 0.01426506 0.9993564 0.04140156 0.0199989 0.9989424 0.03204536 0.02212405 0.9992415 0.03783142 0.0275197 0.9989051 0.0281468 0.02749752 0.9992256 0.03164321 0.03274804 0.9989627 0.02471578 0.03098136 0.9992144 0.02780401 0.03724175 0.9989195 0.01811993 0.03328406 0.9992817 0.01934826 0.03667396 0.99914 0.0165959 0.04392755 0.9988969 0.01124799 0.03466975 0.9993356 0.009554624 0.04551601 0.998918 0.005620419 0.03706836 0.999297 0.004272162 0.04743254 0.9988653 -0.001739442 0.03648465 0.9993327 -9.53936e-4 0.04376322 0.9990415 -0.006078958 0.03907406 0.9992179 -0.00872457 0.04649829 0.9988803 -0.01191771 0.03573524 0.9992902 -0.01489067 0.04142791 0.9990306 -0.02080774 0.03907376 0.9990198 -0.01788783 0.03130787 0.9993497 -0.02891856 0.03776848 0.998868 -0.02533221 0.03017717 0.9992236 -0.03225153 0.03310114 0.9989315 -0.02772176 0.02575016 0.999284 -0.04021656 0.02931827 0.9987608 -0.03037613 0.01976299 0.9993432 -0.04580682 0.02182817 0.9987119 -0.03303223 0.01342916 0.9993641 -0.04964351 0.0131275 0.9986808 -0.03510171 0.006922066 0.9993598 -0.04873865 0.00422585 0.9988027 -0.03693491 2.18458e-4 0.9993177 -0.04580098 -0.001740753 0.9989491 -0.03867381 -0.00650078 0.9992308 -0.04805356 -0.01017141 0.998793 -0.03547614 -0.01067829 0.9993135 -0.04553592 -0.01821559 0.9987967 -0.03343999 -0.01670831 0.9993011 -0.04012548 -0.02219355 0.9989482 -0.03037482 -0.02336394 0.9992655 -0.03519421 -0.02822285 0.998982 -0.02817088 -0.03253018 0.9990738 -0.02438414 -0.02911156 0.9992788 -0.02576702 -0.04167079 0.9987992 -0.01698869 -0.03124457 0.9993674 -0.01871526 -0.04757553 0.9986923 -0.01008832 -0.03269708 0.9994144 -0.01028335 -0.04893064 0.9987493 -0.003418922 -0.0389477 0.9992355 -0.003014981 -0.03711986 0.9993063 0.002295017 -0.04955559 0.9987688 0.005186021 -0.03659796 0.9993166 0.008737325 -0.04648113 0.998881 0.01190251 -0.03574931 0.9992899 0.01490819 -0.04145437 0.9990292 0.02080321 -0.0390523 0.9990206 0.04090577 0.7962095 -0.6036369 0.07550102 0.8834117 -0.4624755 0.2148624 0.8859652 -0.4109741 0.2198933 0.8711777 -0.4389719 0.2164918 0.8926177 -0.3954303 0.2863448 0.9250586 -0.2495461 0.3482452 0.8286688 -0.438216 0.3742558 0.8569114 -0.354451 0.4155567 0.8578146 -0.3024351 0.4686305 0.7656918 -0.4405699 0.4788502 0.8216876 -0.3090822 0.4970005 0.8207575 -0.2816876 0.5804673 0.6869852 -0.4371602 0.590174 0.6901122 -0.4188556 0.6080792 0.7116456 -0.3518527 0.6362937 0.7166543 -0.2855468 0.6867814 0.5649093 -0.4573936 0.7264528 0.5687033 -0.3858017 0.7429805 0.5818913 -0.3307303 0.7491779 0.5821104 -0.316038 0.7653918 0.4294923 -0.4792824 0.8208312 0.4162879 -0.3910762 0.8407245 0.4258444 -0.3344231 0.8471492 0.4425347 -0.294111 0.8239111 0.3011421 -0.4800875 0.868856 0.2826915 -0.4064169 0.9027429 0.2943732 -0.3136875 0.9079388 0.3051422 -0.2872901 0.8719938 0.1499389 -0.4659885 0.8857856 0.1633254 -0.4344061 0.9226679 0.1702752 -0.345963 0.9601401 0.1403589 -0.2417235 0.8950159 -0.008263289 -0.4459579 0.9167416 0.007046997 -0.3994185 0.9255517 0.007114052 -0.3785544 0.9694825 -0.04073137 -0.2417537 0.8865198 -0.1339701 -0.442871 0.9069085 -0.1615782 -0.3891136 0.9125886 -0.1626139 -0.3751518 0.8472973 -0.2312544 -0.4781306 0.9451016 -0.2201638 -0.2414767 0.8708963 -0.3023788 -0.3874361 0.8793198 -0.3053591 -0.3654485 0.8002846 -0.3715659 -0.4706203 0.8118631 -0.3959388 -0.4290814 0.8855417 -0.3895872 -0.2530569 0.8444111 -0.4117974 -0.3426266 0.7351548 -0.5152482 -0.4405301 0.7331107 -0.5103285 -0.4495703 0.7847226 -0.5455783 -0.2942019 0.7945967 -0.5403574 -0.2768215 0.6786825 -0.6153263 -0.4009534 0.726381 -0.6283429 -0.2784888 0.6975641 -0.6325916 -0.3365001 0.6197634 -0.6144725 -0.4881772 0.5814118 -0.7224845 -0.3741342 0.5951605 -0.7395531 -0.3143966 0.6075772 -0.7370352 -0.2960221 0.4955106 -0.7141966 -0.4943607 0.5286675 -0.8090729 -0.2567325 0.457981 -0.8079797 -0.3707054 0.4562788 -0.8048934 -0.3794161 0.3553593 -0.7883453 -0.5022265 0.3947466 -0.8830794 -0.2536652 0.3123154 -0.8750888 -0.369701 0.3116232 -0.8732275 -0.3746529 0.2065005 -0.8471446 -0.4895953 0.2711521 -0.9264434 -0.2611114 0.1609035 -0.9090384 -0.3843949 0.1626897 -0.9190467 -0.3590059 0.07654607 -0.8779338 -0.4726235 0.01113086 -0.8083988 -0.5885301 0.04388099 -0.7784067 -0.6262249 0.1146458 -0.9635791 -0.2416028 0.05558049 -0.8818204 -0.4682987 0.02212256 -0.9114348 -0.4108495 0.04360955 -0.9989845 -0.01132827 0.08030134 0.8477315 -0.5243119 0.05203586 0.7989054 -0.5992016 0.09678089 0.7609131 -0.6415954 0.0509178 0.9093251 -0.4129593 0.1085994 0.9682658 -0.2250944 0.1847189 0.8201397 -0.5415256 0.2105178 0.8394253 -0.5010463 0.1815809 0.7560105 -0.6288693 0.1729919 0.767867 -0.6168096 0.08305788 0.9964829 -0.01110917 0.1152915 0.9900219 -0.08102196 0.2839225 0.7699452 -0.5714651 0.2717365 0.7369422 -0.6189311 0.2067959 0.9779316 0.02975034 0.2782873 0.7190403 -0.6368182 0.3486354 0.7984851 -0.4907902 0.2718927 0.9565963 -0.1048707 0.2704814 0.9508975 -0.1504456 0.2885238 0.9319939 -0.219412 0.4390434 0.7450575 -0.5021259 0.4078172 0.7449541 -0.5279475 0.37997 0.6938108 -0.6117593 0.3648443 0.9298501 0.04761749 0.391045 0.6575199 -0.6440119 0.3946231 0.9054918 -0.1560684 0.4077423 0.9095466 -0.08044546 0.4814839 0.6645297 -0.5714661 0.464413 0.6414881 -0.6105847 0.4736025 0.6058077 -0.6392948 0.5671959 0.6705182 -0.4782199 0.5088519 0.8595072 -0.04813784 0.5252507 0.8508333 0.01394361 0.5165337 0.8284923 -0.2163181 0.5400356 0.5594724 -0.6287705 0.5761523 0.5715898 -0.5842378 0.5644896 0.5598257 -0.6065861 0.5836986 0.4951847 -0.6434967 0.6815829 0.56052 -0.4703851 0.6267251 0.7644645 -0.1510286 0.6325573 0.7725537 -0.05506545 0.6551688 0.7551951 0.02083921 0.6438589 0.7259409 -0.2417761 0.6494322 0.4491986 -0.6135622 0.6714863 0.4647947 -0.5771241 0.6491944 0.4491758 -0.6138305 0.7097461 0.6921039 -0.1313498 0.7134339 0.6954999 -0.08539396 0.7610604 0.4272035 -0.4881438 0.7426394 0.3673126 -0.5599716 0.7132532 0.3534384 -0.6052696 0.7700414 0.5982979 -0.221531 0.7797157 0.6253278 0.03175902 0.6982356 0.325809 -0.6374288 0.7971902 0.6003348 -0.06392133 0.7866047 0.5927395 -0.1729539 0.735917 0.2501002 -0.6291869 0.8150073 0.2977975 -0.4970712 0.7417879 0.2475947 -0.6232557 0.7952278 0.2664772 -0.5446125 0.8751044 0.4839342 -2.27617e-4 0.8706865 0.4543417 -0.1883582 0.886596 0.4543021 -0.08693337 0.8783578 0.4498844 -0.1615298 0.7590288 0.1495012 -0.6336599 0.7681366 0.1619638 -0.6194627 0.8180484 0.1720715 -0.5488061 0.8637421 0.1485241 -0.4815499 0.9280729 0.3711124 0.03092551 0.771368 0.06486588 -0.6330749 0.9273556 0.3119924 -0.2065733 0.9457624 0.3093422 -0.09920114 0.935153 0.3058626 -0.1787099 0.7896013 0.05098146 -0.6114988 0.8203249 0.0528599 -0.5694497 0.867627 -0.00807625 -0.4971501 0.9778084 0.2069923 0.03232651 0.8317432 -0.04423367 -0.5533956 0.7844998 -0.04190188 -0.6187118 0.9720456 0.1826554 -0.1475276 0.9820647 0.1842404 -0.04005789 0.7780061 -0.0466426 -0.6265231 0.956954 0.1398952 -0.2542998 0.7625823 -0.1256566 -0.6345698 0.8521715 -0.1288413 -0.5071524 0.9942998 0.04055565 -0.09860605 0.9978256 0.04068779 -0.05185347 0.780619 -0.1634621 -0.603253 0.8047447 -0.1684341 -0.569224 0.9983952 0.03803384 -0.0419597 0.7399371 -0.1986888 -0.6426633 0.8380072 -0.2286902 -0.4954239 0.9605093 -0.04035741 -0.2753056 0.9960489 -0.08646672 0.02025532 0.7277832 -0.2886902 -0.6220849 0.9863288 -0.12501 -0.1073683 0.9881404 -0.1251923 -0.08891355 0.7579537 -0.3080963 -0.5749634 0.7336466 -0.2982231 -0.6105945 0.793006 -0.3682053 -0.4853518 0.9450696 -0.2201572 -0.241608 0.9666968 -0.255567 -0.0135219 0.9552433 -0.2574772 -0.1456561 0.9656113 -0.2599346 0.005376815 0.6587741 -0.3954152 -0.6400496 0.665213 -0.4150552 -0.6206617 0.6981366 -0.4353251 -0.5684166 0.6116531 -0.4783095 -0.6301592 0.713858 -0.5008911 -0.4894026 0.8932546 -0.3929548 -0.2183638 0.9025815 -0.4303364 -0.01254665 0.9051253 -0.4226284 -0.04618787 0.8974124 -0.4190255 -0.1380894 0.6155259 -0.5118972 -0.5992406 0.6351038 -0.5283601 -0.5634527 0.6205911 -0.615341 -0.486027 0.8139885 -0.5401384 -0.2137132 0.5680758 -0.6112388 -0.5510691 0.5319371 -0.5724238 -0.6239984 0.8078544 -0.5893784 -0.002136409 0.8192387 -0.5716713 -0.04516732 0.5003812 -0.5669931 -0.6543222 0.4738028 -0.6467418 -0.5976924 0.4962635 -0.6775788 -0.5427796 0.7413378 -0.6636373 -0.1000201 0.7306656 -0.6638964 -0.1592782 0.4968156 -0.7160677 -0.4903278 0.6990356 -0.7145001 0.02896469 0.3949112 -0.650988 -0.6482745 0.6061 -0.7949536 -0.02630144 0.636551 -0.7678272 -0.07241833 0.6413149 -0.7452248 -0.1826342 0.3718103 -0.7341895 -0.5680871 0.3618865 -0.7139628 -0.5994125 0.3590525 -0.7972164 -0.4853118 0.561402 -0.8234935 -0.08177006 0.528284 -0.8210254 -0.2164099 0.2855413 -0.6942064 -0.6607145 0.4718213 -0.8814961 0.01869249 0.2437296 -0.7789971 -0.5777191 0.2385001 -0.7631807 -0.6005604 0.4458004 -0.885156 -0.1332704 0.4490234 -0.8921065 -0.05024105 0.3972795 -0.8891335 -0.2271797 0.2067034 -0.8478159 -0.4883462 0.155547 -0.7431609 -0.6507819 0.3377805 -0.9412133 0.004696547 0.3448124 -0.9265197 -0.1505513 0.3489916 -0.9367359 -0.02703404 0.1314137 -0.8138998 -0.5659484 0.1246868 -0.7890447 -0.6015494 0.2744116 -0.9349986 -0.2246687 0.2323976 -0.9657058 -0.1157746 0.2328944 -0.9684627 -0.08854556 0.1837967 -0.9821609 0.03973293 0.1152459 -0.959008 -0.258886 0.08464914 -0.9934725 -0.07646542 0.08592075 -0.9788033 -0.1859075 0.1090929 0.9659804 -0.2344797 0.1188077 0.9737122 -0.1943438 -0.7861501 -0.04812073 -0.6161596 -0.7669521 -0.01951235 -0.6414077 -0.7644215 -0.01702678 -0.644492 -0.7797148 0.01645648 -0.6259185 -0.7833579 0.04425787 -0.6199932 -0.7806774 0.08284991 -0.6194182 -0.9994202 -0.02518838 -0.02291214 -0.996687 -0.0805571 0.01121413 -0.9998424 0.0122525 -0.0128597 -0.999602 -0.01382875 -0.02458935 -0.922457 0.2317308 0.3088266 -0.9869258 0.1100831 0.1177251 -0.9996243 0.02723205 0.003144323 -0.9970497 0.0667026 0.03798347 -0.06461423 -0.802303 -0.5934096 -0.07517558 -0.8880663 -0.4535274 -0.006031036 -0.9830788 -0.1830844 -0.008691608 -0.9978473 -0.06500166 -0.1248201 -0.9086284 -0.3985155 -0.1401649 -0.9373319 -0.3190026 -0.219908 -0.8711755 -0.4389692 -0.2232408 -0.8604524 -0.4580232 -0.2349833 -0.903266 -0.3590173 -0.2863451 -0.9250532 -0.2495658 -0.3482526 -0.8286581 -0.4382305 -0.3742629 -0.856912 -0.3544421 -0.415559 -0.8578147 -0.3024317 -0.4686396 -0.7656876 -0.4405671 -0.4788605 -0.8216832 -0.3090785 -0.4970025 -0.8207523 -0.2816988 -0.5804672 -0.6869798 -0.4371688 -0.5901805 -0.6901093 -0.4188511 -0.6080801 -0.7116432 -0.3518559 -0.6362916 -0.716652 -0.2855572 -0.6867844 -0.5649084 -0.4573903 -0.7264577 -0.5686997 -0.3857977 -0.7429892 -0.5818859 -0.3307202 -0.7491755 -0.5821109 -0.3160429 -0.7653848 -0.4294958 -0.4792909 -0.8208232 -0.4162896 -0.3910911 -0.8407291 -0.4258449 -0.334411 -0.8471499 -0.4425315 -0.2941142 -0.8243091 -0.3106091 -0.4733251 -0.8637502 -0.2765757 -0.4212383 -0.7724792 -0.1475175 -0.6176688 -0.803524 -0.09061509 -0.588335 -0.8005401 -0.09139376 -0.5922693 -0.8349824 -0.09013748 -0.542844 -0.9058707 -0.3095593 -0.2890875 -0.906215 -0.2926446 -0.3051777 -0.8901837 -0.1470276 -0.4312261 -0.8752585 -0.1157248 -0.4696068 -0.8574368 -0.09777224 -0.5052158 -0.8915858 -0.1525802 -0.4263734 -0.8562499 -0.1978811 -0.4771575 -0.9120495 -0.1521721 -0.3808012 -0.9674327 -0.1303495 -0.2169862 -0.9273948 -0.1557837 -0.3401037 -0.951147 -0.1361716 -0.2770861 -0.9296419 -0.1532514 -0.3350824 -0.9720047 -0.1316544 -0.1946125 -0.8094333 0.09021997 -0.5802397 -0.7851163 0.08783471 -0.6130885 -0.7781147 0.09587913 -0.6207615 -0.8369943 0.0907855 -0.5396283 -0.9800558 -0.1123686 -0.1639023 -0.9925485 -0.109283 0.05389517 -0.9946236 -0.09650629 -0.03755718 -0.9904577 -0.09826338 -0.096632 -0.9943876 -0.1012386 0.03072923 -0.8606892 0.1025803 -0.4986896 -0.8729555 0.1152997 -0.4739776 -0.8846861 0.1356624 -0.4460114 -0.8962487 0.1740493 -0.4079768 -0.9139115 0.1663714 -0.3702517 -0.931385 0.1480033 -0.3325914 -0.9518657 0.1329846 -0.2761644 -0.9167276 0.1629437 -0.3647739 -0.8935847 0.1602454 -0.4193183 -0.9870668 0.1013225 -0.1242298 -0.9800289 0.1183696 -0.1597874 -0.9938971 0.08977073 -0.0641089 -0.995639 0.09021508 -0.02375578 -0.9745408 0.1300808 -0.1826176 -0.970433 0.1456916 -0.192442 -0.8221954 0.2269241 -0.5220155 -0.9758496 0.1467394 -0.1618183 -0.9858741 0.152505 -0.06924283 -0.8896839 0.2994903 -0.3446277 -0.8125524 0.3946834 -0.428933 -0.8483448 0.3983151 -0.3487928 -0.8666959 0.3874942 -0.3141441 -0.7351599 0.5152438 -0.4405269 -0.7331142 0.5103244 -0.4495695 -0.784726 0.545572 -0.2942049 -0.79459 0.5403583 -0.2768388 -0.6786897 0.6153269 -0.4009405 -0.7263819 0.6283388 -0.2784958 -0.6975589 0.6325877 -0.3365182 -0.6197608 0.6144751 -0.4881771 -0.5814058 0.7224869 -0.3741391 -0.5951584 0.7395492 -0.3144099 -0.6075918 0.7370301 -0.2960049 -0.4955111 0.7141945 -0.4943633 -0.5286687 0.8090727 -0.256731 -0.457983 0.8079797 -0.3707028 -0.4562854 0.8048891 -0.3794169 -0.3553639 0.7883462 -0.5022218 -0.3947463 0.8830774 -0.2536725 -0.3123143 0.8750928 -0.3696926 -0.3116242 0.8732238 -0.3746609 -0.2064762 0.8471379 -0.4896173 -0.2711558 0.926441 -0.2611162 -0.1573443 0.9130916 -0.3761737 -0.1596438 0.9185608 -0.3616077 -0.01675689 0.810502 -0.5854962 -0.07025158 0.8841477 -0.461896 -0.01180917 0.914705 -0.4039496 -0.05902862 0.8851324 -0.4615802 -0.001977622 0.9987329 -0.05028718 -0.0431137 0.9990701 -4.60854e-4 -0.08026158 -0.8478359 -0.5241494 -0.05147713 -0.7993487 -0.5986583 -0.096789 -0.7609011 -0.6416084 -0.009133696 -0.9172774 -0.3981442 -0.04180145 -0.9686943 -0.2447121 -0.2105213 -0.8394264 -0.5010432 -0.1815716 -0.7560179 -0.6288631 -0.1846768 -0.8201203 -0.5415693 -0.1729556 -0.7679141 -0.6167613 -0.08620214 -0.9962629 -0.005428612 -0.1213474 -0.9898647 -0.07377588 -0.2839244 -0.7699414 -0.5714693 -0.2717376 -0.7369431 -0.6189295 -0.2068189 -0.9779266 0.02976077 -0.2782891 -0.7190441 -0.6368131 -0.3486409 -0.7984848 -0.4907868 -0.2704858 -0.9508975 -0.1504369 -0.2718979 -0.9565968 -0.1048528 -0.2885248 -0.931993 -0.2194144 -0.43905 -0.7450523 -0.5021277 -0.3799732 -0.6938137 -0.611754 -0.4078198 -0.744951 -0.5279499 -0.3520329 -0.9356415 0.02545452 -0.3910468 -0.6575205 -0.6440104 -0.3946286 -0.905489 -0.1560704 -0.4079492 -0.9095649 -0.07917833 -0.4814826 -0.6645374 -0.5714582 -0.4644131 -0.6414858 -0.610587 -0.4736015 -0.6058113 -0.6392921 -0.4682374 -0.8834887 -0.01420146 -0.5672038 -0.6705185 -0.4782101 -0.5116736 -0.8551536 -0.08308023 -0.5165407 -0.8284906 -0.2163077 -0.5400372 -0.559475 -0.6287668 -0.5644828 -0.5598297 -0.6065887 -0.5761523 -0.5715941 -0.5842336 -0.5836944 -0.4951906 -0.643496 -0.5966755 -0.8020335 0.02684915 -0.6815823 -0.5605155 -0.4703912 -0.6438641 -0.7259382 -0.2417705 -0.6267282 -0.7644618 -0.1510301 -0.6319661 -0.7716563 -0.07187223 -0.6474353 -0.4506998 -0.6145708 -0.6952098 -0.7186883 0.01306623 -0.6508455 -0.4503375 -0.6112254 -0.6714824 -0.4648027 -0.5771222 -0.7149695 -0.6968584 -0.05663144 -0.7097523 -0.6920982 -0.1313459 -0.6716994 -0.3783625 -0.6369158 -0.7610635 -0.4272031 -0.4881393 -0.7056237 -0.3498276 -0.616211 -0.7426355 -0.3673198 -0.5599721 -0.7700439 -0.598294 -0.2215327 -0.7001556 -0.3221955 -0.6371595 -0.7866069 -0.592736 -0.1729558 -0.7982051 -0.6010209 -0.04052907 -0.8083615 -0.5883699 0.01930928 -0.7359978 -0.2499465 -0.6291535 -0.8040603 -0.3093402 -0.5077357 -0.7511849 -0.2434566 -0.6135555 -0.7841749 -0.1810096 -0.5935531 -0.8706911 -0.454339 -0.1883431 -0.8705786 -0.4544026 -0.1887099 -0.8839643 -0.461739 -0.07351565 -0.9003336 -0.4348905 0.0164268 -0.9351485 -0.346919 -0.07172638 -0.9196728 -0.3558439 -0.1660642 -0.9558261 -0.2938167 -0.008266568 -0.9327262 -0.2497767 -0.2600644 -0.9758374 -0.1940191 -0.1004891 -0.8463337 0.222747 -0.483842 -0.7345008 0.2072516 -0.6461853 -0.7837899 0.1823844 -0.5936408 -0.9394202 0.2476913 -0.2369363 -0.7766077 0.3230124 -0.5408729 -0.7371119 0.3065344 -0.6022481 -0.6941047 0.3243471 -0.6426645 -0.788535 0.3718249 -0.489856 -0.9682008 0.2488908 0.02531301 -0.9504764 0.252475 -0.1812489 -0.947807 0.2543726 -0.1922409 -0.9643787 0.262873 -0.02952325 -0.6645235 0.4128863 -0.622843 -0.6652172 0.4150542 -0.6206578 -0.6981347 0.4353308 -0.5684146 -0.71386 0.500887 -0.489404 -0.6116521 0.4783117 -0.6301584 -0.8929588 0.3979523 -0.2103775 -0.9026557 0.4301813 -0.01251941 -0.9052776 0.4221407 -0.04764115 -0.8968624 0.4200074 -0.1386783 -0.6170856 0.5297097 -0.5819048 -0.6203243 0.532544 -0.5758427 -0.6279171 0.6229228 -0.4665699 -0.813993 0.5401342 -0.2137066 -0.8078608 0.5893697 -0.002141773 -0.8192401 0.5716701 -0.04515814 -0.4927119 0.5579921 -0.6677424 -0.4950863 0.6445407 -0.5826294 -0.4942174 0.6434127 -0.5846104 -0.7413389 0.6636376 -0.1000095 -0.7306675 0.6638964 -0.1592692 -0.4968163 0.7160696 -0.4903243 -0.6990404 0.7144956 0.02895957 -0.3949109 0.6509892 -0.6482734 -0.6413233 0.7452153 -0.1826436 -0.6060993 0.7949543 -0.0262959 -0.6365535 0.7678259 -0.0724098 -0.3618883 0.7139652 -0.5994085 -0.3718093 0.7341874 -0.5680906 -0.3590511 0.7972146 -0.4853157 -0.5614067 0.8234895 -0.08177727 -0.5282925 0.8210167 -0.2164223 -0.2855418 0.6942064 -0.6607144 -0.4718208 0.8814963 0.01868861 -0.2384965 0.7631819 -0.6005606 -0.2437291 0.7789989 -0.5777169 -0.4490154 0.8921104 -0.05024373 -0.4457915 0.8851611 -0.1332669 -0.3972776 0.889137 -0.2271695 -0.1569675 0.7435564 -0.6499887 -0.2066864 0.8478422 -0.4883078 -0.3377728 0.9412161 0.004696786 -0.3448039 0.9265228 -0.1505519 -0.3489917 0.9367358 -0.02703541 -0.1259563 0.7854297 -0.6059995 -0.1343384 0.8153913 -0.5631078 -0.2744119 0.9349995 -0.2246645 -0.06705355 0.7779786 -0.6247026 -0.2328831 0.9684653 -0.08854645 -0.2323922 0.9657088 -0.1157608 -0.1840993 0.9821361 0.03893643 -0.1305112 0.9617056 -0.2410169 -0.08855754 0.9935997 -0.07012265 -0.04192423 0.9778668 -0.2049849 -0.01837098 0.968491 -0.2483702 -0.08753669 0.9754477 -0.2020874 -0.1183395 -0.9699608 -0.2125369 -0.1237545 -0.9733722 -0.192955 -0.9664859 -0.2312505 -0.1114819 0.3394349 0.2436639 -0.9085218 0.271466 0.2900999 -0.9176864 0.2491807 0.2691855 -0.9302947 0.3447651 0.4078117 -0.8454743 0.2140341 0.374264 -0.9022837 0.1699851 0.3067668 -0.9364824 0.1244346 0.3677392 -0.921566 0.0698328 0.4465112 -0.8920489 0.06734293 0.2853237 -0.9560624 -0.003522872 0.4369237 -0.8994917 -0.01467502 0.4740921 -0.880353 -0.05889397 0.4099768 -0.9101926 -0.1125734 0.4750822 -0.8727108 -0.1095476 0.3057382 -0.9457926 -0.2191818 0.4398153 -0.8709316 -0.2168805 0.3285812 -0.9192373 -0.2204198 0.3348152 -0.9161408 -0.326376 0.4301079 -0.841716 -0.3122094 0.2984911 -0.9019026 -0.1906812 0.1978989 -0.9614972 -0.3705587 0.3197011 -0.8720536 -0.3373833 0.2257943 -0.913887 -0.2658625 0.1635673 -0.9500331 -0.3670306 0.1600531 -0.916336 -0.2859678 0.07583689 -0.9552336 -0.3180283 0.09013634 -0.9437868 -0.4232718 0.01434504 -0.9058892 -0.3415812 0.0204845 -0.939629 -0.4090644 -0.06435602 -0.9102333 -0.4689616 -0.1344262 -0.8729288 -0.368645 -0.1447405 -0.9182327 -0.3034826 -0.1252979 -0.9445628 -0.5112552 -0.2456714 -0.8235678 0.4552 0.2505935 -0.854398 0.3942918 0.2280666 -0.8902357 0.559616 0.3638024 -0.7446327 0.5271102 0.3475419 -0.7754803 0.0582388 0.03993165 -0.9975038 0.4780896 0.4029894 -0.7804038 0.4396564 0.4587982 -0.7721443 0.1350992 0.133696 -0.9817706 0.3543489 0.4193306 -0.8358222 0.09010803 0.1018584 -0.9907096 0.3726464 0.4767515 -0.7961424 0.3198568 0.5392161 -0.7790622 0.2655184 0.4891032 -0.8308298 0.006872475 0.01138901 -0.9999116 0.2188983 0.5694478 -0.7923465 0.1822058 0.5371701 -0.8235589 0.04610413 0.1049645 -0.9934067 0.1420936 0.5857689 -0.7979249 0.09844058 0.5540839 -0.82662 0.08321768 0.6155946 -0.783657 0.05339646 0.2366402 -0.970129 0.02013975 0.1672539 -0.9857082 -0.01823997 0.5896707 -0.8074378 -0.01491177 0.62449 -0.7808905 -0.01470506 0.6081629 -0.7936761 -8.40745e-4 0.2095702 -0.9777932 -0.1274251 0.6058912 -0.7852762 -0.129813 0.5336069 -0.8357107 -0.02199983 0.173393 -0.9846071 -0.02367502 0.1576664 -0.9872086 -0.2425304 0.5899569 -0.7701492 -0.2392166 0.4857547 -0.8407245 -0.08429676 0.2343891 -0.9684813 -0.3410521 0.549009 -0.763068 -0.07094371 0.1325864 -0.9886293 -0.3475685 0.4619736 -0.8159513 -0.07305133 0.1378492 -0.9877556 -0.006985962 0.01026904 -0.9999229 -0.4961335 0.5620049 -0.6618173 -0.4431459 0.3717393 -0.8157401 -0.4503523 0.3800214 -0.8079398 -0.1408481 0.1409689 -0.9799438 -0.1258008 0.1195122 -0.9848305 -0.5194807 0.3174735 -0.7933161 -0.5000854 0.291689 -0.8153724 -0.1679695 0.1087285 -0.9797777 -0.528914 0.2479174 -0.811657 -0.5157881 0.2313889 -0.8248769 -0.1099599 0.05926769 -0.9921675 -0.5834783 0.1628649 -0.7956307 -0.5480204 0.1359581 -0.8253418 -0.2056714 0.05845528 -0.9768737 -0.597885 0.07107198 -0.798425 -0.1275884 0.02432191 -0.991529 -0.5425734 0.03293669 -0.8393625 -0.2038785 0.005031228 -0.9789834 -0.6471665 -0.02180862 -0.7620368 -0.1712396 -0.008407056 -0.9851936 -0.6381302 -0.1196072 -0.7605814 -0.2386202 -0.03801524 -0.9703686 -0.5541307 -0.1587774 -0.8171469 -0.5901118 -0.1910622 -0.7843873 -0.0144149 -0.002429604 -0.9998933 -0.06314986 -0.02228039 -0.9977554 -0.1687024 -0.05868995 -0.9839182 -0.1909668 -0.07309949 -0.9788709 -0.5131292 -0.2398494 -0.8241182 -0.5228874 -0.2539646 -0.8136897 0.1445606 0.1085764 -0.9835209 0.1874882 0.1280828 -0.9738804 0.3691169 0.2843003 -0.8848311 0.4443206 0.3392927 -0.8291319 0.1348118 0.2268266 -0.9645597 0.1396957 0.2350203 -0.9618995 -0.4487904 -0.05760216 -0.8917788 -0.5715071 -0.07263511 -0.8173763 -0.5490759 -0.3212113 -0.7715822 -0.1429862 -0.08215194 -0.9863093 -0.3345636 -0.2394301 -0.9114497 -0.2856864 -0.3126652 -0.9058829 -0.3447626 -0.4078069 -0.8454777 -0.1467759 -0.1817483 -0.9723294 -0.2140261 -0.3742647 -0.9022853 -0.2035083 -0.3581579 -0.9112121 -0.0994119 -0.2594442 -0.960628 -0.1066365 -0.3155171 -0.9429092 -0.07403373 -0.4624933 -0.8835266 -0.07063269 -0.4240079 -0.9029 0.0096125 -0.4573044 -0.8892583 0.01467418 -0.4740956 -0.8803511 -0.008993268 -0.263371 -0.9646527 0.05889666 -0.4099814 -0.9101904 0.1125762 -0.4750772 -0.8727133 0.1095513 -0.305737 -0.9457925 0.2191779 -0.4398119 -0.8709344 0.2168797 -0.3285782 -0.9192386 0.2204232 -0.3348243 -0.9161368 0.3263628 -0.4301087 -0.8417209 0.3122109 -0.2984876 -0.9019033 0.1906751 -0.1978957 -0.961499 0.370562 -0.3197011 -0.8720522 0.3373808 -0.2257983 -0.913887 0.2658599 -0.1635684 -0.9500336 0.3670381 -0.1600527 -0.9163331 0.2859656 -0.07583642 -0.9552344 0.3180336 -0.09013718 -0.9437849 0.4232885 -0.01434481 -0.9058814 0.3415744 -0.02048599 -0.9396315 0.2832816 0.05542939 -0.9574336 0.3724476 0.138775 -0.9176189 0.3991884 0.1490728 -0.9046691 -0.5103831 -0.3458907 -0.7873175 -0.4781015 -0.4029934 -0.7803943 -0.4396581 -0.4587998 -0.7721423 -0.3543523 -0.4193355 -0.8358183 -0.1151313 -0.1290512 -0.9849318 -0.3726482 -0.476751 -0.7961419 -0.1521025 -0.1888921 -0.9701468 -0.3198546 -0.5392146 -0.779064 -0.2655209 -0.4891002 -0.8308307 -0.006872415 -0.01138901 -0.9999116 -0.2188944 -0.5694503 -0.7923457 -0.1822062 -0.5371791 -0.823553 -0.07233458 -0.1884683 -0.9794118 -0.05579823 -0.1280952 -0.9901911 -0.1420922 -0.5857778 -0.7979187 -0.09844243 -0.5540859 -0.8266184 -0.08317387 -0.6157615 -0.7835304 -0.01462495 -0.1218193 -0.9924446 0.01307106 -0.6734027 -0.7391604 0.01370573 -0.6081892 -0.7936739 0.01818585 -0.5878529 -0.8087635 -0.004959523 -0.2194245 -0.9756169 0.1268649 -0.6189218 -0.7751395 0.1298104 -0.5335979 -0.8357169 0.02199822 -0.1733957 -0.9846065 0.02367269 -0.1576641 -0.987209 0.2425335 -0.5899587 -0.7701469 0.2392153 -0.4857608 -0.8407215 0.08429354 -0.234391 -0.968481 0.3410469 -0.5490085 -0.7630707 0.07094055 -0.1325874 -0.9886295 0.3475672 -0.4619701 -0.8159539 0.07305616 -0.1378485 -0.9877554 0.006978988 -0.01026898 -0.9999229 0.496133 -0.5620002 -0.6618217 0.4431445 -0.3717439 -0.8157387 0.4503468 -0.3800174 -0.8079447 0.1408429 -0.1409686 -0.9799445 0.1258084 -0.1195134 -0.9848293 0.509911 -0.2955421 -0.8078649 0.5252987 -0.3118655 -0.7917078 0.1679707 -0.108727 -0.9797777 0.5068287 -0.2270733 -0.8316025 0.1099576 -0.05926692 -0.9921677 0.5619449 -0.2227742 -0.7966114 0.5615026 -0.1549201 -0.8128436 0.5347822 -0.1329435 -0.8344664 0.2056855 -0.05845612 -0.9768708 0.5884033 -0.0938732 -0.8030999 0.1275895 -0.02432203 -0.9915288 0.5621863 -0.03609251 -0.8262228 0.6020113 -0.0266503 -0.7980428 0.2038672 -0.005032122 -0.9789856 0.6389619 0.0444526 -0.7679529 0.1712421 0.008406758 -0.9851932 0.586738 0.1210561 -0.8006772 0.271401 0.05255556 -0.9610305 0.5608085 0.1653165 -0.8112733 0.5897479 0.1914182 -0.7845741 0.0153464 0.002464294 -0.9998793 0.6361425 0.309454 -0.7067963 0.1191368 0.04209941 -0.9919849 0.5116686 0.2323068 -0.8271812 0.5223856 0.2544798 -0.8138509 0.2641247 0.08754873 -0.9605068 0.2859215 0.1352164 -0.9486651 -0.1418907 -0.101189 -0.9846969 -0.3589226 -0.2679715 -0.8940727 -0.4371235 -0.3261762 -0.8381719 -0.2852305 -0.1974607 -0.9378982 -0.1500357 -0.1091064 -0.9826419 0.4487823 0.05758029 -0.8917841 0.5357956 0.07838904 -0.8407011 0.1884009 0.09811562 -0.9771788 0.00100851 0.008356392 -0.9999647 -0.02138221 -0.002121806 -0.9997691 0.02390599 -0.01273626 -0.9996331 0.01619064 0.02175939 -0.9996321 0.005902945 0.04734164 -0.9988614 0.007754027 -0.01793324 -0.9998092 0.01882803 -0.02231383 -0.9995737 0.0319935 -0.04308921 -0.9985588 0.006639897 -0.0464828 -0.9988971 -0.01116675 0.03772938 -0.9992256 0.01628929 0.02240675 -0.9996163 0.02072304 0.007451772 -0.9997575 0.02567321 0.0413559 -0.9988146 0.04100918 0.02676963 -0.9988001 0.02388298 -0.03856259 -0.9989708 -0.01748913 -0.03706783 -0.9991597 0.006827116 -0.0025267 -0.9999736 0.01927417 0.002595365 -0.9998109 0.05178344 0.0135852 -0.998566 0.0302062 -0.01362872 -0.9994508 0.04166299 -0.02234691 -0.9988819 0.003218948 -6.84205e-4 -0.9999946 0.02525418 0.03230249 -0.999159 0.03834998 -0.01452022 -0.9991589 0.04744982 0.008669614 -0.9988361 0.04355025 -0.009875476 -0.9990025 -0.01655739 -0.02059948 -0.9996508 -0.005903005 -0.04734164 -0.9988613 -0.01267564 0.01988059 -0.9997221 -0.0188294 0.02231383 -0.9995738 -0.03199434 0.04308944 -0.9985588 -0.006638705 0.04648268 -0.9988971 7.4586e-4 -0.002870142 -0.9999956 0.01397997 -0.03614455 -0.9992488 -0.01673287 -0.02289611 -0.9995979 -0.02072268 -0.007451236 -0.9997575 -0.02567321 -0.04135584 -0.9988146 -0.04099529 -0.02677488 -0.9988005 -0.02388298 0.03856277 -0.9989708 0.015621 0.03779774 -0.9991634 -0.006482899 0.00266838 -0.9999755 -0.019275 -0.002595305 -0.9998109 -0.005320966 0.008205592 -0.9999522 -0.0500074 -0.01156729 -0.998682 -0.03020358 0.0136286 -0.9994509 -0.04166287 0.02234703 -0.9988818 -0.02525383 -0.03230285 -0.9991591 -0.03835225 0.0145201 -0.9991588 -0.04745 -0.008669078 -0.998836 -0.04354923 0.009875476 -0.9990025 -0.006153047 -0.09191572 0.9957478 -0.04541915 -0.2418127 0.9692594 -0.02767813 -0.2140528 0.9764299 -0.008053123 -0.4046131 0.9144526 -0.0411005 -0.4920635 0.8695886 -0.02400743 -0.5761619 0.816983 -0.03187566 -0.5628949 0.8259136 -0.01291763 -0.6855501 0.7279109 -0.03427422 -0.748771 0.6619421 -0.003383398 -0.8134266 0.5816578 -0.02840298 -0.8969693 0.4411795 -0.01429963 -0.9187763 0.3945198 -0.02073705 -0.9651423 0.2609031 -0.01209735 -0.9715598 0.2364853 -0.007820129 -0.9982104 0.05928522 -0.01613408 -0.9996134 0.02264797 -0.01168799 -0.9961745 -0.08660131 -0.01822721 -0.9907544 -0.1344386 -0.005811035 -0.9729799 -0.2308172 -0.01571464 -0.9395018 -0.3421834 -0.01434385 -0.8913248 -0.4531385 -0.009620785 -0.9218991 -0.3873106 -0.002601861 -0.8402714 -0.5421599 -0.01339054 -0.7621989 -0.6472045 -0.007864952 -0.7355437 -0.6774317 -0.01223963 -0.6471301 -0.7622812 -3.9517e-4 -0.5852028 -0.8108869 -0.0103687 -0.4805536 -0.876904 -0.002331614 -0.3447144 -0.9387047 -0.00294429 -0.3414653 -0.9398899 -0.009764373 -0.1534874 -0.9881024 -0.001195192 -0.09972602 -0.9950143 -0.009582519 0.06619161 -0.997761 -0.001271724 0.1274656 -0.9918422 -0.005669653 0.3029015 -0.953005 -0.009827494 0.3229619 -0.946361 -1.40349e-4 0.470568 -0.8823638 -0.01389634 0.6092987 -0.792819 -0.01057702 0.5993539 -0.8004143 0.003357529 0.7536678 -0.6572471 -0.01279056 0.8194109 -0.5730639 -0.006252944 0.8599113 -0.5104054 -0.01224386 0.9086885 -0.4172954 -0.01953721 0.9235054 -0.3830878 -0.005367517 0.9584942 -0.2850618 -0.01119595 0.987423 -0.157704 -0.01818948 0.9921691 -0.1235704 -0.01010769 0.9984335 -0.05503022 -0.01259052 0.9974772 0.06986176 -0.01818138 0.9957934 0.08980524 -0.002014398 0.9668893 0.2551884 -0.03119605 0.9293782 0.3678084 -0.0177772 0.9016692 0.4320611 -0.0264672 0.8709065 0.4907355 -0.01123732 0.8236669 0.5669626 -0.02255952 0.7386407 0.6737219 -0.01927846 0.7438192 0.6681028 -0.03228586 0.6773993 0.7349067 -0.009987652 0.6084741 0.7935109 -0.04875493 0.4448044 0.8942998 -0.01227062 0.5104796 0.8598024 -0.0303781 0.3780893 0.9252707 -0.01861864 0.3436277 0.9389214 -0.01439905 0.2351139 0.9718612 -0.04682213 0.1156959 0.9921805 -0.02568262 0.07617479 0.9967637 -0.9662341 -0.2464032 -0.07534784 -0.9833306 -0.1773483 -0.04010576 -0.9862115 -0.1101146 -0.1235378 -0.9580299 -0.02810227 -0.2852877 -0.2774046 0.3099326 -0.9093891 -0.9076017 0.1083999 -0.4055966 -0.9722545 0.08336114 -0.2185683 -0.1525253 0.5946297 -0.7893995 -0.15274 0.594688 -0.789314 -0.1527161 0.5946727 -0.7893302 -0.9844709 0.1358631 -0.1111685 -0.984465 0.1358827 -0.1111972 -0.9845092 0.1356824 -0.1110501 -0.2902229 0.8850929 -0.3638423 -0.5187059 -0.8462525 -0.1216593 -0.6209147 -0.753614 -0.2157103 -0.5747126 -0.7782886 -0.2529275 -0.5763466 -0.7073554 -0.4092347 -0.8180291 -0.5034273 -0.2781895 -0.4743071 -0.6917 -0.5445953 -0.4740434 -0.6918419 -0.5446446 -0.4744211 -0.6916767 -0.5445256 -0.8714677 -0.384059 -0.305029 -0.8714639 -0.3840701 -0.305026 -0.8715637 -0.3838566 -0.3050099 -0.725739 -0.5109561 -0.4606807 -0.6180239 -0.3865139 -0.6845827 -0.6170368 -0.2683086 -0.7397811 -0.538071 -0.1380889 -0.8315114 -0.5378648 -0.1383521 -0.831601 -0.5382255 -0.1380009 -0.831426 -0.6807569 -0.1710833 -0.7122504 -0.6807694 -0.1710655 -0.7122429 -0.6807827 -0.1710435 -0.7122352 -0.7253 0.04438328 -0.6870009 -0.7253995 0.04458045 -0.686883 -0.7256736 0.04479879 -0.6865792 -0.6451023 0.0826044 -0.7596181 -0.6451709 0.0826385 -0.7595561 -0.6453596 0.08265107 -0.7593945 -0.6887516 0.07117801 -0.721495 -0.5758875 0.3274972 -0.7490656 -0.6522738 0.3541557 -0.6701588 -0.6520873 0.3544315 -0.6701944 -0.6523709 0.3539507 -0.6701725 -0.8168265 0.2900817 -0.4986452 -0.4548205 0.5813003 -0.6747061 -0.4549299 0.5814452 -0.6745074 -0.4549255 0.5814158 -0.6745358 -0.8089495 0.3800956 -0.4484732 -0.8589906 0.3495386 -0.3741096 -0.492757 0.6952968 -0.5232141 -0.6184854 0.6392349 -0.4570063 -0.7085049 0.6021752 -0.3679755 -0.8227663 0.4926474 -0.2834687 -0.8452523 0.5162001 -0.1381522 -0.4631132 0.8792592 -0.1114878 -0.4633062 0.8791816 -0.1112972 -0.4632679 0.8791931 -0.1113671 -0.9445899 0.323776 -0.05402994 -0.6690158 -0.7419614 -0.04371702 -0.7071815 -0.6244212 -0.3316512 -0.710214 -0.4324416 -0.5555092 -0.6808699 -0.44238 -0.583709 -0.6856358 -0.3029417 -0.6619138 -0.6763949 0.7140622 -0.1805689 -0.9553592 0.2815313 0.08960455 -0.9614502 0.1279611 0.2433921 -0.1750112 0.1131516 0.9780429 -0.9755783 0.011756 0.2193375 -0.1900017 -0.2131894 0.9583578 -0.9417184 -0.141928 0.3049967 -0.9616003 -0.2450156 0.1236622 -0.6476318 -0.7608493 0.04100531 -0.6878518 0.7255254 0.02174568 -0.687843 0.7255367 0.02165102 -0.6878493 0.7255265 0.02178901 -0.7040726 0.7097905 0.02189522 -0.439587 0.8934319 0.0924285 -0.8889344 0.4457895 0.1052013 -0.5561978 0.7890622 0.2608161 -0.5561702 0.7890855 0.2608045 -0.5561468 0.7891041 0.260798 -0.4133026 0.8680242 0.2751637 -0.7925581 0.5369421 0.2890413 -0.7621483 0.546954 0.3463687 -0.7022232 0.5731862 0.4223034 -0.5321229 0.6856943 0.4966574 -0.9405294 0.252505 0.2272576 -0.621632 0.4995855 0.6033143 -0.643705 0.4308215 0.6324847 -0.643697 0.4308345 0.632484 -0.6436924 0.4308415 0.6324838 -0.5781782 0.4306615 0.6929939 -0.5899063 0.2994753 0.7498834 -0.6752704 0.2437266 0.6961374 -0.6752475 0.2436296 0.6961936 -0.6753656 0.2438833 0.6959902 -0.7630583 0.2021369 0.6139079 -0.8413817 0.1026983 0.5305939 -0.8413307 0.1025942 0.5306948 -0.8415178 0.1027785 0.5303625 -0.5694418 0.04684972 0.8206955 -0.6596233 -0.01953619 0.7513425 -0.6592732 -0.01969951 0.7516455 -0.65916 -0.01983618 0.7517412 -0.8416279 -0.04448735 0.5382224 -0.8416408 -0.04445391 0.538205 -0.8417761 -0.04427707 0.538008 -0.5898547 -0.2569212 0.7655475 -0.7893462 -0.1838084 0.5857876 -0.789119 -0.1839123 0.5860611 -0.7893952 -0.1837526 0.5857391 -0.4475733 -0.3973526 0.8011174 -0.8021372 -0.3287981 0.4984655 -0.7663453 -0.4247401 0.4819863 -0.7666149 -0.4244681 0.4817972 -0.7665306 -0.4245875 0.4818263 -0.6889334 -0.518128 0.5068669 -0.688336 -0.5186639 0.5071307 -0.6888928 -0.5181801 0.5068691 -0.4400589 -0.6756138 0.5915187 -0.4400542 -0.6756438 0.5914878 -0.4400604 -0.6756076 0.5915245 -0.8541265 -0.443695 0.2712986 -0.6154655 -0.6947721 0.3721478 -0.5496908 -0.7479594 0.3720173 -0.6367748 -0.7354781 0.2314949 -0.4533582 -0.8629802 0.2230058 -0.8402614 -0.5380703 0.06664341 -0.6134443 -0.7894514 0.02127325 -0.7052055 0.4827789 0.5192397 -0.7379463 -0.4529334 0.5002865 -0.7713628 -0.6112344 0.1771778 -0.9989692 -0.02229547 -0.03954023 -0.9988257 -0.02560669 -0.04112952 -0.9992203 -0.02612406 -0.02960687 -0.9998888 -0.01295918 -0.007375538 -0.9991714 -0.04015636 -0.006638467 -0.9993535 -0.03578394 -0.003476798 -0.9986407 -0.009246349 -0.05129712 -0.999219 -0.03951436 1.72477e-5 -0.9997436 0.002126991 -0.02254539 -0.9994212 0.01014536 -0.03247308 -0.999574 -0.02654427 0.0121448 -0.9993613 -0.03162205 0.01664477 -0.9998765 0.01025456 -0.01191377 -0.999302 -0.02713626 0.02567738 -0.9997811 0.01516246 -0.01441919 -0.9996581 -0.01449328 0.0217638 -0.9997957 -0.01059752 0.01721149 -0.999955 0.009243011 0.002135455 -0.9999147 -0.001859366 0.01293444 -0.999665 0.02536833 -0.005140662 -0.9996446 0.003235936 0.02646511 -0.9998109 0.006167232 0.01844459 -0.9995928 0.02702295 0.009176194 -0.9997699 0.02083534 0.005115449 -0.9981855 0.0379402 0.04675936 -0.999786 0.01507532 0.01416814 -0.9980785 0.03628951 0.05022317 0.02867329 -0.09390383 0.9951683 -0.02234739 -0.3568464 0.9338958 0.03063535 -0.6522185 0.7574118 -0.03407555 -0.7810261 0.6235681 0.03494191 -0.9794884 0.1984476 -0.03520357 -0.9984365 0.04342097 0.03153347 -0.9464321 -0.3213595 -0.03119653 -0.8789697 -0.4758561 0.03231459 -0.7283305 -0.6844636 -0.02902925 -0.6193687 -0.7845635 0.02180624 -0.3165888 -0.9483122 0.02177137 -0.3165916 -0.9483121 0.0217747 -0.3165912 -0.9483121 0.004918932 -0.2922448 -0.9563309 -0.01259332 0.08507347 -0.9962951 0.0180422 0.1422986 -0.9896594 -0.01626598 0.4113771 -0.9113202 0.03857183 0.5241054 -0.8507796 -0.05768609 0.7374913 -0.6728885 0.06108558 0.9076544 -0.4152496 -0.05383664 0.9855622 -0.1605266 0.03340131 0.9947581 0.09664708 -0.02235424 0.8689022 0.494479 -0.00896883 0.8804617 0.4740325 0.0120452 0.5284571 0.8488746 8.24448e-4 0.5070379 0.8619235 -0.01596957 0.06545823 0.9977276 -0.8700544 0.001420915 -0.4929537 -0.8744087 -0.005580425 -0.4851582 -0.8721994 0.009001672 -0.4890678 -0.9320107 6.60488e-4 -0.3624304 -0.8797091 0.03808659 -0.4739845 -0.9261141 0.05940079 -0.3725375 -0.9292036 0.05245649 -0.3658265 -0.9426769 -0.06689584 -0.326933 -0.9474758 -0.06134778 -0.3138887 -0.9772768 -0.04462349 -0.207217 -0.9807079 -0.002154409 -0.1954674 -0.9805263 8.5936e-4 -0.1963866 -0.9808193 -9.00609e-4 -0.1949173 -0.9781548 0.006651282 -0.2077717 -0.9665488 0.06333965 -0.2485387 -0.9780367 0.01301443 -0.2080264 -0.8883691 -0.05569511 -0.4557394 -0.9315949 -0.03483301 -0.3618256 -0.9344801 -0.005339503 -0.3559756 -0.8698661 -0.01009446 -0.4931846 -0.02860426 0.001799106 0.9995893 0.149532 0.1044012 0.9832297 0.1294928 -0.0463767 -0.9904953 -1.4306e-5 0.0489341 -0.998802 -0.1474686 0.01342612 -0.9889757 0.1350337 0.05291628 -0.989427 0.03130829 -0.0272361 -0.9991387 0.004770338 0.9999739 0.005428552 -6.90303e-6 1 1.42756e-6 0 1 0 0.002941608 -0.9999903 0.003286421 2.27874e-6 -0.9999031 0.01392692 -4.86859e-6 -1 9.50898e-7 0 -1 0 0.0567128 -0.06527805 -0.9962543 -0.06754517 -0.452061 -0.8894259 -0.07793325 -0.8804345 -0.4677195 0.1161683 -0.9222727 -0.3686709 -0.06094306 -0.8243638 0.5627702 0.1785851 -0.869764 0.4600195 -0.2067139 -0.3064067 0.9291847 0.3174673 0.2040081 0.9260644 -0.1085275 0.4920973 0.8637488 -0.07327997 0.947215 0.3121122 0.1092924 0.9737892 0.1994743 -0.0561037 0.8214997 -0.5674424 -0.05605703 0.8214952 -0.5674534 -0.05617994 0.8215166 -0.5674104 0.05874502 0.8553113 -0.5147733 -0.07547271 0.4564197 -0.8865579 -1 2.43106e-6 4.21123e-6 -0.9999833 -0.003534317 0.004567027 -0.9998753 -0.01547253 -0.003188073 -0.999961 -0.00725907 0.00503093 -1 0 1.80217e-5 -1 -1.52948e-5 -1.64116e-5 -0.9999691 0.006612837 0.004250168 -0.9999623 0.008073031 0.003208041 -0.9995077 -1.82851e-4 0.03137618 -0.9997586 0.001408934 0.02192693 0 0 -1 1 7.92876e-6 -7.33998e-6 1 -1.2559e-5 7.92335e-6 1 4.13132e-6 0 1 1.75335e-6 -6.01985e-6 1 0 5.59961e-6 1 -3.81249e-6 -9.30051e-6 1 8.15625e-6 3.22407e-6 1 -5.62123e-6 7.2365e-6 1 -6.03551e-6 0</float_array>
          <technique_common>
            <accessor source="#Part__Feature_022-mesh-normals-array" count="1885" stride="3">
              <param name="X" type="float"/>
              <param name="Y" type="float"/>
              <param name="Z" type="float"/>
            </accessor>
          </technique_common>
        </source>
        <vertices id="Part__Feature_022-mesh-vertices">
          <input semantic="POSITION" source="#Part__Feature_022-mesh-positions"/>
        </vertices>
        <triangles material="Part__Feature_022-material" count="1838">
          <input semantic="VERTEX" source="#Part__Feature_022-mesh-vertices" offset="0"/>
          <input semantic="NORMAL" source="#Part__Feature_022-mesh-normals" offset="1"/>
          <p>10 0 0 0 1 0 1 1 0 1 2 1 3 2 1 2 4 2 8 3 10 3 5 3 2 4 6 4 1 4 4 5 6 5 7 5 1 6 6 6 4 6 8 7 9 7 10 7 11 8 8 8 12 8 8 9 13 9 12 9 8 10 15 10 9 10 0 11 10 11 9 11 0 12 9 12 2 12 6 13 16 13 7 13 7 14 16 14 14 14 16 15 15 15 17 15 17 16 15 16 11 16 15 17 8 17 11 17 5 18 13 18 8 18 9 19 15 19 2 19 15 20 16 20 2 20 2 21 16 21 6 21 5 22 10 22 18 22 13 23 18 23 19 23 1 24 20 24 10 24 13 25 5 25 18 25 10 26 26 26 18 26 18 27 26 27 21 27 18 28 22 28 19 28 1 29 23 29 20 29 23 30 1 30 24 30 24 31 3 31 25 31 23 32 21 32 26 32 22 33 27 33 28 33 21 34 27 34 18 34 26 35 20 35 23 35 27 36 30 36 28 36 23 37 29 37 21 37 21 38 29 38 30 38 30 39 29 39 31 39 31 40 29 40 24 40 1 41 3 41 24 41 26 42 10 42 20 42 22 43 18 43 27 43 21 44 30 44 27 44 23 45 24 45 29 45 34 46 35 46 129 46 37 47 36 47 34 47 36 48 35 48 34 48 36 49 38 49 35 49 39 50 36 50 37 50 39 51 38 51 36 51 41 52 40 52 39 52 39 53 40 53 38 53 41 54 42 54 40 54 42 55 43 55 40 55 42 56 44 56 43 56 44 57 45 57 43 57 44 58 46 58 45 58 47 59 45 59 46 59 47 60 49 60 45 60 48 61 49 61 47 61 48 62 51 62 49 62 51 63 50 63 49 63 52 64 50 64 51 64 52 65 53 65 50 65 54 66 53 66 52 66 54 67 55 67 53 67 56 68 55 68 54 68 56 69 57 69 55 69 56 70 58 70 57 70 58 71 59 71 57 71 59 72 60 72 57 72 59 73 61 73 60 73 63 74 62 74 61 74 61 75 62 75 60 75 63 76 64 76 62 76 64 77 65 77 62 77 66 78 65 78 64 78 67 79 68 79 66 79 72 80 70 80 71 80 34 81 33 81 73 81 73 82 33 82 32 82 73 83 74 83 34 83 35 84 28 84 129 84 35 85 22 85 28 85 74 86 75 86 37 86 38 87 22 87 35 87 37 88 75 88 39 88 75 89 76 89 39 89 38 90 77 90 22 90 39 91 76 91 41 91 78 92 41 92 76 92 40 93 77 93 38 93 22 94 77 94 19 94 78 95 79 95 41 95 43 96 77 96 40 96 42 97 80 97 44 97 79 98 80 98 42 98 43 99 19 99 77 99 44 100 80 100 46 100 80 101 81 101 46 101 45 102 19 102 43 102 46 103 81 103 47 103 81 104 82 104 47 104 45 105 13 105 19 105 82 106 83 106 47 106 47 107 83 107 48 107 49 108 13 108 45 108 83 109 84 109 48 109 49 110 12 110 13 110 84 111 85 111 48 111 48 112 85 112 51 112 50 113 12 113 49 113 51 114 85 114 52 114 85 115 86 115 52 115 50 116 53 116 12 116 52 117 86 117 54 117 12 118 53 118 11 118 86 119 87 119 54 119 55 120 11 120 53 120 54 121 87 121 56 121 87 122 88 122 56 122 57 123 11 123 55 123 88 124 58 124 56 124 57 125 89 125 11 125 58 126 90 126 59 126 60 127 89 127 57 127 11 128 89 128 17 128 60 129 17 129 89 129 90 130 91 130 59 130 59 131 91 131 61 131 61 132 91 132 63 132 92 133 63 133 91 133 62 134 17 134 60 134 92 135 93 135 63 135 62 136 16 136 17 136 65 137 16 137 62 137 93 138 94 138 64 138 94 139 67 139 66 139 71 140 67 140 94 140 71 141 70 141 67 141 69 142 14 142 16 142 70 143 68 143 67 143 34 144 129 144 33 144 37 145 34 145 74 145 79 146 42 146 41 146 64 147 63 147 93 147 66 148 64 148 94 148 16 149 65 149 69 149 69 150 65 150 66 150 68 151 69 151 66 151 98 152 97 152 95 152 97 153 99 153 95 153 100 154 97 154 98 154 100 155 99 155 97 155 102 156 101 156 100 156 100 157 101 157 99 157 102 158 103 158 101 158 103 159 104 159 101 159 103 160 105 160 104 160 105 161 106 161 104 161 105 162 107 162 106 162 108 163 106 163 107 163 108 164 110 164 106 164 109 165 110 165 108 165 109 166 112 166 110 166 112 167 111 167 110 167 113 168 111 168 112 168 113 169 114 169 111 169 115 170 114 170 113 170 115 171 116 171 114 171 117 172 116 172 115 172 117 173 118 173 116 173 117 174 119 174 118 174 119 175 120 175 118 175 120 176 121 176 118 176 120 177 122 177 121 177 124 178 123 178 122 178 122 179 123 179 121 179 124 180 125 180 123 180 125 181 126 181 123 181 127 182 126 182 125 182 128 183 129 183 127 183 131 184 70 184 72 184 96 185 70 185 131 185 95 186 70 186 96 186 131 187 132 187 96 187 95 188 7 188 14 188 132 189 133 189 98 189 99 190 7 190 95 190 98 191 133 191 100 191 133 192 134 192 100 192 99 193 135 193 7 193 100 194 134 194 102 194 101 195 135 195 99 195 7 196 135 196 4 196 104 197 135 197 101 197 136 198 137 198 103 198 103 199 137 199 105 199 104 200 4 200 135 200 105 201 137 201 107 201 137 202 138 202 107 202 106 203 4 203 104 203 107 204 138 204 108 204 138 205 139 205 108 205 106 206 3 206 4 206 139 207 140 207 108 207 108 208 140 208 109 208 110 209 3 209 106 209 140 210 141 210 109 210 110 211 25 211 3 211 141 212 142 212 109 212 109 213 142 213 112 213 111 214 25 214 110 214 112 215 142 215 113 215 142 216 143 216 113 216 111 217 114 217 25 217 113 218 143 218 115 218 25 219 114 219 24 219 143 220 144 220 115 220 116 221 24 221 114 221 115 222 144 222 117 222 144 223 145 223 117 223 118 224 24 224 116 224 117 225 146 225 119 225 145 226 146 226 117 226 118 227 147 227 24 227 146 228 148 228 119 228 119 229 148 229 120 229 121 230 147 230 118 230 24 231 147 231 31 231 121 232 31 232 147 232 148 233 149 233 120 233 120 234 149 234 122 234 149 235 150 235 122 235 122 236 150 236 124 236 123 237 31 237 121 237 151 238 124 238 150 238 123 239 30 239 31 239 126 240 30 240 123 240 151 241 152 241 125 241 130 242 128 242 152 242 130 243 32 243 128 243 129 244 28 244 30 244 95 245 68 245 70 245 69 246 68 246 95 246 95 247 14 247 69 247 95 248 96 248 98 248 98 249 96 249 132 249 136 250 103 250 102 250 125 251 124 251 151 251 127 252 125 252 128 252 128 253 125 253 152 253 30 254 126 254 129 254 129 255 126 255 127 255 128 256 33 256 129 256 32 257 33 257 128 257 137 258 153 258 138 258 153 259 155 259 154 259 153 260 156 260 155 260 157 261 158 261 159 261 159 262 158 262 160 262 155 263 162 263 161 263 156 264 163 264 155 264 164 265 163 265 156 265 163 266 162 266 155 266 164 267 165 267 163 267 165 268 162 268 163 268 165 269 166 269 162 269 167 270 165 270 164 270 167 271 168 271 165 271 168 272 166 272 165 272 168 273 169 273 166 273 170 274 168 274 167 274 170 275 171 275 168 275 171 276 169 276 168 276 170 277 172 277 171 277 173 278 172 278 170 278 172 279 174 279 171 279 175 280 172 280 173 280 175 281 176 281 172 281 172 282 177 282 174 282 176 283 177 283 172 283 176 284 178 284 177 284 179 285 180 285 175 285 175 286 180 286 176 286 180 287 178 287 176 287 180 288 181 288 178 288 179 289 182 289 180 289 183 290 182 290 179 290 182 291 181 291 180 291 183 292 184 292 182 292 182 293 185 293 181 293 184 294 185 294 182 294 186 295 184 295 183 295 187 296 184 296 186 296 187 297 188 297 184 297 184 298 189 298 185 298 188 299 189 299 184 299 188 300 190 300 189 300 191 301 188 301 187 301 191 302 192 302 188 302 192 303 190 303 188 303 192 304 193 304 190 304 194 305 195 305 191 305 191 306 195 306 192 306 195 307 193 307 192 307 195 308 196 308 193 308 197 309 195 309 194 309 197 310 198 310 195 310 198 311 196 311 195 311 198 312 199 312 196 312 200 313 198 313 197 313 200 314 201 314 198 314 201 315 199 315 198 315 201 316 202 316 199 316 200 317 203 317 201 317 203 318 202 318 201 318 204 319 205 319 203 319 203 320 206 320 202 320 205 321 206 321 203 321 205 322 207 322 206 322 208 323 205 323 204 323 208 324 209 324 205 324 209 325 207 325 205 325 210 326 209 326 208 326 210 327 211 327 209 327 211 328 212 328 209 328 213 329 211 329 210 329 213 330 214 330 211 330 214 331 212 331 211 331 214 332 215 332 212 332 81 333 216 333 82 333 216 334 214 334 213 334 218 335 214 335 217 335 217 336 214 336 216 336 219 337 220 337 221 337 137 338 156 338 153 338 154 339 161 339 157 339 155 340 161 340 154 340 157 341 161 341 158 341 136 342 156 342 137 342 160 343 158 343 222 343 136 344 223 344 156 344 156 345 223 345 164 345 162 346 158 346 161 346 162 347 224 347 158 347 158 348 224 348 222 348 102 349 223 349 136 349 164 350 223 350 167 350 102 351 225 351 223 351 223 352 225 352 167 352 134 353 225 353 102 353 222 354 224 354 226 354 162 355 166 355 224 355 224 356 166 356 226 356 133 357 225 357 134 357 166 358 227 358 226 358 225 359 170 359 167 359 133 360 170 360 225 360 169 361 227 361 166 361 226 362 227 362 228 362 132 363 229 363 133 363 133 364 229 364 170 364 170 365 229 365 173 365 171 366 230 366 169 366 227 367 230 367 228 367 169 368 230 368 227 368 174 369 230 369 171 369 228 370 230 370 231 370 173 371 232 371 175 371 229 372 232 372 173 372 131 373 232 373 132 373 132 374 232 374 229 374 174 375 233 375 230 375 230 376 233 376 231 376 72 377 232 377 131 377 72 378 234 378 232 378 232 379 234 379 175 379 175 380 234 380 179 380 177 381 233 381 174 381 71 382 234 382 72 382 177 383 235 383 233 383 231 384 235 384 236 384 233 385 235 385 231 385 71 386 237 386 234 386 234 387 237 387 179 387 178 388 235 388 177 388 94 389 237 389 71 389 179 390 237 390 183 390 235 391 238 391 236 391 178 392 238 392 235 392 94 393 239 393 237 393 237 394 239 394 183 394 236 395 238 395 240 395 93 396 239 396 94 396 181 397 238 397 178 397 183 398 239 398 186 398 92 399 241 399 93 399 93 400 241 400 239 400 239 401 241 401 186 401 238 402 242 402 240 402 181 403 242 403 238 403 240 404 242 404 243 404 186 405 241 405 187 405 185 406 242 406 181 406 243 407 242 407 244 407 91 408 241 408 92 408 242 409 185 409 244 409 241 410 245 410 187 410 91 411 245 411 241 411 187 412 245 412 191 412 185 413 246 413 244 413 189 414 246 414 185 414 244 415 246 415 247 415 90 416 245 416 91 416 245 417 248 417 191 417 90 418 248 418 245 418 190 419 246 419 189 419 191 420 248 420 194 420 190 421 249 421 246 421 246 422 249 422 247 422 247 423 249 423 250 423 58 424 248 424 90 424 58 425 251 425 248 425 248 426 251 426 194 426 193 427 249 427 190 427 249 428 252 428 250 428 193 429 252 429 249 429 88 430 251 430 58 430 194 431 251 431 197 431 251 432 253 432 197 432 88 433 253 433 251 433 250 434 252 434 254 434 196 435 252 435 193 435 252 436 255 436 254 436 196 437 255 437 252 437 197 438 253 438 200 438 87 439 253 439 88 439 253 440 256 440 200 440 87 441 256 441 253 441 199 442 255 442 196 442 254 443 255 443 257 443 255 444 199 444 257 444 86 445 256 445 87 445 200 446 256 446 203 446 86 447 258 447 256 447 256 448 258 448 203 448 199 449 259 449 257 449 202 450 259 450 199 450 203 451 258 451 204 451 257 452 259 452 260 452 85 453 258 453 86 453 85 454 261 454 258 454 258 455 261 455 204 455 260 456 259 456 262 456 259 457 206 457 262 457 202 458 206 458 259 458 204 459 261 459 208 459 206 460 263 460 262 460 261 461 264 461 208 461 85 462 264 462 261 462 84 463 264 463 85 463 207 464 263 464 206 464 262 465 263 465 265 465 208 466 264 466 210 466 207 467 266 467 263 467 263 468 266 468 265 468 83 469 264 469 84 469 264 470 267 470 210 470 83 471 267 471 264 471 209 472 266 472 207 472 212 473 266 473 209 473 82 474 267 474 83 474 210 475 267 475 213 475 265 476 268 476 269 476 266 477 268 477 265 477 212 478 268 478 266 478 216 479 267 479 82 479 213 480 267 480 216 480 268 481 215 481 269 481 212 482 215 482 268 482 269 483 215 483 219 483 220 484 215 484 218 484 219 485 215 485 220 485 214 486 218 486 215 486 150 487 270 487 151 487 150 488 350 488 270 488 150 489 271 489 350 489 80 490 216 490 81 490 217 491 272 491 218 491 216 492 272 492 217 492 216 493 273 493 272 493 218 494 328 494 220 494 272 495 275 495 274 495 276 496 277 496 273 496 273 497 277 497 272 497 277 498 275 498 272 498 276 499 278 499 277 499 278 500 275 500 277 500 278 501 279 501 275 501 280 502 278 502 276 502 280 503 281 503 278 503 281 504 279 504 278 504 281 505 282 505 279 505 283 506 281 506 280 506 283 507 284 507 281 507 284 508 282 508 281 508 283 509 285 509 284 509 286 510 285 510 283 510 285 511 287 511 284 511 288 512 285 512 286 512 288 513 289 513 285 513 289 514 290 514 285 514 285 515 290 515 287 515 289 516 291 516 290 516 292 517 293 517 288 517 288 518 293 518 289 518 293 519 291 519 289 519 292 520 294 520 293 520 294 521 291 521 293 521 294 522 295 522 291 522 296 523 294 523 292 523 296 524 297 524 294 524 297 525 295 525 294 525 297 526 298 526 295 526 300 527 299 527 298 527 300 528 302 528 299 528 301 529 303 529 302 529 303 530 304 530 302 530 305 531 304 531 303 531 306 532 305 532 303 532 305 533 307 533 304 533 306 534 307 534 305 534 308 535 307 535 306 535 308 536 309 536 307 536 309 537 310 537 307 537 311 538 309 538 308 538 311 539 312 539 309 539 312 540 313 540 309 540 309 541 313 541 310 541 314 542 312 542 311 542 312 543 315 543 313 543 314 544 316 544 312 544 316 545 315 545 312 545 317 546 316 546 314 546 317 547 318 547 316 547 318 548 319 548 316 548 316 549 319 549 315 549 318 550 320 550 319 550 321 551 318 551 317 551 321 552 322 552 318 552 322 553 320 553 318 553 323 554 322 554 321 554 323 555 324 555 322 555 324 556 325 556 322 556 326 557 324 557 323 557 326 558 325 558 324 558 326 559 327 559 325 559 138 560 153 560 139 560 153 561 157 561 326 561 326 562 157 562 327 562 154 563 157 563 153 563 80 564 273 564 216 564 218 565 274 565 328 565 272 566 274 566 218 566 79 567 273 567 80 567 220 568 328 568 221 568 273 569 329 569 276 569 79 570 329 570 273 570 221 571 328 571 330 571 275 572 328 572 274 572 78 573 329 573 79 573 328 574 331 574 330 574 275 575 331 575 328 575 276 576 329 576 280 576 78 577 332 577 329 577 329 578 332 578 280 578 330 579 331 579 333 579 76 580 332 580 78 580 275 581 279 581 331 581 331 582 279 582 333 582 279 583 334 583 333 583 76 584 283 584 332 584 332 585 283 585 280 585 75 586 283 586 76 586 282 587 334 587 279 587 333 588 334 588 335 588 75 589 336 589 283 589 74 590 336 590 75 590 283 591 336 591 286 591 284 592 337 592 282 592 282 593 337 593 334 593 334 594 337 594 335 594 335 595 337 595 338 595 287 596 337 596 284 596 336 597 339 597 286 597 286 598 339 598 288 598 74 599 339 599 336 599 73 600 339 600 74 600 287 601 340 601 337 601 337 602 340 602 338 602 338 603 340 603 341 603 32 604 339 604 73 604 339 605 342 605 288 605 32 606 342 606 339 606 288 607 342 607 292 607 290 608 340 608 287 608 130 609 342 609 32 609 340 610 343 610 341 610 290 611 343 611 340 611 341 612 343 612 344 612 342 613 296 613 292 613 130 614 296 614 342 614 291 615 343 615 290 615 152 616 296 616 130 616 291 617 345 617 343 617 343 618 345 618 344 618 152 619 346 619 296 619 296 620 346 620 297 620 344 621 345 621 347 621 151 622 346 622 152 622 295 623 345 623 291 623 270 624 346 624 151 624 297 625 346 625 270 625 295 626 348 626 345 626 345 627 348 627 347 627 298 628 348 628 295 628 350 629 349 629 270 629 271 630 349 630 350 630 347 631 351 631 352 631 348 632 351 632 347 632 298 633 351 633 348 633 149 634 353 634 150 634 150 635 353 635 271 635 349 636 301 636 300 636 353 637 301 637 271 637 271 638 301 638 349 638 300 639 301 639 302 639 301 640 353 640 303 640 148 641 353 641 149 641 299 642 351 642 298 642 352 643 299 643 354 643 351 644 299 644 352 644 148 645 355 645 353 645 353 646 355 646 303 646 303 647 355 647 306 647 299 648 356 648 354 648 302 649 356 649 299 649 148 650 357 650 355 650 355 651 357 651 306 651 146 652 357 652 148 652 356 653 358 653 354 653 304 654 358 654 302 654 354 655 358 655 359 655 302 656 358 656 356 656 145 657 357 657 146 657 306 658 357 658 308 658 357 659 360 659 308 659 145 660 360 660 357 660 307 661 358 661 304 661 307 662 361 662 358 662 358 663 361 663 359 663 359 664 361 664 362 664 310 665 361 665 307 665 308 666 360 666 311 666 144 667 360 667 145 667 361 668 363 668 362 668 310 669 363 669 361 669 144 670 364 670 360 670 360 671 364 671 311 671 311 672 364 672 314 672 362 673 363 673 365 673 313 674 363 674 310 674 143 675 364 675 144 675 313 676 366 676 363 676 363 677 366 677 365 677 143 678 367 678 364 678 364 679 367 679 314 679 314 680 367 680 317 680 365 681 366 681 368 681 315 682 366 682 313 682 142 683 367 683 143 683 315 684 369 684 366 684 366 685 369 685 368 685 367 686 370 686 317 686 142 687 370 687 367 687 368 688 369 688 371 688 319 689 369 689 315 689 317 690 370 690 321 690 319 691 372 691 369 691 369 692 372 692 371 692 370 693 373 693 321 693 142 694 373 694 370 694 141 695 373 695 142 695 320 696 372 696 319 696 371 697 372 697 374 697 321 698 373 698 323 698 320 699 375 699 372 699 372 700 375 700 374 700 140 701 373 701 141 701 373 702 376 702 323 702 140 703 376 703 373 703 322 704 375 704 320 704 325 705 375 705 322 705 323 706 376 706 326 706 139 707 376 707 140 707 325 708 377 708 375 708 375 709 377 709 374 709 374 710 377 710 378 710 326 711 376 711 153 711 153 712 376 712 139 712 325 713 327 713 377 713 377 714 327 714 378 714 378 715 327 715 160 715 160 716 327 716 159 716 327 717 157 717 159 717 270 718 300 718 297 718 297 719 300 719 298 719 349 720 300 720 270 720 371 721 374 721 379 721 371 722 379 722 380 722 368 723 371 723 380 723 368 724 380 724 381 724 365 725 368 725 381 725 382 726 365 726 381 726 362 727 365 727 382 727 383 728 362 728 382 728 359 729 362 729 383 729 384 730 359 730 383 730 354 731 359 731 384 731 385 732 354 732 384 732 352 733 354 733 385 733 386 734 352 734 385 734 347 735 352 735 386 735 387 736 347 736 386 736 344 737 347 737 387 737 388 738 344 738 387 738 341 739 344 739 388 739 389 740 341 740 388 740 338 741 341 741 389 741 390 742 338 742 389 742 335 743 338 743 390 743 391 744 335 744 390 744 333 745 335 745 391 745 392 746 333 746 391 746 393 747 333 747 392 747 330 748 333 748 393 748 394 749 330 749 393 749 221 750 330 750 394 750 221 751 394 751 395 751 396 752 221 752 395 752 219 753 221 753 396 753 269 754 219 754 396 754 397 755 269 755 396 755 265 756 269 756 397 756 398 757 265 757 397 757 399 758 265 758 398 758 262 759 265 759 399 759 262 760 399 760 400 760 260 761 262 761 400 761 401 762 260 762 400 762 257 763 260 763 401 763 402 764 257 764 401 764 254 765 257 765 402 765 403 766 254 766 402 766 250 767 254 767 403 767 404 768 250 768 403 768 247 769 250 769 404 769 405 770 247 770 404 770 244 771 247 771 405 771 406 772 244 772 405 772 243 773 244 773 406 773 407 774 243 774 406 774 240 775 243 775 407 775 408 776 240 776 407 776 236 777 240 777 408 777 409 778 236 778 408 778 231 779 236 779 409 779 410 780 231 780 409 780 411 781 231 781 410 781 228 782 231 782 411 782 412 783 228 783 411 783 226 784 228 784 412 784 413 785 226 785 412 785 222 786 226 786 413 786 414 787 222 787 413 787 222 788 414 788 415 788 160 789 222 789 415 789 416 790 160 790 415 790 378 791 160 791 416 791 417 792 378 792 416 792 374 793 378 793 417 793 418 794 374 794 417 794 379 795 374 795 418 795 421 796 484 796 419 796 423 797 421 797 422 797 427 798 423 798 422 798 427 799 428 799 423 799 426 800 427 800 422 800 429 801 427 801 426 801 427 802 430 802 428 802 429 803 430 803 427 803 431 804 430 804 429 804 432 805 433 805 430 805 431 806 432 806 430 806 434 807 432 807 431 807 432 808 435 808 433 808 436 809 435 809 432 809 434 810 436 810 432 810 437 811 436 811 434 811 436 812 438 812 435 812 439 813 438 813 436 813 437 814 439 814 436 814 440 815 439 815 437 815 439 816 441 816 438 816 442 817 441 817 439 817 443 818 442 818 439 818 443 819 439 819 440 819 442 820 444 820 441 820 445 821 444 821 442 821 446 822 445 822 442 822 446 823 442 823 443 823 447 824 448 824 444 824 447 825 444 825 445 825 446 826 447 826 445 826 449 827 447 827 446 827 450 828 451 828 448 828 450 829 448 829 447 829 449 830 450 830 447 830 452 831 450 831 449 831 450 832 453 832 451 832 454 833 453 833 450 833 452 834 454 834 450 834 454 835 455 835 453 835 456 836 454 836 452 836 457 837 455 837 454 837 456 838 457 838 454 838 457 839 458 839 455 839 459 840 458 840 457 840 460 841 457 841 456 841 460 842 459 842 457 842 459 843 461 843 458 843 462 844 461 844 459 844 463 845 462 845 459 845 463 846 459 846 460 846 464 847 461 847 462 847 465 848 462 848 463 848 465 849 464 849 462 849 464 850 466 850 461 850 467 851 466 851 464 851 468 852 467 852 464 852 468 853 464 853 465 853 467 854 469 854 466 854 470 855 467 855 468 855 471 856 469 856 467 856 470 857 471 857 467 857 471 858 472 858 469 858 473 859 471 859 470 859 474 860 472 860 471 860 473 861 474 861 471 861 474 862 475 862 472 862 476 863 474 863 473 863 477 864 475 864 474 864 476 865 477 865 474 865 477 866 478 866 475 866 478 867 479 867 480 867 478 868 480 868 420 868 481 869 477 869 476 869 477 870 479 870 478 870 477 871 481 871 479 871 482 872 396 872 395 872 483 873 421 873 423 873 483 874 484 874 421 874 483 875 485 875 484 875 425 876 422 876 421 876 425 877 426 877 422 877 486 878 483 878 423 878 486 879 423 879 428 879 486 880 487 880 485 880 486 881 485 881 483 881 424 882 415 882 414 882 488 883 424 883 414 883 489 884 486 884 428 884 489 885 487 885 486 885 488 886 414 886 413 886 489 887 490 887 487 887 489 888 428 888 430 888 491 889 488 889 413 889 491 890 426 890 488 890 491 891 429 891 426 891 492 892 430 892 433 892 492 893 489 893 430 893 492 894 490 894 489 894 491 895 413 895 412 895 492 896 493 896 490 896 431 897 429 897 491 897 431 898 491 898 412 898 494 899 492 899 433 899 494 900 493 900 492 900 494 901 495 901 493 901 494 902 433 902 435 902 496 903 431 903 412 903 496 904 412 904 411 904 496 905 434 905 431 905 494 906 497 906 495 906 498 907 494 907 435 907 498 908 497 908 494 908 498 909 499 909 497 909 498 910 435 910 438 910 500 911 434 911 496 911 500 912 496 912 411 912 500 913 411 913 410 913 500 914 437 914 434 914 498 915 501 915 499 915 502 916 498 916 438 916 502 917 501 917 498 917 503 918 437 918 500 918 503 919 500 919 410 919 502 920 438 920 441 920 504 921 502 921 441 921 504 922 501 922 502 922 503 923 440 923 437 923 503 924 410 924 409 924 504 925 505 925 501 925 506 926 503 926 409 926 506 927 440 927 503 927 504 928 507 928 505 928 504 929 441 929 444 929 508 930 507 930 504 930 508 931 504 931 444 931 506 932 409 932 408 932 506 933 443 933 440 933 509 934 506 934 408 934 509 935 443 935 506 935 510 936 511 936 507 936 510 937 507 937 508 937 510 938 508 938 444 938 510 939 444 939 448 939 509 940 408 940 407 940 510 941 512 941 511 941 509 942 446 942 443 942 513 943 509 943 407 943 513 944 446 944 509 944 514 945 512 945 510 945 514 946 510 946 448 946 514 947 448 947 451 947 513 948 407 948 406 948 515 949 514 949 451 949 515 950 512 950 514 950 516 951 446 951 513 951 516 952 513 952 406 952 515 953 517 953 512 953 516 954 449 954 446 954 515 955 518 955 517 955 515 956 451 956 453 956 519 957 449 957 516 957 519 958 516 958 406 958 520 959 518 959 515 959 520 960 515 960 453 960 519 961 406 961 405 961 520 962 521 962 518 962 520 963 453 963 455 963 519 964 452 964 449 964 519 965 405 965 404 965 520 966 522 966 521 966 523 967 452 967 519 967 523 968 519 968 404 968 524 969 520 969 455 969 524 970 522 970 520 970 524 971 455 971 458 971 523 972 456 972 452 972 525 973 404 973 403 973 525 974 456 974 523 974 525 975 523 975 404 975 524 976 526 976 522 976 527 977 526 977 524 977 527 978 524 978 458 978 527 979 528 979 526 979 527 980 458 980 461 980 525 981 460 981 456 981 529 982 403 982 402 982 529 983 525 983 403 983 529 984 460 984 525 984 530 985 528 985 527 985 530 986 527 986 461 986 530 987 461 987 466 987 529 988 463 988 460 988 531 989 530 989 466 989 531 990 528 990 530 990 463 991 402 991 401 991 463 992 529 992 402 992 531 993 532 993 528 993 533 994 532 994 531 994 533 995 531 995 466 995 534 996 463 996 401 996 534 997 465 997 463 997 533 998 466 998 469 998 534 999 401 999 400 999 533 1000 535 1000 532 1000 468 1001 400 1001 399 1001 468 1002 534 1002 400 1002 468 1003 465 1003 534 1003 536 1004 533 1004 469 1004 536 1005 535 1005 533 1005 536 1006 469 1006 472 1006 537 1007 468 1007 399 1007 537 1008 470 1008 468 1008 536 1009 538 1009 535 1009 537 1010 399 1010 398 1010 539 1011 536 1011 472 1011 539 1012 538 1012 536 1012 540 1013 470 1013 537 1013 540 1014 537 1014 398 1014 540 1015 473 1015 470 1015 539 1016 472 1016 475 1016 539 1017 420 1017 538 1017 541 1018 398 1018 397 1018 541 1019 473 1019 540 1019 541 1020 540 1020 398 1020 478 1021 539 1021 475 1021 478 1022 420 1022 539 1022 541 1023 476 1023 473 1023 542 1024 476 1024 541 1024 542 1025 541 1025 397 1025 542 1026 397 1026 396 1026 542 1027 481 1027 476 1027 542 1028 396 1028 482 1028 481 1029 542 1029 482 1029 424 1030 426 1030 425 1030 424 1031 488 1031 426 1031 545 1032 544 1032 543 1032 547 1033 546 1033 544 1033 547 1034 544 1034 545 1034 758 1035 546 1035 547 1035 548 1036 546 1036 758 1036 759 1037 546 1037 548 1037 385 1038 774 1038 775 1038 385 1039 775 1039 776 1039 385 1040 772 1040 773 1040 385 1041 773 1041 774 1041 385 1042 770 1042 769 1042 385 1043 769 1043 771 1043 385 1044 771 1044 772 1044 384 1045 770 1045 385 1045 479 1046 616 1046 480 1046 550 1047 479 1047 549 1047 551 1048 481 1048 482 1048 551 1049 482 1049 395 1049 552 1050 550 1050 549 1050 553 1051 552 1051 549 1051 554 1052 555 1052 550 1052 554 1053 550 1053 552 1053 553 1054 554 1054 552 1054 556 1055 554 1055 553 1055 554 1056 557 1056 555 1056 556 1057 557 1057 554 1057 558 1058 557 1058 556 1058 559 1059 560 1059 557 1059 558 1060 559 1060 557 1060 561 1061 559 1061 558 1061 559 1062 562 1062 560 1062 563 1063 562 1063 559 1063 561 1064 563 1064 559 1064 564 1065 563 1065 561 1065 563 1066 565 1066 562 1066 566 1067 565 1067 563 1067 564 1068 566 1068 563 1068 567 1069 566 1069 564 1069 566 1070 568 1070 565 1070 569 1071 568 1071 566 1071 570 1072 569 1072 566 1072 570 1073 566 1073 567 1073 569 1074 571 1074 568 1074 572 1075 571 1075 569 1075 573 1076 544 1076 640 1076 573 1077 574 1077 543 1077 573 1078 543 1078 544 1078 573 1079 757 1079 574 1079 575 1080 569 1080 570 1080 575 1081 572 1081 569 1081 573 1082 576 1082 577 1082 573 1083 577 1083 578 1083 573 1084 578 1084 757 1084 572 1085 576 1085 573 1085 572 1086 573 1086 571 1086 572 1087 579 1087 576 1087 580 1088 779 1088 780 1088 580 1089 579 1089 572 1089 580 1090 780 1090 781 1090 580 1091 781 1091 579 1091 581 1092 779 1092 580 1092 582 1093 759 1093 760 1093 582 1094 583 1094 546 1094 582 1095 546 1095 759 1095 582 1096 760 1096 584 1096 581 1097 778 1097 779 1097 581 1098 386 1098 385 1098 581 1099 776 1099 777 1099 581 1100 777 1100 778 1100 581 1101 385 1101 776 1101 582 1102 584 1102 761 1102 582 1103 761 1103 585 1103 582 1104 585 1104 762 1104 582 1105 762 1105 586 1105 587 1106 586 1106 763 1106 587 1107 763 1107 764 1107 587 1108 764 1108 765 1108 588 1109 586 1109 587 1109 588 1110 582 1110 586 1110 589 1111 767 1111 768 1111 589 1112 766 1112 767 1112 589 1113 768 1113 770 1113 589 1114 770 1114 384 1114 589 1115 587 1115 765 1115 589 1116 765 1116 766 1116 590 1117 582 1117 588 1117 591 1118 587 1118 589 1118 591 1119 589 1119 384 1119 592 1120 590 1120 588 1120 594 1121 593 1121 590 1121 595 1122 594 1122 590 1122 595 1123 590 1123 592 1123 594 1124 596 1124 593 1124 597 1125 596 1125 594 1125 598 1126 597 1126 594 1126 598 1127 594 1127 595 1127 599 1128 596 1128 597 1128 600 1129 597 1129 598 1129 600 1130 599 1130 597 1130 599 1131 601 1131 596 1131 602 1132 601 1132 599 1132 603 1133 602 1133 599 1133 603 1134 599 1134 600 1134 602 1135 604 1135 601 1135 605 1136 602 1136 603 1136 606 1137 604 1137 602 1137 605 1138 606 1138 602 1138 606 1139 607 1139 604 1139 608 1140 606 1140 605 1140 609 1141 607 1141 606 1141 608 1142 609 1142 606 1142 609 1143 610 1143 607 1143 611 1144 609 1144 608 1144 612 1145 610 1145 609 1145 611 1146 612 1146 609 1146 613 1147 421 1147 419 1147 612 1148 613 1148 610 1148 612 1149 425 1149 421 1149 612 1150 421 1150 613 1150 614 1151 415 1151 424 1151 614 1152 416 1152 415 1152 615 1153 479 1153 550 1153 615 1154 616 1154 479 1154 615 1155 617 1155 616 1155 549 1156 479 1156 481 1156 549 1157 481 1157 551 1157 618 1158 550 1158 555 1158 618 1159 619 1159 617 1159 618 1160 615 1160 550 1160 618 1161 617 1161 615 1161 551 1162 395 1162 394 1162 620 1163 551 1163 394 1163 621 1164 618 1164 555 1164 621 1165 619 1165 618 1165 620 1166 394 1166 393 1166 621 1167 622 1167 619 1167 621 1168 555 1168 557 1168 623 1169 553 1169 620 1169 623 1170 620 1170 393 1170 623 1171 556 1171 553 1171 624 1172 557 1172 560 1172 624 1173 622 1173 621 1173 624 1174 621 1174 557 1174 623 1175 393 1175 392 1175 624 1176 625 1176 622 1176 558 1177 556 1177 623 1177 558 1178 623 1178 392 1178 626 1179 624 1179 560 1179 626 1180 625 1180 624 1180 626 1181 627 1181 625 1181 558 1182 392 1182 391 1182 626 1183 560 1183 562 1183 628 1184 558 1184 391 1184 628 1185 561 1185 558 1185 626 1186 629 1186 627 1186 630 1187 629 1187 626 1187 630 1188 626 1188 562 1188 630 1189 631 1189 629 1189 628 1190 391 1190 390 1190 630 1191 562 1191 565 1191 632 1192 564 1192 561 1192 632 1193 561 1193 628 1193 632 1194 628 1194 390 1194 630 1195 633 1195 631 1195 632 1196 390 1196 389 1196 634 1197 633 1197 630 1197 634 1198 630 1198 565 1198 635 1199 632 1199 389 1199 635 1200 564 1200 632 1200 634 1201 636 1201 633 1201 634 1202 565 1202 568 1202 637 1203 636 1203 634 1203 637 1204 634 1204 568 1204 635 1205 567 1205 564 1205 637 1206 638 1206 636 1206 639 1207 567 1207 635 1207 639 1208 635 1208 389 1208 639 1209 389 1209 388 1209 637 1210 640 1210 638 1210 637 1211 568 1211 571 1211 571 1212 640 1212 637 1212 571 1213 573 1213 640 1213 639 1214 570 1214 567 1214 641 1215 570 1215 639 1215 641 1216 639 1216 388 1216 641 1217 388 1217 387 1217 575 1218 641 1218 387 1218 575 1219 570 1219 641 1219 575 1220 387 1220 386 1220 580 1221 572 1221 575 1221 386 1222 581 1222 580 1222 642 1223 582 1223 590 1223 642 1224 643 1224 583 1224 642 1225 583 1225 582 1225 587 1226 592 1226 588 1226 644 1227 642 1227 590 1227 644 1228 643 1228 642 1228 644 1229 645 1229 643 1229 644 1230 590 1230 593 1230 591 1231 384 1231 383 1231 646 1232 592 1232 587 1232 646 1233 587 1233 591 1233 646 1234 591 1234 383 1234 644 1235 647 1235 645 1235 648 1236 647 1236 644 1236 648 1237 644 1237 593 1237 648 1238 593 1238 596 1238 648 1239 649 1239 647 1239 646 1240 595 1240 592 1240 650 1241 383 1241 382 1241 650 1242 646 1242 383 1242 650 1243 595 1243 646 1243 651 1244 649 1244 648 1244 651 1245 648 1245 596 1245 651 1246 596 1246 601 1246 650 1247 598 1247 595 1247 598 1248 382 1248 381 1248 598 1249 650 1249 382 1249 651 1250 652 1250 649 1250 653 1251 652 1251 651 1251 653 1252 651 1252 601 1252 654 1253 598 1253 381 1253 654 1254 600 1254 598 1254 653 1255 601 1255 604 1255 654 1256 381 1256 380 1256 653 1257 655 1257 652 1257 603 1258 600 1258 654 1258 603 1259 380 1259 379 1259 603 1260 654 1260 380 1260 656 1261 655 1261 653 1261 656 1262 653 1262 604 1262 656 1263 604 1263 607 1263 657 1264 603 1264 379 1264 657 1265 605 1265 603 1265 656 1266 658 1266 655 1266 657 1267 379 1267 418 1267 659 1268 658 1268 656 1268 659 1269 656 1269 607 1269 660 1270 657 1270 418 1270 660 1271 605 1271 657 1271 660 1272 608 1272 605 1272 659 1273 661 1273 658 1273 659 1274 607 1274 610 1274 662 1275 418 1275 417 1275 662 1276 608 1276 660 1276 662 1277 660 1277 418 1277 613 1278 661 1278 659 1278 613 1279 659 1279 610 1279 662 1280 611 1280 608 1280 613 1281 419 1281 661 1281 663 1282 662 1282 417 1282 663 1283 611 1283 662 1283 663 1284 417 1284 416 1284 663 1285 612 1285 611 1285 663 1286 416 1286 614 1286 612 1287 424 1287 425 1287 612 1288 614 1288 424 1288 612 1289 663 1289 614 1289 551 1290 553 1290 549 1290 551 1291 620 1291 553 1291 580 1292 575 1292 386 1292 668 1293 667 1293 666 1293 671 1294 669 1294 668 1294 671 1295 668 1295 670 1295 672 1296 669 1296 671 1296 674 1297 672 1297 671 1297 673 1298 674 1298 671 1298 673 1299 675 1299 674 1299 676 1300 677 1300 675 1300 676 1301 675 1301 673 1301 678 1302 677 1302 676 1302 678 1303 679 1303 677 1303 680 1304 679 1304 678 1304 680 1305 681 1305 679 1305 682 1306 681 1306 680 1306 682 1307 683 1307 681 1307 685 1308 683 1308 682 1308 684 1309 685 1309 682 1309 685 1310 686 1310 683 1310 687 1311 686 1311 685 1311 687 1312 685 1312 684 1312 687 1313 688 1313 686 1313 689 1314 688 1314 687 1314 690 1315 689 1315 687 1315 690 1316 691 1316 689 1316 690 1317 692 1317 691 1317 693 1318 692 1318 690 1318 695 1319 694 1319 692 1319 695 1320 692 1320 693 1320 696 1321 697 1321 695 1321 698 1322 697 1322 696 1322 699 1323 698 1323 696 1323 700 1324 699 1324 696 1324 636 1325 699 1325 701 1325 667 1326 746 1326 745 1326 667 1327 745 1327 666 1327 499 1328 501 1328 746 1328 499 1329 746 1329 667 1329 703 1330 664 1330 665 1330 497 1331 499 1331 669 1331 495 1332 497 1332 669 1332 703 1333 670 1333 668 1333 495 1334 669 1334 672 1334 704 1335 670 1335 703 1335 493 1336 495 1336 672 1336 490 1337 493 1337 672 1337 490 1338 672 1338 674 1338 704 1339 703 1339 705 1339 487 1340 490 1340 674 1340 487 1341 674 1341 675 1341 705 1342 673 1342 704 1342 485 1343 487 1343 675 1343 485 1344 675 1344 677 1344 484 1345 485 1345 677 1345 705 1346 676 1346 673 1346 706 1347 676 1347 705 1347 661 1348 677 1348 679 1348 661 1349 419 1349 484 1349 661 1350 484 1350 677 1350 706 1351 678 1351 676 1351 658 1352 661 1352 679 1352 658 1353 679 1353 681 1353 706 1354 680 1354 678 1354 707 1355 680 1355 706 1355 655 1356 658 1356 681 1356 655 1357 681 1357 683 1357 707 1358 682 1358 680 1358 652 1359 655 1359 683 1359 707 1360 684 1360 682 1360 652 1361 683 1361 686 1361 708 1362 684 1362 707 1362 708 1363 707 1363 709 1363 686 1364 649 1364 652 1364 647 1365 649 1365 686 1365 647 1366 686 1366 688 1366 708 1367 687 1367 684 1367 709 1368 687 1368 708 1368 645 1369 647 1369 688 1369 645 1370 688 1370 689 1370 709 1371 690 1371 687 1371 643 1372 645 1372 689 1372 643 1373 689 1373 691 1373 710 1374 690 1374 709 1374 583 1375 643 1375 691 1375 583 1376 691 1376 692 1376 710 1377 693 1377 690 1377 546 1378 583 1378 692 1378 711 1379 693 1379 710 1379 546 1380 692 1380 694 1380 711 1381 695 1381 693 1381 544 1382 546 1382 694 1382 712 1383 695 1383 711 1383 640 1384 544 1384 697 1384 712 1385 696 1385 695 1385 640 1386 697 1386 698 1386 638 1387 640 1387 698 1387 712 1388 711 1388 702 1388 713 1389 712 1389 702 1389 713 1390 696 1390 712 1390 713 1391 700 1391 696 1391 699 1392 636 1392 638 1392 699 1393 638 1393 698 1393 668 1394 664 1394 703 1394 668 1395 666 1395 664 1395 669 1396 667 1396 668 1396 669 1397 499 1397 667 1397 670 1398 704 1398 673 1398 670 1399 673 1399 671 1399 694 1400 695 1400 697 1400 694 1401 697 1401 544 1401 633 1402 636 1402 701 1402 702 1403 700 1403 713 1403 714 1404 701 1404 699 1404 716 1405 715 1405 714 1405 717 1406 715 1406 716 1406 718 1407 716 1407 714 1407 719 1408 717 1408 716 1408 718 1409 719 1409 716 1409 720 1410 719 1410 718 1410 720 1411 721 1411 719 1411 722 1412 723 1412 721 1412 720 1413 722 1413 721 1413 724 1414 723 1414 722 1414 724 1415 725 1415 723 1415 724 1416 722 1416 720 1416 726 1417 725 1417 724 1417 726 1418 727 1418 725 1418 728 1419 727 1419 726 1419 728 1420 729 1420 727 1420 731 1421 729 1421 728 1421 730 1422 731 1422 728 1422 731 1423 732 1423 729 1423 733 1424 732 1424 731 1424 733 1425 731 1425 730 1425 733 1426 734 1426 732 1426 735 1427 734 1427 733 1427 736 1428 735 1428 733 1428 736 1429 737 1429 735 1429 736 1430 738 1430 737 1430 739 1431 738 1431 736 1431 741 1432 740 1432 738 1432 741 1433 738 1433 739 1433 743 1434 742 1434 741 1434 745 1435 744 1435 742 1435 743 1436 745 1436 742 1436 631 1437 633 1437 701 1437 629 1438 631 1438 715 1438 627 1439 629 1439 715 1439 627 1440 715 1440 717 1440 748 1441 714 1441 747 1441 625 1442 627 1442 717 1442 748 1443 718 1443 714 1443 622 1444 625 1444 717 1444 622 1445 717 1445 719 1445 748 1446 747 1446 749 1446 619 1447 622 1447 719 1447 619 1448 719 1448 721 1448 749 1449 720 1449 718 1449 749 1450 718 1450 748 1450 617 1451 619 1451 721 1451 617 1452 721 1452 723 1452 616 1453 617 1453 723 1453 750 1454 720 1454 749 1454 420 1455 480 1455 616 1455 420 1456 616 1456 723 1456 420 1457 723 1457 725 1457 750 1458 724 1458 720 1458 538 1459 420 1459 725 1459 538 1460 725 1460 727 1460 750 1461 726 1461 724 1461 751 1462 726 1462 750 1462 535 1463 538 1463 727 1463 535 1464 727 1464 729 1464 751 1465 728 1465 726 1465 532 1466 535 1466 729 1466 751 1467 730 1467 728 1467 532 1468 729 1468 732 1468 752 1469 730 1469 751 1469 752 1470 751 1470 753 1470 732 1471 528 1471 532 1471 526 1472 528 1472 732 1472 526 1473 732 1473 734 1473 752 1474 733 1474 730 1474 753 1475 733 1475 752 1475 522 1476 734 1476 735 1476 522 1477 526 1477 734 1477 753 1478 736 1478 733 1478 522 1479 735 1479 737 1479 754 1480 736 1480 753 1480 521 1481 522 1481 737 1481 518 1482 521 1482 737 1482 518 1483 737 1483 738 1483 754 1484 739 1484 736 1484 517 1485 518 1485 738 1485 755 1486 739 1486 754 1486 517 1487 738 1487 740 1487 512 1488 517 1488 740 1488 755 1489 741 1489 739 1489 511 1490 512 1490 740 1490 756 1491 741 1491 755 1491 507 1492 511 1492 742 1492 756 1493 743 1493 741 1493 507 1494 742 1494 744 1494 505 1495 507 1495 744 1495 756 1496 755 1496 665 1496 505 1497 746 1497 501 1497 665 1498 743 1498 756 1498 745 1499 746 1499 505 1499 745 1500 505 1500 744 1500 666 1501 665 1501 664 1501 666 1502 745 1502 743 1502 700 1503 702 1503 747 1503 715 1504 701 1504 714 1504 715 1505 631 1505 701 1505 714 1506 699 1506 700 1506 714 1507 700 1507 747 1507 740 1508 741 1508 742 1508 740 1509 742 1509 511 1509 665 1510 666 1510 743 1510 784 1511 782 1511 783 1511 785 1512 787 1512 782 1512 785 1513 786 1513 787 1513 784 1514 783 1514 788 1514 789 1515 750 1515 749 1515 790 1516 786 1516 785 1516 791 1517 786 1517 790 1517 791 1518 709 1518 707 1518 786 1519 707 1519 706 1519 789 1520 783 1520 750 1520 789 1521 788 1521 783 1521 792 1522 784 1522 788 1522 789 1523 749 1523 747 1523 702 1524 788 1524 747 1524 786 1525 791 1525 707 1525 786 1526 706 1526 787 1526 784 1527 790 1527 785 1527 792 1528 790 1528 784 1528 788 1529 702 1529 711 1529 791 1530 790 1530 792 1530 710 1531 709 1531 791 1531 782 1532 784 1532 785 1532 788 1533 789 1533 747 1533 710 1534 791 1534 792 1534 792 1535 788 1535 711 1535 792 1536 711 1536 710 1536 793 1537 787 1537 795 1537 796 1538 706 1538 705 1538 797 1539 794 1539 783 1539 798 1540 794 1540 797 1540 798 1541 753 1541 751 1541 794 1542 751 1542 750 1542 793 1543 782 1543 787 1543 796 1544 787 1544 706 1544 796 1545 795 1545 787 1545 799 1546 793 1546 795 1546 796 1547 705 1547 703 1547 665 1548 795 1548 703 1548 794 1549 798 1549 751 1549 794 1550 750 1550 783 1550 793 1551 797 1551 782 1551 799 1552 797 1552 793 1552 782 1553 797 1553 783 1553 795 1554 665 1554 755 1554 798 1555 797 1555 799 1555 754 1556 753 1556 798 1556 795 1557 796 1557 703 1557 754 1558 798 1558 799 1558 799 1559 795 1559 755 1559 799 1560 755 1560 754 1560 774 1561 773 1561 848 1561 775 1562 774 1562 848 1562 775 1563 848 1563 800 1563 776 1564 775 1564 800 1564 776 1565 800 1565 801 1565 776 1566 801 1566 850 1566 777 1567 776 1567 850 1567 778 1568 777 1568 850 1568 778 1569 850 1569 802 1569 779 1570 778 1570 802 1570 779 1571 802 1571 803 1571 780 1572 779 1572 803 1572 780 1573 803 1573 804 1573 781 1574 780 1574 804 1574 579 1575 781 1575 804 1575 579 1576 804 1576 805 1576 576 1577 579 1577 805 1577 576 1578 805 1578 806 1578 577 1579 576 1579 806 1579 577 1580 806 1580 807 1580 578 1581 807 1581 808 1581 578 1582 577 1582 807 1582 757 1583 578 1583 808 1583 757 1584 808 1584 809 1584 574 1585 757 1585 809 1585 574 1586 809 1586 810 1586 543 1587 574 1587 810 1587 543 1588 810 1588 811 1588 545 1589 543 1589 811 1589 545 1590 811 1590 822 1590 545 1591 822 1591 823 1591 547 1592 545 1592 823 1592 547 1593 823 1593 812 1593 758 1594 547 1594 812 1594 548 1595 758 1595 812 1595 548 1596 812 1596 813 1596 759 1597 548 1597 813 1597 760 1598 759 1598 813 1598 760 1599 813 1599 814 1599 584 1600 760 1600 814 1600 584 1601 814 1601 838 1601 761 1602 584 1602 838 1602 585 1603 761 1603 838 1603 585 1604 838 1604 815 1604 762 1605 585 1605 815 1605 586 1606 762 1606 815 1606 586 1607 815 1607 816 1607 763 1608 586 1608 816 1608 764 1609 763 1609 816 1609 764 1610 816 1610 817 1610 765 1611 764 1611 817 1611 765 1612 817 1612 842 1612 766 1613 765 1613 842 1613 766 1614 842 1614 844 1614 767 1615 766 1615 844 1615 768 1616 767 1616 844 1616 768 1617 844 1617 856 1617 768 1618 856 1618 845 1618 770 1619 768 1619 845 1619 769 1620 770 1620 845 1620 769 1621 845 1621 846 1621 818 1622 769 1622 846 1622 771 1623 769 1623 818 1623 772 1624 771 1624 818 1624 772 1625 818 1625 848 1625 773 1626 772 1626 848 1626 820 1627 828 1627 854 1627 820 1628 829 1628 828 1628 821 1629 831 1629 820 1629 824 1630 833 1630 832 1630 813 1631 812 1631 825 1631 824 1632 834 1632 825 1632 826 1633 834 1633 824 1633 814 1634 813 1635 835 1636 827 1637 837 1638 826 1639 815 1640 838 1640 839 1640 806 1641 805 1641 828 1641 829 1642 806 1642 828 1642 829 1643 807 1643 806 1643 830 1644 808 1644 807 1644 830 1645 829 1645 820 1645 809 1646 808 1647 830 1648 831 1649 830 1650 820 1651 809 1652 830 1652 831 1652 821 1653 811 1653 810 1653 832 1654 822 1654 811 1654 823 1655 822 1656 833 1657 822 1658 832 1659 833 1660 824 1661 823 1662 833 1663 825 1664 812 1665 823 1666 824 1667 825 1667 823 1667 834 1668 813 1668 825 1668 835 1669 813 1670 834 1671 835 1672 834 1672 826 1672 814 1673 835 1674 836 1675 836 1676 835 1676 826 1676 836 1677 826 1677 837 1677 814 1678 836 1678 838 1678 838 1679 836 1679 837 1679 838 1680 837 1680 839 1680 839 1681 837 1681 827 1681 827 1682 840 1682 839 1682 816 1683 815 1684 840 1685 840 1686 827 1686 819 1686 854 1687 828 1687 805 1687 830 1688 807 1688 829 1688 821 1689 809 1689 831 1689 821 1690 810 1690 809 1690 832 1691 811 1691 821 1691 840 1692 815 1692 839 1692 843 1693 855 1693 819 1693 847 1694 859 1694 858 1694 848 1695 818 1695 860 1695 849 1696 861 1696 847 1696 800 1697 848 1697 862 1697 849 1698 851 1698 863 1698 853 1699 865 1699 852 1699 854 1700 805 1700 804 1700 816 1701 840 1702 841 1703 841 1704 840 1704 819 1704 817 1705 816 1705 841 1705 855 1706 841 1706 819 1706 842 1707 817 1708 841 1709 855 1710 842 1710 841 1710 842 1711 855 1711 843 1711 857 1712 842 1712 843 1712 842 1713 856 1713 844 1713 856 1714 842 1714 857 1714 857 1715 843 1715 858 1715 858 1716 845 1716 856 1716 859 1717 845 1718 858 1719 859 1720 846 1720 845 1720 859 1721 818 1721 846 1721 818 1722 859 1723 860 1724 860 1725 859 1725 847 1725 860 1726 847 1727 861 1728 861 1729 848 1729 860 1729 862 1730 848 1731 861 1732 862 1733 861 1734 849 1735 800 1736 862 1736 863 1736 863 1737 862 1738 849 1739 801 1740 800 1740 863 1740 801 1741 863 1741 851 1741 801 1742 851 1743 852 1744 864 1745 850 1746 852 1747 864 1748 802 1749 850 1750 865 1751 864 1751 852 1751 865 1752 802 1752 864 1752 865 1753 803 1753 802 1753 866 1754 803 1754 865 1754 804 1755 803 1755 866 1755 866 1756 853 1756 854 1756 854 1757 804 1757 866 1757 857 1758 858 1758 856 1758 852 1759 850 1759 801 1759 865 1760 853 1760 866 1760 820 1761 867 1761 821 1761 867 1762 868 1762 821 1762 821 1763 868 1763 832 1763 820 1764 869 1764 867 1764 854 1765 869 1765 820 1765 854 1766 870 1766 869 1766 832 1767 868 1767 824 1767 853 1768 870 1768 854 1768 868 1769 871 1769 824 1769 824 1770 871 1770 826 1770 853 1771 872 1771 870 1771 853 1772 852 1772 872 1772 871 1773 873 1773 826 1773 852 1774 851 1774 872 1774 873 1775 827 1775 826 1775 851 1776 849 1776 872 1776 872 1777 849 1777 874 1777 873 1778 819 1778 827 1778 874 1779 849 1779 875 1779 876 1780 819 1780 873 1780 849 1781 847 1781 875 1781 875 1782 847 1782 877 1782 878 1783 819 1783 876 1783 878 1784 843 1784 819 1784 847 1785 858 1785 877 1785 877 1786 843 1786 878 1786 858 1787 843 1787 877 1787 868 1788 879 1788 871 1788 879 1789 880 1789 871 1789 871 1790 880 1790 873 1790 880 1791 881 1791 873 1791 873 1792 881 1792 876 1792 881 1793 882 1793 876 1793 876 1794 882 1794 878 1794 882 1795 883 1795 878 1795 878 1796 883 1796 877 1796 883 1797 884 1797 877 1797 877 1798 884 1799 875 1800 884 1801 885 1801 875 1801 885 1802 886 1802 875 1802 875 1803 886 1803 874 1803 886 1804 887 1804 874 1804 874 1805 887 1805 872 1805 887 1806 888 1806 872 1806 872 1807 888 1807 870 1807 888 1808 889 1808 870 1808 870 1809 889 1809 869 1809 869 1810 889 1810 867 1810 889 1811 890 1811 867 1811 867 1812 890 1812 868 1812 890 1813 891 1813 868 1813 891 1814 879 1814 868 1814 896 1815 879 1815 891 1815 893 1816 880 1816 879 1816 893 1817 879 1817 896 1817 893 1818 896 1818 892 1818 893 1819 881 1819 880 1819 893 1820 882 1820 881 1820 893 1821 892 1821 882 1821 894 1822 889 1822 888 1822 895 1823 894 1823 888 1823 887 1824 895 1824 888 1824 886 1825 895 1825 887 1825 885 1826 895 1826 886 1826 884 1827 895 1827 885 1827 884 1828 892 1828 895 1828 883 1829 882 1829 892 1829 883 1830 892 1830 884 1830 896 1831 890 1831 889 1831 896 1832 889 1832 894 1832 896 1833 894 1833 892 1833 896 1834 891 1834 890 1834 895 1835 898 1835 897 1835 892 1836 898 1836 895 1836 918 1837 899 1837 900 1837 900 1838 899 1838 894 1838 899 1839 892 1839 894 1839 901 1840 902 1840 899 1840 902 1841 892 1841 899 1841 892 1842 902 1842 898 1842 903 1843 898 1843 902 1843 904 1844 903 1844 902 1844 900 1845 895 1845 897 1845 900 1846 894 1846 895 1846 897 1847 905 1847 900 1847 905 1848 906 1848 900 1848 917 1849 907 1849 899 1849 907 1850 901 1850 899 1850 907 1851 908 1851 901 1851 907 1852 909 1852 908 1852 909 1853 910 1853 908 1853 910 1854 911 1854 908 1854 910 1855 912 1855 911 1855 910 1856 913 1856 912 1856 913 1857 914 1857 912 1857 913 1858 915 1858 914 1858 913 1859 916 1859 915 1859 916 1860 917 1861 915 1862 917 1863 918 1863 915 1863 918 1864 917 1864 899 1864 910 1865 905 1865 913 1865 897 1866 913 1866 905 1866 897 1867 916 1867 913 1867 917 1868 916 1868 897 1868 903 1869 905 1869 910 1869 909 1870 903 1870 910 1870 898 1871 903 1871 909 1871 898 1872 909 1872 907 1872 897 1873 898 1873 917 1873 917 1874 898 1874 907 1874 903 1875 904 1875 905 1875 905 1875 904 1875 906 1875 906 1876 912 1876 914 1876 914 1877 915 1877 906 1877 906 1878 915 1878 900 1878 915 1879 918 1879 900 1879 906 1880 904 1880 912 1880 912 1881 904 1881 911 1881 904 1882 908 1882 911 1882 908 1883 902 1883 901 1883 904 1884 902 1884 908 1884</p>
        </triangles>
      </mesh>
    </geometry>
    <geometry id="Part__Feature005_007-mesh" name="Part__Feature005.007">
      <mesh>
        <source id="Part__Feature005_007-mesh-positions">
          <float_array id="Part__Feature005_007-mesh-positions-array" count="156">-0.06033366 -0.01015043 0.2382906 -0.06060725 -0.01174157 0.2375808 -0.06073194 -0.01265037 0.23854 -0.06045436 -0.01281267 0.238848 -0.06082451 -0.01229619 0.2400514 -0.0607782 -0.009925842 0.239764 -0.06094259 -0.01000446 0.2382176 -0.06120383 -0.01240807 0.2381839 -0.06129604 -0.01262241 0.2395265 -0.0611453 -0.01114726 0.2405318 -0.06140989 -0.010064 0.2400361 -0.06155639 -0.01006972 0.238292 -0.06128633 -0.01111996 0.2374482 -0.06182217 -0.01224958 0.2380774 -0.06178408 -0.01183801 0.2404974 -0.06202101 -0.009844362 0.2396067 -0.06186467 -0.01078057 0.2376351 -0.06210827 -0.01258563 0.2397918 -0.06247961 -0.01022052 0.2401338 -0.06235009 -0.01037722 0.2378752 -0.06255507 -0.0118156 0.2376779 -0.06239944 -0.01290011 0.2390397 -0.06289249 -0.01259857 0.2395194 -0.06263607 -0.01166188 0.240502 -0.06291842 -0.009768903 0.2385766 -0.06310063 -0.01044696 0.2378716 -0.06295275 -0.01246196 0.2381801 -0.06326305 -0.01163613 0.2405451 -0.06330883 -0.01021099 0.2401596 -0.06374758 -0.01091694 0.2376298 -0.0634182 -0.01234114 0.2379479 -0.0635547 -0.01257377 0.2398307 -0.06391853 -0.01041454 0.2400641 -0.06383585 -0.009900867 0.2386623 -0.06394422 -0.01286691 0.2385683 -0.0640186 -0.01196765 0.2405096 -0.06047433 -0.01160085 0.2405395 -0.06700003 -0.008711934 0.2383445 -0.06700372 -0.01238596 0.2414229 -0.06694579 -0.01102197 0.2362866 -0.06699323 -0.0136215 0.2379013 -0.06451964 -0.01210325 0.2400072 -0.06451964 -0.0102325 0.2379072 -0.06688964 -0.01384246 0.2399522 -0.06401968 -0.01369136 0.2371588 -0.06401962 -0.01267772 0.2418411 -0.06401962 -0.009837687 0.2365692 -0.06401962 -0.008376717 0.2400349 -0.05996823 -0.01147985 0.237904 -0.06002074 -0.01209849 0.2397127 -0.06016534 -0.01029199 0.2398816 -0.06688255 -0.009606599 0.2414137</float_array>
          <technique_common>
            <accessor source="#Part__Feature005_007-mesh-positions-array" count="52" stride="3">
              <param name="X" type="float"/>
              <param name="Y" type="float"/>
              <param name="Z" type="float"/>
            </accessor>
          </technique_common>
        </source>
        <source id="Part__Feature005_007-mesh-normals">
          <float_array id="Part__Feature005_007-mesh-normals-array" count="342">0.2908935 -0.7130979 -0.6378656 -0.6139199 -0.7760708 0.1442797 0.6174833 -0.6359592 0.4628934 -0.8593568 0.07805752 0.5053841 -0.7565653 0.0913133 -0.6475113 0.1336898 -0.7279832 -0.672434 -0.3448303 -0.9229538 -0.1710216 0.3637914 -0.9017153 0.2335922 -0.5076906 -0.4491509 0.7351965 -0.1050485 0.9944515 0.005575001 -0.1588149 0.5932646 -0.7891864 -0.8705019 0.1522201 -0.4680338 0.02285057 -0.4946928 -0.8687674 -0.2174096 -0.9614409 -0.1684175 -0.7705423 -0.6262532 0.1186236 -0.467944 0.3135398 0.8262695 0.3586096 0.9328979 -0.03318059 -0.6942864 0.6272242 -0.3529252 -0.7867233 -0.2075789 0.5813584 0.5330415 0.3971374 0.7470935 -0.6910718 0.7172376 -0.08938765 -0.7222543 -0.578867 -0.3784994 0.1851461 -0.7349637 0.6523414 -0.9314944 0.181613 0.3151745 0.7441308 0.3751738 -0.5527333 0.7440549 0.3751747 -0.5528348 0.7440273 0.3751612 -0.5528811 -0.6625755 -0.1606236 -0.7315694 -0.7987847 0.6009106 -0.02914774 -0.2948911 0.7256326 -0.6216885 0.4146377 -0.1059263 -0.9038005 -0.7907615 -0.1959094 0.5799274 -0.2299637 0.2472375 0.9412707 -0.3441852 0.8879597 0.3050643 0.08557128 0.431075 0.8982494 0.0853089 0.4309946 0.898313 0.08554923 0.4310573 0.8982601 0.5242403 0.8458294 -0.09871721 0.2255955 0.972207 0.0626108 0.1976012 0.370783 -0.9074546 0.8740129 0.0416193 0.4841172 0.2668223 0.454111 0.8500525 -0.2241412 0.9742181 -0.02568858 0.9543073 -0.09976273 -0.2816824 0.5216283 -0.5162451 0.6792606 -0.3788384 0.3069384 0.873081 0.9326153 -0.0790174 -0.3521149 0.8931406 -0.445522 0.0617268 0.4957532 0.799083 -0.3401399 -0.3172591 0.1730396 -0.9324184 0.3373215 -0.2623711 -0.9040883 -0.1320201 -0.7826891 -0.6082504 0.7424987 -0.6698069 -0.007373332 -0.5351595 -0.6854026 0.493789 0.8320627 0.05078196 0.5523523 0.7272932 0.6863015 -0.00590676 -0.6732518 0.1937549 -0.7135763 0.8131228 -0.5742607 -0.09516328 0.01751875 -0.7259684 0.687505 0.07693797 0.2629773 0.9617295 0.07683789 0.2629706 0.9617393 0.07672953 0.2629263 0.9617601 0.823592 0.4601449 0.3316067 0.4214932 -0.1069329 -0.9005047 -0.2080019 -0.9739803 -0.0899868 -0.09764742 -0.9868244 -0.1290062 0.3089929 -0.6353068 0.7077491 0.9087337 0.3336693 -0.2507349 -0.5842024 -0.3030524 -0.7529057 -0.5843775 -0.3028635 -0.7528458 -0.58422 -0.3030242 -0.7529034 0.681866 -0.7303377 -0.04081255 -0.520845 -0.7820305 0.3422702 0.857652 0.08974146 0.5063394 0.8576347 0.0898801 0.5063439 0.8576701 0.09008079 0.5062485 -0.498495 -0.6473035 -0.576629 -0.2686828 -0.6442191 0.7160946 -0.5938934 0.4322991 0.6785338 -0.7156515 0.5215326 0.4645931 -0.2842355 0.9044256 -0.3181581 -0.3419353 -0.6033189 -0.7204766 0.1547766 -0.1494213 -0.9765846 -0.2194205 -0.5118947 -0.8305532 -0.0494486 -0.9932924 -0.104523 0.2492546 -0.9465129 0.2049038 -0.1654878 -0.7071205 0.6874551 0.9951475 -0.09830343 0.00422883 0.9558885 -0.04443591 -0.2903496 0.9891344 -0.1436873 0.03110074 0.9990722 0.0376864 0.02084755 0.9824695 0.1678104 -0.08119958 0.9784694 0.1901841 -0.08017396 0.9957321 0.05052524 0.07723176 0.9963558 -0.07556676 -0.03955674 0.9913096 0.05093133 0.1212908 0.9957284 0.07458853 0.05441951 -0.9925642 -0.1157564 0.03764241 -0.9977481 0.0436725 0.05090594 0.3083792 0.342787 -0.8873553 0.5422113 -0.6083127 -0.5796228 0.9045272 -0.4108238 -0.1142563 0.1708054 -0.8000126 0.5751569 0.8832468 0.0273168 0.4681121 0.8833876 0.02698922 0.4678654 0.8833544 0.02713489 0.4679197 0.9556107 0.2847171 -0.07579278 -0.137921 0.008809328 0.9904041 -0.137938 0.008810341 0.9904018 -0.138025 0.0088256 0.9903895 0.2675883 0.3730688 0.8883784 -0.262308 0.923682 0.2792959 0.1158939 0.9152606 -0.3858326 -0.1922057 0.6502501 -0.7350047</float_array>
          <technique_common>
            <accessor source="#Part__Feature005_007-mesh-normals-array" count="114" stride="3">
              <param name="X" type="float"/>
              <param name="Y" type="float"/>
              <param name="Z" type="float"/>
            </accessor>
          </technique_common>
        </source>
        <vertices id="Part__Feature005_007-mesh-vertices">
          <input semantic="POSITION" source="#Part__Feature005_007-mesh-positions"/>
        </vertices>
        <triangles material="Part__Feature005_007-material" count="100">
          <input semantic="VERTEX" source="#Part__Feature005_007-mesh-vertices" offset="0"/>
          <input semantic="NORMAL" source="#Part__Feature005_007-mesh-normals" offset="1"/>
          <p>3 0 2 0 1 0 3 1 4 1 2 1 36 2 4 2 3 2 36 3 5 3 4 3 1 4 7 4 6 4 2 5 7 5 1 5 2 6 8 6 7 6 4 7 8 7 2 7 9 8 8 8 4 8 6 9 11 9 10 9 12 10 11 10 6 10 12 11 13 11 11 11 7 12 13 12 12 12 8 13 13 13 7 13 8 14 14 14 13 14 10 15 15 15 14 15 11 16 15 16 10 16 11 17 16 17 15 17 14 18 18 18 17 18 15 19 18 19 14 19 15 20 19 20 18 20 21 21 22 21 20 21 23 22 22 22 21 22 18 23 24 23 23 23 20 24 25 25 24 26 20 27 26 27 25 27 24 28 29 28 28 28 25 29 29 29 24 29 30 30 29 30 25 30 27 31 32 31 31 31 28 32 32 32 27 32 33 33 32 33 28 33 50 34 5 35 36 36 50 37 6 37 5 37 0 38 6 38 50 38 1 39 6 39 0 39 5 40 9 40 4 40 5 41 10 41 9 41 5 42 6 42 10 42 7 43 12 43 6 43 9 44 14 44 8 44 9 45 10 45 14 45 13 46 16 46 11 46 14 47 17 47 13 47 16 48 19 48 15 48 16 49 20 49 19 49 13 50 20 50 16 50 13 51 21 51 20 51 17 52 21 52 13 52 17 53 23 53 21 53 18 54 23 54 17 54 19 55 24 55 18 55 20 56 24 56 19 56 20 57 22 57 26 57 23 58 27 58 22 58 23 59 28 60 27 61 24 62 28 62 23 62 26 63 30 63 25 63 22 64 30 64 26 64 22 65 31 65 30 65 27 66 31 66 22 66 29 67 33 67 28 67 30 68 34 69 29 70 31 71 34 71 30 71 31 72 35 72 34 72 32 73 35 74 31 75 42 76 41 76 37 76 39 77 42 77 37 77 42 78 39 78 40 78 42 79 40 79 41 79 38 80 41 80 40 80 38 81 37 81 41 81 39 82 46 82 44 82 40 83 39 83 44 83 43 84 40 84 44 84 43 85 44 85 45 85 38 86 43 86 45 86 44 87 29 87 34 87 46 88 29 88 44 88 44 89 34 89 45 89 34 90 35 90 45 90 46 91 33 91 29 91 46 92 47 92 33 92 33 93 47 93 32 93 32 94 45 94 35 94 32 95 47 95 45 95 48 96 50 96 49 96 43 97 38 97 40 97 38 98 51 98 37 98 1 99 0 99 48 99 3 100 1 100 48 100 3 101 48 101 49 101 3 102 49 102 36 102 36 103 49 104 50 105 0 106 50 106 48 106 51 107 38 108 45 109 51 110 45 110 47 110 37 111 51 111 47 111 37 112 47 112 46 112 39 113 37 113 46 113</p>
        </triangles>
      </mesh>
    </geometry>
    <geometry id="Part__Feature004_007-mesh" name="Part__Feature004.007">
      <mesh>
        <source id="Part__Feature004_007-mesh-positions">
          <float_array id="Part__Feature004_007-mesh-positions-array" count="96">-0.06080484 -0.009217917 0.2397727 -0.06090074 -0.009939551 0.2379703 -0.06095612 -0.01242148 0.2381594 -0.06082838 -0.01236152 0.2399787 -0.0609883 -0.01447075 0.2410534 -0.06079101 -0.01072537 0.2411906 -0.0609883 -0.01232963 0.2358337 -0.0609883 -0.009384036 0.2431396 -0.0609883 -0.00722748 0.2379572 -0.05898827 -0.008873999 0.2426795 -0.05898827 -0.01043581 0.2431234 -0.05898827 -0.007239997 0.2379271 -0.05898827 -0.01232671 0.2358408 -0.05898827 -0.01448327 0.2410233 -0.06043583 -0.0124734 0.2395962 -0.06028479 -0.01128691 0.23787 -0.06067764 -0.01155352 0.2380087 -0.06023532 -0.009298086 0.2388623 -0.06025475 -0.009916245 0.2408818 -0.06009572 -0.01229047 0.2403724 -0.05993008 -0.01195532 0.2376035 -0.05969953 -0.009791612 0.2383075 -0.05965155 -0.009258568 0.239885 -0.05974334 -0.01049321 0.2410989 -0.0595085 -0.01205027 0.2406039 -0.05959135 -0.01238805 0.2389647 -0.05947983 -0.01107919 0.2378686 -0.0591675 -0.009732842 0.2407311 -0.05905717 -0.01176226 0.2412009 -0.0590648 -0.01247876 0.2401565 -0.05912321 -0.01173084 0.2381395 -0.05916094 -0.009500384 0.2383661</float_array>
          <technique_common>
            <accessor source="#Part__Feature004_007-mesh-positions-array" count="32" stride="3">
              <param name="X" type="float"/>
              <param name="Y" type="float"/>
              <param name="Z" type="float"/>
            </accessor>
          </technique_common>
        </source>
        <source id="Part__Feature004_007-mesh-normals">
          <float_array id="Part__Feature004_007-mesh-normals-array" count="210">-0.9918578 0.1088738 0.06606459 -0.9976402 0.05410063 -0.04227524 -0.999188 0.03727859 0.01529383 -0.9885801 0.05718493 -0.1394256 -0.9963527 -0.06313848 -0.05740243 -0.999617 0.02341347 0.01475238 -0.987302 -0.1466628 -0.0610305 -0.9965717 -0.03178757 0.07638335 -0.9973216 -0.031865 0.06583589 0.1498603 0.2702816 0.9510467 0.0108 0.9456111 0.3251199 -0.1454979 0.9134299 0.3801004 -0.01150083 0.3842185 -0.9231706 0.002731442 0.379468 -0.9252009 0.002735733 -0.9232497 -0.3841909 -0.01148247 -0.9251261 -0.3794864 -0.1885849 -0.3726628 0.9086023 0.01049244 -0.4605445 0.8875746 -0.5170454 0.5170914 -0.6821148 0.5568698 0.7526496 0.3513045 -0.3532509 0.7850967 0.5087603 0.5299916 -0.3891216 0.7534543 -0.5811796 0.8112987 0.06344127 0.8847819 0.3442823 0.3140554 0.1085335 -0.3180161 0.9418526 0.4478707 -0.4080735 0.7955426 -0.4626799 -0.8355101 0.2963956 0.06548064 -0.3119617 0.9478356 0.4336223 -0.8575919 0.2766009 -0.6247109 -0.7769426 -0.07808148 0.814592 -0.08873426 -0.5732069 0.8146262 -0.08873432 -0.5731583 0.8145712 -0.08872896 -0.5732374 0.2185798 0.8039299 -0.5531001 -0.9478235 0.3138011 0.0562095 0.3097798 0.06537634 0.9485581 0.519603 -0.5828339 -0.6247539 -0.6279976 0.1227732 -0.7684698 0.7119066 0.54671 -0.4407917 0.5721036 0.2084869 -0.7932407 0.5329597 0.8356193 0.1330201 -0.8765327 0.3507575 0.3296358 0.05315643 -0.3140939 0.9479027 0.4525625 -0.6420619 -0.6188244 -0.6555177 0.137201 -0.742612 0.5738978 0.7958573 -0.1930088 -0.5535236 0.7755243 0.3036015 0.465358 0.5444269 0.6978835 0.4651288 0.5445276 0.6979577 0.4653218 0.5444318 0.6979038 -0.6958218 -0.08459961 0.7132145 -0.6959218 -0.08455467 0.7131222 -0.6959789 -0.08449453 0.7130736 0.9987327 0.04646509 0.01933991 0.9989805 0.02079069 -0.04007118 -0.1158187 0.8194799 -0.5612833 0.9902058 0.1378062 0.02240723 0.9995158 -0.008504748 -0.02993023 0.9940681 0.02983969 -0.1045863 0.9983845 0.0112344 0.05569839 0.992403 -0.1163459 -0.03999865 0.9907975 -0.05136543 0.1252283 0.9970121 -0.07709503 -0.004820585 0.4944407 -0.8324675 -0.2500525 -0.7658504 -0.09072881 0.6365858 0.3955372 -0.8597229 0.3231518 -0.521288 -0.8145924 -0.2543579 -0.4186919 -0.620666 -0.662926 0.2282869 0.3260679 -0.9173685 -0.3121879 0.9334681 -0.1765677</float_array>
          <technique_common>
            <accessor source="#Part__Feature004_007-mesh-normals-array" count="70" stride="3">
              <param name="X" type="float"/>
              <param name="Y" type="float"/>
              <param name="Z" type="float"/>
            </accessor>
          </technique_common>
        </source>
        <vertices id="Part__Feature004_007-mesh-vertices">
          <input semantic="POSITION" source="#Part__Feature004_007-mesh-positions"/>
        </vertices>
        <triangles material="Part__Feature004_007-material" count="64">
          <input semantic="VERTEX" source="#Part__Feature004_007-mesh-vertices" offset="0"/>
          <input semantic="NORMAL" source="#Part__Feature004_007-mesh-normals" offset="1"/>
          <p>3 0 2 0 4 0 5 1 3 1 4 1 6 2 4 2 2 2 5 3 4 3 7 3 7 4 0 4 5 4 6 5 2 5 1 5 8 6 0 6 7 6 8 7 6 7 1 7 8 8 1 8 0 8 10 9 9 9 7 9 11 10 8 10 9 10 9 11 8 11 7 11 8 12 11 12 6 12 6 13 11 13 12 13 13 14 6 14 12 14 4 15 6 15 13 15 4 16 10 16 7 16 13 17 10 17 4 17 14 18 3 18 5 18 14 19 16 19 3 19 15 20 16 20 14 20 15 21 17 21 16 21 20 22 14 22 19 22 20 23 15 23 14 23 21 24 15 24 20 24 21 25 17 25 15 25 21 26 22 26 17 26 31 27 21 27 26 27 31 28 22 28 21 28 27 29 22 29 31 29 28 30 24 31 27 32 28 33 29 33 24 33 16 34 2 34 3 34 16 35 1 35 2 35 18 36 5 36 0 36 19 37 5 37 18 37 19 38 14 38 5 38 23 39 19 39 18 39 25 40 20 40 19 40 26 41 20 41 25 41 21 42 20 42 26 42 27 43 23 43 22 43 24 44 23 44 27 44 29 45 25 45 24 45 30 46 25 46 29 46 30 47 26 48 25 49 31 50 26 51 30 52 13 53 12 53 29 53 13 54 29 54 10 54 29 55 28 55 10 55 12 56 30 56 29 56 10 57 28 57 9 57 27 58 9 58 28 58 30 59 12 59 31 59 27 60 11 60 9 60 12 61 11 61 31 61 31 62 11 62 27 62 17 63 22 63 18 63 16 64 17 64 1 64 17 65 0 65 1 65 17 66 18 66 0 66 22 67 23 67 18 67 23 68 24 68 19 68 24 69 25 69 19 69</p>
        </triangles>
      </mesh>
    </geometry>
    <geometry id="Part__Feature003_009-mesh" name="Part__Feature003.009">
      <mesh>
        <source id="Part__Feature003_009-mesh-positions">
          <float_array id="Part__Feature003_009-mesh-positions-array" count="834">-0.06161791 -0.004831492 0.2301769 -0.06302022 -0.02170276 0.2382022 -0.06308245 -0.003534853 0.2330163 -0.06259971 -0.003743231 0.2319528 -0.06171852 -0.001446366 0.2335813 -0.06139183 6.4513e-4 0.2415687 -0.06311213 -0.00107932 0.2424555 -0.0617848 -0.02283447 0.2375428 -0.06274193 -7.76805e-4 0.2366958 -0.06154537 4.02073e-4 0.2375344 -0.06251299 6.51131e-5 0.2411548 -0.06309092 -0.02044779 0.2352731 -0.06200915 -0.02147531 0.2344065 -0.06173068 -0.02026462 0.2325271 -0.0617839 -0.01777178 0.2303536 -0.06186032 -0.01524436 0.2291432 -0.06147778 -0.01244777 0.228383 -0.06237822 -0.01119601 0.2288003 -0.06143844 -0.008710563 0.2285887 -0.06309759 -0.01027041 0.2299355 -0.06279206 -0.01833534 0.2318629 -0.06303822 -0.01515203 0.2304151 -0.06270283 -0.007966279 0.2296158 -0.06316751 -0.0120837 0.2367226 -0.06316751 -0.01367193 0.2393341 -0.06316751 -0.009181439 0.237844 -0.06316751 -0.01167911 0.2415015 -0.06316751 -0.009275138 0.2403402 -0.06306147 -0.004489004 0.2483732 -0.04673647 -0.01223093 0.2280462 -0.04815262 -0.005127727 0.2298423 -0.0511586 -8.55111e-4 0.2340652 -0.05512058 9.24686e-4 0.2411332 -0.06159132 -1.04022e-4 0.2444761 -0.05759572 -0.001828372 0.247956 -0.06173247 -0.00426799 0.2498765 -0.05851984 -0.008675098 0.2523044 -0.06162494 -0.006966948 0.251394 -0.06173604 -0.01018661 0.2521275 -0.0524339 -0.02381032 0.2356614 -0.04963111 -0.02013301 0.2317861 -0.04926538 -0.02020537 0.2304461 -0.04697364 -0.01414084 0.2271735 -0.04771065 -0.005345344 0.2281764 -0.05263143 0.001584827 0.2359316 -0.06436753 -0.009124159 0.2379952 -0.06436753 -0.009680092 0.241003 -0.05710804 7.0358e-4 0.2467167 -0.05841767 -0.006554365 0.2528157 -0.05849826 -0.013574 0.2533977 -0.05830597 -0.01699113 0.2510493 -0.057895 -0.02074879 0.2498962 -0.05691897 -0.0222091 0.245689 -0.05565655 -0.02441102 0.242594 -0.05397439 -0.02333527 0.2388343 -0.06438148 -0.01785081 0.235208 -0.08989489 -0.01758104 0.2356982 -0.09491997 -0.004978477 0.2366113 -0.06437236 -0.005732297 0.2393849 -0.07417929 -0.004373133 0.2347078 -0.06439089 -0.002743065 0.2362369 -0.06436753 -0.01193284 0.2366474 -0.06436753 -0.01363492 0.2389954 -0.06436741 -0.01445049 0.2419547 -0.0643059 -0.008046269 0.2300687 -0.06436753 -0.01263046 0.2410316 -0.06436794 -0.01034128 0.2426137 -0.0641967 -0.001947045 0.234466 -0.06439262 -0.006797134 0.24084 -0.1985785 -0.003440856 0.265485 -0.2065148 -0.004388689 0.263365 -0.2078792 -0.005411088 0.2619464 -0.213306 -0.008179426 0.2598205 -0.2138952 -0.007110655 0.2610346 -0.2191646 -0.01130169 0.2600605 -0.2182793 -0.01131814 0.2591682 -0.2178018 -0.009947657 0.2602448 -0.2164942 -0.01129657 0.2587844 -0.2007356 -0.01905167 0.2660512 -0.2081956 -0.01725989 0.2620155 -0.210936 -0.01694697 0.2625696 -0.2135232 -0.0140208 0.2596912 -0.2154545 -0.01440465 0.2606544 -0.2033759 -0.01873928 0.2644446 -0.2141637 -0.01522469 0.266 -0.2109336 -0.005627453 0.2657926 -0.2052581 -0.004158794 0.2661503 -0.06222677 -0.01312994 0.2532427 -0.06168997 -0.01664942 0.252306 -0.06216001 -0.02199119 0.2476872 -0.06188333 -0.02380067 0.2443212 -0.06190007 -0.02418965 0.2381333 -0.06219696 -0.02312201 0.2347459 -0.06239813 -0.01704645 0.2287253 -0.06225651 -0.01350969 0.2274249 -0.1074753 -0.001283764 0.2444773 -0.07722353 -0.02037572 0.2362734 -0.08902198 -0.002194404 0.2373517 -0.08463382 -0.0217356 0.2389209 -0.09431582 -9.36447e-4 0.241029 -0.06430977 -0.02149486 0.2378181 -0.06411105 -0.02220946 0.2400504 -0.07765394 -9.18069e-4 0.2379215 -0.1839877 -0.01882392 0.2645224 -0.1835823 -0.01953309 0.2666221 -0.1763522 -0.01769161 0.2627026 -0.1855185 -0.0164287 0.2628267 -0.1868961 -0.009722769 0.2619916 -0.1767411 -0.0135982 0.261357 -0.1651674 -0.01961326 0.2626752 -0.1830604 -0.003069698 0.2659282 -0.1641167 -0.01725912 0.260277 -0.1616387 -0.004007637 0.2604789 -0.158134 -0.00769174 0.2578426 -0.1493858 -0.01965296 0.2580311 -0.1614279 -0.002530634 0.2628565 -0.1470513 -0.02016633 0.2582256 -0.124265 -0.02042686 0.2487193 -0.1262332 -0.01744002 0.2469345 -0.1381854 -0.002364754 0.2543764 -0.1461115 -0.003895699 0.2556366 -0.1197541 -0.00427109 0.2447364 -0.130599 -0.01016604 0.2472684 -0.1131932 -0.02089393 0.2450029 -0.1179178 -0.0194838 0.2449322 -0.1195571 -0.002535521 0.2461504 -0.1091815 -0.004241287 0.2408851 -0.114161 -0.00159657 0.2455952 -0.2037743 -0.01554322 0.2616866 -0.2003012 -0.00840497 0.2617236 -0.1541451 -0.02003544 0.2621677 -0.1733399 -0.006891012 0.2613419 -0.1450633 -0.002158284 0.2584049 -0.1061619 -0.01705926 0.2394734 -0.106643 -0.002223134 0.241684 -0.06418114 -5.17985e-4 0.2412266 -0.2029823 -0.01095682 0.2610773 -0.2004699 -0.01414114 0.2617069 -0.1914821 -0.01479649 0.2624014 -0.193971 -0.01757609 0.2635051 -0.1942481 -0.007448434 0.2624198 -0.1975832 -0.004118382 0.2640909 -0.1870746 -0.01271724 0.2620089 -0.1932178 -0.005128204 0.2634678 -0.1863619 -0.004066169 0.2642042 -0.1492806 -0.01776278 0.2560263 -0.1463663 -0.01032608 0.2535196 -0.1122974 -0.01572322 0.2411023 -0.118213 -0.01675516 0.2433615 -0.1201182 -0.007796466 0.2435446 -0.1024878 -0.02021282 0.240195 -0.06415861 -4.98096e-4 0.2390261 -0.1861728 -0.006458818 0.262755 -0.1610941 -0.01269781 0.2582805 -0.09033495 -0.02046221 0.2377623 -0.1740747 -0.003510892 0.2636004 -0.2138966 -0.01428061 0.2670446 -0.2091015 -0.01734632 0.2665854 -0.2175881 -0.01287287 0.2650548 -0.2165957 -0.01110559 0.2667856 -0.213244 -0.007499814 0.2669103 -0.2190103 -0.01125264 0.2652346 -0.2161753 -0.008502662 0.265475 -0.2062607 -0.004833519 0.2670292 -0.1066032 -0.002320468 0.2466048 -0.196451 -0.003834784 0.2674435 -0.1734844 -0.003534555 0.2671969 -0.1206873 -0.001973271 0.2504117 -0.08982872 -0.004571974 0.2446797 -0.09031444 -0.001698911 0.2424274 -0.06442075 -0.002889752 0.2441347 -0.1844165 -0.006461858 0.2697313 -0.1481992 -0.004652321 0.2629235 -0.1407475 -0.002640366 0.2585142 -0.07551366 -0.004001438 0.2435456 -0.1855424 -0.003414869 0.2673954 -0.1592333 -0.003073275 0.264164 -0.07446444 -9.90169e-4 0.2410092 -0.06436872 -0.01595997 0.245732 -0.06434559 -0.009042084 0.250462 -0.06200116 -0.008068859 0.2529718 -0.06282192 -0.01035952 0.2529277 -0.06374549 2.07023e-4 0.2378571 -0.06164115 -0.009244322 0.2272042 -0.06219112 -0.006252467 0.2282841 -0.06274151 -3.47271e-4 0.233743 -0.06130778 5.4239e-4 0.2342255 -0.06236672 0.001624464 0.2388748 -0.06133413 0.001856982 0.2418969 -0.06350266 6.33721e-4 0.2425313 -0.06173843 6.13711e-4 0.2459654 -0.06217688 -0.002592682 0.2500287 -0.06422001 -0.00182259 0.2457221 -0.06188285 -0.005118668 0.2518965 -0.06400114 -0.007468163 0.2509866 -0.0635097 -0.007487535 0.2288686 -0.06238329 -0.00318706 0.2301512 -0.06388002 -0.003951966 0.2314183 -0.06272864 -7.9108e-4 0.2474711 -0.06382554 -0.002763986 0.2482064 -0.06328165 -0.005990386 0.2513547 -0.1921816 -0.007561504 0.2699014 -0.2013466 -0.008873343 0.2694331 -0.2028229 -0.01200544 0.269401 -0.2023832 -0.007037401 0.2688724 -0.1996936 -0.01439762 0.2695469 -0.1996688 -0.01666557 0.2687014 -0.1667609 -0.007202148 0.2683756 -0.1648504 -0.01251572 0.2685064 -0.1506761 -0.008337616 0.264942 -0.1091934 -0.0211184 0.245525 -0.1014567 -0.004832029 0.24695 -0.08912807 -0.01163911 0.2459359 -0.09164947 -0.0214073 0.2415216 -0.0643835 -0.008716821 0.2459012 -0.1945403 -0.01830369 0.2681252 -0.1894101 -0.01434111 0.2702016 -0.1862658 -0.01088446 0.270598 -0.17436 -0.0164681 0.2691087 -0.1511418 -0.01558071 0.2648011 -0.1643313 -0.01909542 0.2657846 -0.1439511 -0.01302641 0.263055 -0.1456848 -0.0188902 0.2613112 -0.1232215 -0.007835328 0.25506 -0.1055561 -0.009944796 0.2493203 -0.08727961 -0.01803994 0.2441893 -0.1016058 -0.01930838 0.2460626 -0.07841712 -0.01024204 0.2452769 -0.07179266 -0.01692914 0.2444749 -0.06439477 -0.02140736 0.2425546 -0.1848934 -0.01749634 0.2690916 -0.1185007 -0.01792961 0.2521858 -0.1087241 -0.01439118 0.2500804 -0.1158684 -0.02020215 0.2494146 -0.08256095 -0.02053344 0.2421667 -0.07245874 -0.02165681 0.2409508 -0.06153845 -0.01478779 0.251726 -0.08266931 -0.01709353 0.2393186 -0.1180527 -0.01084315 0.242518 -0.1011919 -0.01370525 0.2422036 -0.1159977 -0.00838375 0.2419272 -0.1175353 -0.01330941 0.2423211 -0.07656979 -0.007891952 0.2416657 -0.08600258 -0.01329112 0.2423715 -0.07519751 -0.01063692 0.2425774 -0.07497948 -0.0148921 0.241682 -0.06437706 -0.01710838 0.2394037 -0.08342105 -0.00626558 0.2402924 -0.08994412 -0.009208023 0.2422754 -0.1014881 -0.008566319 0.2420699 -0.1096565 -0.006228387 0.2402743 -0.08477818 -0.01590371 0.240935 -0.06307482 -0.01522099 0.2500026 -0.0622375 -0.01309806 0.2517332 -0.06210666 -0.01746511 0.2502387 -0.06276291 -0.01913857 0.2480125 -0.06148117 -0.02062761 0.2477971 -0.06241285 -0.02133202 0.2457047 -0.06311756 -0.02042573 0.2450065 -0.06135964 -0.02316123 0.2426483 -0.06257194 -0.02248728 0.2419945 -0.0617159 -0.001847743 0.2475438 -0.06311428 -0.008223414 0.2502132 -0.06274157 -0.001778066 0.2460693 -0.06259334 -0.006948709 0.2506873 -0.06285965 -0.01112073 0.2511342 -0.06396049 -0.01350718 0.2514872 -0.06233948 -0.01980441 0.2500478 -0.06361973 -0.02311688 0.2417587 -0.06238991 -0.02423197 0.2397091 -0.06390291 -0.02194142 0.235732 -0.06184262 -0.02014809 0.2305953 -0.06331408 -0.01640897 0.2513939 -0.06420952 -0.01752251 0.2492811 -0.06379586 -0.02089643 0.2469949 -0.06322991 -0.01990509 0.2314698 -0.0642063 -0.01703035 0.2309233 -0.06356805 -0.01253318 0.2282527</float_array>
          <technique_common>
            <accessor source="#Part__Feature003_009-mesh-positions-array" count="278" stride="3">
              <param name="X" type="float"/>
              <param name="Y" type="float"/>
              <param name="Z" type="float"/>
            </accessor>
          </technique_common>
        </source>
        <source id="Part__Feature003_009-mesh-normals">
          <float_array id="Part__Feature003_009-mesh-normals-array" count="1860">0.4809939 -0.3130552 0.8189269 0.7092152 -0.3545348 0.6093595 0.8573833 -0.2650763 0.4411671 0.4553778 -0.624556 0.634477 0.6986224 -0.5723856 0.4293035 0.7315356 -0.5763273 0.3642836 0.5277899 -0.7780509 0.3406975 0.6588348 -0.7446705 0.1067827 0.4790962 0.8776115 0.01627063 0.9702652 0.1583091 0.1830946 0.355763 -0.05507051 0.9329523 0.9543833 -0.1259627 0.2707139 0.9800412 -0.1916188 0.05292874 0.4484438 -0.8930556 0.03673845 0.9013003 -0.4317581 0.03525406 0.6930548 0.7178051 0.06656599 0.7213966 0.6527612 0.2312787 0.7625501 0.601105 0.2391446 0.7786116 0.5006204 0.3783426 0.7046541 0.544372 0.4551064 0.5967287 0.5344552 0.5985589 0.5967021 0.5346084 0.5984485 0.5967675 0.534713 0.5982897 0.7225623 0.3317139 0.6065226 0.7057211 0.3229075 0.6306254 0.7058407 0.3227943 0.6305496 0.705732 0.3228943 0.63062 0.571748 0.1420524 0.8080379 0.5718659 0.1418899 0.8079831 0.5714911 0.1422129 0.8081915 0.7308161 0.1498934 0.6659128 0.8644168 0.05955934 0.4992358 0.8196989 -0.0614137 0.5694928 0.5702161 -0.1467758 0.8082762 0.9998279 0.006122291 0.0175172 0.999953 0.00828731 0.005039393 0.9998117 0.01352798 0.01391381 0.9996724 0.02049446 -0.01533693 0.9997974 0.0167644 0.01115441 0.99995 -0.003605067 0.009337007 0.9999298 -0.006714344 0.009764492 0.999984 0.004173099 -0.003837287 0.9999464 0.00161153 -0.01023292 0.999947 0.00588876 -0.008450031 0.9999321 -0.01012498 0.005775749 0.9999777 -0.006694793 -2.51215e-4 0.999897 -0.01434588 -4.21982e-4 0.9999352 -0.004951655 -0.01025295 0.9999334 -0.003961503 -0.01084476 0.02361756 -0.05516535 0.9981979 -0.02404189 -0.2495621 0.9680604 0.0146802 -0.3782905 0.9255705 0.00224924 -0.7021592 0.7120165 0.007380902 -0.7089833 0.7051867 0.03137809 -0.9059404 0.4222412 -0.04427504 -0.9743727 0.2205396 0.0484932 -0.9971248 0.05822968 0.02596485 -0.968472 -0.2477658 -0.05593764 -0.9186927 -0.3909924 0.05330199 -0.8690599 -0.4918271 0.07506906 -0.6922809 -0.7177129 -0.08247715 -0.5263267 -0.846273 -0.01436787 -0.4904851 -0.8713312 0.158379 -0.2245043 -0.9615165 0.9013727 0.07874327 0.4258249 0.8720278 -0.1887155 0.4516126 0.8804778 -0.3953158 0.2616951 0.9401115 -0.2106464 0.2679901 0.9420277 -0.2290269 0.2452153 0.8478242 0.1296696 -0.5141789 0.9622814 0.1316469 0.2380832 0.8782566 0.4450743 0.1748551 0.9016695 0.3369932 0.2709755 0.8760651 0.1897106 0.4433056 -0.1032443 -0.3580353 0.9279825 -0.1035568 -0.3581331 0.9279099 -0.1035898 -0.3581614 0.9278953 0.092848 -0.430997 0.8975638 0.09287095 -0.4309762 0.8975715 0.09262895 -0.4310799 0.8975467 -0.05236238 -0.9979256 -0.03745198 0.2254967 -0.9580174 -0.1770704 -0.330955 -0.4100385 -0.8499042 -0.3308144 -0.4100386 -0.8499591 -0.3308694 -0.4100333 -0.8499401 0.5715601 -0.8024018 0.1716697 0.9421715 -0.01766508 0.3346652 0.9781703 -0.2050145 -0.03393882 0.99258 -0.07152652 0.09833079 0.9934344 -0.02073049 -0.1125104 0.9982348 0.01709294 0.05687981 0.9793432 0.149038 -0.1366551 0.9763723 0.04171001 0.212032 0.8990142 0.4340753 0.05789947 0.9160302 -0.03628712 0.3994647 0.007063508 0.9846784 -0.1742376 0.00439459 -0.9516847 -0.3070459 0.002024173 -0.9591288 -0.2829625 0.222601 -0.7063083 -0.6719951 -0.997064 -0.0565803 -0.05159485 -0.9999974 0.002194285 6.50468e-4 -0.9991859 0.01173841 -0.03860014 -0.9999932 0.003011405 0.002182424 -0.9997774 -0.01269108 -0.01685959 -0.9999957 0.002850413 8.28667e-4 -1 -5.02532e-5 2.74596e-5 -0.9999673 0.003499746 -0.007295131 -1 -1.13673e-4 -9.40241e-5 -0.9999451 -0.006025433 -0.008590459 -0.994422 0.07282084 -0.07630336 -1 0 -2.60072e-4 -0.9999909 -0.002760827 0.003262639 -0.9999525 -0.008927881 -0.003922998 -0.9999283 0.00329554 -0.01151502 -0.9999601 -0.008794486 -0.001625716 0.0245614 0.799669 -0.5999386 0.007873415 0.9015748 -0.4325519 -0.1003026 0.7221841 -0.68439 -0.1767326 0.8712456 -0.4579265 -0.1900045 0.4791684 -0.8569108 -0.3355312 0.6514535 -0.6804609 -0.5477114 0.6265559 -0.5544729 -0.5477626 0.6264389 -0.5545544 -0.5477429 0.6264979 -0.5545071 -0.3078824 0.6350694 -0.7084456 0.04266041 -0.8134617 -0.580052 -0.2060746 -0.7955198 -0.5698084 -0.1612876 -0.9520879 -0.2598361 -0.1727046 -0.745747 -0.6434552 -0.1785573 -0.4812542 -0.8582026 -0.1781075 -0.4809542 -0.8584643 -0.1782926 -0.4811589 -0.8583111 -0.5102515 -0.7045267 -0.4932399 -0.258071 -0.6005901 -0.7567636 -0.7496445 -0.6612212 0.02862912 -0.6371268 -0.7696673 -0.04100829 -0.5681422 -0.8228576 0.01095241 -0.484779 -0.8744696 -0.01709634 -0.3937409 -0.9149155 0.08887082 -0.2329521 -0.9724398 0.009700536 -0.1905971 -0.9738202 0.1238836 -0.7057191 0.7083469 0.01433014 -0.6969621 0.7168647 0.01868152 -0.5812257 0.8125659 -0.04374444 -0.482001 0.8757541 0.02701652 -0.317457 0.9433521 -0.09647774 -0.2523823 0.9670282 0.03405553 -0.1099952 0.9934051 -0.03236514 -0.1081272 0.8443129 0.5248278 -0.07563322 0.9584834 0.2749351 -0.07172214 -0.266753 0.9610926 0.1063846 -0.4288628 0.8970836 -0.09252697 -0.566866 0.8185974 -0.1327757 -0.7321163 0.6681141 0.01087045 -0.880372 0.4741593 0.03988403 -0.8882148 0.4576938 -0.06942987 -0.9925169 0.1004478 -0.01330476 -0.9994317 -0.03097641 0.01979488 -0.9968209 -0.07717812 -0.03938472 -0.9539915 -0.2972359 -0.004416346 -0.8213483 -0.57041 -0.0106182 -0.8124112 -0.5829883 -0.01250714 -0.5179296 -0.8553318 9.93858e-4 -0.4751831 -0.8798864 -0.02963954 -0.3438952 -0.9385402 -0.01844805 -0.04899537 -0.9986286 -0.1904298 0.6083135 -0.7705137 -0.01643735 -0.869966 -0.4928377 -0.08004689 0.9021794 -0.4238691 -0.03658843 0.6606299 -0.7498196 -0.02182358 0.9935654 -0.1111381 8.2531e-4 0.6815062 -0.731812 0.02721154 0.7776084 -0.6281599 -0.003546833 -0.9826861 -0.1852443 -0.01605618 -0.9482392 -0.3171511 -0.006832897 0.8713812 -0.4905593 -0.1473847 -0.8571569 -0.4935179 -0.168529 -0.9099121 -0.3790226 -0.2421813 0.7888784 -0.5648178 -0.2261164 -0.7864298 -0.574804 -0.3814945 0.3311238 -0.863029 -0.1981117 0.8343201 -0.5144529 -0.0052374 -0.9525172 -0.3044399 -0.2682256 0.6266226 -0.7317097 -0.04659414 -0.9791948 -0.1975007 -0.1287489 0.9545699 -0.2687379 0.03138029 -0.977612 0.2080628 -0.04580342 -0.9959589 -0.07725369 -0.2155967 -0.4495406 -0.8668515 -0.2539198 0.3391282 -0.9058238 -0.08061999 0.9744827 -0.2094848 -0.2075684 0.5744907 -0.7917549 0.1102304 -0.4533685 -0.8844808 0.1455352 0.1748019 -0.9737884 0.1794934 -0.1288904 -0.9752792 0.06683963 -0.1429479 -0.9874708 0.06685757 -0.1429323 -0.9874717 0.0668978 -0.1428878 -0.9874755 0.1690551 -0.1584262 -0.9727907 0.1209126 -0.2711216 -0.9549206 0.1386504 0.4177511 -0.8979199 0.1649669 0.07575809 -0.9833854 0.04181748 -0.4007291 -0.9152417 0.04184156 -0.4006729 -0.9152654 0.04185217 -0.4006237 -0.9152864 0.0924893 0.3046451 -0.9479647 0.06033742 0.6999737 -0.7116153 0.04305762 0.3952974 -0.9175435 -0.1758001 -0.2946394 -0.9392987 -0.1647684 -0.3220999 -0.9322569 -0.09649956 0.8412485 -0.5319671 -0.2384018 0.6167378 -0.7501994 -0.314999 -0.2170102 -0.9239493 -0.3553781 0.07310211 -0.9318598 -0.2760198 -0.5082527 -0.8157772 -0.3138619 0.2889133 -0.9044446 -0.3459227 0.3502477 -0.870439 -0.1741313 -0.5557619 -0.8129004 -0.115878 0.921626 -0.3703753 -0.088907 -0.5710577 -0.8160812 -0.02146703 -0.2939922 -0.9555667 -0.09482055 0.4385296 -0.8937008 0.08675974 -0.3984047 -0.9130972 3.6139e-4 -0.6301501 -0.7764732 -0.02812248 -0.3470101 -0.9374397 0.01214486 -0.2102923 -0.9775632 -0.01330506 0.416493 -0.9090416 0.01286274 0.2250169 -0.97427 -0.06994187 -0.9491227 -0.3070415 -0.1189496 -0.6820225 -0.721593 -0.07383102 0.542908 -0.8365405 -0.2166162 -0.6475755 -0.7305638 -0.1889386 0.5168387 -0.834973 -0.1767098 0.4560562 -0.8722307 -0.2753698 -0.2264616 -0.934284 -0.0963605 0.8492868 -0.5190634 -0.321469 0.1078042 -0.9407635 -0.2697345 -0.2109853 -0.9395363 -0.2791433 0.3688674 -0.8865755 -0.1905436 0.8413525 -0.5057858 -0.0674141 0.9838988 -0.1655251 -0.32839 0.07782447 -0.9413307 -0.3143191 0.5429279 -0.7787381 -0.3203375 -0.5425184 -0.7765678 -0.361891 -0.1673038 -0.9170848 -0.2985241 -0.5549792 -0.7764545 -0.1560047 -0.9241926 -0.3486123 -0.3168453 -0.4986915 -0.8067936 -0.2754455 -0.5017924 -0.8199599 -0.2205358 -0.7690072 -0.5999932 -0.3017279 -0.2713055 -0.9139769 -0.1049358 -0.9251857 -0.3647191 -0.2682152 0.6269102 -0.7314673 -0.1076279 -0.8882357 -0.4466024 -0.06125432 -0.8077551 -0.5863274 -0.11631 0.8764337 -0.4672644 0.0468409 -0.5810564 -0.8125143 0.01195096 -0.5726679 -0.8197004 -0.09533107 -0.6150431 -0.7827094 2.16925e-4 0.8994649 -0.4369931 0.005938053 0.5435985 -0.8393244 -0.05643951 -0.3166151 -0.9468736 -0.08196884 -0.2471011 -0.9655165 -0.1033345 -0.5900374 -0.8007359 -0.06311815 -0.002007424 -0.998004 0.0114718 0.5186783 -0.8548926 -0.09782767 0.2471512 -0.964026 -0.06523901 0.5131683 -0.8558051 -0.05299013 0.02461671 -0.9982917 -0.06123787 0.9104881 -0.4089761 -0.2175381 0.1081241 -0.9700445 -0.1944675 0.02923506 -0.9804732 -0.2174742 -0.7044658 -0.6755983 -0.2547087 -0.6968975 -0.6704158 -0.2467265 -0.7590073 -0.6025231 -0.3690548 -0.149867 -0.917245 -0.2910437 0.623949 -0.7252457 -0.356949 0.2729525 -0.8933557 -0.4812347 -0.03104829 -0.8760419 -0.3881294 -0.1955825 -0.9006126 -0.3438482 0.04704618 -0.9378461 -0.1980043 0.8621826 -0.4662997 -0.3235785 0.3328184 -0.8857364 -0.4905575 -0.3520123 0.7971455 -0.3499952 -0.6486802 0.6758088 -0.1169409 -0.7701296 0.6270768 -0.5524339 -0.554005 0.6228125 -0.5479364 -0.5458046 0.6339268 -0.5481266 -0.545944 0.6336422 -0.5478327 -0.5458121 0.63401 -0.4617573 0.7993117 0.3845531 -0.288666 0.7273721 0.6225768 -0.2886659 0.7273719 0.622577 -0.2886517 0.7273324 0.6226297 -0.5125351 0.465305 0.7216641 -0.5035691 0.4424244 0.7420775 -0.2536346 0.8851149 0.3901808 0.1672868 0.8222982 0.5439126 0.01263839 0.9659201 0.2585319 0.03224295 0.9920939 0.1212859 0.1360368 0.625374 0.7683758 0.1946834 0.5137637 0.835551 -0.01972359 0.6036886 0.7969763 0.01908791 0.6127299 0.7900619 0.1662976 0.4897148 0.8558765 0.03733092 0.6204396 0.7833653 0.04058241 0.6353918 0.7711228 -0.1057394 0.6619135 0.7420848 -0.03635597 0.9713509 0.2348528 -0.02872252 0.9827663 0.1826073 0.1788613 0.7452602 0.6423364 0.0934301 0.9217623 0.3763312 0.2836278 0.5959572 0.7512592 0.09726119 0.9429435 0.3184304 -0.04353034 0.9988687 0.01914411 0.08313387 0.9088338 0.4087908 0.002871155 0.9669742 0.2548585 -0.04604774 0.9989027 0.008556365 -0.04893022 0.7759789 0.6288583 0.01374071 0.9679042 0.2509437 0.03893935 0.9443612 0.3265972 0.05899232 0.9531801 0.2965935 0.1282681 0.9112163 0.3914489 0.05478656 0.9341636 0.3526143 0.002856373 0.8813678 0.4724222 -0.9991583 -0.0170049 0.03733193 -0.9991466 -0.02098846 0.0355767 -0.9999644 -0.002230405 0.008147478 -0.9996627 0.02396315 0.01001334 -0.9938094 0.02636641 0.107925 -0.6194581 0.2074122 0.757134 -0.7062594 0.1728618 0.686525 -0.8256152 0.04108291 0.5627361 -0.2254559 0.06211215 0.9722715 -0.8465372 0.07412976 -0.527143 -0.2557489 0.7457713 -0.6151567 -0.9624277 0.1699253 -0.2117979 -0.4295961 0.8530002 -0.2963746 -0.5989412 0.761186 -0.2487278 -0.9875875 0.1518883 -0.04001277 -0.925355 0.3634626 -0.1077635 -0.7064728 0.7071918 -0.02785664 -0.4685498 0.8785818 0.09249484 -0.8659468 0.5001171 -0.004351675 -0.8605948 0.5092881 -0.001563251 -0.8605638 0.5093396 -0.001769542 -0.860646 0.5092018 -0.001468896 -0.4279884 0.8753374 0.2249677 -0.9250409 0.3281221 0.1914032 -0.9709571 0.2364953 -0.03622615 -0.2038834 0.7791049 0.592813 -0.9646213 0.1562125 0.2123758 -0.9703204 0.148849 0.190584 -0.5172721 0.03038221 -0.8552815 -0.6056448 0.1033088 -0.7890004 -0.5440707 0.1945645 -0.816169 -0.6429223 0.3686511 -0.6713772 -0.7031104 0.3660044 -0.6096529 -0.8566762 0.2396886 -0.4567883 -0.6884151 0.5339931 -0.4908526 -0.7585683 0.5051195 -0.4116169 -0.7585456 0.50545 -0.411253 -0.7585927 0.5055425 -0.4110524 -0.7698926 0.5800741 -0.2660443 -0.590518 0.746057 0.3077132 -0.750262 0.5946025 0.2890583 -0.7673698 0.5496793 0.330146 -0.642612 0.5549901 0.5282385 -0.6429721 0.5546069 0.5282028 -0.6428959 0.5547058 0.5281917 -0.6837298 0.4473293 0.5765503 -0.5531001 0.4524781 0.6995313 -0.5531191 0.452478 0.6995161 -0.5531815 0.4524908 0.6994587 -0.841507 0.2980177 0.4506125 -0.8414856 0.2979524 0.4506956 -0.8416504 0.2980844 0.4503001 -0.5063371 0.3131675 0.8034605 -0.480645 -0.8730132 -0.08263528 -0.2913662 -0.954328 0.06606161 0.1442185 -0.9880292 -0.05476695 0.160257 -0.9863363 -0.03819143 0.6825066 -0.7292851 0.04824864 0.9028046 -0.4241699 -0.0708785 0.9028158 -0.424166 -0.07075989 0.9028039 -0.4241707 -0.07088398 -0.09035557 0.5405809 0.8364259 -0.08467477 0.2469599 0.9653191 -0.05742752 0.535854 0.8423554 -0.05729371 0.4933818 0.867924 -0.006094694 0.1947734 0.9808294 -0.02864915 -0.9994209 -0.01836144 -0.04761582 -0.9968297 -0.06374382 0.2204511 0.259183 0.9403327 -0.1817274 0.1352359 0.9740054 -0.1783216 0.4275003 0.8862533 -0.173654 -0.0674715 0.9824927 -0.1953098 -0.1968939 0.9607741 -0.1776719 0.1196401 0.9767901 -0.2888353 0.1267173 0.9489557 -0.288829 0.126706 0.9489592 -0.2888057 0.1266495 0.9489738 -0.1628574 -0.3904283 0.9061144 -0.1816362 -0.3452436 0.9207687 -0.05762195 -0.3492841 0.9352435 0.08709561 0.4459646 0.890803 7.80135e-4 -0.7712655 0.6365132 0.1016259 0.06098192 0.9929519 0.1621611 0.5586923 0.8133675 0.2510861 -0.04586952 0.9668774 0.3215624 0.3683759 0.872294 0.09051287 -0.2377609 0.9670973 -0.009110569 -0.1279712 0.9917361 -0.07959783 0.2887256 0.9540973 -0.02807253 -0.1464043 0.9888265 -0.1221221 -0.6470737 0.7525835 -0.04620206 -0.389712 0.9197772 -0.04952251 -0.4658152 0.8834952 0.049295 -0.1579473 0.9862164 0.08219379 0.1584652 0.9839376 0.02740436 -0.2966014 0.9546082 0.09173715 -0.06935912 0.9933648 0.1850238 -0.3027232 0.9349464 0.214514 0.101042 0.9714806 0.320567 0.2801264 0.9048569 0.335156 0.1038388 0.936423 0.3247764 -0.3014521 0.8964636 0.3035026 -0.4077056 0.8611983 0.2200787 0.5606719 0.7982558 0.3028343 -0.05309849 0.951563 0.3229471 0.1724714 0.9305691 0.2126606 -0.6467897 0.7324197 0.3033219 -0.2999092 0.9044613 0.2039057 0.02203387 0.9787426 0.2290052 -0.1941565 0.9538658 0.1554093 -0.4803273 0.8632113 0.1840555 0.1896855 0.9644392 0.06730383 0.2375266 0.9690467 0.03721541 0.1784688 0.9832416 -0.1639372 -0.02336829 0.986194 -0.08029562 -0.5019204 0.8611786 -0.03053629 -0.9528992 0.3017462 -0.0398631 -0.8960149 0.4422311 0.06500595 -0.6780995 0.7320896 0.04552179 -0.7586739 0.6498784 0.03636723 -0.9375047 0.3460672 0.2191177 0.3512812 0.9102686 0.2516498 -0.02840238 0.9674016 -0.04002851 -0.9984422 -0.03887164 0.2030618 -0.5320097 0.822029 0.2735846 -0.5999065 0.7518402 0.3136115 -0.338666 0.8871038 0.05790966 -0.9449759 0.3219738 0.2168713 -0.6137189 0.7591549 0.1543813 -0.4295418 0.8897529 0.04730874 -0.8631752 0.5026832 0.02804446 -0.5971488 0.8016402 -0.04068809 -0.4497966 0.8922038 -0.05255824 -0.9122871 0.406165 -0.03637748 -0.9660778 0.2556764 0.1805492 -0.4300131 0.8845851 0.1660312 -0.7341396 0.6583865 0.3469853 0.05622172 0.936184 -0.07478535 0.2987388 0.9514001 0.01303726 -0.6781178 0.7348376 -0.01000601 -0.9950743 0.09862542 0.1658613 -0.8447233 0.5088542 0.1510272 -0.8724961 0.464695 0.01367211 0.08749055 -0.9960716 -0.106525 0.1453795 -0.9836246 -0.106672 0.145372 -0.9836098 -0.1066356 0.1453678 -0.9836143 0.1298792 0.4603039 -0.8782094 0.08903247 0.6196527 -0.7798101 -0.08242154 0.703371 -0.7060284 0.1076841 0.8930401 -0.4369023 -0.07701885 0.9780195 -0.1937677 0.05410724 0.9967737 0.05928593 -0.007006049 0.9173372 0.3980494 -0.01287889 0.9133259 0.4070259 0.02418851 0.8387809 0.5439317 0.03895127 0.657168 0.7527371 -0.02253031 0.4312548 0.9019489 -0.02114856 0.4340115 0.9006591 0.01823323 0.2599436 0.9654517 0.3707537 -0.00899589 -0.9286877 -0.3035659 0.7014005 -0.6448916 0.1509252 0.8866675 -0.4370841 0.1509371 0.886662 -0.4370912 0.1507362 0.8867197 -0.4370433 0.0650736 0.8077821 0.5858785 0.06509476 0.8077923 0.5858621 0.06485903 0.8077477 0.5859498 -0.1194745 0.8481026 0.5161858 -0.1194193 0.8481059 0.5161933 -0.1193916 0.8481094 0.516194 -8.54336e-4 -0.8542184 -0.5199137 0.001438021 0.9906722 -0.1362591 0.006543517 -0.2387047 -0.9710702 -0.005269885 0.0784499 -0.9969042 0.004723787 0.458877 -0.8884873 -0.03153568 0.2042851 -0.9784034 0.02007526 -0.004166424 -0.9997898 0.0162068 0.4875764 -0.8729299 1.36691e-4 -0.6087844 -0.7933357 -0.01027351 0.6924325 -0.7214096 -0.01164835 -0.3204553 -0.9471921 0.02137798 -0.5908883 -0.8064702 -0.003406584 0.4805879 -0.8769401 0.01139992 -0.01254862 -0.9998564 -0.01117527 0.04388928 -0.9989739 0.004758358 -0.2263415 -0.9740365 0.001692652 0.8063853 -0.5913881 5.58565e-4 0.9909085 -0.1345368 -0.002108693 0.48795 -0.8728691 -0.003105044 0.7674149 -0.6411433 -0.02037435 -0.44756 -0.8940218 0.01164746 -0.3099671 -0.950676 -0.005543291 -0.8069604 -0.5905796 -0.001015722 0.1583601 -0.987381 0.003397583 0.8074403 -0.5899396 -0.01463663 0.6818209 -0.7313728 -3.18979e-4 -0.6097853 -0.7925666 0.004552125 -0.6338703 -0.7734261 -0.01476997 -0.5360677 -0.8440459 0.01653903 0.2067186 -0.9782607 0.03673005 0.1162451 -0.9925413 -0.02798128 0.3348065 -0.9418715 -0.03880923 0.5180454 -0.8544723 0.02205806 0.7523919 -0.6583464 0.04613101 0.7307468 -0.6810883 -0.06892085 0.9680713 -0.2410143 -0.01734679 0.9973391 -0.07080882 0.1200627 0.9841841 0.1302568 -0.0649113 0.9561084 0.2857329 -0.1138704 0.7858446 0.6078503 0.09334015 0.630598 0.7704764 0.03461474 0.5967794 0.8016585 -0.1048675 0.3442813 0.9329916 0.02129322 0.05250841 0.9983935 -0.03152787 0.08295029 0.9960548 0.7772833 0.6258907 0.06396681 0.6079664 0.7932234 -0.0342586 0.07072973 0.9971666 0.0256161 -0.001807272 0.9983261 -0.05780732 -0.4216006 0.9048497 0.05916064 -0.7330186 0.6760486 -0.0751149 -0.7330173 0.6760417 -0.07518947 -0.7330168 0.6760454 -0.07516032 -0.9949252 0.05977469 0.08093923 0.6370586 0.2665839 -0.7232492 0.7219451 0.2432925 -0.6477686 0.8257881 0.3066577 -0.4733235 0.8256452 0.3068052 -0.4734772 0.8258286 0.3065914 -0.4732957 0.5639867 0.5716419 -0.5959401 0.6271156 0.6098743 -0.4845404 0.8507547 0.4393056 -0.2884914 0.2859156 0.8624527 -0.4176454 0.5739433 0.7745593 -0.2657953 0.8411188 0.5051078 -0.1933528 0.9469528 0.3180421 -0.04614764 0.9610144 -0.2359352 -0.1441737 0.2176774 0.0944271 -0.9714424 0.2178596 0.09430927 -0.9714128 0.2175463 0.09443205 -0.9714711 0.9730733 0.01213765 -0.2301765 0.9730489 0.01225697 -0.2302733 0.9731171 0.01207154 -0.2299948 0.9669253 0.1724479 -0.1879287 0.5039035 -0.8440897 -0.1832864 0.5038847 -0.8441042 -0.1832711 0.50383 -0.84415 -0.1832116 0.7578473 -0.6216855 -0.1979259 0.6889082 -0.6886354 -0.2262451 0.528793 -0.7469203 -0.4030982 0.6934626 -0.5123502 -0.506564 0.6797217 -0.5110821 -0.5260928 0.6799269 -0.5109859 -0.5259209 0.6796499 -0.5111446 -0.5261248 0.7144056 -0.4025101 -0.5723724 0.5360842 -0.3973844 -0.7447815 0.8889969 -0.2124298 -0.4056578 0.5750892 -0.2005273 -0.7931339 0.8063133 -0.1136664 -0.5804645 0.711541 -0.1195979 -0.6923913 0.6690544 -0.01458609 -0.7430703 0.840004 0.102943 -0.5327252 -0.8786448 0.03355967 0.4762952 -0.9622625 -0.2233296 0.1554826 -0.530859 -0.8363903 0.1365292 -0.9042105 -0.4257386 0.03391647 -0.5744248 -0.7937849 -0.1998544 -0.7491838 -0.6558416 -0.09271168 -0.719752 -0.6772283 -0.1527053 -0.6312432 -0.7513004 -0.1925617 -0.859181 -0.5082861 -0.05876523 -0.9684364 -0.2023473 -0.145556 -0.9553048 -0.03847831 -0.2931081 -0.7021848 -0.07028204 0.7085175 -0.6815631 -0.1746788 0.7106048 -0.5003672 -0.2931333 0.8146814 -0.5003623 -0.293158 0.8146754 -0.5005129 -0.2928587 0.8146906 -0.9815024 -0.04176753 0.186838 -0.4884738 -0.4391357 0.7540248 -0.8571928 -0.2061187 0.4719488 -0.7333374 -0.4218578 0.5331532 -0.7414273 -0.4363484 0.50979 -0.6170408 -0.6001267 0.5090271 -0.6176548 -0.7127567 0.3323859 -0.6708268 -0.6906051 0.2702888 -0.8649932 -0.4717661 0.1709492 -0.6668851 -0.6259217 -0.4043343 -0.4642168 -0.7007499 -0.5417125 -0.8806888 -0.3580634 -0.3101255 -0.5214077 -0.5071408 -0.6862524 -0.7224322 -0.3578302 -0.5916496 -0.7471076 -0.2578019 -0.6126732 -0.6404352 -0.2423123 -0.728785</float_array>
          <technique_common>
            <accessor source="#Part__Feature003_009-mesh-normals-array" count="620" stride="3">
              <param name="X" type="float"/>
              <param name="Y" type="float"/>
              <param name="Z" type="float"/>
            </accessor>
          </technique_common>
        </source>
        <vertices id="Part__Feature003_009-mesh-vertices">
          <input semantic="POSITION" source="#Part__Feature003_009-mesh-positions"/>
        </vertices>
        <triangles material="Part__Feature003_009-material" count="560">
          <input semantic="VERTEX" source="#Part__Feature003_009-mesh-vertices" offset="0"/>
          <input semantic="NORMAL" source="#Part__Feature003_009-mesh-normals" offset="1"/>
          <p>22 0 18 0 0 0 22 1 0 1 3 1 22 2 3 2 2 2 0 3 4 3 3 3 3 4 4 4 2 4 2 5 4 5 8 5 9 6 8 6 4 6 8 7 9 7 10 7 259 8 7 8 260 8 20 9 21 9 11 9 16 10 18 10 17 10 22 11 2 11 19 11 8 12 6 12 2 12 10 13 9 13 5 13 8 14 10 14 6 14 7 15 1 15 260 15 1 16 7 16 12 16 12 17 11 17 1 17 11 18 12 18 20 18 13 19 20 19 12 19 14 20 20 21 13 22 14 23 21 23 20 23 14 24 15 25 21 26 16 27 17 28 15 29 15 30 17 30 21 30 17 31 19 31 21 31 17 32 22 32 19 32 18 33 22 33 17 33 23 34 11 34 21 34 24 35 11 35 23 35 23 36 21 36 19 36 24 37 1 37 11 37 24 38 258 38 1 38 25 39 23 39 19 39 25 40 19 40 2 40 26 41 258 41 24 41 252 42 258 42 26 42 262 43 252 43 26 43 6 44 25 44 2 44 6 45 27 45 25 45 28 46 262 46 26 46 28 47 26 47 27 47 28 48 27 48 6 48 16 49 29 49 18 49 29 50 30 50 18 50 18 51 30 51 0 51 30 52 31 52 0 52 0 53 31 53 4 53 4 54 31 54 9 54 31 55 32 55 9 55 9 56 32 56 5 56 5 57 32 57 33 57 32 58 34 58 33 58 34 59 261 59 33 59 261 60 34 60 35 60 34 61 36 61 35 61 36 62 37 62 35 62 37 63 36 63 38 63 53 64 39 64 54 64 54 65 39 65 40 65 39 66 41 66 40 66 41 67 42 67 40 67 40 68 42 68 29 68 42 69 43 69 29 69 29 70 43 70 30 70 30 71 43 71 31 71 43 72 44 72 31 72 31 73 44 73 32 73 23 74 25 75 61 76 61 77 25 78 45 79 25 80 27 80 45 80 45 81 27 81 46 81 27 82 26 83 46 84 44 85 47 85 32 85 32 86 47 86 34 86 47 87 48 87 34 87 34 88 48 88 36 88 48 89 49 89 36 89 36 90 49 90 50 90 49 91 51 91 50 91 50 92 51 92 52 92 51 93 53 93 52 93 52 94 53 94 54 94 56 95 246 95 55 95 57 96 58 96 250 96 59 97 58 97 57 97 59 98 60 98 58 98 100 99 55 99 276 99 246 100 61 100 55 100 55 101 61 101 276 101 246 102 62 102 61 102 276 103 61 103 64 103 63 104 62 104 246 104 63 105 65 105 62 105 61 106 45 106 64 106 63 107 66 107 65 107 45 108 60 108 64 108 64 109 60 109 67 109 65 110 66 110 46 110 45 111 58 111 60 111 66 112 68 112 46 112 45 113 68 113 58 113 46 114 68 114 45 114 71 115 70 115 141 115 70 116 69 116 141 116 71 117 72 117 73 117 70 118 71 118 73 118 77 119 75 119 72 119 76 120 73 120 75 120 76 121 75 122 74 123 73 124 72 124 75 124 83 125 79 125 139 125 80 126 82 126 79 126 80 127 79 127 83 127 79 128 82 128 81 128 75 129 77 130 81 131 82 132 74 132 75 132 81 133 82 133 75 133 161 134 74 134 158 134 74 135 82 135 158 135 158 136 82 136 84 136 82 137 80 137 84 137 84 138 80 138 157 138 80 139 83 139 157 139 157 140 83 140 78 140 76 141 74 141 161 141 76 142 161 142 162 142 73 143 76 143 162 143 73 144 162 144 85 144 70 145 73 145 85 145 70 146 85 146 86 146 69 147 70 147 86 147 165 148 86 148 163 148 165 149 69 149 86 149 49 150 87 150 88 150 51 151 49 151 88 151 267 152 51 152 88 152 89 153 51 153 267 153 90 154 51 154 89 154 53 155 51 155 90 155 269 156 53 156 90 156 53 157 269 157 91 157 39 158 53 158 91 158 39 159 91 159 92 159 41 160 39 160 92 160 41 161 92 161 271 161 41 162 271 162 93 162 42 163 41 163 93 163 42 164 93 164 94 164 42 165 94 165 183 165 134 166 97 166 57 166 98 167 96 167 100 167 99 168 102 168 97 168 59 169 97 169 102 169 151 170 102 170 99 170 59 171 102 171 60 171 151 172 60 172 102 172 103 173 78 173 83 173 104 174 78 174 103 174 110 175 144 175 69 175 109 176 114 176 116 176 114 177 117 177 116 177 120 178 119 178 125 178 123 179 117 179 124 179 149 180 122 180 121 180 134 181 125 181 127 181 100 182 101 182 98 182 134 183 121 183 125 183 104 184 109 184 130 184 132 185 127 185 119 185 210 186 98 186 213 186 123 187 98 187 210 187 56 188 150 188 133 188 126 189 57 189 250 189 127 190 95 190 99 190 134 191 57 191 126 191 81 192 128 192 79 192 77 193 72 193 129 193 81 194 77 194 128 194 137 195 128 196 136 197 136 198 128 198 77 198 137 199 139 199 128 199 71 200 129 200 72 200 129 201 136 201 77 201 138 202 139 203 137 204 129 205 71 205 143 205 71 206 141 206 143 206 129 207 143 207 140 207 105 208 153 208 111 208 108 209 153 209 105 209 110 210 115 210 155 210 119 211 120 211 112 211 147 212 148 212 241 212 238 213 149 213 240 213 133 214 150 214 148 214 149 215 126 215 240 215 240 216 126 216 250 216 56 217 154 217 150 217 99 218 134 218 127 218 56 219 96 219 154 219 55 220 96 220 56 220 57 221 97 221 59 221 128 222 139 222 79 222 139 223 103 223 83 223 138 224 106 224 139 224 142 225 106 225 138 225 143 226 152 226 140 226 140 227 152 227 107 227 109 228 104 228 103 228 109 229 105 229 111 229 155 230 131 230 152 230 111 231 114 231 109 231 155 232 112 232 131 232 112 233 113 233 131 233 153 234 145 234 111 234 112 235 155 235 115 235 153 236 113 236 146 236 153 237 146 237 145 237 113 238 112 238 120 238 119 239 112 239 115 239 115 240 132 240 119 240 113 241 121 241 146 241 120 242 121 242 113 242 118 243 124 243 114 243 145 244 146 244 122 244 118 245 145 245 148 245 116 246 117 246 123 246 118 247 148 247 124 247 150 248 124 248 148 248 150 249 123 249 124 249 133 250 148 250 147 250 150 251 98 251 123 251 126 252 121 252 134 252 150 253 154 253 98 253 96 254 98 254 154 254 99 255 97 255 134 255 100 256 96 256 55 256 103 257 139 257 106 257 106 258 105 258 103 258 69 259 144 259 141 259 144 260 143 260 141 260 105 261 106 261 108 261 108 262 106 262 142 262 103 263 105 263 109 263 142 264 107 264 108 264 143 265 144 265 152 265 152 266 131 266 107 266 155 267 152 267 144 267 131 268 108 268 107 268 110 269 155 269 144 269 131 270 113 270 108 270 108 271 113 271 153 271 111 272 145 272 114 272 118 273 114 273 145 273 114 274 124 274 117 274 145 275 122 275 148 275 120 276 125 276 121 276 121 277 122 277 146 277 238 278 241 278 149 278 122 279 241 279 148 279 149 280 241 280 122 280 119 281 127 281 125 281 121 282 126 282 149 282 156 283 159 283 161 283 156 284 84 284 157 284 215 285 157 285 78 285 161 286 158 286 84 286 161 287 84 288 156 289 85 290 162 290 160 290 85 291 160 292 163 293 162 294 161 294 160 294 160 295 161 295 159 295 86 296 85 296 163 296 164 297 167 297 172 297 166 298 115 298 110 298 132 299 167 299 127 299 168 300 169 300 211 300 211 301 169 301 164 301 171 302 175 302 165 302 166 303 175 303 171 303 172 304 176 304 166 304 174 305 169 305 168 305 174 306 177 306 169 306 170 307 177 307 174 307 165 308 175 308 69 308 69 309 175 309 110 309 172 310 173 310 176 310 176 311 173 311 132 311 167 312 173 312 172 312 132 313 173 313 167 313 167 314 95 314 127 314 164 315 99 315 95 315 99 316 177 316 151 316 177 317 135 317 151 317 170 318 135 318 177 318 110 319 175 319 166 319 115 320 166 320 176 320 132 321 115 321 176 321 164 322 95 322 167 322 164 323 169 323 99 323 177 324 99 324 169 324 229 325 273 325 178 325 273 326 179 326 178 326 178 327 179 327 214 327 179 328 192 328 214 328 214 329 192 329 170 329 181 330 180 330 200 330 194 331 181 331 200 331 194 332 266 332 181 332 180 333 181 333 87 333 64 334 195 334 277 334 186 335 196 335 185 335 67 336 197 336 64 336 186 337 185 337 187 337 182 338 187 338 185 338 67 339 60 339 151 339 182 340 67 340 151 340 187 341 182 341 189 341 189 342 188 342 187 342 182 343 151 343 135 343 189 344 182 345 135 346 189 347 190 347 188 347 189 348 135 348 170 348 192 349 189 349 170 349 191 350 190 350 198 350 179 351 199 351 192 351 179 352 194 352 199 352 277 353 183 353 94 353 195 354 183 354 277 354 195 355 184 355 183 355 196 356 184 356 195 356 197 357 196 357 195 357 64 358 197 358 195 358 197 359 185 359 196 359 67 360 185 361 197 362 182 363 185 363 67 363 198 364 190 364 189 364 192 365 198 365 189 365 199 366 198 366 192 366 191 367 198 368 199 369 199 370 200 370 191 370 200 371 193 372 191 373 200 374 199 375 194 376 180 377 193 377 200 377 217 378 201 378 107 378 107 379 201 379 140 379 201 380 202 380 140 380 140 381 202 381 129 381 129 382 202 382 136 382 202 383 203 384 136 385 163 386 204 386 165 386 201 387 204 387 202 387 201 388 171 388 204 388 204 389 171 389 165 389 217 390 171 390 201 390 123 391 130 391 116 391 123 392 210 392 130 392 211 393 224 393 212 393 159 394 204 394 160 394 160 395 204 395 163 395 159 396 156 396 205 396 205 397 203 397 159 397 159 398 203 398 204 398 202 399 204 400 203 401 157 402 205 402 156 402 157 403 206 403 205 403 205 404 206 404 216 404 207 405 166 405 171 405 104 406 230 406 215 406 217 407 208 407 207 407 166 408 207 408 172 408 221 409 208 409 219 409 223 410 164 410 172 410 212 411 225 411 227 411 227 412 225 412 228 412 170 413 174 413 214 413 228 414 214 414 227 414 157 415 215 415 206 415 206 416 230 416 216 416 206 417 215 417 230 417 218 418 217 418 216 418 217 419 207 419 171 419 216 420 230 420 218 420 217 421 218 421 208 421 219 422 208 422 218 422 208 423 209 423 207 423 172 424 209 424 223 424 223 425 209 425 221 425 221 426 219 426 231 426 219 427 222 427 231 427 211 428 164 428 223 428 232 429 224 429 223 429 223 430 224 430 211 430 231 431 233 431 226 431 231 432 226 432 232 432 224 433 232 433 212 433 212 434 232 434 225 434 225 435 232 435 226 435 168 436 211 436 212 436 227 437 174 437 168 437 168 438 212 438 227 438 228 439 178 439 214 439 228 440 229 440 178 440 101 441 229 441 235 441 215 442 78 442 104 442 218 443 230 443 220 443 220 444 230 444 104 444 104 445 130 445 220 445 207 446 209 446 172 446 208 447 221 447 209 447 116 448 130 448 109 448 220 449 222 449 219 449 222 450 233 450 231 450 231 451 232 451 221 451 213 452 233 452 210 452 233 453 213 453 226 453 225 454 226 454 234 454 226 455 213 455 234 455 234 456 228 456 225 456 234 457 229 457 228 457 235 458 229 458 234 458 101 459 235 459 98 459 220 460 219 460 218 460 130 461 222 461 220 461 232 462 223 462 221 462 214 463 174 463 227 463 235 464 234 464 213 464 235 465 213 465 98 465 130 466 233 466 222 466 210 467 233 467 130 467 36 468 236 468 38 468 36 469 50 470 236 471 50 472 254 472 236 472 50 473 256 473 254 473 50 474 52 474 256 474 52 475 259 475 256 475 52 476 54 476 259 476 259 477 54 477 7 477 7 478 54 478 12 478 54 479 40 479 12 479 12 480 40 480 13 480 13 481 40 481 14 481 14 482 40 482 15 482 40 483 29 483 15 483 15 484 29 484 16 484 46 485 26 485 65 485 26 486 24 486 65 486 65 487 24 488 62 489 62 490 23 491 61 492 24 493 23 494 62 495 247 496 250 496 58 496 237 497 246 497 56 497 238 498 240 498 249 498 241 499 238 499 239 499 241 500 239 500 147 500 243 501 244 501 245 501 244 502 243 502 248 502 243 503 245 503 251 503 249 504 240 504 250 504 246 505 245 505 63 505 244 506 248 506 242 506 242 507 248 507 247 507 251 508 239 508 243 508 243 509 239 509 248 509 248 510 239 510 238 510 249 511 248 511 238 511 237 512 147 512 251 512 133 513 237 513 56 513 147 514 239 514 251 514 237 515 133 515 147 515 242 516 68 516 66 516 242 517 66 517 244 517 247 518 58 518 68 518 63 519 244 519 66 519 251 520 246 520 237 520 251 521 245 521 246 521 250 522 247 522 249 522 68 523 242 523 247 523 247 524 248 524 249 524 244 525 63 525 245 525 43 526 42 526 183 526 43 527 183 527 184 527 43 528 184 528 196 528 44 529 43 529 196 529 44 530 196 530 186 530 44 531 186 531 187 531 44 532 187 532 188 532 47 533 44 533 188 533 47 534 188 534 190 534 47 535 190 535 191 535 48 536 47 536 191 536 193 537 48 537 191 537 48 538 193 538 180 538 87 539 48 539 180 539 49 540 48 540 87 540 136 541 203 541 137 541 203 542 205 542 137 542 137 543 205 543 138 543 205 544 216 544 138 544 138 545 216 545 142 545 216 546 217 547 142 548 142 549 217 549 107 549 254 550 253 550 236 550 254 551 252 551 253 551 254 552 255 553 252 554 256 555 255 555 254 555 256 556 257 556 255 556 257 557 258 557 255 557 259 558 257 558 256 558 259 559 260 559 257 559 260 560 258 560 257 560 260 561 1 561 258 561 263 562 28 562 6 562 38 563 236 564 253 565 252 566 262 567 265 568 255 569 258 569 252 569 10 570 5 571 33 572 263 573 6 573 10 573 33 574 263 574 10 574 261 575 263 575 33 575 263 576 261 576 28 576 261 577 35 578 28 579 28 580 35 580 264 580 37 581 264 581 35 581 264 582 262 582 28 582 38 583 264 583 37 583 262 584 264 584 265 584 38 585 265 585 264 585 253 586 265 586 38 586 265 587 253 587 252 587 179 588 266 588 194 588 229 589 274 589 273 589 269 590 90 590 268 590 268 591 229 591 101 591 91 592 269 592 92 592 269 593 268 593 270 593 268 594 101 594 100 594 270 595 92 595 269 595 270 596 268 596 100 596 276 597 270 597 100 597 64 598 277 598 276 598 266 599 87 599 181 599 272 600 87 600 266 600 88 601 87 602 272 603 266 604 179 604 273 604 267 605 88 605 272 605 272 606 266 606 273 606 273 607 267 607 272 607 274 608 267 608 273 608 89 609 267 609 274 609 274 610 90 610 89 610 274 611 268 611 90 611 229 612 268 612 274 612 92 613 270 613 275 613 271 614 92 614 275 614 276 615 275 615 270 615 93 616 271 616 275 616 276 617 93 617 275 617 276 618 277 618 93 618 277 619 94 619 93 619</p>
        </triangles>
      </mesh>
    </geometry>
  </library_geometries>
  <library_visual_scenes>
    <visual_scene id="Scene" name="Scene">
      <node id="node5" name="node5" type="NODE">
        <matrix sid="transform">1 0 0 0 0 1 0 0 0 0 1 0 0 0 0 1</matrix>
        <instance_geometry url="#Part__Feature002_011-mesh" name="node5">
          <bind_material>
            <technique_common>
              <instance_material symbol="Part__Feature002_011-material" target="#Part__Feature002_011-material"/>
            </technique_common>
          </bind_material>
        </instance_geometry>
      </node>
      <node id="node4" name="node4" type="NODE">
        <matrix sid="transform">1 0 0 0 0 1 0 0 0 0 1 0 0 0 0 1</matrix>
        <instance_geometry url="#Part__Feature001_014-mesh" name="node4">
          <bind_material>
            <technique_common>
              <instance_material symbol="Part__Feature001_014-material" target="#Part__Feature001_014-material"/>
            </technique_common>
          </bind_material>
        </instance_geometry>
      </node>
      <node id="node3" name="node3" type="NODE">
        <matrix sid="transform">1 0 0 0 0 1 0 0 0 0 1 0 0 0 0 1</matrix>
        <instance_geometry url="#Part__Feature_022-mesh" name="node3">
          <bind_material>
            <technique_common>
              <instance_material symbol="Part__Feature_022-material" target="#Part__Feature_022-material"/>
            </technique_common>
          </bind_material>
        </instance_geometry>
      </node>
      <node id="node2" name="node2" type="NODE">
        <matrix sid="transform">1 0 0 0 0 1 0 0 0 0 1 0 0 0 0 1</matrix>
        <instance_geometry url="#Part__Feature005_007-mesh" name="node2">
          <bind_material>
            <technique_common>
              <instance_material symbol="Part__Feature005_007-material" target="#Part__Feature005_007-material"/>
            </technique_common>
          </bind_material>
        </instance_geometry>
      </node>
      <node id="node1" name="node1" type="NODE">
        <matrix sid="transform">1 0 0 0 0 1 0 0 0 0 1 0 0 0 0 1</matrix>
        <instance_geometry url="#Part__Feature004_007-mesh" name="node1">
          <bind_material>
            <technique_common>
              <instance_material symbol="Part__Feature004_007-material" target="#Part__Feature004_007-material"/>
            </technique_common>
          </bind_material>
        </instance_geometry>
      </node>
      <node id="node0" name="node0" type="NODE">
        <matrix sid="transform">1 0 0 0 0 1 0 0 0 0 1 0 0 0 0 1</matrix>
        <instance_geometry url="#Part__Feature003_009-mesh" name="node0">
          <bind_material>
            <technique_common>
              <instance_material symbol="Part__Feature003_009-material" target="#Part__Feature003_009-material"/>
            </technique_common>
          </bind_material>
        </instance_geometry>
      </node>
      <node id="Camera" name="Camera" type="NODE">
        <matrix sid="transform">0.6859207 -0.3240135 0.6515582 7.358891 0.7276763 0.3054208 -0.6141704 -6.925791 0 0.8953956 0.4452714 4.958309 0 0 0 1</matrix>
        <instance_camera url="#Camera-camera"/>
      </node>
    </visual_scene>
  </library_visual_scenes>
  <scene>
    <instance_visual_scene url="#Scene"/>
  </scene>
</COLLADA>