<?xml version="1.0" encoding="utf-8"?>
<COLLADA xmlns="http://www.collada.org/2005/11/COLLADASchema" version="1.4.1" xmlns:xsi="http://www.w3.org/2001/XMLSchema-instance">
  <asset>
    <contributor>
      <author>Blender User</author>
      <authoring_tool>Blender 4.0.2 commit date:2023-12-05, commit time:07:41, hash:9be62e85b727</authoring_tool>
    </contributor>
    <created>2024-01-15T15:38:15</created>
    <modified>2024-01-15T15:38:15</modified>
    <unit name="meter" meter="1"/>
    <up_axis>Z_UP</up_axis>
  </asset>
  <library_cameras>
    <camera id="Camera-camera" name="Camera">
      <optics>
        <technique_common>
          <perspective>
            <xfov sid="xfov">39.59775</xfov>
            <aspect_ratio>1.777778</aspect_ratio>
            <znear sid="znear">0.1</znear>
            <zfar sid="zfar">100</zfar>
          </perspective>
        </technique_common>
      </optics>
      <extra>
        <technique profile="blender">
          <shiftx sid="shiftx" type="float">0</shiftx>
          <shifty sid="shifty" type="float">0</shifty>
          <dof_distance sid="dof_distance" type="float">10</dof_distance>
        </technique>
      </extra>
    </camera>
  </library_cameras>
  <library_effects>
    <effect id="Part__Feature_023-effect">
      <profile_COMMON>
        <technique sid="common">
          <lambert>
            <emission>
              <color sid="emission">0 0 0 1</color>
            </emission>
            <diffuse>
              <color sid="diffuse">1 1 1 1</color>
            </diffuse>
            <index_of_refraction>
              <float sid="ior">1.45</float>
            </index_of_refraction>
          </lambert>
        </technique>
      </profile_COMMON>
    </effect>
  </library_effects>
  <library_images/>
  <library_materials>
    <material id="Part__Feature_023-material" name="Part__Feature.023">
      <instance_effect url="#Part__Feature_023-effect"/>
    </material>
  </library_materials>
  <library_geometries>
    <geometry id="Part__Feature_023-mesh" name="Part__Feature.023">
      <mesh>
        <source id="Part__Feature_023-mesh-positions">
          <float_array id="Part__Feature_023-mesh-positions-array" count="2832">-0.002754449 0.02843624 -0.0315957 -8.34088e-4 0.02883636 0.0345202 -0.001085698 0.0450471 0.02700209 0.001909434 0.02935665 -0.03154289 -9.53198e-4 0.03530776 -0.03018903 -0.01017749 0.03425735 -0.02889108 -0.001003503 0.04250413 -0.02644246 -0.009726881 0.040201 -0.02627855 -0.01510113 0.0341953 -0.02676028 -0.02163094 0.03021776 -0.02352845 -0.01858001 0.03717666 -0.02328091 -0.02294236 0.03702145 -0.01932364 -0.02658629 0.02973335 -0.01815319 -0.02813297 0.03429222 -0.01380133 -0.02452188 0.04027175 -0.01456177 -0.03061568 0.03433072 -0.007670879 -0.02792912 0.04033309 -0.007477283 -0.03255867 0.03012061 -0.003687262 -0.03045666 0.03723669 -0.003296077 -0.03191012 0.03440171 0.002417027 -0.02914494 0.04052275 0.002532064 -0.03112518 0.03414881 0.008849561 -0.02917677 0.0339275 0.01470255 -0.0277372 0.04029506 0.01089322 -0.02565872 0.03723227 0.01856517 -0.02570438 0.03234112 0.02124869 -0.02170878 0.03447586 0.02480214 -0.01880347 0.04044109 0.02377277 -0.01634156 0.03412532 0.02893644 -0.01326352 0.04029941 0.0275048 -0.01029181 0.03410798 0.03173547 -0.008561491 0.04016572 0.02945899 -9.4493e-4 0.03540974 0.03297781 -2.5514e-5 0.0410155 0.03026694 -0.0118243 0.02839237 -0.02959132 -0.01912075 0.02844941 -0.02559977 -0.005829989 0.0457499 -0.02291196 -0.01219403 0.0460838 -0.02016854 -0.01506543 0.04307007 -0.02145761 -0.03060185 0.02716702 -0.01167857 -0.01977819 0.04164093 -0.01891469 -0.01922059 0.04574155 -0.01471704 -0.03310364 0.02832037 0.001568257 -0.03224164 0.02805596 0.009447872 -0.02535939 0.04321628 -0.008586525 -0.02474516 0.04570066 -0.002336502 -0.02875727 0.02833682 0.01784932 -0.02501624 0.0456829 0.002664566 -0.02468162 0.02815061 0.02352517 -0.02407979 0.04569768 0.008355319 -0.01980453 0.02832233 0.02792733 -0.02145731 0.04572522 0.01431572 -0.01404488 0.028463 0.03141039 -0.02312695 0.0416547 0.01781058 -0.01787364 0.04572325 0.01899629 -0.008421957 0.02753514 0.03349328 -0.012802 0.0456748 0.02295869 -0.00801146 0.04573255 0.02512383 0.001420736 0.05076926 -0.02099502 -0.002918124 0.05066972 -0.02089112 3.06182e-4 0.05120414 0.02385503 0.001176238 0.04635328 -0.02300697 -0.00554043 0.04813396 -0.0213586 -0.001801967 0.04834461 0.02468115 -0.008083164 0.0511679 -0.01958358 -0.01111662 0.04811185 -0.01920622 -0.01237028 0.05167871 -0.01731324 -0.01682782 0.0480858 -0.01496398 -0.01654762 0.05117577 -0.01382678 -0.02046078 0.04812186 -0.009978055 -0.02295869 0.04583626 -0.008304893 -0.01922798 0.05119711 -0.01025676 -0.02287536 0.04808747 -0.003918886 -0.02158445 0.0511536 -0.005098342 -0.0234012 0.04811614 0.002241492 -0.0224635 0.05116808 0.00140798 -0.02245801 0.04816186 0.008090913 -0.02187943 0.05080592 0.006987392 -0.02056789 0.04809689 0.0126906 -0.01965576 0.05119347 0.01231014 -0.01703393 0.04807567 0.01751315 -0.01711463 0.05120009 0.01596128 -0.01319342 0.04805618 0.02084702 -0.01368188 0.05119681 0.01925766 -0.007989406 0.04810923 0.02343475 -0.009486794 0.05106741 0.02180433 -0.003669798 0.04657393 0.02540826 -0.004404366 0.05078965 0.02353489 0 0.05401206 -0.02155292 -0.001503884 0.05605101 -0.02297145 7.44202e-4 0.05750787 -0.02530264 -2.38839e-4 0.05725383 0.02764606 -0.004741311 0.05415672 -0.02121078 -0.004951119 0.05712568 -0.02429437 -0.006288051 0.05588555 -0.02204358 -0.01089406 0.05440747 -0.01909327 -0.01265537 0.05731004 -0.02184194 -0.01123273 0.05610936 -0.02038562 -0.01571071 0.05493462 -0.0160557 -0.01852047 0.05425781 -0.01248186 -0.01560169 0.0562216 -0.0177505 -0.01869279 0.05735236 -0.01739364 -0.02124345 0.05416077 -0.007680177 -0.02006924 0.0558871 -0.01233273 -0.02364349 0.05713993 -0.009914875 -0.02262324 0.05586761 -0.007346332 -0.02260029 0.05354863 -0.001865327 -0.02396464 0.0558899 -0.002435207 -0.02605301 0.05714333 -0.001887083 -0.02238732 0.05284154 0.004957616 -0.02341443 0.05493032 0.00325191 -0.02561074 0.0569579 0.005106627 -0.02159035 0.05359041 0.00889492 -0.02383428 0.05590879 0.00612992 -0.01946079 0.0543667 0.01396858 -0.02195537 0.05584007 0.01168918 -0.02471786 0.05732649 0.01102191 -0.0167213 0.05437362 0.01747244 -0.01840859 0.05712991 0.02018165 -0.01781046 0.05611145 0.01841259 -0.01250886 0.05410718 0.02080678 -0.01236909 0.05588531 0.02228301 -0.007650256 0.05324745 0.02281451 -0.007326662 0.0557025 0.02436536 -0.008476257 0.0572946 0.02658724 -0.003431856 0.05385917 0.02404743 -0.001586735 0.05601793 0.02577912 -0.003638267 0.06064116 -0.02725297 -3.88214e-5 0.06711465 -0.02982217 0.002761185 0.06420522 -0.02900683 -0.008785724 0.06384897 -0.02764666 -0.004834711 0.06669324 -0.02938932 -0.01151555 0.06072753 -0.02522027 -0.01563394 0.06685948 -0.02564305 -0.01826399 0.06231242 -0.02205443 -0.0221256 0.06000727 -0.0165075 -0.02269387 0.06709182 -0.02021336 -0.02500939 0.06394398 -0.01604658 -0.0253241 0.05979156 -0.01122379 -0.02737748 0.05999338 -0.006354987 -0.02855753 0.06384927 -0.008879363 -0.03013479 0.06415224 -0.003219068 -0.02857923 0.06006091 0.002178251 -0.03018146 0.06370162 0.004904866 -0.02739453 0.06158316 0.01206725 -0.02947849 0.06682837 0.01174825 -0.0256173 0.06377297 0.01768422 -0.02326381 0.05953222 0.01726835 -0.01824396 0.06018042 0.02351647 -0.0212416 0.0638082 0.02312314 -0.01722908 0.06446725 0.02672964 -0.01071172 0.05992919 0.02774012 -0.01025283 0.06392908 0.0300529 0.001143574 0.05931419 0.02941507 1.90272e-5 0.06711709 0.03264623 -0.003085851 0.06284999 0.03129661 -0.01079988 0.06835442 -0.02808916 -0.02050787 0.07365661 -0.02278244 -0.0278325 0.06842339 -0.01320254 -0.02992153 0.06769853 -0.007889151 -0.03110992 0.06827926 -0.002869486 -0.03121483 0.06759625 0.004693448 -0.02669268 0.06845492 0.01814997 -0.02005487 0.06795638 0.02564603 -0.01298707 0.06820702 0.02999234 -0.006607651 0.06800198 0.03208237 0.00233978 0.08364534 -0.02801299 6.38348e-4 0.09549534 -0.02244615 0.00233978 0.0836454 0.03083699 0.00308609 0.09546154 0.02503687 8.29792e-4 0.07321852 -0.03030627 -0.004555344 0.07343077 -0.02995842 -0.001782834 0.07720553 -0.02991932 -0.004924714 0.08449143 -0.02734231 -0.005179286 0.09548211 -0.02182626 -0.01169639 0.0769838 -0.027781 -0.01142865 0.08411771 -0.02550137 -0.01667684 0.08448427 -0.02246904 -0.00960344 0.09547853 -0.02037733 -0.02064293 0.07880014 -0.02178889 -0.01534056 0.09562408 -0.01688665 -0.02097809 0.08388924 -0.01917362 -0.02777069 0.0788933 -0.01253092 -0.02509254 0.0839672 -0.01371955 -0.02017557 0.09545946 -0.01129359 -0.02779018 0.08503127 -0.006775796 -0.0309922 0.07890546 -7.32865e-4 -0.02300804 0.09548163 -0.005038142 -0.02925485 0.0842821 0.001046419 -0.02832061 0.08425158 0.008723974 -0.02997994 0.07885575 0.009132504 -0.02370274 0.09546518 0.004161477 -0.02264809 0.09544241 0.008911371 -0.02684283 0.08032608 0.01626145 -0.0243805 0.08429336 0.01752775 -0.01909518 0.09550261 0.01572191 -0.02153342 0.07598322 0.02452224 -0.01896768 0.08448559 0.02359807 -0.01518583 0.07889199 0.02848321 -0.01454788 0.09547603 0.02030634 -0.01217395 0.08416521 0.02800178 -0.00772202 0.09550678 0.02400588 -8.29738e-4 0.07321852 0.03313028 -0.006357848 0.07499128 0.03243523 0.001782894 0.07720559 0.03274339 -0.004924714 0.08449143 0.03016632 -0.002370476 0.09550303 0.0250765 -0.01488584 0.07441645 -0.0264846 -0.02581745 0.07439851 -0.01706963 -0.03085702 0.07444667 -0.006228506 -0.0315203 0.07442981 0.004728555 -0.02929747 0.07444083 0.01345002 -0.02564752 0.07445073 0.01992607 -0.01382881 0.07445269 0.02992266 -0.00135225 0.1073187 -0.02374881 -0.008482933 0.1072056 -0.02234822 -2.4172e-4 0.1117774 -0.02507716 6.92777e-4 0.1146129 -0.02666509 -0.005532264 0.1140322 -0.02569872 -0.00957787 0.1127764 -0.02367681 -8.20034e-4 0.1197208 -0.03025424 -0.001586616 0.1183155 -0.02997273 -0.01574349 0.1068927 -0.01813799 -0.008947193 0.1186178 -0.02881902 -0.01475036 0.1140418 -0.02206099 -0.01977634 0.1069765 -0.01403743 -0.0189439 0.1135971 -0.01834803 -0.01444643 0.1180758 -0.02630525 -0.01981049 0.1119935 -0.0162732 -0.02397227 0.1069403 -0.006001174 -0.01934438 0.1183082 -0.02330142 -0.02259165 0.1084515 -0.01016002 -0.02387863 0.09723997 1.87782e-4 -0.02270698 0.1181154 -0.02011704 -0.02516639 0.1069876 9.53222e-4 -0.02456098 0.1140383 -0.01149654 -0.02584594 0.1120615 -0.004977107 -0.02699631 0.1183268 -0.0146777 -0.02867466 0.1182302 -0.01129406 -0.02447599 0.1070085 0.007267117 -0.02774018 0.1142843 -0.002079248 -0.02613753 0.1109504 0.002991437 -0.03077393 0.118079 -0.00429213 -0.0225982 0.1070529 0.01237928 -0.02732443 0.1141867 0.00655961 -0.01977634 0.1069765 0.01686143 -0.02400648 0.1109217 0.01230436 -0.03141081 0.1183783 0.001422047 -0.03077715 0.1181488 0.007317423 -0.02456092 0.1140383 0.01432061 -0.01574349 0.1068928 0.02096205 -0.02867466 0.1182302 0.01411807 -0.01981049 0.1119935 0.0190972 -0.008482933 0.1072055 0.02517223 -0.02699631 0.1183268 0.01750177 -0.01894372 0.113597 0.02117216 -0.02270698 0.1181154 0.02294105 -0.00957787 0.1127764 0.02650088 -0.01475089 0.1140419 0.02488481 -0.00135225 0.1073186 0.02657288 -0.01934438 0.1183082 0.02612537 -0.01390546 0.1182938 0.02954483 -0.005532205 0.1140322 0.02852278 -0.001099526 0.1117882 0.02787935 0.001465499 0.1145591 0.02943497 -0.00468409 0.1188702 0.03268182 -6.25972e-4 0.1198521 0.0330798 -5.59945e-4 0.1185837 0.03290063 -0.01229524 0.1191009 -0.02775549 -0.005311429 0.1194146 -0.02983963 -0.009909152 0.1200991 -0.02863943 -0.0150218 0.1205413 -0.02632665 -0.01715469 0.1194891 -0.02526539 -0.02135103 0.1196523 -0.02200895 -0.0251789 0.119377 -0.01789915 -0.02696561 0.1197093 -0.01524549 -0.02855086 0.1198677 -0.0123561 -0.03046262 0.1193714 -0.007411241 -0.0313971 0.1196369 -0.002886116 -0.03165507 0.1199931 0.001825034 -0.03144007 0.1195639 0.005390822 -0.03046596 0.1195271 0.01021754 -0.02941972 0.1197406 0.01316261 -0.027143 0.1198366 0.01778531 -0.02504575 0.118945 0.02072268 -0.02420705 0.1203383 0.02173548 -0.02135556 0.1196445 0.02483218 -0.01715463 0.1194891 0.0280894 -0.01358664 0.1199643 0.03004342 -0.008947253 0.1186178 0.03164303 -0.007223069 0.1201878 0.03221058 -5.60508e-4 0.1378046 0.02878135 -0.004041969 0.1424067 -0.02803671 0.002844631 0.1425325 -0.02827376 -0.005886018 0.1378068 -0.02532935 -7.42254e-4 0.1512606 -0.03055852 -0.008948206 0.1429773 -0.02715075 -0.01529896 0.1378182 -0.02145391 -0.01535421 0.1430793 -0.0244162 -0.009450376 0.1504402 -0.02898466 -0.01258492 0.147262 -0.02712184 -0.01641929 0.1518546 -0.02600461 -0.02172535 0.146912 -0.02092975 -0.02579385 0.1463905 0.0186575 -0.02127987 0.1468757 0.02414727 -0.01535421 0.1430793 0.02724021 -0.008948206 0.1429773 0.02997475 -0.008072376 0.1377953 0.02755552 -0.01216512 0.148201 0.03037601 -0.01662069 0.151956 0.02872514 -0.002844631 0.1425326 0.03109782 -0.006017029 0.1827783 -0.01562756 -0.001145482 0.1859 -0.01030051 -0.001844882 0.1871851 -0.004568636 -0.001205027 0.1488622 0.0329355 -0.009468674 0.1517425 0.03200829 -0.008239388 0.1846111 -0.01084721 -0.006850302 0.1862725 -0.006431996 -0.008934497 0.1844007 0.01364064 -0.006044983 0.1861006 0.01078075 -0.005858719 0.1828305 0.01840883 0 0.1856531 0.01374864 -0.001451492 0.1870012 0.008516073 -0.004672646 0.1540895 -0.03028947 -0.01929455 0.1411859 -0.0205338 -0.02382898 0.1378142 -0.01235598 -0.02560001 0.142844 -0.01408106 -9.84228e-4 0.1631455 -0.0297929 -0.007287323 0.1595427 -0.02953457 -0.02805441 0.1425072 -0.00854516 -0.01402455 0.1590328 -0.02724051 -0.02732419 0.1378322 -0.001400411 -0.02624672 0.1378139 0.009443163 -0.02783823 0.1428808 0.01246803 -0.02226489 0.1378089 0.01731669 -0.02063846 0.1574875 -0.0230205 -0.01230579 0.1645249 -0.02679622 -0.005399346 0.1707944 -0.02653568 -0.01309412 0.1706893 -0.02390545 -0.02402043 0.1418541 0.01844871 -0.01897203 0.1409986 0.02350068 -0.01603835 0.1378306 0.02368748 -0.003868341 0.1786652 -0.02112442 -0.01135927 0.177657 -0.01971375 -0.001034915 0.1820841 -0.01755511 -0.02847188 0.1681379 -0.006523132 -0.02796149 0.1647864 -0.01148086 -0.02459985 0.1657737 -0.016568 -0.02570122 0.1719464 -0.009131729 -0.02015084 0.1755906 -0.01453953 -0.02552956 0.1748325 -0.003804624 -0.01261281 0.1810885 -0.01442843 -0.0289672 0.1695889 0.002787709 -0.02860653 0.1676375 0.009560883 -0.02626234 0.169459 0.01375192 -0.02308535 0.1699352 0.0186671 -0.02583593 0.1740099 0.008022487 -0.004672646 0.1540895 0.03311347 -3.07951e-4 0.1584044 0.03339672 -0.01611274 0.1820298 -0.009068846 -0.007289946 0.1595198 0.03235989 -0.01680195 0.1655968 0.02692997 -0.006596267 0.1870837 -4.28187e-4 -0.011554 0.1687833 0.0284242 -0.00555706 0.1695989 0.02990508 -0.01496082 0.1845327 -0.001587152 -0.001026093 0.1874198 0.002627789 -0.01247328 0.1809765 0.01753199 -0.01206147 0.176151 0.02367705 -0.013269 0.1849952 0.006013453 -0.01601636 0.1819491 0.01223433 -0.004533648 0.1871085 0.006139516 0.001983106 0.1780909 0.02485293 -0.003519892 0.1801293 0.02258682 0.001034915 0.1820841 0.02037918 4.50806e-7 0.1683928 -0.02804297 -0.03091049 0.1466796 -0.002570033 -0.0232886 0.1514221 -0.02042448 -0.02874636 0.1503922 -0.01241999 4.12401e-6 0.1765762 -0.02344036 -0.02951717 0.1420166 0.004287123 -0.03089106 0.1480005 0.006980955 -0.02627211 0.1562932 -0.0170632 -0.03152388 0.1559106 -0.004565656 -0.03211021 0.1560046 0.001122415 -0.02032005 0.1639249 -0.0219717 -0.01918727 0.1702941 -0.01979976 -0.03161692 0.1559309 0.006838917 -0.02990835 0.1523529 0.01280093 -0.03015297 0.1659561 -0.002689659 -0.02457499 0.1549959 0.02221971 -0.03085893 0.1641975 0.003973662 -0.02977883 0.1603266 0.01228797 -0.02765578 0.1542122 0.01774662 -0.02219694 0.1768675 -0.009104311 -0.02708667 0.1631884 0.01667022 -0.02092516 0.1653871 0.02372235 -0.01417881 0.1599533 0.02981191 -0.02188622 0.1796973 -8.21173e-4 -0.02228391 0.176603 0.01224285 -0.01756167 0.1752247 0.02048915 -0.01985633 0.1810046 0.006175935 0.001519978 0.1657537 0.03180205 -0.001569628 0.1724587 0.02886343 -0.03005617 0.1572075 -0.009572446 -0.01999467 0.1552858 0.02649921 -0.001070499 0 0.0255869 0.002341151 0.01269996 0.02541762 -0.007745265 0.01269996 0.02440994 -0.01108032 0 0.02300858 -0.01552575 0.01269996 0.02018105 -0.0177918 0 0.01824116 -0.02162361 0.01269996 0.01372057 -0.02294367 0 0.01127558 -0.02512592 0.01269996 0.004430294 -0.02543807 0 0.002108037 -0.02488279 0.01269996 -0.006335854 -0.02401232 0 -0.009199321 -0.01945185 0.01269996 -0.01658838 -0.01736992 0 -0.01872044 -0.01257449 0.01269996 -0.02217382 -0.01087552 0 -0.02302271 -0.003612816 0.01269996 -0.02535313 -0.003802537 0 -0.02522855 -0.001398742 0 0.0347082 0.005623519 0.02916431 0.03402876 0.008200347 0 0.03361696 0.01715248 0 0.02998441 0.01529026 0.02788692 0.03079962 0.02024781 0.02855551 0.02758032 0.02493369 0 0.02341616 0.02484935 0.02791792 0.02334535 0.02969491 0 0.01635599 0.03160756 0.02825015 0.01141059 0.03315591 0 0.005566954 0.0330277 0.02821367 0.004002273 0.03289669 0.02894061 -0.002357661 0.03197163 0 -0.008171141 0.03121548 0.02748012 -0.009900152 0.02700072 0 -0.01800018 0.02459442 0.02837884 -0.02072125 0.02011281 0 -0.02514064 0.02007126 0.02847111 -0.0249179 0.0161361 0.02812975 -0.02751779 0.01060396 0 -0.03014898 0.00918591 0.02796012 -0.03046101 -0.001665592 0 -0.03196167 0.00836271 0.09547221 0.02370017 0.0133413 0.09550094 0.02112913 0.01781558 0.09544932 0.01725471 0.02150458 0.09550607 0.01168334 0.02344518 0.09550094 0.00556159 0.02372872 0.09548896 -7.27856e-4 0.02240413 0.09551149 -0.006810426 0.01975101 0.09546929 -0.01190334 0.01526761 0.09554421 -0.01690149 0.01010072 0.09548658 -0.02014237 0.005138337 0.09568858 -0.02182447 0.007076561 0.12827 0.03241658 0.004546344 0.1197645 0.03277534 0.00970298 0.1197606 0.03157043 0.01391297 0.1199613 0.0298416 0.01908004 0.12827 0.02660119 0.01785862 0.1198809 0.02756649 0.02561426 0.12827 0.0198273 0.03060096 0.12827 0.009756505 0.03056216 0.1205494 0.009227871 0.03127074 0.12827 -0.003556787 0.02795457 0.12827 -0.0131849 0.02596032 0.1195797 -0.01680612 0.02262115 0.12827 -0.02065205 0.02336537 0.1194452 -0.02003967 0.01904642 0.1199108 -0.02393293 0.01325249 0.12827 -0.02734416 0.001041948 0.12827 -0.03023386 0.002060115 0.120024 -0.03017473 -0.001833558 0.12827 0.02881258 0.006639897 0.1378232 0.0279451 0.008078277 0.12827 0.0276013 0.0142737 0.1378085 0.02484047 0.01656407 0.12827 0.02327954 0.02158004 0.1377611 0.01830828 0.02302247 0.12827 0.01628154 0.02514809 0.1377978 0.01210546 0.02705246 0.12827 0.006407022 0.02721381 0.1378415 0.004933238 0.02694553 0.12827 -0.003339171 0.02660334 0.1378288 -0.005338191 0.02401196 0.12827 -0.01191377 0.02147239 0.1378343 -0.01581144 0.01845335 0.12827 -0.01877695 0.01360124 0.1377772 -0.02234303 0.01109462 0.12827 -0.02370893 0.003962516 0.1377705 -0.02581381 -2.21489e-4 0.12827 -0.02609688 -8.43232e-4 0.1904756 -0.00422734 -0.003289997 0.1926136 -0.004152834 -0.001356959 0.1881071 -0.001625478 -0.003078877 0.1894109 -0.002415359 -0.005239784 0.1928743 -0.002415776 -0.004687905 0.1912417 -0.00238043 -0.002959549 0.1879531 7.35944e-4 -2.71201e-4 0.1880549 0.004631876 -0.004422783 0.1893675 -6.12138e-4 -0.002079546 0.1890562 0.005472183 -0.006418347 0.1927926 6.42168e-4 -0.003207981 0.1885558 0.003771126 -0.005683839 0.1909754 -1.41088e-4 -4.82402e-4 0.1907133 0.007199883 -0.004371404 0.1890158 0.002456545 -0.006485104 0.1938241 0.001788139 -0.005708396 0.1905477 0.001022577 -0.002805829 0.1920436 0.007125794 -4.58907e-4 0.1924253 0.00784403 -0.00444889 0.1906043 0.005051493 -0.002191245 0.1948907 0.007519602 -5.84018e-4 0.1966338 0.007250666 -0.005837321 0.1913292 0.003060817 -9.9623e-4 0.1989557 0.00532025 -0.005163967 0.1936105 0.005470395 -0.004544794 0.1950523 0.005921125 -0.00600779 0.1931746 0.003884434 -0.003179728 0.1978215 0.005496025 -0.001988232 0.1997293 0.00308144 -1.18142e-4 0.1996132 -0.001423478 -0.001640081 0.2000498 8.61243e-4 -0.005360603 0.1964263 0.004020154 -0.004218339 0.1985534 0.002737641 -7.85098e-4 0.1985241 -0.002953529 -0.003784239 0.1990239 3.91188e-4 -0.006220579 0.1949569 0.002821445 -0.00256443 0.1986886 -0.001990556 -0.005580663 0.1969965 0.002224385 -0.002084255 0.1960193 -0.004363596 -0.003516674 0.1974001 -0.00271362 -8.73108e-4 0.1935065 -0.005099534 -0.005292713 0.1970201 -7.05628e-4 -0.003920853 0.1954675 -0.003498792 -0.006072938 0.196039 7.7114e-4 -0.005265057 0.194698 -0.002320885 -0.00617963 0.1944563 -5.16701e-4 0.005940914 0.1939039 -0.001246273 0.006318926 0.1922519 8.05048e-4 0.004896879 0.194308 -0.002920329 0.00548166 0.1919058 -0.001615345 0.003567278 0.1912483 -0.003455996 0.003132522 0.1939753 -0.004330754 0.003545761 0.189704 -0.002322196 0.004645526 0.1893935 -1.93871e-4 0.001298785 0.1934037 -0.005001664 0.006287038 0.1930412 0.002975702 0.005877792 0.1908619 0.001009762 0.001785695 0.1903727 -0.00391668 0.005245506 0.1902193 0.00306046 0.002762973 0.1879631 -6.84677e-5 0.005638539 0.1920608 0.004195272 0.003651142 0.1885038 0.002824425 5.38669e-4 0.1887736 -0.002778708 1.81911e-4 0.1874468 -4.05683e-4 0.006277203 0.1952018 0.002407252 0.004070103 0.1902157 0.005125164 0.001432061 0.187443 0.002354145 0.004559695 0.1930564 0.006061851 0.002245843 0.188448 0.004444956 0.005569696 0.1944139 0.004718482 0.002684891 0.1917359 0.007071971 0.001209974 0.1896632 0.006415963 0.006479203 0.1937124 9.925e-4 0.005463242 0.1964111 0.003746449 0.004578113 0.1965574 0.00510931 0.003536701 0.1944373 0.006917536 0.006072282 0.1957306 2.81296e-5 0.005208134 0.19771 0.001406311 0.002544879 0.1967729 0.006575226 0.004026949 0.198589 0.003146708 0.001136898 0.195061 0.00770694 0.003084838 0.1983385 0.004873514 9.16776e-4 0.1983544 0.005963802 0.004948496 0.1970345 -0.001261115 0.003754198 0.1989939 5.66099e-4 0.00102353 0.1999852 0.003168165 0.001733899 0.2000176 0.001708269 0.003753602 0.1977524 -0.002167403 0.001514971 0.2000059 1.73151e-4 0.001842558 0.1988745 -0.002167105 0.003241062 0.1962609 -0.003650903 8.16699e-4 0.1968867 -0.004312455 0.00404185 0.1424068 0.03086078 0.008948206 0.1429773 0.02997475 0.01535421 0.1430793 0.02724021 0.005592167 0.1487416 0.03243535 0.01216512 0.148201 0.03037601 0.01641929 0.1518546 0.02882862 0.02172541 0.1469121 0.02375376 0.02579391 0.1463905 -0.01583343 0.02127987 0.1468757 -0.02132326 0.01535421 0.1430793 -0.0244162 0.008948206 0.1429773 -0.02715075 0.01216506 0.1482009 -0.027552 0.01662069 0.151956 -0.02590107 0.005854129 0.1828337 0.01840478 0.001568138 0.1869915 0.008511424 0.005592167 0.1487416 -0.02961134 0.006044983 0.1861006 0.01078075 0.008924841 0.1844049 0.01363688 0.009424209 0.1843152 -0.0106638 0.006850302 0.1862725 -0.006431996 0.004949867 0.1855072 -0.01025515 0.005977153 0.1828002 -0.01560169 0.001762926 0.18718 -0.004667401 0.005099177 0.1561293 0.03312164 0.01929455 0.1411858 0.0233578 0.009648501 0.1551978 0.03199607 0.02560001 0.1428441 0.01690512 0.02805441 0.1425072 0.01136916 0.01402455 0.1590328 0.03006452 0.02783823 0.1428808 -0.009644031 0.02063846 0.1574875 0.02584457 0.01104521 0.1646652 0.03019732 0.008824765 0.1706018 0.02857702 0.02402037 0.1418541 -0.0156247 0.01463133 0.1715986 0.02530807 0.01897203 0.1409986 -0.02067667 0.01103395 0.1777885 0.02256 0.0285595 0.1677841 0.0095191 0.02637904 0.1704475 0.01247721 0.02294641 0.1702828 0.01857769 0.02583169 0.1743249 0.006971955 0.01515805 0.1791481 0.01827085 0.01045131 0.154304 -0.02887594 0.02797698 0.1696729 -0.006101965 0.02573597 0.1718233 -0.009217202 0.02305418 0.1699491 -0.01586157 0.004672646 0.1540895 -0.03028947 0.01596152 0.1819974 0.01218348 0.004533708 0.1871085 0.006139457 0.007289946 0.1595198 -0.02953583 0.01331102 0.1695437 -0.02440237 0.005480468 0.16815 -0.02766054 0.01394641 0.1612852 -0.02691227 0.013269 0.1849952 0.006013453 0.009837746 0.1763356 -0.02161723 0.004611849 0.1728922 -0.02543562 0.006596267 0.1870837 -4.28171e-4 0.01496398 0.1845309 -0.001592814 0.01616626 0.1819825 -0.009120643 0.01579749 0.1768318 -0.01751291 0.01264578 0.1810165 -0.01452106 0.003519892 0.1801293 -0.01976281 0.03091049 0.1466796 0.005394101 0.02443444 0.1538972 0.02235311 0.02874636 0.1503922 0.015244 0.003327608 0.1713872 0.02930116 0.03089106 0.1480005 -0.004156947 0.02951717 0.1420166 -0.001463115 0.0284335 0.1592778 0.01601958 0.03152388 0.1559106 0.007389664 0.03211021 0.1560046 0.001701533 0.02031999 0.1639249 0.02479577 0.01880055 0.1711683 0.02244997 0.03161692 0.1559309 -0.004014849 0.02990835 0.1523529 -0.009976863 0.03056085 0.1615648 0.009195148 0.02457493 0.1549959 -0.0193957 0.02894836 0.1696262 0.002800643 0.03085893 0.1641975 -0.001149594 0.02977883 0.1603266 -0.009463906 0.0293951 0.1680283 -0.001820743 0.02765578 0.1542122 -0.01492255 0.02202844 0.1768794 0.01223713 0.02698481 0.1652533 -0.01307678 0.02043336 0.1636547 -0.02196687 0.02118611 0.1803067 0.004284501 0.02339333 0.1777638 -0.003188133 0.01935905 0.1699013 -0.01988881 0.02233642 0.1766694 -0.009189426 0.01999461 0.1552858 -0.0236752 -0.01128876 0.12827 -0.02360635 -0.02112925 0.12827 -0.01631754 -0.02686846 0.12827 -0.004493355 -0.02680402 0.12827 0.007529854 -0.02112925 0.12827 0.01914155 -0.01170182 0.12827 0.02620911 -0.0197311 0.12827 0.0261541 -0.02590626 0.12827 0.01934379 -0.0299825 0.12827 0.01148557 -0.008073866 0.12827 0.03208553 -0.03161072 0.12827 -9.56851e-4 -0.02782255 0.12827 -0.01373928 -0.0195434 0.12827 -0.0234999 -0.00982356 0.12827 -0.02859276 0.004872143 0.10772 0.0260865 0.01154857 0.10577 0.02356356 0.001543641 0.1173173 0.0321182 0.01015663 0.110909 0.02547812 0.007632017 0.118324 0.03189176 0.01433241 0.1108821 0.02323728 0.01696056 0.1056609 0.01962298 0.019095 0.1107857 0.01927775 0.02165299 0.1056072 0.0139153 0.02266806 0.1108708 0.01446795 0.02455967 0.1056431 0.005720615 0.02523177 0.110932 0.008275151 0.0246151 0.1055964 -0.002941131 0.02615135 0.1108854 0.002056419 0.02557617 0.110807 -0.00402075 0.02131581 0.105633 -0.01159203 0.02363425 0.1108989 -0.009697318 0.02123534 0.1109159 -0.0138067 0.01598209 0.1056419 -0.01772719 0.01806825 0.1109052 -0.01746916 0.01155322 0.1086121 -0.0213018 0.004871428 0.1079799 -0.02329969 0.006635487 0.1139767 -0.02548122 0.001543641 0.1173172 -0.02929419 0.006902515 0.1179535 -0.02900177 0.002913713 0.1187577 0.03282278 0.00825107 0.1140754 0.027906 0.01445811 0.1143177 0.02525192 0.01884478 0.1143082 0.02201747 0.02786427 0.1144803 0.004381477 0.02792638 0.1144477 3.08361e-4 0.01694631 0.1144185 -0.02080947 0.01442366 0.1117582 -0.02083808 0.01190721 0.1144202 -0.02388685 0.002913475 0.1187577 -0.02999877 0.01366877 0.1180876 0.02964723 0.01958894 0.1177824 0.0255838 0.02367699 0.1173501 0.02106666 0.02358925 0.1144078 0.01638799 0.02844399 0.1178033 0.01422262 0.02528452 0.1185384 0.02019685 0.02638453 0.1144962 0.01089143 0.03059989 0.1178253 0.007253229 0.03129088 0.1179939 0.001526832 0.02729976 0.1144261 -0.004590213 0.03096997 0.1179913 -0.003044486 0.02867716 0.1175404 -0.01029205 0.02571123 0.1143868 -0.009457051 0.02353131 0.1143997 -0.0136373 0.0245521 0.1176622 -0.01759231 0.02015805 0.1144204 -0.0179286 0.01886266 0.1176038 -0.02320122 0.01290571 0.1175168 -0.02664762 0.01630318 0.1189783 0.02852767 0.02176952 0.1193173 0.02447265 0.03041434 0.1190838 0.01018416 0.03056824 0.1193755 -0.007041156 0.02923035 0.1193642 -0.01091414 0.01921731 0.118756 -0.02362108 0.01462095 0.119365 -0.02672618 0.0111038 0.1193373 -0.02827686 0.006844758 0.1195337 -0.02954429 0.02447265 0.1202266 0.02148759 0.02698707 0.119363 0.01800602 0.02886891 0.1198874 0.0144881 0.03142708 0.1196447 0.005650997 0.03170198 0.1195412 0.001211166 0.03130739 0.1200132 -0.00340414 0.02729815 0.1190176 -0.01456522 0.004485428 0.07298982 0.03281635 0.01153016 0.075769 0.03085941 0.01180881 0.08406794 0.02826195 0.01742875 0.07615327 0.02771437 0.01688504 0.08427721 0.02529811 0.02170199 0.07879066 0.02352309 0.02234464 0.08426189 0.02028101 0.02655172 0.07885289 0.01733303 0.02663755 0.0843054 0.01353627 0.02965956 0.07885283 0.010288 0.02864044 0.08426529 0.007407546 0.03097045 0.07888603 0.002043306 0.02909165 0.08454442 0.002526402 0.0284146 0.0846067 -0.004803895 0.03011554 0.0788415 -0.005665481 0.02661299 0.08406025 -0.01084715 0.02714776 0.07886254 -0.01363319 0.02349585 0.08396881 -0.01609492 0.02050524 0.07894092 -0.02184766 0.01918274 0.08417016 -0.02067863 0.01283794 0.08411526 -0.02491289 0.01348942 0.07589441 -0.02716898 0.006357848 0.07499122 -0.02961122 0.007975101 0.06742548 0.03168553 0.01777935 0.06882321 0.02737373 0.02432572 0.07440263 0.02174943 0.02611255 0.06684499 0.01862275 0.02858793 0.07443851 0.0149526 0.0292775 0.06877899 0.01292335 0.03142058 0.07448387 0.006136596 0.03104656 0.06805109 0.006351053 0.03114718 0.07441687 -0.004411399 0.03013819 0.07356691 -0.008543074 0.02723914 0.07355767 -0.01488113 0.02218449 0.06806325 -0.02088439 0.0212934 0.0744878 -0.02209216 0.006567418 0.06802815 -0.02926772 0.006345748 0.06291377 0.03079986 0.01026833 0.05988144 0.02787172 0.01185554 0.06680542 0.030339 0.01599717 0.0629788 0.02690738 0.02125889 0.06194901 0.02197009 0.02157914 0.06698918 0.02402126 0.0256372 0.0609318 0.01522654 0.02855753 0.06384927 0.01170343 0.02779436 0.05975246 0.006844341 0.03008079 0.06393933 0.005929291 0.0282036 0.05973225 -0.001269578 0.03038966 0.06395387 6.44093e-4 0.02863824 0.06223386 -0.006468296 0.03103756 0.06715124 -0.002779483 0.02636212 0.06198269 -0.01194268 0.02799582 0.06628561 -0.01231241 0.02251261 0.06289315 -0.01854079 0.02130609 0.05947464 -0.01702278 0.01513141 0.06077361 -0.02336877 0.01769334 0.06694364 -0.02438163 0.01226443 0.06182956 -0.02541756 0.01162284 0.06675571 -0.02756452 0.007640898 0.0621798 -0.02725404 0.00722301 0.05713182 0.02660113 0.01523602 0.05737125 0.02319997 0.02097809 0.05738782 0.01764965 0.02437961 0.05715036 0.01101523 0.02618473 0.05714541 0.003419578 0.02531105 0.05715399 -0.005616068 0.02381408 0.05728507 -0.01026451 0.01643502 0.05714321 -0.01912301 0.00736618 0.05738848 -0.02410358 4.93228e-4 0.0538116 0.02429676 0.006136 0.05119866 0.0230568 0.005439281 0.05439114 0.02397501 0.004211962 0.05587697 0.02530127 0.01101595 0.05460441 0.0219525 0.01173031 0.05127006 0.02062946 0.01075172 0.05615663 0.02362459 0.01519244 0.05284363 0.0182237 0.01680827 0.05113446 0.01634985 0.01532447 0.05494165 0.01923698 0.01916325 0.05357742 0.01385855 0.01771384 0.05581444 0.01795846 0.02026379 0.05114281 0.01124 0.02161103 0.05080235 0.007953763 0.02220726 0.05406832 0.007736265 0.0205729 0.05590707 0.01426321 0.02269315 0.05585712 0.009931981 0.02234405 0.05128759 0.004226148 0.02310961 0.05420368 0.001697599 0.02409571 0.05591171 0.004619479 0.02261215 0.05350267 -0.001597166 0.02203971 0.05080211 -0.00363481 0.02465707 0.05618226 0.001206636 0.0215646 0.05404353 -0.006707429 0.0235486 0.05587464 -0.004406034 0.02013999 0.05116897 -0.008700728 0.02169156 0.05572116 -0.009040057 0.01910668 0.0535857 -0.01105028 0.01579701 0.05078512 -0.01472103 0.01624882 0.05363768 -0.01463103 0.01901012 0.05581778 -0.01361966 0.01223045 0.0512551 -0.0175268 0.01574367 0.05599766 -0.01723599 0.01358997 0.05461257 -0.01747965 0.01042014 0.054407 -0.0192849 0.007650256 0.05324745 -0.0199905 0.01121276 0.05611187 -0.02041572 0.005219042 0.05110317 -0.02047681 0.005169212 0.05450391 -0.02128088 0.006826698 0.05608743 -0.02213728 0.002263009 0.05609661 -0.02295863 0.004887342 0.04569345 0.02596735 0.003931879 0.04812198 0.0244798 0.008708536 0.04812449 0.02316397 0.01088136 0.0457077 0.02400928 0.01332288 0.04812252 0.02066069 0.01618927 0.04566681 0.02056699 0.01765298 0.04814368 0.01684033 0.02017158 0.04570251 0.01624435 0.02095025 0.04846137 0.01164239 0.0248636 0.04323393 0.01254236 0.02268737 0.04656451 0.01017677 0.02472704 0.04565918 0.005611658 0.02421396 0.04666805 0.003227412 0.0229541 0.04901778 0.0043298 0.02294641 0.04816424 -0.003424286 0.02464073 0.0456677 -0.003207862 0.02319633 0.04569393 -0.008036673 0.02055001 0.04809898 -0.009892225 0.02009075 0.04570847 -0.01357299 0.01723515 0.04811424 -0.01442998 0.01606661 0.04572629 -0.0177645 0.01254594 0.0481708 -0.01839572 0.01362234 0.04266065 -0.02275788 0.009585499 0.04554879 -0.02191674 0.007046341 0.04811728 -0.02091497 0.006153464 0.04577869 -0.02282905 0.007573425 0.03563636 0.03199899 0.01058477 0.03016477 0.03262841 0.0107063 0.04032719 0.0287134 0.0155459 0.03451895 0.02925944 0.02091813 0.03414261 0.0256412 0.0183115 0.04063683 0.02401632 0.02582764 0.03416782 0.02035397 0.02364641 0.03988879 0.01915669 0.0292375 0.02997624 0.0167765 0.02868032 0.03702211 0.01302009 0.03187495 0.03226017 0.007737517 0.03045117 0.03717511 0.006600379 0.03185427 0.03458786 -7.37671e-4 0.03054982 0.03404867 -0.008473277 0.02900451 0.04013133 -0.003599107 0.0280348 0.03012305 -0.01593428 0.02588653 0.04042792 -0.01215255 0.02550941 0.03690427 -0.01618826 0.02277803 0.03430801 -0.02098709 0.01854407 0.03375339 -0.02482086 0.02054893 0.04039126 -0.01934885 0.01459556 0.03871649 -0.02495878 0.0118013 0.03406679 -0.02841836 0.006799042 0.03560805 -0.02933639 0.005623281 0.0404846 -0.02725422 0.02815711 0.04175633 0.005234718 -0.01575362 0 -0.02807933 -0.02716416 0 -0.01811772 -0.0323143 0 -0.006550788 -0.03308463 0 0.006673097 -0.0279814 0 0.01948434 -0.02198213 0 0.02632075 -0.01348423 0 0.03194391 0.006119251 0 -0.02486741 0.01525145 0 -0.02046781 0.02207446 0 -0.01298278 0.02561604 0 -0.001486539 0.02363568 0 0.009741902 0.008726119 0 0.02397483 0.01742953 0 0.01878458 0.008368849 0.01269996 -0.02425599 0.01701426 0.01269996 -0.01898181 0.02220541 0.01269996 -0.01258802 0.02502399 0.01269996 -0.004857599 0.02526575 0.01269996 0.00380814 0.02266591 0.01269996 0.0116201 0.01740825 0.01269996 0.01876175 0.009893774 0.01269996 0.02347087</float_array>
          <technique_common>
            <accessor source="#Part__Feature_023-mesh-positions-array" count="944" stride="3">
              <param name="X" type="float"/>
              <param name="Y" type="float"/>
              <param name="Z" type="float"/>
            </accessor>
          </technique_common>
        </source>
        <source id="Part__Feature_023-mesh-normals">
          <float_array id="Part__Feature_023-mesh-normals-array" count="5520">-0.02997612 0.2079979 -0.9776699 -0.1618916 0.2384617 -0.9575631 -0.172572 0.4072937 -0.8968449 -0.137085 0.4566708 -0.8790106 -0.3686892 0.397331 -0.840355 -0.5545365 0.2711082 -0.786759 -0.4190421 0.4387459 -0.7949249 -0.645251 0.3077651 -0.6992366 -0.7218617 0.2577715 -0.642238 -0.7647022 0.2899114 -0.5754843 -0.7590452 0.3923151 -0.5195571 -0.8085157 0.4383304 -0.3926434 -0.8516785 0.3923966 -0.347374 -0.944801 0.2877058 -0.1567685 -0.95272 0.2869237 -0.09999734 -0.8841549 0.403333 -0.2357807 -0.9107931 0.4119606 -0.02728533 -0.904905 0.4064119 0.126398 -0.8859917 0.4348476 0.1610164 -0.8732611 0.3799322 0.3050681 -0.8171803 0.2830932 0.5020703 -0.820559 0.4184376 0.3893497 -0.7198286 0.3390477 0.6057173 -0.6651017 0.4293639 0.6109718 -0.5448341 0.3931682 0.7406582 -0.498553 0.423879 0.7561559 -0.3863201 0.3867564 0.8373628 -0.3392308 0.4142808 0.8445674 -0.1744619 0.3896577 0.9042843 -0.1588929 0.2229948 0.961783 -0.1283805 0.4487397 0.8843932 -0.2132787 0.1746481 -0.9612546 -0.3900584 0.2163769 -0.8950059 -0.4731293 0.1558526 -0.8670979 -0.532135 0.2064183 -0.8211115 -0.1722266 0.5965447 -0.7838829 -0.2780658 0.6334081 -0.7221313 -0.3209728 0.6141795 -0.7209439 -0.4249885 0.489097 -0.7616882 -0.8660015 0.1588113 -0.4741523 -0.5223159 0.5204728 -0.6754956 -0.9068557 0.204432 -0.3685384 -0.503921 0.6503748 -0.5683981 -0.6022686 0.4696804 -0.6455022 -0.9433398 0.1606259 -0.290361 -0.6591511 0.5011351 -0.5606991 -0.6294999 0.5959607 -0.4985588 -0.9797998 0.1970537 -0.03409272 -0.6626574 0.6307895 -0.40372 -0.7596949 0.5347574 -0.3699976 -0.9778668 0.1761619 0.1128864 -0.9734752 0.1907818 0.1262875 -0.767256 0.6182981 -0.1703698 -0.9271527 0.2009462 0.3162413 -0.9159702 0.1424123 0.3751234 -0.8056998 0.5822282 -0.1088958 -0.8385018 0.5332741 -0.1119537 -0.7796992 0.6248723 -0.04004722 -0.8395229 0.2172986 0.4979785 -0.8045831 0.1196132 0.5816689 -0.7761698 0.6177823 0.1261167 -0.7851098 0.6012752 0.1485627 -0.7080215 0.1957874 0.678508 -0.6640618 0.1648784 0.7292717 -0.7129303 0.6286101 0.310773 -0.5871663 0.2146806 0.7804795 -0.7607073 0.5050662 0.4077166 -0.7146937 0.6007256 0.3582482 -0.5136638 0.1599554 0.8429495 -0.6055186 0.6466478 0.4638899 -0.4090115 0.2209413 0.8853783 -0.6621859 0.4776166 0.5774014 -0.5863137 0.5976803 0.5468223 -0.3198 0.1588262 0.9340783 -0.1664423 0.2102881 0.963367 -0.4714689 0.6357046 0.6112257 -0.4350768 0.6029183 0.6687285 -0.3272925 0.6264131 0.7074506 -0.2906569 0.6056045 0.7407847 -0.1344299 0.6020311 0.7870751 -0.1486151 0.6166938 0.7730475 -0.1443368 0.3217798 -0.9357482 -0.1894243 0.5373047 0.8218407 -0.09347289 0.3393332 0.9360107 -0.06887888 0.6857308 -0.7245889 -0.05865812 0.5499631 -0.8331266 -0.3075131 0.5453955 -0.7797304 -0.1945346 0.3687495 -0.9089445 -0.3058726 0.5358919 -0.7869321 -0.350719 0.2362444 -0.9061925 -0.4164007 0.3076962 -0.8555312 -0.4673619 0.684566 -0.5594125 -0.5493347 0.4893507 -0.6773236 -0.5834731 0.2111252 -0.78421 -0.4906309 0.5723912 -0.6570006 -0.6297855 0.3179408 -0.70872 -0.6414265 0.6050056 -0.4717419 -0.748352 0.4931784 -0.4435586 -0.6567628 0.6439657 -0.3923913 -0.7751771 0.2789103 -0.5668417 -0.7721273 0.2568432 -0.5812496 -0.7448467 0.5992525 -0.2934278 -0.8349614 0.4958677 -0.2386519 -0.7120364 0.6737003 -0.1978179 -0.8653753 0.3113108 -0.3926974 -0.9018199 0.2419714 -0.3580093 -0.8077022 0.5852191 -0.07166558 -0.8358481 0.5472455 -0.04336571 -0.9307081 0.3431901 -0.1265034 -0.8160784 0.5637748 0.1271779 -0.9587372 0.2718785 -0.08309698 -0.821179 0.554791 0.1336865 -0.939477 0.3212105 0.119192 -0.7734161 0.5439415 0.3255075 -0.9506068 0.2711062 0.1511562 -0.7795259 0.5257061 0.3405471 -0.8778364 0.3349706 0.342342 -0.6569889 0.5780358 0.4839837 -0.8796446 0.3040363 0.3657695 -0.6604977 0.5547623 0.5059464 -0.7837884 0.2978163 0.5449599 -0.7775527 0.2634907 0.5709506 -0.532709 0.5791945 0.6170533 -0.5247189 0.51489 0.6779074 -0.6555171 0.3222767 0.6829605 -0.6303668 0.2702339 0.7277441 -0.3665613 0.5828352 0.7252145 -0.3508532 0.5446338 0.7617586 -0.4813667 0.3350185 0.8099685 -0.4323456 0.257443 0.8641761 -0.1635831 0.5725045 0.8034173 -0.2850846 0.3479377 0.8931216 -0.1628119 0.5671978 0.8073282 -0.1863519 0.5349748 0.8240601 -0.2005549 0.2326924 0.951647 0.01210594 -0.8531606 -0.5215079 -0.04345232 -0.8278473 -0.5592683 -0.1436318 -0.5308441 -0.8352093 -0.06989085 -0.8555911 -0.5129124 -0.3272858 -0.1426076 -0.9341022 -0.2593471 -0.2217711 -0.9399771 -0.2803108 -0.6084418 -0.7424449 -0.1976657 -0.8042178 -0.5605017 -0.4748416 -0.2860438 -0.8322888 -0.2044996 -0.8438984 -0.4959994 -0.4245693 -0.5996218 -0.6783766 -0.5366109 -0.2378392 -0.8096181 -0.6342131 -0.06998121 -0.7699848 -0.4320847 -0.7046144 -0.5628688 -0.282049 -0.8570863 -0.431105 -0.6611297 -0.4449848 -0.6040664 -0.7763686 -0.243251 -0.5814471 -0.3507207 -0.8109843 -0.4682943 -0.6145442 -0.5307189 -0.583672 -0.8576216 -0.1576426 -0.4895244 -0.8805435 -0.2472908 -0.4043397 -0.357236 -0.8667246 -0.3480965 -0.5180034 -0.7736524 -0.3648762 -0.6824668 -0.6121557 -0.3993802 -0.4615563 -0.8541017 -0.2397421 -0.9674685 -0.09246647 -0.2354882 -0.7524982 -0.532526 -0.3875083 -0.7771062 -0.5807854 -0.2424755 -0.9636271 -0.233686 -0.1296674 -0.8182569 -0.530638 -0.2210857 -0.5386618 -0.8269315 -0.1613319 -0.5903257 -0.7916203 -0.1576485 -0.9994227 -0.01696091 0.02943998 -0.9838863 -0.1526567 0.09307974 -0.8909094 -0.4537746 -0.01921445 -0.8638522 -0.5037435 -0.001419126 -0.5127265 -0.8584976 0.009666323 -0.9778953 -0.03917282 0.2053934 -0.934355 -0.2639993 0.2393434 -0.7721936 -0.6273654 0.1006465 -0.9041561 -0.1735415 0.3903656 -0.902269 -0.1548768 0.4023978 -0.8338817 -0.4780266 0.2759205 -0.5605278 -0.8169726 0.1355161 -0.4971542 -0.8532518 0.1574774 -0.7963865 -0.2409811 0.5547041 -0.7729304 -0.1921424 0.6046984 -0.7047238 -0.5947759 0.3867893 -0.7255263 -0.5048839 0.4676581 -0.6708694 -0.2493995 0.6983797 -0.5079069 -0.7945308 0.3327934 -0.6064765 -0.6372979 0.4754343 -0.463562 -0.8265947 0.3191418 -0.6188562 -0.1599221 0.7690527 -0.5096738 -0.2351053 0.8276221 -0.5550884 -0.5050491 0.6609104 -0.3941151 -0.09172046 0.9144729 -0.3144373 -0.8647701 0.3915378 -0.3267747 -0.5883497 0.739637 -0.3499662 -0.7495111 0.5619225 -0.4079737 -0.4485495 0.7952113 -0.3259988 -0.1573162 0.9321891 -0.2308567 -0.8435091 0.4849719 -0.2697347 -0.07485449 0.9600209 -0.1724367 -0.5097097 0.842889 -0.0541138 -0.147764 0.9875412 -0.08958315 -0.8309581 0.549075 -0.07977074 -0.8037002 0.5896631 -0.02147078 -0.1024009 -0.9945115 -0.07662194 -0.2015724 -0.9764721 -0.07563024 -0.6064448 -0.7915205 -0.5789836 -0.630964 -0.5163938 -0.7008464 -0.7113979 -0.05222392 -0.5769259 -0.7952847 0.1862229 -0.06450378 -0.162182 0.9846503 -0.05816042 -0.5939579 0.8023912 -0.2754494 -0.6155381 -0.7384041 -0.4677688 -0.6290473 0.62088 -0.1774225 -0.5190771 0.8361102 -0.09632414 -0.6196107 -0.7789765 -0.1509632 -0.3554486 -0.9224242 -0.2257261 -0.4671272 -0.8548918 -0.3940609 -0.3239598 -0.8600966 -0.4643324 -0.3674156 -0.8058543 -0.5943956 -0.2574547 -0.7618471 -0.6599774 -0.4097181 -0.6297309 -0.6664851 -0.3679859 -0.6483703 -0.7385498 -0.4863377 -0.466926 -0.8220403 -0.4659075 -0.3273838 -0.8141171 -0.4127367 -0.408487 -0.8815035 -0.4160055 -0.2233631 -0.8663402 -0.4852747 -0.1181653 -0.9221763 -0.3858469 -0.02670472 -0.8440793 -0.5054839 0.1789306 -0.9483018 -0.2403641 0.2072412 -0.9048907 -0.3442946 0.2502682 -0.7719599 -0.4703398 0.4276194 -0.8611929 -0.3180412 0.3964802 -0.6793828 -0.4349802 0.590958 -0.6741355 -0.4978815 0.545578 -0.576012 -0.3985742 0.7136868 -0.4441291 -0.467672 0.7642201 -0.4166691 -0.4187392 0.8068733 -0.2191151 -0.4694321 0.8553491 -0.0966196 -0.0920701 0.9910539 -0.2090268 -0.5828117 -0.7852634 -0.05722135 -0.3200796 -0.9456611 -0.2473469 -0.6382014 -0.7290531 -0.263758 -0.2103722 -0.9413688 -0.4577655 -0.5431393 -0.7038825 -0.4879299 -0.5749573 -0.6567713 -0.3728892 -0.2543437 -0.8923357 -0.5734381 -0.5341291 -0.6211883 -0.6193526 -0.6577551 -0.428673 -0.6084263 -0.105237 -0.786602 -0.6564068 -0.6247595 -0.4228543 -0.7390207 -0.6097693 -0.2864086 -0.7136675 -0.667019 -0.2139263 -0.8107193 -0.1519995 -0.5653587 -0.8228839 -0.5571672 -0.111476 -0.861508 -0.2699096 -0.4300616 -0.8973839 -0.2195251 -0.3827675 -0.7356345 -0.6767756 0.02857822 -0.9319051 -0.2671008 -0.2453774 -0.8114632 -0.5551224 0.1826651 -0.7830508 -0.6021485 0.1557196 -0.9567686 -0.2089315 -0.2023406 -0.9733842 -0.2284503 -0.01826828 -0.9654083 -0.2581467 -0.03670632 -0.7428444 -0.5579657 0.3699413 -0.5850741 -0.7122974 0.3877122 -0.6115003 -0.5685595 0.5502794 -0.8655521 -0.2424022 0.4382476 -0.3955288 -0.6678813 0.6304693 -0.7566785 -0.2345079 0.6102817 -0.7423342 -0.1801327 0.645362 -0.3961271 -0.6288776 0.6690265 -0.6182714 -0.2716735 0.7375189 -0.1874911 -0.5229432 0.8314911 -0.5136302 -0.1538227 0.8441106 -0.431356 -0.2634942 0.8628458 -0.1181419 -0.572911 0.8110583 -0.1043016 -0.6066711 0.7880809 -0.3113029 -0.1857844 0.9319735 -0.2052143 -0.2831669 0.9368584 -0.1123301 -0.2244212 0.9679965 0.03550785 -0.4918481 -0.8699566 -0.06537526 -0.3436154 -0.9368322 0.009865045 0.4401147 0.8978875 -0.08384931 -0.06692302 -0.9942287 -0.06216371 0.05596709 -0.9964956 -0.03467214 0.4208553 -0.906465 -0.09589552 0.4447147 -0.890524 -0.4644706 0.2853335 -0.8383626 -0.5027347 0.2518397 -0.8269429 -0.462562 0.4252023 -0.7779715 -0.6020228 0.3332424 -0.7256157 -0.4242594 0.4458597 -0.7881708 -0.7652117 0.2536711 -0.5916944 -0.7671664 0.2684555 -0.5825697 -0.5883021 0.4175832 -0.6924774 -0.6850132 0.4419606 -0.5791612 -0.8502925 0.3585529 -0.3852826 -0.7200701 0.4240327 -0.5492681 -0.9370982 0.2371702 -0.2561199 -0.8170904 0.4305319 -0.3834131 -0.8189402 0.4366691 -0.372367 -0.9275675 0.3462261 -0.140521 -0.9556894 0.2699681 0.1173672 -0.949011 0.2993338 0.09888046 -0.8862717 0.4584235 -0.06611013 -0.8939386 0.4300562 -0.1261962 -0.8985256 0.3899986 0.2013779 -0.8943743 0.300154 0.3316662 -0.8873078 0.4479276 0.1097529 -0.8311396 0.4150982 0.3700006 -0.8370459 0.4005503 0.3727111 -0.7968641 0.4420754 0.4117974 -0.7422441 0.2640889 0.6158984 -0.7196882 0.2859419 0.6326817 -0.6843034 0.4188253 0.5969207 -0.5944685 0.2620192 0.7602324 -0.6346707 0.4445568 0.6321095 -0.4964537 0.3558399 0.7917777 -0.4787505 0.4229592 0.7693527 -0.4282349 0.445167 0.7864103 -0.1752489 0.4462804 0.8775658 -0.03388696 0.4257935 0.9041857 -0.06743514 -0.08119785 -0.9944142 -0.2315863 -0.07233935 -0.970121 -0.05104517 0.3133901 -0.9482517 -0.2897976 0.004069209 -0.9570794 -0.2114775 0.1652893 -0.9633052 -0.275658 0.3019675 -0.9125944 -0.2096737 0.2444453 -0.9467225 -0.3726845 -0.00558263 -0.9279414 -0.4367547 -0.05674844 -0.897789 -0.512418 0.2170342 -0.8308574 -0.5458551 -0.03917497 -0.8369634 -0.5577366 0.1432787 -0.817558 -0.2820292 0.4251217 -0.8600763 -0.2685514 0.4315626 -0.8611816 -0.7203952 0.113259 -0.6842538 -0.7337067 -0.0214616 -0.6791274 -0.7629104 0.2642644 -0.5900272 -0.8114588 -0.09909355 -0.5759473 -0.9062641 0.03288108 -0.4214311 -0.9063001 0.03171879 -0.421443 -0.9282383 -0.0376085 -0.3700801 -0.9719958 -0.0804075 -0.2208145 -0.9249941 0.2836305 -0.2528629 -0.9993246 0.03515726 -0.0106883 -0.9971908 -0.04425895 -0.06042945 -0.9972065 0.04408979 -0.06029415 -0.9664381 0.2364886 0.1003523 -0.9711701 -0.04460841 0.2341768 -0.9650091 0.09122937 0.2458346 -0.9685115 -0.03215932 0.2468836 -0.9079416 -0.07075279 0.4130811 -0.9102607 0.2088796 0.3574838 -0.8711494 0.006417512 0.490976 -0.864099 0.1278405 0.486816 -0.762101 0.223879 0.6075198 -0.7493903 -0.04555654 0.6605595 -0.7307468 -0.07365423 0.6786636 -0.5583779 0.09648466 0.8239569 -0.5727195 0.009266376 0.819699 -0.5212984 -0.06075954 0.8512087 -0.3120941 -0.0314691 0.9495299 -0.3161823 -0.03655999 0.9479938 -0.1388106 -0.04498428 0.9892968 -0.3252452 0.2002496 0.9241839 -0.2990915 0.2547815 0.9195818 -0.2868679 0.2632576 0.9210876 -0.1033333 0.245773 0.9638039 -0.07710736 0.146234 0.9862404 -0.05475682 0.2877802 0.9561299 -0.2774596 0.41431 0.8668123 -0.1887482 -0.1388888 -0.9721543 -0.1054929 -0.07387673 -0.991672 -0.3085538 -0.128906 -0.9424319 -0.09366869 -0.4627959 -0.8815022 -0.1806657 -0.6317406 -0.7538327 -0.04960155 -0.682209 -0.7294729 -0.5185617 -0.1126636 -0.8475852 -0.4960927 -0.09759801 -0.862767 -0.7483012 -0.1290783 -0.6506798 -0.710247 -0.1027305 -0.6964164 -0.3484224 -0.7995146 -0.4892631 -0.8232356 -0.1044046 -0.558017 -0.9031312 -0.1323107 -0.4084704 -0.9312044 -0.1076261 -0.3482456 -0.4555228 -0.6631656 -0.5938943 -0.9866734 -0.09417867 -0.1326873 -0.505476 -0.6452603 -0.5728293 -0.9790312 -0.1161999 -0.1673188 -0.730796 -0.3913909 -0.5592409 -0.8793922 -0.3789377 -0.2882285 -0.5956338 -0.6685478 -0.4452689 -0.595562 -0.669703 -0.4436259 -0.9914309 -0.1298676 -0.01411885 -0.6760581 -0.6463582 -0.353789 -0.9894989 -0.09547674 0.1085177 -0.96898 -0.1226341 0.2145662 -0.8218029 -0.5594282 -0.1080747 -0.7008758 -0.6769475 -0.2247561 -0.6966515 -0.6837011 -0.2173237 -0.9338183 -0.09869605 0.3438642 -0.922995 -0.3827179 0.0400896 -0.8781975 -0.1334182 0.4593134 -0.8425802 -0.1025295 0.5287214 -0.8356188 -0.5155429 0.1896227 -0.7651123 -0.6418222 -0.05165016 -0.732442 -0.6802716 0.02755403 -0.7475901 -0.6619139 0.05458182 -0.8825104 -0.3558863 0.3074417 -0.7096822 -0.111222 0.6956874 -0.7056726 -0.1140626 0.6992967 -0.7087596 -0.6634803 0.2396954 -0.7008695 -0.6769432 0.2247886 -0.7196522 -0.462849 0.5175632 -0.4957745 -0.1014547 0.8625048 -0.4727751 -0.1178138 0.8732719 -0.6760566 -0.6463606 0.3537874 -0.5956326 -0.6685482 0.4452699 -0.5955613 -0.6697046 0.4436243 -0.3484274 -0.799498 0.4892865 -0.4555265 -0.6631603 0.5938972 -0.5054766 -0.64526 0.5728288 -0.1899881 -0.1072169 0.9759145 -0.1950592 -0.1098551 0.9746199 -0.1959613 -0.6077626 0.7695609 -0.08525532 -0.4265935 0.9004163 -0.05066025 -0.6459335 0.761711 -0.169226 -0.2424424 -0.9552928 -0.1820138 -0.2618147 -0.9477996 -0.1455968 -0.6283861 -0.7641547 -0.06144851 -0.6857342 -0.7252537 -0.2755374 -0.6182444 -0.7361066 -0.1753905 -0.6397746 -0.7482826 -0.4704881 -0.2911349 -0.8329955 -0.4944804 -0.2620088 -0.8287585 -0.3662708 -0.6612225 -0.654699 -0.7249999 -0.3643968 -0.584457 -0.6829242 -0.301222 -0.6654924 -0.4229459 -0.6414925 -0.6400033 -0.8269034 -0.2335921 -0.5115327 -0.8888238 -0.2481583 -0.3852397 -0.734608 -0.3528359 -0.5795325 -0.9370265 -0.3110786 -0.1587812 -0.9764 -0.2061229 -0.06447076 -0.8809451 -0.3758054 -0.2875866 -0.9520474 -0.2873496 0.1050534 -0.9612025 -0.167147 0.2194351 -0.8892683 -0.3173288 0.3294 -0.8130586 -0.2861478 0.5070061 -0.8071174 -0.2448965 0.5372033 -0.6829258 -0.301222 0.6654906 -0.7249943 -0.3643878 0.5844697 -0.73461 -0.3528171 0.5795416 -0.4944789 -0.2620087 0.8287594 -0.4704916 -0.2911354 0.8329933 -0.4126407 -0.6343716 0.6536822 -0.366737 -0.6531534 0.6624912 -0.1820123 -0.2618141 0.9478001 -0.1848366 -0.2660925 0.9460604 -0.1753922 -0.639775 0.7482818 -0.2713175 -0.6193004 0.7367861 -0.148567 -0.6295533 0.7626209 -0.08575403 -0.6745516 0.7332301 -0.1493983 -0.6872962 0.7108474 -0.09200865 0.9514021 -0.2938853 -0.328086 -0.4703906 -0.8192023 -0.08046114 -0.1533856 -0.9848853 -0.157203 -0.424741 -0.8915618 -0.259419 -0.05156546 -0.9643873 -0.3131601 -0.08875149 -0.9455443 -0.4574049 -0.2481758 -0.853926 -0.397101 0.1469915 -0.9059274 -0.4544553 0.0230835 -0.8904705 -0.4970453 -0.377627 -0.781245 -0.5563651 0.3851644 -0.7362786 -0.6088796 -0.1623668 -0.7764682 -0.6485882 -0.2926844 -0.702616 -0.7094506 -0.2043555 -0.6744767 -0.7137242 -0.4390216 -0.5457636 0.4801145 0.8499841 0.2168344 -0.8242396 -0.1993582 -0.5299864 -0.8675532 -0.1723333 -0.4665326 -0.8716957 -0.2185699 -0.4386046 -0.8587866 -0.4373068 -0.266924 -0.9130762 -0.1710565 -0.3701779 -0.9586051 -0.2162144 -0.1852774 -0.9501091 -0.2985752 -0.09025293 -0.9893685 -0.1387154 -0.04368102 -0.9864179 -0.1592333 0.04030567 -0.9429925 -0.3207297 0.08886975 -0.9629513 -0.1884513 0.192902 -0.6177068 0.7754924 0.1305753 -0.8809105 -0.3837965 0.2769423 -0.9107018 -0.2338697 0.3404812 -0.8831434 -0.1557372 0.4424973 0.3462786 0.9187645 -0.1896392 -0.8829427 -0.1681069 0.4383518 -0.8255676 -0.1806175 0.5346173 -0.6737614 -0.5342045 0.5105596 -0.8047072 0.05466729 0.5911497 -0.7108445 -0.20417 0.6730638 -0.7397207 -0.04289251 0.6715457 -0.6478686 -0.2956517 0.7020373 -0.6082511 -0.1638125 0.7766571 -0.4916726 -0.3862521 0.7804276 -0.398548 0.7346172 0.5490875 -0.4551244 -0.1738025 0.8733009 -0.3707275 -0.1999555 0.9069615 -0.3227366 0.01228111 0.9464091 -0.2301851 -0.09726089 0.9682744 -0.1241088 0.1133939 0.9857682 -0.06232076 -0.1427858 0.9877896 -0.02204471 -0.4629251 -0.8861232 -0.04455173 -0.493408 -0.8686563 -0.02836281 -0.2640287 -0.9640978 -0.2086958 -0.4325837 -0.8771074 -0.3338681 -0.4829074 -0.8095263 -0.1999074 -0.2464811 -0.9483059 -0.376958 -0.3140667 -0.8713581 -0.2979397 -0.2466559 -0.9221675 -0.1398764 -0.4893198 0.860814 -0.193377 -0.4416918 0.8760786 -0.3785114 -0.3003538 0.8755094 -0.05701029 0.8832352 -0.465452 -0.004608452 0.9756458 -0.2193038 -0.1923624 -0.2326043 0.9533584 -0.2612497 -0.2328456 0.9367665 -2.86714e-4 0.9980397 -0.06258332 -0.1326854 0.9032865 -0.4080052 -0.09135264 0.969271 -0.2284042 -0.09133994 0.9692544 -0.2284798 -0.09133976 0.9692479 -0.2285073 -0.147126 0.9401212 -0.307451 -0.1453927 0.9080509 0.3928163 -0.04183226 0.8770329 0.4786058 -0.1257712 0.9106917 0.3934748 -0.05848181 0.9626805 0.2642468 -0.1537502 -0.2172502 -0.9639312 -0.3544779 -0.4615891 -0.8131918 -0.5255172 -0.4215976 -0.7389771 -0.1639195 -0.1348016 -0.9772201 -0.5911794 -0.3026498 -0.7476028 -0.603567 -0.5614212 -0.5661389 -0.4993962 -0.2126359 -0.8398748 -0.6962408 -0.439732 -0.5673487 -0.4112761 -0.1236866 -0.9030801 -0.02236789 0.06381487 -0.9977111 -0.5644835 -0.2128685 -0.7975246 -0.09345567 0.09241735 -0.9913249 -0.8191071 -0.4217626 -0.3888185 -0.3973989 -0.02536094 -0.9172955 -0.8128535 -0.5219803 -0.2584684 -0.883225 -0.4115885 0.2247412 -0.7821696 -0.4816448 0.3952584 -0.3047547 0.3721513 -0.8767144 -0.7829831 -0.4576925 0.4212542 -0.6673268 -0.4546849 0.5898616 -0.6930363 -0.3419603 0.6346368 -0.6069158 -0.5269472 0.5949622 -0.5894106 -0.3133643 0.7445791 -0.515102 -0.433401 0.7394819 -0.3842861 -0.4826287 0.7870157 -0.357749 -0.4439992 0.8215111 -0.2778286 0.545054 -0.7910293 -0.2254698 0.5813428 -0.7817954 -0.01650935 0.728573 -0.6847693 -0.1357089 0.7670814 -0.6270321 -0.5561275 -0.2136963 0.8031539 -0.4912717 -0.2114356 0.844954 -0.7577733 0.4425076 -0.4795485 -0.798518 0.3997418 -0.4500841 -0.8553223 0.3840869 -0.3477088 -0.8548071 0.467322 -0.2256435 -0.4851468 0.6763756 -0.5542101 -0.4176025 -0.09837335 0.903289 -0.186976 -0.228924 0.9553187 -0.6776083 0.1800265 0.7130481 -0.8517741 0.4392739 0.285516 -0.157796 -0.1379728 0.9777852 -0.0188353 -0.04650378 0.9987406 -0.3498879 0.907742 -0.23148 -0.1352527 0.07194995 0.9881953 -0.1318851 0.9830631 -0.1272529 -0.05333375 0.9979004 -0.03674972 -0.4862355 0.4493748 0.7494247 -0.2747892 0.9543203 -0.1173195 -0.05344635 0.9984936 -0.01240944 -0.4468608 0.6888089 0.5708397 -0.2709966 0.5080997 0.8175547 -0.2925836 0.9562149 0.006937563 -0.2355229 0.9693233 0.07029438 -0.3542793 0.9163158 0.1866861 -0.1709192 0.5843712 0.7932825 -0.2348765 0.9629318 0.1326478 0.002334296 0.7462805 0.6656275 -0.07450127 0.817905 0.5705096 -0.1037392 0.9784155 0.1787215 -0.01889145 0.9974007 0.06953537 -0.3236086 0.01974564 -0.945985 -0.2672004 0.005275428 -0.9636266 -0.7140583 -0.3452322 -0.6090447 -0.8327125 -0.5476281 0.08181357 -0.224439 0.285957 -0.9315878 -0.2005282 0.2835858 -0.937746 -0.1130241 0.333354 -0.9360026 -0.5572742 0.1603027 -0.8147078 -0.02526772 0.4900709 -0.8713164 -0.9704982 -0.2385601 0.03496348 -0.9235787 -0.3122243 0.2225273 -0.1640138 0.5803241 -0.7976989 -0.9594144 -0.1190201 -0.2556526 -0.9910491 -0.08762681 -0.1007134 -0.9905365 -0.1356682 0.02077406 -0.7332445 0.144524 -0.6644286 -0.817824 -0.3410502 0.4635179 -0.7206571 -0.3102645 0.6199914 -0.8367268 0.1746982 -0.5190076 -0.7448664 0.1651516 -0.6464512 -0.6758364 0.3427162 -0.6525264 -0.9701614 -0.08472561 0.2271749 -0.9924133 -0.08931756 0.08448928 -0.7007323 0.4344905 -0.5658555 -0.9826792 0.1534944 -0.103833 -0.495698 0.5349995 -0.6841485 -0.7561506 -0.155978 0.635537 -0.2194902 0.7380482 -0.6380509 -0.2996442 0.7661677 -0.5685071 -0.9888685 0.1207845 0.08689218 -0.5149304 0.5550857 -0.6532433 -0.9444316 0.328436 -0.01337587 -0.9217403 0.3568254 0.1518898 -0.8873138 0.4489043 -0.1056372 -0.8855916 0.4442536 -0.1355223 -0.7437407 0.5318694 -0.4049257 -0.5946634 0.7035285 -0.3891312 -0.2978962 0.836826 -0.4593257 -0.8775765 0.1115508 0.4662787 -0.827344 0.1182971 0.5490972 -0.8879584 0.4272064 0.1703665 -0.7678846 0.1808478 0.6145302 -0.7643636 0.28165 0.5800187 -0.8061695 0.3334541 0.4887732 -0.8836523 0.2879491 0.3691125 -0.5174666 0.7188702 -0.4641702 -0.417101 0.003845572 0.9088521 -0.3650241 0.8467189 -0.3870718 -0.8061716 0.5913353 0.02024799 -0.8257451 0.563762 0.0178228 -0.5746568 0.1442832 0.8055755 -0.2346109 0.02179247 0.9718451 -0.7217651 0.6628046 -0.1993626 -0.6288281 0.7427034 -0.2301453 -0.5764927 0.7974736 -0.1780225 -0.7860866 0.5111747 0.3475173 -0.7456143 0.5066605 0.4328446 -0.6252663 0.428209 0.6524409 -0.5689781 0.4257639 0.7035546 -0.7446546 0.6610053 0.09252816 -0.7192699 0.6665683 0.1957999 -0.2653514 0.270976 0.9252896 -0.5029621 0.452812 0.7362 -0.3435001 0.9052767 -0.2499635 -0.5804235 0.6811679 0.4462274 -0.6226418 0.7303988 0.2807757 -0.6834882 0.547411 0.4828925 -0.5053773 0.8419316 0.1890632 -0.5715021 0.8205056 0.01249647 -0.1026376 0.2520077 0.962267 -0.1272909 0.240452 0.9622786 -0.5159782 0.8542923 0.06285995 -0.03676772 0.386886 0.9213942 -0.3307274 0.8970348 0.2931689 -0.5210879 0.706897 0.4782928 -0.3697788 0.8380436 0.4011818 -0.2955505 0.8343041 0.4653889 -0.09384447 0.6160814 0.7820723 -0.2153254 0.5850475 0.7818917 -0.263328 0.7362209 0.6234078 -0.2883973 0.7435944 0.6032366 -0.07021147 0.9973648 0.01826941 -0.9208511 -0.3829593 -0.07331985 -0.9069049 -0.3890098 -0.161848 -0.6204149 -0.1283651 -0.7736975 -0.7944859 -0.205405 -0.5714902 -0.5436467 0.03699558 -0.8384984 -0.728896 0.02564942 -0.6841439 -0.6272189 -0.05836766 -0.7766529 -0.8726441 -0.2749255 -0.4036192 -0.3292281 0.1780511 -0.9273116 -0.8151193 -0.1063027 -0.5694562 -0.930904 -0.223619 -0.2888123 -0.8915615 0.0177384 -0.4525522 -0.507048 0.311945 -0.8034878 -0.5146402 0.227927 -0.8265561 -0.8789889 0.1272187 -0.4595586 -0.5379278 0.3562126 -0.764033 -0.9246556 -0.2131718 0.3155468 -0.9451935 0.1953597 -0.2616174 -0.9561908 0.1743985 -0.2351261 -0.8873749 -0.2083877 0.4112668 -0.8067809 -0.1247912 0.5775222 -0.8757106 -0.1552112 0.4572094 -0.9309121 0.2508844 -0.2654428 -0.9550708 0.03444838 0.2943691 -0.9835323 0.1707872 -0.05912822 -0.9672194 0.1576789 0.1990576 -0.6263389 -0.1197056 0.7703052 -0.6758 -0.100915 0.7301442 -0.942753 0.2382258 0.2333781 -0.8887458 0.2783644 0.3642036 -0.520296 0.04295784 0.8529049 -0.781903 0.5583316 -0.277297 -0.614027 0.1025021 0.782601 -0.3434126 0.05381792 0.9376415 -0.4065018 0.2585608 0.8763005 -0.3234345 0.2399988 0.915309 -0.7946085 -0.2116721 -0.5690276 -0.9535899 -0.05997735 -0.2950748 -0.9149787 0.04068589 0.4014459 0.09933346 -0.03993314 -0.9942526 0.2492216 0.04131668 -0.9675648 0.4773519 -0.02844595 -0.8782517 0.5789769 0.02119332 -0.8150684 0.7269963 -0.02490395 -0.6861897 0.8036054 0.03089696 -0.5943601 0.9353141 -0.02933591 -0.3526003 0.9646351 0.02428305 -0.262468 0.9993337 -0.02868938 0.02256649 0.9913595 0.03976529 0.1250002 0.8827854 -0.04492729 0.4676235 0.8195332 0.0383659 0.571746 0.6301965 -0.02695685 0.7759675 0.5521817 0.01815253 0.8335262 0.3342956 -0.01826512 0.9422913 0.2977179 0.004918754 0.9546413 0.1129518 -0.004049897 0.9935922 0.07562965 0.005018949 0.9971234 0.2697189 0.01023477 0.9628848 0.3759956 6.45567e-4 0.9266213 0.3609174 -0.003160715 0.9325925 0.5434722 0.0117557 0.8393449 0.6450249 -0.005583822 0.7641413 0.677474 0.00391221 0.7355364 0.8309561 0.003921151 0.5563243 0.8290784 0.004808187 0.5591118 0.9156998 0.008336901 0.4017765 0.9521485 -0.01099544 0.3054381 0.9820232 0.01489889 0.1881715 0.9961988 -0.0145924 -0.08587849 0.9997901 0.003423988 -0.02020055 0.9754264 0.01300156 -0.2199416 0.8923638 -0.003840506 -0.4513007 0.8849095 0.001564919 -0.4657605 0.8098233 0.01242589 -0.5865424 0.7197094 -0.005542874 -0.6942533 0.6802071 0.006727218 -0.7329892 0.5507819 0.007333338 -0.834617 0.4659962 -0.008888661 -0.8847422 0.389734 0.009489774 -0.9208787 0.1461537 -0.003626704 -0.9892553 0.1463721 -0.00371325 -0.9892227 0.008715212 0.01320242 -0.9998749 0.0591607 0.02449166 0.997948 0.2274376 -0.02660179 0.9734293 0.3787291 0.02489227 0.9251728 0.4346213 0.07958537 0.89709 0.4997485 0.0268628 0.865754 0.6770258 -0.01389807 0.7358281 0.7191123 0.04111838 0.6936764 0.8465525 -0.01029884 0.5322057 0.894249 0.06516432 0.4428008 0.9525206 -0.02556324 0.3033992 0.9705216 -0.02131658 0.2400696 0.9961768 0.07155591 0.05011451 0.9999061 0.004198193 -0.01304614 0.9799441 6.65495e-4 -0.1992721 0.9441709 0.05282026 -0.3251945 0.9438657 0.05203104 -0.3262063 0.8743879 0.001531779 -0.4852253 0.8124983 0.05536413 -0.5803288 0.7792721 0.02225703 -0.6262904 0.6698389 0.004964113 -0.74249 0.5797981 0.07063007 -0.8116931 0.5315887 0.0229302 -0.8466922 0.4034305 -0.001504778 -0.9150092 0.2864037 0.03109318 -0.9576044 0.2296304 0.07593411 -0.9703113 0.1315453 0.009128332 -0.9912682 0.1212816 -0.01745533 0.9924647 0.1153888 -0.01215791 0.9932461 0.3766677 0.02338606 0.9260532 0.453518 -0.03682464 0.8904861 0.6661619 0.03806942 0.7448349 0.734467 -0.03312349 0.6778357 0.8664786 0.0252189 0.498577 0.9250861 -0.04090452 0.3775482 0.9605607 0.02643448 0.2768112 0.999768 -0.01853811 -0.01097249 0.9979656 0.02331596 -0.05933958 0.9456182 -0.03380429 -0.3235173 0.8964685 0.05906862 -0.439153 0.7761185 -0.050089 -0.6285946 0.6379866 0.03709524 -0.7691535 0.556533 -0.02743774 -0.8303723 0.3384082 0.04580557 -0.939884 0.2060815 -0.06166446 -0.97659 -0.263417 -0.2691747 -0.9263674 -0.1638665 -0.7131827 -0.6815558 0.01100987 -0.873474 -0.4867463 -0.217953 -0.6999123 -0.6801612 -0.6626735 0.0297572 -0.748317 -0.4205405 -0.4539023 -0.7855689 -0.6634798 -0.2396262 -0.7087833 -0.511622 -0.435537 -0.740642 -0.2325131 -0.9474777 -0.219599 -0.1881098 -0.9785825 -0.0836119 -0.4524431 -0.8157884 -0.3602566 -0.6545786 -0.5657399 -0.5014632 -0.4559386 -0.8142179 -0.3594012 -0.9255362 -0.1178405 -0.3598564 -0.2626633 -0.8869102 0.3799982 -0.3947239 -0.9068355 0.1477919 -0.8581635 -0.2991269 -0.4172272 -0.2736129 -0.8583909 0.4339369 -0.1019327 -0.6953277 0.7114276 -0.9095338 -0.2140796 -0.356256 -0.7738983 -0.489091 -0.4023326 -0.0525555 -0.6959631 0.7161518 -0.4891587 -0.8622719 0.131191 -0.656453 -0.7506263 -0.07503163 -0.7197234 -0.6910064 -0.06714588 -0.7977172 -0.5603714 -0.2227808 -0.9374991 -0.319757 -0.1372985 -0.3213971 -0.517205 0.7932232 -0.5251442 -0.6565428 0.5414566 -0.2240591 -0.3405153 0.9131523 -0.06048589 0.08834046 0.9942522 -0.6727783 -0.6397823 0.3715482 -0.4633659 -0.5127213 0.7227786 -0.06569665 0.2110432 0.9752666 -0.8137198 -0.55808 0.1625015 -0.7588257 -0.5653256 0.3234049 -0.2812117 -0.07165741 0.9569668 -0.06146132 0.6316118 0.7728448 -0.663524 -0.2558025 0.7030655 -0.9546658 -0.293103 0.05199962 -0.5615126 0.006765067 0.8274406 -0.3499198 0.4494571 0.8219152 -0.5776816 -0.007063806 0.8162318 -0.831449 -0.2889424 0.4745577 -0.8314709 -0.2889185 0.474534 -0.8314943 -0.2888879 0.4745115 -0.2465079 0.5933179 0.766295 -0.8189137 -0.2656799 0.5087187 -0.5048152 0.3686577 0.7805467 -0.3832312 0.8073031 0.4487714 -0.08763748 0.9877917 0.1287919 -0.08927077 0.9285182 0.3603953 -0.9741472 -0.1931648 0.1171526 -0.9714558 -0.1655569 0.1698964 -0.03175276 0.9777006 -0.2075897 -0.03176522 0.9777002 -0.2075898 -0.03164321 0.9777 -0.2076092 -0.8385964 0.2019972 0.5059182 -0.6779569 0.4261389 0.5989825 -0.4759383 0.7889934 0.3885515 -0.4415066 0.8952512 0.05997753 -0.4751756 0.8755163 0.087632 -0.6728084 0.6119717 0.4157156 -0.8893088 0.1512072 0.4315859 -0.8852528 0.1626055 0.4357603 -0.198341 0.8372894 -0.509517 -0.2605367 0.9014172 -0.3457856 -0.3553991 0.8831024 -0.3063035 -0.7664638 0.5791093 0.2777874 -0.1475185 0.5421926 -0.8272035 -0.9735283 0.01957011 0.2277274 -0.3223289 0.6331124 -0.7037563 -0.3058608 0.5825702 -0.7530347 -0.05899518 0.2542728 -0.9653316 -0.7922261 0.6097432 -0.02431088 -0.9096384 0.3506088 0.2227817 -0.7397502 0.6695073 -0.0673024 -0.9398666 0.3253211 0.1040052 -0.6097815 0.679535 -0.4079201 -0.607779 0.6811256 -0.4082558 -0.6077966 0.6811048 -0.4082642 -0.6077213 0.6811844 -0.4082435 -0.8339212 0.5464091 -0.07754063 -0.4866471 0.4142481 -0.769138 -0.3893395 0.08104932 -0.9175216 -0.9796495 0.1978386 0.03386592 -0.7265708 0.3835542 -0.5700712 -0.4491459 0.1040878 -0.8873747 -0.7229802 0.3886853 -0.5711598 -0.6664239 0.02347743 -0.7452034 -0.9118424 0.2943378 -0.2861975 -0.9857038 0.1412177 -0.09189939 -0.8725416 0.271923 -0.4058682 -0.8924979 0.01110243 -0.4509151 -0.9914754 0.06273907 -0.1141954 0.01597702 0.999827 0.009516954 -0.0473991 0.9988757 -8.96737e-4 0.9680251 -0.07552421 -0.2392144 0.8348607 -0.09163188 -0.5427811 0.9397034 -0.1601687 -0.3021652 0.9065606 -0.3270272 -0.2668356 0.7136672 -0.1922034 -0.6736001 0.6342935 -0.1426165 -0.7598238 0.6981094 -0.4300277 -0.572468 0.8377935 -0.4520608 -0.3061754 0.736412 -0.5018143 -0.4537398 0.9916669 -0.1158236 0.0564078 0.9916623 -0.1158806 0.05637133 0.9916664 -0.1158296 0.05640345 0.3500238 -0.2350739 -0.9067655 0.4006636 -0.2510621 -0.8811564 0.9514027 -0.284657 0.1174878 0.4476988 -0.533239 -0.7177897 0.7546434 -0.6555697 0.02723193 0.9245895 -0.3358564 0.1798185 0.09872096 -0.3212834 -0.9418234 0.540938 -0.7460229 -0.3883761 0.03021788 -0.2761468 -0.9606404 0.7292733 -0.6831154 0.03890812 0.9171095 -0.3318622 0.2208566 0.3140429 -0.7007595 -0.6405569 0.06893813 -0.6135702 -0.7866252 0.6030415 -0.7968875 -0.0362153 0.3241461 -0.799818 -0.5051936 0.2313073 -0.8635478 -0.4480873 0.6541312 -0.6590154 0.3712292 0.9936774 0.03277844 0.1073812 0.7807089 -0.4400566 0.443671 0.2072327 -0.9736467 -0.09522008 0.4242723 -0.9047023 0.03881627 0.9025607 -0.06811898 0.42514 0.7342784 -0.3233708 0.5968808 0.3636528 -0.8869348 0.2847864 0.8392404 -0.09450209 0.5354858 0.9436625 0.08821189 0.3189353 0.5352806 -0.7214391 0.4393181 0.6203097 -0.3399874 0.7068412 0.4103717 -0.6640026 0.6250565 0.9091113 0.2204691 0.3534261 0.1701208 -0.9123716 0.3723398 0.4310844 -0.5363984 0.725564 0.04104435 -0.9568254 0.2877509 0.7293434 0.1233178 0.6729421 0.1675701 -0.7974153 0.5796974 0.718752 0.2117356 0.6622415 0.5355847 -0.1210909 0.8357548 0.8171818 0.2868634 0.4999235 0.9831988 0.1768288 -0.04529678 0.9831975 0.1768334 -0.04530644 0.9832113 0.1767779 -0.04522216 0.5717449 0.3514341 0.7413514 0.7108712 0.5788242 0.3995306 0.9186403 0.3949997 0.008685946 0.887876 0.4364786 0.1454741 0.1665232 -0.4032853 0.899795 0.2346314 -0.01840913 0.9719101 0.281651 -0.1210106 0.9518557 0.1503142 -0.3499764 0.9246201 0.7798818 0.5794762 0.2366253 0.3655494 0.2850793 0.8860607 0.5313516 0.5327219 0.6586902 0.6558267 0.608955 0.4461673 0.3524907 0.6303101 0.6917077 0.17045 0.4419997 0.880672 0.162004 0.4964827 0.8527953 0.6440857 0.7632064 0.05167007 0.8337363 0.5104917 -0.210433 0.3982924 0.8515555 0.3409053 0.9702217 0.08774304 -0.2257679 0.4880715 0.8686853 0.08468961 0.7162785 0.6566857 -0.2360275 0.412474 0.8839154 0.2203604 0.2547959 0.831003 0.4944827 0.6523758 0.6901494 -0.3132085 0.6524707 0.6900676 -0.3131912 0.6525005 0.6900375 -0.3131957 0.1000122 0.8577699 0.5042107 0.8438571 0.2671875 -0.465313 0.4206298 0.9047608 -0.06692367 0.8458782 0.2629427 -0.4640596 0.4356847 0.8195007 -0.3722869 0.691899 0.3657297 -0.6225093 0.4784587 0.8149572 -0.3269897 0.7017583 0.3664702 -0.6109296 0.587266 0.2050238 -0.7829968 0.182789 0.8949286 -0.4070516 0.3506587 0.5974035 -0.7212126 0.350953 0.5969413 -0.7214521 0.07305896 0.7971925 -0.5992885 0.3155499 0.2567539 -0.9135129 0.1175721 0.6997724 -0.7046244 0.2728999 0.2229683 -0.9358477 0.05358153 0.2009744 -0.9781301 0.02318185 -0.4307973 0.9021509 0.1016765 -0.4922757 0.8644805 0.02776294 -0.2853354 0.9580255 0.2088276 -0.4378778 0.874445 0.3316425 -0.4705293 0.8176891 0.2021889 -0.2825587 0.9376995 0.378512 -0.3003544 0.8755089 0.2723128 -0.2392904 0.9319796 0.2951049 -0.4927621 -0.8185955 0.1938117 -0.4139567 -0.889425 0.3785112 -0.3003548 -0.8755092 0.05390393 0.882748 0.4667446 0.003524899 0.9686062 0.2485752 0.1935426 -0.2877026 -0.9379597 0.2723116 -0.2392923 -0.9319794 0.1257269 0.9107362 0.3933859 0.05807375 0.9629199 0.2634631 0.1451791 0.9081142 0.392749 0.003347396 0.997461 0.07113599 0.0391131 0.8845992 -0.4647091 0.0609709 0.8951782 -0.4415186 0.08956575 0.9670427 -0.2383411 0.0895884 0.9670279 -0.2383925 0.08955299 0.9670569 -0.2382884 0.06409388 0.9654811 -0.2524645 0.06641525 -0.2559685 0.964401 0.3572592 -0.4466969 0.8202608 0.07155078 -0.08752685 0.9935892 0.5137231 -0.440514 0.7362309 0.02931785 -0.05100834 0.9982678 0.5545143 -0.5503277 0.6242222 0.224954 -0.07523477 0.9714605 0.5911769 -0.3026484 0.7476054 0.2882081 -0.1164062 0.950466 0.4900147 -0.2125008 0.8454166 0.7055965 -0.3957759 0.5877883 0.5644854 -0.2128698 0.7975229 0.3939053 -0.07051247 0.9164424 0.789153 -0.4164135 0.4514834 0.7747822 -0.5093743 0.3745003 0.4165573 -0.0175302 0.9089406 0.8424912 -0.4824423 0.239704 0.8849744 -0.4078341 -0.2247039 0.7717548 -0.5111166 -0.3783576 0.7771109 -0.4733076 -0.4148235 0.6805999 -0.4029786 -0.6118758 0.4039243 0.3784006 0.8328615 0.6930357 -0.3419591 -0.6346381 0.5894094 -0.3133631 -0.7445806 0.5322671 -0.5581196 -0.6365487 0.5008606 -0.4537779 -0.7370376 0.3584038 -0.440361 -0.8231823 0.2172677 0.5864908 0.7802714 0.1456269 0.753219 0.6414468 0.5561285 -0.2136954 -0.8031533 0.4912703 -0.2114353 -0.8449548 0.8627625 0.4497596 0.2309918 0.2872111 -0.1253538 -0.9496295 0.4070223 -0.08303427 -0.9096363 0.05273854 -0.2325466 -0.9711543 0.6821941 0.1117328 -0.7225837 0.8558715 0.3730987 -0.3581641 0.79999 0.4096291 -0.4384291 0.1051697 -0.1072781 -0.988651 0.2396604 -0.08146208 -0.9674331 0.352561 0.9165732 0.1886646 0.01583081 0.06459736 -0.9977859 3.77915e-4 0.9961479 0.08768939 0.01382434 0.9976873 0.06655204 0.07525187 0.101397 -0.9919959 0.1041862 0.9783969 0.1785631 0.3210318 0.2979164 -0.8989908 0.2348759 0.9629321 0.1326466 0.2848215 0.4847618 -0.8269721 0.2739058 0.4491645 -0.8504276 0.2355224 0.9693235 0.07029414 0.2926578 0.9561927 0.006851494 0.3611268 0.9104914 -0.2014769 0.1494378 0.6238576 -0.767118 0.1992814 0.8891692 -0.4119041 0.05641508 0.9981146 -0.02418178 0.2206284 0.929456 -0.2956937 0.2748023 0.9543159 -0.1173243 -0.01946127 0.728275 -0.6850087 0.05632209 0.9975477 -0.04155218 0.07511901 0.8184182 -0.569692 0.1312365 0.9831455 -0.1272866 0.7140604 -0.3452332 0.6090418 0.1255483 0.1804413 0.9755402 0.2650532 0.1420935 0.9537066 0.8406609 -0.5393138 -0.04929411 0.1850085 0.2007009 0.9620245 0.1931045 0.3249173 0.9258183 0.1716066 0.3532175 0.9196677 0.5572742 0.160303 0.8147076 0.00662291 0.4039719 0.9147474 0.9704982 -0.2385601 -0.03496301 0.9235782 -0.3122248 -0.2225284 0.04830646 0.5589625 0.8277847 0.1867801 0.5689033 0.8009135 0.9594147 -0.1190189 0.2556523 0.9910491 -0.08762687 0.1007134 0.9905365 -0.1356686 -0.02077406 0.7401161 0.1436478 0.6569578 0.8178219 -0.3410508 -0.463521 0.7206556 -0.3102648 -0.619993 0.7659652 0.1627855 0.6219311 0.7733715 0.250206 0.582489 0.6780512 0.3513196 0.6456168 0.9701614 -0.08472555 -0.2271748 0.9924132 -0.08931756 -0.08448934 0.9854355 0.1346889 0.1038074 0.8759806 0.2846235 0.3894194 0.8272041 0.3023543 0.4736194 0.7561507 -0.1559782 -0.6355368 0.1899666 0.7329843 0.6531821 0.3148122 0.7747741 0.5482869 0.9451057 0.2970476 0.1361543 0.9888685 0.1207848 -0.08689218 0.6238079 0.5666604 0.5382936 0.9285373 0.3226424 -0.1836311 0.8841 0.4350916 0.1704774 0.5873409 0.700484 0.4054047 0.6378585 0.5779899 0.5089836 0.7401232 0.5166922 0.4304032 0.9354822 0.3519874 -0.03127503 0.3290719 0.8132545 0.4799258 0.8638219 0.1336954 -0.4857338 0.8266949 0.1412844 -0.5446233 0.8590958 0.503642 -0.09110033 0.7735915 0.1905558 -0.6043548 0.7508482 0.2714121 -0.6021316 0.4433903 0.03000545 -0.8958264 0.3705761 0.821474 0.4334213 0.7849863 0.6191515 0.02116888 0.8292363 0.5588108 -0.009873747 0.8522264 0.5153235 -0.09028822 0.5688166 0.1357624 -0.811182 0.2368241 0.0206533 -0.9713331 0.6224794 0.7405434 0.2532092 0.7258825 0.6562653 0.2059385 0.6930657 0.3320512 -0.6398452 0.5295329 0.8305726 0.1724649 0.7332571 0.5169005 -0.4417556 0.2931736 0.2613094 -0.9196558 0.3300932 0.8976233 0.2920808 0.5818823 0.6814892 -0.4438304 0.6310045 0.7359662 -0.2453308 0.652671 0.567768 -0.5016576 0.5187658 0.8525505 0.06356006 0.6259806 0.520705 -0.5805297 0.6138048 0.7847868 -0.08575284 0.5971528 0.7839049 -0.1700049 0.1338101 0.2371438 -0.962215 0.07968157 0.3018646 -0.9500151 0.3440684 0.9046881 -0.2513094 0.08186656 0.4355688 -0.896425 0.5151482 0.7202155 -0.4646635 0.3799396 0.8354256 -0.3971273 0.08100104 0.9964786 0.02166306 0.01451534 0.4901617 -0.8715106 0.2983098 0.8340355 -0.4641079 0.1681383 0.6237208 -0.7633491 0.2585736 0.736289 -0.6253147 0.2957952 0.7394165 -0.604788 0.3604191 0.7067265 -0.6087987 0.9072051 -0.3879364 0.1627402 0.9183468 -0.3881438 0.07735413 0.6401721 -0.09543108 0.7622812 0.7944852 -0.2054054 0.5714911 0.2982801 0.1355012 0.9448114 0.5436472 0.03699672 0.8384981 0.6377862 -0.07145047 0.7668922 0.8726434 -0.2749255 0.4036208 0.8514442 -0.01577645 0.5242078 0.930904 -0.2236192 0.288812 0.5023745 0.2461939 0.8288598 0.4964073 0.3139655 0.8093242 0.9469947 0.06054538 0.3154922 0.5525855 0.3594412 0.7519649 0.9246559 -0.2131724 -0.3155459 0.8873753 -0.2083885 -0.4112655 0.8757112 -0.1552104 -0.4572086 0.8067802 -0.1247912 -0.5775231 0.8907843 0.2675253 0.367333 0.4948064 0.5695824 0.6563099 0.9550709 0.03444826 -0.2943688 0.9818084 0.1753191 0.07290834 0.958724 0.2677282 0.09576064 0.9672196 0.1576778 -0.1990581 0.6263374 -0.1197066 -0.7703064 0.6758016 -0.1009157 -0.7301427 0.9064232 0.2864128 -0.3104269 0.9315385 0.2680034 -0.2457851 0.5122518 0.05393832 -0.85714 0.7839379 0.5415922 0.3035115 0.3443233 0.09047424 -0.9344816 0.5128995 0.2855038 -0.8095813 0.5475546 0.3474097 -0.7612428 0.8035206 0.5647365 -0.1882218 0.8047741 0.5426017 -0.2406704 0.4990558 0.4992763 -0.7082841 0.4520578 0.5264474 -0.7200673 0.7941195 -0.1923865 0.5765083 0.9419265 0.003852725 0.3357973 0.34071 0.5397655 0.7697857 0.501336 0.5774406 0.6443793 0.9149786 0.04068535 -0.4014462 -0.04888361 0.05124419 -0.9974891 -0.2192509 -0.05181407 -0.9742918 -0.3802066 0.04852294 -0.923628 -0.5937995 -0.06867569 -0.801677 -0.7273442 0.07729953 -0.6819056 -0.8972247 -0.07303345 -0.4354928 -0.9513344 0.0528593 -0.3035935 -0.9987682 -0.0493316 0.005352854 -0.9943655 0.03824299 0.09886777 -0.8978801 -0.03553915 0.4388033 -0.8922029 -0.01990079 0.4511964 -0.7143995 0.04849326 0.6980558 -0.5987222 -0.06092637 0.7986363 -0.4363225 0.03919076 0.8989366 -0.2548937 -0.03944164 0.9661644 -0.1610393 0.02473044 0.9866381 0 1 -3.44611e-6 0 1 0 0 1 1.96131e-6 0 1 4.79624e-6 0 1 2.53136e-6 0 1 -2.2538e-6 0 1 -1.23266e-6 0 1 -6.61675e-7 0 1 -1.47687e-6 0 1 1.12943e-6 0 1 -2.3525e-6 0 1 2.76011e-6 0 1 -1.55662e-6 0 1 8.03537e-7 -0.0443623 -0.01264613 -0.9989355 -0.1490496 0.06300312 -0.9868206 -0.2514289 0.00816369 -0.9678414 -0.4114598 0.009516298 -0.9113784 -0.4634783 0.05236798 -0.8845596 -0.5609079 -0.02550792 -0.8274852 -0.7324873 0.03603017 -0.6798266 -0.7604217 0.07566136 -0.6450071 -0.8547328 -0.01134115 -0.5189443 -0.933232 0.02185785 -0.3586089 -0.9555444 0.08211547 -0.2831822 -0.9788674 0.02123039 -0.203391 -0.9984759 -0.01270592 -0.05370765 -0.9892711 0.03409808 0.1420569 -0.9903622 0.04886066 0.1295976 -0.9154766 -0.007726788 0.4022972 -0.8867782 0.04503601 0.4599961 -0.8030404 0.007645487 0.5958757 -0.7400964 0.04380434 0.6710727 -0.7314797 0.03338795 0.6810455 -0.5562837 -0.02254152 0.8306868 -0.4519799 0.08159607 0.8882884 -0.3217111 -0.01921421 0.9466429 -0.1305462 0.00160247 0.991441 -0.02174139 0.0982818 0.9949211 0.006582379 -0.08626312 0.9962506 0.08569353 -0.1324385 0.98748 0.244079 -0.1179812 0.9625518 0.455587 -0.1292643 0.880756 0.1408081 -0.6923974 0.7076433 0.4626214 -0.1967486 0.8644487 0.6491022 -0.1198704 0.7511975 0.5851145 -0.08894324 0.8060585 0.5653148 -0.2578356 0.7835433 0.6227379 -0.2085637 0.7541211 0.7694498 -0.08246511 0.6333613 0.7429408 -0.2681128 0.6133145 0.8270211 -0.1328542 0.5462471 0.7861964 -0.2125388 0.5802779 0.947561 -0.1088359 0.3004714 0.9389906 -0.0873087 0.3326768 0.9034414 -0.2132711 0.3718993 0.9077584 -0.2703031 0.3207977 0.9929343 -0.1098145 0.04496967 0.9962824 -0.08587539 0.006843149 0.9703711 -0.1933204 0.1449384 0.9583175 -0.2856026 0.007675826 0.9685494 -0.1312339 -0.2113997 0.9759548 -0.198611 -0.08981019 0.9321044 -0.06784915 -0.355778 0.9184348 -0.2352793 -0.3179959 0.8807063 -0.1215718 -0.4577958 0.8987541 -0.2719537 -0.3439222 0.8467473 -0.1946588 -0.495103 0.7393551 -0.106676 -0.6648114 0.7511482 -0.09564054 -0.6531687 0.7319869 -0.2538971 -0.6322433 0.7289715 -0.2578529 -0.6341235 0.5292058 -0.1062798 -0.8418111 0.5661818 -0.1344899 -0.8132348 0.5443439 -0.1755466 -0.8202885 0.08174633 -0.09554034 -0.9920634 0.140788 -0.1149637 -0.9833424 0.1190249 -0.6625984 -0.739457 0.329132 -0.08935636 0.9400467 0.2699616 -0.2710901 0.9239215 0.04337567 -0.4719539 0.8805556 0.371545 -0.4136925 0.8311516 0.4146172 -0.4715537 0.7782864 0.531462 -0.442875 0.7220872 0.5525512 -0.4868936 0.6764774 0.7026295 -0.4050825 0.5849958 0.7130389 -0.4687355 0.5214045 0.8076929 -0.4295758 0.4038527 0.8021354 -0.499562 0.3271338 0.8792789 -0.4318602 0.2009116 0.8594969 -0.4941226 0.1307973 0.8982558 -0.4391354 0.01722723 0.8768228 -0.4746298 -0.07686555 0.8902136 -0.441578 -0.111932 0.8508129 -0.4483286 -0.2740787 0.8305109 -0.4744579 -0.2917903 0.7938702 -0.4441286 -0.4153554 0.757793 -0.4778161 -0.4443439 0.7057201 -0.438026 -0.5568594 0.6674925 -0.4720922 -0.5758323 0.59872 -0.4431474 -0.6671993 0.5262731 -0.4915871 -0.6938148 0.5653568 -0.4103479 -0.7155322 0.4688516 -0.4363393 -0.7679755 0.3153228 -0.1063326 -0.9430086 0.2946174 -0.1163874 -0.9485012 0.435042 -0.2703236 -0.8588734 0.2776612 -0.5983292 -0.7516027 0.2698647 -0.6483425 -0.7119166 0.04112809 -0.4703068 -0.8815441 0.09288144 -0.2841919 0.9542579 0.07319098 -0.3102632 0.947829 0.1395403 -0.579836 0.8026948 0.3530629 -0.4261614 0.8329064 0.1173284 -0.670318 0.7327399 0.2442284 -0.6443058 0.7247224 0.305465 -0.6949664 0.6509323 0.4590551 -0.631931 0.6244453 0.378513 -0.7012425 0.6041415 0.5226747 -0.6626119 0.5364297 0.538652 -0.7177363 0.4412582 0.638386 -0.6569209 0.4011464 0.6754769 -0.5984129 0.4308516 0.6339598 -0.708068 0.3110221 0.7140446 -0.6650346 0.2187904 0.6928344 -0.7033048 0.1591946 0.7419489 -0.6668036 0.06989145 0.7225053 -0.6911669 0.0165714 0.7332137 -0.6780759 -0.05109602 0.7129141 -0.6956903 -0.08813935 0.7239227 -0.6638525 -0.187712 0.6818031 -0.6986451 -0.2168864 0.6401081 -0.6909511 -0.3359292 0.6487439 -0.6607192 -0.3775998 0.5548102 -0.7064002 -0.4395274 0.5293291 -0.6624733 -0.5300375 0.4817507 -0.6927713 -0.5366415 0.3768761 -0.6903958 -0.6175096 0.3739329 -0.6814663 -0.6291088 0.2969924 -0.4023895 -0.8659551 0.05925995 -0.3566161 -0.9323697 0.1009178 -0.3070594 -0.9463247 0.2211124 -0.6877642 -0.6914404 0.114364 -0.5138429 -0.8502272 0.06490463 -0.7060151 -0.7052165 0.02911776 -0.1383323 0.9899578 0.05790603 -0.04691898 0.997219 0.1181139 -0.5246921 0.8430584 0.1683016 -0.2277374 0.9590674 0.2260919 -0.1093901 0.9679443 0.4760168 -0.4899361 0.7303223 0.6375484 -0.456422 0.6206538 0.6553993 -0.4343389 0.6179009 0.8397291 -0.4776578 0.2582598 0.8576529 -0.4531218 -0.2431306 0.8785794 -0.3696475 -0.3024222 0.8291473 -0.3885797 -0.4018962 0.7301119 -0.5378217 -0.4215264 0.6290375 -0.450717 -0.6333768 0.6299571 -0.4296712 -0.6469441 0.4669817 -0.4261074 -0.7748296 0.4516755 -0.4518868 -0.7692772 0.1700331 -0.3144323 -0.9339278 0.1077778 -0.5176545 -0.8487744 0.1250681 -0.05337548 -0.9907115 0.0391727 -0.1115766 -0.9929835 0.0143851 -0.2039253 -0.9788808 0.3817632 -0.144445 0.9129033 0.4995418 0.05946272 0.8642467 0.5835843 -0.2762866 0.7636067 0.5927196 -0.187252 0.7833392 0.5955734 0.4386582 0.6729571 0.7543029 -0.1293578 0.6436565 0.8003053 -0.0703755 0.5954484 0.7917377 -0.3936153 0.4671386 0.7933678 0.3741797 0.4801638 0.8715687 -0.2326883 0.431537 0.9013409 -0.230495 0.3666831 0.9417127 0.1119884 0.3172315 0.9735696 0.04755121 0.2233861 0.9453434 -0.2736344 0.1773412 0.9365633 -0.3349769 0.1031489 0.9676226 -0.2437288 0.06559514 0.9607803 -0.269021 -0.06729829 0.6483106 0.7610464 0.02240556 0.9780846 -0.1814116 -0.1021788 0.9679883 -0.1906041 -0.1633059 0.864331 0.169524 -0.473491 0.7672103 -0.3405923 -0.5434937 0.7480971 -0.3085117 -0.5875129 0.6597992 -0.1033542 -0.7443003 0.5408257 -0.1437627 -0.8287581 0.3750355 -0.3839277 -0.8437701 0.2586552 -0.3052037 -0.9164869 0.3265256 -0.2679323 0.9064179 0.4288525 -0.1483213 0.8911153 0.2954865 -0.4579053 -0.8384573 -0.9630177 -0.2593079 -0.07318681 0.05575942 -0.07125735 0.9958983 0.06129461 0.0565412 0.996517 0.4420568 0.2543733 0.8601627 0.475432 0.2798801 0.8340453 0.4125702 0.4287933 0.8036929 0.4378342 0.4448288 0.7812992 0.5858722 0.266802 0.7652258 0.6378608 0.33578 0.6930984 0.7578742 0.264397 0.5964236 0.5952312 0.4253862 0.6817232 0.6089683 0.4379283 0.6613445 0.7923035 0.3401989 0.5064778 0.8840435 0.2576381 0.3899869 0.7572343 0.4376972 0.484786 0.7517254 0.4275589 0.5020982 0.8996428 0.3247286 0.2918806 0.9532768 0.2607125 0.1526187 0.8554371 0.4377996 0.2766932 0.8559753 0.4403159 0.2709769 0.9464551 0.3053041 0.1049386 0.8955646 0.4317579 0.107467 0.9434852 0.3204845 -0.08441281 0.9491712 0.2960253 -0.1069722 0.8926137 0.4490991 0.03938215 0.9028064 0.3107809 -0.2972472 0.9043008 0.4193418 -0.07995444 0.901884 0.2724686 -0.3352106 0.8743097 0.4471719 -0.188732 0.805163 0.3423931 -0.4842309 0.8589201 0.4193237 -0.2939797 0.7951114 0.4395391 -0.4178556 0.7547012 0.2466692 -0.6079314 0.697015 0.3197538 -0.6418159 0.7757111 0.4232156 -0.4681462 0.6729027 0.4367219 -0.5970562 0.6664234 0.431345 -0.6081295 0.5258854 0.3100539 -0.7920297 0.506903 0.265253 -0.820177 0.5004301 0.4230982 -0.7553527 0.4749116 0.4352073 -0.7648879 0.1048547 0.4351437 -0.8942346 0.2757622 -0.02235078 0.9609661 0.3213394 -0.04325562 0.9459757 0.2089658 0.1506828 0.9662443 0.23995 0.2826219 0.9287352 0.2199869 0.2593607 0.9403924 0.4568563 -0.03502041 0.888851 0.4713433 -0.01842653 0.8817573 0.6535766 -0.003905534 0.7568503 0.665156 0.09853494 0.7401746 0.6579888 -0.01305085 0.7529146 0.2221536 0.4192459 0.8802732 0.2208961 0.4184756 0.8809558 0.7618651 -0.08550506 0.6420674 0.7677103 0.2150456 0.603636 0.842417 0.1034196 0.5288081 0.8470909 -0.01944446 0.5310924 0.8812361 -0.06069982 0.4687628 0.8963997 0.2002403 0.3954381 0.9478651 0.09222048 0.3050361 0.9520321 0.006309092 0.3059332 0.9632306 -0.04718989 0.2644996 0.9584313 0.2406055 0.1533575 0.9983116 -0.05789273 0.00472027 0.9966499 0.07743412 -0.0263282 0.9994499 -0.02086883 -0.02577608 0.9744553 0.1962456 -0.1092 0.9723963 -0.06500452 -0.2240979 0.9533695 0.1476796 -0.263206 0.9200836 0.1906345 -0.3422059 0.9035186 0.1128171 -0.4134329 0.7706683 -0.01287394 -0.6371065 0.7670887 0.1697357 -0.6186799 0.7717523 0.1581842 -0.6159352 0.6225921 -0.06031829 -0.7802184 0.5446199 -0.00537157 -0.8386658 0.5577135 0.1435967 -0.8175179 0.4649872 -0.05673384 -0.8834977 0.3139732 -0.02304804 -0.9491521 0.3279225 -0.0366984 -0.9439917 0.1387018 -0.04463058 -0.9893281 0.2802141 0.2746323 -0.9198138 0.2590238 0.2903864 -0.9211853 0.09774947 0.2244439 -0.9695721 0.07710742 0.1462347 -0.9862403 0.3054928 0.4299622 -0.8495921 0.2433838 0.3979647 -0.8845273 0.3485375 -0.377546 0.8578931 0.3467007 -0.389827 0.8531316 0.6102373 -0.3315849 0.7194874 0.7270884 -0.2979235 0.6185338 0.7515061 -0.3729645 0.5441839 0.8424161 -0.3176865 0.4352131 0.8265008 -0.4876098 0.2813063 0.8750993 -0.4288948 0.2241663 0.8809055 -0.47109 0.04560446 0.8774656 -0.4770293 0.04997295 0.9029161 -0.4119234 -0.1227266 0.9277825 -0.3436417 -0.1453622 0.9292431 -0.2478615 -0.273993 0.8675512 -0.3589637 -0.3442384 0.7296189 -0.475667 -0.4913219 0.789776 -0.3435202 -0.5081808 0.5808731 -0.3609547 -0.7295877 0.466116 -0.328397 -0.8215177 0.4493598 -0.3070854 -0.8389127 0.3243654 -0.3421021 -0.8819032 0.2280499 -0.2620762 -0.937715 0.09593814 -0.09225958 -0.9911025 0.09034025 -0.6829664 0.7248417 0.1717031 -0.563574 0.8080238 0.1718845 -0.560162 0.8103545 0.05181246 -0.3352302 0.9407105 0.3102038 -0.6598379 0.6843886 0.1236567 -0.1225728 0.9847259 0.125491 -0.2345442 0.9639716 0.274534 -0.2797362 0.9199885 0.4152962 -0.5402555 0.7318833 0.5299631 -0.5165745 0.6725251 0.5641118 -0.585866 0.5818411 0.4952378 -0.2181207 0.8409298 0.6721557 -0.5305643 0.5164381 0.5754926 -0.2379249 0.7824322 0.6766341 -0.636772 0.3697129 0.7740184 -0.5683046 0.2791514 0.7212327 -0.6710391 0.1718425 0.8238902 -0.5651186 0.04296314 0.8817932 -0.2305943 0.4114209 0.9391095 -0.2053329 0.2755213 0.7205479 -0.6898296 -0.07032728 0.9382948 -0.2453851 0.2436993 0.8393311 -0.4639195 -0.2833764 0.7772958 -0.5898461 -0.2188446 0.9706782 -0.2337476 0.05608904 0.7881022 -0.5357505 -0.3030949 0.9833083 -0.1811624 0.01688426 0.7133609 -0.5445274 -0.441142 0.5342362 -0.7257836 -0.4333935 0.9481118 -0.1283868 -0.2908622 0.9081754 -0.05220705 -0.4153215 0.570964 -0.4930064 -0.6564639 0.5386046 -0.5515325 -0.6369591 0.7879033 -0.212066 -0.5781319 0.8103172 -0.1184056 -0.5739042 0.3494251 -0.6564378 -0.6685742 0.6320891 -0.2862927 -0.7200694 0.322832 -0.5778499 -0.7495792 0.2752987 -0.5391435 -0.7959492 0.139247 -0.5496127 -0.8237331 0.2364036 -0.2984719 -0.9246771 0.1060293 -0.1723955 -0.9793047 0.05053842 -0.4213809 0.9054746 0.09885466 -0.504249 -0.8578816 0.1334052 -0.1748315 0.9755188 0.09263503 -0.2565054 0.9620934 0.07134759 -0.7950739 0.6023015 0.3411356 -0.1903252 0.9205449 0.3864051 -0.2674618 0.8826978 0.1580008 -0.8675658 0.4715565 0.6140248 -0.1739283 0.7698848 0.2647603 -0.7785734 0.5689688 0.6236212 -0.2296885 0.7472214 0.5109489 -0.3996875 0.7610396 0.7420594 -0.03254783 0.6695435 0.2749406 -0.8784207 0.3908768 0.7240948 -0.3363506 0.6021255 0.8078643 -0.2220154 0.5459527 0.5287988 -0.6523993 0.5429061 0.4238863 -0.7937839 0.4361509 0.6880124 -0.5065807 0.5196298 0.8955109 -0.06820553 0.4397821 0.436039 -0.8425307 0.3162473 0.7612301 -0.5264087 0.3787122 0.9187918 -0.2912063 0.2664964 0.7194135 0.6564658 0.2269294 0.738814 -0.593209 0.3197765 0.512673 -0.8074914 0.2917602 0.4847751 -0.8390426 0.2469835 0.9806669 -0.132977 0.1435604 0.8413711 -0.494962 0.2170419 0.9462689 -0.3143241 -0.07599711 0.5489249 -0.8255435 0.1309936 0.7759672 -0.622472 0.1019985 0.9817785 -0.1881885 -0.02638369 0.5618704 -0.8152995 0.1399589 0.7948746 -0.6010569 0.0830971 0.515609 -0.8566573 0.01689952 0.7679571 -0.6296955 -0.1171559 0.9261081 -0.3049395 -0.2221164 0.9359613 0.06299638 -0.3464217 0.9080492 -0.4160361 -0.04858672 0.6092221 -0.789246 -0.0770663 0.5615035 -0.8256394 -0.05507916 0.7878923 -0.5742928 -0.2222915 0.870535 -0.09685039 -0.4824819 0.8135234 -0.4922029 -0.309703 0.7447637 -0.5603259 -0.3624388 0.4987695 -0.8495507 -0.1717342 0.7997654 -0.206165 -0.5638008 0.7766608 -0.1033985 -0.621375 0.5100482 -0.839367 -0.18792 0.7501891 -0.4849506 -0.4494877 0.6108316 -0.07185828 -0.788493 0.6388131 -0.5687549 -0.518108 0.6227778 -0.5159412 -0.5881774 0.6607986 -0.2576738 -0.7049465 0.4565221 -0.8428007 -0.2850869 0.521511 -0.741269 -0.4225478 0.4646701 -0.6095314 -0.6423031 0.4952092 -0.1886116 -0.8480527 0.3721033 -0.8476244 -0.3782489 0.3499557 -0.294946 -0.889122 0.381672 -0.2296862 -0.8953049 0.4151437 -0.6289575 -0.6573191 0.2752311 -0.863218 -0.4232052 0.338965 -0.2594405 -0.9043193 0.2899675 -0.6189409 -0.7299528 0.2927961 -0.7670299 -0.5709078 0.2015129 -0.8413986 -0.501439 0.365813 -0.2090741 -0.9069007 0.09393203 -0.8419458 -0.5313229 0.08537042 -0.8281695 -0.5539381 0.05768549 -0.5187383 0.8529849 0.121929 -0.6029892 0.7883765 0.4539266 -0.6161279 0.6436903 0.5437205 -0.4684311 0.6963766 0.1511241 -0.2253606 -0.9624833 0.06542831 -0.1412841 -0.9878046 0.1004143 -0.6288986 -0.7709757 0.009664237 -0.5662534 -0.8241745 0.02402609 -0.8414897 0.5397387 0.2312698 -0.5345428 0.8128827 0.2718376 -0.6834909 0.6774545 0.4543036 -0.5888 -0.6685228 0.2580708 -0.6544569 -0.7106938 0.1428626 -0.5823314 -0.8003004 0.05109465 0.5822193 0.8114248 0.1002796 0.6303168 -0.7698342 -0.03130924 0.4158335 -0.9089016 0.08558011 0.5446816 0.8342651 0.04359626 0.2474949 0.967908 0.2178105 0.5706735 0.7917641 0.1279155 0.3393866 0.931909 0.2639074 0.5211405 0.8116437 0.2571728 0.2477805 0.9340595 0.384186 0.5929231 0.7077028 0.370625 0.3402836 0.8642015 0.4679411 0.5188962 0.7153866 0.5298771 0.5954409 0.6038878 0.462693 0.2425622 0.8526892 0.6312811 0.5082757 0.5857816 0.6204556 0.2944563 0.7268635 0.6251559 0.3233526 0.7103683 0.6713784 0.5800276 0.4613233 0.6414864 0.6763193 0.3620601 0.8087708 0.4339287 0.3969833 0.7873799 0.3098037 0.5329676 0.8016799 0.2841505 0.5258973 0.7450746 0.6339917 0.2071676 0.8979093 0.280744 0.3390305 0.6757004 0.7197903 0.1591568 0.803853 0.5345295 0.2609574 0.9486435 0.1611528 0.2722229 0.8994482 0.3868367 0.2033478 0.939734 0.2625874 0.2189705 0.8283057 0.559361 -0.0320146 0.8690168 0.4917174 -0.05498838 0.9455611 0.3205205 -0.05640065 0.9656421 0.2582094 -0.02938079 0.812762 0.5307614 -0.2402296 0.7460719 0.6029625 -0.282512 0.7537523 0.5041853 -0.4214913 0.8986886 0.2821064 -0.3358199 0.9128875 0.2478121 -0.3243849 0.6468397 0.6001869 -0.4705041 0.6165089 0.5217328 -0.5896708 0.7512634 0.3430724 -0.5638303 0.76582 0.3189806 -0.5583648 0.5228903 0.595618 -0.6097745 0.6259063 0.256769 -0.7364178 0.4648665 0.4768759 -0.7459816 0.3723872 0.6984768 -0.611112 0.6169439 0.2712462 -0.7387868 0.2310671 0.6771951 -0.6985807 0.3547974 0.5073256 -0.7853277 0.3967202 0.2862898 -0.8721534 0.357474 0.3460477 -0.8674464 0.0983085 0.607569 -0.7881594 0.1137766 0.2120538 -0.9706122 0.1999204 0.3970435 -0.8957613 0.06230092 0.2289891 0.9714333 0.1028622 0.2693138 0.9575435 0.2209718 0.2306186 0.9476215 0.09247142 0.4211576 0.9022613 0.06386178 0.6381379 0.7672691 0.1554998 0.4949455 0.854897 0.3471976 0.2935384 0.8906678 0.3478658 0.3708121 0.8610969 0.455446 0.4516252 0.7672052 0.5310937 0.40005 0.7469267 0.6429638 0.4185519 0.641414 0.6743088 0.3885134 0.6279848 0.8417987 0.3042751 0.4458606 0.7915731 0.3987123 0.4630773 0.9115989 0.2471996 0.3284509 0.9101475 0.3235254 0.2587718 0.9525533 0.2940888 0.07844871 0.8877617 0.4602427 0.007476925 0.9095175 0.3749082 -0.1795044 0.844501 0.4487637 -0.2922829 0.8458387 0.298437 -0.4421451 0.8334427 0.3753313 -0.4055855 0.7694634 0.2647846 -0.5812188 0.6777467 0.4123014 -0.6088244 0.584459 0.4037116 -0.7038642 0.5558748 0.4223378 -0.7159846 0.4550437 0.3391358 -0.8233603 0.2902721 0.4341098 -0.8528135 0.3032516 0.4447779 -0.8427404 0.09532833 0.2641956 -0.9597465 0.2262187 0.1620827 -0.9604969 0.08415311 0.4083719 -0.9089284 0.03212177 0.4617236 -0.8864421 0.09859347 0.6323767 -0.7683613 0.4335132 0.1879611 0.8813269 0.519664 0.1742118 0.8364208 0.5560891 0.2121784 0.8035829 0.1531535 0.5767106 0.8024644 0.2385772 0.6347842 0.7349354 0.6801367 0.1662038 0.7139961 0.7164743 0.2067563 0.6662706 0.798819 0.1533828 0.5816891 0.404944 0.5943186 0.6948423 0.4272782 0.6269847 0.6514014 0.9143587 0.238654 0.327097 0.5785164 0.6130544 0.5380363 0.9766925 0.1058987 0.1867011 0.5766591 0.6144144 0.5384786 0.9730669 0.2228864 0.05884379 0.9834117 0.1813873 4.77413e-4 0.6625664 0.6121914 0.4315407 0.7686081 0.5026787 0.3956716 0.9574711 0.2276073 -0.177325 0.8132929 0.5198116 0.2614398 0.7446563 0.6344299 0.2073303 0.8366056 0.4912157 0.2424838 0.9584692 0.1498436 -0.2426597 0.9005218 0.1774846 -0.3969379 0.8937685 0.448517 0.003226101 0.7517047 0.649721 0.1131491 0.7830622 0.6203498 -0.04449468 0.786737 0.6161254 -0.03787302 0.7580565 0.2044665 -0.6193091 0.6432209 0.1995404 -0.7392229 0.6717335 0.173499 -0.720189 0.7577977 0.6130756 -0.2233408 0.7637627 0.5917409 -0.2578942 0.6727722 0.6373484 -0.3757188 0.5330121 0.1693269 -0.8289913 0.4677165 0.211314 -0.8582469 0.6507757 0.583633 -0.4856579 0.687851 0.5137081 -0.5128012 0.383112 0.1412615 -0.9128365 0.5611577 0.6306655 -0.5360628 0.5084829 0.5118603 -0.6924191 0.5022404 0.6053496 -0.6175001 0.1874485 0.2384592 -0.9528905 0.3064604 0.5203903 -0.7970421 0.2658996 0.5930074 -0.7600261 0.241768 0.6079398 -0.7562788 -0.2656499 -0.01457065 -0.9639596 -0.2158069 0.004303574 -0.9764267 -0.4797205 0.01967531 -0.8772007 -0.657588 -0.01446121 -0.7532389 -0.6401191 -0.008806526 -0.7682253 -0.7357808 0.01349246 -0.6770853 -0.8525344 0.0159462 -0.5224279 -0.9133703 -0.01918709 -0.4066776 -0.969875 0.01524466 -0.2431255 -0.9982458 -0.01115137 -0.05814701 -0.9947252 0.001680254 -0.1025624 -0.9938198 0.01904499 0.109359 -0.9290005 -0.004083275 0.3700559 -0.9235412 -0.01016587 0.3833644 -0.8120477 0.01143294 0.5834792 -0.7516127 -0.006573796 0.659572 -0.670192 0.009432137 0.7421278 -0.5518286 -0.004876613 0.8339433 -0.5175651 0.005843937 0.855624 -0.3457765 0.01077616 0.938255 -0.2229482 -0.01385843 0.9747319 -0.1356446 0.009114563 0.9907158 0 -1 0 -0.03636902 0.01034808 0.9992849 -0.09114307 -0.03177654 0.9953308 -0.4337833 0.03348666 0.9003947 -0.5205907 -0.02758735 0.8533605 -0.7388256 0.02375227 0.673478 -0.7762911 -0.01158666 0.6302682 -0.9394989 -9.61137e-4 0.3425506 -0.9551406 0.0335775 0.2942433 -0.9988442 -0.03916698 0.02786463 -0.9837945 0.04520237 -0.1735088 -0.9485201 -0.02574586 -0.3156691 -0.8243191 0.02072227 -0.5657461 -0.8053029 -0.002413332 -0.5928588 -0.5310195 -0.002412617 -0.8473562 -0.5121456 0.01300948 -0.8588001 -0.2495726 -0.01547425 -0.9682325 -0.1622903 0.0304563 -0.986273 0 -1 4.17989e-7 0 -1 -4.50244e-7 0 -1 0 0 -1 0 0 -1 0 0 -1 1.2677e-7 0 -1 5.16221e-7</float_array>
          <technique_common>
            <accessor source="#Part__Feature_023-mesh-normals-array" count="1840" stride="3">
              <param name="X" type="float"/>
              <param name="Y" type="float"/>
              <param name="Z" type="float"/>
            </accessor>
          </technique_common>
        </source>
        <vertices id="Part__Feature_023-mesh-vertices">
          <input semantic="POSITION" source="#Part__Feature_023-mesh-positions"/>
        </vertices>
        <triangles material="Part__Feature_023-material" count="1884">
          <input semantic="VERTEX" source="#Part__Feature_023-mesh-vertices" offset="0"/>
          <input semantic="NORMAL" source="#Part__Feature_023-mesh-normals" offset="1"/>
          <p>3 0 0 0 4 0 0 1 5 1 4 1 5 2 7 2 4 2 4 3 7 3 6 3 8 4 7 4 5 4 9 5 10 5 8 5 8 6 10 6 7 6 9 7 11 7 10 7 12 8 11 8 9 8 12 9 13 9 11 9 13 10 14 10 11 10 13 11 16 11 14 11 15 12 16 12 13 12 17 13 18 13 15 13 17 14 19 14 18 14 15 15 18 15 16 15 19 16 20 16 18 16 21 17 20 17 19 17 21 18 23 18 20 18 22 19 23 19 21 19 25 20 24 20 22 20 22 21 24 21 23 21 25 22 26 22 24 22 26 23 27 23 24 23 28 24 27 24 26 24 28 25 29 25 27 25 30 26 29 26 28 26 30 27 31 27 29 27 30 28 32 28 31 28 1 29 32 29 30 29 32 30 33 30 31 30 0 31 34 31 5 31 5 32 34 32 8 32 34 33 35 33 8 33 8 34 35 34 9 34 6 35 7 35 36 35 36 36 7 36 37 36 7 37 38 37 37 37 10 38 38 38 7 38 12 39 39 39 13 39 10 40 40 40 38 40 13 41 39 41 15 41 38 42 40 42 41 42 11 43 40 43 10 43 39 44 17 44 15 44 14 45 40 45 11 45 40 46 14 46 41 46 17 47 42 47 19 47 41 48 14 48 44 48 16 49 44 49 14 49 42 50 43 50 19 50 19 51 43 51 21 51 44 52 16 52 45 52 21 53 43 53 22 53 43 54 46 54 22 54 16 55 20 55 45 55 18 56 20 56 16 56 45 57 20 57 47 57 22 58 46 58 25 58 46 59 48 59 25 59 47 60 20 60 49 60 20 61 23 61 49 61 25 62 48 62 26 62 48 63 50 63 26 63 49 64 23 64 51 64 26 65 50 65 28 65 24 66 53 66 23 66 23 67 53 67 51 67 50 68 52 68 28 68 51 69 53 69 54 69 28 70 52 70 30 70 27 71 53 71 24 71 53 72 27 72 54 72 52 73 55 73 30 73 30 74 55 74 1 74 54 75 27 75 56 75 27 76 29 76 56 76 56 77 29 77 57 77 29 78 31 78 57 78 2 79 31 79 33 79 57 80 31 80 2 80 62 81 59 81 61 81 63 82 86 82 2 82 87 83 63 83 60 83 6 84 36 84 61 84 61 85 36 85 62 85 36 86 37 86 62 86 59 87 62 87 64 87 62 88 37 88 65 88 62 89 65 89 64 89 64 90 65 90 66 90 38 91 41 91 37 91 37 92 41 92 67 92 65 93 67 93 66 93 37 94 67 94 65 94 66 95 67 95 68 95 67 96 41 96 69 96 41 97 70 97 69 97 44 98 70 98 41 98 67 99 69 99 68 99 68 100 69 100 71 100 69 101 70 101 72 101 70 102 45 102 72 102 44 103 45 103 70 103 71 104 69 104 73 104 69 105 72 105 73 105 72 106 45 106 74 106 45 107 47 107 74 107 73 108 72 108 75 108 74 109 47 109 76 109 72 110 74 110 75 110 47 111 49 111 76 111 75 112 74 112 77 112 76 113 49 113 78 113 74 114 76 114 77 114 49 115 51 115 78 115 77 116 76 116 79 116 78 117 51 117 80 117 76 118 78 118 79 118 51 119 54 119 80 119 79 120 78 120 81 120 78 121 80 121 81 121 80 122 54 122 82 122 54 123 56 123 82 123 81 124 80 124 83 124 80 125 82 125 83 125 82 126 56 126 84 126 56 127 57 127 84 127 83 128 82 128 85 128 82 129 84 129 85 129 84 130 57 130 86 130 85 131 84 131 87 131 2 132 86 132 57 132 86 133 63 133 84 133 84 134 63 134 87 134 869 135 89 135 90 135 90 136 89 136 93 136 92 137 94 137 89 137 89 138 94 138 93 138 92 139 64 139 95 139 59 140 64 140 92 140 95 141 94 141 92 141 93 142 94 142 96 142 64 143 66 143 95 143 94 144 97 144 96 144 97 145 95 145 100 145 66 146 98 146 95 146 66 147 68 147 99 147 100 148 95 148 98 148 97 149 100 149 96 149 99 150 98 150 66 150 68 151 71 151 99 151 96 152 100 152 101 152 99 153 103 153 98 153 99 154 71 154 102 154 71 155 73 155 102 155 100 156 103 156 101 156 101 157 103 157 104 157 102 158 103 158 99 158 103 159 105 159 104 159 102 160 73 160 106 160 102 161 105 161 103 161 106 162 105 162 102 162 75 163 106 163 73 163 106 164 107 164 105 164 104 165 107 165 108 165 105 166 107 166 104 166 106 167 75 167 109 167 77 168 109 168 75 168 109 169 110 169 106 169 106 170 110 170 107 170 107 171 111 171 108 171 77 172 112 172 109 172 109 173 112 173 110 173 112 174 113 174 110 174 79 175 112 175 77 175 112 176 79 176 114 176 112 177 115 177 113 177 111 178 113 178 116 178 113 179 115 179 116 179 79 180 81 180 114 180 114 181 81 181 117 181 114 182 115 182 112 182 115 183 114 183 119 183 81 184 83 184 117 184 116 185 115 185 118 185 114 186 117 186 119 186 115 187 119 187 118 187 117 188 83 188 120 188 83 189 85 189 120 189 120 190 121 190 117 190 85 191 122 191 120 191 119 192 121 192 118 192 123 193 121 193 120 193 118 194 121 194 124 194 120 195 122 195 123 195 87 196 122 196 85 196 121 197 123 197 124 197 87 198 125 198 122 198 123 199 122 199 125 199 60 200 125 200 87 200 123 201 126 201 124 201 124 202 126 202 91 202 59 203 92 203 58 203 58 204 92 204 88 204 89 205 88 205 92 205 98 206 103 206 100 206 110 207 111 207 107 207 110 208 113 208 111 208 829 209 125 209 60 209 125 210 829 210 126 210 95 211 97 211 94 211 121 212 119 212 117 212 125 213 126 213 123 213 93 214 127 214 90 214 130 215 131 215 127 215 132 216 130 216 127 216 132 217 133 217 130 217 134 218 133 218 132 218 134 219 136 219 133 219 135 220 137 220 134 220 137 221 136 221 134 221 138 222 137 222 135 222 139 223 140 223 138 223 138 224 140 224 137 224 139 225 141 225 140 225 142 226 141 226 139 226 142 227 143 227 141 227 144 228 143 228 142 228 143 229 145 229 161 229 144 230 145 230 143 230 147 231 146 231 144 231 146 232 145 232 144 232 148 233 146 233 147 233 148 234 149 234 146 234 148 235 150 235 149 235 151 236 150 236 148 236 151 237 152 237 150 237 155 238 152 238 151 238 165 239 154 239 202 239 93 240 132 240 127 240 129 241 131 241 128 241 96 242 132 242 93 242 130 243 156 243 131 243 132 244 96 244 134 244 96 245 101 245 134 245 133 246 156 246 130 246 134 247 101 247 135 247 104 248 135 248 101 248 133 249 136 249 157 249 104 250 138 250 135 250 104 251 139 251 138 251 108 252 139 252 104 252 137 253 158 253 136 253 108 254 142 254 139 254 140 255 158 255 137 255 140 256 159 256 158 256 111 257 142 257 108 257 141 258 159 258 140 258 142 259 116 259 144 259 111 260 116 260 142 260 141 261 160 261 159 261 143 262 160 262 141 262 143 263 161 263 160 263 116 264 147 264 144 264 118 265 147 265 116 265 118 266 148 266 147 266 146 267 162 267 145 267 124 268 148 268 118 268 149 269 162 269 146 269 149 270 163 270 162 270 124 271 151 271 148 271 150 272 163 272 149 272 151 273 124 273 155 273 150 274 164 274 163 274 152 275 164 275 150 275 155 276 124 276 153 276 153 277 124 277 91 277 152 278 165 278 164 278 155 279 165 279 152 279 154 280 165 280 155 280 90 281 127 281 129 281 129 282 127 282 131 282 168 283 169 283 206 283 131 284 170 284 128 284 170 285 171 285 172 285 166 286 173 286 167 286 167 287 173 287 174 287 175 288 177 288 176 288 179 289 177 289 175 289 178 290 176 290 180 290 179 291 181 291 177 291 176 292 177 292 180 292 182 293 181 293 179 293 182 294 183 294 181 294 177 295 181 295 180 295 180 296 181 296 184 296 182 297 185 297 183 297 181 298 183 298 184 298 186 299 185 299 182 299 183 300 185 300 184 300 184 301 185 301 187 301 186 302 188 302 185 302 186 303 189 303 188 303 190 304 189 304 186 304 187 305 188 305 191 305 185 306 188 306 187 306 191 307 188 307 192 307 190 308 193 308 189 308 188 309 189 309 192 309 189 310 194 310 192 310 193 311 194 311 189 311 192 312 194 312 195 312 196 313 194 313 193 313 196 314 197 314 194 314 194 315 197 315 195 315 198 316 197 316 196 316 195 317 197 317 199 317 198 318 200 318 197 318 197 319 200 319 199 319 199 320 200 320 201 320 201 321 205 321 206 321 206 322 205 322 168 322 131 323 171 323 170 323 156 324 171 324 131 324 172 325 173 325 166 325 156 326 175 326 171 326 171 327 175 327 172 327 173 328 175 328 176 328 172 329 175 329 173 329 156 330 207 330 175 330 133 331 207 331 156 331 175 332 207 332 179 332 133 333 157 333 207 333 207 334 157 334 179 334 174 335 173 335 178 335 178 336 173 336 176 336 157 337 208 337 179 337 136 338 208 338 157 338 179 339 208 339 182 339 158 340 208 340 136 340 158 341 209 341 208 341 208 342 209 342 182 342 159 343 209 343 158 343 160 344 209 344 159 344 182 345 209 345 186 345 161 346 209 346 160 346 161 347 210 347 209 347 209 348 210 348 186 348 186 349 210 349 190 349 145 350 210 350 161 350 210 351 211 351 190 351 145 352 211 352 210 352 162 353 211 353 145 353 190 354 211 354 193 354 162 355 212 355 211 355 211 356 212 356 193 356 193 357 212 357 196 357 163 358 196 358 162 358 162 359 196 359 212 359 196 360 213 360 198 360 163 361 213 361 196 361 164 362 213 362 163 362 165 363 213 363 164 363 165 364 203 364 213 364 202 365 203 365 165 365 213 366 203 366 198 366 198 367 203 367 200 367 200 368 203 368 205 368 203 369 204 369 205 369 202 370 204 370 203 370 168 371 205 371 204 371 200 372 205 372 201 372 167 373 215 373 214 373 174 374 215 374 167 374 178 375 215 375 174 375 216 376 218 376 217 376 219 377 218 377 216 377 218 378 221 378 217 378 180 379 222 379 178 379 178 380 222 380 215 380 184 381 225 381 180 381 180 382 225 382 222 382 226 383 224 383 219 383 184 384 231 384 225 384 187 385 231 385 184 385 187 386 229 386 231 386 226 387 230 387 224 387 232 388 229 388 187 388 226 389 233 389 230 389 232 390 234 390 229 390 231 391 235 391 228 391 236 392 235 392 231 392 235 393 237 393 226 393 226 394 237 394 233 394 191 395 234 395 232 395 235 396 238 396 237 396 191 397 239 397 234 397 192 398 239 398 191 398 241 399 240 399 236 399 235 400 242 400 238 400 240 401 242 401 235 401 192 402 243 402 239 402 241 403 244 403 240 403 195 404 243 404 192 404 195 405 245 405 243 405 246 406 244 406 241 406 240 407 247 407 242 407 244 408 247 408 240 408 244 409 248 409 247 409 246 410 249 410 244 410 195 411 250 411 245 411 199 412 250 412 195 412 249 413 248 413 244 413 249 414 251 414 248 414 246 415 252 415 249 415 199 416 253 416 250 416 201 417 253 417 199 417 249 418 254 418 251 418 255 419 254 419 249 419 255 420 256 420 254 420 257 421 258 421 255 421 258 422 260 422 255 422 255 423 260 423 256 423 259 424 253 424 206 424 206 425 253 425 201 425 263 426 262 426 257 426 263 427 264 427 262 427 264 428 265 428 262 428 216 429 214 429 219 429 214 430 215 430 219 430 221 431 218 431 223 431 217 432 221 432 714 432 223 433 219 433 227 433 218 434 219 434 223 434 215 435 222 435 219 435 219 436 222 436 226 436 227 437 219 437 224 437 226 438 222 438 228 438 222 439 225 439 228 439 227 440 224 440 230 440 228 441 225 441 231 441 231 442 229 442 236 442 228 443 235 443 226 443 229 444 234 444 236 444 236 445 234 445 241 445 236 446 240 446 235 446 234 447 239 447 241 447 241 448 239 448 246 448 239 449 243 449 246 449 243 450 245 450 246 450 246 451 245 451 252 451 245 452 250 452 252 452 252 453 250 453 255 453 252 454 255 454 249 454 255 455 250 455 257 455 250 456 253 456 257 456 260 457 258 457 261 457 258 458 257 458 261 458 253 459 259 459 257 459 257 460 259 460 263 460 289 461 257 461 262 461 261 462 257 462 289 462 289 463 262 463 265 463 264 464 267 464 265 464 264 465 693 465 267 465 475 466 220 466 269 466 227 467 268 467 223 467 269 468 220 468 221 468 223 469 269 469 221 469 269 470 223 470 270 470 270 471 223 471 268 471 268 472 227 472 272 472 268 473 271 473 270 473 272 474 271 474 268 474 227 475 230 475 272 475 271 476 272 476 273 476 273 477 272 477 230 477 230 478 233 478 273 478 273 479 233 479 274 479 237 480 274 480 233 480 274 481 275 481 276 481 237 482 275 482 274 482 237 483 276 483 275 483 238 484 276 484 237 484 242 485 277 485 238 485 277 486 276 486 238 486 277 487 242 487 278 487 242 488 247 488 278 488 247 489 279 489 278 489 247 490 280 490 279 490 247 491 248 491 280 491 280 492 248 492 281 492 279 493 280 493 281 493 251 494 281 494 248 494 251 495 282 495 281 495 254 496 282 496 251 496 281 497 282 497 283 497 254 498 283 498 282 498 284 499 283 499 254 499 256 500 284 500 254 500 283 501 284 501 285 501 284 502 256 502 286 502 284 503 286 503 285 503 256 504 260 504 286 504 260 505 287 505 286 505 261 506 287 506 260 506 286 507 287 507 288 507 261 508 288 508 287 508 289 509 288 509 261 509 288 510 289 510 290 510 289 511 265 511 290 511 265 512 266 512 290 512 267 513 266 513 265 513 493 514 292 514 293 514 294 515 292 515 493 515 293 516 292 516 295 516 294 517 296 517 292 517 297 518 296 518 294 518 296 519 299 519 292 519 298 520 300 520 296 520 296 521 300 521 299 521 291 522 310 522 307 522 307 523 310 523 306 523 305 524 306 524 308 524 344 525 311 525 312 525 312 526 313 526 609 526 310 527 315 527 306 527 306 528 315 528 308 528 609 529 313 529 558 529 311 530 316 530 312 530 312 531 317 532 313 533 316 534 317 534 312 534 318 535 320 535 319 535 321 536 320 536 374 536 320 537 321 537 319 537 319 538 321 538 322 538 299 539 295 539 292 539 297 540 298 540 296 540 297 541 324 541 298 541 299 542 323 542 295 542 298 543 324 543 302 543 325 544 324 544 297 544 300 545 298 545 301 545 325 546 326 546 324 546 301 547 299 547 300 547 295 548 323 548 327 548 298 549 302 549 301 549 323 550 328 550 327 550 325 551 329 551 326 551 299 552 301 552 330 552 331 553 329 553 325 553 332 554 333 554 380 554 334 555 333 555 332 555 336 556 338 556 337 556 334 557 339 557 333 557 334 558 340 558 339 558 339 559 340 559 304 559 341 560 340 560 334 560 304 561 340 561 305 561 341 562 305 562 340 562 307 563 305 563 341 563 306 564 305 564 307 564 338 565 343 565 337 565 337 566 343 566 342 566 379 567 342 567 344 567 311 568 344 568 342 568 304 569 305 569 309 569 309 570 305 570 308 570 347 571 348 571 349 571 346 572 348 572 347 572 346 573 345 573 348 573 345 574 350 574 348 574 343 575 349 575 351 575 309 576 308 576 315 576 310 577 314 577 315 577 405 578 361 578 390 578 353 579 354 579 356 579 314 580 357 580 315 580 358 581 357 581 314 581 316 582 359 582 317 582 358 583 360 583 357 583 317 584 362 584 313 584 313 585 362 585 558 585 361 586 363 586 368 586 365 587 362 587 317 587 558 588 362 588 366 588 368 589 367 589 400 589 364 590 368 590 363 590 365 591 369 591 362 591 369 592 371 592 362 592 370 593 318 593 319 593 364 594 373 594 368 594 319 595 371 595 369 595 374 596 373 596 372 596 320 597 373 597 374 597 322 598 371 598 319 598 366 599 371 599 322 599 330 600 328 600 299 600 299 601 328 601 323 601 324 602 326 602 302 602 332 603 380 603 331 603 337 604 328 604 336 604 327 605 328 605 337 605 327 606 337 606 375 606 385 607 330 607 335 607 375 608 337 608 379 608 380 609 381 609 376 609 380 610 333 610 381 610 379 611 337 611 342 611 376 612 383 612 378 612 376 613 384 613 383 613 376 614 381 614 384 614 382 615 385 615 335 615 339 616 303 616 333 616 304 617 303 617 339 617 346 618 347 618 382 618 382 619 347 619 385 619 347 620 386 620 385 620 388 621 387 621 381 621 381 622 387 622 384 622 349 623 386 623 347 623 384 624 389 624 383 624 386 625 343 625 338 625 304 626 390 626 303 626 342 627 343 627 311 627 311 628 343 628 351 628 387 629 391 629 384 629 386 630 349 630 343 630 352 631 389 631 391 631 353 632 352 632 391 632 350 633 389 633 352 633 345 634 389 634 350 634 348 635 394 635 349 635 349 636 394 636 359 636 311 637 351 637 316 637 393 638 395 638 392 638 390 639 395 639 393 639 356 640 352 640 353 640 390 641 396 641 395 641 395 642 396 642 355 642 355 643 354 643 395 643 395 644 354 644 353 644 349 645 359 645 351 645 315 646 397 646 309 646 351 647 359 647 316 647 350 648 356 648 398 648 352 649 356 649 350 649 405 650 397 650 361 650 357 651 360 651 315 651 350 652 398 652 394 652 394 653 398 653 359 653 398 654 365 654 359 654 354 655 399 655 356 655 355 656 399 656 354 656 396 657 400 657 355 657 361 658 400 658 396 658 356 659 401 659 398 659 399 660 401 660 356 660 363 661 360 661 364 661 368 662 400 662 361 662 359 663 365 663 317 663 370 664 399 664 400 664 370 665 401 665 399 665 355 666 400 666 399 666 369 667 401 667 370 667 398 668 401 668 365 668 358 669 364 669 360 669 402 670 364 670 358 670 401 671 369 671 365 671 403 672 364 672 402 672 319 673 369 673 370 673 400 674 367 674 370 674 318 675 370 675 367 675 318 676 367 676 320 676 373 677 403 677 372 677 364 678 403 678 373 678 320 679 368 679 373 679 367 680 368 680 320 680 366 681 362 681 371 681 376 682 331 682 380 682 329 683 331 683 376 683 302 684 377 684 301 684 326 685 378 685 302 685 301 686 335 686 330 686 335 687 377 687 382 687 301 688 377 688 335 688 326 689 329 689 378 689 330 690 336 690 328 690 378 691 382 691 377 691 376 692 378 692 329 692 378 693 404 693 382 693 336 694 385 694 338 694 330 695 385 695 336 695 382 696 404 696 346 696 338 697 385 697 386 697 388 698 381 698 333 698 346 699 404 699 389 699 389 700 404 700 383 700 333 701 303 701 388 701 390 702 393 702 303 702 303 703 393 703 388 703 345 704 346 704 389 704 387 705 388 705 392 705 384 706 391 706 389 706 387 707 392 707 391 707 309 708 405 708 304 708 304 709 405 709 390 709 391 710 392 710 353 710 353 711 392 711 395 711 397 712 405 712 309 712 350 713 394 713 348 713 361 714 396 714 390 714 360 715 397 715 315 715 363 716 361 716 397 716 363 717 397 717 360 717 378 718 377 718 302 718 378 719 383 719 404 719 388 720 393 720 392 720 407 721 406 721 408 721 406 722 409 722 408 722 408 723 409 723 410 723 409 724 411 724 410 724 410 725 411 725 412 725 411 726 413 726 412 726 412 727 413 727 414 727 413 728 415 728 414 728 414 729 415 729 416 729 415 730 417 730 416 730 416 731 417 731 418 731 417 732 419 732 418 732 418 733 419 733 420 733 419 734 421 734 420 734 420 735 421 735 422 735 421 736 423 736 422 736 425 737 424 737 426 737 425 738 1 738 424 738 897 739 425 739 426 739 897 740 426 740 427 740 428 741 897 741 427 741 429 742 428 742 427 742 429 743 427 743 430 743 431 744 429 744 430 744 904 745 431 745 430 745 904 746 430 746 432 746 433 747 904 747 432 747 433 748 432 748 434 748 435 749 433 749 434 749 436 750 434 750 437 750 436 751 435 751 434 751 438 752 436 752 437 752 438 753 437 753 439 753 911 754 438 754 439 754 440 755 911 755 439 755 440 756 439 756 441 756 442 757 440 757 441 757 443 758 442 758 441 758 443 759 441 759 444 759 445 760 443 760 444 760 445 761 444 761 446 761 3 762 445 762 446 762 0 763 3 763 446 763 458 764 266 764 459 764 458 765 459 765 460 765 458 766 460 766 461 766 462 767 458 767 461 767 462 768 461 768 463 768 462 769 463 769 753 769 464 770 462 770 753 770 464 771 753 771 755 771 465 772 464 772 755 772 465 773 755 773 466 773 465 774 466 774 756 774 467 775 465 775 756 775 467 776 756 776 758 776 467 777 758 777 747 777 468 778 467 778 747 778 468 779 747 779 748 779 468 780 748 780 469 780 470 781 468 781 469 781 470 782 469 782 471 782 470 783 471 783 472 783 473 784 470 784 472 784 473 785 472 785 750 785 473 786 750 786 751 786 473 787 751 787 752 787 474 788 473 788 752 788 474 789 752 789 475 789 477 790 476 790 478 790 477 791 291 791 476 791 479 792 477 792 478 792 479 793 478 793 480 793 481 794 479 794 480 794 481 795 480 795 482 795 483 796 481 796 482 796 483 797 482 797 484 797 485 798 483 798 484 798 485 799 484 799 486 799 487 800 485 800 486 800 487 801 486 801 488 801 489 802 487 802 488 802 489 803 488 803 490 803 491 804 489 804 490 804 491 805 490 805 492 805 493 806 491 806 492 806 493 807 492 807 494 807 496 808 535 808 495 808 497 809 495 809 557 809 497 810 557 810 558 810 498 811 495 811 497 811 499 812 539 812 496 812 498 813 496 813 495 813 500 814 499 814 496 814 500 815 496 815 498 815 501 816 497 816 558 816 501 817 558 817 366 817 501 818 498 818 497 818 503 819 500 819 498 819 503 820 498 820 501 820 505 821 540 821 499 821 506 822 366 822 502 822 506 823 501 823 366 823 507 824 499 824 500 824 504 825 506 825 502 825 508 826 502 826 566 826 505 827 499 827 507 827 507 828 500 828 503 828 504 829 502 829 508 829 509 830 501 830 506 830 509 831 503 831 501 831 511 832 503 832 509 832 507 833 503 833 511 833 511 834 505 834 507 834 512 835 504 835 508 835 514 836 506 836 504 836 512 837 508 837 513 837 515 838 513 838 575 838 514 839 509 839 506 839 514 840 504 840 512 840 515 841 575 841 516 841 517 842 511 842 509 842 517 843 509 843 514 843 512 844 513 844 515 844 518 845 516 845 577 845 519 846 514 846 512 846 505 847 511 847 517 847 520 848 512 848 515 848 522 849 515 849 516 849 520 850 519 850 512 850 521 851 517 852 514 853 518 854 522 854 516 854 521 855 514 855 519 855 520 856 515 856 522 856 523 857 522 857 518 857 523 858 580 858 525 858 523 859 518 859 580 859 510 860 505 860 517 860 510 861 517 861 521 861 524 862 525 863 583 864 526 865 519 865 520 865 526 866 520 866 522 866 527 867 522 867 523 867 529 868 523 868 525 868 529 869 527 869 523 869 526 870 522 870 527 870 530 871 521 871 519 871 530 872 519 872 526 872 528 873 531 873 524 873 531 874 525 874 524 874 529 875 525 875 531 875 532 876 526 876 527 876 533 877 528 877 586 877 530 878 510 878 521 878 534 879 531 879 528 879 534 880 528 880 533 880 535 881 533 881 586 881 536 882 527 882 529 882 530 883 526 883 532 883 536 884 532 884 527 884 538 885 530 885 532 885 534 886 529 886 531 886 536 887 529 888 534 889 538 890 532 890 536 890 537 891 534 891 533 891 496 892 533 892 535 892 510 893 530 893 538 893 536 894 534 894 537 894 496 895 537 895 533 895 539 896 536 896 537 896 539 897 537 897 496 897 540 898 538 898 536 898 510 899 538 899 540 899 540 900 536 900 539 900 540 901 539 901 499 901 505 902 510 902 540 902 580 903 583 903 525 903 581 904 583 904 580 904 542 905 541 905 567 905 543 906 541 906 544 906 544 907 541 907 542 907 551 908 544 908 542 908 545 909 543 909 544 909 546 910 543 910 545 910 547 911 545 911 544 911 548 912 544 912 551 912 547 913 544 913 548 913 542 914 567 915 550 916 552 917 546 917 545 917 549 918 546 918 552 918 550 919 551 919 542 919 552 920 545 920 547 920 553 921 548 921 551 921 553 922 551 922 550 922 495 923 549 923 552 923 554 924 547 924 548 924 495 925 535 925 549 925 556 926 548 926 553 926 553 927 550 927 555 927 557 928 552 928 547 928 552 929 557 929 495 929 554 930 548 930 556 930 554 931 557 931 547 931 558 932 557 932 554 932 560 933 556 933 553 933 559 934 550 934 567 934 560 935 553 935 555 935 561 936 558 936 554 936 561 937 554 937 556 937 564 938 555 938 550 938 562 939 560 939 555 939 563 940 561 940 556 940 562 941 555 941 564 941 564 942 550 942 559 942 563 943 556 943 560 943 565 944 560 944 562 944 566 945 563 945 560 945 568 946 564 946 559 946 502 947 561 947 563 947 566 948 560 948 565 948 502 949 366 949 561 949 570 950 562 950 564 950 502 951 563 951 566 951 569 952 570 952 564 952 570 953 565 953 562 953 569 954 564 954 568 954 571 955 559 956 567 957 573 958 570 958 569 958 574 959 569 959 568 959 572 960 559 960 571 960 572 961 568 961 559 961 508 962 566 962 565 962 513 963 565 963 570 963 575 964 513 964 570 964 513 965 508 965 565 965 574 966 568 966 572 966 575 967 570 967 573 967 576 968 573 968 569 968 574 969 576 969 569 969 577 970 573 970 576 970 516 971 575 971 573 971 516 972 573 972 577 972 579 973 574 973 572 973 578 974 572 974 571 974 580 975 576 975 574 975 541 976 571 976 567 976 581 977 574 977 579 977 578 978 579 978 572 978 581 979 580 979 574 979 580 980 577 980 576 980 582 981 579 982 578 983 518 984 577 984 580 984 543 985 578 985 571 985 583 986 581 986 579 986 543 987 571 987 541 987 583 988 579 988 582 988 543 989 582 989 578 989 584 990 583 990 582 990 585 991 582 991 543 991 546 992 585 992 543 992 524 993 583 993 584 993 586 994 584 994 582 994 586 995 582 995 585 995 528 996 524 996 584 996 586 997 585 997 546 997 586 998 528 998 584 998 549 999 586 999 546 999 549 1000 535 1000 586 1000 291 1001 587 1001 310 1001 477 1002 587 1002 291 1002 310 1003 587 1003 314 1003 477 1004 588 1004 587 1004 479 1005 588 1005 477 1005 588 1006 590 1006 587 1006 589 1007 591 1007 588 1007 588 1008 591 1008 590 1008 493 1009 597 1009 491 1009 493 1010 293 1010 597 1010 596 1011 597 1011 598 1011 374 1012 600 1012 321 1012 321 1013 601 1013 322 1013 293 1014 602 1014 597 1014 597 1015 602 1015 598 1015 600 1016 603 1016 321 1016 603 1017 601 1017 321 1017 604 1018 603 1018 600 1018 322 1019 601 1019 366 1019 312 1020 608 1020 344 1020 608 1021 312 1021 607 1021 607 1022 609 1023 606 1024 607 1025 312 1025 609 1025 587 1026 590 1026 314 1026 479 1027 589 1027 588 1027 590 1028 610 1028 314 1028 479 1029 611 1029 589 1029 314 1030 610 1030 358 1030 481 1031 611 1031 479 1031 612 1032 610 1032 590 1032 589 1033 611 1033 593 1033 590 1034 591 1034 612 1034 591 1035 589 1035 592 1035 481 1036 613 1036 611 1036 589 1037 593 1037 592 1037 591 1038 592 1038 612 1038 483 1039 614 1039 481 1039 481 1040 614 1040 613 1040 612 1041 592 1041 615 1041 485 1042 614 1042 483 1042 487 1043 616 1043 654 1043 489 1044 616 1044 487 1044 489 1045 620 1045 616 1045 489 1046 622 1046 620 1046 618 1047 621 1047 619 1047 620 1048 622 1048 595 1048 595 1049 622 1049 596 1049 491 1050 622 1050 489 1050 491 1051 596 1051 622 1051 597 1052 596 1052 491 1052 619 1053 623 1053 372 1053 600 1054 374 1054 372 1054 595 1055 596 1055 599 1055 599 1056 596 1056 598 1056 624 1057 627 1057 625 1057 629 1058 598 1058 602 1058 599 1059 598 1059 629 1059 295 1060 602 1060 293 1060 676 1061 671 1061 663 1061 670 1062 631 1062 630 1062 632 1063 631 1063 670 1063 295 1064 633 1064 602 1064 602 1065 633 1065 629 1065 604 1066 634 1066 603 1066 327 1067 633 1067 295 1067 366 1068 635 1068 561 1068 601 1069 635 1069 366 1069 327 1070 636 1070 633 1070 603 1071 635 1071 601 1071 639 1072 638 1072 637 1072 640 1073 635 1073 603 1073 637 1074 642 1074 641 1074 638 1075 642 1075 637 1075 640 1076 643 1076 635 1076 644 1077 643 1077 640 1077 645 1078 605 1078 606 1078 642 1079 648 1079 641 1079 605 1080 608 1080 607 1080 561 1081 643 1081 558 1081 606 1082 605 1082 607 1082 606 1083 643 1083 644 1083 344 1084 648 1084 379 1084 643 1085 609 1085 558 1085 608 1086 648 1086 344 1086 606 1087 609 1087 643 1087 611 1088 613 1088 593 1088 610 1089 402 1089 358 1089 612 1090 618 1090 610 1090 487 1091 654 1091 485 1091 610 1092 618 1092 402 1092 402 1093 618 1093 619 1093 619 1094 652 1094 402 1094 658 1095 615 1095 617 1095 402 1096 652 1096 403 1096 654 1097 653 1097 649 1097 654 1098 616 1098 653 1098 403 1099 652 1099 372 1099 372 1100 652 1100 619 1100 649 1101 656 1101 651 1101 649 1102 657 1102 656 1102 649 1103 653 1103 657 1103 650 1104 658 1104 617 1104 620 1105 594 1105 616 1105 595 1106 594 1106 620 1106 650 1107 655 1107 658 1107 658 1108 655 1108 626 1108 626 1109 659 1109 658 1109 661 1110 660 1110 653 1110 653 1111 660 1111 657 1111 657 1112 662 1112 656 1112 624 1113 625 1113 655 1113 655 1114 625 1114 626 1114 595 1115 663 1115 594 1115 372 1116 623 1116 600 1116 600 1117 623 1117 628 1117 662 1118 664 1118 624 1118 660 1119 665 1119 657 1119 626 1120 628 1120 659 1120 630 1121 667 1121 665 1121 624 1122 664 1122 627 1122 628 1123 669 1123 634 1123 626 1124 669 1124 628 1124 625 1125 669 1125 626 1125 665 1126 667 1126 664 1126 600 1127 628 1127 604 1127 668 1128 670 1128 666 1128 663 1129 670 1129 668 1129 664 1130 667 1130 630 1130 663 1131 671 1131 670 1131 670 1132 671 1132 632 1132 629 1133 639 1133 599 1133 628 1134 634 1134 604 1134 627 1135 673 1135 672 1135 664 1136 673 1136 627 1136 630 1137 673 1137 664 1137 676 1138 639 1138 671 1138 633 1139 636 1139 629 1139 669 1140 672 1140 634 1140 627 1141 672 1141 669 1141 671 1142 674 1142 632 1142 634 1143 672 1143 640 1143 632 1144 675 1144 631 1144 639 1145 636 1145 638 1145 634 1146 640 1146 603 1146 645 1147 675 1147 646 1147 645 1148 673 1148 675 1148 632 1149 646 1149 675 1149 672 1150 644 1150 640 1150 674 1151 646 1151 632 1151 673 1152 644 1152 672 1152 645 1153 644 1153 673 1153 327 1154 638 1154 636 1154 375 1155 638 1155 327 1155 606 1156 644 1156 645 1156 375 1157 642 1157 638 1157 646 1158 647 1158 645 1158 605 1159 645 1159 647 1159 635 1160 643 1160 561 1160 379 1161 642 1161 375 1161 605 1162 647 1162 608 1162 648 1163 642 1163 379 1163 608 1164 641 1164 648 1164 647 1165 641 1165 608 1165 646 1166 641 1166 647 1166 614 1167 485 1167 649 1167 649 1168 485 1168 654 1168 593 1169 650 1169 592 1169 613 1170 651 1170 593 1170 612 1171 615 1171 618 1171 592 1172 617 1172 615 1172 592 1173 650 1173 617 1173 613 1174 614 1174 651 1174 655 1175 650 1175 651 1175 649 1176 651 1176 614 1176 615 1177 658 1177 618 1177 618 1178 658 1178 621 1178 662 1179 655 1179 656 1179 621 1180 658 1180 659 1180 661 1181 653 1181 616 1181 616 1182 594 1182 661 1182 594 1183 668 1183 661 1183 663 1184 668 1184 594 1184 655 1185 662 1185 624 1185 623 1186 659 1186 628 1186 660 1187 661 1187 666 1187 657 1188 665 1188 662 1188 662 1189 665 1189 664 1189 660 1190 666 1190 665 1190 599 1191 676 1191 595 1191 595 1192 676 1192 663 1192 630 1193 666 1193 670 1193 665 1194 666 1194 630 1194 639 1195 676 1195 599 1195 627 1196 669 1196 625 1196 636 1197 639 1197 629 1197 637 1198 671 1198 639 1198 674 1199 671 1199 637 1199 631 1200 675 1200 630 1200 630 1201 675 1201 673 1201 637 1202 646 1202 674 1202 641 1203 646 1203 637 1203 651 1204 650 1204 593 1204 651 1205 656 1205 655 1205 619 1206 621 1206 623 1206 623 1207 621 1207 659 1207 661 1208 668 1208 666 1208 294 1209 493 1209 494 1209 294 1210 494 1210 677 1210 297 1211 294 1211 677 1211 297 1212 677 1212 678 1212 325 1213 297 1213 678 1213 325 1214 678 1214 679 1214 331 1215 325 1215 679 1215 331 1216 679 1216 680 1216 332 1217 331 1217 680 1217 332 1218 680 1218 681 1218 334 1219 332 1219 681 1219 341 1220 334 1220 681 1220 341 1221 681 1221 682 1221 307 1222 341 1222 682 1222 307 1223 682 1223 476 1223 291 1224 307 1224 476 1224 683 1225 681 1225 684 1225 683 1226 682 1226 681 1226 684 1226 681 1226 685 1226 686 1226 682 1226 683 1226 681 1227 680 1227 685 1227 686 1228 476 1228 682 1228 685 1229 680 1229 687 1229 458 1230 476 1230 686 1230 680 1226 679 1226 687 1226 458 1226 478 1226 476 1226 687 1231 679 1231 688 1231 679 1226 678 1226 688 1226 458 1226 480 1226 478 1226 462 1226 480 1226 458 1226 688 1232 678 1232 689 1232 480 1226 464 1226 482 1226 462 1226 464 1226 480 1226 677 1233 689 1233 678 1233 464 1226 465 1226 482 1226 677 1226 690 1226 689 1226 482 1226 465 1226 484 1226 494 1234 690 1234 677 1234 494 1226 474 1226 690 1226 465 1235 467 1235 484 1235 484 1236 467 1236 486 1236 492 1226 473 1226 494 1226 494 1226 473 1226 474 1226 486 1226 467 1226 488 1226 467 1226 468 1226 488 1226 490 1237 473 1237 492 1237 468 1238 470 1238 488 1238 490 1226 470 1226 473 1226 488 1226 470 1226 490 1226 474 1239 475 1239 269 1239 690 1240 474 1240 269 1240 690 1241 269 1241 270 1241 690 1242 270 1242 271 1242 689 1243 690 1243 271 1243 689 1244 271 1244 273 1244 689 1245 273 1245 274 1245 688 1246 689 1246 274 1246 688 1247 274 1247 276 1247 688 1248 276 1248 277 1248 687 1249 688 1249 277 1249 687 1250 277 1250 278 1250 687 1251 278 1251 279 1251 685 1252 279 1252 281 1252 685 1253 687 1253 279 1253 685 1254 281 1254 283 1254 684 1255 685 1255 283 1255 684 1256 283 1256 285 1256 683 1257 684 1257 285 1257 683 1258 285 1258 286 1258 683 1259 286 1259 288 1259 686 1260 683 1260 288 1260 686 1261 288 1261 290 1261 686 1262 290 1262 266 1262 458 1263 686 1263 266 1263 169 1264 691 1264 206 1264 206 1265 691 1265 259 1265 447 1266 691 1266 169 1266 448 1267 692 1267 447 1267 264 1268 695 1268 693 1268 692 1269 696 1269 694 1269 449 1270 697 1270 448 1270 448 1271 697 1271 692 1271 697 1272 696 1272 692 1272 697 1273 698 1273 696 1273 449 1274 699 1274 697 1274 699 1275 698 1275 697 1275 450 1276 699 1276 449 1276 699 1277 700 1277 698 1277 451 1278 701 1278 450 1278 450 1279 701 1279 699 1279 699 1280 702 1280 700 1280 701 1281 702 1281 699 1281 452 1282 701 1282 451 1282 452 1283 703 1283 701 1283 701 1284 704 1284 702 1284 703 1285 704 1285 701 1285 453 1286 703 1286 452 1286 703 1287 705 1287 704 1287 453 1288 706 1288 703 1288 703 1289 707 1289 705 1289 454 1290 706 1290 453 1290 706 1291 707 1291 703 1291 706 1292 708 1292 707 1292 455 1293 709 1293 454 1293 454 1294 709 1294 706 1294 706 1295 710 1295 708 1295 709 1296 710 1296 706 1296 456 1297 709 1297 455 1297 456 1298 711 1298 709 1298 709 1299 711 1299 710 1299 214 1300 712 1300 167 1300 167 1301 712 1301 457 1301 714 1302 715 1302 713 1302 692 1303 691 1303 447 1303 694 1304 691 1304 692 1304 267 1305 693 1305 716 1305 717 1306 694 1306 718 1306 694 1307 696 1307 718 1307 718 1308 696 1308 719 1308 696 1309 698 1309 719 1309 719 1310 698 1310 729 1310 698 1311 700 1311 729 1311 729 1312 700 1312 732 1312 700 1313 702 1313 732 1313 732 1314 702 1314 720 1314 702 1315 704 1315 720 1315 720 1316 704 1316 721 1316 704 1317 705 1317 721 1317 721 1318 705 1318 735 1318 735 1319 705 1319 738 1319 705 1320 707 1320 738 1320 738 1321 707 1321 739 1321 707 1322 708 1322 739 1322 739 1323 708 1323 741 1323 708 1324 710 1324 741 1324 741 1325 710 1325 722 1325 710 1326 723 1326 722 1326 711 1327 723 1327 710 1327 722 1328 723 1328 724 1328 457 1329 712 1329 456 1329 456 1330 712 1330 711 1330 711 1331 713 1331 723 1331 723 1332 713 1332 724 1332 715 1333 724 1333 713 1333 714 1334 221 1334 725 1334 691 1335 263 1335 259 1335 691 1336 717 1336 263 1336 717 1337 264 1337 263 1337 691 1338 694 1338 717 1338 264 1339 717 1339 695 1339 726 1340 695 1340 717 1340 717 1341 718 1341 726 1341 718 1342 719 1342 726 1342 726 1343 719 1343 727 1343 727 1344 719 1344 728 1344 719 1345 729 1345 728 1345 728 1346 729 1346 730 1346 728 1347 730 1347 731 1347 729 1348 732 1348 730 1348 730 1349 732 1349 733 1349 732 1350 720 1350 733 1350 733 1351 720 1351 734 1351 720 1352 721 1352 734 1352 734 1353 721 1353 736 1353 721 1354 735 1354 736 1354 736 1355 735 1355 737 1355 735 1356 738 1356 737 1356 738 1357 739 1357 737 1357 737 1358 739 1358 740 1358 739 1359 741 1359 740 1359 740 1360 741 1360 742 1360 741 1361 722 1361 742 1361 722 1362 724 1362 742 1362 742 1363 724 1363 743 1363 711 1364 712 1364 713 1364 712 1365 216 1365 713 1365 214 1366 216 1366 712 1366 724 1367 715 1367 743 1367 217 1368 713 1368 216 1368 714 1369 713 1369 217 1369 266 1370 267 1370 716 1370 266 1371 716 1371 459 1371 695 1372 716 1372 693 1372 716 1373 695 1373 459 1373 459 1374 695 1374 460 1374 727 1375 744 1375 726 1375 728 1376 745 1376 727 1376 728 1377 731 1377 745 1377 730 1378 733 1378 746 1378 737 1379 747 1379 736 1379 737 1380 748 1380 747 1380 737 1381 759 1381 748 1381 740 1382 759 1382 737 1382 742 1383 471 1383 740 1383 742 1384 749 1384 471 1384 742 1385 750 1385 749 1385 743 1386 750 1386 742 1386 715 1387 725 1387 752 1387 714 1388 725 1388 715 1388 752 1389 725 1389 475 1389 475 1390 725 1390 220 1390 725 1391 221 1391 220 1391 726 1392 461 1392 460 1392 463 1393 461 1393 744 1393 727 1394 745 1394 744 1394 745 1395 463 1395 744 1395 463 1396 745 1396 753 1396 731 1397 753 1397 745 1397 731 1398 754 1398 753 1398 730 1399 754 1399 731 1399 754 1400 755 1400 753 1400 754 1401 730 1401 755 1401 730 1402 746 1402 755 1402 746 1403 466 1403 755 1403 756 1404 466 1404 746 1404 733 1405 756 1405 746 1405 734 1406 756 1406 733 1406 756 1407 734 1407 757 1407 736 1408 757 1408 734 1408 756 1409 757 1409 758 1409 757 1410 736 1410 758 1410 736 1411 747 1411 758 1411 748 1412 759 1412 469 1412 740 1413 469 1413 759 1413 471 1414 469 1414 740 1414 471 1415 749 1415 472 1415 750 1416 472 1416 749 1416 750 1417 743 1417 751 1417 751 1418 715 1418 752 1418 726 1419 460 1419 695 1419 461 1420 726 1420 744 1420 751 1421 743 1421 715 1421 232 1422 187 1422 191 1422 760 1423 202 1423 154 1423 202 1424 760 1424 204 1424 763 1425 762 1425 761 1425 763 1426 764 1426 762 1426 447 1427 764 1427 448 1427 762 1428 764 1428 447 1428 765 1429 764 1429 763 1429 765 1430 766 1430 764 1430 767 1431 766 1431 765 1431 448 1432 766 1432 449 1432 764 1433 766 1433 448 1433 767 1434 768 1434 766 1434 769 1435 768 1435 767 1435 766 1436 768 1436 449 1436 449 1437 768 1437 450 1437 769 1438 770 1438 768 1438 771 1439 770 1439 769 1439 768 1440 770 1440 450 1440 450 1441 770 1441 451 1441 771 1442 772 1442 770 1442 770 1443 772 1443 451 1443 771 1444 773 1444 772 1444 774 1445 773 1445 771 1445 451 1446 772 1446 452 1446 774 1447 775 1447 773 1447 772 1448 773 1448 452 1448 776 1449 775 1449 774 1449 452 1450 773 1450 453 1450 776 1451 777 1451 775 1451 773 1452 775 1452 453 1452 453 1453 775 1453 454 1453 778 1454 777 1454 776 1454 778 1455 779 1455 777 1455 775 1456 777 1456 454 1456 454 1457 777 1457 455 1457 777 1458 779 1458 455 1458 778 1459 780 1459 779 1459 781 1460 780 1460 778 1460 779 1461 780 1461 455 1461 455 1462 780 1462 456 1462 167 1463 457 1463 166 1463 783 1464 761 1464 760 1464 799 1465 761 1465 783 1465 760 1466 761 1466 204 1466 168 1467 761 1467 762 1467 204 1468 761 1468 168 1468 784 1469 761 1469 799 1469 784 1470 763 1470 761 1470 784 1471 785 1471 763 1471 763 1472 785 1472 765 1472 802 1473 785 1473 784 1473 169 1474 762 1474 447 1474 168 1475 762 1475 169 1475 786 1476 785 1476 802 1476 765 1477 785 1477 767 1477 785 1478 787 1478 767 1478 786 1479 787 1479 785 1479 788 1480 787 1480 786 1480 767 1481 787 1481 769 1481 787 1482 789 1482 769 1482 788 1483 789 1483 787 1483 790 1484 789 1484 788 1484 769 1485 789 1485 771 1485 810 1486 789 1486 790 1486 789 1487 791 1487 771 1487 810 1488 791 1488 789 1488 771 1489 791 1489 774 1489 792 1490 791 1490 810 1490 791 1491 792 1491 774 1491 774 1492 792 1492 776 1492 792 1493 793 1493 776 1493 794 1494 795 1494 793 1494 776 1495 795 1495 778 1495 793 1496 795 1496 776 1496 816 1497 795 1497 794 1497 816 1498 781 1498 795 1498 795 1499 781 1499 778 1499 818 1500 781 1500 816 1500 796 1501 781 1501 818 1501 796 1502 782 1502 781 1502 170 1503 782 1503 796 1503 781 1504 782 1504 780 1504 780 1505 782 1505 166 1505 782 1506 172 1506 166 1506 170 1507 172 1507 782 1507 780 1508 457 1508 456 1508 166 1509 457 1509 780 1509 798 1510 800 1510 797 1510 800 1511 799 1511 797 1511 801 1512 802 1512 800 1512 801 1513 786 1513 802 1513 803 1514 786 1514 801 1514 804 1515 786 1515 803 1515 805 1516 804 1516 803 1516 805 1517 806 1517 804 1517 807 1518 806 1518 805 1518 807 1519 808 1519 806 1519 807 1520 809 1520 808 1520 809 1521 810 1521 808 1521 809 1522 812 1522 810 1522 811 1523 812 1523 809 1523 814 1524 813 1524 811 1524 813 1525 812 1525 811 1525 815 1526 816 1526 813 1526 817 1527 816 1527 815 1527 817 1528 818 1528 816 1528 819 1529 818 1529 817 1529 819 1530 129 1530 818 1530 796 1531 128 1531 170 1531 820 1532 153 1532 91 1532 820 1533 798 1533 153 1533 153 1534 798 1534 797 1534 155 1535 797 1535 154 1535 821 1536 798 1536 820 1536 154 1537 783 1537 760 1537 797 1538 783 1538 154 1538 799 1539 783 1539 797 1539 798 1540 821 1540 800 1540 800 1541 821 1541 801 1541 821 1542 822 1542 801 1542 800 1543 784 1543 799 1543 801 1544 822 1544 803 1544 802 1545 784 1545 800 1545 823 1546 803 1546 822 1546 823 1547 805 1547 803 1547 824 1548 805 1548 823 1548 824 1549 807 1549 805 1549 804 1550 788 1550 786 1550 804 1551 790 1551 788 1551 825 1552 807 1552 824 1552 806 1553 790 1553 804 1553 825 1554 826 1554 807 1554 807 1555 826 1555 809 1555 808 1556 790 1556 806 1556 809 1557 826 1557 811 1557 808 1558 810 1558 790 1558 826 1559 814 1559 811 1559 827 1560 814 1560 826 1560 810 1561 812 1561 792 1561 792 1562 812 1562 793 1562 813 1563 814 1563 815 1563 827 1564 815 1564 814 1564 813 1565 794 1565 812 1565 812 1566 794 1566 793 1566 828 1567 815 1567 827 1567 816 1568 794 1568 813 1568 815 1569 828 1569 817 1569 817 1570 828 1570 819 1570 819 1571 828 1571 90 1571 129 1572 796 1572 818 1572 128 1573 796 1573 129 1573 153 1574 797 1574 155 1574 90 1575 129 1575 819 1575 830 1576 829 1576 60 1576 829 1577 830 1577 831 1577 91 1578 832 1578 820 1578 831 1579 830 1579 833 1579 830 1580 834 1580 833 1580 832 1581 835 1581 820 1581 834 1582 836 1582 833 1582 820 1583 835 1583 821 1583 837 1584 836 1584 834 1584 836 1585 838 1585 833 1585 836 1586 837 1586 839 1586 835 1587 840 1587 821 1587 839 1588 838 1588 836 1588 841 1589 839 1589 837 1589 839 1590 840 1590 838 1590 821 1591 840 1591 822 1591 839 1592 844 1592 840 1592 839 1593 841 1593 843 1593 840 1594 844 1594 822 1594 839 1595 845 1595 844 1595 841 1596 846 1596 843 1596 842 1597 846 1597 841 1597 843 1598 845 1598 839 1598 822 1599 844 1599 823 1599 844 1600 845 1600 823 1600 843 1601 846 1601 847 1601 843 1602 848 1602 845 1602 846 1603 849 1603 847 1603 823 1604 845 1604 824 1604 847 1605 848 1605 843 1605 850 1606 849 1606 846 1606 845 1607 848 1607 824 1607 848 1608 847 1608 851 1608 848 1609 851 1609 824 1609 851 1610 847 1610 853 1610 849 1611 854 1611 852 1611 850 1612 854 1612 849 1612 849 1613 853 1613 847 1613 851 1614 853 1614 824 1614 824 1615 853 1615 825 1615 852 1616 853 1616 849 1616 852 1617 854 1617 856 1617 852 1618 855 1618 853 1618 852 1619 856 1619 855 1619 853 1620 855 1620 825 1620 857 1621 856 1621 854 1621 857 1622 858 1622 856 1622 825 1623 855 1623 826 1623 856 1624 859 1624 855 1624 857 1625 860 1625 858 1625 858 1626 859 1626 856 1626 858 1627 861 1627 859 1627 858 1628 860 1628 862 1628 855 1629 859 1629 826 1629 826 1630 859 1630 827 1630 858 1631 862 1631 861 1631 862 1632 860 1632 863 1632 859 1633 861 1633 827 1633 860 1634 864 1634 863 1634 866 1635 864 1635 860 1635 862 1636 863 1636 865 1636 861 1637 865 1637 827 1637 863 1638 864 1638 867 1638 865 1639 863 1639 868 1639 827 1640 865 1640 828 1640 865 1641 868 1641 828 1641 864 1642 866 1642 867 1642 868 1643 869 1643 828 1643 828 1644 869 1644 90 1644 126 1645 829 1645 832 1645 832 1646 829 1646 831 1646 838 1647 835 1647 833 1647 838 1648 840 1648 835 1648 58 1649 867 1649 866 1649 88 1650 867 1650 58 1650 867 1651 88 1651 869 1651 869 1652 88 1652 89 1652 832 1653 91 1653 126 1653 835 1654 832 1654 831 1654 833 1655 835 1655 831 1655 861 1656 862 1656 865 1656 867 1657 868 1657 863 1657 867 1658 869 1658 868 1658 2 1659 871 1659 63 1659 6 1660 61 1660 895 1660 59 1661 58 1661 61 1661 2 1662 870 1662 871 1662 63 1663 871 1663 60 1663 871 1664 870 1664 872 1664 60 1665 871 1665 830 1665 870 1666 873 1666 872 1666 871 1667 872 1667 830 1667 872 1668 873 1668 874 1668 830 1669 872 1669 834 1669 873 1670 875 1670 874 1670 874 1671 875 1671 876 1671 872 1672 874 1672 834 1672 875 1673 877 1673 876 1673 834 1674 876 1674 837 1674 874 1675 876 1675 834 1675 876 1676 877 1676 878 1676 879 1677 880 1677 877 1677 877 1678 880 1678 878 1678 837 1679 876 1679 841 1679 876 1680 878 1680 841 1680 881 1681 880 1681 879 1681 841 1682 878 1682 842 1682 880 1683 881 1683 882 1683 880 1684 883 1684 878 1684 878 1685 883 1685 842 1685 882 1686 883 1686 880 1686 842 1687 883 1687 846 1687 882 1688 885 1688 884 1688 884 1689 883 1689 882 1689 846 1690 884 1690 850 1690 883 1691 884 1691 846 1691 885 1692 886 1692 884 1692 884 1693 886 1693 887 1693 886 1694 888 1694 887 1694 884 1695 887 1695 850 1695 850 1696 887 1696 854 1696 887 1697 888 1697 889 1697 888 1698 890 1698 889 1698 854 1699 889 1699 857 1699 887 1700 889 1700 854 1700 889 1701 890 1701 891 1701 889 1702 891 1702 857 1702 890 1703 893 1703 891 1703 892 1704 893 1704 890 1704 857 1705 891 1705 860 1705 893 1706 895 1706 891 1706 891 1707 895 1707 894 1707 891 1708 894 1708 860 1708 860 1709 894 1709 866 1709 894 1710 895 1710 61 1710 894 1711 58 1711 866 1711 61 1712 58 1712 894 1712 1 1713 425 1713 32 1713 425 1714 896 1714 32 1714 425 1715 897 1715 896 1715 896 1716 33 1716 32 1716 2 1717 33 1717 870 1717 896 1718 898 1718 33 1718 897 1719 899 1719 896 1719 899 1720 898 1720 896 1720 899 1721 901 1721 898 1721 900 1722 901 1722 899 1722 900 1723 903 1723 901 1723 902 1724 903 1724 900 1724 904 1725 905 1725 902 1725 905 1726 903 1726 902 1726 906 1727 905 1727 904 1727 906 1728 907 1728 905 1728 906 1729 908 1729 907 1729 908 1730 910 1730 907 1730 909 1731 910 1731 908 1731 909 1732 912 1732 910 1732 911 1733 913 1733 909 1733 913 1734 912 1734 909 1734 914 1735 913 1735 911 1735 914 1736 916 1736 913 1736 915 1737 916 1737 914 1737 915 1738 917 1738 916 1738 918 1739 917 1739 915 1739 919 1740 920 1740 918 1740 918 1741 920 1741 917 1741 4 1742 919 1742 3 1742 3 1743 919 1743 918 1743 4 1744 920 1744 919 1744 6 1745 920 1745 4 1745 895 1746 920 1746 6 1746 897 1747 428 1747 899 1747 428 1748 429 1748 899 1748 899 1749 429 1749 900 1749 33 1750 898 1750 870 1750 870 1751 898 1751 873 1751 429 1752 431 1752 900 1752 900 1753 431 1753 902 1753 431 1754 904 1754 902 1754 898 1755 901 1755 873 1755 873 1756 901 1756 875 1756 904 1757 433 1757 906 1757 875 1758 901 1758 877 1758 433 1759 435 1759 906 1759 901 1760 903 1760 877 1760 906 1761 435 1761 908 1761 435 1762 436 1762 908 1762 877 1763 903 1763 879 1763 905 1764 879 1764 903 1764 908 1765 436 1765 909 1765 905 1766 921 1766 879 1766 879 1767 921 1767 881 1767 907 1768 921 1768 905 1768 436 1769 438 1769 909 1769 438 1770 911 1770 909 1770 910 1771 921 1771 907 1771 881 1772 921 1772 882 1772 882 1773 910 1773 885 1773 921 1774 910 1774 882 1774 911 1775 440 1775 914 1775 914 1776 442 1776 915 1776 440 1777 442 1777 914 1777 885 1778 910 1778 886 1778 910 1779 912 1779 886 1779 886 1780 912 1780 888 1780 442 1781 443 1781 915 1781 915 1782 443 1782 918 1782 912 1783 916 1783 888 1783 913 1784 916 1784 912 1784 443 1785 445 1785 918 1785 888 1786 916 1786 890 1786 917 1787 892 1787 916 1787 916 1788 892 1788 890 1788 918 1789 445 1789 3 1789 920 1790 892 1790 917 1790 892 1791 920 1791 893 1791 893 1792 920 1792 895 1792 34 1793 446 1793 922 1793 34 1794 0 1794 446 1794 35 1795 34 1795 922 1795 9 1796 922 1796 923 1796 9 1797 35 1797 922 1797 12 1798 9 1798 923 1798 39 1799 12 1799 923 1799 39 1800 923 1800 924 1800 17 1801 39 1801 924 1801 42 1802 924 1802 925 1802 42 1803 17 1803 924 1803 43 1804 42 1804 925 1804 46 1805 925 1805 926 1805 46 1806 43 1806 925 1806 48 1807 46 1807 926 1807 48 1808 926 1808 927 1808 50 1809 48 1809 927 1809 50 1810 927 1810 928 1810 52 1811 50 1811 928 1811 55 1812 52 1812 928 1812 55 1813 928 1813 424 1813 1 1814 55 1814 424 1814 922 1815 419 1815 923 1815 419 1815 417 1815 923 1815 922 1815 421 1815 419 1815 923 1815 417 1815 924 1815 446 1815 423 1815 922 1815 922 1815 423 1815 421 1815 924 1815 415 1815 925 1815 417 1815 415 1815 924 1815 446 1815 929 1815 423 1815 444 1815 929 1815 446 1815 415 1815 413 1815 925 1815 925 1815 413 1815 926 1815 441 1815 930 1815 444 1815 444 1815 930 1815 929 1815 413 1815 411 1815 926 1815 411 1815 927 1815 926 1815 441 1815 931 1815 930 1815 441 1815 439 1815 931 1815 409 1815 927 1815 411 1815 409 1815 928 1815 927 1815 439 1815 437 1815 931 1815 931 1815 437 1815 932 1815 406 1815 928 1815 409 1815 406 1815 424 1815 928 1815 437 1815 434 1815 932 1815 406 1815 426 1815 424 1815 932 1815 434 1815 933 1815 934 1815 426 1815 406 1815 434 1815 432 1815 933 1815 934 1815 427 1815 426 1815 935 1815 427 1815 934 1815 933 1815 432 1815 935 1815 432 1815 430 1815 935 1815 935 1815 430 1815 427 1815 423 1816 929 1816 422 1816 422 1817 929 1817 936 1817 929 1818 930 1818 936 1818 936 1819 930 1819 937 1819 930 1820 931 1820 937 1820 937 1821 931 1821 938 1821 938 1822 931 1822 939 1822 931 1823 932 1823 939 1823 939 1824 932 1824 940 1824 932 1825 933 1825 940 1825 940 1826 933 1826 941 1826 933 1827 935 1827 941 1827 941 1828 935 1828 942 1828 942 1829 935 1829 943 1829 935 1830 934 1830 943 1830 943 1831 934 1831 407 1831 934 1832 406 1832 407 1832 414 1815 410 1815 412 1815 407 1833 408 1833 410 1833 941 1834 943 1834 407 1834 941 1815 942 1815 943 1815 941 1835 410 1835 414 1835 941 1836 407 1836 410 1836 422 1837 414 1837 416 1837 422 1838 416 1838 418 1838 422 1839 418 1839 420 1839 936 1815 414 1815 422 1815 939 1815 941 1815 414 1815 939 1815 940 1815 941 1815 938 1815 939 1815 414 1815 938 1815 414 1815 936 1815 937 1815 938 1815 936 1815</p>
        </triangles>
      </mesh>
    </geometry>
  </library_geometries>
  <library_visual_scenes>
    <visual_scene id="Scene" name="Scene">
      <node id="node0" name="node0" type="NODE">
        <matrix sid="transform">1 0 0 0 0 1 0 0 0 0 1 0 0 0 0 1</matrix>
        <instance_geometry url="#Part__Feature_023-mesh" name="node0">
          <bind_material>
            <technique_common>
              <instance_material symbol="Part__Feature_023-material" target="#Part__Feature_023-material"/>
            </technique_common>
          </bind_material>
        </instance_geometry>
      </node>
      <node id="Camera" name="Camera" type="NODE">
        <matrix sid="transform">0.6859207 -0.3240135 0.6515582 7.358891 0.7276763 0.3054208 -0.6141704 -6.925791 0 0.8953956 0.4452714 4.958309 0 0 0 1</matrix>
        <instance_camera url="#Camera-camera"/>
      </node>
    </visual_scene>
  </library_visual_scenes>
  <scene>
    <instance_visual_scene url="#Scene"/>
  </scene>
</COLLADA>