<?xml version="1.0" encoding="utf-8"?>
<COLLADA xmlns="http://www.collada.org/2005/11/COLLADASchema" version="1.4.1" xmlns:xsi="http://www.w3.org/2001/XMLSchema-instance">
  <asset>
    <contributor>
      <author>Blender User</author>
      <authoring_tool>Blender 4.0.2 commit date:2023-12-05, commit time:07:41, hash:9be62e85b727</authoring_tool>
    </contributor>
    <created>2024-01-15T15:39:01</created>
    <modified>2024-01-15T15:39:01</modified>
    <unit name="meter" meter="1"/>
    <up_axis>Z_UP</up_axis>
  </asset>
  <library_cameras>
    <camera id="Camera-camera" name="Camera">
      <optics>
        <technique_common>
          <perspective>
            <xfov sid="xfov">39.59775</xfov>
            <aspect_ratio>1.777778</aspect_ratio>
            <znear sid="znear">0.1</znear>
            <zfar sid="zfar">100</zfar>
          </perspective>
        </technique_common>
      </optics>
      <extra>
        <technique profile="blender">
          <shiftx sid="shiftx" type="float">0</shiftx>
          <shifty sid="shifty" type="float">0</shifty>
          <dof_distance sid="dof_distance" type="float">10</dof_distance>
        </technique>
      </extra>
    </camera>
  </library_cameras>
  <library_effects>
    <effect id="Part__Feature_024-effect">
      <profile_COMMON>
        <technique sid="common">
          <lambert>
            <emission>
              <color sid="emission">0 0 0 1</color>
            </emission>
            <diffuse>
              <color sid="diffuse">1 1 1 1</color>
            </diffuse>
            <index_of_refraction>
              <float sid="ior">1.45</float>
            </index_of_refraction>
          </lambert>
        </technique>
      </profile_COMMON>
    </effect>
  </library_effects>
  <library_images/>
  <library_materials>
    <material id="Part__Feature_024-material" name="Part__Feature.024">
      <instance_effect url="#Part__Feature_024-effect"/>
    </material>
  </library_materials>
  <library_geometries>
    <geometry id="Part__Feature_024-mesh" name="Part__Feature.024">
      <mesh>
        <source id="Part__Feature_024-mesh-positions">
          <float_array id="Part__Feature_024-mesh-positions-array" count="1884">0.002865016 -5.58648e-5 0.04864996 0.001253724 -7.49048e-5 -0.04874944 -0.008541703 -9.76249e-5 -0.04792344 -0.003538429 4.11638e-5 -0.05080276 -0.001227617 -6.64524e-4 -0.04815226 -0.006028354 -6.2521e-4 -0.04779869 -0.01828056 -2.72733e-5 -0.0455389 -0.01072061 -7.41474e-4 -0.04694491 -0.01668089 -2.6497e-4 -0.04548579 -0.01648294 -7.55456e-4 -0.04526942 -0.02402299 5.40402e-5 -0.04504072 -0.02207225 -4.86711e-4 -0.04287058 -0.02754563 -3.31098e-5 -0.04033857 -0.02614003 -5.03162e-4 -0.04051101 -0.03100126 -6.53588e-4 -0.03690195 -0.03411489 -6.34694e-5 -0.03483235 -0.03531616 -6.45438e-4 -0.03276163 -0.04246252 -6.57359e-5 -0.02385926 -0.03941756 -1.5639e-4 -0.02838087 -0.03838807 -7.41485e-4 -0.02907079 -0.04108768 -6.59952e-4 -0.02514111 -0.04339474 -6.75395e-4 -0.02090078 -0.0456025 -5.93816e-5 -0.01727157 -0.04571413 -5.46117e-4 -0.01535528 -0.04746288 -9.63154e-5 -0.01093167 -0.04723614 -5.4839e-4 -0.009580731 -0.04870146 -5.54717e-5 -0.002564728 -0.04806095 -6.523e-4 -0.003598093 -0.04814845 -5.29877e-4 0.00233668 -0.0481649 -6.06736e-5 0.007655382 -0.04747426 -6.16932e-4 0.008355915 -0.04602962 -3.96057e-5 0.01645815 -0.04607284 -5.18459e-4 0.01418668 -0.04950159 4.75065e-5 0.01210755 -0.04409396 -4.65439e-4 0.01957428 -0.04259407 -2.00158e-4 0.02313917 -0.03971022 -7.50013e-5 0.02821254 -0.04035919 -5.92385e-4 0.02636122 -0.03652495 -1.8605e-5 0.03252774 -0.03617495 -5.11111e-4 0.03190577 -0.03144788 -1.41825e-4 0.03705245 -0.03186792 -6.95035e-4 0.03611069 -0.02719324 -2.83482e-5 0.04055756 -0.02809458 -5.68154e-4 0.03915536 -0.02409833 -5.48396e-4 0.04174095 -0.02116566 -3.89054e-5 0.04395169 -0.01980787 -6.45436e-4 0.04391133 -0.014292 -1.40777e-4 0.04645788 -0.01533371 -6.93693e-4 0.04565578 -0.006708681 -5.80588e-5 0.04836183 -0.01075685 -6.1928e-4 0.04696279 -0.005956292 -5.40699e-4 0.04784107 -0.002309203 -5.18816e-4 0.04816603 0.00124526 -7.08698e-4 0.04814314 4.61503e-4 -0.001999199 -0.04523217 -2.64003e-4 -0.001257479 -0.0451284 -0.00328648 -4.45211e-4 -0.04437667 -0.004242479 -1.62221e-5 -0.04351693 -0.005285501 -0.001988708 -0.0449211 -0.00668627 -0.001069486 -0.04453098 -0.01030862 -4.14364e-4 -0.04331511 -0.01159054 -0.001948833 -0.04378288 -0.01088011 -3.84259e-5 -0.04242128 -0.01433074 -0.001329541 -0.04278391 -0.01733481 -3.96832e-4 -0.04100167 -0.01874089 -0.001822412 -0.0411911 -0.02386713 -1.08594e-6 -0.03659659 -0.02405601 -0.001999557 -0.03834265 -0.02214378 -0.001070082 -0.03919535 -0.02286994 -3.31121e-4 -0.03800332 -0.024356 -0.001036286 -0.03788322 -0.02902328 -0.001223504 -0.03454774 -0.03171586 -0.001998066 -0.03231966 -0.02793675 -2.8133e-4 -0.03441435 -0.03186154 -1.59883e-4 -0.03042042 -0.03301781 -9.31023e-4 -0.03050959 -0.0375868 -0.001994967 -0.02525711 -0.03600567 -0.001219868 -0.02713358 -0.03615278 -4.86629e-4 -0.02607822 -0.03570908 -1.89896e-5 -0.02517491 -0.03837764 -0.001265347 -0.02367258 -0.03868407 -2.82667e-4 -0.02165687 -0.04100441 -0.001996517 -0.01912313 -0.04061883 -0.001182794 -0.01951646 -0.04149603 -5.26129e-4 -0.01637756 -0.04104697 -1.74887e-5 -0.01502102 -0.04317444 -0.001996934 -0.01346051 -0.0427739 -0.001229345 -0.01434135 -0.04280298 -2.12395e-4 -0.010944 -0.04369515 -6.26221e-4 -0.009520053 -0.04451715 -0.001995921 -0.008127689 -0.04445034 -0.001224994 -0.007672727 -0.0435391 -8.20436e-5 -0.005090475 -0.04454731 -5.77343e-4 -0.003401935 -0.04523789 -0.001998603 -9.4532e-4 -0.04512369 -0.001297593 -9.73869e-4 -0.04421442 -2.24142e-4 7.973e-4 -0.04502296 -0.001994788 0.004280209 -0.04477131 -0.001047194 0.004659354 -0.04376566 -4.15505e-5 0.003485977 -0.04401791 -0.001998245 0.01047033 -0.04409742 -0.001414537 0.009744346 -0.04382634 -6.93315e-4 0.009083688 -0.04246318 -1.73594e-4 0.01211541 -0.04220449 -8.02809e-4 0.01527959 -0.0423842 -0.001955091 0.01589977 -0.03947055 -7.14833e-6 0.01852232 -0.03883332 -0.001998901 0.02320367 -0.04024618 -0.001025557 0.020213 -0.03888082 -2.94831e-4 0.02136075 -0.03848123 -0.00121653 0.02349382 -0.03506457 -0.001991748 0.02865093 -0.03374594 -4.63691e-5 0.0278989 -0.03589713 -0.001269936 0.02729123 -0.03542798 -4.63768e-4 0.02699959 -0.033032 -0.001211285 0.03068113 -0.03135776 -3.28808e-4 0.03141909 -0.03011691 -0.001944899 0.03377509 -0.02563834 -2.2103e-5 0.03543925 -0.0288943 -7.04358e-4 0.03423017 -0.02545905 -0.001995205 0.03740966 -0.02549791 -0.001209616 0.03719604 -0.02424883 -5.78803e-4 0.03749173 -0.01857787 -0.001996636 0.04129463 -0.01966696 -0.001230716 0.04058974 -0.02017188 -3.98687e-4 0.03962379 -0.01732122 -5.17572e-5 0.04019856 -0.01608854 -6.17927e-4 0.04171365 -0.01333951 -0.001049578 0.04301553 -0.01293277 -2.66123e-4 0.04233574 -0.009855151 -0.002002775 0.0441786 -0.009355306 -7.33368e-6 0.0425772 -0.009970307 -0.001150727 0.0439288 -0.006276726 -3.2736e-4 0.04395902 -0.0055601 -0.001316964 0.04477876 -8.20915e-4 -0.002000391 0.04523289 2.64003e-4 -0.001257479 0.0451284 -0.002279281 -3.31523e-4 0.04433244 0.004242718 -1.63767e-5 0.04351747 0.009911477 -0.001999974 0.04720664 0.02125346 -0.001999974 0.04330116 0.03223222 -0.001999974 0.0359593 0.0407142 -0.001999974 0.02586615 0.04493629 -0.001999974 0.01731353 0.04730188 -0.001999974 0.009214937 0.04821056 -0.001999974 -0.001563549 0.04688119 -0.001999974 -0.0110085 0.04427367 -0.001999974 -0.01903223 0.03826749 -0.001999974 -0.02945482 0.02977967 -0.001999974 -0.0378887 0.0227667 -0.001999974 -0.04243475 0.01502531 -0.001999974 -0.04578888 0.003607332 -0.001999974 -0.04813683 0.008507013 0.02518463 -0.1260769 0 0.02505964 -0.126717 0.006413698 0.02471494 -0.1269406 -0.003415048 0.02458399 -0.1271386 0.01569843 0.02463489 -0.1261966 0.0198813 0.02519655 -0.1248315 0.02865898 0.0251193 -0.1233269 0.02825981 0.02458393 -0.1240053 0.03725314 0.02520167 -0.1208585 0.04077237 0.02454119 -0.1204834 0.05284589 0.02517163 -0.1146976 0.05038124 0.02506172 -0.1163631 0.05225336 0.02445793 -0.1159865 0.06452965 0.02519059 -0.1087817 0.06085002 0.02457135 -0.1116426 0.0688712 0.02452361 -0.1069414 0.07345455 0.02507328 -0.1032604 0.08128339 0.02518606 -0.0966311 0.07951563 0.0246765 -0.0992254 0.08745378 0.02485388 -0.09216266 0.09382861 0.02517503 -0.08448576 0.09311282 0.02454006 -0.08665317 0.09710377 0.02507591 -0.08143937 0.101362 0.0244612 -0.07686918 0.1026996 0.02519869 -0.07390749 0.1139081 0.0251789 -0.05466836 0.1081485 0.02501541 -0.06624811 0.1086119 0.0244227 -0.06624382 0.1131438 0.02469915 -0.0579226 0.1169879 0.02505505 -0.04878371 0.117193 0.02448689 -0.04947334 0.1217427 0.02519702 -0.03426027 0.1204795 0.02481043 -0.04036605 0.1233071 0.02449464 -0.03125327 0.1244716 0.02498996 -0.02437168 0.1248733 0.02516984 -0.01884597 0.1258055 0.02443569 -0.01890164 0.1261827 0.02507489 -0.01210701 0.1270196 0.02466714 -0.005950331 0.1270137 0.02463239 0.006309568 0.1262411 0.02518457 0.006606638 0.125304 0.0251075 0.01838701 0.125747 0.02455377 0.01912194 0.1226491 0.02518355 0.03053557 0.1239467 0.02461183 0.02830404 0.1205139 0.02508509 0.03926384 0.1215407 0.02447968 0.03755128 0.1141054 0.02517253 0.0541324 0.1183317 0.0246036 0.04649847 0.1157994 0.02476274 0.05235123 0.1116976 0.02507752 0.0598343 0.1115717 0.02452284 0.06108552 0.09989821 0.02517312 0.07766413 0.1052751 0.0250436 0.07059204 0.1049368 0.02453935 0.071882 0.09725546 0.0245229 0.08198213 0.09246373 0.02505505 0.08668309 0.0930317 0.02516859 0.08537936 0.08861392 0.02454107 0.09124815 0.08373159 0.02508783 0.09504896 0.07925701 0.02455699 0.09947907 0.07506358 0.02518868 0.1017206 0.06960332 0.02508103 0.1058787 0.06874638 0.02453935 0.1070171 0.06072485 0.02469927 0.1116647 0.05219238 0.02459192 0.1159798 0.0527842 0.02519452 0.1149245 0.03945517 0.02498292 0.1205465 0.04075235 0.02453583 0.1204919 0.02893894 0.02519142 0.1230806 0.0284425 0.02466166 0.1239385 0.008086025 0.02517992 0.1261339 0.01573228 0.02504569 0.1257903 0.01580333 0.02446967 0.1262259 -0.001887261 0.02516448 0.1265517 0.003489613 0.02458691 0.1271329 -0.003243684 0.02095389 0.1271731 0.006372153 0.02090883 0.1270064 0.009214162 0.02097761 -0.1268845 -0.003437221 0.02093487 -0.1271641 0.002720892 0.0203951 -0.126793 0.01482105 0.02040213 -0.1259773 0.02235758 0.02080857 -0.1251994 0.0287373 0.02033782 -0.1234062 0.03432065 0.02092266 -0.1224911 0.04176789 0.02032107 -0.1196663 0.04655593 0.02075558 -0.1183351 0.05514079 0.02076214 -0.114546 0.05799615 0.0203157 -0.1125826 0.0631994 0.02075773 -0.110351 0.06862312 0.0203914 -0.1066564 0.07410198 0.02097254 -0.1034078 0.08417415 0.02078878 -0.0953316 0.07825142 0.02036964 -0.09975874 0.09012675 0.02049922 -0.08950924 0.09756708 0.02088332 -0.08161109 0.09673136 0.02035963 -0.08192211 0.1050952 0.02078926 -0.07161319 0.1045191 0.02032393 -0.07154971 0.1117286 0.020756 -0.06072407 0.1110105 0.02032315 -0.06098854 0.1171509 0.02082955 -0.04951846 0.116891 0.02033531 -0.04886406 0.1205008 0.02076202 -0.04050737 0.123207 0.02088934 -0.03162467 0.1252169 0.02086281 -0.02212005 0.1225152 0.02032232 -0.03247892 0.1258626 0.02035468 -0.01539444 0.1265701 0.02090048 -0.0126819 0.1272112 0.02093601 -5.64772e-5 0.1267861 0.02037191 0 0.1268031 0.02086263 0.009461998 0.1258217 0.02084714 0.01860964 0.1261165 0.02033638 0.01209861 0.1244701 0.02036124 0.02396905 0.1232244 0.02077871 0.03143823 0.1211143 0.02031129 0.03693836 0.1205164 0.0207237 0.04041987 0.1173409 0.02080756 0.04904896 0.1163403 0.02035522 0.05028969 0.1117958 0.0209676 0.06071066 0.1113032 0.02038544 0.06077617 0.1050074 0.0208891 0.07178825 0.1051887 0.02036458 0.07075315 0.09942424 0.02072376 0.0792011 0.09641414 0.02035194 0.08226758 0.09326297 0.02094626 0.08651697 0.08428913 0.02096766 0.09528601 0.08861058 0.0203818 0.09070593 0.07946062 0.02037996 0.09882199 0.07405388 0.02085351 0.1034111 0.06341469 0.02092301 0.110275 0.06801766 0.0203725 0.107005 0.05782175 0.02036595 0.1128203 0.05205535 0.02080851 0.1160387 0.04079794 0.02092278 0.1204882 0.04592174 0.02033972 0.1180984 0.03519773 0.02037572 0.1218115 0.02847635 0.02091234 0.1239779 0.02254176 0.02036601 0.1247493 0.01599597 0.02092742 0.1261995 0.009993851 0.02037161 0.1263889 0 0.02039742 0.1267948 -0.007729232 0.005011022 -0.04969042 -0.005696415 0.005273282 -0.05160838 -0.01724076 0.00531584 -0.04907286 -0.02853375 0.005173742 -0.04294008 -0.03968256 0.005075216 -0.03220432 -0.04749459 0.005162596 -0.01984423 -0.05032759 0.005048096 -0.007609069 -0.04784977 0.005014717 0.01542329 -0.0519489 0.005318939 0.002834677 -0.04984986 0.005304753 0.01509529 -0.04464125 0.005319595 0.02673673 -0.03683519 0.005068182 0.03524482 -0.03098291 0.005292654 0.04167568 -0.02302426 0.005052149 0.04529279 -0.01671254 0.005289137 0.04915356 0.002767741 0.005072534 0.05088084 -0.007322669 0.005342304 0.05160731 -0.05262058 0.02519536 0.1150355 -0.02917253 0.02517741 0.1229135 -0.01036626 0.02519506 -0.1260094 -0.03924483 0.02518892 -0.1202084 -0.08521425 0.02517843 -0.09351158 -0.09207743 0.02519392 -0.08661854 -0.1262642 0.02518409 0.00598824 -0.09320724 0.02517211 0.0852251 -0.1082423 0.02518039 0.06519681 -0.07369375 0.02518671 0.1026678 -0.05934327 0.02519512 0.111552 0.007489442 1.82495e-4 -0.05098766 0.02462679 9.57283e-5 0.04494029 0.03511309 2.17246e-4 0.03791052 0.04703545 2.16348e-4 0.02137595 0.01277208 4.67224e-5 0.04933655 2.68102e-4 7.55469e-5 0.05120986 0.04121834 3.93837e-5 0.02986901 0.0494244 5.10621e-5 0.01246738 0.05113351 6.00812e-5 -1.90218e-4 0.0489847 5.66644e-5 -0.01453441 0.04335474 3.39392e-5 -0.02664774 0.03585159 6.01715e-5 -0.03639495 0.0260933 1.11915e-4 -0.04410266 0.02384167 -3.12933e-5 -0.04260438 0.01644498 4.97077e-5 -0.04823392 -0.04056841 3.0483e-5 -0.03077036 -0.04744553 6.23915e-5 -0.01902115 -0.01241177 4.5962e-5 -0.04942363 -0.05077993 3.0347e-5 0.002991914 0.008817255 -4.37812e-5 -0.04793882 0.01490646 -9.13039e-5 -0.04629313 0.03969305 -3.32985e-5 -0.02845233 0.04451334 -6.97597e-5 -0.01981461 0.04776883 -4.90059e-5 -0.009656667 0.04896348 -8.2055e-6 0.004003882 0.01625543 -6.35373e-5 0.04590797 0.04035788 -5.69659e-5 0.02737021 0.03484499 -7.28467e-5 0.03402346 -0.03500086 1.87405e-4 -0.03786289 -0.0511161 2.17806e-4 -0.007528066 -0.0447942 6.3386e-5 0.02462005 -0.03730803 9.27908e-5 0.0349918 -0.02660274 1.46766e-4 0.04417997 -0.01219248 5.07215e-5 0.04950344 -0.02821922 0.02034515 0.1235435 -0.009007334 0.0203464 -0.1264089 -0.09258919 0.02031874 -0.08643645 -0.1108711 0.02037185 -0.06150472 -0.1240467 0.020374 -0.02622294 -0.1260346 0.02036005 -0.01350158 -0.1259682 0.02035748 0.0140419 -0.1170592 0.02033388 0.04844874 -0.1240028 0.02034562 0.02610397 -0.1110439 0.02031832 0.06089735 -0.01267057 0.02080851 -0.1265083 -0.02214622 0.02093601 -0.1252686 -0.03464877 0.02079325 -0.1223648 -0.04694724 0.02080565 -0.118199 -0.05826044 0.02075397 -0.1130318 -0.06630736 0.02085477 -0.108496 -0.07423472 0.0209676 -0.1033118 -0.08174133 0.02090084 -0.09741228 -0.08648979 0.0205819 -0.09307295 -0.09320408 0.02078568 -0.08652263 -0.101466 0.02094644 -0.07673215 -0.1068159 0.02072376 -0.06890821 -0.1118938 0.02084493 -0.06047546 -0.1163044 0.02050089 -0.05107235 -0.1194195 0.02080047 -0.04374104 -0.1232194 0.02092826 -0.03160929 -0.1252202 0.02081644 -0.02203065 -0.12659 0.02084654 -0.01234328 -0.1270915 0.02077007 -0.003112018 -0.1270065 0.02079826 0.006583094 -0.1257024 0.0208047 0.01932674 -0.1232003 0.02084171 0.03160452 -0.1194457 0.02088928 0.04373562 -0.115856 0.02077025 0.05233883 -0.1117146 0.02075242 0.06074774 -0.1051909 0.02089124 0.07151997 -0.09938907 0.02086269 0.07931178 -0.09315568 0.0209617 0.08663654 -0.08401006 0.02079528 0.09547549 -0.07403784 0.02094048 0.1034471 -0.063645 0.02095574 0.1101521 -0.05243939 0.02094352 0.1158988 -0.04033881 0.02089446 0.1206389 -0.02814304 0.02086454 0.1240429 -0.01893347 0.02057749 0.1256313 -0.01269757 0.02081316 0.1265087 0.01247686 0.005318582 0.05050122 0.03130972 0.00533986 0.04168927 0.05132067 0.00528723 -0.007818341 0.03999865 0.00532025 -0.03343868 0.009807705 0.00526756 -0.05099523 0.02170157 0.005063176 0.04607295 0.03930556 0.005071997 0.03261226 0.04717594 0.005091011 0.01981836 0.05086147 0.005079805 0.005284965 0.04809516 0.005050599 -0.01663845 0.0447942 0.005131185 -0.02473908 0.0300796 0.005049705 -0.04103481 0.02054846 0.005063533 -0.04664969 -0.008561968 0.0203557 0.1264617 -0.04051423 0.02035844 0.1201116 -0.04904043 0.02037215 0.1168995 -0.05791527 0.02037388 0.1127923 -0.06870472 0.02036744 0.1065492 -0.07658553 0.02043634 0.1011238 -0.0835579 0.02033025 0.09523582 -0.09050673 0.02036732 0.0887348 -0.09662973 0.02037394 0.08209592 -0.1044021 0.02036798 0.07191413 -0.1208791 0.02035689 0.0381295 -0.1266798 0.02033114 5.56657e-4 -0.1210284 0.02036976 -0.03775042 -0.1015136 0.02032417 -0.07589221 -0.07878637 0.02037686 -0.09935301 -0.0696392 0.02036035 -0.1059171 -0.05739939 0.02032768 -0.1129271 -0.04528325 0.02037835 -0.1184527 -0.03418868 0.02033096 -0.1219858 -0.0221799 0.02037483 -0.1248344 -0.009174168 0.02499771 0.1265204 -0.009584903 0.02442783 0.1268576 -0.02188932 0.02505517 0.1248213 -0.02208733 0.02455031 0.1252634 -0.03146445 0.02484214 0.1230887 -0.04207128 0.02510362 0.1194751 -0.03757035 0.02465975 0.1214434 -0.04666727 0.02455186 0.1183202 -0.05517524 0.02450352 0.114573 -0.06341654 0.02458125 0.1102441 -0.06932765 0.02506375 0.1060944 -0.07427442 0.02449792 0.1032695 -0.07881814 0.02508646 0.09918105 -0.08405649 0.02453958 0.09546673 -0.08765649 0.02509576 0.0914303 -0.09107911 0.02461183 0.08870452 -0.09534537 0.02476274 0.08402031 -0.1004089 0.02511256 0.07712483 -0.1014608 0.02463346 0.07666337 -0.1067394 0.02475053 0.06898432 -0.1101247 0.0246514 0.06350845 -0.1139987 0.02508366 0.05526512 -0.1146559 0.02454346 0.05506944 -0.118811 0.0251919 0.04337537 -0.1183728 0.02451652 0.04645526 -0.1214998 0.02452671 0.03764802 -0.1222197 0.02516883 0.03283184 -0.1246778 0.02466934 0.02499186 -0.1255366 0.02509707 0.01688891 -0.1265809 0.02461338 0.01228433 -0.1271559 0.02467423 -2.04983e-4 -0.1261352 0.02519184 -0.008944094 -0.1265098 0.02461194 -0.01299679 -0.1248105 0.02518779 -0.02001965 -0.1251941 0.02461904 -0.02213126 -0.1220249 0.02519452 -0.03305566 -0.1232717 0.0246188 -0.03126233 -0.1193141 0.02503448 -0.04289662 -0.1194755 0.02445745 -0.0436905 -0.1146038 0.02519059 -0.05361449 -0.114479 0.02452874 -0.05544334 -0.107728 0.0251891 -0.06618285 -0.1085429 0.02459758 -0.06628274 -0.100718 0.02519083 -0.07648539 -0.1013303 0.02456432 -0.07687294 -0.09531587 0.02461183 -0.08413553 -0.08896666 0.02458041 -0.09089022 -0.08164697 0.02469927 -0.09741812 -0.07367497 0.02518898 -0.102764 -0.07413887 0.02459216 -0.1033381 -0.0661388 0.02480286 -0.1084955 -0.05534183 0.02519083 -0.1137585 -0.06077617 0.02465963 -0.1116527 -0.05239742 0.02443766 -0.1159253 -0.04666531 0.02499943 -0.117938 -0.04028087 0.0245341 -0.1206507 -0.02846401 0.02466052 -0.1239338 -0.02472501 0.02519524 -0.1239656 -0.01884996 0.02476274 -0.1256775 -0.01261699 0.02455586 -0.1265252 -0.0334044 -0.001999974 0.03473508 -0.04032236 -0.001999974 0.0264728 -0.02484315 -0.001999974 0.04134637 -0.04516726 -0.001999974 0.01680177 -0.01502531 -0.001999974 0.04578888 -0.04787802 -0.001999974 0.005999922 -0.003236353 -0.001999974 0.04818207 -0.04791653 -0.001999974 -0.005136907 0.005284428 -0.001990497 0.04492139 0.01159232 -0.001945257 0.04378175 -0.04524934 -0.001999974 -0.01686662 0.02020364 -0.001994252 0.04052352 -0.03826749 -0.001999974 -0.02945482 0.02663159 -0.001958191 0.03657835 0.03097295 -0.001994431 0.03299647 -0.02977967 -0.001999974 -0.0378887 0.03456729 -0.001987636 0.02917498 0.03816425 -0.00199604 0.02430921 -0.0206027 -0.001999974 -0.04361456 0.04063332 -0.001994609 0.0198614 0.0433973 -0.001994967 0.01293081 -0.009203493 -0.001999974 -0.04734975 0.04503184 -0.002000749 0.004598319 0.04511266 -0.00199902 -0.003442168 0.008528053 -0.001997053 -0.04445856 0.04358285 -0.002001821 -0.01236581 0.01587456 -0.001996636 -0.0423696 0.0209729 -0.001996397 -0.04006719 0.0403102 -0.001999378 -0.02054464 0.0257278 -0.00199902 -0.03721547 0.03669476 -0.001997649 -0.02646589 0.03184896 -0.001997947 -0.03218537 0.00328648 -4.45211e-4 0.04437667 0.00668627 -0.001069486 0.04453098 0.01030862 -4.14364e-4 0.04331511 0.01087999 -3.38059e-5 0.04241102 0.01433074 -0.001329541 0.04278391 0.01764196 -1.05501e-4 0.04031735 0.0182814 -8.91097e-4 0.041067 0.02252453 -0.001138746 0.03902739 0.02343356 -3.80741e-4 0.03775835 0.02615588 -0.001059472 0.03660827 0.02668648 -1.03217e-5 0.03454679 0.02892631 -2.85029e-4 0.03361129 0.02977454 -0.001289606 0.03388571 0.03230327 -9.27027e-4 0.0312587 0.03487288 -8.22156e-6 0.02622705 0.03465992 -4.65311e-4 0.02801662 0.03617042 -0.001196265 0.0268898 0.03837764 -0.001265347 0.02367258 0.03807556 -4.29703e-4 0.02303892 0.04061883 -0.001182794 0.01951646 0.0400229 -2.40603e-4 0.01891964 0.04277563 -0.001232385 0.01434063 0.04190105 -5.37154e-4 0.01527094 0.04254859 -3.02397e-5 0.01046729 0.04369515 -6.26221e-4 0.009520053 0.04445034 -0.001224994 0.007672727 0.04458039 -5.26726e-4 0.002468585 0.04510134 -0.00144118 0.002107799 0.04377043 -3.48503e-5 -3.54181e-4 0.04500311 -0.001259684 -0.003240048 0.0443449 -4.78256e-4 -0.004397273 0.04408454 -0.0014292 -0.00983107 0.04382634 -6.93315e-4 -0.009083688 0.04292267 -3.66829e-5 -0.008555054 0.04263329 -0.001103818 -0.01460081 0.04221308 -2.00574e-4 -0.01292419 0.04070353 -5.17478e-4 -0.01827156 0.04055118 -0.001330316 -0.01978439 0.03995823 -4.8356e-5 -0.01809126 0.0375663 -1.84412e-5 -0.02222114 0.03854769 -0.001177012 -0.02336454 0.03774482 -3.19469e-4 -0.02326029 0.03573375 -9.69707e-4 -0.02731579 0.03385895 -2.34443e-4 -0.02846747 0.03242492 -0.001031756 -0.03123801 0.02977699 -7.57525e-6 -0.03186368 0.02887088 -0.001288592 -0.03468149 0.02846288 -3.5127e-4 -0.03410339 0.0248847 -9.62549e-5 -0.03617048 0.02448755 -0.001008868 -0.03777062 0.01987189 -4.51485e-4 -0.03989249 0.02054923 -0.00126928 -0.04014647 0.01516646 -4.32849e-5 -0.04118394 0.01542752 -0.00101155 -0.04228186 0.01089864 -0.001293897 -0.04380118 0.009849846 -2.30405e-5 -0.04256957 0.01021319 -4.69782e-4 -0.04334688 0.004960238 -1.67023e-4 -0.04381304 0.005481481 -0.00130999 -0.04478555 0.003422856 -4.16708e-4 -0.04439562 0.00597465 -5.74742e-4 0.04781854 0.009768068 -1.0718e-4 0.04768532 0.01184666 -5.61053e-4 0.04674196 0.01759487 -6.94941e-4 0.0448327 0.02356654 -2.77956e-5 0.04287934 0.02197116 -5.71169e-4 0.04289138 0.02620428 -5.68326e-4 0.04044544 0.03032916 -5.5281e-5 0.03817284 0.03008699 -5.76429e-4 0.03764373 0.03362423 -6.93644e-4 0.0344817 0.03694927 -5.72712e-4 0.03093737 0.03978729 -6.59978e-4 0.02715212 0.04285222 -5.113e-4 0.02214264 0.04580509 -5.44889e-5 0.01698374 0.04480028 -6.07782e-4 0.01776152 0.04604166 -6.5989e-4 0.01415669 0.04788953 -1.46495e-4 0.008344233 0.04723006 -6.20427e-4 0.009511291 0.04804706 -7.12955e-4 0.003637552 0.04844284 -1.97037e-4 0.002323687 0.04857599 -5.5444e-5 -0.003803074 0.04810237 -6.92371e-4 -0.002400279 0.04763978 -5.84347e-4 -0.00724864 0.04668098 -6.47562e-4 -0.011891 0.04603534 -1.95754e-4 -0.01532745 0.04525029 -7.60705e-4 -0.01645863 0.04339033 -6.93582e-4 -0.02090102 0.0410946 -4.4314e-4 -0.02525603 0.03837406 -5.68321e-4 -0.02915352 0.03571802 -1.52802e-4 -0.03286892 0.03451567 -6.9836e-4 -0.03362625 0.03085738 -4.78642e-5 -0.03783369 0.03003036 -4.99721e-4 -0.03771913 0.02606678 -4.43146e-4 -0.04058516 0.02203828 -6.10736e-4 -0.04284363 0.01990574 -2.43047e-4 -0.0441637 0.01649332 -6.80433e-4 -0.04527688 0.00956881 -5.7971e-4 -0.04725444 0.003630816 -5.60838e-4 -0.04805737</float_array>
          <technique_common>
            <accessor source="#Part__Feature_024-mesh-positions-array" count="628" stride="3">
              <param name="X" type="float"/>
              <param name="Y" type="float"/>
              <param name="Z" type="float"/>
            </accessor>
          </technique_common>
        </source>
        <source id="Part__Feature_024-mesh-normals">
          <float_array id="Part__Feature_024-mesh-normals-array" count="4176">-0.002042174 -0.9986613 -0.05168569 -0.069898 -0.5324904 -0.8435451 -0.06539028 -0.5607764 -0.8253811 -0.1114057 -0.6980204 -0.7073587 -0.1166012 -0.8853312 -0.4501033 -0.2467867 -0.4606159 -0.8526015 -0.2439989 -0.4720974 -0.847106 -0.1270792 -0.93145 -0.3409576 -0.3627341 -0.4947125 -0.7897363 -0.01685369 -0.9993727 -0.03114873 -0.3220745 -0.752351 -0.5746618 -0.3681433 -0.675048 -0.6393597 -0.3306556 -0.8130021 -0.4792645 -0.5281112 -0.5658391 -0.6331862 -0.4590837 -0.7494946 -0.4769697 -0.6299932 -0.5713031 -0.5260432 -0.6599816 -0.4982672 -0.5622758 -0.2227085 0.9600856 -0.169224 -0.6465871 -0.6293269 -0.4311299 -0.6682421 -0.6013777 -0.4379469 -0.6225737 -0.7042156 -0.3412953 -0.738173 -0.5759323 -0.3512873 -0.5938447 -0.7708854 -0.2304005 -0.7093279 -0.6722218 -0.2120657 -0.6045882 -0.7803729 -0.1596606 -0.07342541 0.9971765 -0.01573723 -0.728115 -0.6774458 -0.1044784 -0.7716448 -0.6251548 -0.1172426 -0.6771982 -0.7357825 0.0051952 -0.8465436 -0.5304832 0.04417616 -0.6643401 -0.7447162 0.06364005 -0.06868875 -0.9974563 0.01904892 -0.6725773 -0.721427 0.1648722 -0.7234416 -0.6651059 0.1851117 -0.03328108 -0.9994246 0.006548464 -0.4908189 -0.8505932 0.1886479 0.01411443 -0.9994112 -0.03127491 -0.6830592 -0.648662 0.3356604 -0.5913497 -0.7245556 0.3540124 -0.5581231 -0.7764542 0.2926046 -0.6935808 -0.5930963 0.4088795 -0.5042654 -0.7695385 0.3918251 -0.4784954 -0.7992511 0.3636479 -0.3963028 -0.81514 0.4224818 -0.596749 -0.5467486 0.5873301 -0.4600558 0.7082263 0.5355037 -0.4562934 -0.6633095 0.5931416 -0.4374104 -0.7084406 0.5538811 -0.3302295 -0.7900989 0.5164227 -0.3573045 -0.6873121 0.6324046 -0.3148908 -0.7440843 0.5892218 -0.2689705 -0.6494025 0.7112885 -0.3093648 -0.5463116 0.7783554 -0.01231873 -0.9992744 0.03604233 -0.06597715 0.9731516 0.2205062 -0.1930763 -0.6725936 0.7143805 -0.1917069 -0.5838116 0.7889313 -0.09639209 -0.7956106 0.5980907 -0.02439165 -0.57918 0.8148348 -0.0521664 -0.7689025 0.6372344 0.004941225 -0.669222 0.7430462 0.005065023 -0.8925228 0.4509739 0.05369138 -0.08665716 0.9947903 0.08063727 -0.2827618 0.9557946 0.06192207 -0.5439753 0.8368135 0.1008118 -0.7189199 0.6877436 0.07322496 -0.8574789 0.5092821 0.1748267 -0.1467774 0.9735975 0.2122823 -0.4428779 0.8710886 0.07335829 -0.9016808 0.4261344 0.2160966 -0.4453901 0.8688671 0.2410395 -0.6316151 0.7368599 0.1504145 -0.8732643 0.463449 0.3406074 -0.009440779 0.9401583 0.3472831 -0.4517216 0.8217921 0.1076127 -0.9632486 0.2461133 0.4697647 -0.1721237 0.8658491 0.3673502 -0.4690386 0.8031543 0.3360541 -0.6950412 0.6355985 0.1729304 -0.924574 0.3394967 0.4917833 -0.2453098 0.8354475 0.3704684 -0.6713676 0.6418869 0.2746155 -0.8744862 0.3998256 0.5750475 -0.1993536 0.79346 0.4687964 -0.6284614 0.6206982 0.3911662 -0.7285324 0.562343 0.6142516 0.1117275 0.7811608 0.1736133 -0.9643056 0.1999326 0.6555038 -0.342179 0.6732224 0.5075471 -0.6631535 0.5501121 0.4619911 -0.7478526 0.4767398 0.7688229 -0.02107948 0.6391142 0.7439569 -0.1826339 0.6427854 0.0928927 -0.9911569 0.09475708 0.6252339 -0.5973696 0.5022273 0.4815405 -0.7703647 0.4179199 0.356531 -0.8896237 0.2854039 0.7863309 -0.30923 0.5348465 0.6983348 -0.5385112 0.4715235 0.6611732 -0.6298594 0.407587 0.3908355 -0.8816598 0.2644309 0.8683294 -0.1094055 0.4837713 0.8638985 -0.1823777 0.469487 0.7080967 -0.5863121 0.3934937 0.6710999 -0.6654691 0.3267659 0.4303744 -0.8827436 0.1885252 0.8957626 -0.2451738 0.3708089 0.2268729 -0.9665763 0.1194112 0.7999458 -0.5021063 0.328597 0.9310532 -0.07640892 0.3567936 0.4786314 -0.8623887 0.1649175 0.7151975 -0.6635051 0.2196672 0.6564275 -0.7274255 0.1998881 0.9459102 -0.2202553 0.2382051 0.9455227 -0.222299 0.2378444 0.877649 -0.4253578 0.2209142 0.2236809 -0.973389 0.04980564 0.7715744 -0.626117 0.1124745 0.5208609 -0.8499465 0.07934069 0.5542013 -0.8277044 0.08812737 0.984934 -0.1428585 0.09745031 0.9828112 -0.1561015 0.09856224 0.8986239 -0.4302765 0.0856589 0.04991585 -0.9987353 0.006034076 0.48699 -0.8727142 0.03479665 0.3106587 -0.9504368 0.01269447 0.7688601 -0.6393769 -0.007173418 0.9859213 -0.1622486 -0.04043191 0.9700773 -0.2375668 -0.05012112 0.7796871 -0.6258189 -0.02095311 0.6690762 -0.7406551 -0.06137686 0.9849956 -0.06478255 -0.1599594 0.9692711 -0.2002242 -0.1429123 0.8729145 -0.4644796 -0.1492617 0.8728974 -0.4644879 -0.1493363 0.8728539 -0.4645343 -0.149446 0.6564876 -0.7500594 -0.08021885 0.5278279 -0.84429 -0.09258645 0.8258925 -0.5168522 -0.2253122 0.6958802 -0.691356 -0.194365 0.934554 -0.2202546 -0.2794579 0.1293925 -0.9909864 -0.03469336 0.9139356 -0.2933476 -0.2804798 0.9139227 -0.293611 -0.2802462 0.9139132 -0.2935838 -0.2803059 0.8720713 -0.3303161 -0.3610858 0.5078939 -0.8359903 -0.2077597 0.8985874 -0.03862178 -0.4370915 0.4335818 -0.8830386 -0.1795825 0.6257944 -0.727512 -0.281261 0.8558863 -0.2098916 -0.4726565 0.6695708 -0.6279023 -0.3967542 0.2320296 -0.9617375 -0.1456826 0.8122339 -0.1572051 -0.5617496 0.8211669 -0.1083092 -0.560316 0.6785495 -0.5647657 -0.4696917 0.6284946 -0.6642105 -0.4047457 0.3544971 -0.9026303 -0.2441113 0.7288526 -0.30962 -0.6106631 0.6366789 -0.5616388 -0.5283956 0.5659528 -0.654568 -0.5012367 0.391506 -0.8572682 -0.3343866 0.7180306 -0.06811261 -0.6926708 0.6303362 -0.3710921 -0.6818849 0.5652568 -0.5920234 -0.5744503 0.2010793 -0.9561086 -0.2131275 0.6037777 -0.1812244 -0.7762797 0.5964961 -0.3174576 -0.7371656 0.328376 -0.8547492 -0.4019615 0.4626911 -0.6184063 -0.6352092 0.3411158 -0.8230248 -0.4541699 0.4917004 -0.2057551 -0.8461062 0.489065 -0.1018708 -0.8662782 0.4323767 -0.5064161 -0.7460517 0.39669 -0.58267 -0.7093186 0.2525537 -0.8769629 -0.4088432 0.1770151 -0.9323866 -0.3151523 0.01554244 -0.9993217 -0.03338778 0.3294934 -0.6232908 -0.7091846 0.2009955 -0.852706 -0.4821756 0.3473135 -0.3180534 -0.8821652 0.3365135 -0.4114978 -0.8470114 0.1894602 -0.8592236 -0.4752259 0.3138921 -0.01101875 -0.9493947 0.2123486 -0.7009983 -0.6808154 0.08788859 -0.9569973 -0.2764634 0.247079 -0.2417609 -0.9383516 0.1640529 -0.7108015 -0.6839941 0.1645973 -0.6938099 -0.7010961 0.09357309 -0.9037164 -0.4177808 0.1736825 -0.2554174 -0.9511027 0.1342799 -0.5726816 -0.8087056 0.1147006 0.1420577 -0.9831904 0.06067287 -0.2254066 -0.9723737 0.0249781 -0.9602435 -0.2780444 0.05536931 -0.5590184 -0.8273046 0.0735082 -0.6041005 -0.7935107 0.01627194 -0.9694738 -0.2446542 0.07305002 -0.2242506 0.9717898 0.07220226 -0.2184077 0.9731829 0.1796559 0.0751034 0.9808585 0.3194411 -0.1931789 0.9277065 0.3108116 -0.1132799 0.9436969 0.4033855 0.05927634 0.9131082 0.5002931 -0.002953827 0.8658512 0.5374468 -0.2554478 0.8036774 0.5832737 -0.07775342 0.8085458 0.6633923 0.1271717 0.737386 0.729357 -0.003360629 0.6841251 0.7397524 -0.2574883 0.6216642 0.7996358 -0.02275103 0.6000541 0.8486876 0.08627134 0.521811 0.8777037 -0.2695421 0.3962113 0.8953422 -0.05475902 0.4419997 0.9453779 -0.01246452 0.3257381 0.9517229 -0.1301612 0.2779958 0.968803 -0.002815008 0.2478163 0.9902719 0.02202659 0.1373918 0.974622 -0.2082335 0.0821647 0.9960379 0.08842939 0.00942254 0.9952867 0.02191448 -0.09446865 0.9777287 -0.1584569 -0.1376163 0.9792159 0.01284062 -0.2024142 0.9455769 -0.107043 -0.3072883 0.9533196 -0.0529046 -0.2972926 0.9203698 0.07263547 -0.3842444 0.8449724 -0.2211844 -0.4869285 0.8803576 -0.0747807 -0.4683784 0.8176333 0.05963408 -0.5726428 0.7535238 0.08118367 -0.6523889 0.6851255 -0.2349139 -0.6895061 0.6730703 -0.02893549 -0.7390123 0.585888 -0.006305038 -0.8103676 0.5374352 -0.1542599 -0.8290762 0.4890233 -3.34048e-4 -0.8722707 0.3960921 -0.08594161 -0.91418 0.4017668 -0.05833417 -0.9138822 0.2748906 0.06635934 -0.9591828 0.1959929 -0.2305043 -0.9531289 0.133987 0.05241572 -0.989596 0.01832967 0.05478763 -0.9983298 0.02723187 0.8489711 -0.5277372 0.007129192 0.6341154 -0.7732057 0.05297285 0.8177384 -0.5731475 0.05633604 0.8506894 -0.5226413 0.1192283 0.7440932 -0.6573506 0.119592 0.7340558 -0.6684758 0.03555524 0.9869998 -0.1567401 0.186717 0.7147979 -0.6739441 0.2022331 0.6742141 -0.7103078 0.06636673 0.9843635 -0.1631689 0.2093306 0.7820783 -0.5869703 0.3210292 0.4898678 -0.8105368 0.1220126 0.9620544 -0.2440582 0.276008 0.802662 -0.528728 0.3434773 0.6303291 -0.6962102 0.3435881 0.6303508 -0.6961359 0.3436959 0.63049 -0.6959565 0.3702391 0.686904 -0.6253687 0.370402 0.6870866 -0.6250715 0.3702967 0.6870518 -0.6251721 0.3491178 0.7600085 -0.5481824 0.08689767 0.98903 -0.1194511 0.4977012 0.5164623 -0.6968216 0.3121705 0.8692059 -0.383446 0.3317366 0.8569808 -0.3943789 0.2019938 0.957093 -0.2077776 0.279994 0.9209467 -0.2710364 0.4684832 0.7675508 -0.4374806 0.6753497 0.4732953 -0.5655921 0.1444193 0.9818043 -0.1233029 0.5634447 0.7053614 -0.4301111 0.6481986 0.6169251 -0.4463655 0.69582 0.5406324 -0.4728121 0.1741612 0.9795797 -0.1004572 0.4404764 0.8674466 -0.2313377 0.7197431 0.5598177 -0.4105777 0.4897167 0.8385848 -0.2386484 0.6992506 0.6397356 -0.3190409 0.1550722 0.9860545 -0.06040883 0.4020133 0.9047966 -0.140459 0.7354452 0.6137084 -0.2871977 0.7354172 0.6137115 -0.2872628 0.7353339 0.6137564 -0.2873799 0.6761382 0.7131891 -0.1849285 0.6761223 0.7131698 -0.185061 0.6760427 0.7133369 -0.1847074 0.6477982 0.744205 -0.1628387 0.6475102 0.7444018 -0.1630845 0.6475695 0.7443767 -0.1629638 0.2542325 0.9658535 -0.04992944 0.9032811 0.3890718 -0.180849 0.3575463 0.9321942 -0.05634403 0.7160313 0.6901748 -0.1046798 0.8901031 0.4464962 -0.09142148 0.1037444 0.994585 -0.006149888 0.4770329 0.8788605 -0.006637036 0.5820814 0.8131265 0.002583086 0.5939216 0.8028084 0.05249518 0.7267242 0.6827338 0.07580626 0.7266436 0.6827977 0.07600164 0.7266613 0.6827872 0.07592743 0.09168893 0.9956921 0.01380383 0.5632606 0.8178147 0.1179696 0.683319 0.7185544 0.1294396 0.6140093 0.7731328 0.1589288 0.7207818 0.664605 0.1969109 0.7207611 0.6645871 0.1970468 0.7207142 0.6647403 0.1967013 0.09162002 0.9952257 0.0336405 0.7845425 0.5564132 0.2736741 0.390566 0.9060273 0.1630113 0.5670608 0.7926887 0.2238007 0.415121 0.8896782 0.1901242 0.6884377 0.634896 0.3506575 0.09144246 0.9942803 0.05518132 0.1299091 0.9882386 0.08067244 0.6165621 0.6947869 0.3703005 0.6164659 0.694808 0.3704209 0.6162415 0.6949363 0.3705536 0.6770029 0.6077357 0.41512 0.5751218 0.6993205 0.424483 0.5750041 0.6993482 0.4245968 0.5747564 0.6994927 0.4246942 0.6232216 0.6212728 0.4749896 0.1844672 0.9689333 0.1647426 0.4940346 0.7627907 0.4172292 0.635694 0.4955546 0.5918773 0.1463654 0.9779551 0.1489338 0.4455977 0.7667508 0.4620995 0.06915837 0.9947959 0.0748226 0.5445935 0.5670061 0.6179985 0.3727369 0.7988097 0.4721975 0.4037795 0.7316869 0.549178 0.4571094 0.6193803 0.6382939 0.4568331 0.6195288 0.6383477 0.456933 0.6195016 0.6383025 0.06972283 0.9906573 0.1172048 0.2166502 0.8944936 0.3910802 0.2164837 0.8944654 0.3912373 0.2167039 0.8946518 0.3906888 0.3677046 0.7014803 0.6105068 0.289923 0.751997 0.5919842 0.2308785 0.783526 0.5768727 0.2647389 0.6843364 0.6794093 0.2646273 0.6843192 0.6794701 0.2648637 0.6844562 0.6792401 0.06598538 0.9789205 0.1932887 0.1562762 0.7972036 0.5831332 0.1563457 0.7972012 0.5831178 0.15613 0.7972378 0.5831255 0.2279225 0.5643434 0.7934532 0.02516424 0.9841432 0.1755822 0.1071512 0.8173254 0.5661252 0.1075024 0.81726 0.5661532 0.1072683 0.8173181 0.5661137 0.1324989 0.607531 0.7831669 0.132488 0.607531 0.7831687 0.1324915 0.607531 0.7831681 0.04243761 0.7612344 0.6470869 0.02336478 0.8088289 0.5875799 0.06412625 0.6069653 0.7921369 0.02167749 -0.3865666 -0.9220067 0.05006933 -0.6740429 -0.7369934 0.1148072 -0.3482007 -0.9303632 0.1029913 -0.8078862 -0.5802695 0.1034871 -0.807638 -0.5805269 0.1032639 -0.8076786 -0.58051 0.1913901 -0.5385771 -0.8205514 0.1909827 -0.5382342 -0.8208714 0.191183 -0.5382778 -0.8207961 0.1833122 -0.7445569 -0.641897 0.1836453 -0.7448272 -0.6414881 0.1835003 -0.7446034 -0.6417893 0.2745873 -0.4888051 -0.8280528 0.2124109 -0.8470597 -0.487208 0.2126015 -0.847209 -0.4868652 0.2125313 -0.847083 -0.4871148 0.231577 -0.8201029 -0.5232625 0.3341356 -0.6895855 -0.6425148 0.334336 -0.689539 -0.6424605 0.3346377 -0.6893104 -0.6425487 0.2825587 -0.8209377 -0.4962076 0.4995381 -0.3925318 -0.7722567 0.4259644 -0.6800473 -0.5967329 0.5593739 -0.4319856 -0.7074528 0.3765523 -0.8226972 -0.4258848 0.5840715 -0.623347 -0.5199031 0.5884397 -0.6721432 -0.4494023 0.5448199 -0.7306046 -0.4115681 0.5656846 -0.7477105 -0.3477498 0.5749135 -0.7383997 -0.3524776 0.6244727 -0.7221943 -0.2974379 0.5686087 -0.775279 -0.2750034 0.673984 -0.6930643 -0.2557488 0.4971877 -0.850558 -0.1713349 0.7689547 -0.5981377 -0.2256993 0.7348617 -0.6597389 -0.1572352 0.6083576 -0.7848856 -0.117711 0.8529561 -0.5079392 -0.1202656 0.7959035 -0.6041839 -0.03872346 0.7959033 -0.6041836 -0.03873306 0.7959049 -0.6041836 -0.03869926 0.7052252 -0.7077673 -0.04150944 0.7996567 -0.5997245 0.02966165 0.6917181 -0.7212617 0.03616142 0.7881115 -0.6098405 0.08351576 0.6303076 -0.7712233 0.08903437 0.8514756 -0.4961605 0.1697472 0.5396634 -0.8307513 0.1364398 0.6784735 -0.7068113 0.2002289 0.517629 -0.8347311 0.1878409 0.5173163 -0.8348734 0.1880705 0.5175494 -0.8347513 0.1879703 0.6304091 -0.7384994 0.2391716 0.7326245 -0.5799121 0.3563191 0.7032598 -0.6245813 0.3395935 0.7032144 -0.6245626 0.3397224 0.7032351 -0.6244235 0.339935 0.7117553 -0.5536893 0.4322412 0.6876851 -0.5921093 0.420114 0.6876184 -0.5921196 0.4202086 0.6878339 -0.5920148 0.4200036 0.6057306 -0.6619682 0.4414617 0.4509775 -0.8240982 0.342756 0.6199067 -0.5698739 0.5394067 0.5220029 -0.7014839 0.4852148 0.6382292 -0.405955 0.6541132 0.4806215 -0.6896138 0.5416974 0.5729534 -0.3985467 0.7161599 0.3669818 -0.7763344 0.5124738 0.4856758 -0.4372372 0.7569299 0.4855329 -0.4372752 0.7569996 0.4858736 -0.437022 0.7569272 0.348679 -0.7111138 0.6105245 0.4052771 -0.4614456 0.7891885 0.4051287 -0.4614894 0.7892391 0.4054705 -0.4612221 0.7892198 0.2456858 -0.7982364 0.5499611 0.3049852 -0.5395041 0.7848054 0.3047705 -0.5395577 0.784852 0.3052681 -0.5392212 0.7848898 0.2258203 -0.7173149 0.6591392 0.2473091 -0.4225008 0.8719698 0.1534585 -0.7363917 0.6589216 0.1528691 -0.736736 0.6586739 0.1531912 -0.7364526 0.6589158 0.1557757 -0.4522734 0.8781701 0.08876615 -0.7261786 0.6817516 0.07339978 -0.4981482 0.8639797 0.01249998 -0.5113496 0.859282 0.02858191 -0.6650081 0.746289 0.04319471 0.9826875 0.1801655 0.03792142 0.9949541 0.09289014 0.01627737 0.9995275 0.02607315 0.04096323 0.9989833 0.01883083 0.1036261 0.994569 -0.009706795 0.147336 0.9887934 -0.0240792 0.1544461 0.985493 -0.07035797 0.08865928 0.9947064 -0.05194896 0.0779187 0.9913601 -0.1055173 0.01928436 0.9955131 -0.09263914 0.01964151 0.9951182 -0.09671676 -0.01217329 0.9669028 -0.2548547 0.03484654 0.9655418 -0.257905 0.001456558 0.9659929 0.2585647 0.05883926 0.9660214 0.251676 0.03649985 0.9658974 0.2563395 0.1149938 0.9653813 0.2341268 0.06406617 0.9663284 0.2492089 0.09517043 0.9667788 0.2372369 0.1609252 0.9661151 0.201804 0.1729919 0.9667137 0.1885164 0.1333412 0.9657706 0.2225025 0.1835234 0.9662913 0.1805561 0.1965594 0.9660093 0.1678998 0.2131093 0.9661838 0.1451671 0.2197645 0.966572 0.132069 0.2439997 0.9657844 0.08789145 0.2261554 0.9662167 0.1236084 0.2479855 0.9664812 0.06646257 0.2521783 0.9661512 0.05438745 0.2561935 0.9661509 0.03028976 0.2588117 0.9658094 0.01512968 0.256764 0.9664704 0.00271517 0.2565451 0.965781 -0.03810405 0.2547528 0.966072 -0.04249501 0.2452136 0.9660466 -0.0813893 0.2349994 0.9661573 -0.1063743 0.2335131 0.9658134 -0.1125888 0.2039394 0.9660569 -0.1585645 0.2075934 0.9657866 -0.1554385 0.1740824 0.9658046 -0.1921375 0.1727173 0.9656717 -0.1940281 0.1307622 0.9658972 -0.2234815 0.1067363 0.9664028 -0.2338227 0.1353434 0.9661719 -0.2195318 0.08347612 0.9656027 -0.2462586 0.05996859 0.9662803 -0.2504123 0.1185134 0.966238 -0.2287769 0.007205605 0.9659552 -0.2586093 0.01723331 -0.02088153 0.9996334 0.08355212 -0.002884209 0.9964993 0.07365834 0.02342998 0.9970083 0.1752547 0.0119366 0.9844508 0.178053 0.002348065 0.9840182 0.272493 0.002467215 0.9621547 0.2697127 0.01256346 0.9628589 0.3675931 0.001161873 0.9299861 0.3668872 0.00369054 0.9302582 0.4525251 -0.005843639 0.8917326 0.4513206 -0.002456903 0.8923585 0.5015224 0.03916543 0.8642577 0.5414536 -0.04183799 0.8396891 0.5821818 0.04403275 0.8118656 0.6214721 -0.04257851 0.7822784 0.6597412 0.04890364 0.7499 0.6983623 -0.03755021 0.7147588 0.7305196 0.04822152 0.6811872 0.7638618 -0.03564494 0.6443948 0.7959005 0.0112425 0.6053232 0.7987794 -1.03039e-5 0.601624 0.8519767 0.003023326 0.5235711 0.8526439 -0.001359939 0.5224909 0.9030484 -0.006631016 0.4294878 0.8999365 0.01074713 0.4358885 0.9177115 0.02675229 0.3963459 0.9384661 0.007789373 0.3452836 0.9410442 -0.01869535 0.3377668 0.9567035 -0.04077869 0.2881936 0.9674215 0.02379006 0.2520512 0.9800925 -0.007677435 0.1983935 0.9809126 -0.02744603 0.1925025 0.9937248 0.03367531 0.1066641 0.9951241 0.00643903 0.09842109 0.9988863 -0.02013808 0.04266977 0.9986336 0.05225527 6.27495e-4 0.9983065 -0.02868819 -0.05060994 0.9943314 0.04950588 -0.0940966 0.989279 -0.03533834 -0.1416987 0.9783448 -0.005854666 -0.2068994 0.9800239 0.01703464 -0.1981496 0.9564191 0.01519155 -0.2916024 0.9551118 0.00398916 -0.296219 0.9372901 -0.006495237 -0.3484896 0.9403027 0.01679509 -0.3399247 0.9001028 -0.0136618 -0.4354636 0.9017276 -0.005060136 -0.4322752 0.8775753 0.0251919 -0.4787766 0.8525314 -0.05741578 -0.5195128 0.8256354 0.03321355 -0.5632257 0.79766 -0.04941284 -0.6010798 0.7639905 0.04291796 -0.6437987 0.7281158 -0.05515462 -0.6832317 0.6973013 -0.008711934 -0.7167252 0.6990691 -0.006590366 -0.7150238 0.6633886 0.04696518 -0.7467997 0.6248741 -0.03248858 -0.7800494 0.5853944 0.05756753 -0.8087023 0.5372333 -0.0466504 -0.8421427 0.5056411 0.01938563 -0.8625261 0.4511166 -0.02423346 -0.8921359 0.4616995 0.01502799 -0.8869092 0.403471 -0.04105257 -0.914071 0.3647317 0.02908319 -0.9306584 0.3206956 -0.04691439 -0.9460198 0.2707505 0.05062037 -0.9613177 0.2209888 -0.03723382 -0.9745653 0.1718645 0.04261159 -0.9841986 0.1265961 -0.03800398 -0.9912261 0.08017593 0.0451467 -0.9957578 0.02206671 0.006850779 -0.9997331 0.02014094 9.78483e-5 -0.9997972 0.1072967 -0.965801 -0.2360423 0.1493862 -0.96588 -0.211565 0.1031191 -0.966029 -0.2369695 0.1315839 -0.9657519 -0.2236268 0.06307715 -0.965747 -0.2517026 0.008053541 -0.966084 -0.2581024 0.07003277 -0.9661366 -0.2483453 0.01799499 -0.9658028 -0.2586527 0.0428707 -0.9656763 -0.2561867 0.008047401 -0.9656668 0.2596595 0.09309911 -0.9662306 0.2402725 0.0360704 -0.9661003 0.2556349 0.03308945 -0.9659767 0.2565036 0.08180505 -0.9659078 0.2456221 0.05935847 -0.9657672 0.252528 0.1068671 -0.9658218 0.2361519 0.129095 -0.965711 0.2252485 0.1508766 -0.9659671 0.2101042 0.1515765 -0.9660087 0.2094081 0.1948315 -0.9661172 0.169288 0.2068119 -0.965777 0.1565361 0.188574 -0.9658288 0.1778054 0.1724005 -0.9657047 0.1941459 0.2224124 -0.9659469 0.13221 0.2212664 -0.9660201 0.1335906 0.2445136 -0.9660446 0.08349227 0.2328146 -0.9657441 0.1146118 0.2430658 -0.965817 0.09009116 0.2519562 -0.9657841 0.0614739 0.2557154 -0.9661597 0.03384017 0.2592614 -0.9657387 0.01150888 0.2556985 -0.9660295 0.03748798 0.2593124 -0.9656852 -0.01447123 0.2547009 -0.9662759 -0.03792518 0.2343854 -0.9662237 -0.1071236 0.2544842 -0.9658834 -0.04803299 0.2454075 -0.9656861 -0.08500331 0.2328689 -0.9660402 -0.1119751 0.2032163 -0.9661327 -0.1590309 0.2207434 -0.9658394 -0.1357452 0.2050181 -0.9660422 -0.1572579 0.1566742 -0.9661744 -0.2048421 0.1759964 -0.9655426 -0.19171 0.1869751 -0.9656347 -0.1805271 0.02210605 -0.9985796 0.04847824 0.0347386 -0.9985145 0.04197573 0.05361157 -0.9965886 0.06274533 0.09400296 -0.9946141 0.04366141 0.03204375 -0.998368 -0.04727107 0.02877461 -0.9982236 -0.05217021 0.01134455 -0.9963217 -0.08493733 -0.07189846 -0.9932286 -0.0912553 -0.02816569 -0.9993692 -0.02163302 -0.04106807 -0.9979412 -0.04926258 -0.05335664 -0.9981682 -0.0285204 -0.04606014 -0.9987182 -0.02099078 -0.01815593 -0.9987646 -0.04625761 -0.05646389 -0.9983545 -0.01000607 -0.09251856 -0.9955253 -0.01923072 -0.0187658 -0.9987103 -0.04717797 -0.01097893 -0.9976814 -0.06716734 -0.03737443 -0.9993004 0.001453638 0.009495735 -0.997463 -0.07055103 0.009723246 -0.9978514 -0.06479287 0.0276131 -0.9983349 -0.0506457 -0.03826588 -0.9991448 0.01566427 0.03916543 -0.9973654 -0.06106007 -0.07580196 -0.9947358 0.06895381 0.02877163 -0.9992775 -0.02483701 0.02818101 -0.9994038 -0.0199452 0.05764746 -0.998026 -0.02492064 0.04157036 -0.999072 -0.01128143 0.053038 -0.9985571 -0.008411943 -0.006655633 -0.9979837 0.06312161 0.05677556 -0.9983527 -0.008267402 -0.001275241 -0.9987496 0.04997718 0.03935378 -0.999217 0.004092812 0.006339967 -0.998315 0.05768048 0.007585346 -0.9991773 0.03983932 0.04068285 -0.9991607 0.004781365 0.03136551 -0.9974605 0.06394422 0.06863045 -0.9971386 0.03169482 0.0446 -0.9987367 0.02315229 0.1207372 -0.9799086 0.1587505 0.03487473 -0.9990401 0.02651268 -0.05448299 -0.996409 -0.06481367 -0.08884698 -0.9959337 -0.01490771 -0.04070478 -0.9986519 0.0322113 -0.03133261 -0.998889 0.03520053 -0.04227644 -0.9975845 0.05511748 -0.03183919 -0.9980635 0.05343914 -0.03125917 -0.9972885 0.06662285 -0.129843 -0.9655757 0.2253987 -0.09490329 -0.9662564 0.2394616 -0.1089525 -0.9658654 0.2350178 -0.1124134 -0.9821507 0.150809 -0.09229576 -0.9661618 0.2408588 -0.07066798 -0.9658102 0.2494328 -0.03333669 -0.9657071 0.2574853 -0.005395829 -0.9656959 0.2596197 -0.03747379 -0.965969 0.2559292 -0.04475438 -0.9513254 0.3049216 -0.0044716 -0.965848 -0.2590709 -0.09162855 -0.9662002 -0.2409594 -0.03280794 -0.9658488 -0.2570214 -0.04018926 -0.9660481 -0.2552175 -0.08225655 -0.9659398 -0.2453453 -0.05649179 -0.9658049 -0.2530404 -0.104153 -0.9658526 -0.2372362 -0.1515312 -0.9661619 -0.2087329 -0.1495155 -0.9660443 -0.2107216 -0.1308989 -0.9657459 -0.2240546 -0.1933686 -0.9657251 -0.1731578 -0.1755993 -0.9655596 -0.1919887 -0.1972938 -0.9661031 -0.1664938 -0.2220721 -0.9446351 -0.2415547 -0.2235201 -0.9662306 -0.1282088 -0.21868 -0.9658425 -0.1390234 -0.2351719 -0.9656482 -0.1105346 -0.2496399 -0.9660414 -0.06666421 -0.2421873 -0.9655293 -0.09538739 -0.2581066 -0.9660749 -0.008967697 -0.2502681 -0.9659808 -0.06516987 -0.2563576 -0.9657071 -0.04111897 -0.2585806 -0.9658903 -0.01385664 -0.2588198 -0.9658007 0.0155434 -0.2556331 -0.9660399 0.03766709 -0.2407593 -0.9662335 0.09180402 -0.2428892 -0.9660764 0.08775693 -0.2555312 -0.9659444 0.0406863 -0.2507303 -0.9658021 0.06603449 -0.2340129 -0.9657756 0.1118735 -0.2085412 -0.9659306 0.1532602 -0.2046945 -0.9661824 0.1568175 -0.2201964 -0.9657722 0.1371042 -0.1649944 -0.9662333 0.1979146 -0.1558927 -0.9656601 0.2078413 -0.179663 -0.9658809 0.1865351 -0.1910464 -0.9658116 0.1752406 -0.07079166 -0.003489315 -0.9974851 -0.0665276 0.007375955 -0.9977574 -0.1296435 0.00573343 -0.9915441 -0.1348522 -0.00254321 -0.9908625 -0.1787438 0.04897493 -0.9826761 -0.2257378 -0.03399187 -0.9735949 -0.267875 0.03781539 -0.9627113 -0.3204778 -0.0490427 -0.9459857 -0.3633518 0.03753805 -0.9308955 -0.4146622 -0.05354416 -0.9083989 -0.4536921 0.02233749 -0.8908785 -0.4907221 0.02104848 -0.871062 -0.5076529 -0.02287805 -0.8612579 -0.5472156 0.008403062 -0.8369495 -0.5421256 0.02324229 -0.839976 -0.6179341 0.01414442 -0.7861028 -0.6190339 0.01067394 -0.7852917 -0.6739965 -0.01431047 -0.7385959 -0.6656477 0.01539331 -0.7461074 -0.6983433 -0.04255151 -0.7144971 -0.7283489 0.02520394 -0.6847428 -0.7642135 0.003539144 -0.6449536 -0.7698147 -0.02703362 -0.6376947 -0.8264704 0.009072601 -0.5629072 -0.8255681 0.0142796 -0.5641219 -0.856425 -0.03259289 -0.5152419 -0.876488 0.04025828 -0.4797376 -0.9033663 -0.05249273 -0.4256453 -0.9204552 -0.008685767 -0.3907518 -0.9202431 -0.007542669 -0.3912748 -0.9541405 0.01456749 -0.2990049 -0.9563635 -0.01059997 -0.2919872 -0.9788739 0.001308143 -0.2044606 -0.9785335 0.005480766 -0.2060154 -0.9901477 -0.003202557 -0.1399907 -0.9897824 0.00301969 -0.1425544 -0.9982563 0.02376002 -0.0540378 -0.9986454 0.01250934 -0.05050581 -0.9996948 -0.02307295 0.008832812 -0.9980358 0.04235917 0.04615676 -0.99396 -0.04115265 0.1017362 -0.9879826 0.04533874 0.1477661 -0.9793057 -0.03304839 0.1996701 -0.9686834 0.04722553 0.243767 -0.9543042 -0.0443027 0.2955352 -0.9419887 0.02783918 0.3344883 -0.922712 0.01472359 0.385209 -0.9178434 -0.02551239 0.3961221 -0.8966 -0.03432846 0.4415088 -0.8808973 0.02452951 0.4726714 -0.8500911 -0.02579456 0.5260035 -0.8553552 -0.002831101 0.5180345 -0.8230602 0.04191541 0.5664054 -0.8019266 -0.02126705 0.5970439 -0.7689692 0.02613842 0.6387515 -0.761589 0.007297694 0.6480192 -0.7381612 0.03835827 0.6735332 -0.6936321 -0.01341682 0.7202045 -0.694997 -0.006926059 0.7189793 -0.6243355 -0.005907237 0.781134 -0.6235873 -0.002453744 0.7817499 -0.5421222 0.005885004 0.8402791 -0.5404818 0.01272046 0.8412595 -0.4649597 0.006842792 0.8853055 -0.4562587 -0.01932638 0.8896373 -0.4030303 0.03089982 0.9146649 -0.3645737 -0.04108309 0.9302679 -0.3248915 0.03694093 0.9450296 -0.2688238 0.006597876 0.9631668 -0.2597163 -0.01536661 0.9655628 -0.2243176 0.04622536 0.9734192 -0.1711401 -0.04472476 0.9842311 -0.1386287 -0.01837021 0.9901741 -0.1263542 0.01305699 0.9918993 -0.06951373 -0.03637117 0.9969178 -0.02164274 0.05115658 0.9984561 -0.03448224 0.9661379 -0.2557119 -0.03799855 0.9659641 -0.2558704 -0.08946675 0.9661196 -0.2420921 -0.08405363 0.9657779 -0.2453733 -0.1302021 0.9657554 -0.2244197 -0.1318433 0.9658862 -0.2228929 -0.1739926 0.9657484 -0.1925007 -0.1787471 0.9661597 -0.1859704 -0.1931247 0.9661033 -0.1713101 -0.2206376 0.9660668 -0.1342904 -0.2213188 0.9660004 -0.1336464 -0.2445594 0.9656242 -0.08809518 -0.2482797 0.9665911 -0.06370973 -0.2568829 0.9656746 -0.03852051 -0.2578023 0.9661775 0.006260871 -0.2590611 0.9657686 0.01336294 -0.248787 0.966371 0.06505531 -0.2531538 0.9659665 0.0531215 -0.2421719 0.9658514 0.09210878 -0.2347212 0.9663464 0.1052647 -0.2159649 0.9663058 0.1400446 -0.2233811 0.9658702 0.1311326 -0.1995785 0.9658539 0.165211 -0.1795626 0.9659354 0.1863495 -0.1726228 0.9662929 0.1909961 -0.1519494 0.9658489 0.2098751 -0.129179 0.9665305 0.2216567 -0.1178094 0.9661345 0.2295761 -0.08041876 0.9663973 0.2441499 -0.09340673 0.9659908 0.2411162 -0.00979042 0.9664815 0.2565501 -0.05808919 0.9657868 0.2527479 -0.02912473 0.9660347 0.2567664 -0.02981644 0.9924048 -0.1193473 -0.07019227 0.9933606 -0.09114801 -0.1058418 0.9943103 0.01203113 -0.03015518 0.999298 0.02223098 -0.07562816 0.9951241 0.06331294 -0.009383559 0.9975004 0.07003605 -0.004796266 0.991437 0.1304978 6.51036e-4 0.9999951 -0.003058254 -2.81404e-4 0.9999981 0.001982569 -1.99249e-4 0.9999963 -0.002727389 0.003424406 0.9999908 0.002584815 -6.66261e-4 0.9999998 -6.90265e-5 -4.16627e-4 1 1.09435e-4 -0.006257653 0.9999777 -0.002360582 -7.85742e-4 0.9999991 -0.001232326 -0.001589298 0.9999957 -0.00249058 -3.09846e-4 1 1.91797e-4 5.57732e-4 0.999999 0.001389265 5.88099e-4 0.9999988 0.001462161 -0.02595096 -0.6610857 0.7498615 -0.05072087 -0.5446272 0.8371433 -0.0710439 -0.7138739 0.6966612 -0.1458308 -0.6745471 0.7236848 -0.2028161 -0.6627908 0.7208148 -0.2027021 -0.6628028 0.7208358 -0.2027811 -0.6627923 0.7208233 -0.204518 -0.6513429 0.7307016 -0.204641 -0.6513196 0.730688 -0.2045971 -0.6513239 0.7306964 -0.3210352 -0.4831696 0.814545 -0.2757433 -0.6263778 0.7291204 -0.2755262 -0.6264026 0.7291812 -0.2756763 -0.6263766 0.7291468 -0.3108475 -0.6734975 0.6706526 -0.3105745 -0.6735532 0.6707231 -0.3113154 -0.6731179 0.6708167 -0.4147742 -0.4186598 0.8078902 -0.3540281 -0.7066898 0.6125795 -0.4863764 -0.4399765 0.75489 -0.4281577 -0.6635439 0.6135067 -0.5587058 -0.4338718 0.7068262 -0.4461826 -0.7127586 0.541199 -0.5998564 -0.5166463 0.6109411 -0.4750766 -0.7215226 0.5036937 -0.5504218 -0.6633229 0.5069897 -0.6607695 -0.489596 0.5689285 -0.6390576 -0.6062722 0.473328 -0.638961 -0.6061884 0.4735658 -0.6390086 -0.6061969 0.4734905 -0.5542325 -0.7165755 0.4234926 -0.6369117 -0.6624987 0.3942576 -0.6370307 -0.6626359 0.3938347 -0.6369838 -0.6625158 0.3941124 -0.5631681 -0.7518318 0.3429151 -0.5649501 -0.7789977 0.2720186 -0.5124399 -0.821331 0.2506407 -0.7258324 -0.6217563 0.2942558 -0.6296383 -0.7416204 0.231419 -0.831404 -0.4914849 0.2592491 -0.6090795 -0.7770197 0.1589424 -0.8210619 -0.5452591 0.1689673 -0.6022087 -0.7923816 0.09734547 -0.8469637 -0.524501 0.08689743 -0.8470216 -0.5244419 0.08668982 -0.8472331 -0.5241342 0.08648431 -0.5762629 -0.8166368 0.03202569 -0.5763025 -0.8166002 0.03224432 -0.5765987 -0.816381 0.0324999 -0.7641717 -0.6449559 0.008577048 -0.5965112 -0.8020797 -0.02902984 -0.7087871 -0.7040205 -0.04445457 -0.7087797 -0.7040355 -0.04433387 -0.7088854 -0.7039096 -0.0446397 -0.7718381 -0.6267155 -0.1072095 -0.771838 -0.6266811 -0.1074111 -0.771955 -0.6264853 -0.1077107 -0.6497268 -0.7533361 -0.1016849 -0.6500526 -0.7529628 -0.1023657 -0.6500316 -0.7530222 -0.1020618 -0.8408604 -0.5099453 -0.1814104 -0.8408032 -0.5099905 -0.1815483 -0.8410126 -0.5097371 -0.1812899 -0.6794512 -0.7119783 -0.1772934 -0.6795781 -0.7117722 -0.1776346 -0.6795791 -0.7118096 -0.1774806 -0.8488063 -0.4597827 -0.2610132 -0.5718144 -0.7928973 -0.2105759 -0.6490461 -0.6858333 -0.329199 -0.6490303 -0.6856927 -0.3295229 -0.64907 -0.6857122 -0.3294039 -0.6866939 -0.603794 -0.4048265 -0.4267752 -0.8616248 -0.2747102 -0.6627011 -0.5832263 -0.4697598 -0.6015222 -0.6251581 -0.4973415 -0.5073574 -0.74734 -0.4290356 -0.4879575 -0.7307192 -0.477438 -0.5024489 -0.6264865 -0.5958689 -0.5395718 -0.4800364 -0.6916844 -0.5394399 -0.4800836 -0.6917546 -0.5397557 -0.4798334 -0.6916819 -0.4259518 -0.6843062 -0.5918533 -0.4714325 -0.5238022 -0.7094947 -0.3323965 -0.7490787 -0.5730565 -0.3163738 -0.7737728 -0.5488016 -0.2830767 -0.7257435 -0.627028 -0.2821735 -0.7274971 -0.6254008 -0.2645031 -0.5682048 -0.7792184 -0.2642565 -0.5681542 -0.7793391 -0.2639943 -0.5678403 -0.7796565 -0.2082161 -0.7360016 -0.6441644 -0.2082778 -0.7360041 -0.6441417 -0.2080875 -0.7359732 -0.6442384 -0.1752114 -0.5959343 -0.7836858 -0.158738 -0.7155975 -0.6802372 -0.111374 -0.6040085 -0.7891576 -0.07890886 -0.7612698 -0.6436161 -0.07862579 -0.7610942 -0.6438586 -0.07876592 -0.7611216 -0.643809 -0.02004379 -0.7115405 -0.7023592 -0.05020439 -0.5737701 -0.8174764 -0.01761466 0.6229795 0.7820399 -0.02430152 0.5220516 0.8525677 -0.02327704 0.9837433 0.1780661 -0.00821793 0.9954289 0.095151 -0.09452766 0.6765791 0.7302775 -0.09950262 0.5588995 0.823244 -0.09812247 0.8965045 0.4320322 -0.1446351 0.6837279 0.71526 -0.1445541 0.6837239 0.7152802 -0.1446127 0.6837279 0.7152646 -0.1057786 0.9201225 0.3770751 -0.1841946 0.7803 0.5976656 -0.1843531 0.780274 0.5976507 -0.1839754 0.7804536 0.5975326 -0.0304808 0.9952006 0.09298819 -0.2602117 0.6253647 0.735669 -0.2600313 0.6253291 0.735763 -0.2603917 0.6256218 0.7353867 -0.2403095 0.7731078 0.5869886 -0.3037276 0.6663116 0.6810129 -0.3002396 0.7577456 0.5793771 -0.3084895 0.7377017 0.6005252 -0.1057952 0.9797552 0.1699623 -0.2837169 0.8186394 0.4993339 -0.4736021 0.4892556 0.7323457 -0.4738392 0.4896245 0.7319455 -0.4736887 0.4895593 0.7320866 -0.2880051 0.8708977 0.3982343 -0.3966485 0.7372474 0.5469337 -0.5241745 0.5381749 0.6600068 -0.07898682 0.9930254 0.08753091 -0.04512333 0.9975931 0.05264914 -0.4220602 0.7676905 0.4821997 -0.5395349 0.6224607 0.5669611 -0.3512644 0.8780487 0.3250291 -0.4646211 0.76395 0.4477809 -0.3360902 0.8953487 0.2922226 -0.5224263 0.7413668 0.4212435 -0.05598586 0.9975293 0.04243791 -0.3711014 0.8946409 0.2488 -0.5137246 0.7764601 0.3649615 -0.4896577 0.8231115 0.2876155 -0.4896233 0.8230905 0.2877348 -0.4896028 0.8232209 0.2873959 -0.4753739 0.8381759 0.2673593 -0.6553052 0.6728711 0.3432488 -0.1070223 0.9928772 0.05235576 -0.6584839 0.701383 0.2728753 -0.6585118 0.7013922 0.2727845 -0.658533 0.7014374 0.2726168 -0.5898746 0.7671237 0.2521296 -0.6936048 0.6766691 0.2470456 -0.6032372 0.7737736 0.1933375 -0.7535414 0.6274135 0.1962848 -0.4871419 0.8678701 0.09743958 -0.08804881 0.9960202 0.01383304 -0.7891896 0.6032522 0.1151803 -0.7891909 0.6031852 0.1155216 -0.788919 0.6036921 0.1147298 -0.5762317 0.8160661 0.04464846 -0.5759803 0.8162266 0.04495513 -0.5760177 0.8162077 0.04481834 -0.6645577 0.7464524 0.03423309 -0.4770469 0.8788703 -0.003666281 -0.6946302 0.7183316 -0.03858578 -0.5574821 0.8275058 -0.06669229 -0.5575296 0.8274571 -0.06690007 -0.5572441 0.8276837 -0.06647366 -0.635704 0.766555 -0.09096217 -0.5502505 0.8267402 -0.1171534 -0.5617795 0.8187831 -0.118314 -0.5620021 0.8186709 -0.1180331 -0.5618222 0.8187717 -0.1181899 -0.6161029 0.7663059 -0.1821885 -0.616123 0.7663197 -0.1820623 -0.6160455 0.7664341 -0.1818431 -0.7888722 0.5621799 -0.2482632 -0.1842944 0.9806045 -0.06671178 -0.7193607 0.6230627 -0.3071044 -0.7193043 0.6230799 -0.3072018 -0.7191725 0.6231629 -0.3073415 -0.6874334 0.6668102 -0.287749 -0.6871233 0.6670017 -0.2880456 -0.6872118 0.6669714 -0.2879049 -0.5375403 0.7902629 -0.2941685 -0.5792074 0.7529412 -0.3124073 -0.5790674 0.7529698 -0.3125979 -0.5787162 0.7531581 -0.3127949 -0.5205472 0.7769634 -0.3540602 -0.5396177 0.7563046 -0.3698867 -0.5082208 0.7541209 -0.415949 -0.4285173 0.8264647 -0.3651426 -0.4868826 0.7418401 -0.4611061 -0.4233971 0.8009381 -0.4233594 -0.4777854 0.7059122 -0.5228855 -0.3190122 0.8606488 -0.3968815 -0.3825129 0.7774914 -0.4991906 -0.3556697 0.7766131 -0.5199723 -0.1794862 0.9371786 -0.2991337 -0.275829 0.8174862 -0.5056034 -0.3262012 0.6636618 -0.6731611 -0.3257375 0.6639229 -0.6731281 -0.3259257 0.6638743 -0.6730851 -0.1040713 0.959982 -0.2600075 -0.2958227 0.7034389 -0.6462683 -0.2963308 0.7031881 -0.6463086 -0.2960085 0.7034058 -0.6462192 -0.3397377 0.3727278 -0.8635116 -0.209573 0.7534813 -0.6231736 -0.2098476 0.7535573 -0.6229891 -0.2097505 0.7535507 -0.6230298 -0.1882504 0.7369144 -0.6492449 -0.1880678 0.7368603 -0.6493592 -0.1881765 0.7369062 -0.6492757 -0.1274163 0.8618157 -0.4909571 -0.1177722 0.7887061 -0.6033841 -0.1174054 0.7884799 -0.6037511 -0.1175854 0.7886688 -0.6034694 -0.06290119 0.8946293 -0.4423595 -0.06268697 0.8946618 -0.4423243 -0.06243175 0.8948095 -0.4420616 -0.06399875 0.7534117 -0.6544272 -1.38023e-4 0.9818028 -0.1899036 -0.03222435 0.7824836 -0.621837 -0.04806309 0.7242627 -0.6878471 0.01515495 -0.9998702 -0.005484223 0.002390265 -0.9999952 -0.002001345 0.01215767 -0.9998021 -0.01574379 -0.01123625 -0.9999368 5.50363e-4 0.001429855 -0.9999989 3.1685e-4 5.20741e-4 -0.9999991 -0.001289129 0.01386415 -0.9998798 -0.00694555 -0.006007611 -0.9999772 -0.003070771 5.21863e-4 -0.9999992 -0.00115329 -6.19903e-4 -0.9999998 -2.50768e-4 0.01702928 -0.9998511 0.002821266 6.24627e-4 -0.9999998 -1.56758e-4 -2.1379e-4 -0.9999994 0.001052975 0.001343131 -0.9999988 -7.77132e-4 2.2617e-4 -1 3.25845e-4 0.002195715 -0.9999974 6.38292e-4 5.12036e-4 -0.9999999 -1.78363e-6 1.11005e-5 -1 1.49538e-4 0.001276075 -0.9999766 -0.006728649 9.46003e-4 -0.9999995 -2.79179e-4 0.00469923 -0.9998957 -0.01365965 0.00148952 -0.9999989 3.3874e-4 8.21668e-4 -0.9999997 3.94699e-4 -0.006614923 -0.9997936 -0.01921087 9.7697e-4 -0.9999995 3.00063e-4 -0.005656003 -0.9999841 8.94187e-5 0.001670956 -0.9999982 9.26769e-4 9.69671e-4 -0.9999995 2.86348e-4 -0.008933663 -0.9998709 -0.01335901 0.003535628 -0.9999881 -0.00338459 -0.007320106 -0.9999725 0.001245439 7.61009e-4 -0.9999992 0.001074373 5.20122e-4 -0.9999997 5.23428e-4 -6.5951e-5 -0.9999984 -0.00183773 -0.003658056 -0.9999886 -0.003074169 1.01777e-4 -1 3.77925e-4 -0.001784741 -0.9999984 4.06072e-4 8.22526e-5 -1 1.31938e-4 -0.001000046 -0.9999992 -8.79193e-4 0.05132603 -0.9981133 0.03369808 -0.001760244 -0.9999981 -8.68978e-4 0.006928801 -0.9976767 0.06777423 -0.001587927 -0.9999986 -5.77916e-4 0.006018221 -0.9998132 0.01836675 -0.001765251 -0.9999983 -5.15603e-4 -7.5483e-4 -0.9999997 5.46153e-4 -0.004249453 -0.999925 0.01149696 -0.00145024 -0.9999747 0.006981432 3.03815e-4 -1 2.56066e-5 1.73734e-5 -1 2.8289e-4 -1.678e-4 -1 -2.1771e-4 2.18123e-4 -0.9999999 5.00178e-4 4.72703e-4 -1 2.33256e-4 -3.27785e-4 -1 4.61514e-5 -2.24664e-4 -0.9999994 0.001092553 -2.37064e-4 -0.9999995 0.001031875 6.56473e-4 -0.9999998 -2.13354e-4 -4.36653e-4 -0.9999994 0.001081466 -4.5397e-5 -1 -2.86059e-4 -4.94817e-4 -0.9999993 0.001142203 -0.001004457 -0.9999992 7.55801e-4 -9.41593e-4 -0.9999996 2.84709e-4 -1.98124e-4 -1 1.14133e-4 -1.90731e-4 -1 2.94213e-4 -5.28667e-4 -0.9999998 5.01872e-4 -1.70415e-4 -1 4.16471e-4 -5.511e-4 -0.9999998 5.54597e-4 -0.05971461 -0.2274591 -0.971955 -0.07384437 -0.1513277 -0.9857215 -0.1804941 0.09724932 -0.9787566 -0.303267 -0.226791 -0.9255242 -0.279029 -0.02760243 -0.9598859 -0.3904452 0.07206147 -0.9178016 -0.5191561 -0.1953164 -0.8320629 -0.5006241 -0.06164419 -0.8634672 -0.5963795 0.04622662 -0.8013705 -0.6998603 -0.1187737 -0.7043354 -0.6716287 -0.2442368 -0.6994737 -0.764591 0.1199601 -0.6332537 -0.819696 0.09386551 -0.5650557 -0.8423136 -0.268799 -0.4671778 -0.8560627 -0.2224028 -0.4665767 -0.9162557 0.1080844 -0.3857374 -0.9519919 -0.2164521 -0.2164717 -0.9660296 -0.04412126 -0.2546374 -0.9895649 0.04877597 -0.135581 -0.9938798 -0.1104135 0.003437221 -0.9786272 -0.2053902 -0.01018911 -0.9888803 0.0976361 0.1121734 -0.9572612 -0.1610655 0.240227 -0.9652118 -0.1167429 0.23396 -0.9382433 0.03423309 0.3442786 -0.8793345 -0.1808592 0.4405235 -0.8758861 0.01531225 0.4822749 -0.7981158 0.02682977 0.6019064 -0.7508389 -0.2025243 0.6286692 -0.6956743 0.06497389 0.715413 -0.6018649 -0.1740949 0.7793905 -0.6240113 -0.08418166 0.7768677 -0.5427097 0.05052918 0.8383991 -0.4515579 -0.01086091 0.8921757 -0.4048081 -0.1892416 0.8946051 -0.3631535 0.009216427 0.9316838 -0.2749479 0.03301805 0.9608921 -0.1943709 -0.2131797 0.9574834 -0.1774033 -0.1018986 0.9788487 -0.08895051 0.06646424 0.9938161 0.006779491 0.006608545 0.9999552 -0.006687879 -0.9999415 -0.00850141 -0.003822326 -0.999991 -0.001861572 6.2417e-4 -0.999864 -0.01648074 7.58049e-4 -0.9999973 0.002218306 -0.00229901 -0.9999807 -0.005788564 -7.95617e-4 -0.9999992 -0.001010775 0.001401364 -0.9999973 0.001887619 0.00129944 -0.9999976 0.001794338 -0.001404941 -0.9999973 -0.001922369 0.02673596 -0.9993843 -0.02272373 -0.001909494 -0.9999937 -0.003016948 0.001096069 -0.9999973 0.002039551 6.17141e-4 -0.9999993 0.001032233 -9.36722e-4 -0.9999995 3.20295e-4 -5.27153e-4 -0.9999979 -0.001993834 -0.004697263 -0.9999118 -0.01242703 2.37112e-4 -0.9999998 7.00921e-4 2.50694e-4 -0.9999989 0.001497209 -7.64318e-4 -0.9999997 3.23687e-4 0.003319442 -0.99999 0.003013789 -0.007616341 -0.6637634 -0.7479039 -0.01449108 -0.8881248 -0.4593741 -0.05073714 -0.06609714 -0.9965225 -0.08065444 -0.28247 -0.9558796 -0.06192207 -0.5439753 -0.8368135 -0.1008118 -0.7189199 -0.6877436 -0.07324635 -0.8573918 -0.5094255 -0.1748546 -0.1466076 -0.9736181 -0.2121355 -0.4433243 -0.8708974 -0.07337385 -0.9017634 -0.4259567 -0.2161927 -0.4460048 -0.8685277 -0.2426279 -0.6464199 -0.7233762 -0.2178822 -0.7607534 -0.611377 -0.1528984 -0.8725777 -0.463929 -0.3530305 0.05664241 -0.9338957 -0.3715975 -0.2009908 -0.9063763 -0.4251053 -0.3244591 -0.8449922 -0.03044515 -0.9974745 -0.06417077 -0.3530201 -0.6699799 -0.6530725 -0.2866905 -0.7731707 -0.5656994 -0.521425 -0.07232052 -0.850227 -0.5322563 -0.2548451 -0.8073148 -0.4333786 -0.6024208 -0.6702778 -0.1684883 -0.945196 -0.2796721 -0.4170407 -0.7089625 -0.568726 -0.2637438 -0.890856 -0.369885 -0.6331116 -0.1097075 -0.7662468 -0.587663 -0.2858501 -0.7569293 -0.506097 -0.5972814 -0.6221905 -0.5283991 -0.6080121 -0.5925502 -0.672526 -0.2782647 -0.6857678 -0.2000098 -0.9597755 -0.1970462 -0.7131437 -0.2039016 -0.6707088 -0.7129385 -0.2040699 -0.6708757 -0.7130043 -0.2040485 -0.6708123 -0.4540219 -0.7745757 -0.4403373 -0.2914785 -0.9179354 -0.2691378 -0.7183745 -0.3233364 -0.6159478 -0.6589919 -0.5111116 -0.5518104 -0.801172 -0.08677208 -0.5921099 -0.8027183 -0.2408924 -0.5455402 -0.6744842 -0.5851625 -0.4501734 -0.6355199 -0.6340097 -0.4406202 -0.3859509 -0.8817732 -0.271142 -0.3117688 -0.930943 -0.1901199 -0.8622744 -0.1652649 -0.4787176 -0.8580701 -0.2136791 -0.4669657 -0.7217656 -0.5645427 -0.4004323 -0.6759756 -0.6488577 -0.3493434 -0.9264366 -0.07218158 -0.3694659 -0.9091845 -0.1764353 -0.377166 -0.1380031 -0.9882415 -0.06583327 -0.7141755 -0.6363804 -0.2915018 -0.7851893 -0.5013941 -0.3634306 -0.4360521 -0.8869276 -0.1523744 -0.7400618 -0.6351788 -0.2210351 -0.5566804 -0.8149678 -0.1610422 -0.9182921 -0.3215291 -0.2309949 -0.8776397 -0.4253845 -0.2208994 -0.9809257 0.02740424 -0.1924412 -0.76245 -0.6385154 -0.1047291 -0.5085722 -0.8576633 -0.07594883 -0.942804 -0.3186448 -0.09790819 -0.8797953 -0.4677375 -0.08474612 -0.3999232 -0.9154549 -0.04476338 -0.9968044 0.07925254 -0.01000827 -0.9885867 -0.1500865 0.01306134 -0.8690539 -0.4947168 -8.30544e-4 -0.7807124 -0.6244902 0.02237242 -0.5518341 -0.8338519 0.01304298 -0.9790919 0.1149665 0.167815 -0.973124 -0.1825972 0.1403138 -0.8843939 -0.4468621 0.1347648 -0.8843769 -0.4468729 0.1348418 -0.8843307 -0.4469291 0.1349582 -0.8382651 -0.5325195 0.1171959 -0.5465718 -0.8315824 0.09864211 -0.4068784 -0.9125043 0.04226338 -0.8305511 -0.5126157 0.2177385 -0.6907842 -0.6945463 0.201054 -0.5373643 -0.8349704 0.1185927 -0.9095203 -0.328789 0.2543044 -0.2367777 -0.9686809 0.07479119 -0.6514182 -0.7240269 0.2268028 -0.4900006 -0.8510396 0.1887621 -0.9269261 -0.05706977 0.3708788 -0.9224509 -0.09351205 0.3746196 -0.8018826 -0.488893 0.3434647 -0.8544065 -0.2246943 0.4685105 -0.7250825 -0.5735313 0.381205 -0.6575269 -0.6597895 0.3637804 -0.4727461 -0.8459315 0.2468014 -0.8527211 -0.04229992 0.5206511 -0.3601336 -0.910773 0.2019813 -0.7877774 -0.2849857 0.5460679 -0.6366882 -0.6470512 0.4194675 -0.5321583 -0.754144 0.3848044 -0.3088231 -0.9264242 0.215329 -0.7510557 -0.1760278 0.636341 -0.7509993 -0.1762576 0.6363437 -0.1629619 -0.9779585 0.1305398 -0.5606998 -0.6720844 0.4836512 -0.6541764 -0.293511 0.6970685 -0.4614868 -0.7600188 0.4576042 -0.3189126 -0.8907546 0.323807 -0.5339581 -0.5998855 0.5958408 -0.6340014 0.05311566 0.7715058 -0.5658228 -0.2724436 0.7782154 -0.2260077 -0.9342176 0.2759673 -0.485216 -0.602194 0.6339778 -0.3598724 -0.7691928 0.5280476 -0.3369439 -0.7794159 0.5281856 -0.5076569 -0.1614127 0.846304 -0.4967945 -0.1973503 0.8451321 -0.03871399 -0.9971659 0.06450909 -0.4013201 -0.5579345 0.7263961 -0.167409 -0.9343317 0.3146404 -0.40757 -0.1391062 0.9025166 -0.3831245 -0.2529923 0.8883752 -0.3490671 -0.5292347 0.7733452 -0.2333893 -0.7561491 0.6113657 -0.2981497 -0.218077 0.9292734 -0.2734335 0.02281522 0.9616203 -0.2192231 -0.6045303 0.7658228 -0.2052468 -0.7577292 0.6194515 -0.1210392 -0.8840183 0.45151 -0.09193474 -0.8812903 0.4635466 -0.1693834 -0.3050791 0.9371426 -0.1353119 -0.6414412 0.755145 -0.1307529 -0.5598326 0.8182244 -0.09905928 -0.7929063 0.6012378 -0.09535658 0.05031836 0.9941707 -0.06019425 -0.1958187 0.9787909 -0.0560097 -0.5050195 0.8612889 -0.002195119 -0.9170281 0.3988167 -0.01109695 -0.9873825 0.1579642 -0.02534532 -0.5730209 0.8191488 0.06814289 -0.7117769 0.6990925 0.1038869 -0.621539 0.7764643 0.02205008 0.9942384 0.1048997 0.1169049 -0.7695094 0.6278443 0.2132052 -0.6099093 0.7632524 0.2075453 -0.7084687 0.6745348 0.2583864 -0.7450354 0.6149461 0.3525211 -0.5462214 0.7598495 0.2841957 -0.8235612 0.4908969 0.3823295 -0.7397769 0.5536734 0.4549691 -0.6270304 0.6323259 0.004609227 0.9999892 7.83045e-4 0.4620548 -0.7283685 0.5059495 0.5286498 -0.5870237 0.6131335 0.5340242 -0.697941 0.4771757 0.634976 -0.5669228 0.5247896 0.5668139 -0.6958648 0.441015 0.612224 -0.7072195 0.3535851 0.7982075 -0.4332532 0.4185169 0.6255564 -0.7226354 0.2940704 0.5938075 -0.7751573 0.2156938 0.03546726 -0.999358 0.005066752 0.7761837 -0.6000915 0.1934661 0.7747629 -0.601966 0.193338 0.9622673 -0.139458 0.2336518 0.6995058 -0.7063542 0.1084226 0.2504559 -0.9676271 0.03114068 0.8832955 -0.4610381 0.08504754 0.3782225 -0.9256212 -0.01317107 0.7975807 -0.6032028 0.003393709 0.8080824 -0.5890449 0.005391716 0.7036228 -0.7057268 -0.08285379 0.7519622 -0.6508855 -0.1044077 0.6663483 -0.7346383 -0.1276185 0.819481 0.5088506 -0.2636705 0.7802884 -0.5841577 -0.2234051 0.7603793 -0.6099737 -0.2230595 0.6365829 -0.73404 -0.2365325 0.8252183 -0.4415735 -0.3521756 0.7121875 -0.5710569 -0.4082685 0.6673365 -0.6433833 -0.3751265 0.4977025 -0.805548 -0.3215351 0.009033203 -0.9997802 0.01892155 0.5327682 -0.7101362 -0.4602875 0.5984504 -0.6275712 -0.4980078 0.1969902 -0.9569687 -0.2130867 0.6124104 -0.5026106 -0.6101935 0.3781262 -0.8070401 -0.4535493 0.3571876 -0.7828842 -0.5094208 0.3903974 -0.7177176 -0.5766032 0.32321 -0.7921369 -0.5177398 0.3047715 -0.668361 -0.6785337 0.3644959 -0.3106478 -0.8778614 0.307474 -0.6639242 -0.681663 0.3256143 -0.5034559 -0.8003171 0.1887586 -0.6925509 -0.6962353 0.1912474 -0.6597993 -0.7266975 0.08281457 -0.6592609 -0.7473399 0.08862113 -0.7346603 -0.6726223 0.01351386 -0.9960426 -0.08784389 0.02888554 -0.7687039 -0.6389522</float_array>
          <technique_common>
            <accessor source="#Part__Feature_024-mesh-normals-array" count="1392" stride="3">
              <param name="X" type="float"/>
              <param name="Y" type="float"/>
              <param name="Z" type="float"/>
            </accessor>
          </technique_common>
        </source>
        <vertices id="Part__Feature_024-mesh-vertices">
          <input semantic="POSITION" source="#Part__Feature_024-mesh-positions"/>
        </vertices>
        <triangles material="Part__Feature_024-material" count="1252">
          <input semantic="VERTEX" source="#Part__Feature_024-mesh-vertices" offset="0"/>
          <input semantic="NORMAL" source="#Part__Feature_024-mesh-normals" offset="1"/>
          <p>1 0 2 0 3 0 1 1 5 1 2 1 4 2 5 2 1 2 5 3 7 3 2 3 2 4 8 4 6 4 7 5 9 5 2 5 2 6 9 6 8 6 8 7 11 7 6 7 9 8 11 8 8 8 6 9 12 9 10 9 6 10 13 10 12 10 11 11 13 11 6 11 13 12 14 12 12 12 14 13 15 13 12 13 14 14 16 14 15 14 16 15 18 15 15 15 16 16 19 16 18 16 18 17 17 17 15 17 19 18 20 18 18 18 18 19 20 19 17 19 20 20 21 20 17 20 17 21 21 21 22 21 21 22 23 22 22 22 23 23 24 23 22 23 23 24 25 24 24 24 22 25 24 25 26 25 25 26 26 26 24 26 25 27 27 27 26 27 27 28 28 28 26 28 26 29 28 29 29 29 28 30 30 30 29 30 29 31 31 31 342 31 29 32 32 32 31 32 30 33 32 33 29 33 342 34 31 34 33 34 32 35 34 35 31 35 31 36 35 36 33 36 34 37 35 37 31 37 35 38 36 38 33 38 34 39 37 39 35 39 35 40 37 40 36 40 37 41 39 41 36 41 36 42 39 42 38 42 39 43 40 43 38 43 39 44 41 44 40 44 40 45 42 45 38 45 41 46 43 46 40 46 43 47 42 47 40 47 43 48 44 48 42 48 42 49 44 49 45 49 44 50 46 50 45 50 46 51 47 51 45 51 46 52 48 52 47 52 45 53 49 53 357 53 47 54 49 54 45 54 48 55 50 55 47 55 47 56 50 56 49 56 50 57 51 57 49 57 0 58 49 58 52 58 51 59 52 59 49 59 588 60 56 60 55 60 588 61 57 61 56 61 55 62 58 62 54 62 55 63 59 63 58 63 55 64 56 64 59 64 56 65 60 65 59 65 57 66 60 66 56 66 59 67 61 67 58 67 59 68 60 68 61 68 57 69 62 69 60 69 60 70 63 70 61 70 60 71 64 71 63 71 62 72 64 72 60 72 63 73 65 73 61 73 63 74 64 74 65 74 62 75 66 75 64 75 65 76 68 76 67 76 64 77 68 77 65 77 64 78 69 78 68 78 64 79 66 79 69 79 68 80 70 80 67 80 69 81 70 81 68 81 66 82 73 82 69 82 70 83 71 83 67 83 70 84 73 84 71 84 69 85 73 85 70 85 71 86 72 86 67 86 66 87 74 87 73 87 71 88 75 88 72 88 73 89 75 89 71 89 73 90 74 90 75 90 72 91 77 91 76 91 75 92 77 92 72 92 66 93 79 93 74 93 75 94 78 94 77 94 74 95 78 95 75 95 74 96 79 96 78 96 77 97 80 97 76 97 77 98 78 98 80 98 78 99 81 99 80 99 79 100 81 100 78 100 80 101 82 101 76 101 80 102 83 102 82 102 81 103 83 103 80 103 81 104 84 104 83 104 81 105 85 105 84 105 83 106 87 106 82 106 79 107 85 107 81 107 84 108 87 108 83 108 87 109 86 109 82 109 85 110 88 110 84 110 84 111 89 111 87 111 88 112 89 112 84 112 87 113 90 113 86 113 87 114 91 114 90 114 87 115 89 115 91 115 85 116 92 116 88 116 89 117 93 117 91 117 88 118 93 118 89 118 88 119 92 119 93 119 91 120 95 120 90 120 90 121 95 121 94 121 91 122 93 122 95 122 85 123 99 123 92 123 92 124 96 124 93 124 92 125 99 125 96 125 93 126 96 126 95 126 95 127 97 127 94 127 95 128 98 128 97 128 96 129 98 129 95 129 96 130 99 130 98 130 97 131 101 131 100 131 98 132 101 132 97 132 98 133 102 134 101 135 99 136 102 136 98 136 99 137 103 137 102 137 102 138 104 138 101 138 102 139 103 139 104 139 101 140 105 140 100 140 99 141 106 141 103 141 104 142 105 143 101 144 104 145 108 145 105 145 103 146 109 146 104 146 105 147 108 147 107 147 106 148 109 148 103 148 109 149 108 149 104 149 108 150 110 150 107 150 108 151 109 151 110 151 106 152 112 152 109 152 110 153 111 153 107 153 110 154 113 154 111 154 110 155 114 155 113 155 109 156 114 156 110 156 109 157 112 157 114 157 113 158 115 158 111 158 114 159 115 159 113 159 114 160 116 160 115 160 114 161 112 161 116 161 115 162 117 162 111 162 115 163 119 163 117 163 116 164 119 164 115 164 112 165 118 165 116 165 117 166 121 166 120 166 119 167 121 167 117 167 116 168 118 168 119 168 119 169 122 169 121 169 119 170 118 170 122 170 121 171 124 171 120 171 120 172 124 172 123 172 122 173 124 173 121 173 122 174 125 174 124 174 118 175 125 175 122 175 118 176 126 176 125 176 131 177 126 177 118 177 125 178 127 178 124 178 125 179 126 179 127 179 124 180 128 180 123 180 124 181 127 181 128 181 127 182 126 182 129 182 123 183 128 183 130 183 129 184 128 184 127 184 126 185 131 185 129 185 128 186 132 186 130 186 128 187 133 187 132 187 129 188 133 188 128 188 131 189 133 189 129 189 132 190 134 190 130 190 132 191 133 191 134 191 130 192 134 192 135 192 134 193 136 193 135 193 131 194 137 194 133 194 134 195 137 195 136 195 133 196 137 196 134 196 131 197 138 197 137 197 589 198 53 198 503 198 589 199 503 199 139 199 591 200 589 200 139 200 592 201 139 201 140 201 592 202 591 202 139 202 594 203 592 203 140 203 595 204 594 204 140 204 595 205 140 205 141 205 597 206 595 206 141 206 598 207 597 207 141 207 599 208 598 208 141 208 599 209 141 209 142 209 600 210 599 210 142 210 601 211 600 211 142 211 603 212 601 212 142 212 603 213 142 213 143 213 604 214 603 214 143 214 604 215 143 215 144 215 606 216 604 216 144 216 607 217 606 217 144 217 607 218 144 218 145 218 610 219 607 219 145 219 611 220 610 220 145 220 611 221 145 221 146 221 612 222 611 222 146 222 614 223 146 223 147 223 614 224 612 224 146 224 615 225 614 225 147 225 616 226 147 226 148 226 616 227 615 227 147 227 617 228 616 228 148 228 619 229 617 229 148 229 619 230 148 230 149 230 621 231 619 231 149 231 622 232 621 232 149 232 622 233 149 233 150 233 623 234 622 234 150 234 625 235 150 235 151 235 625 236 623 236 150 236 626 237 625 237 151 237 626 238 151 238 152 238 627 239 626 239 152 239 4 240 627 240 152 240 155 241 154 241 153 241 155 242 156 242 154 242 157 243 155 243 153 243 158 244 157 244 153 244 160 245 158 245 159 245 160 246 157 246 158 246 161 247 159 247 158 247 161 248 160 248 159 248 162 249 160 249 161 249 164 250 161 250 163 250 162 251 161 251 164 251 165 252 162 252 164 252 166 253 164 253 163 253 167 254 164 254 166 254 167 255 165 256 164 257 168 258 167 259 166 260 169 261 168 261 166 261 169 262 166 262 170 262 171 263 168 263 169 263 171 264 169 264 170 264 172 265 171 265 170 265 172 266 170 266 173 266 175 267 172 267 173 267 175 268 174 268 172 268 176 269 174 269 175 269 177 270 175 270 173 270 177 271 176 271 175 271 179 272 176 272 177 272 180 273 176 273 179 273 178 274 179 274 177 274 181 275 179 275 178 275 181 276 180 276 179 276 182 277 181 277 178 277 183 278 181 278 182 278 184 279 182 279 178 279 185 280 182 280 184 280 185 281 183 282 182 283 186 284 185 285 184 286 186 287 184 288 187 289 187 290 184 290 188 290 189 291 186 291 187 291 190 292 187 292 188 292 190 293 189 293 187 293 191 294 189 294 190 294 193 295 190 295 188 295 193 296 191 296 190 296 192 297 191 297 193 297 194 298 192 298 193 298 195 299 192 300 194 301 194 302 193 302 196 302 197 303 194 303 196 303 197 304 195 304 194 304 198 305 197 305 196 305 199 306 197 307 198 308 200 309 198 309 196 309 201 310 199 310 198 310 202 311 198 311 200 311 202 312 201 312 198 312 203 313 202 313 200 313 204 314 202 314 203 314 205 315 203 315 200 315 206 316 203 316 205 316 206 317 204 318 203 319 207 320 204 320 206 320 205 321 207 322 206 323 208 324 207 324 205 324 209 325 205 325 210 325 208 326 205 326 209 326 211 327 208 327 209 327 212 328 209 328 210 328 211 329 209 329 212 329 214 330 212 330 210 330 213 331 211 331 212 331 213 332 212 332 214 332 215 333 213 333 214 333 216 334 213 335 215 336 219 337 215 337 214 337 217 338 215 339 219 340 217 341 216 341 215 341 218 342 217 342 219 342 220 343 218 343 219 343 221 344 218 345 220 346 220 347 219 347 222 347 223 348 220 349 222 350 223 351 221 351 220 351 225 352 222 352 224 352 225 353 223 354 222 355 226 356 223 357 225 358 228 359 225 359 224 359 228 360 224 360 227 360 228 361 226 361 225 361 231 362 233 362 232 362 234 363 233 363 231 363 235 364 234 364 231 364 236 365 234 366 235 367 236 368 235 369 237 370 238 371 236 372 237 373 239 374 238 374 237 374 241 375 238 376 239 377 241 378 239 378 240 378 242 379 241 380 240 381 243 382 241 382 242 382 244 383 243 383 242 383 246 384 243 384 244 384 245 385 246 385 244 385 247 386 246 386 245 386 249 387 247 387 248 387 250 388 249 388 248 388 251 389 249 389 250 389 253 390 251 390 250 390 253 391 250 391 252 391 255 392 252 392 254 392 255 393 253 393 252 393 256 394 255 394 254 394 259 395 255 395 256 395 259 396 256 396 257 396 258 397 259 397 257 397 260 398 259 398 258 398 260 399 258 399 261 399 263 400 261 401 262 402 263 403 260 403 261 403 264 404 263 404 262 404 266 405 263 405 264 405 265 406 266 406 264 406 267 407 266 407 265 407 268 408 267 408 265 408 269 409 267 409 268 409 270 410 269 410 268 410 272 411 269 412 270 413 272 414 270 414 271 414 274 415 271 415 273 415 274 416 272 417 271 418 275 419 274 419 273 419 276 420 274 421 275 422 277 423 276 423 275 423 278 424 276 424 277 424 278 425 277 425 279 425 281 426 278 426 279 426 281 427 279 427 280 427 282 428 281 428 280 428 283 429 282 429 280 429 285 430 282 430 283 430 285 431 283 432 284 433 286 434 285 434 284 434 286 435 284 436 287 437 289 438 286 438 287 438 289 439 287 440 288 441 290 442 289 442 288 442 291 443 290 443 288 443 292 444 290 445 291 446 293 447 292 447 291 447 294 448 292 448 293 448 230 449 294 449 293 449 230 450 229 450 295 450 294 451 230 451 295 451 297 452 298 452 296 452 298 453 299 453 296 453 296 454 299 454 300 454 300 455 301 455 302 455 304 456 303 456 302 456 304 457 305 457 303 457 305 458 306 458 303 458 303 459 306 459 307 459 308 460 309 460 307 460 309 461 310 461 311 461 310 462 312 462 311 462 312 463 227 463 224 463 314 464 227 464 312 464 153 465 315 465 297 465 297 466 316 466 298 466 315 467 494 467 297 467 298 468 316 468 299 468 494 469 316 469 297 469 316 470 488 470 299 470 485 471 317 471 299 471 299 472 317 472 300 472 488 473 485 473 299 473 317 474 318 474 300 474 318 475 480 475 300 475 480 476 478 476 300 476 300 477 478 477 301 477 476 478 472 478 301 478 478 479 476 479 301 479 472 480 302 480 301 480 472 481 470 481 302 481 470 482 468 482 302 482 302 483 319 483 304 483 468 484 319 484 302 484 319 485 463 485 304 485 304 486 463 486 305 486 463 487 460 487 305 487 460 488 306 488 305 488 460 489 321 489 306 489 306 490 320 490 307 490 321 491 320 491 306 491 307 492 320 492 308 492 320 493 322 493 308 493 308 494 322 494 309 494 309 495 313 495 310 495 322 496 323 496 309 496 313 497 314 497 310 497 310 498 314 498 312 498 323 499 313 499 309 499 311 500 312 500 224 500 228 501 229 501 230 501 226 502 230 502 293 502 226 503 228 503 230 503 223 504 293 504 291 504 223 505 226 505 293 505 221 506 291 506 288 506 221 507 223 507 291 507 218 508 288 508 287 508 218 509 221 509 288 509 217 510 287 510 284 510 217 511 218 511 287 511 216 512 217 512 284 512 216 513 284 513 283 513 213 514 216 514 283 514 213 515 283 515 280 515 211 516 213 516 280 516 211 517 280 517 279 517 208 518 211 518 279 518 208 519 279 519 277 519 207 520 208 520 277 520 207 521 277 521 275 521 204 522 207 522 275 522 204 523 275 523 273 523 202 524 273 524 271 524 202 525 204 525 273 525 201 526 202 526 271 526 199 527 271 527 270 527 199 528 201 528 271 528 199 529 270 529 268 529 197 530 199 530 268 530 195 531 268 531 265 531 195 532 197 532 268 532 192 533 265 533 264 533 192 534 195 534 265 534 192 535 264 535 262 535 191 536 192 536 262 536 191 537 262 537 261 537 189 538 191 538 261 538 189 539 261 539 258 539 186 540 258 540 257 540 186 541 189 541 258 541 185 542 257 542 256 542 185 543 186 543 257 543 183 544 256 544 254 544 183 545 185 545 256 545 181 546 254 546 252 546 181 547 183 547 254 547 180 548 181 548 252 548 180 549 252 549 250 549 176 550 180 550 250 550 176 551 250 551 248 551 174 552 176 552 248 552 174 553 248 553 247 553 172 554 174 554 247 554 172 555 247 555 245 555 171 556 172 556 245 556 171 557 245 557 244 557 168 558 171 558 244 558 168 559 244 559 242 559 167 560 168 560 242 560 165 561 167 561 242 561 165 562 242 562 240 562 165 563 240 563 239 563 162 564 165 564 239 564 162 565 239 565 237 565 160 566 162 566 237 566 160 567 237 567 235 567 157 568 160 568 235 568 157 569 235 569 231 569 155 570 157 570 231 570 156 571 231 571 232 571 156 572 155 572 231 572 238 573 336 573 338 573 243 574 246 574 336 574 238 575 241 575 336 575 241 576 243 576 336 576 324 577 238 577 338 577 324 578 3 578 233 578 236 579 238 579 324 579 234 580 324 580 233 580 234 581 236 581 324 581 294 582 295 582 329 582 289 583 328 583 325 583 292 584 329 584 328 584 292 585 294 585 329 585 289 586 290 586 328 586 290 587 292 587 328 587 286 588 289 588 325 588 286 589 325 589 285 589 282 590 285 590 325 590 282 591 325 591 326 591 278 592 326 592 330 592 276 593 278 593 330 593 281 594 326 594 278 594 281 595 282 595 326 595 327 596 276 596 330 596 274 597 276 597 327 597 269 598 327 598 331 598 272 599 274 599 327 599 269 600 272 600 327 600 267 601 269 601 331 601 266 602 331 602 332 602 266 603 332 603 263 603 266 604 267 604 331 604 260 605 263 605 332 605 260 606 332 606 333 606 255 607 333 607 334 607 259 608 260 608 333 608 255 609 259 609 333 609 253 610 255 610 334 610 249 611 334 611 335 611 251 612 253 612 334 612 249 613 251 613 334 613 336 614 246 614 335 614 247 615 335 615 246 615 247 616 249 616 335 616 325 617 328 617 593 617 325 618 593 618 330 618 326 619 325 619 330 619 327 620 330 620 331 620 336 621 335 621 337 621 338 622 336 622 337 622 3 623 324 623 338 623 339 624 12 624 15 624 15 625 17 625 339 625 10 626 12 626 339 626 339 627 17 627 340 627 17 628 22 628 340 628 341 629 6 629 10 629 340 630 22 630 342 630 22 631 26 631 342 631 341 632 2 632 6 632 341 633 3 633 2 633 26 634 29 634 342 634 3 635 338 635 343 635 338 636 344 636 343 636 337 637 344 637 338 637 33 638 36 638 354 638 335 639 620 639 337 639 36 640 38 640 354 640 335 641 334 641 620 641 345 642 334 642 346 642 334 643 333 643 346 643 333 644 347 644 346 644 347 645 333 645 609 645 49 646 329 646 357 646 333 647 332 647 609 647 49 648 0 648 329 648 609 649 332 649 348 649 0 650 328 650 329 650 0 651 349 651 328 651 332 652 331 652 348 652 349 653 593 653 328 653 331 654 330 654 602 654 602 655 330 655 350 655 351 656 330 656 593 656 350 657 330 657 351 657 352 658 10 658 339 658 353 659 340 659 342 659 355 660 354 660 38 660 355 661 38 661 42 661 356 662 355 662 42 662 356 663 42 663 45 663 357 664 356 664 45 664 420 665 421 665 356 665 357 666 419 666 356 666 419 667 420 667 356 667 421 668 422 668 423 668 418 669 419 669 357 669 358 670 418 670 357 670 358 671 357 671 329 671 417 672 329 672 295 672 417 673 358 673 329 673 417 674 402 674 358 674 359 675 233 675 3 675 434 676 341 676 10 676 436 677 359 677 3 677 436 678 3 678 341 678 434 679 435 679 341 679 435 680 436 680 341 680 433 681 434 681 10 681 431 682 432 682 10 682 431 683 10 683 352 683 432 684 433 684 10 684 430 685 352 685 339 685 360 686 431 686 352 686 430 687 360 687 352 687 360 688 376 688 431 688 361 689 339 689 340 689 361 690 430 690 339 690 381 691 361 691 340 691 353 692 429 692 340 692 429 693 381 693 340 693 428 694 353 694 342 694 362 695 429 695 353 695 363 696 362 696 353 696 428 697 363 697 353 697 364 698 428 698 342 698 364 699 342 699 33 699 365 700 33 700 354 700 427 701 33 701 365 701 366 702 364 702 33 702 427 703 366 703 33 703 367 704 365 704 354 704 425 705 354 705 355 705 426 706 354 706 425 706 426 707 367 707 354 707 423 708 355 708 356 708 421 709 423 709 356 709 424 710 355 710 423 710 424 711 425 711 355 711 496 712 232 712 368 712 496 713 156 713 232 713 495 714 368 714 369 714 495 715 496 715 368 715 493 716 495 716 369 716 493 717 369 717 370 717 492 718 493 718 370 718 492 719 370 719 371 719 490 720 492 720 371 720 490 721 371 721 372 721 489 722 490 722 372 722 487 723 372 723 373 723 487 724 489 724 372 724 486 725 373 725 374 725 486 726 487 726 373 726 484 727 374 727 375 727 484 728 486 728 374 728 483 729 375 729 376 729 483 730 484 730 375 730 483 731 376 731 377 731 482 732 483 732 377 732 481 733 377 733 378 733 481 734 482 734 377 734 479 735 481 735 378 735 479 736 378 736 379 736 479 737 379 737 380 737 477 738 479 738 380 738 477 739 380 739 381 739 475 740 381 740 382 740 475 741 477 741 381 741 473 742 382 742 383 742 473 743 475 743 382 743 471 744 383 744 384 744 471 745 473 745 383 745 469 746 384 746 385 746 469 747 471 747 384 747 467 748 385 748 386 748 467 749 469 749 385 749 467 750 386 750 387 750 466 751 467 751 387 751 466 752 387 752 388 752 464 753 466 753 388 753 464 754 388 754 389 754 462 755 464 755 389 755 462 756 389 756 390 756 461 757 462 757 390 757 459 758 390 758 391 758 459 759 461 759 390 759 459 760 391 760 392 760 457 761 459 761 392 761 456 762 457 762 392 762 456 763 392 763 393 763 455 764 456 764 393 764 455 765 393 765 394 765 453 766 455 766 394 766 453 767 394 767 395 767 452 768 453 768 395 768 450 769 452 769 395 769 450 770 395 770 396 770 450 771 396 771 397 771 448 772 450 772 397 772 448 773 397 773 398 773 446 774 448 774 398 774 445 775 446 775 398 775 445 776 398 776 399 776 444 777 445 777 399 777 444 778 399 778 400 778 443 779 444 779 400 779 441 780 400 780 401 780 441 781 443 781 400 781 440 782 441 782 401 782 440 783 401 783 402 783 440 784 402 784 403 784 438 785 440 785 403 785 438 786 403 786 229 786 228 787 438 787 229 787 311 788 224 788 404 788 224 789 222 789 404 789 404 790 219 790 409 790 222 791 219 791 404 791 409 792 214 792 405 792 219 793 214 793 409 793 214 794 210 794 405 794 405 795 210 795 410 795 210 796 205 796 410 796 205 797 411 797 410 797 205 798 200 798 411 798 200 799 196 799 411 799 196 800 412 800 411 800 196 801 193 801 412 801 412 802 193 802 406 802 193 803 188 803 406 803 406 804 184 804 413 804 406 805 188 805 184 805 184 806 178 806 413 806 178 807 414 807 413 807 414 808 177 808 407 808 414 809 178 809 177 809 177 810 173 810 407 810 173 811 170 811 407 811 407 812 170 812 415 812 170 813 166 813 415 813 166 814 416 814 415 814 166 815 163 815 416 815 416 816 161 816 408 816 163 817 161 817 416 817 297 818 408 818 153 818 161 819 158 819 408 819 158 820 153 820 408 820 311 821 404 821 409 821 409 822 405 822 410 822 412 823 406 823 413 823 413 824 414 824 415 824 414 825 407 825 415 825 416 826 408 826 296 826 296 827 408 827 297 827 307 828 409 828 303 828 309 829 409 829 307 829 311 830 409 830 309 830 302 831 296 831 300 831 409 832 412 832 303 832 410 833 412 833 409 833 411 834 412 834 410 834 412 835 413 835 303 835 302 836 416 836 296 836 413 837 415 837 303 837 303 838 415 838 302 838 302 839 415 839 416 839 417 840 295 840 229 840 403 841 417 841 229 841 402 842 417 842 403 842 358 843 402 843 401 843 400 844 358 845 401 846 418 847 358 848 400 849 419 850 400 850 399 850 419 851 418 852 400 853 420 854 419 855 399 856 420 857 399 857 398 857 421 858 420 858 398 858 397 859 421 859 398 859 422 860 421 860 397 860 396 861 422 861 397 861 423 862 422 862 396 862 424 863 396 863 395 863 424 864 423 864 396 864 425 865 424 865 395 865 394 866 425 866 395 866 426 867 394 868 393 869 426 870 425 870 394 870 392 871 426 872 393 873 367 874 426 874 392 874 365 875 367 875 392 875 365 876 392 876 391 876 365 877 391 877 390 877 427 878 365 878 390 878 389 879 427 879 390 879 366 880 427 880 389 880 388 881 366 881 389 881 364 882 366 882 388 882 387 883 364 884 388 885 428 886 364 887 387 888 386 889 428 889 387 889 363 890 428 890 386 890 363 891 386 892 385 893 384 894 363 895 385 896 362 897 363 898 384 899 362 900 384 901 383 902 429 903 362 904 383 905 429 906 383 906 382 906 381 907 429 907 382 907 361 908 381 909 380 910 379 911 361 911 380 911 430 912 361 912 379 912 430 913 379 913 378 913 377 914 430 914 378 914 360 915 430 915 377 915 376 916 360 916 377 916 431 917 376 917 375 917 431 918 375 919 374 920 432 921 431 921 374 921 373 922 432 922 374 922 372 923 432 923 373 923 433 924 432 924 372 924 371 925 433 925 372 925 434 926 433 926 371 926 370 927 434 928 371 929 435 930 434 931 370 932 436 933 370 933 369 933 436 934 435 934 370 934 368 935 436 935 369 935 359 936 436 937 368 938 359 939 232 939 233 939 359 940 368 940 232 940 437 941 228 941 227 941 438 942 228 942 437 942 314 943 437 943 227 943 439 944 437 944 314 944 440 945 437 945 439 945 440 946 438 946 437 946 441 947 439 947 314 947 441 948 440 949 439 950 442 951 441 951 314 951 443 952 441 953 442 954 313 955 442 955 314 955 444 956 443 957 442 958 444 959 442 959 313 959 445 960 444 960 313 960 446 961 313 961 323 961 446 962 445 962 313 962 447 963 323 963 322 963 447 964 446 964 323 964 448 965 446 966 447 967 449 968 447 968 322 968 448 969 447 969 449 969 450 970 448 970 449 970 320 971 449 971 322 971 451 972 449 972 320 972 451 973 450 973 449 973 452 974 450 974 451 974 453 975 451 975 320 975 453 976 452 976 451 976 454 977 453 977 320 977 455 978 453 978 454 978 454 979 320 979 321 979 456 980 454 980 321 980 456 981 455 981 454 981 457 982 456 983 321 984 458 985 457 985 321 985 459 986 457 986 458 986 460 987 458 987 321 987 460 988 459 989 458 990 461 991 459 991 460 991 462 992 461 992 460 992 463 993 462 993 460 993 464 994 462 994 463 994 464 995 463 995 465 995 465 996 463 996 319 996 466 997 464 998 465 999 466 1000 465 1001 319 1002 467 1003 466 1003 319 1003 467 1004 319 1004 468 1004 469 1005 467 1005 468 1005 469 1006 468 1007 470 1008 471 1009 469 1009 470 1009 473 1010 470 1010 472 1010 473 1011 471 1012 470 1013 474 1014 473 1015 472 1016 475 1017 473 1017 474 1017 476 1018 474 1018 472 1018 476 1019 475 1020 474 1021 477 1022 475 1023 476 1024 479 1025 476 1025 478 1025 479 1026 477 1027 476 1028 480 1029 479 1029 478 1029 481 1030 479 1030 480 1030 482 1031 481 1031 480 1031 482 1032 480 1032 318 1032 483 1033 482 1033 318 1033 317 1034 483 1034 318 1034 484 1035 483 1035 317 1035 485 1036 484 1036 317 1036 486 1037 484 1037 485 1037 487 1038 486 1038 485 1038 488 1039 487 1039 485 1039 489 1040 487 1040 488 1040 490 1041 489 1042 488 1043 491 1044 488 1044 316 1044 491 1045 490 1046 488 1047 492 1048 490 1048 491 1048 492 1049 491 1050 316 1051 493 1052 492 1053 316 1054 494 1055 493 1055 316 1055 495 1056 493 1057 494 1058 315 1059 495 1060 494 1061 496 1062 495 1062 315 1062 315 1063 153 1063 154 1063 156 1064 315 1064 154 1064 156 1065 496 1065 315 1065 117 1066 497 1066 111 1066 111 1067 497 1067 498 1067 117 1068 499 1068 497 1068 120 1069 499 1069 117 1069 107 1070 111 1070 498 1070 123 1071 499 1071 120 1071 105 1072 498 1072 500 1072 105 1073 107 1073 498 1073 123 1074 501 1074 499 1074 130 1075 501 1075 123 1075 100 1076 105 1076 500 1076 100 1077 500 1077 502 1077 130 1078 503 1078 501 1078 97 1079 100 1079 502 1079 135 1080 503 1080 130 1080 94 1081 97 1081 502 1081 94 1082 502 1082 504 1082 135 1083 139 1083 503 1083 505 1084 139 1084 135 1084 90 1085 94 1085 504 1085 506 1086 139 1086 505 1086 90 1087 504 1087 507 1087 86 1088 90 1088 507 1088 506 1089 140 1089 139 1089 82 1090 86 1090 507 1090 508 1091 140 1091 506 1091 76 1092 507 1092 509 1092 76 1093 82 1093 507 1093 510 1094 141 1094 140 1094 510 1095 140 1095 508 1095 511 1096 141 1096 510 1096 72 1097 76 1097 509 1097 512 1098 72 1098 509 1098 141 1099 511 1099 513 1099 142 1100 141 1100 513 1100 512 1101 67 1101 72 1101 142 1102 513 1102 514 1102 515 1103 67 1103 512 1103 142 1104 514 1104 516 1104 515 1105 65 1105 67 1105 143 1106 142 1106 516 1106 61 1107 65 1107 515 1107 143 1108 516 1108 517 1108 518 1109 61 1109 515 1109 144 1110 143 1110 517 1110 519 1111 144 1111 517 1111 518 1112 58 1112 61 1112 518 1113 54 1113 58 1113 145 1114 144 1114 519 1114 152 1115 54 1115 518 1115 145 1116 519 1116 520 1116 152 1117 521 1117 54 1117 146 1118 520 1118 522 1118 146 1119 145 1119 520 1119 151 1120 521 1120 152 1120 151 1121 523 1121 521 1121 147 1122 146 1122 522 1122 151 1123 524 1123 523 1123 147 1124 522 1124 525 1124 150 1125 524 1125 151 1125 150 1126 526 1126 524 1126 148 1127 525 1127 527 1127 148 1128 147 1128 525 1128 149 1129 526 1129 150 1129 148 1130 527 1130 528 1130 149 1131 528 1131 526 1131 148 1132 528 1132 149 1132 4 1133 152 1133 518 1133 5 1134 4 1134 518 1134 7 1135 5 1135 518 1135 9 1136 518 1136 515 1136 9 1137 7 1137 518 1137 11 1138 9 1138 515 1138 13 1139 515 1139 512 1139 13 1140 11 1140 515 1140 14 1141 13 1141 512 1141 14 1142 512 1142 509 1142 16 1143 14 1143 509 1143 19 1144 16 1144 509 1144 20 1145 19 1145 509 1145 20 1146 509 1146 507 1146 21 1147 20 1147 507 1147 23 1148 21 1148 507 1148 25 1149 507 1149 504 1149 25 1150 23 1150 507 1150 27 1151 25 1151 504 1151 27 1152 504 1152 502 1152 28 1153 27 1153 502 1153 30 1154 28 1154 502 1154 32 1155 502 1155 500 1155 32 1156 30 1156 502 1156 34 1157 32 1157 500 1157 34 1158 500 1158 498 1158 37 1159 34 1159 498 1159 39 1160 37 1160 498 1160 39 1161 498 1161 497 1161 41 1162 39 1162 497 1162 43 1163 497 1163 499 1163 43 1164 41 1164 497 1164 44 1165 43 1165 499 1165 46 1166 44 1166 499 1166 46 1167 499 1167 501 1167 48 1168 46 1168 501 1168 50 1169 48 1169 501 1169 50 1170 501 1170 503 1170 51 1171 50 1171 503 1171 52 1172 51 1172 503 1172 53 1173 52 1173 503 1173 66 1174 62 1174 79 1174 79 1175 99 1175 85 1175 57 1176 584 1176 62 1176 62 1177 584 1177 79 1177 584 1178 581 1178 79 1178 79 1179 581 1179 99 1179 99 1180 581 1180 106 1180 581 1181 574 1181 106 1181 574 1182 567 1182 106 1182 568 1183 567 1183 574 1183 106 1184 567 1184 112 1184 112 1185 562 1185 118 1185 567 1186 562 1186 112 1186 557 1187 552 1187 562 1187 131 1188 539 1188 138 1188 138 1189 539 1189 532 1189 562 1190 539 1190 118 1190 118 1191 539 1191 131 1191 552 1192 539 1192 562 1192 543 1193 539 1193 552 1193 137 1194 529 1194 136 1194 137 1195 138 1195 529 1195 136 1196 505 1196 135 1196 136 1197 530 1197 505 1197 136 1198 529 1198 530 1198 529 1199 531 1199 530 1199 138 1200 531 1200 529 1200 530 1201 506 1201 505 1201 530 1202 531 1202 506 1202 138 1203 532 1203 531 1203 531 1204 533 1204 506 1204 531 1205 535 1205 533 1205 531 1206 534 1206 535 1206 532 1207 534 1207 531 1207 533 1208 508 1208 506 1208 533 1209 535 1209 508 1209 535 1210 536 1210 508 1210 532 1211 539 1211 534 1211 535 1212 537 1212 536 1212 534 1213 537 1213 535 1213 536 1214 510 1214 508 1214 536 1215 538 1215 510 1215 536 1216 537 1216 538 1216 534 1217 539 1217 537 1217 537 1218 540 1218 538 1218 539 1219 540 1219 537 1219 510 1220 541 1220 511 1220 538 1221 541 1221 510 1221 538 1222 540 1222 541 1222 540 1223 542 1223 541 1223 541 1224 542 1224 511 1224 539 1225 543 1225 540 1225 542 1226 513 1227 511 1228 540 1229 544 1229 542 1229 540 1230 543 1230 544 1230 542 1231 545 1231 513 1231 542 1232 544 1232 545 1232 513 1233 545 1233 514 1233 545 1234 546 1234 514 1234 545 1235 547 1235 546 1235 544 1236 547 1236 545 1236 543 1237 547 1237 544 1237 543 1238 549 1238 547 1238 546 1239 516 1239 514 1239 546 1240 548 1240 516 1240 547 1241 548 1241 546 1241 547 1242 549 1242 548 1242 516 1243 550 1243 517 1243 548 1244 550 1244 516 1244 543 1245 552 1245 549 1245 549 1246 550 1246 548 1246 549 1247 551 1247 550 1247 549 1248 552 1248 551 1248 551 1249 553 1249 550 1249 552 1250 553 1250 551 1250 550 1251 554 1251 517 1251 550 1252 553 1252 554 1252 517 1253 554 1253 519 1253 553 1254 555 1254 554 1254 552 1255 555 1255 553 1255 554 1256 556 1256 519 1256 554 1257 555 1257 556 1257 552 1258 557 1258 555 1258 556 1259 520 1259 519 1259 556 1260 558 1260 520 1260 555 1261 558 1261 556 1261 555 1262 559 1262 558 1262 557 1263 559 1263 555 1263 520 1264 560 1264 522 1264 558 1265 560 1265 520 1265 558 1266 561 1267 560 1268 559 1269 561 1269 558 1269 559 1270 562 1270 561 1270 557 1271 562 1271 559 1271 561 1272 563 1272 560 1272 561 1273 564 1273 563 1273 562 1274 564 1274 561 1274 560 1275 563 1275 522 1275 562 1276 567 1276 564 1276 564 1277 565 1277 563 1277 564 1278 567 1278 565 1278 563 1279 525 1279 522 1279 563 1280 566 1280 525 1280 563 1281 565 1281 566 1281 566 1282 569 1282 525 1282 565 1283 569 1283 566 1283 565 1284 570 1284 569 1284 567 1285 570 1285 565 1285 569 1286 527 1286 525 1286 567 1287 568 1287 570 1287 569 1288 571 1288 527 1288 570 1289 571 1289 569 1289 570 1290 572 1290 571 1290 570 1291 568 1291 572 1291 571 1292 528 1292 527 1292 571 1293 573 1293 528 1293 568 1294 574 1294 572 1294 571 1295 572 1295 573 1295 573 1296 575 1296 528 1296 572 1297 576 1297 573 1297 574 1298 576 1298 572 1298 573 1299 576 1299 575 1299 575 1300 526 1300 528 1300 575 1301 578 1301 526 1301 576 1302 574 1302 577 1302 576 1303 578 1303 575 1303 576 1304 577 1304 578 1304 577 1305 579 1305 578 1305 578 1306 524 1306 526 1306 578 1307 580 1307 524 1307 574 1308 581 1308 577 1308 578 1309 579 1309 580 1309 577 1310 581 1310 579 1310 580 1311 523 1311 524 1311 580 1312 582 1312 523 1312 579 1313 582 1313 580 1313 579 1314 581 1314 582 1314 582 1315 583 1315 523 1315 583 1316 521 1316 523 1316 582 1317 585 1317 583 1317 581 1318 585 1318 582 1318 584 1319 585 1319 581 1319 584 1320 586 1320 585 1320 583 1321 587 1321 521 1321 583 1322 588 1322 587 1322 585 1323 588 1323 583 1323 585 1324 586 1324 588 1324 587 1325 54 1325 521 1325 587 1326 55 1326 54 1326 587 1327 588 1327 55 1327 588 1328 586 1328 57 1328 584 1329 57 1329 586 1329 52 1330 53 1330 0 1330 53 1331 589 1331 0 1331 0 1332 589 1332 590 1332 0 1333 590 1333 349 1333 589 1334 591 1334 590 1334 590 1335 591 1335 349 1335 591 1336 592 1336 349 1336 349 1337 594 1337 593 1337 592 1338 594 1338 349 1338 594 1339 595 1339 593 1339 593 1340 597 1340 596 1340 595 1341 597 1341 593 1341 596 1342 351 1342 593 1342 597 1343 351 1343 596 1343 597 1344 598 1344 351 1344 598 1345 599 1345 351 1345 599 1346 350 1346 351 1346 599 1347 600 1347 350 1347 600 1348 601 1348 350 1348 350 1349 601 1349 602 1349 601 1350 603 1350 602 1350 603 1351 604 1351 602 1351 602 1352 348 1352 331 1352 604 1353 606 1353 602 1353 602 1354 606 1354 605 1354 602 1355 605 1355 348 1355 606 1356 607 1356 605 1356 605 1357 608 1357 348 1357 607 1358 608 1358 605 1358 608 1359 609 1359 348 1359 607 1360 609 1360 608 1360 607 1361 610 1361 609 1361 610 1362 611 1362 609 1362 611 1363 347 1363 609 1363 611 1364 612 1364 347 1364 347 1365 613 1365 346 1365 612 1366 613 1366 347 1366 612 1367 614 1367 613 1367 613 1368 615 1368 346 1368 614 1369 615 1369 613 1369 615 1370 616 1370 346 1370 616 1371 345 1371 346 1371 616 1372 617 1372 345 1372 345 1373 618 1373 334 1373 617 1374 618 1374 345 1374 617 1375 619 1375 618 1375 618 1376 620 1376 334 1376 618 1377 619 1377 620 1377 619 1378 621 1378 620 1378 621 1379 622 1379 620 1379 622 1380 337 1380 620 1380 622 1381 623 1381 337 1381 623 1382 624 1382 337 1382 337 1383 624 1383 344 1383 623 1384 625 1384 624 1384 624 1385 625 1385 344 1385 625 1386 626 1386 344 1386 626 1387 343 1387 344 1387 343 1388 627 1388 1 1388 626 1389 627 1389 343 1389 343 1390 1 1390 3 1390 1 1391 627 1391 4 1391</p>
        </triangles>
      </mesh>
    </geometry>
  </library_geometries>
  <library_visual_scenes>
    <visual_scene id="Scene" name="Scene">
      <node id="node0" name="node0" type="NODE">
        <matrix sid="transform">1 0 0 0 0 1 0 0 0 0 1 0 0 0 0 1</matrix>
        <instance_geometry url="#Part__Feature_024-mesh" name="node0">
          <bind_material>
            <technique_common>
              <instance_material symbol="Part__Feature_024-material" target="#Part__Feature_024-material"/>
            </technique_common>
          </bind_material>
        </instance_geometry>
      </node>
      <node id="Camera" name="Camera" type="NODE">
        <matrix sid="transform">0.6859207 -0.3240135 0.6515582 7.358891 0.7276763 0.3054208 -0.6141704 -6.925791 0 0.8953956 0.4452714 4.958309 0 0 0 1</matrix>
        <instance_camera url="#Camera-camera"/>
      </node>
    </visual_scene>
  </library_visual_scenes>
  <scene>
    <instance_visual_scene url="#Scene"/>
  </scene>
</COLLADA>