# Blender 4.0.2
# www.blender.org
mtllib potiron2.mtl
o potiron2
v 11.084318 0.973907 -12.850311
v -6.518677 6.380676 -14.630585
v -2.327619 7.528137 -14.899353
v -12.312220 -2.549347 -11.596405
v -12.248124 1.042145 -12.402832
v -1.663063 -11.670380 -8.157104
v -4.425856 -11.275635 -8.266693
v -10.995447 3.202820 -13.483002
v 11.094389 0.204163 -12.786926
v -12.202293 -4.707306 -10.779938
v 10.499314 -4.935257 -11.056549
v -11.718961 1.816925 -13.001892
v -4.546376 6.488815 -14.794128
v 5.262061 -10.153198 -8.799805
v 10.037498 3.079010 -13.634796
v 2.333376 -11.334610 -8.058746
v -10.398857 3.901123 -13.811951
v 0.637565 -3.716766 -16.942871
v -8.564541 5.545929 -14.317657
v -9.629089 -8.410004 -9.590027
v -3.178426 6.848526 -15.216400
v -11.616259 -6.008392 -10.413513
v -7.149304 -10.018478 -8.908722
v -2.807937 -11.587616 -8.404846
v -9.175781 5.013245 -14.281616
v 9.562786 -6.838440 -10.076019
v -12.384319 -1.428986 -11.882660
v 7.885356 -8.626648 -9.329956
v -0.843089 7.446426 -15.260437
v -12.330997 -0.617218 -12.175446
v 2.800022 -11.326431 -7.671509
v -4.466790 6.888931 -14.514343
v -11.947449 0.383865 -12.824371
v 0.818491 -11.425201 -8.446259
v -11.296968 2.525803 -13.369141
v -0.212182 -11.464996 -8.527557
v 10.403837 1.916779 -13.486511
v -7.999259 -10.048935 -8.337189
v 10.456601 3.356140 -13.179932
v -11.858384 -6.330093 -9.902832
v 7.523382 5.343140 -14.471313
v 10.948647 2.393997 -12.890686
v 11.452072 -1.960938 -11.840057
v 11.739848 -2.704437 -10.980164
v 4.884605 6.338425 -14.764282
v 3.701080 7.165817 -14.774261
v -5.549128 6.174835 -15.032562
v 2.478824 7.346481 -15.064117
v 11.447188 -0.370300 -12.307861
v 5.449676 6.511185 -14.521851
v 10.457796 -5.972458 -9.899567
v -10.505195 -8.141815 -9.164490
v -11.147403 -7.573288 -9.298950
v 8.402303 4.900421 -14.205444
v -12.853501 -5.066742 -9.858276
v 11.751976 -0.685455 -11.847900
v 8.448906 5.620422 -13.802734
v -12.696738 -2.742767 -11.190186
v 6.383686 5.870651 -14.644836
v -3.289867 7.751266 -14.293274
v -5.224212 6.879456 -14.447754
v 3.766034 -10.884949 -8.198517
v -0.782638 -11.714478 -7.846619
v -2.071766 2.059738 13.989990
v 11.331324 -3.840393 -10.764252
v 8.795614 -7.931320 -9.397461
v 9.118706 4.174698 -14.046631
v -1.145875 2.795471 13.744629
v -0.617105 8.028259 -14.653381
v -8.918332 -9.244705 -8.974426
v 9.666409 4.050507 -13.671844
v -12.518936 -5.654480 -9.786438
v 1.451459 8.062988 -14.541290
v 7.286690 6.165680 -14.083252
v -1.341810 2.205353 13.954407
v -12.624207 -3.547272 -10.960510
v 1.342465 -11.630280 -7.723267
v -12.926852 -4.265335 -10.277252
v -2.329129 3.040802 13.630066
v -10.064905 4.707962 -13.685120
v -1.265719 1.385452 14.167816
v -0.280333 2.881012 13.659088
v 6.191456 -9.949142 -8.463989
v 9.717525 -6.124298 -10.824280
v 8.803417 -7.397736 -10.241760
v 4.093438 -11.147705 -7.378571
v 11.694276 0.524338 -12.115936
v -0.615748 3.677444 13.317871
v 4.681810 7.055542 -14.262085
v 11.483639 1.653717 -12.354309
v -4.256886 -11.725922 -6.777161
v -10.666544 -7.184631 -10.174774
v 11.076630 -4.786041 -10.231537
v -9.949316 -8.949585 -8.531738
v -8.250335 6.146667 -14.040039
v -11.511218 1.430130 -13.317047
v 5.010427 -10.716400 -7.728088
v 0.695388 7.669769 -15.079987
v -1.574742 7.921387 -14.632446
v 9.457382 -7.487000 -9.213745
v 10.942124 3.069336 -12.747772
v 6.442319 -9.540802 -9.084137
v -11.882050 2.418930 -12.654938
v -0.324911 1.910858 13.982880
v 0.852696 -12.086853 -6.610107
v -6.753807 -10.886749 -7.543762
v -7.423399 6.615372 -14.056610
v -2.196540 6.901398 -15.494934
v -12.634521 -1.447342 -11.510376
v -12.023065 -3.480408 -11.548584
v -13.158570 -1.388382 -11.009399
v -12.104036 -6.750061 -9.214508
v -12.660808 0.539352 -11.654510
v -5.797497 -10.919067 -7.984009
v 11.894693 -1.797424 -11.233582
v -13.456581 -3.586014 -10.033051
v -10.802821 -8.397644 -8.538208
v -12.715812 -0.064972 -11.517700
v -13.216710 -2.537521 -10.703857
v 2.755111 -10.957489 -8.634644
v 6.075234 6.822128 -14.085571
v 3.624002 7.602463 -14.354980
v -11.544602 3.412842 -12.726196
v 10.117338 -6.744904 -9.348541
v 12.073187 0.344452 -11.565033
v -4.547283 7.312256 -14.055878
v -7.727249 5.610764 -14.717682
v 11.064653 -2.835190 -11.912506
v 3.216447 6.626007 -15.443878
v -11.103464 3.868408 -13.046417
v -5.831653 7.268097 -13.993591
v 9.157072 5.723587 -13.257843
v 4.189047 6.129578 -15.370972
v 8.362386 -8.816559 -8.290253
v -2.113471 3.858154 13.230591
v 7.233553 6.778900 -13.650452
v 0.047149 -3.273590 -17.110718
v -12.401727 1.792236 -12.042114
v 11.229365 -5.315063 -9.212952
v 10.238683 4.447418 -12.998718
v -9.055645 5.977554 -13.670197
v 5.126719 7.643158 -13.662933
v -7.898807 -9.323914 -9.532043
v 12.244512 -1.206879 -10.877380
v -6.338728 -10.057541 -9.725281
v -9.164842 -9.699341 -8.012726
v 6.092003 5.333420 -15.052856
v 11.246605 -1.458267 -12.296875
v 0.245600 1.485382 14.011841
v 11.866547 1.703064 -11.847290
v 2.718024 7.924652 -14.373993
v 0.119360 8.420425 -14.173187
v 11.698019 -3.592911 -10.281097
v -1.373660 -12.391510 -6.133881
v -3.387473 -12.012421 -6.329987
v 9.493842 -7.967270 -8.158264
v 6.205369 -10.265366 -7.744659
v -8.011968 6.895538 -13.470184
v -9.380392 4.277420 -14.509338
v -5.276813 7.733658 -13.558624
v 4.464184 -10.181915 -9.219757
v 10.816115 -6.116776 -8.935028
v -12.100457 2.943207 -12.147125
v -7.098034 7.384933 -13.395508
v 12.447720 -0.075974 -10.826233
v -2.709081 1.185577 14.146301
v 7.143513 -8.853912 -9.673645
v -1.998071 0.800247 14.264069
v 0.852719 2.490662 13.632843
v 0.767355 4.136230 12.889771
v -11.576940 -7.788101 -8.564880
v 1.896313 6.899521 -15.598694
v 7.328220 -9.537903 -8.133698
v -12.878278 0.643341 -11.298889
v -3.222793 2.097931 13.857025
v -8.261734 -9.441528 -9.137604
v -10.945847 4.443161 -12.908661
v 8.163661 6.311874 -13.515900
v 6.194899 7.274780 -13.660339
v -13.321546 -0.230682 -10.899719
v 12.014859 -2.508377 -10.593964
v 11.565072 -4.331741 -9.726471
v -12.969428 -6.450104 -8.502045
v 9.059664 -8.488998 -7.746002
v -13.609902 -4.517395 -9.306213
v -13.522569 -1.782669 -10.545959
v 3.073746 -11.602051 -6.800323
v 0.269844 -2.618240 -17.336121
v 10.986132 -3.825424 -11.328400
v 11.666879 2.728760 -11.909912
v 9.633988 5.674805 -12.872040
v -10.512130 -9.086136 -7.741943
v -8.377290 -10.509033 -7.075806
v -0.328383 4.381546 12.869537
v -0.418928 -12.283478 -6.029022
v 12.539934 -1.947495 -9.766510
v -8.568806 6.955673 -13.029938
v -10.383385 5.390259 -12.892151
v -2.309317 8.251999 -14.001953
v -12.071826 -1.496170 -12.360565
v 4.332499 7.694687 -13.778687
v 10.668555 -6.531952 -8.634460
v 6.945264 -10.155640 -7.050354
v 1.269951 7.330902 -15.354645
v 12.553576 0.861267 -10.715881
v 2.322396 -11.853699 -6.440857
v -10.498245 2.833328 -14.108063
v 11.370348 3.580917 -12.020905
v 10.898405 4.223633 -12.359741
v -12.840332 1.740479 -11.121277
v -0.415699 0.666824 14.237793
v -9.739278 -9.943542 -6.960175
v -3.670211 6.208908 -15.475311
v -3.372514 3.615952 13.211029
v -10.091372 6.096405 -12.529663
v -13.444753 -5.610870 -8.682556
v 12.184853 1.834702 -11.317902
v 1.405635 -4.459686 -16.563049
v -13.167666 0.974533 -10.958801
v 5.124299 -11.011993 -6.817291
v -14.104663 -2.667145 -9.573273
v -11.383766 -8.556885 -7.660614
v 11.778755 -4.383026 -9.313629
v 12.318092 -2.667328 -9.752228
v -11.777254 3.892914 -12.140533
v 7.400145 -10.041397 -6.583862
v -3.893494 1.478043 13.915131
v 8.191247 -9.268250 -7.319977
v -12.341173 -7.112137 -8.536804
v -1.266604 4.448517 12.863312
v -1.636248 8.666733 -13.551819
v -10.942421 -9.247147 -6.980316
v -13.732290 -1.063675 -10.393982
v -4.498804 7.943359 -13.328674
v -9.121002 6.634094 -12.880463
v 6.228437 -10.630783 -6.645538
v -12.487400 2.421005 -11.681030
v -12.268739 -7.973526 -7.449463
v 2.202975 8.608643 -13.585785
v 3.477861 8.415558 -13.345062
v -0.676251 -3.756790 -16.875244
v 0.027390 6.790955 -15.878571
v -2.021689 0.043213 14.340942
v 1.817662 -10.784760 -9.541351
v 11.963596 -4.223602 -9.229523
v -4.704771 -11.842865 -6.289398
v -2.272811 4.579926 12.732361
v -3.079102 0.288452 14.237274
v 8.317288 6.788162 -13.050720
v -1.205961 6.911407 -15.688202
v 5.186857 5.591339 -15.126587
v -11.790461 -0.564758 -12.939545
v 3.734423 -11.625122 -6.211334
v 10.385967 5.067795 -12.500610
v 9.982992 -7.396255 -8.366730
v -14.328935 -3.792969 -8.756165
v 11.096324 -6.679581 -7.995575
v -11.451460 4.729614 -12.041260
v -11.166937 -5.536179 -11.130646
v 10.580781 -7.233109 -7.889587
v 11.655602 -5.705566 -8.398560
v 4.042748 8.313522 -13.140717
v -6.486774 7.924179 -12.947021
v -12.740932 -7.296753 -7.775848
v 12.780702 -2.854782 -9.133148
v -4.030663 2.738571 13.490387
v 11.986149 -5.012329 -8.640594
v 11.883865 3.380035 -11.336639
v 9.256395 -8.835831 -6.892181
v -8.006250 -11.200592 -5.576294
v 10.936131 -0.975540 -12.758789
v -10.463037 5.780182 -12.412292
v -14.436543 -1.799042 -9.381805
v -3.077467 8.426910 -13.435272
v -12.400158 3.473892 -11.303436
v -1.172678 -11.004684 -9.446075
v 12.878264 -0.359070 -9.743225
v -6.657269 -11.655548 -5.475403
v -1.484515 4.972565 12.458069
v -9.639540 3.548981 -14.603973
v 7.871769 -8.270798 -9.950348
v -13.977237 -5.490585 -8.018921
v 7.164054 7.628052 -12.892334
v 10.300429 5.772308 -12.085022
v -7.625892 7.723969 -12.629181
v -8.812878 -8.434845 -10.127899
v 3.040173 -12.094635 -5.046906
v -14.161498 -4.571152 -8.498352
v 9.395280 2.911407 -14.166199
v -3.340446 4.109207 12.920502
v 4.708812 8.297897 -13.049072
v -11.906941 -2.352173 -12.293243
v -4.494062 3.886810 12.781189
v -9.269025 7.327271 -11.729736
v 1.948008 3.348465 13.012482
v -0.813335 9.126724 -12.836548
v -2.184954 -12.401184 -5.246490
v 10.859278 -7.446899 -7.193787
v -13.669292 0.625427 -10.447632
v 4.076245 2.777252 13.352722
v 9.190943 6.600006 -12.533417
v -11.086751 5.512848 -11.847290
v 11.139500 4.821350 -11.700623
v 2.929457 3.315155 13.194946
v -13.555619 -6.526382 -7.559357
v 12.578343 -3.722229 -8.894073
v -4.536962 5.778000 -15.304718
v -12.766639 2.464813 -10.978058
v -4.784112 2.004868 13.552856
v 12.515412 2.077271 -10.602509
v 9.790977 6.392578 -12.125824
v -14.732202 -3.115280 -8.494507
v 1.056841 3.537033 13.159241
v 12.683885 -4.291016 -8.345245
v -13.081542 -7.495758 -6.950653
v 9.938573 -8.097977 -7.368103
v 1.320723 9.165329 -12.752991
v 5.258626 -11.206024 -6.028992
v 12.741964 -1.366760 -9.710175
v 12.406051 2.705246 -10.655151
v -12.055443 -8.661285 -6.527466
v 11.825508 -6.311737 -7.459595
v 11.602130 4.488068 -11.199677
v 9.050473 -9.204102 -6.418030
v 13.054001 -3.195328 -8.613068
v -10.786623 2.105118 -13.987823
v 8.339335 7.318100 -12.501221
v -13.977655 -0.262863 -10.134674
v -13.526958 2.442978 -10.151031
v -1.147926 -0.230682 14.350586
v -5.608405 8.435333 -12.428772
v 4.422418 3.611298 13.063202
v 2.922365 4.711639 12.633148
v -9.464119 -10.669220 -5.324463
v 3.254796 2.390045 13.455078
v 7.974279 -9.967545 -6.082581
v 1.483337 2.238785 13.573486
v 5.686339 -9.591324 -9.554169
v 11.346690 -6.916275 -7.305847
v -4.388107 8.463852 -12.552216
v 0.751829 -2.118378 -17.475616
v 6.437705 -8.883636 -10.199219
v 3.669611 -10.326477 -9.327911
v 6.100801 -10.949768 -5.676422
v 1.534864 1.160431 13.818817
v -12.007604 4.490143 -11.284912
v 13.033663 -1.972351 -9.200043
v 12.420765 -5.298279 -7.788239
v -14.754246 -0.780258 -9.070587
v -9.152119 3.642502 -14.946472
v 6.501514 4.432404 -15.298065
v -13.798639 1.645737 -10.082489
v -2.765774 9.179733 -12.059113
v 3.510353 9.026291 -12.218506
v 10.107832 -8.466370 -6.425476
v -14.105812 0.741714 -9.889526
v 1.257060 -12.298203 -5.218689
v 5.855394 8.195282 -12.818512
v 3.514109 4.048950 12.956146
v 4.195479 -11.825119 -4.865601
v -12.460043 3.895386 -10.745544
v 8.179848 3.987854 -14.677429
v 9.070441 7.230453 -11.967621
v -8.326249 7.638855 -12.170868
v -10.671038 6.210419 -11.584778
v -9.573126 6.937317 -12.043396
v -10.564228 -10.019119 -5.564667
v -14.774604 0.000366 -9.038300
v -5.332870 -12.131531 -4.790985
v -13.825683 -6.715851 -6.751038
v -14.980536 -2.488846 -8.335724
v 9.624450 1.730560 -14.117584
v -6.048543 5.808411 -15.177582
v -0.504355 4.966156 12.456543
v -11.699335 -3.129517 -12.218140
v -14.665819 -4.370972 -7.821533
v 13.622419 -1.058182 -8.707245
v 12.067846 3.854385 -10.760864
v 4.255567 4.742508 12.582153
v -3.260674 -12.468719 -4.712036
v 13.326856 -3.652039 -7.882263
v 0.450303 4.826065 12.462067
v 10.493231 0.810440 -13.425720
v 12.983912 0.563797 -9.673492
v -14.360199 -5.732269 -7.027252
v 7.396799 4.788284 -14.778015
v 7.303359 -10.461029 -5.665283
v -12.721779 3.324875 -10.642426
v -11.604173 -4.655975 -11.329803
v 13.527496 -2.182175 -8.465698
v 7.954207 -7.705872 -10.687622
v -3.782997 0.690781 14.083008
v -10.383864 -6.823380 -10.720856
v -11.444064 -4.045914 -12.013947
v -5.253937 2.493362 13.225891
v 10.724017 -7.955475 -6.471832
v -12.172880 4.628647 -10.724762
v -10.758256 -6.125046 -11.045441
v -4.257063 8.861343 -11.749908
v -11.655621 5.433228 -10.921356
v 3.552133 5.331009 12.267944
v 9.949213 0.859344 -13.877930
v 12.995557 1.690460 -9.557434
v 1.552665 4.158920 12.675171
v -1.817978 6.228577 -16.082397
v 10.372127 6.695404 -11.050903
v 2.123057 1.363586 13.606964
v -8.188604 4.658798 -15.049835
v 0.281916 -4.600311 -16.529572
v 2.453560 4.332169 12.744720
v 0.049545 -12.544739 -4.608612
v 5.483762 8.904160 -11.963928
v 6.413636 -10.983688 -5.248840
v 1.592542 -12.434326 -4.306580
v 0.099852 -11.056946 -9.396301
v -6.647428 8.435547 -11.986725
v 9.491405 -9.253922 -5.480042
v -4.489579 5.036514 -15.752197
v 13.105541 -4.481583 -7.524841
v 8.553186 -9.861786 -5.439392
v 11.740646 -6.941086 -6.599640
v 0.786123 -12.511246 -4.612244
v 5.229013 4.897018 -15.465149
v 10.928582 5.944550 -11.059357
v 12.770336 -5.301819 -7.190247
v 12.368421 -6.256760 -6.556335
v -13.465871 3.153931 -9.868042
v 11.451322 -7.556305 -5.874451
v -15.268160 -2.730225 -7.708832
v 8.320424 8.112885 -11.474091
v -13.440814 -7.446793 -6.238861
v -15.163201 -3.883759 -7.206421
v -14.297395 1.750259 -9.374603
v 0.922266 -12.935852 -4.350708
v -0.579769 -12.693085 -4.410645
v 4.272589 9.007050 -12.129578
v 5.431133 -11.577515 -4.368195
v -13.200852 -7.955811 -5.630981
v -12.577194 4.036591 -10.334869
v 9.700964 7.388275 -11.052979
v 0.157592 -13.186981 -4.170929
v 13.686166 0.624878 -8.863159
v -3.912027 -10.735840 -9.979126
v 8.047615 -10.278870 -4.960419
v 10.941221 -8.157196 -5.452667
v 3.811540 -11.996658 -4.391052
v 10.395117 -3.216309 -12.472412
v 12.931577 2.372635 -9.497101
v -7.552747 8.433594 -11.265198
v -14.850458 -5.046112 -6.758911
v -8.994569 7.772614 -11.182922
v -3.073079 5.930878 -15.912659
v 10.597555 -0.320450 -13.217072
v 12.196582 4.404480 -9.986389
v -15.249984 -0.574402 -8.270935
v 13.927237 -2.763245 -7.464813
v -12.700340 -8.552795 -5.274353
v -10.372773 6.995773 -10.631470
v 14.051808 -1.448364 -7.905396
v -15.244733 -1.512558 -8.179413
v 13.803068 -0.147995 -8.637482
v -14.752008 0.871063 -8.955566
v 12.803647 2.824097 -9.554230
v -6.130217 5.018356 -15.630737
v 6.880866 -10.949951 -4.550171
v 0.486713 9.642731 -11.311768
v 1.959681 -12.958160 -3.618591
v 7.202573 8.752609 -11.286835
v 1.103505 -13.057037 -3.957367
v -0.449392 -13.221344 -3.847931
v 10.095030 -8.893082 -5.262329
v -11.405355 0.263565 -13.482849
v 11.424866 5.824509 -10.271362
v -10.694457 6.592133 -10.902771
v 7.102511 -10.997070 -3.788177
v 10.663590 -2.103210 -12.704590
v -10.828012 1.193176 -14.067566
v 13.658066 -3.557724 -7.368378
v 5.211577 4.446411 12.583496
v -11.088085 -4.728348 -11.982117
v -11.668960 -9.318573 -5.524841
v 0.013989 -0.425232 14.233429
v 12.890588 -5.624664 -6.452301
v 4.475570 1.764984 13.503448
v 2.040574 2.476151 13.321533
v -6.960437 5.428604 -15.148102
v 1.241799 -2.955933 -17.213196
v -14.463669 -6.111481 -6.155945
v 2.636148 -12.469177 -2.882141
v -12.256882 4.947525 -9.929474
v -2.161222 -11.221283 -9.184631
v -7.889641 8.503815 -10.549652
v 0.518377 -13.070984 -3.881042
v -15.457218 -3.343658 -6.927826
v 11.738300 5.022522 -10.503204
v -10.642875 -5.434601 -11.960724
v 2.128135 -12.487671 -3.807312
v -14.040622 -6.859756 -5.881500
v 2.124790 6.242310 -16.048950
v -1.463804 -12.774551 -3.490692
v 13.544978 -4.466537 -6.631165
v -9.978955 2.753906 -14.562073
v -11.484799 -1.308044 -13.150208
v 14.174767 -0.554779 -7.970459
v -11.560150 5.994247 -10.100708
v -12.243927 -9.110214 -4.212677
v 8.866655 -9.855560 -4.720123
v 13.640181 1.594177 -8.862854
v -0.811255 -2.627609 -17.259064
v -14.000800 -7.153564 -5.172150
v -10.371415 -10.399231 -4.117401
v -4.188169 -12.544769 -3.128998
v -5.842937 8.974731 -11.103363
v -0.226728 -13.128769 -3.467255
v -15.196362 0.536865 -8.298096
v -15.600675 -2.299561 -7.198151
v 14.262259 -1.749329 -7.392914
v -14.826654 1.810562 -8.531433
v -14.307787 2.796417 -8.873260
v 11.774640 5.479889 -9.875580
v -12.937812 4.662064 -9.365601
v 1.742657 -13.031723 -3.470856
v -3.596512 4.599167 12.520203
v 3.924979 -12.180023 -3.342346
v 12.904346 3.220078 -9.220306
v 2.470466 0.922333 13.603973
v -5.315232 3.112915 12.931152
v 10.170361 -0.501190 -13.557495
v -8.588225 8.302765 -10.395752
v -13.277113 3.792648 -9.681580
v -6.415981 -12.183502 -2.528015
v -8.638817 -11.345795 -3.152008
v 0.210935 -12.518509 -3.496429
v 14.398689 0.746704 -7.725830
v 8.854798 2.555756 -14.577515
v 9.770418 -9.305511 -4.498413
v 13.504463 2.735260 -8.774475
v -15.569150 -0.809174 -7.667847
v 12.484088 4.231247 -9.283325
v 12.425319 -6.638016 -5.544067
v -9.764261 -7.471481 -10.562195
v -9.158039 -7.499908 -11.295135
v 8.893637 -6.241821 -11.572479
v 14.194251 -3.287933 -6.365173
v 3.719980 1.868149 13.552368
v -15.038133 -5.427032 -5.531067
v 10.348973 -1.353271 -13.231171
v -11.118312 6.585754 -9.852814
v -15.320585 -4.630341 -5.878845
v 4.187473 -9.568527 -10.339752
v -12.040494 5.436142 -9.685974
v 12.077646 -7.166992 -5.029022
v -3.095348 -10.603088 -10.338501
v 3.062702 9.626022 -10.961029
v 9.887446 -5.245499 -11.538055
v 5.483019 9.518341 -10.782806
v -13.931292 3.644547 -8.870026
v 2.187324 -12.952271 -3.149719
v 2.416905 -12.621246 -2.936127
v 9.459455 8.014191 -10.291962
v 12.803345 -6.097961 -5.696930
v -14.601640 -6.255127 -5.312408
v 10.389768 7.316681 -10.072876
v 13.529860 -5.019379 -5.721710
v 11.648179 -7.734894 -4.492279
v 5.861411 -11.598053 -3.265778
v -0.264630 -12.523865 -3.221619
v 2.403684 2.161880 13.388947
v 2.993693 -10.374924 -9.744690
v -7.496505 -9.161407 -10.344299
v -15.606526 -3.830612 -5.993286
v -13.482646 -7.891510 -4.550934
v 8.840277 -6.883423 -10.888550
v 14.471850 -2.044968 -6.702881
v 11.064582 6.810837 -9.526154
v -0.720497 -13.303177 -3.232788
v -0.569786 -13.215546 -2.807617
v 8.634032 -10.169830 -3.831024
v -1.740976 -12.856232 -2.467194
v 1.834232 -13.278015 -1.747864
v -15.588830 0.661270 -7.494568
v -3.650326 -0.380295 14.192657
v 14.270853 2.065826 -7.796509
v 5.190535 2.565857 13.241455
v 12.659237 4.322250 -8.919128
v 0.709495 0.356720 14.090698
v 2.228736 5.357147 12.155334
v -15.840451 -2.926147 -6.129944
v -13.023141 -8.404755 -3.944153
v -15.820010 0.060699 -7.057800
v 1.038420 6.597351 -15.979919
v -6.749506 4.427994 -15.746521
v -9.963555 7.487091 -10.113861
v 1.798270 4.223694 12.634705
v -0.174293 9.832703 -10.603027
v -0.058669 -12.495880 -1.859436
v -1.029697 6.492737 -16.020538
v -0.380642 -12.249298 -2.747650
v 14.461284 -0.269196 -7.472839
v 10.579704 -8.661255 -4.569611
v -11.142394 -2.854813 -13.030365
v 13.170786 -5.833710 -4.978699
v -15.976271 -1.685516 -6.424255
v -5.462930 5.234039 -15.648010
v -10.657959 -10.217178 -3.093506
v 13.851298 3.030792 -8.207642
v -9.940149 -6.565689 -11.628021
v 0.081430 9.649719 -10.976654
v 4.810160 -11.969543 -2.962677
v 14.553189 -2.453232 -6.107697
v -10.071270 1.477936 -14.705353
v -11.634842 6.185715 -9.182404
v 12.124089 5.243393 -9.038147
v -11.142443 -0.787415 -13.645050
v 10.345942 -8.998306 -3.604248
v -15.157609 1.772736 -7.972626
v -14.919761 2.881744 -7.763580
v 2.198141 -13.145386 -2.363281
v 11.776022 5.982819 -8.800446
v 12.609704 -6.715637 -4.349976
v 14.118154 -4.026306 -5.512604
v 4.672465 5.671570 11.915100
v -12.776075 5.435165 -8.703491
v 1.629060 0.204971 13.893463
v -6.865890 8.979126 -10.086060
v 6.888369 -11.199554 -2.743408
v -7.650271 4.260742 -15.478333
v -15.610134 1.237213 -7.235260
v 3.354676 1.159714 13.649475
v -14.530317 3.300812 -8.154480
v 10.999948 -8.442444 -3.732666
v 0.900925 -0.444794 14.081238
v -14.242377 -6.965057 -4.612885
v -2.925770 -12.810104 -2.005310
v 3.298320 5.842255 -15.961182
v 13.310899 3.896515 -8.499268
v -10.524039 7.286530 -9.214142
v 7.228132 3.524353 -15.280945
v 8.121564 -10.561005 -2.675171
v -0.848928 5.595200 11.900024
v 14.601265 1.718033 -7.195068
v 0.919584 9.640472 -10.986267
v -0.456298 -13.246719 -2.075745
v -13.592041 4.721909 -8.316132
v -2.518390 -0.745850 14.335938
v 5.501420 5.391953 11.941986
v -14.888488 -5.961914 -4.748138
v 14.613817 -2.774933 -5.516602
v 14.761953 -0.953979 -6.542297
v -16.048794 -0.888535 -6.427155
v -0.822571 -13.352020 -2.169556
v 0.243518 5.344696 12.065552
v 8.283612 8.742767 -10.278717
v 8.188627 3.087357 -14.885620
v -13.557540 -7.842377 -3.839111
v -15.830344 -3.775360 -5.075043
v -2.432649 9.679291 -10.410919
v 5.711656 -11.702362 -2.073883
v -14.092514 -7.223602 -3.849609
v -5.335714 -12.555618 -1.648895
v -3.934526 9.423553 -9.972168
v -0.374747 -12.405212 -2.223083
v -11.860209 -9.367798 -3.178101
v -14.240353 4.181229 -7.822357
v 10.593432 7.563065 -9.027222
v 12.253043 5.362091 -8.651764
v -15.436340 -4.832413 -4.864624
v 14.796130 -1.820129 -5.876984
v 1.936265 -3.625031 -16.869446
v -16.024517 -3.022659 -5.170654
v 5.457264 -8.830948 -10.847717
v 5.888140 4.014603 12.595459
v 7.519694 9.219513 -9.976257
v 2.377532 -12.689148 -1.907471
v 4.364758 -12.109558 -2.189270
v 0.905923 -10.677216 -10.007935
v 2.733626 -12.471313 -2.189850
v 3.910341 6.042511 11.704346
v 12.452858 -7.017487 -3.424774
v 14.032820 -4.597076 -4.352966
v 14.416717 3.028564 -7.156128
v -8.334826 8.629456 -9.551910
v 2.122758 -13.148163 -1.850464
v 11.641776 -7.881927 -3.369171
v 12.947145 5.154709 -8.127899
v -11.217910 6.779327 -8.757111
v 9.961377 -2.360031 -13.249268
v 10.028880 -3.086670 -12.881561
v 9.506858 -9.683014 -2.686035
v 9.901040 8.044418 -9.439178
v 15.037786 -0.506332 -5.805023
v -6.935524 9.020859 -9.253021
v -15.716218 1.729370 -6.679413
v -15.363448 2.353394 -7.164612
v 14.784107 0.034729 -6.803589
v 13.448558 -5.641083 -4.082916
v 1.211690 -13.155167 -1.683228
v -0.773750 -13.349670 -1.667786
v -1.269315 -12.814896 -1.506287
v -15.246026 -5.421082 -3.985229
v -16.226997 -1.782654 -5.419189
v 14.132876 4.044327 -7.131531
v 13.584611 4.324402 -7.902679
v -12.733770 -8.601105 -3.225922
v -3.564385 5.343201 -16.042542
v 2.491917 -12.578766 -1.517487
v 0.034568 -13.247589 -1.601288
v -16.075502 0.122940 -6.296570
v -10.793851 0.235992 -14.114319
v 5.913015 9.866730 -9.311066
v -10.562456 -10.583527 -1.965881
v -5.880639 9.297104 -9.834930
v -14.801836 3.520416 -7.424866
v 14.822665 0.962982 -6.743469
v 9.109641 8.736557 -9.070251
v -12.189447 6.250397 -8.304260
v 10.356605 -4.042328 -12.004608
v 11.279077 6.800323 -8.471344
v -14.780909 -6.204102 -3.872040
v 5.305602 4.224701 -15.724762
v 3.331899 -12.441345 -1.359131
v 13.041687 -6.309662 -3.238617
v 1.664678 -13.239716 -1.226013
v 6.028297 2.348526 13.052704
v -16.021086 1.063263 -6.136841
v 15.021633 1.657578 -6.040558
v -16.325460 -0.837173 -5.323730
v 0.599210 -13.269470 -1.408020
v 14.440750 -3.754486 -4.296448
v 10.448399 -8.975983 -2.576630
v 11.719430 6.385620 -8.316956
v 14.933352 -1.994019 -5.006012
v 4.319301 5.141632 -15.901489
v 0.431649 10.097977 -9.023285
v -0.315084 5.821320 -16.513000
v -13.191134 -8.201874 -3.049500
v -9.746692 7.865173 -9.174988
v -9.079742 8.347626 -8.420380
v 7.515303 -10.878220 -1.825653
v -9.505517 2.656372 -15.009552
v -13.790689 5.105438 -7.417175
v 15.128810 0.888000 -5.753387
v -5.036172 4.758759 11.958282
v 0.604253 -13.394897 -1.004303
v -0.011399 -13.312439 -0.913055
v -15.586329 -4.666016 -3.825500
v 4.726409 -12.111694 -1.137787
v -15.943062 -3.643356 -4.447845
v 5.675609 -11.790436 -1.219238
v 5.784729 3.454956 12.837646
v -10.756716 7.228241 -8.531189
v 1.855291 -12.753876 -0.952545
v -3.205390 -12.813660 -1.026459
v -12.748584 -8.835358 -2.526459
v -1.804731 5.468842 11.989410
v -2.646143 9.840485 -8.516296
v -5.061222 9.582962 -8.499359
v 12.574163 5.940170 -7.924500
v 3.067365 6.050354 11.712463
v -1.344146 -10.499588 -10.364563
v 9.860136 -1.405640 -13.614136
v 0.619012 6.059052 -16.365753
v 5.167129 -9.424683 -10.135681
v -0.683642 -12.809219 -0.901001
v -5.983525 9.465576 -8.106934
v -7.551728 9.026947 -8.248413
v 9.275737 -5.121597 -12.246918
v 10.795088 7.464966 -8.151825
v 9.817569 8.421021 -8.342773
v 9.159801 1.208954 -14.450928
v -13.937112 -7.304779 -3.183899
v -16.254932 0.260269 -5.546448
v -2.012070 -10.811447 -9.951660
v 15.076373 -1.147171 -5.202759
v 13.347236 5.428589 -7.358154
v -15.875020 1.929779 -6.015289
v 1.590161 -12.827026 -0.875549
v -16.244492 -2.511841 -4.238007
v -5.149973 -10.022690 -10.616943
v 3.556812 -9.560852 -10.844910
v 0.874429 -13.234497 -0.828857
v 14.830958 2.336090 -6.405853
v 3.616601 0.279770 13.703857
v -4.909431 1.003326 13.752930
v 10.187338 -9.134766 -1.636169
v 2.159629 -4.592941 -16.384247
v 3.165059 -12.491547 -0.393250
v -12.143319 -9.572052 -1.371216
v -1.084434 10.060257 -8.126740
v 7.262555 9.676086 -8.565369
v 6.061325 -8.419357 -11.062012
v 8.954705 -10.010635 -1.796906
v -13.184387 5.748154 -7.451630
v -4.567205 -0.317825 13.980225
v 1.409907 -1.573486 -17.560699
v -8.200518 8.793213 -8.051300
v -15.430963 3.023849 -6.390381
v -14.429689 -6.632034 -3.077881
v 6.712486 -11.387482 -1.053833
v 4.520675 0.515701 13.625305
v -16.425848 -1.345993 -4.176392
v -9.347543 -11.311493 -0.204407
v 11.240386 7.146118 -7.966492
v -0.683578 -1.118683 -17.587372
v 12.062303 -7.484695 -2.175842
v 14.778587 -2.839539 -4.415466
v 14.346382 -4.163010 -2.935608
v 13.887568 4.953613 -6.823761
v -8.384214 3.727036 -15.347992
v -5.285920 4.526230 -16.022614
v -14.894268 -5.879639 -3.066101
v -0.205900 -12.817566 -0.671478
v 0.621048 -12.839447 -0.582336
v -10.741321 -2.330856 -13.652191
v 8.203424 -10.605347 -0.974731
v 11.175328 -8.354462 -2.450409
v -2.382580 5.637161 -16.297821
v -4.784718 -12.574921 0.212738
v -14.082880 -7.382782 -2.475464
v 13.622278 -5.486511 -2.711395
v 14.019315 -4.808197 -2.970764
v 15.150890 -1.430252 -4.289459
v -16.026447 -3.431000 -3.748810
v 12.665773 -6.795715 -2.769653
v -6.017275 9.337784 -7.427277
v -14.639174 4.228775 -6.900696
v 15.206812 -0.081436 -5.202881
v 8.127124 1.771713 -15.074402
v -16.390913 0.129852 -4.790955
v 12.195186 6.866241 -7.394775
v -2.292927 -12.774948 -0.595428
v 1.502009 10.100662 -8.167419
v 8.555406 9.281662 -7.921234
v -3.695938 9.673096 -7.822113
v -6.894629 -8.807556 -11.525574
v -12.252386 6.578949 -7.452759
v -11.504441 7.096954 -7.555969
v -13.666416 -8.038330 -1.842285
v 1.323462 -12.682343 -0.490784
v 10.654490 -8.750717 -1.598724
v 14.662072 -3.375046 -3.160492
v 4.476140 -12.186707 -0.372101
v 14.590222 3.739731 -6.269958
v 6.239646 4.809921 12.088715
v -9.648167 8.048859 -7.808197
v -2.851259 5.152481 12.177826
v -2.611203 5.860596 11.483795
v 10.283947 8.096115 -7.621735
v -16.199305 1.495026 -4.934326
v -7.841559 -11.877625 0.160492
v 2.376688 -2.755035 -17.114990
v -4.480044 -10.238281 -10.704071
v -1.585590 -1.292862 14.365936
v -14.552752 -6.768448 -2.373047
v -10.462830 7.866440 -6.889862
v -3.586606 -12.655243 0.215912
v 0.888687 -12.723068 -0.355560
v -1.513521 -3.332367 -16.913757
v 9.518212 -9.715363 -1.196594
v 15.044280 2.629471 -5.526733
v -2.772941 5.056824 -16.492615
v 12.978688 6.086609 -7.235992
v -13.037023 -8.793182 -1.368164
v -0.176481 -12.685974 0.555237
v -15.433846 -4.807632 -2.999481
v -8.967751 8.439209 -7.158142
v -6.304940 -12.294815 0.052094
v 11.438722 -8.035095 -1.617584
v -15.976618 2.199036 -5.241882
v -4.293345 4.582443 -16.048279
v 9.554873 -4.042923 -12.759583
v 7.778547 -7.136200 -11.515106
v 14.211925 4.788330 -6.255524
v 13.124293 -6.210968 -2.308075
v 15.257565 0.913116 -5.085388
v 5.678988 -11.797928 -0.192810
v -16.337021 1.008270 -4.559998
v 2.554428 -12.653778 0.305450
v -13.657712 5.683563 -6.501953
v 9.594710 8.688049 -7.212616
v -8.180597 -8.498779 -10.792908
v 15.008371 -2.280075 -3.455200
v -14.274426 5.037781 -6.355347
v -16.462646 -0.376343 -4.208527
v -5.903420 3.322693 12.578278
v 4.179627 10.260742 -7.886322
v 6.057826 10.109375 -7.532349
v -16.267439 -2.347916 -3.553284
v -15.126243 3.771042 -6.253693
v -11.189576 -10.317825 -0.346619
v 14.897463 3.395615 -5.512726
v 6.014007 3.701294 -15.676147
v 11.350886 7.886505 -6.978790
v 11.427074 -8.063721 -1.312256
v 12.003380 -7.444519 -1.445099
v -15.235037 -5.677216 -2.117584
v 15.276039 1.988144 -4.726868
v -0.994804 -12.733475 0.789642
v -2.692156 -12.732056 0.820282
v 2.207731 10.234222 -7.256470
v 15.353539 0.003220 -4.226959
v 9.428285 -9.859131 -0.488007
v 4.359328 -12.129333 0.670746
v -14.278659 -7.394012 -1.258453
v 2.094668 -9.825928 -11.208496
v -6.000771 -9.838409 -10.439545
v 3.020641 5.072693 -16.485168
v -15.864968 -3.664429 -2.952332
v -12.550488 -9.325806 -0.083862
v -15.653121 -4.772064 -2.128540
v -9.473222 1.552444 -15.211670
v -11.167317 7.564957 -6.505890
v -15.394611 3.703156 -5.312775
v 12.738091 6.987915 -6.365540
v -5.412950 9.565613 -7.195587
v -15.842804 2.879288 -4.752991
v -12.096729 6.971283 -6.586029
v -5.609149 1.445190 13.405029
v 2.656495 -9.729553 -11.122803
v -6.189962 1.442093 13.151794
v -5.336442 4.253662 12.218903
v -14.953293 4.459351 -5.417725
v -5.068279 -0.097015 13.816132
v -12.876822 6.489014 -6.208527
v 14.476114 4.663727 -5.581085
v -8.595143 2.871887 -15.489624
v 10.350609 -9.214233 -0.285583
v -13.537604 -8.367859 -0.431000
v -14.877503 -6.487442 -1.342957
v 7.574054 -10.966141 0.220551
v 6.714751 2.802673 12.688446
v 10.907239 8.442184 -6.483063
v 15.392923 1.215759 -4.059448
v 15.215158 2.728210 -4.483948
v -6.942641 9.192017 -6.735718
v 1.121401 -10.127319 -10.968781
v 3.000069 -12.559479 0.859802
v 9.138415 -10.065689 0.260132
v -16.419403 -1.047058 -3.362030
v 14.832588 4.107025 -4.877045
v 6.787611 -11.307190 0.619873
v 11.305177 -8.338226 -0.778717
v 15.306066 -0.832916 -3.219604
v -15.869884 -4.251511 -2.054443
v -16.169710 -3.087952 -2.323486
v 7.187464 9.881042 -6.876556
v 12.134955 7.746048 -5.985321
v 5.484076 -11.767395 0.811554
v 2.567234 -0.163101 13.637451
v 2.099930 -12.439407 1.386719
v -4.291934 -1.166534 14.040436
v -0.924291 10.058823 -6.778625
v -16.385664 1.006439 -3.780670
v 15.393405 0.004120 -3.269226
v -16.204905 1.879608 -4.054016
v 13.748095 -5.161667 -1.606659
v -10.776210 -3.872177 -12.910736
v 2.889356 -3.631561 -16.679932
v -5.301161 -12.272171 1.277435
v -0.528910 -1.026398 14.296631
v 13.549901 6.053162 -6.167480
v 14.640649 -3.384598 -2.301331
v -5.680190 0.775452 13.497131
v 15.205201 -1.394058 -2.556458
v 1.385731 5.122101 12.054138
v -16.449289 -0.152802 -3.475800
v 9.517632 -0.312469 -14.070038
v -13.582453 6.100510 -5.267853
v -9.201831 1.989868 -15.329926
v 8.920966 9.113251 -6.827301
v 12.157751 -7.443970 -0.607941
v 7.517640 2.337280 -15.343872
v 0.762194 -12.631378 1.273987
v 12.813128 -6.442474 -1.063171
v -14.403178 5.187561 -5.504578
v -9.510275 8.370728 -6.017151
v -1.332481 5.428665 -16.617981
v 14.910338 -2.593735 -2.427368
v -10.238169 -4.630875 -13.002197
v -8.052908 -7.720856 -12.107056
v 14.165142 5.622498 -4.876892
v -16.265148 -1.901703 -2.750458
v -9.209075 -11.137604 1.540100
v 3.332111 10.289337 -6.161896
v 4.213757 -12.155060 1.563965
v -11.851333 -9.767090 1.040741
v 1.747968 5.695984 -16.457489
v 5.453249 1.050842 13.403717
v -16.157139 -2.604645 -2.752808
v -15.630796 -5.064621 -1.158691
v 14.361054 -3.926971 -1.743622
v -6.320663 2.333069 12.804962
v 10.033337 9.014252 -6.128113
v -6.556966 -12.050781 1.315308
v 8.612340 -10.335159 1.022308
v 2.574424 -2.069107 -17.279114
v -10.444621 -0.327820 -14.394073
v 5.583972 -11.543900 1.864532
v 8.239172 9.449692 -6.394257
v 1.189459 5.573776 11.681946
v -10.428860 -10.582672 1.397583
v 6.406253 10.062759 -6.279510
v -7.752157 8.830841 -6.075317
v 15.324697 2.326355 -3.835876
v -12.132506 7.143982 -5.754395
v -0.631604 -2.195709 14.219177
v 13.651803 6.310532 -5.285278
v 15.430182 1.292114 -3.176636
v 6.610356 2.876953 -15.649811
v -15.540443 3.733887 -4.200012
v 0.255601 9.988205 -5.774200
v -16.354300 -0.485046 -2.631989
v -14.455567 -7.252014 -0.363770
v 8.436922 0.698029 -14.870209
v 12.078277 -7.666656 0.077881
v 15.082146 3.593674 -3.993469
v 4.134578 4.189453 -16.424072
v -14.174442 5.590485 -4.882263
v 14.559755 4.956451 -4.527374
v -0.002832 -10.479111 -10.477173
v -9.878307 -5.689148 -12.555084
v 13.664359 -5.123718 -1.067505
v -16.213820 -3.332825 -1.501862
v 9.122045 -1.737854 -14.059052
v 12.781775 -6.788910 -0.112976
v -16.329809 1.064819 -3.027588
v 7.437957 9.724335 -5.868530
v -1.693370 -2.387939 -17.166443
v 13.239869 -5.873871 -0.749207
v 11.364510 -8.380157 0.319733
v -14.669566 5.101105 -4.303894
v -16.347057 -1.257843 -2.605774
v 0.432517 -1.542953 14.119568
v -2.283340 -2.028595 14.283569
v -1.083266 -12.562195 1.927765
v -2.080658 -12.526489 2.351227
v -7.362115 3.585251 -15.852905
v 8.523973 -1.259521 -14.547028
v -3.472746 -12.433014 2.488647
v 9.436543 -3.187637 -13.317108
v 6.997983 -7.924789 -11.135010
v -10.011589 0.640060 -14.808502
v -10.766991 7.940613 -5.220032
v 8.622508 -5.491302 -12.478577
v 13.316819 -5.962128 -0.289185
v 6.389437 -11.308533 1.591705
v 3.631753 -12.303589 1.882172
v -16.302868 0.491333 -2.524353
v 1.158501 -12.420959 2.398285
v 0.223577 5.926315 11.475677
v 14.753258 -2.818512 -1.606232
v -14.002536 -7.845215 0.380615
v 2.010000 6.093842 11.546692
v 12.773411 7.384888 -5.227814
v 3.121327 -12.140213 2.546204
v -12.882333 6.781570 -4.590088
v -13.524116 6.300568 -4.354980
v 7.272810 3.804810 12.164886
v -15.254603 -5.947845 -0.338745
v 4.947732 10.269226 -6.416870
v -7.798285 -11.551392 1.973328
v -3.340479 -1.618652 14.205292
v 5.424852 -11.568817 2.462555
v 13.812408 -4.840439 -0.708923
v -16.492968 -1.969528 -1.429901
v 14.785646 4.533310 -3.999817
v 10.281264 -9.240631 0.874115
v -16.487055 -1.302795 -2.016937
v 2.055650 -12.112671 3.086945
v -12.923148 -8.882095 1.166748
v 5.159475 6.222443 11.334595
v 15.080257 -1.502457 -1.595459
v 15.399032 0.818939 -2.187256
v -13.967023 5.925812 -4.099030
v -15.137140 4.477341 -3.971191
v 2.528234 6.667633 11.089081
v 8.674170 -0.438828 -14.609863
v 0.319242 -10.067169 -11.177094
v 15.353286 -0.176773 -2.331055
v -13.422146 -8.499054 0.316498
v 8.899086 -4.312134 -13.112000
v -16.092144 -3.926117 -0.597290
v 14.154373 -4.075851 -0.748016
v -16.068668 2.419159 -2.866730
v 11.386758 -8.327438 1.108154
v -15.982373 2.765839 -3.487549
v 9.553377 9.488510 -4.782837
v 11.457379 8.568985 -4.797424
v 15.245194 2.991043 -3.278015
v 8.784215 9.620377 -5.362579
v 12.593214 7.695282 -4.587250
v -0.863768 6.234100 11.162354
v 7.206231 -10.860565 2.127960
v -11.421414 7.702454 -4.389343
v 14.496801 -3.181137 -0.919037
v -14.492215 -7.175812 0.642670
v 0.190380 -12.314972 3.263794
v -4.425697 9.456299 -4.667999
v -6.473408 -11.862900 1.990356
v -12.124956 7.267288 -4.791016
v -14.892633 -6.570526 0.633759
v 4.638441 -8.531647 -11.607239
v -5.795158 9.182526 -4.418549
v -13.457276 -8.284668 1.548431
v 12.592410 -7.090271 0.791107
v 12.226539 -7.458206 1.457306
v 5.379748 3.493668 -15.922089
v 14.166663 -4.205688 -0.369202
v -15.483980 3.929596 -3.229126
v 6.797694 1.795746 12.850311
v -10.597249 -1.514938 -14.038239
v -8.836695 -7.381668 -11.790588
v 9.804313 -9.476837 1.664703
v 5.618183 10.134750 -5.513306
v 13.470199 6.705185 -4.687714
v -16.231876 1.087143 -2.339478
v 15.004858 3.973511 -3.292572
v -15.766516 -4.838303 0.129608
v 7.858259 -5.749542 -12.806396
v 3.570346 10.213013 -4.643036
v -14.190511 -7.464264 1.513458
v -9.439431 8.443497 -4.706482
v 8.239306 -10.397949 1.991394
v 4.188972 -11.980774 2.971466
v -16.445850 0.301804 -1.987518
v 13.860065 6.293793 -3.929321
v 15.364117 2.145493 -2.798279
v -16.398233 -2.784256 -0.496918
v -1.064289 -12.258850 3.593689
v -3.643282 4.367310 -16.450439
v -4.395776 3.562241 -16.408112
v 6.455123 6.012787 11.199036
v -4.105404 9.636108 -5.152924
v 5.847260 -7.815460 -11.908783
v -16.114868 1.759781 -2.309387
v 13.604748 -5.673523 0.568756
v 14.118546 -4.695618 0.378662
v -16.120724 -3.833801 0.177399
v -11.357658 -9.742157 2.397064
v 13.316889 -6.144409 0.878479
v -16.584036 -0.375931 -1.123322
v -15.478200 -5.463074 0.698914
v -4.045516 5.798355 11.229858
v 14.509981 5.209183 -3.292267
v -5.766949 -0.474762 13.561676
v -4.026576 5.267471 11.825958
v 14.461347 -3.270111 -0.452637
v -8.175570 -11.035751 2.973450
v -5.767784 3.932373 -16.200348
v 8.892984 -2.880417 -13.828705
v 14.834148 -1.781204 -0.701263
v 1.022880 5.116043 -16.844604
v 7.841525 -6.527313 -12.115814
v -4.849896 -12.091980 3.261902
v -15.648209 3.499146 -2.552734
v -7.637890 8.826096 -3.353424
v -2.527753 -10.260925 -10.923218
v 3.485896 6.648224 11.147064
v 15.223159 -0.370087 -1.436249
v -0.291280 4.753418 -17.017853
v 10.873774 -8.652664 1.791870
v -14.526464 5.366379 -3.269196
v 6.939854 -7.124161 -12.080505
v -9.079006 -6.390305 -12.685791
v 7.658920 -10.428497 2.977875
v -9.133693 -10.744171 2.917236
v 14.696525 4.754211 -2.673065
v 12.899533 7.479172 -3.788879
v 11.890788 8.360214 -4.008331
v -16.330294 1.120758 -1.927979
v 5.633352 10.029205 -4.852020
v -16.598677 -1.258087 -0.766968
v -15.160686 4.442139 -2.552856
v 15.288938 2.456253 -2.185638
v 0.627916 -5.459976 -16.026886
v 9.825623 -9.250397 2.533691
v 15.273439 0.870773 -1.325562
v -16.498606 0.655731 -1.277832
v -15.105762 -6.092438 1.436096
v -15.853446 2.716370 -2.092346
v 14.913516 4.097595 -2.364685
v -10.695445 8.014954 -3.725098
v -10.181499 -3.440948 -13.736420
v 13.474211 6.818222 -2.951172
v 14.785364 -1.991608 -0.407959
v -1.615927 -9.791962 -11.454285
v 1.341603 6.590424 10.843323
v 6.935588 -10.621979 3.354858
v -13.534740 6.357681 -3.318787
v 4.376309 -0.612213 13.623535
v 6.873863 10.089203 -4.081604
v -7.277791 -11.286606 3.946991
v -4.325097 -9.630371 -11.703918
v 15.140627 3.411545 -2.587494
v -0.362017 -4.862610 -16.377930
v 12.890314 -6.683899 1.334412
v 5.302357 0.265518 13.476898
v 11.575189 -8.002243 1.969543
v 14.491879 -3.678055 0.206543
v 15.262639 1.706085 -1.482849
v -3.862616 -12.071274 3.876068
v -13.867033 6.042892 -2.508698
v 10.792760 9.039536 -3.819489
v -16.220720 1.962723 -1.309662
v -6.105083 -11.877808 2.896423
v -11.672658 7.580078 -3.469391
v -10.574246 -9.985397 3.082520
v 3.788309 -11.712219 3.741638
v 6.991992 1.823059 -15.614471
v 15.012604 -0.432220 -0.525482
v 5.856518 -11.198029 3.535828
v 4.916561 -7.798889 -12.368164
v 14.023417 6.034485 -2.748810
v 8.376595 9.876068 -3.787933
v -12.747681 6.946777 -3.598206
v -2.316828 -12.225754 3.559784
v -15.192432 4.198151 -1.810608
v -14.744440 -6.556534 1.860596
v -2.425449 9.750732 -3.151855
v 14.865020 -2.444366 0.426086
v -15.653152 -4.902313 1.536224
v -14.140016 -7.253357 2.328247
v -16.590336 -1.488770 0.098999
v 15.099397 2.933151 -1.405701
v -6.276004 4.071655 11.907135
v 11.224920 -8.081253 2.744568
v -6.219885 -11.559982 4.179535
v 8.588946 -9.865631 3.155609
v 1.682436 -12.061371 3.602020
v 14.088441 -4.761993 1.490631
v -12.351962 -9.005432 2.456818
v -6.689185 3.398575 -16.147369
v -0.941498 -9.857147 -11.472473
v -14.589487 5.245224 -2.418640
v -5.232054 -9.461716 -11.655823
v -2.292648 -11.924347 4.463654
v -16.386982 1.420593 -1.036194
v 4.670220 4.125183 -16.154938
v -16.638807 -0.506104 -0.168823
v 8.223159 -4.854370 -13.232483
v -15.523675 3.560974 -1.931244
v -2.824044 9.662613 -3.032715
v 1.370432 10.123108 -4.790344
v 7.257526 4.701660 11.738770
v 13.524959 -5.694977 1.862793
v -9.737244 8.302826 -2.994446
v -0.115956 -11.995026 4.513947
v 5.487718 -11.199387 4.242981
v 12.665196 -6.779251 2.208252
v 15.083344 0.779236 -0.454498
v -9.254015 -10.330811 3.653534
v 14.511176 -3.835464 1.084534
v 14.775386 -3.007721 1.201111
v 6.307431 2.254593 -15.844543
v 3.753746 -8.409424 -12.490845
v 6.842091 5.048141 11.758698
v 1.567434 -0.865250 13.915985
v 6.578927 -10.705017 4.043518
v -16.570024 0.524719 0.239990
v 7.680103 -0.612976 -15.148224
v 10.104605 -8.755859 3.362122
v -16.412430 -2.636948 0.750610
v -10.831404 7.902435 -2.261047
v 15.100050 -1.167572 0.449768
v 6.249388 1.047638 13.150757
v 3.830773 10.056396 -3.741028
v 7.675066 -10.015411 4.054016
v 3.175838 -11.692123 4.132904
v 3.553319 -9.085037 -11.627533
v -0.048978 -0.473892 -17.713440
v -12.402182 7.132874 -2.410156
v -3.398305 9.416870 -2.861115
v 15.013197 -2.067245 1.115479
v 14.847353 4.025436 -1.625702
v -13.286180 -8.137177 2.515747
v -15.265907 -5.580505 2.059692
v -16.388107 1.510406 -0.274933
v -15.931778 -4.228073 1.359131
v 1.827345 -0.431183 -17.657745
v -6.823438 2.599350 12.392426
v 10.166023 9.332352 -2.880859
v 2.296611 4.505539 -16.921143
v -13.103683 6.657104 -2.352783
v -8.491276 1.978867 -15.736298
v -11.824686 -8.945801 3.574341
v -8.335894 -10.751129 4.325836
v -4.800138 -11.701477 4.785126
v 12.504110 7.841599 -2.702362
v 5.213591 -11.084244 5.006439
v 12.014613 -7.375397 2.614746
v -1.154202 9.830017 -3.496765
v 3.476750 -0.702606 13.671448
v -11.631012 7.537445 -2.317932
v 1.101288 -11.862762 4.558350
v 14.201468 5.563202 -1.794617
v -9.673593 -4.929047 -13.334930
v -9.727660 -2.466583 -14.538330
v 14.980021 2.364441 -0.437317
v -16.552832 -1.538666 1.057159
v -15.891352 2.987946 -0.880615
v 15.260836 0.041107 0.702271
v -2.353910 -3.467438 -16.627075
v -16.145815 2.351807 -0.559723
v 10.915109 -8.027771 3.523163
v 14.185065 -4.337677 2.315002
v 14.439274 -3.927292 1.765533
v 0.357881 9.894104 -2.549316
v -7.892412 2.894119 -15.843048
v -15.441331 3.944183 -0.838074
v -9.830369 -0.537170 -14.888306
v -16.604813 -0.807526 0.909210
v 8.859867 -9.370850 3.997833
v -3.251494 -9.711807 -11.726898
v 14.475168 4.785065 -1.227783
v 4.471328 10.146851 -2.610901
v -14.620701 5.075104 -1.757202
v 13.684871 6.377182 -1.751099
v -1.673712 -11.818237 5.163849
v -3.079109 -11.909775 4.604248
v -13.784068 5.965683 -1.488281
v 2.529926 -0.996323 13.615234
v -8.761857 1.165405 -15.661987
v -6.132022 8.996155 -2.370605
v -11.343621 -8.913361 4.258118
v -16.105785 -3.540253 1.735443
v 14.841724 3.591614 -0.927063
v -15.513056 -4.647537 2.782288
v -14.967835 4.657059 -0.898224
v 15.188346 -1.056229 1.347137
v -5.905767 -9.153915 -11.677521
v 13.233517 -5.824402 2.753723
v -6.505911 0.526245 13.141327
v 7.091165 -6.468109 -12.643250
v -14.600299 -6.317032 2.902008
v 7.622409 2.653503 12.351257
v 0.392443 -1.282410 -17.642548
v -14.450055 5.305252 -0.978027
v -16.380190 -2.395538 1.624969
v 5.532519 2.755005 -16.010376
v 0.767353 6.408279 10.878571
v -1.296109 10.131668 -2.951172
v 4.444191 -11.133209 5.070160
v -13.472301 -7.384293 3.632782
v 15.250419 1.049057 0.625671
v 11.720526 8.400330 -2.000885
v -7.289031 2.055817 -16.255676
v -16.225859 2.096802 0.368225
v 14.670349 -3.116348 2.207520
v 9.877012 -8.554443 4.201996
v 15.041868 1.838135 -0.245117
v 14.753163 3.444489 -0.315613
v 4.449242 3.211258 -16.571838
v -10.174707 -9.616638 4.214783
v 9.340751 9.609589 -2.474854
v 6.079587 -7.231094 -12.425171
v 12.327733 -6.833008 3.088379
v -0.460607 9.928635 -2.755371
v -2.269734 10.396027 -2.594421
v 2.383332 -11.209564 5.751526
v 14.244592 4.893127 -0.559387
v 13.661909 -5.041473 2.936554
v 11.672781 -7.066345 4.026825
v 13.053813 7.238037 -2.275024
v -12.747979 -8.132141 3.630615
v -9.239759 -10.078003 5.078552
v -16.452072 1.196075 0.626770
v -5.237903 -1.560608 13.724518
v -12.209824 7.091583 -1.342743
v 1.594106 -11.429993 5.650452
v -5.094042 3.400452 -16.455688
v 7.900020 9.926270 -2.159027
v -16.554644 0.078613 1.184875
v -16.459118 -1.635040 1.830353
v -3.029214 -11.381134 5.865173
v 7.701828 -9.743484 4.974243
v -15.769082 -4.082336 2.619171
v -0.016778 -9.655334 -11.843262
v -15.899055 3.016739 0.005432
v -4.290751 9.117676 -1.380798
v -13.152328 6.480255 -1.396362
v 6.424395 -10.561279 4.919952
v 12.471032 -6.386475 3.623169
v 10.803576 -7.814606 4.166687
v 8.103230 -4.095428 -13.760162
v 15.010865 2.688110 0.194000
v 6.176251 10.080185 -2.069000
v 12.765349 7.330200 -1.373169
v 13.652361 5.899948 -0.550995
v -9.890011 8.095169 -1.347778
v -7.313499 -10.808594 5.553772
v -3.168157 9.552887 -2.570801
v 11.229516 8.802155 -2.716125
v -9.676948 -1.633087 -14.804993
v -7.219740 -8.040131 -12.360168
v 14.557224 4.105453 -0.315948
v -4.030666 -11.443207 5.754089
v -9.021076 8.368103 -1.567841
v 13.113614 -5.540039 3.564941
v -16.066172 -3.263092 2.400208
v 0.064040 -11.381607 6.297333
v 4.370788 6.856552 10.846252
v 15.210002 1.940155 0.733643
v 7.265272 -5.465942 -13.392822
v 1.153053 -0.536972 -17.714661
v -2.105754 -4.352310 -16.326477
v -13.966391 -6.341293 4.205078
v -15.469346 3.878143 0.042969
v 1.644599 9.898819 -1.174438
v -7.589144 8.676743 -1.634735
v -6.839890 2.805817 -16.261749
v -15.044608 -5.040024 3.551819
v 8.561200 -9.116241 4.848755
v 11.620164 8.355194 -1.481110
v 3.995825 -10.918320 5.868378
v -0.829842 10.450439 -2.197510
v 1.208341 9.817734 -2.185699
v -9.330185 0.329727 -15.347321
v 4.423695 -7.909332 -12.662964
v 14.157694 -3.956299 3.070312
v -11.288373 -8.563995 4.821045
v 14.950645 3.300064 0.627686
v 7.271913 5.318375 11.318665
v -11.243880 7.576111 -1.383514
v -0.842382 -11.509354 6.100464
v -14.911218 -5.590012 3.216125
v -5.395827 8.938660 -0.992065
v -16.281626 -2.001923 2.536682
v 10.676979 8.931793 -1.363922
v -14.922462 4.657623 0.644592
v 2.346570 7.202896 10.404877
v -3.171299 10.489899 -1.999298
v -1.676562 4.301010 -17.027985
v -1.264247 -1.627197 -17.419464
v 6.811976 -9.875305 6.193909
v -8.854378 -9.893356 6.215240
v 14.930463 -2.003632 2.473602
v 3.170300 -11.248962 5.433258
v -16.103977 -2.642548 2.802063
v -12.984769 -7.293243 4.553009
v -13.828621 5.898956 0.110779
v -2.461959 10.830872 -2.293701
v 0.257172 9.787598 -1.240265
v 6.700759 0.802719 -15.729858
v 9.120895 -8.522858 5.239990
v -12.376803 -7.961517 4.461609
v 12.521993 -5.937134 4.218140
v -3.604854 3.666245 -16.718018
v 13.000793 6.817871 -0.741608
v -15.792713 3.145370 0.880096
v 4.902360 -1.173492 13.486115
v -12.628865 6.853378 -0.665344
v -14.485318 5.247116 -0.000153
v 14.111982 5.154739 -0.153656
v -4.224588 -2.283325 13.940552
v -2.154512 -11.417755 6.256073
v 12.317514 7.501419 -0.700134
v -3.836029 9.296280 -1.523895
v -7.596027 -7.450256 -12.802795
v 14.514684 4.649658 0.845062
v -16.344868 1.303406 1.452911
v -5.410487 5.405304 11.155884
v 15.119151 -0.908966 2.378113
v 2.289040 -1.371857 -17.478882
v 15.294500 0.976242 1.530731
v 2.249151 -5.192947 -16.030457
v 5.774282 -0.312546 13.338348
v -14.360609 -5.365448 4.567108
v -2.748623 4.063629 -16.871582
v -1.631506 11.000320 -2.163086
v -2.916621 11.079193 -2.098206
v -13.178720 6.426666 0.166046
v -7.477731 -10.375305 6.538391
v 0.445472 9.762939 -0.684845
v 10.653783 -7.419739 5.059082
v 7.371274 -9.572128 6.079437
v -10.858008 7.716446 -0.354950
v 7.297839 0.636902 -15.470062
v -16.383965 0.314926 2.168701
v -1.971152 -2.866776 14.164703
v -5.742097 -8.781784 -12.385834
v 13.393975 6.260223 -0.391144
v 8.111228 3.814133 11.644623
v 11.512041 8.102722 -0.470184
v 1.175847 -9.370712 -12.167145
v 8.405441 -9.020920 5.530823
v 15.091344 2.857651 1.085358
v 13.277719 -4.842926 4.149567
v 2.834453 -8.710403 -12.554016
v -9.473396 -4.207062 -13.966705
v -16.026850 2.329346 1.623779
v -3.505017 -10.931229 6.751312
v 13.717285 -4.114380 4.029388
v 6.004495 -10.220428 6.338440
v 3.386220 3.621307 -16.926178
v -16.436235 -0.338348 2.210571
v -16.210033 1.466034 2.082855
v -11.062132 -8.484116 5.787598
v -1.184181 12.855316 -1.088867
v -3.142722 11.788605 -2.096893
v 5.274028 -10.307404 6.414001
v -5.686076 -11.239075 5.635223
v 15.264107 0.255508 2.056183
v 7.920683 4.644028 11.342316
v -15.448035 3.747711 1.229309
v -16.306681 -1.193787 2.747559
v -3.647957 9.711624 -1.425018
v 6.839728 9.915985 -0.822845
v 8.694859 9.610779 -1.010834
v 4.095479 9.986206 -0.835052
v -3.292505 10.740524 -1.772247
v 14.645170 -1.909317 3.624695
v -15.224296 -3.769058 4.310211
v 7.394486 -4.737625 -13.814636
v 9.728036 9.076904 -0.454712
v -14.860448 -4.508896 4.426666
v 7.714239 1.459290 12.495728
v -4.236729 -11.045135 6.581146
v 15.211230 1.639862 2.196289
v 9.415264 9.461990 -1.343506
v 15.157794 2.354370 1.969147
v 6.757864 0.393524 12.975769
v 6.506376 -6.247345 -13.163513
v 9.242451 -7.910309 6.385590
v -2.929783 6.263458 10.909271
v 14.909753 3.596680 1.380188
v -7.732093 8.568024 -0.211060
v 9.633631 -7.796906 5.750122
v -15.795938 -3.256866 3.353760
v 14.939506 -1.058624 3.170288
v 14.460984 -2.990112 3.246002
v 10.848885 8.526840 -0.346436
v 0.427560 -2.796341 13.935791
v 4.760895 -10.020584 7.301636
v -12.019014 -7.659927 5.204132
v -0.795476 11.168808 -1.475555
v -3.512068 12.411896 -1.807037
v -5.890689 -10.655243 6.871979
v 3.452787 -10.616791 6.742432
v -1.470769 -11.114410 7.082245
v 10.244248 8.830948 -0.380157
v 15.120093 0.067810 2.879486
v -15.992295 -2.144608 3.448151
v -12.029952 7.185486 -0.357819
v 0.290247 -11.053528 7.022034
v 12.507039 7.275116 -0.399689
v -16.142658 -0.484970 3.304169
v 12.309506 7.694397 0.495728
v -1.251533 6.632568 10.600983
v -3.256838 12.775009 -1.820190
v -5.640220 8.780334 0.662842
v -10.325398 -9.141312 5.730499
v -4.737927 -10.658844 7.228943
v -15.390178 -3.274719 4.274750
v -13.778179 -5.528214 5.265198
v 5.677893 1.954178 -16.049713
v -6.653961 3.643646 11.958435
v -2.520694 -9.529572 -11.955322
v 8.143853 3.129227 11.870178
v 3.500259 -2.528137 -16.864929
v 1.963851 -10.823395 6.860443
v 1.105483 -10.879700 7.131531
v 7.089939 1.197479 12.771454
v -3.468846 10.920502 -1.132812
v -12.541937 -6.852127 5.514191
v 2.480732 -10.394745 7.366516
v 13.773264 5.996262 0.720795
v -3.690026 9.264435 -0.310364
v 8.379351 -8.637619 6.477386
v -16.115595 0.612061 3.077759
v 2.414058 -9.184082 -12.069672
v -13.387740 -6.272858 5.122589
v -5.839132 2.859497 -16.511627
v -2.879811 -10.812744 7.483826
v -3.598264 12.388229 -1.534393
v 6.987065 6.653763 10.247528
v -12.599260 6.741257 0.852509
v 13.193531 6.694031 0.268555
v -1.255863 -9.280396 -12.237152
v -14.240365 5.290817 1.495941
v -9.219102 -0.719467 -15.336945
v 14.156032 -2.836807 4.178680
v -6.123802 2.314209 -16.564789
v -0.371496 11.106598 -0.679749
v -10.206653 7.798401 1.069550
v -7.567258 -9.966797 7.291626
v 11.862468 -6.276672 4.915894
v 7.768201 -3.537003 -14.233948
v -15.793795 2.530975 2.465057
v -15.759308 2.956467 1.757538
v 5.997628 6.914032 10.471924
v -11.528627 7.338837 0.612427
v -15.941512 -1.049438 3.840942
v -8.603796 -5.862411 -13.559204
v -3.595594 -9.179825 -12.454590
v -2.401891 -2.677521 -16.890686
v -8.973083 8.211990 0.518616
v 10.781997 -6.897903 5.592804
v -1.445294 -4.751816 -16.298950
v -3.975319 9.054108 -0.098938
v 8.922442 9.318420 -0.212646
v 14.190267 5.209595 1.922729
v 11.540030 8.280914 0.573669
v -4.555377 -8.822357 -12.708679
v 14.597457 4.374329 1.803528
v 10.019105 -7.148361 6.163025
v 13.607678 6.219223 1.390717
v -3.482190 10.295242 -0.701782
v 0.691095 9.596893 0.522888
v -7.810505 1.344971 -16.122803
v 7.575840 -2.582031 -14.714844
v -2.585811 -1.421387 -17.177216
v 12.990998 7.027954 1.251465
v 5.700905 1.088547 -16.092316
v 13.214348 -4.101593 4.971680
v 13.822065 -3.041275 4.697052
v 1.864537 9.749863 0.194000
v -15.385930 3.448135 2.359650
v 7.437974 9.638107 -0.124298
v 12.623559 -5.061066 5.118591
v -1.620740 -10.667755 8.040619
v 15.101086 1.306030 2.955627
v -15.543539 -2.622864 4.274872
v -13.487367 6.018051 1.353424
v -0.900443 12.602997 -0.704407
v -3.511529 12.199005 -0.869507
v -2.961468 13.113876 -1.327362
v -15.138364 4.171448 1.499756
v 7.408444 -9.079865 7.056458
v -12.292762 -6.862015 6.268097
v 7.692251 -1.679245 -14.915436
v 5.221709 9.842712 0.067871
v 14.927845 3.283264 2.297119
v 11.636424 -6.073364 5.489868
v -15.532977 -1.641571 4.627899
v -0.110450 6.760071 10.464813
v -13.061189 -5.834381 5.877686
v 6.918735 -0.461700 -15.522217
v -9.565476 -8.960175 7.210541
v -4.331468 2.638046 -16.650421
v -3.025517 -2.825928 14.081177
v 10.645822 8.808151 0.889862
v 14.920542 2.420288 3.178009
v -10.477718 -8.201294 7.297180
v -4.996060 -10.161041 7.979767
v -0.565726 -10.866013 7.586945
v -14.384812 -4.291718 5.354523
v -15.802129 1.390015 3.566437
v 14.329881 -1.863495 4.423584
v -3.199008 9.332458 0.452759
v 0.385942 4.176483 -17.241882
v -11.019366 -7.894501 6.982056
v -11.735283 -7.673828 6.068481
v -8.725727 -9.053253 7.917175
v -15.984900 1.708282 2.751282
v -14.474569 -3.576660 5.651367
v 13.366360 -3.112854 5.456055
v -15.842475 -0.012299 4.027466
v 1.606077 -2.000290 13.791504
v 2.654012 -1.633484 13.529236
v -15.045644 -2.843292 5.121948
v 5.988423 -9.326981 7.738159
v 11.328275 -5.930328 6.047119
v 6.565798 -9.368683 7.476746
v 14.409055 4.556274 2.602448
v -3.211298 12.968750 -1.037384
v -13.769171 -4.852722 5.758667
v -0.859480 -3.119812 14.080048
v -14.745875 4.520050 2.152069
v 14.903008 0.439087 3.681213
v -4.942557 2.415314 -16.708313
v -8.799870 0.267349 -15.625702
v 12.985206 -3.415375 5.868103
v -2.081722 -8.991669 -12.496399
v -11.231269 7.292252 1.741699
v 1.637299 -5.635666 -15.830017
v 1.642417 -10.032745 8.473602
v -3.097867 11.643066 -0.000397
v -6.887892 1.414734 12.742310
v -4.097366 -10.280029 7.841431
v 10.467405 -6.214325 6.734344
v -12.489936 -6.366974 6.557831
v 12.016459 -4.891220 6.150421
v 14.746808 3.515076 2.812897
v 5.140072 2.307968 -16.359619
v -2.963315 9.853592 0.604126
v -3.198920 3.214294 -16.975494
v -3.149330 9.139984 0.802673
v 14.846539 1.545074 3.708740
v 0.434325 9.785187 0.107727
v -2.377553 13.386902 -0.536896
v -0.067255 10.380173 0.563690
v -15.569800 2.372208 3.359772
v -3.209443 10.749069 -0.216156
v 1.715797 4.267960 -17.107788
v 6.322260 -0.623810 13.134613
v -8.866811 -5.303101 -13.770111
v -13.831467 5.529678 2.131317
v -5.881062 -10.120209 7.820312
v -13.144678 6.067535 2.255310
v -12.512241 6.672134 1.618652
v -1.356354 13.069778 -0.479431
v -2.973335 12.858429 -0.234009
v -8.096910 0.100922 -16.034912
v 8.499473 -7.919250 7.582092
v -3.392493 8.981781 1.378601
v 9.312514 -7.457703 7.088226
v 0.055588 -10.248657 8.636414
v -6.343572 4.571732 11.466705
v 6.406177 9.752487 1.028870
v -15.060273 -2.005295 5.352051
v 12.107960 7.846100 1.447662
v -6.147766 -8.172699 -12.943970
v -11.427318 -7.200912 7.340668
v -13.583785 -4.437073 6.226105
v 3.291174 -1.591644 -17.171326
v 13.708542 -2.212601 5.389160
v -15.213012 3.441223 2.967468
v -2.610163 9.340225 1.061127
v 6.811649 -4.216171 -14.399231
v -7.212387 8.313950 2.315033
v 10.061528 -6.522308 7.147064
v 7.956557 -8.137238 7.994141
v 2.684330 -9.715179 8.404358
v -7.729863 -9.305740 8.200806
v 3.708576 9.780045 1.316559
v -0.399997 10.933380 0.282715
v 14.724576 -0.670044 3.981354
v 3.725835 -3.452530 -16.461334
v 14.594915 0.932266 4.425323
v -14.515988 4.424316 3.070587
v -15.485777 1.833527 4.045685
v -5.805541 8.630737 1.728455
v 3.369165 -9.732788 8.306122
v -2.676478 11.072052 0.526276
v 9.422988 9.261688 1.272858
v 7.861365 9.605988 0.975891
v -15.552980 -0.702118 4.668762
v 5.345002 -9.151321 8.406250
v 0.811402 -10.203308 8.496124
v 14.174917 -0.879364 5.100189
v -9.292829 -3.604599 -14.417175
v -1.047282 12.197113 0.498962
v 1.886038 -8.652283 -12.960388
v -3.455587 -10.316986 8.192719
v 14.400465 3.907471 3.530670
v 13.383811 6.309631 2.432770
v -2.311367 6.877243 10.080780
v 10.909335 -5.381104 6.997559
v -2.431476 10.820923 0.738770
v -13.970403 5.191895 2.758362
v 3.655629 -1.898544 13.531860
v -9.748836 -8.073029 8.331604
v -0.139115 -9.144226 -12.551849
v -15.319048 -0.163818 5.081268
v 4.136922 -9.875885 7.840485
v -2.118743 3.336212 -17.223083
v 0.996231 -8.946075 -12.776459
v -0.079044 9.628204 1.272888
v -1.024875 3.402756 -17.396088
v -7.936825 -6.848297 -13.209808
v 4.870702 1.844910 -16.592926
v 12.358838 -4.303223 6.154907
v -15.144695 2.831375 3.957825
v 11.842481 -4.626038 6.562134
v -11.619312 6.938599 2.550842
v -4.017080 6.360474 10.471008
v 5.320157 -6.732620 -13.262756
v -15.058322 -0.995651 5.512695
v -13.116881 -4.854538 6.951599
v 14.381398 0.558563 4.894775
v -3.957140 -8.379044 -13.337708
v 4.391769 -9.178543 8.833466
v 3.688531 7.351868 10.288086
v -11.851272 -6.384918 7.664520
v -2.298901 12.905884 0.298370
v -1.556594 12.905624 0.180359
v -2.628102 12.438049 0.388397
v -6.547890 -9.475555 8.547638
v -8.640921 -4.660843 -14.345764
v 14.107711 4.986420 3.018005
v -12.486571 -5.807190 7.217072
v -1.453981 -10.016998 9.165466
v -2.066122 9.979111 1.321014
v 12.540112 7.274460 2.432343
v -0.770875 10.907883 0.857788
v 7.075777 -8.478088 8.451263
v 9.523293 -6.690796 7.854980
v 2.085449 -9.496979 9.084412
v -8.884046 -2.089325 -15.289124
v -15.326233 1.112732 4.768158
v -7.383948 2.377625 12.063538
v -2.613404 -10.073547 8.944916
v 6.916936 -1.504120 -15.321106
v 11.570229 8.190475 1.878021
v -1.633636 9.386261 1.594055
v 13.555405 5.797119 3.198517
v 14.510319 2.201645 4.366394
v 0.886736 9.430359 2.774109
v 1.419985 3.546799 -17.369598
v -14.888506 3.543762 3.662659
v -12.405316 6.487946 2.600922
v -9.921501 7.559540 2.899780
v -5.415029 -9.632660 8.655731
v 1.413005 7.211746 10.137024
v -0.082149 9.442047 1.589294
v 9.065439 -7.275940 7.734192
v -14.414070 4.008331 4.038177
v 2.473881 3.520767 -17.208710
v 5.917059 -0.016754 -15.947662
v -13.863661 -3.178741 6.534760
v -4.801792 -9.426163 8.931183
v 7.665937 9.501862 2.256012
v -13.117384 5.737244 3.357178
v -0.575320 9.478424 1.593079
v -0.570957 10.175171 1.368439
v 12.973619 6.509079 3.293549
v 6.469584 -5.403656 -13.847565
v -0.724272 -8.844711 -12.905701
v -8.687357 8.007645 2.395630
v -7.342223 -0.403625 12.680450
v -1.969733 10.957413 0.954498
v -7.748653 -5.290894 -14.571869
v -6.199595 5.194550 10.979004
v -1.279342 10.975037 0.985718
v -1.524876 12.425873 0.637238
v 10.557206 -5.554260 7.434509
v -14.555729 -2.793274 5.874969
v -4.057883 -9.698639 8.985443
v -14.933892 -0.350189 5.707764
v -1.415168 10.096558 1.472412
v 8.651410 2.260178 11.744476
v -2.026736 12.397980 0.676117
v 3.660807 -9.099884 9.146606
v -5.205173 5.991821 10.539795
v -1.866696 9.139221 1.804108
v 0.253917 -9.468903 9.753876
v 10.266821 8.844162 2.071442
v -13.377303 5.203110 4.035828
v -4.747354 8.635376 3.054993
v 6.438828 -8.457275 8.727905
v 14.014893 1.824417 5.422791
v -12.515207 6.150558 3.431763
v -15.193168 0.730530 5.110901
v -8.645405 -3.298889 -15.058411
v -10.485570 -7.525543 8.214783
v 5.591338 -5.837311 -13.889740
v -6.666193 1.132919 -16.565613
v 5.186764 9.676483 2.319824
v -0.638259 9.235382 1.956848
v -14.625696 2.893295 4.887085
v -14.050660 -1.739441 6.689087
v 5.311858 0.160812 -16.389709
v -8.403979 -1.205872 -15.701263
v -11.244162 -6.645203 8.257782
v -8.681327 -8.472549 8.691589
v 12.977792 -1.935974 6.574005
v -10.832104 7.065247 3.458527
v 8.137881 9.280106 3.090088
v -13.852142 4.694336 4.054688
v 7.897458 5.847260 10.454285
v -14.531542 -1.333908 6.206909
v 14.224154 2.951965 4.635925
v -6.326554 8.431076 2.939514
v -14.450747 3.381302 4.733459
v -2.181697 -5.418396 -15.739197
v 11.888556 -3.680237 7.080505
v 8.641482 -7.072952 8.576660
v 6.412517 9.453461 3.303558
v 13.957804 4.294647 4.256439
v 13.146357 -1.053589 6.606720
v -1.956892 -8.647095 -12.892853
v -7.163141 4.389328 11.027435
v 2.810705 -8.949646 9.414673
v 13.955472 0.263687 5.651245
v 11.092369 -4.474838 7.465118
v -14.667556 0.361877 5.997131
v 12.354897 -3.240631 6.811768
v 6.693292 -3.328751 -14.839172
v -5.338072 1.798813 -16.776123
v 13.453385 5.392715 4.101868
v 7.699983 -7.718567 8.855835
v -7.364424 -8.860840 8.943939
v -12.309881 -5.274094 7.999725
v -5.262642 -8.733154 9.668854
v 10.455608 8.544540 2.996948
v -2.837549 -8.796692 -12.881836
v -7.380057 2.969757 11.799072
v 9.988415 -5.601593 8.362549
v -6.616023 -0.591187 13.129883
v -7.419613 1.542679 12.332031
v 13.550371 -0.013397 6.213623
v 9.063843 8.974747 3.410431
v 1.402346 -9.329544 9.580505
v 3.730886 -7.512421 -13.580048
v 6.608713 -2.397263 -15.188721
v -4.956489 -2.396606 13.715942
v 11.680179 7.836365 2.918945
v 2.437654 -8.085861 -13.500244
v -13.487707 -3.644745 7.115234
v -3.429401 -9.402527 9.731842
v -0.970135 9.052414 3.108032
v -11.613046 6.495377 4.048492
v -1.626750 -8.266098 -13.416229
v 8.033969 0.839508 12.375610
v -2.044956 -9.511688 9.873627
v 5.237330 -8.517288 9.345215
v -15.132308 2.088562 4.592285
v 3.811823 2.495377 -17.013489
v -4.400774 -9.130035 9.667206
v 5.807226 -4.868286 -14.440338
v -0.628630 -9.202271 10.237762
v -3.372890 8.744476 3.201843
v 9.118000 -6.151337 8.986847
v -5.889298 1.232178 -16.759308
v 11.036791 8.145523 3.250427
v -14.717065 1.649292 5.523682
v 4.702950 -6.683716 -13.839020
v -13.787874 -2.423859 7.067627
v -8.402522 7.895142 3.152588
v -12.870266 -4.263382 7.845001
v -4.403576 1.586777 -16.813293
v 8.179626 4.985443 10.930756
v 5.978380 -1.957352 -15.551941
v -13.845592 4.059647 4.982697
v -12.260606 5.879852 4.519104
v -5.243784 -8.360077 -13.066101
v -1.508262 -5.644669 -15.758423
v -10.156632 -6.858154 9.234039
v -2.897929 -3.944260 13.803253
v -4.172473 1.560211 -16.846344
v 11.357624 -3.493088 7.739105
v -14.573982 -0.364883 6.183105
v 12.237229 -2.150986 7.419342
v 12.637513 -1.436371 7.162781
v 4.584641 0.834595 -16.818604
v 12.899749 5.789093 4.647125
v -1.894186 -3.697205 13.951324
v -9.572196 -7.474060 9.120422
v 12.341139 7.006561 3.639038
v -6.374890 -8.567871 9.635376
v -0.222877 -3.825485 13.801392
v 13.669703 2.794403 5.659821
v -13.302959 4.628311 5.081604
v -6.456255 -7.558578 -13.463776
v -9.814211 7.267090 4.030945
v -11.555627 -5.535706 8.843079
v 0.328424 3.089935 -17.533051
v -7.442641 0.563812 12.541718
v -13.334476 -3.283020 7.629974
v -3.488416 2.286407 -17.045135
v -7.847440 -8.074585 9.558441
v -8.075555 -0.373444 -16.002136
v 13.660641 3.670898 5.267639
v -8.527740 7.756058 4.023834
v -2.705646 2.777649 -17.202515
v -11.089114 -6.252686 8.835205
v -14.045672 -0.576309 6.783600
v 0.724517 7.081223 10.001221
v -8.270737 -4.278976 -14.859772
v -12.815865 5.256531 4.852966
v 8.962790 3.172104 11.205933
v 10.449933 -4.815140 8.406433
v 7.519651 -7.256226 9.549164
v -13.444073 -2.308167 7.810089
v -7.363165 0.832657 -16.343048
v -12.154744 -4.797729 8.567017
v 2.899554 2.809021 -17.269012
v -0.598330 -6.029449 -15.613922
v 3.197552 -4.442307 -16.197357
v 4.661049 9.523956 3.343048
v 5.637380 7.420593 9.934814
v 10.922976 7.802170 4.265503
v 12.725046 -0.319702 7.270142
v -7.146461 -7.866852 10.031708
v -2.175607 -8.059677 -13.494568
v 13.285073 4.895782 4.988007
v 4.089781 -8.202316 10.115967
v -6.258371 -1.450958 13.295654
v -13.984974 0.499298 6.714355
v -7.309269 -6.500000 -13.951965
v 11.607142 -2.396820 7.964478
v 0.905157 -8.513275 10.706787
v -13.703811 3.757324 5.497772
v -14.290258 1.410583 6.162140
v 13.444696 1.119431 6.354584
v 6.834732 -7.438904 9.667236
v -2.723921 -9.048645 10.374023
v 5.822043 -8.143463 9.507416
v 8.345214 -6.376404 9.627167
v -7.401450 3.619568 11.444611
v -9.297782 7.427063 4.396576
v 2.388631 -2.861328 13.363861
v -12.710924 -3.630829 8.457214
v 5.889154 -3.839340 -14.911621
v -5.757707 -2.614227 13.379578
v -2.476749 8.739090 4.246521
v 4.294012 -6.344467 -14.414246
v 2.810549 -8.191620 10.249420
v 13.097153 1.481079 6.775391
v -7.280308 -0.170273 -16.372192
v -14.035807 2.677185 5.884460
v 12.898776 0.530548 7.090790
v -6.336499 -7.871094 10.266968
v 1.268606 -8.254166 -13.575287
v 13.095706 2.424881 6.572479
v -8.470928 -2.094421 -15.483307
v -8.804511 -7.549683 9.558960
v 5.574589 -4.905182 -14.559875
v 3.899495 1.594116 -17.083374
v 9.749177 8.490402 4.114685
v 9.753677 -4.828857 9.333771
v 9.226174 -5.143280 9.722473
v -11.019439 6.520050 4.669281
v -10.685026 -5.959320 9.478180
v 5.142588 -0.954468 -16.397522
v 5.996449 -1.267365 -15.701843
v 2.581903 9.474243 3.186646
v 12.029305 6.689728 4.738464
v -7.304630 8.134567 3.615845
v -3.185925 -8.118973 -13.613770
v 12.263742 6.044449 5.294922
v 4.938814 -5.656372 -14.559418
v -3.824768 -3.457642 13.794861
v 3.240927 7.725296 9.701233
v 5.642123 -1.422394 13.269836
v -4.693650 8.448151 4.302826
v 3.603021 -7.855057 10.559753
v -12.582612 4.782013 5.754700
v -7.960870 -7.089233 10.349854
v -0.592792 -8.341034 -13.515259
v 1.878951 -8.601944 10.268555
v 12.242494 -0.713242 7.766785
v -1.614855 -8.833023 10.720093
v 12.746270 5.122253 5.599548
v 8.183376 1.585175 12.209076
v 10.955855 -3.149734 8.722076
v 11.388742 -2.216400 8.371277
v -10.292727 6.799866 5.240601
v -12.054057 5.425735 5.496643
v -8.096280 -3.122650 -15.388977
v -6.587880 0.116699 -16.613678
v -13.311023 3.412048 6.191681
v 10.539573 -4.022064 8.846924
v 5.936626 -2.906616 -15.265930
v -4.223761 -8.646011 10.392975
v -4.911124 0.603470 -16.916870
v -13.538394 2.589462 6.452148
v 13.146364 3.213806 6.232635
v -6.518136 -6.759048 -14.147247
v -13.492212 0.674072 7.731934
v -5.545429 0.747055 -16.846191
v -8.255600 7.673828 4.782196
v 4.826261 -7.682327 10.402344
v 5.862611 -7.258606 10.374817
v -7.290519 -5.936417 -14.410828
v 13.108301 4.286682 5.736938
v 0.189030 -8.221573 -13.706696
v -2.581887 1.942139 -17.353333
v 4.663531 9.174103 4.971100
v -4.541864 -8.292221 -13.326721
v 7.216627 -6.043274 10.666229
v 1.299678 2.358704 -17.633911
v -5.175592 -7.548523 11.068848
v -8.168581 2.246719 11.904236
v -5.810165 -7.662537 10.516663
v -8.084682 0.923645 12.311035
v -6.165085 8.215927 4.399078
v -8.113668 3.100525 11.554016
v -13.766793 1.554504 6.663971
v -4.876692 -7.690460 -13.875061
v -12.111760 -3.494919 9.324249
v 1.760050 -7.785370 11.107025
v 1.252978 -3.096069 13.674652
v 0.513358 9.207733 3.895691
v -7.435349 -1.151001 -16.211060
v -12.874892 -2.220673 8.735809
v -11.757939 -4.363281 9.347687
v -0.111057 -8.421692 11.016022
v -13.665154 -0.487305 7.637726
v 12.462386 0.687729 7.614471
v -2.686900 -8.544159 10.943878
v -10.947289 -5.111908 9.789459
v 10.635646 -3.109589 9.230591
v 5.196315 9.123260 5.080322
v 5.230340 -1.824097 -16.173523
v 5.259806 -3.138229 -15.753845
v -8.655386 -6.531006 10.434418
v -10.190705 -5.374176 10.268005
v -3.994650 0.280777 -16.945190
v -13.600421 -1.611572 7.692810
v 7.148519 8.943787 4.966614
v 2.036978 9.197174 5.085114
v 2.857180 -7.563721 10.817657
v -11.599167 5.966125 5.129669
v 12.579873 3.987457 6.573853
v 10.879066 7.414520 5.079285
v -9.232126 7.215240 5.391174
v -9.596059 -6.419846 9.984009
v 1.853663 2.587799 -17.535553
v 9.817688 7.801544 5.562805
v -4.262928 8.370178 4.860077
v 11.829854 -0.236572 8.244080
v -1.575920 2.655457 -17.459045
v -7.046806 -6.989136 10.766693
v 12.643146 3.325150 6.813721
v -0.487300 8.915268 4.608490
v 5.249495 -4.376328 -15.187103
v 6.474463 -6.629150 10.608093
v 3.885178 0.573853 -17.140869
v -5.233610 -6.881302 -14.524109
v 4.534930 -2.188751 13.375946
v 0.174465 2.289673 -17.672699
v 11.146689 6.696579 5.871429
v -13.393130 1.607880 7.546356
v -7.091084 7.730438 5.760071
v -13.028384 2.857025 7.376740
v 11.650161 -0.842834 8.350311
v -13.124376 -0.874573 8.545898
v -6.373028 -6.964203 10.933563
v 2.132996 1.764252 -17.591125
v -12.968154 4.081360 6.036621
v -11.528400 5.636368 6.255249
v 4.554816 -0.377441 -16.796967
v 8.538842 -5.131226 10.419739
v 12.281874 4.746002 6.480713
v 10.335994 -2.802078 9.763428
v 8.265456 8.757462 4.772644
v -12.347313 -2.875641 9.255310
v 7.830138 -6.200165 10.269562
v 11.965181 5.542999 6.227356
v 11.653231 0.492432 8.447723
v -2.370924 -7.534882 -13.990021
v 8.789870 4.226868 10.881042
v -0.670727 2.393295 -17.616516
v -3.249537 8.394821 5.667084
v -13.127755 -0.019989 8.481415
v -11.409420 -3.994019 9.904083
v -3.153202 0.996094 -17.231384
v -4.605812 -7.724640 11.202820
v 1.352230 8.952850 5.827545
v -8.297061 7.265610 6.234863
v 2.381490 -7.300201 11.252869
v -7.408920 -4.038498 -15.428375
v 3.776427 -7.221497 11.104431
v -4.472366 -7.499344 -14.149384
v -3.568770 -8.168579 11.126160
v -7.077839 -4.834625 -15.186035
v -1.249630 -7.974121 11.572021
v 7.685521 -5.866669 10.589783
v 12.130348 2.445312 7.683807
v -5.669273 7.959244 5.906738
v -6.116677 -1.033295 -16.675293
v -6.768647 -1.697067 -16.377777
v -12.241693 4.753036 6.543915
v 3.180090 -6.880661 -14.468262
v 8.941851 8.313782 5.325256
v 5.282754 -6.624817 11.150391
v 12.321563 1.509705 7.676086
v -12.516533 4.063843 7.074310
v 11.331484 6.146561 6.315033
v -1.102007 -7.671005 -14.189819
v -13.047473 0.695496 8.458099
v -9.084569 -5.405197 10.918579
v -12.254952 -1.848114 9.628510
v -6.027455 -0.131775 -16.751678
v -13.014660 3.299835 6.969147
v -7.826211 -6.332764 10.931671
v -10.865499 6.228287 5.997314
v -0.149598 8.645172 6.102661
v -12.853121 2.435333 7.995514
v 1.651550 -7.534119 -14.281006
v 11.967249 3.307159 7.590057
v -6.106642 -6.637573 11.239502
v -9.687286 6.668915 6.519623
v -2.390366 -7.848114 11.653595
v -8.001320 4.135513 10.974365
v 4.067470 -0.080292 -17.038269
v 11.770333 4.119904 7.444092
v 3.121101 1.586639 -17.383423
v 4.690705 -7.058746 11.007782
v -5.038043 7.986145 6.024628
v 10.238613 7.015854 6.403076
v -11.628160 -3.040894 10.040466
v 4.848349 7.888794 9.371613
v 6.686337 8.711868 5.848969
v -12.555622 -1.018707 9.323822
v -12.504284 3.496948 7.703857
v 2.885128 -6.770859 11.441406
v -4.175399 -0.690079 -16.905365
v 8.149100 -4.998871 10.830627
v -7.616083 -2.035110 -15.974945
v 2.226119 7.660370 9.665802
v 4.994246 -4.185883 -15.455658
v -11.979148 4.703568 7.139465
v 11.123784 -0.891876 9.257996
v -1.356948 8.461472 6.437134
v -7.330704 -3.091339 -15.818817
v -5.990757 5.914307 10.217865
v 0.034799 -7.698624 11.662567
v 11.461335 5.318390 6.976288
v 3.058116 -5.231293 -15.792358
v 6.521881 -1.392029 12.961487
v 9.760708 -3.759674 9.982574
v -11.205359 -3.557434 10.283875
v -0.921538 7.222443 9.692444
v -10.100342 -4.574783 10.727112
v -6.394560 -2.482971 13.091095
v -4.939383 -0.412720 -16.917023
v 11.264277 0.509262 9.123749
v -8.403519 -5.633087 11.114838
v 2.660455 9.074219 5.894592
v 6.334525 -5.630402 11.429291
v 11.342301 2.526886 8.451904
v -3.407646 -7.410309 -14.276886
v -9.090756 6.851227 6.675415
v 10.844538 -1.802765 9.460266
v -10.301624 6.290588 6.659576
v 2.646847 -7.365875 -14.192261
v 2.797427 -2.926025 13.252808
v -11.195979 5.439056 7.157593
v -4.390993 -6.908707 11.975647
v 0.735503 -6.937073 12.089722
v -12.730210 0.340637 8.989441
v 0.655191 1.661514 -17.745850
v 4.662302 -4.943634 -15.235535
v -10.482642 5.826721 7.390259
v -10.791419 -4.301422 10.338745
v 8.954082 7.849686 6.259766
v 3.791146 -6.387268 11.712738
v 9.884200 -3.004425 10.194336
v 10.196875 6.212784 7.360168
v 1.811874 -6.915634 11.762787
v 4.387015 -6.447968 11.549927
v -7.249067 -5.945724 11.379211
v 4.833571 -2.290909 -16.298706
v -1.607348 1.726807 -17.571533
v -2.951603 -7.299911 12.028473
v 0.623088 0.458191 -17.793610
v 7.161497 -5.158951 11.284332
v -5.250297 -6.596542 11.817291
v -8.837899 1.443115 11.899170
v 10.610525 4.902145 8.078217
v 7.947894 -4.529449 11.264618
v -11.478834 4.652374 7.929016
v 3.018829 -5.973419 11.955170
v -4.320112 8.016891 6.563568
v 11.508225 1.588394 8.495972
v 7.499984 -0.605133 12.585724
v -3.311298 -0.183731 -17.147461
v -0.632829 -6.995438 12.305695
v -9.394806 -4.347412 11.229736
v 7.486499 8.350525 6.305603
v 4.344837 8.917877 6.512482
v -12.068187 -0.666687 9.918488
v -12.294523 1.035629 9.402466
v -11.018898 -2.493851 10.744232
v 10.914454 4.042175 8.319183
v -6.380977 -5.860031 11.627075
v -12.785058 1.630386 8.532349
v 5.597004 8.793518 6.486847
v 8.892335 -3.851944 10.807312
v -5.476267 -6.121948 12.053986
v -6.644124 7.274704 7.366760
v -7.970924 6.980255 7.247955
v -12.170493 2.810181 8.749481
v -5.782978 -6.242126 -14.835785
v -8.917516 2.771790 11.380920
v -1.402187 -7.010437 12.334106
v -2.272746 0.785934 -17.484222
v 1.632479 -3.703949 13.403290
v -8.434184 0.377167 12.282715
v 11.075495 1.707199 9.200317
v 4.033370 -2.780853 13.307068
v -8.260611 -4.779755 11.600189
v -12.401917 0.091644 9.463867
v 11.202764 3.117325 8.400238
v -3.549404 -6.616943 12.422058
v 10.660274 -0.298065 9.955475
v 9.971219 -1.853958 10.478638
v -6.184718 -5.519470 -15.168976
v -5.468542 7.573822 7.064453
v -10.270374 -3.425568 11.044128
v -9.684955 6.255005 7.424164
v 10.245447 -0.869995 10.382111
v -2.558182 -6.763550 -14.646484
v 8.110044 7.938919 6.796356
v 3.515080 -5.866333 -15.180756
v 4.810462 -5.755310 11.908386
v -11.932240 3.711426 8.344147
v 10.028955 5.921722 7.788635
v 2.633017 8.775574 7.042603
v 1.562326 -6.463791 12.164459
v 9.116245 -2.691681 11.086639
v -11.507648 -1.218246 10.489166
v -11.566599 -2.270294 10.306152
v 5.713310 -5.279358 11.889496
v -7.642738 -4.956085 11.750336
v -3.449528 -6.858749 -14.709412
v 2.597865 -6.112106 -15.323395
v -2.411127 -6.748047 12.496399
v -5.851785 -1.959274 -16.590790
v -8.790993 6.499863 7.713837
v 6.694317 -4.845459 11.727783
v -7.110194 4.954544 10.571808
v -6.731054 -5.235229 11.835144
v 9.108296 7.142212 7.231659
v 8.258055 -3.523895 11.480835
v -6.757605 -3.988770 -15.716675
v 4.449316 -3.158920 -16.223877
v -4.757651 7.699463 7.309448
v -11.973331 1.427521 9.659088
v -11.500102 3.850113 8.763306
v -11.961046 0.209320 9.960571
v 0.313085 -5.997375 12.784393
v -9.673025 -3.501648 11.386658
v -6.126517 -4.534485 -15.684998
v -6.584321 -4.840240 12.093475
v -4.265779 -6.739838 -14.772156
v 0.740327 -7.597336 -14.324371
v 10.854619 2.881866 9.145447
v 2.760110 -5.761581 12.123077
v -8.006091 -0.264130 12.490265
v -3.297028 8.068802 6.991760
v 4.279202 -3.975983 -15.967407
v -1.440449 -7.246185 -14.525848
v -0.559798 1.530792 -17.715088
v 4.047115 -5.364014 12.299561
v -6.901018 -4.072479 12.256409
v -2.488227 -0.078781 -17.394745
v -6.496588 -2.933212 -16.174347
v 1.148774 8.599503 7.052673
v 10.409202 5.154663 8.088196
v 6.833064 8.341827 7.156708
v 6.856161 7.340057 9.415253
v 8.197631 6.514267 9.442505
v 8.154132 -0.068832 12.302490
v -2.426051 8.015594 7.564697
v -2.596921 -6.006348 -15.212341
v -10.364310 5.294220 8.349365
v -11.890856 2.102631 9.487488
v 9.064799 -2.069000 11.314453
v 6.719834 -4.124695 12.077820
v -2.646247 -5.867798 13.019714
v -4.041931 -6.000580 12.700226
v 9.807747 5.414917 8.786163
v -0.320236 -7.124207 -14.764038
v 7.819550 7.826141 7.516174
v -10.058255 -2.268616 11.445740
v -6.013821 7.159760 7.828735
v 3.756179 -4.964172 12.533508
v 9.744698 -1.088501 10.866272
v 9.223680 6.828262 7.619904
v 10.813446 0.718170 9.762634
v 2.595826 1.205963 -17.549896
v -5.119932 -6.071106 -15.106964
v 1.917904 -6.504837 -15.153931
v -9.420741 5.897247 8.270386
v -1.444862 -6.319855 12.798492
v -5.728618 -5.094727 12.527802
v 6.030943 -4.585403 12.138947
v 8.687914 7.037842 8.099121
v 4.088840 -4.980621 -15.530304
v 7.588563 -3.521637 11.889648
v 5.538985 8.496155 7.640015
v 1.972781 -5.305328 12.672699
v -3.785463 -0.771439 -16.913086
v 3.866245 8.634796 7.687042
v -11.270736 -0.596344 10.699036
v -11.325234 3.062271 9.557709
v -7.573103 4.922684 10.484192
v -0.807594 -6.010071 12.943604
v -10.718910 -1.491821 11.108398
v -11.536735 0.590515 10.334808
v -11.468104 1.695206 10.107056
v 0.044859 8.247864 7.489868
v -1.622822 0.262314 -17.595856
v 1.355703 0.734924 -17.759094
v -4.699326 -5.349930 12.846161
v -1.666811 -6.567871 -15.060669
v -8.430652 6.037903 8.746918
v -9.269733 -2.887253 11.762909
v 4.710152 -4.685150 12.493744
v 7.845035 -2.831207 12.006012
v -4.177906 -4.600876 -16.019867
v 10.423562 4.074509 9.114258
v -7.335765 6.618027 8.406860
v -10.916020 4.039383 9.218750
v 2.794691 -4.715134 12.635529
v -4.710918 6.630219 9.766449
v 1.209586 8.219452 8.201355
v -8.335182 -3.713074 11.966888
v -8.997557 5.610245 9.004181
v -6.315055 -4.336487 12.533569
v 9.639497 6.033752 8.309570
v -7.898910 -3.538757 12.178314
v -9.649237 5.299164 8.934326
v -0.861467 -6.747986 -15.039856
v 0.996020 -6.800507 -15.021790
v 4.175935 -1.156799 -16.889496
v -5.410269 -3.777100 -16.181274
v 7.910685 7.374268 8.399719
v -1.564239 7.901657 8.159180
v -10.668843 0.163116 11.108948
v -10.331427 4.176834 9.633026
v -10.303469 -0.697571 11.418457
v -1.970851 -5.747894 13.126068
v -8.209883 -2.640930 12.295471
v -3.284114 -6.281799 -15.099945
v -2.938349 -5.781555 -15.329376
v -6.194435 6.778839 8.550018
v 5.355969 -3.949097 12.660614
v -5.008957 -1.592880 -16.806122
v -4.899565 -5.149353 -15.681702
v -3.758789 -5.094910 13.227020
v -10.641924 4.696228 8.836700
v -3.251394 7.724945 8.056915
v 0.444830 -5.066742 13.210297
v -10.910947 3.329773 9.792786
v 9.968595 0.558624 10.767090
v 8.998885 5.939240 9.277252
v -10.968855 1.258698 10.685944
v 1.697454 -4.745270 13.015472
v -0.687838 -5.149719 13.371368
v 10.211132 1.669357 10.382477
v 3.352510 -4.282349 12.819275
v 3.235453 8.289200 8.595917
v -0.133443 0.900894 -17.766083
v 9.152113 -0.602859 11.502197
v -5.282372 -2.913055 -16.483002
v -1.097453 0.521698 -17.678619
v 9.632048 4.642639 9.740753
v 6.622216 7.988998 8.362579
v 2.435842 0.332748 -17.598785
v -9.188406 2.066208 11.537170
v -8.741339 3.604004 11.027100
v 0.318119 7.854218 8.547150
v 9.986222 4.170563 9.599182
v 4.093153 -2.128296 -16.723785
v -11.005993 2.511871 10.184845
v -3.336879 7.244736 9.123871
v 10.099085 2.771301 10.189636
v 8.912713 -1.242752 11.624939
v -10.275678 3.471222 10.228882
v 2.868569 -0.616165 -17.440247
v -5.133920 7.234680 8.324036
v -7.077183 -3.067459 12.512085
v -9.390169 4.742325 9.767548
v 4.134706 -4.210571 12.813904
v -5.027958 -4.576675 -15.934204
v -10.492504 2.160202 10.741486
v 4.480612 8.282623 8.581268
v -7.589181 5.935989 9.353638
v 2.772905 -3.946442 12.932495
v 9.786873 3.536438 10.218292
v -5.658568 -4.054291 13.010162
v -6.571188 6.261658 9.243256
v -4.725390 -4.303925 13.292725
v 5.951472 7.885956 8.986115
v 8.212639 -2.282623 11.931335
v -9.643998 -1.567108 11.785248
v 3.318885 -0.244781 -17.327667
v 6.477094 -3.288727 12.528625
v -3.579635 -2.352570 -16.643494
v -8.916092 -1.678452 12.138123
v -3.916671 -5.871460 -15.394073
v 0.540108 -6.258606 -15.484283
v 5.484612 -2.803955 13.024109
v -4.712801 7.030777 9.008453
v -6.192961 -3.410278 12.953491
v -7.211181 -2.138229 12.647217
v -9.729931 0.027039 11.716339
v -3.281079 -2.759491 -16.551697
v -2.852283 -5.097168 -15.701599
v -3.435574 -4.519531 13.520569
v 7.103992 -2.122787 12.562775
v 9.291267 1.382828 11.355286
v 9.078768 0.067062 11.604950
v -4.472797 -2.172974 -16.739899
v -8.850333 -0.833740 12.199738
v -1.619123 7.514038 9.025513
v -1.704526 -4.745331 13.590576
v -2.474527 -4.813782 13.527008
v -5.465094 6.583069 9.479919
v 9.443863 2.224609 11.042267
v 8.946440 5.203461 10.043335
v 0.485606 7.533905 9.223785
v 8.087702 -1.252716 12.218658
v -3.020628 -3.892487 -16.219574
v -0.635871 0.106522 -17.721008
v -10.213593 1.072830 11.257568
v 2.468747 8.084122 8.906311
v -9.286034 4.125458 10.376038
v 9.308651 3.505875 10.741882
v -9.614680 3.415283 10.682739
v -3.490822 -1.857422 -16.751801
v 0.486091 -4.119568 13.575439
v -4.970170 -3.365540 13.499786
v -8.136743 5.347458 9.817810
v -4.215614 -3.652939 -16.372162
v 8.744573 0.963287 11.859924
v -3.552297 -4.534470 -16.005219
v -8.440529 4.605072 10.417694
v -7.974773 -1.502289 12.524017
v -3.771367 -5.230042 -15.736847
v -6.868922 5.568085 10.039154
v 1.299035 7.642822 9.421997
v 4.497824 -3.365326 13.070160
v 6.192386 -2.096100 12.972107
v -9.697998 2.742691 11.001343
v -9.669894 1.476395 11.483917
v -1.843509 -0.699524 -17.469391
v -0.922409 -4.366699 13.715302
v -7.371928 -1.598969 12.654266
v -3.342968 -3.584503 -16.293121
v -3.573993 6.762192 9.964844
v -9.113613 0.157990 12.013641
v 3.634651 -3.438736 13.133179
vn -0.3200 0.5864 -0.7441
vn 0.2618 0.6921 -0.6726
vn -0.0207 0.3396 0.9404
vn -0.0198 0.6439 -0.7648
vn -0.5599 -0.5985 -0.5730
vn -0.6212 -0.4587 -0.6353
vn -0.0121 0.6775 -0.7354
vn 0.5824 -0.6896 -0.4304
vn -0.6680 -0.3456 -0.6591
vn 0.7859 -0.3760 -0.4909
vn 0.7991 -0.1914 -0.5700
vn 0.7743 -0.1490 -0.6151
vn -0.3641 -0.8748 -0.3196
vn -0.6423 -0.4421 -0.6262
vn -0.6140 0.3642 -0.7002
vn 0.6859 0.1359 -0.7149
vn 0.6442 -0.6470 -0.4079
vn 0.6695 -0.6038 -0.4327
vn -0.0222 0.3415 0.9396
vn -0.3153 -0.7993 -0.5115
vn 0.4482 0.4141 -0.7922
vn -0.5654 -0.5989 -0.5672
vn -0.6178 -0.4993 -0.6075
vn 0.0623 0.3159 0.9468
vn 0.5425 0.3705 -0.7540
vn 0.4386 -0.8016 -0.4064
vn 0.2541 -0.8582 -0.4460
vn 0.2195 -0.9076 -0.3579
vn 0.2186 -0.8672 -0.4475
vn 0.7603 -0.0715 -0.6456
vn 0.8098 -0.4380 -0.3903
vn 0.7551 -0.0440 -0.6541
vn 0.7908 -0.3066 -0.5297
vn 0.8096 -0.2820 -0.5148
vn 0.0286 -0.9461 -0.3227
vn -0.4791 -0.6741 -0.5622
vn 0.4206 0.5933 -0.6864
vn 0.7488 -0.4668 -0.4706
vn -0.7568 0.1174 -0.6430
vn 0.4099 0.4886 -0.7702
vn -0.8373 -0.0330 -0.5458
vn -0.1230 0.6668 -0.7351
vn -0.2784 0.6697 -0.6885
vn 0.5420 -0.7469 -0.3851
vn 0.0006 0.4390 0.8985
vn 0.0028 0.4342 0.9008
vn 0.1491 -0.9176 -0.3684
vn -0.8736 -0.0304 -0.4856
vn -0.8684 -0.0245 -0.4953
vn 0.7298 0.0677 -0.6803
vn -0.2039 -0.9464 -0.2507
vn -0.1570 -0.9580 -0.2400
vn 0.7457 -0.5092 -0.4297
vn 0.2605 -0.8785 -0.4005
vn -0.3596 -0.7963 -0.4864
vn 0.0642 0.3133 0.9475
vn 0.0493 0.4108 0.9104
vn 0.8165 -0.1953 -0.5433
vn 0.7993 -0.0934 -0.5936
vn 0.7722 0.0099 -0.6353
vn -0.2772 -0.8451 -0.4572
vn -0.6835 -0.1441 -0.7156
vn -0.4865 0.5103 -0.7092
vn -0.7074 0.3038 -0.6382
vn -0.7551 0.2333 -0.6126
vn -0.0785 0.5817 -0.8096
vn 0.1541 0.7170 -0.6798
vn -0.6735 -0.3899 -0.6280
vn 0.0470 0.2557 0.9656
vn 0.3268 -0.8660 -0.3784
vn -0.8930 -0.0996 -0.4388
vn 0.1559 0.5958 -0.7878
vn -0.0030 0.2516 0.9678
vn 0.6472 0.2194 -0.7300
vn -0.4319 -0.7439 -0.5100
vn 0.3016 0.5539 -0.7760
vn 0.2748 0.5519 -0.7873
vn 0.1016 -0.9353 -0.3389
vn -0.2446 -0.8487 -0.4690
vn -0.8116 0.1107 -0.5736
vn -0.3949 0.5475 -0.7378
vn -0.4685 -0.7216 -0.5097
vn 0.8437 -0.2731 -0.4621
vn 0.1049 0.7274 -0.6781
vn 0.7060 0.1532 -0.6914
vn -0.1113 0.5097 0.8531
vn 0.0630 -0.9385 -0.3394
vn -0.7122 -0.2513 -0.6555
vn 0.2729 -0.8791 -0.3907
vn 0.5931 -0.7415 -0.3137
vn 0.4932 -0.7873 -0.3701
vn 0.8346 -0.1804 -0.5205
vn 0.2321 -0.8829 -0.4082
vn -0.7374 0.2827 -0.6135
vn 0.5255 0.3892 -0.7566
vn 0.7221 0.2512 -0.6446
vn 0.4231 0.5970 -0.6816
vn -0.0968 0.7363 -0.6697
vn -0.2911 -0.9244 -0.2464
vn 0.7722 -0.5091 -0.3802
vn -0.1030 0.2474 0.9634
vn 0.3449 0.4798 -0.8067
vn -0.7706 0.2187 -0.5986
vn 0.7266 0.0276 -0.6865
vn -0.0578 0.7182 -0.6934
vn -0.1657 0.6565 -0.7359
vn 0.6815 0.1228 -0.7215
vn -0.0590 0.7181 -0.6934
vn -0.7062 -0.1484 -0.6923
vn -0.8108 0.1104 -0.5748
vn -0.5963 0.4815 -0.6423
vn 0.4103 -0.8290 -0.3799
vn -0.0981 0.3199 0.9423
vn 0.0059 -0.3270 -0.9450
vn 0.5812 0.3578 -0.7309
vn 0.0047 -0.9417 -0.3363
vn -0.3471 0.5865 -0.7318
vn -0.8277 -0.0516 -0.5588
vn -0.6924 -0.1416 -0.7075
vn -0.6986 0.3422 -0.6283
vn 0.2546 -0.8690 -0.4242
vn 0.5871 -0.7286 -0.3528
vn 0.4096 -0.8322 -0.3737
vn -0.7760 0.1437 -0.6142
vn 0.0301 0.6596 -0.7510
vn -0.3483 0.6488 -0.6766
vn 0.6603 0.2495 -0.7084
vn 0.1541 -0.9077 -0.3903
vn 0.1282 0.3087 0.9425
vn 0.8206 -0.3768 -0.4298
vn 0.1890 0.6272 -0.7556
vn -0.4405 0.5561 -0.7048
vn -0.2411 0.6416 -0.7282
vn -0.7776 0.0463 -0.6270
vn -0.5896 -0.4538 -0.6682
vn -0.1283 0.7133 -0.6890
vn -0.4628 -0.7217 -0.5147
vn 0.4361 -0.7996 -0.4128
vn 0.6694 -0.6580 -0.3449
vn 0.3974 0.6817 -0.6142
vn -0.2972 -0.8050 -0.5135
vn -0.1389 0.3542 0.9248
vn -0.2518 0.6897 -0.6789
vn -0.7146 -0.2536 -0.6519
vn 0.8064 -0.0910 -0.5843
vn -0.5163 -0.6785 -0.5225
vn -0.5114 -0.6967 -0.5031
vn 0.4173 0.4832 -0.7696
vn 0.5879 -0.7284 -0.3518
vn -0.6601 -0.2606 -0.7045
vn -0.0396 0.2103 0.9768
vn -0.6734 0.3786 -0.6350
vn 0.4312 0.3592 -0.8277
vn 0.5934 -0.6764 -0.4362
vn 0.7683 -0.4488 -0.4564
vn 0.1674 0.7264 -0.6666
vn 0.5958 0.3591 -0.7183
vn -0.8071 -0.1161 -0.5790
vn -0.3713 -0.7990 -0.4729
vn -0.4243 -0.7718 -0.4736
vn -0.2014 0.5853 -0.7854
vn 0.7761 0.1377 -0.6154
vn 0.3365 -0.8433 -0.4191
vn -0.6998 -0.3151 -0.6411
vn 0.2094 -0.9038 -0.3732
vn 0.7779 -0.3639 -0.5123
vn 0.3210 -0.8647 -0.3863
vn 0.0274 0.1289 0.9913
vn -0.0482 0.2097 0.9766
vn -0.7879 0.2265 -0.5727
vn 0.0040 0.7715 -0.6362
vn -0.3021 -0.8884 -0.3456
vn -0.8098 -0.1937 -0.5539
vn -0.6017 0.3840 -0.7003
vn -0.6463 -0.2379 -0.7251
vn -0.6161 0.4969 -0.6112
vn -0.7073 -0.0453 -0.7054
vn -0.8574 -0.0381 -0.5132
vn -0.3547 0.6551 -0.6671
vn 0.0794 -0.3891 -0.9178
vn 0.7037 -0.0491 -0.7088
vn -0.1019 0.4584 0.8829
vn -0.5760 -0.6296 -0.5213
vn -0.5786 -0.6177 -0.5325
vn 0.8102 -0.4381 -0.3894
vn 0.1754 -0.9356 -0.3065
vn 0.0745 -0.9359 -0.3442
vn 0.7703 -0.5233 -0.3644
vn 0.7324 -0.5787 -0.3587
vn 0.3296 -0.8852 -0.3285
vn 0.2062 -0.9124 -0.3535
vn 0.2101 0.6283 -0.7491
vn -0.1393 0.6743 -0.7252
vn 0.3850 0.5542 -0.7380
vn 0.3264 0.5999 -0.7305
vn -0.8302 0.1688 -0.5313
vn -0.0692 0.7269 -0.6833
vn 0.2651 0.6478 -0.7141
vn 0.7968 0.0212 -0.6039
vn 0.7853 0.1287 -0.6056
vn 0.8076 -0.4651 -0.3626
vn 0.0375 0.7813 -0.6230
vn -0.7219 -0.3479 -0.5981
vn -0.1826 0.7671 -0.6150
vn 0.6946 -0.5478 -0.4662
vn 0.4159 0.6670 -0.6181
vn 0.5273 -0.7320 -0.4314
vn 0.0122 0.5155 0.8568
vn -0.7088 -0.3767 -0.5964
vn -0.4096 0.4711 -0.7812
vn -0.7569 0.3412 -0.5574
vn -0.8862 0.0405 -0.4616
vn -0.6924 -0.0292 -0.7209
vn 0.8252 0.0081 -0.5648
vn -0.6780 0.2544 -0.6897
vn -0.3653 -0.8339 -0.4136
vn -0.6306 -0.5709 -0.5257
vn 0.1211 0.4336 0.8929
vn -0.7198 0.0488 -0.6925
vn 0.8362 -0.3629 -0.4112
vn 0.8642 -0.2479 -0.4379
vn -0.3730 0.6341 -0.6773
vn 0.3445 0.3891 -0.8544
vn 0.1830 -0.9365 -0.2992
vn -0.3167 -0.8566 -0.4074
vn -0.1995 -0.9087 -0.3667
vn 0.2608 0.6936 -0.6715
vn 0.7161 0.2466 -0.6530
vn -0.6413 -0.5317 -0.5532
vn 0.7322 -0.5505 -0.4010
vn -0.1449 0.3972 0.9062
vn 0.1529 0.3826 0.9112
vn 0.7823 0.1149 -0.6121
vn 0.4821 0.4979 -0.7208
vn -0.5470 0.6209 -0.5615
vn -0.4396 0.6283 -0.6419
vn -0.1752 -0.9477 -0.2666
vn 0.0212 -0.2877 -0.9575
vn -0.4919 -0.7394 -0.4598
vn 0.8615 -0.3947 -0.3193
vn -0.2081 0.7634 -0.6115
vn -0.4772 -0.7434 -0.4686
vn 0.0101 -0.9537 -0.3006
vn -0.0249 0.7263 -0.6869
vn -0.1309 0.2319 0.9639
vn 0.1047 -0.8993 -0.4246
vn 0.7568 0.2339 -0.6104
vn 0.1678 0.6587 -0.7335
vn 0.2107 0.4943 -0.8434
vn -0.7138 -0.1460 -0.6849
vn -0.6336 -0.3538 -0.6880
vn 0.2794 0.5697 -0.7729
vn -0.4956 0.5500 -0.6723
vn 0.3082 -0.8835 -0.3528
vn -0.6405 -0.5318 -0.5541
vn 0.7481 -0.4894 -0.4481
vn 0.6065 0.3714 -0.7030
vn -0.7541 -0.2227 -0.6178
vn -0.4405 0.4530 -0.7751
vn -0.1774 -0.9076 -0.3804
vn 0.5940 0.1971 -0.7800
vn -0.4433 -0.7753 -0.4499
vn 0.8548 -0.3581 -0.3755
vn 0.0104 -0.3421 -0.9396
vn 0.8851 -0.2427 -0.3972
vn -0.2575 0.6871 -0.6794
vn -0.9027 0.0546 -0.4269
vn 0.8535 -0.1275 -0.5052
vn 0.8540 -0.1307 -0.5036
vn 0.1219 0.4554 0.8819
vn -0.8378 -0.1357 -0.5288
vn -0.4793 -0.6740 -0.5621
vn -0.8019 0.0541 -0.5950
vn -0.6890 -0.4606 -0.5596
vn -0.6695 0.4085 -0.6204
vn 0.5721 0.5093 -0.6429
vn -0.5469 -0.5667 -0.6163
vn 0.3412 0.7474 -0.5700
vn 0.2596 -0.9201 -0.2934
vn 0.2967 -0.8968 -0.3281
vn 0.2357 0.5034 -0.8313
vn 0.0227 -0.9120 -0.4096
vn 0.6529 -0.6807 -0.3323
vn -0.2070 0.2921 0.9337
vn 0.7795 0.1937 -0.5957
vn -0.6216 -0.3362 -0.7075
vn -0.1912 0.2947 0.9363
vn -0.1215 0.8138 -0.5683
vn -0.4443 -0.7884 -0.4254
vn 0.4060 -0.8646 -0.2960
vn 0.0837 0.1942 0.9774
vn -0.0340 0.5627 0.8260
vn 0.0945 0.1932 0.9766
vn 0.6951 0.0167 -0.7187
vn -0.7493 0.3342 -0.5716
vn 0.6847 -0.6470 -0.3356
vn 0.7655 -0.3547 -0.5368
vn 0.2211 0.6360 -0.7393
vn -0.3753 0.5809 -0.7222
vn -0.4286 0.6344 -0.6433
vn -0.5327 -0.6975 -0.4792
vn -0.7635 -0.1796 -0.6203
vn -0.0857 -0.3298 -0.9401
vn -0.8450 0.1750 -0.5053
vn -0.6737 -0.4988 -0.5453
vn 0.5324 -0.7178 -0.4487
vn -0.7574 -0.0449 -0.6514
vn -0.7286 0.1103 -0.6760
vn -0.0892 0.1368 0.9866
vn 0.8352 0.1299 -0.5344
vn 0.0975 0.5060 0.8570
vn 0.4907 0.5227 -0.6972
vn -0.2256 -0.9166 -0.3302
vn 0.3535 0.7530 -0.5551
vn 0.2847 0.7664 -0.5759
vn -0.0799 0.8286 -0.5542
vn 0.5188 -0.8057 -0.2858
vn 0.5235 -0.8040 -0.2820
vn -0.7144 -0.4250 -0.5559
vn -0.1990 0.5069 0.8387
vn -0.0100 0.7555 -0.6550
vn 0.6193 -0.5928 -0.5148
vn -0.7307 0.0600 -0.6801
vn -0.3007 0.5594 -0.7725
vn -0.8246 -0.1893 -0.5331
vn 0.1482 -0.9286 -0.3403
vn 0.0072 0.4386 -0.8986
vn -0.7498 -0.0799 -0.6569
vn -0.7325 -0.0040 -0.6808
vn 0.1639 0.7956 -0.5833
vn 0.6938 -0.5770 -0.4308
vn 0.1509 0.6474 -0.7470
vn 0.6390 0.3836 -0.6667
vn 0.3527 -0.8857 -0.3019
vn -0.3764 0.5800 -0.7224
vn 0.8631 0.0265 -0.5044
vn 0.3152 0.6463 -0.6950
vn -0.0352 -0.3947 -0.9181
vn -0.1035 0.8160 -0.5687
vn -0.3626 0.7157 -0.5969
vn 0.2257 0.8040 -0.5502
vn -0.8318 0.1166 -0.5427
vn 0.1604 0.8907 -0.4254
vn -0.2196 0.7589 -0.6131
vn 0.6686 -0.6021 -0.4364
vn -0.7821 -0.0980 -0.6154
vn 0.0321 0.5275 0.8489
vn 0.1413 -0.9363 -0.3214
vn -0.3801 -0.8336 -0.4008
vn 0.1512 0.2675 0.9516
vn 0.4315 -0.8408 -0.3269
vn -0.8989 0.1195 -0.4214
vn -0.0343 -0.4121 -0.9105
vn 0.8808 -0.0440 -0.4715
vn -0.6357 0.5441 -0.5477
vn 0.6572 -0.4388 -0.6128
vn -0.3871 -0.7376 -0.5533
vn -0.4960 -0.7494 -0.4386
vn -0.7952 0.2744 -0.5408
vn -0.1496 0.6645 -0.7322
vn 0.5693 -0.6311 -0.5270
vn 0.6259 -0.5231 -0.5784
vn 0.7508 -0.6591 -0.0432
vn 0.7122 0.3288 -0.6202
vn -0.8325 -0.2010 -0.5162
vn -0.5622 -0.6855 -0.4626
vn -0.5925 -0.6502 -0.4756
vn 0.3284 -0.8366 -0.4384
vn -0.8605 0.2336 -0.4526
vn -0.6828 0.1397 -0.7171
vn -0.7126 -0.5077 -0.4842
vn -0.5233 0.6335 -0.5700
vn -0.1435 0.1871 0.9718
vn 0.6575 0.4405 -0.6113
vn 0.1435 0.7422 -0.6547
vn -0.0734 0.1030 0.9920
vn -0.6000 -0.6461 -0.4718
vn -0.3173 0.6916 -0.6489
vn 0.5701 -0.7787 -0.2619
vn 0.8851 -0.2801 -0.3717
vn -0.6125 0.3123 -0.7261
vn 0.5844 -0.6241 -0.5186
vn 0.1344 -0.9637 -0.2306
vn 0.0762 0.8389 -0.5390
vn 0.7298 -0.1140 -0.6741
vn 0.6762 -0.4607 -0.5749
vn 0.8106 0.2109 -0.5463
vn -0.7504 0.3581 -0.5556
vn -0.7101 0.4314 -0.5564
vn 0.6885 -0.3669 -0.6255
vn -0.4492 -0.7883 -0.4204
vn 0.0672 -0.9121 -0.4043
vn 0.1914 -0.9459 -0.2620
vn 0.5769 -0.5004 -0.6456
vn -0.7751 -0.1616 -0.6108
vn -0.7768 -0.2612 -0.5730
vn 0.5007 -0.8162 -0.2884
vn 0.7336 0.3479 -0.5838
vn 0.7334 -0.3876 -0.5585
vn 0.2780 -0.9160 -0.2892
vn 0.3924 0.5747 -0.7181
vn -0.3042 -0.8914 -0.3358
vn 0.8497 0.1594 -0.5026
vn -0.2363 0.7910 -0.5644
vn 0.1101 0.5598 0.8213
vn -0.5344 0.6919 -0.4855
vn 0.3539 0.5863 -0.7287
vn 0.5839 0.2022 -0.7863
vn -0.7876 -0.2514 -0.5625
vn -0.9128 0.1666 -0.3730
vn 0.8565 0.0051 -0.5162
vn 0.8859 0.1167 -0.4489
vn 0.3697 0.6355 -0.6779
vn -0.3070 0.7832 -0.5407
vn -0.0516 -0.8930 -0.4470
vn 0.5202 -0.7095 -0.4754
vn 0.2854 -0.9182 -0.2746
vn 0.6117 -0.5757 -0.5426
vn -0.1303 -0.9304 -0.3427
vn -0.7671 -0.3355 -0.5467
vn 0.5128 0.5351 -0.6714
vn -0.7757 -0.0520 -0.6290
vn -0.7057 0.2000 -0.6797
vn 0.2293 0.3610 0.9039
vn 0.5121 -0.7085 -0.4856
vn 0.2260 0.3648 0.9033
vn 0.2096 0.4946 -0.8435
vn -0.7575 -0.3196 -0.5693
vn -0.7327 0.0603 -0.6779
vn -0.2014 -0.9427 -0.2660
vn 0.7411 -0.2408 -0.6267
vn -0.6476 -0.5892 -0.4832
vn 0.7853 0.2877 -0.5482
vn -0.1312 -0.9568 -0.2596
vn -0.0538 0.8669 -0.4956
vn 0.4815 -0.7677 -0.4228
vn 0.3835 -0.7949 -0.4701
vn -0.7383 -0.4148 -0.5318
vn 0.0846 -0.2526 -0.9639
vn -0.6373 -0.6468 -0.4190
vn 0.1875 0.2454 0.9511
vn 0.9059 -0.1448 -0.3980
vn 0.0235 0.4549 0.8902
vn -0.7096 0.4621 -0.5319
vn -0.1812 0.8433 -0.5060
vn 0.5699 -0.6840 -0.4553
vn 0.4473 -0.8658 -0.2242
vn -0.5484 -0.7381 -0.3931
vn 0.9106 -0.1886 -0.3679
vn 0.9222 -0.0592 -0.3821
vn -0.2807 -0.9039 -0.3229
vn -0.1279 0.1521 0.9801
vn -0.3724 -0.8744 -0.3111
vn 0.2386 -0.9224 -0.3038
vn -0.5854 -0.4442 -0.6782
vn -0.4350 0.7455 -0.5050
vn 0.7913 0.2867 -0.5400
vn 0.0249 0.1002 0.9947
vn -0.8317 0.2864 -0.4756
vn 0.8965 0.0689 -0.4377
vn -0.9044 0.2084 -0.3722
vn 0.2437 0.7019 -0.6693
vn -0.3632 -0.7469 -0.5570
vn 0.1007 0.5266 -0.8441
vn 0.6485 -0.3391 -0.6816
vn 0.5184 -0.0980 -0.8495
vn 0.5446 -0.7153 -0.4378
vn -0.2249 0.4447 0.8670
vn 0.0225 0.1066 0.9940
vn 0.4890 0.3037 -0.8177
vn 0.5967 0.5119 -0.6180
vn -0.5688 -0.7169 -0.4032
vn 0.6794 -0.4403 -0.5870
vn -0.0065 0.2685 0.9633
vn 0.1115 0.7167 -0.6885
vn 0.0650 0.8600 -0.5061
vn -0.4148 0.7656 -0.4917
vn -0.7154 -0.5053 -0.4825
vn -0.0555 -0.2184 -0.9743
vn -0.7643 -0.3449 -0.5448
vn 0.7228 0.4141 -0.5532
vn -0.7434 -0.4203 -0.5203
vn -0.3511 0.7426 -0.5703
vn -0.1819 0.8794 -0.4399
vn 0.1998 0.2264 0.9533
vn 0.4472 -0.8654 -0.2260
vn -0.0621 0.8331 -0.5496
vn 0.2000 -0.9443 -0.2614
vn 0.7333 -0.2680 -0.6248
vn 0.3519 -0.8932 -0.2798
vn 0.5137 -0.7471 -0.4219
vn -0.1671 -0.9723 -0.1634
vn 0.4552 -0.8070 -0.3763
vn 0.1060 -0.8975 -0.4281
vn 0.4461 -0.7721 -0.4526
vn 0.0104 0.3019 0.9533
vn -0.6706 -0.5789 -0.4639
vn -0.0650 -0.3047 -0.9502
vn -0.3650 0.7416 -0.5629
vn -0.0245 0.6052 0.7957
vn -0.8291 0.3285 -0.4525
vn 0.6722 -0.5407 -0.5057
vn -0.4731 0.3778 -0.7958
vn 0.1964 0.7344 -0.6496
vn 0.2671 0.7022 -0.6600
vn -0.7594 0.0347 -0.6497
vn -0.1814 0.7781 -0.6014
vn 0.3339 0.4485 -0.8291
vn -0.1177 -0.9860 -0.1183
vn -0.8126 -0.0641 -0.5793
vn -0.7032 0.1643 -0.6918
vn 0.1757 -0.9644 -0.1976
vn 0.0104 0.5834 -0.8121
vn 0.8537 0.1603 -0.4954
vn -0.7813 0.0521 -0.6219
vn -0.0857 0.3695 0.9253
vn 0.3747 -0.8942 -0.2450
vn -0.6888 0.5024 -0.5226
vn 0.6373 0.4840 -0.5996
vn 0.6869 -0.4221 -0.5916
vn 0.8293 0.2713 -0.4885
vn 0.6933 -0.0684 -0.7174
vn 0.4386 -0.8131 -0.3826
vn -0.6530 0.5923 -0.4720
vn 0.9141 -0.0745 -0.3986
vn -0.8009 0.3679 -0.4724
vn 0.1326 -0.9630 -0.2347
vn -0.0048 0.9484 -0.3169
vn 0.6858 -0.5087 -0.5204
vn 0.6522 -0.5776 -0.4909
vn -0.0545 0.6458 -0.7615
vn 0.8065 0.2701 -0.5260
vn 0.5792 -0.7135 -0.3942
vn 0.0391 0.3132 0.9489
vn 0.7355 -0.1929 -0.6495
vn -0.8126 -0.1891 -0.5513
vn 0.3152 -0.8000 -0.5106
vn 0.2597 0.3469 0.9012
vn -0.4245 -0.8977 -0.1183
vn -0.7873 -0.4017 -0.4678
vn -0.1506 0.8194 -0.5531
vn 0.7259 -0.3349 -0.6008
vn 0.7232 -0.2559 -0.6415
vn 0.0456 0.6397 -0.7673
vn -0.7766 0.4665 -0.4234
vn -0.5386 -0.5622 -0.6275
vn 0.7101 -0.4736 -0.5210
vn -0.3864 -0.8654 -0.3189
vn 0.0855 0.4006 0.9123
vn -0.7955 -0.0482 -0.6040
vn -0.7234 0.2040 -0.6596
vn -0.6783 0.1698 -0.7149
vn -0.3624 -0.7469 -0.5575
vn -0.7382 0.1774 -0.6509
vn 0.5194 0.1973 -0.8315
vn -0.6791 -0.5988 -0.4247
vn 0.6105 -0.6548 -0.4455
vn 0.6106 -0.6542 -0.4462
vn 0.1237 0.4037 0.9065
vn 0.3884 0.6555 -0.6477
vn -0.8217 -0.3024 -0.4832
vn -0.7989 -0.2655 -0.5397
vn -0.0839 0.3751 0.9232
vn -0.7575 0.1625 -0.6323
vn -0.0744 0.8372 -0.5418
vn -0.0716 -0.9614 -0.2655
vn -0.4702 -0.8216 -0.3224
vn 0.5377 -0.7480 -0.3889
vn -0.7965 -0.0647 -0.6012
vn -0.5860 0.3059 -0.7503
vn 0.6789 -0.5547 -0.4810
vn 0.1255 0.6203 -0.7742
vn -0.5495 0.6454 -0.5306
vn 0.6686 -0.6300 -0.3951
vn 0.3545 -0.8641 -0.3574
vn 0.4781 -0.7821 -0.3998
vn 0.4955 0.6152 -0.6132
vn 0.7656 -0.1568 -0.6239
vn -0.2642 0.3480 0.8995
vn -0.4625 -0.6692 -0.5817
vn 0.2183 0.8553 -0.4700
vn -0.1465 -0.9581 -0.2460
vn -0.4311 -0.8142 -0.3889
vn 0.6195 0.0959 -0.7791
vn -0.0967 0.5509 0.8290
vn 0.6397 0.0095 -0.7686
vn 0.2973 -0.9112 -0.2851
vn 0.2465 -0.9579 -0.1468
vn 0.4402 0.3255 -0.8368
vn -0.2550 0.5504 -0.7950
vn -0.9269 0.2449 -0.2845
vn -0.7867 0.2596 -0.5601
vn 0.7467 -0.3849 -0.5425
vn -0.3126 0.8090 -0.4978
vn -0.8007 -0.2760 -0.5318
vn -0.8239 0.4435 -0.3528
vn 0.4085 -0.8457 -0.3433
vn 0.0739 -0.9825 -0.1707
vn -0.6283 -0.6862 -0.3665
vn -0.2573 0.8711 -0.4183
vn -0.1319 0.5816 -0.8027
vn 0.6425 -0.6225 -0.4468
vn -0.8085 0.0032 -0.5885
vn 0.2169 0.6196 -0.7543
vn -0.7215 0.0928 -0.6861
vn 0.2549 -0.9399 -0.2270
vn 0.7639 -0.2636 -0.5891
vn 0.0928 -0.9734 -0.2096
vn 0.2175 0.4857 0.8466
vn 0.0022 0.8848 -0.4660
vn -0.2907 0.7848 -0.5474
vn -0.8166 -0.1851 -0.5467
vn 0.3578 -0.8731 -0.3311
vn 0.5849 -0.6508 -0.4841
vn -0.7683 0.1271 -0.6273
vn 0.2770 -0.8387 -0.4689
vn 0.6397 -0.6680 -0.3803
vn -0.6855 -0.6239 -0.3753
vn -0.5099 -0.5720 -0.6424
vn 0.0363 0.5839 0.8110
vn 0.3511 -0.9209 -0.1692
vn 0.2838 -0.9296 -0.2354
vn 0.7156 -0.1125 -0.6894
vn -0.8000 -0.3366 -0.4966
vn -0.0656 -0.9179 -0.3913
vn 0.8660 0.2132 -0.4524
vn 0.7017 -0.2024 -0.6831
vn 0.7523 -0.4880 -0.4426
vn -0.4666 0.7517 -0.4661
vn -0.1612 0.3355 0.9281
vn 0.1873 0.7945 -0.5776
vn 0.3392 0.3947 -0.8539
vn 0.4078 0.2901 -0.8658
vn 0.5068 0.6274 -0.5912
vn -0.6594 -0.6894 -0.2999
vn -0.8033 0.0425 -0.5941
vn -0.8433 -0.2878 -0.4539
vn -0.7744 -0.3713 -0.5123
vn 0.5313 -0.7652 -0.3636
vn 0.1652 0.1362 0.9768
vn 0.3503 -0.8063 -0.4766
vn -0.1411 0.8986 -0.4155
vn -0.4349 -0.8479 -0.3030
vn 0.7400 -0.4631 -0.4879
vn 0.7661 -0.2734 -0.5816
vn -0.7452 -0.5757 -0.3365
vn 0.5804 0.6026 -0.5478
vn 0.5716 -0.7243 -0.3857
vn -0.7632 -0.4950 -0.4154
vn 0.7598 -0.3847 -0.5241
vn 0.7155 -0.5570 -0.4216
vn 0.1550 -0.9613 -0.2279
vn 0.1702 -0.9636 -0.2064
vn -0.5188 -0.8012 -0.2983
vn 0.3161 0.8302 -0.4592
vn -0.7087 0.2882 -0.6439
vn -0.8369 -0.1418 -0.5287
vn 0.7451 -0.1440 -0.6512
vn -0.6158 0.6429 -0.4554
vn -0.4166 -0.6823 -0.6007
vn 0.3806 0.7347 -0.5615
vn 0.6010 -0.7499 -0.2765
vn 0.7331 0.4358 -0.5222
vn -0.3613 -0.9204 -0.1494
vn 0.0706 0.9099 -0.4089
vn -0.2551 0.5505 -0.7949
vn 0.9268 0.0290 -0.3743
vn -0.7747 0.4574 -0.4366
vn -0.8663 0.3494 -0.3570
vn 0.6467 -0.6893 -0.3267
vn 0.6354 -0.6823 -0.3616
vn 0.7661 -0.4157 -0.4903
vn -0.6706 0.5757 -0.4678
vn -0.8741 0.3439 -0.3430
vn -0.2069 0.8488 -0.4866
vn 0.1459 0.8156 -0.5599
vn -0.1698 0.2382 0.9563
vn -0.5381 -0.7849 -0.3071
vn 0.8757 0.2893 -0.3866
vn 0.4867 -0.8193 -0.3033
vn 0.0824 -0.8979 -0.4324
vn 0.9157 0.0657 -0.3964
vn -0.2688 0.3920 0.8798
vn -0.7039 0.3974 -0.5887
vn 0.3055 0.7765 -0.5512
vn -0.8150 0.0758 -0.5744
vn -0.3712 0.8317 -0.4128
vn 0.3464 0.7644 -0.5438
vn -0.8060 -0.4227 -0.4143
vn -0.7649 -0.5218 -0.3778
vn -0.0693 0.6610 0.7472
vn 0.9276 0.1323 -0.3493
vn -0.7770 -0.1459 -0.6123
vn 0.7881 -0.1922 -0.5848
vn 0.7204 -0.5677 -0.3984
vn -0.5602 -0.4859 -0.6709
vn -0.7983 0.1466 -0.5841
vn 0.6264 0.0191 -0.7793
vn -0.2813 0.8267 -0.4873
vn 0.6936 -0.6122 -0.3796
vn 0.5180 0.7084 -0.4794
vn 0.7219 -0.4462 -0.5289
vn -0.4687 -0.6055 -0.6432
vn 0.0591 -0.9839 -0.1686
vn 0.1309 -0.9687 -0.2108
vn 0.6789 0.5237 -0.5146
vn 0.7643 -0.1242 -0.6328
vn -0.7188 0.3095 -0.6225
vn -0.8365 -0.0961 -0.5394
vn 0.7566 -0.0373 -0.6529
vn 0.7903 0.4016 -0.4627
vn -0.0888 -0.9811 -0.1722
vn 0.0878 0.8121 -0.5769
vn -0.0089 -0.5641 -0.8256
vn -0.1200 -0.5728 -0.8109
vn 0.7070 -0.3037 -0.6386
vn -0.8701 0.3336 -0.3629
vn 0.5907 -0.6412 -0.4898
vn 0.7804 -0.0869 -0.6192
vn 0.0821 0.5914 0.8022
vn -0.0637 0.6039 -0.7945
vn -0.7181 -0.4724 -0.5111
vn 0.8968 0.2045 -0.3923
vn 0.5675 -0.7639 -0.3074
vn 0.0418 -0.9524 -0.3021
vn 0.8123 -0.3076 -0.4955
vn -0.6779 -0.6730 -0.2959
vn -0.3368 0.8426 -0.4203
vn 0.0254 0.2050 0.9784
vn 0.0193 -0.5199 -0.8540
vn 0.0985 0.8101 -0.5780
vn -0.8108 -0.4199 -0.4077
vn -0.8434 -0.3750 -0.3848
vn 0.8165 -0.4215 -0.3944
vn -0.2118 0.3565 0.9100
vn -0.4813 0.3758 -0.7919
vn -0.6365 0.2606 -0.7260
vn 0.2938 -0.9117 -0.2872
vn 0.2498 -0.9575 -0.1440
vn -0.3101 0.5518 -0.7742
vn -0.7181 0.5753 -0.3917
vn -0.7153 0.5990 -0.3599
vn 0.6208 0.5999 -0.5047
vn 0.9070 0.2572 -0.3335
vn 0.8264 -0.1842 -0.5322
vn -0.5926 0.7179 -0.3654
vn 0.8665 0.3276 -0.3767
vn 0.0622 -0.9509 0.3031
vn 0.3577 -0.4039 -0.8419
vn 0.2567 -0.8840 -0.3906
vn 0.5475 -0.7875 -0.2829
vn 0.5127 -0.8103 -0.2840
vn -0.4544 0.7886 -0.4142
vn -0.2505 0.4335 0.8656
vn 0.9060 0.2342 -0.3525
vn -0.8527 -0.2176 -0.4750
vn 0.3048 0.2578 0.9169
vn 0.5963 -0.7557 -0.2707
vn 0.4943 0.4728 -0.7295
vn -0.8518 -0.2724 -0.4475
vn 0.4510 -0.8520 -0.2659
vn 0.5235 -0.8228 -0.2211
vn 0.4734 0.7008 -0.5336
vn 0.2326 -0.9676 0.0978
vn 0.2149 0.6017 -0.7693
vn 0.2817 0.7951 -0.5371
vn -0.0349 -0.9804 -0.1941
vn 0.0068 1.0000 -0.0021
vn 0.4259 -0.8768 -0.2231
vn -0.6123 -0.7773 -0.1449
vn 0.6274 -0.7275 -0.2777
vn 0.1241 0.3431 0.9311
vn -0.8549 -0.0551 -0.5158
vn 0.7857 0.4113 -0.4620
vn -0.9017 0.3599 -0.2396
vn 0.8454 0.3310 -0.4193
vn -0.1141 0.6293 0.7687
vn -0.7917 -0.5202 -0.3204
vn 0.4099 -0.8823 -0.2315
vn 0.5979 0.6119 -0.5178
vn 0.7224 -0.0909 -0.6855
vn -0.1350 0.2239 0.9652
vn -0.0905 0.1483 0.9848
vn -0.8718 -0.1619 -0.4623
vn 0.8381 -0.1534 -0.5235
vn 0.7539 0.0360 -0.6560
vn 0.9182 0.1195 -0.3776
vn 0.6890 0.5163 -0.5087
vn -0.4356 0.4837 -0.7591
vn 0.7911 -0.4787 -0.3809
vn 0.7327 -0.2730 -0.6233
vn -0.8716 -0.2602 -0.4154
vn 0.2206 -0.8315 -0.5099
vn -0.7240 0.6058 -0.3299
vn -0.8500 -0.0004 -0.5269
vn -0.6504 -0.7087 -0.2734
vn -0.4824 0.8201 -0.3076
vn -0.5432 -0.7263 -0.4211
vn 0.2599 0.2260 0.9388
vn 0.8075 -0.3095 -0.5022
vn 0.8189 -0.3341 -0.4666
vn -0.6163 0.6780 -0.4006
vn -0.7518 -0.5950 -0.2843
vn -0.5757 0.7358 -0.3565
vn 0.7920 -0.5013 -0.3484
vn 0.1510 0.9121 -0.3812
vn -0.2881 -0.7305 -0.6191
vn 0.1462 0.2697 0.9518
vn 0.4588 -0.8480 -0.2653
vn 0.0052 0.6131 0.7900
vn -0.7827 0.2166 -0.5834
vn 0.3033 -0.8690 -0.3909
vn -0.8048 0.1414 -0.5764
vn 0.8008 -0.4041 -0.4420
vn -0.4751 -0.8645 -0.1638
vn -0.2531 0.2199 0.9421
vn -0.4635 0.3568 -0.8111
vn 0.2284 -0.9656 -0.1244
vn -0.0865 0.0481 0.9951
vn -0.6156 -0.7466 -0.2522
vn 0.8328 -0.1239 -0.5396
vn 0.7358 0.0618 -0.6743
vn 0.4411 -0.8787 -0.1827
vn -0.8274 -0.4724 -0.3038
vn -0.1595 0.5969 -0.7863
vn -0.7858 -0.5489 -0.2851
vn -0.7471 -0.6244 -0.2280
vn -0.0649 0.8984 -0.4345
vn 0.2087 -0.9034 -0.3745
vn -0.4912 -0.6889 -0.5330
vn -0.7642 -0.1955 -0.6146
vn -0.3316 0.8666 -0.3730
vn 0.4099 -0.7456 -0.5255
vn -0.8376 0.4708 -0.2772
vn 0.2850 -0.9485 -0.1386
vn 0.4114 -0.7556 -0.5097
vn 0.7907 0.4339 -0.4319
vn -0.1698 0.0795 0.9823
vn 0.8436 -0.2335 -0.4836
vn 0.0879 0.1806 0.9796
vn -0.7795 0.2883 -0.5561
vn -0.3066 -0.9410 -0.1435
vn -0.2691 0.8798 -0.3919
vn 0.3676 -0.9078 -0.2020
vn 0.5749 -0.4735 -0.6673
vn 0.7198 -0.6440 -0.2591
vn -0.2858 -0.8860 -0.3651
vn -0.6981 0.3829 -0.6050
vn 0.8431 -0.2447 -0.4788
vn -0.9018 -0.1124 -0.4173
vn -0.5563 0.7761 -0.2969
vn -0.7910 0.2580 -0.5547
vn 0.1438 0.0526 0.9882
vn 0.7463 -0.5565 -0.3651
vn -0.7083 0.6472 -0.2819
vn 0.4676 -0.5651 -0.6798
vn 0.4850 -0.2450 0.8395
vn -0.7345 0.0297 -0.6780
vn 0.9133 0.2667 -0.3078
vn -0.6214 0.2258 -0.7503
vn -0.2359 0.5017 -0.8322
vn -0.5608 0.7571 -0.3351
vn 0.2484 -0.9493 -0.1928
vn -0.8593 0.0290 -0.5106
vn -0.8283 0.1745 -0.5324
vn -0.4319 -0.8190 -0.3778
vn -0.0974 -0.9897 -0.1046
vn 0.2357 -0.8804 -0.4114
vn 0.7450 0.1278 -0.6547
vn -0.2041 0.5532 0.8077
vn -0.8923 -0.2241 -0.3920
vn -0.0360 -0.8927 -0.4492
vn 0.5446 -0.8151 -0.1976
vn 0.8290 0.4281 -0.3599
vn 0.5302 0.1849 -0.8274
vn -0.8132 0.2449 -0.5280
vn 0.2519 -0.9604 -0.1192
vn 0.6143 0.0869 -0.7843
vn -0.8430 0.0725 -0.5329
vn 0.7626 -0.5842 -0.2780
vn -0.8035 0.4539 -0.3852
vn 0.7354 0.1388 -0.6633
vn -0.0347 0.1533 0.9876
vn -0.2261 -0.6382 0.7360
vn 0.0707 0.9099 -0.4088
vn 0.0457 0.9559 -0.2902
vn -0.3510 0.4555 -0.8181
vn -0.0202 -0.9021 -0.4310
vn -0.3403 0.4365 -0.8329
vn 0.5408 -0.8275 -0.1510
vn 0.7516 -0.6023 -0.2691
vn 0.8597 0.1833 -0.4767
vn -0.8242 0.5075 -0.2511
vn 0.8324 -0.4355 -0.3427
vn 0.7070 -0.6478 -0.2837
vn -0.6843 0.4698 -0.5577
vn 0.2712 -0.8337 -0.4811
vn 0.0219 0.4911 0.8708
vn -0.0511 0.9548 -0.2927
vn -0.0675 -0.2172 -0.9738
vn 0.0261 -0.9995 0.0177
vn -0.1687 0.9022 -0.3970
vn 0.8448 0.0403 -0.5336
vn 0.0375 0.2509 0.9673
vn 0.5189 0.7336 -0.4387
vn 0.3359 -0.8283 -0.4485
vn 0.4659 -0.8707 -0.1578
vn -0.8825 -0.1547 -0.4442
vn 0.6797 -0.4801 -0.5545
vn -0.7700 0.0208 -0.6377
vn 0.5942 -0.5732 -0.5643
vn 0.4791 -0.3043 0.8233
vn -0.8953 0.0403 -0.4436
vn 0.5549 -0.8075 -0.2001
vn -0.8839 -0.3550 -0.3044
vn 0.1076 -0.9020 -0.4182
vn 0.5116 0.1913 -0.8376
vn 0.6300 -0.7680 -0.1156
vn 0.8586 -0.0519 -0.5100
vn -0.8448 -0.4607 -0.2720
vn -0.7504 -0.6245 -0.2165
vn 0.7405 0.5530 -0.3820
vn 0.6545 0.6328 -0.4138
vn 0.8692 0.3743 -0.3231
vn 0.4139 -0.7481 -0.5187
vn -0.7529 0.3795 -0.5377
vn -0.8742 -0.0520 -0.4828
vn 0.7075 -0.6735 -0.2141
vn -0.8203 0.5009 -0.2761
vn 0.8648 -0.3381 -0.3713
vn 0.3743 -0.9125 -0.1653
vn -0.2712 0.4513 -0.8502
vn -0.7739 0.3456 -0.5307
vn 0.4967 -0.8423 -0.2092
vn -0.3817 0.8458 -0.3727
vn 0.1514 -0.9708 -0.1861
vn 0.8850 -0.2653 -0.3825
vn 0.0391 0.9769 -0.2101
vn -0.5184 -0.8298 -0.2066
vn -0.5335 -0.8328 -0.1477
vn -0.2580 0.9112 -0.3212
vn 0.1371 0.8789 -0.4569
vn 0.4918 -0.8534 -0.1730
vn 0.5180 -0.6837 -0.5141
vn -0.7425 -0.6517 -0.1549
vn 0.2393 0.4703 0.8494
vn -0.1540 -0.9785 -0.1372
vn -0.6693 0.4856 -0.5624
vn 0.8123 -0.5043 -0.2930
vn 0.1917 0.3463 0.9183
vn 0.6847 -0.7022 -0.1952
vn 0.5711 0.0772 -0.8172
vn 0.0445 0.4023 0.9144
vn -0.6608 0.7032 -0.2625
vn 0.6972 0.2427 -0.6745
vn 0.8516 -0.3901 -0.3503
vn 0.1966 0.4393 -0.8765
vn 0.3974 0.8168 -0.4182
vn -0.0932 0.9163 -0.3894
vn 0.0533 -0.9570 -0.2851
vn -0.0755 0.9835 -0.1642
vn 0.6221 -0.7619 -0.1802
vn 0.8518 -0.3266 -0.4095
vn 0.6056 -0.7788 -0.1631
vn 0.1064 0.0379 0.9936
vn -0.7137 -0.6852 -0.1454
vn -0.8885 0.0317 -0.4579
vn -0.8672 -0.4225 -0.2636
vn 0.8006 -0.5450 -0.2490
vn 0.1891 0.2984 0.9355
vn -0.3150 -0.9389 -0.1384
vn 0.6331 -0.0785 -0.7701
vn -0.0883 0.9581 -0.2725
vn -0.2515 0.9350 -0.2501
vn 0.9183 -0.2009 0.3411
vn 0.1899 -0.9613 -0.1995
vn 0.4803 -0.3051 0.8223
vn 0.8869 -0.1250 0.4448
vn -0.7371 -0.4095 -0.5376
vn -0.1195 0.5900 0.7985
vn 0.2959 -0.9459 -0.1331
vn 0.6420 -0.0814 -0.7624
vn 0.6836 -0.7072 -0.1808
vn -0.8107 -0.5407 -0.2247
vn -0.0058 0.0168 0.9998
vn 0.8298 0.5050 -0.2373
vn -0.0182 -0.9900 -0.1397
vn -0.8371 -0.4999 -0.2221
vn 0.8484 -0.0260 -0.5287
vn -0.8816 -0.3591 -0.3065
vn -0.2381 0.5842 0.7759
vn 0.8791 -0.1538 -0.4512
vn -0.1886 -0.9756 -0.1127
vn -0.4737 -0.8213 -0.3179
vn 0.5747 -0.6187 -0.5356
vn 0.7707 0.2848 -0.5701
vn -0.8534 0.1566 -0.4972
vn -0.2204 0.0723 0.9727
vn 0.3737 -0.9132 -0.1628
vn 0.8868 -0.2947 -0.3560
vn -0.2413 0.5689 -0.7862
vn 0.7401 0.5561 -0.3782
vn 0.7311 0.5698 -0.3752
vn 0.7109 -0.3714 -0.5972
vn -0.2668 0.9245 -0.2723
vn -0.4874 -0.8730 0.0188
vn -0.9196 -0.2120 -0.3308
vn 0.1816 0.1426 0.9730
vn -0.2305 0.9432 -0.2393
vn -0.6576 0.5485 -0.5164
vn 0.8488 0.0541 -0.5259
vn 0.8280 0.1274 -0.5460
vn 0.8103 0.1404 -0.5690
vn -0.9142 -0.2806 -0.2923
vn -0.1912 0.5250 -0.8293
vn -0.9235 -0.0974 -0.3709
vn -0.8928 -0.3250 -0.3120
vn 0.2023 -0.9623 -0.1819
vn -0.8544 0.1572 -0.4953
vn 0.0793 -0.3876 -0.9184
vn -0.6787 -0.5426 -0.4949
vn 0.8084 -0.5494 -0.2114
vn -0.8023 -0.5661 -0.1894
vn 0.4618 -0.8837 -0.0766
vn 0.7059 0.2726 -0.6538
vn 0.6890 -0.2000 -0.6966
vn 0.8866 0.3756 -0.2700
vn -0.0975 -0.9896 -0.1054
vn -0.4020 0.4669 -0.7876
vn -0.5272 -0.7325 -0.4308
vn 0.0055 0.6643 0.7475
vn 0.6535 -0.7408 -0.1553
vn -0.5315 0.8039 -0.2670
vn 0.5922 -0.7437 -0.3103
vn 0.4686 -0.8564 -0.2168
vn 0.8801 -0.0630 -0.4707
vn -0.0583 0.0256 0.9980
vn -0.6594 -0.5579 -0.5039
vn -0.7283 0.4666 -0.5019
vn -0.8082 0.5599 -0.1825
vn -0.3874 -0.5511 -0.7390
vn 0.3164 -0.7852 0.5323
vn -0.5593 -0.8210 -0.1147
vn -0.6888 -0.7197 -0.0871
vn -0.6847 -0.7237 -0.0856
vn 0.7533 0.2679 -0.6007
vn -0.2348 0.5227 -0.8196
vn 0.2803 -0.9598 -0.0172
vn 0.6538 -0.1472 -0.7422
vn 0.3220 -0.9458 -0.0423
vn -0.6621 0.5626 -0.4951
vn 0.8538 -0.4510 -0.2600
vn 0.2108 0.3552 0.9107
vn -0.1207 0.5033 -0.8557
vn -0.7182 0.0083 -0.6958
vn 0.9019 -0.2887 -0.3213
vn 0.7479 -0.6449 -0.1574
vn -0.8862 -0.4436 -0.1337
vn -0.8336 0.2721 -0.4807
vn 0.6480 -0.2365 -0.7240
vn 0.1345 0.1977 0.9710
vn 0.0110 0.9999 -0.0076
vn -0.5666 -0.8239 -0.0121
vn -0.3175 0.9175 -0.2395
vn -0.8365 0.2694 -0.4772
vn 0.8894 0.0619 -0.4528
vn 0.4939 0.8031 -0.3334
vn -0.6226 0.7508 -0.2205
vn 0.3350 0.5432 -0.7699
vn 0.8910 -0.1431 -0.4309
vn -0.9039 0.0381 -0.4260
vn 0.1519 0.5306 0.8339
vn 0.8152 0.5080 -0.2782
vn 0.8232 0.3126 -0.4740
vn -0.4826 -0.8732 -0.0674
vn -0.2404 0.9390 -0.2458
vn 0.5704 -0.8168 -0.0865
vn 0.8660 -0.4137 -0.2810
vn 0.0273 -0.4325 -0.9012
vn -0.7323 0.4793 -0.4838
vn -0.1190 -0.9879 -0.0995
vn -0.8248 -0.5494 -0.1339
vn -0.8090 -0.5659 -0.1588
vn 0.9060 -0.1433 -0.3982
vn -0.1199 0.1634 0.9792
vn -0.7692 -0.0949 -0.6319
vn -0.0646 0.6598 0.7487
vn 0.0653 0.0809 0.9946
vn -0.0262 0.0101 0.9996
vn -0.8510 -0.4950 -0.1755
vn 0.3594 -0.9310 0.0644
vn -0.3169 -0.9477 -0.0391
vn -0.0848 0.9568 -0.2782
vn 0.0049 0.8994 -0.4371
vn 0.4801 0.7821 -0.3973
vn -0.8797 0.1467 -0.4524
vn -0.6146 0.6412 -0.4595
vn -0.8198 0.3174 -0.4766
vn -0.7938 0.3543 -0.4944
vn 0.6112 -0.7816 -0.1249
vn 0.9131 -0.3115 -0.2632
vn -0.8889 0.1603 -0.4291
vn 0.8871 0.3793 -0.2631
vn -0.9579 -0.2620 -0.1170
vn -0.9532 -0.1645 -0.2537
vn -0.0899 -0.9872 -0.1321
vn -0.8991 -0.3982 -0.1820
vn 0.7131 0.6385 -0.2893
vn -0.3192 0.9121 -0.2573
vn -0.7642 -0.6344 -0.1163
vn -0.6459 -0.6310 -0.4297
vn 0.6544 0.3313 -0.6797
vn 0.1022 0.0122 0.9947
vn 0.2078 -0.9776 -0.0323
vn 0.6107 0.6957 -0.3784
vn 0.0089 -0.9992 0.0386
vn 0.3834 0.8969 -0.2204
vn 0.1106 -0.9830 -0.1464
vn 0.7718 -0.6188 -0.1460
vn 0.1433 0.5928 -0.7925
vn 0.6546 -0.7439 -0.1342
vn 0.7685 0.4929 -0.4079
vn 0.2476 0.5516 -0.7965
vn -0.9323 -0.0154 -0.3614
vn 0.9800 -0.1877 -0.0668
vn -0.0044 0.5413 0.8408
vn 0.6774 -0.1532 -0.7194
vn -0.7273 -0.6857 -0.0292
vn 0.5861 -0.0044 -0.8102
vn 0.7774 -0.6084 -0.1596
vn -0.0108 0.5467 -0.8372
vn 0.9292 -0.2015 -0.3100
vn -0.5301 0.8219 -0.2085
vn -0.9274 -0.0857 -0.3640
vn -0.7271 -0.1068 -0.6782
vn 0.2516 0.8587 -0.4464
vn -0.7557 -0.6540 -0.0344
vn -0.6362 0.7396 -0.2196
vn 0.8300 0.3915 -0.3973
vn -0.0599 0.5515 0.8320
vn 0.8527 0.4728 -0.2223
vn 0.2450 -0.9689 -0.0343
vn 0.9138 -0.1901 -0.3590
vn 0.7813 -0.5977 -0.1798
vn 0.0612 0.9671 -0.2468
vn 0.0111 0.9061 -0.4228
vn 0.0411 0.9747 -0.2195
vn 0.5148 -0.5764 0.6346
vn -0.8718 0.2647 -0.4123
vn -0.2329 0.1714 0.9573
vn -0.1153 0.0322 0.9928
vn 0.7706 0.4234 -0.4763
vn 0.0020 -0.5042 -0.8636
vn 0.8631 -0.4754 -0.1705
vn 0.4015 -0.9110 -0.0943
vn 0.6605 -0.3026 -0.6872
vn 0.5749 -0.8176 -0.0320
vn 0.9145 -0.1224 -0.3856
vn 0.7303 -0.6714 -0.1260
vn -0.9475 0.0162 -0.3193
vn -0.9129 -0.3552 -0.2011
vn -0.8946 0.2223 -0.3876
vn 0.6239 0.4141 -0.6627
vn 0.2241 0.0979 0.9696
vn 0.2158 0.0400 0.9756
vn -0.5775 -0.8164 0.0109
vn -0.6430 0.1300 -0.7547
vn -0.6410 0.1313 -0.7562
vn 0.4715 -0.8775 -0.0879
vn 0.6191 -0.1643 -0.7679
vn 0.9045 -0.3590 -0.2302
vn 0.2351 0.1784 0.9555
vn -0.5912 -0.6601 -0.4634
vn -0.6622 0.0951 -0.7433
vn -0.7176 -0.4680 -0.5158
vn -0.7695 -0.6354 -0.0641
vn -0.6973 0.5448 -0.4658
vn -0.7453 0.6379 -0.1936
vn -0.6715 0.7219 -0.1672
vn 0.2394 0.3734 -0.8963
vn -0.4946 -0.7737 -0.3958
vn -0.7180 -0.0728 -0.6922
vn 0.4237 0.8598 -0.2852
vn 0.3714 0.8426 -0.3900
vn 0.8529 -0.5041 -0.1355
vn -0.9332 -0.1764 -0.3130
vn -0.9350 0.1163 -0.3351
vn 0.3895 0.2952 -0.8725
vn -0.7485 0.4741 -0.4637
vn 0.9269 -0.3752 0.0107
vn 0.2165 -0.9760 -0.0229
vn 0.4815 0.4631 -0.7442
vn -0.7387 0.6491 -0.1818
vn 0.8136 0.5590 -0.1599
vn 0.0690 -0.0140 0.9975
vn -0.0377 0.9559 -0.2914
vn 0.9799 -0.1225 -0.1572
vn 0.3764 -0.9258 -0.0337
vn 0.6031 -0.7965 -0.0428
vn 0.7307 -0.6758 -0.0966
vn 0.9080 -0.0477 -0.4163
vn -0.3301 0.4323 -0.8391
vn -0.9379 -0.2746 -0.2121
vn -0.1688 0.4756 -0.8633
vn -0.6603 -0.7487 0.0585
vn 0.7724 0.2922 -0.5639
vn 0.9230 -0.2466 -0.2953
vn -0.3738 -0.9207 -0.1117
vn -0.4873 -0.8717 0.0515
vn -0.6356 -0.6923 0.3418
vn 0.6194 -0.3937 -0.6793
vn -0.1680 0.4634 0.8701
vn 0.2702 0.9294 -0.2515
vn 0.6837 -0.7240 -0.0909
vn -0.8907 -0.4427 -0.1036
vn 0.9155 0.0284 -0.4013
vn -0.9098 -0.3746 -0.1785
vn -0.9405 -0.2690 -0.2075
vn -0.3446 0.2704 0.8990
vn -0.7836 0.4280 -0.4504
vn -0.2720 0.0943 0.9577
vn 0.9191 -0.0126 -0.3939
vn 0.6507 -0.2939 -0.7002
vn -0.8260 0.3755 -0.4204
vn -0.7473 -0.2142 -0.6291
vn -0.7123 -0.6951 0.0970
vn -0.2198 0.4496 0.8658
vn 0.6569 0.6952 -0.2917
vn 0.6139 0.7110 -0.3431
vn 0.5704 -0.8166 -0.0877
vn -0.4903 -0.7754 -0.3979
vn -0.2654 -0.9526 -0.1489
vn 0.0133 0.6168 0.7870
vn 0.6861 -0.1588 -0.7100
vn 0.2899 -0.9570 -0.0063
vn 0.7830 0.5199 -0.3415
vn 0.1753 -0.4086 -0.8957
vn 0.8739 -0.4695 0.1259
vn 0.5601 -0.8255 0.0694
vn 0.8531 0.2495 -0.4582
vn -0.1967 0.9748 -0.1051
vn 0.0875 0.6268 0.7742
vn -0.0425 -0.4198 -0.9066
vn -0.4521 -0.8880 -0.0842
vn 0.0554 -0.9929 0.1052
vn -0.2005 -0.9661 -0.1625
vn 0.2804 0.8808 -0.3816
vn 0.4268 -0.9025 0.0578
vn 0.3735 0.4766 -0.7958
vn -0.2543 0.0996 0.9620
vn -0.6150 0.6565 -0.4368
vn -0.5808 0.7927 -0.1851
vn 0.8456 -0.5117 -0.1522
vn 0.6415 -0.7657 -0.0473
vn 0.4904 -0.6657 -0.5624
vn -0.6585 -0.7502 0.0602
vn 0.5344 -0.8438 -0.0486
vn -0.9671 -0.0889 -0.2384
vn -0.1101 -0.9933 -0.0351
vn 0.8668 0.1784 -0.4657
vn 0.9503 -0.0993 -0.2952
vn -0.8368 -0.5454 -0.0480
vn 0.8151 -0.4004 0.4186
vn -0.7044 0.5997 -0.3797
vn -0.6415 0.2354 -0.7301
vn 0.2281 -0.8291 -0.5104
vn -0.0172 -0.8775 -0.4793
vn 0.1678 0.5740 0.8014
vn 0.7173 -0.5336 0.4480
vn -0.9396 0.1095 -0.3243
vn 0.2683 0.2048 0.9413
vn -0.9658 -0.0755 -0.2482
vn 0.8997 0.1390 -0.4139
vn -0.3344 -0.9398 -0.0704
vn 0.4631 -0.8602 0.2135
vn 0.2208 -0.8649 0.4507
vn -0.2201 -0.6245 -0.7494
vn 0.3410 -0.8707 -0.3544
vn 0.7179 -0.1870 -0.6706
vn 0.2044 0.5552 0.8062
vn 0.4794 -0.8748 -0.0702
vn 0.1282 -0.2564 -0.9580
vn 0.1397 -0.3338 -0.9322
vn -0.3623 0.4794 -0.7993
vn -0.8282 -0.5598 -0.0270
vn 0.6638 0.3818 -0.6432
vn 0.2420 -0.9665 -0.0852
vn 0.6383 0.7417 -0.2062
vn 0.2723 0.2410 0.9315
vn 0.5345 -0.8425 0.0669
vn -0.9589 -0.1974 -0.2039
vn -0.6354 0.7485 -0.1900
vn -0.0572 0.5858 0.8085
vn 0.7064 0.3804 -0.5969
vn -0.0906 0.9896 -0.1116
vn -0.0802 0.9655 -0.2478
vn 0.3092 -0.7885 -0.5316
vn -0.3903 0.9173 -0.0786
vn 0.9178 -0.3640 -0.1587
vn 0.9444 -0.2383 -0.2266
vn -0.7997 0.4238 -0.4252
vn 0.2150 -0.9692 -0.1199
vn 0.9384 0.0731 -0.3379
vn -0.5882 0.2597 -0.7659
vn -0.6643 -0.7468 -0.0318
vn 0.7238 -0.6847 -0.0855
vn -0.5045 0.8453 -0.1758
vn 0.0265 0.5687 -0.8221
vn -0.5767 0.7031 -0.4160
vn 0.9525 -0.1610 -0.2586
vn 0.8451 -0.5124 -0.1524
vn 0.7968 -0.5922 -0.1197
vn -0.2048 -0.6547 -0.7276
vn 0.1462 -0.9190 -0.3662
vn 0.3015 -0.2760 -0.9126
vn -0.2363 0.9599 -0.1508
vn 0.6532 -0.7563 -0.0374
vn -0.9022 0.2228 -0.3694
vn 0.8271 0.2848 -0.4846
vn -0.8568 -0.5143 -0.0370
vn 0.2572 0.3609 -0.8965
vn -0.9483 0.1252 -0.2918
vn 0.9547 -0.0204 -0.2968
vn -0.3170 0.2237 0.9217
vn 0.5410 0.7827 -0.3079
vn 0.4509 0.2052 -0.8686
vn -0.7932 -0.5985 0.1122
vn -0.0786 0.9876 -0.1357
vn -0.5382 -0.6578 0.5269
vn -0.5535 -0.8047 -0.2146
vn -0.4795 -0.8457 -0.2342
vn 0.8037 0.5829 -0.1198
vn 0.5645 -0.0731 -0.8222
vn 0.3103 -0.9444 -0.1086
vn 0.9185 -0.3603 -0.1631
vn -0.8276 -0.5574 0.0657
vn -0.2852 -0.8701 -0.4019
vn 0.0725 -0.8855 -0.4590
vn -0.9699 0.0058 -0.2435
vn -0.6741 0.6138 -0.4108
vn 0.7958 -0.5987 -0.0906
vn -0.1979 -0.5902 -0.7826
vn 0.1259 -0.9920 -0.0076
vn 0.0009 -0.7387 0.6740
vn -0.6003 -0.7788 -0.1821
vn 0.4109 -0.9109 0.0382
vn 0.0699 0.5975 0.7988
vn 0.3811 -0.9128 0.1466
vn -0.7538 -0.6500 0.0967
vn 0.6975 0.5886 -0.4087
vn 0.5800 0.7830 -0.2248
vn -0.8655 0.3499 -0.3584
vn 0.2002 0.1386 0.9699
vn -0.5774 -0.7963 -0.1805
vn 0.1777 -0.9797 -0.0927
vn -0.6688 -0.4398 -0.5994
vn -0.2195 0.9510 -0.2177
vn 0.2510 0.9230 -0.2918
vn -0.9149 -0.3979 -0.0683
vn 0.2950 -0.9516 -0.0856
vn -0.9260 0.1373 -0.3517
vn 0.2338 -0.7915 -0.5647
vn -0.4960 0.8611 -0.1121
vn 0.0777 0.0996 0.9920
vn 0.1194 -0.2634 -0.9573
vn 0.6703 -0.7410 -0.0408
vn 0.3531 -0.7509 -0.5581
vn 0.9556 0.0235 -0.2937
vn 0.9365 -0.2848 -0.2044
vn 0.9593 -0.2067 -0.1924
vn -0.5876 0.7983 -0.1321
vn -0.4991 -0.6796 0.5376
vn -0.0876 -0.9516 -0.2945
vn 0.0647 -0.9527 -0.2968
vn 0.8946 -0.4235 -0.1426
vn 0.6185 0.4589 -0.6378
vn 0.9158 0.1402 -0.3763
vn 0.0536 -0.8785 -0.4748
vn -0.4074 0.3548 -0.8415
vn 0.4600 -0.8879 -0.0033
vn 0.7760 -0.6265 -0.0728
vn -0.0212 0.6792 0.7337
vn -0.6894 -0.6824 -0.2431
vn -0.2756 -0.8609 -0.4276
vn 0.1143 0.6609 0.7417
vn -0.9743 -0.1849 -0.1286
vn 0.9581 -0.1633 -0.2352
vn -0.0454 -0.9988 -0.0166
vn 0.1062 0.9840 -0.1429
vn 0.4280 -0.6994 -0.5724
vn 0.6200 -0.4818 -0.6192
vn -0.9101 0.2706 -0.3137
vn -0.9266 -0.3687 -0.0747
vn -0.9272 -0.3636 -0.0901
vn -0.9879 -0.0901 -0.1264
vn 0.7978 0.3958 -0.4549
vn 0.0432 0.6752 0.7364
vn 0.4942 -0.6529 -0.5740
vn 0.1695 -0.9773 0.1268
vn -0.9381 0.1980 -0.2841
vn 0.5480 0.0456 -0.8352
vn -0.2917 -0.9554 -0.0460
vn -0.3769 -0.5217 0.7654
vn 0.2266 -0.9739 -0.0115
vn -0.7721 -0.6315 0.0708
vn 0.5979 -0.8010 0.0308
vn 0.9458 -0.2836 -0.1582
vn -0.2141 0.9727 -0.0891
vn -0.4312 0.9003 -0.0596
vn -0.6291 -0.7330 -0.2588
vn 0.1599 0.5202 0.8389
vn -0.5665 0.7519 -0.3373
vn 0.4276 -0.8924 -0.1440
vn -0.7533 -0.2596 -0.6043
vn 0.9888 -0.0332 -0.1458
vn 0.9707 -0.0547 -0.2339
vn -0.8742 0.3268 -0.3592
vn 0.7639 0.6279 -0.1491
vn -0.1856 -0.9816 0.0448
vn -0.1477 0.9843 -0.0966
vn 0.9379 0.0820 -0.3372
vn -0.7468 0.5360 -0.3937
vn 0.5636 0.5072 -0.6520
vn 0.0983 -0.8641 -0.4936
vn -0.6667 0.1306 -0.7338
vn -0.7292 -0.6549 -0.1984
vn -0.2294 0.4518 0.8621
vn -0.2204 0.6309 0.7439
vn -0.1697 0.9798 -0.1056
vn -0.1081 -0.9816 0.1575
vn -0.7674 0.5309 -0.3594
vn -0.8057 0.4606 -0.3724
vn 0.0746 0.0976 0.9924
vn 0.7353 0.4203 -0.5317
vn 0.7084 0.6491 -0.2771
vn -0.6542 0.6555 -0.3773
vn -0.3941 -0.8096 -0.4349
vn 0.7025 0.4716 -0.5330
vn 0.0928 0.5529 0.8280
vn 0.3700 -0.5616 0.7400
vn 0.5161 -0.8565 0.0049
vn 0.6453 -0.7629 0.0397
vn -0.8466 -0.5242 0.0920
vn -0.9637 0.0980 -0.2485
vn 0.7291 -0.6844 -0.0052
vn 0.7888 -0.6147 -0.0048
vn 0.9607 -0.0526 -0.2726
vn -0.0012 -0.8819 -0.4715
vn 0.8153 0.3706 -0.4450
vn 0.5692 0.5712 -0.5914
vn -0.0463 0.5583 -0.8283
vn 0.7017 -0.7124 -0.0101
vn -0.0318 -0.5438 0.8386
vn -0.9718 0.0147 -0.2352
vn -0.4685 0.8482 -0.2472
vn 0.9705 -0.1964 -0.1401
vn 0.2617 0.4337 0.8622
vn 0.5316 0.6071 -0.5907
vn 0.2726 -0.3775 0.8850
vn -0.1069 -0.4698 0.8763
vn -0.8492 0.4259 -0.3120
vn 0.3253 0.3243 0.8883
vn -0.5636 0.8231 -0.0700
vn 0.1230 0.5385 -0.8336
vn -0.5267 0.8467 -0.0758
vn -0.3457 0.9353 -0.0757
vn -0.2799 0.9538 -0.1096
vn 0.2253 -0.9731 -0.0478
vn -0.8620 -0.5005 0.0802
vn -0.9153 0.2687 -0.2999
vn 0.5785 -0.5564 -0.5964
vn -0.3541 0.1642 0.9207
vn 0.6864 0.7171 -0.1208
vn -0.9661 -0.2394 -0.0967
vn -0.5675 0.7532 -0.3326
vn -0.3361 -0.9392 -0.0699
vn 0.3351 0.9370 -0.0988
vn 0.9746 -0.1193 -0.1894
vn 0.2329 -0.9723 -0.0191
vn -0.3568 0.9316 -0.0697
vn -0.2060 -0.9138 -0.3499
vn 0.6314 0.7303 -0.2607
vn -0.7231 -0.3359 -0.6036
vn 0.3659 -0.7587 0.5389
vn 0.8290 -0.5577 -0.0422
vn 0.5989 -0.0901 -0.7958
vn -0.3263 0.3482 -0.8788
vn 0.7025 0.4893 -0.5167
vn -0.1618 0.4297 -0.8884
vn 0.6350 0.6152 -0.4672
vn 0.3721 -0.9248 -0.0796
vn -0.6308 0.7071 -0.3195
vn -0.8026 -0.5521 -0.2260
vn 0.0359 -0.4936 -0.8689
vn 0.3215 -0.9468 0.0123
vn 0.3684 -0.5622 0.7404
vn 0.8882 0.2574 -0.3805
vn -0.9834 -0.1474 -0.1056
vn 0.8536 -0.5186 -0.0497
vn -0.9846 0.0283 -0.1723
vn -0.8445 0.4079 -0.3471
vn 0.4664 -0.8794 -0.0951
vn 0.9642 -0.2458 -0.0993
vn 0.7730 -0.6333 -0.0368
vn 0.4349 0.1531 -0.8874
vn 0.0134 0.5173 -0.8557
vn 0.6267 -0.4060 -0.6652
vn -0.1149 0.9886 -0.0971
vn 0.0142 -0.9981 0.0597
vn -0.0439 -0.9937 0.1034
vn 0.5130 -0.8463 -0.1434
vn 0.9817 -0.0279 -0.1882
vn 0.9232 0.1907 -0.3338
vn -0.7332 -0.6429 -0.2217
vn 0.5736 -0.8173 0.0550
vn -0.2259 -0.0042 0.9741
vn -0.9673 -0.2504 -0.0393
vn -0.2718 0.4655 -0.8423
vn 0.8998 -0.4311 -0.0670
vn 0.2331 -0.9722 -0.0220
vn -0.7302 -0.2120 -0.6495
vn -0.1547 0.6621 0.7332
vn 0.1656 -0.9859 -0.0226
vn -0.8271 -0.5070 -0.2425
vn 0.1803 -0.3506 -0.9190
vn 0.7338 0.6729 -0.0936
vn 0.3997 0.8877 -0.2283
vn 0.5834 -0.1501 -0.7982
vn 0.6301 0.7743 -0.0587
vn -0.7679 0.5581 -0.3143
vn -0.9820 0.1021 -0.1591
vn 0.3633 -0.9316 -0.0080
vn 0.0003 0.4678 -0.8838
vn 0.2056 -0.9775 -0.0473
vn 0.7367 -0.6753 -0.0348
vn 0.1744 0.1018 0.9794
vn -0.1282 -0.9914 0.0277
vn 0.1426 -0.8898 0.4335
vn -0.0165 -0.9995 0.0253
vn 0.8917 -0.4488 -0.0598
vn -0.4433 0.8960 -0.0257
vn -0.4826 0.8756 -0.0207
vn -0.9363 -0.3393 0.0904
vn 0.5237 0.8394 -0.1456
vn 0.9371 0.1850 -0.2961
vn 0.5401 0.8367 -0.0912
vn 0.8630 -0.5006 -0.0680
vn 0.8208 -0.5711 -0.0123
vn 0.4803 0.1025 -0.8711
vn 0.6580 0.5583 -0.5053
vn -0.5430 0.8298 0.1290
vn 0.1750 -0.9444 0.2782
vn 0.2265 0.4983 0.8369
vn 0.9219 -0.3840 -0.0513
vn -0.7007 0.6447 -0.3054
vn -0.9587 0.1912 -0.2107
vn 0.3420 -0.8306 -0.4395
vn 0.9334 -0.3530 -0.0640
vn -0.4686 0.8488 -0.2450
vn -0.7892 -0.5625 -0.2466
vn -0.6512 -0.7468 -0.1350
vn -0.9421 -0.3351 -0.0106
vn 0.5856 -0.7949 -0.1587
vn -0.5670 0.7533 -0.3333
vn 0.1817 0.9560 -0.2302
vn 0.1697 0.0289 0.9851
vn -0.0154 -0.9924 0.1218
vn 0.6076 -0.4637 -0.6449
vn 0.6733 -0.7361 0.0693
vn 0.9545 0.1217 -0.2722
vn 0.6322 -0.7735 0.0449
vn -0.4700 0.2558 -0.8448
vn -0.6968 -0.6942 -0.1803
vn 0.4825 -0.6399 -0.5981
vn -0.8847 -0.4523 0.1129
vn -0.0082 0.5495 -0.8354
vn -0.7242 0.6257 -0.2900
vn -0.9709 0.1400 -0.1942
vn -0.0692 -0.9917 0.1081
vn 0.5462 -0.8317 -0.0994
vn 0.9794 0.0650 -0.1912
vn 0.7939 0.4723 -0.3829
vn -0.3133 0.4900 0.8135
vn -0.9559 0.2148 -0.2004
vn -0.9002 -0.4254 0.0932
vn 0.3491 0.4381 -0.8284
vn 0.9380 0.1890 -0.2907
vn -0.9284 -0.3547 0.1106
vn 0.5328 0.0412 -0.8453
vn -0.0793 -0.8457 0.5277
vn 0.0745 -0.9955 0.0583
vn -0.3886 0.2842 0.8765
vn -0.2362 0.5763 0.7824
vn -0.9112 0.3617 -0.1973
vn 0.9857 -0.1207 -0.1178
vn -0.8061 0.5346 -0.2539
vn 0.8787 0.3218 -0.3526
vn -0.9738 0.1347 -0.1831
vn 0.6896 -0.7218 0.0587
vn -0.3405 0.1029 0.9346
vn 0.1357 -0.9881 0.0717
vn -0.0164 -0.9995 0.0256
vn -0.1329 -0.0231 0.9909
vn 0.5455 -0.8317 -0.1031
vn 0.3881 -0.9212 0.0268
vn 0.3086 -0.9512 -0.0080
vn -0.9881 -0.1539 0.0037
vn -0.1051 0.5131 -0.8519
vn -0.6409 0.7187 -0.2697
vn -0.3892 0.3792 -0.8394
vn -0.4834 0.8467 -0.2222
vn 0.6729 -0.7385 -0.0435
vn -0.9936 -0.0412 -0.1052
vn -0.0111 0.9999 0.0107
vn -0.0668 -0.9921 0.1060
vn -0.8874 0.4029 -0.2240
vn -0.3141 0.4476 -0.8372
vn 0.9817 -0.1329 -0.1361
vn 0.8517 0.3590 -0.3817
vn -0.9925 0.0001 -0.1221
vn -0.9227 0.3275 -0.2032
vn 0.9780 0.0506 -0.2021
vn 0.0746 -0.8501 -0.5213
vn 0.9651 -0.2472 -0.0869
vn -0.7750 -0.6183 -0.1304
vn 0.3209 0.2483 0.9140
vn -0.0890 -0.9960 0.0051
vn 0.2187 0.9643 -0.1494
vn -0.1297 0.9915 0.0040
vn -0.9272 0.2989 -0.2258
vn 0.1518 0.6378 0.7551
vn 0.6794 0.5954 -0.4288
vn 0.4654 -0.8848 -0.0220
vn 0.2467 0.0997 0.9640
vn 0.5203 0.6543 -0.5487
vn 0.3253 -0.7662 -0.5542
vn 0.2534 0.1464 0.9562
vn -0.7417 -0.6511 -0.1610
vn 0.6048 -0.7874 -0.1195
vn 0.7695 -0.6372 0.0427
vn -0.5586 -0.8255 -0.0809
vn 0.9735 0.0888 -0.2109
vn -0.0259 -0.8826 -0.4694
vn 0.9489 -0.3123 -0.0451
vn 0.6159 -0.2235 -0.7555
vn 0.1411 -0.8681 -0.4759
vn 0.7054 -0.7023 0.0955
vn -0.8196 0.5138 -0.2535
vn 0.9883 -0.1368 -0.0670
vn -0.8761 -0.4271 -0.2236
vn -0.1944 -0.9696 0.1485
vn -0.2621 -0.9650 -0.0014
vn 0.4721 0.6792 -0.5619
vn 0.5402 -0.5616 -0.6268
vn -0.7584 -0.6466 -0.0818
vn -0.0812 -0.9836 0.1609
vn -0.6191 -0.5496 -0.5610
vn -0.9752 -0.2206 0.0201
vn -0.7978 -0.5879 -0.1338
vn -0.3931 -0.8064 -0.4418
vn -0.5744 0.7796 -0.2497
vn -0.9633 -0.2371 0.1258
vn -0.3749 -0.9191 0.1214
vn 0.6079 0.6850 -0.4016
vn -0.9163 -0.3366 -0.2170
vn -0.6558 -0.7523 -0.0635
vn -0.9909 -0.1236 0.0532
vn -0.3848 0.2807 0.8793
vn 0.2246 -0.9713 0.0786
vn 0.4347 0.7674 -0.4712
vn -0.9955 0.0760 -0.0566
vn -0.9386 -0.2863 -0.1924
vn -0.0089 0.9934 -0.1143
vn -0.0000 -0.9990 0.0448
vn -0.0227 0.9997 0.0038
vn -0.0901 0.7125 0.6958
vn -0.0972 0.6166 0.7812
vn -0.9094 -0.3458 -0.2311
vn -0.8568 0.4708 -0.2104
vn -0.6402 0.7191 -0.2702
vn -0.3306 0.9433 0.0302
vn -0.0518 0.9959 -0.0739
vn -0.5922 0.7687 -0.2416
vn -0.8510 -0.4847 -0.2023
vn 0.8240 0.4548 -0.3380
vn 0.7374 0.5606 -0.3767
vn 0.8386 -0.5410 0.0636
vn 0.3324 0.2488 -0.9097
vn 0.4906 -0.5933 -0.6382
vn 0.4836 0.1021 -0.8693
vn -0.0626 -0.0522 0.9967
vn 0.7697 -0.6340 0.0745
vn 0.9754 0.1370 -0.1728
vn 0.9240 0.2982 -0.2394
vn 0.8986 0.3282 -0.2914
vn 0.3402 0.2796 0.8978
vn -0.4721 -0.8807 -0.0383
vn 0.2554 0.9611 -0.1053
vn 0.0016 -0.9912 0.1325
vn -0.4961 0.2313 -0.8369
vn -0.3589 0.9314 0.0608
vn 0.8236 -0.5579 0.1021
vn 0.1400 -0.0777 0.9871
vn -0.8873 -0.4123 -0.2066
vn -0.5140 0.8327 -0.2060
vn -0.7367 -0.6703 -0.0893
vn 0.2210 -0.8613 -0.4575
vn 0.8965 -0.4367 0.0754
vn -0.8541 -0.5031 -0.1320
vn 0.2767 0.2894 -0.9164
vn 0.5164 0.8554 -0.0409
vn -0.1038 -0.2030 -0.9737
vn -0.9893 -0.1263 0.0730
vn -0.4139 -0.9060 -0.0890
vn 0.0227 0.4604 -0.8874
vn -0.4958 -0.7253 -0.4775
vn -0.0480 0.9929 -0.1084
vn 0.6361 -0.7619 -0.1217
vn 0.5286 -0.8484 -0.0295
vn 0.2947 -0.9517 0.0861
vn 0.7276 -0.6850 -0.0365
vn -0.7297 0.6460 -0.2242
vn -0.2738 0.5646 0.7786
vn 0.7683 0.5037 -0.3950
vn 0.0605 -0.8722 -0.4854
vn 0.9300 -0.3671 0.0191
vn 0.9898 0.0294 -0.1393
vn -0.8248 -0.5549 -0.1086
vn -0.0882 0.6686 0.7384
vn 0.9919 -0.0147 -0.1265
vn -0.9991 -0.0372 0.0216
vn -0.7221 -0.3313 -0.6073
vn -0.9415 -0.2099 -0.2639
vn 0.8696 -0.4916 0.0455
vn 0.8287 -0.5344 0.1663
vn 0.6914 -0.6944 -0.1993
vn -0.6673 0.0125 -0.7447
vn -0.7093 -0.1812 -0.6813
vn 0.9813 -0.1908 -0.0268
vn -0.9953 0.0746 -0.0619
vn -0.6653 0.7187 -0.2022
vn -0.1759 0.4106 -0.8947
vn -0.9609 -0.2733 0.0447
vn 0.9662 0.1884 -0.1762
vn -0.3987 0.9047 0.1503
vn 0.3804 0.8318 -0.4041
vn -0.9746 0.2028 -0.0948
vn 0.1557 -0.8720 -0.4641
vn 0.7959 -0.5874 -0.1464
vn -0.3774 0.9133 -0.1534
vn -0.0655 -0.9677 0.2434
vn -0.0525 0.9986 -0.0009
vn 0.8891 -0.4540 0.0592
vn -0.7908 0.5711 -0.2202
vn -0.0812 -0.2053 -0.9753
vn -0.0072 -0.9963 0.0851
vn -0.0386 0.7550 0.6546
vn 0.4988 -0.8667 0.0010
vn 0.4086 -0.9124 0.0254
vn -0.4455 -0.7696 -0.4575
vn -0.1256 -0.3327 -0.9346
vn -0.5570 -0.6504 -0.5165
vn 0.4044 0.7897 -0.4613
vn -0.3279 -0.8790 -0.3463
vn -0.2546 0.9650 -0.0632
vn 0.9473 -0.3198 0.0201
vn 0.2444 0.0063 0.9696
vn 0.2955 -0.9515 0.0855
vn -0.0837 -0.8457 -0.5271
vn -0.7728 -0.6325 -0.0524
vn 0.9780 -0.2069 -0.0263
vn 0.8503 0.4625 -0.2510
vn 0.3002 -0.9538 -0.0122
vn 0.9935 -0.1061 -0.0413
vn -0.3888 0.3642 0.8463
vn 0.5839 -0.8069 -0.0896
vn -0.1361 0.9904 -0.0235
vn -0.9604 0.2603 -0.0994
vn -0.9810 0.1841 -0.0608
vn 0.9534 -0.3018 -0.0012
vn -0.6928 -0.7209 -0.0195
vn 0.7558 -0.6476 0.0966
vn 0.9263 0.2919 -0.2382
vn 0.4459 -0.8869 0.1206
vn 0.3438 -0.9342 0.0951
vn -0.9574 0.2624 -0.1207
vn 0.9714 -0.2366 0.0205
vn -0.9023 -0.4180 -0.1053
vn -0.8643 0.4868 -0.1267
vn -0.6282 -0.7732 0.0871
vn 0.7116 -0.6903 -0.1308
vn -0.8287 -0.5545 -0.0759
vn -0.9992 -0.0299 0.0273
vn -0.6995 -0.3927 -0.5970
vn 0.6220 0.6759 -0.3953
vn -0.6811 -0.4099 -0.6067
vn 0.1130 -0.9915 0.0645
vn -0.4779 -0.8752 0.0756
vn -0.5129 -0.8533 0.0941
vn 0.0142 -0.9983 0.0573
vn 0.2819 -0.9436 0.1735
vn -0.9846 -0.1516 0.0871
vn -0.6501 0.1184 -0.7505
vn -0.2841 0.6351 0.7183
vn 0.8526 0.4595 -0.2491
vn -0.9985 0.0552 0.0014
vn 0.8409 0.4856 -0.2388
vn 0.6363 -0.7618 -0.1217
vn 0.9627 0.2237 -0.1521
vn 0.8851 0.4255 -0.1885
vn -0.7255 -0.1855 -0.6628
vn 0.7439 -0.6480 -0.1634
vn 0.2178 -0.8612 -0.4592
vn -0.6887 -0.7239 -0.0393
vn -0.9944 -0.0200 0.1041
vn -0.1075 0.5072 -0.8551
vn -0.1649 0.9862 -0.0116
vn 0.4384 0.8988 -0.0081
vn 0.3877 0.9216 -0.0211
vn -0.2488 0.5492 0.7978
vn 0.0836 -0.0732 0.9938
vn 0.3884 -0.7761 -0.4967
vn -0.5930 -0.8045 -0.0336
vn -0.3742 0.9192 -0.1227
vn 0.9888 0.1132 -0.0970
vn -0.5810 0.7916 -0.1894
vn -0.0226 -0.9824 0.1853
vn 0.0137 0.9984 0.0541
vn 0.9144 0.3654 -0.1741
vn 0.4978 -0.8665 0.0373
vn -0.8812 -0.4659 -0.0806
vn -0.9518 -0.2761 -0.1334
vn 0.7554 0.6004 -0.2624
vn 0.4804 0.3630 -0.7984
vn -0.7983 0.5870 -0.1349
vn 0.7152 -0.6848 -0.1395
vn -0.3839 0.9167 -0.1107
vn -0.2507 -0.9586 0.1351
vn -0.3600 0.9305 0.0676
vn 0.2806 -0.9575 0.0663
vn 0.5643 0.7528 -0.3389
vn 0.5619 -0.1622 -0.8111
vn -0.4923 0.1845 -0.8506
vn 0.9295 -0.3451 0.1304
vn -0.5159 0.8341 -0.1954
vn 0.3044 -0.9523 0.0222
vn -0.5829 -0.8114 0.0440
vn -0.7040 0.6857 -0.1852
vn -0.3172 0.5034 0.8037
vn -0.9888 -0.1384 0.0560
vn -0.9239 -0.3718 -0.0909
vn -0.4117 0.8893 0.1993
vn -0.1806 0.9829 -0.0345
vn -0.9695 -0.1483 -0.1953
vn 0.9637 0.2275 -0.1400
vn -0.9054 0.4043 -0.1298
vn 0.9136 -0.4009 0.0681
vn 0.1390 -0.4180 -0.8978
vn -0.9537 0.2901 -0.0792
vn -0.5474 -0.6306 -0.5502
vn 0.6566 -0.7515 -0.0641
vn 0.6944 -0.7166 -0.0649
vn 0.9934 0.0779 -0.0838
vn -0.1438 0.9894 0.0181
vn -0.0222 0.9994 -0.0275
vn 0.0901 0.9945 -0.0528
vn -0.2542 0.9663 -0.0399
vn 0.3217 0.8629 -0.3897
vn 0.3183 0.9239 -0.2121
vn 0.5845 -0.8114 0.0024
vn 0.3592 0.3945 -0.8458
vn -0.9956 -0.0062 0.0935
vn 0.9945 -0.1024 0.0228
vn 0.0899 -0.0131 0.9959
vn 0.2104 0.9774 -0.0222
vn -0.3262 -0.9290 0.1750
vn -0.1549 -0.9824 0.1044
vn -0.3844 0.3169 -0.8671
vn 0.5455 -0.1577 -0.8231
vn -0.3917 0.2881 -0.8738
vn -0.6539 0.0464 -0.7552
vn 0.9963 0.0709 -0.0482
vn 0.2994 -0.8339 -0.4637
vn 0.5256 -0.4949 -0.6919
vn -0.0417 0.7565 0.6526
vn -0.3837 0.3569 0.8517
vn -0.5674 0.1322 -0.8128
vn 0.8084 -0.5611 -0.1779
vn -0.7082 0.6808 -0.1868
vn -0.6079 0.7828 -0.1327
vn 0.0107 0.9999 -0.0113
vn 0.0831 0.4793 -0.8737
vn 0.7790 -0.5970 -0.1919
vn 0.9988 -0.0267 -0.0416
vn 0.5888 -0.3826 -0.7119
vn 0.5707 -0.8210 0.0154
vn -0.1877 -0.0369 0.9815
vn 0.3280 -0.9299 0.1663
vn -0.9736 -0.1425 -0.1782
vn -0.9950 0.0725 0.0682
vn 0.2297 0.4897 -0.8411
vn -0.6897 0.7153 -0.1127
vn 0.9989 -0.0257 -0.0399
vn -0.0676 0.9977 0.0035
vn 0.1016 -0.9826 0.1558
vn 0.0711 -0.9792 0.1900
vn 0.1681 -0.0374 0.9851
vn 0.9801 0.1876 -0.0653
vn -0.9748 -0.1938 -0.1101
vn 0.9466 -0.3074 0.0970
vn 0.8295 -0.5360 -0.1568
vn -0.8228 0.5573 -0.1115
vn -0.5559 0.8251 -0.1013
vn 0.5506 0.7996 -0.2398
vn -0.2855 -0.9420 0.1763
vn 0.2078 -0.0545 0.9767
vn -0.6103 0.7776 -0.1510
vn 0.8724 -0.4591 0.1678
vn -0.9692 -0.0703 -0.2358
vn 0.3077 -0.9436 0.1223
vn 0.4472 -0.8870 0.1147
vn -0.9744 -0.1435 -0.1728
vn 0.0134 0.6821 0.7312
vn 0.5962 -0.3177 -0.7373
vn -0.8523 -0.5215 -0.0399
vn -0.6245 0.7703 -0.1289
vn -0.8889 -0.4514 -0.0785
vn -0.7243 -0.1109 -0.6805
vn -0.4454 0.8872 -0.1205
vn -0.4683 0.8767 -0.1103
vn -0.0512 -0.9869 0.1530
vn -0.6718 -0.7382 0.0617
vn -0.7728 -0.6337 -0.0346
vn 0.8741 -0.4852 0.0224
vn 0.4821 0.3650 -0.7964
vn 0.9908 -0.1283 0.0421
vn 0.0607 -0.8721 -0.4855
vn 0.9994 -0.0298 0.0172
vn 0.5459 -0.0804 -0.8340
vn 0.0379 -0.9632 0.2661
vn 0.9837 0.1692 -0.0614
vn 0.0287 -0.9881 0.1509
vn -0.4228 -0.8978 0.1231
vn 0.2341 -0.7917 -0.5643
vn 0.3566 0.9325 0.0563
vn -0.1477 0.9886 -0.0305
vn -0.9724 -0.0170 -0.2325
vn -0.2939 0.9431 0.1556
vn 0.6322 -0.7740 0.0339
vn -0.9257 0.3720 -0.0687
vn -0.9912 0.0383 0.1266
vn 0.1214 0.6671 0.7350
vn 0.9982 -0.0506 0.0329
vn 0.6890 0.6774 -0.2577
vn -0.4411 0.2515 -0.8615
vn -0.2998 0.3309 -0.8948
vn 0.3302 0.2094 -0.9204
vn 0.2660 0.9183 -0.2931
vn 0.8944 -0.4306 0.1213
vn 0.8353 -0.4970 -0.2351
vn 0.7452 0.6221 -0.2402
vn 0.1599 -0.0407 0.9863
vn 0.9300 0.3478 -0.1192
vn 0.3661 -0.6725 -0.6432
vn -0.9918 0.0548 0.1155
vn 0.3999 -0.9157 0.0388
vn 0.2183 0.4834 -0.8477
vn 0.5103 -0.0163 -0.8598
vn -0.9356 -0.3470 -0.0652
vn -0.9479 -0.3095 -0.0755
vn -0.1977 0.9802 -0.0140
vn 0.2824 0.9561 0.0785
vn 0.1293 -0.9819 0.1382
vn 0.5777 -0.2373 -0.7810
vn -0.9780 0.2080 0.0177
vn -0.2395 -0.9582 0.1563
vn -0.8578 0.5008 -0.1153
vn 0.5622 -0.2931 -0.7733
vn 0.7621 -0.6365 -0.1184
vn 0.6281 -0.7779 0.0198
vn 0.3673 0.1771 0.9131
vn 0.4784 -0.5888 -0.6515
vn -0.7479 -0.6638 -0.0010
vn -0.1086 -0.9541 0.2790
vn 0.0094 -0.9714 0.2373
vn 0.9496 0.2990 -0.0945
vn 0.2514 0.5592 0.7900
vn -0.1606 -0.3988 -0.9029
vn 0.9862 0.1610 0.0393
vn 0.5517 -0.8294 0.0876
vn -0.6718 -0.1073 -0.7330
vn -0.6751 -0.2889 -0.6788
vn 0.9687 -0.2273 0.1003
vn 0.2674 0.2763 -0.9231
vn 0.2828 0.0547 0.9576
vn -0.2046 -0.9695 0.1346
vn -0.0962 -0.0582 0.9937
vn 0.2670 0.9181 -0.2929
vn 0.3922 -0.9060 0.1594
vn -0.1766 -0.2856 -0.9419
vn -0.9660 -0.2556 -0.0377
vn -0.9815 0.1823 0.0587
vn -0.3916 0.3816 -0.8373
vn 0.8547 -0.4644 -0.2320
vn -0.9700 0.2430 0.0009
vn -0.0791 0.0380 0.9961
vn 0.3480 -0.9268 0.1413
vn 0.7378 0.6652 -0.1148
vn 0.0107 -0.8675 -0.4973
vn 0.1403 0.9901 -0.0022
vn 0.0071 -0.9697 0.2440
vn -0.1313 0.9908 0.0332
vn -0.9779 -0.1964 -0.0722
vn 0.9959 0.0871 -0.0226
vn 0.5597 -0.4694 -0.6829
vn -0.7482 0.6582 -0.0836
vn 0.4204 -0.8951 0.1484
vn 0.0433 -0.9847 0.1690
vn 0.0478 0.4086 -0.9115
vn -0.8041 -0.5943 0.0157
vn -0.7086 -0.6983 0.1013
vn -0.8527 -0.5221 -0.0169
vn -0.7440 -0.6608 0.0987
vn -0.9116 -0.4105 -0.0239
vn -0.9321 -0.3605 -0.0349
vn 0.2475 0.9547 0.1649
vn -0.2973 0.9427 0.1511
vn 0.6204 0.7600 -0.1937
vn 0.0031 -0.9838 0.1791
vn 0.0734 -0.9643 0.2543
vn 0.3009 0.1224 0.9458
vn -0.5058 -0.7055 -0.4964
vn 0.7743 -0.6310 -0.0482
vn 0.3942 -0.9166 0.0667
vn -0.3661 -0.8306 -0.4196
vn 0.9239 -0.3469 0.1617
vn 0.9106 -0.4099 -0.0521
vn 0.9913 0.1310 -0.0148
vn 0.9837 -0.1404 0.1121
vn -0.6825 0.7197 -0.1274
vn 0.9522 0.3001 -0.0576
vn -0.1348 0.7165 0.6844
vn -0.2120 0.3975 -0.8928
vn -0.7399 -0.6660 0.0948
vn 0.7116 -0.7019 0.0296
vn -0.4663 0.8770 -0.1159
vn 0.1357 0.9896 0.0466
vn 0.8964 -0.4096 -0.1695
vn -0.7911 -0.6073 0.0729
vn -0.7675 0.6287 -0.1250
vn -0.9760 0.1724 0.1333
vn -0.1789 0.9795 0.0926
vn 0.1854 -0.9641 0.1901
vn 0.8249 0.5513 -0.1250
vn 0.8272 0.5506 -0.1122
vn 0.9634 -0.2404 0.1185
vn -0.1550 -0.9825 0.1036
vn -0.9167 0.3986 -0.0270
vn 0.1104 0.7096 0.6959
vn 0.9414 -0.3086 -0.1363
vn 0.3551 -0.6943 -0.6260
vn -0.2754 -0.9565 0.0962
vn 0.7560 0.6279 -0.1850
vn -0.9876 0.0748 0.1381
vn 0.8279 -0.5542 -0.0866
vn 0.9712 0.2373 -0.0215
vn 0.9894 -0.0642 0.1300
vn 0.9256 0.3784 -0.0008
vn 0.6285 0.7595 -0.1676
vn -0.5251 -0.8256 0.2063
vn -0.1164 -0.9686 0.2198
vn -0.2802 -0.8308 -0.4808
vn 0.0207 -0.9864 0.1628
vn 0.3584 -0.9257 0.1209
vn 0.3919 0.1438 -0.9087
vn 0.8972 -0.3936 -0.2001
vn 0.9330 -0.3295 0.1444
vn 0.2449 0.9583 0.1473
vn -0.1228 0.9924 0.0030
vn 0.5244 -0.8386 0.1475
vn 0.5517 -0.8297 0.0849
vn 0.2447 0.5172 0.8201
vn -0.4777 0.8719 -0.1079
vn -0.9959 -0.0191 -0.0882
vn -0.2009 0.9792 0.0295
vn -0.2228 -0.9317 0.2869
vn 0.3075 0.4109 0.8583
vn -0.3949 0.1661 0.9036
vn -0.9699 0.0766 -0.2313
vn 0.1661 0.9550 -0.2458
vn 0.9341 -0.3570 0.0029
vn -0.0308 -0.9833 0.1794
vn -0.9209 0.3890 0.0240
vn -0.9940 -0.0672 -0.0864
vn 0.8233 -0.5609 -0.0876
vn -0.3438 0.9385 -0.0302
vn 0.7393 0.6653 -0.1036
vn 0.6216 -0.7773 0.0967
vn 0.1347 0.9783 -0.1572
vn -0.0696 0.9973 0.0213
vn -0.5907 -0.5663 -0.5748
vn 0.9055 0.4214 -0.0497
vn 0.7726 0.6325 -0.0541
vn 0.1877 0.6290 0.7544
vn 0.0979 -0.8233 -0.5591
vn -0.9650 0.1755 -0.1950
vn 0.5490 -0.1633 -0.8197
vn 0.9970 0.0522 0.0564
vn -0.6545 -0.0306 -0.7554
vn 0.9415 -0.2602 0.2141
vn 0.9528 -0.2383 0.1880
vn -0.7517 0.6564 -0.0643
vn -0.9080 -0.4190 0.0001
vn -0.9903 0.0279 -0.1364
vn 0.9939 0.0667 0.0881
vn 0.4282 0.8893 -0.1607
vn -0.0092 0.9967 0.0809
vn 0.0199 0.9987 0.0471
vn -0.3427 0.9389 -0.0336
vn 0.8726 0.4844 -0.0622
vn -0.8340 -0.5516 0.0114
vn -0.2162 -0.8986 0.3817
vn 0.7136 -0.7001 0.0267
vn -0.2031 -0.3974 -0.8949
vn 0.4710 0.8548 -0.2180
vn 0.1652 -0.9624 0.2156
vn -0.8830 -0.4686 0.0286
vn -0.8718 0.4876 -0.0476
vn 0.7308 -0.6822 0.0246
vn -0.1704 -0.9771 0.1275
vn -0.0422 -0.9714 0.2335
vn -0.0522 0.9980 0.0370
vn -0.6803 -0.3222 -0.6583
vn 0.9531 0.2979 0.0540
vn 0.3357 -0.7247 -0.6017
vn -0.9842 0.0285 -0.1746
vn -0.9583 0.2207 0.1816
vn 0.0572 0.7119 0.7000
vn -0.0885 -0.8522 -0.5156
vn 0.4251 -0.6777 -0.6000
vn 0.5966 -0.7931 0.1230
vn -0.6461 -0.3783 -0.6629
vn -0.9796 0.1652 0.1143
vn 0.9837 -0.1400 0.1128
vn 0.2651 0.0050 0.9642
vn -0.0479 -0.9697 0.2394
vn 0.7950 -0.6056 -0.0354
vn -0.1868 0.7101 0.6789
vn -0.9539 0.1768 -0.2426
vn 0.8715 -0.4542 -0.1848
vn 0.8672 -0.4808 -0.1293
vn -0.9361 0.3461 0.0631
vn -0.3763 0.0738 0.9235
vn 0.5230 0.8520 -0.0237
vn 0.9305 0.3663 0.0015
vn 0.8722 0.4850 -0.0641
vn 0.5573 -0.2701 -0.7852
vn -0.4833 -0.8375 0.2552
vn -0.3468 0.3854 -0.8551
vn -0.3051 0.9520 0.0251
vn -0.4242 -0.8643 0.2702
vn -0.6104 -0.7673 0.1969
vn -0.4247 -0.8642 0.2697
vn -0.8453 0.5342 -0.0008
vn 0.9713 0.2377 0.0024
vn -0.5507 0.8322 -0.0639
vn -0.9660 -0.2585 -0.0048
vn -0.9921 0.0662 -0.1067
vn -0.9582 0.1528 -0.2417
vn 0.3449 -0.9090 0.2340
vn 0.2023 0.0522 0.9779
vn -0.9360 0.3250 0.1354
vn -0.8164 0.5770 0.0217
vn -0.1863 0.4230 -0.8868
vn -0.8093 0.5861 -0.0383
vn 0.9708 -0.2383 0.0283
vn 0.9131 -0.3656 -0.1807
vn -0.6334 -0.4738 -0.6118
vn 0.0749 0.7031 0.7072
vn 0.9209 -0.3110 -0.2351
vn 0.2898 -0.7409 -0.6059
vn 0.9694 -0.2452 -0.0146
vn 0.6197 0.7730 -0.1359
vn 0.4228 -0.8787 0.2215
vn 0.9842 0.1715 0.0446
vn 0.3053 -0.8131 -0.4957
vn 0.3408 -0.9059 0.2514
vn 0.9648 -0.1553 0.2124
vn 0.4066 -0.7798 -0.4760
vn -0.2248 -0.9503 0.2153
vn -0.4459 0.1897 -0.8748
vn 0.6545 -0.7434 0.1375
vn 0.5848 -0.7883 0.1911
vn 0.9415 0.3337 0.0481
vn -0.8299 -0.5477 0.1061
vn -0.3733 0.9273 -0.0283
vn 0.1032 0.9826 0.1544
vn -0.6563 -0.7212 0.2216
vn 0.4884 -0.8676 0.0938
vn 0.1094 -0.9645 0.2405
vn -0.8244 0.5660 0.0004
vn -0.0698 -0.1249 -0.9897
vn -0.6988 0.7152 -0.0087
vn -0.9576 0.2785 -0.0742
vn 0.7626 -0.6437 0.0633
vn 0.2845 -0.7451 -0.6033
vn -0.0446 0.9974 0.0571
vn -0.3474 -0.8964 0.2751
vn -0.4681 0.8037 0.3672
vn 0.9640 -0.1523 0.2179
vn 0.9473 -0.2510 -0.1992
vn 0.9919 0.0666 0.1082
vn -0.9910 -0.1329 -0.0154
vn -0.5226 0.2675 0.8095
vn 0.7927 -0.6092 0.0209
vn -0.2485 0.3388 -0.9075
vn -0.3801 -0.9179 0.1141
vn -0.5108 0.8590 -0.0359
vn -0.0222 -0.8571 -0.5147
vn -0.9779 0.1487 -0.1468
vn -0.2915 -0.8906 0.3492
vn 0.2947 0.1733 -0.9397
vn 0.4299 0.8924 -0.1372
vn 0.3010 0.1878 -0.9349
vn -0.6096 0.7912 -0.0490
vn 0.0766 0.9929 0.0909
vn -0.0524 -0.0254 0.9983
vn 0.5278 -0.8250 0.2020
vn -0.8857 0.4579 0.0763
vn 0.3726 -0.9131 0.1656
vn 0.0233 -0.9671 0.2532
vn 0.4529 0.3598 -0.8157
vn -0.8301 -0.5475 0.1058
vn -0.5054 0.8626 -0.0233
vn 0.6898 -0.7142 0.1187
vn -0.9458 0.2630 -0.1906
vn -0.6356 -0.0456 -0.7707
vn 0.5412 -0.0788 -0.8372
vn 0.8172 0.5762 0.0135
vn -0.6502 -0.7255 0.2256
vn -0.7330 -0.6461 0.2127
vn -0.7122 0.7020 -0.0069
vn -0.9732 0.2043 -0.1058
vn -0.3582 0.5180 0.7768
vn 0.9891 0.0395 0.1418
vn 0.1619 0.9798 -0.1172
vn 0.0644 0.9815 -0.1801
vn -0.9905 -0.1348 -0.0264
vn -0.1488 0.7361 0.6603
vn 0.3386 0.0115 0.9409
vn 0.3719 -0.8924 0.2556
vn -0.3526 -0.9270 0.1281
vn -0.3324 -0.0205 0.9429
vn 0.9308 -0.3557 -0.0842
vn -0.9254 -0.3746 0.0575
vn -0.9430 -0.3327 0.0049
vn -0.5953 0.8033 0.0167
vn -0.6375 0.7671 -0.0714
vn 0.5557 -0.3987 -0.7296
vn 0.8849 -0.4657 -0.0038
vn -0.7240 -0.6512 0.2274
vn -0.4595 0.3778 0.8038
vn -0.9301 0.3339 0.1531
vn 0.9877 -0.0531 0.1471
vn -0.8827 0.4564 0.1123
vn -0.9051 -0.4119 0.1057
vn -0.2862 0.9445 0.1612
vn -0.3889 -0.8268 0.4065
vn -0.0190 0.3562 -0.9342
vn 0.4665 -0.8490 0.2481
vn -0.8298 -0.5476 0.1077
vn -0.4617 0.3359 -0.8210
vn 0.3366 -0.7083 -0.6205
vn -0.9983 -0.0070 -0.0582
vn -0.0753 -0.8430 -0.5327
vn -0.8820 -0.4690 0.0452
vn 0.9730 -0.0697 0.2202
vn -0.9279 -0.3682 0.0580
vn 0.1105 -0.9575 0.2666
vn 0.4821 -0.8696 0.1065
vn 0.3644 -0.9120 0.1883
vn 0.8629 -0.5033 0.0449
vn 0.9766 -0.0580 0.2070
vn 0.7234 -0.6666 0.1801
vn 0.0082 -0.9429 0.3330
vn 0.3268 0.3939 0.8591
vn 0.6353 -0.7428 0.2114
vn 0.6019 -0.7630 0.2357
vn -0.4863 0.1796 -0.8551
vn 0.9790 0.1199 0.1646
vn -0.9960 0.0755 -0.0469
vn 0.5179 0.8534 -0.0586
vn -0.4955 -0.7784 0.3855
vn 0.7097 -0.6814 0.1787
vn 0.0262 -0.1849 -0.9824
vn -0.1492 0.9882 0.0336
vn -0.0813 0.3457 -0.9348
vn -0.8894 0.4369 0.1348
vn 0.7629 -0.6338 0.1274
vn 0.0405 -0.1370 -0.9897
vn 0.7746 0.6316 -0.0331
vn 0.8653 -0.4993 0.0451
vn 0.2918 -0.7400 -0.6060
vn -0.2354 0.9711 0.0388
vn -0.1535 0.9860 0.0645
vn -0.7382 0.6733 0.0412
vn 0.8163 -0.5709 0.0881
vn 0.9481 -0.2327 -0.2169
vn 0.6634 0.7465 -0.0525
vn 0.1122 0.6901 0.7149
vn 0.9748 0.1178 0.1893
vn 0.9732 0.1993 0.1146
vn 0.9097 -0.4152 -0.0002
vn -0.3549 0.5904 0.7249
vn -0.9694 -0.2448 0.0179
vn -0.5717 -0.7897 0.2226
vn -0.8020 -0.5643 0.1958
vn 0.1923 0.4319 -0.8812
vn -0.9874 0.1546 -0.0331
vn 0.5213 -0.4955 -0.6948
vn 0.4792 -0.5288 -0.7006
vn 0.8595 0.5111 -0.0067
vn -0.0293 0.6975 0.7160
vn 0.5100 0.2720 -0.8160
vn -0.9615 0.1998 -0.1884
vn 0.2932 -0.0386 0.9553
vn 0.5211 -0.8245 0.2205
vn 0.9882 -0.1391 0.0645
vn 0.1789 -0.0245 0.9836
vn -0.4041 0.9147 0.0113
vn -0.0709 0.4250 -0.9024
vn 0.2985 0.1497 -0.9426
vn -0.3991 0.9163 0.0334
vn 0.1808 0.6280 0.7569
vn -0.6315 0.7742 0.0418
vn -0.9958 0.0822 -0.0398
vn -0.9418 -0.3340 0.0392
vn -0.3049 -0.0314 0.9519
vn -0.8958 -0.4325 0.1024
vn 0.9744 0.0537 0.2183
vn 0.0573 -0.0410 0.9975
vn -0.1861 0.9774 0.1003
vn 0.9663 -0.1562 -0.2045
vn 0.1036 -0.9594 0.2622
vn 0.7298 0.6826 0.0379
vn -0.6038 0.0549 -0.7952
vn 0.9525 0.2692 0.1422
vn 0.9634 0.2445 0.1101
vn -0.9887 -0.1496 0.0064
vn -0.0211 -0.8551 -0.5180
vn 0.4217 -0.8193 0.3885
vn 0.2778 -0.7962 -0.5375
vn -0.0336 -0.9478 0.3170
vn -0.1736 0.9775 0.1200
vn 0.1402 -0.2193 -0.9655
vn 0.3734 0.2576 0.8912
vn 0.9577 -0.2739 -0.0884
vn 0.5976 -0.7609 0.2530
vn 0.1623 -0.9634 0.2136
vn 0.1378 -0.9544 0.2648
vn 0.4849 -0.8621 0.1472
vn 0.4306 0.0344 -0.9019
vn -0.0442 -0.8429 -0.5362
vn -0.9179 0.3801 -0.1139
vn 0.8840 0.4617 0.0730
vn -0.3176 0.9472 0.0433
vn -0.3977 -0.8263 0.3989
vn -0.8504 -0.4922 0.1857
vn 0.9667 -0.1745 -0.1870
vn -0.0982 -0.9674 0.2334
vn -0.1355 -0.9587 0.2502
vn -0.4061 -0.9028 0.1418
vn -0.1096 -0.4334 -0.8945
vn -0.2856 -0.8548 0.4333
vn 0.6591 0.7519 -0.0109
vn -0.8186 0.5645 0.1065
vn -0.1141 0.3700 -0.9220
vn 0.9530 -0.2938 -0.0736
vn -0.6468 0.0090 -0.7626
vn -0.2008 -0.9473 0.2494
vn -0.0165 0.9986 -0.0512
vn 0.7971 -0.5870 0.1413
vn 0.6693 -0.7064 0.2305
vn -0.9592 -0.2762 0.0612
vn -0.8333 0.5347 0.1401
vn 0.8787 0.4724 0.0694
vn -0.3268 -0.8422 -0.4289
vn -0.1127 0.9929 0.0377
vn -0.4559 -0.7458 -0.4858
vn -0.2870 -0.9355 0.2060
vn 0.1021 0.9847 0.1415
vn 0.1739 -0.9313 0.3200
vn -0.5022 0.0788 -0.8611
vn 0.0832 -0.9267 0.3664
vn -0.5267 -0.7863 0.3229
vn 0.3371 0.1276 0.9328
vn 0.3728 0.1041 -0.9221
vn -0.9988 -0.0440 0.0192
vn -0.8069 -0.5414 0.2362
vn -0.5591 0.8284 0.0329
vn 0.9726 0.0610 0.2245
vn -0.9987 -0.0503 -0.0038
vn -0.9630 -0.2629 0.0588
vn -0.4686 0.8820 0.0496
vn -0.5554 -0.7743 0.3034
vn 0.9821 -0.0970 -0.1612
vn -0.0958 -0.8456 -0.5252
vn -0.4109 0.3397 -0.8460
vn -0.0618 0.9976 0.0311
vn 0.3084 -0.9180 0.2492
vn 0.6063 -0.7396 0.2921
vn 0.4267 -0.8562 0.2914
vn -0.5087 0.8608 0.0131
vn 0.7289 0.6840 0.0285
vn 0.6013 0.7983 0.0347
vn 0.4871 -0.0971 -0.8680
vn 0.0388 -0.9482 0.3152
vn 0.9157 0.3795 0.1322
vn -0.7166 -0.6279 0.3038
vn -0.9329 0.3442 -0.1063
vn -0.6322 -0.0449 -0.7735
vn 0.3994 -0.7647 -0.5057
vn -0.3314 0.9202 0.2085
vn -0.0185 0.9974 -0.0693
vn 0.5394 -0.7903 0.2908
vn 0.1126 -0.9358 0.3341
vn -0.6133 -0.7186 0.3277
vn 0.9250 0.3611 0.1181
vn 0.7600 -0.5979 0.2549
vn -0.4971 0.2504 0.8308
vn 0.9686 -0.2385 0.0702
vn -0.9903 -0.1354 0.0317
vn -0.8749 0.4738 -0.1002
vn 0.9776 -0.1778 -0.1128
vn -0.0431 -0.9646 0.2603
vn -0.9157 -0.3684 0.1608
vn 0.2377 0.9666 -0.0954
vn -0.9851 0.1706 -0.0216
vn 0.5236 -0.8348 0.1705
vn -0.9003 0.4274 -0.0820
vn 0.9900 -0.1143 -0.0832
vn 0.9824 -0.0468 -0.1806
vn 0.0128 0.7723 0.6351
vn -0.4868 -0.8646 0.1242
vn 0.4360 -0.8712 0.2257
vn -0.4266 0.1370 0.8940
vn -0.4137 0.0756 0.9073
vn 0.8713 -0.4704 0.1400
vn 0.9655 -0.2506 -0.0705
vn -0.9612 0.2720 -0.0451
vn 0.3758 0.1052 -0.9207
vn 0.8078 0.5849 0.0732
vn 0.9533 0.2532 0.1649
vn 0.4440 0.8959 0.0170
vn 0.4671 -0.0333 -0.8836
vn 0.8422 0.5290 0.1041
vn -0.6493 -0.1406 -0.7475
vn 0.9159 -0.3991 0.0429
vn -0.0461 0.9957 0.0809
vn 0.7334 -0.6352 0.2424
vn 0.9021 0.4116 0.1294
vn -0.4176 0.9073 0.0487
vn -0.6121 -0.3939 -0.6857
vn -0.9388 0.3351 -0.0801
vn 0.3695 0.9282 -0.0428
vn -0.9076 -0.3795 0.1796
vn 0.6012 0.7983 0.0357
vn -0.9633 0.2663 -0.0328
vn -0.7304 0.6740 0.1104
vn 0.6610 -0.6833 0.3100
vn -0.6776 -0.6572 0.3301
vn 0.9883 0.0659 -0.1375
vn 0.7749 0.6251 0.0937
vn -0.7421 0.6567 0.1339
vn 0.7979 -0.5762 0.1773
vn 0.8592 -0.4783 0.1815
vn -0.9860 -0.1476 0.0771
vn -0.8381 -0.4947 0.2298
vn -0.0811 -0.9452 0.3164
vn -0.1696 0.9814 0.0901
vn 0.2952 0.9552 -0.0229
vn -0.5033 -0.8500 0.1558
vn -0.9861 -0.1302 0.1033
vn -0.4571 -0.7855 0.4171
vn 0.0944 -0.9587 0.2685
vn -0.6372 0.7630 0.1087
vn -0.6193 -0.4748 -0.6254
vn 0.6615 -0.6831 0.3096
vn -0.2589 0.6896 0.6764
vn -0.6366 -0.7060 0.3105
vn -0.8337 0.5478 -0.0703
vn 0.9509 0.2011 0.2353
vn 0.9167 0.3360 0.2160
vn 0.4034 -0.6476 -0.6465
vn 0.0100 0.9857 0.1682
vn 0.3029 0.0306 0.9525
vn 0.4248 -0.6061 -0.6724
vn -0.9973 -0.0637 0.0357
vn -0.8443 -0.4713 0.2551
vn -0.0296 -0.8600 -0.5095
vn -0.1820 -0.8274 -0.5313
vn 0.5488 -0.7669 0.3326
vn 0.5390 -0.7907 0.2905
vn 0.5916 -0.7329 0.3360
vn 0.9486 -0.3110 0.0582
vn 0.3089 0.9509 -0.0214
vn 0.1159 0.7187 0.6856
vn -0.9255 -0.3370 0.1730
vn -0.0919 0.6635 -0.7425
vn -0.1096 0.9934 -0.0324
vn -0.0834 -0.9501 0.3005
vn 0.0147 0.9849 0.1725
vn 0.4627 -0.8213 0.3337
vn -0.9699 -0.2231 0.0974
vn -0.4317 0.4733 0.7678
vn -0.7211 0.6913 -0.0463
vn -0.7820 0.6231 -0.0128
vn 0.9033 -0.4151 0.1078
vn 0.0907 0.9952 0.0359
vn -0.4745 0.4024 0.7829
vn 0.9388 0.2784 0.2029
vn -0.3136 0.3318 -0.8897
vn 0.4998 0.2565 -0.8273
vn -0.1400 0.9879 0.0669
vn 0.9883 -0.0014 -0.1525
vn -0.9616 0.2744 -0.0076
vn -0.9841 0.1775 -0.0079
vn -0.9685 0.2484 0.0179
vn 0.6807 -0.6637 0.3101
vn -0.5465 -0.8236 0.1516
vn 0.8389 -0.5059 0.2009
vn -0.3320 0.2417 -0.9118
vn -0.7658 -0.5477 0.3370
vn 0.0829 -0.9432 0.3218
vn -0.3198 -0.0222 0.9472
vn -0.1014 0.6467 -0.7560
vn 0.5117 0.7699 -0.3815
vn -0.1889 0.9777 0.0916
vn 0.1385 0.9903 0.0100
vn 0.4356 -0.8728 0.2199
vn 0.9923 0.0833 -0.0912
vn 0.1674 -0.9401 0.2970
vn 0.3249 0.3489 -0.8790
vn 0.9217 -0.3518 0.1636
vn 0.7443 0.6267 0.2309
vn -0.9983 0.0449 0.0374
vn -0.4155 0.9047 -0.0946
vn -0.3609 -0.8961 0.2585
vn -0.2956 -0.9174 0.2664
vn -0.1584 -0.9458 0.2834
vn 0.9659 0.1822 0.1837
vn -0.6366 0.7634 0.1095
vn -0.5491 0.8254 0.1309
vn 0.9496 -0.3066 0.0660
vn 0.1754 -0.9316 0.3183
vn -0.5643 -0.7045 0.4304
vn -0.9649 -0.2170 0.1480
vn -0.2454 -0.3728 -0.8949
vn -0.9978 0.0487 0.0451
vn 0.6446 -0.6854 0.3387
vn 0.9828 0.0721 -0.1700
vn 0.3597 0.9280 0.0974
vn -0.9317 0.3627 -0.0199
vn 0.0041 -0.9624 0.2716
vn -0.1626 -0.2275 -0.9601
vn -0.0661 0.7994 0.5972
vn -0.6533 -0.2759 -0.7050
vn -0.6583 -0.2239 -0.7187
vn -0.2080 0.9767 0.0537
vn 0.4900 -0.4441 -0.7501
vn -0.2146 -0.9343 0.2846
vn 0.3815 0.5736 0.7249
vn 0.4678 -0.0835 -0.8799
vn -0.2069 -0.2017 -0.9573
vn 0.8583 0.4631 0.2212
vn -0.9333 -0.3224 0.1578
vn -0.7388 -0.5768 0.3486
vn 0.2364 0.9654 0.1104
vn -0.1298 0.9842 0.1207
vn 0.3763 0.4029 0.8343
vn 0.0911 -0.9445 0.3157
vn 0.9852 -0.1528 -0.0780
vn -0.3551 -0.8063 -0.4731
vn 0.9621 0.2142 -0.1686
vn 0.8278 0.5133 0.2265
vn -0.2332 0.2411 -0.9421
vn 0.5086 -0.3837 -0.7708
vn 0.6790 0.7200 0.1436
vn -0.1913 0.8371 -0.5126
vn 0.0121 0.5724 -0.8199
vn 0.6514 0.7193 -0.2416
vn -0.1224 0.9868 0.1065
vn -0.1395 -0.9236 0.3570
vn 0.0890 -0.9284 0.3607
vn 0.9750 0.1290 -0.1809
vn 0.2216 -0.9291 0.2959
vn -0.4569 0.0359 0.8888
vn -0.9923 -0.0474 0.1144
vn 0.9669 -0.2439 0.0746
vn 0.7421 0.6481 0.1711
vn 0.4959 -0.2661 -0.8266
vn -0.8636 -0.4312 0.2613
vn 0.8694 -0.4277 0.2475
vn -0.2580 -0.9193 0.2973
vn 0.9039 0.3423 0.2565
vn 0.2218 0.9745 0.0349
vn -0.9407 0.3389 0.0120
vn 0.8382 0.4911 0.2371
vn -0.9042 0.4265 -0.0217
vn -0.2788 0.9565 0.0855
vn -0.2831 0.9540 0.0985
vn 0.1458 0.4167 -0.8973
vn 0.8063 -0.5108 0.2982
vn -0.1779 0.3837 -0.9061
vn 0.4842 0.3822 0.7871
vn -0.9393 -0.2931 0.1782
vn -0.4724 0.8733 0.1189
vn -0.7807 0.6248 0.0090
vn -0.9886 0.1293 0.0771
vn 0.9147 0.3926 0.0957
vn -0.5449 0.8290 0.1256
vn 0.1073 -0.9399 0.3241
vn 0.0640 -0.9457 0.3188
vn -0.8949 0.4462 0.0050
vn 0.0212 0.9963 0.0827
vn -0.4454 0.8929 -0.0653
vn 0.3487 -0.6553 -0.6701
vn -0.2298 0.9706 0.0710
vn -0.8587 -0.4022 0.3177
vn -0.5899 -0.6975 0.4067
vn 0.5085 -0.8132 0.2831
vn 0.9823 0.0658 -0.1756
vn 0.6450 0.7405 0.1889
vn 0.4530 -0.7979 0.3977
vn 0.5939 -0.7274 0.3439
vn 0.5171 -0.8254 0.2265
vn 0.0228 -0.8158 -0.5779
vn -0.9747 -0.1467 0.1687
vn -0.2403 -0.2933 -0.9253
vn -0.5837 0.6069 -0.5395
vn -0.3951 0.3979 -0.8280
vn -0.5215 0.0336 -0.8526
vn 0.9623 0.2201 -0.1599
vn 0.7582 -0.5859 0.2861
vn -0.1433 0.7712 0.6202
vn 0.9981 -0.0616 0.0073
vn -0.2189 0.2853 -0.9331
vn 0.3977 -0.8754 0.2749
vn 0.0013 0.4274 -0.9040
vn 0.1833 -0.9186 0.3502
vn 0.7674 -0.5612 0.3101
vn -0.9654 -0.1848 0.1841
vn 0.0264 -0.1331 0.9907
vn 0.3967 -0.0094 -0.9179
vn 0.3081 0.0235 0.9511
vn 0.6608 0.7349 0.1529
vn 0.3038 0.8651 -0.3992
vn -0.3888 0.0134 -0.9212
vn 0.0339 0.9993 0.0162
vn -0.0992 0.9948 -0.0234
vn -0.6442 -0.1472 -0.7506
vn 0.0168 -0.9539 0.2997
vn -0.4194 0.8975 0.1366
vn 0.5194 -0.3807 -0.7650
vn -0.4387 0.8868 0.1451
vn -0.7843 -0.4963 0.3723
vn -0.8318 0.5545 0.0243
vn 0.5107 0.8503 0.1271
vn 0.0516 -0.9217 0.3844
vn -0.4385 -0.7402 -0.5098
vn -0.5091 -0.6481 -0.5664
vn -0.6511 -0.6318 0.4206
vn 0.3498 -0.6547 -0.6701
vn 0.0961 0.9710 -0.2191
vn 0.0097 0.9957 0.0921
vn 0.1522 -0.8681 0.4725
vn -0.0262 -0.9422 0.3340
vn 0.5962 -0.7745 0.2115
vn -0.6423 -0.1978 -0.7405
vn 0.0830 -0.8134 -0.5758
vn 0.0331 0.7558 0.6539
vn -0.9829 -0.0356 0.1805
vn -0.8823 0.2429 -0.4031
vn 0.3805 0.0643 0.9226
vn -0.2058 0.9744 0.0905
vn 0.5173 0.2063 -0.8305
vn -0.4937 0.0851 -0.8655
vn 0.2734 0.3421 -0.8990
vn 0.6357 0.7350 0.2359
vn 0.9988 0.0067 -0.0481
vn 0.9992 -0.0394 0.0038
vn 0.5154 -0.7543 0.4066
vn 0.5222 -0.7515 0.4032
vn -0.9596 0.2668 0.0899
vn -0.8948 0.4444 0.0434
vn -0.3565 0.9180 0.1738
vn -0.0466 0.9957 0.0802
vn 0.9471 0.2807 -0.1553
vn 0.0226 -0.1322 0.9910
vn -0.6415 -0.7375 0.2111
vn -0.0808 -0.5120 -0.8552
vn -0.9628 -0.1857 0.1962
vn -0.9924 0.0182 0.1220
vn 0.9775 0.1728 -0.1211
vn 0.4330 0.8968 0.0909
vn -0.4308 -0.7472 0.5060
vn -0.6473 -0.6446 0.4067
vn 0.0391 -0.1582 0.9866
vn 0.3198 0.7014 -0.6370
vn 0.0530 0.9950 0.0850
vn 0.1750 0.9736 0.1464
vn -0.1232 0.9920 -0.0264
vn -0.3790 -0.8686 0.3191
vn -0.5719 -0.7973 0.1932
vn 0.1838 0.6720 0.7173
vn -0.1351 0.2844 -0.9491
vn 0.3946 -0.8600 0.3235
vn 0.9152 -0.3454 0.2076
vn -0.3013 0.3256 -0.8962
vn -0.7001 0.7139 0.0103
vn -0.3379 0.2604 -0.9044
vn 0.2669 0.0956 -0.9590
vn 0.5180 -0.8243 0.2285
vn 0.1487 -0.9027 0.4038
vn -0.2157 -0.0999 0.9713
vn 0.4297 0.0009 -0.9030
vn 0.5156 0.1985 -0.8335
vn 0.9803 -0.1855 0.0684
vn -0.7058 0.7082 0.0167
vn 0.6863 0.6685 0.2865
vn 0.2022 -0.0499 0.9781
vn -0.7970 0.4553 -0.3968
vn 0.5293 0.8304 0.1743
vn -0.3475 0.2007 -0.9160
vn -0.5173 -0.6397 -0.5684
vn -0.4827 -0.6614 -0.5741
vn 0.7034 -0.6269 0.3350
vn 0.4566 -0.5272 -0.7166
vn -0.5408 -0.6899 0.4813
vn 0.7573 -0.5507 0.3511
vn -0.8945 -0.3131 0.3191
vn -0.4485 0.8938 -0.0033
vn -0.9835 0.1447 0.1088
vn 0.4491 0.4958 0.7433
vn -0.3522 0.2148 -0.9109
vn 0.7273 0.4689 -0.5012
vn -0.4120 -0.8669 0.2805
vn -0.1530 0.9806 0.1226
vn -0.9271 -0.2655 0.2645
vn 0.4794 -0.3158 -0.8188
vn 0.1178 -0.4913 -0.8630
vn 0.0952 -0.8733 0.4779
vn 0.9172 -0.3288 0.2249
vn 0.9222 0.3829 0.0545
vn -0.5421 0.8393 -0.0402
vn -0.9327 0.3555 0.0611
vn 0.7621 0.5943 0.2570
vn -0.7908 0.6116 0.0230
vn -0.8243 0.5659 0.0162
vn 0.8609 0.5068 -0.0454
vn 0.8145 0.5801 0.0092
vn -0.0586 0.7945 0.6044
vn 0.4577 0.2750 -0.8455
vn -0.6327 0.7743 0.0147
vn -0.1577 0.6423 0.7501
vn -0.9809 0.1380 0.1370
vn -0.3819 0.3112 -0.8702
vn -0.4871 0.8733 0.0057
vn 0.6342 -0.6620 0.3994
vn 0.0144 -0.9223 0.3861
vn -0.9848 0.0884 0.1496
vn 0.5948 -0.7663 0.2429
vn 0.9977 0.0506 -0.0445
vn -0.4001 0.1565 -0.9030
vn -0.6236 -0.7615 0.1768
vn 0.2623 -0.2990 -0.9175
vn -0.5381 -0.6581 0.5266
vn -0.7027 -0.5680 0.4285
vn -0.6421 -0.3962 -0.6563
vn 0.4090 0.6371 -0.6534
vn -0.3854 -0.7491 -0.5387
vn 0.5011 -0.8199 0.2770
vn -0.1628 -0.9474 0.2757
vn -0.3539 -0.7918 -0.4978
vn 0.3865 0.9155 0.1116
vn 0.9364 -0.2719 0.2218
vn -0.8784 -0.3233 0.3519
vn -0.9730 0.1595 0.1671
vn 0.9828 -0.1616 0.0890
vn -0.9360 -0.2297 0.2668
vn -0.2775 -0.1021 0.9553
vn 0.3991 0.0745 0.9139
vn 0.4895 0.2937 0.8210
vn -0.7891 -0.4669 0.3992
vn 0.4203 -0.8461 0.3277
vn 0.3682 0.1771 0.9127
vn -0.5680 -0.5302 -0.6295
vn -0.3572 0.5871 0.7264
vn -0.3761 0.9257 -0.0396
vn -0.0585 -0.8084 -0.5857
vn 0.8467 -0.4261 0.3186
vn 0.1311 -0.8409 -0.5250
vn -0.9904 -0.0225 0.1364
vn 0.9916 -0.1010 0.0810
vn 0.0075 -0.9003 0.4352
vn 0.9394 0.3223 -0.1166
vn 0.9001 0.4063 -0.1575
vn 0.8147 -0.4731 0.3354
vn 0.2387 -0.8752 0.4208
vn 0.5651 -0.7728 0.2888
vn -0.5509 -0.1741 -0.8162
vn 0.2438 0.9650 0.0964
vn -0.5111 -0.8040 0.3039
vn 0.3078 -0.6958 -0.6489
vn 0.9754 0.1831 -0.1229
vn -0.4126 0.9104 0.0306
vn 0.5788 -0.7053 0.4093
vn 0.7073 0.7020 0.0826
vn 0.2132 -0.8752 0.4343
vn 0.6240 0.7398 0.2515
vn -0.6311 0.7756 0.0159
vn 0.4697 -0.7154 -0.5173
vn 0.4977 -0.3678 -0.7855
vn -0.9348 0.3450 0.0843
vn -0.5893 -0.6088 0.5312
vn 0.8300 -0.4454 0.3358
vn 0.1207 -0.9039 0.4104
vn 0.0929 0.9924 0.0813
vn -0.5172 0.4444 -0.7314
vn 0.7034 -0.5949 0.3891
vn -0.8823 0.4660 0.0671
vn -0.5408 0.8380 0.0725
vn -0.5964 0.8025 0.0175
vn 0.4467 -0.5064 -0.7375
vn -0.9550 0.2794 0.0996
vn 0.2212 -0.8195 -0.5287
vn 0.3263 0.0137 -0.9452
vn 0.2944 -0.7846 -0.5457
vn 0.2595 -0.8860 0.3843
vn 0.7694 -0.5070 0.3886
vn 0.2860 0.4276 -0.8575
vn -0.9421 -0.1302 -0.3091
vn -0.9634 -0.1464 -0.2245
vn 0.0093 0.9991 0.0412
vn -0.3471 -0.7948 -0.4978
vn 0.4020 -0.5884 -0.7015
vn 0.8429 0.5118 -0.1660
vn 0.0172 0.3794 -0.9251
vn -0.3581 0.9336 0.0070
vn 0.9354 -0.2478 0.2521
vn 0.5593 -0.7543 0.3440
vn -0.1362 0.9888 0.0618
vn -0.8039 -0.4395 0.4007
vn -0.2557 -0.8999 0.3534
vn -0.3947 -0.8726 0.2878
vn -0.3276 0.6552 0.6808
vn -0.9758 -0.0830 0.2021
vn 0.5628 0.1421 -0.8143
vn 0.5603 -0.7081 0.4297
vn 0.5542 0.7917 0.2570
vn 0.6705 -0.6983 0.2507
vn -0.3513 0.6262 0.6960
vn 0.1209 -0.1278 -0.9844
vn 0.9699 -0.1505 0.1915
vn 0.0922 -0.5136 -0.8531
vn -0.8707 -0.3369 0.3582
vn -0.2270 -0.9122 0.3413
vn 0.0296 -0.8848 0.4651
vn 0.6484 -0.6326 0.4235
vn -0.4561 -0.1438 -0.8782
vn -0.7209 -0.1090 -0.6844
vn -0.2324 0.9695 0.0779
vn -0.3277 0.9362 0.1271
vn -0.8279 0.0997 -0.5519
vn -0.7431 0.2148 -0.6337
vn -0.3853 -0.8296 0.4041
vn -0.9320 -0.1907 0.3081
vn 0.7077 -0.5964 0.3787
vn -0.0223 -0.9324 0.3608
vn 0.9455 0.3173 -0.0737
vn 0.0816 -0.8288 -0.5535
vn 0.9954 0.0955 0.0100
vn -0.1404 -0.9053 0.4008
vn 0.8271 0.5555 0.0850
vn 0.4196 -0.7421 -0.5228
vn 0.2322 -0.0982 0.9677
vn 0.3783 0.8905 0.2527
vn -0.1338 0.9882 0.0748
vn 0.5582 -0.7034 0.4400
vn 0.0431 -0.9170 0.3965
vn 0.5281 0.8159 0.2355
vn 0.3168 0.9059 0.2810
vn 0.7368 0.6456 0.2006
vn -0.2379 -0.8930 0.3822
vn -0.9650 0.0180 0.2615
vn 0.0012 0.2486 -0.9686
vn 0.8510 0.2957 -0.4340
vn 0.1041 0.2798 -0.9544
vn 0.9917 0.1287 -0.0013
vn 0.9653 0.2566 -0.0487
vn -0.1246 -0.1336 0.9832
vn 0.2761 -0.8006 -0.5319
vn 0.8037 0.5792 -0.1367
vn 0.0820 -0.8918 0.4450
vn 0.4964 0.3955 0.7728
vn 0.1425 -0.9115 0.3857
vn 0.5032 0.2849 0.8159
vn 0.3845 0.8858 0.2600
vn -0.8478 -0.3549 0.3939
vn -0.8423 0.5339 0.0738
vn -0.9525 -0.1042 0.2860
vn 0.6341 0.7445 -0.2088
vn -0.9752 0.2155 0.0496
vn -0.2807 0.9566 0.0780
vn 0.1327 0.3911 -0.9107
vn -0.5927 -0.5929 0.5452
vn -0.5121 0.8558 0.0732
vn 0.1806 -0.9056 0.3837
vn 0.8744 -0.3407 0.3454
vn 0.1791 -0.1434 0.9733
vn 0.2851 -0.0949 0.9538
vn 0.8544 0.5195 -0.0026
vn 0.7300 -0.5292 0.4325
vn -0.1909 -0.9205 0.3409
vn 0.9955 0.0866 0.0382
vn -0.8833 -0.2689 0.3839
vn 0.4926 -0.1803 -0.8514
vn 0.4005 0.0668 0.9139
vn -0.2587 0.2266 -0.9390
vn 0.7030 0.6733 -0.2291
vn 0.7462 0.6508 -0.1402
vn 0.6211 0.7622 0.1823
vn 0.9950 0.0283 0.0963
vn 0.1990 -0.8954 0.3983
vn -0.7109 -0.6674 0.2216
vn -0.0518 -0.0243 0.9984
vn -0.6323 0.7682 0.1000
vn 0.1024 -0.1213 -0.9873
vn 0.4945 -0.2488 -0.8328
vn 0.6323 -0.7118 0.3057
vn 0.4884 -0.2439 -0.8378
vn -0.9190 0.3560 0.1693
vn -0.7264 -0.4770 0.4948
vn -0.9223 0.3691 0.1146
vn -0.8129 -0.4059 0.4176
vn -0.9628 0.0933 0.2537
vn 0.8769 -0.3375 0.3422
vn 0.2191 -0.0547 0.9742
vn 0.0967 0.2658 -0.9592
vn 0.2203 -0.4357 -0.8727
vn -0.9845 0.1134 0.1341
vn -0.5039 0.1642 0.8480
vn -0.9527 0.2731 0.1334
vn -0.1285 -0.9048 0.4059
vn 0.9321 0.3616 0.0234
vn 0.4633 -0.1516 -0.8731
vn -0.4118 0.9087 0.0692
vn -0.9491 -0.1480 0.2781
vn -0.7101 -0.6681 0.2223
vn -0.2427 0.7206 0.6495
vn -0.7274 -0.4760 0.4943
vn -0.9595 0.1622 0.2303
vn 0.9744 0.2189 0.0514
vn 0.3246 -0.6539 -0.6835
vn -0.8910 0.4358 0.1277
vn -0.8326 0.5449 0.0996
vn -0.6308 -0.5530 0.5444
vn -0.2097 0.3441 -0.9152
vn -0.9247 0.2831 0.2547
vn 0.1296 -0.9179 0.3751
vn 0.9848 -0.0800 0.1540
vn 0.0373 -0.9215 0.3866
vn -0.4393 -0.7014 -0.5613
vn -0.1251 0.8396 0.5287
vn 0.7956 0.6058 -0.0050
vn 0.9005 -0.2723 0.3392
vn 0.8747 0.4710 -0.1145
vn 0.4029 -0.5952 -0.6953
vn -0.1805 0.7509 0.6353
vn -0.9148 0.3856 0.1202
vn -0.2889 0.9538 0.0822
vn 0.7647 -0.5029 0.4030
vn 0.9483 -0.1941 0.2509
vn 0.4200 0.8654 0.2735
vn -0.4672 0.8782 0.1026
vn -0.9431 -0.0727 0.3246
vn -0.1776 -0.7864 -0.5917
vn -0.0744 -0.8215 -0.5654
vn -0.1521 -0.8962 0.4168
vn -0.6039 -0.0718 -0.7938
vn 0.8755 0.4831 0.0125
vn 0.0146 -0.8039 -0.5946
vn -0.6132 -0.1449 -0.7765
vn 0.0069 0.2540 -0.9672
vn -0.0743 -0.9112 0.4052
vn -0.3805 0.2097 -0.9007
vn 0.6359 -0.6138 0.4678
vn -0.2863 0.9551 0.0759
vn -0.4002 0.1239 -0.9080
vn 0.3433 0.9093 0.2352
vn -0.9248 0.2132 -0.3150
vn 0.1358 -0.7555 -0.6409
vn -0.7652 0.6268 0.1468
vn -0.6931 -0.5402 0.4774
vn 0.7127 -0.5240 0.4663
vn 0.0764 -0.5165 -0.8529
vn -0.4049 -0.8074 0.4292
vn -0.5754 -0.5050 -0.6433
vn 0.9849 0.0045 0.1733
vn 0.7836 0.6194 -0.0489
vn -0.2763 -0.1028 0.9556
vn 0.5672 0.3060 -0.7646
vn -0.9358 0.2984 0.1877
vn 0.2697 -0.2969 -0.9160
vn -0.7423 0.6622 0.1022
vn -0.9494 0.1881 0.2516
vn 0.0249 0.9928 0.1176
vn 0.5725 -0.7543 0.3212
vn -0.4415 0.0383 -0.8964
vn 0.9880 0.0222 0.1531
vn 0.0606 -0.9163 0.3959
vn -0.7706 -0.5890 0.2435
vn 0.9736 0.2211 0.0564
vn 0.4688 -0.4531 -0.7582
vn -0.8960 -0.2109 0.3907
vn -0.5486 0.2641 0.7933
vn 0.6485 -0.6163 0.4468
vn 0.5895 0.7935 -0.1513
vn -0.0515 0.9919 0.1162
vn 0.7969 -0.4072 0.4463
vn 0.5763 -0.6493 0.4964
vn 0.2180 0.9348 0.2802
vn -0.7820 0.6057 0.1469
vn -0.9048 -0.1920 0.3801
vn -0.0967 0.2333 -0.9676
vn -0.9467 -0.0326 0.3205
vn -0.7094 0.6983 0.0957
vn 0.9740 -0.1042 0.2012
vn 0.3630 0.8660 0.3439
vn -0.8101 -0.3212 0.4905
vn -0.4662 -0.0160 -0.8846
vn -0.6264 -0.5253 0.5759
vn -0.6784 0.7254 0.1168
vn 0.7686 0.5229 -0.3686
vn -0.0944 0.9879 0.1227
vn 0.6057 0.7956 -0.0138
vn 0.8252 0.5027 -0.2575
vn -0.9628 -0.0850 0.2566
vn 0.1804 0.9572 0.2263
vn -0.0843 -0.1707 0.9817
vn -0.5482 0.8318 0.0878
vn -0.9601 0.0791 0.2683
vn -0.2276 -0.8471 0.4802
vn 0.3055 -0.8574 0.4142
vn -0.0940 -0.8131 -0.5746
vn 0.0620 -0.5656 -0.8224
vn 0.6314 -0.5918 0.5011
vn 0.0704 0.3477 -0.9350
vn -0.9017 -0.1377 0.4098
vn 0.4743 0.5075 0.7194
vn -0.5160 -0.7772 0.3601
vn 0.5552 -0.7511 0.3573
vn 0.7964 -0.4244 0.4308
vn -0.6111 -0.7009 0.3679
vn 0.8461 -0.3387 0.4115
vn -0.9339 0.2898 0.2095
vn 0.9528 -0.0769 0.2936
vn -0.4064 -0.7000 -0.5873
vn -0.0521 0.9878 0.1464
vn -0.8890 0.3967 0.2289
vn -0.8608 0.4034 0.3104
vn -0.7831 0.6128 -0.1061
vn 0.4220 -0.1029 -0.9007
vn 0.9005 0.4324 0.0464
vn -0.5833 0.8026 0.1246
vn -0.7679 -0.5915 0.2460
vn -0.9119 -0.1004 0.3979
vn -0.1337 -0.7870 -0.6023
vn 0.6722 -0.6802 0.2924
vn 0.4198 -0.8138 0.4019
vn 0.9404 0.3269 0.0932
vn 0.3473 -0.0023 0.9378
vn -0.8454 0.5030 0.1798
vn 0.0575 -0.8453 -0.5311
vn 0.7387 0.6698 -0.0754
vn 0.1667 -0.8192 -0.5488
vn 0.5788 -0.6541 0.4871
vn 0.1125 0.9526 0.2826
vn -0.7851 -0.3777 0.4909
vn -0.1317 0.9884 0.0751
vn 0.9349 -0.1522 0.3206
vn -0.0913 -0.9080 0.4089
vn -0.8268 0.2352 0.5110
vn 0.4987 -0.7692 0.3995
vn 0.1542 -0.8320 0.5329
vn -0.6559 -0.6672 0.3529
vn -0.1887 -0.7809 -0.5955
vn -0.4438 -0.7898 0.4234
vn -0.4425 0.8836 0.1530
vn 0.2976 -0.6772 -0.6729
vn -0.6813 -0.4654 0.5649
vn -0.3856 -0.7497 -0.5379
vn 0.2858 0.0547 -0.9567
vn -0.8041 0.5577 -0.2057
vn 0.4016 0.1404 0.9050
vn 0.1805 -0.8281 0.5307
vn 0.5214 0.8466 -0.1070
vn -0.8458 -0.2500 0.4713
vn 0.0104 -0.8553 0.5181
vn -0.2882 0.2653 -0.9201
vn -0.1596 -0.8472 0.5068
vn 0.9544 -0.0753 0.2890
vn -0.4451 0.0665 -0.8930
vn 0.4835 -0.6609 -0.5739
vn 0.9677 0.1759 0.1803
vn 0.8223 -0.3563 0.4437
vn 0.4582 0.8740 -0.1615
vn -0.9010 0.0078 0.4338
vn -0.9920 -0.0565 0.1133
vn 0.3347 0.9381 -0.0890
vn -0.7464 -0.4044 0.5285
vn -0.8662 -0.2039 0.4561
vn 0.9141 -0.1651 0.3703
vn -0.2076 0.7713 0.6017
vn -0.8735 0.4565 0.1690
vn 0.4650 -0.7976 0.3842
vn 0.9738 0.1191 0.1936
vn 0.8548 -0.2650 0.4462
vn 0.4514 0.8833 -0.1268
vn -0.8206 -0.2790 0.4988
vn 0.3941 0.2600 -0.8815
vn -0.0224 0.7760 0.6304
vn -0.9395 0.0913 0.3302
vn 0.0359 0.7689 0.6384
vn -0.8847 0.4173 0.2078
vn -0.8179 -0.5114 0.2636
vn 0.1140 0.6891 0.7157
vn 0.8210 0.5571 0.1246
vn -0.1189 0.9883 0.0953
vn -0.2449 -0.8642 0.4396
vn -0.9244 0.2297 0.3045
vn 0.5937 -0.6076 0.5275
vn 0.5256 0.0558 -0.8489
vn 0.9741 0.1314 0.1840
vn 0.3457 0.0195 -0.9381
vn -0.6702 0.7250 0.1587
vn 0.9282 0.3446 0.1404
vn -0.2836 -0.8786 0.3841
vn 0.0127 -0.8554 0.5179
vn -0.2603 -0.2508 -0.9324
vn -0.3605 0.9261 0.1115
vn -0.4515 -0.0158 0.8921
vn -0.5831 -0.1703 -0.7944
vn 0.8950 -0.2524 0.3677
vn -0.5695 -0.7281 0.3815
vn -0.6034 -0.7083 0.3663
vn -0.5774 0.8047 0.1382
vn 0.8173 -0.3499 0.4577
vn 0.6131 -0.5918 0.5234
vn 0.0248 0.9916 0.1266
vn -0.5203 -0.5755 -0.6309
vn -0.1992 0.2811 -0.9388
vn -0.0270 0.9995 0.0175
vn 0.2029 -0.8627 0.4633
vn 0.3263 0.9424 -0.0740
vn -0.5760 0.3917 0.7175
vn -0.9082 0.3092 0.2822
vn 0.8561 0.5152 0.0402
vn -0.5754 0.1162 0.8096
vn 0.4372 -0.4148 -0.7980
vn 0.1974 -0.8652 0.4609
vn -0.6862 -0.4231 0.5917
vn -0.8210 0.5309 0.2102
vn 0.8528 0.2943 -0.4314
vn 0.1869 0.8777 -0.4412
vn 0.8069 0.5744 0.1381
vn -0.6235 0.7666 -0.1535
vn -0.5178 0.0423 0.8544
vn -0.4139 0.8604 0.2973
vn 0.1200 -0.8615 0.4934
vn -0.8108 -0.3083 0.4975
vn -0.9373 0.1973 0.2872
vn -0.1641 0.7956 0.5832
vn -0.2868 0.1641 -0.9438
vn -0.9284 0.0219 0.3710
vn -0.8026 -0.0434 0.5950
vn -0.4694 -0.0584 -0.8811
vn 0.9651 -0.0013 0.2619
vn -0.6892 -0.6086 0.3931
vn -0.8333 0.2310 0.5023
vn 0.1386 -0.8751 0.4637
vn 0.8016 -0.3579 0.4789
vn -0.0204 0.9832 0.1816
vn -0.1260 0.9888 0.0800
vn -0.4326 0.7631 0.4802
vn 0.9504 0.0409 0.3083
vn 0.2484 -0.8493 0.4658
vn 0.1221 -0.8718 0.4745
vn -0.6095 -0.3494 -0.7116
vn -0.1024 -0.8105 -0.5767
vn 0.7082 -0.6273 0.3241
vn 0.0373 -0.8147 -0.5787
vn -0.8983 -0.0382 0.4376
vn -0.8714 0.3967 0.2886
vn 0.9387 0.3333 0.0878
vn 0.2073 0.9769 -0.0513
vn 0.0904 0.9957 -0.0179
vn 0.7734 -0.4011 0.4909
vn -0.6133 -0.3116 -0.7257
vn 0.5197 0.8531 0.0471
vn 0.6192 -0.6868 0.3807
vn -0.7285 -0.3978 0.5577
vn 0.6913 -0.5089 0.5129
vn -0.0164 -0.1369 0.9905
vn 0.2495 0.3125 -0.9166
vn -0.1278 -0.8632 0.4883
vn 0.3772 -0.0864 -0.9221
vn -0.4605 0.8779 0.1315
vn 0.7590 -0.5636 0.3259
vn -0.4670 0.8834 0.0398
vn -0.2634 0.9529 0.1505
vn -0.2415 0.2189 -0.9454
vn -0.0268 -0.8374 0.5460
vn -0.7172 0.5626 0.4113
vn -0.9074 0.2805 0.3130
vn -0.5158 -0.0822 -0.8528
vn 0.1159 -0.8846 0.4518
vn 0.4214 -0.1889 -0.8870
vn 0.4182 0.6081 0.6748
vn 0.7051 -0.5049 0.4979
vn 0.3122 -0.8363 0.4507
vn 0.9518 0.0961 0.2912
vn -0.8729 0.4173 0.2530
vn -0.9069 0.0109 0.4211
vn 0.6827 0.7301 0.0282
vn -0.8686 -0.1594 0.4691
vn -0.6671 -0.4054 0.6250
vn 0.7019 0.7104 -0.0517
vn 0.1940 0.7502 -0.6321
vn 0.8793 0.4084 0.2451
vn -0.2427 0.2436 -0.9390
vn -0.5759 -0.4421 -0.6877
vn 0.1353 0.7047 0.6965
vn -0.5571 0.7844 0.2727
vn 0.8992 0.4218 0.1160
vn 0.2675 -0.0775 0.9604
vn -0.8131 0.5315 0.2373
vn 0.1898 -0.8628 0.4686
vn 0.8554 -0.1952 0.4798
vn 0.8986 -0.1436 0.4146
vn 0.4879 0.4836 0.7267
vn 0.4325 -0.4143 -0.8008
vn 0.7204 -0.5988 0.3499
vn -0.5650 0.2744 0.7781
vn 0.7424 -0.4361 0.5086
vn 0.1389 -0.8589 0.4930
vn -0.8606 -0.1488 0.4871
vn 0.9463 0.2269 0.2301
vn -0.8155 -0.4977 0.2953
vn -0.5810 0.7944 0.1772
vn 0.6063 0.7952 0.0017
vn 0.7074 -0.6242 0.3315
vn -0.2473 0.7416 0.6236
vn -0.5952 -0.2118 -0.7752
vn 0.0121 -0.9056 0.4240
vn -0.1972 0.9706 0.1382
vn -0.7213 0.6578 0.2169
vn 0.4062 -0.1738 -0.8971
vn -0.0328 0.7829 0.6212
vn -0.3666 0.9206 0.1345
vn -0.5054 -0.0134 -0.8628
vn 0.0739 0.3134 -0.9467
vn -0.2622 -0.8845 0.3859
vn -0.1477 0.9823 0.1150
vn 0.8341 -0.2818 0.4742
vn 0.9258 0.3355 0.1742
vn -0.9215 0.1450 0.3603
vn 0.8519 -0.2620 0.4534
vn -0.7250 0.6606 0.1952
vn 0.6202 -0.6868 0.3791
vn -0.1807 -0.1471 0.9725
vn -0.7117 -0.5845 0.3896
vn -0.1261 0.9849 0.1187
vn 0.2793 0.9276 0.2480
vn 0.6378 0.5499 0.5393
vn 0.5657 -0.7231 0.3963
vn 0.0249 -0.8087 -0.5876
vn 0.7770 -0.3880 0.4957
vn -0.1649 0.9774 0.1323
vn -0.1556 0.9674 0.2000
vn -0.6263 0.7544 0.1966
vn -0.4779 0.1760 0.8606
vn -0.8636 0.4006 0.3063
vn -0.8352 0.2286 0.5002
vn 0.5850 -0.7075 0.3965
vn -0.2383 -0.7376 -0.6318
vn -0.5390 -0.7012 0.4667
vn -0.0965 0.3167 -0.9436
vn -0.0303 -0.5432 -0.8390
vn 0.6316 -0.5174 0.5774
vn 0.8307 0.5299 0.1706
vn -0.0520 -0.7456 -0.6644
vn 0.3545 -0.0917 -0.9305
vn -0.3451 -0.7874 0.5108
vn 0.7804 0.6147 0.1143
vn 0.0183 0.9969 0.0760
vn -0.7976 0.1917 0.5719
vn -0.7139 0.1226 0.6894
vn -0.8998 0.2828 0.3323
vn -0.1314 -0.7795 -0.6124
vn 0.1653 -0.7856 -0.5962
vn -0.5340 0.1785 0.8265
vn -0.8799 0.1085 0.4626
vn -0.8178 -0.4366 0.3749
vn 0.9320 0.0386 0.3603
vn 0.2882 -0.8207 0.4934
vn 0.3095 -0.6066 -0.7323
vn 0.3720 -0.4771 -0.7963
vn -0.7136 -0.3431 0.6107
vn 0.7493 -0.3462 0.5646
vn -0.4917 -0.7202 0.4895
vn 0.4885 -0.6619 -0.5686
vn 0.0785 0.8671 0.4920
vn 0.2220 0.9743 -0.0376
vn 0.3002 0.9232 -0.2401
vn 0.3712 0.9241 0.0909
vn 0.0236 0.7858 0.6180
vn -0.6241 0.7372 0.2589
vn -0.4426 0.8800 0.1724
vn -0.5559 0.8039 0.2113
vn -0.4967 0.7287 0.4714
vn -0.5931 -0.3059 -0.7447
vn -0.0633 -0.8146 -0.5766
vn 0.8743 0.4586 0.1593
vn 0.0557 -0.8403 0.5393
vn 0.8275 0.5462 0.1304
vn -0.2362 -0.8245 0.5142
vn 0.7444 0.6510 0.1483
vn -0.7350 -0.5359 0.4155
vn -0.6269 0.2312 0.7441
vn 0.5637 0.8248 0.0441
vn 0.0998 0.9950 -0.0094
vn 0.8270 0.3788 0.4154
vn 0.2146 -0.1426 0.9662
vn 0.2530 -0.8208 0.5121
vn 0.9054 0.3440 0.2488
vn -0.8923 0.0433 0.4494
vn 0.3254 -0.5869 -0.7414
vn 0.1760 0.3050 -0.9359
vn 0.0452 -0.8725 0.4865
vn -0.1487 0.1726 -0.9737
vn -0.8362 0.1849 0.5163
vn 0.2843 -0.8267 0.4855
vn -0.4920 -0.0454 -0.8694
vn 0.3250 -0.0599 -0.9438
vn -0.2566 0.9559 0.1431
vn -0.8068 -0.2379 0.5407
vn -0.8277 -0.4353 0.3542
vn -0.7795 0.5415 0.3149
vn -0.2810 0.1297 -0.9509
vn 0.2663 0.9133 0.3080
vn -0.5794 -0.5117 -0.6344
vn 0.7911 0.3154 0.5241
vn -0.8009 0.5409 0.2569
vn -0.1219 0.1855 -0.9750
vn -0.6267 -0.6156 0.4778
vn 0.5135 -0.7365 0.4403
vn 0.6887 0.7161 0.1135
vn -0.9056 0.1558 0.3946
vn -0.8843 0.1065 0.4546
vn -0.8218 -0.1642 0.5455
vn 0.2817 -0.8133 0.5091
vn -0.5642 0.7869 0.2499
vn 0.9175 -0.0257 0.3969
vn -0.7382 0.6265 0.2501
vn 0.6470 -0.4868 0.5869
vn -0.2042 -0.8411 0.5009
vn 0.3957 -0.5118 -0.7625
vn 0.0406 -0.8675 0.4958
vn 0.4800 -0.7580 0.4415
vn 0.3716 -0.5748 -0.7290
vn 0.3006 -0.1908 0.9344
vn -0.8579 -0.4010 0.3214
vn -0.3512 0.1878 -0.9173
vn 0.6604 -0.4863 0.5721
vn 0.9186 0.2483 0.3075
vn 0.3278 0.6884 0.6470
vn -0.0806 0.8287 0.5538
vn 0.2835 -0.7373 -0.6132
vn -0.7095 -0.3127 0.6315
vn 0.2219 -0.4704 -0.8541
vn -0.7223 -0.3491 0.5970
vn -0.1060 0.9909 0.0825
vn 0.4700 0.7588 0.4510
vn -0.0346 -0.1210 0.9920
vn -0.3718 0.1843 -0.9098
vn -0.0034 -0.7415 -0.6709
vn 0.9295 0.1305 0.3449
vn 0.4749 0.1598 -0.8654
vn -0.7944 0.5325 0.2922
vn 0.1552 -0.1844 0.9705
vn 0.6673 -0.6102 0.4269
vn -0.0104 -0.7903 0.6126
vn -0.7378 -0.2548 0.6251
vn -0.8680 -0.0400 0.4949
vn 0.5684 0.0819 -0.8187
vn -0.7248 0.0946 0.6824
vn -0.3421 0.9234 0.1738
vn -0.3840 0.7810 0.4925
vn 0.0178 0.9973 0.0717
vn 0.9166 -0.0398 0.3979
vn 0.6280 -0.6527 0.4239
vn -0.1379 -0.8200 0.5555
vn -0.2119 0.9700 0.1187
vn -0.7543 -0.4986 0.4272
vn 0.0319 0.7938 0.6073
vn -0.6262 0.2411 0.7415
vn 0.1510 -0.8231 0.5475
vn 0.6092 -0.6448 0.4616
vn 0.8912 0.3679 0.2654
vn 0.8317 0.5292 0.1678
vn -0.8381 0.4368 0.3268
vn -0.1936 -0.7640 -0.6154
vn -0.1127 -0.7586 -0.6417
vn -0.8620 0.2507 0.4405
vn 0.1032 0.9900 0.0963
vn 0.4031 0.3246 0.8557
vn 0.6708 0.6460 0.3643
vn -0.1944 0.9715 0.1354
vn -0.2717 -0.8008 0.5337
vn 0.7372 0.6448 0.2019
vn -0.7288 -0.5438 0.4162
vn 0.9174 0.0793 0.3900
vn -0.2396 -0.4553 -0.8575
vn -0.1686 -0.8668 0.4693
vn 0.4046 -0.2478 -0.8803
vn -0.8557 0.3277 0.4004
vn -0.8932 0.2040 0.4008
vn 0.2518 -0.8212 0.5121
vn 0.2041 -0.7825 -0.5882
vn 0.6239 0.7630 0.1691
vn 0.4634 0.2693 0.8442
vn 0.6488 0.6167 0.4458
vn 0.7508 0.5928 0.2916
vn -0.0543 -0.8608 0.5060
vn -0.5030 0.1044 0.8580
vn 0.4433 0.1504 -0.8836
vn 0.2689 0.5990 0.7542
vn -0.6536 0.6959 0.2974
vn 0.9076 0.2349 0.3479
vn 0.9004 -0.0679 0.4297
vn -0.2607 -0.8019 0.5376
vn 0.7091 -0.4173 0.5684
vn -0.5027 0.3553 0.7881
vn -0.4794 0.3489 0.8052
vn -0.5077 0.5298 0.6794
vn -0.7336 0.5929 0.3322
vn -0.6933 -0.5466 0.4697
vn -0.8704 0.3297 0.3656
vn 0.5917 0.0102 -0.8061
vn 0.7047 -0.5891 0.3955
vn -0.1660 -0.8086 0.5645
vn -0.3570 0.0880 -0.9299
vn 0.7962 -0.2573 0.5476
vn 0.3157 -0.1803 -0.9316
vn 0.7687 0.5977 0.2278
vn -0.3667 0.9074 0.2052
vn -0.0494 -0.7432 0.6673
vn -0.4702 0.2558 0.8447
vn 0.6679 0.5051 0.5467
vn 0.0615 0.2429 0.9681
vn -0.4177 0.1564 0.8950
vn 0.2098 0.9679 0.1386
vn -0.1291 0.9866 0.0995
vn -0.1160 0.9304 0.3476
vn 0.1942 0.9749 0.1090
vn -0.2725 0.3610 0.8919
vn -0.5531 0.5152 0.6547
vn -0.2757 0.9467 0.1665
vn -0.2905 -0.8489 0.4415
vn -0.3374 -0.8345 0.4357
vn -0.1039 -0.8797 0.4640
vn -0.3511 -0.7394 0.5745
vn -0.3849 0.8991 0.2084
vn 0.1141 -0.1341 0.9844
vn 0.2106 -0.7799 0.5895
vn -0.5488 -0.3888 -0.7400
vn 0.4593 0.8801 0.1205
vn -0.6356 0.7350 0.2361
vn 0.7725 -0.5085 0.3803
vn -0.8527 -0.0805 0.5162
vn -0.8608 0.0122 0.5088
vn -0.2608 0.2403 0.9350
vn -0.4803 0.0529 0.8755
vn 0.8795 -0.0588 0.4723
vn -0.4759 0.8536 0.2119
vn 0.7933 -0.2607 0.5501
vn 0.8912 0.0801 0.4465
vn 0.2683 0.2677 0.9254
vn -0.0492 0.1877 0.9810
vn -0.0519 0.4901 0.8701
vn 0.0637 0.4761 0.8771
vn -0.0142 0.1730 0.9848
vn -0.0871 0.9929 0.0810
vn 0.0673 0.8597 0.5064
vn 0.4777 0.6222 0.6202
vn -0.7850 -0.0965 0.6120
vn -0.8550 -0.0254 0.5180
vn 0.0387 0.1504 -0.9879
vn -0.5701 -0.6639 0.4840
vn 0.0380 0.4198 0.9068
vn 0.7523 -0.5248 0.3982
vn -0.0645 -0.8118 -0.5804
vn 0.4028 -0.3628 -0.8403
vn 0.0884 0.3052 0.9482
vn -0.8342 0.0994 0.5424
vn 0.1820 -0.8148 0.5504
vn -0.0584 0.6781 0.7327
vn -0.0740 0.9927 0.0949
vn 0.0278 0.6061 0.7949
vn -0.3690 0.4192 0.8295
vn 0.3378 -0.7779 0.5299
vn 0.1440 -0.8268 0.5437
vn 0.4882 0.1417 0.8612
vn 0.2977 0.9383 0.1760
vn 0.7450 -0.5094 0.4306
vn 0.1488 -0.8077 -0.5705
vn -0.0089 -0.7905 0.6124
vn -0.6363 -0.6237 0.4539
vn 0.9091 0.2195 0.3542
vn 0.8693 0.1640 0.4663
vn -0.4686 -0.1309 -0.8737
vn 0.1329 -0.7547 -0.6424
vn -0.5588 -0.4358 -0.7055
vn 0.8645 0.3870 0.3208
vn -0.1351 0.9853 0.1043
vn -0.7122 0.6312 0.3072
vn 0.0703 0.9890 0.1298
vn -0.1866 0.9791 0.0811
vn 0.4095 -0.3432 -0.8453
vn -0.7831 0.4818 0.3933
vn 0.3198 -0.7639 0.5606
vn -0.4066 -0.7006 -0.5864
vn 0.7065 -0.3663 0.6055
vn -0.7677 -0.1789 0.6153
vn 0.1817 -0.8120 0.5547
vn -0.4491 -0.7023 0.5524
vn -0.1875 0.9589 0.2131
vn -0.3661 -0.7969 0.4805
vn 0.3417 -0.1603 -0.9260
vn -0.8926 -0.2843 0.3498
vn -0.5739 -0.2613 -0.7761
vn -0.6883 0.6540 0.3138
vn -0.8140 -0.0897 0.5739
vn 0.8188 -0.1766 0.5462
vn 0.3261 0.1950 -0.9250
vn -0.1153 -0.5277 -0.8416
vn -0.2036 -0.8391 0.5044
vn 0.5874 -0.6453 0.4884
vn 0.4624 0.8669 0.1863
vn -0.8700 -0.3177 0.3771
vn -0.4751 -0.1465 -0.8676
vn -0.8248 0.3593 0.4367
vn 0.1823 -0.8116 0.5551
vn 0.6089 -0.6449 0.4618
vn 0.2731 -0.7824 0.5597
vn -0.2820 -0.7557 0.5911
vn 0.5431 0.0411 -0.8386
vn 0.8785 0.2830 0.3848
vn -0.5692 0.7853 0.2436
vn -0.5121 -0.4664 -0.7213
vn 0.6117 0.7664 0.1961
vn -0.4129 0.0308 -0.9102
vn -0.1973 -0.1866 0.9624
vn -0.1916 -0.4984 -0.8455
vn 0.0174 -0.2473 0.9688
vn -0.7902 0.4545 0.4111
vn 0.6455 -0.6021 0.4699
vn 0.2301 -0.7753 0.5881
vn -0.7965 -0.4008 0.4528
vn 0.6813 0.6828 0.2639
vn -0.6510 -0.5846 0.4842
vn -0.0600 0.2993 -0.9523
vn -0.2595 -0.3199 -0.9113
vn 0.1516 0.2818 -0.9474
vn 0.7015 -0.3729 0.6074
vn -0.7508 -0.4546 0.4791
vn 0.0635 -0.1063 0.9923
vn -0.8382 0.0954 0.5369
vn 0.5245 -0.6939 0.4933
vn -0.3370 0.0874 -0.9374
vn -0.1200 0.9817 0.1479
vn 0.7842 -0.4022 0.4725
vn 0.6803 -0.3775 0.6283
vn -0.0793 -0.2550 0.9637
vn -0.7273 -0.1659 0.6660
vn 0.8307 -0.1042 0.5469
vn -0.1650 -0.7442 0.6473
vn -0.0202 0.8087 0.5879
vn 0.3742 -0.2958 -0.8789
vn -0.1374 0.9820 0.1293
vn 0.3834 -0.2635 -0.8852
vn -0.7480 0.5120 0.4223
vn -0.0934 0.9871 0.1300
vn 0.4156 -0.6772 -0.6071
vn 0.0388 -0.7772 -0.6280
vn -0.3299 -0.7296 0.5990
vn 0.8164 0.4871 0.3103
vn 0.6493 -0.4482 0.6144
vn -0.8012 -0.0204 0.5980
vn -0.7973 -0.0285 0.6029
vn 0.5546 0.2072 0.8059
vn -0.1664 0.2682 -0.9489
vn 0.4569 -0.6806 0.5727
vn -0.1649 0.2030 -0.9652
vn -0.7913 0.2318 0.5657
vn -0.2349 -0.7276 0.6445
vn 0.3348 -0.7707 0.5421
vn -0.1221 0.9864 0.1099
vn 0.0757 0.9887 0.1298
vn 0.8266 -0.1127 0.5514
vn 0.8347 0.4316 0.3421
vn 0.7359 -0.5176 0.4364
vn -0.4813 -0.5635 -0.6714
vn 0.0633 -0.8077 0.5862
vn -0.2044 -0.1794 -0.9623
vn 0.5009 0.8459 0.1832
vn -0.2259 0.3985 0.8889
vn 0.3342 -0.7629 0.5535
vn 0.0478 -0.7990 0.5994
vn 0.8229 -0.1704 0.5421
vn -0.1765 0.7478 0.6400
vn -0.1237 -0.7518 -0.6476
vn -0.7142 0.5754 0.3986
vn 0.8872 0.0665 0.4565
vn 0.6283 0.7311 0.2659
vn -0.4986 0.8241 0.2687
vn -0.2662 -0.6898 0.6733
vn 0.2066 -0.8050 0.5562
vn -0.8331 0.2541 0.4913
vn -0.3834 0.1101 -0.9170
vn -0.4354 0.8628 0.2571
vn -0.5735 0.4572 0.6798
vn -0.4692 0.8463 0.2524
vn 0.2994 -0.0943 0.9494
vn 0.9781 0.0194 0.2071
vn 0.8523 0.1836 0.4898
vn 0.7776 -0.2676 0.5689
vn 0.7587 -0.2528 0.6004
vn 0.3162 -0.2449 -0.9165
vn 0.2372 -0.1783 0.9550
vn -0.4230 -0.6596 -0.6213
vn -0.8169 0.4180 0.3974
vn -0.1528 -0.1481 -0.9771
vn 0.6907 0.6222 0.3686
vn 0.8638 0.0406 0.5022
vn 0.3781 -0.7107 -0.5932
vn -0.4499 -0.6599 0.6018
vn 0.0729 -0.8203 0.5672
vn -0.5446 -0.6102 0.5753
vn 0.2549 0.9518 0.1706
vn -0.7287 -0.0524 0.6828
vn -0.2499 0.9315 0.2645
vn 0.2635 0.2368 -0.9351
vn 0.3822 0.2142 -0.8989
vn 0.4250 0.1110 -0.8984
vn 0.3333 -0.3045 -0.8923
vn -0.0628 -0.8364 0.5445
vn 0.5333 0.0377 -0.8451
vn 0.6557 -0.5630 0.5031
vn -0.8223 0.1683 0.5436
vn 0.1848 -0.7605 0.6224
vn 0.2669 -0.6960 0.6667
vn 0.3416 -0.4751 -0.8109
vn 0.1635 -0.7134 -0.6815
vn 0.6728 -0.3619 0.6453
vn -0.0567 0.9902 0.1277
vn 0.4980 0.8357 0.2317
vn -0.1287 -0.7614 -0.6354
vn -0.5626 0.7617 0.3214
vn -0.7954 0.0521 0.6039
vn -0.8008 0.3184 0.5072
vn -0.4775 -0.5451 -0.6891
vn 0.2899 -0.7384 -0.6089
vn -0.0905 -0.1045 -0.9904
vn -0.1717 0.1381 -0.9754
vn 0.0040 -0.7599 -0.6500
vn 0.6894 -0.5263 0.4977
vn 0.6034 0.2426 0.7596
vn 0.2957 -0.5209 -0.8008
vn -0.8881 -0.2023 0.4128
vn 0.7502 0.5678 0.3389
vn 0.7622 -0.4720 0.4431
vn -0.3253 -0.7821 0.5315
vn 0.8125 0.4288 0.3948
vn 0.2516 -0.0895 0.9637
vn -0.3917 -0.0531 0.9185
vn 0.2992 -0.2554 -0.9194
vn -0.2910 0.1616 -0.9430
vn -0.5321 -0.6127 0.5844
vn -0.3634 -0.6633 0.6542
vn -0.6130 -0.5557 0.5617
vn 0.7614 -0.2058 0.6147
vn 0.7828 -0.1717 0.5981
vn -0.2574 0.9595 0.1141
vn -0.1223 -0.8142 0.5675
vn 0.6884 -0.2951 0.6626
vn -0.8014 -0.3727 0.4678
vn -0.8382 -0.2964 0.4578
vn -0.1216 0.1601 -0.9796
vn 0.3031 -0.3519 -0.8856
vn 0.8143 -0.4152 0.4056
vn 0.8353 0.0484 0.5477
vn 0.5767 -0.6025 0.5517
vn -0.8394 -0.3170 0.4415
vn 0.3479 0.9104 0.2238
vn 0.3054 -0.4165 -0.8563
vn -0.3122 0.0209 -0.9498
vn -0.3531 0.9305 0.0978
vn -0.7110 -0.4737 0.5197
vn -0.7292 -0.4552 0.5109
vn -0.3831 -0.0048 -0.9237
vn 0.1524 0.2350 -0.9600
vn 0.5927 -0.1443 -0.7924
vn -0.4199 -0.1862 -0.8882
vn 0.3948 0.0257 0.9184
vn -0.8903 -0.2030 0.4077
vn -0.9216 -0.1578 0.3546
vn -0.1813 0.9698 0.1630
vn -0.2465 0.9408 0.2326
vn 0.6773 -0.3108 0.6668
vn -0.1289 -0.7319 0.6692
vn 0.7465 0.5697 0.3438
vn -0.5005 -0.5015 -0.7057
vn -0.6072 -0.5718 0.5517
vn -0.5207 0.7918 0.3191
vn -0.5830 0.7319 0.3527
vn 0.8543 0.2912 0.4306
vn -0.7168 -0.4720 0.5133
vn -0.7820 -0.3552 0.5121
vn 0.4452 0.8319 0.3313
vn -0.3774 -0.6737 -0.6353
vn -0.0077 0.1142 -0.9934
vn -0.7536 -0.0168 0.6571
vn -0.3279 -0.6985 0.6361
vn -0.2382 0.3065 0.9216
vn -0.9009 -0.1143 0.4187
vn 0.0604 -0.8236 0.5640
vn -0.2544 0.1174 -0.9599
vn -0.0391 0.9769 0.2100
vn -0.0922 0.9873 0.1295
vn -0.8817 -0.1797 0.4362
vn -0.6640 0.6343 0.3959
vn 0.1866 -0.7545 0.6292
vn -0.7297 0.0798 0.6791
vn -0.1670 -0.7465 -0.6441
vn -0.1228 -0.8060 0.5791
vn -0.6946 0.5915 0.4095
vn 0.8284 -0.3466 0.4401
vn 0.2089 -0.7736 -0.5982
vn -0.0229 0.9905 0.1359
vn -0.1608 0.9809 0.1095
vn -0.0185 -0.5605 -0.8279
vn -0.7331 0.0848 0.6748
vn 0.0551 -0.7640 -0.6429
vn 0.3226 -0.3855 -0.8645
vn -0.7413 -0.4002 0.5388
vn -0.2262 0.9545 0.1944
vn 0.2552 -0.1683 -0.9521
vn -0.7826 0.1881 0.5934
vn 0.4218 -0.0937 0.9018
vn -0.2596 -0.2055 0.9436
vn -0.7426 0.4283 0.5149
vn 0.0435 0.9846 0.1691
vn -0.2581 0.9591 0.1160
vn 0.4333 0.0778 -0.8979
vn -0.3534 0.9310 0.0918
vn -0.2000 0.1747 -0.9641
vn -0.4818 -0.1743 -0.8588
vn 0.8410 0.2282 0.4905
vn -0.7796 0.3297 0.5325
vn 0.5698 0.7484 0.3394
vn 0.2990 -0.7072 0.6407
vn 0.0815 0.7929 0.6039
vn -0.5623 -0.3653 -0.7419
vn -0.5743 -0.4026 -0.7128
vn 0.3564 0.8949 0.2686
vn 0.8151 0.3545 0.4582
vn -0.3613 0.8699 0.3358
vn 0.0372 0.2568 -0.9657
vn -0.2115 0.7892 0.5766
vn 0.7923 -0.0334 0.6092
vn 0.7641 0.4898 0.4198
vn -0.3290 0.9062 0.2655
vn -0.8196 -0.2782 0.5008
vn -0.8923 -0.1274 0.4331
vn 0.7969 -0.0834 0.5983
vn -0.5973 0.7206 0.3520
vn -0.7052 0.1445 0.6941
vn 0.4550 -0.5144 -0.7269
vn 0.5261 -0.5890 -0.6135
vn -0.4243 -0.6496 0.6309
vn -0.1420 -0.2540 0.9567
vn -0.0343 0.9894 0.1411
vn -0.2629 -0.6776 0.6868
vn 0.0520 -0.7919 0.6085
vn 0.2819 -0.7411 0.6093
vn 0.7019 -0.2932 0.6492
vn -0.7342 0.4777 0.4825
vn -0.2577 -0.2069 0.9438
vn -0.3810 0.8637 0.3300
vn 0.6182 -0.5635 0.5480
vn -0.6469 0.6479 0.4021
vn 0.3941 -0.7012 0.5941
vn 0.5400 0.7771 0.3234
vn -0.7401 0.4165 0.5280
vn -0.0375 0.2605 -0.9647
vn -0.2329 0.9543 0.1871
vn -0.4159 -0.4187 -0.8073
vn -0.7455 0.2822 0.6038
vn 0.2118 -0.7530 0.6230
vn -0.4760 0.6078 0.6356
vn -0.1166 -0.7531 -0.6475
vn -0.4853 -0.5198 -0.7031
vn 0.2602 -0.7479 0.6107
vn -0.0871 -0.6664 0.7405
vn -0.2357 -0.6942 -0.6801
vn -0.0016 -0.7956 0.6058
vn -0.5979 -0.5177 0.6119
vn 0.1497 -0.7546 -0.6389
vn -0.0632 0.8474 0.5272
vn 0.1254 -0.7707 -0.6248
vn 0.5062 -0.5700 -0.6472
vn 0.5802 -0.5938 0.5574
vn 0.5712 0.7313 0.3728
vn -0.4594 0.8744 0.1560
vn 0.8029 0.0007 0.5960
vn 0.8107 0.0028 0.5854
vn 0.8145 0.1231 0.5670
vn 0.6909 -0.4751 0.5450
vn -0.4490 0.8002 0.3975
vn -0.1155 -0.7314 -0.6721
vn 0.4685 -0.3984 -0.7885
vn -0.7295 0.1823 0.6593
vn 0.6731 0.6078 0.4213
vn -0.1443 0.9777 0.1529
vn -0.0181 0.1140 -0.9933
vn -0.2042 0.1445 -0.9682
vn 0.0756 -0.7481 0.6592
vn -0.3948 -0.1041 0.9128
vn 0.8088 0.1488 0.5689
vn 0.7171 -0.4505 0.5318
vn 0.3127 0.1445 -0.9388
vn 0.4385 0.8406 0.3179
vn 0.7723 -0.1205 0.6238
vn -0.1933 0.9727 0.1287
vn -0.6819 0.4232 0.5966
vn -0.6665 0.5482 0.5052
vn -0.9119 -0.0294 0.4093
vn -0.5134 -0.4693 -0.7185
vn -0.4471 0.0814 0.8908
vn -0.3292 0.7362 0.5912
vn 0.7830 -0.2912 0.5496
vn 0.3218 -0.7009 0.6366
vn -0.4428 -0.2406 -0.8638
vn -0.1943 -0.7532 0.6285
vn 0.8351 -0.3362 0.4354
vn -0.4146 -0.2487 -0.8754
vn 0.4114 0.6326 0.6562
vn 0.3567 0.1067 -0.9281
vn -0.7807 -0.3217 0.5357
vn -0.4577 -0.1409 -0.8779
vn 0.8029 0.3554 0.4786
vn -0.9104 -0.0322 0.4125
vn -0.4891 0.5305 0.6924
vn 0.8048 0.1180 0.5817
vn 0.7236 -0.1646 0.6703
vn 0.0036 -0.7329 -0.6803
vn -0.0943 0.9839 0.1517
vn 0.7582 -0.1210 0.6407
vn -0.1838 -0.7359 -0.6517
vn 0.3228 -0.5963 0.7350
vn 0.0510 -0.7393 0.6714
vn -0.1178 -0.7038 -0.7005
vn 0.6855 0.6245 0.3743
vn -0.8210 -0.2010 0.5344
vn -0.0401 -0.7660 -0.6416
vn -0.9025 0.0782 0.4236
vn 0.7993 0.2523 0.5454
vn 0.1214 0.9742 0.1903
vn -0.2153 -0.6493 0.7294
vn -0.0916 0.0841 -0.9922
vn -0.3294 0.0002 -0.9442
vn 0.5011 0.0918 0.8605
vn -0.8944 0.2039 0.3981
vn -0.1227 0.0900 -0.9883
vn -0.2451 0.0270 -0.9691
vn 0.2731 -0.7067 -0.6527
vn 0.3568 -0.6623 0.6589
vn 0.7871 0.0400 0.6156
vn 0.2667 -0.7032 0.6591
vn -0.5937 0.6386 0.4896
vn 0.1242 -0.6979 -0.7053
vn 0.8246 -0.3367 0.4546
vn 0.2177 -0.7421 0.6339
vn -0.5643 0.6614 0.4940
vn -0.4667 0.7920 0.3937
vn -0.4248 0.8793 0.2153
vn -0.5722 0.1846 0.7991
vn 0.5969 -0.2319 -0.7680
vn 0.7844 0.2829 0.5520
vn 0.6841 -0.1935 0.7033
vn 0.0577 0.2112 -0.9757
vn -0.3405 -0.7418 0.5778
vn 0.5742 0.7267 0.3771
vn -0.8636 -0.0251 0.5036
vn -0.6633 0.3863 0.6409
vn -0.0094 0.4786 0.8780
vn -0.4655 -0.5671 0.6794
vn -0.2557 -0.7743 0.5788
vn -0.1196 -0.6532 0.7477
vn -0.5362 0.7166 0.4462
vn -0.1814 -0.7156 -0.6746
vn -0.7030 0.2842 0.6519
vn -0.7262 -0.3737 0.5771
vn -0.6468 0.4704 0.6002
vn -0.6977 0.2882 0.6559
vn -0.0568 0.9901 0.1282
vn -0.1381 0.9775 0.1594
vn 0.0869 0.2079 -0.9743
vn -0.1753 -0.7315 0.6590
vn -0.3194 0.7307 0.6034
vn 0.6012 -0.1172 -0.7905
vn 0.2016 0.2017 -0.9585
vn 0.5739 0.4154 0.7057
vn -0.1798 0.9727 0.1467
vn -0.2260 0.0143 -0.9740
vn 0.0440 0.9764 0.2116
vn 0.7349 0.4942 0.4645
vn -0.1433 -0.5899 0.7947
vn -0.2247 0.2092 0.9517
vn 0.0723 -0.7455 0.6626
vn -0.6373 0.5508 0.5389
vn -0.5099 0.7340 0.4487
vn 0.2465 -0.7116 0.6579
vn 0.5548 -0.5740 0.6023
vn 0.3812 -0.6235 0.6826
vn 0.6877 -0.4747 0.5493
vn -0.0302 0.8433 0.5366
vn 0.4904 0.5391 0.6847
vn -0.0003 -0.7891 -0.6143
vn -0.0508 -0.7665 0.6403
vn 0.7102 -0.1678 0.6837
vn 0.7013 0.5259 0.4812
vn 0.6345 -0.4989 0.5903
vn 0.5621 -0.4761 -0.6763
vn 0.3811 -0.6520 -0.6555
vn -0.2627 0.7375 0.6222
vn 0.7915 0.1982 0.5781
vn -0.0622 -0.7453 0.6639
vn 0.3049 -0.6603 0.6863
vn -0.3691 -0.6980 0.6136
vn -0.6591 -0.4356 0.6130
vn -0.3011 0.0592 -0.9518
vn -0.4021 -0.0862 -0.9115
vn -0.0643 0.9803 0.1868
vn -0.1102 0.9859 0.1256
vn 0.0151 0.9888 0.1486
vn -0.7825 -0.2333 0.5773
vn -0.2741 0.1314 -0.9527
vn -0.2937 -0.3803 -0.8770
vn -0.0860 -0.2495 0.9645
vn -0.9125 0.1038 0.3957
vn 0.8672 -0.2378 0.4375
vn 0.6266 -0.4047 -0.6660
vn -0.6255 0.5620 0.5412
vn -0.6892 -0.3835 0.6148
vn -0.3221 -0.6274 0.7089
vn -0.7727 -0.2997 0.5595
vn 0.5557 -0.4709 -0.6851
vn 0.2943 -0.6759 0.6757
vn -0.8281 -0.1905 0.5272
vn -0.4037 -0.6859 0.6055
vn 0.7541 0.4110 0.5123
vn -0.2352 -0.6936 -0.6809
vn -0.4093 -0.6109 -0.6777
vn 0.1652 -0.2297 0.9591
vn -0.3237 -0.5910 0.7389
vn -0.3282 0.0509 -0.9432
vn 0.1198 0.7611 0.6375
vn 0.5722 -0.0811 -0.8161
vn -0.0055 -0.6708 0.7417
vn -0.4528 -0.1396 -0.8806
vn -0.4074 -0.3285 -0.8521
vn 0.7506 0.2872 0.5950
vn -0.1289 0.9697 0.2075
vn -0.8922 0.2709 0.3614
vn -0.5222 -0.4956 0.6940
vn -0.6498 0.7175 0.2510
vn -0.3817 0.9029 0.1978
vn 0.7951 -0.3043 0.5247
vn 0.3028 -0.3183 -0.8983
vn -0.1412 0.9717 0.1895
vn -0.1547 0.9783 0.1378
vn -0.4485 -0.5724 0.6864
vn -0.3690 -0.5794 -0.7267
vn -0.5354 -0.4911 0.6872
vn 0.2268 -0.1956 0.9541
vn 0.2505 -0.6756 0.6934
vn -0.3948 0.6859 0.6112
vn 0.4215 -0.6013 0.6789
vn 0.2140 0.9373 0.2749
vn 0.6868 0.5253 0.5024
vn 0.2896 -0.6082 0.7390
vn 0.1349 -0.7430 0.6555
vn 0.7395 -0.3888 0.5495
vn 0.7337 -0.0438 0.6781
vn -0.4035 -0.0811 -0.9114
vn -0.3051 0.9288 0.2102
vn 0.1324 -0.7437 0.6553
vn -0.3271 -0.3343 -0.8839
vn -0.2238 -0.6107 0.7596
vn -0.4698 -0.2489 -0.8470
vn -0.0541 0.8894 0.4540
vn -0.3718 -0.5732 0.7303
vn -0.4660 -0.2513 -0.8483
vn 0.3038 0.8970 0.3212
vn 0.7650 -0.0205 0.6437
vn -0.1896 -0.7367 0.6491
vn 0.7562 0.2964 0.5834
vn -0.3610 -0.6956 0.6211
vn 0.6087 -0.1836 -0.7719
vn 0.7292 -0.3585 0.5829
vn -0.1209 0.1656 -0.9788
vn -0.0432 0.8277 0.5596
vn 0.1263 0.9627 0.2392
vn -0.1738 -0.5878 0.7901
vn -0.1206 0.1712 -0.9778
vn 0.7088 -0.0874 0.7000
vn -0.4226 -0.4430 -0.7907
vn 0.7257 0.4058 0.5557
vn -0.6592 -0.4305 0.6165
vn -0.7594 -0.3081 0.5731
vn -0.2925 0.9312 0.2176
vn 0.3457 -0.6500 -0.6767
vn -0.3539 -0.1286 0.9264
vn 0.2265 0.1314 -0.9651
vn -0.8037 -0.2039 0.5591
vn 0.4887 -0.0276 -0.8720
vn 0.4226 -0.0396 0.9055
vn 0.1031 0.9629 0.2495
vn 0.1239 -0.1513 0.9807
vn 0.6134 0.6316 0.4741
vn -0.3410 0.0252 -0.9397
vn -0.4109 -0.5589 0.7203
vn -0.2315 0.4944 0.8378
vn 0.7565 0.0810 0.6489
vn -0.2054 0.4635 0.8620
vn -0.6835 0.6563 0.3194
vn -0.2479 -0.6955 0.6744
vn 0.2169 0.1388 -0.9663
vn -0.3951 -0.4764 -0.7855
vn -0.0112 -0.0850 -0.9963
vn 0.4039 0.0458 -0.9136
vn -0.3190 0.2600 0.9114
vn -0.1360 0.9613 0.2396
vn -0.8550 0.3558 0.3773
vn -0.5843 -0.4330 0.6864
vn 0.5498 0.1801 0.8156
vn -0.2447 0.3814 0.8915
vn 0.6234 -0.3052 -0.7199
vn 0.1899 -0.6662 0.7212
vn 0.7339 -0.0404 0.6780
vn 0.0527 -0.7224 0.6895
vn -0.2157 0.9554 0.2016
vn 0.6171 -0.4886 0.6168
vn 0.1456 -0.5679 -0.8101
vn -0.7886 0.4900 0.3714
vn -0.6816 0.6739 0.2851
vn -0.3015 -0.0726 -0.9507
vn 0.4340 0.8214 0.3702
vn 0.1806 -0.7083 -0.6824
vn -0.1152 0.9810 0.1563
vn 0.1481 -0.7313 -0.6658
vn -0.1905 0.1244 -0.9738
vn -0.8395 -0.0798 0.5375
vn -0.1572 0.8280 0.5382
vn -0.2775 -0.5981 0.7519
vn 0.7582 0.2163 0.6151
vn -0.1418 0.8321 0.5362
vn -0.9109 0.1713 0.3754
vn -0.0540 0.1949 -0.9793
vn -0.1833 -0.7101 -0.6799
vn -0.2943 0.4911 0.8198
vn 0.6939 0.4535 0.5593
vn 0.4650 -0.5774 -0.6711
vn -0.3281 -0.5533 -0.7656
vn 0.3877 0.8394 0.3810
vn -0.7594 0.5547 0.3399
vn -0.2065 0.9576 0.2010
vn -0.7210 -0.2767 0.6353
vn 0.7744 0.0477 0.6309
vn -0.7501 0.5644 0.3447
vn -0.8433 -0.1004 0.5280
vn -0.2390 -0.6696 -0.7033
vn 0.3287 -0.6319 0.7019
vn 0.0704 -0.7174 0.6931
vn 0.4694 0.7871 0.4003
vn -0.5325 0.7962 0.2874
vn 0.8411 -0.1522 0.5191
vn 0.7526 0.1395 0.6436
vn 0.5116 -0.0716 -0.8562
vn -0.8518 0.0361 0.5226
vn -0.8682 0.3065 0.3902
vn 0.1264 -0.6557 -0.7443
vn -0.5842 0.7683 0.2618
vn 0.0014 -0.0866 -0.9962
vn -0.4616 -0.3106 -0.8309
vn 0.4064 0.0638 0.9115
vn 0.6848 -0.3813 0.6210
vn -0.0432 0.1798 -0.9828
vn -0.2778 0.9269 0.2525
vn 0.6274 0.5840 0.5150
vn 0.8427 -0.2035 0.4984
vn 0.4098 -0.5391 -0.7358
vn -0.5387 0.8162 0.2088
vn 0.0751 0.8160 0.5731
vn 0.6211 -0.2510 -0.7425
vn 0.0502 0.9765 0.2098
vn 0.5971 -0.3380 -0.7275
vn -0.2771 0.2663 0.9232
vn -0.8615 0.0877 0.5002
vn -0.0260 -0.6984 0.7153
vn -0.0040 0.0765 -0.9971
vn -0.2722 -0.6373 -0.7209
vn 0.1800 -0.6691 0.7210
vn 0.6089 -0.4912 0.6229
vn 0.5685 0.6960 0.4387
vn -0.6747 -0.3458 0.6521
vn -0.2590 0.9318 0.2544
vn -0.1180 0.9779 0.1728
vn -0.2301 0.0215 -0.9729
vn 0.1270 -0.6562 -0.7438
vn -0.8406 0.3061 0.4468
vn 0.7435 -0.3242 0.5849
vn 0.1057 -0.2028 0.9735
vn 0.2847 -0.6269 0.7252
vn -0.1309 -0.7126 -0.6893
vn 0.2046 0.9391 0.2762
vn 0.7267 0.3575 0.5866
vn -0.4230 -0.4893 0.7627
vn 0.5242 0.7116 0.4679
vn -0.8560 0.3642 0.3668
vn 0.3091 0.8897 0.3360
vn 0.3373 -0.5719 0.7478
vn 0.3315 -0.5939 0.7331
vn 0.7196 -0.0196 0.6942
vn 0.2787 -0.6557 0.7017
vn 0.7168 0.2969 0.6309
vn 0.8581 -0.1559 0.4892
vn 0.6144 0.6100 0.5004
vn 0.1876 -0.0939 -0.9778
vn 0.7110 0.3540 0.6076
vn 0.1943 -0.6612 0.7246
vn 0.0611 -0.7288 -0.6820
vn 0.7415 -0.3092 0.5954
vn 0.8653 -0.0384 0.4997
vn 0.6439 -0.0571 0.7630
vn 0.5711 0.3936 0.7204
vn -0.1099 0.0032 -0.9939
vn 0.7226 0.2879 0.6284
vn -0.4564 -0.3066 -0.8353
vn -0.7925 0.4261 0.4362
vn -0.1481 0.9766 0.1561
vn -0.7818 -0.1496 0.6053
vn -0.0892 0.9621 0.2579
vn -0.4455 0.8435 0.3000
vn 0.7413 0.2011 0.6403
vn -0.1014 0.9690 0.2253
vn -0.1772 0.9589 0.2215
vn -0.7425 -0.2117 0.6356
vn 0.0068 -0.6530 0.7574
vn 0.7076 0.0685 0.7033
vn 0.0237 0.1674 -0.9856
vn 0.7480 0.1475 0.6471
vn -0.3084 -0.2542 -0.9166
vn -0.4582 -0.4661 0.7568
vn 0.2130 0.9121 0.3504
vn 0.6646 0.4141 0.6220
vn -0.2620 -0.0557 -0.9635
vn 0.2795 -0.6369 0.7185
vn 0.4255 -0.0233 -0.9047
vn 0.5786 0.0657 0.8130
vn -0.8040 0.4749 0.3579
vn 0.2046 -0.6451 0.7362
vn 0.8166 -0.2240 0.5319
vn -0.3208 -0.1040 -0.9414
vn -0.5849 -0.3750 0.7192
vn -0.1469 0.9704 0.1918
vn 0.1582 -0.6757 0.7200
vn -0.8489 0.1121 0.5166
vn -0.1391 -0.6773 0.7224
vn -0.2965 -0.5485 0.7818
vn -0.3632 -0.4815 0.7976
vn -0.1172 0.0979 -0.9883
vn -0.1861 0.8424 0.5057
vn -0.3842 0.8822 0.2722
vn -0.0295 -0.6871 -0.7260
vn -0.1747 -0.7196 -0.6720
vn 0.3320 -0.1245 0.9350
vn 0.6586 -0.3769 0.6513
vn -0.7845 0.4532 0.4234
vn -0.7297 0.5754 0.3695
vn -0.1641 -0.5998 0.7832
vn 0.7086 0.1576 0.6878
vn 0.7352 0.2092 0.6448
vn -0.0419 -0.7045 0.7085
vn 0.5083 -0.4716 0.7206
vn -0.4633 -0.5963 0.6555
vn -0.8042 -0.0749 0.5897
vn 0.0211 0.8507 0.5252
vn 0.8589 -0.1550 0.4881
vn -0.2721 0.1259 0.9540
vn -0.6375 0.6695 0.3813
vn -0.0279 -0.6876 -0.7255
vn -0.8114 -0.0685 0.5805
vn 0.5396 -0.3541 -0.7638
vn -0.0152 -0.6179 0.7861
vn 0.8657 -0.0390 0.4991
vn -0.0425 -0.0331 -0.9985
vn 0.6708 0.4531 0.5871
vn 0.0929 -0.6740 0.7328
vn 0.2830 -0.6900 -0.6662
vn -0.1591 0.9646 0.2103
vn -0.1168 -0.7473 -0.6541
vn -0.6449 -0.3073 0.6998
vn 0.4812 0.7475 0.4579
vn -0.0595 -0.2151 0.9748
vn 0.3077 0.0043 -0.9515
vn -0.5145 0.7759 0.3651
vn -0.3364 -0.5358 0.7745
vn 0.2240 0.1142 -0.9679
vn -0.4500 0.8414 0.2992
vn 0.3440 -0.5880 0.7320
vn 0.0258 0.1352 -0.9905
vn -0.7174 -0.2573 0.6475
vn -0.0937 0.9758 0.1976
vn -0.3110 0.9048 0.2907
vn -0.3929 -0.5223 0.7569
vn 0.5174 -0.4747 -0.7120
vn 0.5452 0.6303 0.5527
vn -0.1113 0.9756 0.1892
vn 0.3758 0.8319 0.4082
vn 0.1677 -0.2529 0.9528
vn -0.8397 0.1902 0.5087
vn 0.7115 0.0633 0.6998
vn 0.2748 0.8855 0.3747
vn -0.6698 0.6551 0.3497
vn 0.2186 -0.1831 0.9585
vn -0.8011 0.0419 0.5971
vn 0.5611 -0.4679 0.6828
vn -0.2723 -0.5258 0.8059
vn 0.4300 -0.0158 0.9027
vn -0.1865 0.9632 0.1935
vn -0.6481 -0.3379 0.6824
vn -0.6978 -0.2559 0.6691
vn 0.1810 -0.5210 0.8341
vn 0.3265 -0.5277 0.7841
vn -0.1120 0.8816 0.4585
vn 0.6987 0.1370 0.7022
vn -0.5615 -0.3634 0.7434
vn -0.2065 0.0553 -0.9769
vn 0.3390 -0.5687 0.7494
vn 0.3802 -0.5550 0.7398
vn -0.1864 -0.5240 0.8311
vn -0.2676 0.0374 -0.9628
vn -0.1352 0.1237 -0.9831
vn 0.1048 0.9470 0.3038
vn -0.1555 -0.0209 -0.9876
vn -0.6214 0.6510 0.4360
vn -0.4881 -0.2985 0.8202
vn -0.8234 0.2650 0.5018
vn -0.2087 0.5151 0.8313
vn -0.3484 0.8911 0.2909
vn 0.7872 -0.2266 0.5735
vn -0.7444 -0.1637 0.6473
vn -0.2195 -0.6399 0.7365
vn 0.7254 -0.2932 0.6228
vn -0.3226 -0.1047 -0.9407
vn 0.6939 0.2063 0.6899
vn -0.2769 -0.6029 -0.7482
vn 0.2815 -0.5883 0.7581
vn -0.7615 -0.0384 0.6470
vn 0.0489 0.9754 0.2147
vn -0.8192 0.1103 0.5628
vn -0.7810 0.3905 0.4874
vn -0.3393 0.3756 0.8625
vn 0.0147 0.9902 0.1391
vn -0.1800 -0.6626 -0.7270
vn -0.7421 -0.1689 0.6487
vn -0.8027 0.0432 0.5948
vn 0.6557 -0.3790 0.6530
vn 0.2123 -0.6193 0.7559
vn 0.6054 0.5524 0.5730
vn 0.5461 0.6294 0.5529
vn -0.1998 -0.6341 0.7470
vn -0.5543 -0.2966 0.7777
vn -0.0242 -0.5386 0.8422
vn -0.4734 -0.3978 0.7859
vn 0.4362 0.7559 0.4883
vn -0.5362 0.7603 0.3666
vn 0.3048 0.8546 0.4204
vn 0.0806 -0.6299 0.7725
vn -0.3682 0.1882 0.9105
vn 0.6343 0.3206 0.7034
vn 0.4931 -0.4671 0.7339
vn 0.0075 -0.5892 0.8079
vn 0.2187 -0.6109 0.7609
vn -0.5336 0.7636 0.3635
vn -0.7997 0.1790 0.5731
vn 0.2136 0.9460 0.2437
vn -0.3152 -0.3176 -0.8943
vn 0.6072 -0.3793 0.6981
vn -0.1642 0.0181 -0.9863
vn 0.6362 0.4173 0.6489
vn 0.1204 -0.6069 -0.7856
vn -0.1508 -0.6586 0.7372
vn -0.7989 0.1556 0.5810
vn 0.8215 -0.0278 0.5696
vn -0.3535 -0.5951 0.7217
vn -0.0272 -0.0359 -0.9990
vn -0.8369 0.1943 0.5117
vn -0.3168 -0.4761 0.8203
vn -0.3672 -0.1692 -0.9146
vn 0.5776 0.5628 0.5914
vn 0.3994 -0.4743 0.7846
vn 0.1507 -0.5854 0.7966
vn -0.6596 -0.1982 0.7251
vn 0.1581 -0.5836 0.7965
vn -0.4378 -0.5766 0.6898
vn 0.0918 -0.0493 -0.9946
vn -0.3106 -0.4301 0.8477
vn 0.2448 -0.5930 0.7671
vn 0.4236 -0.0387 0.9050
vn -0.4562 -0.3717 0.8086
vn -0.1780 0.9647 0.1941
vn -0.4214 0.8242 0.3783
vn -0.5846 -0.2688 0.7655
vn -0.1457 0.9619 0.2315
vn -0.0529 0.1067 -0.9929
vn 0.2432 -0.5589 0.7927
vn 0.3994 -0.0859 -0.9128
vn -0.3601 -0.4893 -0.7943
vn 0.6723 0.2856 0.6829
vn 0.0151 -0.0003 -0.9999
vn -0.0126 -0.6215 0.7833
vn -0.3494 -0.5942 0.7244
vn -0.4447 -0.5602 0.6989
vn -0.1668 -0.0668 -0.9837
vn 0.6826 0.2223 0.6962
vn 0.0291 0.9851 0.1698
vn 0.4763 -0.1739 -0.8619
vn 0.3058 -0.5641 0.7670
vn 0.3300 -0.6131 -0.7177
vn -0.4546 0.5844 0.6721
vn -0.3008 -0.0275 -0.9533
vn 0.4190 -0.5025 0.7563
vn 0.8641 0.0925 0.4948
vn 0.5415 -0.2447 -0.8043
vn 0.6142 0.3225 0.7202
vn 0.6343 0.4082 0.6566
vn -0.2785 0.8973 0.3424
vn 0.0827 -0.7197 -0.6894
vn 0.5966 0.2765 0.7534
vn -0.4301 -0.1206 0.8947
vn 0.1354 -0.5807 -0.8028
vn -0.3765 -0.4096 0.8309
vn 0.1293 0.1104 -0.9854
vn -0.1857 -0.5236 0.8315
vn -0.7706 0.3914 0.5030
vn -0.0407 -0.6269 -0.7780
vn -0.8120 0.0390 0.5823
vn -0.0138 -0.6971 -0.7168
vn -0.5944 -0.2294 0.7708
vn -0.3426 -0.2273 -0.9116
vn 0.6191 0.1063 0.7781
vn -0.0349 0.0893 -0.9954
vn 0.0411 -0.6157 0.7869
vn -0.1945 -0.6120 0.7666
vn -0.3024 -0.5085 0.8062
vn -0.7816 0.0296 0.6231
vn -0.2234 0.9171 0.3303
vn 0.2118 0.9122 0.3507
vn 0.7501 -0.1894 0.6337
vn 0.3980 0.7706 0.4978
vn 0.6682 0.2691 0.6936
vn 0.8519 0.1738 0.4940
vn 0.2790 -0.6120 -0.7400
vn -0.6966 0.5367 0.4762
vn -0.1016 0.9385 0.3301
vn 0.4384 0.7583 0.4824
vn -0.1824 0.9314 0.3149
vn -0.0556 -0.7291 -0.6822
vn 0.3128 0.8850 0.3448
vn -0.7765 0.3028 0.5525
vn -0.7235 -0.0788 0.6858
vn -0.3448 -0.4017 -0.8484
vn -0.1840 -0.6958 -0.6943
vn 0.1008 0.9622 0.2532
vn -0.6956 0.5428 0.4707
vn 0.2932 -0.5327 0.7939
vn 0.7228 -0.2168 0.6561
vn 0.2506 -0.5622 0.7881
vn -0.3280 -0.5398 -0.7753
vn 0.4106 -0.4824 0.7737
vn 0.6098 -0.3811 0.6949
vn -0.3610 -0.3298 -0.8723
vn 0.7827 -0.1037 0.6136
vn 0.2818 -0.2090 0.9364
vn 0.8150 -0.0129 0.5793
vn 0.3308 -0.2048 0.9212
vn 0.5749 0.5544 0.6018
vn -0.3230 -0.3081 -0.8948
vn 0.3588 0.0475 -0.9322
vn -0.4829 -0.5211 0.7037
vn -0.7196 0.5090 0.4724
vn 0.3080 -0.5314 0.7892
vn -0.0306 -0.6083 0.7932
vn 0.4805 -0.4322 -0.7631
vn -0.0648 -0.6077 0.7915
vn 0.3608 0.8877 0.2861
vn 0.1987 -0.2493 0.9478
vn -0.2520 0.1117 0.9613
vn -0.3607 0.8478 0.3889
vn -0.1866 -0.1421 -0.9721
vn 0.2316 -0.1788 0.9562
vn 0.1384 -0.6222 -0.7705
vn -0.7660 0.2937 0.5719
vn 0.8552 0.1023 0.5081
vn -0.0208 0.9677 0.2512
vn -0.2355 0.9364 0.2603
vn -0.6602 -0.1971 0.7248
vn 0.3927 -0.5463 -0.7398
vn 0.7545 -0.1475 0.6396
vn -0.7826 0.1286 0.6091
vn -0.2226 0.8169 0.5320
vn -0.0421 -0.0554 -0.9976
vn 0.1719 -0.5336 0.8281
vn -0.2552 0.9304 0.2633
vn -0.3291 -0.4435 0.8337
vn -0.1435 0.8373 0.5276
vn -0.1582 -0.0831 -0.9839
vn -0.3423 -0.0966 -0.9346
vn -0.7651 0.2419 0.5967
vn 0.0639 -0.0450 -0.9969
vn -0.1286 0.9640 0.2327
vn 0.6685 -0.3001 0.6805
vn 0.1761 0.9683 0.1769
vn -0.4401 -0.2247 0.8694
vn -0.7360 -0.0494 0.6752
vn 0.0050 -0.4984 0.8669
vn 0.6930 0.5329 0.4855
vn -0.5021 -0.3146 0.8056
vn -0.4471 0.8012 0.3978
vn -0.5351 0.7089 0.4596
vn 0.3606 0.8882 0.2847
vn 0.3833 -0.4536 0.8046
vn 0.4123 -0.5390 -0.7345
vn 0.0888 -0.5499 0.8305
vn -0.1113 -0.6119 -0.7831
vn 0.3318 -0.1412 0.9327
vn 0.5767 0.5102 0.6380
vn -0.4121 -0.3663 0.8343
vn -0.1500 0.9563 0.2509
vn 0.5962 -0.3403 0.7272
vn 0.3221 -0.5022 0.8026
vn 0.4772 -0.3976 0.7838
vn 0.4750 -0.3502 -0.8073
vn 0.1081 0.0801 -0.9909
vn -0.3588 0.8478 0.3904
vn 0.1025 -0.2841 0.9533
vn -0.3454 -0.2259 -0.9108
vn -0.7536 0.0607 0.6545
vn -0.1503 0.9299 0.3356
vn 0.2881 0.9294 0.2307
vn -0.2919 -0.4453 0.8465
vn 0.6746 -0.2933 0.6774
vn -0.2326 0.9168 0.3247
vn 0.7821 -0.1098 0.6133
vn -0.2960 0.8756 0.3817
vn 0.8278 0.0951 0.5530
vn 0.4304 -0.0267 -0.9022
vn 0.8458 0.1825 0.5014
vn 0.6996 -0.2209 0.6795
vn 0.2940 -0.5260 0.7981
vn 0.3038 -0.0023 -0.9527
vn 0.6591 0.1542 0.7360
vn 0.3409 -0.4666 0.8161
vn 0.4707 -0.1252 -0.8734
vn 0.4925 0.6560 0.5719
vn 0.2952 0.0028 -0.9554
vn 0.2598 -0.1504 -0.9539
vn -0.7403 0.4286 0.5178
vn 0.2194 -0.5142 0.8291
vn -0.2739 0.1258 0.9535
vn -0.2672 -0.1631 -0.9497
vn -0.1159 -0.5303 0.8399
vn -0.0869 -0.6597 -0.7465
vn -0.1121 0.9596 0.2582
vn -0.1021 0.9633 0.2482
vn 0.1988 -0.6577 -0.7265
vn 0.0072 -0.5011 0.8654
vn -0.2095 -0.4153 0.8852
vn -0.2699 0.8670 0.4189
vn -0.3392 -0.5441 0.7674
vn 0.6894 -0.1980 0.6968
vn -0.2791 -0.2154 -0.9358
vn -0.7566 0.1278 0.6413
vn 0.1257 -0.5233 0.8428
vn 0.7919 0.1762 0.5847
vn -0.3108 -0.4266 -0.8494
vn 0.4983 0.8030 0.3269
vn 0.5338 0.5874 0.6082
vn -0.0298 -0.6182 -0.7854
vn -0.6672 0.5454 0.5074
vn -0.6940 0.4398 0.5700
vn -0.3710 0.3343 0.8664
vn -0.7004 0.0261 0.7132
vn -0.7695 0.2440 0.5902
vn 0.1623 -0.5211 0.8379
vn -0.3697 0.3024 0.8785
vn -0.4190 -0.2971 0.8580
vn 0.4296 -0.3604 0.8280
vn -0.1999 -0.6469 -0.7359
vn -0.5668 0.6717 0.4771
vn 0.4861 -0.2864 -0.8256
vn -0.3072 -0.4118 -0.8579
vn -0.1173 0.9565 0.2671
vn -0.2085 -0.6627 -0.7192
vn -0.1256 -0.5677 -0.8136
vn -0.2120 -0.4136 0.8854
vn 0.5631 0.7164 0.4120
vn -0.4185 -0.2585 0.8707
vn 0.3684 -0.0430 -0.9287
vn -0.6867 0.4349 0.5825
vn -0.2822 -0.0289 -0.9589
vn 0.6893 -0.1544 0.7078
vn -0.4028 -0.3226 0.8566
vn -0.1227 0.8754 0.4677
vn 0.1535 -0.5418 0.8263
vn 0.1009 0.9778 0.1834
vn 0.0870 0.9598 0.2668
vn -0.2841 -0.0301 -0.9583
vn 0.6721 0.5147 0.5324
vn -0.2325 0.8847 0.4040
vn -0.3697 0.8088 0.4574
vn -0.1279 0.9074 0.4003
vn 0.3358 -0.4510 0.8270
vn 0.2071 -0.6456 -0.7350
vn -0.2348 -0.5495 0.8018
vn -0.0326 -0.7013 -0.7122
vn -0.6340 -0.0893 0.7681
vn 0.4763 -0.3521 -0.8057
vn -0.2921 0.8030 0.5196
vn 0.8477 0.2417 0.4723
vn 0.7183 -0.1332 0.6828
vn -0.1189 -0.5718 0.8117
vn -0.1863 0.6271 0.7563
vn 0.0864 0.0795 -0.9931
vn -0.7009 0.0515 0.7114
vn 0.7841 0.4081 0.4675
vn 0.1353 -0.0313 -0.9903
vn 0.4400 -0.4270 -0.7899
vn -0.3156 -0.5147 0.7972
vn 0.4158 -0.3352 0.8454
vn 0.6199 -0.2947 0.7273
vn 0.7299 0.5303 0.4313
vn -0.2429 -0.3204 0.9156
vn 0.3049 -0.4711 0.8277
vn 0.1189 -0.5797 -0.8061
vn -0.4450 0.7585 0.4760
vn 0.4753 -0.1737 -0.8625
vn 0.4579 -0.1873 -0.8690
vn -0.1223 -0.5981 -0.7920
vn 0.8152 0.3075 0.4908
vn -0.1949 -0.3592 0.9127
vn 0.8248 0.2991 0.4798
vn -0.5519 -0.1813 0.8140
vn -0.1552 0.0180 -0.9877
vn 0.2498 -0.4619 0.8510
vn -0.1296 0.0332 -0.9910
vn 0.1013 -0.4717 -0.8759
vn -0.0118 -0.5585 0.8294
vn 0.6113 0.6943 0.3798
vn -0.6144 0.5765 0.5387
vn 0.2530 -0.4459 0.8586
vn -0.6924 0.0653 0.7185
vn -0.1876 -0.5561 -0.8097
vn -0.4843 -0.4618 0.7431
vn -0.6449 0.4669 0.6050
vn -0.1725 0.9387 0.2983
vn -0.1823 0.9382 0.2942
vn -0.4346 0.7728 0.4624
vn 0.7296 0.5306 0.4314
vn -0.7286 0.1563 0.6668
vn -0.6978 0.3662 0.6156
vn 0.2111 -0.4538 0.8658
vn 0.0037 0.9718 0.2357
vn -0.2699 0.9094 0.3165
vn -0.5070 -0.4401 0.7411
vn 0.2113 -0.4355 0.8750
vn -0.1371 -0.1021 -0.9853
vn -0.5273 -0.0055 0.8497
vn -0.6453 -0.0957 0.7579
vn 0.4359 -0.4219 -0.7950
vn 0.7993 0.1227 0.5883
vn 0.2075 0.9447 0.2540
vn 0.2967 -0.2365 -0.9252
vn -0.0800 0.9508 0.2994
vn 0.1769 -0.6628 -0.7276
vn -0.7275 0.1592 0.6673
vn 0.4919 -0.3254 0.8075
vn -0.3100 -0.3257 0.8932
vn -0.2545 0.9147 0.3139
vn 0.4841 0.7983 0.3583
vn 0.0324 0.0388 -0.9987
vn -0.5664 0.6625 0.4902
vn 0.7647 0.0070 0.6443
vn -0.5064 -0.1984 0.8391
vn 0.6649 0.6568 0.3558
vn 0.4931 -0.3195 0.8092
vn -0.0312 -0.4797 0.8769
vn 0.0415 -0.5558 0.8303
vn -0.3022 -0.3287 0.8948
vn -0.3164 -0.4153 -0.8529
vn -0.0184 -0.0925 -0.9955
vn -0.1658 0.8799 0.4453
vn 0.7605 0.2900 0.5810
vn 0.3542 -0.4187 0.8362
vn 0.2643 -0.4311 0.8627
vn -0.7050 0.1850 0.6847
vn 0.7409 -0.0372 0.6706
vn -0.5654 -0.1269 0.8150
vn -0.6230 -0.0265 0.7818
vn -0.3646 -0.4624 0.8082
vn -0.6113 0.5728 0.5461
vn -0.4938 -0.1949 0.8475
vn -0.0670 0.9567 0.2834
vn -0.0808 0.9507 0.2993
vn -0.1893 0.9174 0.3501
vn -0.6299 0.4858 0.6060
vn -0.3543 0.4284 0.8312
vn -0.0906 0.0008 -0.9959
vn -0.7134 0.2533 0.6534
vn -0.6682 0.1898 0.7194
vn -0.2306 0.6017 0.7647
vn -0.0317 0.0593 -0.9977
vn 0.5964 -0.2545 0.7613
vn 0.1842 -0.5121 -0.8389
vn 0.1477 0.0496 -0.9878
vn -0.4580 -0.3612 0.8122
vn 0.4983 0.7986 0.3376
vn -0.4241 0.7333 0.5314
vn 0.0675 -0.5337 0.8429
vn 0.0383 -0.2823 0.9585
vn -0.3609 0.0603 0.9306
vn -0.4158 0.7584 0.5019
vn -0.2008 -0.4833 -0.8521
vn -0.1063 -0.5504 -0.8281
vn -0.0423 -0.5189 0.8538
vn 0.2675 -0.1982 0.9429
vn -0.1096 0.9419 0.3174
vn -0.0969 0.9385 0.3314
vn -0.1713 0.9326 0.3176
vn -0.2612 -0.3289 -0.9075
vn -0.1185 0.9292 0.3499
vn -0.6744 0.3498 0.6503
vn -0.5081 -0.1025 0.8552
vn -0.0356 -0.5212 0.8527
vn 0.2645 -0.4280 0.8642
vn -0.2638 -0.4509 -0.8527
vn 0.0023 -0.1114 -0.9938
vn 0.0816 -0.6711 -0.7369
vn -0.5065 -0.3976 0.7651
vn -0.1462 0.9396 0.3096
vn 0.5714 0.5324 0.6246
vn -0.2300 -0.5901 -0.7739
vn -0.5969 -0.0010 0.8023
vn 0.6216 0.6731 0.4007
vn -0.3323 -0.2009 0.9215
vn 0.6078 -0.2281 0.7606
vn 0.7594 0.0586 0.6480
vn -0.6732 0.3173 0.6680
vn -0.3573 0.7814 0.5117
vn -0.3459 0.8057 0.4809
vn 0.4173 -0.3501 -0.8386
vn 0.2258 0.9236 0.3097
vn -0.0587 0.9459 0.3190
vn 0.7500 0.4608 0.4745
vn -0.5347 -0.0497 0.8436
vn 0.0179 -0.5640 -0.8256
vn 0.7302 0.4593 0.5059
vn 0.1565 0.0266 -0.9873
vn 0.2375 -0.2685 0.9335
vn -0.5298 -0.3795 0.7585
vn -0.2606 -0.2724 0.9262
vn -0.1693 0.9358 0.3093
vn 0.3267 -0.3733 0.8683
vn -0.1025 -0.4760 0.8734
vn 0.1907 0.9147 0.3562
vn -0.3239 -0.2244 -0.9191
vn 0.1579 -0.4293 0.8892
vn 0.3414 -0.4225 0.8396
vn -0.5734 0.5128 0.6389
vn -0.2811 0.6128 0.7386
vn -0.5577 0.5788 0.5949
vn 0.6809 -0.1161 0.7231
vn -0.3193 -0.5028 0.8032
vn 0.6812 -0.1443 0.7177
vn 0.1941 -0.3758 0.9061
vn -0.3588 -0.3726 0.8558
vn 0.0308 -0.4753 0.8793
vn 0.5889 0.6568 0.4709
vn 0.3275 0.7536 0.5699
vn -0.0150 -0.2504 0.9680
vn 0.0586 -0.3457 -0.9365
vn -0.6372 0.0920 0.7652
vn -0.2930 0.8306 0.4736
vn 0.4365 0.7266 0.5305
vn -0.2124 -0.5040 -0.8372
vn -0.1783 0.8878 0.4242
vn -0.4679 0.6786 0.5662
vn -0.1795 0.9024 0.3918
vn -0.0507 0.9316 0.3600
vn 0.0812 -0.1266 -0.9886
vn 0.7615 0.2890 0.5801
vn -0.5352 -0.0904 0.8399
vn 0.5562 -0.2655 0.7875
vn -0.1110 -0.1933 -0.9748
vn -0.2562 -0.3485 -0.9016
vn -0.5939 0.0369 0.8037
vn -0.3947 -0.2267 0.8904
vn -0.6326 0.3933 0.6672
vn -0.0530 -0.1608 -0.9856
vn 0.2090 -0.2483 0.9459
vn -0.3575 -0.3742 0.8557
vn -0.0482 -0.3328 0.9418
vn 0.2712 -0.0371 -0.9618
vn -0.1723 -0.4789 0.8608
vn -0.0026 -0.3879 0.9217
vn -0.0212 -0.5765 -0.8168
vn -0.2717 0.8139 0.5136
vn 0.7060 -0.0535 0.7061
vn -0.5324 -0.0587 0.8445
vn -0.6143 0.2772 0.7388
vn 0.3762 -0.0895 -0.9222
vn 0.5800 0.6788 0.4503
vn -0.4615 0.6646 0.5876
vn -0.2159 0.8955 0.3892
vn 0.2345 -0.4210 0.8762
vn 0.3272 -0.5227 -0.7872
vn 0.0614 -0.3761 -0.9245
vn -0.6249 0.1263 0.7704
vn 0.7872 0.1831 0.5889
vn 0.1575 -0.4108 0.8980
vn 0.1302 -0.4559 0.8804
vn -0.4723 0.6426 0.6033
vn -0.2349 -0.2465 -0.9402
vn -0.5616 0.5075 0.6535
vn -0.2351 -0.4328 0.8703
vn 0.0872 0.9459 0.3126
vn -0.4662 -0.1469 0.8724
vn 0.2459 -0.4319 0.8677
vn -0.0450 0.8572 0.5129
vn -0.1021 0.9272 0.3604
vn -0.0270 -0.3609 0.9322
vn 0.3380 -0.3649 0.8676
vn 0.2836 -0.3386 0.8972
vn -0.0850 -0.6659 -0.7412
vn -0.2576 0.8088 0.5287
vn -0.2212 -0.2767 0.9352
vn 0.3453 0.8827 0.3187
vn -0.2874 -0.1457 -0.9467
vn -0.3979 0.7008 0.5921
vn -0.1829 0.8331 0.5221
vn 0.7252 0.3699 0.5808
vn -0.2076 -0.0493 -0.9770
vn 0.3878 0.8362 0.3877
vn -0.1583 -0.2037 -0.9661
vn 0.4351 -0.2668 -0.8600
vn -0.5159 -0.2950 0.8043
vn -0.2693 -0.1349 -0.9536
vn 0.4011 -0.2839 -0.8709
vn -0.3450 -0.2379 0.9079
vn 0.7096 -0.0542 0.7026
vn 0.6060 -0.1797 0.7749
vn -0.2717 0.0194 0.9622
vn -0.4464 -0.3515 0.8229
vn 0.0400 -0.3660 0.9297
vn -0.2928 0.8738 0.3881
vn -0.0125 -0.4765 -0.8791
vn 0.3218 -0.3723 0.8705
vn -0.2229 -0.4347 -0.8726
vn -0.0963 0.0153 -0.9952
vn -0.2041 0.8194 0.5356
vn -0.1731 0.9097 0.3775
vn -0.0130 0.0400 -0.9991
vn 0.4341 -0.1128 0.8938
vn 0.6638 0.5612 0.4943
vn -0.6122 0.2779 0.7403
vn 0.4627 0.6708 0.5795
vn -0.4140 -0.1572 0.8966
vn -0.5768 0.4066 0.7085
vn -0.5718 0.1545 0.8057
vn 0.0092 0.9325 0.3610
vn 0.3804 -0.1869 -0.9058
vn -0.2125 -0.5646 -0.7975
vn 0.4267 -0.3021 0.8524
vn 0.6065 -0.0553 0.7932
vn 0.0158 -0.6614 -0.7499
vn 0.2939 -0.3190 0.9010
vn 0.0089 -0.6448 -0.7643
vn -0.1200 -0.4146 0.9020
vn -0.5144 -0.2969 0.8045
vn 0.7297 0.3462 0.5896
vn 0.6762 0.0305 0.7361
vn -0.4100 0.4290 0.8049
vn 0.1045 -0.6588 -0.7450
vn 0.0394 -0.3600 0.9321
vn 0.7156 0.1904 0.6720
vn 0.4174 -0.2500 0.8736
vn -0.1266 -0.3935 0.9106
vn 0.1582 -0.4131 0.8968
vn -0.1203 -0.5044 -0.8551
vn -0.1797 0.8712 0.4569
vn -0.3111 0.7576 0.5738
vn -0.2603 -0.2131 0.9417
vn -0.1812 0.8693 0.4598
vn -0.4733 0.0126 0.8808
vn 0.2276 -0.4762 -0.8494
vn 0.4971 0.7316 0.4666
vn 0.0075 -0.2149 -0.9766
vn -0.2861 0.8675 0.4070
vn -0.5476 0.2400 0.8016
vn -0.2184 -0.3819 -0.8980
vn -0.1194 0.9089 0.3995
vn -0.0364 -0.4286 0.9028
vn 0.7047 0.2629 0.6590
vn -0.2313 -0.2901 -0.9286
vn 0.7110 0.0864 0.6978
vn -0.4493 -0.1423 0.8820
vn -0.2479 0.8189 0.5176
vn -0.0721 -0.4035 0.9121
vn 0.0388 -0.4492 0.8926
vn 0.2326 -0.3586 0.9040
vn -0.2548 -0.3850 0.8870
vn -0.2145 -0.4433 -0.8703
vn -0.4399 -0.0312 0.8975
vn 0.5785 -0.1533 0.8012
vn -0.2479 -0.1743 0.9530
vn -0.0318 -0.6204 -0.7836
vn 0.3803 0.8226 0.4226
vn 0.1022 -0.4867 -0.8675
vn 0.6950 -0.0341 0.7182
vn -0.2136 -0.0161 0.9768
vn -0.0160 -0.3440 0.9388
vn 0.6751 0.3700 0.6383
vn 0.1916 -0.3592 0.9134
vn -0.4658 -0.3137 0.8274
vn -0.2116 -0.5659 -0.7968
vn -0.1235 -0.6395 -0.7588
vn 0.6635 0.5172 0.5406
vn -0.4662 0.5490 0.6937
vn -0.3976 -0.1304 0.9082
vn 0.6025 -0.0024 0.7981
vn 0.5859 0.0123 0.8103
vn 0.2926 0.8417 0.4538
vn -0.3637 0.7025 0.6117
vn -0.1941 -0.0840 -0.9774
vn 0.7001 0.1339 0.7014
vn 0.4643 -0.1935 0.8643
vn -0.5465 0.3818 0.7453
vn 0.2542 -0.3236 0.9114
vn 0.0812 -0.6066 -0.7908
vn -0.0760 -0.4565 -0.8865
vn -0.2569 0.8715 0.4177
vn -0.4219 0.2662 0.8667
vn 0.0257 -0.4258 0.9044
vn -0.5337 0.0763 0.8422
vn -0.0482 0.8957 0.4420
vn -0.5259 0.1258 0.8412
vn -0.1197 0.9090 0.3991
vn 0.3922 -0.2369 0.8889
vn 0.2860 0.7854 0.5490
vn -0.4721 0.0127 0.8815
vn -0.3226 0.7527 0.5739
vn -0.3868 0.0699 0.9195
vn 0.7169 0.3585 0.5980
vn 0.6623 0.5172 0.5421
vn -0.2389 0.7286 0.6420
vn 0.0964 -0.3265 0.9403
vn -0.0139 0.8515 0.5243
vn 0.0099 0.8968 0.4423
vn 0.1438 -0.3614 0.9213
vn 0.1570 -0.3545 0.9218
vn -0.0464 -0.2982 0.9534
vn -0.2400 0.8050 0.5425
vn -0.0726 0.8427 0.5335
vn 0.1035 -0.4852 -0.8682
vn -0.4346 0.7109 0.5530
vn -0.1403 -0.0974 -0.9853
vn 0.1908 -0.0765 -0.9786
vn 0.3039 -0.3158 0.8988
vn -0.3233 -0.2760 -0.9052
vn -0.3361 0.8333 0.4390
vn -0.3503 0.6712 0.6533
vn -0.3589 -0.1119 0.9266
vn -0.4493 0.5878 0.6728
vn -0.1120 -0.2143 -0.9703
vn -0.4093 0.1677 0.8969
vn 0.4661 -0.1848 0.8652
vn -0.5052 -0.2331 0.8309
vn -0.1329 -0.0467 -0.9900
vn -0.5287 0.3835 0.7572
vn -0.4885 0.4222 0.7636
vn -0.2269 0.8608 0.4555
vn -0.3729 -0.0386 0.9271
vn -0.4525 0.5217 0.7232
vn -0.0604 0.9126 0.4045
vn 0.1384 0.9106 0.3894
vn -0.4426 0.0505 0.8953
vn -0.3786 -0.2544 0.8899
vn -0.4773 0.1584 0.8644
vn -0.5310 -0.1964 0.8243
vn -0.1033 -0.2904 -0.9513
vn -0.2864 -0.0979 0.9531
vn -0.2312 -0.1454 0.9620
vn 0.3615 -0.2160 -0.9070
vn 0.3609 -0.4287 -0.8282
vn 0.3524 -0.1151 -0.9288
vn 0.3237 -0.4768 -0.8173
vn -0.3521 0.5644 0.7466
vn -0.0486 -0.2799 -0.9588
vn -0.2219 0.8753 0.4297
vn -0.1135 -0.3506 0.9296
vn -0.1819 0.7740 0.6065
vn 0.3992 -0.1732 0.9003
vn 0.6931 0.2331 0.6821
vn -0.1124 -0.5948 -0.7960
vn 0.2237 -0.3176 0.9214
vn -0.0727 0.8807 0.4681
vn -0.3472 -0.2875 0.8926
vn 0.0907 -0.3832 -0.9192
vn 0.3267 -0.2599 0.9087
vn -0.5251 0.2512 0.8131
vn -0.2921 -0.5155 -0.8055
vn -0.1203 -0.5854 -0.8018
vn 0.0914 -0.3826 -0.9194
vn 0.0953 -0.3079 0.9466
vn 0.1451 0.9171 0.3713
vn 0.1880 -0.2526 0.9491
vn -0.1134 -0.3424 -0.9327
vn -0.1457 0.8904 0.4313
vn 0.1099 -0.3104 -0.9442
vn -0.2391 0.7144 0.6576
vn -0.4033 0.7593 0.5108
vn -0.3989 -0.2535 0.8812
vn -0.0631 -0.2941 -0.9537
vn -0.1740 0.8745 0.4527
vn 0.6634 0.0347 0.7474
vn -0.0751 -0.2527 -0.9646
vn 0.4345 -0.1393 0.8898
vn 0.3241 -0.2481 0.9129
vn 0.0427 -0.3910 0.9194
vn -0.1182 -0.3117 -0.9428
vn -0.2438 -0.1378 -0.9600
vn -0.2187 -0.3431 0.9135
vn 0.4492 0.7460 0.4916
vn 0.0026 0.8908 0.4544
vn 0.6796 0.3663 0.6355
vn -0.4886 0.3012 0.8189
vn -0.1038 -0.3501 -0.9309
vn -0.0507 -0.0246 -0.9984
vn -0.3383 0.8045 0.4882
vn 0.0582 -0.2312 -0.9712
vn 0.1070 -0.2529 -0.9615
vn -0.4665 0.3059 0.8299
vn 0.6198 0.1244 0.7748
vn 0.1620 -0.3558 0.9204
vn 0.5824 -0.0899 0.8079
vn 0.6003 -0.0718 0.7965
vn -0.3829 0.6152 0.6892
vn -0.2162 -0.3177 0.9232
vn -0.1349 0.8830 0.4495
vn 0.2063 -0.2976 0.9322
vn -0.4344 0.1720 0.8842
vn -0.4563 0.1593 0.8755
vn -0.0090 -0.2505 0.9681
vn 0.2717 -0.5590 -0.7834
vn 0.3988 -0.2835 -0.8721
vn 0.6541 0.2064 0.7277
vn -0.0740 -0.4162 -0.9063
vn -0.0584 -0.3280 0.9429
vn -0.0856 0.8769 0.4730
vn -0.4084 0.5146 0.7539
vn 0.6384 0.4396 0.6318
vn 0.1695 0.8615 0.4787
vn -0.2976 0.6707 0.6794
vn 0.6918 0.2332 0.6834
vn -0.3357 0.0172 0.9418
vn -0.0344 -0.6161 -0.7869
vn 0.3107 -0.3962 -0.8640
vn 0.5782 0.5683 0.5854
vn -0.1019 -0.4621 -0.8810
vn 0.0062 -0.3244 0.9459
vn 0.4559 -0.0883 0.8856
vn 0.3296 -0.1155 -0.9370
vn -0.4207 0.3471 0.8382
vn -0.4076 0.4316 0.8047
vn 0.2653 0.8280 0.4940
vn -0.1808 0.6843 0.7064
vn 0.5544 0.6097 0.5664
vn -0.1680 -0.3038 0.9378
vn -0.3538 0.5585 0.7503
vn -0.0528 0.8975 0.4379
vn 0.2131 -0.5436 -0.8118
vn 0.6162 0.4535 0.6439
vn 0.0855 -0.5944 -0.7996
vn 0.3565 -0.4137 -0.8377
s 0
usemtl _texture
f 127//1 107//1 2//1
f 122//2 46//2 48//2
f 79//3 64//3 68//3
f 13//4 47//4 61//4
f 92//5 53//5 40//5
f 72//6 10//6 22//6
f 98//7 242//7 29//7
f 66//8 85//8 100//8
f 78//9 76//9 10//9
f 65//10 189//10 44//10
f 148//11 56//11 43//11
f 148//12 49//12 56//12
f 114//13 23//13 145//13
f 10//14 72//14 55//14
f 159//15 17//15 80//15
f 42//16 15//16 39//16
f 100//17 26//17 124//17
f 26//18 51//18 124//18
f 68//19 64//19 75//19
f 38//20 143//20 23//20
f 41//21 57//21 54//21
f 40//22 53//22 112//22
f 72//23 22//23 40//23
f 68//24 75//24 82//24
f 54//25 132//25 67//25
f 28//26 173//26 102//26
f 62//27 120//27 343//27
f 31//28 120//28 62//28
f 62//29 343//29 161//29
f 87//30 49//30 9//30
f 93//31 65//31 153//31
f 9//32 1//32 87//32
f 44//33 128//33 43//33
f 43//34 115//34 44//34
f 36//35 105//35 63//35
f 53//36 92//36 52//36
f 46//37 45//37 133//37
f 189//38 65//38 93//38
f 12//39 35//39 96//39
f 57//40 41//40 178//40
f 33//41 30//41 5//41
f 47//42 131//42 61//42
f 21//43 60//43 3//43
f 66//44 134//44 28//44
f 88//45 135//45 79//45
f 88//46 79//46 68//46
f 34//47 16//47 77//47
f 113//48 30//48 118//48
f 30//49 113//49 5//49
f 90//50 1//50 37//50
f 7//51 24//51 155//51
f 24//52 154//52 155//52
f 51//53 11//53 93//53
f 14//54 97//54 86//54
f 38//55 70//55 176//55
f 75//56 104//56 82//56
f 82//57 88//57 68//57
f 115//58 43//58 56//58
f 49//59 87//59 56//59
f 90//60 87//60 1//60
f 23//61 106//61 38//61
f 58//62 109//62 4//62
f 25//63 141//63 19//63
f 130//64 17//64 8//64
f 8//65 35//65 123//65
f 32//66 13//66 61//66
f 204//67 73//67 48//67
f 78//68 10//68 55//68
f 81//69 104//69 75//69
f 97//70 14//70 83//70
f 27//71 118//71 30//71
f 50//72 45//72 89//72
f 75//73 64//73 81//73
f 15//74 71//74 39//74
f 94//75 20//75 70//75
f 74//76 59//76 121//76
f 59//77 50//77 121//77
f 105//78 34//78 77//78
f 106//79 23//79 114//79
f 12//80 5//80 103//80
f 127//81 19//81 95//81
f 94//82 52//82 20//82
f 44//83 115//83 181//83
f 98//84 73//84 204//84
f 101//85 42//85 39//85
f 290//86 214//86 135//86
f 36//87 34//87 105//87
f 119//88 58//88 76//88
f 62//89 14//89 86//89
f 156//90 184//90 134//90
f 28//91 134//91 173//91
f 115//92 56//92 144//92
f 120//93 16//93 244//93
f 130//94 8//94 123//94
f 132//95 54//95 57//95
f 101//96 39//96 140//96
f 89//97 45//97 46//97
f 69//98 29//98 99//98
f 91//99 114//99 7//99
f 139//100 51//100 93//100
f 175//101 166//101 64//101
f 74//102 41//102 59//102
f 123//103 35//103 103//103
f 90//104 37//104 42//104
f 160//105 126//105 61//105
f 131//106 47//106 2//106
f 37//107 15//107 42//107
f 131//108 160//108 61//108
f 111//109 58//109 119//109
f 103//110 5//110 138//110
f 141//111 25//111 80//111
f 173//112 83//112 102//112
f 64//113 79//113 175//113
f 487//114 137//114 188//114
f 132//115 71//115 67//115
f 24//116 6//116 154//116
f 107//117 127//117 95//117
f 118//118 27//118 109//118
f 109//119 58//119 111//119
f 130//120 177//120 17//120
f 161//121 14//121 62//121
f 134//122 66//122 100//122
f 173//123 157//123 83//123
f 35//124 12//124 103//124
f 204//125 242//125 98//125
f 60//126 21//126 32//126
f 71//127 140//127 39//127
f 244//128 16//128 34//128
f 104//129 169//129 82//129
f 153//130 65//130 44//130
f 89//131 142//131 50//131
f 141//132 95//132 19//132
f 21//133 3//133 108//133
f 33//134 5//134 12//134
f 22//135 10//135 259//135
f 3//136 99//136 29//136
f 94//137 117//137 52//137
f 102//138 167//138 28//138
f 255//139 100//139 124//139
f 46//140 201//140 89//140
f 143//141 38//141 176//141
f 79//142 266//142 175//142
f 2//143 107//143 164//143
f 116//144 119//144 76//144
f 56//145 87//145 125//145
f 117//146 171//146 52//146
f 52//147 171//147 53//147
f 41//148 74//148 178//148
f 134//149 100//149 156//149
f 76//150 58//150 110//150
f 64//151 168//151 81//151
f 177//152 80//152 17//152
f 41//153 54//153 386//153
f 26//154 100//154 85//154
f 189//155 93//155 11//155
f 151//156 48//156 73//156
f 140//157 71//157 132//157
f 200//158 30//158 252//158
f 146//159 70//159 38//159
f 146//160 94//160 70//160
f 47//161 373//161 2//161
f 190//162 42//162 101//162
f 83//163 14//163 102//163
f 116//164 76//164 78//164
f 62//165 86//165 31//165
f 44//166 189//166 128//166
f 157//167 97//167 83//167
f 168//168 211//168 81//168
f 64//169 166//169 168//169
f 103//170 163//170 123//170
f 152//171 98//171 69//171
f 145//172 7//172 114//172
f 4//173 109//173 27//173
f 159//174 80//174 25//174
f 110//175 58//175 4//175
f 141//176 80//176 215//176
f 180//177 118//177 109//177
f 174//178 113//178 118//178
f 32//179 126//179 60//179
f 487//180 669//180 18//180
f 9//181 383//181 1//181
f 135//182 214//182 79//182
f 229//183 53//183 171//183
f 229//184 112//184 53//184
f 182//185 93//185 153//185
f 16//186 105//186 77//186
f 6//187 63//187 154//187
f 162//188 51//188 139//188
f 162//189 124//189 51//189
f 97//190 157//190 220//190
f 86//191 187//191 31//191
f 121//192 50//192 142//192
f 250//193 3//193 29//193
f 178//194 74//194 136//194
f 74//195 121//195 179//195
f 163//196 103//196 138//196
f 32//197 61//197 126//197
f 48//198 46//198 129//198
f 150//199 87//199 90//199
f 90//200 42//200 150//200
f 139//201 93//201 182//201
f 73//202 98//202 152//202
f 116//203 78//203 185//203
f 3//204 199//204 99//204
f 51//205 84//205 11//205
f 46//206 122//206 201//206
f 66//207 28//207 281//207
f 88//208 230//208 135//208
f 185//209 78//209 55//209
f 408//210 19//210 127//210
f 123//211 177//211 130//211
f 5//212 113//212 138//212
f 180//213 109//213 111//213
f 150//214 125//214 87//214
f 207//215 8//215 17//215
f 146//216 38//216 193//216
f 112//217 229//217 183//217
f 82//218 313//218 88//218
f 174//219 118//219 180//219
f 153//220 44//220 181//220
f 181//221 115//221 144//221
f 158//222 107//222 95//222
f 147//223 41//223 351//223
f 16//224 206//224 105//224
f 193//225 38//225 106//225
f 114//226 246//226 106//226
f 122//227 48//227 151//227
f 140//228 209//228 101//228
f 72//229 40//229 112//229
f 202//230 124//230 162//230
f 266//231 79//231 214//231
f 82//232 169//232 313//232
f 150//233 42//233 190//233
f 132//234 57//234 178//234
f 235//235 141//235 215//235
f 95//236 197//236 158//236
f 7//237 155//237 91//237
f 487//238 188//238 341//238
f 117//239 192//239 222//239
f 182//240 153//240 224//240
f 60//241 199//241 3//241
f 94//242 192//242 117//242
f 195//243 63//243 105//243
f 29//244 69//244 98//244
f 166//245 175//245 227//245
f 276//246 63//246 6//246
f 209//247 208//247 101//247
f 172//248 204//248 48//248
f 50//249 251//249 45//249
f 186//250 111//250 119//250
f 76//251 110//251 389//251
f 74//252 179//252 136//252
f 215//253 80//253 198//253
f 120//254 31//254 16//254
f 72//255 112//255 183//255
f 182//256 223//256 139//256
f 191//257 140//257 132//257
f 116//258 221//258 119//258
f 19//259 408//259 25//259
f 91//260 246//260 114//260
f 15//261 289//261 71//261
f 192//262 94//262 146//262
f 224//263 153//263 181//263
f 137//264 487//264 18//264
f 196//265 181//265 144//265
f 131//266 2//266 164//266
f 138//267 113//267 210//267
f 125//268 165//268 56//268
f 165//269 144//269 56//269
f 170//270 88//270 313//270
f 30//271 200//271 27//271
f 52//272 92//272 20//272
f 96//273 33//273 12//273
f 55//274 72//274 216//274
f 177//275 198//275 80//275
f 191//276 132//276 301//276
f 92//277 40//277 22//277
f 201//278 240//278 262//278
f 31//279 206//279 16//279
f 86//280 97//280 220//280
f 50//281 59//281 147//281
f 491//282 6//282 24//282
f 100//283 255//283 156//283
f 266//284 309//284 227//284
f 101//285 208//285 190//285
f 389//286 10//286 76//286
f 227//287 175//287 266//287
f 231//288 99//288 199//288
f 146//289 212//289 192//289
f 157//290 203//290 236//290
f 211//291 104//291 81//291
f 247//292 135//292 230//292
f 149//293 104//293 211//293
f 1//294 383//294 37//294
f 177//295 123//295 225//295
f 202//296 255//296 124//296
f 224//297 245//297 182//297
f 179//298 121//298 142//298
f 213//299 32//299 21//299
f 197//300 95//300 141//300
f 117//301 222//301 171//301
f 221//302 186//302 119//302
f 241//303 509//303 137//303
f 163//304 138//304 237//304
f 216//305 72//305 183//305
f 85//306 66//306 281//306
f 328//307 180//307 111//307
f 35//308 326//308 96//308
f 166//309 248//309 168//309
f 150//310 190//310 217//310
f 194//311 88//311 170//311
f 178//312 249//312 132//312
f 106//313 246//313 278//313
f 240//314 201//314 122//314
f 151//315 240//315 122//315
f 231//316 152//316 69//316
f 173//317 134//317 226//317
f 228//318 226//318 134//318
f 185//319 55//319 216//319
f 214//320 290//320 293//320
f 234//321 126//321 160//321
f 202//322 162//322 261//322
f 174//323 180//323 219//323
f 127//324 2//324 486//324
f 27//325 292//325 4//325
f 31//326 187//326 206//326
f 45//327 251//327 423//327
f 233//328 111//328 186//328
f 328//329 111//329 233//329
f 239//330 151//330 73//330
f 182//331 245//331 223//331
f 201//332 142//332 89//332
f 191//333 254//333 140//333
f 220//334 157//334 236//334
f 13//335 32//335 213//335
f 205//336 125//336 150//336
f 136//337 179//337 283//337
f 18//338 241//338 137//338
f 231//339 69//339 99//339
f 234//340 60//340 126//340
f 239//341 240//341 151//341
f 210//342 113//342 174//342
f 317//343 354//343 239//343
f 131//344 164//344 263//344
f 84//345 51//345 26//345
f 273//346 233//346 186//346
f 230//347 88//347 194//347
f 63//348 195//348 154//348
f 193//349 212//349 146//349
f 169//350 104//350 149//350
f 173//351 203//351 157//351
f 138//352 210//352 237//352
f 18//353 409//353 241//353
f 205//354 165//354 125//354
f 198//355 272//355 215//355
f 223//356 245//356 267//356
f 286//357 70//357 20//357
f 222//358 192//358 232//358
f 225//359 123//359 163//359
f 108//360 3//360 250//360
f 260//361 202//361 257//361
f 261//362 162//362 139//362
f 255//363 184//363 156//363
f 140//364 254//364 209//364
f 292//365 27//365 200//365
f 171//366 222//366 238//366
f 229//367 171//367 238//367
f 102//368 14//368 338//368
f 163//369 237//369 275//369
f 219//370 210//370 174//370
f 183//371 305//371 216//371
f 197//372 141//372 235//372
f 166//373 227//373 392//373
f 191//374 284//374 254//374
f 201//375 262//375 142//375
f 243//376 168//376 248//376
f 229//377 238//377 264//377
f 164//378 107//378 158//378
f 228//379 134//379 184//379
f 224//380 181//380 196//380
f 17//381 159//381 280//381
f 255//382 202//382 260//382
f 154//383 195//383 435//383
f 73//384 152//384 239//384
f 49//385 271//385 9//385
f 261//386 139//386 223//386
f 208//387 268//387 190//387
f 225//388 258//388 177//388
f 198//389 177//389 258//389
f 245//390 224//390 265//390
f 212//391 232//391 192//391
f 36//392 415//392 34//392
f 187//393 287//393 206//393
f 261//394 223//394 267//394
f 273//395 186//395 221//395
f 221//396 116//396 256//396
f 203//397 173//397 226//397
f 209//398 254//398 303//398
f 189//399 717//399 128//399
f 220//400 253//400 86//400
f 249//401 178//401 136//401
f 193//402 106//402 270//402
f 268//403 217//403 190//403
f 199//404 60//404 274//404
f 170//405 382//405 194//405
f 294//406 197//406 235//406
f 129//407 46//407 133//407
f 67//408 71//408 289//408
f 221//409 256//409 312//409
f 210//410 308//410 237//410
f 217//411 205//411 150//411
f 217//412 320//412 310//412
f 249//413 136//413 283//413
f 60//414 234//414 274//414
f 443//415 553//415 24//415
f 316//416 184//416 255//416
f 253//417 220//417 318//417
f 257//418 202//418 261//418
f 91//419 155//419 246//419
f 375//420 394//420 110//420
f 249//421 301//421 132//421
f 33//422 472//422 252//422
f 207//423 35//423 8//423
f 337//424 295//424 169//424
f 391//425 85//425 281//425
f 313//426 169//426 295//426
f 50//427 147//427 251//427
f 256//428 116//428 185//428
f 180//429 299//429 219//429
f 246//430 369//430 278//430
f 265//431 224//431 196//431
f 183//432 229//432 264//432
f 209//433 303//433 208//433
f 380//434 246//434 155//434
f 152//435 231//435 296//435
f 228//436 184//436 269//436
f 167//437 102//437 342//437
f 288//438 185//438 216//438
f 487//439 341//439 795//439
f 315//440 264//440 238//440
f 337//441 169//441 149//441
f 144//442 165//442 277//442
f 359//443 379//443 333//443
f 302//444 198//444 258//444
f 274//445 231//445 199//445
f 298//446 316//446 255//446
f 226//447 236//447 203//447
f 321//448 222//448 232//448
f 196//449 144//449 277//449
f 277//450 165//450 205//450
f 270//451 106//451 278//451
f 248//452 166//452 392//452
f 334//453 193//453 270//453
f 187//454 86//454 253//454
f 10//455 389//455 259//455
f 235//456 366//456 294//456
f 303//457 323//457 208//457
f 243//458 211//458 168//458
f 275//459 225//459 163//459
f 205//460 217//460 310//460
f 237//461 308//461 275//461
f 358//462 179//462 142//462
f 143//463 176//463 286//463
f 762//464 591//464 987//464
f 265//465 306//465 245//465
f 196//466 277//466 319//466
f 255//467 260//467 298//467
f 214//468 293//468 266//468
f 211//469 243//469 330//469
f 67//470 362//470 54//470
f 301//471 311//471 191//471
f 222//472 321//472 238//472
f 245//473 306//473 314//473
f 304//474 335//474 300//474
f 142//475 262//475 291//475
f 239//476 152//476 317//476
f 285//477 197//477 364//477
f 282//478 216//478 305//478
f 188//479 1336//479 341//479
f 185//480 288//480 256//480
f 303//481 254//481 284//481
f 282//482 288//482 216//482
f 285//483 164//483 158//483
f 274//484 353//484 231//484
f 149//485 345//485 337//485
f 344//486 236//486 226//486
f 234//487 160//487 340//487
f 253//488 287//488 187//488
f 43//489 476//489 148//489
f 236//490 318//490 220//490
f 269//491 184//491 316//491
f 155//492 154//492 297//492
f 228//493 324//493 336//493
f 415//494 244//494 34//494
f 28//495 167//495 281//495
f 359//496 304//496 300//496
f 183//497 264//497 305//497
f 188//498 137//498 509//498
f 197//499 285//499 158//499
f 279//500 247//500 230//500
f 275//501 346//501 225//501
f 555//502 11//502 84//502
f 25//503 350//503 159//503
f 358//504 142//504 291//504
f 283//505 179//505 358//505
f 328//506 299//506 180//506
f 160//507 131//507 263//507
f 147//508 59//508 41//508
f 297//509 154//509 435//509
f 252//510 30//510 33//510
f 326//511 35//511 207//511
f 357//512 105//512 206//512
f 13//513 307//513 47//513
f 320//514 217//514 268//514
f 299//515 328//515 356//515
f 410//516 304//516 359//516
f 344//517 318//517 236//517
f 272//518 198//518 302//518
f 311//519 284//519 191//519
f 314//520 267//520 245//520
f 268//521 323//521 378//521
f 453//522 383//522 9//522
f 336//523 226//523 228//523
f 272//524 365//524 215//524
f 277//525 205//525 384//525
f 346//526 258//526 225//526
f 287//527 357//527 206//527
f 296//528 466//528 317//528
f 267//529 348//529 261//529
f 261//530 322//530 257//530
f 250//531 29//531 242//531
f 268//532 208//532 323//532
f 298//533 396//533 316//533
f 332//534 359//534 300//534
f 319//535 347//535 196//535
f 273//536 221//536 312//536
f 338//537 763//537 342//537
f 337//538 485//538 295//538
f 532//539 511//539 334//539
f 282//540 376//540 288//540
f 160//541 263//541 331//541
f 306//542 265//542 325//542
f 347//543 265//543 196//543
f 591//544 242//544 204//544
f 258//545 346//545 302//545
f 92//546 22//546 398//546
f 348//547 267//547 314//547
f 334//548 212//548 193//548
f 379//549 359//549 332//549
f 349//550 328//550 233//550
f 308//551 210//551 329//551
f 329//552 299//552 352//552
f 176//553 70//553 286//553
f 329//554 210//554 219//554
f 67//555 654//555 362//555
f 264//556 315//556 305//556
f 260//557 339//557 298//557
f 260//558 257//558 339//558
f 332//559 479//559 379//559
f 283//560 327//560 249//560
f 312//561 256//561 376//561
f 292//562 375//562 4//562
f 410//563 359//563 333//563
f 299//564 329//564 219//564
f 331//565 340//565 160//565
f 380//566 155//566 297//566
f 367//567 232//567 212//567
f 316//568 355//568 269//568
f 233//569 273//569 349//569
f 350//570 280//570 159//570
f 261//571 348//571 322//571
f 172//572 591//572 204//572
f 235//573 215//573 366//573
f 421//574 339//574 322//574
f 226//575 387//575 344//575
f 269//576 324//576 228//576
f 249//577 327//577 301//577
f 319//578 377//578 347//578
f 309//579 266//579 395//579
f 92//580 541//580 20//580
f 354//581 240//581 239//581
f 369//582 246//582 380//582
f 145//583 23//583 143//583
f 289//584 15//584 37//584
f 135//585 247//585 290//585
f 402//586 37//586 383//586
f 344//587 437//587 360//587
f 360//588 446//588 287//588
f 386//589 54//589 362//589
f 373//590 486//590 2//590
f 308//591 361//591 275//591
f 361//592 308//592 388//592
f 325//593 314//593 306//593
f 234//594 340//594 274//594
f 375//595 110//595 4//595
f 397//596 400//596 346//596
f 226//597 336//597 387//597
f 195//598 105//598 357//598
f 315//599 238//599 321//599
f 353//600 274//600 340//600
f 597//601 405//601 250//601
f 322//602 339//602 257//602
f 368//603 328//603 349//603
f 129//604 172//604 48//604
f 326//605 477//605 96//605
f 287//606 253//606 360//606
f 347//607 390//607 265//607
f 357//608 411//608 195//608
f 313//609 404//609 170//609
f 317//610 152//610 296//610
f 164//611 285//611 263//611
f 371//612 273//612 312//612
f 344//613 387//613 413//613
f 573//614 26//614 85//614
f 352//615 299//615 356//615
f 14//616 161//616 338//616
f 339//617 421//617 298//617
f 305//618 431//618 370//618
f 393//619 92//619 398//619
f 194//620 374//620 230//620
f 318//621 344//621 360//621
f 360//622 253//622 318//622
f 453//623 9//623 271//623
f 256//624 288//624 376//624
f 36//625 63//625 276//625
f 268//626 378//626 320//626
f 148//627 476//627 271//627
f 419//628 425//628 348//628
f 197//629 294//629 364//629
f 295//630 304//630 410//630
f 291//631 412//631 358//631
f 41//632 386//632 351//632
f 386//633 362//633 638//633
f 363//634 301//634 327//634
f 321//635 438//635 315//635
f 356//636 328//636 368//636
f 376//637 432//637 312//637
f 394//638 389//638 110//638
f 324//639 269//639 355//639
f 149//640 211//640 586//640
f 102//641 338//641 342//641
f 353//642 296//642 231//642
f 334//643 367//643 212//643
f 314//644 419//644 348//644
f 325//645 265//645 390//645
f 431//646 305//646 315//646
f 311//647 301//647 363//647
f 396//648 355//648 316//648
f 305//649 385//649 282//649
f 381//650 314//650 325//650
f 425//651 322//651 348//651
f 435//652 195//652 411//652
f 357//653 414//653 422//653
f 481//654 232//654 367//654
f 354//655 262//655 240//655
f 308//656 329//656 388//656
f 273//657 371//657 460//657
f 271//658 49//658 148//658
f 366//659 215//659 365//659
f 541//660 286//660 20//660
f 430//661 327//661 283//661
f 445//662 355//662 396//662
f 284//663 424//663 303//663
f 334//664 270//664 532//664
f 554//665 556//665 436//665
f 108//666 405//666 21//666
f 205//667 403//667 384//667
f 400//668 302//668 346//668
f 275//669 361//669 397//669
f 396//670 421//670 428//670
f 298//671 421//671 396//671
f 314//672 381//672 419//672
f 272//673 302//673 365//673
f 346//674 275//674 397//674
f 263//675 416//675 331//675
f 291//676 436//676 412//676
f 304//677 295//677 568//677
f 481//678 321//678 232//678
f 13//679 418//679 307//679
f 420//680 336//680 324//680
f 276//681 6//681 491//681
f 403//682 205//682 310//682
f 266//683 527//683 395//683
f 439//684 388//684 427//684
f 283//685 358//685 468//685
f 368//686 462//686 356//686
f 449//687 285//687 364//687
f 430//688 283//688 468//688
f 385//689 376//689 282//689
f 385//690 305//690 370//690
f 247//691 279//691 755//691
f 320//692 463//692 310//692
f 503//693 200//693 252//693
f 390//694 347//694 377//694
f 425//695 426//695 322//695
f 22//696 259//696 398//696
f 352//697 356//697 433//697
f 37//698 402//698 372//698
f 416//699 263//699 285//699
f 421//700 322//700 426//700
f 440//701 363//701 430//701
f 11//702 717//702 189//702
f 541//703 92//703 393//703
f 414//704 357//704 497//704
f 357//705 287//705 497//705
f 284//706 311//706 406//706
f 377//707 319//707 277//707
f 427//708 388//708 329//708
f 349//709 273//709 460//709
f 442//710 277//710 384//710
f 323//711 303//711 495//711
f 297//712 435//712 500//712
f 262//713 354//713 436//713
f 441//714 411//714 434//714
f 435//715 411//715 441//715
f 447//716 476//716 128//716
f 361//717 388//717 439//717
f 84//718 26//718 573//718
f 442//719 377//719 277//719
f 382//720 374//720 194//720
f 250//721 242//721 597//721
f 389//722 496//722 259//722
f 463//723 448//723 310//723
f 471//724 417//724 324//724
f 422//725 411//725 357//725
f 390//726 381//726 325//726
f 438//727 431//727 315//727
f 416//728 285//728 449//728
f 300//729 335//729 545//729
f 411//730 422//730 434//730
f 436//731 291//731 262//731
f 376//732 385//732 450//732
f 432//733 376//733 450//733
f 501//734 419//734 478//734
f 410//735 594//735 295//735
f 350//736 25//736 408//736
f 280//737 207//737 17//737
f 437//738 344//738 413//738
f 360//739 437//739 446//739
f 213//740 21//740 452//740
f 365//741 302//741 400//741
f 400//742 474//742 365//742
f 440//743 406//743 311//743
f 463//744 378//744 454//744
f 377//745 459//745 390//745
f 474//746 458//746 366//746
f 495//747 454//747 378//747
f 469//748 493//748 441//748
f 414//749 434//749 422//749
f 434//750 467//750 469//750
f 471//751 324//751 355//751
f 420//752 324//752 417//752
f 451//753 364//753 294//753
f 527//754 266//754 293//754
f 463//755 320//755 378//755
f 429//756 371//756 312//756
f 337//757 407//757 485//757
f 445//758 471//758 355//758
f 133//759 45//759 423//759
f 312//760 432//760 429//760
f 444//761 336//761 420//761
f 507//762 420//762 417//762
f 430//763 363//763 327//763
f 441//764 493//764 576//764
f 129//765 499//765 172//765
f 412//766 468//766 358//766
f 297//767 500//767 380//767
f 554//768 466//768 642//768
f 387//769 444//769 465//769
f 481//770 506//770 457//770
f 428//771 445//771 396//771
f 485//772 568//772 295//772
f 460//773 455//773 349//773
f 495//774 303//774 424//774
f 397//775 361//775 490//775
f 378//776 323//776 495//776
f 247//777 846//777 523//777
f 385//778 370//778 488//778
f 465//779 413//779 387//779
f 440//780 311//780 363//780
f 377//781 442//781 461//781
f 568//782 335//782 304//782
f 526//783 629//783 335//783
f 429//784 460//784 371//784
f 377//785 504//785 459//785
f 508//786 442//786 384//786
f 448//787 403//787 310//787
f 284//788 406//788 424//788
f 418//789 13//789 213//789
f 425//790 419//790 501//790
f 476//791 43//791 128//791
f 432//792 494//792 429//792
f 343//793 550//793 161//793
f 400//794 505//794 474//794
f 455//795 368//795 349//795
f 457//796 438//796 321//796
f 492//797 449//797 364//797
f 542//798 286//798 541//798
f 345//799 407//799 337//799
f 381//800 390//800 456//800
f 478//801 381//801 456//801
f 365//802 474//802 366//802
f 498//803 370//803 431//803
f 294//804 366//804 458//804
f 483//805 425//805 501//805
f 354//806 317//806 554//806
f 441//807 470//807 435//807
f 584//808 332//808 300//808
f 444//809 387//809 336//809
f 374//810 279//810 230//810
f 329//811 352//811 433//811
f 343//812 120//812 569//812
f 462//813 433//813 356//813
f 419//814 381//814 478//814
f 334//815 511//815 367//815
f 784//816 227//816 309//816
f 809//817 350//817 408//817
f 446//818 489//818 287//818
f 248//819 645//819 243//819
f 457//820 321//820 481//820
f 504//821 377//821 461//821
f 403//822 508//822 384//822
f 444//823 475//823 465//823
f 450//824 385//824 488//824
f 250//825 405//825 108//825
f 498//826 488//826 370//826
f 498//827 431//827 438//827
f 399//828 340//828 331//828
f 469//829 441//829 434//829
f 435//830 470//830 500//830
f 200//831 503//831 292//831
f 529//832 492//832 364//832
f 281//833 342//833 391//833
f 400//834 397//834 490//834
f 437//835 609//835 524//835
f 342//836 281//836 167//836
f 495//837 424//837 473//837
f 392//838 582//838 248//838
f 517//839 390//839 459//839
f 484//840 300//840 545//840
f 427//841 329//841 519//841
f 270//842 278//842 531//842
f 340//843 399//843 353//843
f 437//844 413//844 465//844
f 414//845 497//845 467//845
f 426//846 428//846 421//846
f 443//847 7//847 145//847
f 427//848 530//848 439//848
f 390//849 517//849 456//849
f 460//850 516//850 538//850
f 451//851 458//851 593//851
f 519//852 329//852 433//852
f 211//853 482//853 586//853
f 483//854 426//854 425//854
f 474//855 505//855 548//855
f 467//856 434//856 414//856
f 576//857 493//857 514//857
f 472//858 96//858 477//858
f 539//859 463//859 454//859
f 207//860 280//860 502//860
f 464//861 486//861 373//861
f 458//862 451//862 294//862
f 524//863 446//863 437//863
f 515//864 368//864 455//864
f 462//865 518//865 433//865
f 570//866 145//866 143//866
f 500//867 512//867 380//867
f 120//868 244//868 569//868
f 448//869 537//869 403//869
f 523//870 293//870 290//870
f 494//871 516//871 429//871
f 24//872 553//872 491//872
f 417//873 536//873 507//873
f 495//874 473//874 520//874
f 535//875 654//875 67//875
f 518//876 519//876 433//876
f 489//877 497//877 287//877
f 37//878 372//878 289//878
f 515//879 462//879 368//879
f 483//880 561//880 426//880
f 439//881 490//881 361//881
f 537//882 508//882 403//882
f 629//883 545//883 335//883
f 533//884 493//884 522//884
f 554//885 436//885 354//885
f 317//886 466//886 554//886
f 127//887 486//887 408//887
f 415//888 36//888 276//888
f 627//889 408//889 486//889
f 536//890 578//890 507//890
f 561//891 540//891 426//891
f 463//892 525//892 448//892
f 490//893 505//893 400//893
f 467//894 497//894 559//894
f 540//895 428//895 426//895
f 439//896 530//896 521//896
f 763//897 338//897 161//897
f 401//898 333//898 379//898
f 399//899 513//899 661//899
f 509//900 1336//900 188//900
f 522//901 493//901 469//901
f 331//902 416//902 513//902
f 508//903 534//903 442//903
f 568//904 485//904 407//904
f 430//905 560//905 440//905
f 550//906 343//906 569//906
f 444//907 578//907 475//907
f 460//908 429//908 516//908
f 11//909 555//909 717//909
f 33//910 96//910 472//910
f 84//911 543//911 555//911
f 567//912 514//912 533//912
f 538//913 581//913 515//913
f 417//914 471//914 536//914
f 450//915 549//915 432//915
f 676//916 244//916 415//916
f 535//917 67//917 289//917
f 600//918 631//918 615//918
f 461//919 534//919 504//919
f 450//920 488//920 546//920
f 438//921 510//921 498//921
f 473//922 424//922 406//922
f 440//923 563//923 406//923
f 495//924 520//924 454//924
f 391//925 342//925 1041//925
f 530//926 427//926 557//926
f 538//927 455//927 460//927
f 552//928 428//928 540//928
f 551//929 505//929 490//929
f 544//930 478//930 456//930
f 475//931 437//931 465//931
f 464//932 592//932 486//932
f 557//933 427//933 519//933
f 507//934 444//934 420//934
f 529//935 364//935 451//935
f 446//936 524//936 489//936
f 517//937 574//937 456//937
f 595//938 710//938 554//938
f 579//939 500//939 576//939
f 481//940 367//940 511//940
f 449//941 513//941 416//941
f 412//942 436//942 556//942
f 578//943 444//943 507//943
f 391//944 573//944 85//944
f 572//945 510//945 438//945
f 404//946 313//946 295//946
f 380//947 512//947 369//947
f 521//948 490//948 439//948
f 564//949 483//949 501//949
f 750//950 479//950 332//950
f 552//951 565//951 445//951
f 372//952 535//952 289//952
f 404//953 295//953 594//953
f 548//954 458//954 474//954
f 525//955 537//955 448//955
f 501//956 478//956 544//956
f 423//957 251//957 147//957
f 468//958 653//958 430//958
f 513//959 399//959 331//959
f 598//960 596//960 662//960
f 712//961 757//961 661//961
f 445//962 600//962 471//962
f 559//963 558//963 467//963
f 536//964 471//964 600//964
f 330//965 482//965 211//965
f 572//966 438//966 457//966
f 455//967 538//967 515//967
f 450//968 546//968 549//968
f 564//969 561//969 483//969
f 750//970 332//970 584//970
f 531//971 532//971 270//971
f 528//972 402//972 383//972
f 353//973 657//973 595//973
f 661//974 353//974 399//974
f 577//975 567//975 598//975
f 469//976 467//976 522//976
f 514//977 493//977 533//977
f 577//978 514//978 567//978
f 480//979 389//979 394//979
f 523//980 290//980 247//980
f 609//981 437//981 566//981
f 383//982 453//982 528//982
f 428//983 552//983 445//983
f 562//984 488//984 498//984
f 330//985 243//985 853//985
f 619//986 520//986 575//986
f 470//987 441//987 576//987
f 488//988 562//988 546//988
f 534//989 461//989 442//989
f 571//990 432//990 549//990
f 743//991 293//991 523//991
f 459//992 504//992 517//992
f 369//993 512//993 531//993
f 576//994 500//994 470//994
f 573//995 543//995 84//995
f 463//996 539//996 525//996
f 518//997 462//997 515//997
f 582//998 392//998 794//998
f 437//999 475//999 566//999
f 456//1000 574//1000 544//1000
f 405//1001 452//1001 21//1001
f 473//1002 406//1002 575//1002
f 575//1003 406//1003 563//1003
f 128//1004 717//1004 447//1004
f 513//1005 449//1005 625//1005
f 532//1006 605//1006 511//1006
f 494//1007 588//1007 516//1007
f 586//1008 345//1008 149//1008
f 657//1009 353//1009 661//1009
f 490//1010 521//1010 551//1010
f 508//1011 583//1011 534//1011
f 606//1012 583//1012 508//1012
f 606//1013 508//1013 537//1013
f 494//1014 571//1014 588//1014
f 47//1015 604//1015 464//1015
f 603//1016 538//1016 516//1016
f 571//1017 494//1017 432//1017
f 467//1018 618//1018 522//1018
f 518//1019 515//1019 616//1019
f 669//1020 218//1020 18//1020
f 398//1021 259//1021 496//1021
f 564//1022 602//1022 561//1022
f 510//1023 562//1023 498//1023
f 639//1024 626//1024 475//1024
f 636//1025 537//1025 525//1025
f 271//1026 476//1026 547//1026
f 539//1027 454//1027 520//1027
f 579//1028 512//1028 500//1028
f 705//1029 418//1029 213//1029
f 542//1030 881//1030 286//1030
f 279//1031 374//1031 640//1031
f 565//1032 600//1032 445//1032
f 451//1033 593//1033 529//1033
f 497//1034 489//1034 559//1034
f 467//1035 558//1035 618//1035
f 504//1036 534//1036 599//1036
f 526//1037 949//1037 629//1037
f 398//1038 496//1038 607//1038
f 521//1039 530//1039 557//1039
f 551//1040 612//1040 505//1040
f 398//1041 541//1041 393//1041
f 567//1042 533//1042 598//1042
f 506//1043 481//1043 511//1043
f 589//1044 572//1044 457//1044
f 457//1045 506//1045 589//1045
f 636//1046 606//1046 537//1046
f 405//1047 817//1047 452//1047
f 576//1048 643//1048 651//1048
f 453//1049 547//1049 528//1049
f 658//1050 609//1050 566//1050
f 521//1051 623//1051 551//1051
f 501//1052 621//1052 564//1052
f 672//1053 479//1053 750//1053
f 47//1054 464//1054 373//1054
f 477//1055 709//1055 472//1055
f 544//1056 574//1056 610//1056
f 552//1057 540//1057 620//1057
f 647//1058 667//1058 546//1058
f 519//1059 518//1059 617//1059
f 687//1060 547//1060 476//1060
f 300//1061 484//1061 584//1061
f 466//1062 608//1062 642//1062
f 605//1063 506//1063 511//1063
f 625//1064 449//1064 492//1064
f 616//1065 617//1065 518//1065
f 534//1066 583//1066 641//1066
f 653//1067 715//1067 560//1067
f 458//1068 637//1068 593//1068
f 133//1069 635//1069 129//1069
f 599//1070 517//1070 504//1070
f 581//1071 538//1071 590//1071
f 622//1072 379//1072 646//1072
f 575//1073 520//1073 473//1073
f 525//1074 539//1074 585//1074
f 533//1075 596//1075 598//1075
f 625//1076 712//1076 513//1076
f 536//1077 615//1077 578//1077
f 501//1078 544//1078 621//1078
f 18//1079 218//1079 409//1079
f 557//1080 644//1080 521//1080
f 634//1081 660//1081 512//1081
f 633//1082 647//1082 562//1082
f 562//1083 510//1083 633//1083
f 599//1084 649//1084 517//1084
f 526//1085 335//1085 568//1085
f 472//1086 614//1086 503//1086
f 247//1087 755//1087 846//1087
f 783//1088 800//1088 629//1088
f 645//1089 853//1089 243//1089
f 647//1090 546//1090 562//1090
f 577//1091 576//1091 514//1091
f 533//1092 522//1092 596//1092
f 595//1093 296//1093 353//1093
f 595//1094 642//1094 608//1094
f 430//1095 653//1095 560//1095
f 616//1096 515//1096 581//1096
f 612//1097 551//1097 623//1097
f 519//1098 617//1098 630//1098
f 630//1099 557//1099 519//1099
f 536//1100 600//1100 615//1100
f 544//1101 610//1101 648//1101
f 616//1102 581//1102 628//1102
f 613//1103 539//1103 520//1103
f 670//1104 656//1104 748//1104
f 588//1105 701//1105 603//1105
f 634//1106 512//1106 579//1106
f 546//1107 667//1107 549//1107
f 665//1108 575//1108 563//1108
f 529//1109 682//1109 492//1109
f 510//1110 572//1110 633//1110
f 607//1111 541//1111 398//1111
f 636//1112 525//1112 585//1112
f 330//1113 960//1113 482//1113
f 489//1114 524//1114 677//1114
f 563//1115 440//1115 560//1115
f 579//1116 699//1116 753//1116
f 790//1117 833//1117 673//1117
f 618//1118 580//1118 522//1118
f 643//1119 576//1119 577//1119
f 172//1120 499//1120 591//1120
f 631//1121 600//1121 565//1121
f 666//1122 613//1122 619//1122
f 499//1123 129//1123 635//1123
f 590//1124 538//1124 650//1124
f 577//1125 598//1125 662//1125
f 965//1126 404//1126 594//1126
f 453//1127 271//1127 547//1127
f 655//1128 572//1128 589//1128
f 770//1129 372//1129 402//1129
f 602//1130 620//1130 540//1130
f 604//1131 47//1131 307//1131
f 574//1132 649//1132 668//1132
f 529//1133 593//1133 737//1133
f 650//1134 538//1134 603//1134
f 503//1135 252//1135 472//1135
f 556//1136 468//1136 412//1136
f 572//1137 655//1137 659//1137
f 548//1138 637//1138 458//1138
f 613//1139 666//1139 539//1139
f 333//1140 401//1140 587//1140
f 520//1141 619//1141 613//1141
f 524//1142 609//1142 675//1142
f 649//1143 574//1143 517//1143
f 602//1144 540//1144 561//1144
f 556//1145 554//1145 710//1145
f 554//1146 642//1146 595//1146
f 710//1147 595//1147 886//1147
f 595//1148 608//1148 466//1148
f 616//1149 694//1149 617//1149
f 392//1150 227//1150 784//1150
f 248//1151 582//1151 645//1151
f 539//1152 666//1152 585//1152
f 1175//1153 1195//1153 409//1153
f 680//1154 564//1154 621//1154
f 566//1155 475//1155 626//1155
f 688//1156 476//1156 447//1156
f 559//1157 489//1157 674//1157
f 649//1158 599//1158 695//1158
f 565//1159 552//1159 620//1159
f 590//1160 650//1160 708//1160
f 656//1161 571//1161 549//1161
f 616//1162 628//1162 694//1162
f 666//1163 685//1163 585//1163
f 624//1164 345//1164 586//1164
f 632//1165 624//1165 586//1165
f 605//1166 663//1166 506//1166
f 611//1167 326//1167 207//1167
f 611//1168 207//1168 502//1168
f 639//1169 475//1169 578//1169
f 761//1170 528//1170 547//1170
f 621//1171 544//1171 648//1171
f 568//1172 407//1172 526//1172
f 607//1173 542//1173 541//1173
f 326//1174 611//1174 477//1174
f 389//1175 480//1175 496//1175
f 659//1176 633//1176 572//1176
f 623//1177 521//1177 644//1177
f 548//1178 505//1178 612//1178
f 751//1179 637//1179 548//1179
f 147//1180 720//1180 423//1180
f 881//1181 143//1181 286//1181
f 709//1182 614//1182 472//1182
f 653//1183 673//1183 715//1183
f 653//1184 468//1184 673//1184
f 558//1185 559//1185 618//1185
f 516//1186 588//1186 603//1186
f 590//1187 628//1187 581//1187
f 386//1188 638//1188 351//1188
f 557//1189 664//1189 644//1189
f 618//1190 559//1190 674//1190
f 675//1191 677//1191 524//1191
f 733//1192 133//1192 423//1192
f 686//1193 548//1193 612//1193
f 718//1194 619//1194 575//1194
f 853//1195 960//1195 330//1195
f 466//1196 296//1196 595//1196
f 577//1197 662//1197 643//1197
f 658//1198 566//1198 626//1198
f 615//1199 730//1199 689//1199
f 620//1200 679//1200 565//1200
f 695//1201 599//1201 534//1201
f 486//1202 592//1202 627//1202
f 588//1203 571//1203 656//1203
f 817//1204 405//1204 977//1204
f 663//1205 704//1205 506//1205
f 636//1206 703//1206 606//1206
f 668//1207 610//1207 574//1207
f 522//1208 580//1208 596//1208
f 651//1209 698//1209 579//1209
f 699//1210 579//1210 698//1210
f 688//1211 447//1211 871//1211
f 410//1212 333//1212 587//1212
f 790//1213 673//1213 710//1213
f 684//1214 631//1214 565//1214
f 667//1215 647//1215 700//1215
f 534//1216 641//1216 714//1216
f 667//1217 656//1217 549//1217
f 670//1218 588//1218 656//1218
f 918//1219 309//1219 395//1219
f 630//1220 664//1220 557//1220
f 784//1221 923//1221 794//1221
f 695//1222 534//1222 714//1222
f 476//1223 688//1223 687//1223
f 713//1224 630//1224 617//1224
f 601//1225 292//1225 503//1225
f 589//1226 704//1226 655//1226
f 410//1227 587//1227 594//1227
f 690//1228 665//1228 563//1228
f 690//1229 563//1229 560//1229
f 615//1230 689//1230 578//1230
f 570//1231 143//1231 881//1231
f 531//1232 278//1232 369//1232
f 759//1233 401//1233 678//1233
f 707//1234 643//1234 596//1234
f 658//1235 675//1235 609//1235
f 666//1236 619//1236 731//1236
f 958//1237 786//1237 669//1237
f 618//1238 674//1238 683//1238
f 706//1239 674//1239 677//1239
f 681//1240 606//1240 702//1240
f 661//1241 756//1241 657//1241
f 652//1242 374//1242 382//1242
f 241//1243 409//1243 1195//1243
f 651//1244 579//1244 576//1244
f 812//1245 857//1245 864//1245
f 531//1246 512//1246 660//1246
f 673//1247 468//1247 556//1247
f 683//1248 580//1248 618//1248
f 635//1249 133//1249 733//1249
f 784//1250 794//1250 392//1250
f 623//1251 716//1251 612//1251
f 737//1252 593//1252 637//1252
f 564//1253 696//1253 602//1253
f 730//1254 615//1254 631//1254
f 872//1255 573//1255 391//1255
f 506//1256 704//1256 589//1256
f 639//1257 578//1257 689//1257
f 727//1258 650//1258 603//1258
f 753//1259 660//1259 634//1259
f 606//1260 681//1260 583//1260
f 691//1261 649//1261 695//1261
f 719//1262 647//1262 633//1262
f 683//1263 674//1263 752//1263
f 623//1264 644//1264 793//1264
f 280//1265 740//1265 502//1265
f 550//1266 763//1266 161//1266
f 415//1267 276//1267 760//1267
f 170//1268 965//1268 382//1268
f 752//1269 723//1269 683//1269
f 708//1270 725//1270 590//1270
f 407//1271 345//1271 526//1271
f 727//1272 603//1272 701//1272
f 641//1273 583//1273 681//1273
f 531//1274 850//1274 532//1274
f 580//1275 683//1275 723//1275
f 723//1276 781//1276 744//1276
f 697//1277 728//1277 596//1277
f 707//1278 651//1278 643//1278
f 596//1279 643//1279 662//1279
f 404//1280 965//1280 170//1280
f 674//1281 489//1281 677//1281
f 795//1282 851//1282 487//1282
f 669//1283 487//1283 851//1283
f 705//1284 213//1284 452//1284
f 659//1285 719//1285 633//1285
f 685//1286 636//1286 585//1286
f 721//1287 675//1287 747//1287
f 665//1288 690//1288 769//1288
f 724//1289 750//1289 584//1289
f 689//1290 739//1290 639//1290
f 701//1291 588//1291 670//1291
f 548//1292 686//1292 751//1292
f 587//1293 401//1293 759//1293
f 703//1294 636//1294 685//1294
f 734//1295 657//1295 789//1295
f 661//1296 513//1296 712//1296
f 342//1297 763//1297 671//1297
f 625//1298 492//1298 692//1298
f 806//1299 621//1299 648//1299
f 648//1300 610//1300 732//1300
f 664//1301 630//1301 713//1301
f 677//1302 675//1302 721//1302
f 726//1303 714//1303 641//1303
f 280//1304 350//1304 740//1304
f 704//1305 736//1305 655//1305
f 684//1306 565//1306 679//1306
f 682//1307 529//1307 737//1307
f 591//1308 762//1308 242//1308
f 716//1309 686//1309 612//1309
f 668//1310 649//1310 691//1310
f 696//1311 564//1311 680//1311
f 620//1312 602//1312 696//1312
f 580//1313 728//1313 697//1313
f 707//1314 744//1314 698//1314
f 728//1315 707//1315 596//1315
f 766//1316 692//1316 682//1316
f 631//1317 816//1317 730//1317
f 693//1318 694//1318 628//1318
f 702//1319 606//1319 703//1319
f 719//1320 700//1320 647//1320
f 351//1321 720//1321 147//1321
f 590//1322 693//1322 628//1322
f 695//1323 714//1323 742//1323
f 918//1324 784//1324 309//1324
f 560//1325 715//1325 690//1325
f 362//1326 654//1326 638//1326
f 798//1327 659//1327 771//1327
f 657//1328 734//1328 595//1328
f 698//1329 764//1329 699//1329
f 711//1330 663//1330 605//1330
f 605//1331 532//1331 711//1331
f 575//1332 665//1332 768//1332
f 402//1333 967//1333 770//1333
f 747//1334 675//1334 749//1334
f 729//1335 621//1335 806//1335
f 719//1336 659//1336 798//1336
f 906//1337 443//1337 145//1337
f 491//1338 773//1338 276//1338
f 650//1339 727//1339 708//1339
f 741//1340 793//1340 644//1340
f 620//1341 696//1341 722//1341
f 596//1342 580//1342 697//1342
f 698//1343 651//1343 707//1343
f 745//1344 744//1344 781//1344
f 788//1345 754//1345 663//1345
f 658//1346 626//1346 739//1346
f 678//1347 401//1347 622//1347
f 752//1348 674//1348 706//1348
f 655//1349 771//1349 659//1349
f 718//1350 731//1350 619//1350
f 715//1351 769//1351 690//1351
f 797//1352 713//1352 617//1352
f 584//1353 484//1353 988//1353
f 711//1354 788//1354 663//1354
f 706//1355 677//1355 721//1355
f 979//1356 496//1356 480//1356
f 492//1357 682//1357 692//1357
f 710//1358 673//1358 556//1358
f 746//1359 667//1359 700//1359
f 749//1360 675//1360 658//1360
f 725//1361 693//1361 590//1361
f 550//1362 671//1362 763//1362
f 738//1363 682//1363 737//1363
f 800//1364 484//1364 545//1364
f 795//1365 996//1365 851//1365
f 816//1366 631//1366 684//1366
f 342//1367 791//1367 1041//1367
f 714//1368 726//1368 742//1368
f 732//1369 610//1369 668//1369
f 774//1370 732//1370 668//1370
f 751//1371 737//1371 637//1371
f 745//1372 764//1372 698//1372
f 744//1373 728//1373 580//1373
f 707//1374 728//1374 744//1374
f 680//1375 621//1375 729//1375
f 666//1376 758//1376 685//1376
f 641//1377 681//1377 782//1377
f 415//1378 1020//1378 676//1378
f 627//1379 809//1379 408//1379
f 739//1380 626//1380 639//1380
f 722//1381 679//1381 620//1381
f 640//1382 755//1382 279//1382
f 736//1383 704//1383 754//1383
f 779//1384 443//1384 906//1384
f 382//1385 965//1385 1000//1385
f 778//1386 701//1386 670//1386
f 774//1387 668//1387 691//1387
f 634//1388 579//1388 753//1388
f 887//1389 710//1389 886//1389
f 1041//1390 872//1390 391//1390
f 555//1391 767//1391 717//1391
f 797//1392 694//1392 693//1392
f 748//1393 667//1393 746//1393
f 656//1394 667//1394 748//1394
f 801//1395 727//1395 701//1395
f 775//1396 808//1396 703//1396
f 652//1397 640//1397 374//1397
f 573//1398 872//1398 543//1398
f 744//1399 580//1399 723//1399
f 693//1400 725//1400 776//1400
f 770//1401 535//1401 372//1401
f 660//1402 850//1402 531//1402
f 764//1403 745//1403 812//1403
f 787//1404 721//1404 842//1404
f 655//1405 736//1405 771//1405
f 730//1406 785//1406 689//1406
f 648//1407 732//1407 806//1407
f 834//1408 756//1408 661//1408
f 738//1409 796//1409 682//1409
f 663//1410 754//1410 704//1410
f 379//1411 479//1411 646//1411
f 716//1412 751//1412 686//1412
f 799//1413 658//1413 739//1413
f 375//1414 292//1414 601//1414
f 875//1415 901//1415 827//1415
f 691//1416 742//1416 827//1416
f 797//1417 617//1417 694//1417
f 718//1418 575//1418 768//1418
f 818//1419 867//1419 660//1419
f 766//1420 825//1420 692//1420
f 782//1421 726//1421 641//1421
f 664//1422 741//1422 644//1422
f 731//1423 758//1423 666//1423
f 760//1424 276//1424 773//1424
f 611//1425 502//1425 740//1425
f 736//1426 838//1426 819//1426
f 587//1427 965//1427 594//1427
f 743//1428 523//1428 1146//1428
f 765//1429 757//1429 712//1429
f 745//1430 698//1430 744//1430
f 826//1431 741//1431 664//1431
f 713//1432 826//1432 664//1432
f 800//1433 545//1433 629//1433
f 775//1434 703//1434 685//1434
f 768//1435 731//1435 718//1435
f 716//1436 623//1436 793//1436
f 906//1437 145//1437 570//1437
f 775//1438 685//1438 758//1438
f 622//1439 401//1439 379//1439
f 777//1440 723//1440 752//1440
f 689//1441 792//1441 739//1441
f 840//1442 730//1442 816//1442
f 719//1443 798//1443 811//1443
f 772//1444 725//1444 708//1444
f 679//1445 824//1445 684//1445
f 722//1446 874//1446 824//1446
f 691//1447 695//1447 742//1447
f 491//1448 553//1448 773//1448
f 703//1449 808//1449 702//1449
f 830//1450 758//1450 731//1450
f 735//1451 597//1451 242//1451
f 816//1452 684//1452 805//1452
f 745//1453 781//1453 813//1453
f 772//1454 708//1454 727//1454
f 845//1455 837//1455 855//1455
f 774//1456 822//1456 732//1456
f 672//1457 844//1457 479//1457
f 830//1458 731//1458 803//1458
f 777//1459 813//1459 781//1459
f 813//1460 812//1460 745//1460
f 826//1461 713//1461 797//1461
f 1058//1462 672//1462 750//1462
f 845//1463 737//1463 751//1463
f 499//1464 987//1464 591//1464
f 737//1465 845//1465 738//1465
f 625//1466 692//1466 765//1466
f 765//1467 712//1467 625//1467
f 878//1468 752//1468 706//1468
f 719//1469 811//1469 700//1469
f 797//1470 693//1470 776//1470
f 555//1471 543//1471 767//1471
f 963//1472 784//1472 918//1472
f 665//1473 769//1473 848//1473
f 778//1474 670//1474 748//1474
f 837//1475 716//1475 836//1475
f 802//1476 532//1476 850//1476
f 946//1477 833//1477 790//1477
f 774//1478 691//1478 827//1478
f 721//1479 747//1479 842//1479
f 766//1480 682//1480 796//1480
f 443//1481 24//1481 7//1481
f 848//1482 803//1482 768//1482
f 375//1483 957//1483 394//1483
f 777//1484 752//1484 839//1484
f 820//1485 722//1485 696//1485
f 402//1486 528//1486 967//1486
f 627//1487 592//1487 1037//1487
f 758//1488 862//1488 775//1488
f 604//1489 810//1489 464//1489
f 768//1490 803//1490 731//1490
f 749//1491 658//1491 799//1491
f 793//1492 836//1492 716//1492
f 819//1493 798//1493 771//1493
f 1175//1494 409//1494 218//1494
f 749//1495 842//1495 747//1495
f 781//1496 723//1496 777//1496
f 843//1497 681//1497 702//1497
f 701//1498 778//1498 801//1498
f 821//1499 820//1499 696//1499
f 772//1500 727//1500 829//1500
f 826//1501 797//1501 889//1501
f 739//1502 815//1502 799//1502
f 806//1503 732//1503 822//1503
f 824//1504 679//1504 722//1504
f 638//1505 654//1505 972//1505
f 604//1506 307//1506 418//1506
f 447//1507 717//1507 871//1507
f 756//1508 789//1508 657//1508
f 831//1509 753//1509 699//1509
f 878//1510 839//1510 752//1510
f 815//1511 739//1511 792//1511
f 875//1512 827//1512 742//1512
f 843//1513 782//1513 681//1513
f 771//1514 736//1514 819//1514
f 792//1515 689//1515 785//1515
f 794//1516 951//1516 582//1516
f 748//1517 823//1517 778//1517
f 817//1518 861//1518 452//1518
f 807//1519 680//1519 729//1519
f 937//1520 878//1520 787//1520
f 814//1521 601//1521 503//1521
f 1146//1522 523//1522 846//1522
f 706//1523 721//1523 787//1523
f 811//1524 798//1524 854//1524
f 669//1525 851//1525 958//1525
f 848//1526 768//1526 665//1526
f 715//1527 673//1527 833//1527
f 761//1528 967//1528 528//1528
f 848//1529 769//1529 880//1529
f 826//1530 883//1530 741//1530
f 772//1531 829//1531 877//1531
f 749//1532 799//1532 876//1532
f 604//1533 418//1533 810//1533
f 706//1534 787//1534 878//1534
f 824//1535 805//1535 684//1535
f 800//1536 988//1536 484//1536
f 660//1537 753//1537 818//1537
f 839//1538 813//1538 777//1538
f 699//1539 764//1539 831//1539
f 821//1540 680//1540 807//1540
f 866//1541 796//1541 738//1541
f 866//1542 738//1542 845//1542
f 908//1543 823//1543 746//1543
f 769//1544 715//1544 833//1544
f 891//1545 860//1545 843//1545
f 833//1546 880//1546 769//1546
f 821//1547 696//1547 680//1547
f 722//1548 820//1548 874//1548
f 654//1549 828//1549 972//1549
f 758//1550 830//1550 862//1550
f 765//1551 692//1551 825//1551
f 813//1552 839//1552 857//1552
f 479//1553 844//1553 646//1553
f 729//1554 841//1554 807//1554
f 879//1555 793//1555 741//1555
f 849//1556 776//1556 725//1556
f 780//1557 550//1557 569//1557
f 841//1558 729//1558 806//1558
f 751//1559 837//1559 845//1559
f 798//1560 819//1560 854//1560
f 863//1561 754//1561 788//1561
f 823//1562 748//1562 746//1562
f 785//1563 859//1563 792//1563
f 837//1564 751//1564 716//1564
f 734//1565 832//1565 595//1565
f 586//1566 482//1566 632//1566
f 856//1567 753//1567 831//1567
f 871//1568 717//1568 767//1568
f 816//1569 868//1569 840//1569
f 782//1570 860//1570 726//1570
f 840//1571 785//1571 730//1571
f 926//1572 350//1572 809//1572
f 838//1573 736//1573 863//1573
f 872//1574 1153//1574 543//1574
f 865//1575 700//1575 811//1575
f 735//1576 242//1576 762//1576
f 883//1577 879//1577 741//1577
f 725//1578 772//1578 849//1578
f 764//1579 812//1579 864//1579
f 815//1580 859//1580 902//1580
f 875//1581 742//1581 726//1581
f 961//1582 808//1582 775//1582
f 885//1583 527//1583 293//1583
f 776//1584 849//1584 869//1584
f 700//1585 865//1585 746//1585
f 733//1586 907//1586 635//1586
f 782//1587 843//1587 860//1587
f 746//1588 865//1588 908//1588
f 828//1589 535//1589 770//1589
f 857//1590 812//1590 813//1590
f 864//1591 898//1591 764//1591
f 992//1592 920//1592 395//1592
f 1000//1593 587//1593 1053//1593
f 797//1594 916//1594 913//1594
f 774//1595 827//1595 822//1595
f 922//1596 883//1596 826//1596
f 843//1597 702//1597 873//1597
f 772//1598 877//1598 849//1598
f 805//1599 868//1599 816//1599
f 784//1600 963//1600 923//1600
f 839//1601 950//1601 973//1601
f 899//1602 831//1602 764//1602
f 645//1603 582//1603 1062//1603
f 815//1604 792//1604 859//1604
f 799//1605 941//1605 876//1605
f 842//1606 749//1606 876//1606
f 801//1607 778//1607 888//1607
f 735//1608 405//1608 597//1608
f 793//1609 924//1609 836//1609
f 870//1610 418//1610 705//1610
f 855//1611 837//1611 912//1611
f 840//1612 868//1612 894//1612
f 884//1613 727//1613 801//1613
f 734//1614 952//1614 832//1614
f 818//1615 753//1615 856//1615
f 797//1616 913//1616 889//1616
f 861//1617 705//1617 452//1617
f 822//1618 827//1618 901//1618
f 808//1619 873//1619 702//1619
f 884//1620 829//1620 727//1620
f 916//1621 797//1621 869//1621
f 897//1622 875//1622 726//1622
f 1157//1623 760//1623 773//1623
f 882//1624 806//1624 822//1624
f 838//1625 904//1625 819//1625
f 724//1626 931//1626 750//1626
f 856//1627 831//1627 899//1627
f 790//1628 710//1628 887//1628
f 756//1629 1133//1629 952//1629
f 776//1630 869//1630 797//1630
f 652//1631 382//1631 1000//1631
f 914//1632 862//1632 830//1632
f 799//1633 815//1633 930//1633
f 624//1634 526//1634 345//1634
f 803//1635 893//1635 830//1635
f 342//1636 671//1636 791//1636
f 724//1637 584//1637 988//1637
f 863//1638 736//1638 754//1638
f 785//1639 927//1639 859//1639
f 824//1640 874//1640 805//1640
f 788//1641 711//1641 890//1641
f 897//1642 726//1642 860//1642
f 415//1643 760//1643 1020//1643
f 806//1644 882//1644 841//1644
f 761//1645 547//1645 687//1645
f 676//1646 905//1646 244//1646
f 895//1647 868//1647 805//1647
f 826//1648 889//1648 922//1648
f 943//1649 822//1649 901//1649
f 865//1650 811//1650 896//1650
f 818//1651 994//1651 867//1651
f 867//1652 850//1652 660//1652
f 893//1653 803//1653 848//1653
f 1044//1654 767//1654 543//1654
f 904//1655 838//1655 928//1655
f 839//1656 878//1656 950//1656
f 1021//1657 607//1657 496//1657
f 888//1658 778//1658 823//1658
f 854//1659 819//1659 904//1659
f 835//1660 906//1660 570//1660
f 837//1661 836//1661 917//1661
f 908//1662 888//1662 823//1662
f 983//1663 802//1663 850//1663
f 830//1664 947//1664 914//1664
f 865//1665 910//1665 908//1665
f 909//1666 863//1666 788//1666
f 888//1667 939//1667 801//1667
f 395//1668 920//1668 918//1668
f 787//1669 842//1669 903//1669
f 893//1670 848//1670 932//1670
f 884//1671 877//1671 829//1671
f 944//1672 945//1672 908//1672
f 757//1673 834//1673 661//1673
f 899//1674 764//1674 898//1674
f 734//1675 789//1675 952//1675
f 847//1676 846//1676 755//1676
f 1053//1677 587//1677 759//1677
f 910//1678 944//1678 908//1678
f 922//1679 889//1679 913//1679
f 924//1680 793//1680 879//1680
f 766//1681 796//1681 935//1681
f 886//1682 595//1682 832//1682
f 836//1683 924//1683 917//1683
f 854//1684 896//1684 811//1684
f 873//1685 808//1685 961//1685
f 914//1686 961//1686 862//1686
f 956//1687 874//1687 820//1687
f 351//1688 638//1688 892//1688
f 543//1689 1153//1689 1044//1689
f 654//1690 535//1690 828//1690
f 1034//1691 853//1691 645//1691
f 874//1692 974//1692 805//1692
f 934//1693 897//1693 860//1693
f 891//1694 843//1694 940//1694
f 925//1695 843//1695 873//1695
f 750//1696 931//1696 1058//1696
f 802//1697 890//1697 711//1697
f 790//1698 887//1698 946//1698
f 1036//1699 899//1699 898//1699
f 350//1700 926//1700 740//1700
f 796//1701 866//1701 935//1701
f 974//1702 874//1702 956//1702
f 1033//1703 960//1703 1006//1703
f 910//1704 865//1704 896//1704
f 912//1705 837//1705 917//1705
f 863//1706 928//1706 838//1706
f 919//1707 569//1707 244//1707
f 807//1708 991//1708 956//1708
f 896//1709 854//1709 929//1709
f 720//1710 351//1710 892//1710
f 970//1711 880//1711 833//1711
f 509//1712 1433//1712 804//1712
f 939//1713 888//1713 982//1713
f 802//1714 711//1714 532//1714
f 1152//1715 735//1715 762//1715
f 881//1716 542//1716 980//1716
f 900//1717 886//1717 832//1717
f 840//1718 927//1718 785//1718
f 902//1719 938//1719 815//1719
f 876//1720 948//1720 842//1720
f 894//1721 868//1721 895//1721
f 883//1722 975//1722 879//1722
f 743//1723 921//1723 293//1723
f 961//1724 775//1724 862//1724
f 1020//1725 1078//1725 676//1725
f 807//1726 841//1726 962//1726
f 933//1727 875//1727 897//1727
f 904//1728 929//1728 854//1728
f 1053//1729 759//1729 1076//1729
f 875//1730 933//1730 901//1730
f 939//1731 884//1731 801//1731
f 601//1732 957//1732 375//1732
f 945//1733 989//1733 908//1733
f 956//1734 820//1734 821//1734
f 956//1735 1022//1735 974//1735
f 942//1736 840//1736 894//1736
f 477//1737 1042//1737 709//1737
f 814//1738 503//1738 614//1738
f 822//1739 964//1739 882//1739
f 877//1740 884//1740 953//1740
f 924//1741 879//1741 968//1741
f 810//1742 1149//1742 464//1742
f 908//1743 989//1743 888//1743
f 860//1744 891//1744 934//1744
f 915//1745 765//1745 825//1745
f 993//1746 932//1746 880//1746
f 877//1747 955//1747 849//1747
f 936//1748 905//1748 676//1748
f 974//1749 971//1749 895//1749
f 845//1750 855//1750 866//1750
f 818//1751 856//1751 959//1751
f 757//1752 915//1752 1133//1752
f 807//1753 956//1753 821//1753
f 922//1754 975//1754 883//1754
f 1336//1755 509//1755 804//1755
f 973//1756 1035//1756 864//1756
f 1092//1757 755//1757 640//1757
f 930//1758 815//1758 938//1758
f 941//1759 799//1759 930//1759
f 881//1760 835//1760 570//1760
f 858//1761 509//1761 241//1761
f 1112//1762 542//1762 607//1762
f 932//1763 848//1763 880//1763
f 852//1764 443//1764 779//1764
f 1003//1765 866//1765 976//1765
f 841//1766 978//1766 962//1766
f 632//1767 1257//1767 624//1767
f 903//1768 842//1768 948//1768
f 852//1769 1193//1769 553//1769
f 928//1770 1013//1770 904//1770
f 964//1771 822//1771 943//1771
f 873//1772 961//1772 981//1772
f 937//1773 787//1773 903//1773
f 943//1774 901//1774 954//1774
f 395//1775 527//1775 992//1775
f 902//1776 859//1776 927//1776
f 757//1777 765//1777 915//1777
f 869//1778 849//1778 916//1778
f 877//1779 953//1779 955//1779
f 882//1780 978//1780 841//1780
f 909//1781 1080//1781 928//1781
f 974//1782 895//1782 805//1782
f 940//1783 843//1783 925//1783
f 930//1784 995//1784 941//1784
f 941//1785 948//1785 876//1785
f 916//1786 849//1786 955//1786
f 964//1787 978//1787 882//1787
f 990//1788 910//1788 896//1788
f 922//1789 913//1789 1010//1789
f 1070//1790 909//1790 986//1790
f 895//1791 971//1791 894//1791
f 1013//1792 929//1792 904//1792
f 966//1793 884//1793 939//1793
f 480//1794 394//1794 957//1794
f 893//1795 947//1795 830//1795
f 957//1796 979//1796 480//1796
f 839//1797 973//1797 857//1797
f 1001//1798 890//1798 802//1798
f 890//1799 1001//1799 986//1799
f 864//1800 857//1800 973//1800
f 903//1801 948//1801 998//1801
f 888//1802 989//1802 982//1802
f 911//1803 611//1803 740//1803
f 1187//1804 1000//1804 1053//1804
f 981//1805 925//1805 873//1805
f 884//1806 966//1806 953//1806
f 1007//1807 981//1807 961//1807
f 942//1808 927//1808 840//1808
f 891//1809 940//1809 934//1809
f 925//1810 981//1810 1019//1810
f 1111//1811 814//1811 614//1811
f 1015//1812 942//1812 894//1812
f 905//1813 919//1813 244//1813
f 928//1814 863//1814 909//1814
f 966//1815 939//1815 1012//1815
f 735//1816 977//1816 405//1816
f 834//1817 1133//1817 756//1817
f 833//1818 999//1818 970//1818
f 946//1819 999//1819 833//1819
f 1000//1820 965//1820 587//1820
f 853//1821 1006//1821 960//1821
f 780//1822 1102//1822 550//1822
f 788//1823 890//1823 909//1823
f 866//1824 855//1824 976//1824
f 934//1825 1004//1825 897//1825
f 1005//1826 917//1826 924//1826
f 937//1827 950//1827 878//1827
f 1011//1828 832//1828 952//1828
f 940//1829 925//1829 1019//1829
f 995//1830 930//1830 938//1830
f 929//1831 1059//1831 896//1831
f 944//1832 1023//1832 945//1832
f 1007//1833 961//1833 914//1833
f 720//1834 733//1834 423//1834
f 922//1835 1031//1835 975//1835
f 971//1836 1015//1836 894//1836
f 976//1837 855//1837 1043//1837
f 850//1838 867//1838 994//1838
f 1003//1839 935//1839 866//1839
f 937//1840 985//1840 1047//1840
f 893//1841 932//1841 947//1841
f 761//1842 1024//1842 967//1842
f 926//1843 969//1843 740//1843
f 1051//1844 991//1844 962//1844
f 912//1845 917//1845 1005//1845
f 937//1846 903//1846 985//1846
f 890//1847 986//1847 909//1847
f 1018//1848 879//1848 975//1848
f 921//1849 885//1849 293//1849
f 982//1850 1032//1850 939//1850
f 910//1851 990//1851 944//1851
f 1098//1852 915//1852 825//1852
f 825//1853 766//1853 935//1853
f 945//1854 982//1854 989//1854
f 1016//1855 934//1855 940//1855
f 1010//1856 913//1856 916//1856
f 807//1857 962//1857 991//1857
f 786//1858 218//1858 669//1858
f 1086//1859 916//1859 955//1859
f 1164//1860 1112//1860 607//1860
f 1030//1861 927//1861 942//1861
f 1015//1862 1030//1862 942//1862
f 1004//1863 933//1863 897//1863
f 952//1864 789//1864 756//1864
f 900//1865 984//1865 886//1865
f 886//1866 1060//1866 887//1866
f 1003//1867 976//1867 1122//1867
f 880//1868 970//1868 993//1868
f 1090//1869 1087//1869 993//1869
f 1067//1870 938//1870 902//1870
f 733//1871 1017//1871 907//1871
f 939//1872 1032//1872 1012//1872
f 943//1873 954//1873 1079//1873
f 800//1874 783//1874 1190//1874
f 887//1875 1002//1875 946//1875
f 983//1876 850//1876 1061//1876
f 856//1877 899//1877 959//1877
f 809//1878 627//1878 1037//1878
f 1038//1879 967//1879 1024//1879
f 809//1880 1037//1880 1308//1880
f 1042//1881 477//1881 611//1881
f 1008//1882 933//1882 1004//1882
f 780//1883 569//1883 919//1883
f 1081//1884 767//1884 1044//1884
f 847//1885 755//1885 1092//1885
f 527//1886 885//1886 992//1886
f 740//1887 969//1887 911//1887
f 974//1888 1045//1888 1025//1888
f 1018//1889 968//1889 879//1889
f 1005//1890 924//1890 968//1890
f 984//1891 1060//1891 886//1891
f 987//1892 1152//1892 762//1892
f 1025//1893 971//1893 974//1893
f 954//1894 901//1894 933//1894
f 688//1895 871//1895 1040//1895
f 1067//1896 902//1896 927//1896
f 1062//1897 582//1897 951//1897
f 1046//1898 998//1898 948//1898
f 945//1899 1068//1899 982//1899
f 1026//1900 953//1900 966//1900
f 635//1901 907//1901 499//1901
f 1018//1902 1057//1902 968//1902
f 933//1903 1008//1903 954//1903
f 1133//1904 834//1904 757//1904
f 1035//1905 898//1905 864//1905
f 1069//1906 950//1906 1055//1906
f 632//1907 482//1907 1033//1907
f 1089//1908 934//1908 1016//1908
f 1023//1909 1065//1909 945//1909
f 962//1910 978//1910 1051//1910
f 1029//1911 974//1911 1022//1911
f 1075//1912 1031//1912 922//1912
f 1056//1913 1100//1913 1005//1913
f 1088//1914 947//1914 932//1914
f 850//1915 994//1915 1061//1915
f 1033//1916 1257//1916 632//1916
f 1005//1917 968//1917 1056//1917
f 1022//1918 956//1918 1083//1918
f 1068//1919 1032//1919 982//1919
f 1047//1920 985//1920 1124//1920
f 995//1921 1123//1921 941//1921
f 1068//1922 945//1922 1065//1922
f 678//1923 1158//1923 759//1923
f 687//1924 688//1924 1040//1924
f 1059//1925 929//1925 1013//1925
f 1057//1926 1056//1926 968//1926
f 1059//1927 990//1927 896//1927
f 709//1928 997//1928 1111//1928
f 855//1929 912//1929 1043//1929
f 1005//1930 1043//1930 912//1930
f 1039//1931 899//1931 1036//1931
f 909//1932 1070//1932 1080//1932
f 1013//1933 928//1933 1052//1933
f 1029//1934 1022//1934 1064//1934
f 1238//1935 733//1935 720//1935
f 964//1936 943//1936 1079//1936
f 936//1937 676//1937 1078//1937
f 1073//1938 954//1938 1008//1938
f 770//1939 967//1939 1077//1939
f 1055//1940 1047//1940 1124//1940
f 934//1941 1089//1941 1004//1941
f 1036//1942 898//1942 1035//1942
f 983//1943 1001//1943 802//1943
f 550//1944 1102//1944 671//1944
f 946//1945 1027//1945 999//1945
f 1011//1946 900//1946 832//1946
f 1032//1947 1068//1947 1012//1947
f 1098//1948 1133//1948 915//1948
f 1030//1949 1085//1949 1067//1949
f 1086//1950 1010//1950 916//1950
f 966//1951 1012//1951 1048//1951
f 678//1952 622//1952 1071//1952
f 1073//1953 1079//1953 954//1953
f 1054//1954 914//1954 947//1954
f 926//1955 809//1955 1308//1955
f 592//1956 1232//1956 1037//1956
f 892//1957 638//1957 1009//1957
f 970//1958 1090//1958 993//1958
f 1083//1959 956//1959 991//1959
f 1045//1960 974//1960 1029//1960
f 1007//1961 914//1961 1054//1961
f 482//1962 960//1962 1033//1962
f 1066//1963 940//1963 1019//1963
f 1153//1964 872//1964 1041//1964
f 966//1965 1048//1965 1026//1965
f 985//1966 903//1966 998//1966
f 987//1967 499//1967 907//1967
f 770//1968 1014//1968 828//1968
f 990//1969 1082//1969 944//1969
f 1023//1970 944//1970 1082//1970
f 1156//1971 1103//1971 1122//1971
f 1002//1972 1027//1972 946//1972
f 1049//1973 973//1973 950//1973
f 687//1974 1024//1974 761//1974
f 955//1975 953//1975 1084//1975
f 1099//1976 818//1976 959//1976
f 922//1977 1010//1977 1075//1977
f 1150//1978 687//1978 1040//1978
f 1025//1979 1015//1979 971//1979
f 1067//1980 927//1980 1030//1980
f 724//1981 1110//1981 931//1981
f 1044//1982 1153//1982 1119//1982
f 1052//1983 928//1983 1080//1983
f 994//1984 818//1984 1099//1984
f 1047//1985 950//1985 937//1985
f 1016//1986 940//1986 1066//1986
f 1256//1987 1132//1987 646//1987
f 241//1988 1598//1988 858//1988
f 1127//1989 1089//1989 1174//1989
f 995//1990 938//1990 1067//1990
f 1111//1991 614//1991 709//1991
f 601//1992 814//1992 1183//1992
f 1072//1993 978//1993 964//1993
f 892//1994 1107//1994 720//1994
f 624//1995 949//1995 526//1995
f 1205//1996 959//1996 1154//1996
f 1034//1997 645//1997 1062//1997
f 1090//1998 970//1998 999//1998
f 1046//1999 941//1999 1093//1999
f 858//2000 1028//2000 509//2000
f 1128//2001 1023//2001 1082//2001
f 1084//2002 953//2002 1026//2002
f 1130//2003 870//2003 705//2003
f 1064//2004 1045//2004 1029//2004
f 1086//2005 955//2005 1084//2005
f 783//2006 629//2006 949//2006
f 1046//2007 948//2007 941//2007
f 1054//2008 1091//2008 1115//2008
f 553//2009 1157//2009 773//2009
f 887//2010 1060//2010 1002//2010
f 1055//2011 950//2011 1047//2011
f 935//2012 1098//2012 825//2012
f 1023//2013 1128//2013 1065//2013
f 1127//2014 1008//2014 1004//2014
f 1081//2015 871//2015 767//2015
f 1018//2016 1031//2016 1074//2016
f 1093//2017 941//2017 1123//2017
f 1049//2018 1097//2018 973//2018
f 810//2019 418//2019 1131//2019
f 1096//2020 1013//2020 1052//2020
f 1080//2021 1070//2021 1104//2021
f 1101//2022 1059//2022 1013//2022
f 1121//2023 1052//2023 1104//2023
f 1118//2024 990//2024 1059//2024
f 1118//2025 1082//2025 990//2025
f 1002//2026 1114//2026 1027//2026
f 935//2027 1003//2027 1103//2027
f 1054//2028 1088//2028 1091//2028
f 1035//2029 1097//2029 1129//2029
f 1036//2030 1035//2030 1216//2030
f 988//2031 1265//2031 724//2031
f 1112//2032 980//2032 542//2032
f 1015//2033 1025//2033 1105//2033
f 985//2034 998//2034 1063//2034
f 1235//2035 779//2035 1330//2035
f 1095//2036 991//2036 1051//2036
f 1064//2037 1022//2037 1083//2037
f 1089//2038 1127//2038 1004//2038
f 1072//2039 964//2039 1079//2039
f 1018//2040 1074//2040 1057//2040
f 1016//2041 1066//2041 1117//2041
f 847//2042 1146//2042 846//2042
f 464//2043 1149//2043 592//2043
f 1080//2044 1104//2044 1052//2044
f 1030//2045 1015//2045 1106//2045
f 1094//2046 1043//2046 1005//2046
f 1114//2047 1002//2047 1060//2047
f 1108//2048 1064//2048 1083//2048
f 1096//2049 1052//2049 1121//2049
f 1018//2050 975//2050 1031//2050
f 1026//2051 1116//2051 1084//2051
f 1103//2052 1098//2052 935//2052
f 1069//2053 1049//2053 950//2053
f 981//2054 1115//2054 1126//2054
f 1007//2055 1115//2055 981//2055
f 1051//2056 978//2056 1072//2056
f 959//2057 899//2057 1039//2057
f 1086//2058 1109//2058 1010//2058
f 1050//2059 652//2059 1000//2059
f 1147//2060 1108//2060 1083//2060
f 1134//2061 1355//2061 1041//2061
f 1205//2062 1099//2062 959//2062
f 1115//2063 1007//2063 1054//2063
f 1048//2064 1116//2064 1026//2064
f 1025//2065 1045//2065 1140//2065
f 1089//2066 1016//2066 1117//2066
f 1159//2067 1079//2067 1073//2067
f 1144//2068 1167//2068 1066//2068
f 1054//2069 947//2069 1088//2069
f 986//2070 1001//2070 1139//2070
f 1039//2071 1201//2071 1154//2071
f 906//2072 1330//2072 779//2072
f 973//2073 1097//2073 1035//2073
f 985//2074 1063//2074 1124//2074
f 638//2075 972//2075 1009//2075
f 1137//2076 1064//2076 1108//2076
f 1083//2077 991//2077 1095//2077
f 1114//2078 1171//2078 1027//2078
f 1011//2079 1243//2079 900//2079
f 995//2080 1113//2080 1123//2080
f 1067//2081 1113//2081 995//2081
f 1256//2082 646//2082 844//2082
f 1094//2083 1005//2083 1100//2083
f 1068//2084 1172//2084 1141//2084
f 1003//2085 1122//2085 1103//2085
f 1061//2086 994//2086 1099//2086
f 1256//2087 844//2087 672//2087
f 963//2088 918//2088 920//2088
f 1125//2089 1048//2089 1012//2089
f 1090//2090 999//2090 1027//2090
f 1083//2091 1095//2091 1147//2091
f 1129//2092 1216//2092 1035//2092
f 1086//2093 1155//2093 1109//2093
f 1172//2094 1068//2094 1065//2094
f 1140//2095 1045//2095 1136//2095
f 1122//2096 1043//2096 1182//2096
f 1091//2097 1168//2097 1115//2097
f 1161//2098 1067//2098 1085//2098
f 1027//2099 1191//2099 1090//2099
f 984//2100 900//2100 1243//2100
f 1164//2101 607//2101 1021//2101
f 1066//2102 1019//2102 1144//2102
f 1115//2103 1168//2103 1126//2103
f 1071//2104 622//2104 646//2104
f 1186//2105 760//2105 1157//2105
f 1048//2106 1125//2106 1116//2106
f 1077//2107 967//2107 1038//2107
f 1073//2108 1008//2108 1127//2108
f 997//2109 709//2109 1042//2109
f 1151//2110 1095//2110 1051//2110
f 1072//2111 1151//2111 1051//2111
f 1074//2112 1031//2112 1162//2112
f 1118//2113 1059//2113 1142//2113
f 1141//2114 1125//2114 1068//2114
f 1174//2115 1073//2115 1127//2115
f 1087//2116 1088//2116 993//2116
f 1011//2117 952//2117 1219//2117
f 984//2118 1120//2118 1060//2118
f 976//2119 1043//2119 1122//2119
f 1019//2120 981//2120 1126//2120
f 1101//2121 1013//2121 1096//2121
f 1099//2122 1148//2122 1061//2122
f 1085//2123 1030//2123 1106//2123
f 1405//2124 858//2124 1598//2124
f 1088//2125 932//2125 993//2125
f 1229//2126 1049//2126 1069//2126
f 1059//2127 1101//2127 1142//2127
f 1075//2128 1010//2128 1109//2128
f 1106//2129 1015//2129 1105//2129
f 1039//2130 1154//2130 959//2130
f 1216//2131 1039//2131 1036//2131
f 1011//2132 1219//2132 1291//2132
f 1183//2133 957//2133 601//2133
f 1181//2134 1194//2134 1117//2134
f 1134//2135 1041//2135 791//2135
f 1125//2136 1012//2136 1068//2136
f 1180//2137 1084//2137 1135//2137
f 652//2138 1050//2138 640//2138
f 553//2139 443//2139 852//2139
f 1163//2140 1153//2140 1041//2140
f 1113//2141 1067//2141 1161//2141
f 1183//2142 979//2142 957//2142
f 1084//2143 1116//2143 1135//2143
f 1072//2144 1079//2144 1159//2144
f 1257//2145 949//2145 624//2145
f 1039//2146 1216//2146 1201//2146
f 1140//2147 1105//2147 1025//2147
f 1076//2148 1187//2148 1053//2148
f 1135//2149 1116//2149 1170//2149
f 1045//2150 1064//2150 1137//2150
f 1136//2151 1045//2151 1137//2151
f 1084//2152 1155//2152 1086//2152
f 963//2153 1145//2153 923//2153
f 1392//2154 1169//2154 1203//2154
f 1167//2155 1117//2155 1066//2155
f 1126//2156 1144//2156 1019//2156
f 1024//2157 687//2157 1150//2157
f 1139//2158 1001//2158 1207//2158
f 1130//2159 705//2159 861//2159
f 1122//2160 1182//2160 1246//2160
f 1166//2161 1207//2161 983//2161
f 986//2162 1231//2162 1070//2162
f 1207//2163 1001//2163 983//2163
f 1173//2164 1075//2164 1109//2164
f 1089//2165 1117//2165 1194//2165
f 1100//2166 1056//2166 1215//2166
f 1128//2167 1082//2167 1138//2167
f 1141//2168 1178//2168 1125//2168
f 1170//2169 1116//2169 1125//2169
f 1046//2170 1093//2170 998//2170
f 800//2171 1197//2171 988//2171
f 1084//2172 1180//2172 1155//2172
f 1173//2173 1234//2173 1162//2173
f 817//2174 977//2174 861//2174
f 1075//2175 1162//2175 1031//2175
f 1151//2176 1147//2176 1095//2176
f 1199//2177 1137//2177 1108//2177
f 1021//2178 496//2178 979//2178
f 1401//2179 1158//2179 678//2179
f 1108//2180 1147//2180 1199//2180
f 791//2181 671//2181 1212//2181
f 1151//2182 1185//2182 1147//2182
f 1169//2183 1091//2183 1088//2183
f 1123//2184 1165//2184 1093//2184
f 1194//2185 1174//2185 1089//2185
f 780//2186 919//2186 1269//2186
f 1093//2187 1188//2187 998//2187
f 1151//2188 1159//2188 1210//2188
f 780//2189 1269//2189 1102//2189
f 1227//2190 1205//2190 1154//2190
f 1308//2191 1284//2191 926//2191
f 1161//2192 1085//2192 1198//2192
f 1176//2193 1113//2193 1161//2193
f 1181//2194 1117//2194 1167//2194
f 1096//2195 1121//2195 1179//2195
f 1043//2196 1094//2196 1182//2196
f 1171//2197 1114//2197 1120//2197
f 1231//2198 1275//2198 1070//2198
f 1063//2199 998//2199 1188//2199
f 1097//2200 1049//2200 1229//2200
f 1162//2201 1075//2201 1173//2201
f 1336//2202 804//2202 1270//2202
f 1074//2203 1202//2203 1189//2203
f 1135//2204 1170//2204 1180//2204
f 1106//2205 1105//2205 1196//2205
f 1212//2206 1134//2206 791//2206
f 1243//2207 1120//2207 984//2207
f 1166//2208 983//2208 1061//2208
f 1056//2209 1057//2209 1074//2209
f 1072//2210 1159//2210 1151//2210
f 1147//2211 1220//2211 1199//2211
f 1073//2212 1174//2212 1200//2212
f 1172//2213 1065//2213 1128//2213
f 992//2214 1280//2214 1678//2214
f 1105//2215 1140//2215 1196//2215
f 1232//2216 592//2216 1149//2216
f 1099//2217 1192//2217 1148//2217
f 1215//2218 1094//2218 1100//2218
f 1020//2219 1233//2219 1078//2219
f 1170//2220 1125//2220 1178//2220
f 1061//2221 1148//2221 1166//2221
f 1107//2222 1009//2222 1339//2222
f 1203//2223 1088//2223 1087//2223
f 1107//2224 892//2224 1009//2224
f 1056//2225 1189//2225 1215//2225
f 1120//2226 1114//2226 1060//2226
f 783//2227 949//2227 1292//2227
f 1123//2228 1113//2228 1176//2228
f 1109//2229 1155//2229 1173//2229
f 1063//2230 1211//2230 1124//2230
f 1129//2231 1097//2231 1247//2231
f 1238//2232 1017//2232 733//2232
f 1096//2233 1179//2233 1101//2233
f 1206//2234 1094//2234 1215//2234
f 1198//2235 1085//2235 1106//2235
f 1170//2236 1204//2236 1180//2236
f 997//2237 1042//2237 1310//2237
f 1014//2238 770//2238 1077//2238
f 1126//2239 1184//2239 1213//2239
f 1104//2240 1070//2240 1275//2240
f 1104//2241 1222//2241 1121//2241
f 1074//2242 1162//2242 1202//2242
f 1178//2243 1204//2243 1170//2243
f 1225//2244 885//2244 921//2244
f 1177//2245 1073//2245 1200//2245
f 1090//2246 1191//2246 1214//2246
f 1171//2247 1191//2247 1027//2247
f 1128//2248 1223//2248 1172//2248
f 1146//2249 847//2249 1143//2249
f 1466//2250 1521//2250 1265//2250
f 1165//2251 1188//2251 1093//2251
f 1192//2252 1099//2252 1205//2252
f 1367//2253 923//2253 1145//2253
f 1252//2254 1137//2254 1199//2254
f 1221//2255 1118//2255 1142//2255
f 1138//2256 1082//2256 1118//2256
f 1283//2257 1215//2257 1189//2257
f 1056//2258 1074//2258 1189//2258
f 871//2259 1081//2259 1040//2259
f 1136//2260 1137//2260 1230//2260
f 1222//2261 1104//2261 1275//2261
f 992//2262 885//2262 1280//2262
f 1155//2263 1180//2263 1241//2263
f 1159//2264 1073//2264 1177//2264
f 1217//2265 1173//2265 1155//2265
f 1179//2266 1276//2266 1142//2266
f 1242//2267 1133//2267 1098//2267
f 1207//2268 1166//2268 1353//2268
f 810//2269 1131//2269 1370//2269
f 1165//2270 1123//2270 1228//2270
f 1218//2271 1179//2271 1121//2271
f 870//2272 1131//2272 418//2272
f 1041//2273 1355//2273 1163//2273
f 1141//2274 1172//2274 1239//2274
f 1193//2275 1313//2275 553//2275
f 1179//2276 1142//2276 1101//2276
f 1159//2277 1250//2277 1210//2277
f 1118//2278 1221//2278 1278//2278
f 1268//2279 1069//2279 1055//2279
f 1063//2280 1188//2280 1211//2280
f 1124//2281 1211//2281 1248//2281
f 1245//2282 1136//2282 1230//2282
f 1177//2283 1250//2283 1159//2283
f 1290//2284 1106//2284 1249//2284
f 1208//2285 1055//2285 1124//2285
f 1256//2286 672//2286 1058//2286
f 1198//2287 1226//2287 1161//2287
f 1226//2288 1176//2288 1161//2288
f 969//2289 926//2289 1284//2289
f 1200//2290 1174//2290 1224//2290
f 1178//2291 1141//2291 1239//2291
f 1203//2292 1169//2292 1088//2292
f 1207//2293 1324//2293 1285//2293
f 1198//2294 1106//2294 1290//2294
f 1336//2295 795//2295 341//2295
f 1243//2296 1011//2296 1307//2296
f 1370//2297 1149//2297 810//2297
f 1241//2298 1217//2298 1155//2298
f 1196//2299 1249//2299 1106//2299
f 1404//2300 795//2300 1336//2300
f 1168//2301 1184//2301 1126//2301
f 1245//2302 1140//2302 1136//2302
f 671//2303 1102//2303 1212//2303
f 1156//2304 1122//2304 1246//2304
f 1156//2305 1323//2305 1103//2305
f 1202//2306 1162//2306 1234//2306
f 1196//2307 1140//2307 1245//2307
f 1220//2308 1147//2308 1185//2308
f 1168//2309 1091//2309 1169//2309
f 1071//2310 1401//2310 678//2310
f 1224//2311 1298//2311 1200//2311
f 1194//2312 1224//2312 1174//2312
f 1137//2313 1252//2313 1230//2313
f 921//2314 1708//2314 1225//2314
f 1262//2315 1128//2315 1138//2315
f 1231//2316 986//2316 1139//2316
f 1121//2317 1222//2317 1218//2317
f 907//2318 1282//2318 987//2318
f 1178//2319 1259//2319 1237//2319
f 1044//2320 1240//2320 1081//2320
f 1044//2321 1119//2321 1240//2321
f 1144//2322 1126//2322 1213//2322
f 1158//2323 1076//2323 759//2323
f 1238//2324 720//2324 1107//2324
f 1204//2325 1178//2325 1237//2325
f 949//2326 1257//2326 1321//2326
f 1123//2327 1176//2327 1228//2327
f 1185//2328 1151//2328 1210//2328
f 800//2329 1190//2329 1197//2329
f 1206//2330 1182//2330 1094//2330
f 1160//2331 977//2331 735//2331
f 1339//2332 1009//2332 1254//2332
f 1182//2333 1206//2333 1263//2333
f 646//2334 1132//2334 1071//2334
f 1202//2335 1283//2335 1189//2335
f 1178//2336 1239//2336 1259//2336
f 1138//2337 1118//2337 1278//2337
f 794//2338 1367//2338 951//2338
f 1221//2339 1142//2339 1276//2339
f 1200//2340 1250//2340 1177//2340
f 1292//2341 1190//2341 783//2341
f 1219//2342 1133//2342 1242//2342
f 1185//2343 1210//2343 1264//2343
f 1229//2344 1294//2344 1097//2344
f 1288//2345 1184//2345 1168//2345
f 1417//2346 1042//2346 611//2346
f 1224//2347 1194//2347 1181//2347
f 1224//2348 1181//2348 1274//2348
f 1223//2349 1128//2349 1262//2349
f 1233//2350 1377//2350 1078//2350
f 1228//2351 1188//2351 1165//2351
f 1570//2352 1488//2352 1269//2352
f 1236//2353 1216//2353 1129//2353
f 1103//2354 1272//2354 1098//2354
f 1463//2355 996//2355 795//2355
f 931//2356 1335//2356 1058//2356
f 1253//2357 1199//2357 1220//2357
f 1176//2358 1226//2358 1261//2358
f 1229//2359 1069//2359 1268//2359
f 1208//2360 1268//2360 1055//2360
f 1258//2361 1211//2361 1188//2361
f 1209//2362 972//2362 828//2362
f 1313//2363 1157//2363 553//2363
f 1300//2364 1241//2364 1180//2364
f 1167//2365 1144//2365 1295//2365
f 1246//2366 1182//2366 1263//2366
f 1353//2367 1166//2367 1251//2367
f 1218//2368 1276//2368 1179//2368
f 1264//2369 1220//2369 1185//2369
f 1318//2370 1236//2370 1129//2370
f 1287//2371 1154//2371 1201//2371
f 1286//2372 1148//2372 1192//2372
f 1598//2373 241//2373 1195//2373
f 1251//2374 1166//2374 1148//2374
f 1288//2375 1168//2375 1169//2375
f 1173//2376 1316//2376 1234//2376
f 1160//2377 1432//2377 977//2377
f 1253//2378 1252//2378 1199//2378
f 1417//2379 611//2379 911//2379
f 1154//2380 1287//2380 1227//2380
f 1171//2381 1266//2381 1191//2381
f 1196//2382 1245//2382 1249//2382
f 1226//2383 1198//2383 1290//2383
f 1325//2384 1138//2384 1278//2384
f 1316//2385 1173//2385 1217//2385
f 1295//2386 1144//2386 1213//2386
f 852//2387 779//2387 1235//2387
f 1219//2388 952//2388 1133//2388
f 980//2389 835//2389 881//2389
f 1192//2390 1205//2390 1227//2390
f 1120//2391 1266//2391 1171//2391
f 1268//2392 1208//2392 1342//2392
f 1322//2393 911//2393 969//2393
f 1289//2394 1208//2394 1124//2394
f 1285//2395 1139//2395 1207//2395
f 1265//2396 1110//2396 724//2396
f 1009//2397 972//2397 1209//2397
f 1239//2398 1223//2398 1311//2398
f 1218//2399 1222//2399 1334//2399
f 1283//2400 1271//2400 1215//2400
f 1250//2401 1200//2401 1298//2401
f 1223//2402 1239//2402 1172//2402
f 1262//2403 1138//2403 1325//2403
f 1206//2404 1271//2404 1293//2404
f 1139//2405 1285//2405 1231//2405
f 1301//2406 1264//2406 1210//2406
f 1233//2407 760//2407 1186//2407
f 1131//2408 870//2408 1130//2408
f 1307//2409 1011//2409 1291//2409
f 1248//2410 1289//2410 1124//2410
f 1261//2411 1226//2411 1304//2411
f 1188//2412 1228//2412 1267//2412
f 1206//2413 1215//2413 1271//2413
f 1363//2414 1184//2414 1288//2414
f 1288//2415 1169//2415 1392//2415
f 1260//2416 1014//2416 1077//2416
f 1319//2417 1216//2417 1236//2417
f 1274//2418 1167//2418 1314//2418
f 1343//2419 1222//2419 1275//2419
f 1300//2420 1180//2420 1204//2420
f 1042//2421 1417//2421 1310//2421
f 1255//2422 1102//2422 1269//2422
f 1098//2423 1272//2423 1242//2423
f 1266//2424 1315//2424 1191//2424
f 1312//2425 1228//2425 1176//2425
f 1229//2426 1268//2426 1359//2426
f 1231//2427 1285//2427 1364//2427
f 1274//2428 1181//2428 1167//2428
f 1249//2429 1331//2429 1356//2429
f 992//2430 1678//2430 920//2430
f 1273//2431 1436//2431 1253//2431
f 1262//2432 1299//2432 1223//2432
f 1309//2433 1217//2433 1241//2433
f 1220//2434 1264//2434 1273//2434
f 1201//2435 1216//2435 1319//2435
f 1327//2436 1376//2436 1278//2436
f 1087//2437 1090//2437 1214//2437
f 1259//2438 1277//2438 1237//2438
f 1267//2439 1258//2439 1188//2439
f 1309//2440 1241//2440 1300//2440
f 1329//2441 1264//2441 1301//2441
f 1250//2442 1301//2442 1210//2442
f 1340//2443 640//2443 1050//2443
f 1286//2444 1251//2444 1148//2444
f 1258//2445 1248//2445 1211//2445
f 920//2446 1332//2446 963//2446
f 1145//2447 963//2447 1332//2447
f 1305//2448 1245//2448 1230//2448
f 1220//2449 1273//2449 1253//2449
f 1237//2450 1303//2450 1204//2450
f 1009//2451 1209//2451 1254//2451
f 1317//2452 1213//2452 1184//2452
f 1224//2453 1274//2453 1326//2453
f 1281//2454 1392//2454 1203//2454
f 1014//2455 1477//2455 828//2455
f 1213//2456 1317//2456 1295//2456
f 1310//2457 1111//2457 997//2457
f 1230//2458 1252//2458 1306//2458
f 1120//2459 1243//2459 1307//2459
f 1356//2460 1290//2460 1249//2460
f 1314//2461 1167//2461 1295//2461
f 1263//2462 1206//2462 1293//2462
f 979//2463 1183//2463 1296//2463
f 1204//2464 1303//2464 1300//2464
f 1203//2465 1087//2465 1281//2465
f 1221//2466 1276//2466 1327//2466
f 1392//2467 1345//2467 1288//2467
f 1303//2468 1237//2468 1277//2468
f 1202//2469 1234//2469 1320//2469
f 1304//2470 1226//2470 1362//2470
f 1275//2471 1364//2471 1343//2471
f 1350//2472 1250//2472 1298//2472
f 1317//2473 1184//2473 1363//2473
f 1320//2474 1234//2474 1316//2474
f 1331//2475 1249//2475 1245//2475
f 1245//2476 1305//2476 1361//2476
f 1299//2477 1262//2477 1338//2477
f 1276//2478 1218//2478 1334//2478
f 1319//2479 1396//2479 1287//2479
f 1409//2480 1323//2480 1156//2480
f 1087//2481 1214//2481 1354//2481
f 1251//2482 1286//2482 1365//2482
f 1338//2483 1373//2483 1299//2483
f 1324//2484 1207//2484 1353//2484
f 1247//2485 1097//2485 1294//2485
f 1380//2486 1283//2486 1320//2486
f 979//2487 1296//2487 1021//2487
f 1362//2488 1226//2488 1290//2488
f 1146//2489 1461//2489 743//2489
f 1275//2490 1231//2490 1364//2490
f 1328//2491 1316//2491 1217//2491
f 1326//2492 1298//2492 1224//2492
f 1314//2493 1326//2493 1274//2493
f 1153//2494 1163//2494 1333//2494
f 1266//2495 1120//2495 1416//2495
f 1265//2496 988//2496 1197//2496
f 1333//2497 1119//2497 1153//2497
f 1223//2498 1299//2498 1311//2498
f 1425//2499 1276//2499 1334//2499
f 1020//2500 760//2500 1233//2500
f 1193//2501 852//2501 1235//2501
f 1261//2502 1349//2502 1312//2502
f 1312//2503 1176//2503 1261//2503
f 1261//2504 1304//2504 1349//2504
f 1306//2505 1252//2505 1253//2505
f 1281//2506 1087//2506 1354//2506
f 1340//2507 1050//2507 1000//2507
f 1278//2508 1221//2508 1327//2508
f 1358//2509 1341//2509 1219//2509
f 1266//2510 1416//2510 1408//2510
f 1287//2511 1201//2511 1319//2511
f 1416//2512 1120//2512 1307//2512
f 1312//2513 1267//2513 1228//2513
f 1325//2514 1338//2514 1262//2514
f 1556//2515 885//2515 1225//2515
f 1337//2516 1320//2516 1316//2516
f 1328//2517 1337//2517 1316//2517
f 1305//2518 1230//2518 1306//2518
f 1191//2519 1386//2519 1371//2519
f 1280//2520 885//2520 1556//2520
f 1326//2521 1395//2521 1351//2521
f 861//2522 1468//2522 1447//2522
f 1352//2523 1238//2523 1107//2523
f 1272//2524 1103//2524 1323//2524
f 1301//2525 1250//2525 1344//2525
f 1303//2526 1277//2526 1347//2526
f 1277//2527 1259//2527 1366//2527
f 1366//2528 1347//2528 1277//2528
f 1356//2529 1362//2529 1290//2529
f 1353//2530 1251//2530 1365//2530
f 1245//2531 1361//2531 1331//2531
f 1232//2532 1308//2532 1037//2532
f 1343//2533 1406//2533 1222//2533
f 1359//2534 1268//2534 1437//2534
f 1367//2535 794//2535 923//2535
f 1469//2536 1341//2536 1358//2536
f 1357//2537 1469//2537 1415//2537
f 1219//2538 1242//2538 1391//2538
f 1371//2539 1214//2539 1191//2539
f 1258//2540 1381//2540 1248//2540
f 1385//2541 1350//2541 1298//2541
f 1328//2491 1217//2491 1309//2491
f 1369//2542 1294//2542 1229//2542
f 1017//2543 1494//2543 907//2543
f 1348//2544 1305//2544 1306//2544
f 1448//2545 1317//2545 1387//2545
f 1259//2546 1311//2546 1372//2546
f 1242//2547 1272//2547 1391//2547
f 1390//2548 1286//2548 1192//2548
f 1390//2549 1192//2549 1227//2549
f 1374//2550 1236//2550 1318//2550
f 1298//2551 1326//2551 1351//2551
f 1320//2552 1283//2552 1202//2552
f 1283//2553 1368//2553 1271//2553
f 1306//2554 1253//2554 1348//2554
f 1437//2555 1268//2555 1342//2555
f 1285//2556 1324//2556 1445//2556
f 1338//2557 1325//2557 1399//2557
f 858//2558 1405//2558 1302//2558
f 1311//2559 1259//2559 1239//2559
f 1304//2560 1362//2560 1383//2560
f 1350//2561 1344//2561 1250//2561
f 1354//2562 1519//2562 1281//2562
f 1303//2563 1378//2563 1300//2563
f 1129//2564 1247//2564 1318//2564
f 1433//2565 509//2565 1028//2565
f 1548//2566 1524//2566 847//2566
f 1297//2567 1183//2567 814//2567
f 1297//2568 814//2568 1111//2568
f 1526//2569 1409//2569 1397//2569
f 1081//2570 1240//2570 1384//2570
f 1287//2571 1501//2571 1227//2571
f 1256//2572 1422//2572 1132//2572
f 1260//2573 1477//2573 1014//2573
f 1611//2574 1433//2574 1028//2574
f 1295//2575 1360//2575 1314//2575
f 1278//2576 1376//2576 1325//2576
f 1406//2577 1334//2577 1222//2577
f 1371//2578 1519//2578 1354//2578
f 1272//2579 1323//2579 1379//2579
f 1244//2580 1256//2580 1058//2580
f 1247//2581 1294//2581 1400//2581
f 1329//2582 1273//2582 1264//2582
f 1330//2583 906//2583 835//2583
f 1351//2584 1421//2584 1385//2584
f 1388//2585 1295//2585 1317//2585
f 1582//2586 1410//2586 1232//2586
f 1081//2587 1150//2587 1040//2587
f 1363//2588 1288//2588 1387//2588
f 1219//2589 1341//2589 1291//2589
f 1469//2590 1358//2590 1441//2590
f 1357//2591 1415//2591 1442//2591
f 1323//2592 1426//2592 1379//2592
f 1501//2593 1287//2593 1396//2593
f 1208//2594 1289//2594 1342//2594
f 1385//2595 1402//2595 1350//2595
f 1359//2596 1369//2596 1229//2596
f 1145//2597 1332//2597 1889//2597
f 1311//2598 1299//2598 1373//2598
f 1436//2599 1348//2599 1253//2599
f 1317//2600 1363//2600 1387//2600
f 1150//2601 1610//2601 1024//2601
f 1327//2602 1276//2602 1425//2602
f 1305//2603 1419//2603 1361//2603
f 1227//2604 1501//2604 1390//2604
f 1326//2605 1314//2605 1360//2605
f 1214//2606 1371//2606 1354//2606
f 1303//2607 1347//2607 1378//2607
f 1295//2608 1388//2608 1360//2608
f 1309//2609 1300//2609 1378//2609
f 1397//2610 1263//2610 1389//2610
f 1263//2611 1397//2611 1246//2611
f 987//2612 1282//2612 1152//2612
f 1398//2613 1331//2613 1361//2613
f 1432//2614 861//2614 977//2614
f 1482//2615 1244//2615 1058//2615
f 1325//2616 1376//2616 1399//2616
f 1293//2617 1271//2617 1368//2617
f 1452//2618 1337//2618 1328//2618
f 1372//2619 1366//2619 1259//2619
f 1395//2620 1326//2620 1360//2620
f 1283//2621 1380//2621 1368//2621
f 1369//2622 1400//2622 1294//2622
f 1400//2623 1424//2623 1247//2623
f 1309//2624 1378//2624 1407//2624
f 1442//2625 1307//2625 1357//2625
f 1391//2626 1272//2626 1457//2626
f 1522//2627 1333//2627 1163//2627
f 1156//2628 1246//2628 1397//2628
f 1411//2629 1327//2629 1425//2629
f 1445//2630 1364//2630 1285//2630
f 1375//2631 1434//2631 1381//2631
f 1344//2632 1350//2632 1402//2632
f 1345//2633 1413//2633 1387//2633
f 1312//2634 1412//2634 1267//2634
f 1349//2635 1304//2635 1383//2635
f 1381//2636 1258//2636 1267//2636
f 1313//2637 1557//2637 1157//2637
f 1373//2638 1338//2638 1427//2638
f 1595//2639 1028//2639 858//2639
f 1358//2640 1219//2640 1391//2640
f 1441//2641 1358//2641 1391//2641
f 1322//2642 1417//2642 911//2642
f 1351//2643 1385//2643 1298//2643
f 1382//2644 1356//2644 1331//2644
f 847//2645 1524//2645 1143//2645
f 1301//2646 1502//2646 1329//2646
f 1232//2647 1149//2647 1572//2647
f 1381//2648 1289//2648 1248//2648
f 735//2649 1152//2649 1160//2649
f 1437//2650 1342//2650 1414//2650
f 1382//2651 1331//2651 1398//2651
f 1427//2652 1338//2652 1399//2652
f 1479//2653 1006//2653 853//2653
f 1443//2654 1209//2654 1477//2654
f 1466//2655 1265//2655 1197//2655
f 1345//2656 1387//2656 1288//2656
f 1357//2657 1291//2657 1341//2657
f 1441//2658 1431//2658 1470//2658
f 1191//2659 1315//2659 1386//2659
f 1315//2660 1266//2660 1408//2660
f 1111//2661 1310//2661 1393//2661
f 1247//2662 1424//2662 1318//2662
f 1263//2663 1293//2663 1423//2663
f 1384//2664 1150//2664 1081//2664
f 1423//2665 1293//2665 1368//2665
f 1334//2666 1406//2666 1425//2666
f 1429//2667 1328//2667 1309//2667
f 1392//2668 1428//2668 1345//2668
f 1236//2669 1374//2669 1319//2669
f 980//2670 1394//2670 835//2670
f 980//2671 1112//2671 1760//2671
f 1445//2672 1343//2672 1364//2672
f 1355//2673 1522//2673 1163//2673
f 1307//2674 1291//2674 1357//2674
f 1315//2675 1509//2675 1386//2675
f 1493//2676 1500//2676 1289//2676
f 1424//2677 1455//2677 1318//2677
f 1267//2678 1412//2678 1375//2678
f 1111//2679 1393//2679 1297//2679
f 1557//2680 1186//2680 1157//2680
f 1340//2681 1092//2681 640//2681
f 1495//2682 1373//2682 1505//2682
f 1431//2683 1391//2683 1506//2683
f 1562//2684 1516//2684 1110//2684
f 1397//2685 1409//2685 1156//2685
f 1107//2686 1339//2686 1352//2686
f 1284//2687 1322//2687 969//2687
f 1282//2688 907//2688 1494//2688
f 1387//2689 1413//2689 1456//2689
f 1344//2690 1464//2690 1301//2690
f 1464//2691 1502//2691 1301//2691
f 1444//2692 1412//2692 1312//2692
f 1312//2693 1349//2693 1444//2693
f 1366//2694 1460//2694 1347//2694
f 1449//2695 1407//2695 1378//2695
f 1423//2696 1389//2696 1263//2696
f 1408//2697 1509//2697 1315//2697
f 1395//2698 1421//2698 1351//2698
f 853//2699 1034//2699 1479//2699
f 1497//2700 1420//2700 1551//2700
f 1598//2701 1968//2701 1927//2701
f 1438//2702 1427//2702 1399//2702
f 1495//2703 1372//2703 1311//2703
f 1486//2704 1402//2704 1385//2704
f 1428//2705 1392//2705 1281//2705
f 1420//2706 1324//2706 1353//2706
f 1445//2707 1439//2707 1343//2707
f 1006//2708 1479//2708 1667//2708
f 1357//2709 1341//2709 1469//2709
f 1442//2710 1416//2710 1307//2710
f 1507//2711 1508//2711 1371//2711
f 1473//2712 1408//2712 1416//2712
f 1390//2713 1472//2713 1435//2713
f 1365//2714 1551//2714 1353//2714
f 1071//2715 1132//2715 1590//2715
f 1370//2716 1572//2716 1149//2716
f 1381//2717 1493//2717 1289//2717
f 1348//2718 1419//2718 1305//2718
f 1447//2719 1130//2719 861//2719
f 1337//2720 1440//2720 1320//2720
f 1410//2721 1308//2721 1232//2721
f 1555//2722 1339//2722 1254//2722
f 1381//2723 1267//2723 1375//2723
f 1538//2724 1437//2724 1414//2724
f 951//2725 1454//2725 1062//2725
f 1477//2726 1209//2726 828//2726
f 1352//2727 1339//2727 1684//2727
f 1436//2728 1273//2728 1329//2728
f 1452//2729 1440//2729 1337//2729
f 1456//2730 1448//2730 1387//2730
f 1197//2731 1190//2731 1450//2731
f 1457//2732 1506//2732 1391//2732
f 1413//2733 1345//2733 1428//2733
f 1308//2734 1410//2734 1346//2734
f 1760//2735 1112//2735 1164//2735
f 1760//2736 1458//2736 980//2736
f 1362//2737 1356//2737 1382//2737
f 1403//2738 1240//2738 1119//2738
f 1324//2739 1420//2739 1445//2739
f 1398//2740 1446//2740 1382//2740
f 1376//2741 1327//2741 1528//2741
f 1423//2742 1368//2742 1543//2742
f 1460//2743 1366//2743 1372//2743
f 1244//2744 1422//2744 1256//2744
f 1499//2745 1536//2745 1549//2745
f 1415//2746 1535//2746 1442//2746
f 1286//2747 1435//2747 1365//2747
f 1426//2748 1323//2748 1409//2748
f 1399//2749 1376//2749 1528//2749
f 1610//2750 1150//2750 1587//2750
f 1465//2751 218//2751 786//2751
f 1289//2752 1500//2752 1342//2752
f 1530//2753 1419//2753 1348//2753
f 1453//2754 1395//2754 1360//2754
f 1368//2755 1380//2755 1451//2755
f 1449//2756 1378//2756 1347//2756
f 1317//2757 1448//2757 1388//2757
f 1429//2758 1452//2758 1328//2758
f 1309//2759 1407//2759 1429//2759
f 1388//2760 1453//2760 1360//2760
f 1388//2761 1448//2761 1481//2761
f 1548//2762 847//2762 1092//2762
f 1352//2763 1017//2763 1238//2763
f 1320//2764 1440//2764 1380//2764
f 1340//2765 1000//2765 1187//2765
f 1478//2766 1460//2766 1372//2766
f 1131//2767 1130//2767 1447//2767
f 1451//2768 1543//2768 1368//2768
f 1383//2769 1362//2769 1474//2769
f 1319//2770 1374//2770 1396//2770
f 1372//2771 1495//2771 1478//2771
f 1412//2772 1485//2772 1375//2772
f 1464//2773 1344//2773 1402//2773
f 1346//2774 1284//2774 1308//2774
f 1551//2775 1420//2775 1353//2775
f 996//2776 1559//2776 958//2776
f 1534//2777 1445//2777 1420//2777
f 1406//2778 1343//2778 1439//2778
f 1296//2779 1183//2779 1489//2779
f 1535//2780 1415//2780 1469//2780
f 1394//2781 1480//2781 835//2781
f 1375//2782 1475//2782 1434//2782
f 1318//2783 1455//2783 1374//2783
f 1330//2784 835//2784 1480//2784
f 1281//2785 1519//2785 1428//2785
f 1530//2786 1348//2786 1436//2786
f 1512//2787 1528//2787 1327//2787
f 1460//2788 1478//2788 1496//2788
f 1436//2789 1329//2789 1462//2789
f 1438//2790 1399//2790 1528//2790
f 1896//2791 1454//2791 951//2791
f 1265//2792 1562//2792 1110//2792
f 1482//2793 1335//2793 1558//2793
f 1406//2794 1467//2794 1425//2794
f 1434//2795 1493//2795 1381//2795
f 1335//2796 931//2796 1110//2796
f 1021//2797 1593//2797 1164//2797
f 1708//2798 921//2798 743//2798
f 1457//2799 1272//2799 1379//2799
f 1233//2800 1578//2800 1377//2800
f 1361//2801 1419//2801 1492//2801
f 1484//2802 905//2802 936//2802
f 1495//2803 1311//2803 1373//2803
f 1462//2804 1329//2804 1502//2804
f 1374//2805 1517//2805 1396//2805
f 1421//2806 1395//2806 1459//2806
f 1453//2807 1459//2807 1395//2807
f 1398//2808 1361//2808 1487//2808
f 1414//2809 1500//2809 1533//2809
f 1485//2810 1475//2810 1375//2810
f 1499//2811 1470//2811 1510//2811
f 1371//2812 1508//2812 1519//2812
f 1365//2813 1435//2813 1551//2813
f 1355//2814 1134//2814 1212//2814
f 1421//2815 1486//2815 1385//2815
f 1476//2816 1423//2816 1543//2816
f 1349//2817 1383//2817 1474//2817
f 1448//2818 1456//2818 1545//2818
f 1414//2819 1533//2819 1538//2819
f 1413//2820 1483//2820 1456//2820
f 1471//2821 1380//2821 1440//2821
f 1102//2822 1418//2822 1212//2822
f 1150//2823 1384//2823 1587//2823
f 1490//2824 1449//2824 1347//2824
f 1439//2825 1445//2825 1534//2825
f 1487//2826 1361//2826 1492//2826
f 1538//2827 1359//2827 1437//2827
f 1371//2828 1386//2828 1507//2828
f 1431//2829 1441//2829 1391//2829
f 1382//2830 1446//2830 1362//2830
f 1407//2831 1449//2831 1504//2831
f 1576//2832 1451//2832 1471//2832
f 1451//2833 1380//2833 1471//2833
f 1403//2834 1513//2834 1240//2834
f 1490//2835 1347//2835 1460//2835
f 905//2836 1570//2836 919//2836
f 1443//2837 1254//2837 1209//2837
f 1269//2838 1488//2838 1255//2838
f 1342//2839 1500//2839 1414//2839
f 1398//2840 1487//2840 1446//2840
f 1469//2841 1549//2841 1498//2841
f 1510//2842 1574//2842 1536//2842
f 1510//2843 1563//2843 1574//2843
f 1442//2844 1473//2844 1416//2844
f 1235//2845 1330//2845 1480//2845
f 1522//2846 1119//2846 1333//2846
f 1481//2847 1566//2847 1453//2847
f 1650//2848 1160//2848 1152//2848
f 1423//2849 1476//2849 1389//2849
f 1530//2850 1436//2850 1511//2850
f 1412//2851 1444//2851 1523//2851
f 1409//2852 1526//2852 1426//2852
f 1411//2853 1425//2853 1467//2853
f 1390//2854 1501//2854 1472//2854
f 1435//2855 1286//2855 1390//2855
f 1461//2856 1823//2856 743//2856
f 1505//2857 1373//2857 1427//2857
f 1339//2858 1555//2858 1684//2858
f 1349//2859 1474//2859 1444//2859
f 1531//2860 1483//2860 1413//2860
f 1412//2861 1523//2861 1485//2861
f 743//2862 1823//2862 1708//2862
f 1463//2863 795//2863 1279//2863
f 1462//2864 1529//2864 1436//2864
f 1675//2865 218//2865 1465//2865
f 1327//2866 1411//2866 1512//2866
f 1573//2867 1491//2867 1374//2867
f 1491//2868 1517//2868 1374//2868
f 1362//2869 1586//2869 1474//2869
f 1499//2870 1441//2870 1470//2870
f 1536//2871 1499//2871 1510//2871
f 1397//2872 1596//2872 1526//2872
f 1599//2873 1457//2873 1379//2873
f 1510//2874 1431//2874 1506//2874
f 1431//2875 1510//2875 1470//2875
f 1585//2876 1435//2876 1472//2876
f 1438//2877 1528//2877 1542//2877
f 1446//2878 1586//2878 1362//2878
f 1455//2879 1424//2879 1539//2879
f 1459//2880 1525//2880 1421//2880
f 1377//2881 936//2881 1078//2881
f 1520//2882 1464//2882 1402//2882
f 1501//2883 1396//2883 1517//2883
f 1388//2884 1481//2884 1453//2884
f 1255//2885 1418//2885 1102//2885
f 1658//2886 1257//2886 1033//2886
f 1514//2887 1428//2887 1519//2887
f 1379//2888 1426//2888 1550//2888
f 1474//2889 1527//2889 1444//2889
f 1424//2890 1400//2890 1539//2890
f 1413//2891 1428//2891 1531//2891
f 1514//2892 1519//2892 1508//2892
f 1481//2893 1448//2893 1545//2893
f 1472//2894 1501//2894 1537//2894
f 1505//2895 1546//2895 1495//2895
f 1370//2896 1639//2896 1670//2896
f 1535//2897 1498//2897 1624//2897
f 1549//2898 1469//2898 1499//2898
f 1486//2899 1520//2899 1402//2899
f 1525//2900 1486//2900 1421//2900
f 1034//2901 1062//2901 1640//2901
f 1570//2902 1269//2902 919//2902
f 1577//2903 1566//2903 1481//2903
f 1538//2904 1565//2904 1359//2904
f 1482//2905 1503//2905 1244//2905
f 1544//2906 1369//2906 1561//2906
f 1482//2907 1058//2907 1335//2907
f 1514//2908 1540//2908 1428//2908
f 1411//2909 1515//2909 1512//2909
f 1429//2910 1407//2910 1504//2910
f 1427//2911 1542//2911 1505//2911
f 1547//2912 1545//2912 1483//2912
f 1567//2913 1607//2913 1506//2913
f 1389//2914 1596//2914 1397//2914
f 1694//2915 1152//2915 1282//2915
f 1534//2916 1564//2916 1439//2916
f 1543//2917 1451//2917 1576//2917
f 1561//2918 1359//2918 1560//2918
f 1581//2919 1492//2919 1419//2919
f 1006//2920 1532//2920 1033//2920
f 1321//2921 1257//2921 1658//2921
f 1583//2922 1689//2922 1473//2922
f 1619//2923 1586//2923 1446//2923
f 1573//2924 1374//2924 1455//2924
f 1464//2925 1520//2925 1518//2925
f 1553//2926 1528//2926 1512//2926
f 1260//2927 1077//2927 1630//2927
f 1265//2928 1521//2928 1562//2928
f 1582//2929 1232//2929 1572//2929
f 1481//2930 1547//2930 1577//2930
f 1547//2931 1481//2931 1545//2931
f 1545//2932 1456//2932 1483//2932
f 1502//2933 1464//2933 1518//2933
f 1561//2934 1369//2934 1359//2934
f 1497//2935 1652//2935 1420//2935
f 1292//2936 949//2936 1321//2936
f 1471//2937 1440//2937 1623//2937
f 795//2938 1404//2938 1279//2938
f 1610//2939 1630//2939 1038//2939
f 1523//2940 1568//2940 1485//2940
f 1038//2941 1024//2941 1610//2941
f 1588//2942 1589//2942 1490//2942
f 1467//2943 1406//2943 1554//2943
f 1449//2944 1490//2944 1589//2944
f 1515//2945 1411//2945 1467//2945
f 1495//2946 1569//2946 1478//2946
f 1530//2947 1581//2947 1419//2947
f 1466//2948 1197//2948 1450//2948
f 1499//2949 1469//2949 1441//2949
f 786//2950 958//2950 1969//2950
f 1563//2951 1506//2951 1607//2951
f 920//2952 1678//2952 1332//2952
f 1490//2953 1460//2953 1496//2953
f 1552//2954 1537//2954 1501//2954
f 1604//2955 1525//2955 1459//2955
f 1038//2956 1630//2956 1077//2956
f 1476//2957 1543//2957 1591//2957
f 1542//2958 1427//2958 1438//2958
f 1652//2959 1534//2959 1420//2959
f 1146//2960 1143//2960 1461//2960
f 1554//2961 1406//2961 1571//2961
f 1496//2962 1478//2962 1569//2962
f 1520//2963 1486//2963 1525//2963
f 1767//2964 1522//2964 1355//2964
f 1504//2965 1449//2965 1589//2965
f 1429//2966 1504//2966 1627//2966
f 1564//2967 1571//2967 1439//2967
f 1468//2968 861//2968 1432//2968
f 1567//2969 1693//2969 1607//2969
f 1544//2970 1400//2970 1369//2970
f 1462//2971 1502//2971 1541//2971
f 1400//2972 1645//2972 1539//2972
f 1394//2973 980//2973 1458//2973
f 2515//2974 1524//2974 1747//2974
f 1566//2975 1612//2975 1606//2975
f 1581//2976 1530//2976 1511//2976
f 1566//2977 1459//2977 1453//2977
f 1522//2978 1403//2978 1119//2978
f 1187//2979 1076//2979 1430//2979
f 1457//2980 1567//2980 1506//2980
f 1596//2981 1389//2981 1476//2981
f 1619//2982 1446//2982 1487//2982
f 1529//2983 1511//2983 1436//2983
f 1531//2984 1428//2984 1540//2984
f 1543//2985 1576//2985 1591//2985
f 1542//2986 1592//2986 1505//2986
f 1193//2987 1235//2987 1603//2987
f 1313//2988 1193//2988 1594//2988
f 1501//2989 1517//2989 1552//2989
f 1417//2990 1580//2990 1310//2990
f 1601//2991 1459//2991 1566//2991
f 1313//2992 1594//2992 1557//2992
f 1310//2993 1580//2993 1393//2993
f 1639//2994 1370//2994 1131//2994
f 1455//2995 1620//2995 1573//2995
f 1447//2996 1639//2996 1131//2996
f 1633//2997 1474//2997 1586//2997
f 1584//2998 1596//2998 1476//2998
f 1346//2999 1609//2999 1284//2999
f 1508//3000 1600//3000 1514//3000
f 1563//3001 1510//3001 1506//3001
f 1673//3002 1186//3002 1557//3002
f 1579//3003 1429//3003 1668//3003
f 1406//3004 1439//3004 1571//3004
f 1586//3005 1619//3005 1633//3005
f 1175//3006 218//3006 1675//3006
f 1585//3007 1653//3007 1435//3007
f 1296//3008 1593//3008 1021//3008
f 1621//3009 1541//3009 1502//3009
f 1612//3010 1566//3010 1577//3010
f 1367//3011 1896//3011 951//3011
f 1498//3012 1535//3012 1469//3012
f 1490//3013 1496//3013 1588//3013
f 851//3014 996//3014 958//3014
f 1429//3015 1579//3015 1452//3015
f 1569//3016 1654//3016 1496//3016
f 1507//3017 1386//3017 1509//3017
f 1568//3018 1475//3018 1485//3018
f 1322//3019 1609//3019 1703//3019
f 1518//3020 1621//3020 1502//3020
f 1400//3021 1544//3021 1645//3021
f 1652//3022 1629//3022 1534//3022
f 1525//3023 1632//3023 1520//3023
f 1384//3024 1240//3024 1513//3024
f 1553//3025 1622//3025 1528//3025
f 1890//3026 1678//3026 1280//3026
f 1633//3027 1597//3027 1474//3027
f 1547//3028 1483//3028 1602//3028
f 1408//3029 1616//3029 1509//3029
f 1619//3030 1487//3030 1492//3030
f 1527//3031 1474//3031 1597//3031
f 1600//3032 1508//3032 1618//3032
f 1429//3033 1627//3033 1668//3033
f 1622//3034 1542//3034 1528//3034
f 1572//3035 1370//3035 1670//3035
f 1592//3036 1546//3036 1505//3036
f 1440//3037 1452//3037 1579//3037
f 1529//3038 1462//3038 1541//3038
f 1600//3039 1540//3039 1514//3039
f 1512//3040 1515//3040 1646//3040
f 1322//3041 1671//3041 1417//3041
f 1564//3042 1636//3042 1571//3042
f 1579//3043 1623//3043 1440//3043
f 1442//3044 1535//3044 1583//3044
f 1408//3045 1608//3045 1616//3045
f 1608//3046 1473//3046 1689//3046
f 1442//3047 1583//3047 1473//3047
f 1625//3048 1563//3048 1693//3048
f 1508//3049 1507//3049 1618//3049
f 1640//3050 1479//3050 1034//3050
f 1599//3051 1567//3051 1457//3051
f 1495//3052 1546//3052 1569//3052
f 1585//3053 1537//3053 1698//3053
f 1560//3054 1359//3054 1565//3054
f 1578//3055 1233//3055 1186//3055
f 1175//3056 1675//3056 2466//3056
f 1662//3057 1597//3057 1633//3057
f 1152//3058 1694//3058 1650//3058
f 1542//3059 1622//3059 1634//3059
f 1503//3060 1922//3060 1244//3060
f 1638//3061 1551//3061 1435//3061
f 1475//3062 1568//3062 1628//3062
f 1492//3063 1614//3063 1619//3063
f 1643//3064 1651//3064 1497//3064
f 1492//3065 1581//3065 1615//3065
f 1588//3066 1496//3066 1654//3066
f 1669//3067 1529//3067 1541//3067
f 1458//3068 1712//3068 1394//3068
f 1408//3069 1473//3069 1608//3069
f 1574//3070 1625//3070 1665//3070
f 1665//3071 1625//3071 1702//3071
f 1574//3072 1665//3072 1549//3072
f 1477//3073 1260//3073 1637//3073
f 1604//3074 1459//3074 1601//3074
f 1471//3075 1623//3075 1576//3075
f 1564//3076 1534//3076 1629//3076
f 1634//3077 1592//3077 1542//3077
f 1594//3078 1193//3078 1603//3078
f 1444//3079 1527//3079 1523//3079
f 1663//3080 1493//3080 1434//3080
f 1632//3081 1525//3081 1604//3081
f 1466//3082 1695//3082 1521//3082
f 1627//3083 1504//3083 1617//3083
f 1484//3084 936//3084 1377//3084
f 1612//3085 1577//3085 1547//3085
f 905//3086 1484//3086 1570//3086
f 1605//3087 1527//3087 1597//3087
f 1618//3088 1507//3088 1631//3088
f 1646//3089 1515//3089 1467//3089
f 1426//3090 1526//3090 1550//3090
f 1511//3091 1529//3091 1727//3091
f 1620//3092 1455//3092 1539//3092
f 1567//3093 1649//3093 1693//3093
f 1434//3094 1475//3094 1663//3094
f 1500//3095 1493//3095 1661//3095
f 1651//3096 1652//3096 1497//3096
f 1480//3097 1603//3097 1235//3097
f 1653//3098 1638//3098 1435//3098
f 1591//3099 1700//3099 1674//3099
f 1767//3100 1355//3100 1212//3100
f 1554//3101 1571//3101 1636//3101
f 1480//3102 1394//3102 1712//3102
f 1613//3103 1555//3103 1254//3103
f 1549//3104 1536//3104 1574//3104
f 1335//3105 1110//3105 1516//3105
f 1493//3106 1663//3106 1661//3106
f 1531//3107 1641//3107 1483//3107
f 1553//3108 1512//3108 1660//3108
f 1679//3109 1552//3109 1517//3109
f 1686//3110 1447//3110 1468//3110
f 1537//3111 1552//3111 1644//3111
f 1669//3112 1727//3112 1529//3112
f 1322//3113 1284//3113 1609//3113
f 1767//3114 1418//3114 1917//3114
f 1642//3115 1520//3115 1632//3115
f 1492//3116 1615//3116 1614//3116
f 1641//3117 1602//3117 1483//3117
f 1677//3118 1625//3118 1693//3118
f 1574//3119 1563//3119 1625//3119
f 1600//3120 1641//3120 1540//3120
f 1467//3121 1554//3121 1646//3121
f 1622//3122 1553//3122 1660//3122
f 1511//3123 1727//3123 1648//3123
f 1340//3124 1187//3124 1958//3124
f 1504//3125 1589//3125 1617//3125
f 1475//3126 1628//3126 1663//3126
f 1642//3127 1621//3127 1518//3127
f 1648//3128 1615//3128 1581//3128
f 1540//3129 1641//3129 1531//3129
f 1512//3130 1655//3130 1660//3130
f 1017//3131 1352//3131 1494//3131
f 1158//3132 1773//3132 1076//3132
f 1569//3133 1546//3133 1657//3133
f 1773//3134 1158//3134 1401//3134
f 1588//3135 1617//3135 1589//3135
f 1636//3136 1564//3136 1629//3136
f 1775//3137 1825//3137 1776//3137
f 1691//3138 1583//3138 1726//3138
f 1550//3139 1705//3139 1599//3139
f 1472//3140 1537//3140 1585//3140
f 1693//3141 1563//3141 1607//3141
f 1597//3142 1680//3142 1605//3142
f 1613//3143 1684//3143 1555//3143
f 1520//3144 1642//3144 1518//3144
f 1613//3145 1254//3145 1443//3145
f 1697//3146 1623//3146 1579//3146
f 1632//3147 1604//3147 1664//3147
f 1573//3148 1744//3148 1491//3148
f 1679//3149 1517//3149 1491//3149
f 1595//3150 1611//3150 1028//3150
f 1591//3151 1584//3151 1476//3151
f 1145//3152 1889//3152 1978//3152
f 1393//3153 1580//3153 1789//3153
f 1648//3154 1581//3154 1511//3154
f 1638//3155 1643//3155 1551//3155
f 1497//3156 1551//3156 1643//3156
f 1700//3157 1576//3157 1623//3157
f 1614//3158 1615//3158 1656//3158
f 1662//3159 1680//3159 1597//3159
f 1509//3160 1631//3160 1507//3160
f 1593//3161 1760//3161 1164//3161
f 1432//3162 1756//3162 1468//3162
f 1616//3163 1725//3163 1631//3163
f 1561//3164 1560//3164 1676//3164
f 1641//3165 1600//3165 1735//3165
f 1791//3166 1280//3166 1556//3166
f 1654//3167 1692//3167 1588//3167
f 1606//3168 1601//3168 1566//3168
f 1332//3169 1678//3169 1820//3169
f 1587//3170 1384//3170 1513//3170
f 1538//3171 1533//3171 1755//3171
f 1636//3172 1666//3172 1554//3172
f 1627//3173 1617//3173 1668//3173
f 1583//3174 1535//3174 1624//3174
f 1626//3175 1690//3175 1498//3175
f 1691//3176 1689//3176 1583//3176
f 1549//3177 1665//3177 1626//3177
f 1820//3178 1889//3178 1332//3178
f 1599//3179 1687//3179 1567//3179
f 1538//3180 1733//3180 1565//3180
f 1655//3181 1512//3181 1646//3181
f 1654//3182 1569//3182 1647//3182
f 1143//3183 1524//3183 1766//3183
f 1346//3184 1410//3184 1582//3184
f 1657//3185 1546//3185 1592//3185
f 1734//3186 1677//3186 1693//3186
f 1580//3187 1417//3187 1671//3187
f 1669//3188 1541//3188 1621//3188
f 1652//3189 1651//3189 1713//3189
f 1649//3190 1685//3190 1693//3190
f 1707//3191 1561//3191 1739//3191
f 1656//3192 1672//3192 1614//3192
f 1631//3193 1509//3193 1616//3193
f 1550//3194 1599//3194 1379//3194
f 1702//3195 1775//3195 1690//3195
f 1621//3196 1688//3196 1669//3196
f 1676//3197 1560//3197 1565//3197
f 1645//3198 1544//3198 1561//3198
f 1489//3199 1183//3199 1741//3199
f 1578//3200 1186//3200 1673//3200
f 1523//3201 1527//3201 1605//3201
f 1757//3202 1484//3202 1377//3202
f 1634//3203 1737//3203 1592//3203
f 1717//3204 1588//3204 1692//3204
f 1583//3205 1624//3205 1726//3205
f 1736//3206 1600//3206 1618//3206
f 1709//3207 1618//3207 1631//3207
f 1619//3208 1614//3208 1762//3208
f 1297//3209 1741//3209 1183//3209
f 1641//3210 1794//3210 1602//3210
f 1568//3211 1523//3211 1706//3211
f 1646//3212 1554//3212 1666//3212
f 1682//3213 1662//3213 1633//3213
f 1292//3214 1321//3214 1659//3214
f 1494//3215 1808//3215 1282//3215
f 1698//3216 1537//3216 1644//3216
f 1443//3217 1477//3217 1637//3217
f 1591//3218 1576//3218 1700//3218
f 1680//3219 1721//3219 1605//3219
f 1665//3220 1690//3220 1626//3220
f 1705//3221 1687//3221 1599//3221
f 1686//3222 1756//3222 1955//3222
f 1679//3223 1644//3223 1552//3223
f 1649//3224 1567//3224 1687//3224
f 1647//3225 1692//3225 1654//3225
f 1703//3226 1952//3226 1671//3226
f 1707//3227 1645//3227 1561//3227
f 1630//3228 1793//3228 1260//3228
f 1422//3229 1860//3229 1132//3229
f 1619//3230 1682//3230 1633//3230
f 1661//3231 1533//3231 1500//3231
f 1621//3232 1642//3232 1688//3232
f 1717//3233 1617//3233 1588//3233
f 1657//3234 1592//3234 1737//3234
f 1547//3235 1711//3235 1612//3235
f 1622//3236 1660//3236 1634//3236
f 1666//3237 1636//3237 1714//3237
f 1498//3238 1701//3238 1624//3238
f 1498//3239 1549//3239 1626//3239
f 1726//3240 1624//3240 1742//3240
f 1756//3241 1686//3241 1468//3241
f 1696//3242 1296//3242 1489//3242
f 1401//3243 1071//3243 1590//3243
f 1690//3244 1665//3244 1702//3244
f 1601//3245 1664//3245 1604//3245
f 1659//3246 1321//3246 1658//3246
f 1717//3247 1668//3247 1617//3247
f 1676//3248 1739//3248 1561//3248
f 1740//3249 1716//3249 1648//3249
f 1727//3250 1740//3250 1648//3250
f 1422//3251 1244//3251 1922//3251
f 1513//3252 1719//3252 1587//3252
f 1605//3253 1721//3253 1706//3253
f 1280//3254 1791//3254 1890//3254
f 1619//3255 1762//3255 1682//3255
f 1538//3256 1755//3256 1733//3256
f 1710//3257 1634//3257 1660//3257
f 1632//3258 1683//3258 1642//3258
f 1629//3259 1681//3259 1636//3259
f 1699//3260 1700//3260 1623//3260
f 1602//3261 1711//3261 1547//3261
f 1605//3262 1706//3262 1523//3262
f 1461//3263 1143//3263 1834//3263
f 1297//3264 1393//3264 1789//3264
f 1620//3265 1539//3265 1645//3265
f 1526//3266 1596//3266 1720//3266
f 1697//3267 1579//3267 1668//3267
f 1260//3268 1793//3268 1637//3268
f 1430//3269 1076//3269 1773//3269
f 1674//3270 1584//3270 1591//3270
f 1703//3271 1671//3271 1322//3271
f 1694//3272 1799//3272 1650//3272
f 1679//3273 1491//3273 1744//3273
f 1550//3274 1526//3274 1732//3274
f 1656//3275 1615//3275 1716//3275
f 1632//3276 1664//3276 1683//3276
f 1647//3277 1569//3277 1657//3277
f 1615//3278 1648//3278 1716//3278
f 1697//3279 1668//3279 1750//3279
f 1704//3280 1568//3280 1706//3280
f 1640//3281 1062//3281 1454//3281
f 1629//3282 1652//3282 1713//3282
f 1550//3283 1732//3283 1705//3283
f 1758//3284 1608//3284 1689//3284
f 1691//3285 1785//3285 1815//3285
f 1568//3286 1722//3286 1628//3286
f 1377//3287 1753//3287 1757//3287
f 1762//3288 1614//3288 1672//3288
f 1526//3289 1720//3289 1732//3289
f 1835//3290 1687//3290 1705//3290
f 1623//3291 1697//3291 1699//3291
f 1718//3292 1687//3292 1795//3292
f 1717//3293 1692//3293 1763//3293
f 1693//3294 1685//3294 1734//3294
f 1568//3295 1704//3295 1722//3295
f 1480//3296 1712//3296 1926//3296
f 1752//3297 1643//3297 1638//3297
f 1432//3298 1160//3298 1759//3298
f 1195//3299 1175//3299 1968//3299
f 1680//3300 1662//3300 1748//3300
f 1746//3301 1780//3301 1601//3301
f 1871//3302 1578//3302 1673//3302
f 1637//3303 1809//3303 1443//3303
f 1724//3304 1653//3304 1585//3304
f 1606//3305 1612//3305 1746//3305
f 1709//3306 1725//3306 1848//3306
f 1702//3307 1677//3307 1777//3307
f 1718//3308 1685//3308 1649//3308
f 1692//3309 1647//3309 1731//3309
f 1818//3310 1578//3310 1871//3310
f 1484//3311 1757//3311 1570//3311
f 1685//3312 1749//3312 1734//3312
f 1754//3313 1843//3313 1790//3313
f 1681//3314 1781//3314 1769//3314
f 1669//3315 1688//3315 1729//3315
f 1738//3316 1533//3316 1661//3316
f 1767//3317 1846//3317 1522//3317
f 1719//3318 1513//3318 1817//3318
f 1666//3319 1655//3319 1646//3319
f 1877//3320 1762//3320 1672//3320
f 1653//3321 1752//3321 1638//3321
f 1212//3322 1418//3322 1767//3322
f 1690//3323 1775//3323 1776//3323
f 1736//3324 1735//3324 1600//3324
f 1701//3325 1498//3325 1690//3325
f 1641//3326 1735//3326 1837//3326
f 1092//3327 1340//3327 1635//3327
f 1697//3328 1750//3328 1699//3328
f 1700//3329 1765//3329 1674//3329
f 1700//3330 1699//3330 1801//3330
f 1718//3331 1649//3331 1687//3331
f 1844//3332 1741//3332 1297//3332
f 1377//3333 1578//3333 1753//3333
f 1664//3334 1601//3334 1780//3334
f 1723//3335 1565//3335 1733//3335
f 1746//3336 1601//3336 1606//3336
f 1778//3337 1585//3337 1698//3337
f 1784//3338 1746//3338 1612//3338
f 1629//3339 1774//3339 1681//3339
f 1685//3340 1718//3340 1783//3340
f 1711//3341 1602//3341 1794//3341
f 1736//3342 1618//3342 1709//3342
f 1758//3343 1689//3343 1691//3343
f 1658//3344 1033//3344 1532//3344
f 1533//3345 1738//3345 1772//3345
f 1664//3346 1745//3346 1683//3346
f 1754//3347 1657//3347 1737//3347
f 1817//3348 1522//3348 1846//3348
f 1694//3349 1282//3349 1808//3349
f 1707//3350 1620//3350 1645//3350
f 1572//3351 1879//3351 1582//3351
f 1702//3352 1625//3352 1677//3352
f 1676//3353 1565//3353 1723//3353
f 1671//3354 1952//3354 1580//3354
f 1613//3355 1443//3355 1809//3355
f 1819//3356 1596//3356 1584//3356
f 1660//3357 1655//3357 1827//3357
f 1681//3358 1769//3358 1636//3358
f 1807//3359 1730//3359 1800//3359
f 1346//3360 1582//3360 1847//3360
f 1776//3361 1701//3361 1690//3361
f 1593//3362 1296//3362 1696//3362
f 1785//3363 1726//3363 1742//3363
f 1730//3364 1668//3364 1717//3364
f 1879//3365 1572//3365 1670//3365
f 1713//3366 1651//3366 1643//3366
f 1628//3367 1722//3367 1786//3367
f 1612//3368 1711//3368 1784//3368
f 1657//3369 1790//3369 1647//3369
f 1790//3370 1657//3370 1754//3370
f 1827//3371 1710//3371 1660//3371
f 1723//3372 1788//3372 1676//3372
f 1813//3373 1801//3373 1699//3373
f 1729//3374 1770//3374 1669//3374
f 1668//3375 1730//3375 1750//3375
f 1764//3376 1662//3376 1682//3376
f 1744//3377 1792//3377 1828//3377
f 1513//3378 1403//3378 1817//3378
f 1620//3379 1707//3379 1782//3379
f 1663//3380 1628//3380 1786//3380
f 1817//3381 1403//3381 1522//3381
f 1992//3382 1659//3382 1658//3382
f 1714//3383 1636//3383 1769//3383
f 1639//3384 1447//3384 1950//3384
f 1748//3385 1662//3385 1764//3385
f 1642//3386 1683//3386 1745//3386
f 1132//3387 1575//3387 1590//3387
f 1548//3388 1747//3388 1524//3388
f 1488//3389 1894//3389 1255//3389
f 1655//3390 1714//3390 1810//3390
f 1969//3391 1465//3391 786//3391
f 1714//3392 1655//3392 1666//3392
f 1616//3393 1608//3393 1798//3393
f 1758//3394 1805//3394 1608//3394
f 1751//3395 1292//3395 1659//3395
f 1447//3396 1686//3396 1950//3396
f 1886//3397 1594//3397 1771//3397
f 1797//3398 1688//3398 1642//3398
f 1761//3399 1352//3399 1684//3399
f 1730//3400 1717//3400 1800//3400
f 1006//3401 1667//3401 1532//3401
f 1806//3402 1706//3402 1787//3402
f 1811//3403 1644//3403 1679//3403
f 1655//3404 1810//3404 1827//3404
f 1768//3405 1737//3405 1634//3405
f 1684//3406 1613//3406 1761//3406
f 1777//3407 1677//3407 1734//3407
f 1674//3408 1802//3408 1584//3408
f 1795//3409 1687//3409 1835//3409
f 1709//3410 1631//3410 1725//3410
f 1770//3411 1727//3411 1669//3411
f 1704//3412 1706//3412 1806//3412
f 1644//3413 1803//3413 1698//3413
f 1720//3414 2019//3414 1863//3414
f 1774//3415 1781//3415 1681//3415
f 1958//3416 1635//3416 1340//3416
f 1749//3417 1685//3417 1783//3417
f 1739//3418 1836//3418 1707//3418
f 1722//3419 1704//3419 1867//3419
f 1664//3420 1780//3420 1745//3420
f 1746//3421 1796//3421 1780//3421
f 1800//3422 1717//3422 1763//3422
f 1603//3423 1480//3423 1926//3423
f 1771//3424 1594//3424 1603//3424
f 1790//3425 1907//3425 1731//3425
f 1709//3426 1812//3426 1736//3426
f 1825//3427 1785//3427 1742//3427
f 1701//3428 1776//3428 1742//3428
f 1596//3429 1819//3429 1720//3429
f 1778//3430 1724//3430 1585//3430
f 1784//3431 1816//3431 1746//3431
f 1774//3432 1629//3432 1713//3432
f 1797//3433 1729//3433 1688//3433
f 1598//3434 1865//3434 1405//3434
f 1792//3435 1744//3435 1573//3435
f 1610//3436 1793//3436 1630//3436
f 1907//3437 1763//3437 1731//3437
f 1731//3438 1647//3438 1790//3438
f 1772//3439 1755//3439 1533//3439
f 1488//3440 1570//3440 1743//3440
f 1784//3441 1711//3441 1794//3441
f 1758//3442 1815//3442 1814//3442
f 1691//3443 1726//3443 1785//3443
f 1742//3444 1624//3444 1701//3444
f 1792//3445 1620//3445 1782//3445
f 1777//3446 1734//3446 1821//3446
f 1761//3447 1908//3447 1352//3447
f 1824//3448 1815//3448 1785//3448
f 1750//3449 1838//3449 1813//3449
f 1642//3450 1745//3450 1862//3450
f 1740//3451 1727//3451 1770//3451
f 1828//3452 1900//3452 1909//3452
f 1682//3453 1762//3453 1764//3453
f 1791//3454 1556//3454 1887//3454
f 1821//3455 1749//3455 1783//3455
f 1708//3456 1556//3456 1225//3456
f 1807//3457 1859//3457 1730//3457
f 1713//3458 1854//3458 1774//3458
f 1763//3459 1692//3459 1731//3459
f 1809//3460 1852//3460 1613//3460
f 1706//3461 1721//3461 1787//3461
f 1778//3462 1698//3462 1803//3462
f 1965//3463 1609//3463 1346//3463
f 1656//3464 1856//3464 1672//3464
f 1809//3465 1637//3465 1793//3465
f 1746//3466 1816//3466 1796//3466
f 1802//3467 1674//3467 1857//3467
f 1811//3468 1884//3468 1803//3468
f 1821//3469 1734//3469 1749//3469
f 1815//3470 1758//3470 1691//3470
f 1824//3471 1825//3471 1832//3471
f 1832//3472 1777//3472 1821//3472
f 1735//3473 1812//3473 1858//3473
f 1732//3474 1839//3474 1705//3474
f 1835//3475 1849//3475 1805//3475
f 1735//3476 1736//3476 1812//3476
f 1783//3477 1830//3477 1821//3477
f 1777//3478 1775//3478 1702//3478
f 1584//3479 1802//3479 1819//3479
f 1744//3480 1828//3480 1679//3480
f 1679//3481 1828//3481 1811//3481
f 1792//3482 1573//3482 1620//3482
f 1653//3483 1724//3483 1855//3483
f 1857//3484 1674//3484 1765//3484
f 1450//3485 1190//3485 1751//3485
f 1663//3486 1840//3486 1661//3486
f 1741//3487 1779//3487 1489//3487
f 1641//3488 1837//3488 1794//3488
f 1750//3489 1813//3489 1699//3489
f 1721//3490 1680//3490 1826//3490
f 1768//3491 1634//3491 1710//3491
f 1737//3492 1768//3492 1829//3492
f 1795//3493 1830//3493 1783//3493
f 1718//3494 1795//3494 1783//3494
f 1740//3495 1770//3495 1874//3495
f 1801//3496 1765//3496 1700//3496
f 1716//3497 1856//3497 1656//3497
f 1729//3498 1797//3498 1841//3498
f 1785//3499 1825//3499 1824//3499
f 1832//3500 1821//3500 1824//3500
f 1821//3501 1830//3501 1824//3501
f 1815//3502 1824//3502 1830//3502
f 1830//3503 1795//3503 1814//3503
f 1798//3504 1608//3504 1805//3504
f 1814//3505 1805//3505 1758//3505
f 1742//3506 1776//3506 1825//3506
f 1851//3507 1710//3507 1827//3507
f 1754//3508 1737//3508 1829//3508
f 1639//3509 1921//3509 1670//3509
f 1643//3510 1752//3510 1845//3510
f 1814//3511 1835//3511 1805//3511
f 1826//3512 1680//3512 1748//3512
f 1753//3513 1578//3513 1818//3513
f 1719//3514 1878//3514 1587//3514
f 1830//3515 1814//3515 1815//3515
f 1754//3516 1829//3516 1843//3516
f 1755//3517 1833//3517 1733//3517
f 1835//3518 1814//3518 1795//3518
f 1725//3519 1616//3519 1798//3519
f 1832//3520 1825//3520 1775//3520
f 1775//3521 1777//3521 1832//3521
f 1661//3522 1840//3522 1738//3522
f 1772//3523 1833//3523 1755//3523
f 2035//3524 1335//3524 1516//3524
f 1837//3525 1735//3525 1892//3525
f 1888//3526 1721//3526 1826//3526
f 1743//3527 1570//3527 1757//3527
f 1803//3528 1644//3528 1811//3528
f 1845//3529 1713//3529 1643//3529
f 1862//3530 1797//3530 1642//3530
f 1862//3531 1841//3531 1797//3531
f 1952//3532 1853//3532 1580//3532
f 1673//3533 1557//3533 1886//3533
f 1696//3534 1489//3534 1779//3534
f 1745//3535 1780//3535 1869//3535
f 1863//3536 1839//3536 1732//3536
f 1730//3537 1859//3537 1750//3537
f 1868//3538 1812//3538 1709//3538
f 1720//3539 1863//3539 1732//3539
f 1610//3540 1587//3540 1878//3540
f 1864//3541 1807//3541 1800//3541
f 1738//3542 1840//3542 1988//3542
f 1712//3543 1458//3543 1944//3543
f 1764//3544 1762//3544 1866//3544
f 1851//3545 1861//3545 1710//3545
f 1836//3546 1739//3546 1676//3546
f 1855//3547 1752//3547 1653//3547
f 1819//3548 1919//3548 1720//3548
f 1909//3549 1884//3549 1828//3549
f 2016//3550 1809//3550 1793//3550
f 1810//3551 1714//3551 1899//3551
f 1844//3552 1297//3552 1789//3552
f 1838//3553 1750//3553 1859//3553
f 1861//3554 1768//3554 1710//3554
f 1870//3555 1856//3555 1716//3555
f 1494//3556 1908//3556 1967//3556
f 1598//3557 1195//3557 1968//3557
f 1900//3558 1828//3558 1792//3558
f 1867//3559 1881//3559 1722//3559
f 1794//3560 1837//3560 1885//3560
f 1899//3561 1714//3561 1769//3561
f 1853//3562 1789//3562 1580//3562
f 1850//3563 1763//3563 1907//3563
f 1676//3564 1893//3564 1836//3564
f 1806//3565 1867//3565 1704//3565
f 1738//3566 1906//3566 1772//3566
f 1724//3567 1778//3567 1882//3567
f 1852//3568 1761//3568 1613//3568
f 1869//3569 1862//3569 1745//3569
f 1842//3570 1801//3570 1813//3570
f 1696//3571 1779//3571 1822//3571
f 1794//3572 1897//3572 1784//3572
f 1965//3573 1703//3573 1609//3573
f 2023//3574 1640//3574 1454//3574
f 1865//3575 1598//3575 1927//3575
f 1937//3576 1667//3576 1479//3576
f 1800//3577 1763//3577 1850//3577
f 1867//3578 1806//3578 1787//3578
f 1840//3579 1663//3579 1786//3579
f 1769//3580 1781//3580 1883//3580
f 1784//3581 1939//3581 1816//3581
f 1845//3582 1854//3582 1713//3582
f 1759//3583 1160//3583 1650//3583
f 1595//3584 858//3584 1302//3584
f 1808//3585 1799//3585 1694//3585
f 1877//3586 1866//3586 1762//3586
f 1883//3587 1781//3587 1774//3587
f 1751//3588 1190//3588 1292//3588
f 1829//3589 1876//3589 1843//3589
f 1881//3590 1786//3590 1722//3590
f 1847//3591 1965//3591 1346//3591
f 1912//3592 1901//3592 1835//3592
f 1748//3593 1875//3593 1826//3593
f 1764//3594 1866//3594 1875//3594
f 1929//3595 1937//3595 1479//3595
f 1851//3596 1827//3596 1810//3596
f 1891//3597 1740//3597 1874//3597
f 1778//3598 1803//3598 1940//3598
f 1548//3599 1092//3599 1635//3599
f 1610//3600 1878//3600 1895//3600
f 1912//3601 1835//3601 1705//3601
f 1895//3602 1793//3602 1610//3602
f 1864//3603 1924//3603 1807//3603
f 1849//3604 1835//3604 1901//3604
f 1418//3605 1894//3605 1917//3605
f 1886//3606 1557//3606 1594//3606
f 1882//3607 1855//3607 1724//3607
f 1780//3608 1796//3608 1880//3608
f 1875//3609 1748//3609 1764//3609
f 1861//3610 1932//3610 1768//3610
f 1932//3611 1829//3611 1768//3611
f 1558//3612 1335//3612 1831//3612
f 1759//3613 1756//3613 1432//3613
f 1881//3614 1963//3614 1786//3614
f 1756//3615 1759//3615 2103//3615
f 1843//3616 1876//3616 1790//3616
f 1778//3617 1940//3617 1882//3617
f 1873//3618 1788//3618 1723//3618
f 1901//3619 1912//3619 1996//3619
f 1868//3620 1709//3620 1848//3620
f 1870//3621 1740//3621 1891//3621
f 1869//3622 1780//3622 1880//3622
f 1888//3623 1787//3623 1721//3623
f 1593//3624 1980//3624 1760//3624
f 1833//3625 1723//3625 1733//3625
f 1433//3626 1611//3626 2511//3626
f 1885//3627 1915//3627 1897//3627
f 1887//3628 2068//3628 1791//3628
f 1738//3629 1988//3629 1906//3629
f 1873//3630 1723//3630 1833//3630
f 1716//3631 1740//3631 1870//3631
f 1804//3632 1187//3632 1430//3632
f 2060//3633 1771//3633 1603//3633
f 1924//3634 1859//3634 1807//3634
f 1770//3635 1729//3635 1841//3635
f 1897//3636 1939//3636 1784//3636
f 1801//3637 1842//3637 1902//3637
f 1882//3638 1940//3638 1951//3638
f 1676//3639 1788//3639 1893//3639
f 1790//3640 1916//3640 1907//3640
f 1930//3641 1639//3641 1950//3641
f 1857//3642 1765//3642 1902//3642
f 1887//3643 1556//3643 1872//3643
f 1902//3644 1765//3644 1801//3644
f 1695//3645 1466//3645 2025//3645
f 2016//3646 2044//3646 1923//3646
f 1841//3647 1862//3647 1942//3647
f 1856//3648 1877//3648 1672//3648
f 1933//3649 1877//3649 1856//3649
f 1793//3650 1895//3650 2016//3650
f 1532//3651 2073//3651 1658//3651
f 1760//3652 1944//3652 1458//3652
f 1800//3653 1850//3653 1864//3653
f 2511//3654 804//3654 1433//3654
f 1939//3655 1936//3655 1816//3655
f 1874//3656 1770//3656 1841//3656
f 1894//3657 1418//3657 1255//3657
f 1855//3658 1938//3658 1752//3658
f 1911//3659 1782//3659 1707//3659
f 1928//3660 1845//3660 1752//3660
f 1892//3661 1735//3661 1858//3661
f 1957//3662 1861//3662 1851//3662
f 1919//3663 1802//3663 1945//3663
f 1808//3664 1494//3664 1967//3664
f 1494//3665 1352//3665 1908//3665
f 1761//3666 2009//3666 1908//3666
f 1878//3667 2044//3667 1895//3667
f 1792//3668 1782//3668 1905//3668
f 1935//3669 1761//3669 1852//3669
f 1913//3670 1867//3670 1787//3670
f 1916//3671 1790//3671 1876//3671
f 1977//3672 1833//3672 1772//3672
f 1963//3673 1840//3673 1786//3673
f 1817//3674 1910//3674 1719//3674
f 1673//3675 1886//3675 1975//3675
f 1866//3676 1931//3676 1875//3676
f 2017//3677 1725//3677 1798//3677
f 1897//3678 1794//3678 1885//3678
f 1871//3679 1903//3679 1818//3679
f 1813//3680 1925//3680 1842//3680
f 1876//3681 1829//3681 1932//3681
f 1907//3682 1916//3682 1850//3682
f 1593//3683 2055//3683 1980//3683
f 1488//3684 1898//3684 1894//3684
f 1270//3685 804//3685 2489//3685
f 1879//3686 1914//3686 1582//3686
f 1753//3687 1818//3687 1757//3687
f 1787//3688 1888//3688 1913//3688
f 1961//3689 1558//3689 1831//3689
f 1910//3690 1817//3690 1846//3690
f 1918//3691 1810//3691 1899//3691
f 1816//3692 1880//3692 1796//3692
f 1826//3693 1962//3693 1888//3693
f 1884//3694 1811//3694 1828//3694
f 1976//3695 1869//3695 1880//3695
f 1466//3696 1450//3696 2025//3696
f 1978//3697 1367//3697 1145//3697
f 2044//3698 2016//3698 1895//3698
f 1955//3699 1950//3699 1686//3699
f 1928//3700 1752//3700 1938//3700
f 2007//3701 1855//3701 1951//3701
f 1845//3702 1928//3702 1854//3702
f 1933//3703 1856//3703 1934//3703
f 1934//3704 1856//3704 1870//3704
f 1720//3705 1919//3705 2019//3705
f 1900//3706 1792//3706 1905//3706
f 1877//3707 1933//3707 1981//3707
f 1920//3708 1769//3708 1883//3708
f 1899//3709 1920//3709 1949//3709
f 1930//3710 1921//3710 1639//3710
f 1994//3711 2044//3711 1878//3711
f 1962//3712 1826//3712 1875//3712
f 1874//3713 1841//3713 1985//3713
f 1881//3714 1867//3714 1963//3714
f 1920//3715 1899//3715 1769//3715
f 1837//3716 1892//3716 1885//3716
f 1994//3717 1719//3717 1910//3717
f 1965//3718 1847//3718 2041//3718
f 1945//3719 1954//3719 1919//3719
f 1774//3720 1854//3720 1946//3720
f 1946//3721 1883//3721 1774//3721
f 1965//3722 2000//3722 1703//3722
f 2099//3723 1799//3723 1808//3723
f 2085//3724 2015//3724 2016//3724
f 1789//3725 1853//3725 2006//3725
f 1904//3726 1516//3726 1562//3726
f 1949//3727 1918//3727 1899//3727
f 1851//3728 1810//3728 1918//3728
f 1863//3729 2019//3729 2067//3729
f 1919//3730 1819//3730 1802//3730
f 1981//3731 1866//3731 1877//3731
f 1803//3732 1884//3732 1940//3732
f 1936//3733 1880//3733 1816//3733
f 1822//3734 1593//3734 1696//3734
f 1854//3735 1928//3735 1956//3735
f 1925//3736 1902//3736 1842//3736
f 1960//3737 1813//3737 1838//3737
f 1869//3738 1953//3738 1862//3738
f 1854//3739 1956//3739 1946//3739
f 1966//3740 1920//3740 1883//3740
f 1972//3741 1915//3741 2010//3741
f 2049//3742 1760//3742 1980//3742
f 1670//3743 2046//3743 1879//3743
f 1932//3744 1861//3744 1957//3744
f 1855//3745 1882//3745 1951//3745
f 2064//3746 1890//3746 1791//3746
f 2090//3747 1851//3747 1918//3747
f 1707//3748 1836//3748 1911//3748
f 1914//3749 1847//3749 1582//3749
f 2059//3750 1970//3750 2017//3750
f 1705//3751 1839//3751 1912//3751
f 1964//3752 1918//3752 1949//3752
f 1838//3753 1859//3753 1943//3753
f 1893//3754 1982//3754 1836//3754
f 1876//3755 1932//3755 1979//3755
f 1603//3756 1926//3756 2060//3756
f 1900//3757 1905//3757 1987//3757
f 1943//3758 1859//3758 1924//3758
f 1875//3759 1931//3759 1962//3759
f 1743//3760 1898//3760 1488//3760
f 1725//3761 1970//3761 1848//3761
f 1849//3762 1901//3762 2074//3762
f 1968//3763 1175//3763 2466//3763
f 1979//3764 1932//3764 1957//3764
f 1757//3765 2057//3765 2004//3765
f 1719//3766 1994//3766 1878//3766
f 1946//3767 1966//3767 1883//3767
f 1849//3768 1798//3768 1805//3768
f 996//3769 1463//3769 1715//3769
f 1916//3770 1876//3770 1984//3770
f 2202//3771 2248//3771 1695//3771
f 2023//3772 1454//3772 2497//3772
f 1850//3773 1983//3773 1864//3773
f 1868//3774 1848//3774 1970//3774
f 2019//3775 1919//3775 1954//3775
f 1935//3776 2009//3776 1761//3776
f 1991//3777 1954//3777 1945//3777
f 1756//3778 2103//3778 1955//3778
f 1853//3779 2191//3779 2006//3779
f 1942//3780 1862//3780 1953//3780
f 1850//3781 1916//3781 2001//3781
f 1939//3782 1897//3782 1972//3782
f 1840//3783 1963//3783 1986//3783
f 1971//3784 1773//3784 1401//3784
f 1844//3785 1959//3785 1741//3785
f 1959//3786 1779//3786 1741//3786
f 2010//3787 1885//3787 1892//3787
f 1953//3788 1869//3788 1976//3788
f 1857//3789 2013//3789 1945//3789
f 1799//3790 1947//3790 1650//3790
f 1143//3791 1766//3791 1834//3791
f 1973//3792 1891//3792 2002//3792
f 1936//3793 1976//3793 1880//3793
f 1945//3794 1802//3794 1857//3794
f 1949//3795 1920//3795 1993//3795
f 2090//3796 1918//3796 1964//3796
f 1973//3797 1870//3797 1891//3797
f 1960//3798 1925//3798 1813//3798
f 1984//3799 1876//3799 2069//3799
f 2008//3800 1910//3800 1846//3800
f 1917//3801 1846//3801 1767//3801
f 2007//3802 1938//3802 1855//3802
f 2023//3803 1929//3803 1640//3803
f 2017//3804 1970//3804 1725//3804
f 1974//3805 1951//3805 1940//3805
f 1782//3806 2033//3806 1905//3806
f 2031//3807 1788//3807 1873//3807
f 1931//3808 1866//3808 1981//3808
f 1924//3809 1864//3809 1983//3809
f 1896//3810 2497//3810 1454//3810
f 2013//3811 1857//3811 1902//3811
f 1913//3812 1989//3812 1867//3812
f 1943//3813 1960//3813 1838//3813
f 1988//3814 1840//3814 1986//3814
f 1972//3815 1897//3815 1915//3815
f 2001//3816 1983//3816 1850//3816
f 1650//3817 1947//3817 1759//3817
f 2019//3818 1954//3818 2052//3818
f 2143//3819 2147//3819 1959//3819
f 1916//3820 1984//3820 2001//3820
f 1977//3821 1772//3821 1906//3821
f 1872//3822 1708//3822 1823//3822
f 2030//3823 1818//3823 1903//3823
f 1822//3824 2055//3824 1593//3824
f 2031//3825 1893//3825 1788//3825
f 2065//3826 2003//3826 1940//3826
f 1944//3827 1926//3827 1712//3827
f 1782//3828 1911//3828 2033//3828
f 2014//3829 1956//3829 1928//3829
f 1898//3830 1743//3830 2004//3830
f 1548//3831 2205//3831 1747//3831
f 1743//3832 1757//3832 2004//3832
f 2022//3833 1846//3833 1917//3833
f 1963//3834 1867//3834 1989//3834
f 2096//3835 2018//3835 1939//3835
f 2013//3836 2038//3836 1945//3836
f 2002//3837 1891//3837 1985//3837
f 1891//3838 1874//3838 1985//3838
f 1999//3839 1985//3839 2005//3839
f 1888//3840 2011//3840 1913//3840
f 2094//3841 2013//3841 1902//3841
f 1975//3842 1871//3842 1673//3842
f 1910//3843 2008//3843 1994//3843
f 2069//3844 1876//3844 1979//3844
f 2018//3845 2021//3845 1936//3845
f 2067//3846 2026//3846 1839//3846
f 1921//3847 2046//3847 1670//3847
f 2103//3848 2058//3848 1955//3848
f 1873//3849 1833//3849 1977//3849
f 1995//3850 1367//3850 1978//3850
f 1942//3851 2005//3851 1841//3851
f 2011//3852 1888//3852 1962//3852
f 2179//3853 1967//3853 1908//3853
f 1915//3854 1885//3854 2010//3854
f 1973//3855 1934//3855 1870//3855
f 1798//3856 1849//3856 2074//3856
f 1983//3857 2001//3857 2042//3857
f 1943//3858 1924//3858 1983//3858
f 2079//3859 1957//3859 1851//3859
f 1822//3860 1779//3860 1959//3860
f 1948//3861 1820//3861 1678//3861
f 1823//3862 1461//3862 1834//3862
f 1981//3863 2037//3863 1931//3863
f 1998//3864 2031//3864 1873//3864
f 2006//3865 2040//3865 1844//3865
f 1900//3866 1987//3866 2045//3866
f 2043//3867 1962//3867 2036//3867
f 1789//3868 2006//3868 1844//3868
f 1575//3869 1132//3869 1860//3869
f 1908//3870 2009//3870 2179//3870
f 1993//3871 1920//3871 1966//3871
f 1952//3872 2075//3872 2191//3872
f 1953//3873 1976//3873 2056//3873
f 2079//3874 1851//3874 2090//3874
f 1872//3875 1556//3875 1708//3875
f 2005//3876 1985//3876 1841//3876
f 1933//3877 1934//3877 2032//3877
f 2020//3878 1886//3878 1771//3878
f 2026//3879 1912//3879 1839//3879
f 2032//3880 1934//3880 1973//3880
f 1975//3881 1903//3881 1871//3881
f 2129//3882 2061//3882 1963//3882
f 1998//3883 1873//3883 2027//3883
f 1771//3884 2060//3884 2070//3884
f 2018//3885 1936//3885 1939//3885
f 1949//3886 1993//3886 2076//3886
f 1818//3887 2030//3887 2057//3887
f 1979//3888 1957//3888 2050//3888
f 1953//3889 2048//3889 1942//3889
f 1812//3890 1868//3890 1858//3890
f 1974//3891 1940//3891 2003//3891
f 1879//3892 2046//3892 2051//3892
f 1965//3893 2041//3893 2000//3893
f 2035//3894 1516//3894 1904//3894
f 1979//3895 2050//3895 2069//3895
f 1879//3896 2051//3896 1914//3896
f 1847//3897 1914//3897 2041//3897
f 2218//3898 1894//3898 1898//3898
f 1988//3899 1986//3899 2054//3899
f 1999//3900 2002//3900 1985//3900
f 1906//3901 1988//3901 2053//3901
f 1960//3902 1943//3902 2028//3902
f 2020//3903 1975//3903 1886//3903
f 2036//3904 1962//3904 1931//3904
f 1982//3905 1893//3905 2031//3905
f 1960//3906 2028//3906 2039//3906
f 2094//3907 1902//3907 1925//3907
f 1945//3908 2097//3908 1991//3908
f 1678//3909 1890//3909 1948//3909
f 2086//3910 2085//3910 1923//3910
f 2048//3911 1953//3911 2056//3911
f 1981//3912 1933//3912 2117//3912
f 2062//3913 1947//3913 1799//3913
f 2045//3914 1884//3914 1909//3914
f 2096//3915 1939//3915 1972//3915
f 2118//3916 2079//3916 2090//3916
f 2001//3917 2047//3917 2042//3917
f 1990//3918 1887//3918 1872//3918
f 1938//3919 2098//3919 1928//3919
f 1909//3920 1900//3920 2045//3920
f 1940//3921 1884//3921 2065//3921
f 1925//3922 1960//3922 2039//3922
f 2060//3923 1926//3923 2070//3923
f 2069//3924 2001//3924 1984//3924
f 1946//3925 2077//3925 1966//3925
f 2042//3926 2121//3926 1983//3926
f 2001//3927 2069//3927 2047//3927
f 2092//3928 2017//3928 1798//3928
f 1839//3929 1863//3929 2067//3929
f 2099//3930 2062//3930 1799//3930
f 1987//3931 2081//3931 2146//3931
f 2198//3932 1823//3932 1834//3932
f 2016//3933 2015//3933 1809//3933
f 1967//3934 2099//3934 1808//3934
f 1503//3935 2133//3935 1922//3935
f 1901//3936 2106//3936 2074//3936
f 1914//3937 2051//3937 2041//3937
f 2084//3938 1868//3938 1970//3938
f 1936//3939 2034//3939 1976//3939
f 2119//3940 2003//3940 2065//3940
f 2066//3941 1948//3941 1890//3941
f 2027//3942 1873//3942 1977//3942
f 1943//3943 1983//3943 2121//3943
f 2094//3944 1925//3944 2039//3944
f 2053//3945 1977//3945 1906//3945
f 2129//3946 1963//3946 1989//3946
f 2054//3947 1986//3947 2108//3947
f 1913//3948 2011//3948 2012//3948
f 2205//3949 1548//3949 1635//3949
f 1922//3950 1860//3950 1422//3950
f 1757//3951 1818//3951 2057//3951
f 1987//3952 1905//3952 2033//3952
f 1933//3953 2032//3953 2117//3953
f 1936//3954 2021//3954 2034//3954
f 2012//3955 1989//3955 1913//3955
f 1846//3956 2022//3956 2008//3956
f 1997//3957 1917//3957 1894//3957
f 1958//3958 1187//3958 1804//3958
f 2005//3959 1942//3959 2048//3959
f 1987//3960 2033//3960 2081//3960
f 2031//3961 1998//3961 2072//3961
f 2045//3962 2063//3962 1884//3962
f 2014//3963 1946//3963 1956//3963
f 2058//3964 2138//3964 1950//3964
f 1952//3965 2000//3965 2075//3965
f 2101//3966 1912//3966 2026//3966
f 1996//3967 2106//3967 1901//3967
f 2017//3968 2092//3968 2059//3968
f 1993//3969 2071//3969 2128//3969
f 2058//3970 1950//3970 1955//3970
f 1302//3971 1405//3971 2488//3971
f 1929//3972 1479//3972 1640//3972
f 1957//3973 2079//3973 2050//3973
f 1931//3974 2037//3974 2036//3974
f 1994//3975 2008//3975 2107//3975
f 2028//3976 1943//3976 2121//3976
f 2082//3977 2077//3977 1946//3977
f 2029//3978 2007//3978 1974//3978
f 1966//3979 2077//3979 2071//3979
f 2008//3980 2022//3980 2107//3980
f 2053//3981 1988//3981 2054//3981
f 2076//3982 1964//3982 1949//3982
f 2065//3983 1884//3983 2063//3983
f 2034//3984 2056//3984 1976//3984
f 1926//3985 1944//3985 2070//3985
f 2049//3986 1944//3986 1760//3986
f 1532//3987 1667//3987 1941//3987
f 2007//3988 1951//3988 1974//3988
f 1930//3989 1950//3989 2138//3989
f 1401//3990 1590//3990 1971//3990
f 1852//3991 1809//3991 2015//3991
f 2027//3992 2093//3992 1998//3992
f 2191//3993 1853//3993 1952//3993
f 2040//3994 1959//3994 1844//3994
f 2095//3995 2105//3995 2048//3995
f 2151//3996 2101//3996 2067//3996
f 2047//3997 2069//3997 2114//3997
f 1928//3998 2088//3998 2014//3998
f 2094//3999 2039//3999 2122//3999
f 2097//4000 1945//4000 2038//4000
f 2036//4001 2083//4001 2043//4001
f 958//4002 1559//4002 1728//4002
f 2074//4003 2140//4003 2092//4003
f 1912//4004 2101//4004 1996//4004
f 2098//4005 1938//4005 2007//4005
f 2055//4006 2049//4006 1980//4006
f 2098//4007 2088//4007 1928//4007
f 2025//4008 2111//4008 2467//4008
f 2031//4009 2072//4009 1982//4009
f 2198//4010 2505//4010 2304//4010
f 2108//4011 1986//4011 2061//4011
f 1858//4012 2127//4012 1892//4012
f 2034//4013 2021//4013 2130//4013
f 1986//4014 1963//4014 2061//4014
f 1911//4015 1836//4015 2078//4015
f 2043//4016 2011//4016 1962//4016
f 1973//4017 2102//4017 2032//4017
f 2000//4018 1952//4018 1703//4018
f 2052//4019 1954//4019 2097//4019
f 1836//4020 1982//4020 2078//4020
f 2488//4021 2472//4021 1302//4021
f 2003//4022 2104//4022 1974//4022
f 2191//4023 2040//4023 2006//4023
f 2024//4024 2426//4024 2491//4024
f 2087//4025 2007//4025 2029//4025
f 2040//4026 2191//4026 2197//4026
f 2010//4027 1892//4027 2127//4027
f 2080//4028 1973//4028 2002//4028
f 1987//4029 2146//4029 2045//4029
f 2056//4030 2095//4030 2048//4030
f 2045//4031 2139//4031 2063//4031
f 2016//4032 1923//4032 2085//4032
f 2011//4033 2043//4033 2203//4033
f 1930//4034 2046//4034 1921//4034
f 2024//4035 1430//4035 1773//4035
f 2091//4036 1858//4036 1868//4036
f 2119//4037 2104//4037 2003//4037
f 2103//4038 1759//4038 2134//4038
f 2102//4039 2117//4039 2032//4039
f 1822//4040 1959//4040 2147//4040
f 2034//4041 2125//4041 2056//4041
f 2082//4042 1946//4042 2014//4042
f 2071//4043 1993//4043 1966//4043
f 1991//4044 2097//4044 1954//4044
f 1997//4045 1894//4045 2155//4045
f 1896//4046 1367//4046 1995//4046
f 2120//4047 1967//4047 2179//4047
f 2128//4048 2076//4048 1993//4048
f 1852//4049 2123//4049 1935//4049
f 2248//4050 1521//4050 1695//4050
f 2084//4051 2091//4051 1868//4051
f 1450//4052 1751//4052 2111//4052
f 2021//4053 2018//4053 2113//4053
f 2089//4054 1930//4054 2138//4054
f 2087//4055 2098//4055 2007//4055
f 2068//4056 1990//4056 2176//4056
f 1999//4057 2158//4057 2080//4057
f 2068//4058 1887//4058 1990//4058
f 2154//4059 2122//4059 2028//4059
f 2146//4060 2139//4060 2045//4060
f 2099//4061 1967//4061 2120//4061
f 2055//4062 1822//4062 2147//4062
f 1404//4063 1336//4063 2238//4063
f 1935//4064 2109//4064 2009//4064
f 2066//4065 2064//4065 2241//4065
f 2026//4066 2067//4066 2101//4066
f 2042//4067 2047//4067 2166//4067
f 2014//4068 2088//4068 2082//4068
f 1831//4069 1335//4069 2035//4069
f 2064//4070 1791//4070 2068//4070
f 1994//4071 2086//4071 2044//4071
f 1977//4072 2053//4072 2144//4072
f 2102//4073 1973//4073 2080//4073
f 2078//4074 2148//4074 1911//4074
f 2052//4075 2115//4075 2019//4075
f 1989//4076 2012//4076 2124//4076
f 1465//4077 2299//4077 1675//4077
f 2121//4078 2042//4078 2166//4078
f 2028//4079 2122//4079 2039//4079
f 2041//4080 2152//4080 2000//4080
f 1972//4081 2010//4081 2100//4081
f 2218//4082 1898//4082 2171//4082
f 1798//4083 2074//4083 2092//4083
f 1898//4084 2004//4084 2171//4084
f 2058//4085 2103//4085 2236//4085
f 2118//4086 2090//4086 2076//4086
f 2506//4087 1430//4087 2192//4087
f 2104//4088 2029//4088 1974//4088
f 2105//4089 2005//4089 2048//4089
f 1766//4090 1524//4090 2515//4090
f 2050//4091 2114//4091 2069//4091
f 2134//4092 1759//4092 1947//4092
f 1975//4093 2132//4093 2161//4093
f 2435//4094 2068//4094 2176//4094
f 2130//4095 2125//4095 2034//4095
f 1997//4096 2022//4096 1917//4096
f 2049//4097 2055//4097 2266//4097
f 2156//4098 2100//4098 2010//4098
f 2121//4099 2159//4099 2028//4099
f 2067//4100 2019//4100 2115//4100
f 2077//4101 2137//4101 2071//4101
f 2002//4102 1999//4102 2080//4102
f 2154//4103 2028//4103 2159//4103
f 2090//4104 1964//4104 2076//4104
f 2070//4105 1944//4105 2110//4105
f 2142//4106 2072//4106 1998//4106
f 2148//4107 2033//4107 1911//4107
f 2096//4108 1972//4108 2100//4108
f 2038//4109 2013//4109 2094//4109
f 1981//4110 2117//4110 2037//4110
f 2005//4111 2158//4111 1999//4111
f 2123//4112 1852//4112 2015//4112
f 2079//4113 2118//4113 2136//4113
f 2116//4114 2047//4114 2114//4114
f 2020//4115 2132//4115 1975//4115
f 2168//4116 2094//4116 2122//4116
f 2238//4117 1336//4117 1270//4117
f 2040//4118 2143//4118 1959//4118
f 1904//4119 1562//4119 1521//4119
f 2011//4120 2203//4120 2012//4120
f 1947//4121 2112//4121 2134//4121
f 2141//4122 2052//4122 2097//4122
f 2160//4123 2130//4123 2021//4123
f 2037//4124 2216//4124 2036//4124
f 2022//4125 1997//4125 2225//4125
f 2038//4126 2094//4126 2168//4126
f 2184//4127 1773//4127 1971//4127
f 1923//4128 2044//4128 2086//4128
f 2059//4129 2084//4129 1970//4129
f 2107//4130 2086//4130 1994//4130
f 2066//4131 1890//4131 2064//4131
f 2050//4132 2079//4132 2136//4132
f 2148//4133 2175//4133 2033//4133
f 2046//4134 1930//4134 2089//4134
f 2110//4135 1944//4135 2049//4135
f 2027//4136 1977//4136 2144//4136
f 2129//4137 1989//4137 2124//4137
f 2096//4138 2113//4138 2018//4138
f 2137//4139 2077//4139 2082//4139
f 2052//4140 2141//4140 2115//4140
f 2135//4141 2106//4141 1996//4141
f 2165//4142 2041//4142 2051//4142
f 2214//4143 2132//4143 2020//4143
f 2116//4144 2114//4144 2170//4144
f 2203//4145 2043//4145 2083//4145
f 2111//4146 1751//4146 2273//4146
f 2054//4147 2157//4147 2180//4147
f 2145//4148 1771//4148 2070//4148
f 2127//4149 1858//4149 2091//4149
f 2095//4150 2056//4150 2125//4150
f 2098//4151 2087//4151 2163//4151
f 2096//4152 2182//4152 2113//4152
f 2116//4153 2166//4153 2047//4153
f 2156//4154 2010//4154 2127//4154
f 2149//4155 2061//4155 2129//4155
f 2054//4156 2108//4156 2157//4156
f 2102//4157 2080//4157 2131//4157
f 1998//4158 2093//4158 2142//4158
f 2095//4159 2172//4159 2105//4159
f 2117//4160 2195//4160 2037//4160
f 2021//4161 2113//4161 2160//4161
f 1279//4162 2444//4162 1463//4162
f 2178//4163 2095//4163 2125//4163
f 2144//4164 2053//4164 2180//4164
f 2319//4165 2004//4165 2057//4165
f 2126//4166 2203//4166 2083//4166
f 2117//4167 2131//4167 2195//4167
f 2131//4168 2117//4168 2102//4168
f 1503//4169 1482//4169 2133//4169
f 2208//4170 2051//4170 2046//4170
f 2178//4171 2172//4171 2095//4171
f 2143//4172 2040//4172 2197//4172
f 2116//4173 2187//4173 2166//4173
f 2101//4174 2135//4174 1996//4174
f 2076//4175 2128//4175 2164//4175
f 2151//4176 2181//4176 2101//4176
f 2168//4177 2217//4177 2038//4177
f 2150//4178 2005//4178 2105//4178
f 2140//4179 2211//4179 2092//4179
f 2115//4180 2151//4180 2067//4180
f 2128//4181 2071//4181 2183//4181
f 2093//4182 2027//4182 2144//4182
f 2131//4183 2080//4183 2158//4183
f 2112//4184 1947//4184 2062//4184
f 2158//4185 2005//4185 2150//4185
f 1595//4186 2495//4186 1611//4186
f 2088//4187 2098//4187 2163//4187
f 2127//4188 2091//4188 2252//4188
f 2125//4189 2200//4189 2178//4189
f 2152//4190 2041//4190 2165//4190
f 2054//4191 2180//4191 2053//4191
f 1935//4192 2177//4192 2109//4192
f 2035//4193 1904//4193 2500//4193
f 2166//4194 2159//4194 2121//4194
f 2072//4195 2199//4195 1982//4195
f 2083//4196 2036//4196 2216//4196
f 2153//4197 2075//4197 2000//4197
f 2082//4198 2088//4198 2227//4198
f 2140//4199 2074//4199 2106//4199
f 2199//4200 2078//4200 1982//4200
f 2162//4201 2050//4201 2136//4201
f 2175//4202 2146//4202 2081//4202
f 2167//4203 2029//4203 2104//4203
f 2167//4204 2163//4204 2087//4204
f 2326//4205 2236//4205 2134//4205
f 2389//4206 1766//4206 2515//4206
f 2174//4207 2097//4207 2038//4207
f 1771//4208 2145//4208 2214//4208
f 2161//4209 1903//4209 1975//4209
f 2025//4210 2202//4210 1695//4210
f 2012//4211 2203//4211 2261//4211
f 2166//4212 2187//4212 2159//4212
f 2154//4213 2159//4213 2194//4213
f 2173//4214 2119//4214 2065//4214
f 2213//4215 2247//4215 2158//4215
f 2172//4216 2150//4216 2105//4216
f 2175//4217 2081//4217 2033//4217
f 2129//4218 2190//4218 2149//4218
f 2173//4219 2065//4219 2063//4219
f 2164//4220 2186//4220 2076//4220
f 2024//4221 1773//4221 2184//4221
f 2216//4222 2037//4222 2195//4222
f 1948//4223 2066//4223 2322//4223
f 2220//4224 2122//4224 2194//4224
f 1771//4225 2214//4225 2020//4225
f 2186//4226 2118//4226 2076//4226
f 2086//4227 2107//4227 2193//4227
f 2144//4228 2188//4228 2093//4228
f 2131//4229 2209//4229 2195//4229
f 2046//4230 2089//4230 2189//4230
f 2200//4231 2125//4231 2130//4231
f 2148//4232 2078//4232 2199//4232
f 2218//4233 2155//4233 1894//4233
f 2106//4234 2169//4234 2140//4234
f 2161//4235 2030//4235 1903//4235
f 2204//4236 2137//4236 2227//4236
f 2096//4237 2100//4237 2182//4237
f 1751//4238 1659//4238 2219//4238
f 2109//4239 2461//4239 2179//4239
f 2168//4240 2226//4240 2217//4240
f 2167//4241 2087//4241 2029//4241
f 2120//4242 2179//4242 2354//4242
f 2217//4243 2174//4243 2038//4243
f 2142//4244 2093//4244 2188//4244
f 2224//4245 2112//4245 2062//4245
f 2183//4246 2071//4246 2137//4246
f 2169//4247 2106//4247 2196//4247
f 2097//4248 2215//4248 2141//4248
f 2167//4249 2210//4249 2163//4249
f 2225//4250 2107//4250 2022//4250
f 2231//4251 2113//4251 2182//4251
f 2196//4252 2106//4252 2135//4252
f 2156//4253 2228//4253 2100//4253
f 2273//4254 2507//4254 2111//4254
f 2114//4255 2050//4255 2162//4255
f 2158//4256 2247//4256 2131//4256
f 2252//4257 2156//4257 2127//4257
f 2194//4258 2122//4258 2154//4258
f 2111//4259 2025//4259 1450//4259
f 2223//4260 2136//4260 2118//4260
f 2190//4261 2129//4261 2124//4261
f 2167//4262 2104//4262 2234//4262
f 1521//4263 2336//4263 1904//4263
f 2246//4264 2101//4264 2181//4264
f 2137//4265 2082//4265 2227//4265
f 2183//4266 2137//4266 2204//4266
f 2157//4267 2144//4267 2180//4267
f 2061//4268 2149//4268 2239//4268
f 1747//4269 2480//4269 2440//4269
f 2150//4270 2213//4270 2158//4270
f 2206//4271 2227//4271 2088//4271
f 2058//4272 2236//4272 2269//4272
f 2212//4273 2157//4273 2108//4273
f 2212//4274 2108//4274 2061//4274
f 2104//4275 2119//4275 2234//4275
f 2269//4276 2138//4276 2058//4276
f 2236//4277 2103//4277 2134//4277
f 2185//4278 2091//4278 2084//4278
f 2208//4279 2165//4279 2051//4279
f 2194//4280 2244//4280 2220//4280
f 2206//4281 2251//4281 2282//4281
f 2114//4282 2259//4282 2170//4282
f 1872//4283 2176//4283 1990//4283
f 2215//4284 2097//4284 2174//4284
f 2126//4285 2083//4285 2216//4285
f 2183//4286 2295//4286 2128//4286
f 2221//4287 2139//4287 2146//4287
f 2230//4288 2203//4288 2126//4288
f 2153//4289 2000//4289 2152//4289
f 2150//4290 2172//4290 2213//4290
f 2266//4291 2110//4291 2049//4291
f 2072//4292 2142//4292 2232//4292
f 2164//4293 2254//4293 2186//4293
f 2059//4294 2260//4294 2084//4294
f 2223//4295 2162//4295 2136//4295
f 2116//4296 2170//4296 2187//4296
f 2068//4297 2267//4297 2064//4297
f 2211//4298 2059//4298 2092//4298
f 2145//4299 2070//4299 2110//4299
f 2128//4300 2295//4300 2164//4300
f 2223//4301 2118//4301 2186//4301
f 2124//4302 2012//4302 2261//4302
f 2199//4303 2072//4303 2222//4303
f 2200//4304 2130//4304 2160//4304
f 2160//4305 2113//4305 2231//4305
f 2146//4306 2237//4306 2221//4306
f 2282//4307 2227//4307 2206//4307
f 2188//4308 2229//4308 2245//4308
f 2088//4309 2163//4309 2206//4309
f 2182//4310 2100//4310 2228//4310
f 2122//4311 2226//4311 2168//4311
f 2156//4312 2252//4312 2228//4312
f 2199//4313 2250//4313 2148//4313
f 2241//4314 2271//4314 2066//4314
f 1961//4315 2493//4315 2133//4315
f 2190//4316 2243//4316 2149//4316
f 2188//4317 2144//4317 2229//4317
f 2144//4318 2157//4318 2233//4318
f 2220//4319 2226//4319 2122//4319
f 2162//4320 2255//4320 2259//4320
f 2185//4321 2260//4321 2333//4321
f 1595//4322 1302//4322 2472//4322
f 2190//4323 2124//4323 2261//4323
f 2430//4324 2376//4324 2236//4324
f 2200//4325 2242//4325 2178//4325
f 2214//4326 2298//4326 2285//4326
f 2146//4327 2175//4327 2237//4327
f 2162//4328 2223//4328 2255//4328
f 2209//4329 2278//4329 2195//4329
f 2240//4330 2063//4330 2139//4330
f 2089//4331 2366//4331 2189//4331
f 2114//4332 2162//4332 2259//4332
f 2167//4333 2234//4333 2210//4333
f 2153//4334 2191//4334 2075//4334
f 2231//4335 2200//4335 2160//4335
f 2149//4336 2243//4336 2239//4336
f 2250//4337 2199//4337 2222//4337
f 2256//4338 2183//4338 2204//4338
f 2233//4339 2229//4339 2144//4339
f 2173//4340 2063//4340 2240//4340
f 1404//4341 2377//4341 1279//4341
f 2234//4342 2274//4342 2210//4342
f 2222//4343 2072//4343 2232//4343
f 1521//4344 2248//4344 2336//4344
f 2206//4345 2163//4345 2251//4345
f 2246//4346 2135//4346 2101//4346
f 2283//4347 2174//4347 2217//4347
f 2204//4348 2227//4348 2282//4348
f 2246//4349 2323//4349 2135//4349
f 2326//4350 2134//4350 2112//4350
f 2233//4351 2157//4351 2288//4351
f 2123//4352 2399//4352 2177//4352
f 2055//4353 2147//4353 2280//4353
f 2257//4354 2172//4354 2178//4354
f 2189//4355 2208//4355 2046//4355
f 2148//4356 2268//4356 2175//4356
f 2240//4357 2139//4357 2221//4357
f 2173//4358 2240//4358 2262//4358
f 2208//4359 2152//4359 2165//4359
f 2213//4360 2172//4360 2276//4360
f 2211//4361 2253//4361 2059//4361
f 2235//4362 2015//4362 2085//4362
f 2232//4363 2142//4363 2188//4363
f 2287//4364 1997//4364 2155//4364
f 1872//4365 1823//4365 2304//4365
f 2249//4366 2089//4366 2138//4366
f 2061//4367 2239//4367 2212//4367
f 2209//4368 2131//4368 2247//4368
f 2235//4369 2085//4369 2086//4369
f 1482//4370 1961//4370 2133//4370
f 2178//4371 2242//4371 2257//4371
f 2215//4372 2264//4372 2141//4372
f 2171//4373 2004//4373 2319//4373
f 1961//4374 1482//4374 1558//4374
f 2207//4375 1995//4375 1978//4375
f 1675//4376 2299//4376 2356//4376
f 2163//4377 2210//4377 2274//4377
f 2120//4378 2062//4378 2099//4378
f 2119//4379 2258//4379 2234//4379
f 2265//4380 2187//4380 2170//4380
f 2214//4381 2145//4381 2318//4381
f 2223//4382 2186//4382 2275//4382
f 2319//4383 2057//4383 2346//4383
f 2256//4384 2204//4384 2282//4384
f 2197//4385 2191//4385 2153//4385
f 1831//4386 2035//4386 2476//4386
f 2224//4387 2326//4387 2112//4387
f 2148//4388 2250//4388 2268//4388
f 2221//4389 2237//4389 2277//4389
f 2258//4390 2119//4390 2173//4390
f 2275//4391 2186//4391 2254//4391
f 2264//4392 2115//4392 2141//4392
f 2185//4393 2252//4393 2091//4393
f 2279//4394 2126//4394 2216//4394
f 2228//4395 2286//4395 2306//4395
f 2172//4396 2257//4396 2276//4396
f 2213//4397 2272//4397 2247//4397
f 2299//4398 2287//4398 2155//4398
f 2244//4399 2194//4399 2159//4399
f 2281//4400 2181//4400 2151//4400
f 2228//4401 2306//4401 2182//4401
f 2151//4402 2115//4402 2263//4402
f 2057//4403 2030//4403 2161//4403
f 2252//4404 2286//4404 2228//4404
f 2170//4405 2259//4405 2265//4405
f 2295//4406 2294//4406 2164//4406
f 2143//4407 2308//4407 2147//4407
f 2161//4408 2132//4408 2325//4408
f 2260//4409 2253//4409 2364//4409
f 2159//4410 2289//4410 2244//4410
f 2157//4411 2212//4411 2288//4411
f 2279//4412 2230//4412 2126//4412
f 2222//4413 2232//4413 2292//4413
f 2266//4414 2055//4414 2280//4414
f 2239//4415 2303//4415 2212//4415
f 2190//4416 2261//4416 2243//4416
f 2308//4417 2143//4417 2197//4417
f 2195//4418 2284//4418 2216//4418
f 1992//4419 1658//4419 2270//4419
f 2353//4420 2278//4420 2209//4420
f 1658//4421 2073//4421 2270//4421
f 2200//4422 2231//4422 2290//4422
f 2308//4423 2197//4423 2330//4423
f 2109//4424 2179//4424 2009//4424
f 2258//4425 2173//4425 2262//4425
f 2289//4426 2159//4426 2187//4426
f 2188//4427 2292//4427 2232//4427
f 2175//4428 2268//4428 2300//4428
f 2225//4429 2193//4429 2107//4429
f 2300//4430 2237//4430 2175//4430
f 2333//4431 2286//4431 2252//4431
f 2496//4432 1532//4432 1941//4432
f 2322//4433 1820//4433 1948//4433
f 2215//4434 2174//4434 2283//4434
f 2301//4435 2152//4435 2412//4435
f 1659//4436 1992//4436 2219//4436
f 2285//4437 2132//4437 2214//4437
f 2340//4438 2265//4438 2259//4438
f 2209//4439 2247//4439 2272//4439
f 2291//4440 2367//4440 2211//4440
f 2310//4441 2246//4441 2181//4441
f 2183//4442 2256//4442 2295//4442
f 2362//4443 1997//4443 2287//4443
f 2279//4444 2216//4444 2284//4444
f 2223//4445 2275//4445 2255//4445
f 1766//4446 2389//4446 1834//4446
f 2489//4447 2238//4447 1270//4447
f 2233//4448 2288//4448 2229//4448
f 2281//4449 2310//4449 2181//4449
f 2274//4450 2234//4450 2297//4450
f 2506//4451 1804//4451 1430//4451
f 2208//4452 2412//4452 2152//4452
f 2366//4453 2089//4453 2249//4453
f 2340//4454 2259//4454 2255//4454
f 2238//4455 2377//4455 1404//4455
f 2323//4456 2196//4456 2135//4456
f 2293//4457 2203//4457 2230//4457
f 2185//4458 2084//4458 2260//4458
f 1995//4459 2207//4459 2469//4459
f 2254//4460 2164//4460 2294//4460
f 2327//4461 2245//4461 2229//4461
f 2332//4462 2242//4462 2290//4462
f 2251//4463 2315//4463 2282//4463
f 2226//4464 2283//4464 2217//4464
f 2339//4465 2226//4465 2220//4465
f 2333//4466 2347//4466 2286//4466
f 2342//4467 2239//4467 2243//4467
f 2225//4468 1997//4468 2362//4468
f 2321//4469 2188//4469 2245//4469
f 2110//4470 2318//4470 2145//4470
f 2508//4471 2202//4471 2025//4471
f 2290//4472 2242//4472 2200//4472
f 2274//4473 2251//4473 2163//4473
f 2331//4474 2140//4474 2169//4474
f 2307//4475 2243//4475 2261//4475
f 2321//4476 2292//4476 2188//4476
f 2239//4477 2342//4477 2303//4477
f 2324//4478 2086//4478 2193//4478
f 2120//4479 2377//4479 2062//4479
f 2215//4480 2283//4480 2302//4480
f 1667//4481 2512//4481 1941//4481
f 2330//4482 2197//4482 2153//4482
f 2313//4483 2275//4483 2254//4483
f 2281//4484 2151//4484 2263//4484
f 2333//4485 2252//4485 2185//4485
f 2258//4486 2317//4486 2305//4486
f 2261//4487 2203//4487 2293//4487
f 2263//4488 2115//4488 2264//4488
f 2284//4489 2195//4489 2278//4489
f 2215//4490 2302//4490 2264//4490
f 2353//4491 2209//4491 2272//4491
f 2177//4492 1935//4492 2123//4492
f 2272//4493 2213//4493 2320//4493
f 2230//4494 2279//4494 2293//4494
f 2288//4495 2212//4495 2296//4495
f 2433//4496 2354//4496 2179//4496
f 2484//4497 1831//4497 2476//4497
f 2296//4498 2212//4498 2303//4498
f 2123//4499 2015//4499 2399//4499
f 2306//4500 2231//4500 2182//4500
f 2433//4501 2179//4501 2461//4501
f 2444//4502 1715//4502 1463//4502
f 2289//4503 2187//4503 2265//4503
f 2292//4504 2314//4504 2222//4504
f 2066//4505 2271//4505 2322//4505
f 2153//4506 2152//4506 2301//4506
f 2343//4507 2277//4507 2300//4507
f 2161//4508 2325//4508 2346//4508
f 2291//4509 2140//4509 2331//4509
f 2211//4510 2140//4510 2291//4510
f 2155//4511 2356//4511 2299//4511
f 2245//4512 2327//4512 2350//4512
f 2305//4513 2297//4513 2234//4513
f 2302//4514 2386//4514 2264//4514
f 2262//4515 2240//4515 2221//4515
f 2279//4516 2341//4516 2293//4516
f 2330//4517 2153//4517 2301//4517
f 2313//4518 2255//4518 2275//4518
f 2250//4519 2314//4519 2371//4519
f 2320//4520 2424//4520 2272//4520
f 2280//4521 2147//4521 2316//4521
f 2347//4522 2306//4522 2286//4522
f 2290//4523 2231//4523 2352//4523
f 2298//4524 2214//4524 2318//4524
f 2312//4525 2244//4525 2289//4525
f 2265//4526 2312//4526 2289//4526
f 2267//4527 2434//4527 2064//4527
f 2294//4528 2368//4528 2254//4528
f 2255//4529 2311//4529 2340//4529
f 2229//4530 2288//4530 2327//4530
f 2241//4531 2064//4531 2434//4531
f 2391//4532 2315//4532 2251//4532
f 2363//4533 2342//4533 2243//4533
f 2379//4534 2325//4534 2285//4534
f 2220//4535 2244//4535 2339//4535
f 2235//4536 2086//4536 2309//4536
f 2473//4537 2488//4537 1405//4537
f 2196//4538 2323//4538 2337//4538
f 2132//4539 2285//4539 2325//4539
f 2110//4540 2355//4540 2318//4540
f 2305//4541 2234//4541 2258//4541
f 2306//4542 2352//4542 2231//4542
f 2315//4543 2391//4543 2381//4543
f 2109//4544 2177//4544 2461//4544
f 2265//4545 2369//4545 2312//4545
f 2138//4546 2269//4546 2329//4546
f 2341//4547 2279//4547 2351//4547
f 2274//4548 2391//4548 2251//4548
f 2440//4549 2515//4549 1747//4549
f 2222//4550 2314//4550 2250//4550
f 2260//4551 2059//4551 2253//4551
f 2253//4552 2367//4552 2364//4552
f 2329//4553 2249//4553 2138//4553
f 2332//4554 2385//4554 2242//4554
f 2263//4555 2264//4555 2386//4555
f 2283//4556 2357//4556 2302//4556
f 2281//4557 2263//4557 2349//4557
f 2303//4558 2360//4558 2296//4558
f 2218//4559 2356//4559 2155//4559
f 2221//4560 2277//4560 2344//4560
f 2346//4561 2057//4561 2161//4561
f 2256//4562 2372//4562 2294//4562
f 2324//4563 2309//4563 2086//4563
f 2483//4564 2198//4564 1834//4564
f 2320//4565 2213//4565 2276//4565
f 2279//4566 2284//4566 2351//4566
f 2277//4567 2237//4567 2300//4567
f 2304//4568 2370//4568 1872//4568
f 2377//4569 2224//4569 2062//4569
f 2368//4570 2313//4570 2254//4570
f 2257//4571 2242//4571 2385//4571
f 2433//4572 1279//4572 2377//4572
f 2193//4573 2362//4573 2324//4573
f 2344//4574 2262//4574 2221//4574
f 2363//4575 2462//4575 2342//4575
f 2293//4576 2307//4576 2261//4576
f 2332//4577 2290//4577 2345//4577
f 2328//4578 2395//4578 2297//4578
f 2292//4579 2321//4579 2365//4579
f 2298//4580 2408//4580 2285//4580
f 2339//4581 2357//4581 2226//4581
f 2235//4582 2399//4582 2015//4582
f 2235//4583 2438//4583 2399//4583
f 2338//4584 2285//4584 2409//4584
f 2385//4585 2320//4585 2257//4585
f 2297//4586 2305//4586 2328//4586
f 2257//4587 2320//4587 2276//4587
f 2348//4588 2256//4588 2282//4588
f 2376//4589 2269//4589 2236//4589
f 2365//4590 2314//4590 2292//4590
f 2236//4591 2326//4591 2430//4591
f 2409//4592 2408//4592 2465//4592
f 2268//4593 2358//4593 2300//4593
f 2361//4594 2352//4594 2306//4594
f 2244//4595 2312//4595 2415//4595
f 2382//4596 2288//4596 2296//4596
f 2368//4597 2373//4597 2313//4597
f 2110//4598 2266//4598 2355//4598
f 2258//4599 2262//4599 2359//4599
f 2369//4600 2418//4600 2312//4600
f 2323//4601 2246//4601 2310//4601
f 2331//4602 2169//4602 2375//4602
f 2283//4603 2226//4603 2357//4603
f 2290//4604 2394//4604 2345//4604
f 2373//4605 2255//4605 2313//4605
f 2340//4606 2369//4606 2265//4606
f 2288//4607 2382//4607 2327//4607
f 2253//4608 2211//4608 2367//4608
f 2281//4609 2445//4609 2310//4609
f 2258//4610 2359//4610 2317//4610
f 2245//4611 2388//4611 2321//4611
f 2511//4612 2489//4612 804//4612
f 2513//4613 1889//4613 1820//4613
f 2294//4614 2295//4614 2256//4614
f 2225//4615 2362//4615 2193//4615
f 2424//4616 2353//4616 2272//4616
f 2260//4617 2364//4617 2333//4617
f 1559//4618 996//4618 1715//4618
f 2402//4619 2375//4619 2196//4619
f 2171//4620 2356//4620 2218//4620
f 2311//4621 2255//4621 2373//4621
f 2243//4622 2307//4622 2363//4622
f 2274//4623 2297//4623 2395//4623
f 2445//4624 2281//4624 2349//4624
f 2347//4625 2401//4625 2361//4625
f 2238//4626 2224//4626 2377//4626
f 2415//4627 2339//4627 2244//4627
f 2419//4628 2278//4628 2353//4628
f 2348//4629 2282//4629 2315//4629
f 2290//4630 2352//4630 2394//4630
f 2383//4631 2363//4631 2307//4631
f 2350//4632 2388//4632 2245//4632
f 2268//4633 2250//4633 2358//4633
f 2395//4634 2391//4634 2274//4634
f 2147//4635 2308//4635 2316//4635
f 2189//4636 2412//4636 2208//4636
f 2263//4637 2386//4637 2349//4637
f 2320//4638 2385//4638 2441//4638
f 2303//4639 2342//4639 2360//4639
f 2382//4640 2296//4640 2360//4640
f 2311//4641 2373//4641 2374//4641
f 2284//4642 2278//4642 2419//4642
f 2348//4643 2372//4643 2256//4643
f 2368//4644 2294//4644 2372//4644
f 2378//4645 2359//4645 2262//4645
f 2415//4646 2312//4646 2387//4646
f 2315//4647 2381//4647 2348//4647
f 2375//4648 2169//4648 2196//4648
f 2337//4649 2402//4649 2196//4649
f 2310//4650 2445//4650 2416//4650
f 2418//4651 2387//4651 2312//4651
f 2435//4652 2267//4652 2068//4652
f 2427//4653 2489//4653 2430//4653
f 2374//4654 2340//4654 2311//4654
f 2373//4655 2421//4655 2374//4655
f 2370//4656 2176//4656 1872//4656
f 2224//4657 2427//4657 2326//4657
f 2459//4658 2307//4658 2293//4658
f 2285//4659 2408//4659 2409//4659
f 2377//4660 2120//4660 2354//4660
f 2328//4661 2305//4661 2317//4661
f 2347//4662 2361//4662 2306//4662
f 2357//4663 2339//4663 2392//4663
f 2358//4664 2250//4664 2371//4664
f 1667//4665 1937//4665 2512//4665
f 2271//4666 2479//4666 2322//4666
f 2339//4667 2396//4667 2392//4667
f 2280//4668 2413//4668 2355//4668
f 2465//4669 2318//4669 2355//4669
f 2343//4670 2300//4670 2406//4670
f 2508//4671 2025//4671 2467//4671
f 2291//4672 2331//4672 2390//4672
f 2426//4673 2291//4673 2390//4673
f 2390//4674 2331//4674 2375//4674
f 2330//4675 2400//4675 2308//4675
f 2402//4676 2337//4676 2416//4676
f 2439//4677 2369//4677 2340//4677
f 2470//4678 2207//4678 1978//4678
f 2300//4679 2358//4679 2406//4679
f 2411//4680 2382//4680 2360//4680
f 1865//4681 2473//4681 1405//4681
f 2412//4682 2189//4682 2478//4682
f 2171//4683 2319//4683 2398//4683
f 2393//4684 2317//4684 2359//4684
f 2416//4685 2337//4685 2323//4685
f 1860//4686 1922//4686 2485//4686
f 2379//4687 2285//4687 2338//4687
f 2405//4688 2368//4688 2372//4688
f 2361//4689 2394//4689 2352//4689
f 2497//4690 1896//4690 1995//4690
f 2459//4691 2293//4691 2341//4691
f 2419//4692 2353//4692 2424//4692
f 2340//4693 2374//4693 2439//4693
f 2380//4694 2357//4694 2392//4694
f 2302//4695 2357//4695 2380//4695
f 1728//4696 2309//4696 2324//4696
f 2333//4697 2364//4697 2432//4697
f 2426//4698 2367//4698 2291//4698
f 2345//4699 2385//4699 2332//4699
f 2460//4700 2405//4700 2372//4700
f 2298//4701 2465//4701 2408//4701
f 2385//4702 2345//4702 2431//4702
f 2377//4703 2354//4703 2433//4703
f 2496//4704 2270//4704 2073//4704
f 2317//4705 2393//4705 2328//4705
f 2023//4706 2497//4706 2457//4706
f 2416//4707 2323//4707 2310//4707
f 2462//4708 2360//4708 2342//4708
f 2344//4709 2277//4709 2414//4709
f 2432//4710 2364//4710 2458//4710
f 1611//4711 2495//4711 2366//4711
f 2417//4712 2423//4712 2314//4712
f 2365//4713 2321//4713 2388//4713
f 2418//4714 2404//4714 2387//4714
f 2370//4715 2502//4715 2176//4715
f 2415//4716 2387//4716 2404//4716
f 2351//4717 2428//4717 2442//4717
f 2378//4718 2262//4718 2344//4718
f 2341//4719 2351//4719 2442//4719
f 2382//4720 2411//4720 2448//4720
f 2457//4721 2455//4721 2359//4721
f 2371//4722 2406//4722 2358//4722
f 2394//4723 2361//4723 2335//4723
f 1590//4724 1575//4724 2334//4724
f 1751//4725 2219//4725 2517//4725
f 2499//4726 2501//4726 2384//4726
f 2403//4727 2373//4727 2368//4727
f 2380//4728 2386//4728 2302//4728
f 2335//4729 2334//4729 1575//4729
f 2280//4730 2355//4730 2266//4730
f 2349//4731 2386//4731 2410//4731
f 2415//4732 2396//4732 2339//4732
f 2445//4733 2440//4733 2416//4733
f 2402//4734 2436//4734 2375//4734
f 2463//4735 2478//4735 2189//4735
f 2454//4736 2441//4736 2385//4736
f 2372//4737 2348//4737 2460//4737
f 2383//4738 2307//4738 2459//4738
f 2189//4739 2495//4739 2463//4739
f 2316//4740 2308//4740 2400//4740
f 2405//4741 2403//4741 2368//4741
f 2381//4742 2391//4742 2407//4742
f 2418//4743 2369//4743 2439//4743
f 2189//4744 2366//4744 2495//4744
f 2073//4745 1532//4745 2496//4745
f 2457//4746 2359//4746 2378//4746
f 1937//4747 2482//4747 2481//4747
f 2444//4748 2433//4748 2461//4748
f 2414//4749 2277//4749 2343//4749
f 2350//4750 2425//4750 2388//4750
f 2465//4751 2298//4751 2318//4751
f 2452//4752 2386//4752 2380//4752
f 2351//4753 2284//4753 2419//4753
f 1978//4754 1889//4754 2470//4754
f 2374//4755 2421//4755 2439//4755
f 2399//4756 2461//4756 2177//4756
f 2420//4757 2394//4757 2335//4757
f 2415//4758 2447//4758 2396//4758
f 2390//4759 2375//4759 2436//4759
f 2314//4760 2365//4760 2422//4760
f 2201//4761 2362//4761 2287//4761
f 2384//4762 2501//4762 2504//4762
f 2373//4763 2403//4763 2421//4763
f 2424//4764 2320//4764 2441//4764
f 2350//4765 2327//4765 2382//4765
f 2371//4766 2314//4766 2423//4766
f 2447//4767 2415//4767 2404//4767
f 2301//4768 2429//4768 2330//4768
f 2418//4769 2443//4769 2404//4769
f 2344//4770 2414//4770 2378//4770
f 2367//4771 2451//4771 2364//4771
f 2460//4772 2348//4772 2381//4772
f 2417//4773 2314//4773 2422//4773
f 1635//4774 1958//4774 2486//4774
f 2491//4775 2426//4775 2390//4775
f 2388//4776 2425//4776 2453//4776
f 2422//4777 2365//4777 2453//4777
f 2388//4778 2453//4778 2365//4778
f 2397//4779 2346//4779 2325//4779
f 2506//4780 1958//4780 1804//4780
f 2395//4781 2328//4781 2446//4781
f 2347//4782 2333//4782 2432//4782
f 2249//4783 1611//4783 2366//4783
f 2447//4784 2392//4784 2396//4784
f 2410//4785 2386//4785 2456//4785
f 2437//4786 2385//4786 2431//4786
f 2376//4787 2329//4787 2269//4787
f 2432//4788 2401//4788 2347//4788
f 2429//4789 2301//4789 2412//4789
f 2309//4790 2438//4790 2235//4790
f 2469//4791 2446//4791 2328//4791
f 1611//4792 2249//4792 2329//4792
f 2309//4793 1728//4793 2438//4793
f 2407//4794 2391//4794 2395//4794
f 2428//4795 2351//4795 2419//4795
f 2341//4796 2442//4796 2459//4796
f 2503//4797 1820//4797 2322//4797
f 2393//4798 2359//4798 2455//4798
f 2350//4799 2448//4799 2425//4799
f 2445//4800 2349//4800 2410//4800
f 2338//4801 2409//4801 2473//4801
f 2360//4802 2462//4802 2411//4802
f 2413//4803 2280//4803 2449//4803
f 2430//4804 2326//4804 2427//4804
f 2386//4805 2452//4805 2456//4805
f 2440//4806 2445//4806 2468//4806
f 2427//4807 2224//4807 2238//4807
f 2248//4808 2202//4808 2487//4808
f 2420//4809 2345//4809 2394//4809
f 2439//4810 2421//4810 2450//4810
f 1575//4811 1860//4811 2335//4811
f 2381//4812 2407//4812 2464//4812
f 2439//4813 2443//4813 2418//4813
f 2421//4814 2403//4814 2490//4814
f 2451//4815 2367//4815 2426//4815
f 2399//4816 2438//4816 1715//4816
f 1927//4817 2338//4817 1865//4817
f 2383//4818 2462//4818 2363//4818
f 2477//4819 2336//4819 2428//4819
f 2319//4820 2346//4820 2398//4820
f 2411//4821 2462//4821 2467//4821
f 2466//4822 2398//4822 2346//4822
f 2482//4823 2414//4823 2343//4823
f 2393//4824 2469//4824 2328//4824
f 2385//4825 2437//4825 2454//4825
f 2419//4826 2476//4826 2477//4826
f 2435//4827 2494//4827 2267//4827
f 2398//4828 2356//4828 2171//4828
f 2448//4829 2517//4829 2425//4829
f 2484//4830 2424//4830 2441//4830
f 2462//4831 2383//4831 2475//4831
f 2482//4832 2474//4832 2414//4832
f 2350//4833 2382//4833 2448//4833
f 2465//4834 2355//4834 2413//4834
f 2390//4835 2436//4835 2486//4835
f 2392//4836 2498//4836 2380//4836
f 2395//4837 2446//4837 2407//4837
f 2389//4838 2515//4838 2468//4838
f 2405//4839 2460//4839 2471//4839
f 2201//4840 1465//4840 1969//4840
f 2361//4841 2401//4841 2335//4841
f 2463//4842 2495//4842 2472//4842
f 2445//4843 2410//4843 2483//4843
f 2421//4844 2490//4844 2450//4844
f 2316//4845 2400//4845 2449//4845
f 2440//4846 2402//4846 2416//4846
f 2481//4847 2482//4847 2343//4847
f 2493//4848 2441//4848 2454//4848
f 2400//4849 2330//4849 2429//4849
f 2476//4850 2419//4850 2424//4850
f 2464//4851 2460//4851 2381//4851
f 2483//4852 1834//4852 2389//4852
f 2481//4853 2343//4853 2406//4853
f 2423//4854 2406//4854 2371//4854
f 2417//4855 2422//4855 2496//4855
f 2378//4856 2414//4856 2457//4856
f 2449//4857 2280//4857 2316//4857
f 2464//4858 2479//4858 2460//4858
f 2459//4859 2442//4859 2487//4859
f 2470//4860 2407//4860 2446//4860
f 2466//4861 2346//4861 2397//4861
f 2401//4862 2432//4862 2334//4862
f 2409//4863 2465//4863 2504//4863
f 2428//4864 2419//4864 2477//4864
f 2513//4865 1820//4865 2503//4865
f 2425//4866 2517//4866 2453//4866
f 2493//4867 2454//4867 2431//4867
f 2411//4868 2507//4868 2448//4868
f 2455//4869 2469//4869 2393//4869
f 2379//4870 2338//4870 1927//4870
f 2397//4871 2325//4871 2379//4871
f 2420//4872 2431//4872 2345//4872
f 2443//4873 2492//4873 2404//4873
f 2513//4874 2470//4874 1889//4874
f 2477//4875 2500//4875 2336//4875
f 2336//4876 2500//4876 1904//4876
f 2458//4877 2334//4877 2432//4877
f 2498//4878 2392//4878 2447//4878
f 2376//4879 2511//4879 2329//4879
f 2424//4880 2484//4880 2476//4880
f 2383//4881 2459//4881 2475//4881
f 2439//4882 2450//4882 2443//4882
f 2422//4883 2270//4883 2496//4883
f 2398//4884 2466//4884 2356//4884
f 2504//4885 2465//4885 2413//4885
f 2468//4886 2445//4886 2483//4886
f 2510//4887 2241//4887 2434//4887
f 2423//4888 2481//4888 2406//4888
f 2405//4889 2471//4889 2403//4889
f 2480//4890 2205//4890 2436//4890
f 2471//4891 2490//4891 2403//4891
f 2480//4892 2402//4892 2440//4892
f 2508//4893 2462//4893 2475//4893
f 2334//4894 1971//4894 1590//4894
f 2479//4895 2471//4895 2460//4895
f 2452//4896 2380//4896 2498//4896
f 2516//4897 2479//4897 2271//4897
f 2431//4898 2454//4898 2437//4898
f 2420//4899 2485//4899 2431//4899
f 2452//4900 2498//4900 2505//4900
f 2517//4901 2448//4901 2507//4901
f 2486//4902 2205//4902 1635//4902
f 2426//4903 2184//4903 2451//4903
f 2496//4904 1941//4904 2417//4904
f 2417//4905 1941//4905 2423//4905
f 2517//4906 2219//4906 2453//4906
f 1958//4907 2506//4907 2486//4907
f 2192//4908 1430//4908 2024//4908
f 2473//4909 2409//4909 2504//4909
f 2304//4910 1823//4910 2198//4910
f 2376//4911 2489//4911 2511//4911
f 2433//4912 2444//4912 1279//4912
f 2422//4913 2453//4913 2270//4913
f 1595//4914 2472//4914 2495//4914
f 2483//4915 2410//4915 2456//4915
f 2498//4916 2447//4916 2502//4916
f 2407//4917 2503//4917 2464//4917
f 2492//4918 2447//4918 2404//4918
f 2478//4919 2429//4919 2412//4919
f 2271//4920 2241//4920 2516//4920
f 2487//4921 2475//4921 2459//4921
f 2446//4922 2469//4922 2207//4922
f 2376//4923 2430//4923 2489//4923
f 2509//4924 2443//4924 2450//4924
f 2443//4925 2509//4925 2494//4925
f 2389//4926 2468//4926 2483//4926
f 2503//4927 2479//4927 2464//4927
f 2494//4928 2492//4928 2443//4928
f 2436//4929 2402//4929 2480//4929
f 2184//4930 2458//4930 2451//4930
f 2471//4931 2479//4931 2516//4931
f 2455//4932 2497//4932 1995//4932
f 2490//4933 2471//4933 2510//4933
f 2470//4934 2446//4934 2207//4934
f 2463//4935 2472//4935 2514//4935
f 2513//4936 2407//4936 2470//4936
f 2503//4937 2407//4937 2513//4937
f 1559//4938 1715//4938 2438//4938
f 2324//4939 2362//4939 1969//4939
f 1715//4940 2461//4940 2399//4940
f 1969//4941 2362//4941 2201//4941
f 2176//4942 2492//4942 2435//4942
f 2488//4943 2501//4943 2514//4943
f 2506//4944 2390//4944 2486//4944
f 2482//4945 1929//4945 2474//4945
f 2456//4946 2452//4946 2505//4946
f 2475//4947 2202//4947 2508//4947
f 2441//4948 2493//4948 2484//4948
f 1968//4949 2397//4949 2379//4949
f 2411//4950 2467//4950 2507//4950
f 2024//4951 2491//4951 2192//4951
f 2455//4952 2457//4952 2497//4952
f 2504//4953 2501//4953 2473//4953
f 2467//4954 2462//4954 2508//4954
f 2450//4955 2490//4955 2510//4955
f 2473//4956 1865//4956 2338//4956
f 1927//4957 1968//4957 2379//4957
f 2488//4958 2473//4958 2501//4958
f 2517//4959 2507//4959 2273//4959
f 2458//4960 2364//4960 2451//4960
f 2467//4961 2111//4961 2507//4961
f 2400//4962 2499//4962 2449//4962
f 2491//4963 2390//4963 2506//4963
f 2514//4964 2501//4964 2499//4964
f 2370//4965 2505//4965 2498//4965
f 2505//4966 2198//4966 2456//4966
f 2469//4967 2455//4967 1995//4967
f 2488//4968 2514//4968 2472//4968
f 2440//4969 2468//4969 2515//4969
f 2500//4970 2477//4970 2476//4970
f 2429//4971 2478//4971 2499//4971
f 2202//4972 2475//4972 2487//4972
f 1992//4973 2270//4973 2453//4973
f 2423//4974 2512//4974 2481//4974
f 2400//4975 2429//4975 2499//4975
f 1611//4976 2329//4976 2511//4976
f 2474//4977 2457//4977 2414//4977
f 2401//4978 2334//4978 2335//4978
f 2184//4979 2426//4979 2024//4979
f 2493//4980 2431//4980 2133//4980
f 2509//4981 2450//4981 2510//4981
f 2499//4982 2384//4982 2449//4982
f 2489//4983 2427//4983 2238//4983
f 2198//4984 2483//4984 2456//4984
f 2499//4985 2478//4985 2463//4985
f 2499//4986 2463//4986 2514//4986
f 2434//4987 2509//4987 2510//4987
f 2476//4988 2035//4988 2500//4988
f 1941//4989 2512//4989 2423//4989
f 2336//4990 2487//4990 2442//4990
f 2336//4991 2442//4991 2428//4991
f 2502//4992 2447//4992 2492//4992
f 2474//4993 2023//4993 2457//4993
f 2506//4994 2192//4994 2491//4994
f 2219//4995 1992//4995 2453//4995
f 2241//4996 2510//4996 2516//4996
f 2471//4997 2516//4997 2510//4997
f 2273//4998 1751//4998 2517//4998
f 2299//4999 2201//4999 2287//4999
f 2438//5000 1728//5000 1559//5000
f 2484//5001 1961//5001 1831//5001
f 2449//5002 2504//5002 2413//5002
f 1929//5003 2482//5003 1937//5003
f 2205//5004 2480//5004 1747//5004
f 2492//5005 2494//5005 2435//5005
f 2133//5006 2431//5006 2485//5006
f 2184//5007 1971//5007 2458//5007
f 2370//5008 2498//5008 2502//5008
f 1961//5009 2484//5009 2493//5009
f 2479//5010 2503//5010 2322//5010
f 1968//5011 2466//5011 2397//5011
f 1969//5012 958//5012 1728//5012
f 1860//5013 2485//5013 2420//5013
f 2384//5014 2504//5014 2449//5014
f 2512//5015 1937//5015 2481//5015
f 2336//5016 2248//5016 2487//5016
f 2461//5017 1715//5017 2444//5017
f 2434//5018 2267//5018 2509//5018
f 2267//5019 2494//5019 2509//5019
f 2334//5020 2458//5020 1971//5020
f 2370//5021 2304//5021 2505//5021
f 1860//5022 2420//5022 2335//5022
f 2474//5023 1929//5023 2023//5023
f 2502//5024 2492//5024 2176//5024
f 2205//5025 2486//5025 2436//5025
f 2201//5026 2299//5026 1465//5026
f 2133//5027 2485//5027 1922//5027
f 2356//5028 2466//5028 1675//5028
f 1728//5029 2324//5029 1969//5029
