<COLLADA xmlns="http://www.collada.org/2005/11/COLLADASchema" version="1.4.1">
  <asset>
    <contributor />
    <created>2023-12-27T05:07:48.822649</created>
    <modified>2023-12-27T05:07:48.822649</modified>
    <unit name="meter" meter="1.0" />
    <up_axis>Z_UP</up_axis>
  </asset>
  <library_effects>
    <effect id="effect_Part__Feature" name="effect_Part__Feature">
      <profile_COMMON>
        <technique sid="common">
          <phong>
            <emission>
              <color>0.0 0.0 0.0 1.0</color>
            </emission>
            <ambient>
              <color>0.0 0.0 0.0 1.0</color>
            </ambient>
            <diffuse>
              <color>1.0 1.0 0.0 1.0</color>
            </diffuse>
            <specular>
              <color>1 1 1 1.0</color>
            </specular>
            <shininess>
              <float>0.0</float>
            </shininess>
            <reflective>
              <color>0.0 0.0 0.0 1.0</color>
            </reflective>
            <reflectivity>
              <float>0.0</float>
            </reflectivity>
            <transparent>
              <color>0.0 0.0 0.0 1.0</color>
            </transparent>
            <transparency>
              <float>1.0</float>
            </transparency>
          </phong>
        </technique>
        <extra>
          <technique profile="GOOGLEEARTH">
            <double_sided>0</double_sided>
          </technique>
        </extra>
      </profile_COMMON>
    </effect>
  </library_effects>
  <library_geometries>
    <geometry id="geometry0" name="Part__Feature">
      <mesh>
        <source id="cubeverts-array0">
          <float_array count="3726" id="cubeverts-array0-array">0.04682286 0.0004999902 -0.05325219 0.0466953 -0.0004999929 -0.0531802 0.0466953 0.0004999929 -0.0531802 0.04682333 -0.0004999902 -0.05325249 0.04696103 0.0004999826 -0.05330523 0.04696099 -0.0004999826 -0.05330536 0.04710406 0.0004999742 -0.0533373 0.04710431 -0.0004999742 -0.05333741 0.04725 0.0004999692 -0.05334815 0.04725 -0.0004999692 -0.05334815 0.0441 0.0005000092 -0.05165185 0.04424569 0.0004999945 -0.05166259 0.0441 -0.0005000092 -0.05165185 0.04424594 -0.0004999945 -0.0516627 0.04438901 0.0004999779 -0.05169464 0.04438898 -0.0004999779 -0.05169477 0.04452667 0.0004999664 -0.05174751 0.04452713 -0.0004999664 -0.05174781 0.0446547 0.000499967 -0.0518198 0.0446547 -0.000499967 -0.0518198 0.04052287 0.0004999019 -0.05325219 0.0403953 -0.0004999187 -0.0531802 0.0403953 0.0004999187 -0.0531802 0.04052333 -0.0004999018 -0.05325249 0.04066102 0.0004998622 -0.05330523 0.04066099 -0.0004998622 -0.05330536 0.04080406 0.0004998212 -0.0533373 0.04080431 -0.0004998211 -0.05333741 0.04095 0.0004997995 -0.05334815 0.04095 -0.0004997995 -0.05334815 0.0378 0.0004999188 -0.05165185 0.03794569 0.0004999106 -0.05166259 0.0378 -0.0004999188 -0.05165185 0.03794594 -0.0004999105 -0.0516627 0.03808901 0.0004998917 -0.05169464 0.03808898 -0.0004998918 -0.05169477 0.03822667 0.0004998792 -0.05174751 0.03822713 -0.0004998792 -0.05174781 0.0383547 0.0004998896 -0.0518198 0.0383547 -0.0004998896 -0.0518198 0.03422287 0.0004998237 -0.05325219 0.0340953 -0.0004998772 -0.0531802 0.0340953 0.0004998772 -0.0531802 0.03422333 -0.0004998235 -0.05325249 0.03436102 0.0004997303 -0.05330523 0.03436099 -0.0004997303 -0.05330536 0.03450406 0.0004996421 -0.0533373 0.03450431 -0.0004996419 -0.05333741 0.03465 0.0004996018 -0.05334815 0.03465 -0.0004996018 -0.05334815 0.0315 0.0004998592 -0.05165185 0.03164569 0.000499851 -0.05166259 0.0315 -0.0004998592 -0.05165185 0.03164594 -0.000499851 -0.0516627 0.03178901 0.0004998371 -0.05169464 0.03178898 -0.0004998372 -0.05169477 0.03192667 0.0004998344 -0.05174751 0.03192713 -0.0004998345 -0.05174781 0.0320547 0.0004998591 -0.0518198 0.0320547 -0.0004998591 -0.0518198 0.02792286 0.0004998157 -0.05325219 0.0277953 -0.0004998635 -0.0531802 0.0277953 0.0004998635 -0.0531802 0.02792333 -0.0004998155 -0.05325249 0.02806102 0.0004997361 -0.05330523 0.02806099 -0.0004997361 -0.05330536 0.02820406 0.0004996623 -0.0533373 0.02820431 -0.0004996621 -0.05333741 0.02835 0.0004996296 -0.05334815 0.02835 -0.0004996296 -0.05334815 0.0252 0.0004999255 -0.05165185 0.02534569 0.0004999137 -0.05166259 0.0252 -0.0004999255 -0.05165185 0.02534594 -0.0004999137 -0.0516627 0.02548901 0.0004998854 -0.05169464 0.02548898 -0.0004998854 -0.05169477 0.02562667 0.0004998589 -0.05174751 0.02562713 -0.0004998589 -0.05174781 0.0257547 0.0004998527 -0.0518198 0.0257547 -0.0004998527 -0.0518198 0.02162287 0.0004998817 -0.05325219 0.0214953 -0.0004999121 -0.0531802 0.0214953 0.0004999121 -0.0531802 0.02162333 -0.0004998815 -0.05325249 0.02176102 0.0004998411 -0.05330523 0.02176099 -0.0004998411 -0.05330536 0.02190406 0.0004998077 -0.0533373 0.02190431 -0.0004998076 -0.05333741 0.02205 0.0004997976 -0.05334815 0.02205 -0.0004997976 -0.05334815 0.0189 0.0005000089 -0.05165185 0.01904569 0.0005000142 -0.05166259 0.0189 -0.0005000089 -0.05165185 0.01904594 -0.0005000142 -0.0516627 0.01918901 0.0005000113 -0.05169464 0.01918898 -0.0005000113 -0.05169477 0.01932667 0.000500005 -0.05174751 0.01932714 -0.000500005 -0.05174781 0.0194547 0.0005000005 -0.0518198 0.0194547 -0.0005000005 -0.0518198 0.01532287 0.000499981 -0.05325219 0.0151953 -0.000499984 -0.0531802 0.0151953 0.000499984 -0.0531802 0.01532333 -0.000499981 -0.05325249 0.01546102 0.0004999751 -0.05330523 0.01546099 -0.0004999751 -0.05330536 0.01560406 0.0004999699 -0.0533373 0.01560431 -0.0004999699 -0.05333741 0.01575 0.0004999688 -0.05334815 0.01575 -0.0004999688 -0.05334815 0.01252998 0.0005000133 -0.01162002 0.01162002 0.0005000138 -0.01252998 0.01252998 -0.0005000133 -0.01162002 0.01162002 -0.0005000138 -0.01252998 0.0151953 0.0004999843 -0.0098198 0.01268239 0.0005000167 -0.01149507 0.0151953 -0.0004999843 -0.0098198 0.01268239 -0.0005000167 -0.01149507 0.0183453 0.0004999673 -0.0111802 0.0163047 0.0004999908 -0.0098198 0.0183453 -0.0004999673 -0.0111802 0.0163047 -0.0004999908 -0.0098198 0.0214953 0.0004999119 -0.0098198 0.0194547 0.0005000006 -0.0111802 0.0214953 -0.0004999119 -0.0098198 0.0194547 -0.0005000006 -0.0111802 0.0246453 0.0004998737 -0.0111802 0.0226047 -0.0004999248 -0.0098198 0.0246453 -0.0004998737 -0.0111802 0.0226047 0.0004999248 -0.0098198 0.0277953 0.0004998632 -0.0098198 0.0257547 -0.0004998524 -0.0111802 0.0277953 -0.0004998632 -0.0098198 0.0257547 0.0004998524 -0.0111802 0.0309453 0.0004998583 -0.0111802 0.0289047 0.0004998716 -0.0098198 0.0309453 -0.0004998583 -0.0111802 0.0289047 -0.0004998716 -0.0098198 0.0098198 0.0004998772 -0.0289047 0.0111802 -0.0004998591 -0.0309453 0.0098198 -0.0004998772 -0.0289047 0.0111802 0.0004998591 -0.0309453 0.0111802 0.0004998567 -0.0257547 0.0098198 -0.0004998778 -0.0277953 0.0111802 -0.0004998567 -0.0257547 0.0098198 0.0004998778 -0.0277953 0.0098198 0.0004999187 -0.0226047 0.0111802 -0.0004998896 -0.0246453 0.0098198 -0.0004999187 -0.0226047 0.0111802 0.0004998896 -0.0246453 0.0111802 0.0005000028 -0.0194547 0.0098198 0.0004999138 -0.0214953 0.0111802 -0.0005000028 -0.0194547 0.0098198 -0.0004999138 -0.0214953 0.0098198 0.0004999929 -0.0163047 0.0111802 0.000499967 -0.0183453 0.0098198 -0.0004999929 -0.0163047 0.0111802 -0.000499967 -0.0183453 0.01149507 0.0005000173 -0.01268239 0.0098198 0.0004999853 -0.0151953 0.01149507 -0.0005000173 -0.01268239 0.0098198 -0.0004999853 -0.0151953 0.01162002 0.0005000132 -0.05047002 0.01252998 -0.0005000132 -0.05137998 0.01162002 -0.0005000132 -0.05047002 0.01252998 0.0005000132 -0.05137998 0.0098198 0.000499984 -0.0478047 0.01149507 0.0005000169 -0.05031761 0.0098198 -0.000499984 -0.0478047 0.01149507 -0.0005000169 -0.05031761 0.0111802 0.0004999674 -0.0446547 0.0098198 0.0004999907 -0.0466953 0.0111802 -0.0004999674 -0.0446547 0.0098198 -0.0004999907 -0.0466953 0.0098198 0.0004999121 -0.0415047 0.0111802 0.0005000005 -0.0435453 0.0098198 -0.0004999121 -0.0415047 0.0111802 -0.0005000005 -0.0435453 0.0111802 0.0004998741 -0.0383547 0.0098198 -0.0004999248 -0.0403953 0.0111802 -0.0004998741 -0.0383547 0.0098198 0.0004999248 -0.0403953 0.0098198 0.0004998635 -0.0352047 0.0111802 -0.0004998527 -0.0372453 0.0098198 -0.0004998635 -0.0352047 0.0111802 0.0004998527 -0.0372453 0.0111802 0.000499859 -0.0320547 0.0098198 0.0004998719 -0.0340953 0.0111802 -0.000499859 -0.0320547 0.0098198 -0.0004998719 -0.0340953 0.0289047 0.0004998719 -0.0531802 0.0309453 0.000499859 -0.0518198 0.0289047 -0.0004998719 -0.0531802 0.0309453 -0.000499859 -0.0518198 0.0226047 0.0004999248 -0.0531802 0.0246453 -0.0004998741 -0.0518198 0.0226047 -0.0004999248 -0.0531802 0.0246453 0.0004998741 -0.0518198 0.0163047 0.0004999907 -0.0531802 0.0183453 0.0004999674 -0.0518198 0.0163047 -0.0004999907 -0.0531802 0.0183453 -0.0004999674 -0.0518198 0.01268239 0.0005000169 -0.05150492 0.01268239 -0.0005000169 -0.05150492 0.05047002 0.0005000138 -0.05137998 0.05137998 -0.0005000133 -0.05047002 0.05047002 -0.0005000138 -0.05137998 0.05137998 0.0005000133 -0.05047002 0.0478047 0.0004999853 -0.0531802 0.05031761 -0.0005000173 -0.05150492 0.0478047 -0.0004999853 -0.0531802 0.05031761 0.0005000173 -0.05150492 0.0415047 0.0004999138 -0.0531802 0.0435453 0.0005000028 -0.0518198 0.0415047 -0.0004999138 -0.0531802 0.0435453 -0.0005000028 -0.0518198 0.0352047 0.0004998778 -0.0531802 0.0372453 -0.0004998567 -0.0518198 0.0352047 -0.0004998778 -0.0531802 0.0372453 0.0004998567 -0.0518198 0.0531802 0.0004998716 -0.0340953 0.0518198 -0.0004998583 -0.0320547 0.0531802 -0.0004998716 -0.0340953 0.0518198 0.0004998583 -0.0320547 0.0518198 0.0004998524 -0.0372453 0.0531802 0.0004998632 -0.0352047 0.0518198 -0.0004998524 -0.0372453 0.0531802 -0.0004998632 -0.0352047 0.0531802 0.0004999248 -0.0403953 0.0518198 0.0004998737 -0.0383547 0.0531802 -0.0004999248 -0.0403953 0.0518198 -0.0004998737 -0.0383547 0.0518198 0.0005000006 -0.0435453 0.0531802 0.0004999119 -0.0415047 0.0518198 -0.0005000006 -0.0435453 0.0531802 -0.0004999119 -0.0415047 0.0531802 0.0004999908 -0.0466953 0.0518198 -0.0004999673 -0.0446547 0.0531802 -0.0004999908 -0.0466953 0.0518198 0.0004999673 -0.0446547 0.05150492 0.0005000167 -0.05031761 0.0531802 0.0004999843 -0.0478047 0.05150492 -0.0005000167 -0.05031761 0.0531802 -0.0004999843 -0.0478047 0.05137998 0.0005000139 -0.01252998 0.05047002 -0.0005000139 -0.01162002 0.05137998 -0.0005000139 -0.01252998 0.05047002 0.0005000139 -0.01162002 0.0531802 0.0004999856 -0.0151953 0.05150492 -0.0005000172 -0.01268239 0.0531802 -0.0004999856 -0.0151953 0.05150492 0.0005000172 -0.01268239 0.0518198 0.0004999669 -0.0183453 0.0531802 -0.000499993 -0.0163047 0.0518198 -0.0004999669 -0.0183453 0.0531802 0.000499993 -0.0163047 0.0531802 0.0004999136 -0.0214953 0.0518198 0.0005000029 -0.0194547 0.0531802 -0.0004999136 -0.0214953 0.0518198 -0.0005000029 -0.0194547 0.0518198 0.0004998892 -0.0246453 0.0531802 -0.0004999187 -0.0226047 0.0518198 -0.0004998892 -0.0246453 0.0531802 0.0004999187 -0.0226047 0.0531802 0.0004998774 -0.0277953 0.0518198 -0.0004998564 -0.0257547 0.0531802 -0.0004998774 -0.0277953 0.0518198 0.0004998564 -0.0257547 0.0518198 0.0004998584 -0.0309453 0.0531802 0.0004998768 -0.0289047 0.0518198 -0.0004998584 -0.0309453 0.0531802 -0.0004998768 -0.0289047 0.0340953 0.0004998768 -0.0098198 0.0320547 -0.0004998584 -0.0111802 0.0340953 -0.0004998768 -0.0098198 0.0320547 0.0004998584 -0.0111802 0.0372453 0.0004998564 -0.0111802 0.0352047 -0.0004998774 -0.0098198 0.0372453 -0.0004998564 -0.0111802 0.0352047 0.0004998774 -0.0098198 0.0403953 0.0004999187 -0.0098198 0.0383547 0.0004998892 -0.0111802 0.0403953 -0.0004999187 -0.0098198 0.0383547 -0.0004998892 -0.0111802 0.0435453 0.0005000029 -0.0111802 0.0415047 0.0004999136 -0.0098198 0.0435453 -0.0005000029 -0.0111802 0.0415047 -0.0004999136 -0.0098198 0.0466953 0.000499993 -0.0098198 0.0446547 0.0004999669 -0.0111802 0.0466953 -0.000499993 -0.0098198 0.0446547 -0.0004999669 -0.0111802 0.05031761 0.0005000172 -0.01149507 0.0478047 0.0004999856 -0.0098198 0.05031761 -0.0005000172 -0.01149507 0.0478047 -0.0004999856 -0.0098198 0.009655335 0.0004999711 -0.0471673 0.009661456 0.0004999697 -0.04738784 0.00965201 0.0004999686 -0.04726778 0.01589569 0.0004999739 -0.05333741 0.009683334 0.0004999796 -0.047002 0.00974531 0.0004999808 -0.04767197 0.009691688 0.0004999746 -0.04752904 0.01603901 0.000499982 -0.05330536 0.009738504 0.0004999882 -0.04684321 0.01617667 0.000499989 -0.05325249 0.009655335 0.0004998074 -0.0408673 0.009661456 0.0004998063 -0.04108784 0.00965201 0.000499797 -0.04096778 0.02219569 0.0004998212 -0.05333741 0.009683334 0.0004998512 -0.040702 0.00974531 0.0004998802 -0.04137197 0.009691688 0.0004998383 -0.04122903 0.02233901 0.0004998644 -0.05330536 0.009738504 0.0004999008 -0.04054321 0.02247667 0.0004999061 -0.05325249 0.009655335 0.0004996416 -0.0345673 0.009661456 0.0004996589 -0.03478784 0.00965201 0.0004996302 -0.03466779 0.02849569 0.000499664 -0.05333741 0.009683334 0.0004997174 -0.034402 0.00974531 0.000499813 -0.03507197 0.009691688 0.0004997302 -0.03492904 0.02863901 0.000499742 -0.05330536 0.009738504 0.0004998135 -0.03424321 0.02877667 0.0004998245 -0.05325249 0.009655335 0.0004996138 -0.0282673 0.009661456 0.0004996381 -0.02848784 0.00965201 0.0004996026 -0.02836778 0.03479568 0.0004996376 -0.05333741 0.009683334 0.0004996956 -0.028102 0.00974531 0.0004998206 -0.02877197 0.009691688 0.0004997233 -0.02862904 0.03493901 0.0004997228 -0.05330536 0.009738504 0.0004998039 -0.02794321 0.03507667 0.0004998167 -0.05325249 0.009655335 0.0004998025 -0.0219673 0.009661456 0.0004998192 -0.02218784 0.00965201 0.0004998004 -0.02206779 0.04109569 0.0004998113 -0.05333741 0.009683334 0.0004998345 -0.021802 0.00974531 0.0004999007 -0.02247197 0.009691688 0.0004998591 -0.02232904 0.04123901 0.0004998457 -0.05330536 0.009738504 0.00049988 -0.02164321 0.04137667 0.0004998856 -0.05325249 0.009655335 0.0004999691 -0.0156673 0.009661456 0.0004999738 -0.01588784 0.00965201 0.0004999695 -0.01576779 0.04739569 0.0004999704 -0.05333741 0.009683334 0.0004999741 -0.015502 0.00974531 0.00049999 -0.01617197 0.009691688 0.0004999819 -0.01602904 0.04753901 0.0004999759 -0.05330536 0.009738504 0.0004999812 -0.01534321 0.04767667 0.000499982 -0.05325249 0.0158327 0.0004999713 -0.009655335 0.01561216 0.0004999699 -0.009661456 0.01573221 0.0004999689 -0.00965201 0.05333854 0.0004999737 -0.04711216 0.05334799 0.0004999694 -0.04723222 0.05334467 0.0004999689 -0.0473327 0.05331667 0.0004999736 -0.047498 0.015998 0.0004999797 -0.009683334 0.01532803 0.000499981 -0.00974531 0.01547096 0.0004999749 -0.009691688 0.05330831 0.0004999815 -0.04697096 0.01615679 0.0004999883 -0.009738504 0.05325469 0.0004999889 -0.04682803 0.05326149 0.0004999804 -0.04765679 0.0221327 0.0004998069 -0.009655335 0.02191216 0.0004998057 -0.009661456 0.02203222 0.0004997964 -0.00965201 0.05333854 0.0004998187 -0.04081216 0.05334799 0.0004997981 -0.04093222 0.05334467 0.0004997989 -0.0410327 0.05331667 0.0004998295 -0.041198 0.022298 0.0004998509 -0.009683334 0.02162803 0.0004998798 -0.00974531 0.02177096 0.0004998378 -0.009691688 0.05330831 0.0004998609 -0.04067096 0.02245679 0.0004999007 -0.009738504 0.05325469 0.0004999048 -0.04052803 0.05326149 0.0004998754 -0.04135679 0.0284327 0.0004996406 -0.009655335 0.02821216 0.0004996579 -0.009661456 0.02833222 0.0004996291 -0.00965201 0.05333854 0.0004996596 -0.03451216 0.05334799 0.0004996291 -0.03463221 0.05334467 0.0004996399 -0.0347327 0.05331667 0.0004997118 -0.034898 0.028598 0.0004997166 -0.009683334 0.02792803 0.0004998125 -0.00974531 0.02807096 0.0004997294 -0.009691688 0.05330831 0.0004997351 -0.03437096 0.02875679 0.0004998131 -0.009738504 0.05325469 0.0004998215 -0.03422803 0.05326149 0.0004998043 -0.03505679 0.0347327 0.0004996127 -0.009655335 0.03451216 0.000499637 -0.009661456 0.03463221 0.0004996015 -0.00965201 0.05333854 0.0004996329 -0.02821216 0.05334799 0.000499601 -0.02833221 0.05334467 0.0004996151 -0.0284327 0.05331667 0.0004997017 -0.028598 0.034898 0.0004996947 -0.009683334 0.03422803 0.0004998201 -0.00974531 0.03437096 0.0004997226 -0.009691688 0.05330831 0.0004997152 -0.02807096 0.03505679 0.0004998034 -0.009738504 0.05325469 0.0004998132 -0.02792803 0.05326149 0.0004998106 -0.02875679 0.0410327 0.0004998019 -0.009655335 0.04081216 0.0004998187 -0.009661456 0.04093222 0.0004997998 -0.00965201 0.05333854 0.0004998093 -0.02191216 0.05334799 0.0004997986 -0.02203222 0.05334467 0.0004998077 -0.0221327 0.05331667 0.0004998492 -0.022298 0.041198 0.000499834 -0.009683334 0.04052803 0.0004999005 -0.00974531 0.04067096 0.0004998588 -0.009691688 0.05330831 0.0004998424 -0.02177096 0.04135679 0.0004998797 -0.009738504 0.05325469 0.000499884 -0.02162803 0.05326149 0.0004998967 -0.02245679 0.0473327 0.0004999694 -0.009655335 0.04711216 0.000499974 -0.009661456 0.04723222 0.0004999697 -0.00965201 0.05333854 0.0004999704 -0.01561216 0.05334799 0.0004999692 -0.01573221 0.05334467 0.0004999715 -0.0158327 0.05331667 0.0004999802 -0.015998 0.047498 0.0004999743 -0.009683334 0.04682803 0.0004999901 -0.00974531 0.04697096 0.0004999821 -0.009691688 0.05330831 0.0004999757 -0.01547096 0.04765679 0.0004999815 -0.009738504 0.05325469 0.0004999821 -0.01532803 0.05326149 0.0004999894 -0.01615679 0.01700849 0.0005501944 -0.04599151 0.01875406 0.0004999944 -0.0516627 0.01861102 0.0004999779 -0.05169477 0.01847287 0.0004999665 -0.05174781 0.01125469 0.0004999667 -0.04452197 0.01130831 0.000499979 -0.04437904 0.01133854 0.0004999953 -0.04423784 0.01134799 0.0005000075 -0.04411779 0.01134466 0.0005000132 -0.0440173 0.01131667 0.0005000127 -0.043852 0.01700849 0.0008865554 -0.03829449 0.01125469 0.0004998669 -0.03822197 0.0112615 0.000500006 -0.04369321 0.02470551 0.0008865554 -0.04599151 0.02477287 0.0004998666 -0.05174781 0.03010465 0.003834488 -0.03829449 0.0314982 0.001081471 -0.04599151 0.03010465 0.001072392 -0.04599151 0.02802614 0.004589558 -0.03497386 0.02470551 0.002812956 -0.03829449 0.02470551 0.003573217 -0.03497386 0.02802614 0.003573217 -0.03829449 0.02470551 0.003886821 -0.0315018 0.02470551 0.003834488 -0.03289535 0.01700849 0.001072392 -0.03289535 0.01700849 0.001081471 -0.0315018 0.0314982 0.003886821 -0.03829449 0.02470551 0.003834347 -0.03010478 0.01700849 0.001072508 -0.03010478 0.03289522 0.003834347 -0.03829449 0.03289522 0.001072508 -0.04599151 0.02802614 0.004944664 -0.03289535 0.03010465 0.004944664 -0.03497386 0.01700849 0.0007249442 -0.02149116 0.01125469 0.000500007 -0.01932197 0.01130831 0.0005000129 -0.01917904 0.01133854 0.0005000149 -0.01903784 0.04150884 0.0007249442 -0.04599151 0.04395406 0.000500015 -0.0516627 0.04381102 0.0005000125 -0.05169477 0.04367287 0.0005000068 -0.05174781 0.02470551 0.003627525 -0.02835486 0.01700849 0.001036163 -0.02835486 0.03464514 0.003627525 -0.03829449 0.03464514 0.001036163 -0.04599151 0.02802614 0.005016354 -0.0315018 0.0314982 0.005016354 -0.03497386 0.03010465 0.005337574 -0.03289535 0.02802614 0.004944367 -0.03010478 0.03289522 0.004944367 -0.03497386 0.03010465 0.005417689 -0.0315018 0.0314982 0.005417689 -0.03289535 0.02802614 0.004662799 -0.02835486 0.03464514 0.004662799 -0.03497386 0.01700849 0.0005536619 -0.01714503 0.01134799 0.0005000105 -0.01891778 0.01134466 0.0005000015 -0.0188173 0.01131667 0.0004999825 -0.018652 0.0112615 0.0004999675 -0.01849321 0.01847803 0.0004999667 -0.01125469 0.01862096 0.0004999789 -0.01130831 0.01876216 0.0004999952 -0.01133854 0.01888222 0.0005000073 -0.01134799 0.0189827 0.0005000131 -0.01134466 0.019148 0.0005000126 -0.01131667 0.01930679 0.000500006 -0.0112615 0.04585497 0.0005536619 -0.04599151 0.05174531 0.0005000052 -0.04367803 0.05169169 0.0005000116 -0.04382096 0.05166146 0.0005000141 -0.04396216 0.05165201 0.00050001 -0.04408221 0.05165533 0.0005000012 -0.0441827 0.05168333 0.0004999824 -0.044348 0.05173851 0.0004999675 -0.04450679 0.0314982 0.005499918 -0.0315018 0.03010465 0.005337225 -0.03010478 0.03289522 0.005337225 -0.03289535 0.02802614 0.004368638 -0.02716834 0.02470551 0.003409462 -0.02716834 0.03583166 0.004368638 -0.03497386 0.03583166 0.003409462 -0.03829449 0.0314982 0.005417331 -0.03010478 0.03289522 0.005417331 -0.0315018 0.03010465 0.005025288 -0.02835486 0.03464514 0.005025288 -0.03289535 0.03289522 0.005336877 -0.03010478 0.03010465 0.004702038 -0.02716834 0.03583166 0.004702038 -0.03289535 0.0314982 0.005098564 -0.02835486 0.03464514 0.005098564 -0.0315018 0.02470551 0.001911254 -0.02149116 0.0314982 0.004769156 -0.02716834 0.03583166 0.004769156 -0.0315018 0.03289522 0.005024981 -0.02835486 0.03464514 0.005024981 -0.03010478 0.03289522 0.004701776 -0.02716834 0.03583166 0.004701776 -0.03010478 0.03464514 0.004737504 -0.02835486 0.02802614 0.002381798 -0.02149116 0.03464514 0.004437545 -0.02716834 0.03583166 0.004437545 -0.02835486 0.02470551 0.0009079041 -0.01714503 0.02477803 0.0004998665 -0.01125469 0.04585497 0.0009079041 -0.03829449 0.04150884 0.001911254 -0.03829449 0.04150884 0.002381798 -0.03497386 0.05173851 0.0004998678 -0.03820679 0.03010465 0.002542369 -0.02149116 0.04150884 0.002542369 -0.03289535 0.03583166 0.004160673 -0.02716834 0.0314982 0.00257447 -0.02149116 0.04150884 0.00257447 -0.0315018 0.02802614 0.001054312 -0.01714503 0.04585497 0.001054312 -0.03497386 0.03289522 0.002542415 -0.02149116 0.04150884 0.002542415 -0.03010478 0.03010465 0.001103145 -0.01714503 0.04585497 0.001103145 -0.03289535 0.03464514 0.00241552 -0.02149116 0.04150884 0.00241552 -0.02835486 0.03583166 0.002281158 -0.02149116 0.04150884 0.002281158 -0.02716834 0.0314982 0.001112733 -0.01714503 0.04585497 0.001112733 -0.0315018 0.03289522 0.001103261 -0.01714503 0.04585497 0.001103261 -0.03010478 0.03464514 0.001064953 -0.01714503 0.04585497 0.001064953 -0.02835486 0.03583166 0.001023425 -0.01714503 0.04585497 0.001023425 -0.02716834 0.04150884 0.0007378352 -0.01714503 0.04367803 0.0005000071 -0.01125469 0.04382096 0.0005000129 -0.01130831 0.04396216 0.0005000148 -0.01133854 0.04585497 0.0007378352 -0.02149116 0.05165533 0.0005000136 -0.0189827 0.05168333 0.0005000137 -0.019148 0.05173851 0.0005000077 -0.01930679 0.04585497 0.0005573232 -0.01714503 0.04150884 0.001351861 -0.02149116 0.04408221 0.0005000104 -0.01134799 0.0441827 0.0005000014 -0.01134466 0.044348 0.0004999824 -0.01131667 0.04450679 0.0004999674 -0.0112615 0.05174531 0.0004999666 -0.01847803 0.05169169 0.0004999789 -0.01862096 0.05166146 0.0004999953 -0.01876216 0.05165201 0.0005000076 -0.01888222 0.01416258 0.0005901706 -0.03626293 0.01130831 0.000499887 -0.03807904 0.01133854 0.0004999124 -0.03793784 0.01134799 0.000499925 -0.03781778 0.01134466 0.0004999219 -0.0377173 0.01131667 0.0004998941 -0.037552 0.0112615 0.000499862 -0.03739321 0.01700849 0.001026026 -0.03497386 0.02675758 0.0005899484 -0.04884308 0.02505406 0.0004999111 -0.0516627 0.02491102 0.0004998852 -0.05169477 0.02802614 0.001026026 -0.04599151 0.01413499 0.000588881 -0.03618354 0.02682641 0.000588641 -0.04886951 0.01409434 0.0005865718 -0.03610958 0.02689042 0.0005865718 -0.04890565 0.01409434 0.000600817 -0.03351428 0.02948572 0.000600817 -0.04890565 0.01409434 0.0006013096 -0.03247503 0.01125469 0.0004998342 -0.03192197 0.01130831 0.0004998381 -0.03177904 0.01133854 0.0004998518 -0.03163784 0.03052497 0.0006013096 -0.04890565 0.03135406 0.000499851 -0.0516627 0.03121102 0.0004998373 -0.05169477 0.03107287 0.0004998346 -0.05174781 0.03058876 0.0006044735 -0.04886966 0.01413159 0.0006045844 -0.03240866 0.03065784 0.0006068406 -0.04884314 0.0141584 0.000606979 -0.03233719 0.03072935 0.0006082814 -0.0488271 0.01417352 0.000608337 -0.03226659 0.02470551 0.001740096 -0.042143 0.020857 0.001740096 -0.03829449 0.03142613 0.0006081294 -0.0488271 0.01417352 0.0006081865 -0.03156982 0.01134799 0.0004998591 -0.03151778 0.01417824 0.0006086218 -0.03150979 0.0314991 0.0006086292 -0.04882168 0.01417658 0.0006084692 -0.03145955 0.03157195 0.0006081362 -0.04882705 0.01416258 0.0006071863 -0.0313769 0.01134466 0.0004998561 -0.0314173 0.01131667 0.0004998407 -0.031252 0.03227045 0.0006083046 -0.04882705 0.01416258 0.0006073732 -0.03067839 0.03234212 0.0006068659 -0.04884308 0.01413499 0.0006049073 -0.03059899 0.03241095 0.0006045076 -0.04886951 0.01409434 0.0006013314 -0.03052504 0.0112615 0.0004998335 -0.03109321 0.03247496 0.0006013314 -0.04890565 0.020857 0.001970793 -0.03663417 0.02636582 0.001970793 -0.042143 0.01409434 0.0006010876 -0.02965008 0.03334992 0.0006010876 -0.04890565 0.01409434 0.0005881924 -0.02705478 0.01700849 0.0009966237 -0.02716834 0.03594522 0.0005881924 -0.04890565 0.03583166 0.0009966237 -0.04599151 0.01409434 0.0005826921 -0.02646152 0.01125469 0.0004998572 -0.02562197 0.01130831 0.0004998803 -0.02547904 0.03653848 0.0005826921 -0.04890565 0.03751102 0.0004998783 -0.05169477 0.03737287 0.0004998567 -0.05174781 0.03660226 0.0005846228 -0.04886966 0.01413159 0.0005846863 -0.02639515 0.03667134 0.000585828 -0.04884314 0.0141584 0.0005858881 -0.02632369 0.03674286 0.0005862455 -0.0488271 0.01417352 0.000586248 -0.02625309 0.01417824 0.0005859594 -0.02619306 0.03681583 0.0005858716 -0.04882168 0.01417658 0.0005853108 -0.02614282 0.03688867 0.0005847199 -0.04882705 0.03765406 0.0004999046 -0.0516627 0.01416258 0.0005834464 -0.02606017 0.01133854 0.0004999059 -0.02533784 0.01134799 0.0004999183 -0.02521778 0.01134466 0.0004999164 -0.0251173 0.01131667 0.0004998973 -0.024952 0.0112615 0.00049988 -0.02479321 0.020857 0.001683838 -0.02432975 0.03867025 0.001683838 -0.042143 0.020857 0.001245573 -0.02149116 0.04150884 0.001245573 -0.042143 0.03867025 0.003111364 -0.03663417 0.02673707 0.0005949833 -0.01423085 0.0252827 0.0004999216 -0.01134466 0.025448 0.0004998939 -0.01131667 0.02560679 0.0004998617 -0.0112615 0.02492096 0.0004998867 -0.01130831 0.02506216 0.0004999121 -0.01133854 0.02518221 0.0004999247 -0.01134799 0.04877333 0.0005948194 -0.03624741 0.05174531 0.0004998593 -0.03737803 0.05169169 0.0004998873 -0.03752097 0.05166146 0.0004999148 -0.03766216 0.05165201 0.0004999253 -0.03778222 0.05165533 0.0004999196 -0.0378827 0.05168333 0.0004998925 -0.038048 0.02681647 0.0005936614 -0.01420326 0.04880014 0.0005934758 -0.03617595 0.02689042 0.0005912873 -0.01416262 0.04883738 0.0005912873 -0.03610958 0.03867025 0.002610831 -0.02432975 0.02948572 0.0006062865 -0.01416262 0.04883738 0.0006062865 -0.03351428 0.03052497 0.0006069402 -0.01416262 0.03107803 0.0004998337 -0.01125469 0.03122096 0.000499838 -0.01130831 0.03136216 0.0004998519 -0.01133854 0.04883738 0.0006069402 -0.03247503 0.05168333 0.0004998407 -0.031748 0.05173851 0.0004998331 -0.03190679 0.03059134 0.000610324 -0.01419986 0.04879674 0.0006106364 -0.03240107 0.03066281 0.0006127998 -0.01422667 0.04876915 0.0006131881 -0.03232167 0.0307334 0.0006142069 -0.01424179 0.04876915 0.000613062 -0.0316249 0.05165201 0.0004998593 -0.03148222 0.05165533 0.0004998564 -0.0315827 0.03143018 0.000614096 -0.01424179 0.03148222 0.0004998593 -0.01134799 0.04875515 0.0006143866 -0.03154225 0.03149021 0.0006145449 -0.01424651 0.04875349 0.000614545 -0.03149201 0.03154045 0.0006143875 -0.01424485 0.04875821 0.0006140976 -0.03143198 0.05166146 0.0004998519 -0.03136216 0.0316231 0.0006130646 -0.01423085 0.0315827 0.0004998564 -0.01134466 0.031748 0.0004998406 -0.01131667 0.04875821 0.0006142247 -0.03073347 0.03232161 0.0006132071 -0.01423085 0.04877333 0.0006128191 -0.03066287 0.032401 0.0006106569 -0.01420326 0.04880014 0.0006103446 -0.0305914 0.03247496 0.0006069617 -0.01416262 0.03190679 0.000499833 -0.0112615 0.04883738 0.0006069617 -0.03052504 0.05174531 0.0004998336 -0.03107803 0.05169169 0.0004998378 -0.03122096 0.03334992 0.0006065878 -0.01416262 0.04883738 0.0006065878 -0.02965008 0.03867025 0.001310966 -0.01931809 0.0436819 0.001310966 -0.02432975 0.03594522 0.0005929704 -0.01416262 0.04883738 0.0005929704 -0.02705478 0.03653848 0.0005872465 -0.01416262 0.03737803 0.000499857 -0.01125469 0.03752097 0.0004998801 -0.01130831 0.04883738 0.0005872465 -0.02646152 0.05168333 0.0004998861 -0.025448 0.05173851 0.0004998588 -0.02560679 0.03660485 0.0005892971 -0.01419986 0.04879674 0.0005894691 -0.02638756 0.03667631 0.0005905293 -0.01422667 0.04876915 0.0005906738 -0.02630817 0.03674691 0.0005908936 -0.01424179 0.04875515 0.0005908214 -0.02622552 0.03680694 0.0005905905 -0.01424651 0.04875349 0.0005903958 -0.02617528 0.03685718 0.0005899171 -0.01424485 0.04875821 0.0005893895 -0.02611525 0.05166146 0.0004999113 -0.02506216 0.05165201 0.0004999188 -0.02518221 0.05165533 0.0004999132 -0.0252827 0.05174531 0.0004998789 -0.02477803 0.05169169 0.0004998928 -0.02492096 0.03693983 0.0005879873 -0.01423085 0.03766216 0.0004999059 -0.01133854 0.03778222 0.0004999182 -0.01134799 0.0378827 0.0004999163 -0.01134466 0.038048 0.000499897 -0.01131667 0.03820679 0.0004998796 -0.0112615 0.01893274 0.0008931713 -0.042143 0.020857 0.0008931713 -0.04406726 0.009655335 -0.0004999687 -0.0473327 0.009661456 -0.0004999735 -0.04711216 0.00965201 -0.0004999692 -0.04723222 0.009683334 -0.0004999734 -0.047498 0.01589594 -0.0004999739 -0.0533373 0.009691688 -0.0004999814 -0.04697096 0.01603898 -0.000499982 -0.05330523 0.00974531 -0.0004999888 -0.04682803 0.009738504 -0.0004999802 -0.04765679 0.01617713 -0.000499989 -0.05325219 0.009655335 -0.0004997995 -0.0410327 0.009661456 -0.0004998192 -0.04081216 0.00965201 -0.0004997987 -0.04093222 0.009683334 -0.00049983 -0.041198 0.02219594 -0.0004998213 -0.0533373 0.009691688 -0.0004998611 -0.04067096 0.02233898 -0.0004998644 -0.05330523 0.00974531 -0.0004999049 -0.04052803 0.009738504 -0.0004998758 -0.04135679 0.02247713 -0.0004999062 -0.05325219 0.009655335 -0.0004996409 -0.0347327 0.009661456 -0.0004996606 -0.03451216 0.00965201 -0.0004996302 -0.03463221 0.009683334 -0.0004997126 -0.034898 0.02849594 -0.0004996642 -0.0533373 0.009691688 -0.0004997358 -0.03437096 0.02863898 -0.000499742 -0.05330523 0.00974531 -0.0004998219 -0.03422803 0.009738504 -0.0004998048 -0.03505679 0.02877713 -0.0004998247 -0.05325219 0.009655335 -0.0004996162 -0.0284327 0.009661456 -0.000499634 -0.02821216 0.00965201 -0.0004996021 -0.02833221 0.009683334 -0.0004997025 -0.028598 0.03479594 -0.0004996378 -0.0533373 0.009691688 -0.000499716 -0.02807096 0.03493898 -0.0004997228 -0.05330523 0.00974531 -0.0004998137 -0.02792803 0.009738504 -0.0004998111 -0.02875679 0.03507713 -0.000499817 -0.05325219 0.009655335 -0.0004998082 -0.0221327 0.009661456 -0.0004998099 -0.02191216 0.00965201 -0.0004997992 -0.02203222 0.009683334 -0.0004998496 -0.022298 0.04109594 -0.0004998114 -0.0533373 0.009691688 -0.0004998428 -0.02177096 0.04123898 -0.0004998457 -0.05330523 0.00974531 -0.0004998843 -0.02162803 0.009738504 -0.0004998969 -0.02245679 0.04137713 -0.0004998857 -0.05325219 0.009655335 -0.0004999714 -0.0158327 0.009661456 -0.0004999702 -0.01561216 0.00965201 -0.0004999689 -0.01573221 0.009683334 -0.00049998 -0.015998 0.04739594 -0.0004999704 -0.0533373 0.009691688 -0.0004999754 -0.01547096 0.04753897 -0.0004999759 -0.05330523 0.00974531 -0.0004999819 -0.01532803 0.009738504 -0.0004999893 -0.01615679 0.04767714 -0.0004999821 -0.05325219 0.05334799 -0.0004999689 -0.04726778 0.05334467 -0.0004999713 -0.0471673 0.05333854 -0.0004999699 -0.04738784 0.0156673 -0.0004999689 -0.009655335 0.01588784 -0.0004999737 -0.009661456 0.01576779 -0.0004999694 -0.00965201 0.015502 -0.0004999736 -0.009683334 0.05331667 -0.0004999797 -0.047002 0.05325469 -0.000499981 -0.04767197 0.05330831 -0.0004999749 -0.04752904 0.01602904 -0.0004999815 -0.009691688 0.05326149 -0.0004999883 -0.04684321 0.01617197 -0.0004999889 -0.00974531 0.01534321 -0.0004999804 -0.009738504 0.05334799 -0.0004997964 -0.04096778 0.05334467 -0.0004998069 -0.0408673 0.05333854 -0.0004998057 -0.04108784 0.0219673 -0.0004997989 -0.009655335 0.02218784 -0.0004998187 -0.009661456 0.02206779 -0.0004997981 -0.00965201 0.021802 -0.0004998295 -0.009683334 0.05331667 -0.0004998509 -0.040702 0.05325469 -0.0004998798 -0.04137197 0.05330831 -0.0004998378 -0.04122903 0.02232904 -0.0004998609 -0.009691688 0.05326149 -0.0004999007 -0.04054321 0.02247197 -0.0004999048 -0.00974531 0.02164321 -0.0004998754 -0.009738504 0.05334799 -0.0004996291 -0.03466779 0.05334467 -0.0004996406 -0.0345673 0.05333854 -0.0004996579 -0.03478784 0.0282673 -0.0004996399 -0.009655335 0.02848784 -0.0004996596 -0.009661456 0.02836778 -0.0004996291 -0.00965201 0.028102 -0.0004997118 -0.009683334 0.05325469 -0.0004998125 -0.03507197 0.05331667 -0.0004997166 -0.034402 0.05330831 -0.0004997294 -0.03492904 0.02862904 -0.0004997351 -0.009691688 0.05326149 -0.0004998131 -0.03424321 0.02877197 -0.0004998215 -0.00974531 0.02794321 -0.0004998043 -0.009738504 0.05334799 -0.0004996015 -0.02836778 0.05334467 -0.0004996127 -0.0282673 0.05333854 -0.000499637 -0.02848784 0.0345673 -0.0004996151 -0.009655335 0.03478784 -0.0004996329 -0.009661456 0.03466779 -0.000499601 -0.00965201 0.034402 -0.0004997017 -0.009683334 0.05331667 -0.0004996947 -0.028102 0.05325469 -0.0004998201 -0.02877197 0.05330831 -0.0004997226 -0.02862904 0.03492904 -0.0004997152 -0.009691688 0.05326149 -0.0004998034 -0.02794321 0.03507197 -0.0004998132 -0.00974531 0.03424321 -0.0004998106 -0.009738504 0.05334799 -0.0004997998 -0.02206779 0.05334467 -0.0004998019 -0.0219673 0.05333854 -0.0004998187 -0.02218784 0.0408673 -0.0004998077 -0.009655335 0.04108784 -0.0004998093 -0.009661456 0.04096778 -0.0004997986 -0.00965201 0.040702 -0.0004998492 -0.009683334 0.05331667 -0.000499834 -0.021802 0.05325469 -0.0004999005 -0.02247197 0.05330831 -0.0004998588 -0.02232904 0.04122903 -0.0004998424 -0.009691688 0.05326149 -0.0004998797 -0.02164321 0.04137197 -0.000499884 -0.00974531 0.04054321 -0.0004998967 -0.009738504 0.05334799 -0.0004999697 -0.01576779 0.05334467 -0.0004999694 -0.0156673 0.05333854 -0.000499974 -0.01588784 0.0471673 -0.0004999715 -0.009655335 0.04738784 -0.0004999704 -0.009661456 0.04726778 -0.0004999692 -0.00965201 0.047002 -0.0004999802 -0.009683334 0.05325469 -0.0004999901 -0.01617197 0.05331667 -0.0004999743 -0.015502 0.05330831 -0.0004999821 -0.01602904 0.04752904 -0.0004999757 -0.009691688 0.05326149 -0.0004999815 -0.01534321 0.04767197 -0.0004999821 -0.00974531 0.04684321 -0.0004999894 -0.009738504 0.01700849 -0.0005501944 -0.04599151 0.01847333 -0.0004999665 -0.05174751 0.01861099 -0.0004999779 -0.05169464 0.01875431 -0.0004999944 -0.05166259 0.01133854 -0.0005000142 -0.04396216 0.01130831 -0.0005000117 -0.04382096 0.01134799 -0.0005000101 -0.04408221 0.01134466 -0.0005000013 -0.0441827 0.01131667 -0.0004999825 -0.044348 0.0112615 -0.0004999676 -0.04450679 0.01700849 -0.0008865554 -0.03829449 0.01125469 -0.0005000052 -0.04367803 0.0112615 -0.0004998682 -0.03820679 0.02470551 -0.0008865554 -0.04599151 0.02477333 -0.0004998665 -0.05174751 0.02470551 -0.002812956 -0.03829449 0.02802614 -0.004589558 -0.03497386 0.02470551 -0.003573217 -0.03497386 0.02802614 -0.003573217 -0.03829449 0.01700849 -0.001072392 -0.03289535 0.02470551 -0.003886821 -0.0315018 0.01700849 -0.001081471 -0.0315018 0.02470551 -0.003834488 -0.03289535 0.0314982 -0.001081471 -0.04599151 0.0314982 -0.003886821 -0.03829449 0.03010465 -0.001072392 -0.04599151 0.03010465 -0.003834488 -0.03829449 0.02470551 -0.003834347 -0.03010478 0.01700849 -0.001072508 -0.03010478 0.03289522 -0.001072508 -0.04599151 0.03289522 -0.003834347 -0.03829449 0.02802614 -0.004944664 -0.03289535 0.01700849 -0.0007249442 -0.02149116 0.01131667 -0.0005000137 -0.019148 0.01134466 -0.0005000137 -0.0189827 0.0112615 -0.0005000076 -0.01930679 0.04150884 -0.0007249442 -0.04599151 0.04367333 -0.0005000068 -0.05174751 0.04381099 -0.0005000125 -0.05169464 0.04395432 -0.000500015 -0.05166259 0.02470551 -0.003627525 -0.02835486 0.01700849 -0.001036163 -0.02835486 0.03464514 -0.001036163 -0.04599151 0.03464514 -0.003627525 -0.03829449 0.02802614 -0.005016354 -0.0315018 0.0314982 -0.005016354 -0.03497386 0.03010465 -0.005337574 -0.03289535 0.03010465 -0.004944664 -0.03497386 0.02802614 -0.004944367 -0.03010478 0.03289522 -0.004944367 -0.03497386 0.03010465 -0.005417689 -0.0315018 0.0314982 -0.005417689 -0.03289535 0.02802614 -0.004662799 -0.02835486 0.03464514 -0.004662799 -0.03497386 0.01125469 -0.0004999667 -0.01847803 0.01700849 -0.0005536619 -0.01714503 0.01130831 -0.000499979 -0.01862096 0.01133854 -0.0004999954 -0.01876216 0.01134799 -0.0005000077 -0.01888222 0.01903784 -0.0005000141 -0.01133854 0.01917904 -0.0005000116 -0.01130831 0.01891778 -0.00050001 -0.01134799 0.0188173 -0.0005000012 -0.01134466 0.018652 -0.0004999824 -0.01131667 0.01849321 -0.0004999675 -0.0112615 0.04585497 -0.0005536619 -0.04599151 0.05174531 -0.0004999667 -0.04452197 0.05169169 -0.0004999789 -0.04437904 0.05166146 -0.0004999952 -0.04423784 0.05165201 -0.0005000073 -0.04411779 0.05165533 -0.0005000131 -0.0440173 0.05168333 -0.0005000126 -0.043852 0.05173851 -0.000500006 -0.04369321 0.0314982 -0.005499918 -0.0315018 0.03010465 -0.005337225 -0.03010478 0.03289522 -0.005337225 -0.03289535 0.02802614 -0.004368638 -0.02716834 0.02470551 -0.003409462 -0.02716834 0.03583166 -0.003409462 -0.03829449 0.03583166 -0.004368638 -0.03497386 0.0314982 -0.005417331 -0.03010478 0.03289522 -0.005417331 -0.0315018 0.03010465 -0.005025288 -0.02835486 0.03464514 -0.005025288 -0.03289535 0.03289522 -0.005336877 -0.03010478 0.03010465 -0.004702038 -0.02716834 0.03583166 -0.004702038 -0.03289535 0.0314982 -0.005098564 -0.02835486 0.03464514 -0.005098564 -0.0315018 0.0314982 -0.004769156 -0.02716834 0.03583166 -0.004769156 -0.0315018 0.03289522 -0.005024981 -0.02835486 0.03464514 -0.005024981 -0.03010478 0.03289522 -0.004701776 -0.02716834 0.03583166 -0.004701776 -0.03010478 0.03464514 -0.004737504 -0.02835486 0.03464514 -0.004437545 -0.02716834 0.03583166 -0.004437545 -0.02835486 0.02470551 -0.0009079041 -0.01714503 0.01932197 -0.0005000052 -0.01125469 0.02479321 -0.0004998678 -0.0112615 0.04150884 -0.001911254 -0.03829449 0.04585497 -0.0009079041 -0.03829449 0.04150884 -0.002381798 -0.03497386 0.05174531 -0.0004998665 -0.03822197 0.03583166 -0.004160673 -0.02716834 0.0314982 -0.00257447 -0.02149116 0.03010465 -0.002542369 -0.02149116 0.04150884 -0.002542369 -0.03289535 0.04150884 -0.00257447 -0.0315018 0.02802614 -0.002381798 -0.02149116 0.02802614 -0.001054312 -0.01714503 0.02470551 -0.001911254 -0.02149116 0.04585497 -0.001054312 -0.03497386 0.03289522 -0.002542415 -0.02149116 0.04150884 -0.002542415 -0.03010478 0.03010465 -0.001103145 -0.01714503 0.04585497 -0.001103145 -0.03289535 0.03464514 -0.00241552 -0.02149116 0.04150884 -0.00241552 -0.02835486 0.03583166 -0.002281158 -0.02149116 0.04150884 -0.002281158 -0.02716834 0.0314982 -0.001112733 -0.01714503 0.04585497 -0.001112733 -0.0315018 0.03289522 -0.001103261 -0.01714503 0.04585497 -0.001103261 -0.03010478 0.03464514 -0.001064953 -0.01714503 0.04585497 -0.001064953 -0.02835486 0.03583166 -0.001023425 -0.01714503 0.04585497 -0.001023425 -0.02716834 0.04150884 -0.0007378352 -0.01714503 0.043852 -0.0005000137 -0.01131667 0.0440173 -0.0005000136 -0.01134466 0.04369321 -0.0005000077 -0.0112615 0.04585497 -0.0007378352 -0.02149116 0.04150884 -0.001351861 -0.02149116 0.05174531 -0.0005000071 -0.01932197 0.05169169 -0.0005000129 -0.01917904 0.05166146 -0.0005000148 -0.01903784 0.04585497 -0.0005573232 -0.01714503 0.04452197 -0.0004999666 -0.01125469 0.04437904 -0.0004999789 -0.01130831 0.04423784 -0.0004999953 -0.01133854 0.04411779 -0.0005000076 -0.01134799 0.05165201 -0.0005000104 -0.01891778 0.05165533 -0.0005000014 -0.0188173 0.05168333 -0.0004999824 -0.018652 0.05173851 -0.0004999674 -0.01849321 0.0141584 -0.0005900102 -0.03624741 0.01700849 -0.001026026 -0.03497386 0.01130831 -0.0004998876 -0.03752097 0.01125469 -0.0004998596 -0.03737803 0.01133854 -0.000499915 -0.03766216 0.01134799 -0.0004999256 -0.03778222 0.01134466 -0.0004999198 -0.0378827 0.01131667 -0.0004998928 -0.038048 0.02675756 -0.0005899436 -0.04884314 0.02802614 -0.001026026 -0.04599151 0.02491099 -0.0004998852 -0.05169464 0.02505431 -0.0004999111 -0.05166259 0.01413159 -0.0005887004 -0.03617595 0.02682664 -0.0005886321 -0.04886966 0.01409434 -0.0005865718 -0.03610958 0.02689042 -0.0005865718 -0.04890565 0.01409434 -0.000600817 -0.03351428 0.02948572 -0.000600817 -0.04890565 0.0112615 -0.0004998336 -0.03190679 0.01409434 -0.0006013096 -0.03247503 0.01131667 -0.0004998408 -0.031748 0.03107333 -0.0004998345 -0.05174751 0.03052497 -0.0006013096 -0.04890565 0.03121099 -0.0004998372 -0.05169464 0.03135431 -0.000499851 -0.05166259 0.03058899 -0.0006044868 -0.04886951 0.01413499 -0.0006048867 -0.03240107 0.03065782 -0.0006068463 -0.04884308 0.01416258 -0.0006073541 -0.03232167 0.03072948 -0.0006082865 -0.04882705 0.01416258 -0.0006071836 -0.0316249 0.01134466 -0.0004998561 -0.0315827 0.01134799 -0.0004998591 -0.03148222 0.020857 -0.001740096 -0.03829449 0.02470551 -0.001740096 -0.042143 0.03142626 -0.0006081346 -0.04882705 0.01417658 -0.0006084683 -0.03154225 0.0314991 -0.0006086292 -0.04882168 0.01417824 -0.000608622 -0.03149201 0.01417352 -0.000608188 -0.03143198 0.01133854 -0.0004998518 -0.03136216 0.03157207 -0.0006081311 -0.0488271 0.01417352 -0.0006083551 -0.03073347 0.03227058 -0.0006082996 -0.0488271 0.0141584 -0.0006069984 -0.03066287 0.0323421 -0.0006068602 -0.04884314 0.01413159 -0.0006046052 -0.0305914 0.03241118 -0.0006044944 -0.04886966 0.01125469 -0.0004998341 -0.03107803 0.01409434 -0.0006013314 -0.03052504 0.01130831 -0.000499838 -0.03122096 0.03247496 -0.0006013314 -0.04890565 0.020857 -0.001970793 -0.03663417 0.02636582 -0.001970793 -0.042143 0.01409434 -0.0006010876 -0.02965008 0.03334992 -0.0006010876 -0.04890565 0.01409434 -0.0005881924 -0.02705478 0.01700849 -0.0009966237 -0.02716834 0.03594522 -0.0005881924 -0.04890565 0.03583166 -0.0009966237 -0.04599151 0.01409434 -0.0005826921 -0.02646152 0.0112615 -0.0004998589 -0.02560679 0.01131667 -0.0004998862 -0.025448 0.03653848 -0.0005826921 -0.04890565 0.03737333 -0.0004998567 -0.05174751 0.03751099 -0.0004998783 -0.05169464 0.03660249 -0.0005846311 -0.04886951 0.01413499 -0.0005848539 -0.02638756 0.03667133 -0.0005858327 -0.04884308 0.01416258 -0.0005860297 -0.02630817 0.03674299 -0.0005862482 -0.04882705 0.01417658 -0.0005861805 -0.02622552 0.03681583 -0.0005858716 -0.04882168 0.01417824 -0.0005857722 -0.02617528 0.01417352 -0.0005848014 -0.02611525 0.01125469 -0.0004998793 -0.02477803 0.01130831 -0.0004998931 -0.02492096 0.01133854 -0.0004999115 -0.02506216 0.01134799 -0.0004999189 -0.02518221 0.01134466 -0.0004999132 -0.0252827 0.0368888 -0.0005847145 -0.0488271 0.03765431 -0.0004999047 -0.05166259 0.0290654 -0.004319115 -0.03663417 0.020857 -0.001683838 -0.02432975 0.03867025 -0.001683838 -0.042143 0.020857 -0.001245573 -0.02149116 0.04150884 -0.001245573 -0.042143 0.020857 -0.0009403533 -0.01931809 0.02636582 -0.003111364 -0.02432975 0.03867025 -0.003111364 -0.03663417 0.05169169 -0.0004998867 -0.03807904 0.04876915 -0.0005949833 -0.03626293 0.05166146 -0.0004999121 -0.03793784 0.05165201 -0.0004999247 -0.03781778 0.05165533 -0.0004999216 -0.0377173 0.05168333 -0.0004998939 -0.037552 0.05173851 -0.0004998617 -0.03739321 0.02675259 -0.0005948194 -0.01422667 0.02547904 -0.0004998873 -0.01130831 0.02562197 -0.0004998593 -0.01125469 0.02533784 -0.0004999148 -0.01133854 0.02521778 -0.0004999253 -0.01134799 0.0251173 -0.0004999196 -0.01134466 0.024952 -0.0004998925 -0.01131667 0.04879674 -0.0005936614 -0.03618354 0.02682405 -0.0005934758 -0.01419986 0.02689042 -0.0005912873 -0.01416262 0.04883738 -0.0005912873 -0.03610958 0.03867025 -0.002610831 -0.02432975 0.02948572 -0.0006062865 -0.01416262 0.04883738 -0.0006062865 -0.03351428 0.03109321 -0.0004998331 -0.0112615 0.03052497 -0.0006069402 -0.01416262 0.031252 -0.0004998407 -0.01131667 0.05174531 -0.0004998337 -0.03192197 0.04883738 -0.0006069402 -0.03247503 0.05169169 -0.000499838 -0.03177904 0.05166146 -0.0004998519 -0.03163784 0.04880014 -0.000610324 -0.03240866 0.03059893 -0.0006106364 -0.01420326 0.04877333 -0.0006127998 -0.03233719 0.03067833 -0.0006131881 -0.01423085 0.04875821 -0.0006142069 -0.03226659 0.0314173 -0.0004998564 -0.01134466 0.0313751 -0.000613062 -0.01423085 0.03151778 -0.0004998593 -0.01134799 0.05165201 -0.0004998593 -0.03151778 0.04875821 -0.000614096 -0.03156982 0.03145775 -0.0006143866 -0.01424485 0.04875349 -0.0006145449 -0.03150979 0.03150799 -0.000614545 -0.01424651 0.04875515 -0.0006143875 -0.03145955 0.03156802 -0.0006140976 -0.01424179 0.03163784 -0.0004998519 -0.01133854 0.04876915 -0.0006130646 -0.0313769 0.05165533 -0.0004998564 -0.0314173 0.05168333 -0.0004998406 -0.031252 0.03226653 -0.0006142247 -0.01424179 0.04876915 -0.0006132071 -0.03067839 0.03233713 -0.0006128191 -0.01422667 0.04879674 -0.0006106569 -0.03059899 0.0324086 -0.0006103446 -0.01419986 0.03192197 -0.0004998336 -0.01125469 0.03247496 -0.0006069617 -0.01416262 0.03177904 -0.0004998378 -0.01130831 0.05173851 -0.000499833 -0.03109321 0.04883738 -0.0006069617 -0.03052504 0.03334992 -0.0006065878 -0.01416262 0.04883738 -0.0006065878 -0.02965008 0.03867025 -0.001310966 -0.01931809 0.0436819 -0.001310966 -0.02432975 0.03594522 -0.0005929704 -0.01416262 0.04883738 -0.0005929704 -0.02705478 0.03739321 -0.0004998588 -0.0112615 0.03653848 -0.0005872465 -0.01416262 0.037552 -0.0004998861 -0.01131667 0.04883738 -0.0005872465 -0.02646152 0.05174531 -0.000499857 -0.02562197 0.05169169 -0.0004998801 -0.02547904 0.04880014 -0.0005892971 -0.02639515 0.03661243 -0.0005894691 -0.01420326 0.04877333 -0.0005905293 -0.02632369 0.03669183 -0.0005906738 -0.01423085 0.04875821 -0.0005908936 -0.02625309 0.03677448 -0.0005908214 -0.01424485 0.04875349 -0.0005905905 -0.02619306 0.03682472 -0.0005903958 -0.01424651 0.04875515 -0.0005899171 -0.02614282 0.03688475 -0.0005893895 -0.01424179 0.03822197 -0.0004998789 -0.01125469 0.03807904 -0.0004998928 -0.01130831 0.03793784 -0.0004999113 -0.01133854 0.03781778 -0.0004999188 -0.01134799 0.0377173 -0.0004999132 -0.01134466 0.04876915 -0.0005879873 -0.02606017 0.05166146 -0.0004999059 -0.02533784 0.05165201 -0.0004999182 -0.02521778 0.05165533 -0.0004999163 -0.0251173 0.05168333 -0.000499897 -0.024952 0.05173851 -0.0004998796 -0.02479321 0.01893274 -0.0008931713 -0.042143 0.020857 -0.0008931713 -0.04406726</float_array>
          <technique_common>
            <accessor count="1242" source="#cubeverts-array0-array" stride="3">
              <param type="float" name="X" />
              <param type="float" name="Y" />
              <param type="float" name="Z" />
            </accessor>
          </technique_common>
        </source>
        <source id="cubenormals-array0">
          <float_array count="7440" id="cubenormals-array0-array">-0.4914874 0 -0.8708847 -0.491687 3.358971e-05 -0.8707719 -0.3584176 0.000114535 -0.9335613 -0.3585231 0.0001311974 -0.9335209 -0.2187845 0.0001311861 -0.9757732 -0.2182586 5.217826e-05 -0.9758909 -0.07410693 9.138606e-05 -0.9972504 -0.07348308 0 -0.9972965 -0.07348309 -0 -0.9972965 -0.07410692 9.138233e-05 -0.9972503 -0.218779 0.0001303548 -0.9757745 -0.2182586 5.217614e-05 -0.975891 -0.3584263 0.0001159027 -0.933558 -0.3585145 0.000129831 -0.9335242 -0.4914761 0 -0.870891 -0.4916871 3.546708e-05 -0.8707719 -0.4914762 0 -0.870891 -0.4916871 3.547165e-05 -0.870772 -0.3584262 0.0001159176 -0.933558 -0.3585145 0.0001298611 -0.9335241 -0.2187789 0.000130385 -0.9757745 -0.2182586 5.219423e-05 -0.9758909 -0.0741069 9.141403e-05 -0.9972502 -0.07348308 0 -0.9972965 -0.07348308 -0 -0.9972965 -0.07410694 9.139768e-05 -0.9972503 -0.218779 0.0001303773 -0.9757745 -0.2182586 5.21849e-05 -0.975891 -0.3584263 0.0001159229 -0.933558 -0.3585145 0.0001298534 -0.9335241 -0.4914762 0 -0.870891 -0.491687 3.547327e-05 -0.870772 -0.4914762 0 -0.870891 -0.491687 3.54772e-05 -0.870772 -0.3584262 0.0001159358 -0.9335581 -0.3585145 0.0001298954 -0.9335242 -0.2187789 0.0001304194 -0.9757743 -0.2182586 5.221294e-05 -0.9758909 -0.07410689 9.144682e-05 -0.9972504 -0.07348307 0 -0.9972965 -0.07348404 -0 -0.9972964 -0.07410789 9.140818e-05 -0.9972503 -0.218779 0.0001303915 -0.9757743 -0.2182586 5.219113e-05 -0.975891 -0.3584263 0.0001159333 -0.933558 -0.3585145 0.0001298676 -0.9335241 -0.4914818 0 -0.8708879 -0.4916926 3.547293e-05 -0.8707688 -0.4914818 0 -0.8708879 -0.491687 3.453961e-05 -0.8707719 -0.3584219 0.0001152564 -0.9335597 -0.3585188 0.000130578 -0.9335225 -0.2187789 0.0001308342 -0.9757745 -0.2182586 5.262742e-05 -0.975891 -0.07410786 9.158441e-05 -0.9972503 -0.07348308 0 -0.9972965 -0.07348403 -0 -0.9972964 -0.0741079 9.139672e-05 -0.9972503 -0.2187818 0.0001307936 -0.9757739 -0.2182586 5.218458e-05 -0.9758909 -0.358422 0.0001152463 -0.9335597 -0.3585188 0.000130539 -0.9335225 -0.4914818 0 -0.8708878 -0.491687 3.453663e-05 -0.8707721 -0.4914818 0 -0.8708879 -0.491687 3.453505e-05 -0.8707719 -0.3584219 0.0001152411 -0.9335597 -0.3585188 0.0001305506 -0.9335225 -0.2187817 0.0001308052 -0.9757738 -0.2182586 5.219564e-05 -0.9758909 -0.07410788 9.14161e-05 -0.9972502 -0.07348403 0 -0.9972963 -0.07348308 -0 -0.9972965 -0.07410788 9.151993e-05 -0.9972503 -0.218779 0.0001307622 -0.9757745 -0.2182586 5.259037e-05 -0.9758911 -0.358422 0.0001152127 -0.9335597 -0.3585188 0.0001305061 -0.9335225 -0.4914818 0 -0.8708878 -0.491687 3.452653e-05 -0.870772 -0.4914818 0 -0.8708879 -0.4916898 3.499536e-05 -0.8707705 -0.3584241 0.0001155587 -0.9335589 -0.3585166 0.0001301737 -0.9335233 -0.2187789 0.000130562 -0.9757745 -0.2182586 5.238687e-05 -0.9758911 -0.07410788 9.145724e-05 -0.9972502 -0.07348356 0 -0.9972965 -0.7071068 0 0.7071068 -0.7071068 0 0.7071068 -0.5547002 0 0.8320504 -0.5547002 0 0.8320503 0.5547001 0 0.8320504 0.5547001 0 0.8320504 -0.5547 0 0.8320504 -0.5547 0 0.8320504 0.5547001 0 0.8320504 0.5547001 0 0.8320504 -0.5547 0 0.8320504 -0.5547 0 0.8320504 0.5547 0 0.8320504 0.5547 0 0.8320504 -0.8320504 -0 -0.5547 -0.8320504 0 -0.5547 -0.8320504 0 0.5547001 -0.8320505 0 0.5547 -0.8320504 -0 -0.5547 -0.8320504 0 -0.5547 -0.8320504 0 0.5547 -0.8320504 0 0.5547 -0.8320504 -0 -0.5547 -0.8320504 0 -0.5547001 -0.8320503 0 0.5547002 -0.8320503 0 0.5547002 -0.7071068 -0 -0.7071068 -0.7071068 0 -0.7071068 -0.8320504 -0 -0.5546999 -0.8320505 0 -0.5546999 -0.8320504 0 0.5547 -0.8320504 0 0.5547001 -0.8320504 -0 -0.5547 -0.8320504 0 -0.5547 -0.8320499 0 0.5547007 -0.83205 0 0.5547007 -0.8320504 -0 -0.5547 -0.8320504 0 -0.5547001 -0.8320504 0 0.5547 -0.8320504 0 0.5547001 0.5546995 0 -0.8320508 0.5546995 0 -0.8320507 -0.5546994 -0 -0.8320508 -0.5546995 0 -0.8320507 0.5546995 0 -0.8320508 0.5546994 0 -0.8320507 -0.5546995 -0 -0.8320508 -0.5546995 0 -0.8320508 0.5546995 0 -0.8320507 0.5546995 0 -0.8320508 -0.5547002 -0 -0.8320503 -0.5547002 0 -0.8320503 0.7071068 0 -0.7071068 0.7071068 0 -0.7071068 0.5546999 0 -0.8320506 0.5546999 0 -0.8320505 -0.5546994 -0 -0.8320507 -0.5546995 0 -0.8320507 0.5546995 0 -0.8320507 0.5546995 0 -0.8320507 -0.5547002 -0 -0.8320503 -0.5547002 0 -0.8320503 0.5546995 0 -0.8320508 0.5546994 0 -0.8320507 -0.5546995 -0 -0.8320508 -0.5546994 0 -0.8320507 0.8320508 0 0.5546995 0.8320508 0 0.5546995 0.8320508 0 -0.5546995 0.8320508 0 -0.5546995 0.8320503 0 0.5547002 0.8320503 0 0.5547002 0.8320507 0 -0.5546995 0.8320507 0 -0.5546994 0.8320508 0 0.5546995 0.8320508 0 0.5546995 0.8320504 0 -0.5546999 0.8320504 0 -0.5546999 0.7071068 0 0.7071068 0.7071068 0 0.7071068 0.8320503 0 0.5547002 0.8320503 0 0.5547002 0.8320507 0 -0.5546994 0.8320507 0 -0.5546995 0.8320508 0 0.5546994 0.8320508 0 0.5546995 0.8320509 0 -0.5546995 0.8320507 0 -0.5546995 0.8320508 0 0.5546995 0.8320507 0 0.5546995 0.8320507 0 -0.5546995 0.8320507 0 -0.5546995 -0.5547 0 0.8320504 -0.5547 0 0.8320504 0.5547 0 0.8320504 0.5547 0 0.8320504 -0.5547007 0 0.83205 -0.5547007 0 0.8320499 0.5547 0 0.8320504 0.5547 0 0.8320504 -0.5547 0 0.8320504 -0.5547 0 0.8320504 0.5546999 0 0.8320504 0.5546999 0 0.8320505 8.289211e-05 1 0.0001046566 -0.0003001861 1 -1.468244e-05 -1.369917e-05 0.9999999 -0.0002832732 -0.000227516 0.9999999 -1.266561e-05 -4.832439e-05 1 -2.646428e-06 -0.0001455088 1 -1.163644e-05 -0.0002237865 1 -1.287709e-05 -1.366446e-05 1 -0.0001917889 -1.19577e-05 1 -0.0002150281 -0.0001155864 1 -1.408155e-05 -1.193296e-05 1 -0.0001014007 -2.021199e-05 1 -6.017426e-06 -2.029239e-05 1 1.202724e-05 -6.017411e-06 1 -8.429415e-05 2.615745e-05 1 -6.017426e-06 -7.112906e-06 1 8.351145e-06 -6.01741e-06 1 2.615746e-05 8.35114e-06 1 -7.112922e-06 0.0004095632 0.9999999 0.0003026508 -0.001616299 0.9999987 -4.97224e-05 -4.678441e-05 0.9999987 -0.001563877 -0.001318806 0.9999991 -4.146601e-05 -0.0004211906 0.9999999 4.319838e-06 -0.0008840478 0.9999996 -3.849662e-05 -0.001264758 0.9999992 -4.453068e-05 -4.662351e-05 0.9999993 -0.001139638 -4.053632e-05 0.9999993 -0.001222521 -0.0007510051 0.9999996 -5.175153e-05 -4.04188e-05 0.9999998 -0.000682827 -0.0002742842 0.9999999 -1.144382e-05 -8.216393e-05 1 -1.144382e-05 -1.144383e-05 0.9999998 -0.0005920776 -1.144384e-05 1 -8.216407e-05 -8.238456e-05 1 -0.0001134015 7.56735e-07 1 2.436734e-05 2.436733e-05 1 7.56678e-07 0.001003641 0.9999989 0.001113991 -0.003157578 0.9999951 -9.390939e-06 -7.104922e-06 0.9999952 -0.00310463 -0.0005079965 0.9999998 9.570987e-05 -0.001543659 0.9999988 -9.440627e-08 -0.002424681 0.9999971 -1.40582e-05 -0.002720782 0.9999963 2.731655e-06 -6.838578e-06 0.9999971 -0.002402513 -1.066963e-05 0.9999973 -0.00235035 -0.00152233 0.9999987 -7.67359e-05 -1.049176e-05 0.9999989 -0.001533601 -0.0007043675 0.9999998 -7.575482e-06 -7.575493e-06 0.9999995 -0.001035059 -8.646272e-05 0.9999999 -0.0005027633 0.001222178 0.9999983 0.001423022 -0.003628071 0.9999934 9.442606e-06 1.419436e-05 0.9999938 -0.003529726 -0.0005116683 0.9999999 0.0001392306 -0.001746994 0.9999985 2.495636e-05 -0.002781374 0.9999961 8.561857e-06 -0.003070037 0.9999953 2.493008e-05 1.250961e-05 0.9999964 -0.002695809 1.450047e-05 0.9999963 -0.002722916 -0.001754901 0.9999984 -7.213062e-05 1.270271e-05 0.9999983 -0.001809333 -0.0009081663 0.9999996 -5.37269e-07 -5.37268e-07 0.9999993 -0.001175507 -6.711955e-05 0.9999998 -0.0007262391 0.0006172438 0.9999995 0.0008598554 -0.001587096 0.9999987 3.176268e-05 3.334017e-05 0.9999988 -0.001549122 -0.001365878 0.9999991 3.790218e-05 -7.894144e-05 1 9.153897e-05 -0.0006801033 0.9999997 3.592853e-05 -0.001188863 0.9999993 2.786495e-05 3.346442e-05 0.9999993 -0.001221603 2.841729e-05 0.9999993 -0.001152881 -0.000757424 0.9999996 -2.380904e-05 2.848759e-05 0.9999996 -0.0008301149 -0.0004227759 0.9999998 4.486198e-06 4.48619e-06 0.9999999 -0.0004423833 -4.611808e-06 1 -0.0003809941 -1.132e-05 1 -2.180084e-05 -7.218754e-05 1 4.4862e-06 4.486189e-06 1 -7.218762e-05 -2.180085e-05 1 -1.131997e-05 0.0001281598 1 0.0001894195 -0.0002928363 1 1.295373e-05 1.297066e-05 0.9999999 -0.0002898632 3.254992e-06 1 2.405515e-05 -0.0001151329 1 1.310365e-05 -0.0002164069 1 1.149851e-05 -0.0002587529 0.9999999 1.389966e-05 1.299333e-05 1 -0.0002300961 1.150424e-05 1 -0.0002098205 -0.0001324689 1 9.809037e-07 1.151811e-05 1 -0.0001461157 -6.241736e-05 1 6.903904e-06 2.943689e-05 1 6.903905e-06 6.903923e-06 1 2.943696e-05 6.903922e-06 1 -6.82746e-05 4.670875e-06 1 -5.320703e-05 -6.328339e-06 1 -8.542123e-06 -8.542123e-06 1 -6.328329e-06 -1.433833e-05 1 0.0002926561 0.0002827452 1 -1.350162e-05 0.0002509608 0.9999999 -1.438401e-05 -1.252414e-05 0.9999999 0.0002272877 -2.57529e-06 1 4.899786e-05 -1.14594e-05 1 0.0001450371 -1.271085e-05 1 0.000223995 0.0002044125 1 -1.174471e-05 -1.383348e-05 1 0.000115219 0.0001016275 1 -1.337397e-05 -5.802503e-06 1 2.023644e-05 -1.793217e-05 1 -2.443414e-05 0.000124386 1 -2.386304e-07 5.858122e-05 1 -5.802518e-06 -5.802504e-06 1 -2.59227e-05 8.345442e-06 1 6.836836e-06 -2.592276e-05 1 -5.802519e-06 6.836827e-06 1 8.345442e-06 -5.013929e-05 0.9999987 0.001621597 0.00160189 0.9999987 -4.525727e-05 0.00139431 0.999999 -5.102014e-05 -4.19011e-05 0.9999991 0.001324758 4.045042e-06 0.9999999 0.0004236805 -3.889681e-05 0.9999996 0.0008878906 -4.496462e-05 0.9999992 0.001270731 0.001205608 0.9999992 -4.032058e-05 -5.208355e-05 0.9999998 0.0007538309 0.0006899468 0.9999998 -4.84945e-05 -1.157815e-05 0.9999999 0.000274773 -1.157815e-05 1 8.254068e-05 8.179995e-05 1 -0.000104753 0.0007878694 0.9999996 1.528587e-05 0.0004701441 0.9999998 -1.157813e-05 2.445346e-05 1 -8.903736e-07 -5.493784e-05 1 -1.157814e-05 2.849327e-05 1 2.445346e-05 -9.514496e-06 0.999995 0.003171768 0.003235727 0.9999948 3.717532e-07 0.002661332 0.9999964 -1.55744e-05 9.607357e-05 0.9999998 0.0005093512 -1.955771e-07 0.9999988 0.001550042 -1.41932e-05 0.999997 0.002433198 2.710067e-06 0.9999962 0.002731299 0.002473925 0.9999969 -4.948279e-06 -7.7077e-05 0.9999987 0.00152783 0.001559932 0.9999987 -1.943633e-05 -7.521768e-06 0.9999998 0.0007051986 0.0004549715 0.9999999 -0.0001216542 0.001510397 0.9999989 5.77788e-05 0.0007380763 0.9999996 -7.521755e-06 9.392295e-06 0.9999933 0.003644485 0.003634755 0.9999934 2.00982e-05 0.003066477 0.9999953 4.321565e-06 0.0001398881 0.9999998 0.0005112933 2.516879e-05 0.9999984 0.00175143 8.698445e-06 0.9999961 0.002790594 2.507501e-05 0.9999953 0.003079407 0.002809141 0.9999961 1.891278e-05 -7.247161e-05 0.9999984 0.001760402 0.001837283 0.9999983 3.507508e-06 -5.641316e-07 0.9999996 0.0009099505 0.001749136 0.9999984 7.842939e-05 0.0008148663 0.9999996 -5.641326e-07 0.0006772153 0.9999998 -0.000103808 3.211887e-05 0.9999988 0.001588879 0.001606665 0.9999987 3.70363e-05 0.001314103 0.9999991 2.891427e-05 3.814932e-05 0.999999 0.001371592 9.199249e-05 1 7.933121e-05 3.616868e-05 0.9999997 0.0006827977 2.806919e-05 0.9999993 0.001193822 0.001246265 0.9999992 3.276075e-05 -2.382992e-05 0.9999996 0.0007606043 0.0008474433 0.9999996 2.643892e-05 4.593644e-06 1 -2.857843e-05 4.593644e-06 0.9999998 0.0004244378 0.0003638893 0.9999999 -1.829373e-05 0.0007326883 0.9999998 4.440592e-05 0.0002618224 0.9999999 4.593652e-06 -2.857849e-05 1 4.593653e-06 -2.191568e-05 1 3.280377e-05 3.280383e-05 1 -2.191567e-05 1.267151e-05 1 0.0002932668 0.0003056483 1 1.362047e-05 0.000239156 0.9999999 1.177452e-05 1.366741e-05 0.9999999 0.0002573827 2.383285e-05 1 -3.257766e-06 1.287659e-05 1 0.0001151824 1.128791e-05 1 0.0002154182 0.0002307265 1 1.225248e-05 7.696692e-07 1 0.000132401 0.0001498446 1 1.09704e-05 6.662151e-06 1 6.271069e-05 6.662151e-06 1 -2.91838e-05 4.988018e-05 1 1.722904e-06 0.00012477 1 1.445494e-05 3.260322e-05 1 6.662134e-06 -2.918381e-05 1 6.662133e-06 -8.552572e-06 1 6.045816e-06 6.045831e-06 1 -8.552567e-06 -0.002129571 0.9999515 -0.009613009 -0.000707482 0.9999583 -0.009102223 0.00054587 0.9999622 -0.008683424 -0.008726755 0.9999619 -0.0004764876 0.001748869 0.9999639 -0.00831315 0.002976855 0.9999638 -0.007968111 -0.0004764893 0.9999619 -0.008726755 0.004311861 0.9999616 -0.007628464 -0.004555001 0.9999744 -0.005526662 -0.005085635 0.9999742 -0.005085637 -0.005526643 0.9999744 -0.004555039 -0.007633704 0.9999617 0.004289041 -0.007985826 0.9999639 0.00291046 -0.008336888 0.9999638 0.001669387 -0.008673468 0.9999622 0.0005811275 -0.00898307 0.9999596 -0.0003542295 -0.009414383 0.9999544 -0.001591761 -0.06653841 0.9970828 0.03739595 -0.04432414 0.9987211 -0.02432496 -0.06620033 0.9978063 2.431462e-05 2.430674e-05 0.9978064 -0.06620032 0.03761002 0.9970747 -0.06654005 -0.02476794 0.9987277 -0.04392554 -0.00613235 0.9412134 -0.3377568 -0.2858961 0.9340915 -0.213861 -0.2138608 0.9340915 -0.2858964 -0.3375524 0.9406436 -0.03532464 -0.3424301 0.9395233 -0.006121341 -0.03526128 0.9389567 -0.3422235 -0.3422235 0.9389564 0.0352685 -0.3377293 0.9412239 0.006039072 0.03526856 0.9389565 -0.3422234 0.00603908 0.941224 -0.3377292 -0.314846 0.9417319 -0.1183767 -0.2888383 0.9437044 -0.1612282 -0.1183768 0.9417318 -0.3148463 -0.1612283 0.9437042 -0.2888386 -0.03857364 0.9992558 -2.178657e-05 -0.03225455 0.9993163 0.01806998 -0.03424024 0.9993316 0.0128044 -0.03628753 0.9993113 0.007755267 -2.178264e-05 0.9992558 -0.03857364 0.008087565 0.9993137 -0.03614751 0.01306569 0.9993317 -0.03413873 0.01815452 0.9993157 -0.03222502 -0.3190113 0.9475465 0.01968036 -0.3356648 0.9354705 0.1105631 0.01968018 0.9475465 -0.3190112 0.1105629 0.9354705 -0.3356647 -0.3166987 0.9472736 -0.04873158 -0.3218317 0.94613 -0.03553066 -0.03553065 0.9461299 -0.321832 -0.04873157 0.9472734 -0.3166991 -0.183182 0.9690384 -0.1655564 -0.1655566 0.9690384 -0.1831818 -0.3150623 0.942511 0.1113953 -0.3168345 0.9478126 0.03560117 -0.3216525 0.9456033 0.04872573 0.04872579 0.9456031 -0.3216529 0.0356012 0.9478124 -0.3168348 0.111395 0.9425108 -0.3150626 -0.1893451 0.9806139 -0.05044675 -0.1854496 0.9810339 -0.05639954 -0.05639954 0.9810339 -0.1854494 -0.05044674 0.9806139 -0.1893449 -0.2941895 0.9436101 0.1518305 0.1518301 0.94361 -0.2941898 -0.009317278 0.9999565 0.0005091745 -0.02259476 0.9989691 0.03936969 -0.00972902 0.9999523 0.0008022215 -0.009408152 0.9999557 -0.000222414 -0.009054958 0.999958 -0.001418733 -0.00865904 0.9999583 -0.002914109 -0.008276382 0.9999554 -0.004545141 -0.005837416 0.9999714 0.004808574 -0.005362497 0.9999713 0.005363086 -0.0004979896 0.9999584 0.009113098 -0.004795879 0.9999715 0.005822395 0.004491749 0.9999579 0.007994805 0.003049043 0.9999604 0.008354761 0.001750244 0.9999605 0.008713585 0.0006113722 0.9999588 0.009057524 -0.0003671655 0.9999561 0.009373799 -0.001659331 0.9999505 0.009813542 -0.003617641 0.999938 0.0105323 0.0005091781 0.9999565 -0.009317276 0.01066223 0.9999353 -0.003955428 0.009979383 0.999948 -0.002118973 0.009512397 0.9999545 -0.0007826342 0.00918355 0.9999578 0.0002158984 0.008820515 0.9999602 0.001380117 0.008411843 0.9999606 0.002829448 0.008014579 0.9999582 0.004403576 0.00582236 0.9999715 -0.004795912 0.00536309 0.9999713 -0.005362501 0.004808606 0.9999714 -0.005837382 -0.004664136 0.9999551 -0.008251887 0.03936965 0.9989681 -0.02264602 -0.003213857 0.999958 -0.008586581 -0.001881019 0.9999583 -0.008929185 -0.0005845894 0.9999566 -0.009297051 0.0007615006 0.9999525 -0.009714375 0.009113097 0.9999584 -0.0004979932 -0.0572958 0.9966237 -0.05880753 -0.05880753 0.9966237 -0.0572958 -0.1834429 0.9705469 0.1561647 -0.1854839 0.9813454 0.05056747 -0.1892841 0.9802977 0.056462 -0.05880717 0.9966177 0.05740198 0.05740206 0.9966177 -0.05880717 0.05646208 0.9802977 -0.1892839 0.05056755 0.9813454 -0.1854837 -0.273281 0.9460893 0.173875 -0.2896382 0.9290117 0.2303194 0.1738753 0.9460891 -0.2732813 0.2303197 0.9290116 -0.2896385 -0.05728829 0.9966177 0.0589171 0.0589116 0.9965234 0.05891152 0.05891718 0.9966177 -0.05728829 -0.169216 0.9702836 0.1729616 0.1725306 0.9678675 -0.1829363 0.1565564 0.9729832 -0.1696867 0.05739931 0.9966999 0.05739923 -0.1659332 0.9514601 0.2592101 -0.1538372 0.959062 0.2377694 0.2377698 0.9590619 -0.1538371 0.2592104 0.95146 -0.165933 -0.0506676 0.9635964 0.2625164 -0.05646189 0.9822409 0.1789267 -0.05169652 0.9831644 0.1752578 0.2625168 0.9635962 -0.0506676 0.1752574 0.9831644 -0.05169652 0.1789263 0.982241 -0.05646187 -0.2689972 0.9312587 0.2457592 -0.04635747 0.9625201 0.2672189 0.2672193 0.9625201 -0.04635747 0.05660493 0.9829063 0.1751887 0.05174905 0.9824921 0.1789725 0.05068643 0.9623175 0.2671627 0.267163 0.9623174 0.05068635 0.1751883 0.9829063 0.05660488 0.1789721 0.9824923 0.05174899 0.04648537 0.9638017 0.2625363 0.2625367 0.9638016 0.04648529 0.1732188 0.9718564 0.1596573 0.2595802 0.952948 0.1565511 0.159657 0.9718563 0.1732192 -0.1325684 0.9355366 0.3274092 0.1572874 0.9574319 0.2420433 0.144166 0.9547656 0.2600749 0.2425096 0.9592749 0.1448472 -0.04595778 0.9985768 0.02705932 2.440007e-05 0.9976684 0.06824679 -0.02527088 0.9986197 0.04604436 0.03854327 0.9969006 0.06858306 0.2228301 0.9652148 -0.1367741 0.06824677 0.9976684 2.440008e-05 0.06857702 0.9969321 0.03773108 0.04573008 0.998625 -0.02562878 0.02714653 0.9985744 -0.04595767 -0.1482653 0.9243255 0.3516247 -0.07272377 0.9413681 0.3294501 0.3551947 0.93371 -0.04496992 0.2206537 0.9456034 0.239053 0.2390534 0.9456033 0.2206533 0.04494131 0.9317879 0.3602107 -0.04487747 0.9317905 0.3602117 -0.02152506 0.9344391 0.3554721 0.3604918 0.932515 -0.02148074 0.3602107 0.9317878 0.04494125 -0.07368283 0.9537824 0.2913243 -0.1342947 0.9477187 0.2894722 -0.04292088 0.9734738 0.2247368 0.291859 0.955533 -0.04212991 0.02144118 0.9344576 0.3554282 0.3554282 0.9344576 0.02144115 -0.02186227 0.9490761 0.3142876 -0.02229735 0.9490669 0.3142845 0.2920446 0.9561409 -0.02246352 0.3135207 0.9467604 -0.07314023 0.0676229 0.932533 0.3546962 0.1408258 0.9326448 0.3321774 0.2146946 0.9200657 0.3276971 0.3546962 0.9325329 0.06762304 0.3321773 0.9326447 0.1408261 0.1068859 0.943889 0.3124884 0.3336281 0.936718 0.1060736 0.3068502 0.9268583 0.2162793 -0.006521556 0.9478074 0.3187769 0.3187078 0.9476017 -0.02182831 0.314356 0.9492828 -0.006531708 0.02177668 0.9490824 0.3142744 0.006426615 0.9478079 0.3187771 0.3187771 0.947808 0.006426607 0.3142744 0.9490824 0.02177665 0.06908339 0.9526726 0.2960448 0.02077707 0.9491026 0.3142811 0.3142811 0.9491025 0.02077712 0.2960448 0.9526725 0.06908353 0.1081386 0.9549523 0.2763552 0.03340399 0.9544211 0.2965881 0.2763552 0.9549523 0.1081384 0.2965882 0.9544212 0.03340394 0.01873853 0.9992649 0.03344554 0.01326357 0.999283 0.03546255 0.008023465 0.999263 0.03753751 -2.18985e-05 0.9992058 0.03984822 0.03984822 0.9992058 -2.189849e-05 0.03817369 0.9992502 0.006466841 0.03579069 0.9992824 0.01239761 0.03355731 0.9992672 0.01841163 0.04109083 0.9893305 0.1397738 0.009722285 0.9999526 0.0005317029 0.0005316995 0.9999526 0.009722285 0.04148686 0.9988654 0.02338249 0.1397738 0.9893305 0.04109083 0.0008351546 0.9999482 0.01014146 -0.0002352572 0.9999518 0.009814165 0.02301317 0.9988739 0.04148722 -0.00148641 0.9999542 0.009453472 -0.003049856 0.9999544 0.009049224 -0.004755256 0.9999512 0.008658411 0.005060134 0.9999683 0.006145617 0.005651592 0.9999681 0.005651592 0.006145651 0.9999683 0.005060093 0.008639165 0.9999509 -0.004850841 0.00899299 0.9999542 -0.003287524 0.009347608 0.9999546 -0.00188513 0.009688874 0.9999528 -0.0006597061 0.01000344 0.9999499 0.0003900713 -0.04139081 0.9990246 0.01538719 -0.03646214 0.9993059 0.007627065 -0.03344122 0.9994374 0.002526538 -0.03148909 0.9995036 -0.001011058 -0.0295184 0.9995525 -0.004832355 -0.0274758 0.9995788 -0.009343742 -0.06630354 0.9964181 0.05248644 -0.1328212 0.9902669 -0.0415923 -0.01019109 0.9995825 -0.02703687 -0.00624199 0.9995659 -0.02879321 -0.002190203 0.9995226 -0.03082076 0.002379956 0.9994408 -0.03335243 0.008066563 0.9992907 -0.03678332 0.01594156 0.9989957 -0.04187335 0.05185283 0.9964494 -0.06633138 -0.04159164 0.9902521 -0.1329321 -0.1372997 0.9900247 -0.0316232 -0.0335971 0.9900755 -0.1364616 -0.02360971 0.9995973 -0.01574509 -0.02451873 0.9996094 -0.01341354 -0.1329085 0.9902325 -0.04212926 -0.07390019 0.9972206 -0.00947886 -0.03430123 0.999378 0.008191096 -0.04287187 0.9902393 -0.1326201 0.009126343 0.9993612 -0.0345517 -0.01574505 0.9995973 -0.0236097 -0.01372735 0.9996081 -0.02439635 -0.009320981 0.9972443 -0.07359977 -0.0259569 0.9995131 0.0173109 -0.02144148 0.9997551 -0.0054875 -0.02360779 0.9997212 -7.570726e-06 -0.1551444 0.9876461 -0.02203195 -0.147043 0.9891152 -0.0054291 -0.005487508 0.9997551 -0.02144148 0.01731087 0.9995131 -0.02595689 -0.005429107 0.9891152 -0.1470431 -7.570738e-06 0.9997212 -0.02360779 -0.02203196 0.987646 -0.1551444 -0.03215921 0.9993165 0.01823496 -0.03328576 0.9993682 0.0124603 -0.03457373 0.9993755 0.007305578 -0.03486032 0.9993921 -0.0004737372 0.007635396 0.9993762 -0.03448075 0.0127369 0.9993667 -0.0332256 0.01833212 0.9993151 -0.03214514 -0.0004737363 0.9993921 -0.0348603 -0.0004722381 0.9962317 -0.08673005 0.001953942 0.9870909 -0.1601489 -0.160165 0.9870881 0.002031919 -0.08675338 0.9962296 -0.0004722382 0.02610705 0.9873906 -0.156135 -0.001626048 0.9964051 -0.08470072 -0.08482854 0.9963943 -0.001560599 -0.1562386 0.9873893 0.02553083 0.01557548 0.9872904 -0.1581617 -0.00642816 0.9866216 -0.1628999 -0.000584318 0.9962171 -0.08689807 -0.08702902 0.9962056 -0.0005301904 -0.1583021 0.9872783 0.01490168 -0.1629246 0.9866176 -0.006428137 -0.2593456 0.9303117 -0.2593455 0.0002172704 0.9960345 -0.08896747 0.002784548 0.9992651 -0.03822817 0.0002151581 0.986351 -0.164656 -0.004245614 0.9992669 -0.03804955 -0.0382563 0.9992636 0.002949781 -0.1646713 0.9863486 0.0002131332 -0.03808336 0.9992655 -0.004260567 -0.08897619 0.9960338 0.000215226 -0.1647992 0.98631 0.005812869 0.005485805 0.9863145 -0.1647838 -0.1647788 0.9863275 -0.002456284 -0.0916732 0.9957891 -8.734471e-06 -3.212912e-05 0.9992662 -0.03830187 -0.002760602 0.9992651 -0.03823233 -0.005465923 0.986314 -0.1647872 -1.243133e-05 0.9957918 -0.09164426 -0.03825515 0.9992635 0.003011254 -0.09135499 0.9958184 -1.764092e-05 -0.03804331 0.9992753 -0.001229972 -0.03796944 0.9992588 -0.006338038 -0.1649138 0.9862272 -0.01262633 -0.0002378546 0.9863508 -0.1646574 0.006330267 0.9866201 -0.1629135 -0.1625389 0.9866819 0.006330654 -0.164399 0.9863939 -0.0002639577 -0.01556416 0.9872847 -0.1581982 -0.1565919 0.9873781 -0.02373959 -0.02614035 0.9873853 -0.1561632 -0.08522438 0.9963608 0.001335257 -0.03348239 0.9993721 -0.01158753 -0.03221821 0.9993209 -0.01788136 -0.08879682 0.9960497 -0.000266542 -0.03752288 0.9992883 0.003862673 0.0005570452 0.9962146 -0.08692624 -0.0183477 0.9993146 -0.03215073 -0.01274318 0.9993663 -0.03323388 -0.007618153 0.9993758 -0.03449471 0.004217824 0.9992669 -0.03805092 -0.0002401895 0.996033 -0.08898424 0.001607457 0.9964041 -0.08471303 -0.3381513 0.9337438 -0.1173726 -0.3352973 0.9343593 -0.1206171 -0.2957427 0.931174 -0.2131931 -0.2661601 0.9547564 -0.1326609 -0.2145584 0.9674172 -0.1344201 -0.2546913 0.9661705 -0.04058024 -0.2471379 0.9687393 -0.02161019 -0.1326609 0.9547565 -0.26616 -0.1173728 0.9337438 -0.3381509 -0.2131929 0.9311741 -0.2957424 -0.1344201 0.9674172 -0.2145584 -0.120617 0.9343593 -0.3352972 -0.02161021 0.9687393 -0.2471379 -0.04058019 0.9661705 -0.2546914 -0.0871342 0.9961965 0.0002776312 -0.02677995 0.9994818 -0.01786214 -0.1565409 0.9874585 0.02050932 -0.1601319 0.9870915 -0.002885944 -0.03483963 0.9993929 0.000278522 -0.0178621 0.9994818 -0.02677993 0.0002785214 0.9993929 -0.03483961 0.02050929 0.9874585 -0.1565409 -0.00256681 0.9871001 -0.1600835 0.0002776327 0.9962038 -0.08705069 -0.02335112 0.9996059 0.01557773 -0.1374619 0.9899576 0.03298864 -0.02065609 0.9997866 -5.403535e-07 -0.1497948 0.9887049 0.004912542 -0.02280484 0.9997277 0.00496731 0.01557771 0.999606 -0.02335112 0.004912542 0.9887049 -0.1497949 -5.403527e-07 0.9997867 -0.0206561 0.0329887 0.9899576 -0.1374619 0.00496731 0.9997277 -0.02280484 -0.02616646 0.9996147 0.009267713 -0.02501005 0.9995887 0.01403247 -0.02629094 0.9996073 0.009701905 0.00991178 0.9996069 -0.02622397 0.01410446 0.9995881 -0.02499254 0.009267743 0.9996147 -0.02616643 0.009248246 0.9975117 -0.0698925 -0.06989007 0.9975118 0.009248217 0.0151232 0.9902882 -0.1382044 0.009218506 0.9975501 -0.06934582 0.00981307 0.9974359 -0.07088931 -0.06927178 0.9975553 0.009213537 -0.1382001 0.9902871 0.01522991 0.02458997 0.9904798 -0.1354444 -0.1356301 0.9904691 0.02399018 -0.1382963 0.9902674 0.01564125 0.01535365 0.9902601 -0.1383807 -0.1408486 0.9899978 0.008120861 -0.07230338 0.9973276 0.01048333 -0.01341864 0.999291 -0.03517758 -0.007150094 0.9994442 -0.03255818 -0.002206933 0.9995256 -0.03071794 0.0474174 0.9908631 -0.1262617 0.002082632 0.9995675 -0.0293353 0.006147692 0.9995822 -0.02823851 0.01043027 0.9973359 -0.07219601 0.01046099 0.9973053 -0.07261304 0.01046122 0.9973475 -0.07203164 0.0008103807 0.9995674 -0.02939639 -0.009953815 0.999399 -0.03320418 0.005198088 0.9898736 -0.1418561 -0.02221562 0.9989844 -0.03919898 -0.07181932 0.9973642 0.01033538 -0.03294745 0.9994026 -0.01042846 -0.02807858 0.9995887 0.005830059 -0.02901191 0.9995767 0.002179713 -0.02995445 0.9995508 -0.0009720539 -0.0313666 0.9994944 -0.00519748 -0.03388007 0.9993579 -0.01166267 -0.03790516 0.9990628 -0.02089875 -0.07239264 0.9973221 0.01038826 -0.02865608 0.9995849 0.002993132 -0.1444979 0.9895028 -0.00215483 -0.07112793 0.9974124 0.01045143 -0.1254061 0.9909714 0.04742259 -0.07225742 0.997332 0.01038621 -0.294075 0.9400387 0.1727632 -0.3154228 0.9368878 0.1508303 -0.1989726 0.9794614 0.03263886 -0.2382742 0.9390491 0.247815 -0.2089051 0.9768181 0.04674529 0.04674529 0.9768181 -0.2089051 0.1727634 0.9400389 -0.2940747 0.03263891 0.9794614 -0.1989725 0.1508304 0.9368878 -0.3154227 -0.04565613 0.9920225 0.1175031 -0.1325174 0.979574 0.1512414 -0.1685012 0.9741589 0.1504053 -0.1339574 0.9902184 0.03902481 -0.1661942 0.9608212 0.2218158 0.1175031 0.9920225 -0.04565613 0.03902481 0.9902184 -0.1339574 0.2218158 0.9608211 -0.1661941 0.1512413 0.979574 -0.1325174 0.1504052 0.9741589 -0.1685012 0.3189601 0.9383936 -0.1329734 0.3526902 0.9271263 -0.1266746 0.3258783 0.9334791 -0.1497335 0.2545393 0.9290794 -0.268368 0.2410577 0.9394799 -0.2434515 0.2539361 0.9362954 -0.2426262 0.288494 0.9546372 -0.07374879 -0.004983315 0.9995251 0.03041004 -0.009646725 0.9995516 0.02834806 -0.04363422 0.989653 0.1366862 0.05542867 0.9961224 0.06832126 0.01571823 0.9989824 0.0422735 0.007822816 0.9992707 0.03737655 0.002598153 0.9994063 0.03435548 -0.001041028 0.9994746 0.03239498 0.02801393 0.9995543 -0.01031364 0.02981319 0.9995363 -0.006189308 0.03166636 0.9994957 -0.002403413 0.03350624 0.9994379 0.00105103 0.03630212 0.999323 0.005985138 0.04139237 0.9990416 0.01422654 0.1367765 0.9896405 -0.04363373 0.06826475 0.9961482 0.05503347 -0.03268568 0.9894 0.1414894 0.1408441 0.9894395 -0.0342404 -0.01387625 0.9995821 0.02536099 -0.01629762 0.9995685 0.02443852 0.008416314 0.9993442 0.0352171 -0.009874695 0.9970436 0.07620102 -0.04355783 0.9896059 0.1370509 0.035412 0.9993309 0.009151988 0.02443852 0.9995685 -0.0162976 0.02526536 0.999581 -0.01412732 0.07599816 0.9970601 -0.009768222 0.1368262 0.9896107 -0.04414993 0.1999158 0.9301633 0.3079444 0.3079444 0.9301633 0.1999159 0.01793323 0.9994776 0.02689013 -0.02318642 0.9869089 0.1596032 -7.519585e-06 0.9996999 0.02449531 -0.00577785 0.9997357 0.02225011 -0.005712761 0.9884734 0.1512867 0.02449531 0.9996999 -7.519573e-06 0.02225012 0.9997357 -0.005777841 0.02689013 0.9994776 0.0179332 0.1596033 0.9869089 -0.02318638 0.1512868 0.9884734 -0.005712752 0.01883091 0.9992705 0.03322429 0.01286138 0.9993267 0.03436168 0.007536386 0.9993355 0.03566046 -0.0006285858 0.9993526 0.03596974 0.03596972 0.9993526 -0.0006285869 0.03455235 0.9993313 0.01195765 0.03327671 0.9992757 0.01845996 -0.0006264755 0.9959978 0.08937507 0.001947064 0.9863377 0.1647239 0.0894345 0.9959925 -0.0006264733 0.1647673 0.98633 0.002161841 0.02613713 0.9866444 0.1607778 -0.001674577 0.9961611 0.08752237 0.08792204 0.9961263 -0.001464392 0.1611044 0.986639 0.02426957 0.1670961 0.9859173 -0.006783774 0.01520631 0.9865337 0.1628498 -0.0006353858 0.995965 0.08974048 -0.006783329 0.9858493 0.1674968 0.09158833 0.995797 0.0001803341 0.03917462 0.9992316 0.001265678 0.039097 0.9992141 0.006527998 0.1690031 0.9856155 0.0001784902 0.0386495 0.9992444 -0.004093498 0.00303808 0.9992193 0.03939096 0.0001567301 0.9855685 0.1692768 0.0001583533 0.9957762 0.09181277 -0.004469227 0.9992208 0.03921513 0.1695119 0.9854435 0.01291947 0.005961512 0.9855283 0.1694059 0.1693842 0.9855471 0.002486702 -9.46646e-06 0.9955274 0.09447289 -0.002520756 0.9855466 0.1693857 0.09416092 0.995557 -6.303878e-06 0.1694094 0.9855276 -0.005981795 0.03939336 0.9992192 -0.003037457 0.09453674 0.9955214 -1.683755e-05 0.03939173 0.9992189 -0.003130876 0.003108459 0.9992191 0.03938968 -0.001267141 0.9992316 0.03917634 -0.006528063 0.9992139 0.039102 -0.01294181 0.9854419 0.1695195 -1.778493e-05 0.9955556 0.09417585 0.1692769 0.9855685 -0.0001793848 0.1675084 0.9858479 0.006684546 0.00668501 0.9859158 0.167109 -0.0002010086 0.9856155 0.1690032 0.162878 0.9865286 -0.01522763 -0.02429287 0.9866338 0.1611323 0.1608041 0.9866394 -0.02616945 0.004063085 0.9992446 0.03864927 -0.01195959 0.9993311 0.03455975 -0.01846529 0.9992753 0.03328356 -0.0002030846 0.9957957 0.09160234 0.001448877 0.9961265 0.08791988 0.03323111 0.9992701 -0.01883606 0.03436881 0.9993264 -0.01286438 0.03566795 0.9993353 -0.007537327 0.09182863 0.9957748 -0.0001812425 0.08974604 0.9959645 0.0006164103 0.03921364 0.999221 0.004438832 0.08755968 0.9961579 0.001640727 0.0004270585 0.9993535 0.03594856 -0.0184977 0.9994442 0.02773306 -0.002825042 0.9863414 0.1646899 0.0004256094 0.9959627 0.08976676 0.02160042 0.9867135 0.161028 0.02773306 0.9994442 -0.01849768 0.03594853 0.9993535 0.0004270594 0.1646534 0.9863481 -0.002577961 0.08970775 0.9959679 0.0004256126 0.161028 0.9867135 0.02160047 0.09243079 0.9859279 0.1392931 0.1147425 0.954241 0.2761493 0.1373279 0.9588004 0.2486824 0.1754864 0.9529501 0.247165 0.2761493 0.9542409 0.1147425 0.1392931 0.9859281 0.09243077 0.2486824 0.9588003 0.137328 0.247165 0.9529501 0.1754864 0.01612839 0.9995776 0.02417718 0.03462599 0.9893363 0.1414735 0.005245406 0.9997062 0.02366434 -5.627708e-07 0.9997703 0.02143108 0.005184201 0.9880412 0.1541027 0.02417718 0.9995776 0.01612836 0.1414736 0.9893363 0.03462594 0.02366434 0.9997062 0.005245406 0.1541027 0.9880412 0.005184201 0.02143108 0.9997703 -5.627717e-07 0.01450442 0.9995607 0.0258514 0.01002187 0.9995812 0.0271462 0.009644209 0.9995888 0.02700409 0.0273594 0.9995821 0.009334321 0.02591681 0.9995629 0.01422866 0.02700408 0.9995888 0.009644178 0.009622648 0.9973541 0.07205652 0.07204629 0.9973549 0.009622624 0.01576778 0.9897059 0.1422449 0.009585122 0.9974026 0.07138711 0.07341749 0.9972473 0.01037946 0.142234 0.9897031 0.01604323 0.07107854 0.9974248 0.009564038 0.02479344 0.9898891 0.1396598 0.1404872 0.9898373 0.02202891 0.01619855 0.9896854 0.142339 0.1433465 0.9895856 0.01311809 0.008463264 0.98941 0.1449006 0.01089777 0.9971618 0.07449557 0.07449681 0.9971622 0.01086161 0.03168594 0.9994949 -0.002430006 0.03059564 0.9995314 0.0009550257 0.02948271 0.9995536 0.004830242 0.07470761 0.9971462 0.01087345 0.1460477 0.9892644 0.005093917 0.03428327 0.9993564 -0.01055719 0.03040912 0.9995372 0.0007668097 0.1651911 0.9836197 0.07213868 0.1442347 0.989491 0.01018542 0.07402627 0.9971968 0.01089304 0.04002399 0.9989444 -0.02253897 0.0359355 0.9992645 -0.01338459 0.03334432 0.9994193 -0.007008327 0.01080124 0.9971538 0.07461716 0.07266964 0.9836937 0.1645171 0.01079908 0.9971645 0.07447403 -0.01108819 0.9993603 0.03400265 0.01086588 0.9972494 0.0733185 -0.002072506 0.9889027 0.1485503 0.006014068 0.9995631 0.02893847 0.002247914 0.999551 0.02987866 0.003170962 0.9995597 0.0295037 -0.001000668 0.9995242 0.03082711 -0.005345175 0.9994657 0.03224458 -0.01196687 0.9993241 0.03475831 -0.02136865 0.99902 0.03876086 0.01003279 0.9895211 0.1440394 0.01074948 0.9971961 0.07405577 -0.03550828 0.9968382 -0.07108344 -0.2153039 0.970779 -0.1059832 -0.04783606 0.9987176 -0.01657761 -0.04680166 0.9986688 -0.02168406 -0.1436511 0.9791469 -0.1436511 -0.0181963 0.9987056 -0.04749985 -0.05920429 0.9964886 -0.05920429 -0.0216847 0.9986687 -0.04680291 -0.1059832 0.9707789 -0.2153039 -0.1436512 0.9791469 -0.1436511 -0.07089832 0.996838 -0.03587854 -0.0002848739 -1 -1.358012e-05 -0.0002516646 -0.9999999 -1.450178e-05 -1.360945e-05 -0.9999999 -0.000222624 -1.358604e-05 -0.9999999 -0.0002843323 -0.0002056842 -1 -1.189456e-05 -1.186753e-05 -1 -0.000198906 -5.227505e-06 -1 -5.171926e-05 -1.187993e-05 -1 -0.000141985 -0.0001023174 -1 -1.353286e-05 1.84063e-05 -1 -2.470036e-05 -0.0001243853 -1 -4.245502e-07 -5.823836e-05 -1 -6.017426e-06 -6.017411e-06 -1 -5.70492e-05 -0.0001297409 -1 0.0002058892 2.615745e-05 -1 -6.017427e-06 -7.112905e-06 -1 8.351145e-06 -6.017411e-06 -1 2.615746e-05 8.35114e-06 -1 -7.112923e-06 -0.00159736 -0.9999987 -4.485634e-05 -0.001388926 -0.999999 -5.064108e-05 -4.63297e-05 -0.9999992 -0.001251235 -4.62115e-05 -0.9999987 -0.001562775 -0.001200426 -0.9999992 -3.995251e-05 -8.311451e-06 -0.9999998 -0.0004376852 -4.013227e-05 -0.9999996 -0.0008694561 -4.006767e-05 -0.9999993 -0.001165972 -0.0006877332 -0.9999997 -4.807845e-05 -8.216871e-05 -1 -0.0001040963 -0.000784928 -0.9999996 1.537891e-05 -0.0004676947 -0.9999998 -1.144381e-05 -0.0006341034 -0.9999994 0.0008644612 -1.144384e-05 -0.9999999 -0.0004588212 5.447339e-05 -1 -1.144382e-05 -2.844716e-05 -1 2.436734e-05 -1.144384e-05 -1 5.447353e-05 2.436733e-05 -1 -2.844722e-05 -0.003223135 -0.9999948 3.997279e-07 -0.002652154 -0.9999965 -1.544676e-05 -6.369169e-06 -0.9999972 -0.002336985 -6.07749e-06 -0.9999952 -0.003105855 -0.002464682 -0.999997 -4.816511e-06 6.173374e-05 -0.9999998 -0.0005552129 -9.92813e-06 -0.9999989 -0.001527581 -9.741824e-06 -0.9999972 -0.002382907 -0.001555517 -0.9999988 -1.922639e-05 -0.001504935 -0.9999989 5.744247e-05 -0.0007359658 -0.9999996 -7.575482e-06 -0.0004553324 -0.9999999 -0.0001209994 -7.575492e-06 -0.9999995 -0.001022881 -0.001084977 -0.9999986 0.001266808 -0.003624255 -0.9999934 2.004562e-05 -0.003055271 -0.9999954 4.254286e-06 1.512343e-05 -0.9999964 -0.002690871 1.544174e-05 -0.9999937 -0.003530077 -0.002799534 -0.9999961 1.875543e-05 9.877487e-05 -0.9999998 -0.0005679405 1.331834e-05 -0.9999985 -0.001727485 1.353286e-05 -0.9999963 -0.002712528 -0.001831505 -0.9999983 3.412607e-06 -0.001744549 -0.9999985 7.816729e-05 -0.0008137082 -0.9999996 -5.372691e-07 -0.0006762337 -0.9999998 -0.0001034559 -0.001116242 -0.9999987 0.001133051 -5.372647e-07 -0.9999992 -0.001238055 -0.001598614 -0.9999987 3.666383e-05 -0.001309397 -0.9999992 2.863719e-05 3.374458e-05 -0.9999994 -0.001132142 3.390304e-05 -0.9999988 -0.001549912 -0.001241139 -0.9999992 3.250763e-05 2.887802e-05 -0.9999993 -0.001198405 7.042172e-05 -1 -0.0001090282 2.876388e-05 -0.9999998 -0.0006742773 -0.0008435008 -0.9999996 2.620526e-05 2.811057e-05 -1 4.486198e-06 -0.0007301001 -0.9999998 4.418781e-05 -0.000362729 -0.9999999 -1.826863e-05 -0.0002605485 -0.9999999 4.486198e-06 4.486185e-06 -0.9999999 -0.0005539326 -0.0004395674 -0.9999998 0.0003897746 4.486191e-06 -1 2.811059e-05 -3.275697e-05 -1 -2.180084e-05 -2.180085e-05 -1 -3.275701e-05 -0.0003059813 -1 1.389734e-05 -0.0002387171 -0.9999999 1.203054e-05 1.305538e-05 -1 -0.0002028794 1.308902e-05 -1 -0.0002915528 -0.00023158 -1 1.243524e-05 1.9775e-05 -1 -2.905469e-06 1.15748e-05 -1 -0.0001141721 1.159844e-05 -1 -0.0002227172 -0.0001497384 -1 1.113809e-05 2.943689e-05 -1 6.903904e-06 -0.0001250681 -1 1.472823e-05 -3.252956e-05 -1 6.903904e-06 -4.930064e-05 -1 1.847085e-06 6.903922e-06 -1 -8.975351e-05 -8.597368e-05 -1 0.0001076309 6.903923e-06 -1 2.943696e-05 -6.32834e-06 -1 -8.542123e-06 -8.542123e-06 -1 -6.32833e-06 0.0002927537 -1 -1.434357e-05 -1.350656e-05 -1 0.0002826552 -1.43857e-05 -0.9999999 0.0002509783 0.0002272704 -0.9999999 -1.252562e-05 4.899881e-05 -1 -2.575506e-06 0.0001450347 -1 -1.145955e-05 0.0002239974 -1 -1.27112e-05 -1.174519e-05 -1 0.000204411 0.0001152168 -1 -1.383322e-05 -1.337424e-05 -1 0.0001016286 -2.443436e-05 -1 -1.793358e-05 -2.382377e-07 -1 0.0001243892 -5.802503e-06 -1 5.85805e-05 2.023664e-05 -1 -5.802518e-06 -5.802503e-06 -1 -2.592269e-05 8.345442e-06 -1 6.836835e-06 -2.592275e-05 -1 -5.802518e-06 6.836827e-06 -1 8.345442e-06 0.001622134 -0.9999987 -5.016865e-05 -4.528501e-05 -0.9999987 0.001601376 -5.102891e-05 -0.999999 0.001394413 0.001324654 -0.9999991 -4.191004e-05 0.0004236898 -0.9999999 4.042956e-06 0.0008878816 -0.9999996 -3.889827e-05 0.001270739 -0.9999992 -4.496706e-05 -4.032274e-05 -0.9999993 0.0012056 0.0007538119 -0.9999996 -5.208109e-05 -4.849542e-05 -0.9999997 0.0006899566 -0.0001047527 -1 8.180196e-05 1.528842e-05 -0.9999996 0.0007878899 -1.157815e-05 -0.9999998 0.0004701386 0.0002747762 -0.9999999 -1.157813e-05 8.254077e-05 -1 -1.157813e-05 -1.157815e-05 -1 -5.493781e-05 2.445346e-05 -1 2.849325e-05 -8.904308e-07 -1 2.445347e-05 0.003172801 -0.999995 -9.570625e-06 3.145214e-07 -0.9999948 0.003234672 -1.559223e-05 -0.9999964 0.002661529 0.0005093586 -0.9999998 9.607172e-05 0.001550021 -0.9999988 -1.980504e-07 0.00243322 -0.999997 -1.419794e-05 0.002731099 -0.9999962 2.69199e-06 -4.953117e-06 -0.9999969 0.002473901 0.001527792 -0.9999987 -7.707219e-05 -1.943882e-05 -0.9999987 0.001559953 5.778365e-05 -0.9999989 0.001510435 -7.521767e-06 -0.9999996 0.0007380676 -0.0001216561 -0.9999999 0.0004549653 0.0007052067 -0.9999998 -7.521755e-06 0.003645669 -0.9999933 9.328052e-06 2.003407e-05 -0.9999934 0.003633576 4.301277e-06 -0.9999953 0.003066701 0.003079185 -0.9999953 2.505497e-05 0.0005113086 -0.9999999 0.0001398852 0.001751406 -0.9999985 2.5166e-05 0.002790619 -0.9999961 8.693001e-06 1.890727e-05 -0.9999961 0.002809114 0.001760357 -0.9999984 -7.246619e-05 3.504579e-06 -0.9999983 0.001837308 7.84349e-05 -0.9999984 0.00174918 -5.641316e-07 -0.9999996 0.0008148569 -0.000103812 -0.9999998 0.0006771971 0.0009099611 -0.9999996 -5.641338e-07 0.001589402 -0.9999988 3.209033e-05 3.700837e-05 -0.9999987 0.001606148 2.890569e-05 -0.9999991 0.001314194 0.001371492 -0.999999 3.81399e-05 7.933633e-05 -1 9.199153e-05 0.0006827889 -0.9999997 3.616746e-05 0.001193835 -0.9999993 2.806672e-05 3.275829e-05 -0.9999992 0.001246251 0.0007605854 -0.9999996 -2.382761e-05 2.64376e-05 -0.9999996 0.0008474568 -1.829531e-05 -0.9999999 0.0003638822 4.440814e-05 -0.9999996 0.000732707 4.593644e-06 -0.9999999 0.0002618194 0.0004244428 -0.9999998 4.593653e-06 -2.857849e-05 -1 4.593653e-06 -2.191568e-05 -1 1.11855e-05 4.593644e-06 -1 7.256778e-05 3.280384e-05 -1 -2.191567e-05 0.0002933644 -1 1.266627e-05 1.361513e-05 -1 0.0003055508 1.177292e-05 -0.9999999 0.0002391728 -3.25959e-06 -1 2.383316e-05 0.0001151805 -1 1.28765e-05 0.0002154205 -1 1.128757e-05 0.0002573631 -0.9999999 1.366573e-05 1.225195e-05 -1 0.0002307247 0.0001323977 -1 7.70081e-07 1.097008e-05 -1 0.0001498462 6.66215e-06 -1 -2.91838e-05 1.722649e-06 -1 4.987903e-05 1.445543e-05 -1 0.0001247739 6.662151e-06 -1 3.260282e-05 6.27114e-05 -1 6.662134e-06 -2.918381e-05 -1 6.662133e-06 -8.552572e-06 -1 6.045816e-06 6.045832e-06 -1 -8.552567e-06 -0.0007133064 -0.9999583 -0.009104161 -0.002134912 -0.9999515 -0.009614832 0.004314 -0.9999616 -0.007627975 0.002977618 -0.9999638 -0.00796809 0.001744377 -0.9999639 -0.008314614 0.0005405379 -0.9999621 -0.008685198 -0.008726755 -0.9999619 -0.0004764872 -0.0004764901 -0.9999619 -0.008726755 -0.004555 -0.9999744 -0.005526666 -0.005085637 -0.9999742 -0.005085637 -0.005526638 -0.9999744 -0.004555034 -0.009577224 -0.999952 -0.002032466 -0.009118889 -0.9999582 -0.0007517389 -0.008796766 -0.9999613 0.0002033397 -0.008441481 -0.9999635 0.00131588 -0.008041669 -0.9999641 0.002700527 -0.007653047 -0.9999619 0.004204712 -0.06620033 -0.9978063 2.431389e-05 -0.0440165 -0.9987261 -0.024667 -0.06653222 -0.9971125 0.03660771 2.431388e-05 -0.9978064 -0.06620032 0.03763084 -0.9970738 -0.0665402 -0.02475886 -0.9987276 -0.04393382 -0.2858961 -0.9340915 -0.213861 -0.2138608 -0.9340915 -0.2858964 -0.3424301 -0.9395233 -0.006121297 -0.3375524 -0.9406436 -0.03532464 -0.006121296 -0.9395234 -0.3424301 -0.03532464 -0.9406437 -0.3375524 -0.3422235 -0.9389564 0.0352685 -0.3377293 -0.9412239 0.006039016 0.006039025 -0.941224 -0.3377292 0.03526862 -0.9389565 -0.3422234 -0.314846 -0.9417319 -0.1183767 -0.3168745 -0.9477994 -0.03559336 -0.2888383 -0.9437044 -0.1612282 -0.03857365 -0.9992558 -2.178461e-05 -0.03691631 -0.9992987 0.006252962 -0.0345638 -0.9993307 0.01197055 -0.03236443 -0.9993184 0.01775575 -2.178462e-05 -0.9992558 -0.03857364 0.01816317 -0.9993157 -0.03222197 0.01306903 -0.9993317 -0.03413819 0.00806921 -0.9993136 -0.03615572 -0.3190113 -0.9475465 0.01968037 -0.3356648 -0.9354705 0.1105631 0.01968033 -0.9475465 -0.3190112 0.1105628 -0.9354705 -0.3356647 -0.3216538 -0.9456069 -0.04864584 0.03553799 -0.9461296 -0.3218319 -0.183182 -0.9690384 -0.1655564 -0.1655566 -0.9690384 -0.1831818 -0.05048435 -0.9813449 -0.1855082 -0.1855084 -0.9813449 -0.05048435 -0.3216525 -0.9456033 0.04872573 -0.3168345 -0.9478126 0.03560115 0.04881236 -0.947283 -0.3166579 -0.1893443 -0.9806098 0.05052957 -0.1892852 -0.9803035 -0.05635755 -0.05635756 -0.9803035 -0.189285 -0.2957635 -0.9486584 0.1121218 -0.3134072 -0.9375597 0.1508569 0.1121216 -0.9486583 -0.2957637 0.1508566 -0.9375595 -0.3134075 -0.008257524 -0.9999552 -0.004636729 -0.008603997 -0.999958 -0.003141321 -0.008951236 -0.9999583 -0.001800263 -0.009285539 -0.9999567 -0.0006280788 -0.009593914 -0.9999539 0.0003768241 -0.005837417 -0.9999713 0.004808579 -0.005362498 -0.9999713 0.005363088 -0.00479587 -0.9999715 0.005822391 -0.00049799 -0.9999584 0.009113098 -0.009317278 -0.9999565 0.0005091746 -0.002118967 -0.999948 0.009979382 -0.0007827024 -0.9999545 0.009512421 0.0002161381 -0.9999578 0.009183477 0.001380099 -0.9999602 0.008820524 -0.02223628 -0.9989772 0.03937001 0.002829336 -0.9999607 0.008411866 0.004403666 -0.9999582 0.008014557 0.03936965 -0.9989681 -0.02264469 0.009113096 -0.9999584 -0.000497993 0.007994836 -0.9999579 0.004491652 0.008354747 -0.9999604 0.00304912 0.00871358 -0.9999605 0.001750246 0.009057545 -0.9999588 0.0006113089 0.009373691 -0.9999561 -0.0003668825 0.009813574 -0.9999505 -0.001659435 0.01053235 -0.999938 -0.003617814 0.005822363 -0.9999715 -0.004795907 0.005363089 -0.9999713 -0.005362499 0.004808615 -0.9999713 -0.005837387 0.0005091777 -0.9999565 -0.009317276 -0.00059028 -0.9999566 -0.009295294 -0.001885851 -0.9999583 -0.008927731 -0.003213201 -0.999958 -0.008586539 -0.004661579 -0.9999551 -0.008252406 0.0007553395 -0.9999525 -0.009712459 -0.05880753 -0.9966237 -0.0572958 -0.0572958 -0.9966237 -0.05880753 -0.1854248 -0.9810326 0.05650433 0.05646208 -0.9802977 -0.1892839 0.05056754 -0.9813454 -0.1854837 0.05740206 -0.9966177 -0.05880717 -0.2896382 -0.9290117 0.2303194 -0.273281 -0.9460893 0.1738751 0.1738753 -0.9460891 -0.2732813 0.2303197 -0.9290115 -0.2896385 -0.05880199 -0.9965298 0.0589119 -0.05729334 -0.9967055 0.05740704 0.05891718 -0.9966177 -0.05728829 -0.1696868 -0.9729832 0.1565567 -0.1829365 -0.9678674 0.1725309 0.1725306 -0.9678675 -0.1829363 0.1565564 -0.9729832 -0.1696867 0.1752117 -0.9829082 -0.05650023 0.05739423 -0.9966116 0.05891674 0.05891682 -0.9966116 0.05739414 -0.1659332 -0.9514601 0.2592101 -0.1538372 -0.959062 0.2377694 0.2377698 -0.9590619 -0.1538371 0.2592104 -0.95146 -0.165933 -0.0506676 -0.9635964 0.2625164 -0.05646187 -0.9822409 0.1789267 -0.05169653 -0.9831644 0.1752578 0.05656629 -0.9822351 0.1789257 0.2625168 -0.9635962 -0.0506676 0.1789729 -0.9824967 -0.05166141 -0.04635747 -0.9625201 0.2672189 0.2672193 -0.9625201 -0.04635747 0.05178444 -0.9831639 0.1752346 0.1751883 -0.9829063 0.05660487 0.1789721 -0.9824923 0.05174899 0.04642341 -0.9625172 0.2672181 0.05075404 -0.9636013 0.2624817 0.2672185 -0.9625171 0.04642334 0.2624821 -0.9636011 0.05075397 0.1732188 -0.9718564 0.1596573 0.159657 -0.9718563 0.1732192 0.1572873 -0.9574319 0.2420433 0.144166 -0.9547656 0.2600749 0.2600753 -0.9547653 0.1441663 0.2380487 -0.9416294 0.2380483 0.2420436 -0.9574317 0.1572877 2.439644e-05 -0.9976684 0.06824678 -0.02562918 -0.998625 0.0457295 0.03773138 -0.9969321 0.06857701 0.2228301 -0.9652148 -0.1367741 0.06858306 -0.9969006 0.0385424 0.04604457 -0.9986197 -0.02527084 0.02705931 -0.9985768 -0.04595777 0.06824677 -0.9976684 2.439645e-05 0.2215929 -0.9496281 0.2215925 0.04494129 -0.9317879 0.3602107 -0.04487745 -0.9317905 0.3602117 -0.02152502 -0.9344391 0.3554721 0.3554721 -0.9344391 -0.02152506 0.3602117 -0.9317905 -0.04487745 -0.1342947 -0.9477187 0.2894722 -0.04292088 -0.9734737 0.2247368 0.291859 -0.955533 -0.04212991 0.02144118 -0.9344576 0.3554282 0.3604924 -0.9325168 0.02139662 0.3551493 -0.9337242 0.04503463 0.3520214 -0.9255007 0.1397474 -0.02246352 -0.9561408 0.2920446 -0.07314035 -0.9467604 0.3135207 0.3135207 -0.9467604 -0.07314027 0.2920446 -0.9561408 -0.02246352 0.06762287 -0.932533 0.3546962 0.1408259 -0.9326448 0.3321774 0.3347409 -0.9398424 0.06815308 0.1060737 -0.936718 0.3336281 0.2162796 -0.9268582 0.3068501 0.3068502 -0.9268583 0.2162793 0.3336281 -0.936718 0.1060736 -0.006531695 -0.9492828 0.314356 -0.02182827 -0.9476017 0.3187078 0.3187078 -0.9476017 -0.02182827 0.314356 -0.9492828 -0.006531708 0.06867678 -0.9470662 0.3136068 0.02177675 -0.9490824 0.3142744 0.006426549 -0.9478079 0.3187771 0.3187771 -0.947808 0.006426607 0.3142744 -0.9490824 0.02177672 0.1075121 -0.949419 0.2950337 0.02090055 -0.9547455 0.2966889 0.314281 -0.9491025 0.02077712 0.2960448 -0.9526725 0.06908347 0.03360076 -0.9600429 0.2778283 0.2763552 -0.9549523 0.1081385 0.2965882 -0.9544212 0.03340394 -2.189827e-05 -0.9992058 0.03984822 0.006466745 -0.9992502 0.03817375 0.01239725 -0.9992824 0.03579083 0.01841176 -0.9992672 0.03355723 0.03984822 -0.9992058 -2.189826e-05 0.1385429 -0.980618 0.1385429 0.03344556 -0.9992649 0.01873855 0.03546249 -0.999283 0.01326363 0.03753756 -0.999263 0.008023286 0.04148721 -0.9988739 0.02301318 0.0005316996 -0.9999526 0.009722285 0.009722284 -0.9999526 0.0005317028 -0.004850846 -0.9999509 0.008639171 0.04146252 -0.9982794 0.04146252 -0.003287468 -0.9999542 0.008993 -0.001885156 -0.9999545 0.009347606 -0.0006598121 -0.9999528 0.009688851 0.000390365 -0.9999499 0.01000353 0.005060144 -0.9999683 0.006145633 0.005651593 -0.9999681 0.005651593 0.006145664 -0.9999683 0.005060107 0.01014143 -0.9999482 0.0008350912 0.00981424 -0.9999518 -0.0002349547 0.009453448 -0.9999541 -0.001486459 0.0090492 -0.9999544 -0.003049942 0.008658402 -0.9999512 -0.004755273 0.02338248 -0.9988654 0.04148686 -0.06625053 -0.9964415 0.05210849 -0.1329072 -0.9902554 -0.04159182 -0.02714485 -0.9995816 -0.009987602 -0.02892637 -0.9995636 -0.005999437 -0.0307647 -0.9995239 -0.002332765 -0.03259489 -0.9994681 0.001021806 -0.03538578 -0.9993567 0.00583005 -0.04050099 -0.9990826 0.01391674 0.05185464 -0.9964495 -0.06633066 -0.002208498 -0.9995228 -0.03080959 -0.00625641 -0.9995661 -0.02878438 -0.01018781 -0.9995825 -0.02703596 -0.04159164 -0.9902523 -0.1329307 0.0159484 -0.9989954 -0.04187892 0.008042303 -0.9992915 -0.03676845 0.00235797 -0.9994413 -0.03333929 -0.1366621 -0.9900638 -0.03312318 -0.03359204 -0.9900755 -0.1364624 -0.07367645 -0.9972382 -0.0093626 -0.03449268 -0.9993653 0.008900752 -0.02442433 -0.9996085 -0.01365569 -0.02360971 -0.9995973 -0.01574508 -0.1326853 -0.9902378 -0.04270421 -0.01574505 -0.9995973 -0.0236097 -0.01372123 -0.9996082 -0.02439876 -0.04285848 -0.9902392 -0.1326253 -0.009323756 -0.997244 -0.07360306 0.009110475 -0.9993618 -0.03453953 -0.0259569 -0.9995131 0.0173109 -0.147043 -0.9891152 -0.005429102 -0.1551444 -0.9876461 -0.02203196 -0.02144148 -0.9997551 -0.0054875 -0.02360779 -0.9997212 -7.573373e-06 0.01731087 -0.9995131 -0.02595689 -0.005487508 -0.9997551 -0.02144148 -7.573386e-06 -0.9997212 -0.02360779 -0.02203197 -0.987646 -0.1551444 -0.005429107 -0.9891152 -0.1470431 -0.03347488 -0.9993724 0.01158509 -0.03221111 -0.9993212 0.01787629 -0.03486032 -0.9993921 -0.0004737372 0.01834184 -0.999315 -0.03214373 0.01274029 -0.9993666 -0.03322643 0.007617023 -0.9993761 -0.03448696 -0.000473728 -0.9993921 -0.0348603 -0.0004722381 -0.9962314 -0.08673473 0.001963356 -0.9870906 -0.1601509 -0.1602082 -0.9870807 0.002241236 -0.08681037 -0.9962248 -0.0004722358 0.02611163 -0.9873904 -0.1561357 -0.001632533 -0.9964055 -0.08469505 -0.1625255 -0.9866834 -0.006428559 -0.08520378 -0.9963626 -0.001361914 -0.1565644 -0.9873831 0.02371077 -0.006428156 -0.9866214 -0.1629014 -0.0005815336 -0.9962161 -0.08690947 0.01553733 -0.9872895 -0.1581705 -0.03752301 -0.9992882 -0.00389295 -0.03804155 -0.9992754 0.001229933 -0.03796444 -0.999259 0.006337715 -0.08878489 -0.9960507 0.0002437729 -0.1643988 -0.9863939 0.000241405 -0.2593456 -0.9303117 -0.2593455 0.0002170998 -0.9960342 -0.08897109 0.0002149893 -0.9863507 -0.1646572 0.002760698 -0.9992652 -0.03823002 -0.00424828 -0.9992667 -0.03805225 -0.164906 -0.9862288 0.01260324 0.005444689 -0.9863147 -0.1647839 -0.1647773 -0.9863278 0.002434067 -0.03825871 -0.9992635 -0.00294971 -0.03825722 -0.9992633 -0.003033395 -0.09167936 -0.9957886 -1.350646e-05 -0.1648028 -0.9863093 -0.005834967 -0.09135596 -0.9958183 -4.455613e-06 -0.00278447 -0.9992651 -0.03823051 -0.005507669 -0.9863138 -0.1647872 1.048367e-05 -0.9992662 -0.03830186 -9.140513e-06 -0.9957923 -0.09163906 -0.1629366 -0.9866162 0.006330259 -0.1646715 -0.9863485 -0.0002359056 -0.0002379395 -0.9863511 -0.1646562 0.006330294 -0.9866202 -0.162912 -0.1583299 -0.9872735 -0.01492764 -0.01560158 -0.9872854 -0.1581896 -0.1562662 -0.9873842 -0.02556047 -0.02613583 -0.9873856 -0.1561626 -0.03216629 -0.999316 -0.01824025 -0.03329319 -0.999368 -0.01246308 -0.03458149 -0.9993752 -0.007306615 -0.03808197 -0.9992657 0.004230216 -0.08704245 -0.9962046 0.0005071121 -0.08898941 -0.9960325 -0.0002382345 -0.08484446 -0.996393 0.001536353 0.001598356 -0.9964032 -0.08472335 -0.007636493 -0.9993759 -0.03448853 -0.01273973 -0.9993665 -0.03323304 -0.01833799 -0.9993147 -0.03215213 -0.0002402751 -0.9960334 -0.08898037 0.004215227 -0.999267 -0.03804823 0.0005617103 -0.9962159 -0.08690995 -0.3381512 -0.9337438 -0.1173726 -0.2957427 -0.931174 -0.2131931 -0.2471379 -0.9687393 -0.02161019 -0.2661601 -0.9547564 -0.1326609 -0.2145583 -0.9674172 -0.1344201 -0.3352973 -0.9343593 -0.1206171 -0.2546913 -0.9661705 -0.04058023 -0.1173727 -0.9337438 -0.3381509 -0.13442 -0.9674172 -0.2145583 -0.04058019 -0.9661705 -0.2546914 -0.02161021 -0.9687393 -0.2471379 -0.2131929 -0.9311741 -0.2957424 -0.1326609 -0.9547565 -0.26616 -0.120617 -0.9343593 -0.3352972 -0.02677995 -0.9994818 -0.01786214 -0.1600955 -0.987098 -0.002645713 -0.1565409 -0.9874585 0.02050933 -0.08707059 -0.9962022 0.0002776327 -0.03483963 -0.9993929 0.000278522 -0.0178621 -0.9994818 -0.02677993 0.02050929 -0.9874585 -0.1565409 -0.002555926 -0.9871004 -0.1600819 0.0002785267 -0.9993929 -0.03483961 0.0002776328 -0.9962042 -0.08704609 -0.02335112 -0.9996059 0.01557773 -0.02280484 -0.9997277 0.00496731 -0.1497948 -0.9887049 0.004912539 -0.02065609 -0.9997866 -5.371546e-07 -0.1374619 -0.9899576 0.03298864 0.03298869 -0.9899576 -0.1374619 0.00496731 -0.9997275 -0.02280484 -5.371538e-07 -0.9997867 -0.0206561 0.004912542 -0.9887049 -0.1497949 0.0155777 -0.999606 -0.02335112 -0.02616646 -0.9996147 0.009267713 -0.0265022 -0.9996079 0.00903672 -0.02507459 -0.9995908 0.01376658 0.009267736 -0.9996147 -0.02616643 0.01411147 -0.9995881 -0.02499084 0.009914661 -0.9996068 -0.02622428 0.009248245 -0.9975115 -0.06989365 -0.06987981 -0.9975126 0.009248224 0.009804877 -0.9974369 -0.07087548 0.009218794 -0.9975495 -0.06935437 0.0151287 -0.9902881 -0.1382042 -0.07115214 -0.9974158 0.009950355 -0.06898146 -0.9975755 0.00919381 -0.1381893 -0.9902846 0.01549756 0.02455556 -0.9904791 -0.1354559 -0.1364527 -0.9904174 0.02130657 0.01531771 -0.9902589 -0.138393 -0.1392972 -0.9901696 0.01265497 -0.1263229 -0.9908552 0.04741703 -0.1419947 -0.9898556 0.004836296 -0.03917254 -0.9989889 -0.02206189 -0.03505518 -0.9993001 -0.01305493 -0.03246077 -0.9994497 -0.00682005 -0.0308069 -0.9995225 -0.00236189 -0.02972201 -0.9995578 0.0009267059 -0.02861699 -0.9995795 0.00468357 -0.02955429 -0.999563 0.0006684064 -0.07226569 -0.9973307 0.01044767 -0.07249788 -0.9973137 0.01046073 -0.07180055 -0.9973639 0.01048071 -0.03322199 -0.9993988 -0.009920886 0.0008204243 -0.9995676 -0.02939424 0.04741742 -0.9908634 -0.126259 0.01043193 -0.9973356 -0.07220162 0.005156719 -0.9898719 -0.1418702 0.01046391 -0.9973481 -0.07202257 -0.009955401 -0.999399 -0.03320332 0.01046322 -0.9973041 -0.07262976 -0.002226304 -0.9995254 -0.03072276 -0.007169852 -0.9994439 -0.03256333 -0.0134129 -0.9992912 -0.03517165 -0.02219678 -0.9989853 -0.03918774 0.006132418 -0.9995824 -0.0282421 0.0020647 -0.9995673 -0.02933984 -0.162748 -0.9525993 -0.2570362 -0.2136799 -0.9341293 -0.285908 -0.1170582 -0.9312413 -0.3450898 -0.04858031 -0.9443332 -0.3253838 -0.05148339 -0.9454722 -0.3216083 -0.03579165 -0.9530796 -0.3005964 -0.2089051 -0.9768181 0.04674529 -0.2940749 -0.9400387 0.1727631 -0.3154228 -0.9368878 0.1508303 -0.1989725 -0.9794614 0.03263887 0.1508303 -0.9368878 -0.3154227 0.04674529 -0.9768181 -0.2089051 0.03263892 -0.9794614 -0.1989725 0.1727634 -0.9400389 -0.2940747 -0.1325174 -0.979574 0.1512414 -0.1685012 -0.9741589 0.1504053 0.03902483 -0.9902184 -0.1339574 0.2218158 -0.9608211 -0.1661941 0.1512413 -0.979574 -0.1325174 0.1504052 -0.9741589 -0.1685012 0.1175031 -0.9920225 -0.04565613 -0.1688308 -0.9760643 0.1370941 -0.1179697 -0.9675679 0.2233733 -0.07845087 -0.9961808 0.03833092 -0.02019964 -0.9985104 0.05068394 -0.01905183 -0.9985219 0.05090307 -0.1327795 -0.9815113 0.1378592 -0.07792678 -0.9961858 0.03926 -0.1497336 -0.9334792 0.3258778 -0.1329733 -0.9383936 0.3189604 -0.2683677 -0.9290795 0.254539 -0.2426263 -0.9362953 0.2539362 -0.2434516 -0.9394799 0.2410576 -0.1266744 -0.9271263 0.3526902 -0.07374884 -0.9546372 0.2884943 0.3189601 -0.9383937 -0.1329734 0.3258783 -0.9334791 -0.1497335 0.2545393 -0.9290794 -0.2683679 0.288494 -0.9546372 -0.07374878 0.2410577 -0.9394799 -0.2434515 0.3526902 -0.9271263 -0.1266746 0.2539361 -0.9362954 -0.2426262 0.0422736 -0.9989824 0.01571849 0.03737641 -0.9992707 0.007822686 0.03435525 -0.9994063 0.002597892 0.03239539 -0.9994746 -0.00104007 0.03040991 -0.9995251 -0.004983535 0.02834796 -0.9995516 -0.009646922 0.06832125 -0.9961224 0.05542884 0.1366863 -0.9896529 -0.04363428 0.05503336 -0.9961482 0.06826474 -0.04363367 -0.9896404 0.1367765 -0.01031371 -0.9995543 0.02801393 -0.006189247 -0.9995363 0.02981323 -0.002403702 -0.9994957 0.03166624 0.001051966 -0.9994379 0.03350677 0.005985035 -0.999323 0.03630206 0.01422595 -0.9990417 0.04139202 0.1414875 -0.9894001 -0.03269013 -0.0342381 -0.9894394 0.140845 -0.009759071 -0.9970617 0.07597854 0.009151969 -0.9993309 0.03541204 -0.01412728 -0.999581 0.02526538 -0.01629762 -0.9995685 0.02443852 -0.04415226 -0.9896108 0.1368254 0.07622417 -0.9970417 -0.009885513 0.03521697 -0.9993442 0.008416119 0.02443852 -0.9995685 -0.0162976 0.02536105 -0.9995821 -0.01387612 0.1370521 -0.9896058 -0.04355492 0.1999158 -0.9301633 0.3079444 0.3079444 -0.9301633 0.1999159 0.01793323 -0.9994776 0.02689014 -7.519513e-06 -0.9996999 0.02449531 -0.00577785 -0.9997357 0.02225012 -0.02318641 -0.9869089 0.1596032 -0.005712762 -0.9884734 0.1512867 0.02689013 -0.9994776 0.0179332 0.1596033 -0.9869089 -0.02318639 0.02225012 -0.9997357 -0.00577784 0.02449531 -0.9996999 -7.5195e-06 0.1512868 -0.9884734 -0.005712752 0.01195724 -0.9993314 0.03455247 0.01845994 -0.9992757 0.03327674 -0.0006285858 -0.9993526 0.03596974 0.03322425 -0.9992705 0.01883087 0.03436161 -0.9993267 0.01286163 0.03566044 -0.9993355 0.007536369 0.03596972 -0.9993526 -0.0006285835 0.08937961 -0.9959974 -0.0006264765 0.1647239 -0.9863378 0.001946782 0.002162141 -0.9863301 0.1647673 -0.0006264725 -0.9959928 0.08943034 0.1607771 -0.9866444 0.02614115 0.08754824 -0.9961588 -0.001662454 0.0242639 -0.986639 0.1611053 -0.001476897 -0.9961286 0.08789539 -0.006783778 -0.9859173 0.167096 0.08973094 -0.9959658 -0.0006398464 0.1674968 -0.9858493 -0.00678331 0.1628507 -0.9865336 0.0152017 0.00126684 -0.9992316 0.03917462 0.006527757 -0.9992141 0.03909702 0.000180334 -0.9957969 0.09158958 0.0001785098 -0.9856156 0.1690031 -0.004093539 -0.9992445 0.03864953 0.03939095 -0.9992193 0.003037742 0.09181497 -0.9957761 0.000158354 0.1692768 -0.9855685 0.0001567305 0.03921512 -0.9992208 -0.004469311 0.01291945 -0.9854435 0.1695117 0.1694058 -0.9855283 0.005958811 0.002499896 -0.9855469 0.1693842 0.09454985 -0.9955201 -4.858032e-06 0.1693856 -0.9855466 -0.002507892 -0.005984755 -0.9855275 0.1694095 -0.003037749 -0.9992192 0.03939337 -0.003130291 -0.9992189 0.03939176 -1.223e-05 -0.9955287 0.09445981 -4.20473e-06 -0.9955558 0.0941732 0.03938966 -0.9992191 0.003109074 0.03917634 -0.9992316 -0.001266078 0.03910198 -0.9992139 -0.006528282 0.09416356 -0.9955568 -1.56857e-05 0.1695196 -0.9854419 -0.01294183 -0.0001793664 -0.9855685 0.169277 0.006684547 -0.985848 0.1675084 0.1690033 -0.9856155 -0.000201008 0.1671091 -0.9859157 0.006684996 -0.01523229 -0.9865288 0.162877 0.1611313 -0.9866338 -0.02429834 -0.02616482 -0.9866394 0.1608049 -0.01883651 -0.9992702 0.03323108 -0.01286414 -0.9993264 0.03436889 -0.007537351 -0.9993353 0.03566799 -0.000181242 -0.995775 0.09182644 0.004438758 -0.999221 0.03921365 0.0006119737 -0.9959636 0.08975551 0.001652622 -0.9961601 0.08753429 0.03455963 -0.9993311 -0.01195995 0.03328361 -0.9992754 -0.01846491 0.09160107 -0.9957958 -0.0002030842 0.03864925 -0.9992445 0.004063031 0.08794657 -0.9961241 0.001436358 -0.0184977 -0.9994442 0.02773306 0.02160042 -0.9867135 0.161028 -0.002578267 -0.9863481 0.1646534 0.0004270585 -0.9993535 0.03594856 0.0004256121 -0.9959684 0.08970322 0.02773306 -0.9994442 -0.01849768 0.161028 -0.9867135 0.02160047 0.1646899 -0.9863414 -0.002824717 0.03594853 -0.9993535 0.0004270546 0.08977095 -0.9959624 0.0004256103 0.1754864 -0.9529501 0.247165 0.09243079 -0.9859279 0.1392931 0.1147425 -0.9542409 0.2761493 0.1373279 -0.9588004 0.2486824 0.247165 -0.9529501 0.1754864 0.2486824 -0.9588003 0.137328 0.1392931 -0.9859281 0.09243077 0.2761493 -0.9542409 0.1147426 0.01612839 -0.9995776 0.02417718 0.005245406 -0.9997062 0.02366434 0.005184196 -0.9880412 0.1541027 0.03462599 -0.9893363 0.1414735 -5.640022e-07 -0.9997703 0.02143108 0.02366434 -0.9997062 0.005245404 0.1414736 -0.9893363 0.03462594 0.1541027 -0.9880412 0.005184201 0.02143108 -0.9997703 -5.640032e-07 0.02417717 -0.9995776 0.01612836 0.00933392 -0.9995821 0.02735952 0.01422886 -0.9995629 0.02591678 0.009644209 -0.9995888 0.02700409 0.02700408 -0.9995888 0.009644174 0.02585149 -0.9995606 0.01450406 0.02714605 -0.9995812 0.01002226 0.07205916 -0.997354 0.009622616 0.009622658 -0.9973551 0.07204299 0.1422449 -0.9897059 0.01576774 0.07138221 -0.997403 0.009584668 0.01036903 -0.997249 0.07339516 0.01604309 -0.9897031 0.142234 0.009564855 -0.9974242 0.07108822 0.1396607 -0.989889 0.02479052 0.02202883 -0.9898373 0.1404871 0.1423396 -0.9896854 0.01619634 0.01312853 -0.9895859 0.1433432 0.07456014 -0.9971569 0.01090164 0.1448967 -0.9894104 0.008474722 0.01087495 -0.9971455 0.07471644 0.005091186 -0.9892643 0.1460486 -0.02253898 -0.9989445 0.04002402 -0.01338431 -0.9992645 0.03593539 -0.007008286 -0.9994193 0.03334428 -0.00243032 -0.999495 0.03168605 0.0009559253 -0.9995314 0.03059537 0.004830091 -0.9995536 0.02948273 -0.01055719 -0.9993564 0.03428328 0.0108964 -0.997201 0.07396949 0.01086282 -0.9971618 0.07450055 0.01018538 -0.989491 0.1442348 0.0721387 -0.9836199 0.1651912 0.0007669625 -0.9995372 0.03040908 0.07461421 -0.997154 0.01080155 0.07448441 -0.9971638 0.01079958 0.1485504 -0.9889026 -0.002072472 0.07406019 -0.9971958 0.01075045 0.03400262 -0.9993603 -0.01108822 0.02950365 -0.9995596 0.003171042 0.1645171 -0.9836937 0.07266957 0.1440395 -0.9895211 0.01003292 0.02893846 -0.9995631 0.006013968 0.02987869 -0.999551 0.002247677 0.03082678 -0.9995242 -0.0009997436 0.03224469 -0.9994657 -0.005345514 0.03475846 -0.9993241 -0.01196733 0.0387606 -0.99902 -0.02136825 0.07330669 -0.9972502 0.01086765 -0.03578985 -0.9968382 -0.07094267 -0.04680299 -0.9986687 -0.02168473 -0.2153039 -0.970779 -0.1059831 -0.04758065 -0.9987087 -0.01780523 -0.02168446 -0.9986687 -0.04680243 -0.1436512 -0.9791469 -0.1436511 -0.1059832 -0.9707789 -0.2153039 -0.01819148 -0.9987055 -0.04750007 -0.05920429 -0.9964886 -0.05920429 -0.1436511 -0.9791469 -0.1436511 -0.07089883 -0.9968381 -0.0358775 -0.8763531 0.001347611 0.4816671 -0.8720564 0 0.4894055 -0.9446081 0.002296627 0.3281924 -0.9362805 -0.001040627 0.3512514 -0.9859519 0.003176735 0.1669992 -0.9778357 -0.001670997 0.2093674 -0.9994521 0.001177471 0.03307653 -0.9969174 -0.001777567 0.07843806 -0.9969174 0.001777869 -0.07843808 -0.9994521 -0.001177426 -0.03307528 -0.9778357 0.001671015 -0.2093674 -0.9859513 -0.00317632 -0.1670031 -0.9362806 0.001040647 -0.3512514 -0.9446081 -0.002296654 -0.3281925 -0.8720564 0 -0.4894055 -0.8763532 -0.001347634 -0.4816671 -0.8720564 -0 -0.4894055 -0.876353 -0.001347572 -0.4816673 -0.9362804 0.001040586 -0.351252 -0.9446077 -0.002296156 -0.3281938 -0.977836 0.001670677 -0.2093657 -0.9969174 0.001777114 -0.07843861 -0.9859514 -0.00317501 -0.1670028 -0.9994521 0.001176812 0.0330767 -0.9994521 -0.001176811 -0.0330767 -0.9969174 -0.001777114 0.0784386 -0.9859512 0.003175009 0.1670028 -0.977836 -0.001670677 0.2093657 -0.9446077 0.002296154 0.3281938 -0.9362804 -0.001040583 0.351252 -0.8763504 0.001347662 0.4816721 -0.8720533 0 0.4894108 -0.8763533 0.001348552 0.481667 -0.8720534 0 0.4894108 -0.9446082 0.002296718 0.3281923 -0.9362821 -0.001040052 0.3512472 -0.9859515 0.00317637 0.167001 -0.9778363 -0.00167116 0.2093646 -0.9994521 0.001177473 0.03307653 -0.9969173 -0.001777896 0.07843928 -0.9969174 0.001777956 -0.07843799 -0.9994522 -0.00117745 -0.03307587 -0.9778363 0.001671137 -0.2093645 -0.9859517 -0.003176345 -0.1670009 -0.9362806 0.001040634 -0.3512514 -0.9446081 -0.002296686 -0.3281922 -0.8720534 0 -0.4894108 -0.8763506 -0.001347705 -0.4816719 -0.8720533 -0 -0.4894108 -0.876353 -0.001348366 -0.4816675 -0.9362804 0.001039819 -0.351252 -0.9446077 -0.00229653 -0.3281939 -0.977836 0.00167009 -0.2093657 -0.9969174 0.001776901 -0.07843862 -0.985951 -0.003174738 -0.1670047 -0.9994521 0.001176713 0.0330761 -0.9994521 -0.001176712 -0.03307606 -0.9969173 -0.001776912 0.07843869 -0.9859512 0.003174669 0.167003 -0.977836 -0.001670526 0.2093658 -0.9446064 0.002296081 0.3281975 -0.9362803 -0.001039862 0.3512521 -0.876353 0.001348429 0.4816675 -0.8720533 0 0.4894108 -0.8763531 0.001348359 0.4816673 -0.8720533 0 0.4894108 -0.9446066 0.002296254 0.3281966 -0.9362805 -0.00103982 0.3512517 -0.9859515 0.003175264 0.1670019 -0.9778361 -0.001670697 0.2093651 -0.9994521 0.00117699 0.03307601 -0.9969174 -0.001777299 0.07843835 -0.9969174 0.001777278 -0.07843823 -0.9994521 -0.001176987 -0.03307593 -0.9778361 0.001670248 -0.2093651 -0.9859511 -0.003175311 -0.1670036 -0.9362804 0.001039785 -0.3512517 -0.9446079 -0.002296689 -0.328193 -0.8720533 0 -0.4894108 -0.8763531 -0.001348313 -0.4816674 -0.8720533 -0 -0.4894108 -0.8763503 -0.001347306 -0.4816723 -0.9362804 0.001040307 -0.351252 -0.9446076 -0.002295509 -0.3281938 -0.977836 0.001670204 -0.2093657 -0.9969173 0.001776597 -0.07843868 -0.9859513 -0.003174096 -0.1670029 -0.9994521 0.001176455 0.0330766 -0.9994521 -0.001176461 -0.03307677 -0.9969174 -0.001776554 0.07843844 -0.9859514 0.003173976 0.1670025 -0.977836 -0.0016701 0.2093655 -0.9446077 0.002295355 0.3281937 -0.9362819 -0.001039627 0.3512478 -0.876353 0.001348027 0.4816676 -0.8720533 0 0.4894108 -0.876353 0.001348095 0.4816675 -0.8720534 0 0.4894108 -0.9446071 0.002295586 0.3281953 -0.9362811 -0.001039646 0.3512498 -0.9859514 0.003174254 0.1670024 -0.977836 -0.001670232 0.2093655 -0.9994521 0.001176603 0.03307635 -0.9969174 -0.001776676 0.07843911 -0.9969173 0.001776668 -0.07843906 -0.9994522 -0.001176602 -0.03307632 -0.9778361 0.001670212 -0.2093654 -0.9859514 -0.003174231 -0.1670024 -0.9362804 0.001040263 -0.3512519 -0.9446077 -0.002295498 -0.3281935 -0.8720564 0 -0.4894055 -0.876353 -0.001347154 -0.4816675 -0.7733442 0 0.6339864 -0.7733442 0 0.6339864 -0.6339865 0 0.7733442 -0.6339864 0 0.7733442 -0.8720504 -0 -0.4894162 -0.876353 -0.001349341 -0.4816676 -0.9362833 0.001039332 -0.3512439 -0.9446076 -0.00229593 -0.3281941 -0.9778354 0.001670411 -0.2093685 -0.9969174 0.001776883 -0.07843866 -0.985951 -0.003174718 -0.1670049 -0.9994521 0.001176657 0.03307673 -0.9994521 -0.001176656 -0.0330767 -0.9969174 -0.001776889 0.07843869 -0.9859516 0.003174522 0.1670012 -0.9778365 -0.001670592 0.2093631 -0.9446076 0.00229593 0.328194 -0.9362803 -0.001040511 0.3512521 -0.876353 0.001347484 0.4816675 -0.8720564 0 0.4894055 -0.8763531 0.001347386 0.4816674 -0.8720564 0 0.4894054 -0.9446079 0.002296052 0.328193 -0.9362805 -0.001040445 0.3512516 -0.9859518 0.003175101 0.1669998 -0.9778367 -0.00167073 0.2093623 -0.9994521 0.00117695 0.03307654 -0.9969174 -0.001777282 0.07843821 -0.9969174 0.001777309 -0.07843836 -0.9994521 -0.001176954 -0.03307666 -0.9778355 0.001670623 -0.2093679 -0.9859511 -0.003175391 -0.1670038 -0.9362836 0.001039304 -0.3512434 -0.9446079 -0.002296156 -0.3281931 -0.8720503 0 -0.4894162 -0.8763531 -0.001349289 -0.4816673 -0.8720564 -0 -0.4894055 -0.8763529 -0.001347113 -0.4816675 -0.9362804 0.001040228 -0.351252 -0.9446077 -0.002295362 -0.3281938 -0.9778354 0.001670015 -0.2093682 -0.9969174 0.001776556 -0.07843845 -0.9859511 -0.003174084 -0.1670044 -0.9994521 0.001176588 0.03307676 -0.9994522 -0.001176537 -0.03307534 -0.9969174 -0.001776298 0.07843868 -0.9859517 0.003174629 0.167001 -0.9778354 -0.001670114 0.2093684 -0.9446076 0.002295508 0.3281938 -0.9362804 -0.001040305 0.351252 -0.876353 0.001347216 0.4816675 -0.8720563 0 0.4894055 -0.876353 0.001348996 0.4816675 -0.8720503 0 0.4894162 -0.9446053 0.002295738 0.3282006 -0.9362804 -0.001038924 0.3512519 -0.9859517 0.003174128 0.1670005 -0.9778365 -0.001670302 0.2093627 -0.9994521 0.001176551 0.03307663 -0.9969174 -0.001776703 0.07843843 -0.9969174 0.001776711 -0.07843849 -0.9994521 -0.001176552 -0.03307667 -0.9778366 0.001670323 -0.2093627 -0.9859517 -0.003174151 -0.1670005 -0.9362804 0.001038942 -0.3512519 -0.9446053 -0.002295769 -0.3282006 -0.8720503 0 -0.4894162 -0.876353 -0.001349017 -0.4816675 -0.7733403 0 -0.6339912 -0.7733403 0 -0.6339911 -0.6339865 0 -0.7733442 -0.6339864 0 -0.7733442 0.07348356 0 -0.9972965 0.07410788 -9.145663e-05 -0.9972502 0.2182599 -5.238839e-05 -0.9758906 0.218779 -0.0001303512 -0.9757743 0.3585145 -0.0001298314 -0.9335242 0.3584262 -0.0001158988 -0.933558 0.4916871 -3.546637e-05 -0.870772 0.4914762 0 -0.870891 0.4914817 0 -0.8708878 0.4916925 -3.546835e-05 -0.8707688 0.3585145 -0.0001298324 -0.9335242 0.3584263 -0.000115904 -0.933558 0.2182586 -5.217665e-05 -0.975891 0.218779 -0.0001303523 -0.9757743 0.07348403 0 -0.9972963 0.0741079 -9.138221e-05 -0.9972502 0.07348308 0 -0.9972965 0.07410689 -9.141411e-05 -0.9972502 0.2182586 -5.219473e-05 -0.9758909 0.2187817 -0.0001307993 -0.9757739 0.3585188 -0.0001305458 -0.9335225 0.358422 -0.0001152368 -0.9335597 0.491687 -3.453459e-05 -0.870772 0.4914817 0 -0.8708878 0.4914817 0 -0.8708879 0.491687 -3.453733e-05 -0.870772 0.3585188 -0.0001305403 -0.9335225 0.358422 -0.0001152458 -0.9335597 0.2182586 -5.218535e-05 -0.9758909 0.2187818 -0.0001307939 -0.9757738 0.07348308 0 -0.9972965 0.07410694 -9.139768e-05 -0.9972503 0.07348405 0 -0.9972965 0.07410786 -9.144263e-05 -0.9972503 0.2182586 -5.221114e-05 -0.975891 0.2187789 -0.0001304139 -0.9757744 0.3585146 -0.0001298937 -0.9335241 0.3584262 -0.000115937 -0.933558 0.4916926 -3.547843e-05 -0.8707688 0.4914818 0 -0.8708879 0.4914762 0 -0.870891 0.491687 -3.547732e-05 -0.8707719 0.3585145 -0.000129869 -0.9335242 0.3584262 -0.0001159346 -0.933558 0.2182586 -5.219162e-05 -0.975891 0.218779 -0.000130389 -0.9757745 0.07348403 0 -0.9972964 0.0741079 -9.140843e-05 -0.9972503 0.07348499 0 -0.9972963 0.07410882 -9.14472e-05 -0.9972501 0.2182586 -5.221389e-05 -0.9758909 0.2187789 -0.0001304189 -0.9757744 0.3585145 -0.0001298987 -0.9335241 0.3584262 -0.0001159388 -0.9335581 0.4916871 -3.547858e-05 -0.8707719 0.4914762 0 -0.870891 0.4914762 0 -0.870891 0.491687 -3.547575e-05 -0.870772 0.3585231 -0.000131226 -0.9335209 0.3584263 -0.0001159295 -0.933558 0.2182586 -5.301689e-05 -0.975891 0.218779 -0.0001312131 -0.9757744 0.07348307 0 -0.9972964 0.07410885 -9.168111e-05 -0.9972501 0.07348308 0 -0.9972965 0.07410884 -9.169823e-05 -0.9972502 0.2182586 -5.302678e-05 -0.9758909 0.2187789 -0.0001312216 -0.9757745 0.3585232 -0.0001312345 -0.9335209 0.3584263 -0.0001159228 -0.9335581 0.491687 -3.547369e-05 -0.870772 0.4914762 0 -0.870891 0.4914762 0 -0.870891 0.4916871 -3.546511e-05 -0.8707719 0.3585145 -0.0001298234 -0.9335241 0.3584263 -0.0001158947 -0.933558 0.2182586 -5.217451e-05 -0.9758909 0.218779 -0.0001303433 -0.9757744 0.073485 0 -0.9972963 0.07410883 -9.137819e-05 -0.9972501 0.07348308 0 -0.9972965 0.07410692 -9.138685e-05 -0.9972503 0.2182586 -5.217916e-05 -0.9758909 0.2187845 -0.0001311875 -0.9757732 0.3585232 -0.0001312004 -0.9335209 0.3584177 -0.0001145381 -0.9335613 0.4916871 -3.359185e-05 -0.8707719 0.4914873 0 -0.8708848 0.6339911 0 -0.7733403 0.6339912 0 -0.7733403 0.7733403 0 -0.6339912 0.7733403 0 -0.6339911 0.8763554 0.001348934 -0.4816632 0.872053 0 -0.4894114 0.9446018 0.00229521 -0.3282107 0.9362783 -0.001038846 -0.3512574 0.9859508 0.00317258 -0.1670061 0.9778366 -0.001671253 -0.2093627 0.9994531 0.00117554 -0.03304824 0.996918 -0.00177905 -0.07843062 0.996918 0.001779042 0.07843057 0.9994531 -0.001175539 0.03304821 0.9778367 0.001671234 0.2093627 0.9859508 -0.003172557 0.167006 0.9362783 0.001038828 0.3512574 0.9446018 -0.002295181 0.3282107 0.872053 -0 0.4894114 0.8763554 -0.001348916 0.4816632 0.872059 0 0.4894007 0.8763554 -0.001347137 0.4816632 0.9362782 0.00104021 0.3512575 0.944604 -0.002294953 0.3282039 0.9778355 0.001671048 0.2093684 0.996918 0.001778638 0.07843082 0.9859506 -0.003173059 0.1670065 0.9994531 0.001175526 -0.03304692 0.999453 -0.001175577 0.03304834 0.996918 -0.001778895 -0.07843058 0.9859501 0.003172516 -0.1670099 0.9778355 -0.001670948 -0.2093683 0.9446041 0.002294803 -0.3282039 0.9362783 -0.001040132 -0.3512575 0.8763554 0.001347031 -0.4816632 0.872059 0 -0.4894007 0.8763555 0.001349208 -0.4816629 0.872053 0 -0.4894114 0.9446044 0.002295599 -0.3282032 0.9362815 -0.001039207 -0.3512489 0.9859502 0.003173824 -0.1670093 0.9778355 -0.001671557 -0.2093679 0.999453 0.001175944 -0.03304822 0.996918 -0.001779652 -0.0784305 0.996918 0.001779623 0.07843032 0.9994531 -0.00117594 0.03304812 0.9778367 0.001671664 0.2093623 0.9859509 -0.003173534 0.1670054 0.9362785 0.00104035 0.3512571 0.9446044 -0.002295498 0.3282031 0.872059 -0 0.4894007 0.8763554 -0.001347307 0.481663 0.872059 0 0.4894007 0.8763554 -0.001347405 0.4816631 0.9362782 0.001040417 0.3512576 0.944604 -0.002295375 0.3282041 0.9778366 0.001671526 0.2093631 0.996918 0.001779229 0.07843082 0.9859506 -0.003172954 0.1670067 0.9994531 0.001175645 -0.03304828 0.9994531 -0.001175646 0.03304831 0.996918 -0.001779223 -0.07843079 0.98595 0.00317315 -0.1670104 0.9778354 -0.001671345 -0.2093685 0.944604 0.002295372 -0.3282042 0.9362814 -0.001039235 -0.3512494 0.8763553 0.00134926 -0.4816633 0.872053 0 -0.4894114 0.8763556 0.001347554 -0.4816628 0.872059 0 -0.4894007 0.9446046 0.002296098 -0.3282025 0.9362785 -0.001040552 -0.3512569 0.9859503 0.003174755 -0.1670086 0.9778356 -0.00167195 -0.2093674 0.9994531 0.001176417 -0.03304686 0.996918 -0.001780214 -0.07843021 0.996918 0.001779912 0.07843018 0.9994531 -0.001176462 0.0330481 0.9778356 0.001671934 0.2093673 0.985951 -0.00317517 0.1670048 0.9362786 0.001040533 0.3512569 0.9446046 -0.002296075 0.3282025 0.872059 -0 0.4894007 0.8763555 -0.001347533 0.4816628 0.872056 0 0.489406 0.8763529 -0.001347579 0.4816678 0.9362783 0.001040489 0.3512574 0.9446041 -0.002295599 0.3282039 0.977836 0.00167161 0.2093657 0.996918 0.001779453 0.07843074 0.9859504 -0.003173438 0.1670083 0.9994531 0.0011758 -0.03304827 0.9994531 -0.0011758 0.03304827 0.996918 -0.001779453 -0.07843075 0.9859504 0.003173438 -0.1670083 0.977836 -0.001671611 -0.2093657 0.9446041 0.002295597 -0.3282038 0.9362783 -0.00104049 -0.3512574 0.8763555 0.001347492 -0.481663 0.872059 0 -0.4894007 0.876353 0.001347625 -0.4816675 0.8720561 0 -0.489406 0.9446046 0.002296129 -0.3282023 0.9362785 -0.001040539 -0.3512568 0.9859506 0.00317478 -0.1670064 0.9778363 -0.001672074 -0.2093645 0.9994531 0.001176441 -0.03304745 0.996918 -0.001780301 -0.07843012 0.9969179 0.001780241 0.07843141 0.9994531 -0.001176464 0.03304811 0.9778363 0.001672095 0.2093646 0.9859506 -0.003174805 0.1670065 0.9362801 0.001039956 0.3512527 0.9446046 -0.002296165 0.3282023 0.8720561 -0 0.489406 0.8763556 -0.001348471 0.4816628 0.8720561 0 0.489406 0.8763553 -0.001348348 0.4816632 0.9362783 0.001039766 0.3512576 0.9446028 -0.002295525 0.3282076 0.977836 0.001671459 0.2093658 0.996918 0.001779252 0.07843082 0.9859503 -0.003173099 0.1670085 0.9994531 0.001175701 -0.03304763 0.9994531 -0.001175702 0.03304768 0.996918 -0.001779241 -0.07843075 0.9859501 0.003173169 -0.1670103 0.977836 -0.001671024 -0.2093657 0.9446041 0.002295972 -0.328204 0.9362783 -0.001039722 -0.3512575 0.8763555 0.001348289 -0.4816631 0.872056 0 -0.489406 0.8763555 0.001348235 -0.481663 0.8720559 0 -0.489406 0.9446043 0.002296131 -0.3282031 0.9362784 -0.001039688 -0.3512572 0.9859502 0.003173744 -0.1670091 0.9778361 -0.001671182 -0.209365 0.9994531 0.001175977 -0.03304751 0.996918 -0.001779621 -0.07843035 0.996918 0.001779641 0.07843048 0.9994531 -0.00117598 0.03304759 0.9778361 0.001671631 0.2093651 0.9859505 -0.003173697 0.1670074 0.9362784 0.001039723 0.3512571 0.9446031 -0.002295699 0.3282067 0.872056 -0 0.489406 0.8763555 -0.001348278 0.4816629 0.8720561 0 0.489406 0.8763554 -0.001347945 0.4816633 0.9362799 0.00103953 0.3512534 0.9446042 -0.0022948 0.3282039 0.977836 0.001671033 0.2093655 0.996918 0.001778894 0.07843058 0.9859504 -0.003172406 0.1670081 0.9994531 0.00117545 -0.03304834 0.9994531 -0.001175444 0.03304817 0.996918 -0.001778936 -0.07843082 0.9859504 0.003172526 -0.1670084 0.977836 -0.001671138 -0.2093657 0.944604 0.002294951 -0.3282039 0.9362783 -0.001040211 -0.3512575 0.8763527 0.001347225 -0.481668 0.8720561 0 -0.489406 0.8763554 0.001347073 -0.4816632 0.872059 0 -0.4894007 0.9446042 0.002294938 -0.3282036 0.9362783 -0.001040166 -0.3512574 0.9859505 0.00317266 -0.1670079 0.9778361 -0.001671145 -0.2093654 0.9994531 0.00117559 -0.0330479 0.996918 -0.001779006 -0.0784312 0.9969179 0.001779014 0.07843123 0.9994531 -0.001175591 0.03304793 0.977836 0.001671163 0.2093654 0.9859505 -0.003172683 0.167008 0.9362791 0.001039548 0.3512554 0.9446036 -0.002295029 0.3282054 0.8720561 -0 0.489406 0.8763553 -0.001348012 0.4816632 0.7733442 -0 0.6339864 0.7733442 0 0.6339864 0.6339912 0 0.7733403 0.6339912 -0 0.7733403 0.4816675 0.001349014 0.876353 0.4894162 0 0.8720503 0.3282006 0.002295764 0.9446053 0.3512519 -0.001038937 0.9362804 0.1670005 0.003174147 0.9859517 0.2093627 -0.001670319 0.9778366 0.03307667 0.001176551 0.9994522 0.07843848 -0.001776709 0.9969174 -0.07843845 0.001776701 0.9969174 -0.03307664 -0.001176549 0.9994521 -0.2093627 0.0016703 0.9778365 -0.1670005 -0.003174125 0.9859517 -0.3512519 0.001038923 0.9362804 -0.3282006 -0.002295735 0.9446053 -0.4894162 0 0.8720503 -0.4816675 -0.001348992 0.876353 -0.4894055 0 0.8720564 -0.4816675 -0.001347216 0.876353 -0.351252 0.001040307 0.9362803 -0.3281938 -0.00229551 0.9446076 -0.2093684 0.001670116 0.9778354 -0.07843868 0.001776297 0.9969173 -0.167001 -0.003174627 0.9859517 0.03307534 0.001176537 0.9994522 -0.03307677 -0.001176587 0.9994521 0.07843844 -0.001776555 0.9969174 0.1670044 0.003174081 0.9859511 0.2093682 -0.001670011 0.9778354 0.3281937 0.002295355 0.9446077 0.351252 -0.001040222 0.9362804 0.4816676 0.001347108 0.876353 0.4894055 0 0.8720564 0.4816673 0.001349279 0.8763531 0.4894161 0 0.8720503 0.3281931 0.002296136 0.9446079 0.3512435 -0.001039295 0.9362836 0.1670038 0.003175372 0.9859511 0.2093679 -0.001670609 0.9778355 0.03307664 0.00117695 0.9994521 0.07843835 -0.001777301 0.9969174 -0.07843822 0.00177728 0.9969174 -0.03307656 -0.001176947 0.9994521 -0.2093623 0.001670737 0.9778367 -0.1669999 -0.003175104 0.9859518 -0.3512517 0.001040456 0.9362805 -0.328193 -0.002296064 0.9446079 -0.4894055 0 0.8720564 -0.4816673 -0.001347397 0.876353 -0.4894055 0 0.8720564 -0.4816675 -0.001347451 0.876353 -0.3512521 0.00104049 0.9362804 -0.3281939 -0.002295905 0.9446076 -0.209363 0.001670579 0.9778366 -0.07843862 0.001776902 0.9969174 -0.167001 -0.003174529 0.9859517 0.03307673 0.001176673 0.9994522 -0.03307668 -0.001176671 0.9994521 0.07843869 -0.001776913 0.9969173 0.1670049 0.003174775 0.985951 0.2093685 -0.001670437 0.9778354 0.328194 0.002295962 0.9446076 0.3512439 -0.001039338 0.9362834 0.4816676 0.001349349 0.876353 0.4894162 0 0.8720503 0.481667 0.001347635 0.8763533 0.4894055 0 0.8720564 0.3281922 0.002296721 0.9446082 0.3512513 -0.001040648 0.9362806 0.1670029 0.003176481 0.9859513 0.2093673 -0.001671073 0.9778357 0.03307528 0.001177495 0.9994522 0.07843804 -0.001777969 0.9969174 -0.07843798 0.00177766 0.9969174 -0.0330765 -0.001177538 0.9994521 -0.2093672 0.001671051 0.9778357 -0.166999 -0.003176882 0.985952 -0.3512513 0.001040635 0.9362807 -0.3281922 -0.002296689 0.9446082 -0.4894054 0 0.8720563 -0.4816671 -0.001347616 0.8763532 -0.4894108 0 0.8720534 -0.4816721 -0.001347664 0.8763505 -0.351252 0.001040587 0.9362804 -0.3281937 -0.002296156 0.9446076 -0.2093657 0.001670677 0.977836 -0.07843861 0.001777114 0.9969174 -0.1670028 -0.003175009 0.9859514 0.0330767 0.001176811 0.9994521 -0.0330767 -0.001176811 0.9994521 0.07843861 -0.001777114 0.9969174 0.1670028 0.003175009 0.9859514 0.2093657 -0.001670677 0.977836 0.3281938 0.002296155 0.9446077 0.351252 -0.001040584 0.9362804 0.4816674 0.001347573 0.8763531 0.4894055 0 0.8720564 0.481672 0.001347703 0.8763506 0.4894108 0 0.8720534 0.3281924 0.00229663 0.9446081 0.3512514 -0.001040628 0.9362806 0.1670011 0.003176209 0.9859515 0.2093647 -0.00167109 0.9778362 0.03307652 0.001177347 0.9994521 0.07843806 -0.001777871 0.9969174 -0.07843809 0.001777873 0.9969174 -0.03307654 -0.001177347 0.9994521 -0.2093647 0.001671106 0.9778362 -0.1670012 -0.003176221 0.9859516 -0.3512473 0.001040051 0.9362822 -0.3281924 -0.002296657 0.9446081 -0.4894108 0 0.8720533 -0.4816672 -0.001348552 0.8763533 -0.4894108 0 0.8720534 -0.4816676 -0.00134842 0.876353 -0.3512521 0.001039857 0.9362803 -0.3281976 -0.00229605 0.9446063 -0.2093658 0.001670501 0.977836 -0.07843865 0.001776883 0.9969173 -0.167003 -0.003174614 0.9859512 0.0330761 0.001176698 0.9994521 -0.03307607 -0.001176697 0.9994521 0.07843869 -0.00177689 0.9969174 0.1670049 0.003174734 0.9859509 0.2093658 -0.001670105 0.977836 0.3281939 0.002296557 0.9446076 0.3512521 -0.001039844 0.9362804 0.4816675 0.001348404 0.876353 0.4894108 0 0.8720533 0.4816674 0.001348305 0.8763531 0.4894108 0 0.8720533 0.328193 0.00229668 0.9446079 0.3512517 -0.001039777 0.9362805 0.1670036 0.003175314 0.9859512 0.209365 -0.001670243 0.9778361 0.03307591 0.001176992 0.9994521 0.0784382 -0.001777284 0.9969174 -0.07843837 0.001777311 0.9969174 -0.03307603 -0.001176996 0.9994521 -0.2093651 0.001670713 0.9778361 -0.1670019 -0.003175289 0.9859514 -0.3512517 0.001039829 0.9362805 -0.3281965 -0.002296277 0.9446067 -0.4894108 0 0.8720533 -0.4816673 -0.001348368 0.8763531 -0.4894108 0 0.8720533 -0.4816676 -0.001348029 0.876353 -0.3512479 0.001039631 0.936282 -0.3281937 -0.002295362 0.9446076 -0.2093655 0.001670104 0.977836 -0.07843845 0.001776556 0.9969174 -0.1670025 -0.00317398 0.9859514 0.03307676 0.001176462 0.9994521 -0.03307659 -0.001176456 0.9994521 0.07843869 -0.001776598 0.9969174 0.1670029 0.003174098 0.9859513 0.2093657 -0.001670204 0.977836 0.3281938 0.002295509 0.9446076 0.351252 -0.001040305 0.9362804 0.4816723 0.001347307 0.8763504 0.4894108 0 0.8720533 0.4816675 0.001347158 0.876353 0.4894055 0 0.8720564 0.3281935 0.002295499 0.9446077 0.3512519 -0.001040263 0.9362804 0.1670024 0.003174233 0.9859514 0.2093654 -0.001670213 0.9778361 0.03307632 0.001176602 0.9994521 0.07843906 -0.001776668 0.9969173 -0.07843912 0.001776676 0.9969174 -0.03307635 -0.001176603 0.9994521 -0.2093654 0.001670233 0.977836 -0.1670024 -0.003174255 0.9859514 -0.3512499 0.001039647 0.9362811 -0.3281953 -0.00229559 0.9446071 -0.4894108 0 0.8720534 -0.4816675 -0.001348095 0.876353</float_array>
          <technique_common>
            <accessor count="2480" source="#cubenormals-array0-array" stride="3">
              <param type="float" name="X" />
              <param type="float" name="Y" />
              <param type="float" name="Z" />
            </accessor>
          </technique_common>
        </source>
        <vertices id="cubeverts-array0-vertices">
          <input semantic="POSITION" source="#cubeverts-array0" />
        </vertices>
        <triangles count="2480" material="ref_Part__Feature">
          <input offset="0" semantic="VERTEX" source="#cubeverts-array0-vertices" />
          <input offset="1" semantic="NORMAL" source="#cubenormals-array0" />
          <p>0 0 1 0 2 0 3 1 1 1 0 1 4 2 3 2 0 2 5 3 3 3 4 3 6 4 5 4 4 4 7 5 5 5 6 5 8 6 7 6 6 6 9 7 7 7 8 7 10 8 11 8 12 8 12 9 11 9 13 9 13 10 14 10 15 10 11 11 14 11 13 11 15 12 16 12 17 12 14 13 16 13 15 13 17 14 18 14 19 14 16 15 18 15 17 15 20 16 21 16 22 16 23 17 21 17 20 17 24 18 23 18 20 18 25 19 23 19 24 19 26 20 25 20 24 20 27 21 25 21 26 21 28 22 27 22 26 22 29 23 27 23 28 23 30 24 31 24 32 24 32 25 31 25 33 25 33 26 34 26 35 26 31 27 34 27 33 27 35 28 36 28 37 28 34 29 36 29 35 29 37 30 38 30 39 30 36 31 38 31 37 31 40 32 41 32 42 32 43 33 41 33 40 33 44 34 43 34 40 34 45 35 43 35 44 35 46 36 45 36 44 36 47 37 45 37 46 37 48 38 47 38 46 38 49 39 47 39 48 39 50 40 51 40 52 40 52 41 51 41 53 41 53 42 54 42 55 42 51 43 54 43 53 43 55 44 56 44 57 44 54 45 56 45 55 45 57 46 58 46 59 46 56 47 58 47 57 47 60 48 61 48 62 48 63 49 61 49 60 49 64 50 63 50 60 50 65 51 63 51 64 51 66 52 65 52 64 52 67 53 65 53 66 53 68 54 67 54 66 54 69 55 67 55 68 55 70 56 71 56 72 56 72 57 71 57 73 57 73 58 74 58 75 58 71 59 74 59 73 59 75 60 76 60 77 60 74 61 76 61 75 61 77 62 78 62 79 62 76 63 78 63 77 63 80 64 81 64 82 64 83 65 81 65 80 65 84 66 83 66 80 66 85 67 83 67 84 67 86 68 85 68 84 68 87 69 85 69 86 69 88 70 87 70 86 70 89 71 87 71 88 71 90 72 91 72 92 72 92 73 91 73 93 73 93 74 94 74 95 74 91 75 94 75 93 75 95 76 96 76 97 76 94 77 96 77 95 77 97 78 98 78 99 78 96 79 98 79 97 79 100 80 101 80 102 80 103 81 101 81 100 81 104 82 103 82 100 82 105 83 103 83 104 83 106 84 105 84 104 84 107 85 105 85 106 85 108 86 107 86 106 86 109 87 107 87 108 87 110 88 111 88 112 88 112 89 111 89 113 89 114 90 115 90 116 90 116 91 115 91 117 91 118 92 119 92 120 92 120 93 119 93 121 93 122 94 123 94 124 94 124 95 123 95 125 95 126 96 127 96 128 96 126 97 129 97 127 97 130 98 131 98 132 98 130 99 133 99 131 99 134 100 135 100 136 100 136 101 135 101 137 101 138 102 139 102 140 102 138 103 141 103 139 103 142 104 143 104 144 104 142 105 145 105 143 105 146 106 147 106 148 106 146 107 149 107 147 107 150 108 151 108 152 108 152 109 151 109 153 109 154 110 155 110 156 110 156 111 155 111 157 111 158 112 159 112 160 112 160 113 159 113 161 113 162 114 163 114 164 114 162 115 165 115 163 115 166 116 167 116 168 116 168 117 167 117 169 117 170 118 171 118 172 118 172 119 171 119 173 119 174 120 175 120 176 120 176 121 175 121 177 121 178 122 179 122 180 122 178 123 181 123 179 123 182 124 183 124 184 124 182 125 185 125 183 125 186 126 187 126 188 126 188 127 187 127 189 127 190 128 191 128 192 128 192 129 191 129 193 129 78 130 62 130 79 130 79 131 62 131 61 131 194 132 195 132 196 132 194 133 197 133 195 133 98 134 82 134 99 134 99 135 82 135 81 135 198 136 199 136 200 136 200 137 199 137 201 137 202 138 102 138 203 138 203 139 102 139 101 139 204 140 205 140 206 140 204 141 207 141 205 141 208 142 209 142 210 142 208 143 211 143 209 143 18 144 1 144 19 144 18 145 2 145 1 145 212 146 213 146 214 146 214 147 213 147 215 147 38 148 21 148 39 148 38 149 22 149 21 149 216 150 217 150 218 150 216 151 219 151 217 151 58 152 42 152 59 152 59 153 42 153 41 153 220 154 221 154 222 154 220 155 223 155 221 155 224 156 225 156 226 156 226 157 225 157 227 157 228 158 229 158 230 158 230 159 229 159 231 159 232 160 233 160 234 160 234 161 233 161 235 161 236 162 237 162 238 162 236 163 239 163 237 163 240 164 241 164 242 164 242 165 241 165 243 165 244 166 245 166 246 166 244 167 247 167 245 167 248 168 249 168 250 168 248 169 251 169 249 169 252 170 253 170 254 170 252 171 255 171 253 171 256 172 257 172 258 172 258 173 257 173 259 173 260 174 261 174 262 174 260 175 263 175 261 175 264 176 265 176 266 176 264 177 267 177 265 177 268 178 269 178 270 178 270 179 269 179 271 179 272 180 273 180 274 180 272 181 275 181 273 181 276 182 277 182 278 182 276 183 279 183 277 183 280 184 281 184 282 184 282 185 281 185 283 185 284 186 285 186 286 186 286 187 285 187 287 187 288 188 289 188 290 188 290 189 289 189 291 189 292 190 293 190 294 190 294 191 293 191 295 191 104 192 100 192 102 192 296 193 297 193 298 193 299 194 108 194 106 194 300 195 297 195 296 195 300 196 166 196 301 196 300 197 301 197 302 197 300 198 302 198 297 198 303 199 299 199 106 199 303 200 106 200 104 200 304 201 166 201 300 201 305 202 303 202 104 202 171 203 166 203 304 203 198 204 305 204 104 204 198 205 104 205 102 205 170 206 166 206 171 206 170 207 167 207 166 207 199 208 198 208 102 208 199 209 102 209 202 209 84 210 80 210 82 210 306 211 307 211 308 211 309 212 88 212 86 212 310 213 307 213 306 213 310 214 174 214 311 214 310 215 311 215 312 215 310 216 312 216 307 216 313 217 309 217 86 217 313 218 86 218 84 218 314 219 174 219 310 219 315 220 313 220 84 220 181 221 174 221 314 221 181 222 175 222 174 222 194 223 84 223 82 223 194 224 82 224 98 224 194 225 315 225 84 225 178 226 175 226 181 226 197 227 194 227 98 227 64 228 60 228 62 228 316 229 317 229 318 229 319 230 68 230 66 230 320 231 182 231 321 231 320 232 321 232 322 232 320 233 322 233 317 233 320 234 317 234 316 234 323 235 319 235 66 235 323 236 66 236 64 236 324 237 182 237 320 237 325 238 323 238 64 238 187 239 182 239 324 239 190 240 64 240 62 240 190 241 325 241 64 241 44 242 40 242 42 242 326 243 327 243 328 243 329 244 48 244 46 244 330 245 138 245 331 245 330 246 331 246 332 246 330 247 332 247 327 247 330 248 327 248 326 248 333 249 46 249 44 249 333 250 329 250 46 250 334 251 138 251 330 251 335 252 333 252 44 252 145 253 138 253 334 253 216 254 44 254 42 254 216 255 335 255 44 255 24 256 20 256 22 256 336 257 337 257 338 257 339 258 28 258 26 258 340 259 337 259 336 259 340 260 146 260 341 260 340 261 341 261 342 261 340 262 342 262 337 262 343 263 339 263 26 263 343 264 26 264 24 264 344 265 146 265 340 265 345 266 343 266 24 266 151 267 146 267 344 267 212 268 24 268 22 268 212 269 345 269 24 269 150 270 149 270 146 270 150 271 146 271 151 271 213 272 212 272 22 272 213 273 22 273 38 273 4 274 0 274 2 274 346 275 347 275 348 275 349 276 8 276 6 276 350 277 154 277 351 277 350 278 351 278 352 278 350 279 352 279 347 279 350 280 347 280 346 280 353 281 349 281 6 281 353 282 6 282 4 282 354 283 154 283 350 283 355 284 353 284 4 284 159 285 154 285 354 285 159 286 155 286 154 286 208 287 2 287 18 287 208 288 4 288 2 288 208 289 355 289 4 289 158 290 155 290 159 290 211 291 208 291 18 291 356 292 357 292 358 292 359 293 360 293 361 293 359 294 361 294 362 294 363 295 357 295 356 295 363 296 114 296 364 296 363 297 364 297 365 297 363 298 365 298 357 298 366 299 359 299 362 299 367 300 114 300 363 300 368 301 366 301 362 301 119 302 114 302 367 302 236 303 368 303 362 303 236 304 362 304 369 304 236 305 369 305 241 305 118 306 114 306 119 306 118 307 115 307 114 307 239 308 236 308 241 308 239 309 241 309 240 309 370 310 371 310 372 310 373 311 374 311 375 311 373 312 375 312 376 312 377 313 371 313 370 313 377 314 122 314 378 314 377 315 378 315 379 315 377 316 379 316 371 316 380 317 373 317 376 317 381 318 122 318 377 318 382 319 380 319 376 319 129 320 122 320 381 320 129 321 123 321 122 321 228 322 382 322 376 322 228 323 376 323 383 323 228 324 383 324 233 324 126 325 123 325 129 325 229 326 228 326 233 326 229 327 233 327 232 327 384 328 385 328 386 328 387 329 388 329 389 329 387 330 389 330 390 330 391 331 130 331 392 331 391 332 392 332 393 332 391 333 393 333 385 333 391 334 385 334 384 334 394 335 387 335 390 335 395 336 130 336 391 336 396 337 394 337 390 337 135 338 130 338 395 338 220 339 396 339 390 339 220 340 390 340 397 340 220 341 397 341 225 341 398 342 399 342 400 342 401 343 402 343 403 343 401 344 403 344 404 344 405 345 272 345 406 345 405 346 406 346 407 346 405 347 407 347 399 347 405 348 399 348 398 348 408 349 401 349 404 349 409 350 272 350 405 350 410 351 408 351 404 351 279 352 272 352 409 352 264 353 404 353 411 353 264 354 411 354 269 354 264 355 410 355 404 355 412 356 413 356 414 356 415 357 416 357 417 357 415 358 417 358 418 358 419 359 413 359 412 359 419 360 280 360 420 360 419 361 420 361 421 361 419 362 421 362 413 362 422 363 415 363 418 363 423 364 280 364 419 364 424 365 422 365 418 365 285 366 281 366 280 366 285 367 280 367 423 367 256 368 424 368 418 368 256 369 418 369 425 369 256 370 425 370 263 370 256 371 263 371 260 371 284 372 281 372 285 372 257 373 256 373 260 373 426 374 427 374 428 374 429 375 430 375 431 375 429 376 431 376 432 376 433 377 427 377 426 377 433 378 288 378 434 378 433 379 434 379 435 379 433 380 435 380 427 380 436 381 429 381 432 381 437 382 288 382 433 382 438 383 436 383 432 383 293 384 288 384 437 384 293 385 289 385 288 385 248 386 438 386 432 386 248 387 432 387 439 387 248 388 439 388 255 388 248 389 255 389 252 389 292 390 289 390 293 390 251 391 248 391 252 391 440 392 94 392 91 392 440 393 91 393 90 393 440 394 90 394 441 394 440 395 167 395 170 395 440 396 441 396 442 396 440 397 442 397 443 397 440 398 199 398 202 398 440 399 443 399 199 399 440 400 202 400 165 400 440 401 165 401 162 401 440 402 162 402 167 402 440 403 170 403 444 403 440 404 444 404 445 404 440 405 445 405 446 405 440 406 446 406 447 406 440 407 447 407 448 407 440 408 448 408 449 408 450 409 178 409 451 409 450 410 452 410 175 410 450 411 175 411 178 411 453 412 197 412 98 412 453 413 454 413 197 413 453 414 98 414 96 414 455 415 456 415 457 415 458 416 459 416 460 416 458 417 461 417 459 417 462 418 463 418 464 418 462 419 464 419 465 419 466 420 456 420 455 420 467 421 462 421 465 421 467 422 465 422 468 422 469 423 456 423 466 423 469 424 470 424 456 424 471 425 460 425 463 425 471 426 458 426 460 426 472 427 455 427 461 427 472 428 461 428 458 428 473 429 149 429 150 429 473 430 150 430 474 430 473 431 474 431 475 431 473 432 475 432 476 432 477 433 213 433 38 433 477 434 478 434 479 434 477 435 479 435 480 435 477 436 480 436 213 436 481 437 468 437 482 437 481 438 467 438 468 438 483 439 484 439 470 439 483 440 470 440 469 440 485 441 471 441 463 441 485 442 463 442 462 442 486 443 466 443 455 443 486 444 455 444 472 444 487 445 458 445 471 445 487 446 472 446 458 446 488 447 467 447 481 447 488 448 462 448 467 448 488 449 485 449 462 449 489 450 466 450 486 450 489 451 469 451 466 451 489 452 483 452 469 452 490 453 471 453 485 453 490 454 487 454 471 454 491 455 472 455 487 455 491 456 486 456 472 456 492 457 488 457 481 457 493 458 483 458 489 458 494 459 155 459 158 459 494 460 473 460 476 460 494 461 476 461 495 461 494 462 495 462 496 462 494 463 496 463 497 463 494 464 497 464 498 464 494 465 498 465 155 465 494 466 158 466 111 466 494 467 111 467 110 467 494 468 115 468 118 468 494 469 110 469 115 469 494 470 118 470 499 470 494 471 499 471 500 471 494 472 500 472 501 472 494 473 501 473 502 473 494 474 502 474 503 474 494 475 503 475 504 475 494 476 504 476 505 476 506 477 211 477 18 477 506 478 507 478 508 478 506 479 508 479 509 479 506 480 509 480 510 480 506 481 510 481 511 481 506 482 511 482 512 482 506 483 512 483 513 483 506 484 513 484 239 484 506 485 240 485 207 485 506 486 207 486 204 486 506 487 204 487 211 487 506 488 18 488 16 488 506 489 478 489 477 489 506 490 16 490 14 490 506 491 14 491 11 491 506 492 11 492 10 492 506 493 10 493 478 493 506 494 239 494 240 494 514 495 491 495 487 495 514 496 487 496 490 496 515 497 488 497 492 497 515 498 485 498 488 498 515 499 490 499 485 499 515 500 514 500 490 500 516 501 491 501 514 501 516 502 486 502 491 502 516 503 489 503 486 503 517 504 481 504 518 504 517 505 492 505 481 505 519 506 520 506 483 506 519 507 483 507 493 507 521 508 514 508 515 508 522 509 514 509 521 509 522 510 516 510 514 510 523 511 515 511 492 511 524 512 489 512 516 512 524 513 493 513 489 513 525 514 522 514 521 514 526 515 523 515 492 515 526 516 492 516 517 516 527 517 519 517 493 517 527 518 493 518 524 518 528 519 523 519 526 519 528 520 521 520 515 520 528 521 515 521 523 521 529 522 527 522 524 522 529 523 524 523 516 523 529 524 516 524 522 524 530 525 517 525 518 525 531 526 528 526 526 526 532 527 527 527 529 527 533 528 525 528 521 528 533 529 521 529 528 529 533 530 528 530 531 530 534 531 532 531 529 531 534 532 522 532 525 532 534 533 529 533 522 533 535 534 533 534 531 534 536 535 532 535 534 535 537 536 534 536 525 536 537 537 536 537 534 537 537 538 525 538 533 538 538 539 517 539 530 539 539 540 537 540 533 540 539 541 533 541 535 541 540 542 536 542 537 542 541 543 494 543 505 543 541 544 123 544 126 544 541 545 505 545 123 545 541 546 126 546 542 546 543 547 544 547 545 547 543 548 229 548 232 548 543 549 546 549 229 549 543 550 232 550 507 550 543 551 507 551 506 551 547 552 526 552 517 552 547 553 517 553 538 553 548 554 527 554 532 554 549 555 537 555 539 555 549 556 540 556 537 556 550 557 535 557 531 557 550 558 531 558 526 558 550 559 526 559 547 559 551 560 548 560 532 560 551 561 532 561 536 561 552 562 547 562 538 562 552 563 538 563 530 563 552 564 530 564 541 564 553 565 543 565 545 565 554 566 535 566 550 566 555 567 551 567 536 567 556 568 550 568 547 568 556 569 547 569 552 569 557 570 553 570 545 570 557 571 545 571 548 571 558 572 535 572 554 572 558 573 539 573 535 573 558 574 549 574 539 574 559 575 555 575 536 575 559 576 536 576 540 576 560 577 549 577 558 577 561 578 559 578 540 578 561 579 540 579 549 579 562 580 550 580 556 580 563 581 548 581 551 581 563 582 557 582 548 582 564 583 554 583 550 583 564 584 550 584 562 584 565 585 563 585 551 585 565 586 551 586 555 586 566 587 558 587 554 587 566 588 554 588 564 588 567 589 565 589 555 589 567 590 555 590 559 590 568 591 560 591 558 591 568 592 558 592 566 592 569 593 559 593 561 593 569 594 567 594 559 594 570 595 284 595 571 595 570 596 571 596 572 596 570 597 572 597 573 597 570 598 281 598 284 598 574 599 257 599 260 599 574 600 575 600 576 600 574 601 576 601 577 601 574 602 577 602 257 602 578 603 579 603 570 603 578 604 251 604 252 604 578 605 289 605 292 605 578 606 570 606 573 606 578 607 574 607 579 607 578 608 573 608 580 608 578 609 580 609 581 609 578 610 575 610 574 610 578 611 581 611 582 611 578 612 582 612 583 612 578 613 583 613 289 613 578 614 292 614 247 614 578 615 247 615 244 615 578 616 244 616 251 616 578 617 252 617 584 617 578 618 584 618 585 618 578 619 585 619 586 619 578 620 586 620 587 620 578 621 587 621 575 621 588 622 451 622 589 622 588 623 589 623 590 623 588 624 590 624 591 624 588 625 591 625 592 625 588 626 592 626 593 626 588 627 593 627 594 627 588 628 450 628 451 628 588 629 595 629 450 629 596 630 76 630 74 630 596 631 74 631 71 631 596 632 71 632 70 632 596 633 70 633 597 633 596 634 597 634 598 634 596 635 598 635 454 635 596 636 454 636 453 636 596 637 453 637 599 637 600 638 595 638 588 638 601 639 596 639 599 639 602 640 185 640 182 640 602 641 594 641 185 641 602 642 595 642 600 642 602 643 600 643 588 643 602 644 588 644 594 644 603 645 601 645 599 645 603 646 76 646 596 646 603 647 62 647 78 647 603 648 78 648 76 648 603 649 596 649 601 649 604 650 187 650 186 650 604 651 602 651 182 651 604 652 182 652 187 652 604 653 464 653 595 653 604 654 595 654 602 654 605 655 62 655 603 655 605 656 191 656 190 656 605 657 603 657 599 657 605 658 190 658 62 658 605 659 599 659 457 659 606 660 186 660 607 660 606 661 607 661 608 661 606 662 608 662 609 662 606 663 604 663 186 663 610 664 611 664 612 664 610 665 612 665 613 665 610 666 613 666 191 666 610 667 191 667 605 667 614 668 610 668 605 668 614 669 605 669 457 669 615 670 464 670 604 670 615 671 604 671 606 671 616 672 614 672 457 672 616 673 610 673 614 673 617 674 615 674 606 674 617 675 464 675 615 675 618 676 616 676 457 676 618 677 457 677 456 677 618 678 610 678 616 678 619 679 617 679 606 679 619 680 464 680 617 680 619 681 465 681 464 681 620 682 621 682 459 682 622 683 610 683 618 683 622 684 50 684 611 684 622 685 618 685 456 685 622 686 611 686 610 686 623 687 609 687 624 687 623 688 465 688 619 688 623 689 606 689 609 689 623 690 619 690 606 690 625 691 465 691 623 691 626 692 622 692 456 692 627 693 465 693 625 693 627 694 625 694 623 694 628 695 50 695 622 695 628 696 51 696 50 696 628 697 626 697 456 697 628 698 622 698 626 698 629 699 623 699 624 699 629 700 627 700 623 700 629 701 624 701 630 701 629 702 630 702 631 702 629 703 465 703 627 703 632 704 628 704 456 704 632 705 456 705 470 705 633 706 468 706 465 706 633 707 465 707 629 707 634 708 632 708 470 708 635 709 468 709 633 709 636 710 634 710 470 710 637 711 635 711 633 711 637 712 631 712 638 712 637 713 638 713 141 713 637 714 633 714 629 714 637 715 629 715 631 715 639 716 632 716 634 716 639 717 58 717 56 717 639 718 56 718 54 718 639 719 54 719 51 719 639 720 51 720 628 720 639 721 628 721 632 721 639 722 634 722 636 722 640 723 463 723 460 723 640 724 464 724 463 724 640 725 460 725 459 725 640 726 459 726 621 726 640 727 621 727 450 727 640 728 450 728 595 728 640 729 595 729 464 729 641 730 620 730 459 730 641 731 461 731 455 731 641 732 459 732 461 732 641 733 453 733 620 733 641 734 455 734 457 734 641 735 457 735 599 735 641 736 599 736 453 736 642 737 635 737 637 737 642 738 141 738 138 738 642 739 482 739 468 739 642 740 468 740 635 740 642 741 637 741 141 741 643 742 42 742 58 742 643 743 58 743 639 743 643 744 470 744 484 744 643 745 636 745 470 745 643 746 639 746 636 746 644 747 145 747 142 747 644 748 645 748 482 748 644 749 138 749 145 749 644 750 482 750 642 750 644 751 642 751 138 751 646 752 219 752 216 752 646 753 643 753 484 753 646 754 216 754 42 754 646 755 484 755 647 755 646 756 42 756 643 756 648 757 644 757 142 757 648 758 142 758 649 758 648 759 649 759 650 759 651 760 652 760 653 760 651 761 653 761 219 761 651 762 219 762 646 762 654 763 651 763 646 763 655 764 644 764 648 764 656 765 646 765 647 765 656 766 654 766 646 766 656 767 651 767 654 767 657 768 644 768 655 768 657 769 645 769 644 769 658 770 656 770 647 770 659 771 645 771 657 771 660 772 645 772 659 772 661 773 658 773 647 773 662 774 645 774 660 774 662 775 660 775 659 775 663 776 36 776 34 776 663 777 34 777 31 777 663 778 31 778 30 778 663 779 647 779 477 779 663 780 30 780 664 780 663 781 664 781 652 781 663 782 651 782 656 782 663 783 656 783 658 783 663 784 658 784 661 784 663 785 652 785 651 785 663 786 477 786 38 786 663 787 661 787 647 787 663 788 38 788 36 788 665 789 655 789 648 789 665 790 149 790 473 790 665 791 650 791 666 791 665 792 666 792 667 792 665 793 667 793 668 793 665 794 668 794 669 794 665 795 669 795 670 795 665 796 670 796 149 796 665 797 657 797 655 797 665 798 648 798 650 798 665 799 645 799 662 799 665 800 662 800 659 800 665 801 473 801 645 801 665 802 659 802 657 802 671 803 518 803 481 803 671 804 481 804 482 804 671 805 482 805 645 805 671 806 530 806 518 806 671 807 645 807 473 807 672 808 477 808 647 808 672 809 483 809 520 809 672 810 647 810 484 810 672 811 484 811 483 811 673 812 494 812 541 812 673 813 671 813 473 813 673 814 530 814 671 814 673 815 473 815 494 815 673 816 541 816 530 816 674 817 543 817 506 817 674 818 506 818 477 818 674 819 544 819 543 819 674 820 477 820 672 820 674 821 672 821 544 821 675 822 545 822 544 822 675 823 527 823 548 823 675 824 519 824 527 824 675 825 520 825 519 825 675 826 672 826 520 826 675 827 544 827 672 827 675 828 548 828 545 828 676 829 677 829 678 829 676 830 678 830 679 830 676 831 552 831 541 831 676 832 541 832 542 832 676 833 542 833 680 833 676 834 680 834 681 834 676 835 681 835 682 835 676 836 682 836 677 836 683 837 684 837 685 837 683 838 685 838 686 838 683 839 686 839 687 839 683 840 687 840 688 840 683 841 688 841 689 841 683 842 689 842 546 842 683 843 543 843 553 843 683 844 546 844 543 844 690 845 552 845 676 845 691 846 683 846 553 846 692 847 679 847 133 847 692 848 133 848 130 848 692 849 676 849 679 849 692 850 690 850 676 850 692 851 552 851 690 851 693 852 684 852 683 852 693 853 225 853 224 853 693 854 224 854 684 854 693 855 683 855 691 855 693 856 691 856 553 856 694 857 549 857 560 857 694 858 561 858 549 858 695 859 135 859 134 859 695 860 556 860 552 860 695 861 130 861 135 861 695 862 692 862 130 862 695 863 552 863 692 863 696 864 220 864 225 864 696 865 225 865 693 865 696 866 223 866 220 866 696 867 553 867 557 867 696 868 693 868 553 868 697 869 134 869 698 869 697 870 698 870 699 870 697 871 699 871 700 871 697 872 695 872 134 872 701 873 223 873 696 873 701 874 702 874 703 874 701 875 703 875 223 875 704 876 695 876 697 876 704 877 556 877 695 877 705 878 701 878 696 878 705 879 696 879 557 879 706 880 556 880 704 880 706 881 704 881 697 881 707 882 701 882 705 882 707 883 705 883 557 883 707 884 557 884 563 884 708 885 556 885 706 885 708 886 706 886 697 886 708 887 562 887 556 887 709 888 701 888 707 888 709 889 710 889 711 889 709 890 711 890 702 890 709 891 707 891 563 891 709 892 702 892 701 892 712 893 700 893 713 893 712 894 562 894 708 894 712 895 708 895 697 895 712 896 697 896 700 896 714 897 709 897 563 897 715 898 562 898 712 898 716 899 714 899 563 899 717 900 715 900 712 900 717 901 562 901 715 901 718 902 709 902 714 902 718 903 716 903 563 903 718 904 719 904 710 904 718 905 714 905 716 905 718 906 710 906 709 906 720 907 712 907 713 907 720 908 713 908 721 908 720 909 721 909 722 909 720 910 562 910 717 910 720 911 717 911 712 911 723 912 718 912 563 912 723 913 563 913 565 913 724 914 564 914 562 914 724 915 562 915 720 915 725 916 723 916 565 916 726 917 564 917 724 917 727 918 725 918 565 918 728 919 720 919 722 919 728 920 722 920 729 920 728 921 729 921 275 921 728 922 724 922 720 922 728 923 726 923 724 923 730 924 268 924 731 924 730 925 731 925 732 925 730 926 732 926 719 926 730 927 718 927 723 927 730 928 723 928 725 928 730 929 719 929 718 929 730 930 725 930 727 930 733 931 728 931 275 931 733 932 275 932 272 932 733 933 564 933 726 933 733 934 726 934 728 934 733 935 566 935 564 935 734 936 269 936 268 936 734 937 268 937 730 937 734 938 727 938 565 938 734 939 730 939 727 939 734 940 565 940 567 940 735 941 570 941 579 941 735 942 560 942 568 942 735 943 694 943 560 943 735 944 579 944 694 944 736 945 569 945 561 945 736 946 579 946 574 946 736 947 561 947 694 947 736 948 694 948 579 948 737 949 279 949 276 949 737 950 568 950 566 950 737 951 733 951 272 951 737 952 272 952 279 952 737 953 566 953 733 953 738 954 267 954 264 954 738 955 567 955 569 955 738 956 269 956 734 956 738 957 734 957 567 957 738 958 264 958 269 958 739 959 276 959 740 959 739 960 740 960 741 960 739 961 737 961 276 961 742 962 743 962 744 962 742 963 744 963 267 963 742 964 267 964 738 964 745 965 737 965 739 965 746 966 742 966 738 966 747 967 568 967 737 967 747 968 737 968 745 968 748 969 742 969 746 969 748 970 738 970 569 970 748 971 746 971 738 971 749 972 568 972 747 972 750 973 748 973 569 973 751 974 568 974 749 974 752 975 750 975 569 975 753 976 568 976 751 976 753 977 751 977 749 977 754 978 742 978 748 978 754 979 755 979 756 979 754 980 756 980 757 980 754 981 757 981 743 981 754 982 748 982 750 982 754 983 752 983 569 983 754 984 574 984 260 984 754 985 743 985 742 985 754 986 736 986 574 986 754 987 569 987 736 987 754 988 750 988 752 988 754 989 260 989 758 989 754 990 758 990 759 990 754 991 759 991 755 991 760 992 747 992 745 992 760 993 570 993 735 993 760 994 749 994 747 994 760 995 281 995 570 995 760 996 753 996 749 996 760 997 568 997 753 997 760 998 741 998 761 998 760 999 761 999 762 999 760 1000 739 1000 741 1000 760 1001 762 1001 763 1001 760 1002 763 1002 764 1002 760 1003 764 1003 765 1003 760 1004 765 1004 281 1004 760 1005 735 1005 568 1005 760 1006 745 1006 739 1006 766 1007 440 1007 449 1007 766 1008 450 1008 621 1008 766 1009 449 1009 452 1009 766 1010 452 1010 450 1010 767 1011 766 1011 621 1011 767 1012 96 1012 94 1012 767 1013 440 1013 766 1013 767 1014 453 1014 96 1014 767 1015 620 1015 453 1015 767 1016 621 1016 620 1016 767 1017 94 1017 440 1017 768 1018 769 1018 770 1018 771 1019 769 1019 768 1019 107 1020 772 1020 105 1020 109 1021 772 1021 107 1021 771 1022 773 1022 769 1022 772 1023 774 1023 105 1023 103 1024 774 1024 101 1024 105 1025 774 1025 103 1025 771 1026 775 1026 773 1026 771 1027 173 1027 775 1027 776 1028 173 1028 771 1028 168 1029 173 1029 776 1029 774 1030 200 1030 101 1030 777 1031 200 1031 774 1031 168 1032 172 1032 173 1032 169 1033 172 1033 168 1033 200 1034 201 1034 101 1034 101 1035 201 1035 203 1035 778 1036 779 1036 780 1036 781 1037 779 1037 778 1037 87 1038 782 1038 85 1038 89 1039 782 1039 87 1039 781 1040 783 1040 779 1040 83 1041 784 1041 81 1041 85 1042 784 1042 83 1042 782 1043 784 1043 85 1043 781 1044 785 1044 783 1044 781 1045 179 1045 785 1045 786 1046 179 1046 781 1046 176 1047 179 1047 786 1047 787 1048 196 1048 784 1048 784 1049 196 1049 81 1049 176 1050 180 1050 179 1050 177 1051 180 1051 176 1051 196 1052 195 1052 81 1052 81 1053 195 1053 99 1053 788 1054 789 1054 790 1054 791 1055 789 1055 788 1055 67 1056 792 1056 65 1056 69 1057 792 1057 67 1057 791 1058 793 1058 789 1058 63 1059 794 1059 61 1059 65 1060 794 1060 63 1060 792 1061 794 1061 65 1061 791 1062 795 1062 793 1062 796 1063 189 1063 791 1063 184 1064 189 1064 796 1064 791 1065 189 1065 795 1065 794 1066 192 1066 61 1066 797 1067 192 1067 794 1067 798 1068 799 1068 800 1068 801 1069 799 1069 798 1069 47 1070 802 1070 45 1070 49 1071 802 1071 47 1071 801 1072 803 1072 799 1072 43 1073 804 1073 41 1073 45 1074 804 1074 43 1074 802 1075 804 1075 45 1075 801 1076 805 1076 803 1076 806 1077 143 1077 801 1077 140 1078 143 1078 806 1078 801 1079 143 1079 805 1079 807 1080 218 1080 804 1080 804 1081 218 1081 41 1081 808 1082 809 1082 810 1082 811 1083 809 1083 808 1083 27 1084 812 1084 25 1084 29 1085 812 1085 27 1085 811 1086 813 1086 809 1086 812 1087 814 1087 25 1087 23 1088 814 1088 21 1088 25 1089 814 1089 23 1089 811 1090 815 1090 813 1090 147 1091 153 1091 148 1091 816 1092 153 1092 811 1092 811 1093 153 1093 815 1093 148 1094 153 1094 816 1094 814 1095 214 1095 21 1095 817 1096 214 1096 814 1096 21 1097 214 1097 39 1097 147 1098 152 1098 153 1098 214 1099 215 1099 39 1099 818 1100 819 1100 820 1100 821 1101 819 1101 818 1101 7 1102 822 1102 5 1102 9 1103 822 1103 7 1103 821 1104 823 1104 819 1104 3 1105 824 1105 1 1105 5 1106 824 1106 3 1106 822 1107 824 1107 5 1107 821 1108 825 1108 823 1108 157 1109 161 1109 156 1109 826 1110 161 1110 821 1110 156 1111 161 1111 826 1111 821 1112 161 1112 825 1112 824 1113 210 1113 1 1113 827 1114 210 1114 824 1114 1 1115 210 1115 19 1115 157 1116 160 1116 161 1116 210 1117 209 1117 19 1117 828 1118 829 1118 830 1118 831 1119 832 1119 833 1119 834 1120 832 1120 831 1120 829 1121 835 1121 830 1121 836 1122 835 1122 243 1122 837 1123 835 1123 836 1123 830 1124 835 1124 837 1124 834 1125 838 1125 832 1125 835 1126 839 1126 243 1126 834 1127 840 1127 838 1127 834 1128 121 1128 840 1128 841 1129 121 1129 834 1129 116 1130 121 1130 841 1130 839 1131 238 1131 243 1131 116 1132 120 1132 121 1132 117 1133 120 1133 116 1133 238 1134 237 1134 243 1134 243 1135 237 1135 242 1135 842 1136 843 1136 844 1136 845 1137 846 1137 847 1137 848 1138 846 1138 845 1138 843 1139 849 1139 844 1139 850 1140 849 1140 235 1140 851 1141 849 1141 850 1141 844 1142 849 1142 851 1142 848 1143 852 1143 846 1143 849 1144 853 1144 235 1144 848 1145 854 1145 852 1145 848 1146 127 1146 854 1146 855 1147 127 1147 848 1147 124 1148 127 1148 855 1148 853 1149 230 1149 235 1149 235 1150 230 1150 234 1150 124 1151 128 1151 127 1151 125 1152 128 1152 124 1152 230 1153 231 1153 234 1153 856 1154 857 1154 858 1154 859 1155 860 1155 861 1155 862 1156 860 1156 859 1156 863 1157 864 1157 227 1157 865 1158 864 1158 863 1158 858 1159 864 1159 865 1159 857 1160 864 1160 858 1160 862 1161 866 1161 860 1161 864 1162 867 1162 227 1162 862 1163 868 1163 866 1163 869 1164 137 1164 862 1164 132 1165 137 1165 869 1165 862 1166 137 1166 868 1166 867 1167 222 1167 227 1167 870 1168 871 1168 872 1168 873 1169 874 1169 875 1169 876 1170 874 1170 873 1170 871 1171 877 1171 872 1171 878 1172 877 1172 271 1172 879 1173 877 1173 878 1173 872 1174 877 1174 879 1174 876 1175 880 1175 874 1175 877 1176 881 1176 271 1176 876 1177 882 1177 880 1177 883 1178 277 1178 876 1178 274 1179 277 1179 883 1179 876 1180 277 1180 882 1180 881 1181 266 1181 271 1181 884 1182 885 1182 886 1182 887 1183 888 1183 889 1183 890 1184 888 1184 887 1184 885 1185 891 1185 886 1185 892 1186 891 1186 261 1186 893 1187 891 1187 892 1187 886 1188 891 1188 893 1188 890 1189 894 1189 888 1189 891 1190 895 1190 261 1190 890 1191 896 1191 894 1191 890 1192 287 1192 896 1192 897 1193 287 1193 890 1193 282 1194 287 1194 897 1194 895 1195 258 1195 261 1195 261 1196 258 1196 262 1196 283 1197 286 1197 282 1197 282 1198 286 1198 287 1198 258 1199 259 1199 262 1199 898 1200 899 1200 900 1200 901 1201 902 1201 903 1201 904 1202 902 1202 901 1202 905 1203 906 1203 253 1203 907 1204 906 1204 905 1204 900 1205 906 1205 907 1205 899 1206 906 1206 900 1206 904 1207 908 1207 902 1207 906 1208 909 1208 253 1208 904 1209 910 1209 908 1209 291 1210 295 1210 290 1210 904 1211 295 1211 910 1211 911 1212 295 1212 904 1212 290 1213 295 1213 911 1213 909 1214 250 1214 253 1214 253 1215 250 1215 254 1215 291 1216 294 1216 295 1216 250 1217 249 1217 254 1217 93 1218 912 1218 92 1218 95 1219 912 1219 93 1219 913 1220 912 1220 201 1220 914 1221 912 1221 913 1221 915 1222 912 1222 914 1222 92 1223 912 1223 915 1223 169 1224 912 1224 172 1224 201 1225 912 1225 203 1225 203 1226 912 1226 163 1226 163 1227 912 1227 164 1227 164 1228 912 1228 169 1228 916 1229 912 1229 917 1229 918 1230 912 1230 916 1230 919 1231 912 1231 918 1231 920 1232 912 1232 919 1232 921 1233 912 1233 920 1233 172 1234 912 1234 921 1234 177 1235 922 1235 180 1235 923 1236 922 1236 177 1236 180 1237 922 1237 924 1237 195 1238 925 1238 99 1238 926 1239 925 1239 195 1239 99 1240 925 1240 97 1240 927 1241 928 1241 929 1241 930 1242 928 1242 927 1242 931 1243 932 1243 933 1243 934 1244 932 1244 931 1244 935 1245 936 1245 937 1245 937 1246 936 1246 938 1246 932 1247 939 1247 933 1247 933 1248 939 1248 940 1248 941 1249 942 1249 935 1249 935 1250 942 1250 936 1250 929 1251 943 1251 934 1251 934 1252 943 1252 932 1252 928 1253 943 1253 929 1253 147 1254 944 1254 152 1254 945 1255 944 1255 946 1255 947 1256 944 1256 945 1256 152 1257 944 1257 947 1257 215 1258 948 1258 39 1258 949 1259 948 1259 215 1259 950 1260 948 1260 949 1260 951 1261 948 1261 950 1261 940 1262 952 1262 953 1262 939 1263 952 1263 940 1263 954 1264 955 1264 941 1264 941 1265 955 1265 942 1265 943 1266 956 1266 932 1266 942 1267 957 1267 936 1267 928 1268 958 1268 943 1268 959 1269 958 1269 928 1269 957 1270 958 1270 959 1270 943 1271 958 1271 956 1271 956 1272 960 1272 932 1272 932 1273 960 1273 939 1273 942 1274 961 1274 957 1274 956 1275 962 1275 960 1275 958 1276 962 1276 956 1276 957 1277 963 1277 958 1277 939 1278 964 1278 952 1278 960 1279 964 1279 939 1279 955 1280 965 1280 942 1280 942 1281 965 1281 961 1281 966 1282 967 1282 157 1282 968 1283 967 1283 966 1283 969 1284 967 1284 968 1284 970 1285 967 1285 969 1285 946 1286 967 1286 970 1286 160 1287 967 1287 113 1287 113 1288 967 1288 112 1288 112 1289 967 1289 117 1289 117 1290 967 1290 120 1290 157 1291 967 1291 160 1291 971 1292 967 1292 972 1292 973 1293 967 1293 971 1293 974 1294 967 1294 973 1294 975 1295 967 1295 974 1295 944 1296 967 1296 946 1296 976 1297 967 1297 975 1297 120 1298 967 1298 976 1298 951 1299 977 1299 948 1299 237 1300 977 1300 242 1300 978 1301 977 1301 237 1301 979 1302 977 1302 978 1302 980 1303 977 1303 979 1303 981 1304 977 1304 980 1304 982 1305 977 1305 981 1305 983 1306 977 1306 982 1306 984 1307 977 1307 983 1307 242 1308 977 1308 205 1308 205 1309 977 1309 206 1309 206 1310 977 1310 209 1310 209 1311 977 1311 19 1311 13 1312 977 1312 12 1312 15 1313 977 1313 13 1313 17 1314 977 1314 15 1314 19 1315 977 1315 17 1315 12 1316 977 1316 951 1316 958 1317 985 1317 962 1317 963 1318 985 1318 958 1318 962 1319 986 1319 960 1319 957 1320 987 1320 963 1320 961 1321 987 1321 957 1321 963 1322 987 1322 985 1322 964 1323 988 1323 952 1323 952 1324 988 1324 989 1324 990 1325 991 1325 955 1325 955 1326 991 1326 965 1326 985 1327 992 1327 962 1327 962 1328 992 1328 986 1328 987 1329 993 1329 985 1329 960 1330 994 1330 964 1330 986 1331 994 1331 960 1331 961 1332 995 1332 987 1332 965 1333 995 1333 961 1333 987 1334 995 1334 993 1334 985 1335 996 1335 992 1335 993 1336 996 1336 985 1336 994 1337 997 1337 964 1337 964 1338 997 1338 988 1338 991 1339 998 1339 965 1339 965 1340 998 1340 995 1340 994 1341 999 1341 997 1341 992 1342 999 1342 986 1342 986 1343 999 1343 994 1343 996 1344 999 1344 992 1344 998 1345 1000 1345 995 1345 995 1346 1000 1346 993 1346 999 1347 1001 1347 997 1347 998 1348 1002 1348 1000 1348 996 1349 1003 1349 999 1349 993 1350 1004 1350 996 1350 1000 1351 1004 1351 993 1351 999 1352 1005 1352 1001 1352 1003 1353 1005 1353 999 1353 1002 1354 1006 1354 1000 1354 1000 1355 1006 1355 1004 1355 1004 1356 1007 1356 996 1356 996 1357 1007 1357 1003 1357 1007 1358 1008 1358 1003 1358 1003 1359 1008 1359 1005 1359 1006 1360 1009 1360 1004 1360 1007 1361 1009 1361 1008 1361 1004 1362 1009 1362 1007 1362 125 1363 1010 1363 128 1363 1011 1364 1010 1364 125 1364 128 1365 1010 1365 1012 1365 1013 1366 1014 1366 1015 1366 1016 1367 1014 1367 231 1367 234 1368 1014 1368 984 1368 984 1369 1014 1369 977 1369 231 1370 1014 1370 234 1370 1009 1371 1017 1371 1008 1371 1005 1372 1018 1372 1001 1372 1001 1373 1018 1373 997 1373 997 1374 1018 1374 1019 1374 1020 1375 1021 1375 998 1375 998 1376 1021 1376 1002 1376 1022 1377 1023 1377 1024 1377 1024 1378 1023 1378 1010 1378 1014 1379 1025 1379 1015 1379 1005 1380 1026 1380 1018 1380 1021 1381 1027 1381 1002 1381 1002 1382 1027 1382 1006 1382 1006 1383 1027 1383 1009 1383 1022 1384 1028 1384 1023 1384 1019 1385 1028 1385 1022 1385 1015 1386 1029 1386 1020 1386 1025 1387 1029 1387 1015 1387 1005 1388 1030 1388 1026 1388 1008 1389 1030 1389 1005 1389 1027 1390 1031 1390 1009 1390 1008 1391 1032 1391 1030 1391 1017 1392 1032 1392 1008 1392 1009 1393 1033 1393 1017 1393 1031 1394 1033 1394 1009 1394 1019 1395 1034 1395 1028 1395 1018 1396 1034 1396 1019 1396 1020 1397 1035 1397 1021 1397 1029 1398 1035 1398 1020 1398 1030 1399 1036 1399 1026 1399 1026 1400 1036 1400 1018 1400 1018 1401 1036 1401 1034 1401 1035 1402 1037 1402 1021 1402 1021 1403 1037 1403 1027 1403 1032 1404 1038 1404 1030 1404 1030 1405 1038 1405 1036 1405 1037 1406 1039 1406 1027 1406 1027 1407 1039 1407 1031 1407 1032 1408 1040 1408 1038 1408 1031 1409 1041 1409 1033 1409 1039 1410 1041 1410 1031 1410 283 1411 1042 1411 286 1411 1043 1412 1042 1412 1044 1412 1045 1413 1042 1413 1043 1413 286 1414 1042 1414 1045 1414 259 1415 1046 1415 262 1415 1047 1416 1046 1416 1042 1416 1048 1417 1046 1417 259 1417 1049 1418 1046 1418 1048 1418 1050 1419 1046 1419 1049 1419 1042 1420 1051 1420 1044 1420 291 1421 1051 1421 294 1421 249 1422 1051 1422 254 1422 1052 1423 1051 1423 291 1423 1046 1424 1051 1424 1042 1424 1053 1425 1051 1425 1052 1425 1054 1426 1051 1426 1053 1426 1055 1427 1051 1427 1054 1427 1044 1428 1051 1428 1055 1428 294 1429 1051 1429 245 1429 245 1430 1051 1430 246 1430 246 1431 1051 1431 249 1431 1056 1432 1051 1432 1050 1432 1057 1433 1051 1433 1056 1433 1058 1434 1051 1434 1057 1434 1059 1435 1051 1435 1058 1435 254 1436 1051 1436 1059 1436 1050 1437 1051 1437 1046 1437 922 1438 1060 1438 924 1438 1061 1439 1060 1439 922 1439 1062 1440 1060 1440 1063 1440 1064 1441 1060 1441 1062 1441 1065 1442 1060 1442 1064 1442 1066 1443 1060 1443 1065 1443 1067 1444 1060 1444 1066 1444 924 1445 1060 1445 1067 1445 926 1446 1068 1446 925 1446 73 1447 1068 1447 72 1447 75 1448 1068 1448 73 1448 77 1449 1068 1449 75 1449 925 1450 1068 1450 1069 1450 1070 1451 1068 1451 926 1451 1071 1452 1068 1452 1070 1452 72 1453 1068 1453 1071 1453 1061 1454 1072 1454 1060 1454 1068 1455 1073 1455 1069 1455 1072 1456 1074 1456 1060 1456 1060 1457 1074 1457 1063 1457 1063 1458 1074 1458 183 1458 183 1459 1074 1459 184 1459 1061 1460 1074 1460 1072 1460 61 1461 1075 1461 79 1461 79 1462 1075 1462 77 1462 1073 1463 1075 1463 1069 1463 1068 1464 1075 1464 1073 1464 77 1465 1075 1465 1068 1465 189 1466 1076 1466 188 1466 1061 1467 1076 1467 1074 1467 931 1468 1076 1468 1061 1468 1074 1469 1076 1469 184 1469 184 1470 1076 1470 189 1470 193 1471 1077 1471 192 1471 61 1472 1077 1472 1075 1472 192 1473 1077 1473 61 1473 1069 1474 1077 1474 937 1474 1075 1475 1077 1475 1069 1475 1078 1476 1079 1476 1080 1476 188 1477 1079 1477 1078 1477 1076 1478 1079 1478 188 1478 1081 1479 1082 1479 193 1479 1083 1480 1082 1480 1081 1480 1084 1481 1082 1481 1083 1481 193 1482 1082 1482 1077 1482 1082 1483 1085 1483 1077 1483 1077 1484 1085 1484 937 1484 931 1485 1086 1485 1076 1485 1076 1486 1086 1486 1079 1486 1085 1487 1087 1487 937 1487 1082 1488 1087 1488 1085 1488 933 1489 1088 1489 931 1489 1086 1490 1088 1490 1079 1490 931 1491 1088 1491 1086 1491 937 1492 1089 1492 935 1492 1082 1493 1089 1493 1087 1493 1087 1494 1089 1494 937 1494 1079 1495 1090 1495 1080 1495 1091 1496 1090 1496 1092 1496 1080 1497 1090 1497 1091 1497 1088 1498 1090 1498 1079 1498 933 1499 1090 1499 1088 1499 1093 1500 1094 1500 927 1500 1082 1501 1095 1501 1089 1501 1089 1502 1095 1502 935 1502 52 1503 1095 1503 1084 1503 1084 1504 1095 1504 1082 1504 933 1505 1096 1505 1090 1505 1095 1506 1097 1506 935 1506 933 1507 1098 1507 1096 1507 1092 1508 1099 1508 1100 1508 1090 1509 1099 1509 1092 1509 1098 1510 1099 1510 1096 1510 933 1511 1099 1511 1098 1511 1096 1512 1099 1512 1090 1512 53 1513 1101 1513 52 1513 1097 1514 1101 1514 935 1514 52 1515 1101 1515 1095 1515 1095 1516 1101 1516 1097 1516 940 1517 1102 1517 933 1517 933 1518 1102 1518 1099 1518 1101 1519 1103 1519 935 1519 935 1520 1103 1520 941 1520 940 1521 1104 1521 1102 1521 1103 1522 1105 1522 941 1522 940 1523 1106 1523 1104 1523 1105 1524 1107 1524 941 1524 1108 1525 1109 1525 139 1525 1110 1526 1109 1526 1108 1526 1100 1527 1109 1527 1110 1527 1099 1528 1109 1528 1100 1528 1104 1529 1109 1529 1102 1529 1102 1530 1109 1530 1099 1530 1106 1531 1109 1531 1104 1531 1105 1532 1111 1532 1107 1532 55 1533 1111 1533 53 1533 57 1534 1111 1534 55 1534 59 1535 1111 1535 57 1535 1101 1536 1111 1536 1103 1536 53 1537 1111 1537 1101 1537 1103 1538 1111 1538 1105 1538 934 1539 1112 1539 929 1539 929 1540 1112 1540 927 1540 1061 1541 1112 1541 931 1541 927 1542 1112 1542 1093 1542 1093 1543 1112 1543 922 1543 931 1544 1112 1544 934 1544 922 1545 1112 1545 1061 1545 930 1546 1113 1546 938 1546 925 1547 1113 1547 1094 1547 1069 1548 1113 1548 925 1548 937 1549 1113 1549 1069 1549 927 1550 1113 1550 930 1550 1094 1551 1113 1551 927 1551 938 1552 1113 1552 937 1552 139 1553 1114 1553 140 1553 940 1554 1114 1554 1106 1554 953 1555 1114 1555 940 1555 1106 1556 1114 1556 1109 1556 1109 1557 1114 1557 139 1557 41 1558 1115 1558 59 1558 941 1559 1115 1559 954 1559 1107 1560 1115 1560 941 1560 59 1561 1115 1561 1111 1561 1111 1562 1115 1562 1107 1562 143 1563 1116 1563 144 1563 1114 1564 1116 1564 140 1564 953 1565 1116 1565 1114 1565 140 1566 1116 1566 143 1566 1117 1567 1116 1567 953 1567 954 1568 1118 1568 1119 1568 41 1569 1118 1569 1115 1569 218 1570 1118 1570 41 1570 1115 1571 1118 1571 954 1571 217 1572 1118 1572 218 1572 1116 1573 1120 1573 144 1573 1121 1574 1120 1574 1122 1574 144 1575 1120 1575 1121 1575 217 1576 1123 1576 1118 1576 1124 1577 1123 1577 217 1577 1125 1578 1123 1578 1124 1578 1123 1579 1126 1579 1118 1579 1116 1580 1127 1580 1120 1580 1123 1581 1128 1581 1126 1581 1126 1582 1128 1582 1118 1582 1118 1583 1128 1583 1119 1583 1127 1584 1129 1584 1120 1584 1116 1585 1129 1585 1127 1585 1117 1586 1129 1586 1116 1586 1128 1587 1130 1587 1119 1587 1117 1588 1131 1588 1129 1588 1130 1589 1132 1589 1119 1589 1117 1590 1133 1590 1131 1590 944 1591 1134 1591 1117 1591 1117 1592 1134 1592 1133 1592 1135 1593 1134 1593 147 1593 1136 1594 1134 1594 1135 1594 1137 1595 1134 1595 1136 1595 1138 1596 1134 1596 1137 1596 1139 1597 1134 1597 1138 1597 1122 1598 1134 1598 1139 1598 1120 1599 1134 1599 1122 1599 1129 1600 1134 1600 1120 1600 1131 1601 1134 1601 1129 1601 1133 1602 1134 1602 1131 1602 147 1603 1134 1603 944 1603 1125 1604 1140 1604 1123 1604 1119 1605 1140 1605 948 1605 1123 1606 1140 1606 1128 1606 1132 1607 1140 1607 1119 1607 1130 1608 1140 1608 1132 1608 948 1609 1140 1609 39 1609 1128 1610 1140 1610 1130 1610 33 1611 1140 1611 32 1611 35 1612 1140 1612 33 1612 37 1613 1140 1613 35 1613 39 1614 1140 1614 37 1614 1141 1615 1140 1615 1125 1615 32 1616 1140 1616 1141 1616 928 1617 1142 1617 959 1617 930 1618 1142 1618 928 1618 938 1619 1142 1619 930 1619 959 1620 1142 1620 957 1620 957 1621 1142 1621 936 1621 936 1622 1142 1622 938 1622 1117 1623 1143 1623 944 1623 989 1624 1143 1624 952 1624 952 1625 1143 1625 953 1625 953 1626 1143 1626 1117 1626 954 1627 1144 1627 955 1627 948 1628 1144 1628 1119 1628 1119 1629 1144 1629 954 1629 955 1630 1144 1630 990 1630 1143 1631 1145 1631 944 1631 1024 1632 1145 1632 1143 1632 977 1633 1146 1633 948 1633 1013 1634 1146 1634 1014 1634 948 1635 1146 1635 1144 1635 1144 1636 1146 1636 1013 1636 1014 1637 1146 1637 977 1637 1024 1638 1147 1638 1145 1638 1010 1639 1147 1639 1024 1639 967 1640 1147 1640 972 1640 1011 1641 1147 1641 1010 1641 972 1642 1147 1642 1011 1642 1145 1643 1147 1643 944 1643 944 1644 1147 1644 967 1644 997 1645 1148 1645 988 1645 1024 1646 1148 1646 1022 1646 988 1647 1148 1647 989 1647 1143 1648 1148 1648 1024 1648 989 1649 1148 1649 1143 1649 1019 1650 1148 1650 997 1650 1022 1651 1148 1651 1019 1651 1015 1652 1149 1652 1013 1652 991 1653 1149 1653 998 1653 990 1654 1149 1654 991 1654 1020 1655 1149 1655 1015 1655 1144 1656 1149 1656 990 1656 998 1657 1149 1657 1020 1657 1013 1658 1149 1658 1144 1658 1150 1659 1151 1659 1016 1659 1152 1660 1151 1660 1150 1660 1153 1661 1151 1661 1152 1661 1154 1662 1151 1662 1153 1662 1155 1663 1151 1663 1154 1663 1156 1664 1151 1664 1155 1664 1016 1665 1151 1665 1014 1665 1014 1666 1151 1666 1025 1666 1010 1667 1157 1667 1012 1667 1023 1668 1157 1668 1010 1668 1158 1669 1157 1669 1159 1669 1160 1670 1157 1670 1158 1670 1161 1671 1157 1671 1160 1671 1162 1672 1157 1672 1161 1672 1163 1673 1157 1673 1162 1673 1012 1674 1157 1674 1163 1674 1151 1675 1164 1675 1025 1675 1023 1676 1165 1676 1157 1676 1165 1677 1166 1677 1157 1677 1157 1678 1166 1678 1159 1678 1159 1679 1166 1679 131 1679 131 1680 1166 1680 132 1680 1023 1681 1166 1681 1165 1681 1151 1682 1167 1682 1164 1682 1156 1683 1167 1683 1151 1683 227 1684 1167 1684 226 1684 226 1685 1167 1685 1156 1685 1164 1686 1167 1686 1025 1686 1017 1687 1168 1687 1032 1687 1033 1688 1168 1688 1017 1688 137 1689 1169 1689 136 1689 132 1690 1169 1690 137 1690 1166 1691 1169 1691 132 1691 1028 1692 1169 1692 1023 1692 1023 1693 1169 1693 1166 1693 221 1694 1170 1694 222 1694 1025 1695 1170 1695 1029 1695 227 1696 1170 1696 1167 1696 222 1697 1170 1697 227 1697 1167 1698 1170 1698 1025 1698 1171 1699 1172 1699 1173 1699 136 1700 1172 1700 1171 1700 1169 1701 1172 1701 136 1701 1174 1702 1175 1702 221 1702 1176 1703 1175 1703 1174 1703 1177 1704 1175 1704 1176 1704 221 1705 1175 1705 1170 1705 1175 1706 1178 1706 1170 1706 1170 1707 1178 1707 1029 1707 1028 1708 1179 1708 1169 1708 1169 1709 1179 1709 1172 1709 1178 1710 1180 1710 1029 1710 1175 1711 1180 1711 1178 1711 1028 1712 1181 1712 1179 1712 1179 1713 1181 1713 1172 1713 1034 1714 1181 1714 1028 1714 1175 1715 1182 1715 1180 1715 1029 1716 1182 1716 1035 1716 1180 1717 1182 1717 1029 1717 1183 1718 1184 1718 1185 1718 1173 1719 1184 1719 1183 1719 1181 1720 1184 1720 1172 1720 1034 1721 1184 1721 1181 1721 1172 1722 1184 1722 1173 1722 1186 1723 1187 1723 1177 1723 1175 1724 1187 1724 1182 1724 1182 1725 1187 1725 1035 1725 1177 1726 1187 1726 1175 1726 1034 1727 1188 1727 1184 1727 1187 1728 1189 1728 1035 1728 1034 1729 1190 1729 1188 1729 1187 1730 1191 1730 1189 1730 1189 1731 1191 1731 1035 1731 1034 1732 1192 1732 1190 1732 1185 1733 1192 1733 1193 1733 1184 1734 1192 1734 1185 1734 1190 1735 1192 1735 1188 1735 1188 1736 1192 1736 1184 1736 1186 1737 1194 1737 1187 1737 1195 1738 1194 1738 1186 1738 1196 1739 1194 1739 1195 1739 1187 1740 1194 1740 1191 1740 1191 1741 1194 1741 1035 1741 1034 1742 1197 1742 1192 1742 1036 1743 1197 1743 1034 1743 1194 1744 1198 1744 1035 1744 1035 1745 1198 1745 1037 1745 1036 1746 1199 1746 1197 1746 1198 1747 1200 1747 1037 1747 1036 1748 1201 1748 1199 1748 1202 1749 1203 1749 273 1749 1204 1750 1203 1750 1202 1750 1193 1751 1203 1751 1204 1751 1197 1752 1203 1752 1192 1752 1192 1753 1203 1753 1193 1753 1199 1754 1203 1754 1197 1754 1201 1755 1203 1755 1199 1755 1205 1756 1206 1756 1196 1756 270 1757 1206 1757 1205 1757 1194 1758 1206 1758 1198 1758 1196 1759 1206 1759 1194 1759 1198 1760 1206 1760 1200 1760 273 1761 1207 1761 274 1761 1038 1762 1207 1762 1036 1762 1036 1763 1207 1763 1201 1763 1203 1764 1207 1764 273 1764 1201 1765 1207 1765 1203 1765 271 1766 1208 1766 270 1766 1037 1767 1208 1767 1039 1767 1200 1768 1208 1768 1037 1768 270 1769 1208 1769 1206 1769 1206 1770 1208 1770 1200 1770 1047 1771 1209 1771 1168 1771 1042 1772 1209 1772 1047 1772 1032 1773 1209 1773 1040 1773 1168 1774 1209 1774 1032 1774 1168 1775 1210 1775 1047 1775 1033 1776 1210 1776 1168 1776 1047 1777 1210 1777 1046 1777 1041 1778 1210 1778 1033 1778 277 1779 1211 1779 278 1779 1207 1780 1211 1780 274 1780 1038 1781 1211 1781 1207 1781 1040 1782 1211 1782 1038 1782 274 1783 1211 1783 277 1783 271 1784 1212 1784 1208 1784 1039 1785 1212 1785 1041 1785 1208 1786 1212 1786 1039 1786 266 1787 1212 1787 271 1787 265 1788 1212 1788 266 1788 1213 1789 1214 1789 1215 1789 278 1790 1214 1790 1213 1790 1211 1791 1214 1791 278 1791 265 1792 1216 1792 1212 1792 1217 1793 1216 1793 265 1793 1218 1794 1216 1794 1217 1794 1216 1795 1219 1795 1212 1795 1211 1796 1220 1796 1214 1796 1212 1797 1221 1797 1041 1797 1219 1798 1221 1798 1212 1798 1220 1799 1222 1799 1214 1799 1040 1800 1222 1800 1211 1800 1211 1801 1222 1801 1220 1801 1221 1802 1223 1802 1041 1802 1040 1803 1224 1803 1222 1803 1223 1804 1225 1804 1041 1804 1040 1805 1226 1805 1224 1805 1223 1806 1227 1806 1225 1806 1225 1807 1227 1807 1041 1807 1224 1808 1228 1808 1222 1808 1040 1809 1228 1809 1226 1809 1229 1810 1228 1810 283 1810 1230 1811 1228 1811 1229 1811 1231 1812 1228 1812 1230 1812 1232 1813 1228 1813 1231 1813 1233 1814 1228 1814 1232 1814 1215 1815 1228 1815 1233 1815 283 1816 1228 1816 1042 1816 1226 1817 1228 1817 1224 1817 1222 1818 1228 1818 1214 1818 1209 1819 1228 1819 1040 1819 1042 1820 1228 1820 1209 1820 1214 1821 1228 1821 1215 1821 1219 1822 1234 1822 1221 1822 1221 1823 1234 1823 1223 1823 1227 1824 1234 1824 1041 1824 1216 1825 1234 1825 1219 1825 1046 1826 1234 1826 262 1826 1218 1827 1234 1827 1216 1827 1210 1828 1234 1828 1046 1828 1041 1829 1234 1829 1210 1829 1235 1830 1234 1830 1218 1830 1236 1831 1234 1831 1235 1831 1237 1832 1234 1832 1236 1832 1238 1833 1234 1833 1237 1833 1239 1834 1234 1834 1238 1834 262 1835 1234 1835 1239 1835 1223 1836 1234 1836 1227 1836 912 1837 1240 1837 917 1837 923 1838 1240 1838 922 1838 922 1839 1240 1839 1093 1839 917 1840 1240 1840 923 1840 925 1841 1241 1841 97 1841 1093 1842 1241 1842 1094 1842 1094 1843 1241 1843 925 1843 97 1844 1241 1844 95 1844 912 1845 1241 1845 1240 1845 1240 1846 1241 1846 1093 1846 95 1847 1241 1847 912 1847 795 1848 187 1848 324 1848 795 1849 189 1849 187 1849 793 1850 324 1850 320 1850 793 1851 795 1851 324 1851 789 1852 320 1852 316 1852 789 1853 793 1853 320 1853 790 1854 316 1854 318 1854 790 1855 789 1855 316 1855 788 1856 318 1856 317 1856 788 1857 790 1857 318 1857 791 1858 317 1858 322 1858 791 1859 788 1859 317 1859 796 1860 322 1860 321 1860 796 1861 791 1861 322 1861 184 1862 321 1862 182 1862 184 1863 796 1863 321 1863 141 1864 1108 1864 139 1864 141 1865 638 1865 1108 1865 638 1866 1110 1866 1108 1866 638 1867 631 1867 1110 1867 631 1868 1100 1868 1110 1868 1100 1869 630 1869 1092 1869 631 1870 630 1870 1100 1870 1092 1871 624 1871 1091 1871 630 1872 624 1872 1092 1872 624 1873 609 1873 1091 1873 609 1874 1080 1874 1091 1874 609 1875 608 1875 1080 1875 608 1876 1078 1876 1080 1876 608 1877 607 1877 1078 1877 607 1878 188 1878 1078 1878 607 1879 186 1879 188 1879 805 1880 145 1880 334 1880 805 1881 143 1881 145 1881 803 1882 334 1882 330 1882 803 1883 805 1883 334 1883 799 1884 330 1884 326 1884 799 1885 803 1885 330 1885 800 1886 326 1886 328 1886 800 1887 799 1887 326 1887 798 1888 328 1888 327 1888 798 1889 800 1889 328 1889 801 1890 327 1890 332 1890 801 1891 798 1891 327 1891 806 1892 332 1892 331 1892 806 1893 801 1893 332 1893 140 1894 331 1894 138 1894 140 1895 806 1895 331 1895 149 1896 1135 1896 147 1896 149 1897 670 1897 1135 1897 670 1898 1136 1898 1135 1898 670 1899 669 1899 1136 1899 669 1900 1137 1900 1136 1900 1137 1901 668 1901 1138 1901 669 1902 668 1902 1137 1902 1138 1903 667 1903 1139 1903 668 1904 667 1904 1138 1904 667 1905 666 1905 1139 1905 666 1906 1122 1906 1139 1906 666 1907 650 1907 1122 1907 650 1908 1121 1908 1122 1908 650 1909 649 1909 1121 1909 649 1910 144 1910 1121 1910 649 1911 142 1911 144 1911 815 1912 151 1912 344 1912 815 1913 153 1913 151 1913 813 1914 344 1914 340 1914 813 1915 815 1915 344 1915 809 1916 340 1916 336 1916 809 1917 813 1917 340 1917 810 1918 336 1918 338 1918 810 1919 809 1919 336 1919 808 1920 338 1920 337 1920 808 1921 810 1921 338 1921 811 1922 337 1922 342 1922 811 1923 808 1923 337 1923 816 1924 342 1924 341 1924 816 1925 811 1925 342 1925 148 1926 341 1926 146 1926 148 1927 816 1927 341 1927 155 1928 966 1928 157 1928 155 1929 498 1929 966 1929 498 1930 968 1930 966 1930 498 1931 497 1931 968 1931 497 1932 969 1932 968 1932 969 1933 496 1933 970 1933 497 1934 496 1934 969 1934 970 1935 495 1935 946 1935 496 1936 495 1936 970 1936 495 1937 476 1937 946 1937 476 1938 945 1938 946 1938 476 1939 475 1939 945 1939 475 1940 947 1940 945 1940 475 1941 474 1941 947 1941 474 1942 152 1942 947 1942 474 1943 150 1943 152 1943 825 1944 159 1944 354 1944 825 1945 161 1945 159 1945 823 1946 354 1946 350 1946 823 1947 825 1947 354 1947 819 1948 350 1948 346 1948 819 1949 823 1949 350 1949 820 1950 346 1950 348 1950 820 1951 819 1951 346 1951 818 1952 348 1952 347 1952 818 1953 820 1953 348 1953 821 1954 347 1954 352 1954 821 1955 818 1955 347 1955 826 1956 352 1956 351 1956 826 1957 821 1957 352 1957 156 1958 351 1958 154 1958 156 1959 826 1959 351 1959 160 1960 111 1960 158 1960 160 1961 113 1961 111 1961 110 1962 117 1962 115 1962 112 1963 117 1963 110 1963 185 1964 1063 1964 183 1964 185 1965 594 1965 1063 1965 594 1966 1062 1966 1063 1966 594 1967 593 1967 1062 1967 593 1968 1064 1968 1062 1968 1064 1969 592 1969 1065 1969 593 1970 592 1970 1064 1970 1065 1971 591 1971 1066 1971 592 1972 591 1972 1065 1972 591 1973 590 1973 1066 1973 590 1974 1067 1974 1066 1974 590 1975 589 1975 1067 1975 589 1976 924 1976 1067 1976 589 1977 451 1977 924 1977 451 1978 180 1978 924 1978 451 1979 178 1979 180 1979 785 1980 181 1980 314 1980 785 1981 179 1981 181 1981 783 1982 314 1982 310 1982 783 1983 785 1983 314 1983 779 1984 310 1984 306 1984 779 1985 783 1985 310 1985 780 1986 306 1986 308 1986 780 1987 779 1987 306 1987 778 1988 308 1988 307 1988 778 1989 780 1989 308 1989 781 1990 307 1990 312 1990 781 1991 778 1991 307 1991 786 1992 312 1992 311 1992 786 1993 781 1993 312 1993 176 1994 311 1994 174 1994 176 1995 786 1995 311 1995 175 1996 923 1996 177 1996 175 1997 452 1997 923 1997 452 1998 917 1998 923 1998 452 1999 449 1999 917 1999 449 2000 916 2000 917 2000 916 2001 448 2001 918 2001 449 2002 448 2002 916 2002 918 2003 447 2003 919 2003 448 2004 447 2004 918 2004 447 2005 446 2005 919 2005 446 2006 920 2006 919 2006 446 2007 445 2007 920 2007 445 2008 921 2008 920 2008 445 2009 444 2009 921 2009 444 2010 172 2010 921 2010 444 2011 170 2011 172 2011 775 2012 171 2012 304 2012 775 2013 173 2013 171 2013 773 2014 304 2014 300 2014 773 2015 775 2015 304 2015 769 2016 300 2016 296 2016 769 2017 773 2017 300 2017 770 2018 296 2018 298 2018 770 2019 769 2019 296 2019 768 2020 298 2020 297 2020 768 2021 770 2021 298 2021 771 2022 297 2022 302 2022 771 2023 768 2023 297 2023 776 2024 302 2024 301 2024 776 2025 771 2025 302 2025 168 2026 301 2026 166 2026 168 2027 776 2027 301 2027 162 2028 169 2028 167 2028 164 2029 169 2029 162 2029 202 2030 163 2030 165 2030 203 2031 163 2031 202 2031 299 2032 109 2032 108 2032 772 2033 109 2033 299 2033 303 2034 772 2034 299 2034 774 2035 772 2035 303 2035 305 2036 774 2036 303 2036 777 2037 774 2037 305 2037 198 2038 777 2038 305 2038 200 2039 777 2039 198 2039 199 2040 443 2040 201 2040 201 2041 443 2041 913 2041 913 2042 442 2042 914 2042 443 2043 442 2043 913 2043 914 2044 441 2044 915 2044 442 2045 441 2045 914 2045 915 2046 90 2046 92 2046 441 2047 90 2047 915 2047 309 2048 89 2048 88 2048 782 2049 89 2049 309 2049 313 2050 782 2050 309 2050 784 2051 782 2051 313 2051 315 2052 784 2052 313 2052 787 2053 784 2053 315 2053 194 2054 787 2054 315 2054 196 2055 787 2055 194 2055 197 2056 454 2056 195 2056 195 2057 454 2057 926 2057 926 2058 598 2058 1070 2058 454 2059 598 2059 926 2059 1070 2060 597 2060 1071 2060 598 2061 597 2061 1070 2061 1071 2062 70 2062 72 2062 597 2063 70 2063 1071 2063 319 2064 69 2064 68 2064 792 2065 69 2065 319 2065 323 2066 792 2066 319 2066 794 2067 792 2067 323 2067 325 2068 794 2068 323 2068 797 2069 794 2069 325 2069 190 2070 797 2070 325 2070 192 2071 797 2071 190 2071 191 2072 613 2072 193 2072 193 2073 613 2073 1081 2073 1081 2074 612 2074 1083 2074 613 2075 612 2075 1081 2075 1083 2076 611 2076 1084 2076 612 2077 611 2077 1083 2077 1084 2078 50 2078 52 2078 611 2079 50 2079 1084 2079 329 2080 49 2080 48 2080 802 2081 49 2081 329 2081 333 2082 802 2082 329 2082 804 2083 802 2083 333 2083 335 2084 804 2084 333 2084 807 2085 804 2085 335 2085 216 2086 807 2086 335 2086 218 2087 807 2087 216 2087 219 2088 653 2088 217 2088 217 2089 653 2089 1124 2089 1124 2090 652 2090 1125 2090 653 2091 652 2091 1124 2091 1125 2092 664 2092 1141 2092 652 2093 664 2093 1125 2093 1141 2094 30 2094 32 2094 664 2095 30 2095 1141 2095 339 2096 29 2096 28 2096 812 2097 29 2097 339 2097 343 2098 812 2098 339 2098 814 2099 812 2099 343 2099 345 2100 814 2100 343 2100 817 2101 814 2101 345 2101 212 2102 817 2102 345 2102 214 2103 817 2103 212 2103 213 2104 480 2104 215 2104 215 2105 480 2105 949 2105 949 2106 479 2106 950 2106 480 2107 479 2107 949 2107 950 2108 478 2108 951 2108 479 2109 478 2109 950 2109 951 2110 10 2110 12 2110 478 2111 10 2111 951 2111 349 2112 9 2112 8 2112 822 2113 9 2113 349 2113 353 2114 822 2114 349 2114 824 2115 822 2115 353 2115 355 2116 824 2116 353 2116 827 2117 824 2117 355 2117 208 2118 827 2118 355 2118 210 2119 827 2119 208 2119 206 2120 211 2120 204 2120 206 2121 209 2121 211 2121 240 2122 205 2122 207 2122 242 2123 205 2123 240 2123 836 2124 241 2124 369 2124 836 2125 243 2125 241 2125 837 2126 369 2126 362 2126 837 2127 836 2127 369 2127 830 2128 362 2128 361 2128 830 2129 837 2129 362 2129 828 2130 361 2130 360 2130 828 2131 830 2131 361 2131 829 2132 360 2132 359 2132 829 2133 828 2133 360 2133 835 2134 359 2134 366 2134 835 2135 829 2135 359 2135 839 2136 366 2136 368 2136 839 2137 835 2137 366 2137 238 2138 368 2138 236 2138 238 2139 839 2139 368 2139 239 2140 978 2140 237 2140 239 2141 513 2141 978 2141 513 2142 979 2142 978 2142 513 2143 512 2143 979 2143 512 2144 980 2144 979 2144 980 2145 511 2145 981 2145 512 2146 511 2146 980 2146 981 2147 510 2147 982 2147 511 2148 510 2148 981 2148 510 2149 509 2149 982 2149 509 2150 983 2150 982 2150 509 2151 508 2151 983 2151 508 2152 984 2152 983 2152 508 2153 507 2153 984 2153 507 2154 234 2154 984 2154 507 2155 232 2155 234 2155 850 2156 233 2156 383 2156 850 2157 235 2157 233 2157 851 2158 383 2158 376 2158 851 2159 850 2159 383 2159 844 2160 376 2160 375 2160 844 2161 851 2161 376 2161 842 2162 375 2162 374 2162 842 2163 844 2163 375 2163 843 2164 374 2164 373 2164 843 2165 842 2165 374 2165 849 2166 373 2166 380 2166 849 2167 843 2167 373 2167 853 2168 380 2168 382 2168 853 2169 849 2169 380 2169 230 2170 382 2170 228 2170 230 2171 853 2171 382 2171 229 2172 1016 2172 231 2172 229 2173 546 2173 1016 2173 546 2174 1150 2174 1016 2174 546 2175 689 2175 1150 2175 689 2176 1152 2176 1150 2176 1152 2177 688 2177 1153 2177 689 2178 688 2178 1152 2178 1153 2179 687 2179 1154 2179 688 2180 687 2180 1153 2180 687 2181 686 2181 1154 2181 686 2182 1155 2182 1154 2182 686 2183 685 2183 1155 2183 685 2184 1156 2184 1155 2184 685 2185 684 2185 1156 2185 684 2186 226 2186 1156 2186 684 2187 224 2187 226 2187 863 2188 225 2188 397 2188 863 2189 227 2189 225 2189 865 2190 397 2190 390 2190 865 2191 863 2191 397 2191 858 2192 390 2192 389 2192 858 2193 865 2193 390 2193 856 2194 389 2194 388 2194 856 2195 858 2195 389 2195 857 2196 388 2196 387 2196 857 2197 856 2197 388 2197 864 2198 387 2198 394 2198 864 2199 857 2199 387 2199 867 2200 394 2200 396 2200 867 2201 864 2201 394 2201 222 2202 396 2202 220 2202 222 2203 867 2203 396 2203 223 2204 1174 2204 221 2204 223 2205 703 2205 1174 2205 703 2206 1176 2206 1174 2206 703 2207 702 2207 1176 2207 702 2208 1177 2208 1176 2208 1177 2209 711 2209 1186 2209 702 2210 711 2210 1177 2210 1186 2211 710 2211 1195 2211 711 2212 710 2212 1186 2212 710 2213 719 2213 1195 2213 719 2214 1196 2214 1195 2214 719 2215 732 2215 1196 2215 732 2216 1205 2216 1196 2216 732 2217 731 2217 1205 2217 731 2218 270 2218 1205 2218 731 2219 268 2219 270 2219 878 2220 269 2220 411 2220 878 2221 271 2221 269 2221 879 2222 411 2222 404 2222 879 2223 878 2223 411 2223 872 2224 404 2224 403 2224 872 2225 879 2225 404 2225 870 2226 403 2226 402 2226 870 2227 872 2227 403 2227 871 2228 402 2228 401 2228 871 2229 870 2229 402 2229 877 2230 401 2230 408 2230 877 2231 871 2231 401 2231 881 2232 408 2232 410 2232 881 2233 877 2233 408 2233 266 2234 410 2234 264 2234 266 2235 881 2235 410 2235 267 2236 1217 2236 265 2236 267 2237 744 2237 1217 2237 744 2238 1218 2238 1217 2238 744 2239 743 2239 1218 2239 743 2240 1235 2240 1218 2240 1235 2241 757 2241 1236 2241 743 2242 757 2242 1235 2242 1236 2243 756 2243 1237 2243 757 2244 756 2244 1236 2244 756 2245 755 2245 1237 2245 755 2246 1238 2246 1237 2246 755 2247 759 2247 1238 2247 759 2248 1239 2248 1238 2248 759 2249 758 2249 1239 2249 758 2250 262 2250 1239 2250 758 2251 260 2251 262 2251 892 2252 263 2252 425 2252 892 2253 261 2253 263 2253 893 2254 425 2254 418 2254 893 2255 892 2255 425 2255 886 2256 418 2256 417 2256 886 2257 893 2257 418 2257 884 2258 417 2258 416 2258 884 2259 886 2259 417 2259 885 2260 416 2260 415 2260 885 2261 884 2261 416 2261 891 2262 415 2262 422 2262 891 2263 885 2263 415 2263 895 2264 422 2264 424 2264 895 2265 891 2265 422 2265 258 2266 424 2266 256 2266 258 2267 895 2267 424 2267 257 2268 1048 2268 259 2268 257 2269 577 2269 1048 2269 577 2270 1049 2270 1048 2270 577 2271 576 2271 1049 2271 576 2272 1050 2272 1049 2272 1050 2273 575 2273 1056 2273 576 2274 575 2274 1050 2274 1056 2275 587 2275 1057 2275 575 2276 587 2276 1056 2276 587 2277 586 2277 1057 2277 586 2278 1058 2278 1057 2278 586 2279 585 2279 1058 2279 585 2280 1059 2280 1058 2280 585 2281 584 2281 1059 2281 584 2282 254 2282 1059 2282 584 2283 252 2283 254 2283 905 2284 255 2284 439 2284 905 2285 253 2285 255 2285 907 2286 439 2286 432 2286 907 2287 905 2287 439 2287 900 2288 432 2288 431 2288 900 2289 907 2289 432 2289 898 2290 431 2290 430 2290 898 2291 900 2291 431 2291 899 2292 430 2292 429 2292 899 2293 898 2293 430 2293 906 2294 429 2294 436 2294 906 2295 899 2295 429 2295 909 2296 436 2296 438 2296 909 2297 906 2297 436 2297 250 2298 438 2298 248 2298 250 2299 909 2299 438 2299 246 2300 251 2300 244 2300 246 2301 249 2301 251 2301 292 2302 245 2302 247 2302 294 2303 245 2303 292 2303 910 2304 293 2304 437 2304 910 2305 295 2305 293 2305 908 2306 437 2306 433 2306 908 2307 910 2307 437 2307 902 2308 433 2308 426 2308 902 2309 908 2309 433 2309 903 2310 426 2310 428 2310 903 2311 902 2311 426 2311 901 2312 428 2312 427 2312 901 2313 903 2313 428 2313 904 2314 427 2314 435 2314 904 2315 901 2315 427 2315 911 2316 435 2316 434 2316 911 2317 904 2317 435 2317 290 2318 434 2318 288 2318 290 2319 911 2319 434 2319 289 2320 1052 2320 291 2320 289 2321 583 2321 1052 2321 583 2322 1053 2322 1052 2322 583 2323 582 2323 1053 2323 582 2324 1054 2324 1053 2324 1054 2325 581 2325 1055 2325 582 2326 581 2326 1054 2326 1055 2327 580 2327 1044 2327 581 2328 580 2328 1055 2328 580 2329 573 2329 1044 2329 573 2330 1043 2330 1044 2330 573 2331 572 2331 1043 2331 572 2332 1045 2332 1043 2332 572 2333 571 2333 1045 2333 571 2334 286 2334 1045 2334 571 2335 284 2335 286 2335 896 2336 285 2336 423 2336 896 2337 287 2337 285 2337 894 2338 423 2338 419 2338 894 2339 896 2339 423 2339 888 2340 419 2340 412 2340 888 2341 894 2341 419 2341 889 2342 412 2342 414 2342 889 2343 888 2343 412 2343 887 2344 414 2344 413 2344 887 2345 889 2345 414 2345 890 2346 413 2346 421 2346 890 2347 887 2347 413 2347 897 2348 421 2348 420 2348 897 2349 890 2349 421 2349 282 2350 420 2350 280 2350 282 2351 897 2351 420 2351 281 2352 1229 2352 283 2352 281 2353 765 2353 1229 2353 765 2354 1230 2354 1229 2354 765 2355 764 2355 1230 2355 764 2356 1231 2356 1230 2356 1231 2357 763 2357 1232 2357 764 2358 763 2358 1231 2358 1232 2359 762 2359 1233 2359 763 2360 762 2360 1232 2360 762 2361 761 2361 1233 2361 761 2362 1215 2362 1233 2362 761 2363 741 2363 1215 2363 741 2364 1213 2364 1215 2364 741 2365 740 2365 1213 2365 740 2366 278 2366 1213 2366 740 2367 276 2367 278 2367 882 2368 279 2368 409 2368 882 2369 277 2369 279 2369 880 2370 409 2370 405 2370 880 2371 882 2371 409 2371 874 2372 405 2372 398 2372 874 2373 880 2373 405 2373 875 2374 398 2374 400 2374 875 2375 874 2375 398 2375 873 2376 400 2376 399 2376 873 2377 875 2377 400 2377 876 2378 399 2378 407 2378 876 2379 873 2379 399 2379 883 2380 407 2380 406 2380 883 2381 876 2381 407 2381 274 2382 406 2382 272 2382 274 2383 883 2383 406 2383 275 2384 1202 2384 273 2384 275 2385 729 2385 1202 2385 729 2386 1204 2386 1202 2386 729 2387 722 2387 1204 2387 722 2388 1193 2388 1204 2388 1193 2389 721 2389 1185 2389 722 2390 721 2390 1193 2390 1185 2391 713 2391 1183 2391 721 2392 713 2392 1185 2392 713 2393 700 2393 1183 2393 700 2394 1173 2394 1183 2394 700 2395 699 2395 1173 2395 699 2396 1171 2396 1173 2396 699 2397 698 2397 1171 2397 698 2398 136 2398 1171 2398 698 2399 134 2399 136 2399 868 2400 135 2400 395 2400 868 2401 137 2401 135 2401 866 2402 395 2402 391 2402 866 2403 868 2403 395 2403 860 2404 391 2404 384 2404 860 2405 866 2405 391 2405 861 2406 384 2406 386 2406 861 2407 860 2407 384 2407 859 2408 386 2408 385 2408 859 2409 861 2409 386 2409 862 2410 385 2410 393 2410 862 2411 859 2411 385 2411 869 2412 393 2412 392 2412 869 2413 862 2413 393 2413 132 2414 392 2414 130 2414 132 2415 869 2415 392 2415 133 2416 1159 2416 131 2416 133 2417 679 2417 1159 2417 679 2418 1158 2418 1159 2418 679 2419 678 2419 1158 2419 678 2420 1160 2420 1158 2420 1160 2421 677 2421 1161 2421 678 2422 677 2422 1160 2422 1161 2423 682 2423 1162 2423 677 2424 682 2424 1161 2424 682 2425 681 2425 1162 2425 681 2426 1163 2426 1162 2426 681 2427 680 2427 1163 2427 680 2428 1012 2428 1163 2428 680 2429 542 2429 1012 2429 542 2430 128 2430 1012 2430 542 2431 126 2431 128 2431 854 2432 129 2432 381 2432 854 2433 127 2433 129 2433 852 2434 381 2434 377 2434 852 2435 854 2435 381 2435 846 2436 377 2436 370 2436 846 2437 852 2437 377 2437 847 2438 370 2438 372 2438 847 2439 846 2439 370 2439 845 2440 372 2440 371 2440 845 2441 847 2441 372 2441 848 2442 371 2442 379 2442 848 2443 845 2443 371 2443 855 2444 379 2444 378 2444 855 2445 848 2445 379 2445 124 2446 378 2446 122 2446 124 2447 855 2447 378 2447 123 2448 1011 2448 125 2448 123 2449 505 2449 1011 2449 505 2450 972 2450 1011 2450 505 2451 504 2451 972 2451 504 2452 971 2452 972 2452 971 2453 503 2453 973 2453 504 2454 503 2454 971 2454 973 2455 502 2455 974 2455 503 2456 502 2456 973 2456 502 2457 501 2457 974 2457 501 2458 975 2458 974 2458 501 2459 500 2459 975 2459 500 2460 976 2460 975 2460 500 2461 499 2461 976 2461 499 2462 120 2462 976 2462 499 2463 118 2463 120 2463 840 2464 119 2464 367 2464 840 2465 121 2465 119 2465 838 2466 367 2466 363 2466 838 2467 840 2467 367 2467 832 2468 363 2468 356 2468 832 2469 838 2469 363 2469 833 2470 356 2470 358 2470 833 2471 832 2471 356 2471 831 2472 358 2472 357 2472 831 2473 833 2473 358 2473 834 2474 357 2474 365 2474 834 2475 831 2475 357 2475 841 2476 365 2476 364 2476 841 2477 834 2477 365 2477 116 2478 364 2478 114 2478 116 2479 841 2479 364 2479</p>
        </triangles>
      </mesh>
    </geometry>
  </library_geometries>
  <library_materials>
    <material id="mat_Part__Feature" name="Part__Feature">
      <instance_effect url="#effect_Part__Feature" />
    </material>
  </library_materials>
  <library_visual_scenes>
    <visual_scene id="myscene">
      <node id="node0" name="node0">
        <instance_geometry url="#geometry0">
          <bind_material>
            <technique_common>
              <instance_material symbol="ref_Part__Feature" target="#mat_Part__Feature" />
            </technique_common>
          </bind_material>
        </instance_geometry>
      </node>
    </visual_scene>
  </library_visual_scenes>
  <scene>
    <instance_visual_scene url="#myscene" />
  </scene>
</COLLADA>
